nohup: ignoring input
========================================================================
DENSE MEDRT-SFSEG STAGE-2
========================================================================
target images : 612
labels used   : NO
GT masks used : NO
epochs        : 60
batch         : 4

DHF mode      : cc
Mask-DHF rel  : 0.744898
stability     : 0.4 0.6
CC match IoU : 0.5
CC witnesses : 5
CC fusion    : branch-balanced consensus

MARD lambda0  : 0.05
MARD warmup   : 5.0
MARD mode     : mask
FG definition : inside Teacher pseudo segmentation mask
FG erosion    : 1
mask dilation : 1
hard BG ratio : 0.5
reliability wt: OFF
var/cov obj.   : unchanged
[E01] batch=001/153 pseudo=4 loss=9.6939 seg=0.6096 semseg=0.7655 mard=2.0006 lambda=0.000000 box_extra=2 mask_extra=1 CC=3/12 cc_shift=0.00321 cc_iou=0.99491 FG/HBG/EBG=32/256/1280 fallback=0 rel=0.878/0.795/0.944 wmean=1.000 grad_preclip=136.38
[E01] batch=020/153 pseudo=3 loss=3.1060 seg=0.3780 semseg=0.1075 mard=2.0684 lambda=0.000822 box_extra=0 mask_extra=0 CC=3/15 cc_shift=0.00077 cc_iou=0.99882 FG/HBG/EBG=24/192/960 fallback=0 rel=0.899/0.859/0.946 wmean=1.000 grad_preclip=24.51
[E01] batch=040/153 pseudo=3 loss=4.7943 seg=0.5783 semseg=0.2443 mard=2.1012 lambda=0.001440 box_extra=0 mask_extra=0 CC=2/10 cc_shift=0.00089 cc_iou=0.99801 FG/HBG/EBG=24/192/960 fallback=0 rel=0.866/0.732/0.945 wmean=1.000 grad_preclip=82.39
[E01] batch=060/153 pseudo=5 loss=7.7318 seg=0.7586 semseg=0.2602 mard=1.9734 lambda=0.002445 box_extra=3 mask_extra=3 CC=2/10 cc_shift=0.00195 cc_iou=0.98990 FG/HBG/EBG=40/320/1216 fallback=0 rel=0.878/0.831/0.938 wmean=1.000 grad_preclip=179.64
[E01] batch=080/153 pseudo=4 loss=10.9771 seg=0.5519 semseg=0.8668 mard=1.9740 lambda=0.001972 box_extra=2 mask_extra=2 CC=2/10 cc_shift=0.01326 cc_iou=0.98297 FG/HBG/EBG=32/256/1280 fallback=0 rel=0.807/0.692/0.935 wmean=1.000 grad_preclip=123.54
[E01] batch=100/153 pseudo=4 loss=4.0723 seg=0.3570 semseg=0.0904 mard=1.9994 lambda=0.005050 box_extra=0 mask_extra=0 CC=4/20 cc_shift=0.00130 cc_iou=0.99874 FG/HBG/EBG=32/256/1280 fallback=0 rel=0.928/0.875/0.955 wmean=1.000 grad_preclip=44.03
[E01] batch=120/153 pseudo=4 loss=23.8117 seg=0.6272 semseg=3.2279 mard=1.9854 lambda=0.004401 box_extra=1 mask_extra=1 CC=3/15 cc_shift=0.00377 cc_iou=0.99612 FG/HBG/EBG=32/256/1280 fallback=0 rel=0.859/0.748/0.946 wmean=1.000 grad_preclip=600.57
[E01] batch=140/153 pseudo=3 loss=14.3648 seg=0.7676 semseg=2.3788 mard=2.1259 lambda=0.003914 box_extra=1 mask_extra=0 CC=3/13 cc_shift=0.00302 cc_iou=0.99069 FG/HBG/EBG=24/192/960 fallback=0 rel=0.813/0.687/0.955 wmean=1.000 grad_preclip=279.26
[E01] batch=153/153 pseudo=4 loss=23.4124 seg=1.5925 semseg=4.7795 mard=2.0580 lambda=0.005801 box_extra=0 mask_extra=0 CC=3/15 cc_shift=0.00305 cc_iou=0.99296 FG/HBG/EBG=32/256/896 fallback=0 rel=0.863/0.804/0.941 wmean=1.000 grad_preclip=232.42

[Epoch 01] DONE time=33.5s valid=153 skipped=0 pseudo=532 anchors=477 box_extra=78 mask_extra=55 reject_rel=23 CC=452/2165 cc_fallback=0 cc_shift=0.00367 cc_iou=0.99412 loss=8.3329 seg=0.7920 semseg=0.7169 mard=2.0329 lambda_avg=0.003126 FG/HBG/EBG=27.8/219.6/1070.4 rel=0.877/0.660/0.968 wmean=1.000
[E02] batch=001/153 pseudo=3 loss=6.4631 seg=0.5441 semseg=0.7711 mard=1.9683 lambda=0.005961 box_extra=1 mask_extra=1 CC=2/10 cc_shift=0.00292 cc_iou=0.99765 FG/HBG/EBG=24/192/960 fallback=0 rel=0.873/0.813/0.903 wmean=1.000 grad_preclip=119.24
[E02] batch=020/153 pseudo=3 loss=5.5505 seg=0.5660 semseg=0.2863 mard=2.0293 lambda=0.007665 box_extra=1 mask_extra=0 CC=3/11 cc_shift=0.00236 cc_iou=0.99769 FG/HBG/EBG=24/192/960 fallback=0 rel=0.899/0.831/0.936 wmean=1.000 grad_preclip=106.62
[E02] batch=040/153 pseudo=2 loss=3.3596 seg=0.4543 semseg=0.2292 mard=1.9688 lambda=0.004809 box_extra=1 mask_extra=0 CC=2/10 cc_shift=0.00367 cc_iou=0.99538 FG/HBG/EBG=16/128/640 fallback=0 rel=0.805/0.713/0.898 wmean=1.000 grad_preclip=100.09
[E02] batch=060/153 pseudo=5 loss=8.8210 seg=1.0515 semseg=0.2238 mard=1.9732 lambda=0.008853 box_extra=0 mask_extra=0 CC=5/21 cc_shift=0.01769 cc_iou=0.96652 FG/HBG/EBG=40/256/1280 fallback=0 rel=0.883/0.792/0.956 wmean=1.000 grad_preclip=164.60
[E02] batch=080/153 pseudo=4 loss=15.5683 seg=1.0694 semseg=1.4724 mard=2.1254 lambda=0.008957 box_extra=0 mask_extra=0 CC=4/17 cc_shift=0.00390 cc_iou=0.99209 FG/HBG/EBG=32/256/1280 fallback=0 rel=0.862/0.671/0.953 wmean=1.000 grad_preclip=295.94
[E02] batch=100/153 pseudo=3 loss=5.4339 seg=0.5776 semseg=0.3793 mard=2.1055 lambda=0.012743 box_extra=1 mask_extra=0 CC=3/15 cc_shift=0.00264 cc_iou=0.99663 FG/HBG/EBG=24/192/960 fallback=0 rel=0.921/0.901/0.937 wmean=1.000 grad_preclip=61.91
[E02] batch=120/153 pseudo=4 loss=14.3395 seg=0.8582 semseg=1.2985 mard=2.0723 lambda=0.009990 box_extra=0 mask_extra=0 CC=3/11 cc_shift=0.00551 cc_iou=0.98999 FG/HBG/EBG=32/256/1280 fallback=0 rel=0.853/0.743/0.922 wmean=1.000 grad_preclip=352.54
[E02] batch=140/153 pseudo=3 loss=4.9432 seg=0.4868 semseg=0.2252 mard=1.9981 lambda=0.015631 box_extra=0 mask_extra=0 CC=3/15 cc_shift=0.00139 cc_iou=0.99591 FG/HBG/EBG=24/192/960 fallback=0 rel=0.936/0.930/0.944 wmean=1.000 grad_preclip=78.68
[E02] batch=153/153 pseudo=3 loss=7.4619 seg=0.6518 semseg=0.3398 mard=1.9651 lambda=0.012004 box_extra=1 mask_extra=1 CC=2/10 cc_shift=0.00279 cc_iou=0.99888 FG/HBG/EBG=24/192/960 fallback=0 rel=0.879/0.850/0.903 wmean=1.000 grad_preclip=107.80

[Epoch 02] DONE time=32.3s valid=152 skipped=1 pseudo=541 anchors=482 box_extra=84 mask_extra=59 reject_rel=25 CC=457/2164 cc_fallback=0 cc_shift=0.00368 cc_iou=0.99384 loss=8.2226 seg=0.7214 semseg=0.6745 mard=2.0286 lambda_avg=0.009312 FG/HBG/EBG=28.5/223.6/1090.1 rel=0.874/0.660/0.968 wmean=1.000
[E03] batch=001/153 pseudo=3 loss=6.5061 seg=0.9108 semseg=0.2542 mard=1.9617 lambda=0.009867 box_extra=0 mask_extra=0 CC=3/14 cc_shift=0.00627 cc_iou=0.99187 FG/HBG/EBG=24/192/960 fallback=0 rel=0.836/0.783/0.875 wmean=1.000 grad_preclip=81.95
[E03] batch=020/153 pseudo=2 loss=2.7652 seg=0.4355 semseg=0.1383 mard=2.0711 lambda=0.014956 box_extra=0 mask_extra=0 CC=2/10 cc_shift=0.00203 cc_iou=0.99823 FG/HBG/EBG=16/128/640 fallback=0 rel=0.910/0.905/0.914 wmean=1.000 grad_preclip=23.50
[E03] batch=040/153 pseudo=4 loss=8.1458 seg=0.5048 semseg=0.7710 mard=2.0504 lambda=0.017410 box_extra=0 mask_extra=0 CC=4/20 cc_shift=0.00172 cc_iou=0.99590 FG/HBG/EBG=32/256/1280 fallback=0 rel=0.917/0.886/0.938 wmean=1.000 grad_preclip=287.01
[E03] batch=060/153 pseudo=5 loss=7.5394 seg=0.5871 semseg=0.5050 mard=1.9757 lambda=0.015133 box_extra=0 mask_extra=0 CC=5/21 cc_shift=0.00289 cc_iou=0.99630 FG/HBG/EBG=40/256/1280 fallback=0 rel=0.883/0.792/0.934 wmean=1.000 grad_preclip=119.53
[E03] batch=080/153 pseudo=3 loss=16.6453 seg=1.6806 semseg=2.1410 mard=2.0577 lambda=0.012404 box_extra=0 mask_extra=0 CC=2/10 cc_shift=0.00512 cc_iou=0.97982 FG/HBG/EBG=24/192/960 fallback=0 rel=0.823/0.690/0.934 wmean=1.000 grad_preclip=226.79
[E03] batch=100/153 pseudo=2 loss=5.1544 seg=0.7535 semseg=0.5487 mard=2.0989 lambda=0.020261 box_extra=1 mask_extra=0 CC=2/10 cc_shift=0.00233 cc_iou=0.99665 FG/HBG/EBG=16/128/640 fallback=0 rel=0.917/0.892/0.941 wmean=1.000 grad_preclip=47.86
[E03] batch=120/153 pseudo=3 loss=5.6620 seg=0.6970 semseg=0.1863 mard=2.0225 lambda=0.021220 box_extra=0 mask_extra=0 CC=3/11 cc_shift=0.00636 cc_iou=0.98884 FG/HBG/EBG=24/192/960 fallback=0 rel=0.915/0.831/0.958 wmean=1.000 grad_preclip=117.45
[E03] batch=140/153 pseudo=4 loss=4.7797 seg=0.5939 semseg=0.1597 mard=2.0775 lambda=0.019968 box_extra=2 mask_extra=1 CC=3/15 cc_shift=0.00233 cc_iou=0.99696 FG/HBG/EBG=32/256/896 fallback=0 rel=0.895/0.795/0.949 wmean=1.000 grad_preclip=30.10
[E03] batch=153/153 pseudo=4 loss=3.8524 seg=0.3583 semseg=0.1327 mard=2.0307 lambda=0.022884 box_extra=0 mask_extra=0 CC=4/20 cc_shift=0.00201 cc_iou=0.99686 FG/HBG/EBG=32/256/1280 fallback=0 rel=0.923/0.872/0.948 wmean=1.000 grad_preclip=30.47

[Epoch 03] DONE time=32.3s valid=153 skipped=0 pseudo=524 anchors=468 box_extra=87 mask_extra=56 reject_rel=31 CC=447/2132 cc_fallback=0 cc_shift=0.00364 cc_iou=0.99393 loss=7.7640 seg=0.7229 semseg=0.6376 mard=2.0251 lambda_avg=0.015823 FG/HBG/EBG=27.4/216.7/1055.8 rel=0.879/0.660/0.968 wmean=1.000
[E04] batch=001/153 pseudo=3 loss=3.5730 seg=0.5142 semseg=0.1148 mard=1.9934 lambda=0.024023 box_extra=0 mask_extra=0 CC=3/15 cc_shift=0.00410 cc_iou=0.99072 FG/HBG/EBG=24/192/960 fallback=0 rel=0.924/0.884/0.946 wmean=1.000 grad_preclip=21.23
[E04] batch=020/153 pseudo=3 loss=4.0112 seg=0.4529 semseg=0.1647 mard=2.1278 lambda=0.024494 box_extra=0 mask_extra=0 CC=3/15 cc_shift=0.00327 cc_iou=0.99247 FG/HBG/EBG=24/192/960 fallback=0 rel=0.928/0.920/0.933 wmean=1.000 grad_preclip=28.62
[E04] batch=040/153 pseudo=3 loss=5.7807 seg=0.5590 semseg=0.5239 mard=1.9863 lambda=0.022018 box_extra=0 mask_extra=0 CC=2/10 cc_shift=0.00143 cc_iou=0.99746 FG/HBG/EBG=24/192/960 fallback=0 rel=0.881/0.741/0.957 wmean=1.000 grad_preclip=93.55
[E04] batch=060/153 pseudo=3 loss=2.6681 seg=0.3160 semseg=0.0826 mard=2.0172 lambda=0.027816 box_extra=0 mask_extra=0 CC=3/15 cc_shift=0.00145 cc_iou=0.99478 FG/HBG/EBG=24/192/960 fallback=0 rel=0.934/0.915/0.961 wmean=1.000 grad_preclip=22.52
[E04] batch=080/153 pseudo=2 loss=5.4353 seg=1.0254 semseg=0.8014 mard=2.1035 lambda=0.026801 box_extra=1 mask_extra=0 CC=2/10 cc_shift=0.00185 cc_iou=0.99888 FG/HBG/EBG=16/128/640 fallback=0 rel=0.930/0.903/0.957 wmean=1.000 grad_preclip=116.36
[E04] batch=100/153 pseudo=3 loss=3.4395 seg=0.4655 semseg=0.1466 mard=2.0026 lambda=0.030621 box_extra=1 mask_extra=0 CC=3/15 cc_shift=0.00086 cc_iou=0.99939 FG/HBG/EBG=24/192/960 fallback=0 rel=0.941/0.934/0.947 wmean=1.000 grad_preclip=29.84
[E04] batch=120/153 pseudo=4 loss=4.8319 seg=0.5122 semseg=0.1385 mard=1.9850 lambda=0.030317 box_extra=0 mask_extra=0 CC=4/20 cc_shift=0.00304 cc_iou=0.99384 FG/HBG/EBG=32/256/1280 fallback=0 rel=0.932/0.897/0.948 wmean=1.000 grad_preclip=34.95
[E04] batch=140/153 pseudo=2 loss=2.9057 seg=0.4535 semseg=0.1540 mard=2.0116 lambda=0.027574 box_extra=2 mask_extra=1 CC=1/5 cc_shift=0.00023 cc_iou=0.99887 FG/HBG/EBG=16/128/640 fallback=0 rel=0.906/0.864/0.948 wmean=1.000 grad_preclip=64.08
[E04] batch=153/153 pseudo=3 loss=26.0663 seg=2.2208 semseg=4.6622 mard=1.9808 lambda=0.025964 box_extra=1 mask_extra=1 CC=2/10 cc_shift=0.00137 cc_iou=0.99694 FG/HBG/EBG=24/192/960 fallback=0 rel=0.881/0.750/0.960 wmean=1.000 grad_preclip=139.40

[Epoch 04] DONE time=32.6s valid=153 skipped=0 pseudo=534 anchors=474 box_extra=82 mask_extra=60 reject_rel=22 CC=451/2150 cc_fallback=0 cc_shift=0.00376 cc_iou=0.99377 loss=8.1620 seg=0.7617 semseg=0.6972 mard=2.0243 lambda_avg=0.021666 FG/HBG/EBG=27.9/219.2/1068.3 rel=0.875/0.660/0.968 wmean=1.000
[E05] batch=001/153 pseudo=1 loss=1.3877 seg=0.2656 semseg=0.1608 mard=2.0373 lambda=0.022194 box_extra=1 mask_extra=0 CC=1/4 cc_shift=0.00103 cc_iou=1.00000 FG/HBG/EBG=8/64/320 fallback=0 rel=0.865/0.865/0.865 wmean=1.000 grad_preclip=12.20
[E05] batch=020/153 pseudo=3 loss=7.0522 seg=0.8325 semseg=0.5017 mard=2.0362 lambda=0.024552 box_extra=1 mask_extra=0 CC=3/15 cc_shift=0.00537 cc_iou=0.98453 FG/HBG/EBG=24/192/960 fallback=0 rel=0.868/0.800/0.930 wmean=1.000 grad_preclip=79.76
[E05] batch=040/153 pseudo=4 loss=10.0024 seg=1.2080 semseg=0.3158 mard=2.0063 lambda=0.031251 box_extra=0 mask_extra=0 CC=4/18 cc_shift=0.00490 cc_iou=0.99455 FG/HBG/EBG=32/256/1280 fallback=0 rel=0.917/0.829/0.951 wmean=1.000 grad_preclip=131.58
[E05] batch=060/153 pseudo=4 loss=8.0410 seg=0.5857 semseg=0.3069 mard=2.0215 lambda=0.027808 box_extra=1 mask_extra=1 CC=3/14 cc_shift=0.00225 cc_iou=0.99114 FG/HBG/EBG=32/256/1280 fallback=0 rel=0.878/0.808/0.951 wmean=1.000 grad_preclip=105.33
[E05] batch=080/153 pseudo=5 loss=8.1345 seg=0.6221 semseg=0.2884 mard=1.9910 lambda=0.031901 box_extra=1 mask_extra=1 CC=4/20 cc_shift=0.00261 cc_iou=0.99635 FG/HBG/EBG=40/320/1216 fallback=0 rel=0.897/0.831/0.944 wmean=1.000 grad_preclip=84.75
[E05] batch=100/153 pseudo=2 loss=2.7757 seg=0.3870 semseg=0.1404 mard=1.9655 lambda=0.031808 box_extra=0 mask_extra=0 CC=2/10 cc_shift=0.00563 cc_iou=0.99214 FG/HBG/EBG=16/128/640 fallback=0 rel=0.894/0.867/0.921 wmean=1.000 grad_preclip=21.40
[E05] batch=120/153 pseudo=3 loss=4.9518 seg=0.4040 semseg=0.1347 mard=2.0879 lambda=0.025743 box_extra=1 mask_extra=1 CC=2/10 cc_shift=0.00303 cc_iou=0.99496 FG/HBG/EBG=24/192/960 fallback=0 rel=0.851/0.752/0.938 wmean=1.000 grad_preclip=66.37
[E05] batch=140/153 pseudo=2 loss=3.2521 seg=0.5108 semseg=0.2498 mard=2.0891 lambda=0.029464 box_extra=0 mask_extra=0 CC=2/10 cc_shift=0.00235 cc_iou=0.99757 FG/HBG/EBG=16/128/640 fallback=0 rel=0.875/0.824/0.926 wmean=1.000 grad_preclip=25.70
[E05] batch=153/153 pseudo=3 loss=4.9215 seg=0.5568 semseg=0.1665 mard=2.0335 lambda=0.030464 box_extra=2 mask_extra=1 CC=2/10 cc_shift=0.00501 cc_iou=0.99355 FG/HBG/EBG=24/192/960 fallback=0 rel=0.876/0.760/0.967 wmean=1.000 grad_preclip=30.97

[Epoch 05] DONE time=32.6s valid=153 skipped=0 pseudo=535 anchors=472 box_extra=82 mask_extra=63 reject_rel=19 CC=442/2120 cc_fallback=0 cc_shift=0.00374 cc_iou=0.99374 loss=7.8768 seg=0.6733 semseg=0.6378 mard=2.0237 lambda_avg=0.028161 FG/HBG/EBG=28.0/220.9/1079.2 rel=0.877/0.669/0.968 wmean=1.000
[E06] batch=001/153 pseudo=3 loss=7.8708 seg=0.9396 semseg=0.3392 mard=2.0707 lambda=0.023834 box_extra=0 mask_extra=0 CC=3/15 cc_shift=0.00622 cc_iou=0.99444 FG/HBG/EBG=24/192/960 fallback=0 rel=0.836/0.749/0.917 wmean=1.000 grad_preclip=90.44
[E06] batch=020/153 pseudo=3 loss=11.3287 seg=1.0199 semseg=1.2698 mard=2.0075 lambda=0.035696 box_extra=0 mask_extra=0 CC=3/12 cc_shift=0.00174 cc_iou=0.99660 FG/HBG/EBG=24/192/960 fallback=0 rel=0.903/0.866/0.926 wmean=1.000 grad_preclip=228.32
[E06] batch=040/153 pseudo=4 loss=18.5584 seg=1.2263 semseg=1.4502 mard=2.0648 lambda=0.025153 box_extra=1 mask_extra=1 CC=3/15 cc_shift=0.00478 cc_iou=0.99513 FG/HBG/EBG=32/256/1280 fallback=0 rel=0.843/0.760/0.952 wmean=1.000 grad_preclip=142.54
[E06] batch=060/153 pseudo=3 loss=12.2498 seg=1.0259 semseg=1.6911 mard=2.0322 lambda=0.020762 box_extra=2 mask_extra=2 CC=0/0 cc_shift=0.00000 cc_iou=0.00000 FG/HBG/EBG=24/192/960 fallback=0 rel=0.801/0.690/0.864 wmean=1.000 grad_preclip=130.37
[E06] batch=080/153 pseudo=3 loss=3.9522 seg=0.5450 semseg=0.1537 mard=2.0263 lambda=0.042496 box_extra=0 mask_extra=0 CC=3/15 cc_shift=0.00143 cc_iou=0.99641 FG/HBG/EBG=24/192/960 fallback=0 rel=0.936/0.927/0.950 wmean=1.000 grad_preclip=23.80
[E06] batch=100/153 pseudo=5 loss=5.0177 seg=0.4025 semseg=0.1534 mard=2.0192 lambda=0.023292 box_extra=0 mask_extra=0 CC=4/20 cc_shift=0.00472 cc_iou=0.99616 FG/HBG/EBG=40/256/1280 fallback=0 rel=0.831/0.696/0.939 wmean=1.000 grad_preclip=106.12
[E06] batch=120/153 pseudo=4 loss=9.5405 seg=0.8139 semseg=0.4405 mard=2.0070 lambda=0.018703 box_extra=0 mask_extra=0 CC=4/20 cc_shift=0.00478 cc_iou=0.99415 FG/HBG/EBG=32/192/960 fallback=0 rel=0.807/0.754/0.903 wmean=1.000 grad_preclip=128.56
[E06] batch=140/153 pseudo=3 loss=7.4236 seg=0.5506 semseg=0.9842 mard=1.9866 lambda=0.035331 box_extra=1 mask_extra=1 CC=2/10 cc_shift=0.00191 cc_iou=0.99717 FG/HBG/EBG=24/192/960 fallback=0 rel=0.895/0.795/0.957 wmean=1.000 grad_preclip=84.18
[E06] batch=153/153 pseudo=4 loss=13.8293 seg=0.8160 semseg=1.4942 mard=1.9998 lambda=0.026082 box_extra=1 mask_extra=1 CC=3/15 cc_shift=0.00201 cc_iou=0.99833 FG/HBG/EBG=32/256/1280 fallback=0 rel=0.856/0.749/0.951 wmean=1.000 grad_preclip=259.56

[Epoch 06] DONE time=32.6s valid=153 skipped=0 pseudo=534 anchors=479 box_extra=74 mask_extra=55 reject_rel=19 CC=450/2156 cc_fallback=0 cc_shift=0.00350 cc_iou=0.99455 loss=8.0020 seg=0.7210 semseg=0.6749 mard=2.0226 lambda_avg=0.031051 FG/HBG/EBG=27.9/219.6/1067.9 rel=0.876/0.661/0.968 wmean=1.000
[E07] batch=001/153 pseudo=4 loss=5.2171 seg=0.3542 semseg=0.1867 mard=2.0070 lambda=0.035596 box_extra=0 mask_extra=0 CC=4/20 cc_shift=0.00097 cc_iou=0.99830 FG/HBG/EBG=32/256/1280 fallback=0 rel=0.906/0.855/0.944 wmean=1.000 grad_preclip=74.29
[E07] batch=020/153 pseudo=4 loss=6.0040 seg=0.4735 semseg=0.2215 mard=2.0003 lambda=0.030736 box_extra=0 mask_extra=0 CC=4/20 cc_shift=0.00522 cc_iou=0.99637 FG/HBG/EBG=32/256/1280 fallback=0 rel=0.873/0.817/0.934 wmean=1.000 grad_preclip=48.10
[E07] batch=040/153 pseudo=3 loss=8.5239 seg=0.8811 semseg=1.1354 mard=2.0489 lambda=0.038018 box_extra=0 mask_extra=0 CC=3/15 cc_shift=0.00152 cc_iou=0.99900 FG/HBG/EBG=24/192/960 fallback=0 rel=0.924/0.912/0.946 wmean=1.000 grad_preclip=562.26
[E07] batch=060/153 pseudo=4 loss=7.3629 seg=0.6571 semseg=0.2643 mard=2.0061 lambda=0.035721 box_extra=1 mask_extra=1 CC=3/15 cc_shift=0.00426 cc_iou=0.98998 FG/HBG/EBG=32/256/1280 fallback=0 rel=0.902/0.778/0.964 wmean=1.000 grad_preclip=121.09
[E07] batch=080/153 pseudo=4 loss=7.6587 seg=0.5113 semseg=0.6899 mard=2.0026 lambda=0.034758 box_extra=1 mask_extra=1 CC=3/15 cc_shift=0.00197 cc_iou=0.99830 FG/HBG/EBG=32/256/1280 fallback=0 rel=0.902/0.851/0.952 wmean=1.000 grad_preclip=272.87
[E07] batch=100/153 pseudo=3 loss=2.8601 seg=0.3333 semseg=0.1228 mard=2.0241 lambda=0.044531 box_extra=0 mask_extra=0 CC=3/15 cc_shift=0.00195 cc_iou=0.99554 FG/HBG/EBG=24/192/960 fallback=0 rel=0.956/0.950/0.962 wmean=1.000 grad_preclip=26.17
[E07] batch=120/153 pseudo=4 loss=5.1954 seg=0.4137 semseg=0.1651 mard=1.9992 lambda=0.029095 box_extra=1 mask_extra=1 CC=3/15 cc_shift=0.00219 cc_iou=0.99660 FG/HBG/EBG=32/256/1280 fallback=0 rel=0.872/0.856/0.901 wmean=1.000 grad_preclip=40.92
[E07] batch=140/153 pseudo=1 loss=3.1448 seg=0.6568 semseg=0.5546 mard=1.9877 lambda=0.021923 box_extra=0 mask_extra=0 CC=1/5 cc_shift=0.00299 cc_iou=0.99824 FG/HBG/EBG=8/64/320 fallback=0 rel=0.830/0.830/0.830 wmean=1.000 grad_preclip=55.67
[E07] batch=153/153 pseudo=3 loss=15.2242 seg=1.1137 semseg=2.2690 mard=2.0109 lambda=0.032469 box_extra=0 mask_extra=0 CC=3/15 cc_shift=0.00175 cc_iou=0.99737 FG/HBG/EBG=24/192/960 fallback=0 rel=0.890/0.825/0.942 wmean=1.000 grad_preclip=158.75

[Epoch 07] DONE time=32.4s valid=153 skipped=0 pseudo=536 anchors=473 box_extra=87 mask_extra=63 reject_rel=24 CC=447/2147 cc_fallback=0 cc_shift=0.00343 cc_iou=0.99439 loss=7.5971 seg=0.6706 semseg=0.6328 mard=2.0234 lambda_avg=0.031075 FG/HBG/EBG=28.0/220.9/1076.7 rel=0.876/0.662/0.968 wmean=1.000
[E08] batch=001/153 pseudo=4 loss=4.4087 seg=0.3679 semseg=0.1629 mard=2.0066 lambda=0.035048 box_extra=0 mask_extra=0 CC=4/19 cc_shift=0.00306 cc_iou=0.99498 FG/HBG/EBG=32/256/1280 fallback=0 rel=0.901/0.880/0.924 wmean=1.000 grad_preclip=31.50
[E08] batch=020/153 pseudo=2 loss=1.7290 seg=0.2603 semseg=0.0778 mard=2.0985 lambda=0.038001 box_extra=0 mask_extra=0 CC=2/10 cc_shift=0.00157 cc_iou=0.99852 FG/HBG/EBG=16/128/640 fallback=0 rel=0.923/0.900/0.945 wmean=1.000 grad_preclip=16.85
[E08] batch=040/153 pseudo=3 loss=3.7732 seg=0.4899 semseg=0.1085 mard=2.0026 lambda=0.022631 box_extra=1 mask_extra=0 CC=3/13 cc_shift=0.00255 cc_iou=0.99235 FG/HBG/EBG=24/128/640 fallback=0 rel=0.828/0.736/0.892 wmean=1.000 grad_preclip=22.87
[E08] batch=060/153 pseudo=5 loss=8.6468 seg=0.6048 semseg=0.3931 mard=2.0520 lambda=0.024078 box_extra=1 mask_extra=1 CC=2/10 cc_shift=0.00217 cc_iou=0.99656 FG/HBG/EBG=40/320/1216 fallback=0 rel=0.830/0.695/0.943 wmean=1.000 grad_preclip=94.97
[E08] batch=080/153 pseudo=3 loss=5.8529 seg=0.6098 semseg=0.3777 mard=2.0826 lambda=0.029367 box_extra=2 mask_extra=1 CC=2/10 cc_shift=0.00248 cc_iou=0.99718 FG/HBG/EBG=24/192/960 fallback=0 rel=0.863/0.782/0.915 wmean=1.000 grad_preclip=47.06
[E08] batch=100/153 pseudo=3 loss=20.0778 seg=2.7592 semseg=1.9002 mard=2.0180 lambda=0.028644 box_extra=1 mask_extra=1 CC=2/10 cc_shift=0.00684 cc_iou=0.98786 FG/HBG/EBG=24/192/960 fallback=0 rel=0.843/0.712/0.946 wmean=1.000 grad_preclip=250.62
[E08] batch=120/153 pseudo=4 loss=10.6055 seg=1.1938 semseg=0.5258 mard=2.0178 lambda=0.024248 box_extra=1 mask_extra=1 CC=3/14 cc_shift=0.00461 cc_iou=0.99779 FG/HBG/EBG=32/256/1280 fallback=0 rel=0.823/0.705/0.926 wmean=1.000 grad_preclip=713.43
[E08] batch=140/153 pseudo=4 loss=6.1246 seg=0.3773 semseg=0.5292 mard=1.9569 lambda=0.036125 box_extra=1 mask_extra=1 CC=3/15 cc_shift=0.00175 cc_iou=0.99707 FG/HBG/EBG=32/256/1280 fallback=0 rel=0.907/0.813/0.958 wmean=1.000 grad_preclip=83.50
[E08] batch=153/153 pseudo=5 loss=7.7284 seg=0.4364 semseg=0.6334 mard=2.0337 lambda=0.025608 box_extra=1 mask_extra=1 CC=3/15 cc_shift=0.00422 cc_iou=0.99644 FG/HBG/EBG=40/320/1216 fallback=0 rel=0.844/0.719/0.953 wmean=1.000 grad_preclip=236.92

[Epoch 08] DONE time=32.5s valid=153 skipped=0 pseudo=532 anchors=475 box_extra=83 mask_extra=57 reject_rel=26 CC=451/2152 cc_fallback=0 cc_shift=0.00367 cc_iou=0.99412 loss=7.7176 seg=0.7409 semseg=0.6245 mard=2.0244 lambda_avg=0.031276 FG/HBG/EBG=27.8/217.5/1060.0 rel=0.877/0.678/0.968 wmean=1.000
[E09] batch=001/153 pseudo=3 loss=12.5158 seg=1.3737 semseg=1.4179 mard=2.0534 lambda=0.029560 box_extra=1 mask_extra=1 CC=2/10 cc_shift=0.00723 cc_iou=0.97662 FG/HBG/EBG=24/192/960 fallback=0 rel=0.864/0.761/0.956 wmean=1.000 grad_preclip=167.61
[E09] batch=020/153 pseudo=2 loss=2.4827 seg=0.4854 semseg=0.1586 mard=2.0781 lambda=0.023610 box_extra=1 mask_extra=1 CC=1/2 cc_shift=0.00449 cc_iou=0.99516 FG/HBG/EBG=16/128/640 fallback=0 rel=0.829/0.820/0.837 wmean=1.000 grad_preclip=23.53
[E09] batch=040/153 pseudo=4 loss=30.2794 seg=2.1840 semseg=3.6240 mard=2.0268 lambda=0.027612 box_extra=0 mask_extra=0 CC=4/15 cc_shift=0.00554 cc_iou=0.99073 FG/HBG/EBG=32/256/1280 fallback=0 rel=0.852/0.783/0.950 wmean=1.000 grad_preclip=287.66
[E09] batch=060/153 pseudo=3 loss=5.6609 seg=0.5638 semseg=0.2107 mard=2.0363 lambda=0.021283 box_extra=0 mask_extra=0 CC=2/10 cc_shift=0.00687 cc_iou=0.99185 FG/HBG/EBG=24/192/960 fallback=0 rel=0.806/0.728/0.903 wmean=1.000 grad_preclip=22.02
[E09] batch=080/153 pseudo=3 loss=5.8129 seg=1.2182 semseg=0.2043 mard=2.0339 lambda=0.042708 box_extra=0 mask_extra=0 CC=3/15 cc_shift=0.00210 cc_iou=0.99439 FG/HBG/EBG=24/192/960 fallback=0 rel=0.945/0.928/0.960 wmean=1.000 grad_preclip=58.67
[E09] batch=100/153 pseudo=4 loss=7.1841 seg=0.6453 semseg=0.3283 mard=2.0654 lambda=0.038438 box_extra=1 mask_extra=1 CC=3/15 cc_shift=0.00270 cc_iou=0.99302 FG/HBG/EBG=32/256/1280 fallback=0 rel=0.921/0.903/0.935 wmean=1.000 grad_preclip=72.41
[E09] batch=120/153 pseudo=3 loss=2.6220 seg=0.2492 semseg=0.0955 mard=2.0227 lambda=0.039057 box_extra=0 mask_extra=0 CC=3/15 cc_shift=0.00101 cc_iou=0.99710 FG/HBG/EBG=24/192/960 fallback=0 rel=0.925/0.887/0.948 wmean=1.000 grad_preclip=30.85
[E09] batch=140/153 pseudo=4 loss=6.8019 seg=0.4057 semseg=0.2275 mard=2.0506 lambda=0.026396 box_extra=1 mask_extra=1 CC=2/6 cc_shift=0.00175 cc_iou=0.99932 FG/HBG/EBG=32/256/1280 fallback=0 rel=0.856/0.821/0.887 wmean=1.000 grad_preclip=74.28
[E09] batch=153/153 pseudo=4 loss=4.5891 seg=0.6225 semseg=0.1686 mard=1.9987 lambda=0.026336 box_extra=1 mask_extra=1 CC=3/15 cc_shift=0.00255 cc_iou=0.99558 FG/HBG/EBG=32/192/960 fallback=0 rel=0.847/0.772/0.923 wmean=1.000 grad_preclip=52.85

[Epoch 09] DONE time=32.5s valid=153 skipped=0 pseudo=534 anchors=468 box_extra=94 mask_extra=66 reject_rel=28 CC=440/2104 cc_fallback=0 cc_shift=0.00332 cc_iou=0.99456 loss=7.3204 seg=0.6700 semseg=0.5731 mard=2.0299 lambda_avg=0.031537 FG/HBG/EBG=27.9/219.6/1067.9 rel=0.878/0.676/0.968 wmean=1.000
[E10] batch=001/153 pseudo=4 loss=5.8177 seg=0.5540 semseg=0.2431 mard=2.0329 lambda=0.040217 box_extra=0 mask_extra=0 CC=4/19 cc_shift=0.00373 cc_iou=0.99585 FG/HBG/EBG=32/256/1280 fallback=0 rel=0.927/0.840/0.960 wmean=1.000 grad_preclip=204.97
[E10] batch=020/153 pseudo=3 loss=4.3425 seg=0.4221 semseg=0.2019 mard=1.9852 lambda=0.033450 box_extra=0 mask_extra=0 CC=3/15 cc_shift=0.00145 cc_iou=0.99731 FG/HBG/EBG=24/192/960 fallback=0 rel=0.886/0.787/0.956 wmean=1.000 grad_preclip=33.81
[E10] batch=040/153 pseudo=4 loss=12.3004 seg=0.9861 semseg=1.3017 mard=2.0851 lambda=0.029380 box_extra=0 mask_extra=0 CC=4/19 cc_shift=0.00160 cc_iou=0.99819 FG/HBG/EBG=32/256/1280 fallback=0 rel=0.873/0.773/0.946 wmean=1.000 grad_preclip=69.43
[E10] batch=060/153 pseudo=3 loss=6.9640 seg=0.3901 semseg=0.7571 mard=2.0589 lambda=0.030726 box_extra=2 mask_extra=1 CC=2/10 cc_shift=0.00187 cc_iou=0.99805 FG/HBG/EBG=24/192/960 fallback=0 rel=0.884/0.794/0.953 wmean=1.000 grad_preclip=342.05
[E10] batch=080/153 pseudo=2 loss=9.8100 seg=1.7746 semseg=1.1411 mard=2.1075 lambda=0.008285 box_extra=0 mask_extra=0 CC=2/5 cc_shift=0.00648 cc_iou=0.98043 FG/HBG/EBG=16/128/640 fallback=0 rel=0.727/0.690/0.764 wmean=1.000 grad_preclip=106.85
[E10] batch=100/153 pseudo=4 loss=17.9185 seg=1.0722 semseg=1.8552 mard=2.0318 lambda=0.022398 box_extra=0 mask_extra=0 CC=3/15 cc_shift=0.00555 cc_iou=0.99110 FG/HBG/EBG=32/256/1280 fallback=0 rel=0.817/0.718/0.878 wmean=1.000 grad_preclip=413.45
[E10] batch=120/153 pseudo=4 loss=10.5283 seg=0.5701 semseg=1.2217 mard=2.0716 lambda=0.030632 box_extra=0 mask_extra=0 CC=4/20 cc_shift=0.00755 cc_iou=0.98273 FG/HBG/EBG=32/256/1280 fallback=0 rel=0.871/0.714/0.935 wmean=1.000 grad_preclip=181.20
[E10] batch=140/153 pseudo=5 loss=10.7954 seg=1.2046 semseg=0.4277 mard=1.9304 lambda=0.021641 box_extra=3 mask_extra=3 CC=2/8 cc_shift=0.00484 cc_iou=0.98868 FG/HBG/EBG=40/320/1216 fallback=0 rel=0.816/0.752/0.872 wmean=1.000 grad_preclip=150.42
[E10] batch=153/153 pseudo=2 loss=9.5285 seg=1.7532 semseg=1.5958 mard=2.0894 lambda=0.027997 box_extra=0 mask_extra=0 CC=2/10 cc_shift=0.00736 cc_iou=0.98751 FG/HBG/EBG=16/128/640 fallback=0 rel=0.827/0.712/0.942 wmean=1.000 grad_preclip=152.66

[Epoch 10] DONE time=32.6s valid=153 skipped=0 pseudo=540 anchors=473 box_extra=88 mask_extra=67 reject_rel=21 CC=447/2140 cc_fallback=0 cc_shift=0.00338 cc_iou=0.99461 loss=7.7126 seg=0.6709 semseg=0.6402 mard=2.0285 lambda_avg=0.031068 FG/HBG/EBG=28.2/222.5/1085.1 rel=0.875/0.663/0.968 wmean=1.000
[SAVE] /home/dang/MedRT-SFOD/runs/seg/dense_sfseg/cvc_ccdhf_v1_segmard_v2_60ep/checkpoints/dense_sfseg_epoch_10.pt
[E11] batch=001/153 pseudo=4 loss=4.8053 seg=0.3954 semseg=0.1450 mard=1.9962 lambda=0.032229 box_extra=0 mask_extra=0 CC=4/20 cc_shift=0.00264 cc_iou=0.99581 FG/HBG/EBG=32/256/1280 fallback=0 rel=0.882/0.788/0.951 wmean=1.000 grad_preclip=31.34
[E11] batch=020/153 pseudo=4 loss=4.7465 seg=0.3700 semseg=0.1239 mard=1.9705 lambda=0.039529 box_extra=0 mask_extra=0 CC=4/20 cc_shift=0.00186 cc_iou=0.99794 FG/HBG/EBG=32/256/1280 fallback=0 rel=0.929/0.879/0.953 wmean=1.000 grad_preclip=37.76
[E11] batch=040/153 pseudo=2 loss=6.4575 seg=1.0100 semseg=0.7109 mard=2.0129 lambda=0.014610 box_extra=2 mask_extra=2 CC=0/0 cc_shift=0.00000 cc_iou=0.00000 FG/HBG/EBG=16/128/640 fallback=0 rel=0.779/0.747/0.811 wmean=1.000 grad_preclip=73.77
[E11] batch=060/153 pseudo=3 loss=7.8505 seg=1.0934 semseg=0.4476 mard=2.0159 lambda=0.024765 box_extra=2 mask_extra=1 CC=1/5 cc_shift=0.00174 cc_iou=0.99547 FG/HBG/EBG=24/192/960 fallback=0 rel=0.838/0.688/0.953 wmean=1.000 grad_preclip=95.88
[E11] batch=080/153 pseudo=3 loss=3.5562 seg=0.3850 semseg=0.1113 mard=2.0303 lambda=0.035886 box_extra=1 mask_extra=0 CC=3/15 cc_shift=0.00240 cc_iou=0.99740 FG/HBG/EBG=24/192/960 fallback=0 rel=0.907/0.875/0.924 wmean=1.000 grad_preclip=40.86
[E11] batch=100/153 pseudo=4 loss=7.1233 seg=0.5240 semseg=0.6898 mard=2.0615 lambda=0.027696 box_extra=1 mask_extra=1 CC=2/10 cc_shift=0.00717 cc_iou=0.99121 FG/HBG/EBG=32/256/896 fallback=0 rel=0.856/0.786/0.913 wmean=1.000 grad_preclip=70.00
[E11] batch=120/153 pseudo=3 loss=4.4170 seg=0.3515 semseg=0.1896 mard=2.0522 lambda=0.030243 box_extra=1 mask_extra=1 CC=2/6 cc_shift=0.00108 cc_iou=0.99886 FG/HBG/EBG=24/192/960 fallback=0 rel=0.871/0.821/0.951 wmean=1.000 grad_preclip=30.38
[E11] batch=140/153 pseudo=5 loss=5.5864 seg=0.5560 semseg=0.1901 mard=1.9671 lambda=0.030083 box_extra=0 mask_extra=0 CC=4/20 cc_shift=0.00322 cc_iou=0.99597 FG/HBG/EBG=40/320/1216 fallback=0 rel=0.865/0.705/0.946 wmean=1.000 grad_preclip=54.80
[E11] batch=153/153 pseudo=4 loss=17.4667 seg=1.4887 semseg=1.9791 mard=2.0558 lambda=0.014319 box_extra=0 mask_extra=0 CC=2/10 cc_shift=0.00466 cc_iou=0.99784 FG/HBG/EBG=32/256/896 fallback=0 rel=0.782/0.719/0.911 wmean=1.000 grad_preclip=223.46

[Epoch 11] DONE time=32.4s valid=153 skipped=0 pseudo=529 anchors=469 box_extra=85 mask_extra=60 reject_rel=25 CC=450/2162 cc_fallback=0 cc_shift=0.00369 cc_iou=0.99381 loss=6.8680 seg=0.6072 semseg=0.5556 mard=2.0214 lambda_avg=0.031638 FG/HBG/EBG=27.7/218.4/1066.7 rel=0.878/0.664/0.968 wmean=1.000
[E12] batch=001/153 pseudo=3 loss=13.8904 seg=1.6639 semseg=1.4136 mard=2.0334 lambda=0.033681 box_extra=1 mask_extra=1 CC=2/10 cc_shift=0.00469 cc_iou=0.99029 FG/HBG/EBG=24/192/960 fallback=0 rel=0.887/0.848/0.934 wmean=1.000 grad_preclip=852.52
[E12] batch=020/153 pseudo=3 loss=6.0452 seg=0.5533 semseg=0.6053 mard=1.9742 lambda=0.028693 box_extra=0 mask_extra=0 CC=2/10 cc_shift=0.00158 cc_iou=0.99735 FG/HBG/EBG=24/192/960 fallback=0 rel=0.859/0.730/0.947 wmean=1.000 grad_preclip=163.47
[E12] batch=040/153 pseudo=4 loss=5.3615 seg=0.3547 semseg=0.1561 mard=1.9728 lambda=0.035019 box_extra=1 mask_extra=1 CC=2/10 cc_shift=0.00049 cc_iou=0.99973 FG/HBG/EBG=32/256/1280 fallback=0 rel=0.905/0.846/0.934 wmean=1.000 grad_preclip=152.64
[E12] batch=060/153 pseudo=3 loss=10.6447 seg=0.9668 semseg=1.0999 mard=2.0042 lambda=0.024951 box_extra=0 mask_extra=0 CC=3/15 cc_shift=0.01182 cc_iou=0.97976 FG/HBG/EBG=24/192/960 fallback=0 rel=0.834/0.681/0.914 wmean=1.000 grad_preclip=112.94
[E12] batch=080/153 pseudo=4 loss=14.8949 seg=0.5801 semseg=2.1156 mard=1.9707 lambda=0.025584 box_extra=0 mask_extra=0 CC=4/16 cc_shift=0.00426 cc_iou=0.99665 FG/HBG/EBG=32/256/1280 fallback=0 rel=0.850/0.738/0.951 wmean=1.000 grad_preclip=346.42
[E12] batch=100/153 pseudo=4 loss=5.4450 seg=0.5799 semseg=0.2654 mard=2.0183 lambda=0.040981 box_extra=0 mask_extra=0 CC=4/20 cc_shift=0.00161 cc_iou=0.99658 FG/HBG/EBG=32/256/1280 fallback=0 rel=0.936/0.902/0.958 wmean=1.000 grad_preclip=61.54
[E12] batch=120/153 pseudo=4 loss=6.2202 seg=0.5112 semseg=0.2626 mard=1.9800 lambda=0.031967 box_extra=0 mask_extra=0 CC=3/15 cc_shift=0.00203 cc_iou=0.99753 FG/HBG/EBG=32/256/1280 fallback=0 rel=0.884/0.771/0.942 wmean=1.000 grad_preclip=76.37
[E12] batch=140/153 pseudo=2 loss=2.0248 seg=0.3465 semseg=0.1115 mard=2.0153 lambda=0.039482 box_extra=1 mask_extra=0 CC=2/10 cc_shift=0.00157 cc_iou=0.99765 FG/HBG/EBG=16/128/640 fallback=0 rel=0.927/0.907/0.946 wmean=1.000 grad_preclip=22.65
[E12] batch=153/153 pseudo=3 loss=20.7481 seg=2.4335 semseg=1.3648 mard=1.9914 lambda=0.016429 box_extra=0 mask_extra=0 CC=2/6 cc_shift=0.01072 cc_iou=0.97835 FG/HBG/EBG=24/192/960 fallback=0 rel=0.782/0.697/0.880 wmean=1.000 grad_preclip=554.72

[Epoch 12] DONE time=32.5s valid=153 skipped=0 pseudo=536 anchors=479 box_extra=80 mask_extra=57 reject_rel=23 CC=453/2165 cc_fallback=0 cc_shift=0.00360 cc_iou=0.99433 loss=6.8062 seg=0.6385 semseg=0.5263 mard=2.0263 lambda_avg=0.030909 FG/HBG/EBG=28.0/221.7/1078.4 rel=0.876/0.664/0.968 wmean=1.000
[E13] batch=001/153 pseudo=4 loss=2.9566 seg=0.2337 semseg=0.0924 mard=2.0811 lambda=0.038395 box_extra=0 mask_extra=0 CC=4/20 cc_shift=0.00056 cc_iou=0.99890 FG/HBG/EBG=32/256/1280 fallback=0 rel=0.928/0.859/0.960 wmean=1.000 grad_preclip=24.45
[E13] batch=020/153 pseudo=3 loss=3.9444 seg=0.4753 semseg=0.1911 mard=2.0439 lambda=0.033297 box_extra=0 mask_extra=0 CC=3/11 cc_shift=0.00935 cc_iou=0.98960 FG/HBG/EBG=24/192/960 fallback=0 rel=0.883/0.834/0.910 wmean=1.000 grad_preclip=45.87
[E13] batch=040/153 pseudo=4 loss=3.6333 seg=0.3437 semseg=0.1190 mard=2.0137 lambda=0.038005 box_extra=0 mask_extra=0 CC=4/20 cc_shift=0.00200 cc_iou=0.99551 FG/HBG/EBG=32/256/1280 fallback=0 rel=0.920/0.863/0.943 wmean=1.000 grad_preclip=34.43
[E13] batch=060/153 pseudo=3 loss=1.9087 seg=0.2385 semseg=0.0615 mard=2.0254 lambda=0.041946 box_extra=0 mask_extra=0 CC=3/15 cc_shift=0.00166 cc_iou=0.99683 FG/HBG/EBG=24/192/960 fallback=0 rel=0.944/0.939/0.950 wmean=1.000 grad_preclip=21.37
[E13] batch=080/153 pseudo=3 loss=2.5287 seg=0.3178 semseg=0.1294 mard=2.0020 lambda=0.039623 box_extra=0 mask_extra=0 CC=3/15 cc_shift=0.00104 cc_iou=0.99954 FG/HBG/EBG=24/192/960 fallback=0 rel=0.928/0.889/0.958 wmean=1.000 grad_preclip=27.72
[E13] batch=100/153 pseudo=4 loss=3.7103 seg=0.3567 semseg=0.1400 mard=2.0179 lambda=0.038682 box_extra=0 mask_extra=0 CC=4/20 cc_shift=0.00193 cc_iou=0.99602 FG/HBG/EBG=32/256/1280 fallback=0 rel=0.925/0.889/0.946 wmean=1.000 grad_preclip=50.61
[E13] batch=120/153 pseudo=3 loss=3.1407 seg=0.3278 semseg=0.1302 mard=2.1222 lambda=0.040386 box_extra=1 mask_extra=0 CC=3/15 cc_shift=0.00392 cc_iou=0.99674 FG/HBG/EBG=24/192/960 fallback=0 rel=0.933/0.917/0.947 wmean=1.000 grad_preclip=33.86
[E13] batch=140/153 pseudo=4 loss=4.7360 seg=0.3527 semseg=0.1961 mard=1.9872 lambda=0.030608 box_extra=1 mask_extra=1 CC=3/15 cc_shift=0.00086 cc_iou=0.99754 FG/HBG/EBG=32/256/1280 fallback=0 rel=0.875/0.802/0.952 wmean=1.000 grad_preclip=30.62
[E13] batch=153/153 pseudo=4 loss=8.6539 seg=0.4137 semseg=0.8926 mard=2.0648 lambda=0.034897 box_extra=1 mask_extra=1 CC=3/15 cc_shift=0.00264 cc_iou=0.99559 FG/HBG/EBG=32/256/1280 fallback=0 rel=0.898/0.823/0.935 wmean=1.000 grad_preclip=61.41

[Epoch 13] DONE time=32.4s valid=153 skipped=0 pseudo=532 anchors=473 box_extra=87 mask_extra=59 reject_rel=28 CC=449/2141 cc_fallback=0 cc_shift=0.00391 cc_iou=0.99342 loss=6.2119 seg=0.5717 semseg=0.4188 mard=2.0231 lambda_avg=0.031553 FG/HBG/EBG=27.8/219.2/1063.3 rel=0.878/0.664/0.968 wmean=1.000
[E14] batch=001/153 pseudo=2 loss=2.5079 seg=0.7045 semseg=0.2020 mard=2.1338 lambda=0.043813 box_extra=0 mask_extra=0 CC=2/10 cc_shift=0.00194 cc_iou=0.99829 FG/HBG/EBG=16/128/640 fallback=0 rel=0.951/0.951/0.952 wmean=1.000 grad_preclip=42.91
[E14] batch=020/153 pseudo=2 loss=3.8382 seg=1.0287 semseg=0.3124 mard=1.9892 lambda=0.043105 box_extra=2 mask_extra=0 CC=2/10 cc_shift=0.00251 cc_iou=0.99347 FG/HBG/EBG=16/128/640 fallback=0 rel=0.941/0.936/0.947 wmean=1.000 grad_preclip=142.21
[E14] batch=040/153 pseudo=4 loss=4.6875 seg=0.5461 semseg=0.1370 mard=2.0238 lambda=0.034650 box_extra=1 mask_extra=1 CC=3/15 cc_shift=0.00105 cc_iou=0.99866 FG/HBG/EBG=32/256/1280 fallback=0 rel=0.901/0.782/0.958 wmean=1.000 grad_preclip=61.00
[E14] batch=060/153 pseudo=3 loss=5.3387 seg=0.8021 semseg=0.2008 mard=2.0003 lambda=0.018088 box_extra=0 mask_extra=0 CC=3/14 cc_shift=0.00679 cc_iou=0.98899 FG/HBG/EBG=24/192/960 fallback=0 rel=0.793/0.738/0.857 wmean=1.000 grad_preclip=100.29
[E14] batch=080/153 pseudo=3 loss=1.8872 seg=0.2296 semseg=0.0823 mard=2.0088 lambda=0.038095 box_extra=1 mask_extra=1 CC=2/10 cc_shift=0.00132 cc_iou=0.99883 FG/HBG/EBG=24/192/960 fallback=0 rel=0.921/0.882/0.950 wmean=1.000 grad_preclip=21.20
[E14] batch=100/153 pseudo=4 loss=5.3082 seg=0.3917 semseg=0.1479 mard=2.0670 lambda=0.034260 box_extra=1 mask_extra=1 CC=3/15 cc_shift=0.00264 cc_iou=0.99732 FG/HBG/EBG=32/256/1280 fallback=0 rel=0.892/0.755/0.950 wmean=1.000 grad_preclip=38.51
[E14] batch=120/153 pseudo=4 loss=4.4982 seg=0.3371 semseg=0.2575 mard=2.0013 lambda=0.035376 box_extra=1 mask_extra=1 CC=3/15 cc_shift=0.00097 cc_iou=0.99637 FG/HBG/EBG=32/256/1280 fallback=0 rel=0.906/0.825/0.936 wmean=1.000 grad_preclip=73.69
[E14] batch=140/153 pseudo=4 loss=4.4965 seg=0.3173 semseg=0.4194 mard=2.0089 lambda=0.025882 box_extra=1 mask_extra=1 CC=3/14 cc_shift=0.00176 cc_iou=0.99701 FG/HBG/EBG=32/256/896 fallback=0 rel=0.851/0.803/0.948 wmean=1.000 grad_preclip=100.40
[E14] batch=153/153 pseudo=4 loss=5.7293 seg=0.4046 semseg=0.2409 mard=2.0342 lambda=0.034603 box_extra=0 mask_extra=0 CC=4/20 cc_shift=0.00124 cc_iou=0.99862 FG/HBG/EBG=32/256/1280 fallback=0 rel=0.902/0.792/0.955 wmean=1.000 grad_preclip=77.09

[Epoch 14] DONE time=32.7s valid=153 skipped=0 pseudo=536 anchors=473 box_extra=86 mask_extra=63 reject_rel=23 CC=451/2143 cc_fallback=0 cc_shift=0.00365 cc_iou=0.99363 loss=6.3974 seg=0.5711 semseg=0.4633 mard=2.0264 lambda_avg=0.031887 FG/HBG/EBG=28.0/221.3/1073.8 rel=0.879/0.664/0.968 wmean=1.000
[E15] batch=001/153 pseudo=4 loss=7.0799 seg=0.4717 semseg=0.2718 mard=2.0075 lambda=0.031632 box_extra=0 mask_extra=0 CC=4/19 cc_shift=0.00389 cc_iou=0.98769 FG/HBG/EBG=32/256/1280 fallback=0 rel=0.875/0.809/0.929 wmean=1.000 grad_preclip=112.61
[E15] batch=020/153 pseudo=4 loss=7.5951 seg=0.6913 semseg=0.3337 mard=2.0233 lambda=0.039416 box_extra=0 mask_extra=0 CC=4/20 cc_shift=0.00299 cc_iou=0.99554 FG/HBG/EBG=32/256/1280 fallback=0 rel=0.925/0.892/0.954 wmean=1.000 grad_preclip=125.17
[E15] batch=040/153 pseudo=5 loss=7.0137 seg=0.7764 semseg=0.1995 mard=2.0557 lambda=0.027158 box_extra=1 mask_extra=1 CC=3/15 cc_shift=0.00688 cc_iou=0.99086 FG/HBG/EBG=40/256/1280 fallback=0 rel=0.849/0.697/0.948 wmean=1.000 grad_preclip=71.58
[E15] batch=060/153 pseudo=2 loss=2.0523 seg=0.3743 semseg=0.0866 mard=1.9785 lambda=0.037552 box_extra=1 mask_extra=0 CC=2/10 cc_shift=0.00064 cc_iou=0.99947 FG/HBG/EBG=16/128/640 fallback=0 rel=0.917/0.879/0.955 wmean=1.000 grad_preclip=20.57
[E15] batch=080/153 pseudo=4 loss=12.5710 seg=0.8677 semseg=1.1267 mard=2.0403 lambda=0.025482 box_extra=0 mask_extra=0 CC=4/20 cc_shift=0.01177 cc_iou=0.97678 FG/HBG/EBG=32/256/1280 fallback=0 rel=0.840/0.744/0.939 wmean=1.000 grad_preclip=313.29
[E15] batch=100/153 pseudo=3 loss=5.1331 seg=0.5131 semseg=0.4550 mard=2.0461 lambda=0.039718 box_extra=1 mask_extra=0 CC=3/15 cc_shift=0.00255 cc_iou=0.99784 FG/HBG/EBG=24/192/960 fallback=0 rel=0.934/0.917/0.945 wmean=1.000 grad_preclip=136.93
[E15] batch=120/153 pseudo=4 loss=9.0720 seg=0.4942 semseg=1.3718 mard=1.9856 lambda=0.030830 box_extra=0 mask_extra=0 CC=4/17 cc_shift=0.00517 cc_iou=0.99083 FG/HBG/EBG=32/192/960 fallback=0 rel=0.874/0.780/0.947 wmean=1.000 grad_preclip=282.42
[E15] batch=140/153 pseudo=3 loss=2.9513 seg=0.2990 semseg=0.1025 mard=1.9712 lambda=0.042606 box_extra=1 mask_extra=0 CC=3/15 cc_shift=0.00217 cc_iou=0.99656 FG/HBG/EBG=24/192/960 fallback=0 rel=0.945/0.924/0.958 wmean=1.000 grad_preclip=19.55
[E15] batch=153/153 pseudo=2 loss=1.8625 seg=0.3127 semseg=0.0680 mard=2.0188 lambda=0.040279 box_extra=1 mask_extra=0 CC=2/10 cc_shift=0.00451 cc_iou=0.99142 FG/HBG/EBG=16/128/640 fallback=0 rel=0.932/0.904/0.961 wmean=1.000 grad_preclip=14.58

[Epoch 15] DONE time=32.7s valid=153 skipped=0 pseudo=537 anchors=479 box_extra=81 mask_extra=58 reject_rel=23 CC=453/2165 cc_fallback=0 cc_shift=0.00355 cc_iou=0.99407 loss=6.4355 seg=0.5981 semseg=0.4660 mard=2.0201 lambda_avg=0.031170 FG/HBG/EBG=28.1/220.9/1074.2 rel=0.876/0.666/0.968 wmean=1.000
[E16] batch=001/153 pseudo=3 loss=7.4422 seg=0.3619 semseg=0.9277 mard=1.9187 lambda=0.019887 box_extra=0 mask_extra=0 CC=2/6 cc_shift=0.00145 cc_iou=0.99782 FG/HBG/EBG=24/192/960 fallback=0 rel=0.811/0.736/0.930 wmean=1.000 grad_preclip=155.34
[E16] batch=020/153 pseudo=4 loss=4.4698 seg=0.3447 semseg=0.1420 mard=2.0033 lambda=0.028938 box_extra=0 mask_extra=0 CC=4/20 cc_shift=0.00294 cc_iou=0.99406 FG/HBG/EBG=32/256/1280 fallback=0 rel=0.869/0.751/0.945 wmean=1.000 grad_preclip=36.65
[E16] batch=040/153 pseudo=3 loss=1.9776 seg=0.2216 semseg=0.0570 mard=1.9889 lambda=0.039869 box_extra=1 mask_extra=0 CC=3/15 cc_shift=0.00137 cc_iou=0.99746 FG/HBG/EBG=24/192/960 fallback=0 rel=0.931/0.880/0.969 wmean=1.000 grad_preclip=20.45
[E16] batch=060/153 pseudo=3 loss=6.1911 seg=0.7788 semseg=0.2165 mard=2.0877 lambda=0.033501 box_extra=0 mask_extra=0 CC=3/15 cc_shift=0.00494 cc_iou=0.99618 FG/HBG/EBG=24/192/960 fallback=0 rel=0.893/0.825/0.947 wmean=1.000 grad_preclip=88.67
[E16] batch=080/153 pseudo=2 loss=4.9441 seg=0.4074 semseg=1.0985 mard=2.0582 lambda=0.034550 box_extra=0 mask_extra=0 CC=2/10 cc_shift=0.00362 cc_iou=0.99631 FG/HBG/EBG=16/128/640 fallback=0 rel=0.897/0.861/0.934 wmean=1.000 grad_preclip=239.65
[E16] batch=100/153 pseudo=1 loss=0.9632 seg=0.3356 semseg=0.1297 mard=1.9827 lambda=0.044770 box_extra=0 mask_extra=0 CC=1/5 cc_shift=0.00308 cc_iou=0.99498 FG/HBG/EBG=8/64/320 fallback=0 rel=0.945/0.945/0.945 wmean=1.000 grad_preclip=13.72
[E16] batch=120/153 pseudo=2 loss=4.2736 seg=0.8438 semseg=0.3036 mard=2.0804 lambda=0.030645 box_extra=1 mask_extra=0 CC=2/10 cc_shift=0.00730 cc_iou=0.98350 FG/HBG/EBG=16/128/640 fallback=0 rel=0.875/0.865/0.886 wmean=1.000 grad_preclip=32.40
[E16] batch=140/153 pseudo=4 loss=24.9199 seg=1.8749 semseg=2.3768 mard=1.9704 lambda=0.019392 box_extra=2 mask_extra=2 CC=2/10 cc_shift=0.01558 cc_iou=0.97399 FG/HBG/EBG=32/256/1280 fallback=0 rel=0.801/0.739/0.875 wmean=1.000 grad_preclip=534.82
[E16] batch=153/153 pseudo=3 loss=3.8828 seg=0.4141 semseg=0.1886 mard=1.9903 lambda=0.021861 box_extra=1 mask_extra=1 CC=2/10 cc_shift=0.00287 cc_iou=0.99938 FG/HBG/EBG=24/192/960 fallback=0 rel=0.821/0.695/0.893 wmean=1.000 grad_preclip=42.30

[Epoch 16] DONE time=32.5s valid=153 skipped=0 pseudo=530 anchors=472 box_extra=78 mask_extra=58 reject_rel=20 CC=448/2152 cc_fallback=0 cc_shift=0.00343 cc_iou=0.99458 loss=6.7372 seg=0.5905 semseg=0.5362 mard=2.0270 lambda_avg=0.031238 FG/HBG/EBG=27.7/219.6/1067.9 rel=0.876/0.663/0.969 wmean=1.000
[E17] batch=001/153 pseudo=3 loss=3.6881 seg=0.2639 semseg=0.1336 mard=2.0002 lambda=0.031956 box_extra=1 mask_extra=1 CC=2/10 cc_shift=0.00243 cc_iou=0.99754 FG/HBG/EBG=24/192/960 fallback=0 rel=0.888/0.791/0.939 wmean=1.000 grad_preclip=37.79
[E17] batch=020/153 pseudo=4 loss=5.9705 seg=0.5336 semseg=0.2238 mard=2.0351 lambda=0.029297 box_extra=0 mask_extra=0 CC=4/20 cc_shift=0.00991 cc_iou=0.98461 FG/HBG/EBG=32/256/1280 fallback=0 rel=0.859/0.681/0.953 wmean=1.000 grad_preclip=50.10
[E17] batch=040/153 pseudo=3 loss=4.2087 seg=0.3962 semseg=0.1494 mard=2.0786 lambda=0.037313 box_extra=2 mask_extra=1 CC=2/10 cc_shift=0.00094 cc_iou=0.99864 FG/HBG/EBG=24/192/960 fallback=0 rel=0.915/0.848/0.959 wmean=1.000 grad_preclip=53.60
[E17] batch=060/153 pseudo=4 loss=6.1358 seg=0.5214 semseg=0.3217 mard=2.0082 lambda=0.028195 box_extra=2 mask_extra=2 CC=2/10 cc_shift=0.00453 cc_iou=0.99421 FG/HBG/EBG=32/256/1280 fallback=0 rel=0.853/0.799/0.931 wmean=1.000 grad_preclip=47.26
[E17] batch=080/153 pseudo=3 loss=4.5020 seg=0.4423 semseg=0.2263 mard=1.9885 lambda=0.033180 box_extra=1 mask_extra=1 CC=2/10 cc_shift=0.00109 cc_iou=0.99709 FG/HBG/EBG=24/192/960 fallback=0 rel=0.887/0.760/0.952 wmean=1.000 grad_preclip=34.59
[E17] batch=100/153 pseudo=3 loss=5.7102 seg=0.7568 semseg=0.2019 mard=2.0964 lambda=0.040353 box_extra=0 mask_extra=0 CC=3/15 cc_shift=0.00152 cc_iou=0.99749 FG/HBG/EBG=24/192/960 fallback=0 rel=0.933/0.902/0.957 wmean=1.000 grad_preclip=75.33
[E17] batch=120/153 pseudo=4 loss=14.9117 seg=0.7992 semseg=1.1908 mard=1.9949 lambda=0.024648 box_extra=0 mask_extra=0 CC=4/18 cc_shift=0.00635 cc_iou=0.98763 FG/HBG/EBG=32/256/1280 fallback=0 rel=0.846/0.779/0.898 wmean=1.000 grad_preclip=625.65
[E17] batch=140/153 pseudo=3 loss=4.0811 seg=0.4211 semseg=0.1845 mard=1.9307 lambda=0.030248 box_extra=0 mask_extra=0 CC=3/14 cc_shift=0.00334 cc_iou=0.99637 FG/HBG/EBG=24/192/960 fallback=0 rel=0.868/0.810/0.921 wmean=1.000 grad_preclip=27.38
[E17] batch=153/153 pseudo=3 loss=2.3841 seg=0.2113 semseg=0.0993 mard=2.0247 lambda=0.036909 box_extra=0 mask_extra=0 CC=3/13 cc_shift=0.00185 cc_iou=0.99853 FG/HBG/EBG=24/192/960 fallback=0 rel=0.917/0.851/0.958 wmean=1.000 grad_preclip=173.34

[Epoch 17] DONE time=32.4s valid=153 skipped=0 pseudo=526 anchors=471 box_extra=82 mask_extra=55 reject_rel=27 CC=449/2156 cc_fallback=0 cc_shift=0.00335 cc_iou=0.99450 loss=6.5398 seg=0.6092 semseg=0.5457 mard=2.0255 lambda_avg=0.031241 FG/HBG/EBG=27.5/216.7/1058.3 rel=0.879/0.674/0.968 wmean=1.000
[E18] batch=001/153 pseudo=3 loss=3.3363 seg=0.3544 semseg=0.1645 mard=2.0253 lambda=0.040234 box_extra=0 mask_extra=0 CC=3/15 cc_shift=0.00226 cc_iou=0.99506 FG/HBG/EBG=24/192/960 fallback=0 rel=0.932/0.890/0.954 wmean=1.000 grad_preclip=38.15
[E18] batch=020/153 pseudo=4 loss=9.2571 seg=0.5812 semseg=0.7221 mard=2.0869 lambda=0.033553 box_extra=1 mask_extra=0 CC=4/18 cc_shift=0.00435 cc_iou=0.99506 FG/HBG/EBG=32/256/1280 fallback=0 rel=0.886/0.815/0.951 wmean=1.000 grad_preclip=132.94
[E18] batch=040/153 pseudo=3 loss=2.8142 seg=0.2880 semseg=0.0915 mard=2.0106 lambda=0.041154 box_extra=1 mask_extra=0 CC=3/15 cc_shift=0.00152 cc_iou=0.99925 FG/HBG/EBG=24/192/960 fallback=0 rel=0.937/0.924/0.951 wmean=1.000 grad_preclip=28.48
[E18] batch=060/153 pseudo=4 loss=7.4889 seg=0.3781 semseg=0.3724 mard=1.9760 lambda=0.028843 box_extra=2 mask_extra=2 CC=2/10 cc_shift=0.00233 cc_iou=0.99706 FG/HBG/EBG=32/256/1280 fallback=0 rel=0.867/0.775/0.935 wmean=1.000 grad_preclip=178.84
[E18] batch=080/153 pseudo=4 loss=6.6236 seg=0.4283 semseg=0.2210 mard=1.9911 lambda=0.015806 box_extra=1 mask_extra=1 CC=3/12 cc_shift=0.01320 cc_iou=0.97836 FG/HBG/EBG=32/256/1280 fallback=0 rel=0.784/0.710/0.875 wmean=1.000 grad_preclip=55.69
[E18] batch=100/153 pseudo=2 loss=4.7087 seg=0.3796 semseg=0.4120 mard=2.0135 lambda=0.019526 box_extra=0 mask_extra=0 CC=2/8 cc_shift=0.00484 cc_iou=0.99038 FG/HBG/EBG=16/128/640 fallback=0 rel=0.811/0.743/0.878 wmean=1.000 grad_preclip=254.44
[E18] batch=120/153 pseudo=3 loss=2.6951 seg=0.2387 semseg=0.1016 mard=2.0245 lambda=0.043901 box_extra=1 mask_extra=0 CC=3/15 cc_shift=0.00147 cc_iou=0.99852 FG/HBG/EBG=24/192/960 fallback=0 rel=0.949/0.939/0.961 wmean=1.000 grad_preclip=39.22
[E18] batch=140/153 pseudo=3 loss=2.7077 seg=0.2472 semseg=0.1170 mard=1.9531 lambda=0.035066 box_extra=0 mask_extra=0 CC=3/15 cc_shift=0.00100 cc_iou=0.99845 FG/HBG/EBG=24/192/960 fallback=0 rel=0.908/0.880/0.951 wmean=1.000 grad_preclip=25.78
[E18] batch=153/153 pseudo=2 loss=5.9499 seg=0.3488 semseg=1.4086 mard=1.9577 lambda=0.010523 box_extra=0 mask_extra=0 CC=2/10 cc_shift=0.00668 cc_iou=0.99734 FG/HBG/EBG=16/128/640 fallback=0 rel=0.753/0.696/0.811 wmean=1.000 grad_preclip=90.88

[Epoch 18] DONE time=32.7s valid=153 skipped=0 pseudo=543 anchors=481 box_extra=85 mask_extra=62 reject_rel=23 CC=454/2145 cc_fallback=0 cc_shift=0.00391 cc_iou=0.99345 loss=6.5630 seg=0.5765 semseg=0.4638 mard=2.0239 lambda_avg=0.031094 FG/HBG/EBG=28.4/223.4/1089.3 rel=0.874/0.667/0.969 wmean=1.000
[E19] batch=001/153 pseudo=4 loss=7.6734 seg=0.5192 semseg=0.4512 mard=2.0081 lambda=0.027482 box_extra=0 mask_extra=0 CC=4/20 cc_shift=0.00641 cc_iou=0.98803 FG/HBG/EBG=32/256/1280 fallback=0 rel=0.849/0.674/0.958 wmean=1.000 grad_preclip=126.27
[E19] batch=020/153 pseudo=4 loss=4.4731 seg=0.3661 semseg=0.1555 mard=2.0218 lambda=0.028296 box_extra=0 mask_extra=0 CC=3/15 cc_shift=0.00300 cc_iou=0.99611 FG/HBG/EBG=32/256/1280 fallback=0 rel=0.862/0.702/0.939 wmean=1.000 grad_preclip=33.98
[E19] batch=040/153 pseudo=3 loss=5.5149 seg=0.4489 semseg=0.1877 mard=1.9870 lambda=0.022539 box_extra=2 mask_extra=1 CC=2/6 cc_shift=0.00625 cc_iou=0.99380 FG/HBG/EBG=24/192/960 fallback=0 rel=0.828/0.707/0.914 wmean=1.000 grad_preclip=74.76
[E19] batch=060/153 pseudo=5 loss=7.3461 seg=0.4768 semseg=0.2431 mard=2.0631 lambda=0.021507 box_extra=1 mask_extra=1 CC=4/13 cc_shift=0.00446 cc_iou=0.99342 FG/HBG/EBG=40/256/1280 fallback=0 rel=0.816/0.668/0.943 wmean=1.000 grad_preclip=100.33
[E19] batch=080/153 pseudo=4 loss=19.9720 seg=0.8882 semseg=1.9866 mard=1.9716 lambda=0.029371 box_extra=3 mask_extra=2 CC=1/5 cc_shift=0.00050 cc_iou=0.99909 FG/HBG/EBG=32/256/1280 fallback=0 rel=0.860/0.816/0.957 wmean=1.000 grad_preclip=421.22
[E19] batch=100/153 pseudo=2 loss=4.7372 seg=0.4408 semseg=0.2997 mard=2.1238 lambda=0.025896 box_extra=0 mask_extra=0 CC=2/10 cc_shift=0.00531 cc_iou=0.99004 FG/HBG/EBG=16/128/640 fallback=0 rel=0.838/0.817/0.859 wmean=1.000 grad_preclip=38.36
[E19] batch=120/153 pseudo=2 loss=1.6648 seg=0.2182 semseg=0.0745 mard=1.9745 lambda=0.027011 box_extra=0 mask_extra=0 CC=2/10 cc_shift=0.00276 cc_iou=0.99656 FG/HBG/EBG=16/128/640 fallback=0 rel=0.854/0.751/0.956 wmean=1.000 grad_preclip=21.07
[E19] batch=140/153 pseudo=4 loss=4.2265 seg=0.3620 semseg=0.1930 mard=2.0482 lambda=0.040780 box_extra=0 mask_extra=0 CC=4/20 cc_shift=0.00176 cc_iou=0.99562 FG/HBG/EBG=32/256/1280 fallback=0 rel=0.932/0.927/0.940 wmean=1.000 grad_preclip=32.00
[E19] batch=153/153 pseudo=5 loss=4.6314 seg=0.3198 semseg=0.1660 mard=2.0054 lambda=0.027346 box_extra=0 mask_extra=0 CC=5/21 cc_shift=0.00515 cc_iou=0.99305 FG/HBG/EBG=40/320/1216 fallback=0 rel=0.856/0.764/0.955 wmean=1.000 grad_preclip=20.77

[Epoch 19] DONE time=32.6s valid=153 skipped=0 pseudo=532 anchors=475 box_extra=89 mask_extra=57 reject_rel=32 CC=453/2151 cc_fallback=0 cc_shift=0.00361 cc_iou=0.99390 loss=6.4387 seg=0.5392 semseg=0.5233 mard=2.0253 lambda_avg=0.031713 FG/HBG/EBG=27.8/218.8/1068.8 rel=0.878/0.666/0.969 wmean=1.000
[E20] batch=001/153 pseudo=4 loss=4.4894 seg=0.4223 semseg=0.1295 mard=1.9904 lambda=0.033329 box_extra=0 mask_extra=0 CC=4/20 cc_shift=0.00475 cc_iou=0.98821 FG/HBG/EBG=32/256/1280 fallback=0 rel=0.885/0.729/0.951 wmean=1.000 grad_preclip=27.15
[E20] batch=020/153 pseudo=4 loss=3.4377 seg=0.2492 semseg=0.1639 mard=2.0645 lambda=0.032417 box_extra=0 mask_extra=0 CC=4/19 cc_shift=0.00371 cc_iou=0.99414 FG/HBG/EBG=32/256/1280 fallback=0 rel=0.886/0.723/0.944 wmean=1.000 grad_preclip=81.78
[E20] batch=040/153 pseudo=3 loss=9.0992 seg=1.0327 semseg=0.6951 mard=2.0192 lambda=0.026438 box_extra=0 mask_extra=0 CC=3/14 cc_shift=0.00460 cc_iou=0.98457 FG/HBG/EBG=24/192/960 fallback=0 rel=0.837/0.661/0.936 wmean=1.000 grad_preclip=96.30
[E20] batch=060/153 pseudo=4 loss=3.2501 seg=0.2230 semseg=0.0957 mard=1.9556 lambda=0.032253 box_extra=0 mask_extra=0 CC=4/20 cc_shift=0.00153 cc_iou=0.99865 FG/HBG/EBG=32/256/1280 fallback=0 rel=0.888/0.770/0.953 wmean=1.000 grad_preclip=22.19
[E20] batch=080/153 pseudo=4 loss=3.4488 seg=0.2637 semseg=0.1256 mard=1.9689 lambda=0.029773 box_extra=0 mask_extra=0 CC=4/20 cc_shift=0.00312 cc_iou=0.99869 FG/HBG/EBG=32/256/1280 fallback=0 rel=0.875/0.705/0.945 wmean=1.000 grad_preclip=27.88
[E20] batch=100/153 pseudo=2 loss=1.6871 seg=0.2218 semseg=0.0858 mard=2.0295 lambda=0.043854 box_extra=1 mask_extra=0 CC=2/10 cc_shift=0.00236 cc_iou=0.99510 FG/HBG/EBG=16/128/640 fallback=0 rel=0.956/0.952/0.961 wmean=1.000 grad_preclip=18.43
[E20] batch=120/153 pseudo=3 loss=21.3253 seg=1.1739 semseg=7.9413 mard=2.1021 lambda=0.031070 box_extra=0 mask_extra=0 CC=2/10 cc_shift=0.00134 cc_iou=0.99678 FG/HBG/EBG=24/192/576 fallback=0 rel=0.876/0.802/0.932 wmean=1.000 grad_preclip=74.59
[E20] batch=140/153 pseudo=2 loss=2.6267 seg=0.2418 semseg=0.1431 mard=2.0016 lambda=0.037566 box_extra=1 mask_extra=1 CC=1/5 cc_shift=0.00035 cc_iou=0.99804 FG/HBG/EBG=16/128/640 fallback=0 rel=0.914/0.877/0.951 wmean=1.000 grad_preclip=23.82
[E20] batch=153/153 pseudo=4 loss=9.2759 seg=0.3795 semseg=0.5855 mard=2.0064 lambda=0.030664 box_extra=0 mask_extra=0 CC=4/20 cc_shift=0.00428 cc_iou=0.98726 FG/HBG/EBG=32/256/1280 fallback=0 rel=0.871/0.727/0.963 wmean=1.000 grad_preclip=86.01

[Epoch 20] DONE time=32.6s valid=153 skipped=0 pseudo=532 anchors=474 box_extra=83 mask_extra=58 reject_rel=25 CC=450/2147 cc_fallback=0 cc_shift=0.00352 cc_iou=0.99424 loss=6.4735 seg=0.5637 semseg=0.5252 mard=2.0276 lambda_avg=0.031711 FG/HBG/EBG=27.8/219.2/1063.3 rel=0.879/0.661/0.968 wmean=1.000
[SAVE] /home/dang/MedRT-SFOD/runs/seg/dense_sfseg/cvc_ccdhf_v1_segmard_v2_60ep/checkpoints/dense_sfseg_epoch_20.pt
[E21] batch=001/153 pseudo=3 loss=4.4060 seg=0.6620 semseg=0.2023 mard=1.9739 lambda=0.031400 box_extra=0 mask_extra=0 CC=3/15 cc_shift=0.00279 cc_iou=0.99758 FG/HBG/EBG=24/192/960 fallback=0 rel=0.879/0.791/0.942 wmean=1.000 grad_preclip=220.22
[E21] batch=020/153 pseudo=3 loss=3.7240 seg=0.3284 semseg=0.1456 mard=2.1165 lambda=0.027075 box_extra=0 mask_extra=0 CC=2/10 cc_shift=0.00102 cc_iou=0.99741 FG/HBG/EBG=24/192/960 fallback=0 rel=0.857/0.703/0.953 wmean=1.000 grad_preclip=21.02
[E21] batch=040/153 pseudo=4 loss=8.0641 seg=0.5197 semseg=0.7062 mard=2.0516 lambda=0.015971 box_extra=1 mask_extra=1 CC=1/5 cc_shift=0.00467 cc_iou=0.98789 FG/HBG/EBG=32/256/1280 fallback=0 rel=0.788/0.716/0.941 wmean=1.000 grad_preclip=104.60
[E21] batch=060/153 pseudo=4 loss=3.8939 seg=0.2951 semseg=0.1181 mard=2.0454 lambda=0.041902 box_extra=0 mask_extra=0 CC=4/20 cc_shift=0.00310 cc_iou=0.99659 FG/HBG/EBG=32/256/1280 fallback=0 rel=0.941/0.930/0.953 wmean=1.000 grad_preclip=24.12
[E21] batch=080/153 pseudo=5 loss=4.9338 seg=0.3711 semseg=0.1588 mard=1.9621 lambda=0.025149 box_extra=1 mask_extra=1 CC=4/20 cc_shift=0.00383 cc_iou=0.99425 FG/HBG/EBG=40/320/1216 fallback=0 rel=0.838/0.723/0.949 wmean=1.000 grad_preclip=33.23
[E21] batch=100/153 pseudo=3 loss=7.2643 seg=0.7793 semseg=0.5755 mard=2.0821 lambda=0.019621 box_extra=1 mask_extra=1 CC=2/10 cc_shift=0.00095 cc_iou=0.99620 FG/HBG/EBG=24/192/960 fallback=0 rel=0.812/0.743/0.931 wmean=1.000 grad_preclip=55.31
[E21] batch=120/153 pseudo=4 loss=4.5894 seg=0.2732 semseg=0.1297 mard=1.9974 lambda=0.035745 box_extra=0 mask_extra=0 CC=3/15 cc_shift=0.00055 cc_iou=0.99745 FG/HBG/EBG=32/256/1280 fallback=0 rel=0.907/0.771/0.958 wmean=1.000 grad_preclip=32.01
[E21] batch=140/153 pseudo=4 loss=5.7517 seg=0.4415 semseg=0.1937 mard=2.0164 lambda=0.027155 box_extra=1 mask_extra=1 CC=2/10 cc_shift=0.00281 cc_iou=0.99847 FG/HBG/EBG=32/256/1280 fallback=0 rel=0.857/0.733/0.959 wmean=1.000 grad_preclip=29.41
[E21] batch=153/153 pseudo=4 loss=4.2471 seg=0.4001 semseg=0.1455 mard=2.0911 lambda=0.038236 box_extra=1 mask_extra=1 CC=3/15 cc_shift=0.00226 cc_iou=0.99590 FG/HBG/EBG=32/256/1280 fallback=0 rel=0.919/0.874/0.943 wmean=1.000 grad_preclip=52.49

[Epoch 21] DONE time=32.7s valid=153 skipped=0 pseudo=533 anchors=475 box_extra=77 mask_extra=58 reject_rel=19 CC=449/2146 cc_fallback=0 cc_shift=0.00369 cc_iou=0.99402 loss=6.2307 seg=0.5579 semseg=0.4419 mard=2.0215 lambda_avg=0.031627 FG/HBG/EBG=27.9/219.6/1065.4 rel=0.876/0.666/0.969 wmean=1.000
[E22] batch=001/153 pseudo=3 loss=4.9272 seg=0.3388 semseg=0.7617 mard=2.0195 lambda=0.031800 box_extra=0 mask_extra=0 CC=2/10 cc_shift=0.00112 cc_iou=0.99826 FG/HBG/EBG=24/128/640 fallback=0 rel=0.886/0.788/0.952 wmean=1.000 grad_preclip=107.99
[E22] batch=020/153 pseudo=4 loss=8.5589 seg=0.8888 semseg=0.4705 mard=2.0152 lambda=0.027924 box_extra=1 mask_extra=1 CC=2/10 cc_shift=0.00348 cc_iou=0.99496 FG/HBG/EBG=32/256/1280 fallback=0 rel=0.855/0.718/0.943 wmean=1.000 grad_preclip=44.00
[E22] batch=040/153 pseudo=4 loss=15.4197 seg=1.5212 semseg=0.8832 mard=1.9977 lambda=0.032951 box_extra=1 mask_extra=1 CC=3/15 cc_shift=0.00446 cc_iou=0.99597 FG/HBG/EBG=32/256/1280 fallback=0 rel=0.891/0.847/0.937 wmean=1.000 grad_preclip=156.61
[E22] batch=060/153 pseudo=4 loss=5.6964 seg=0.4532 semseg=0.2092 mard=1.9909 lambda=0.037010 box_extra=0 mask_extra=0 CC=4/20 cc_shift=0.00292 cc_iou=0.99554 FG/HBG/EBG=32/256/1280 fallback=0 rel=0.908/0.862/0.950 wmean=1.000 grad_preclip=54.95
[E22] batch=080/153 pseudo=4 loss=3.1577 seg=0.2679 semseg=0.0918 mard=2.0169 lambda=0.041092 box_extra=0 mask_extra=0 CC=4/20 cc_shift=0.00167 cc_iou=0.99776 FG/HBG/EBG=32/256/1280 fallback=0 rel=0.939/0.919/0.953 wmean=1.000 grad_preclip=23.23
[E22] batch=100/153 pseudo=4 loss=3.4475 seg=0.3318 semseg=0.1045 mard=1.9790 lambda=0.022718 box_extra=0 mask_extra=0 CC=4/20 cc_shift=0.00473 cc_iou=0.99587 FG/HBG/EBG=32/256/896 fallback=0 rel=0.825/0.711/0.881 wmean=1.000 grad_preclip=18.64
[E22] batch=120/153 pseudo=3 loss=4.0435 seg=0.4308 semseg=0.1236 mard=1.9506 lambda=0.030722 box_extra=0 mask_extra=0 CC=3/15 cc_shift=0.00423 cc_iou=0.98651 FG/HBG/EBG=24/192/960 fallback=0 rel=0.871/0.829/0.929 wmean=1.000 grad_preclip=28.56
[E22] batch=140/153 pseudo=3 loss=2.5181 seg=0.2714 semseg=0.1064 mard=2.0328 lambda=0.030290 box_extra=0 mask_extra=0 CC=3/15 cc_shift=0.00272 cc_iou=0.99730 FG/HBG/EBG=24/192/960 fallback=0 rel=0.879/0.746/0.967 wmean=1.000 grad_preclip=34.70
[E22] batch=153/153 pseudo=4 loss=7.8823 seg=0.6365 semseg=0.3640 mard=1.9763 lambda=0.028815 box_extra=0 mask_extra=0 CC=4/20 cc_shift=0.00330 cc_iou=0.99488 FG/HBG/EBG=32/256/1280 fallback=0 rel=0.861/0.792/0.933 wmean=1.000 grad_preclip=84.91

[Epoch 22] DONE time=32.5s valid=153 skipped=0 pseudo=531 anchors=481 box_extra=75 mask_extra=50 reject_rel=25 CC=452/2159 cc_fallback=0 cc_shift=0.00387 cc_iou=0.99344 loss=6.0115 seg=0.5652 semseg=0.4161 mard=2.0238 lambda_avg=0.031516 FG/HBG/EBG=27.8/218.8/1063.7 rel=0.878/0.670/0.968 wmean=1.000
[E23] batch=001/153 pseudo=4 loss=6.3827 seg=0.4031 semseg=0.4371 mard=2.0778 lambda=0.036802 box_extra=1 mask_extra=1 CC=3/15 cc_shift=0.00252 cc_iou=0.99585 FG/HBG/EBG=32/256/1280 fallback=0 rel=0.913/0.877/0.944 wmean=1.000 grad_preclip=97.02
[E23] batch=020/153 pseudo=2 loss=3.1096 seg=0.4184 semseg=0.2678 mard=2.0463 lambda=0.039218 box_extra=1 mask_extra=0 CC=2/10 cc_shift=0.00098 cc_iou=0.99844 FG/HBG/EBG=16/128/640 fallback=0 rel=0.928/0.901/0.955 wmean=1.000 grad_preclip=38.88
[E23] batch=040/153 pseudo=3 loss=6.0571 seg=0.7443 semseg=0.4334 mard=1.9995 lambda=0.031799 box_extra=0 mask_extra=0 CC=3/13 cc_shift=0.00263 cc_iou=0.99394 FG/HBG/EBG=24/192/960 fallback=0 rel=0.880/0.748/0.950 wmean=1.000 grad_preclip=46.23
[E23] batch=060/153 pseudo=4 loss=30.3266 seg=2.9775 semseg=1.8523 mard=1.9751 lambda=0.027990 box_extra=0 mask_extra=0 CC=3/15 cc_shift=0.00357 cc_iou=0.99609 FG/HBG/EBG=32/256/1280 fallback=0 rel=0.848/0.693/0.936 wmean=1.000 grad_preclip=220.21
[E23] batch=080/153 pseudo=3 loss=5.2317 seg=0.4405 semseg=0.4149 mard=1.9666 lambda=0.025136 box_extra=0 mask_extra=0 CC=2/10 cc_shift=0.00053 cc_iou=0.99777 FG/HBG/EBG=24/192/960 fallback=0 rel=0.837/0.718/0.956 wmean=1.000 grad_preclip=49.26
[E23] batch=100/153 pseudo=4 loss=4.7802 seg=0.2720 semseg=0.1293 mard=1.9496 lambda=0.032063 box_extra=0 mask_extra=0 CC=4/20 cc_shift=0.00268 cc_iou=0.99898 FG/HBG/EBG=32/256/1280 fallback=0 rel=0.886/0.767/0.948 wmean=1.000 grad_preclip=35.60
[E23] batch=120/153 pseudo=5 loss=9.3419 seg=0.5463 semseg=0.5015 mard=1.9711 lambda=0.024928 box_extra=1 mask_extra=1 CC=3/11 cc_shift=0.00378 cc_iou=0.99449 FG/HBG/EBG=40/256/1280 fallback=0 rel=0.842/0.755/0.969 wmean=1.000 grad_preclip=76.90
[E23] batch=140/153 pseudo=4 loss=4.0936 seg=0.2272 semseg=0.1122 mard=2.0660 lambda=0.038075 box_extra=0 mask_extra=0 CC=4/20 cc_shift=0.00149 cc_iou=0.99854 FG/HBG/EBG=32/256/1280 fallback=0 rel=0.923/0.900/0.939 wmean=1.000 grad_preclip=51.38
[E23] batch=153/153 pseudo=3 loss=3.8446 seg=0.2646 semseg=0.1610 mard=1.9873 lambda=0.025592 box_extra=0 mask_extra=0 CC=3/15 cc_shift=0.00309 cc_iou=0.99660 FG/HBG/EBG=24/192/960 fallback=0 rel=0.849/0.767/0.955 wmean=1.000 grad_preclip=27.08

[Epoch 23] DONE time=32.4s valid=153 skipped=0 pseudo=527 anchors=478 box_extra=72 mask_extra=49 reject_rel=23 CC=456/2189 cc_fallback=0 cc_shift=0.00329 cc_iou=0.99461 loss=6.0194 seg=0.6163 semseg=0.4143 mard=2.0241 lambda_avg=0.031976 FG/HBG/EBG=27.6/218.4/1064.2 rel=0.881/0.661/0.969 wmean=1.000
[E24] batch=001/153 pseudo=4 loss=6.0683 seg=0.4864 semseg=0.2159 mard=2.1248 lambda=0.035586 box_extra=0 mask_extra=0 CC=4/20 cc_shift=0.00342 cc_iou=0.99581 FG/HBG/EBG=32/256/1280 fallback=0 rel=0.904/0.858/0.927 wmean=1.000 grad_preclip=51.11
[E24] batch=020/153 pseudo=4 loss=5.5307 seg=0.4443 semseg=0.1692 mard=2.0252 lambda=0.027259 box_extra=0 mask_extra=0 CC=4/20 cc_shift=0.00351 cc_iou=0.99529 FG/HBG/EBG=32/256/1280 fallback=0 rel=0.852/0.781/0.937 wmean=1.000 grad_preclip=39.36
[E24] batch=040/153 pseudo=6 loss=9.7462 seg=0.7666 semseg=0.6409 mard=1.9833 lambda=0.019869 box_extra=1 mask_extra=1 CC=4/20 cc_shift=0.00738 cc_iou=0.98619 FG/HBG/EBG=48/320/1216 fallback=0 rel=0.806/0.683/0.959 wmean=1.000 grad_preclip=59.36
[E24] batch=060/153 pseudo=4 loss=6.4941 seg=0.4232 semseg=0.2976 mard=2.1007 lambda=0.033370 box_extra=0 mask_extra=0 CC=4/17 cc_shift=0.00331 cc_iou=0.99371 FG/HBG/EBG=32/256/1280 fallback=0 rel=0.886/0.803/0.957 wmean=1.000 grad_preclip=98.54
[E24] batch=080/153 pseudo=5 loss=16.4110 seg=0.9544 semseg=2.1700 mard=2.0452 lambda=0.027959 box_extra=0 mask_extra=0 CC=4/20 cc_shift=0.00403 cc_iou=0.99527 FG/HBG/EBG=40/256/1280 fallback=0 rel=0.853/0.744/0.936 wmean=1.000 grad_preclip=502.42
[E24] batch=100/153 pseudo=3 loss=4.7028 seg=0.5338 semseg=0.2874 mard=2.0636 lambda=0.026117 box_extra=0 mask_extra=0 CC=3/15 cc_shift=0.00121 cc_iou=0.99669 FG/HBG/EBG=24/192/960 fallback=0 rel=0.849/0.700/0.931 wmean=1.000 grad_preclip=43.84
[E24] batch=120/153 pseudo=4 loss=7.7973 seg=0.6260 semseg=0.2412 mard=2.0656 lambda=0.024532 box_extra=2 mask_extra=2 CC=2/10 cc_shift=0.00311 cc_iou=0.99868 FG/HBG/EBG=32/256/1280 fallback=0 rel=0.836/0.759/0.959 wmean=1.000 grad_preclip=59.85
[E24] batch=140/153 pseudo=3 loss=7.4914 seg=0.4822 semseg=0.8684 mard=2.0035 lambda=0.026798 box_extra=2 mask_extra=2 CC=1/5 cc_shift=0.00181 cc_iou=0.99804 FG/HBG/EBG=24/192/960 fallback=0 rel=0.849/0.761/0.952 wmean=1.000 grad_preclip=86.14
[E24] batch=153/153 pseudo=4 loss=5.6320 seg=0.4771 semseg=0.2369 mard=2.0082 lambda=0.027164 box_extra=0 mask_extra=0 CC=4/19 cc_shift=0.00283 cc_iou=0.99475 FG/HBG/EBG=32/256/1280 fallback=0 rel=0.853/0.712/0.950 wmean=1.000 grad_preclip=31.51

[Epoch 24] DONE time=32.8s valid=153 skipped=0 pseudo=541 anchors=489 box_extra=65 mask_extra=52 reject_rel=13 CC=470/2233 cc_fallback=0 cc_shift=0.00384 cc_iou=0.99373 loss=6.5432 seg=0.5676 semseg=0.5574 mard=2.0248 lambda_avg=0.031494 FG/HBG/EBG=28.3/222.5/1082.6 rel=0.877/0.661/0.968 wmean=1.000
[E25] batch=001/153 pseudo=2 loss=2.8448 seg=0.3292 semseg=0.2044 mard=1.9647 lambda=0.037972 box_extra=1 mask_extra=0 CC=2/10 cc_shift=0.00157 cc_iou=0.99558 FG/HBG/EBG=16/128/640 fallback=0 rel=0.915/0.905/0.924 wmean=1.000 grad_preclip=30.69
[E25] batch=020/153 pseudo=2 loss=11.4803 seg=1.1459 semseg=2.3097 mard=2.0128 lambda=0.014554 box_extra=1 mask_extra=1 CC=1/5 cc_shift=0.00085 cc_iou=0.99854 FG/HBG/EBG=16/128/640 fallback=0 rel=0.790/0.763/0.816 wmean=1.000 grad_preclip=319.51
[E25] batch=040/153 pseudo=4 loss=6.2054 seg=0.4046 semseg=0.2921 mard=2.0385 lambda=0.033952 box_extra=1 mask_extra=1 CC=3/15 cc_shift=0.00175 cc_iou=0.99775 FG/HBG/EBG=32/256/1280 fallback=0 rel=0.901/0.880/0.928 wmean=1.000 grad_preclip=87.92
[E25] batch=060/153 pseudo=4 loss=10.4727 seg=0.5879 semseg=2.3225 mard=2.0572 lambda=0.035213 box_extra=1 mask_extra=0 CC=3/15 cc_shift=0.00306 cc_iou=0.99213 FG/HBG/EBG=32/256/896 fallback=0 rel=0.899/0.800/0.951 wmean=1.000 grad_preclip=148.36
[E25] batch=080/153 pseudo=3 loss=2.0128 seg=0.2396 semseg=0.0994 mard=2.0385 lambda=0.040829 box_extra=0 mask_extra=0 CC=3/15 cc_shift=0.00085 cc_iou=0.99842 FG/HBG/EBG=24/192/960 fallback=0 rel=0.934/0.886/0.961 wmean=1.000 grad_preclip=24.05
[E25] batch=100/153 pseudo=3 loss=27.6279 seg=0.8679 semseg=6.2512 mard=2.0237 lambda=0.026123 box_extra=0 mask_extra=0 CC=3/11 cc_shift=0.00507 cc_iou=0.99513 FG/HBG/EBG=24/192/960 fallback=0 rel=0.854/0.740/0.940 wmean=1.000 grad_preclip=510.90
[E25] batch=120/153 pseudo=4 loss=5.0825 seg=0.7843 semseg=0.2242 mard=2.0793 lambda=0.027116 box_extra=1 mask_extra=1 CC=3/15 cc_shift=0.00249 cc_iou=0.99511 FG/HBG/EBG=32/256/896 fallback=0 rel=0.858/0.804/0.886 wmean=1.000 grad_preclip=24.25
[E25] batch=140/153 pseudo=3 loss=12.6468 seg=0.3230 semseg=2.8184 mard=2.0516 lambda=0.019532 box_extra=1 mask_extra=1 CC=2/10 cc_shift=0.00068 cc_iou=0.99858 FG/HBG/EBG=24/192/960 fallback=0 rel=0.820/0.778/0.895 wmean=1.000 grad_preclip=129.75
[E25] batch=153/153 pseudo=3 loss=2.7187 seg=0.2641 semseg=0.1631 mard=2.0919 lambda=0.042276 box_extra=0 mask_extra=0 CC=3/15 cc_shift=0.00165 cc_iou=0.99744 FG/HBG/EBG=24/192/960 fallback=0 rel=0.944/0.932/0.953 wmean=1.000 grad_preclip=33.69

[Epoch 25] DONE time=32.7s valid=153 skipped=0 pseudo=534 anchors=479 box_extra=77 mask_extra=55 reject_rel=22 CC=453/2171 cc_fallback=0 cc_shift=0.00366 cc_iou=0.99400 loss=6.2249 seg=0.5456 semseg=0.4586 mard=2.0269 lambda_avg=0.031879 FG/HBG/EBG=27.9/220.9/1074.2 rel=0.879/0.671/0.969 wmean=1.000
[E26] batch=001/153 pseudo=4 loss=7.5885 seg=0.4950 semseg=0.6580 mard=2.0793 lambda=0.021522 box_extra=0 mask_extra=0 CC=4/19 cc_shift=0.00750 cc_iou=0.98634 FG/HBG/EBG=32/256/1280 fallback=0 rel=0.821/0.687/0.871 wmean=1.000 grad_preclip=52.42
[E26] batch=020/153 pseudo=3 loss=7.8510 seg=0.9265 semseg=0.4848 mard=2.0528 lambda=0.035870 box_extra=0 mask_extra=0 CC=3/15 cc_shift=0.00440 cc_iou=0.98851 FG/HBG/EBG=24/192/960 fallback=0 rel=0.905/0.873/0.940 wmean=1.000 grad_preclip=154.25
[E26] batch=040/153 pseudo=3 loss=6.6997 seg=0.8831 semseg=0.5602 mard=2.0021 lambda=0.022113 box_extra=0 mask_extra=0 CC=3/13 cc_shift=0.00848 cc_iou=0.98336 FG/HBG/EBG=24/192/960 fallback=0 rel=0.817/0.781/0.885 wmean=1.000 grad_preclip=63.24
[E26] batch=060/153 pseudo=2 loss=1.7232 seg=0.2210 semseg=0.0716 mard=1.9767 lambda=0.033484 box_extra=2 mask_extra=1 CC=1/5 cc_shift=0.00071 cc_iou=0.99756 FG/HBG/EBG=16/128/640 fallback=0 rel=0.901/0.869/0.932 wmean=1.000 grad_preclip=12.43
[E26] batch=080/153 pseudo=3 loss=5.7593 seg=0.6008 semseg=0.2404 mard=2.0451 lambda=0.023674 box_extra=0 mask_extra=0 CC=3/15 cc_shift=0.00285 cc_iou=0.99580 FG/HBG/EBG=24/192/960 fallback=0 rel=0.841/0.745/0.927 wmean=1.000 grad_preclip=33.53
[E26] batch=100/153 pseudo=1 loss=0.8408 seg=0.2473 semseg=0.0928 mard=2.1447 lambda=0.041057 box_extra=0 mask_extra=0 CC=1/5 cc_shift=0.00220 cc_iou=0.99629 FG/HBG/EBG=8/64/320 fallback=0 rel=0.937/0.937/0.937 wmean=1.000 grad_preclip=10.69
[E26] batch=120/153 pseudo=4 loss=8.2857 seg=0.5368 semseg=0.4115 mard=2.0086 lambda=0.028597 box_extra=0 mask_extra=0 CC=4/19 cc_shift=0.00395 cc_iou=0.99392 FG/HBG/EBG=32/256/1280 fallback=0 rel=0.867/0.803/0.951 wmean=1.000 grad_preclip=206.17
[E26] batch=140/153 pseudo=4 loss=4.2105 seg=0.3030 semseg=0.1228 mard=2.0015 lambda=0.037314 box_extra=0 mask_extra=0 CC=4/20 cc_shift=0.00267 cc_iou=0.99630 FG/HBG/EBG=32/256/1280 fallback=0 rel=0.911/0.884/0.928 wmean=1.000 grad_preclip=33.43
[E26] batch=153/153 pseudo=4 loss=9.9586 seg=0.7380 semseg=0.4403 mard=1.9901 lambda=0.033017 box_extra=0 mask_extra=0 CC=3/15 cc_shift=0.01029 cc_iou=0.99085 FG/HBG/EBG=32/256/1280 fallback=0 rel=0.886/0.826/0.946 wmean=1.000 grad_preclip=80.73

[Epoch 26] DONE time=32.8s valid=153 skipped=0 pseudo=539 anchors=481 box_extra=83 mask_extra=58 reject_rel=25 CC=466/2229 cc_fallback=0 cc_shift=0.00379 cc_iou=0.99379 loss=6.4428 seg=0.5776 semseg=0.5495 mard=2.0272 lambda_avg=0.031668 FG/HBG/EBG=28.2/223.4/1086.7 rel=0.879/0.661/0.969 wmean=1.000
[E27] batch=001/153 pseudo=4 loss=12.4797 seg=0.5215 semseg=1.7192 mard=1.9353 lambda=0.036287 box_extra=1 mask_extra=1 CC=3/15 cc_shift=0.00093 cc_iou=0.99968 FG/HBG/EBG=32/256/1280 fallback=0 rel=0.916/0.863/0.952 wmean=1.000 grad_preclip=323.10
[E27] batch=020/153 pseudo=4 loss=4.5736 seg=0.5889 semseg=0.1728 mard=2.1079 lambda=0.024251 box_extra=0 mask_extra=0 CC=4/20 cc_shift=0.00218 cc_iou=0.99696 FG/HBG/EBG=32/256/1280 fallback=0 rel=0.840/0.708/0.919 wmean=1.000 grad_preclip=51.12
[E27] batch=040/153 pseudo=4 loss=3.0827 seg=0.3226 semseg=0.0975 mard=1.9818 lambda=0.043207 box_extra=0 mask_extra=0 CC=4/20 cc_shift=0.00086 cc_iou=0.99909 FG/HBG/EBG=32/256/1280 fallback=0 rel=0.951/0.948/0.954 wmean=1.000 grad_preclip=30.26
[E27] batch=060/153 pseudo=3 loss=6.3904 seg=0.8885 semseg=0.3017 mard=1.9954 lambda=0.024036 box_extra=1 mask_extra=0 CC=3/12 cc_shift=0.02833 cc_iou=0.94698 FG/HBG/EBG=24/192/960 fallback=0 rel=0.824/0.701/0.939 wmean=1.000 grad_preclip=36.38
[E27] batch=080/153 pseudo=3 loss=3.3790 seg=0.3277 semseg=0.1856 mard=2.0735 lambda=0.033423 box_extra=0 mask_extra=0 CC=3/15 cc_shift=0.00341 cc_iou=0.99744 FG/HBG/EBG=24/192/960 fallback=0 rel=0.892/0.872/0.927 wmean=1.000 grad_preclip=58.54
[E27] batch=100/153 pseudo=3 loss=3.4482 seg=0.3561 semseg=0.1893 mard=2.0471 lambda=0.025299 box_extra=1 mask_extra=1 CC=2/10 cc_shift=0.00213 cc_iou=0.99779 FG/HBG/EBG=24/192/960 fallback=0 rel=0.851/0.820/0.883 wmean=1.000 grad_preclip=40.29
[E27] batch=120/153 pseudo=4 loss=5.7702 seg=0.3947 semseg=0.3466 mard=2.0565 lambda=0.039730 box_extra=0 mask_extra=0 CC=4/20 cc_shift=0.00246 cc_iou=0.99745 FG/HBG/EBG=32/256/1280 fallback=0 rel=0.929/0.901/0.957 wmean=1.000 grad_preclip=171.26
[E27] batch=140/153 pseudo=4 loss=3.1176 seg=0.2986 semseg=0.1482 mard=1.9881 lambda=0.037611 box_extra=0 mask_extra=0 CC=4/20 cc_shift=0.00177 cc_iou=0.99597 FG/HBG/EBG=32/256/1280 fallback=0 rel=0.915/0.853/0.938 wmean=1.000 grad_preclip=38.06
[E27] batch=153/153 pseudo=4 loss=3.1007 seg=0.4242 semseg=0.2195 mard=1.9921 lambda=0.036786 box_extra=2 mask_extra=2 CC=2/10 cc_shift=0.00391 cc_iou=0.98706 FG/HBG/EBG=32/256/512 fallback=0 rel=0.904/0.839/0.950 wmean=1.000 grad_preclip=31.16

[Epoch 27] DONE time=32.5s valid=153 skipped=0 pseudo=525 anchors=472 box_extra=78 mask_extra=53 reject_rel=25 CC=452/2152 cc_fallback=0 cc_shift=0.00369 cc_iou=0.99386 loss=5.7138 seg=0.5294 semseg=0.4077 mard=2.0268 lambda_avg=0.032057 FG/HBG/EBG=27.5/215.8/1054.1 rel=0.881/0.661/0.969 wmean=1.000
[E28] batch=001/153 pseudo=4 loss=3.5049 seg=0.2643 semseg=0.1257 mard=1.9813 lambda=0.036920 box_extra=0 mask_extra=0 CC=4/20 cc_shift=0.00245 cc_iou=0.99754 FG/HBG/EBG=32/256/1280 fallback=0 rel=0.911/0.876/0.929 wmean=1.000 grad_preclip=24.88
[E28] batch=020/153 pseudo=3 loss=2.7216 seg=0.2832 semseg=0.1338 mard=1.9578 lambda=0.036236 box_extra=0 mask_extra=0 CC=3/15 cc_shift=0.00386 cc_iou=0.99439 FG/HBG/EBG=24/192/960 fallback=0 rel=0.911/0.862/0.955 wmean=1.000 grad_preclip=29.64
[E28] batch=040/153 pseudo=2 loss=1.6652 seg=0.3440 semseg=0.0974 mard=2.0539 lambda=0.043974 box_extra=1 mask_extra=0 CC=2/10 cc_shift=0.00117 cc_iou=0.99579 FG/HBG/EBG=16/128/640 fallback=0 rel=0.954/0.953/0.954 wmean=1.000 grad_preclip=17.26
[E28] batch=060/153 pseudo=5 loss=3.9181 seg=0.2977 semseg=0.1021 mard=2.0674 lambda=0.027618 box_extra=1 mask_extra=1 CC=4/20 cc_shift=0.00207 cc_iou=0.99844 FG/HBG/EBG=40/320/1216 fallback=0 rel=0.857/0.701/0.956 wmean=1.000 grad_preclip=23.15
[E28] batch=080/153 pseudo=4 loss=12.3847 seg=0.9287 semseg=0.8921 mard=2.0139 lambda=0.031052 box_extra=0 mask_extra=0 CC=4/19 cc_shift=0.00464 cc_iou=0.99050 FG/HBG/EBG=32/256/1280 fallback=0 rel=0.869/0.790/0.947 wmean=1.000 grad_preclip=166.13
[E28] batch=100/153 pseudo=3 loss=4.2068 seg=0.2799 semseg=0.1138 mard=1.9827 lambda=0.032222 box_extra=2 mask_extra=1 CC=2/10 cc_shift=0.00197 cc_iou=0.99555 FG/HBG/EBG=24/192/960 fallback=0 rel=0.886/0.792/0.934 wmean=1.000 grad_preclip=26.15
[E28] batch=120/153 pseudo=2 loss=1.1532 seg=0.1370 semseg=0.0294 mard=1.9960 lambda=0.028040 box_extra=0 mask_extra=0 CC=2/10 cc_shift=0.00247 cc_iou=0.99761 FG/HBG/EBG=16/128/640 fallback=0 rel=0.867/0.768/0.967 wmean=1.000 grad_preclip=15.98
[E28] batch=140/153 pseudo=4 loss=3.5661 seg=0.3067 semseg=0.1658 mard=2.0309 lambda=0.042304 box_extra=0 mask_extra=0 CC=4/20 cc_shift=0.00197 cc_iou=0.99544 FG/HBG/EBG=32/256/1280 fallback=0 rel=0.940/0.928/0.957 wmean=1.000 grad_preclip=28.57
[E28] batch=153/153 pseudo=3 loss=8.1451 seg=0.9208 semseg=0.4851 mard=2.0266 lambda=0.028285 box_extra=0 mask_extra=0 CC=3/12 cc_shift=0.02798 cc_iou=0.94925 FG/HBG/EBG=24/192/960 fallback=0 rel=0.845/0.701/0.941 wmean=1.000 grad_preclip=59.06

[Epoch 28] DONE time=32.4s valid=153 skipped=0 pseudo=529 anchors=481 box_extra=76 mask_extra=48 reject_rel=28 CC=460/2180 cc_fallback=0 cc_shift=0.00389 cc_iou=0.99347 loss=5.9806 seg=0.5449 semseg=0.4472 mard=2.0284 lambda_avg=0.031591 FG/HBG/EBG=27.7/217.9/1062.1 rel=0.878/0.661/0.969 wmean=1.000
[E29] batch=001/153 pseudo=4 loss=6.1421 seg=0.7262 semseg=0.2017 mard=2.0840 lambda=0.031062 box_extra=0 mask_extra=0 CC=4/16 cc_shift=0.00507 cc_iou=0.99120 FG/HBG/EBG=32/192/960 fallback=0 rel=0.879/0.796/0.946 wmean=1.000 grad_preclip=47.39
[E29] batch=020/153 pseudo=3 loss=2.3853 seg=0.2313 semseg=0.0781 mard=2.0575 lambda=0.039380 box_extra=0 mask_extra=0 CC=3/15 cc_shift=0.00109 cc_iou=0.99975 FG/HBG/EBG=24/192/960 fallback=0 rel=0.929/0.923/0.939 wmean=1.000 grad_preclip=18.74
[E29] batch=040/153 pseudo=5 loss=7.0889 seg=0.6110 semseg=0.3349 mard=2.0286 lambda=0.031693 box_extra=1 mask_extra=1 CC=4/20 cc_shift=0.00292 cc_iou=0.99365 FG/HBG/EBG=40/320/1216 fallback=0 rel=0.874/0.782/0.945 wmean=1.000 grad_preclip=52.70
[E29] batch=060/153 pseudo=4 loss=3.5412 seg=0.2844 semseg=0.1109 mard=2.0638 lambda=0.032912 box_extra=0 mask_extra=0 CC=4/20 cc_shift=0.00067 cc_iou=0.99872 FG/HBG/EBG=32/256/1280 fallback=0 rel=0.893/0.749/0.946 wmean=1.000 grad_preclip=24.18
[E29] batch=080/153 pseudo=4 loss=6.6972 seg=0.4516 semseg=0.2821 mard=2.0313 lambda=0.027626 box_extra=1 mask_extra=1 CC=3/15 cc_shift=0.00882 cc_iou=0.98790 FG/HBG/EBG=32/256/1280 fallback=0 rel=0.859/0.705/0.946 wmean=1.000 grad_preclip=55.64
[E29] batch=100/153 pseudo=4 loss=3.7465 seg=0.2242 semseg=0.1092 mard=2.0101 lambda=0.035061 box_extra=0 mask_extra=0 CC=4/20 cc_shift=0.00237 cc_iou=0.99702 FG/HBG/EBG=32/256/1280 fallback=0 rel=0.904/0.848/0.949 wmean=1.000 grad_preclip=94.32
[E29] batch=120/153 pseudo=3 loss=8.7785 seg=0.9152 semseg=1.1050 mard=2.0594 lambda=0.014103 box_extra=0 mask_extra=0 CC=2/10 cc_shift=0.00660 cc_iou=0.98936 FG/HBG/EBG=24/192/960 fallback=0 rel=0.763/0.693/0.882 wmean=1.000 grad_preclip=141.09
[E29] batch=140/153 pseudo=3 loss=5.6963 seg=0.4643 semseg=0.3757 mard=2.0450 lambda=0.026745 box_extra=0 mask_extra=0 CC=3/13 cc_shift=0.00237 cc_iou=0.99531 FG/HBG/EBG=24/192/960 fallback=0 rel=0.853/0.773/0.943 wmean=1.000 grad_preclip=135.73
[E29] batch=153/153 pseudo=3 loss=1.9800 seg=0.2050 semseg=0.0742 mard=2.0151 lambda=0.030978 box_extra=0 mask_extra=0 CC=3/15 cc_shift=0.00076 cc_iou=0.99740 FG/HBG/EBG=24/192/960 fallback=0 rel=0.881/0.817/0.936 wmean=1.000 grad_preclip=21.89

[Epoch 29] DONE time=32.9s valid=153 skipped=0 pseudo=539 anchors=489 box_extra=75 mask_extra=50 reject_rel=25 CC=461/2208 cc_fallback=0 cc_shift=0.00364 cc_iou=0.99421 loss=5.8743 seg=0.4984 semseg=0.4689 mard=2.0271 lambda_avg=0.031503 FG/HBG/EBG=28.2/221.3/1073.8 rel=0.877/0.680/0.969 wmean=1.000
[E30] batch=001/153 pseudo=4 loss=3.5625 seg=0.5402 semseg=0.1496 mard=1.9773 lambda=0.038726 box_extra=1 mask_extra=1 CC=3/15 cc_shift=0.00518 cc_iou=0.98893 FG/HBG/EBG=32/256/896 fallback=0 rel=0.916/0.848/0.952 wmean=1.000 grad_preclip=22.32
[E30] batch=020/153 pseudo=4 loss=6.6732 seg=0.5654 semseg=0.1502 mard=2.1039 lambda=0.033629 box_extra=0 mask_extra=0 CC=4/17 cc_shift=0.02023 cc_iou=0.96250 FG/HBG/EBG=32/256/1280 fallback=0 rel=0.882/0.702/0.952 wmean=1.000 grad_preclip=51.18
[E30] batch=040/153 pseudo=4 loss=8.7102 seg=0.6191 semseg=0.6344 mard=1.9862 lambda=0.023611 box_extra=0 mask_extra=0 CC=4/15 cc_shift=0.00572 cc_iou=0.98997 FG/HBG/EBG=32/256/1280 fallback=0 rel=0.832/0.726/0.934 wmean=1.000 grad_preclip=118.36
[E30] batch=060/153 pseudo=4 loss=30.9455 seg=3.6927 semseg=2.6315 mard=1.9763 lambda=0.014861 box_extra=0 mask_extra=0 CC=3/11 cc_shift=0.00667 cc_iou=0.98834 FG/HBG/EBG=32/256/1280 fallback=0 rel=0.772/0.674/0.922 wmean=1.000 grad_preclip=206.88
[E30] batch=080/153 pseudo=4 loss=7.8649 seg=0.3909 semseg=0.9545 mard=2.0067 lambda=0.028576 box_extra=1 mask_extra=1 CC=3/15 cc_shift=0.00198 cc_iou=0.99746 FG/HBG/EBG=32/256/1280 fallback=0 rel=0.870/0.802/0.905 wmean=1.000 grad_preclip=204.84
[E30] batch=100/153 pseudo=2 loss=1.6388 seg=0.2864 semseg=0.0864 mard=2.0132 lambda=0.039202 box_extra=0 mask_extra=0 CC=2/10 cc_shift=0.00069 cc_iou=0.99933 FG/HBG/EBG=16/128/640 fallback=0 rel=0.922/0.888/0.956 wmean=1.000 grad_preclip=31.00
[E30] batch=120/153 pseudo=4 loss=4.9139 seg=0.3628 semseg=0.2469 mard=2.0223 lambda=0.035883 box_extra=1 mask_extra=1 CC=3/15 cc_shift=0.00198 cc_iou=0.99798 FG/HBG/EBG=32/256/1280 fallback=0 rel=0.900/0.762/0.961 wmean=1.000 grad_preclip=37.61
[E30] batch=140/153 pseudo=3 loss=3.0094 seg=0.3141 semseg=0.1666 mard=2.0490 lambda=0.036164 box_extra=1 mask_extra=0 CC=3/15 cc_shift=0.00090 cc_iou=0.99814 FG/HBG/EBG=24/192/960 fallback=0 rel=0.912/0.859/0.948 wmean=1.000 grad_preclip=27.37
[E30] batch=153/153 pseudo=4 loss=22.1340 seg=1.0356 semseg=3.1807 mard=2.0077 lambda=0.018866 box_extra=1 mask_extra=1 CC=3/15 cc_shift=0.00438 cc_iou=0.99222 FG/HBG/EBG=32/256/1280 fallback=0 rel=0.803/0.711/0.927 wmean=1.000 grad_preclip=121.67

[Epoch 30] DONE time=32.5s valid=153 skipped=0 pseudo=530 anchors=466 box_extra=91 mask_extra=64 reject_rel=27 CC=448/2143 cc_fallback=0 cc_shift=0.00383 cc_iou=0.99367 loss=6.1539 seg=0.5687 semseg=0.4644 mard=2.0239 lambda_avg=0.031784 FG/HBG/EBG=27.7/219.2/1070.8 rel=0.879/0.661/0.969 wmean=1.000
[SAVE] /home/dang/MedRT-SFOD/runs/seg/dense_sfseg/cvc_ccdhf_v1_segmard_v2_60ep/checkpoints/dense_sfseg_epoch_30.pt
[E31] batch=001/153 pseudo=5 loss=8.1374 seg=0.9989 semseg=0.2089 mard=1.9878 lambda=0.030202 box_extra=0 mask_extra=0 CC=5/21 cc_shift=0.02173 cc_iou=0.95851 FG/HBG/EBG=40/256/1280 fallback=0 rel=0.874/0.776/0.933 wmean=1.000 grad_preclip=61.49
[E31] batch=020/153 pseudo=4 loss=4.2256 seg=0.2697 semseg=0.2570 mard=2.0773 lambda=0.033812 box_extra=0 mask_extra=0 CC=4/20 cc_shift=0.00161 cc_iou=0.99822 FG/HBG/EBG=32/256/1280 fallback=0 rel=0.898/0.819/0.959 wmean=1.000 grad_preclip=57.73
[E31] batch=040/153 pseudo=4 loss=3.7685 seg=0.3149 semseg=0.1130 mard=2.0577 lambda=0.039745 box_extra=1 mask_extra=1 CC=3/15 cc_shift=0.00170 cc_iou=0.99467 FG/HBG/EBG=32/256/1280 fallback=0 rel=0.924/0.848/0.964 wmean=1.000 grad_preclip=36.80
[E31] batch=060/153 pseudo=4 loss=10.5796 seg=1.2168 semseg=0.3550 mard=1.9961 lambda=0.027336 box_extra=0 mask_extra=0 CC=4/16 cc_shift=0.00931 cc_iou=0.97673 FG/HBG/EBG=32/256/1280 fallback=0 rel=0.853/0.763/0.932 wmean=1.000 grad_preclip=253.49
[E31] batch=080/153 pseudo=3 loss=5.1527 seg=0.4224 semseg=0.4475 mard=1.9805 lambda=0.034930 box_extra=2 mask_extra=1 CC=2/10 cc_shift=0.00156 cc_iou=0.99880 FG/HBG/EBG=24/192/960 fallback=0 rel=0.906/0.828/0.952 wmean=1.000 grad_preclip=75.26
[E31] batch=100/153 pseudo=1 loss=1.6494 seg=0.1701 semseg=0.6929 mard=2.0233 lambda=0.033090 box_extra=0 mask_extra=0 CC=1/5 cc_shift=0.00097 cc_iou=1.00000 FG/HBG/EBG=8/64/320 fallback=0 rel=0.896/0.896/0.896 wmean=1.000 grad_preclip=20.77
[E31] batch=120/153 pseudo=4 loss=8.9007 seg=0.7283 semseg=0.4229 mard=1.9842 lambda=0.020143 box_extra=2 mask_extra=2 CC=1/5 cc_shift=0.00041 cc_iou=0.99897 FG/HBG/EBG=32/256/1280 fallback=0 rel=0.812/0.724/0.939 wmean=1.000 grad_preclip=74.80
[E31] batch=140/153 pseudo=4 loss=7.3177 seg=0.5043 semseg=0.5216 mard=1.9323 lambda=0.027431 box_extra=0 mask_extra=0 CC=4/18 cc_shift=0.00369 cc_iou=0.99642 FG/HBG/EBG=32/256/1280 fallback=0 rel=0.855/0.691/0.941 wmean=1.000 grad_preclip=185.94
[E31] batch=153/153 pseudo=3 loss=4.9040 seg=0.4259 semseg=0.2880 mard=1.9793 lambda=0.033588 box_extra=0 mask_extra=0 CC=3/15 cc_shift=0.00489 cc_iou=0.99047 FG/HBG/EBG=24/192/960 fallback=0 rel=0.880/0.863/0.910 wmean=1.000 grad_preclip=34.55

[Epoch 31] DONE time=32.5s valid=153 skipped=0 pseudo=534 anchors=475 box_extra=81 mask_extra=59 reject_rel=22 CC=460/2194 cc_fallback=0 cc_shift=0.00391 cc_iou=0.99333 loss=6.2544 seg=0.5355 semseg=0.5057 mard=2.0220 lambda_avg=0.031754 FG/HBG/EBG=27.9/220.0/1072.5 rel=0.881/0.675/0.969 wmean=1.000
[E32] batch=001/153 pseudo=4 loss=3.7827 seg=0.4041 semseg=0.1070 mard=2.0341 lambda=0.034566 box_extra=2 mask_extra=2 CC=2/10 cc_shift=0.00151 cc_iou=0.99540 FG/HBG/EBG=32/256/1280 fallback=0 rel=0.896/0.823/0.947 wmean=1.000 grad_preclip=19.39
[E32] batch=020/153 pseudo=4 loss=4.4112 seg=0.4171 semseg=0.1496 mard=2.0196 lambda=0.026247 box_extra=1 mask_extra=1 CC=3/15 cc_shift=0.00495 cc_iou=0.99178 FG/HBG/EBG=32/256/896 fallback=0 rel=0.845/0.713/0.944 wmean=1.000 grad_preclip=26.11
[E32] batch=040/153 pseudo=1 loss=9.3791 seg=1.0294 semseg=5.9942 mard=1.9318 lambda=0.001675 box_extra=0 mask_extra=0 CC=1/4 cc_shift=0.01030 cc_iou=1.00000 FG/HBG/EBG=8/64/320 fallback=0 rel=0.697/0.697/0.697 wmean=1.000 grad_preclip=266.29
[E32] batch=060/153 pseudo=3 loss=9.4932 seg=2.0903 semseg=0.4772 mard=2.0615 lambda=0.013350 box_extra=2 mask_extra=1 CC=2/7 cc_shift=0.01080 cc_iou=0.97992 FG/HBG/EBG=24/128/640 fallback=0 rel=0.747/0.677/0.832 wmean=1.000 grad_preclip=134.86
[E32] batch=080/153 pseudo=3 loss=4.9914 seg=0.5318 semseg=0.2349 mard=1.9866 lambda=0.033067 box_extra=1 mask_extra=1 CC=2/10 cc_shift=0.00756 cc_iou=0.99253 FG/HBG/EBG=24/192/960 fallback=0 rel=0.888/0.850/0.940 wmean=1.000 grad_preclip=59.82
[E32] batch=100/153 pseudo=4 loss=4.6607 seg=0.3056 semseg=0.3048 mard=1.9755 lambda=0.030079 box_extra=1 mask_extra=1 CC=3/15 cc_shift=0.00090 cc_iou=0.99888 FG/HBG/EBG=32/256/1280 fallback=0 rel=0.875/0.778/0.937 wmean=1.000 grad_preclip=29.31
[E32] batch=120/153 pseudo=3 loss=3.4495 seg=0.3140 semseg=0.1543 mard=1.9849 lambda=0.038019 box_extra=1 mask_extra=1 CC=2/10 cc_shift=0.00310 cc_iou=0.99324 FG/HBG/EBG=24/192/960 fallback=0 rel=0.920/0.879/0.942 wmean=1.000 grad_preclip=50.76
[E32] batch=140/153 pseudo=5 loss=3.8055 seg=0.3467 semseg=0.1202 mard=2.0851 lambda=0.024197 box_extra=0 mask_extra=0 CC=5/23 cc_shift=0.00314 cc_iou=0.99359 FG/HBG/EBG=40/256/1280 fallback=0 rel=0.834/0.689/0.946 wmean=1.000 grad_preclip=31.98
[E32] batch=153/153 pseudo=4 loss=15.4901 seg=0.5443 semseg=1.8483 mard=2.0115 lambda=0.011782 box_extra=3 mask_extra=2 CC=1/5 cc_shift=0.00188 cc_iou=0.99708 FG/HBG/EBG=32/256/1280 fallback=0 rel=0.758/0.710/0.848 wmean=1.000 grad_preclip=390.78

[Epoch 32] DONE time=32.6s valid=153 skipped=0 pseudo=535 anchors=476 box_extra=84 mask_extra=59 reject_rel=25 CC=453/2160 cc_fallback=0 cc_shift=0.00382 cc_iou=0.99383 loss=5.6253 seg=0.5096 semseg=0.4236 mard=2.0204 lambda_avg=0.031497 FG/HBG/EBG=28.0/220.4/1069.6 rel=0.878/0.675/0.969 wmean=1.000
[E33] batch=001/153 pseudo=4 loss=6.2657 seg=0.4767 semseg=0.2370 mard=2.0093 lambda=0.022125 box_extra=0 mask_extra=0 CC=4/20 cc_shift=0.00515 cc_iou=0.99547 FG/HBG/EBG=32/256/1280 fallback=0 rel=0.826/0.763/0.922 wmean=1.000 grad_preclip=33.29
[E33] batch=020/153 pseudo=2 loss=2.5893 seg=0.4692 semseg=0.1751 mard=2.0984 lambda=0.041885 box_extra=0 mask_extra=0 CC=2/10 cc_shift=0.00123 cc_iou=0.99474 FG/HBG/EBG=16/128/640 fallback=0 rel=0.931/0.913/0.949 wmean=1.000 grad_preclip=56.09
[E33] batch=040/153 pseudo=4 loss=11.7735 seg=0.8224 semseg=1.1268 mard=2.0048 lambda=0.019154 box_extra=0 mask_extra=0 CC=4/19 cc_shift=0.00712 cc_iou=0.98600 FG/HBG/EBG=32/256/1280 fallback=0 rel=0.798/0.669/0.966 wmean=1.000 grad_preclip=390.22
[E33] batch=060/153 pseudo=4 loss=4.2019 seg=0.4574 semseg=0.1460 mard=2.0157 lambda=0.035852 box_extra=0 mask_extra=0 CC=4/20 cc_shift=0.00143 cc_iou=0.99599 FG/HBG/EBG=32/256/1280 fallback=0 rel=0.907/0.867/0.946 wmean=1.000 grad_preclip=38.87
[E33] batch=080/153 pseudo=4 loss=6.8530 seg=0.4162 semseg=1.1626 mard=2.0337 lambda=0.035498 box_extra=1 mask_extra=1 CC=3/15 cc_shift=0.00183 cc_iou=0.99529 FG/HBG/EBG=32/256/896 fallback=0 rel=0.902/0.828/0.946 wmean=1.000 grad_preclip=84.33
[E33] batch=100/153 pseudo=3 loss=6.0754 seg=0.7532 semseg=0.3649 mard=2.0278 lambda=0.025550 box_extra=0 mask_extra=0 CC=2/10 cc_shift=0.01043 cc_iou=0.98428 FG/HBG/EBG=24/192/960 fallback=0 rel=0.835/0.734/0.909 wmean=1.000 grad_preclip=43.20
[E33] batch=120/153 pseudo=3 loss=4.8075 seg=0.5009 semseg=0.5131 mard=1.9786 lambda=0.037718 box_extra=0 mask_extra=0 CC=3/15 cc_shift=0.00324 cc_iou=0.99345 FG/HBG/EBG=24/192/960 fallback=0 rel=0.919/0.867/0.952 wmean=1.000 grad_preclip=54.20
[E33] batch=140/153 pseudo=4 loss=8.3749 seg=0.6377 semseg=0.7186 mard=2.0084 lambda=0.034697 box_extra=0 mask_extra=0 CC=4/20 cc_shift=0.00188 cc_iou=0.99756 FG/HBG/EBG=32/256/1280 fallback=0 rel=0.894/0.777/0.944 wmean=1.000 grad_preclip=111.23
[E33] batch=153/153 pseudo=5 loss=3.6871 seg=0.3901 semseg=0.1488 mard=1.9791 lambda=0.030893 box_extra=2 mask_extra=1 CC=4/17 cc_shift=0.00469 cc_iou=0.99160 FG/HBG/EBG=40/256/896 fallback=0 rel=0.872/0.788/0.957 wmean=1.000 grad_preclip=37.45

[Epoch 33] DONE time=32.7s valid=153 skipped=0 pseudo=537 anchors=476 box_extra=83 mask_extra=61 reject_rel=22 CC=456/2186 cc_fallback=0 cc_shift=0.00373 cc_iou=0.99403 loss=5.8310 seg=0.5458 semseg=0.4220 mard=2.0278 lambda_avg=0.031722 FG/HBG/EBG=28.1/222.5/1082.6 rel=0.880/0.661/0.969 wmean=1.000
[E34] batch=001/153 pseudo=4 loss=6.0372 seg=0.5947 semseg=0.2147 mard=2.0581 lambda=0.016338 box_extra=0 mask_extra=0 CC=3/8 cc_shift=0.00587 cc_iou=0.98724 FG/HBG/EBG=32/256/1280 fallback=0 rel=0.795/0.746/0.844 wmean=1.000 grad_preclip=33.41
[E34] batch=020/153 pseudo=3 loss=2.6863 seg=0.2502 semseg=0.0996 mard=2.0907 lambda=0.040759 box_extra=0 mask_extra=0 CC=3/15 cc_shift=0.00146 cc_iou=0.99815 FG/HBG/EBG=24/192/960 fallback=0 rel=0.936/0.917/0.948 wmean=1.000 grad_preclip=24.77
[E34] batch=040/153 pseudo=3 loss=11.3590 seg=1.1476 semseg=0.6473 mard=2.0514 lambda=0.020082 box_extra=0 mask_extra=0 CC=3/15 cc_shift=0.00283 cc_iou=0.99302 FG/HBG/EBG=24/192/960 fallback=0 rel=0.810/0.710/0.899 wmean=1.000 grad_preclip=74.78
[E34] batch=060/153 pseudo=3 loss=5.4838 seg=0.5370 semseg=0.3252 mard=2.0304 lambda=0.042462 box_extra=0 mask_extra=0 CC=3/15 cc_shift=0.00217 cc_iou=0.99336 FG/HBG/EBG=24/192/960 fallback=0 rel=0.940/0.928/0.947 wmean=1.000 grad_preclip=298.16
[E34] batch=080/153 pseudo=4 loss=4.1374 seg=0.2676 semseg=0.1616 mard=2.0118 lambda=0.030592 box_extra=0 mask_extra=0 CC=3/15 cc_shift=0.00417 cc_iou=0.99513 FG/HBG/EBG=32/256/1280 fallback=0 rel=0.876/0.743/0.965 wmean=1.000 grad_preclip=28.31
[E34] batch=100/153 pseudo=3 loss=9.1667 seg=0.9004 semseg=1.1242 mard=1.9564 lambda=0.010739 box_extra=1 mask_extra=1 CC=2/10 cc_shift=0.01919 cc_iou=0.98394 FG/HBG/EBG=24/192/960 fallback=0 rel=0.752/0.713/0.789 wmean=1.000 grad_preclip=112.06
[E34] batch=120/153 pseudo=4 loss=4.1340 seg=0.2282 semseg=0.1334 mard=2.0891 lambda=0.031569 box_extra=0 mask_extra=0 CC=4/20 cc_shift=0.00287 cc_iou=0.99726 FG/HBG/EBG=32/256/1280 fallback=0 rel=0.882/0.814/0.922 wmean=1.000 grad_preclip=45.33
[E34] batch=140/153 pseudo=3 loss=2.0120 seg=0.2685 semseg=0.0965 mard=2.0047 lambda=0.040706 box_extra=1 mask_extra=0 CC=3/15 cc_shift=0.00364 cc_iou=0.99417 FG/HBG/EBG=24/192/960 fallback=0 rel=0.934/0.917/0.946 wmean=1.000 grad_preclip=20.40
[E34] batch=153/153 pseudo=3 loss=7.9648 seg=1.7211 semseg=1.1623 mard=2.0619 lambda=0.025158 box_extra=2 mask_extra=0 CC=3/11 cc_shift=0.01183 cc_iou=0.98781 FG/HBG/EBG=24/128/640 fallback=0 rel=0.837/0.764/0.935 wmean=1.000 grad_preclip=70.29

[Epoch 34] DONE time=32.5s valid=153 skipped=0 pseudo=538 anchors=480 box_extra=74 mask_extra=58 reject_rel=16 CC=462/2216 cc_fallback=0 cc_shift=0.00395 cc_iou=0.99364 loss=5.8962 seg=0.5240 semseg=0.4722 mard=2.0246 lambda_avg=0.031261 FG/HBG/EBG=28.1/220.9/1074.2 rel=0.877/0.677/0.969 wmean=1.000
[E35] batch=001/153 pseudo=4 loss=10.9269 seg=0.6147 semseg=1.0468 mard=1.9817 lambda=0.024119 box_extra=0 mask_extra=0 CC=4/17 cc_shift=0.00853 cc_iou=0.98622 FG/HBG/EBG=32/256/1280 fallback=0 rel=0.836/0.696/0.937 wmean=1.000 grad_preclip=62.82
[E35] batch=020/153 pseudo=2 loss=2.6192 seg=0.5381 semseg=0.1977 mard=2.0422 lambda=0.037443 box_extra=0 mask_extra=0 CC=2/10 cc_shift=0.00524 cc_iou=0.99126 FG/HBG/EBG=16/128/640 fallback=0 rel=0.906/0.906/0.906 wmean=1.000 grad_preclip=33.03
[E35] batch=040/153 pseudo=3 loss=13.5289 seg=1.7931 semseg=1.2778 mard=1.9930 lambda=0.027275 box_extra=1 mask_extra=1 CC=2/9 cc_shift=0.00787 cc_iou=0.98182 FG/HBG/EBG=24/192/960 fallback=0 rel=0.837/0.780/0.940 wmean=1.000 grad_preclip=111.24
[E35] batch=060/153 pseudo=4 loss=7.7812 seg=0.7528 semseg=0.3729 mard=2.0240 lambda=0.035497 box_extra=0 mask_extra=0 CC=4/20 cc_shift=0.00361 cc_iou=0.98845 FG/HBG/EBG=32/256/1280 fallback=0 rel=0.892/0.798/0.948 wmean=1.000 grad_preclip=73.53
[E35] batch=080/153 pseudo=3 loss=2.9693 seg=0.2780 semseg=0.1196 mard=1.9971 lambda=0.037236 box_extra=1 mask_extra=0 CC=3/15 cc_shift=0.00526 cc_iou=0.98949 FG/HBG/EBG=24/192/960 fallback=0 rel=0.915/0.855/0.958 wmean=1.000 grad_preclip=27.56
[E35] batch=100/153 pseudo=2 loss=3.2201 seg=0.6666 semseg=0.3742 mard=2.1028 lambda=0.030772 box_extra=0 mask_extra=0 CC=2/10 cc_shift=0.00448 cc_iou=0.99182 FG/HBG/EBG=16/128/640 fallback=0 rel=0.870/0.818/0.921 wmean=1.000 grad_preclip=17.70
[E35] batch=120/153 pseudo=2 loss=3.3951 seg=0.4097 semseg=0.1895 mard=2.0364 lambda=0.028170 box_extra=0 mask_extra=0 CC=2/6 cc_shift=0.00537 cc_iou=0.99274 FG/HBG/EBG=16/128/640 fallback=0 rel=0.857/0.759/0.956 wmean=1.000 grad_preclip=25.33
[E35] batch=140/153 pseudo=4 loss=7.4946 seg=0.8132 semseg=0.2578 mard=1.9780 lambda=0.033127 box_extra=0 mask_extra=0 CC=4/17 cc_shift=0.00488 cc_iou=0.98868 FG/HBG/EBG=32/256/1280 fallback=0 rel=0.884/0.772/0.934 wmean=1.000 grad_preclip=85.45
[E35] batch=153/153 pseudo=2 loss=2.3846 seg=0.4198 semseg=0.1906 mard=2.0115 lambda=0.033639 box_extra=0 mask_extra=0 CC=2/9 cc_shift=0.00177 cc_iou=0.99687 FG/HBG/EBG=16/128/640 fallback=0 rel=0.891/0.866/0.917 wmean=1.000 grad_preclip=20.21

[Epoch 35] DONE time=32.5s valid=153 skipped=0 pseudo=530 anchors=473 box_extra=83 mask_extra=57 reject_rel=26 CC=451/2147 cc_fallback=0 cc_shift=0.00347 cc_iou=0.99440 loss=5.5659 seg=0.5240 semseg=0.4120 mard=2.0217 lambda_avg=0.031919 FG/HBG/EBG=27.7/217.1/1057.9 rel=0.880/0.663/0.969 wmean=1.000
[E36] batch=001/153 pseudo=3 loss=9.0917 seg=0.8996 semseg=1.2372 mard=2.0634 lambda=0.025893 box_extra=0 mask_extra=0 CC=2/10 cc_shift=0.00378 cc_iou=0.99720 FG/HBG/EBG=24/192/960 fallback=0 rel=0.843/0.738/0.932 wmean=1.000 grad_preclip=147.63
[E36] batch=020/153 pseudo=4 loss=2.8752 seg=0.3652 semseg=0.1064 mard=1.9977 lambda=0.038169 box_extra=1 mask_extra=1 CC=3/15 cc_shift=0.00249 cc_iou=0.99730 FG/HBG/EBG=32/256/896 fallback=0 rel=0.920/0.848/0.952 wmean=1.000 grad_preclip=15.49
[E36] batch=040/153 pseudo=3 loss=3.1850 seg=0.2304 semseg=0.0847 mard=2.0024 lambda=0.039648 box_extra=0 mask_extra=0 CC=3/15 cc_shift=0.00347 cc_iou=0.99623 FG/HBG/EBG=24/192/960 fallback=0 rel=0.925/0.906/0.939 wmean=1.000 grad_preclip=85.82
[E36] batch=060/153 pseudo=4 loss=11.3894 seg=0.8586 semseg=1.6704 mard=2.0527 lambda=0.036036 box_extra=0 mask_extra=0 CC=4/20 cc_shift=0.00283 cc_iou=0.99706 FG/HBG/EBG=32/256/896 fallback=0 rel=0.907/0.871/0.947 wmean=1.000 grad_preclip=129.66
[E36] batch=080/153 pseudo=3 loss=2.5773 seg=0.2176 semseg=0.1409 mard=2.0124 lambda=0.023829 box_extra=0 mask_extra=0 CC=3/15 cc_shift=0.00158 cc_iou=0.99771 FG/HBG/EBG=24/192/960 fallback=0 rel=0.835/0.702/0.951 wmean=1.000 grad_preclip=19.50
[E36] batch=100/153 pseudo=4 loss=5.0487 seg=0.3776 semseg=0.1882 mard=2.0402 lambda=0.034010 box_extra=1 mask_extra=1 CC=3/15 cc_shift=0.00216 cc_iou=0.99356 FG/HBG/EBG=32/256/1280 fallback=0 rel=0.894/0.811/0.937 wmean=1.000 grad_preclip=43.88
[E36] batch=120/153 pseudo=4 loss=3.2781 seg=0.1800 semseg=0.1616 mard=2.0167 lambda=0.039646 box_extra=0 mask_extra=0 CC=4/20 cc_shift=0.00102 cc_iou=0.99908 FG/HBG/EBG=32/256/1280 fallback=0 rel=0.932/0.900/0.964 wmean=1.000 grad_preclip=51.80
[E36] batch=140/153 pseudo=4 loss=3.0098 seg=0.2178 semseg=0.0836 mard=2.0285 lambda=0.039764 box_extra=1 mask_extra=1 CC=3/15 cc_shift=0.00181 cc_iou=0.99940 FG/HBG/EBG=32/256/1280 fallback=0 rel=0.931/0.905/0.957 wmean=1.000 grad_preclip=27.45
[E36] batch=153/153 pseudo=3 loss=4.9526 seg=0.4179 semseg=0.3297 mard=1.9885 lambda=0.030695 box_extra=1 mask_extra=1 CC=2/10 cc_shift=0.00206 cc_iou=0.99447 FG/HBG/EBG=24/192/960 fallback=0 rel=0.876/0.839/0.898 wmean=1.000 grad_preclip=33.69

[Epoch 36] DONE time=32.4s valid=153 skipped=0 pseudo=524 anchors=464 box_extra=90 mask_extra=60 reject_rel=30 CC=442/2131 cc_fallback=0 cc_shift=0.00351 cc_iou=0.99441 loss=5.6814 seg=0.5050 semseg=0.4298 mard=2.0215 lambda_avg=0.032106 FG/HBG/EBG=27.4/216.3/1058.7 rel=0.882/0.660/0.969 wmean=1.000
[E37] batch=001/153 pseudo=4 loss=4.9277 seg=0.3575 semseg=0.2515 mard=2.0087 lambda=0.030464 box_extra=0 mask_extra=0 CC=3/15 cc_shift=0.00178 cc_iou=0.99604 FG/HBG/EBG=32/256/1280 fallback=0 rel=0.871/0.704/0.952 wmean=1.000 grad_preclip=24.05
[E37] batch=020/153 pseudo=5 loss=4.4059 seg=0.2254 semseg=0.1021 mard=1.9529 lambda=0.027683 box_extra=2 mask_extra=2 CC=3/15 cc_shift=0.00369 cc_iou=0.99723 FG/HBG/EBG=40/320/1216 fallback=0 rel=0.858/0.727/0.951 wmean=1.000 grad_preclip=27.63
[E37] batch=040/153 pseudo=4 loss=7.1764 seg=0.6081 semseg=0.2859 mard=2.0125 lambda=0.024182 box_extra=1 mask_extra=1 CC=2/10 cc_shift=0.00473 cc_iou=0.97978 FG/HBG/EBG=32/256/1280 fallback=0 rel=0.829/0.756/0.885 wmean=1.000 grad_preclip=97.72
[E37] batch=060/153 pseudo=4 loss=2.9690 seg=0.2571 semseg=0.1018 mard=1.9964 lambda=0.037841 box_extra=0 mask_extra=0 CC=4/20 cc_shift=0.00361 cc_iou=0.99650 FG/HBG/EBG=32/256/1280 fallback=0 rel=0.916/0.887/0.958 wmean=1.000 grad_preclip=22.49
[E37] batch=080/153 pseudo=3 loss=5.6510 seg=0.5485 semseg=0.2379 mard=2.0311 lambda=0.038839 box_extra=0 mask_extra=0 CC=3/13 cc_shift=0.00419 cc_iou=0.99161 FG/HBG/EBG=24/192/960 fallback=0 rel=0.916/0.868/0.951 wmean=1.000 grad_preclip=23.78
[E37] batch=100/153 pseudo=4 loss=4.7977 seg=0.3947 semseg=0.1965 mard=1.9981 lambda=0.031160 box_extra=0 mask_extra=0 CC=4/18 cc_shift=0.00526 cc_iou=0.99017 FG/HBG/EBG=32/256/1280 fallback=0 rel=0.874/0.756/0.929 wmean=1.000 grad_preclip=31.03
[E37] batch=120/153 pseudo=4 loss=4.0163 seg=0.2502 semseg=0.1142 mard=1.9765 lambda=0.038558 box_extra=0 mask_extra=0 CC=4/20 cc_shift=0.00125 cc_iou=0.99738 FG/HBG/EBG=32/256/1280 fallback=0 rel=0.921/0.853/0.963 wmean=1.000 grad_preclip=26.87
[E37] batch=140/153 pseudo=4 loss=16.5997 seg=1.0661 semseg=2.3168 mard=2.0190 lambda=0.035117 box_extra=0 mask_extra=0 CC=4/19 cc_shift=0.00316 cc_iou=0.99447 FG/HBG/EBG=32/256/1280 fallback=0 rel=0.892/0.840/0.929 wmean=1.000 grad_preclip=238.59
[E37] batch=153/153 pseudo=4 loss=4.7719 seg=0.4792 semseg=0.2900 mard=2.0385 lambda=0.019199 box_extra=1 mask_extra=1 CC=2/9 cc_shift=0.00237 cc_iou=0.99418 FG/HBG/EBG=32/256/896 fallback=0 rel=0.806/0.705/0.893 wmean=1.000 grad_preclip=37.30

[Epoch 37] DONE time=32.7s valid=153 skipped=0 pseudo=542 anchors=483 box_extra=84 mask_extra=59 reject_rel=25 CC=460/2187 cc_fallback=0 cc_shift=0.00354 cc_iou=0.99429 loss=5.6629 seg=0.5066 semseg=0.3878 mard=2.0266 lambda_avg=0.031837 FG/HBG/EBG=28.3/223.4/1094.3 rel=0.880/0.663/0.969 wmean=1.000
[E38] batch=001/153 pseudo=4 loss=5.0562 seg=0.3176 semseg=0.1931 mard=1.9948 lambda=0.036933 box_extra=1 mask_extra=1 CC=3/15 cc_shift=0.00190 cc_iou=0.99884 FG/HBG/EBG=32/256/1280 fallback=0 rel=0.913/0.866/0.951 wmean=1.000 grad_preclip=81.93
[E38] batch=020/153 pseudo=4 loss=5.7938 seg=0.4593 semseg=0.4188 mard=2.0661 lambda=0.024679 box_extra=0 mask_extra=0 CC=3/15 cc_shift=0.00228 cc_iou=0.99816 FG/HBG/EBG=32/256/896 fallback=0 rel=0.840/0.741/0.906 wmean=1.000 grad_preclip=74.23
[E38] batch=040/153 pseudo=3 loss=2.6844 seg=0.3713 semseg=0.1206 mard=2.0042 lambda=0.030187 box_extra=0 mask_extra=0 CC=3/14 cc_shift=0.00301 cc_iou=0.99644 FG/HBG/EBG=24/192/960 fallback=0 rel=0.877/0.800/0.949 wmean=1.000 grad_preclip=30.93
[E38] batch=060/153 pseudo=3 loss=11.4458 seg=0.2197 semseg=2.0943 mard=1.9660 lambda=0.034855 box_extra=0 mask_extra=0 CC=3/15 cc_shift=0.00250 cc_iou=0.99944 FG/HBG/EBG=24/192/960 fallback=0 rel=0.904/0.874/0.942 wmean=1.000 grad_preclip=76.72
[E38] batch=080/153 pseudo=4 loss=10.2861 seg=0.3675 semseg=1.0058 mard=1.9948 lambda=0.032669 box_extra=0 mask_extra=0 CC=4/17 cc_shift=0.00254 cc_iou=0.99590 FG/HBG/EBG=32/256/1280 fallback=0 rel=0.893/0.841/0.947 wmean=1.000 grad_preclip=175.92
[E38] batch=100/153 pseudo=3 loss=4.3723 seg=0.4800 semseg=0.2267 mard=1.9916 lambda=0.030631 box_extra=2 mask_extra=1 CC=2/10 cc_shift=0.00518 cc_iou=0.98466 FG/HBG/EBG=24/192/960 fallback=0 rel=0.866/0.786/0.933 wmean=1.000 grad_preclip=35.07
[E38] batch=120/153 pseudo=4 loss=5.7165 seg=0.5816 semseg=0.2513 mard=2.0540 lambda=0.021530 box_extra=0 mask_extra=0 CC=3/14 cc_shift=0.00354 cc_iou=0.99185 FG/HBG/EBG=32/256/1280 fallback=0 rel=0.803/0.713/0.943 wmean=1.000 grad_preclip=72.49
[E38] batch=140/153 pseudo=3 loss=6.6942 seg=0.7169 semseg=0.3836 mard=2.1036 lambda=0.027327 box_extra=1 mask_extra=0 CC=3/12 cc_shift=0.00276 cc_iou=0.99597 FG/HBG/EBG=24/192/960 fallback=0 rel=0.860/0.749/0.929 wmean=1.000 grad_preclip=84.55
[E38] batch=153/153 pseudo=4 loss=1.8457 seg=0.1734 semseg=0.0677 mard=2.0677 lambda=0.041258 box_extra=0 mask_extra=0 CC=4/20 cc_shift=0.00053 cc_iou=0.99866 FG/HBG/EBG=32/256/1280 fallback=0 rel=0.941/0.899/0.958 wmean=1.000 grad_preclip=24.49

[Epoch 38] DONE time=32.7s valid=153 skipped=0 pseudo=533 anchors=485 box_extra=76 mask_extra=48 reject_rel=28 CC=461/2198 cc_fallback=0 cc_shift=0.00330 cc_iou=0.99468 loss=5.6729 seg=0.5258 semseg=0.4499 mard=2.0244 lambda_avg=0.031875 FG/HBG/EBG=27.9/219.6/1067.9 rel=0.880/0.661/0.969 wmean=1.000
[E39] batch=001/153 pseudo=4 loss=7.6015 seg=0.6272 semseg=0.3310 mard=1.9871 lambda=0.028655 box_extra=1 mask_extra=1 CC=3/15 cc_shift=0.00179 cc_iou=0.99763 FG/HBG/EBG=32/256/1280 fallback=0 rel=0.865/0.781/0.941 wmean=1.000 grad_preclip=43.30
[E39] batch=020/153 pseudo=5 loss=8.4209 seg=0.7978 semseg=0.2489 mard=1.9650 lambda=0.021095 box_extra=1 mask_extra=1 CC=4/18 cc_shift=0.00802 cc_iou=0.98729 FG/HBG/EBG=40/320/1216 fallback=0 rel=0.815/0.691/0.946 wmean=1.000 grad_preclip=56.35
[E39] batch=040/153 pseudo=4 loss=4.3333 seg=0.3235 semseg=0.2024 mard=1.9847 lambda=0.029656 box_extra=0 mask_extra=0 CC=4/20 cc_shift=0.00329 cc_iou=0.99186 FG/HBG/EBG=32/256/1280 fallback=0 rel=0.869/0.737/0.952 wmean=1.000 grad_preclip=28.68
[E39] batch=060/153 pseudo=3 loss=6.2426 seg=1.0247 semseg=0.3208 mard=2.0318 lambda=0.035886 box_extra=1 mask_extra=0 CC=3/15 cc_shift=0.00349 cc_iou=0.99674 FG/HBG/EBG=24/192/960 fallback=0 rel=0.900/0.877/0.931 wmean=1.000 grad_preclip=60.05
[E39] batch=080/153 pseudo=3 loss=2.6574 seg=0.2023 semseg=0.1797 mard=2.1014 lambda=0.035765 box_extra=0 mask_extra=0 CC=3/15 cc_shift=0.00226 cc_iou=0.99835 FG/HBG/EBG=24/192/960 fallback=0 rel=0.913/0.846/0.958 wmean=1.000 grad_preclip=28.98
[E39] batch=100/153 pseudo=4 loss=6.8895 seg=0.3753 semseg=0.3316 mard=1.9536 lambda=0.029657 box_extra=2 mask_extra=2 CC=2/10 cc_shift=0.00149 cc_iou=0.99553 FG/HBG/EBG=32/256/1280 fallback=0 rel=0.867/0.752/0.959 wmean=1.000 grad_preclip=94.79
[E39] batch=120/153 pseudo=4 loss=4.0701 seg=0.2369 semseg=0.1100 mard=1.9828 lambda=0.035938 box_extra=1 mask_extra=1 CC=3/15 cc_shift=0.00162 cc_iou=0.99835 FG/HBG/EBG=32/256/1280 fallback=0 rel=0.908/0.879/0.929 wmean=1.000 grad_preclip=36.44
[E39] batch=140/153 pseudo=5 loss=6.1117 seg=0.2906 semseg=0.7711 mard=2.1040 lambda=0.028783 box_extra=0 mask_extra=0 CC=4/20 cc_shift=0.00102 cc_iou=0.99808 FG/HBG/EBG=40/320/1216 fallback=0 rel=0.870/0.783/0.937 wmean=1.000 grad_preclip=120.65
[E39] batch=153/153 pseudo=4 loss=7.2948 seg=0.5494 semseg=0.2407 mard=2.1003 lambda=0.027865 box_extra=1 mask_extra=1 CC=3/15 cc_shift=0.00352 cc_iou=0.99734 FG/HBG/EBG=32/256/1280 fallback=0 rel=0.858/0.751/0.952 wmean=1.000 grad_preclip=102.68

[Epoch 39] DONE time=32.6s valid=153 skipped=0 pseudo=535 anchors=479 box_extra=80 mask_extra=56 reject_rel=24 CC=451/2152 cc_fallback=0 cc_shift=0.00366 cc_iou=0.99388 loss=5.6645 seg=0.5226 semseg=0.3920 mard=2.0315 lambda_avg=0.031687 FG/HBG/EBG=28.0/219.6/1070.4 rel=0.879/0.661/0.969 wmean=1.000
[E40] batch=001/153 pseudo=4 loss=5.4983 seg=0.3307 semseg=0.2114 mard=2.0725 lambda=0.026986 box_extra=0 mask_extra=0 CC=4/14 cc_shift=0.00593 cc_iou=0.98774 FG/HBG/EBG=32/256/1280 fallback=0 rel=0.848/0.757/0.946 wmean=1.000 grad_preclip=41.10
[E40] batch=020/153 pseudo=3 loss=3.2209 seg=0.2744 semseg=0.1084 mard=2.0002 lambda=0.026929 box_extra=0 mask_extra=0 CC=3/15 cc_shift=0.00311 cc_iou=0.99866 FG/HBG/EBG=24/192/960 fallback=0 rel=0.854/0.701/0.954 wmean=1.000 grad_preclip=20.67
[E40] batch=040/153 pseudo=3 loss=3.6050 seg=0.3842 semseg=0.2414 mard=2.0437 lambda=0.033281 box_extra=0 mask_extra=0 CC=3/15 cc_shift=0.00208 cc_iou=0.99549 FG/HBG/EBG=24/192/960 fallback=0 rel=0.893/0.809/0.937 wmean=1.000 grad_preclip=22.33
[E40] batch=060/153 pseudo=2 loss=4.7919 seg=0.4281 semseg=0.3420 mard=2.0518 lambda=0.034805 box_extra=0 mask_extra=0 CC=2/10 cc_shift=0.01328 cc_iou=0.98853 FG/HBG/EBG=16/128/640 fallback=0 rel=0.896/0.835/0.958 wmean=1.000 grad_preclip=33.24
[E40] batch=080/153 pseudo=2 loss=2.4993 seg=0.4337 semseg=0.1503 mard=2.0591 lambda=0.033579 box_extra=0 mask_extra=0 CC=2/7 cc_shift=0.00755 cc_iou=0.99135 FG/HBG/EBG=16/128/640 fallback=0 rel=0.889/0.842/0.936 wmean=1.000 grad_preclip=26.00
[E40] batch=100/153 pseudo=4 loss=2.6602 seg=0.1664 semseg=0.0578 mard=1.9707 lambda=0.035094 box_extra=1 mask_extra=1 CC=3/15 cc_shift=0.00206 cc_iou=0.99824 FG/HBG/EBG=32/256/1280 fallback=0 rel=0.909/0.850/0.954 wmean=1.000 grad_preclip=26.34
[E40] batch=120/153 pseudo=4 loss=5.1265 seg=0.4232 semseg=0.1575 mard=2.0916 lambda=0.039116 box_extra=0 mask_extra=0 CC=4/18 cc_shift=0.00533 cc_iou=0.99257 FG/HBG/EBG=32/256/1280 fallback=0 rel=0.921/0.867/0.940 wmean=1.000 grad_preclip=36.30
[E40] batch=140/153 pseudo=3 loss=5.9804 seg=0.5214 semseg=0.4366 mard=2.0381 lambda=0.024180 box_extra=1 mask_extra=1 CC=2/10 cc_shift=0.01142 cc_iou=0.97694 FG/HBG/EBG=24/192/960 fallback=0 rel=0.833/0.719/0.941 wmean=1.000 grad_preclip=57.85
[E40] batch=153/153 pseudo=5 loss=9.4880 seg=0.4818 semseg=1.1331 mard=2.0356 lambda=0.040583 box_extra=1 mask_extra=1 CC=4/20 cc_shift=0.00207 cc_iou=0.99366 FG/HBG/EBG=40/320/1216 fallback=0 rel=0.934/0.884/0.960 wmean=1.000 grad_preclip=114.54

[Epoch 40] DONE time=32.7s valid=153 skipped=0 pseudo=538 anchors=484 box_extra=76 mask_extra=54 reject_rel=22 CC=458/2180 cc_fallback=0 cc_shift=0.00351 cc_iou=0.99422 loss=5.7780 seg=0.5039 semseg=0.4332 mard=2.0256 lambda_avg=0.032100 FG/HBG/EBG=28.1/221.7/1075.9 rel=0.882/0.682/0.969 wmean=1.000
[SAVE] /home/dang/MedRT-SFOD/runs/seg/dense_sfseg/cvc_ccdhf_v1_segmard_v2_60ep/checkpoints/dense_sfseg_epoch_40.pt
[E41] batch=001/153 pseudo=4 loss=5.9067 seg=0.5177 semseg=0.3645 mard=2.0946 lambda=0.022243 box_extra=0 mask_extra=0 CC=3/15 cc_shift=0.01016 cc_iou=0.98027 FG/HBG/EBG=32/256/1280 fallback=0 rel=0.815/0.674/0.957 wmean=1.000 grad_preclip=62.12
[E41] batch=020/153 pseudo=3 loss=3.9285 seg=0.4823 semseg=0.2355 mard=1.9967 lambda=0.033187 box_extra=0 mask_extra=0 CC=3/15 cc_shift=0.00143 cc_iou=0.99805 FG/HBG/EBG=24/192/960 fallback=0 rel=0.888/0.778/0.952 wmean=1.000 grad_preclip=41.59
[E41] batch=040/153 pseudo=3 loss=3.9100 seg=0.3982 semseg=0.1782 mard=2.1066 lambda=0.038312 box_extra=1 mask_extra=1 CC=2/10 cc_shift=0.00324 cc_iou=0.99795 FG/HBG/EBG=24/192/960 fallback=0 rel=0.927/0.895/0.969 wmean=1.000 grad_preclip=35.06
[E41] batch=060/153 pseudo=3 loss=5.2268 seg=0.6091 semseg=0.2322 mard=2.0593 lambda=0.028886 box_extra=0 mask_extra=0 CC=3/15 cc_shift=0.00273 cc_iou=0.99818 FG/HBG/EBG=24/192/960 fallback=0 rel=0.868/0.805/0.926 wmean=1.000 grad_preclip=52.78
[E41] batch=080/153 pseudo=4 loss=4.7230 seg=0.2540 semseg=0.4224 mard=1.9700 lambda=0.028985 box_extra=0 mask_extra=0 CC=4/20 cc_shift=0.00257 cc_iou=0.99685 FG/HBG/EBG=32/256/1280 fallback=0 rel=0.864/0.688/0.954 wmean=1.000 grad_preclip=74.27
[E41] batch=100/153 pseudo=3 loss=2.6250 seg=0.2839 semseg=0.0727 mard=1.9990 lambda=0.042116 box_extra=0 mask_extra=0 CC=3/15 cc_shift=0.00363 cc_iou=0.99126 FG/HBG/EBG=24/192/960 fallback=0 rel=0.943/0.913/0.968 wmean=1.000 grad_preclip=24.50
[E41] batch=120/153 pseudo=5 loss=7.3588 seg=0.4312 semseg=0.5313 mard=2.0297 lambda=0.027990 box_extra=0 mask_extra=0 CC=4/20 cc_shift=0.00278 cc_iou=0.99627 FG/HBG/EBG=40/320/1216 fallback=0 rel=0.856/0.699/0.951 wmean=1.000 grad_preclip=54.12
[E41] batch=140/153 pseudo=3 loss=3.3186 seg=0.2950 semseg=0.1809 mard=2.0135 lambda=0.037959 box_extra=1 mask_extra=1 CC=2/10 cc_shift=0.00122 cc_iou=0.99958 FG/HBG/EBG=24/192/960 fallback=0 rel=0.921/0.880/0.951 wmean=1.000 grad_preclip=26.96
[E41] batch=153/153 pseudo=4 loss=4.4271 seg=0.5360 semseg=0.2626 mard=2.0692 lambda=0.034719 box_extra=3 mask_extra=2 CC=2/10 cc_shift=0.00229 cc_iou=0.99736 FG/HBG/EBG=32/256/896 fallback=0 rel=0.894/0.832/0.949 wmean=1.000 grad_preclip=40.02

[Epoch 41] DONE time=32.8s valid=153 skipped=0 pseudo=525 anchors=472 box_extra=82 mask_extra=53 reject_rel=29 CC=449/2156 cc_fallback=0 cc_shift=0.00327 cc_iou=0.99470 loss=5.9097 seg=0.5548 semseg=0.4452 mard=2.0215 lambda_avg=0.032329 FG/HBG/EBG=27.5/217.5/1062.5 rel=0.883/0.661/0.969 wmean=1.000
[E42] batch=001/153 pseudo=2 loss=1.5873 seg=0.1892 semseg=0.1175 mard=2.1280 lambda=0.041113 box_extra=0 mask_extra=0 CC=2/10 cc_shift=0.00065 cc_iou=0.99917 FG/HBG/EBG=16/128/640 fallback=0 rel=0.943/0.943/0.944 wmean=1.000 grad_preclip=21.67
[E42] batch=020/153 pseudo=3 loss=3.0748 seg=0.2655 semseg=0.1358 mard=2.0636 lambda=0.040021 box_extra=0 mask_extra=0 CC=3/15 cc_shift=0.00151 cc_iou=0.99628 FG/HBG/EBG=24/192/960 fallback=0 rel=0.929/0.918/0.935 wmean=1.000 grad_preclip=66.28
[E42] batch=040/153 pseudo=1 loss=1.9134 seg=0.3612 semseg=0.2581 mard=2.0372 lambda=0.040393 box_extra=2 mask_extra=0 CC=1/5 cc_shift=0.00098 cc_iou=0.99633 FG/HBG/EBG=8/64/320 fallback=0 rel=0.927/0.927/0.927 wmean=1.000 grad_preclip=13.17
[E42] batch=060/153 pseudo=3 loss=2.0207 seg=0.2243 semseg=0.1373 mard=2.1006 lambda=0.041195 box_extra=0 mask_extra=0 CC=3/15 cc_shift=0.00151 cc_iou=0.99708 FG/HBG/EBG=24/192/960 fallback=0 rel=0.939/0.932/0.953 wmean=1.000 grad_preclip=20.83
[E42] batch=080/153 pseudo=3 loss=3.5946 seg=0.2793 semseg=0.2148 mard=2.0776 lambda=0.028407 box_extra=2 mask_extra=1 CC=2/10 cc_shift=0.00213 cc_iou=0.99847 FG/HBG/EBG=24/192/960 fallback=0 rel=0.874/0.827/0.934 wmean=1.000 grad_preclip=24.71
[E42] batch=100/153 pseudo=4 loss=3.8176 seg=0.2580 semseg=0.1247 mard=1.9954 lambda=0.028636 box_extra=0 mask_extra=0 CC=4/19 cc_shift=0.00243 cc_iou=0.99712 FG/HBG/EBG=32/256/1280 fallback=0 rel=0.866/0.742/0.962 wmean=1.000 grad_preclip=30.53
[E42] batch=120/153 pseudo=4 loss=4.2250 seg=0.2484 semseg=0.0930 mard=1.9190 lambda=0.033354 box_extra=1 mask_extra=1 CC=3/15 cc_shift=0.00430 cc_iou=0.99461 FG/HBG/EBG=32/256/1280 fallback=0 rel=0.893/0.794/0.946 wmean=1.000 grad_preclip=32.80
[E42] batch=140/153 pseudo=3 loss=2.0493 seg=0.2034 semseg=0.1408 mard=2.0690 lambda=0.039320 box_extra=0 mask_extra=0 CC=3/15 cc_shift=0.00242 cc_iou=0.99776 FG/HBG/EBG=24/192/960 fallback=0 rel=0.931/0.884/0.960 wmean=1.000 grad_preclip=19.05
[E42] batch=153/153 pseudo=4 loss=8.6249 seg=0.6132 semseg=0.2814 mard=1.9839 lambda=0.026306 box_extra=0 mask_extra=0 CC=4/14 cc_shift=0.00476 cc_iou=0.99340 FG/HBG/EBG=32/256/1280 fallback=0 rel=0.850/0.775/0.909 wmean=1.000 grad_preclip=69.24

[Epoch 42] DONE time=32.6s valid=153 skipped=0 pseudo=533 anchors=473 box_extra=83 mask_extra=60 reject_rel=23 CC=449/2137 cc_fallback=0 cc_shift=0.00358 cc_iou=0.99431 loss=5.5412 seg=0.4811 semseg=0.3950 mard=2.0245 lambda_avg=0.031643 FG/HBG/EBG=27.9/220.0/1075.0 rel=0.878/0.665/0.969 wmean=1.000
[E43] batch=001/153 pseudo=3 loss=3.4981 seg=0.2659 semseg=0.1449 mard=2.0104 lambda=0.033696 box_extra=0 mask_extra=0 CC=3/15 cc_shift=0.00191 cc_iou=0.99839 FG/HBG/EBG=24/192/960 fallback=0 rel=0.904/0.862/0.951 wmean=1.000 grad_preclip=24.11
[E43] batch=020/153 pseudo=5 loss=13.2444 seg=0.9417 semseg=0.8164 mard=2.0181 lambda=0.020268 box_extra=1 mask_extra=1 CC=4/16 cc_shift=0.00492 cc_iou=0.99277 FG/HBG/EBG=40/256/1280 fallback=0 rel=0.809/0.690/0.868 wmean=1.000 grad_preclip=93.95
[E43] batch=040/153 pseudo=2 loss=3.0413 seg=0.7131 semseg=0.2238 mard=2.0058 lambda=0.030158 box_extra=0 mask_extra=0 CC=2/10 cc_shift=0.00301 cc_iou=0.99251 FG/HBG/EBG=16/128/640 fallback=0 rel=0.865/0.789/0.941 wmean=1.000 grad_preclip=16.79
[E43] batch=060/153 pseudo=4 loss=4.1084 seg=0.2838 semseg=0.1287 mard=2.0659 lambda=0.033518 box_extra=0 mask_extra=0 CC=4/20 cc_shift=0.00240 cc_iou=0.99677 FG/HBG/EBG=32/256/1280 fallback=0 rel=0.890/0.796/0.941 wmean=1.000 grad_preclip=37.27
[E43] batch=080/153 pseudo=5 loss=4.4659 seg=0.3357 semseg=0.1596 mard=2.0159 lambda=0.033352 box_extra=0 mask_extra=0 CC=5/22 cc_shift=0.00359 cc_iou=0.99270 FG/HBG/EBG=40/256/1280 fallback=0 rel=0.890/0.789/0.952 wmean=1.000 grad_preclip=51.74
[E43] batch=100/153 pseudo=3 loss=3.4443 seg=0.3389 semseg=0.1416 mard=1.9572 lambda=0.036218 box_extra=1 mask_extra=1 CC=2/10 cc_shift=0.00088 cc_iou=0.99794 FG/HBG/EBG=24/192/960 fallback=0 rel=0.908/0.804/0.963 wmean=1.000 grad_preclip=29.37
[E43] batch=120/153 pseudo=4 loss=3.9721 seg=0.3255 semseg=0.1260 mard=1.9883 lambda=0.037929 box_extra=0 mask_extra=0 CC=4/19 cc_shift=0.00255 cc_iou=0.99552 FG/HBG/EBG=32/256/1280 fallback=0 rel=0.917/0.884/0.961 wmean=1.000 grad_preclip=21.64
[E43] batch=140/153 pseudo=4 loss=4.8225 seg=0.4911 semseg=0.2276 mard=2.0404 lambda=0.038570 box_extra=0 mask_extra=0 CC=4/19 cc_shift=0.00333 cc_iou=0.99013 FG/HBG/EBG=32/256/1280 fallback=0 rel=0.908/0.839/0.946 wmean=1.000 grad_preclip=23.98
[E43] batch=153/153 pseudo=4 loss=14.3207 seg=1.6748 semseg=0.7534 mard=1.9824 lambda=0.026374 box_extra=0 mask_extra=0 CC=3/12 cc_shift=0.00394 cc_iou=0.99566 FG/HBG/EBG=32/256/1280 fallback=0 rel=0.843/0.730/0.942 wmean=1.000 grad_preclip=177.60

[Epoch 43] DONE time=32.4s valid=153 skipped=0 pseudo=529 anchors=477 box_extra=81 mask_extra=52 reject_rel=29 CC=454/2166 cc_fallback=0 cc_shift=0.00330 cc_iou=0.99445 loss=5.2965 seg=0.4449 semseg=0.4205 mard=2.0221 lambda_avg=0.032060 FG/HBG/EBG=27.7/217.9/1059.6 rel=0.881/0.661/0.969 wmean=1.000
[E44] batch=001/153 pseudo=4 loss=3.5763 seg=0.3825 semseg=0.1139 mard=2.0147 lambda=0.044588 box_extra=0 mask_extra=0 CC=4/20 cc_shift=0.00249 cc_iou=0.99230 FG/HBG/EBG=32/256/1280 fallback=0 rel=0.952/0.940/0.969 wmean=1.000 grad_preclip=16.71
[E44] batch=020/153 pseudo=3 loss=3.6571 seg=0.4926 semseg=0.1533 mard=2.0724 lambda=0.042610 box_extra=0 mask_extra=0 CC=3/15 cc_shift=0.00273 cc_iou=0.99729 FG/HBG/EBG=24/192/960 fallback=0 rel=0.943/0.931/0.953 wmean=1.000 grad_preclip=23.11
[E44] batch=040/153 pseudo=4 loss=23.6578 seg=0.8825 semseg=3.2022 mard=2.0269 lambda=0.019759 box_extra=1 mask_extra=1 CC=3/15 cc_shift=0.00181 cc_iou=0.99669 FG/HBG/EBG=32/256/1280 fallback=0 rel=0.809/0.764/0.918 wmean=1.000 grad_preclip=216.12
[E44] batch=060/153 pseudo=1 loss=0.9528 seg=0.1898 semseg=0.1739 mard=1.9808 lambda=0.043501 box_extra=2 mask_extra=0 CC=1/5 cc_shift=0.00197 cc_iou=0.99746 FG/HBG/EBG=8/64/320 fallback=0 rel=0.952/0.952/0.952 wmean=1.000 grad_preclip=10.34
[E44] batch=080/153 pseudo=3 loss=1.9552 seg=0.2316 semseg=0.0867 mard=2.0113 lambda=0.039977 box_extra=0 mask_extra=0 CC=3/15 cc_shift=0.00152 cc_iou=0.99708 FG/HBG/EBG=24/192/960 fallback=0 rel=0.928/0.914/0.948 wmean=1.000 grad_preclip=26.01
[E44] batch=100/153 pseudo=3 loss=7.3993 seg=0.9294 semseg=0.3443 mard=1.9860 lambda=0.015983 box_extra=1 mask_extra=0 CC=2/10 cc_shift=0.00815 cc_iou=0.98661 FG/HBG/EBG=24/128/640 fallback=0 rel=0.769/0.729/0.840 wmean=1.000 grad_preclip=77.18
[E44] batch=120/153 pseudo=4 loss=3.9268 seg=0.2201 semseg=0.0957 mard=1.9143 lambda=0.035841 box_extra=1 mask_extra=1 CC=3/15 cc_shift=0.00174 cc_iou=0.99808 FG/HBG/EBG=32/256/1280 fallback=0 rel=0.909/0.869/0.950 wmean=1.000 grad_preclip=30.74
[E44] batch=140/153 pseudo=3 loss=5.6191 seg=0.4778 semseg=0.3179 mard=2.0429 lambda=0.031150 box_extra=0 mask_extra=0 CC=3/13 cc_shift=0.00716 cc_iou=0.98737 FG/HBG/EBG=24/192/960 fallback=0 rel=0.872/0.758/0.943 wmean=1.000 grad_preclip=37.71
[E44] batch=153/153 pseudo=3 loss=2.2948 seg=0.2843 semseg=0.1016 mard=2.0185 lambda=0.030414 box_extra=1 mask_extra=0 CC=2/10 cc_shift=0.00074 cc_iou=0.99943 FG/HBG/EBG=24/192/960 fallback=0 rel=0.880/0.771/0.940 wmean=1.000 grad_preclip=21.69

[Epoch 44] DONE time=32.7s valid=153 skipped=0 pseudo=542 anchors=483 box_extra=82 mask_extra=59 reject_rel=23 CC=460/2215 cc_fallback=0 cc_shift=0.00356 cc_iou=0.99406 loss=5.3411 seg=0.4715 semseg=0.3657 mard=2.0209 lambda_avg=0.031698 FG/HBG/EBG=28.3/223.8/1088.8 rel=0.879/0.661/0.969 wmean=1.000
[E45] batch=001/153 pseudo=3 loss=6.3948 seg=0.6590 semseg=0.3532 mard=2.0783 lambda=0.033602 box_extra=1 mask_extra=1 CC=2/9 cc_shift=0.00408 cc_iou=0.99427 FG/HBG/EBG=24/192/960 fallback=0 rel=0.894/0.850/0.965 wmean=1.000 grad_preclip=62.35
[E45] batch=020/153 pseudo=3 loss=2.1765 seg=0.2127 semseg=0.0773 mard=1.9392 lambda=0.030069 box_extra=1 mask_extra=0 CC=3/15 cc_shift=0.00294 cc_iou=0.99953 FG/HBG/EBG=24/192/960 fallback=0 rel=0.870/0.708/0.955 wmean=1.000 grad_preclip=29.10
[E45] batch=040/153 pseudo=4 loss=17.6086 seg=0.8356 semseg=1.6152 mard=2.0353 lambda=0.035322 box_extra=0 mask_extra=0 CC=4/20 cc_shift=0.00112 cc_iou=0.99868 FG/HBG/EBG=32/256/1280 fallback=0 rel=0.906/0.826/0.940 wmean=1.000 grad_preclip=73.50
[E45] batch=060/153 pseudo=2 loss=1.1184 seg=0.1661 semseg=0.0511 mard=2.0652 lambda=0.038748 box_extra=1 mask_extra=1 CC=1/5 cc_shift=0.00030 cc_iou=0.99841 FG/HBG/EBG=16/128/640 fallback=0 rel=0.929/0.894/0.963 wmean=1.000 grad_preclip=14.07
[E45] batch=080/153 pseudo=4 loss=3.2876 seg=0.1842 semseg=0.0722 mard=2.0664 lambda=0.037507 box_extra=0 mask_extra=0 CC=4/20 cc_shift=0.00125 cc_iou=0.99781 FG/HBG/EBG=32/256/1280 fallback=0 rel=0.922/0.861/0.955 wmean=1.000 grad_preclip=54.32
[E45] batch=100/153 pseudo=2 loss=1.8104 seg=0.2562 semseg=0.1078 mard=2.0228 lambda=0.043839 box_extra=0 mask_extra=0 CC=2/10 cc_shift=0.00224 cc_iou=0.99734 FG/HBG/EBG=16/128/640 fallback=0 rel=0.948/0.948/0.948 wmean=1.000 grad_preclip=28.85
[E45] batch=120/153 pseudo=4 loss=5.6150 seg=0.3746 semseg=0.1407 mard=1.9942 lambda=0.026467 box_extra=0 mask_extra=0 CC=4/16 cc_shift=0.00454 cc_iou=0.98692 FG/HBG/EBG=32/256/1280 fallback=0 rel=0.847/0.787/0.940 wmean=1.000 grad_preclip=23.90
[E45] batch=140/153 pseudo=4 loss=4.4268 seg=0.3768 semseg=0.1405 mard=1.9875 lambda=0.036627 box_extra=1 mask_extra=1 CC=3/15 cc_shift=0.00144 cc_iou=0.99837 FG/HBG/EBG=32/256/1280 fallback=0 rel=0.911/0.781/0.964 wmean=1.000 grad_preclip=27.11
[E45] batch=153/153 pseudo=4 loss=23.2399 seg=1.6975 semseg=2.2733 mard=2.0393 lambda=0.024854 box_extra=1 mask_extra=1 CC=3/14 cc_shift=0.00413 cc_iou=0.99259 FG/HBG/EBG=32/256/1280 fallback=0 rel=0.840/0.722/0.948 wmean=1.000 grad_preclip=161.17

[Epoch 45] DONE time=32.5s valid=153 skipped=0 pseudo=535 anchors=487 box_extra=76 mask_extra=48 reject_rel=28 CC=467/2241 cc_fallback=0 cc_shift=0.00342 cc_iou=0.99427 loss=5.2700 seg=0.4972 semseg=0.3350 mard=2.0283 lambda_avg=0.031961 FG/HBG/EBG=28.0/220.0/1072.5 rel=0.881/0.662/0.969 wmean=1.000
[E46] batch=001/153 pseudo=3 loss=2.0456 seg=0.1984 semseg=0.0777 mard=2.0782 lambda=0.034884 box_extra=0 mask_extra=0 CC=3/15 cc_shift=0.00050 cc_iou=0.99854 FG/HBG/EBG=24/192/960 fallback=0 rel=0.901/0.823/0.948 wmean=1.000 grad_preclip=23.22
[E46] batch=020/153 pseudo=4 loss=9.2261 seg=0.4385 semseg=0.3326 mard=1.9969 lambda=0.030461 box_extra=1 mask_extra=1 CC=3/15 cc_shift=0.00658 cc_iou=0.99097 FG/HBG/EBG=32/256/1280 fallback=0 rel=0.873/0.795/0.908 wmean=1.000 grad_preclip=40.33
[E46] batch=040/153 pseudo=3 loss=3.2961 seg=0.4100 semseg=0.2942 mard=2.0089 lambda=0.040283 box_extra=0 mask_extra=0 CC=3/15 cc_shift=0.00158 cc_iou=0.99592 FG/HBG/EBG=24/192/960 fallback=0 rel=0.931/0.881/0.960 wmean=1.000 grad_preclip=32.84
[E46] batch=060/153 pseudo=2 loss=3.9162 seg=0.4131 semseg=0.2110 mard=2.0651 lambda=0.016991 box_extra=1 mask_extra=0 CC=2/10 cc_shift=0.00234 cc_iou=0.99591 FG/HBG/EBG=16/128/640 fallback=0 rel=0.792/0.736/0.847 wmean=1.000 grad_preclip=86.02
[E46] batch=080/153 pseudo=4 loss=8.0201 seg=0.6089 semseg=0.2635 mard=1.9582 lambda=0.022599 box_extra=1 mask_extra=1 CC=2/9 cc_shift=0.00231 cc_iou=0.99702 FG/HBG/EBG=32/256/1280 fallback=0 rel=0.827/0.756/0.886 wmean=1.000 grad_preclip=60.49
[E46] batch=100/153 pseudo=4 loss=9.9316 seg=0.7416 semseg=0.5867 mard=2.0166 lambda=0.033331 box_extra=1 mask_extra=1 CC=3/15 cc_shift=0.00170 cc_iou=0.99887 FG/HBG/EBG=32/256/1280 fallback=0 rel=0.892/0.749/0.951 wmean=1.000 grad_preclip=62.29
[E46] batch=120/153 pseudo=4 loss=5.3037 seg=0.5509 semseg=0.1525 mard=2.0508 lambda=0.037923 box_extra=0 mask_extra=0 CC=4/20 cc_shift=0.00433 cc_iou=0.98887 FG/HBG/EBG=32/256/1280 fallback=0 rel=0.909/0.885/0.937 wmean=1.000 grad_preclip=28.04
[E46] batch=140/153 pseudo=2 loss=1.0774 seg=0.2004 semseg=0.0594 mard=2.0965 lambda=0.039129 box_extra=0 mask_extra=0 CC=2/10 cc_shift=0.00196 cc_iou=0.99829 FG/HBG/EBG=16/128/640 fallback=0 rel=0.930/0.922/0.939 wmean=1.000 grad_preclip=15.20
[E46] batch=153/153 pseudo=5 loss=3.8534 seg=0.3301 semseg=0.1413 mard=2.0229 lambda=0.034425 box_extra=1 mask_extra=1 CC=4/19 cc_shift=0.00355 cc_iou=0.99865 FG/HBG/EBG=40/320/1216 fallback=0 rel=0.899/0.832/0.951 wmean=1.000 grad_preclip=25.40

[Epoch 46] DONE time=32.9s valid=153 skipped=0 pseudo=539 anchors=479 box_extra=77 mask_extra=60 reject_rel=17 CC=454/2168 cc_fallback=0 cc_shift=0.00344 cc_iou=0.99427 loss=5.9310 seg=0.5306 semseg=0.4712 mard=2.0244 lambda_avg=0.031837 FG/HBG/EBG=28.2/221.7/1078.4 rel=0.880/0.664/0.970 wmean=1.000
[E47] batch=001/153 pseudo=3 loss=2.7109 seg=0.3309 semseg=0.1236 mard=2.0521 lambda=0.029282 box_extra=1 mask_extra=0 CC=2/10 cc_shift=0.00395 cc_iou=0.98904 FG/HBG/EBG=24/192/960 fallback=0 rel=0.869/0.746/0.951 wmean=1.000 grad_preclip=23.51
[E47] batch=020/153 pseudo=4 loss=6.9806 seg=0.2547 semseg=0.7485 mard=2.0487 lambda=0.031432 box_extra=2 mask_extra=1 CC=3/13 cc_shift=0.00219 cc_iou=0.99724 FG/HBG/EBG=32/256/1280 fallback=0 rel=0.886/0.840/0.952 wmean=1.000 grad_preclip=83.42
[E47] batch=040/153 pseudo=3 loss=8.1793 seg=1.1118 semseg=0.4381 mard=2.0236 lambda=0.038407 box_extra=1 mask_extra=1 CC=2/10 cc_shift=0.00154 cc_iou=0.99720 FG/HBG/EBG=24/192/960 fallback=0 rel=0.916/0.854/0.953 wmean=1.000 grad_preclip=70.78
[E47] batch=060/153 pseudo=4 loss=20.3229 seg=0.7357 semseg=5.0009 mard=2.0981 lambda=0.034892 box_extra=0 mask_extra=0 CC=3/15 cc_shift=0.00114 cc_iou=0.99896 FG/HBG/EBG=32/256/896 fallback=0 rel=0.902/0.791/0.957 wmean=1.000 grad_preclip=41.56
[E47] batch=080/153 pseudo=4 loss=3.6686 seg=0.3318 semseg=0.1595 mard=2.0152 lambda=0.029169 box_extra=1 mask_extra=1 CC=3/12 cc_shift=0.00297 cc_iou=0.99387 FG/HBG/EBG=32/256/1280 fallback=0 rel=0.861/0.758/0.946 wmean=1.000 grad_preclip=26.69
[E47] batch=100/153 pseudo=3 loss=2.8550 seg=0.2204 semseg=0.0914 mard=2.0419 lambda=0.038696 box_extra=1 mask_extra=1 CC=2/10 cc_shift=0.00225 cc_iou=0.99876 FG/HBG/EBG=24/192/960 fallback=0 rel=0.923/0.879/0.952 wmean=1.000 grad_preclip=17.96
[E47] batch=120/153 pseudo=4 loss=3.5859 seg=0.3853 semseg=0.1426 mard=1.9737 lambda=0.024927 box_extra=1 mask_extra=1 CC=3/15 cc_shift=0.00306 cc_iou=0.99659 FG/HBG/EBG=32/256/896 fallback=0 rel=0.845/0.781/0.944 wmean=1.000 grad_preclip=34.96
[E47] batch=140/153 pseudo=4 loss=5.1824 seg=0.3981 semseg=0.1984 mard=1.9692 lambda=0.030084 box_extra=0 mask_extra=0 CC=3/14 cc_shift=0.00376 cc_iou=0.99478 FG/HBG/EBG=32/256/1280 fallback=0 rel=0.867/0.794/0.958 wmean=1.000 grad_preclip=58.57
[E47] batch=153/153 pseudo=4 loss=8.9897 seg=0.6804 semseg=0.3018 mard=2.0391 lambda=0.030232 box_extra=1 mask_extra=1 CC=3/15 cc_shift=0.00478 cc_iou=0.99506 FG/HBG/EBG=32/256/1280 fallback=0 rel=0.873/0.755/0.948 wmean=1.000 grad_preclip=48.16

[Epoch 47] DONE time=32.4s valid=153 skipped=0 pseudo=534 anchors=472 box_extra=88 mask_extra=62 reject_rel=26 CC=448/2148 cc_fallback=0 cc_shift=0.00336 cc_iou=0.99452 loss=4.9761 seg=0.4601 semseg=0.3397 mard=2.0244 lambda_avg=0.031945 FG/HBG/EBG=27.9/219.6/1065.4 rel=0.882/0.676/0.970 wmean=1.000
[E48] batch=001/153 pseudo=1 loss=1.4209 seg=0.2828 semseg=0.1280 mard=2.1133 lambda=0.039868 box_extra=0 mask_extra=0 CC=1/5 cc_shift=0.00018 cc_iou=0.99974 FG/HBG/EBG=8/64/320 fallback=0 rel=0.940/0.940/0.940 wmean=1.000 grad_preclip=37.96
[E48] batch=020/153 pseudo=2 loss=1.1848 seg=0.1614 semseg=0.0664 mard=2.0726 lambda=0.030036 box_extra=0 mask_extra=0 CC=2/10 cc_shift=0.00254 cc_iou=0.99324 FG/HBG/EBG=16/128/640 fallback=0 rel=0.874/0.837/0.910 wmean=1.000 grad_preclip=15.49
[E48] batch=040/153 pseudo=4 loss=18.7133 seg=1.3075 semseg=2.4705 mard=2.0232 lambda=0.038381 box_extra=0 mask_extra=0 CC=4/20 cc_shift=0.00215 cc_iou=0.99629 FG/HBG/EBG=32/256/1280 fallback=0 rel=0.917/0.845/0.949 wmean=1.000 grad_preclip=149.06
[E48] batch=060/153 pseudo=4 loss=4.0734 seg=0.2931 semseg=0.1751 mard=1.9881 lambda=0.039567 box_extra=0 mask_extra=0 CC=4/19 cc_shift=0.00223 cc_iou=0.99751 FG/HBG/EBG=32/256/1280 fallback=0 rel=0.927/0.867/0.948 wmean=1.000 grad_preclip=28.22
[E48] batch=080/153 pseudo=4 loss=3.6180 seg=0.2364 semseg=0.1117 mard=1.9999 lambda=0.017428 box_extra=1 mask_extra=1 CC=3/15 cc_shift=0.00259 cc_iou=0.99790 FG/HBG/EBG=32/256/1280 fallback=0 rel=0.807/0.743/0.863 wmean=1.000 grad_preclip=31.42
[E48] batch=100/153 pseudo=2 loss=2.4449 seg=0.4064 semseg=0.1471 mard=2.0667 lambda=0.022332 box_extra=2 mask_extra=1 CC=1/5 cc_shift=0.00488 cc_iou=0.99852 FG/HBG/EBG=16/128/640 fallback=0 rel=0.830/0.758/0.903 wmean=1.000 grad_preclip=20.31
[E48] batch=120/153 pseudo=3 loss=7.1760 seg=0.5930 semseg=0.7799 mard=1.9848 lambda=0.022447 box_extra=1 mask_extra=1 CC=2/6 cc_shift=0.01295 cc_iou=0.96270 FG/HBG/EBG=24/192/960 fallback=0 rel=0.821/0.712/0.949 wmean=1.000 grad_preclip=144.77
[E48] batch=140/153 pseudo=3 loss=5.4435 seg=0.6320 semseg=0.4238 mard=2.0685 lambda=0.022876 box_extra=3 mask_extra=1 CC=2/7 cc_shift=0.01304 cc_iou=0.98304 FG/HBG/EBG=24/192/960 fallback=0 rel=0.818/0.760/0.886 wmean=1.000 grad_preclip=60.85
[E48] batch=153/153 pseudo=3 loss=2.0580 seg=0.2353 semseg=0.0672 mard=2.0649 lambda=0.041654 box_extra=0 mask_extra=0 CC=3/15 cc_shift=0.00370 cc_iou=0.99553 FG/HBG/EBG=24/192/960 fallback=0 rel=0.943/0.925/0.959 wmean=1.000 grad_preclip=21.07

[Epoch 48] DONE time=32.6s valid=153 skipped=0 pseudo=530 anchors=473 box_extra=79 mask_extra=57 reject_rel=22 CC=451/2167 cc_fallback=0 cc_shift=0.00318 cc_iou=0.99489 loss=5.4690 seg=0.4760 semseg=0.4011 mard=2.0282 lambda_avg=0.032361 FG/HBG/EBG=27.7/219.6/1067.9 rel=0.883/0.664/0.969 wmean=1.000
[E49] batch=001/153 pseudo=1 loss=1.0634 seg=0.3259 semseg=0.1432 mard=2.0620 lambda=0.044807 box_extra=2 mask_extra=0 CC=1/5 cc_shift=0.00278 cc_iou=0.99420 FG/HBG/EBG=8/64/320 fallback=0 rel=0.948/0.948/0.948 wmean=1.000 grad_preclip=10.72
[E49] batch=020/153 pseudo=4 loss=5.4254 seg=0.4805 semseg=0.3147 mard=2.0841 lambda=0.023855 box_extra=0 mask_extra=0 CC=4/19 cc_shift=0.01001 cc_iou=0.97799 FG/HBG/EBG=32/256/1280 fallback=0 rel=0.833/0.728/0.965 wmean=1.000 grad_preclip=45.64
[E49] batch=040/153 pseudo=3 loss=6.7247 seg=0.5265 semseg=0.7872 mard=1.9982 lambda=0.034311 box_extra=1 mask_extra=1 CC=2/10 cc_shift=0.00405 cc_iou=0.99698 FG/HBG/EBG=24/192/960 fallback=0 rel=0.894/0.801/0.941 wmean=1.000 grad_preclip=49.73
[E49] batch=060/153 pseudo=3 loss=3.8273 seg=0.5596 semseg=0.1229 mard=1.9334 lambda=0.036946 box_extra=0 mask_extra=0 CC=3/15 cc_shift=0.00506 cc_iou=0.98473 FG/HBG/EBG=24/192/960 fallback=0 rel=0.904/0.833/0.957 wmean=1.000 grad_preclip=29.91
[E49] batch=080/153 pseudo=2 loss=1.3424 seg=0.1420 semseg=0.1287 mard=1.9553 lambda=0.038534 box_extra=0 mask_extra=0 CC=2/10 cc_shift=0.00097 cc_iou=0.99777 FG/HBG/EBG=16/128/640 fallback=0 rel=0.926/0.887/0.965 wmean=1.000 grad_preclip=18.69
[E49] batch=100/153 pseudo=4 loss=7.2108 seg=0.5323 semseg=0.5966 mard=2.1164 lambda=0.017644 box_extra=0 mask_extra=0 CC=4/15 cc_shift=0.01051 cc_iou=0.98154 FG/HBG/EBG=32/256/1280 fallback=0 rel=0.792/0.683/0.951 wmean=1.000 grad_preclip=49.29
[E49] batch=120/153 pseudo=3 loss=3.1029 seg=0.3902 semseg=0.1362 mard=2.0707 lambda=0.042400 box_extra=0 mask_extra=0 CC=3/15 cc_shift=0.00177 cc_iou=0.99683 FG/HBG/EBG=24/192/960 fallback=0 rel=0.942/0.927/0.959 wmean=1.000 grad_preclip=54.84
[E49] batch=140/153 pseudo=3 loss=4.8762 seg=0.3467 semseg=0.2574 mard=1.9762 lambda=0.024501 box_extra=1 mask_extra=1 CC=2/10 cc_shift=0.00161 cc_iou=0.99654 FG/HBG/EBG=24/192/960 fallback=0 rel=0.842/0.753/0.935 wmean=1.000 grad_preclip=24.61
[E49] batch=153/153 pseudo=3 loss=9.8707 seg=0.9861 semseg=1.0701 mard=2.1122 lambda=0.027288 box_extra=0 mask_extra=0 CC=3/15 cc_shift=0.00831 cc_iou=0.98988 FG/HBG/EBG=24/192/960 fallback=0 rel=0.830/0.726/0.916 wmean=1.000 grad_preclip=39.32

[Epoch 49] DONE time=32.6s valid=153 skipped=0 pseudo=539 anchors=486 box_extra=78 mask_extra=53 reject_rel=25 CC=465/2222 cc_fallback=0 cc_shift=0.00354 cc_iou=0.99404 loss=5.6031 seg=0.4959 semseg=0.4147 mard=2.0257 lambda_avg=0.031971 FG/HBG/EBG=28.2/221.3/1081.3 rel=0.879/0.662/0.969 wmean=1.000
[E50] batch=001/153 pseudo=3 loss=1.8516 seg=0.1436 semseg=0.0593 mard=2.0047 lambda=0.034353 box_extra=1 mask_extra=1 CC=2/10 cc_shift=0.00094 cc_iou=0.99834 FG/HBG/EBG=24/192/960 fallback=0 rel=0.904/0.878/0.951 wmean=1.000 grad_preclip=22.02
[E50] batch=020/153 pseudo=2 loss=4.8923 seg=0.3774 semseg=0.7401 mard=1.9846 lambda=0.023463 box_extra=1 mask_extra=0 CC=2/10 cc_shift=0.00196 cc_iou=0.99790 FG/HBG/EBG=16/128/640 fallback=0 rel=0.840/0.832/0.849 wmean=1.000 grad_preclip=52.96
[E50] batch=040/153 pseudo=3 loss=5.4375 seg=0.5656 semseg=0.4219 mard=1.9963 lambda=0.027816 box_extra=0 mask_extra=0 CC=2/10 cc_shift=0.00407 cc_iou=0.99711 FG/HBG/EBG=24/192/960 fallback=0 rel=0.860/0.766/0.953 wmean=1.000 grad_preclip=27.91
[E50] batch=060/153 pseudo=5 loss=12.5079 seg=1.1764 semseg=0.3583 mard=1.9986 lambda=0.024976 box_extra=0 mask_extra=0 CC=4/20 cc_shift=0.00621 cc_iou=0.98561 FG/HBG/EBG=40/256/1280 fallback=0 rel=0.833/0.762/0.946 wmean=1.000 grad_preclip=58.10
[E50] batch=080/153 pseudo=3 loss=3.0165 seg=0.3661 semseg=0.1406 mard=1.9947 lambda=0.034282 box_extra=1 mask_extra=0 CC=3/15 cc_shift=0.00922 cc_iou=0.98015 FG/HBG/EBG=24/192/960 fallback=0 rel=0.895/0.791/0.954 wmean=1.000 grad_preclip=19.54
[E50] batch=100/153 pseudo=3 loss=7.1580 seg=0.9773 semseg=0.5053 mard=2.0571 lambda=0.022640 box_extra=2 mask_extra=2 CC=1/5 cc_shift=0.00328 cc_iou=0.99318 FG/HBG/EBG=24/192/960 fallback=0 rel=0.825/0.765/0.927 wmean=1.000 grad_preclip=36.14
[E50] batch=120/153 pseudo=3 loss=10.1525 seg=1.2628 semseg=0.8528 mard=2.0296 lambda=0.010505 box_extra=0 mask_extra=0 CC=3/12 cc_shift=0.00711 cc_iou=0.98566 FG/HBG/EBG=24/192/960 fallback=0 rel=0.741/0.662/0.817 wmean=1.000 grad_preclip=37.57
[E50] batch=140/153 pseudo=5 loss=8.2956 seg=0.4115 semseg=0.9113 mard=1.9666 lambda=0.027930 box_extra=3 mask_extra=2 CC=3/15 cc_shift=0.00313 cc_iou=0.99386 FG/HBG/EBG=40/320/1216 fallback=0 rel=0.859/0.760/0.951 wmean=1.000 grad_preclip=78.12
[E50] batch=153/153 pseudo=4 loss=6.8401 seg=0.6874 semseg=0.3177 mard=2.1080 lambda=0.039916 box_extra=0 mask_extra=0 CC=4/20 cc_shift=0.00196 cc_iou=0.99738 FG/HBG/EBG=32/256/1280 fallback=0 rel=0.932/0.914/0.941 wmean=1.000 grad_preclip=29.19

[Epoch 50] DONE time=32.8s valid=153 skipped=0 pseudo=538 anchors=475 box_extra=85 mask_extra=63 reject_rel=22 CC=453/2175 cc_fallback=0 cc_shift=0.00347 cc_iou=0.99428 loss=5.4613 seg=0.4934 semseg=0.3986 mard=2.0218 lambda_avg=0.032017 FG/HBG/EBG=28.1/220.4/1074.6 rel=0.880/0.662/0.970 wmean=1.000
[SAVE] /home/dang/MedRT-SFOD/runs/seg/dense_sfseg/cvc_ccdhf_v1_segmard_v2_60ep/checkpoints/dense_sfseg_epoch_50.pt
[E51] batch=001/153 pseudo=4 loss=6.3435 seg=0.6640 semseg=0.2825 mard=2.0301 lambda=0.033617 box_extra=1 mask_extra=1 CC=3/15 cc_shift=0.00545 cc_iou=0.98676 FG/HBG/EBG=32/256/1280 fallback=0 rel=0.889/0.817/0.930 wmean=1.000 grad_preclip=38.69
[E51] batch=020/153 pseudo=1 loss=2.5183 seg=0.6502 semseg=0.6715 mard=2.0940 lambda=0.016663 box_extra=0 mask_extra=0 CC=1/3 cc_shift=0.00476 cc_iou=0.99192 FG/HBG/EBG=8/64/320 fallback=0 rel=0.792/0.792/0.792 wmean=1.000 grad_preclip=15.12
[E51] batch=040/153 pseudo=2 loss=3.1221 seg=0.4592 semseg=0.1918 mard=2.0001 lambda=0.024900 box_extra=0 mask_extra=0 CC=1/5 cc_shift=0.00209 cc_iou=0.99849 FG/HBG/EBG=16/128/640 fallback=0 rel=0.836/0.747/0.925 wmean=1.000 grad_preclip=18.01
[E51] batch=060/153 pseudo=4 loss=9.4743 seg=0.7749 semseg=0.4776 mard=2.0151 lambda=0.030646 box_extra=1 mask_extra=1 CC=3/13 cc_shift=0.00299 cc_iou=0.99520 FG/HBG/EBG=32/256/1280 fallback=0 rel=0.874/0.764/0.945 wmean=1.000 grad_preclip=74.24
[E51] batch=080/153 pseudo=4 loss=10.9630 seg=0.5739 semseg=1.1032 mard=2.0838 lambda=0.012683 box_extra=1 mask_extra=1 CC=3/10 cc_shift=0.00822 cc_iou=0.98882 FG/HBG/EBG=32/256/1280 fallback=0 rel=0.770/0.697/0.893 wmean=1.000 grad_preclip=71.39
[E51] batch=100/153 pseudo=2 loss=1.8827 seg=0.2158 semseg=0.1602 mard=2.0795 lambda=0.037883 box_extra=0 mask_extra=0 CC=2/10 cc_shift=0.00112 cc_iou=0.99704 FG/HBG/EBG=16/128/640 fallback=0 rel=0.924/0.894/0.954 wmean=1.000 grad_preclip=18.09
[E51] batch=120/153 pseudo=4 loss=4.0780 seg=0.2246 semseg=0.0895 mard=2.0186 lambda=0.040416 box_extra=1 mask_extra=1 CC=3/15 cc_shift=0.00198 cc_iou=0.99634 FG/HBG/EBG=32/256/1280 fallback=0 rel=0.935/0.881/0.959 wmean=1.000 grad_preclip=78.85
[E51] batch=140/153 pseudo=4 loss=3.2978 seg=0.3209 semseg=0.1055 mard=2.0032 lambda=0.027984 box_extra=0 mask_extra=0 CC=4/20 cc_shift=0.00373 cc_iou=0.99525 FG/HBG/EBG=32/256/1280 fallback=0 rel=0.856/0.721/0.941 wmean=1.000 grad_preclip=26.43
[E51] batch=153/153 pseudo=4 loss=4.5179 seg=0.2956 semseg=0.1776 mard=2.0226 lambda=0.033641 box_extra=0 mask_extra=0 CC=3/15 cc_shift=0.00050 cc_iou=0.99908 FG/HBG/EBG=32/256/1280 fallback=0 rel=0.893/0.733/0.957 wmean=1.000 grad_preclip=67.65

[Epoch 51] DONE time=32.7s valid=153 skipped=0 pseudo=541 anchors=479 box_extra=84 mask_extra=62 reject_rel=22 CC=457/2180 cc_fallback=0 cc_shift=0.00373 cc_iou=0.99377 loss=5.2424 seg=0.4746 semseg=0.3374 mard=2.0289 lambda_avg=0.032151 FG/HBG/EBG=28.3/222.1/1085.5 rel=0.881/0.674/0.970 wmean=1.000
[E52] batch=001/153 pseudo=2 loss=2.7768 seg=0.5130 semseg=0.3322 mard=2.0010 lambda=0.035403 box_extra=0 mask_extra=0 CC=2/9 cc_shift=0.00311 cc_iou=0.99485 FG/HBG/EBG=16/128/640 fallback=0 rel=0.904/0.851/0.958 wmean=1.000 grad_preclip=28.15
[E52] batch=020/153 pseudo=4 loss=6.0836 seg=0.2995 semseg=0.3749 mard=1.9942 lambda=0.035561 box_extra=0 mask_extra=0 CC=4/20 cc_shift=0.00108 cc_iou=0.99850 FG/HBG/EBG=32/256/1280 fallback=0 rel=0.906/0.796/0.967 wmean=1.000 grad_preclip=95.40
[E52] batch=040/153 pseudo=3 loss=2.8147 seg=0.2171 semseg=0.0818 mard=2.0738 lambda=0.021340 box_extra=0 mask_extra=0 CC=3/13 cc_shift=0.00295 cc_iou=0.99724 FG/HBG/EBG=24/192/960 fallback=0 rel=0.824/0.757/0.941 wmean=1.000 grad_preclip=35.65
[E52] batch=060/153 pseudo=4 loss=3.5492 seg=0.1829 semseg=0.1469 mard=2.0480 lambda=0.029529 box_extra=1 mask_extra=1 CC=3/15 cc_shift=0.00126 cc_iou=0.99843 FG/HBG/EBG=32/256/1280 fallback=0 rel=0.877/0.754/0.936 wmean=1.000 grad_preclip=30.02
[E52] batch=080/153 pseudo=4 loss=3.2208 seg=0.3320 semseg=0.1194 mard=2.0337 lambda=0.036722 box_extra=0 mask_extra=0 CC=4/20 cc_shift=0.00146 cc_iou=0.99709 FG/HBG/EBG=32/256/1280 fallback=0 rel=0.914/0.882/0.935 wmean=1.000 grad_preclip=24.23
[E52] batch=100/153 pseudo=4 loss=6.9578 seg=0.5323 semseg=0.2979 mard=1.9732 lambda=0.029663 box_extra=1 mask_extra=1 CC=2/10 cc_shift=0.00126 cc_iou=0.99840 FG/HBG/EBG=32/256/1280 fallback=0 rel=0.865/0.734/0.956 wmean=1.000 grad_preclip=51.45
[E52] batch=120/153 pseudo=2 loss=3.4741 seg=0.4087 semseg=0.5749 mard=1.9933 lambda=0.024804 box_extra=0 mask_extra=0 CC=2/9 cc_shift=0.00947 cc_iou=0.98322 FG/HBG/EBG=16/128/640 fallback=0 rel=0.841/0.785/0.896 wmean=1.000 grad_preclip=69.18
[E52] batch=140/153 pseudo=4 loss=27.4608 seg=1.2763 semseg=3.9432 mard=1.9786 lambda=0.034119 box_extra=0 mask_extra=0 CC=4/20 cc_shift=0.00172 cc_iou=0.99737 FG/HBG/EBG=32/256/1280 fallback=0 rel=0.902/0.821/0.957 wmean=1.000 grad_preclip=122.71
[E52] batch=153/153 pseudo=3 loss=7.0319 seg=0.4816 semseg=0.4587 mard=1.9735 lambda=0.026236 box_extra=2 mask_extra=2 CC=1/5 cc_shift=0.00033 cc_iou=0.99816 FG/HBG/EBG=24/192/960 fallback=0 rel=0.845/0.764/0.943 wmean=1.000 grad_preclip=39.38

[Epoch 52] DONE time=32.5s valid=153 skipped=0 pseudo=528 anchors=475 box_extra=77 mask_extra=53 reject_rel=24 CC=451/2184 cc_fallback=0 cc_shift=0.00325 cc_iou=0.99452 loss=5.0171 seg=0.4675 semseg=0.3233 mard=2.0234 lambda_avg=0.032555 FG/HBG/EBG=27.6/217.5/1060.0 rel=0.883/0.665/0.969 wmean=1.000
[E53] batch=001/153 pseudo=4 loss=4.4952 seg=0.3484 semseg=0.1513 mard=2.0523 lambda=0.033995 box_extra=0 mask_extra=0 CC=4/20 cc_shift=0.00501 cc_iou=0.99459 FG/HBG/EBG=32/256/1280 fallback=0 rel=0.892/0.817/0.940 wmean=1.000 grad_preclip=32.25
[E53] batch=020/153 pseudo=4 loss=10.1334 seg=0.5458 semseg=0.9997 mard=2.0014 lambda=0.036196 box_extra=1 mask_extra=1 CC=3/15 cc_shift=0.00365 cc_iou=0.99108 FG/HBG/EBG=32/256/1280 fallback=0 rel=0.894/0.795/0.935 wmean=1.000 grad_preclip=75.62
[E53] batch=040/153 pseudo=2 loss=2.4410 seg=0.2650 semseg=0.1215 mard=2.0531 lambda=0.022968 box_extra=1 mask_extra=1 CC=1/5 cc_shift=0.00128 cc_iou=0.99753 FG/HBG/EBG=16/128/640 fallback=0 rel=0.840/0.786/0.894 wmean=1.000 grad_preclip=17.28
[E53] batch=060/153 pseudo=4 loss=3.3334 seg=0.2736 semseg=0.1904 mard=2.0419 lambda=0.025278 box_extra=0 mask_extra=0 CC=4/18 cc_shift=0.00692 cc_iou=0.99198 FG/HBG/EBG=32/256/1280 fallback=0 rel=0.852/0.786/0.897 wmean=1.000 grad_preclip=22.78
[E53] batch=080/153 pseudo=3 loss=4.3308 seg=0.3872 semseg=0.2536 mard=2.0075 lambda=0.030839 box_extra=1 mask_extra=0 CC=3/11 cc_shift=0.00291 cc_iou=0.99644 FG/HBG/EBG=24/192/960 fallback=0 rel=0.874/0.778/0.930 wmean=1.000 grad_preclip=27.26
[E53] batch=100/153 pseudo=4 loss=2.4767 seg=0.1921 semseg=0.0665 mard=2.0646 lambda=0.038824 box_extra=0 mask_extra=0 CC=4/20 cc_shift=0.00163 cc_iou=0.99833 FG/HBG/EBG=32/256/1280 fallback=0 rel=0.927/0.906/0.939 wmean=1.000 grad_preclip=24.03
[E53] batch=120/153 pseudo=4 loss=5.6408 seg=0.4516 semseg=0.2603 mard=1.9730 lambda=0.018237 box_extra=0 mask_extra=0 CC=4/20 cc_shift=0.01117 cc_iou=0.98291 FG/HBG/EBG=32/256/1280 fallback=0 rel=0.804/0.721/0.952 wmean=1.000 grad_preclip=35.74
[E53] batch=140/153 pseudo=3 loss=8.3954 seg=0.7837 semseg=1.3160 mard=2.0003 lambda=0.032799 box_extra=0 mask_extra=0 CC=2/10 cc_shift=0.00043 cc_iou=0.99916 FG/HBG/EBG=24/192/960 fallback=0 rel=0.873/0.702/0.963 wmean=1.000 grad_preclip=55.21
[E53] batch=153/153 pseudo=3 loss=3.3054 seg=0.2882 semseg=0.1299 mard=1.9833 lambda=0.034781 box_extra=1 mask_extra=0 CC=3/15 cc_shift=0.00241 cc_iou=0.99744 FG/HBG/EBG=24/192/960 fallback=0 rel=0.895/0.815/0.944 wmean=1.000 grad_preclip=21.89

[Epoch 53] DONE time=32.8s valid=153 skipped=0 pseudo=540 anchors=483 box_extra=81 mask_extra=57 reject_rel=24 CC=465/2237 cc_fallback=0 cc_shift=0.00354 cc_iou=0.99423 loss=5.4602 seg=0.4976 semseg=0.4077 mard=2.0210 lambda_avg=0.031655 FG/HBG/EBG=28.2/223.0/1087.2 rel=0.880/0.662/0.970 wmean=1.000
[E54] batch=001/153 pseudo=4 loss=3.8257 seg=0.3346 semseg=0.1126 mard=2.1291 lambda=0.038489 box_extra=0 mask_extra=0 CC=4/20 cc_shift=0.00309 cc_iou=0.99659 FG/HBG/EBG=32/256/1280 fallback=0 rel=0.925/0.884/0.956 wmean=1.000 grad_preclip=23.94
[E54] batch=020/153 pseudo=4 loss=5.8088 seg=0.3466 semseg=0.3695 mard=2.0460 lambda=0.031649 box_extra=0 mask_extra=0 CC=4/18 cc_shift=0.00293 cc_iou=0.99788 FG/HBG/EBG=32/256/1280 fallback=0 rel=0.884/0.762/0.954 wmean=1.000 grad_preclip=60.41
[E54] batch=040/153 pseudo=1 loss=3.3200 seg=2.1675 semseg=0.3133 mard=2.0549 lambda=0.011072 box_extra=1 mask_extra=0 CC=0/0 cc_shift=0.00000 cc_iou=0.00000 FG/HBG/EBG=8/64/320 fallback=0 rel=0.743/0.743/0.743 wmean=1.000 grad_preclip=12.85
[E54] batch=060/153 pseudo=4 loss=4.9283 seg=0.5207 semseg=0.2401 mard=1.9913 lambda=0.028670 box_extra=0 mask_extra=0 CC=4/18 cc_shift=0.00325 cc_iou=0.99251 FG/HBG/EBG=32/256/1280 fallback=0 rel=0.858/0.751/0.940 wmean=1.000 grad_preclip=30.97
[E54] batch=080/153 pseudo=3 loss=2.1760 seg=0.2280 semseg=0.1201 mard=1.9838 lambda=0.039466 box_extra=1 mask_extra=0 CC=3/15 cc_shift=0.00217 cc_iou=0.99844 FG/HBG/EBG=24/192/960 fallback=0 rel=0.922/0.893/0.945 wmean=1.000 grad_preclip=22.42
[E54] batch=100/153 pseudo=3 loss=3.4659 seg=0.4697 semseg=0.1621 mard=2.0060 lambda=0.040982 box_extra=0 mask_extra=0 CC=3/15 cc_shift=0.00090 cc_iou=0.99762 FG/HBG/EBG=24/192/960 fallback=0 rel=0.929/0.923/0.939 wmean=1.000 grad_preclip=22.36
[E54] batch=120/153 pseudo=4 loss=14.5137 seg=0.6336 semseg=1.9989 mard=1.9655 lambda=0.026516 box_extra=0 mask_extra=0 CC=4/20 cc_shift=0.00319 cc_iou=0.99590 FG/HBG/EBG=32/256/1280 fallback=0 rel=0.843/0.684/0.969 wmean=1.000 grad_preclip=117.35
[E54] batch=140/153 pseudo=2 loss=0.7749 seg=0.1119 semseg=0.0457 mard=2.0038 lambda=0.041774 box_extra=0 mask_extra=0 CC=2/10 cc_shift=0.00121 cc_iou=0.99944 FG/HBG/EBG=16/128/640 fallback=0 rel=0.947/0.932/0.962 wmean=1.000 grad_preclip=17.21
[E54] batch=153/153 pseudo=4 loss=2.7888 seg=0.2844 semseg=0.0925 mard=1.9908 lambda=0.038072 box_extra=0 mask_extra=0 CC=4/20 cc_shift=0.00172 cc_iou=0.99832 FG/HBG/EBG=32/256/1280 fallback=0 rel=0.918/0.883/0.948 wmean=1.000 grad_preclip=26.37

[Epoch 54] DONE time=32.6s valid=153 skipped=0 pseudo=534 anchors=481 box_extra=78 mask_extra=53 reject_rel=25 CC=461/2214 cc_fallback=0 cc_shift=0.00347 cc_iou=0.99409 loss=5.2213 seg=0.5230 semseg=0.3513 mard=2.0214 lambda_avg=0.032667 FG/HBG/EBG=27.9/220.9/1081.7 rel=0.884/0.666/0.970 wmean=1.000
[E55] batch=001/153 pseudo=4 loss=31.1383 seg=1.8783 semseg=3.9610 mard=2.0207 lambda=0.030674 box_extra=0 mask_extra=0 CC=4/16 cc_shift=0.00242 cc_iou=0.99609 FG/HBG/EBG=32/256/1280 fallback=0 rel=0.873/0.793/0.947 wmean=1.000 grad_preclip=67.40
[E55] batch=020/153 pseudo=4 loss=3.2907 seg=0.2921 semseg=0.1373 mard=1.9777 lambda=0.032140 box_extra=1 mask_extra=1 CC=3/15 cc_shift=0.00434 cc_iou=0.99455 FG/HBG/EBG=32/256/1280 fallback=0 rel=0.885/0.824/0.947 wmean=1.000 grad_preclip=34.52
[E55] batch=040/153 pseudo=4 loss=5.5242 seg=0.3181 semseg=0.3769 mard=2.0647 lambda=0.036431 box_extra=2 mask_extra=2 CC=2/9 cc_shift=0.00275 cc_iou=0.99605 FG/HBG/EBG=32/256/1280 fallback=0 rel=0.914/0.886/0.953 wmean=1.000 grad_preclip=37.67
[E55] batch=060/153 pseudo=1 loss=2.9719 seg=1.1743 semseg=0.5983 mard=2.1491 lambda=0.023948 box_extra=1 mask_extra=0 CC=1/5 cc_shift=0.00600 cc_iou=0.98266 FG/HBG/EBG=8/64/320 fallback=0 rel=0.820/0.820/0.820 wmean=1.000 grad_preclip=15.19
[E55] batch=080/153 pseudo=4 loss=3.8721 seg=0.2489 semseg=0.2052 mard=1.9779 lambda=0.029809 box_extra=0 mask_extra=0 CC=4/20 cc_shift=0.00477 cc_iou=0.99698 FG/HBG/EBG=32/256/1280 fallback=0 rel=0.873/0.793/0.945 wmean=1.000 grad_preclip=33.64
[E55] batch=100/153 pseudo=2 loss=4.2540 seg=0.6858 semseg=0.4972 mard=1.9723 lambda=0.034325 box_extra=1 mask_extra=1 CC=1/5 cc_shift=0.00118 cc_iou=0.99880 FG/HBG/EBG=16/128/640 fallback=0 rel=0.903/0.861/0.944 wmean=1.000 grad_preclip=52.61
[E55] batch=120/153 pseudo=3 loss=2.8225 seg=0.3103 semseg=0.0981 mard=1.9938 lambda=0.032289 box_extra=0 mask_extra=0 CC=3/11 cc_shift=0.00406 cc_iou=0.99397 FG/HBG/EBG=24/192/960 fallback=0 rel=0.879/0.770/0.939 wmean=1.000 grad_preclip=23.78
[E55] batch=140/153 pseudo=4 loss=3.7710 seg=0.3718 semseg=0.1369 mard=2.0312 lambda=0.030759 box_extra=0 mask_extra=0 CC=4/16 cc_shift=0.00222 cc_iou=0.99729 FG/HBG/EBG=32/256/1280 fallback=0 rel=0.877/0.746/0.937 wmean=1.000 grad_preclip=21.52
[E55] batch=153/153 pseudo=4 loss=5.1603 seg=0.4596 semseg=0.3943 mard=2.0494 lambda=0.018600 box_extra=2 mask_extra=1 CC=2/6 cc_shift=0.00514 cc_iou=0.99541 FG/HBG/EBG=32/192/960 fallback=0 rel=0.799/0.695/0.924 wmean=1.000 grad_preclip=37.19

[Epoch 55] DONE time=32.6s valid=153 skipped=0 pseudo=528 anchors=473 box_extra=82 mask_extra=55 reject_rel=27 CC=452/2159 cc_fallback=0 cc_shift=0.00340 cc_iou=0.99439 loss=5.3387 seg=0.5280 semseg=0.4102 mard=2.0179 lambda_avg=0.032213 FG/HBG/EBG=27.6/217.5/1060.0 rel=0.882/0.662/0.969 wmean=1.000
[E56] batch=001/153 pseudo=4 loss=6.3806 seg=0.6286 semseg=0.2264 mard=2.0435 lambda=0.028458 box_extra=0 mask_extra=0 CC=4/20 cc_shift=0.00566 cc_iou=0.99277 FG/HBG/EBG=32/256/1280 fallback=0 rel=0.869/0.832/0.898 wmean=1.000 grad_preclip=47.42
[E56] batch=020/153 pseudo=4 loss=4.8411 seg=0.3831 semseg=0.2979 mard=2.0464 lambda=0.027494 box_extra=0 mask_extra=0 CC=4/16 cc_shift=0.00886 cc_iou=0.98558 FG/HBG/EBG=32/256/1280 fallback=0 rel=0.851/0.686/0.952 wmean=1.000 grad_preclip=39.32
[E56] batch=040/153 pseudo=2 loss=1.0506 seg=0.1556 semseg=0.0861 mard=2.0180 lambda=0.042904 box_extra=1 mask_extra=0 CC=2/10 cc_shift=0.00074 cc_iou=0.99974 FG/HBG/EBG=16/128/640 fallback=0 rel=0.956/0.954/0.958 wmean=1.000 grad_preclip=15.59
[E56] batch=060/153 pseudo=3 loss=4.0153 seg=0.4684 semseg=0.2120 mard=2.0116 lambda=0.036450 box_extra=0 mask_extra=0 CC=3/15 cc_shift=0.00435 cc_iou=0.99497 FG/HBG/EBG=24/192/960 fallback=0 rel=0.902/0.859/0.924 wmean=1.000 grad_preclip=34.54
[E56] batch=080/153 pseudo=2 loss=2.0674 seg=0.3956 semseg=0.1661 mard=2.0503 lambda=0.032120 box_extra=0 mask_extra=0 CC=2/8 cc_shift=0.00591 cc_iou=0.98921 FG/HBG/EBG=16/128/640 fallback=0 rel=0.886/0.833/0.938 wmean=1.000 grad_preclip=21.04
[E56] batch=100/153 pseudo=4 loss=2.7569 seg=0.1767 semseg=0.1039 mard=1.9917 lambda=0.039011 box_extra=0 mask_extra=0 CC=4/20 cc_shift=0.00127 cc_iou=0.99896 FG/HBG/EBG=32/256/1280 fallback=0 rel=0.928/0.874/0.967 wmean=1.000 grad_preclip=50.55
[E56] batch=120/153 pseudo=2 loss=1.7992 seg=0.2158 semseg=0.0723 mard=2.1237 lambda=0.039690 box_extra=0 mask_extra=0 CC=2/10 cc_shift=0.00183 cc_iou=0.99658 FG/HBG/EBG=16/128/640 fallback=0 rel=0.930/0.917/0.943 wmean=1.000 grad_preclip=106.06
[E56] batch=140/153 pseudo=5 loss=7.5584 seg=0.5820 semseg=0.2134 mard=2.0295 lambda=0.033341 box_extra=0 mask_extra=0 CC=5/21 cc_shift=0.00299 cc_iou=0.99569 FG/HBG/EBG=40/256/1280 fallback=0 rel=0.891/0.804/0.956 wmean=1.000 grad_preclip=35.33
[E56] batch=153/153 pseudo=4 loss=16.4602 seg=0.7429 semseg=2.2882 mard=1.9483 lambda=0.025337 box_extra=0 mask_extra=0 CC=4/19 cc_shift=0.00234 cc_iou=0.99319 FG/HBG/EBG=32/256/1280 fallback=0 rel=0.842/0.716/0.948 wmean=1.000 grad_preclip=87.37

[Epoch 56] DONE time=32.7s valid=153 skipped=0 pseudo=532 anchors=478 box_extra=74 mask_extra=54 reject_rel=20 CC=458/2190 cc_fallback=0 cc_shift=0.00352 cc_iou=0.99435 loss=5.2390 seg=0.4662 semseg=0.3828 mard=2.0244 lambda_avg=0.032007 FG/HBG/EBG=27.8/218.4/1066.7 rel=0.882/0.666/0.969 wmean=1.000
[E57] batch=001/153 pseudo=2 loss=2.1762 seg=0.4342 semseg=0.2715 mard=2.0110 lambda=0.037609 box_extra=1 mask_extra=0 CC=2/10 cc_shift=0.00357 cc_iou=0.99442 FG/HBG/EBG=16/128/640 fallback=0 rel=0.908/0.885/0.931 wmean=1.000 grad_preclip=19.31
[E57] batch=020/153 pseudo=4 loss=3.1690 seg=0.3829 semseg=0.1931 mard=2.0009 lambda=0.028766 box_extra=0 mask_extra=0 CC=4/20 cc_shift=0.00215 cc_iou=0.99516 FG/HBG/EBG=32/256/896 fallback=0 rel=0.859/0.685/0.940 wmean=1.000 grad_preclip=21.82
[E57] batch=040/153 pseudo=3 loss=3.5379 seg=0.3300 semseg=0.5108 mard=2.0045 lambda=0.034107 box_extra=1 mask_extra=0 CC=3/12 cc_shift=0.00371 cc_iou=0.99329 FG/HBG/EBG=24/192/960 fallback=0 rel=0.889/0.810/0.954 wmean=1.000 grad_preclip=27.32
[E57] batch=060/153 pseudo=3 loss=1.7496 seg=0.2079 semseg=0.0926 mard=2.0262 lambda=0.043303 box_extra=0 mask_extra=0 CC=3/15 cc_shift=0.00128 cc_iou=0.99771 FG/HBG/EBG=24/192/960 fallback=0 rel=0.952/0.947/0.955 wmean=1.000 grad_preclip=18.42
[E57] batch=080/153 pseudo=4 loss=5.1405 seg=0.6343 semseg=0.1769 mard=1.9799 lambda=0.029320 box_extra=0 mask_extra=0 CC=3/15 cc_shift=0.00920 cc_iou=0.98001 FG/HBG/EBG=32/256/1280 fallback=0 rel=0.865/0.792/0.949 wmean=1.000 grad_preclip=35.24
[E57] batch=100/153 pseudo=4 loss=6.7752 seg=0.6436 semseg=0.2147 mard=2.0804 lambda=0.034449 box_extra=1 mask_extra=1 CC=3/15 cc_shift=0.00321 cc_iou=0.99612 FG/HBG/EBG=32/256/1280 fallback=0 rel=0.885/0.796/0.956 wmean=1.000 grad_preclip=44.60
[E57] batch=120/153 pseudo=3 loss=3.2945 seg=0.3392 semseg=0.1674 mard=2.0515 lambda=0.035168 box_extra=0 mask_extra=0 CC=3/12 cc_shift=0.00214 cc_iou=0.99718 FG/HBG/EBG=24/192/960 fallback=0 rel=0.898/0.809/0.950 wmean=1.000 grad_preclip=23.80
[E57] batch=140/153 pseudo=3 loss=2.6273 seg=0.3410 semseg=0.1119 mard=2.0682 lambda=0.040119 box_extra=0 mask_extra=0 CC=3/15 cc_shift=0.00432 cc_iou=0.99217 FG/HBG/EBG=24/192/960 fallback=0 rel=0.925/0.909/0.941 wmean=1.000 grad_preclip=23.08
[E57] batch=153/153 pseudo=3 loss=15.8615 seg=0.8443 semseg=2.3662 mard=2.0175 lambda=0.027137 box_extra=1 mask_extra=0 CC=3/13 cc_shift=0.01318 cc_iou=0.98690 FG/HBG/EBG=24/192/960 fallback=0 rel=0.856/0.837/0.871 wmean=1.000 grad_preclip=69.77

[Epoch 57] DONE time=32.7s valid=153 skipped=0 pseudo=533 anchors=476 box_extra=81 mask_extra=57 reject_rel=24 CC=454/2190 cc_fallback=0 cc_shift=0.00360 cc_iou=0.99427 loss=5.5691 seg=0.4893 semseg=0.3980 mard=2.0261 lambda_avg=0.032438 FG/HBG/EBG=27.9/220.4/1079.6 rel=0.882/0.663/0.970 wmean=1.000
[E58] batch=001/153 pseudo=4 loss=4.8471 seg=0.4399 semseg=0.2235 mard=2.0013 lambda=0.037040 box_extra=0 mask_extra=0 CC=4/20 cc_shift=0.00114 cc_iou=0.99723 FG/HBG/EBG=32/256/1280 fallback=0 rel=0.911/0.778/0.963 wmean=1.000 grad_preclip=25.56
[E58] batch=020/153 pseudo=3 loss=7.5635 seg=0.3942 semseg=1.2489 mard=1.9724 lambda=0.016956 box_extra=0 mask_extra=0 CC=3/13 cc_shift=0.00422 cc_iou=0.99820 FG/HBG/EBG=24/192/960 fallback=0 rel=0.797/0.698/0.852 wmean=1.000 grad_preclip=35.14
[E58] batch=040/153 pseudo=3 loss=1.7793 seg=0.2404 semseg=0.0983 mard=2.0421 lambda=0.037856 box_extra=0 mask_extra=0 CC=3/15 cc_shift=0.00285 cc_iou=0.99551 FG/HBG/EBG=24/192/960 fallback=0 rel=0.921/0.884/0.941 wmean=1.000 grad_preclip=22.11
[E58] batch=060/153 pseudo=4 loss=4.4975 seg=0.3262 semseg=0.2062 mard=2.0143 lambda=0.031031 box_extra=0 mask_extra=0 CC=4/20 cc_shift=0.00161 cc_iou=0.99774 FG/HBG/EBG=32/256/1280 fallback=0 rel=0.883/0.813/0.938 wmean=1.000 grad_preclip=34.30
[E58] batch=080/153 pseudo=3 loss=7.0250 seg=0.7141 semseg=0.3345 mard=1.9967 lambda=0.030765 box_extra=0 mask_extra=0 CC=2/10 cc_shift=0.00327 cc_iou=0.99542 FG/HBG/EBG=24/192/960 fallback=0 rel=0.875/0.749/0.942 wmean=1.000 grad_preclip=95.52
[E58] batch=100/153 pseudo=2 loss=1.3904 seg=0.2966 semseg=0.1193 mard=2.0193 lambda=0.042016 box_extra=1 mask_extra=0 CC=2/10 cc_shift=0.00150 cc_iou=0.99668 FG/HBG/EBG=16/128/640 fallback=0 rel=0.937/0.930/0.945 wmean=1.000 grad_preclip=14.96
[E58] batch=120/153 pseudo=3 loss=7.1541 seg=0.2747 semseg=1.0023 mard=2.0082 lambda=0.018955 box_extra=1 mask_extra=1 CC=1/5 cc_shift=0.00197 cc_iou=0.99818 FG/HBG/EBG=24/192/960 fallback=0 rel=0.806/0.719/0.940 wmean=1.000 grad_preclip=109.78
[E58] batch=140/153 pseudo=4 loss=4.6055 seg=0.3130 semseg=0.1331 mard=2.0571 lambda=0.035658 box_extra=1 mask_extra=1 CC=3/15 cc_shift=0.00066 cc_iou=0.99882 FG/HBG/EBG=32/256/1280 fallback=0 rel=0.902/0.783/0.958 wmean=1.000 grad_preclip=18.19
[E58] batch=153/153 pseudo=3 loss=5.3250 seg=0.7585 semseg=0.2022 mard=1.9754 lambda=0.034587 box_extra=1 mask_extra=1 CC=2/10 cc_shift=0.00370 cc_iou=0.99730 FG/HBG/EBG=24/192/960 fallback=0 rel=0.884/0.878/0.896 wmean=1.000 grad_preclip=37.14

[Epoch 58] DONE time=32.5s valid=153 skipped=0 pseudo=531 anchors=479 box_extra=75 mask_extra=52 reject_rel=23 CC=459/2199 cc_fallback=0 cc_shift=0.00313 cc_iou=0.99507 loss=5.3340 seg=0.4589 semseg=0.4252 mard=2.0228 lambda_avg=0.032495 FG/HBG/EBG=27.8/218.4/1069.2 rel=0.884/0.663/0.970 wmean=1.000
[E59] batch=001/153 pseudo=4 loss=2.9360 seg=0.2308 semseg=0.0854 mard=2.0140 lambda=0.033760 box_extra=0 mask_extra=0 CC=4/19 cc_shift=0.00108 cc_iou=0.99788 FG/HBG/EBG=32/256/1280 fallback=0 rel=0.893/0.762/0.946 wmean=1.000 grad_preclip=37.83
[E59] batch=020/153 pseudo=2 loss=1.6832 seg=0.2846 semseg=0.1436 mard=2.0026 lambda=0.035633 box_extra=2 mask_extra=0 CC=2/10 cc_shift=0.00232 cc_iou=0.99473 FG/HBG/EBG=16/128/640 fallback=0 rel=0.903/0.896/0.909 wmean=1.000 grad_preclip=14.42
[E59] batch=040/153 pseudo=5 loss=4.7088 seg=0.3593 semseg=0.2215 mard=1.9722 lambda=0.029208 box_extra=0 mask_extra=0 CC=5/25 cc_shift=0.00418 cc_iou=0.99757 FG/HBG/EBG=40/320/1216 fallback=0 rel=0.862/0.715/0.941 wmean=1.000 grad_preclip=26.49
[E59] batch=060/153 pseudo=3 loss=4.5887 seg=0.5986 semseg=0.2408 mard=2.1018 lambda=0.018278 box_extra=0 mask_extra=0 CC=3/9 cc_shift=0.00888 cc_iou=0.97711 FG/HBG/EBG=24/192/960 fallback=0 rel=0.799/0.746/0.891 wmean=1.000 grad_preclip=74.94
[E59] batch=080/153 pseudo=3 loss=2.3972 seg=0.2419 semseg=0.0922 mard=2.0170 lambda=0.033139 box_extra=0 mask_extra=0 CC=3/15 cc_shift=0.00541 cc_iou=0.99105 FG/HBG/EBG=24/192/960 fallback=0 rel=0.892/0.882/0.909 wmean=1.000 grad_preclip=26.97
[E59] batch=100/153 pseudo=2 loss=2.4394 seg=0.3306 semseg=0.1452 mard=1.9654 lambda=0.028769 box_extra=1 mask_extra=1 CC=1/5 cc_shift=0.00057 cc_iou=0.99720 FG/HBG/EBG=16/128/640 fallback=0 rel=0.866/0.788/0.944 wmean=1.000 grad_preclip=17.24
[E59] batch=120/153 pseudo=3 loss=2.2827 seg=0.3706 semseg=0.1347 mard=2.0381 lambda=0.041055 box_extra=0 mask_extra=0 CC=3/15 cc_shift=0.00192 cc_iou=0.99464 FG/HBG/EBG=24/192/960 fallback=0 rel=0.932/0.914/0.951 wmean=1.000 grad_preclip=25.64
[E59] batch=140/153 pseudo=4 loss=14.4152 seg=0.8151 semseg=1.4327 mard=2.0198 lambda=0.031558 box_extra=0 mask_extra=0 CC=4/20 cc_shift=0.00204 cc_iou=0.99608 FG/HBG/EBG=32/256/1280 fallback=0 rel=0.877/0.700/0.958 wmean=1.000 grad_preclip=70.03
[E59] batch=153/153 pseudo=3 loss=4.4902 seg=0.3914 semseg=0.2428 mard=1.9748 lambda=0.036658 box_extra=0 mask_extra=0 CC=3/14 cc_shift=0.00256 cc_iou=0.99555 FG/HBG/EBG=24/192/960 fallback=0 rel=0.906/0.804/0.961 wmean=1.000 grad_preclip=141.69

[Epoch 59] DONE time=32.4s valid=153 skipped=0 pseudo=526 anchors=471 box_extra=81 mask_extra=55 reject_rel=26 CC=453/2167 cc_fallback=0 cc_shift=0.00345 cc_iou=0.99430 loss=4.9001 seg=0.4540 semseg=0.3606 mard=2.0240 lambda_avg=0.032625 FG/HBG/EBG=27.5/217.5/1057.5 rel=0.884/0.667/0.970 wmean=1.000
[E60] batch=001/153 pseudo=4 loss=4.3526 seg=0.3410 semseg=0.1536 mard=2.0168 lambda=0.033039 box_extra=1 mask_extra=0 CC=4/20 cc_shift=0.00664 cc_iou=0.98856 FG/HBG/EBG=32/256/1280 fallback=0 rel=0.888/0.842/0.936 wmean=1.000 grad_preclip=37.38
[E60] batch=020/153 pseudo=4 loss=3.4685 seg=0.2828 semseg=0.1791 mard=1.9590 lambda=0.032366 box_extra=0 mask_extra=0 CC=4/20 cc_shift=0.00258 cc_iou=0.99632 FG/HBG/EBG=32/256/1280 fallback=0 rel=0.886/0.820/0.935 wmean=1.000 grad_preclip=32.42
[E60] batch=040/153 pseudo=4 loss=7.4143 seg=0.3806 semseg=0.4655 mard=1.9952 lambda=0.026012 box_extra=1 mask_extra=1 CC=3/15 cc_shift=0.00387 cc_iou=0.99417 FG/HBG/EBG=32/256/1280 fallback=0 rel=0.849/0.753/0.927 wmean=1.000 grad_preclip=185.07
[E60] batch=060/153 pseudo=4 loss=7.2790 seg=0.3770 semseg=0.4582 mard=1.9874 lambda=0.030506 box_extra=0 mask_extra=0 CC=3/15 cc_shift=0.00194 cc_iou=0.99749 FG/HBG/EBG=32/256/1280 fallback=0 rel=0.870/0.686/0.942 wmean=1.000 grad_preclip=39.05
[E60] batch=080/153 pseudo=4 loss=3.1968 seg=0.2730 semseg=0.1350 mard=2.0270 lambda=0.026526 box_extra=0 mask_extra=0 CC=3/15 cc_shift=0.00169 cc_iou=0.99583 FG/HBG/EBG=32/256/1280 fallback=0 rel=0.855/0.720/0.955 wmean=1.000 grad_preclip=27.73
[E60] batch=100/153 pseudo=4 loss=15.6999 seg=1.1060 semseg=1.2845 mard=2.0583 lambda=0.031112 box_extra=1 mask_extra=1 CC=3/15 cc_shift=0.00421 cc_iou=0.99348 FG/HBG/EBG=32/256/1280 fallback=0 rel=0.876/0.827/0.948 wmean=1.000 grad_preclip=93.81
[E60] batch=120/153 pseudo=4 loss=9.2390 seg=0.7405 semseg=0.5801 mard=2.0564 lambda=0.017753 box_extra=0 mask_extra=0 CC=4/13 cc_shift=0.00697 cc_iou=0.98427 FG/HBG/EBG=32/256/1280 fallback=0 rel=0.788/0.663/0.887 wmean=1.000 grad_preclip=35.92
[E60] batch=140/153 pseudo=4 loss=3.5426 seg=0.2103 semseg=0.0984 mard=2.0372 lambda=0.036654 box_extra=0 mask_extra=0 CC=4/20 cc_shift=0.00205 cc_iou=0.99821 FG/HBG/EBG=32/256/1280 fallback=0 rel=0.912/0.876/0.941 wmean=1.000 grad_preclip=35.54
[E60] batch=153/153 pseudo=4 loss=3.2040 seg=0.2771 semseg=0.0969 mard=1.9565 lambda=0.040643 box_extra=0 mask_extra=0 CC=4/20 cc_shift=0.00113 cc_iou=0.99768 FG/HBG/EBG=32/256/1280 fallback=0 rel=0.932/0.885/0.956 wmean=1.000 grad_preclip=78.72

[Epoch 60] DONE time=32.8s valid=153 skipped=0 pseudo=540 anchors=483 box_extra=84 mask_extra=57 reject_rel=27 CC=460/2207 cc_fallback=0 cc_shift=0.00374 cc_iou=0.99372 loss=5.3360 seg=0.4834 semseg=0.3643 mard=2.0235 lambda_avg=0.031913 FG/HBG/EBG=28.2/223.4/1091.8 rel=0.881/0.663/0.970 wmean=1.000
[SAVE] /home/dang/MedRT-SFOD/runs/seg/dense_sfseg/cvc_ccdhf_v1_segmard_v2_60ep/checkpoints/dense_sfseg_epoch_60.pt

[PASS] Dense SFSeg run completed
