nohup: ignoring input
========================================================================
DENSE MEDRT-SFSEG STAGE-2
========================================================================
target images : 612
labels used   : NO
GT masks used : NO
epochs        : 60
batch         : 4

DHF mode      : durr
Mask-DHF rel  : 0.744898
stability     : 0.4 0.6
DURR base    : BDL pseudo labels + Mask-DHF coverage
DURR signed  : r_m*P_o2m - r_o*P_o2o
DURR band    : two-sided, kernel 5
DURR rescue  : conf>= 0.8 stab>= 0.8
DURR safe BG : Teacher evidence < 0.15
DURR lambdas : 0.2 0.5 0.2
DURR warmup  : 3.0 epochs

MARD lambda0  : 0.05
MARD warmup   : 5.0
MARD mode     : mask
FG definition : inside Teacher pseudo segmentation mask
FG erosion    : 1
mask dilation : 1
hard BG ratio : 0.5
reliability wt: OFF
var/cov obj.   : unchanged
[E01] batch=001/153 pseudo=4 loss=9.6991 seg=0.6108 semseg=0.7655 mard=2.0006 lambda=0.000000 box_extra=2 mask_extra=1 DURR=0.0000 (dir=0.2235,res=-0.0000,hall=-0.0000) route_px=206 rescue_px=0 hall_px=0 FG/HBG/EBG=32/256/1280 fallback=0 rel=0.878/0.795/0.944 wmean=1.000 grad_preclip=136.98
[E01] batch=010/153 pseudo=3 loss=5.4032 seg=0.6786 semseg=0.2364 mard=2.1246 lambda=0.000346 box_extra=0 mask_extra=0 DURR=0.0008 (dir=0.1914,res=-0.0000,hall=-0.0000) route_px=238 rescue_px=0 hall_px=0 FG/HBG/EBG=24/192/960 fallback=0 rel=0.860/0.710/0.936 wmean=1.000 grad_preclip=60.12
[E01] batch=020/153 pseudo=3 loss=2.8693 seg=0.3624 semseg=0.1028 mard=2.0517 lambda=0.000822 box_extra=0 mask_extra=0 DURR=0.0011 (dir=0.1313,res=-0.0000,hall=-0.0000) route_px=96 rescue_px=0 hall_px=0 FG/HBG/EBG=24/192/960 fallback=0 rel=0.899/0.859/0.946 wmean=1.000 grad_preclip=23.63
[E01] batch=030/153 pseudo=4 loss=12.3329 seg=0.5782 semseg=1.9764 mard=1.9735 lambda=0.001469 box_extra=2 mask_extra=1 DURR=0.0427 (dir=0.1930,res=-0.0000,hall=3.1845) route_px=232 rescue_px=0 hall_px=265 FG/HBG/EBG=32/256/896 fallback=0 rel=0.919/0.881/0.944 wmean=1.000 grad_preclip=701.30
[E01] batch=040/153 pseudo=3 loss=3.6334 seg=0.4069 semseg=0.1611 mard=2.0879 lambda=0.001440 box_extra=0 mask_extra=0 DURR=0.0030 (dir=0.1739,res=-0.0000,hall=-0.0000) route_px=147 rescue_px=0 hall_px=0 FG/HBG/EBG=24/192/960 fallback=0 rel=0.866/0.732/0.945 wmean=1.000 grad_preclip=46.65
[E01] batch=050/153 pseudo=4 loss=9.4461 seg=0.4915 semseg=0.9654 mard=2.0045 lambda=0.002053 box_extra=0 mask_extra=0 DURR=0.0030 (dir=0.1416,res=-0.0000,hall=-0.0000) route_px=292 rescue_px=0 hall_px=0 FG/HBG/EBG=32/256/1280 fallback=0 rel=0.890/0.821/0.941 wmean=1.000 grad_preclip=293.73
[E01] batch=060/153 pseudo=5 loss=7.3407 seg=0.7464 semseg=0.2526 mard=1.9704 lambda=0.002445 box_extra=3 mask_extra=3 DURR=0.0046 (dir=0.1794,res=-0.0000,hall=-0.0000) route_px=162 rescue_px=0 hall_px=0 FG/HBG/EBG=40/320/1216 fallback=0 rel=0.878/0.831/0.938 wmean=1.000 grad_preclip=145.71
[E01] batch=070/153 pseudo=4 loss=13.8762 seg=1.0435 semseg=0.9534 mard=2.0245 lambda=0.001672 box_extra=1 mask_extra=1 DURR=0.0043 (dir=0.1422,res=-0.0000,hall=-0.0000) route_px=61 rescue_px=0 hall_px=0 FG/HBG/EBG=32/256/1280 fallback=0 rel=0.798/0.683/0.933 wmean=1.000 grad_preclip=144.20
[E01] batch=080/153 pseudo=4 loss=10.0021 seg=0.5595 semseg=0.6572 mard=1.9764 lambda=0.001972 box_extra=2 mask_extra=2 DURR=0.0043 (dir=0.1239,res=-0.0000,hall=-0.0000) route_px=107 rescue_px=0 hall_px=0 FG/HBG/EBG=32/256/1280 fallback=0 rel=0.807/0.692/0.935 wmean=1.000 grad_preclip=180.24
[E01] batch=090/153 pseudo=3 loss=4.1988 seg=0.4442 semseg=0.1671 mard=2.0386 lambda=0.004553 box_extra=0 mask_extra=0 DURR=0.0072 (dir=0.1848,res=-0.0000,hall=-0.0000) route_px=130 rescue_px=0 hall_px=0 FG/HBG/EBG=24/192/960 fallback=0 rel=0.927/0.914/0.952 wmean=1.000 grad_preclip=41.51
[E01] batch=100/153 pseudo=4 loss=4.0444 seg=0.3568 semseg=0.0878 mard=1.9988 lambda=0.005050 box_extra=0 mask_extra=0 DURR=0.0076 (dir=0.1769,res=-0.0000,hall=-0.0000) route_px=258 rescue_px=0 hall_px=0 FG/HBG/EBG=32/256/1280 fallback=0 rel=0.928/0.875/0.955 wmean=1.000 grad_preclip=43.56
[E01] batch=110/153 pseudo=3 loss=5.3699 seg=0.7560 semseg=0.1825 mard=2.0691 lambda=0.004750 box_extra=0 mask_extra=0 DURR=0.0109 (dir=0.2293,res=-0.0000,hall=-0.0000) route_px=180 rescue_px=0 hall_px=0 FG/HBG/EBG=24/192/960 fallback=0 rel=0.875/0.740/0.946 wmean=1.000 grad_preclip=32.99
[E01] batch=120/153 pseudo=4 loss=22.8866 seg=0.6376 semseg=2.9618 mard=1.9898 lambda=0.004401 box_extra=1 mask_extra=1 DURR=0.0113 (dir=0.2188,res=-0.0000,hall=-0.0000) route_px=139 rescue_px=0 hall_px=0 FG/HBG/EBG=32/256/1280 fallback=0 rel=0.859/0.748/0.946 wmean=1.000 grad_preclip=570.02
[E01] batch=130/153 pseudo=5 loss=9.5925 seg=0.7458 semseg=0.5533 mard=2.0067 lambda=0.002276 box_extra=0 mask_extra=0 DURR=0.0032 (dir=0.0567,res=-0.0000,hall=-0.0000) route_px=406 rescue_px=0 hall_px=0 FG/HBG/EBG=40/256/1280 fallback=0 rel=0.764/0.679/0.937 wmean=1.000 grad_preclip=75.18
[E01] batch=140/153 pseudo=3 loss=15.2036 seg=1.0282 semseg=2.4509 mard=2.1303 lambda=0.003914 box_extra=1 mask_extra=0 DURR=0.0111 (dir=0.1841,res=-0.0000,hall=-0.0000) route_px=357 rescue_px=0 hall_px=0 FG/HBG/EBG=24/192/960 fallback=0 rel=0.813/0.687/0.955 wmean=1.000 grad_preclip=414.12
[E01] batch=150/153 pseudo=3 loss=5.5496 seg=0.5738 semseg=0.3758 mard=2.0064 lambda=0.006542 box_extra=1 mask_extra=1 DURR=0.0132 (dir=0.2034,res=-0.0000,hall=-0.0000) route_px=137 rescue_px=0 hall_px=0 FG/HBG/EBG=24/192/960 fallback=0 rel=0.892/0.847/0.950 wmean=1.000 grad_preclip=239.01
[E01] batch=153/153 pseudo=4 loss=19.3535 seg=1.6234 semseg=3.4235 mard=2.0206 lambda=0.005801 box_extra=0 mask_extra=0 DURR=0.0118 (dir=0.1779,res=-0.0000,hall=-0.0000) route_px=342 rescue_px=0 hall_px=0 FG/HBG/EBG=32/256/896 fallback=0 rel=0.863/0.804/0.941 wmean=1.000 grad_preclip=237.93

[Epoch 01] DONE time=42.3s valid=153 skipped=0 pseudo=532 anchors=477 box_extra=78 mask_extra=55 reject_rel=23 DURR=0.0125 (dir=0.1665,res=0.0055,hall=0.2519) empty=98 rescue=4/4 hall_trigger=15 loss=8.1400 seg=0.7748 semseg=0.6710 mard=2.0331 lambda_avg=0.003126 FG/HBG/EBG=27.8/219.6/1070.4 rel=0.877/0.660/0.968 wmean=1.000
[E02] batch=001/153 pseudo=3 loss=4.2166 seg=0.5154 semseg=0.1945 mard=2.0117 lambda=0.005960 box_extra=1 mask_extra=1 DURR=0.0176 (dir=0.2637,res=-0.0000,hall=-0.0000) route_px=191 rescue_px=0 hall_px=0 FG/HBG/EBG=24/192/960 fallback=0 rel=0.873/0.813/0.903 wmean=1.000 grad_preclip=24.42
[E02] batch=010/153 pseudo=4 loss=20.4957 seg=0.8470 semseg=3.0652 mard=2.0283 lambda=0.007161 box_extra=1 mask_extra=1 DURR=0.0132 (dir=0.1870,res=-0.0000,hall=-0.0000) route_px=356 rescue_px=0 hall_px=0 FG/HBG/EBG=32/256/1280 fallback=0 rel=0.893/0.866/0.926 wmean=1.000 grad_preclip=658.06
[E02] batch=020/153 pseudo=3 loss=4.1897 seg=0.5065 semseg=0.1768 mard=2.0328 lambda=0.007666 box_extra=1 mask_extra=0 DURR=0.2396 (dir=0.2467,res=-0.0000,hall=2.9506) route_px=209 rescue_px=0 hall_px=89 FG/HBG/EBG=24/192/960 fallback=0 rel=0.899/0.831/0.936 wmean=1.000 grad_preclip=57.96
[E02] batch=030/153 pseudo=4 loss=5.0188 seg=0.4128 semseg=0.1967 mard=1.9944 lambda=0.008102 box_extra=1 mask_extra=1 DURR=0.0536 (dir=0.1222,res=0.2217,hall=-0.0000) route_px=220 rescue_px=137 hall_px=0 FG/HBG/EBG=32/256/1280 fallback=0 rel=0.900/0.872/0.946 wmean=1.000 grad_preclip=24.09
[E02] batch=040/153 pseudo=2 loss=3.3733 seg=0.4327 semseg=0.1769 mard=2.0093 lambda=0.004819 box_extra=1 mask_extra=0 DURR=0.0096 (dir=0.1146,res=-0.0000,hall=-0.0000) route_px=115 rescue_px=0 hall_px=0 FG/HBG/EBG=16/128/640 fallback=0 rel=0.805/0.713/0.898 wmean=1.000 grad_preclip=29.62
[E02] batch=050/153 pseudo=3 loss=3.2516 seg=0.3697 semseg=0.0945 mard=1.9749 lambda=0.008461 box_extra=1 mask_extra=0 DURR=0.1923 (dir=0.1544,res=-0.0000,hall=2.0309) route_px=197 rescue_px=0 hall_px=61 FG/HBG/EBG=24/192/960 fallback=0 rel=0.883/0.796/0.968 wmean=1.000 grad_preclip=25.89
[E02] batch=060/153 pseudo=5 loss=6.2353 seg=0.4971 semseg=0.2273 mard=1.9825 lambda=0.008862 box_extra=0 mask_extra=0 DURR=0.0056 (dir=0.0605,res=-0.0000,hall=-0.0000) route_px=387 rescue_px=0 hall_px=0 FG/HBG/EBG=40/256/1280 fallback=0 rel=0.883/0.793/0.956 wmean=1.000 grad_preclip=36.43
[E02] batch=070/153 pseudo=5 loss=9.6102 seg=0.8608 semseg=0.5389 mard=1.9984 lambda=0.007085 box_extra=0 mask_extra=0 DURR=0.0115 (dir=0.1190,res=-0.0000,hall=-0.0000) route_px=308 rescue_px=0 hall_px=0 FG/HBG/EBG=40/256/1280 fallback=0 rel=0.837/0.776/0.938 wmean=1.000 grad_preclip=200.56
[E02] batch=080/153 pseudo=4 loss=15.9974 seg=1.0312 semseg=1.4936 mard=2.1157 lambda=0.008964 box_extra=0 mask_extra=0 DURR=0.0108 (dir=0.1064,res=-0.0000,hall=-0.0000) route_px=280 rescue_px=0 hall_px=0 FG/HBG/EBG=32/256/1280 fallback=0 rel=0.862/0.671/0.953 wmean=1.000 grad_preclip=312.28
[E02] batch=090/153 pseudo=5 loss=8.8538 seg=0.5674 semseg=0.6643 mard=2.0492 lambda=0.010225 box_extra=0 mask_extra=0 DURR=0.0267 (dir=0.2528,res=-0.0000,hall=-0.0000) route_px=454 rescue_px=0 hall_px=0 FG/HBG/EBG=40/320/1216 fallback=0 rel=0.890/0.794/0.957 wmean=1.000 grad_preclip=230.36
[E02] batch=100/153 pseudo=3 loss=5.7766 seg=0.6408 semseg=0.4602 mard=2.1415 lambda=0.012744 box_extra=1 mask_extra=0 DURR=0.0208 (dir=0.1898,res=-0.0000,hall=-0.0000) route_px=231 rescue_px=0 hall_px=0 FG/HBG/EBG=24/192/960 fallback=0 rel=0.921/0.901/0.937 wmean=1.000 grad_preclip=104.66
[E02] batch=110/153 pseudo=4 loss=9.7551 seg=0.5693 semseg=0.6225 mard=2.0228 lambda=0.010521 box_extra=0 mask_extra=0 DURR=0.0146 (dir=0.1282,res=-0.0000,hall=-0.0000) route_px=450 rescue_px=0 hall_px=0 FG/HBG/EBG=32/256/1280 fallback=0 rel=0.877/0.846/0.906 wmean=1.000 grad_preclip=222.53
[E02] batch=120/153 pseudo=4 loss=15.3486 seg=0.9170 semseg=1.3070 mard=2.0765 lambda=0.009988 box_extra=0 mask_extra=0 DURR=0.0305 (dir=0.2573,res=-0.0000,hall=-0.0000) route_px=395 rescue_px=0 hall_px=0 FG/HBG/EBG=32/256/1280 fallback=0 rel=0.853/0.742/0.922 wmean=1.000 grad_preclip=517.58
[E02] batch=130/153 pseudo=4 loss=4.5355 seg=0.4239 semseg=0.1318 mard=2.0048 lambda=0.012422 box_extra=1 mask_extra=1 DURR=0.0230 (dir=0.1874,res=-0.0000,hall=-0.0000) route_px=280 rescue_px=0 hall_px=0 FG/HBG/EBG=32/256/1280 fallback=0 rel=0.893/0.769/0.947 wmean=1.000 grad_preclip=27.72
[E02] batch=140/153 pseudo=3 loss=5.8778 seg=0.4856 semseg=0.3809 mard=1.9678 lambda=0.015628 box_extra=0 mask_extra=0 DURR=0.3540 (dir=0.1794,res=-0.0000,hall=2.6028) route_px=267 rescue_px=0 hall_px=297 FG/HBG/EBG=24/192/960 fallback=0 rel=0.936/0.930/0.944 wmean=1.000 grad_preclip=205.38
[E02] batch=150/153 pseudo=4 loss=4.7397 seg=0.5219 semseg=0.2001 mard=1.9339 lambda=0.011669 box_extra=1 mask_extra=1 DURR=0.0178 (dir=0.1350,res=-0.0000,hall=-0.0000) route_px=193 rescue_px=0 hall_px=0 FG/HBG/EBG=32/256/896 fallback=0 rel=0.866/0.695/0.956 wmean=1.000 grad_preclip=67.51
[E02] batch=153/153 pseudo=3 loss=7.3406 seg=0.4801 semseg=0.2185 mard=2.0080 lambda=0.012002 box_extra=1 mask_extra=1 DURR=0.9090 (dir=0.2612,res=0.4663,hall=5.4130) route_px=52 rescue_px=71 hall_px=679 FG/HBG/EBG=24/192/960 fallback=0 rel=0.879/0.850/0.903 wmean=1.000 grad_preclip=66.67

[Epoch 02] DONE time=41.4s valid=153 skipped=0 pseudo=542 anchors=483 box_extra=84 mask_extra=59 reject_rel=25 DURR=0.0525 (dir=0.1696,res=0.0127,hall=0.3078) empty=91 rescue=8/8 hall_trigger=17 loss=8.2559 seg=0.7096 semseg=0.6671 mard=2.0183 lambda_avg=0.009201 FG/HBG/EBG=28.3/222.5/1085.1 rel=0.874/0.660/0.968 wmean=1.000
[E03] batch=001/153 pseudo=3 loss=7.7257 seg=1.0201 semseg=0.3029 mard=1.9660 lambda=0.009869 box_extra=0 mask_extra=0 DURR=0.6101 (dir=0.1330,res=-0.0000,hall=4.4425) route_px=212 rescue_px=0 hall_px=515 FG/HBG/EBG=24/192/960 fallback=0 rel=0.837/0.784/0.875 wmean=1.000 grad_preclip=76.89
[E03] batch=010/153 pseudo=4 loss=5.0050 seg=0.4592 semseg=0.1493 mard=2.0178 lambda=0.012477 box_extra=0 mask_extra=0 DURR=0.0183 (dir=0.1333,res=-0.0000,hall=-0.0000) route_px=388 rescue_px=0 hall_px=0 FG/HBG/EBG=32/256/1280 fallback=0 rel=0.875/0.782/0.948 wmean=1.000 grad_preclip=36.08
[E03] batch=020/153 pseudo=2 loss=2.4702 seg=0.3816 semseg=0.1619 mard=2.0926 lambda=0.014955 box_extra=0 mask_extra=0 DURR=0.0151 (dir=0.1068,res=-0.0000,hall=-0.0000) route_px=149 rescue_px=0 hall_px=0 FG/HBG/EBG=16/128/640 fallback=0 rel=0.910/0.905/0.914 wmean=1.000 grad_preclip=22.41
[E03] batch=030/153 pseudo=3 loss=3.5818 seg=0.4810 semseg=0.1218 mard=2.0216 lambda=0.017812 box_extra=1 mask_extra=0 DURR=0.0272 (dir=0.1861,res=-0.0000,hall=-0.0000) route_px=253 rescue_px=0 hall_px=0 FG/HBG/EBG=24/192/960 fallback=0 rel=0.930/0.920/0.945 wmean=1.000 grad_preclip=61.21
[E03] batch=040/153 pseudo=4 loss=9.3958 seg=0.5132 semseg=0.9176 mard=2.0011 lambda=0.017410 box_extra=0 mask_extra=0 DURR=0.0275 (dir=0.1832,res=-0.0000,hall=-0.0000) route_px=299 rescue_px=0 hall_px=0 FG/HBG/EBG=32/256/1280 fallback=0 rel=0.917/0.886/0.938 wmean=1.000 grad_preclip=237.07
[E03] batch=050/153 pseudo=3 loss=4.4167 seg=0.4344 semseg=0.2088 mard=2.0061 lambda=0.011427 box_extra=0 mask_extra=0 DURR=0.0163 (dir=0.1055,res=-0.0000,hall=-0.0000) route_px=69 rescue_px=0 hall_px=0 FG/HBG/EBG=24/192/960 fallback=0 rel=0.839/0.709/0.912 wmean=1.000 grad_preclip=28.26
[E03] batch=060/153 pseudo=5 loss=10.5017 seg=0.8620 semseg=0.8851 mard=2.0343 lambda=0.015129 box_extra=0 mask_extra=0 DURR=0.0191 (dir=0.1200,res=-0.0000,hall=-0.0000) route_px=679 rescue_px=0 hall_px=0 FG/HBG/EBG=40/256/1280 fallback=0 rel=0.883/0.792/0.934 wmean=1.000 grad_preclip=243.45
[E03] batch=070/153 pseudo=4 loss=14.0157 seg=0.6697 semseg=0.7584 mard=2.0412 lambda=0.008346 box_extra=1 mask_extra=1 DURR=0.0259 (dir=0.1587,res=-0.0000,hall=-0.0000) route_px=111 rescue_px=0 hall_px=0 FG/HBG/EBG=32/256/1280 fallback=0 rel=0.788/0.679/0.950 wmean=1.000 grad_preclip=110.85
[E03] batch=080/153 pseudo=3 loss=16.6005 seg=1.2133 semseg=2.1301 mard=2.0353 lambda=0.012399 box_extra=0 mask_extra=0 DURR=0.0334 (dir=0.1993,res=-0.0000,hall=-0.0000) route_px=154 rescue_px=0 hall_px=0 FG/HBG/EBG=24/192/960 fallback=0 rel=0.823/0.690/0.934 wmean=1.000 grad_preclip=232.72
[E03] batch=090/153 pseudo=4 loss=9.0349 seg=0.6239 semseg=0.5668 mard=2.0091 lambda=0.017007 box_extra=1 mask_extra=0 DURR=0.0149 (dir=0.0867,res=-0.0000,hall=-0.0000) route_px=356 rescue_px=0 hall_px=0 FG/HBG/EBG=32/256/1280 fallback=0 rel=0.889/0.816/0.960 wmean=1.000 grad_preclip=64.52
[E03] batch=100/153 pseudo=2 loss=6.2563 seg=0.9627 semseg=0.4623 mard=1.9659 lambda=0.020271 box_extra=1 mask_extra=0 DURR=0.0380 (dir=0.2154,res=-0.0000,hall=-0.0000) route_px=150 rescue_px=0 hall_px=0 FG/HBG/EBG=16/128/640 fallback=0 rel=0.917/0.892/0.941 wmean=1.000 grad_preclip=56.04
[E03] batch=110/153 pseudo=4 loss=5.3554 seg=0.3961 semseg=0.1700 mard=2.0104 lambda=0.017526 box_extra=0 mask_extra=0 DURR=0.0235 (dir=0.1301,res=-0.0000,hall=-0.0000) route_px=321 rescue_px=0 hall_px=0 FG/HBG/EBG=32/256/1280 fallback=0 rel=0.882/0.720/0.965 wmean=1.000 grad_preclip=112.34
[E03] batch=120/153 pseudo=3 loss=5.4230 seg=0.5807 semseg=0.1863 mard=2.0482 lambda=0.021226 box_extra=0 mask_extra=0 DURR=0.4281 (dir=0.1400,res=-0.0000,hall=2.1718) route_px=218 rescue_px=0 hall_px=4 FG/HBG/EBG=24/192/960 fallback=0 rel=0.916/0.831/0.958 wmean=1.000 grad_preclip=195.54
[E03] batch=130/153 pseudo=4 loss=17.1955 seg=1.1021 semseg=0.9548 mard=2.0414 lambda=0.015813 box_extra=1 mask_extra=1 DURR=0.0334 (dir=0.1764,res=-0.0000,hall=-0.0000) route_px=134 rescue_px=0 hall_px=0 FG/HBG/EBG=32/256/1280 fallback=0 rel=0.849/0.726/0.938 wmean=1.000 grad_preclip=432.18
[E03] batch=140/153 pseudo=4 loss=4.7594 seg=0.5293 semseg=0.1463 mard=2.1104 lambda=0.019968 box_extra=2 mask_extra=1 DURR=0.3699 (dir=0.1971,res=-0.0000,hall=1.7107) route_px=208 rescue_px=0 hall_px=47 FG/HBG/EBG=32/256/896 fallback=0 rel=0.895/0.795/0.949 wmean=1.000 grad_preclip=39.32
[E03] batch=150/153 pseudo=4 loss=4.9590 seg=0.5574 semseg=0.2354 mard=2.0144 lambda=0.025029 box_extra=0 mask_extra=0 DURR=0.0305 (dir=0.1540,res=-0.0000,hall=-0.0000) route_px=371 rescue_px=0 hall_px=0 FG/HBG/EBG=32/256/1280 fallback=0 rel=0.941/0.920/0.959 wmean=1.000 grad_preclip=162.41
[E03] batch=153/153 pseudo=4 loss=3.7334 seg=0.3467 semseg=0.1333 mard=2.0173 lambda=0.022892 box_extra=0 mask_extra=0 DURR=0.0242 (dir=0.1210,res=-0.0000,hall=-0.0000) route_px=334 rescue_px=0 hall_px=0 FG/HBG/EBG=32/256/1280 fallback=0 rel=0.923/0.872/0.948 wmean=1.000 grad_preclip=29.18

[Epoch 03] DONE time=41.4s valid=153 skipped=0 pseudo=525 anchors=469 box_extra=87 mask_extra=56 reject_rel=31 DURR=0.0773 (dir=0.1671,res=0.0082,hall=0.2717) empty=104 rescue=6/6 hall_trigger=15 loss=7.8394 seg=0.7265 semseg=0.6277 mard=2.0311 lambda_avg=0.015806 FG/HBG/EBG=27.5/217.1/1057.9 rel=0.878/0.660/0.968 wmean=1.000
[E04] batch=001/153 pseudo=3 loss=3.3516 seg=0.4808 semseg=0.1177 mard=2.0131 lambda=0.024023 box_extra=0 mask_extra=0 DURR=0.0301 (dir=0.1507,res=-0.0000,hall=-0.0000) route_px=242 rescue_px=0 hall_px=0 FG/HBG/EBG=24/192/960 fallback=0 rel=0.924/0.884/0.946 wmean=1.000 grad_preclip=22.84
[E04] batch=010/153 pseudo=4 loss=10.5885 seg=0.9412 semseg=0.6429 mard=2.0579 lambda=0.015081 box_extra=0 mask_extra=0 DURR=0.0513 (dir=0.2563,res=-0.0000,hall=-0.0000) route_px=644 rescue_px=0 hall_px=0 FG/HBG/EBG=32/256/1280 fallback=0 rel=0.829/0.685/0.966 wmean=1.000 grad_preclip=101.94
[E04] batch=020/153 pseudo=3 loss=3.8275 seg=0.4043 semseg=0.1592 mard=2.1053 lambda=0.024516 box_extra=0 mask_extra=0 DURR=0.0156 (dir=0.0780,res=-0.0000,hall=-0.0000) route_px=182 rescue_px=0 hall_px=0 FG/HBG/EBG=24/192/960 fallback=0 rel=0.929/0.919/0.933 wmean=1.000 grad_preclip=103.46
[E04] batch=030/153 pseudo=4 loss=9.3032 seg=0.9204 semseg=0.3132 mard=2.0647 lambda=0.021748 box_extra=0 mask_extra=0 DURR=0.0331 (dir=0.1656,res=-0.0000,hall=-0.0000) route_px=254 rescue_px=0 hall_px=0 FG/HBG/EBG=32/256/1280 fallback=0 rel=0.896/0.845/0.952 wmean=1.000 grad_preclip=69.45
[E04] batch=040/153 pseudo=3 loss=6.1260 seg=0.7748 semseg=0.2538 mard=2.0040 lambda=0.022012 box_extra=0 mask_extra=0 DURR=0.0422 (dir=0.2112,res=-0.0000,hall=-0.0000) route_px=159 rescue_px=0 hall_px=0 FG/HBG/EBG=24/192/960 fallback=0 rel=0.881/0.742/0.957 wmean=1.000 grad_preclip=56.17
[E04] batch=050/153 pseudo=3 loss=4.6004 seg=0.6265 semseg=0.2091 mard=2.0877 lambda=0.025598 box_extra=1 mask_extra=1 DURR=0.1183 (dir=0.1238,res=0.1871,hall=-0.0000) route_px=199 rescue_px=645 hall_px=0 FG/HBG/EBG=24/192/960 fallback=0 rel=0.919/0.875/0.956 wmean=1.000 grad_preclip=98.89
[E04] batch=060/153 pseudo=3 loss=2.4864 seg=0.3028 semseg=0.0989 mard=2.0449 lambda=0.027815 box_extra=0 mask_extra=0 DURR=0.0308 (dir=0.1542,res=-0.0000,hall=-0.0000) route_px=204 rescue_px=0 hall_px=0 FG/HBG/EBG=24/192/960 fallback=0 rel=0.934/0.915/0.961 wmean=1.000 grad_preclip=21.19
[E04] batch=070/153 pseudo=3 loss=2.8860 seg=0.3803 semseg=0.1123 mard=2.0240 lambda=0.027363 box_extra=0 mask_extra=0 DURR=0.0413 (dir=0.2066,res=-0.0000,hall=-0.0000) route_px=255 rescue_px=0 hall_px=0 FG/HBG/EBG=24/192/960 fallback=0 rel=0.925/0.883/0.947 wmean=1.000 grad_preclip=29.16
[E04] batch=080/153 pseudo=2 loss=6.1348 seg=1.1229 semseg=0.8565 mard=2.1253 lambda=0.026800 box_extra=1 mask_extra=0 DURR=0.3973 (dir=0.1878,res=-0.0000,hall=1.7987) route_px=132 rescue_px=0 hall_px=47 FG/HBG/EBG=16/128/640 fallback=0 rel=0.930/0.903/0.957 wmean=1.000 grad_preclip=154.20
[E04] batch=090/153 pseudo=5 loss=7.1290 seg=0.6945 semseg=0.2376 mard=2.0119 lambda=0.021031 box_extra=1 mask_extra=1 DURR=0.0164 (dir=0.0819,res=-0.0000,hall=-0.0000) route_px=254 rescue_px=0 hall_px=0 FG/HBG/EBG=40/256/1280 fallback=0 rel=0.863/0.793/0.925 wmean=1.000 grad_preclip=76.52
[E04] batch=100/153 pseudo=3 loss=3.5099 seg=0.5063 semseg=0.1657 mard=1.9990 lambda=0.030618 box_extra=1 mask_extra=0 DURR=0.0320 (dir=0.1600,res=-0.0000,hall=-0.0000) route_px=327 rescue_px=0 hall_px=0 FG/HBG/EBG=24/192/960 fallback=0 rel=0.941/0.935/0.947 wmean=1.000 grad_preclip=48.79
[E04] batch=110/153 pseudo=3 loss=5.3933 seg=0.5837 semseg=0.2997 mard=2.0994 lambda=0.023103 box_extra=1 mask_extra=1 DURR=0.0461 (dir=0.2304,res=-0.0000,hall=-0.0000) route_px=114 rescue_px=0 hall_px=0 FG/HBG/EBG=24/192/960 fallback=0 rel=0.889/0.845/0.934 wmean=1.000 grad_preclip=70.14
[E04] batch=120/153 pseudo=4 loss=4.7309 seg=0.5032 semseg=0.1365 mard=2.0799 lambda=0.030320 box_extra=0 mask_extra=0 DURR=0.0390 (dir=0.1949,res=-0.0000,hall=-0.0000) route_px=321 rescue_px=0 hall_px=0 FG/HBG/EBG=32/256/1280 fallback=0 rel=0.932/0.897/0.948 wmean=1.000 grad_preclip=29.25
[E04] batch=130/153 pseudo=2 loss=3.3293 seg=0.4304 semseg=0.1403 mard=2.0884 lambda=0.027262 box_extra=1 mask_extra=0 DURR=0.8667 (dir=0.2254,res=-0.0000,hall=4.1082) route_px=217 rescue_px=0 hall_px=541 FG/HBG/EBG=16/128/640 fallback=0 rel=0.903/0.850/0.955 wmean=1.000 grad_preclip=44.16
[E04] batch=140/153 pseudo=2 loss=2.7415 seg=0.3530 semseg=0.1407 mard=2.0280 lambda=0.027572 box_extra=2 mask_extra=1 DURR=0.0361 (dir=0.1804,res=-0.0000,hall=-0.0000) route_px=92 rescue_px=0 hall_px=0 FG/HBG/EBG=16/128/640 fallback=0 rel=0.906/0.864/0.948 wmean=1.000 grad_preclip=43.80
[E04] batch=150/153 pseudo=3 loss=3.5882 seg=0.3994 semseg=0.1863 mard=1.9420 lambda=0.029914 box_extra=0 mask_extra=0 DURR=0.0413 (dir=0.2063,res=-0.0000,hall=-0.0000) route_px=178 rescue_px=0 hall_px=0 FG/HBG/EBG=24/192/960 fallback=0 rel=0.909/0.860/0.937 wmean=1.000 grad_preclip=29.20
[E04] batch=153/153 pseudo=3 loss=25.3267 seg=2.3297 semseg=4.3188 mard=1.9848 lambda=0.025940 box_extra=1 mask_extra=1 DURR=0.0321 (dir=0.1607,res=-0.0000,hall=-0.0000) route_px=156 rescue_px=0 hall_px=0 FG/HBG/EBG=24/192/960 fallback=0 rel=0.881/0.749/0.960 wmean=1.000 grad_preclip=339.19

[Epoch 04] DONE time=41.6s valid=153 skipped=0 pseudo=534 anchors=474 box_extra=81 mask_extra=60 reject_rel=21 DURR=0.0886 (dir=0.1659,res=0.0145,hall=0.2407) empty=99 rescue=10/10 hall_trigger=16 loss=8.3006 seg=0.7663 semseg=0.7103 mard=2.0278 lambda_avg=0.021668 FG/HBG/EBG=27.9/219.2/1068.3 rel=0.875/0.660/0.968 wmean=1.000
[E05] batch=001/153 pseudo=1 loss=0.9694 seg=0.2343 semseg=0.1422 mard=1.9633 lambda=0.022129 box_extra=1 mask_extra=0 DURR=0.0451 (dir=0.2255,res=-0.0000,hall=-0.0000) route_px=87 rescue_px=0 hall_px=0 FG/HBG/EBG=8/64/320 fallback=0 rel=0.865/0.865/0.865 wmean=1.000 grad_preclip=11.10
[E05] batch=010/153 pseudo=4 loss=7.1442 seg=0.6529 semseg=0.2380 mard=2.0521 lambda=0.030082 box_extra=0 mask_extra=0 DURR=0.0285 (dir=0.1423,res=-0.0000,hall=-0.0000) route_px=416 rescue_px=0 hall_px=0 FG/HBG/EBG=32/256/1280 fallback=0 rel=0.910/0.880/0.940 wmean=1.000 grad_preclip=54.13
[E05] batch=020/153 pseudo=3 loss=7.1743 seg=0.8748 semseg=0.5189 mard=2.0581 lambda=0.024495 box_extra=1 mask_extra=0 DURR=0.0114 (dir=0.0572,res=-0.0000,hall=-0.0000) route_px=271 rescue_px=0 hall_px=0 FG/HBG/EBG=24/192/960 fallback=0 rel=0.868/0.800/0.930 wmean=1.000 grad_preclip=66.88
[E05] batch=030/153 pseudo=4 loss=5.9181 seg=0.4526 semseg=0.2863 mard=1.9718 lambda=0.022294 box_extra=0 mask_extra=0 DURR=0.0270 (dir=0.1348,res=-0.0000,hall=-0.0000) route_px=447 rescue_px=0 hall_px=0 FG/HBG/EBG=32/256/1280 fallback=0 rel=0.849/0.716/0.962 wmean=1.000 grad_preclip=57.46
[E05] batch=040/153 pseudo=4 loss=6.9250 seg=0.6521 semseg=0.2395 mard=2.0919 lambda=0.031260 box_extra=0 mask_extra=0 DURR=0.0277 (dir=0.1383,res=-0.0000,hall=-0.0000) route_px=422 rescue_px=0 hall_px=0 FG/HBG/EBG=32/256/1280 fallback=0 rel=0.917/0.830/0.951 wmean=1.000 grad_preclip=163.09
[E05] batch=050/153 pseudo=3 loss=5.5575 seg=0.6603 semseg=0.2758 mard=1.9852 lambda=0.029850 box_extra=0 mask_extra=0 DURR=0.0458 (dir=0.2292,res=-0.0000,hall=-0.0000) route_px=286 rescue_px=0 hall_px=0 FG/HBG/EBG=24/192/960 fallback=0 rel=0.894/0.820/0.943 wmean=1.000 grad_preclip=131.22
[E05] batch=060/153 pseudo=4 loss=8.4814 seg=0.6321 semseg=0.3994 mard=1.9743 lambda=0.027795 box_extra=1 mask_extra=1 DURR=0.0305 (dir=0.1524,res=-0.0000,hall=-0.0000) route_px=246 rescue_px=0 hall_px=0 FG/HBG/EBG=32/256/1280 fallback=0 rel=0.878/0.807/0.951 wmean=1.000 grad_preclip=152.05
[E05] batch=070/153 pseudo=2 loss=4.5320 seg=0.8249 semseg=0.2459 mard=2.0211 lambda=0.017463 box_extra=0 mask_extra=0 DURR=0.0270 (dir=0.1351,res=-0.0000,hall=-0.0000) route_px=246 rescue_px=0 hall_px=0 FG/HBG/EBG=16/128/640 fallback=0 rel=0.804/0.745/0.862 wmean=1.000 grad_preclip=66.28
[E05] batch=080/153 pseudo=5 loss=8.7750 seg=0.6735 semseg=0.3310 mard=2.0152 lambda=0.031808 box_extra=1 mask_extra=1 DURR=0.0354 (dir=0.1772,res=-0.0000,hall=-0.0000) route_px=321 rescue_px=0 hall_px=0 FG/HBG/EBG=40/320/1216 fallback=0 rel=0.896/0.829/0.944 wmean=1.000 grad_preclip=56.61
[E05] batch=090/153 pseudo=3 loss=2.5456 seg=0.3318 semseg=0.0945 mard=2.0442 lambda=0.035775 box_extra=0 mask_extra=0 DURR=0.0420 (dir=0.2098,res=-0.0000,hall=-0.0000) route_px=272 rescue_px=0 hall_px=0 FG/HBG/EBG=24/192/960 fallback=0 rel=0.930/0.898/0.964 wmean=1.000 grad_preclip=36.26
[E05] batch=100/153 pseudo=2 loss=2.5261 seg=0.4188 semseg=0.1107 mard=2.1580 lambda=0.031798 box_extra=0 mask_extra=0 DURR=0.0429 (dir=0.2143,res=-0.0000,hall=-0.0000) route_px=144 rescue_px=0 hall_px=0 FG/HBG/EBG=16/128/640 fallback=0 rel=0.894/0.867/0.921 wmean=1.000 grad_preclip=18.10
[E05] batch=110/153 pseudo=3 loss=5.8429 seg=0.6827 semseg=0.2917 mard=2.0622 lambda=0.031913 box_extra=1 mask_extra=1 DURR=0.0341 (dir=0.1703,res=-0.0000,hall=-0.0000) route_px=178 rescue_px=0 hall_px=0 FG/HBG/EBG=24/192/960 fallback=0 rel=0.884/0.842/0.943 wmean=1.000 grad_preclip=70.07
[E05] batch=120/153 pseudo=3 loss=4.7736 seg=0.4602 semseg=0.1540 mard=1.9366 lambda=0.025727 box_extra=1 mask_extra=1 DURR=0.0350 (dir=0.1752,res=-0.0000,hall=-0.0000) route_px=123 rescue_px=0 hall_px=0 FG/HBG/EBG=24/192/960 fallback=0 rel=0.851/0.752/0.938 wmean=1.000 grad_preclip=59.53
[E05] batch=130/153 pseudo=4 loss=6.7840 seg=0.4141 semseg=0.2978 mard=1.9505 lambda=0.028823 box_extra=0 mask_extra=0 DURR=0.0282 (dir=0.1410,res=-0.0000,hall=-0.0000) route_px=164 rescue_px=0 hall_px=0 FG/HBG/EBG=32/256/1280 fallback=0 rel=0.872/0.810/0.938 wmean=1.000 grad_preclip=104.43
[E05] batch=140/153 pseudo=2 loss=3.6580 seg=0.5616 semseg=0.2683 mard=2.0574 lambda=0.029486 box_extra=0 mask_extra=0 DURR=0.0084 (dir=0.0419,res=-0.0000,hall=-0.0000) route_px=189 rescue_px=0 hall_px=0 FG/HBG/EBG=16/128/640 fallback=0 rel=0.875/0.825/0.926 wmean=1.000 grad_preclip=28.41
[E05] batch=150/153 pseudo=4 loss=9.3992 seg=0.6025 semseg=0.9694 mard=1.9668 lambda=0.036321 box_extra=1 mask_extra=1 DURR=0.0118 (dir=0.0590,res=-0.0000,hall=-0.0000) route_px=430 rescue_px=0 hall_px=0 FG/HBG/EBG=32/256/1280 fallback=0 rel=0.915/0.853/0.948 wmean=1.000 grad_preclip=312.90
[E05] batch=153/153 pseudo=3 loss=4.6615 seg=0.3879 semseg=0.1219 mard=2.0455 lambda=0.030459 box_extra=2 mask_extra=1 DURR=0.0479 (dir=0.2394,res=-0.0000,hall=-0.0000) route_px=142 rescue_px=0 hall_px=0 FG/HBG/EBG=24/192/960 fallback=0 rel=0.876/0.760/0.967 wmean=1.000 grad_preclip=38.16

[Epoch 05] DONE time=41.7s valid=153 skipped=0 pseudo=535 anchors=473 box_extra=81 mask_extra=62 reject_rel=19 DURR=0.0711 (dir=0.1690,res=0.0113,hall=0.1579) empty=94 rescue=8/8 hall_trigger=10 loss=7.6405 seg=0.6535 semseg=0.5679 mard=2.0312 lambda_avg=0.028115 FG/HBG/EBG=28.0/220.9/1079.2 rel=0.877/0.655/0.968 wmean=1.000
[E06] batch=001/153 pseudo=3 loss=6.1183 seg=0.5357 semseg=0.2526 mard=2.0538 lambda=0.023827 box_extra=0 mask_extra=0 DURR=0.0230 (dir=0.1148,res=-0.0000,hall=-0.0000) route_px=295 rescue_px=0 hall_px=0 FG/HBG/EBG=24/192/960 fallback=0 rel=0.836/0.748/0.917 wmean=1.000 grad_preclip=85.42
[E06] batch=010/153 pseudo=2 loss=2.0537 seg=0.2467 semseg=0.0646 mard=2.1022 lambda=0.043762 box_extra=0 mask_extra=0 DURR=0.6042 (dir=0.2313,res=-0.0000,hall=2.7896) route_px=170 rescue_px=0 hall_px=17 FG/HBG/EBG=16/128/640 fallback=0 rel=0.956/0.954/0.957 wmean=1.000 grad_preclip=29.85
[E06] batch=020/153 pseudo=3 loss=6.4629 seg=0.4513 semseg=0.9031 mard=2.0398 lambda=0.035615 box_extra=0 mask_extra=0 DURR=0.0230 (dir=0.1148,res=-0.0000,hall=-0.0000) route_px=250 rescue_px=0 hall_px=0 FG/HBG/EBG=24/192/960 fallback=0 rel=0.903/0.865/0.925 wmean=1.000 grad_preclip=349.73
[E06] batch=030/153 pseudo=2 loss=4.1077 seg=0.9161 semseg=0.2632 mard=1.9796 lambda=0.032170 box_extra=2 mask_extra=1 DURR=0.0682 (dir=0.3411,res=-0.0000,hall=-0.0000) route_px=114 rescue_px=0 hall_px=0 FG/HBG/EBG=16/128/640 fallback=0 rel=0.861/0.789/0.934 wmean=1.000 grad_preclip=146.46
[E06] batch=040/153 pseudo=4 loss=17.1284 seg=1.3260 semseg=1.1391 mard=2.0580 lambda=0.025136 box_extra=1 mask_extra=1 DURR=0.0235 (dir=0.1173,res=-0.0000,hall=-0.0000) route_px=311 rescue_px=0 hall_px=0 FG/HBG/EBG=32/256/1280 fallback=0 rel=0.843/0.760/0.952 wmean=1.000 grad_preclip=148.37
[E06] batch=050/153 pseudo=5 loss=10.0356 seg=1.0360 semseg=0.3501 mard=2.0697 lambda=0.020246 box_extra=0 mask_extra=0 DURR=0.0200 (dir=0.1000,res=-0.0000,hall=-0.0000) route_px=346 rescue_px=0 hall_px=0 FG/HBG/EBG=40/256/1280 fallback=0 rel=0.800/0.681/0.958 wmean=1.000 grad_preclip=69.37
[E06] batch=060/153 pseudo=3 loss=10.8499 seg=1.3211 semseg=0.9978 mard=2.0415 lambda=0.020748 box_extra=2 mask_extra=2 DURR=-0.0000 (dir=-0.0000,res=-0.0000,hall=-0.0000) route_px=0 rescue_px=0 hall_px=0 FG/HBG/EBG=24/192/960 fallback=0 rel=0.801/0.690/0.864 wmean=1.000 grad_preclip=115.42
[E06] batch=070/153 pseudo=4 loss=12.7047 seg=0.7336 semseg=1.2327 mard=2.0258 lambda=0.034902 box_extra=0 mask_extra=0 DURR=0.0191 (dir=0.0953,res=-0.0000,hall=-0.0000) route_px=618 rescue_px=0 hall_px=0 FG/HBG/EBG=32/256/1280 fallback=0 rel=0.896/0.797/0.951 wmean=1.000 grad_preclip=170.00
[E06] batch=080/153 pseudo=3 loss=3.4701 seg=0.4587 semseg=0.1322 mard=2.0410 lambda=0.042494 box_extra=0 mask_extra=0 DURR=0.0367 (dir=0.1835,res=-0.0000,hall=-0.0000) route_px=230 rescue_px=0 hall_px=0 FG/HBG/EBG=24/192/960 fallback=0 rel=0.936/0.928/0.950 wmean=1.000 grad_preclip=28.24
[E06] batch=090/153 pseudo=3 loss=8.0334 seg=0.6057 semseg=1.0093 mard=1.9959 lambda=0.028393 box_extra=0 mask_extra=0 DURR=0.3518 (dir=0.1504,res=-0.0000,hall=1.6088) route_px=214 rescue_px=0 hall_px=29 FG/HBG/EBG=24/192/960 fallback=0 rel=0.863/0.742/0.947 wmean=1.000 grad_preclip=94.08
[E06] batch=100/153 pseudo=5 loss=4.7335 seg=0.4182 semseg=0.1401 mard=2.0736 lambda=0.023260 box_extra=0 mask_extra=0 DURR=0.0220 (dir=0.1099,res=-0.0000,hall=-0.0000) route_px=258 rescue_px=0 hall_px=0 FG/HBG/EBG=40/256/1280 fallback=0 rel=0.831/0.696/0.939 wmean=1.000 grad_preclip=55.99
[E06] batch=110/153 pseudo=3 loss=13.7550 seg=0.9750 semseg=1.4493 mard=2.0071 lambda=0.030513 box_extra=1 mask_extra=1 DURR=0.0199 (dir=0.0996,res=-0.0000,hall=-0.0000) route_px=147 rescue_px=0 hall_px=0 FG/HBG/EBG=24/192/960 fallback=0 rel=0.871/0.774/0.968 wmean=1.000 grad_preclip=152.15
[E06] batch=120/153 pseudo=4 loss=8.4908 seg=0.7169 semseg=0.3586 mard=2.0330 lambda=0.018549 box_extra=0 mask_extra=0 DURR=0.0171 (dir=0.0857,res=-0.0000,hall=-0.0000) route_px=381 rescue_px=0 hall_px=0 FG/HBG/EBG=32/192/960 fallback=0 rel=0.806/0.753/0.903 wmean=1.000 grad_preclip=165.06
[E06] batch=130/153 pseudo=3 loss=5.9047 seg=0.4308 semseg=0.4042 mard=2.0866 lambda=0.022152 box_extra=0 mask_extra=0 DURR=0.0320 (dir=0.1599,res=-0.0000,hall=-0.0000) route_px=210 rescue_px=0 hall_px=0 FG/HBG/EBG=24/192/960 fallback=0 rel=0.826/0.731/0.883 wmean=1.000 grad_preclip=111.62
[E06] batch=140/153 pseudo=3 loss=6.2338 seg=0.4350 semseg=0.7183 mard=2.0396 lambda=0.035336 box_extra=1 mask_extra=1 DURR=0.0399 (dir=0.1996,res=-0.0000,hall=-0.0000) route_px=160 rescue_px=0 hall_px=0 FG/HBG/EBG=24/192/960 fallback=0 rel=0.895/0.795/0.957 wmean=1.000 grad_preclip=73.69
[E06] batch=150/153 pseudo=4 loss=8.2257 seg=0.5615 semseg=0.8524 mard=2.0322 lambda=0.017234 box_extra=1 mask_extra=0 DURR=0.0215 (dir=0.1075,res=-0.0000,hall=-0.0000) route_px=393 rescue_px=0 hall_px=0 FG/HBG/EBG=32/256/896 fallback=0 rel=0.799/0.709/0.879 wmean=1.000 grad_preclip=107.35
[E06] batch=153/153 pseudo=4 loss=15.7312 seg=0.8042 semseg=2.0286 mard=2.0104 lambda=0.026323 box_extra=1 mask_extra=1 DURR=0.0900 (dir=0.4502,res=-0.0000,hall=-0.0000) route_px=461 rescue_px=0 hall_px=0 FG/HBG/EBG=32/256/1280 fallback=0 rel=0.858/0.755/0.951 wmean=1.000 grad_preclip=323.31

[Epoch 06] DONE time=41.8s valid=153 skipped=0 pseudo=534 anchors=478 box_extra=75 mask_extra=56 reject_rel=19 DURR=0.1222 (dir=0.1662,res=0.0200,hall=0.3947) empty=99 rescue=9/9 hall_trigger=22 loss=7.4968 seg=0.6587 semseg=0.5893 mard=2.0254 lambda_avg=0.031092 FG/HBG/EBG=27.9/219.6/1067.9 rel=0.876/0.661/0.968 wmean=1.000
[E07] batch=001/153 pseudo=4 loss=5.1095 seg=0.3714 semseg=0.2024 mard=2.0181 lambda=0.035596 box_extra=0 mask_extra=0 DURR=0.0317 (dir=0.1587,res=-0.0000,hall=-0.0000) route_px=348 rescue_px=0 hall_px=0 FG/HBG/EBG=32/256/1280 fallback=0 rel=0.906/0.855/0.944 wmean=1.000 grad_preclip=81.67
[E07] batch=010/153 pseudo=3 loss=8.4509 seg=1.0127 semseg=0.5676 mard=2.1025 lambda=0.037967 box_extra=0 mask_extra=0 DURR=0.0251 (dir=0.1256,res=-0.0000,hall=-0.0000) route_px=297 rescue_px=0 hall_px=0 FG/HBG/EBG=24/192/960 fallback=0 rel=0.913/0.858/0.951 wmean=1.000 grad_preclip=143.24
[E07] batch=020/153 pseudo=4 loss=6.8667 seg=0.5037 semseg=0.2516 mard=2.0809 lambda=0.030715 box_extra=0 mask_extra=0 DURR=0.0327 (dir=0.1637,res=-0.0000,hall=-0.0000) route_px=239 rescue_px=0 hall_px=0 FG/HBG/EBG=32/256/1280 fallback=0 rel=0.873/0.817/0.934 wmean=1.000 grad_preclip=69.70
[E07] batch=030/153 pseudo=3 loss=9.3028 seg=1.5278 semseg=0.5535 mard=1.9974 lambda=0.042686 box_extra=0 mask_extra=0 DURR=0.0339 (dir=0.1694,res=-0.0000,hall=-0.0000) route_px=354 rescue_px=0 hall_px=0 FG/HBG/EBG=24/192/960 fallback=0 rel=0.948/0.935/0.958 wmean=1.000 grad_preclip=149.62
[E07] batch=040/153 pseudo=3 loss=5.4241 seg=0.6339 semseg=0.5688 mard=2.0386 lambda=0.038004 box_extra=0 mask_extra=0 DURR=0.0162 (dir=0.0808,res=-0.0000,hall=-0.0000) route_px=390 rescue_px=0 hall_px=0 FG/HBG/EBG=24/192/960 fallback=0 rel=0.924/0.912/0.946 wmean=1.000 grad_preclip=154.11
[E07] batch=050/153 pseudo=4 loss=4.4701 seg=0.3394 semseg=0.1306 mard=2.0384 lambda=0.037455 box_extra=0 mask_extra=0 DURR=0.0393 (dir=0.1965,res=-0.0000,hall=-0.0000) route_px=274 rescue_px=0 hall_px=0 FG/HBG/EBG=32/256/1280 fallback=0 rel=0.915/0.881/0.935 wmean=1.000 grad_preclip=45.55
[E07] batch=060/153 pseudo=4 loss=8.8831 seg=0.6759 semseg=0.4481 mard=2.0422 lambda=0.035725 box_extra=1 mask_extra=1 DURR=0.0457 (dir=0.2287,res=-0.0000,hall=-0.0000) route_px=262 rescue_px=0 hall_px=0 FG/HBG/EBG=32/256/1280 fallback=0 rel=0.902/0.778/0.964 wmean=1.000 grad_preclip=163.76
[E07] batch=070/153 pseudo=5 loss=9.2881 seg=0.7814 semseg=0.6143 mard=2.0377 lambda=0.029892 box_extra=2 mask_extra=2 DURR=0.0354 (dir=0.1770,res=-0.0000,hall=-0.0000) route_px=184 rescue_px=0 hall_px=0 FG/HBG/EBG=40/320/1216 fallback=0 rel=0.868/0.784/0.951 wmean=1.000 grad_preclip=99.96
[E07] batch=080/153 pseudo=4 loss=11.2171 seg=0.5504 semseg=1.4350 mard=1.9706 lambda=0.034749 box_extra=1 mask_extra=1 DURR=0.0650 (dir=0.1149,res=0.0841,hall=-0.0000) route_px=127 rescue_px=1017 hall_px=0 FG/HBG/EBG=32/256/1280 fallback=0 rel=0.902/0.850/0.952 wmean=1.000 grad_preclip=309.05
[E07] batch=090/153 pseudo=4 loss=5.1563 seg=0.4327 semseg=0.2844 mard=1.9748 lambda=0.038831 box_extra=1 mask_extra=1 DURR=0.0390 (dir=0.1948,res=-0.0000,hall=-0.0000) route_px=244 rescue_px=0 hall_px=0 FG/HBG/EBG=32/256/1280 fallback=0 rel=0.918/0.830/0.955 wmean=1.000 grad_preclip=65.45
[E07] batch=100/153 pseudo=3 loss=2.7626 seg=0.3321 semseg=0.1405 mard=2.0460 lambda=0.044529 box_extra=0 mask_extra=0 DURR=0.0390 (dir=0.1951,res=-0.0000,hall=-0.0000) route_px=258 rescue_px=0 hall_px=0 FG/HBG/EBG=24/192/960 fallback=0 rel=0.956/0.950/0.962 wmean=1.000 grad_preclip=25.07
[E07] batch=110/153 pseudo=3 loss=4.8954 seg=0.3970 semseg=0.1381 mard=2.0637 lambda=0.031252 box_extra=1 mask_extra=1 DURR=0.8141 (dir=0.2161,res=-0.0000,hall=3.8544) route_px=150 rescue_px=0 hall_px=239 FG/HBG/EBG=24/192/960 fallback=0 rel=0.878/0.794/0.961 wmean=1.000 grad_preclip=48.59
[E07] batch=120/153 pseudo=4 loss=5.8037 seg=0.4191 semseg=0.1851 mard=2.0009 lambda=0.029013 box_extra=1 mask_extra=1 DURR=0.1480 (dir=0.1660,res=0.2295,hall=-0.0000) route_px=339 rescue_px=164 hall_px=0 FG/HBG/EBG=32/256/1280 fallback=0 rel=0.871/0.855/0.901 wmean=1.000 grad_preclip=37.85
[E07] batch=130/153 pseudo=4 loss=6.3006 seg=0.4781 semseg=0.1829 mard=1.9371 lambda=0.036146 box_extra=1 mask_extra=1 DURR=0.2179 (dir=0.1776,res=0.3648,hall=-0.0000) route_px=199 rescue_px=166 hall_px=0 FG/HBG/EBG=32/256/1280 fallback=0 rel=0.906/0.876/0.949 wmean=1.000 grad_preclip=66.14
[E07] batch=140/153 pseudo=1 loss=3.4523 seg=0.5718 semseg=0.3351 mard=2.0457 lambda=0.021892 box_extra=0 mask_extra=0 DURR=1.0756 (dir=0.1799,res=-0.0000,hall=5.1978) route_px=62 rescue_px=0 hall_px=1113 FG/HBG/EBG=8/64/320 fallback=0 rel=0.829/0.829/0.829 wmean=1.000 grad_preclip=29.49
[E07] batch=150/153 pseudo=3 loss=3.5825 seg=0.3317 semseg=0.1301 mard=2.1418 lambda=0.033743 box_extra=1 mask_extra=1 DURR=0.0456 (dir=0.2281,res=-0.0000,hall=-0.0000) route_px=183 rescue_px=0 hall_px=0 FG/HBG/EBG=24/192/960 fallback=0 rel=0.901/0.863/0.958 wmean=1.000 grad_preclip=35.03
[E07] batch=153/153 pseudo=3 loss=12.0852 seg=0.8125 semseg=2.0140 mard=2.0921 lambda=0.032466 box_extra=0 mask_extra=0 DURR=0.0299 (dir=0.1496,res=-0.0000,hall=-0.0000) route_px=234 rescue_px=0 hall_px=0 FG/HBG/EBG=24/192/960 fallback=0 rel=0.890/0.825/0.942 wmean=1.000 grad_preclip=201.31

[Epoch 07] DONE time=41.7s valid=153 skipped=0 pseudo=536 anchors=473 box_extra=86 mask_extra=63 reject_rel=23 DURR=0.1135 (dir=0.1663,res=0.0117,hall=0.3721) empty=95 rescue=7/7 hall_trigger=19 loss=7.7796 seg=0.6833 semseg=0.6318 mard=2.0317 lambda_avg=0.031075 FG/HBG/EBG=28.0/220.9/1076.7 rel=0.876/0.662/0.968 wmean=1.000
[E08] batch=001/153 pseudo=4 loss=5.1606 seg=0.3880 semseg=0.2146 mard=1.9995 lambda=0.035046 box_extra=0 mask_extra=0 DURR=0.0229 (dir=0.1146,res=-0.0000,hall=-0.0000) route_px=368 rescue_px=0 hall_px=0 FG/HBG/EBG=32/256/1280 fallback=0 rel=0.901/0.880/0.924 wmean=1.000 grad_preclip=48.41
[E08] batch=010/153 pseudo=3 loss=17.5847 seg=2.1763 semseg=1.7944 mard=2.0490 lambda=0.033700 box_extra=1 mask_extra=1 DURR=0.0141 (dir=0.0706,res=-0.0000,hall=-0.0000) route_px=261 rescue_px=0 hall_px=0 FG/HBG/EBG=24/192/960 fallback=0 rel=0.891/0.864/0.935 wmean=1.000 grad_preclip=142.52
[E08] batch=020/153 pseudo=2 loss=1.3989 seg=0.2427 semseg=0.0699 mard=1.9983 lambda=0.038082 box_extra=0 mask_extra=0 DURR=0.0339 (dir=0.1696,res=-0.0000,hall=-0.0000) route_px=146 rescue_px=0 hall_px=0 FG/HBG/EBG=16/128/640 fallback=0 rel=0.923/0.901/0.945 wmean=1.000 grad_preclip=14.84
[E08] batch=030/153 pseudo=3 loss=6.2650 seg=0.5761 semseg=0.2998 mard=1.9587 lambda=0.031990 box_extra=0 mask_extra=0 DURR=0.0225 (dir=0.1123,res=-0.0000,hall=-0.0000) route_px=351 rescue_px=0 hall_px=0 FG/HBG/EBG=24/192/960 fallback=0 rel=0.879/0.864/0.889 wmean=1.000 grad_preclip=113.70
[E08] batch=040/153 pseudo=3 loss=4.2779 seg=0.3741 semseg=0.1278 mard=2.0167 lambda=0.022880 box_extra=1 mask_extra=0 DURR=0.0144 (dir=0.0722,res=-0.0000,hall=-0.0000) route_px=154 rescue_px=0 hall_px=0 FG/HBG/EBG=24/128/640 fallback=0 rel=0.829/0.738/0.892 wmean=1.000 grad_preclip=26.04
[E08] batch=050/153 pseudo=4 loss=7.8662 seg=0.7550 semseg=0.4472 mard=2.0534 lambda=0.037295 box_extra=0 mask_extra=0 DURR=0.0187 (dir=0.0937,res=-0.0000,hall=-0.0000) route_px=314 rescue_px=0 hall_px=0 FG/HBG/EBG=32/256/1280 fallback=0 rel=0.917/0.879/0.956 wmean=1.000 grad_preclip=84.38
[E08] batch=060/153 pseudo=5 loss=7.8430 seg=0.5619 semseg=0.3332 mard=1.9997 lambda=0.024099 box_extra=1 mask_extra=1 DURR=0.0399 (dir=0.1996,res=-0.0000,hall=-0.0000) route_px=178 rescue_px=0 hall_px=0 FG/HBG/EBG=40/320/1216 fallback=0 rel=0.830/0.696/0.943 wmean=1.000 grad_preclip=67.93
[E08] batch=070/153 pseudo=3 loss=4.8381 seg=0.4695 semseg=0.3425 mard=2.0850 lambda=0.026463 box_extra=2 mask_extra=1 DURR=0.0245 (dir=0.1226,res=-0.0000,hall=-0.0000) route_px=180 rescue_px=0 hall_px=0 FG/HBG/EBG=24/192/960 fallback=0 rel=0.846/0.795/0.942 wmean=1.000 grad_preclip=89.27
[E08] batch=080/153 pseudo=3 loss=5.6556 seg=0.6137 semseg=0.2689 mard=2.0115 lambda=0.029346 box_extra=2 mask_extra=1 DURR=0.0468 (dir=0.2338,res=-0.0000,hall=-0.0000) route_px=90 rescue_px=0 hall_px=0 FG/HBG/EBG=24/192/960 fallback=0 rel=0.862/0.780/0.915 wmean=1.000 grad_preclip=32.03
[E08] batch=090/153 pseudo=3 loss=5.2587 seg=0.5471 semseg=0.2735 mard=2.0168 lambda=0.023014 box_extra=0 mask_extra=0 DURR=0.0312 (dir=0.1562,res=-0.0000,hall=-0.0000) route_px=286 rescue_px=0 hall_px=0 FG/HBG/EBG=24/192/960 fallback=0 rel=0.826/0.742/0.944 wmean=1.000 grad_preclip=51.63
[E08] batch=100/153 pseudo=3 loss=14.7145 seg=1.3857 semseg=1.4574 mard=2.0259 lambda=0.028671 box_extra=1 mask_extra=1 DURR=0.7655 (dir=0.0828,res=0.1927,hall=3.2628) route_px=225 rescue_px=164 hall_px=1147 FG/HBG/EBG=24/192/960 fallback=0 rel=0.843/0.713/0.945 wmean=1.000 grad_preclip=335.32
[E08] batch=110/153 pseudo=4 loss=11.0434 seg=0.5163 semseg=1.0376 mard=1.9755 lambda=0.032397 box_extra=3 mask_extra=2 DURR=0.1611 (dir=0.1600,res=0.2582,hall=-0.0000) route_px=136 rescue_px=71 hall_px=0 FG/HBG/EBG=32/256/1280 fallback=0 rel=0.888/0.847/0.954 wmean=1.000 grad_preclip=156.00
[E08] batch=120/153 pseudo=4 loss=11.4634 seg=1.1453 semseg=0.4586 mard=2.0520 lambda=0.024209 box_extra=1 mask_extra=1 DURR=0.0341 (dir=0.1703,res=-0.0000,hall=-0.0000) route_px=218 rescue_px=0 hall_px=0 FG/HBG/EBG=32/256/1280 fallback=0 rel=0.822/0.705/0.926 wmean=1.000 grad_preclip=801.91
[E08] batch=130/153 pseudo=3 loss=5.6050 seg=0.4639 semseg=0.2630 mard=1.9672 lambda=0.026755 box_extra=1 mask_extra=1 DURR=0.0389 (dir=0.1947,res=-0.0000,hall=-0.0000) route_px=59 rescue_px=0 hall_px=0 FG/HBG/EBG=24/192/960 fallback=0 rel=0.849/0.747/0.946 wmean=1.000 grad_preclip=43.33
[E08] batch=140/153 pseudo=4 loss=6.9499 seg=0.3658 semseg=0.6929 mard=1.9684 lambda=0.036121 box_extra=1 mask_extra=1 DURR=0.0421 (dir=0.2106,res=-0.0000,hall=-0.0000) route_px=202 rescue_px=0 hall_px=0 FG/HBG/EBG=32/256/1280 fallback=0 rel=0.907/0.813/0.958 wmean=1.000 grad_preclip=86.26
[E08] batch=150/153 pseudo=4 loss=6.6503 seg=0.5612 semseg=0.5801 mard=2.0013 lambda=0.028323 box_extra=2 mask_extra=1 DURR=0.0480 (dir=0.2402,res=-0.0000,hall=-0.0000) route_px=142 rescue_px=0 hall_px=0 FG/HBG/EBG=32/256/896 fallback=0 rel=0.851/0.681/0.949 wmean=1.000 grad_preclip=34.76
[E08] batch=153/153 pseudo=5 loss=10.1856 seg=0.4594 semseg=0.7246 mard=2.0078 lambda=0.025622 box_extra=1 mask_extra=1 DURR=0.1376 (dir=0.1484,res=0.2158,hall=-0.0000) route_px=311 rescue_px=199 hall_px=0 FG/HBG/EBG=40/320/1216 fallback=0 rel=0.844/0.720/0.953 wmean=1.000 grad_preclip=201.51

[Epoch 08] DONE time=41.8s valid=153 skipped=0 pseudo=531 anchors=475 box_extra=82 mask_extra=56 reject_rel=26 DURR=0.0863 (dir=0.1612,res=0.0104,hall=0.2442) empty=103 rescue=8/8 hall_trigger=17 loss=7.6116 seg=0.7503 semseg=0.5793 mard=2.0278 lambda_avg=0.031257 FG/HBG/EBG=27.8/217.5/1060.0 rel=0.877/0.680/0.968 wmean=1.000
[E09] batch=001/153 pseudo=3 loss=11.8603 seg=1.6598 semseg=0.9719 mard=2.0684 lambda=0.029405 box_extra=1 mask_extra=1 DURR=0.0148 (dir=0.0740,res=-0.0000,hall=-0.0000) route_px=223 rescue_px=0 hall_px=0 FG/HBG/EBG=24/192/960 fallback=0 rel=0.863/0.761/0.956 wmean=1.000 grad_preclip=108.06
[E09] batch=010/153 pseudo=4 loss=3.1739 seg=0.2872 semseg=0.0930 mard=2.0660 lambda=0.038268 box_extra=0 mask_extra=0 DURR=0.0395 (dir=0.1974,res=-0.0000,hall=-0.0000) route_px=313 rescue_px=0 hall_px=0 FG/HBG/EBG=32/256/1280 fallback=0 rel=0.920/0.845/0.965 wmean=1.000 grad_preclip=23.42
[E09] batch=020/153 pseudo=2 loss=2.8854 seg=0.5844 semseg=0.1815 mard=2.0416 lambda=0.023535 box_extra=1 mask_extra=1 DURR=0.0445 (dir=0.2224,res=-0.0000,hall=-0.0000) route_px=70 rescue_px=0 hall_px=0 FG/HBG/EBG=16/128/640 fallback=0 rel=0.828/0.820/0.836 wmean=1.000 grad_preclip=38.22
[E09] batch=030/153 pseudo=4 loss=4.4476 seg=0.4189 semseg=0.1597 mard=2.0761 lambda=0.039038 box_extra=0 mask_extra=0 DURR=0.0464 (dir=0.2319,res=-0.0000,hall=-0.0000) route_px=346 rescue_px=0 hall_px=0 FG/HBG/EBG=32/256/1280 fallback=0 rel=0.922/0.911/0.941 wmean=1.000 grad_preclip=110.79
[E09] batch=040/153 pseudo=4 loss=31.0946 seg=2.2652 semseg=3.7386 mard=2.0095 lambda=0.027691 box_extra=0 mask_extra=0 DURR=0.0222 (dir=0.1111,res=-0.0000,hall=-0.0000) route_px=596 rescue_px=0 hall_px=0 FG/HBG/EBG=32/256/1280 fallback=0 rel=0.853/0.785/0.950 wmean=1.000 grad_preclip=201.64
[E09] batch=050/153 pseudo=4 loss=4.1762 seg=0.4664 semseg=0.2565 mard=1.9750 lambda=0.022075 box_extra=0 mask_extra=0 DURR=0.0130 (dir=0.0652,res=-0.0000,hall=-0.0000) route_px=210 rescue_px=0 hall_px=0 FG/HBG/EBG=32/192/960 fallback=0 rel=0.820/0.696/0.940 wmean=1.000 grad_preclip=101.13
[E09] batch=060/153 pseudo=3 loss=5.1928 seg=0.5916 semseg=0.2025 mard=2.0239 lambda=0.021270 box_extra=0 mask_extra=0 DURR=0.2984 (dir=0.0871,res=-0.0000,hall=1.4048) route_px=130 rescue_px=0 hall_px=7 FG/HBG/EBG=24/192/960 fallback=0 rel=0.806/0.728/0.903 wmean=1.000 grad_preclip=38.07
[E09] batch=070/153 pseudo=1 loss=4.2022 seg=0.3208 semseg=2.1038 mard=2.0941 lambda=0.036396 box_extra=1 mask_extra=0 DURR=0.0385 (dir=0.1925,res=-0.0000,hall=-0.0000) route_px=53 rescue_px=0 hall_px=0 FG/HBG/EBG=8/64/320 fallback=0 rel=0.907/0.907/0.907 wmean=1.000 grad_preclip=421.23
[E09] batch=080/153 pseudo=3 loss=6.2405 seg=1.3421 semseg=0.2188 mard=1.9988 lambda=0.042702 box_extra=0 mask_extra=0 DURR=0.0318 (dir=0.1589,res=-0.0000,hall=-0.0000) route_px=232 rescue_px=0 hall_px=0 FG/HBG/EBG=24/192/960 fallback=0 rel=0.945/0.928/0.960 wmean=1.000 grad_preclip=69.61
[E09] batch=090/153 pseudo=4 loss=5.1877 seg=0.3562 semseg=0.1720 mard=1.9989 lambda=0.029258 box_extra=1 mask_extra=1 DURR=1.1286 (dir=0.1764,res=-0.0000,hall=5.4664) route_px=134 rescue_px=0 hall_px=872 FG/HBG/EBG=32/256/896 fallback=0 rel=0.861/0.696/0.951 wmean=1.000 grad_preclip=30.57
[E09] batch=100/153 pseudo=4 loss=6.9959 seg=0.5523 semseg=0.3109 mard=2.0128 lambda=0.038436 box_extra=1 mask_extra=1 DURR=0.1126 (dir=0.1447,res=0.1673,hall=-0.0000) route_px=278 rescue_px=539 hall_px=0 FG/HBG/EBG=32/256/1280 fallback=0 rel=0.921/0.903/0.935 wmean=1.000 grad_preclip=66.02
[E09] batch=110/153 pseudo=3 loss=3.5411 seg=0.3975 semseg=0.1448 mard=2.0594 lambda=0.040911 box_extra=0 mask_extra=0 DURR=0.0424 (dir=0.2119,res=-0.0000,hall=-0.0000) route_px=213 rescue_px=0 hall_px=0 FG/HBG/EBG=24/192/960 fallback=0 rel=0.928/0.924/0.933 wmean=1.000 grad_preclip=29.39
[E09] batch=120/153 pseudo=3 loss=2.7724 seg=0.2647 semseg=0.0910 mard=2.0138 lambda=0.039143 box_extra=0 mask_extra=0 DURR=0.0439 (dir=0.2195,res=-0.0000,hall=-0.0000) route_px=175 rescue_px=0 hall_px=0 FG/HBG/EBG=24/192/960 fallback=0 rel=0.925/0.889/0.948 wmean=1.000 grad_preclip=24.26
[E09] batch=130/153 pseudo=5 loss=14.2098 seg=1.9801 semseg=0.8755 mard=2.0821 lambda=0.028348 box_extra=0 mask_extra=0 DURR=0.0142 (dir=0.0712,res=-0.0000,hall=-0.0000) route_px=427 rescue_px=0 hall_px=0 FG/HBG/EBG=40/256/1280 fallback=0 rel=0.858/0.765/0.929 wmean=1.000 grad_preclip=88.26
[E09] batch=140/153 pseudo=4 loss=9.3044 seg=0.4486 semseg=0.2797 mard=2.0604 lambda=0.026360 box_extra=1 mask_extra=1 DURR=0.0381 (dir=0.1905,res=-0.0000,hall=-0.0000) route_px=241 rescue_px=0 hall_px=0 FG/HBG/EBG=32/256/1280 fallback=0 rel=0.855/0.821/0.887 wmean=1.000 grad_preclip=184.58
[E09] batch=150/153 pseudo=3 loss=4.3964 seg=0.4679 semseg=0.2197 mard=1.9757 lambda=0.035003 box_extra=2 mask_extra=1 DURR=0.0506 (dir=0.2529,res=-0.0000,hall=-0.0000) route_px=145 rescue_px=0 hall_px=0 FG/HBG/EBG=24/192/960 fallback=0 rel=0.904/0.859/0.941 wmean=1.000 grad_preclip=110.33
[E09] batch=153/153 pseudo=4 loss=3.3804 seg=0.4446 semseg=0.1662 mard=1.9606 lambda=0.026247 box_extra=1 mask_extra=1 DURR=0.1543 (dir=0.1317,res=0.2559,hall=-0.0000) route_px=230 rescue_px=655 hall_px=0 FG/HBG/EBG=32/192/960 fallback=0 rel=0.846/0.770/0.923 wmean=1.000 grad_preclip=25.65

[Epoch 09] DONE time=41.7s valid=153 skipped=0 pseudo=534 anchors=468 box_extra=93 mask_extra=66 reject_rel=27 DURR=0.0803 (dir=0.1656,res=0.0117,hall=0.2065) empty=99 rescue=8/8 hall_trigger=11 loss=7.3224 seg=0.6584 semseg=0.5468 mard=2.0274 lambda_avg=0.031530 FG/HBG/EBG=27.9/219.6/1067.9 rel=0.878/0.676/0.968 wmean=1.000
[E10] batch=001/153 pseudo=4 loss=5.8717 seg=0.6052 semseg=0.2401 mard=2.0144 lambda=0.040252 box_extra=0 mask_extra=0 DURR=0.0319 (dir=0.1594,res=-0.0000,hall=-0.0000) route_px=295 rescue_px=0 hall_px=0 FG/HBG/EBG=32/256/1280 fallback=0 rel=0.927/0.841/0.960 wmean=1.000 grad_preclip=70.31
[E10] batch=010/153 pseudo=3 loss=17.3681 seg=1.6322 semseg=1.9056 mard=2.0644 lambda=0.024927 box_extra=0 mask_extra=0 DURR=0.0237 (dir=0.1187,res=-0.0000,hall=-0.0000) route_px=251 rescue_px=0 hall_px=0 FG/HBG/EBG=24/192/960 fallback=0 rel=0.840/0.691/0.949 wmean=1.000 grad_preclip=120.66
[E10] batch=020/153 pseudo=3 loss=4.1536 seg=0.4317 semseg=0.1909 mard=2.0048 lambda=0.033457 box_extra=0 mask_extra=0 DURR=0.0402 (dir=0.2008,res=-0.0000,hall=-0.0000) route_px=135 rescue_px=0 hall_px=0 FG/HBG/EBG=24/192/960 fallback=0 rel=0.886/0.787/0.956 wmean=1.000 grad_preclip=28.31
[E10] batch=030/153 pseudo=4 loss=11.5233 seg=1.0488 semseg=0.6389 mard=2.0096 lambda=0.022156 box_extra=0 mask_extra=0 DURR=0.0320 (dir=0.1600,res=-0.0000,hall=-0.0000) route_px=224 rescue_px=0 hall_px=0 FG/HBG/EBG=32/256/1280 fallback=0 rel=0.818/0.709/0.924 wmean=1.000 grad_preclip=115.91
[E10] batch=040/153 pseudo=4 loss=12.2603 seg=0.9640 semseg=1.3078 mard=2.0317 lambda=0.029350 box_extra=0 mask_extra=0 DURR=0.0208 (dir=0.1039,res=-0.0000,hall=-0.0000) route_px=349 rescue_px=0 hall_px=0 FG/HBG/EBG=32/256/1280 fallback=0 rel=0.872/0.773/0.946 wmean=1.000 grad_preclip=73.57
[E10] batch=050/153 pseudo=3 loss=21.0933 seg=1.7664 semseg=3.6034 mard=1.9594 lambda=0.028784 box_extra=2 mask_extra=1 DURR=0.0267 (dir=0.1335,res=-0.0000,hall=-0.0000) route_px=110 rescue_px=0 hall_px=0 FG/HBG/EBG=24/192/960 fallback=0 rel=0.854/0.751/0.948 wmean=1.000 grad_preclip=398.00
[E10] batch=060/153 pseudo=3 loss=6.9017 seg=0.3646 semseg=0.3938 mard=1.9886 lambda=0.030746 box_extra=2 mask_extra=1 DURR=0.0417 (dir=0.2084,res=-0.0000,hall=-0.0000) route_px=191 rescue_px=0 hall_px=0 FG/HBG/EBG=24/192/960 fallback=0 rel=0.885/0.794/0.953 wmean=1.000 grad_preclip=118.26
[E10] batch=070/153 pseudo=4 loss=4.5952 seg=0.4498 semseg=0.2591 mard=2.0581 lambda=0.034514 box_extra=1 mask_extra=1 DURR=0.0359 (dir=0.1793,res=-0.0000,hall=-0.0000) route_px=261 rescue_px=0 hall_px=0 FG/HBG/EBG=32/256/896 fallback=0 rel=0.898/0.831/0.954 wmean=1.000 grad_preclip=95.98
[E10] batch=080/153 pseudo=2 loss=8.9611 seg=2.1560 semseg=1.2457 mard=2.0636 lambda=0.008169 box_extra=0 mask_extra=0 DURR=0.0027 (dir=0.0137,res=-0.0000,hall=-0.0000) route_px=272 rescue_px=0 hall_px=0 FG/HBG/EBG=16/128/640 fallback=0 rel=0.726/0.691/0.762 wmean=1.000 grad_preclip=95.91
[E10] batch=090/153 pseudo=5 loss=8.0787 seg=0.7375 semseg=0.3965 mard=2.0797 lambda=0.029482 box_extra=1 mask_extra=1 DURR=0.0255 (dir=0.1276,res=-0.0000,hall=-0.0000) route_px=247 rescue_px=0 hall_px=0 FG/HBG/EBG=40/320/1216 fallback=0 rel=0.871/0.794/0.942 wmean=1.000 grad_preclip=62.79
[E10] batch=100/153 pseudo=4 loss=15.4813 seg=0.8286 semseg=1.5932 mard=1.9879 lambda=0.022440 box_extra=0 mask_extra=0 DURR=0.0281 (dir=0.1403,res=-0.0000,hall=-0.0000) route_px=291 rescue_px=0 hall_px=0 FG/HBG/EBG=32/256/1280 fallback=0 rel=0.817/0.719/0.878 wmean=1.000 grad_preclip=338.24
[E10] batch=110/153 pseudo=4 loss=5.7144 seg=0.6001 semseg=0.2646 mard=2.0025 lambda=0.033764 box_extra=0 mask_extra=0 DURR=0.0252 (dir=0.1262,res=-0.0000,hall=-0.0000) route_px=322 rescue_px=0 hall_px=0 FG/HBG/EBG=32/256/1280 fallback=0 rel=0.892/0.798/0.943 wmean=1.000 grad_preclip=46.41
[E10] batch=120/153 pseudo=4 loss=12.8187 seg=0.6193 semseg=1.6004 mard=1.9978 lambda=0.030627 box_extra=0 mask_extra=0 DURR=0.0172 (dir=0.0859,res=-0.0000,hall=-0.0000) route_px=433 rescue_px=0 hall_px=0 FG/HBG/EBG=32/256/1280 fallback=0 rel=0.871/0.714/0.934 wmean=1.000 grad_preclip=188.31
[E10] batch=130/153 pseudo=4 loss=5.9739 seg=0.4974 semseg=0.2168 mard=1.9903 lambda=0.034267 box_extra=0 mask_extra=0 DURR=0.0335 (dir=0.1677,res=-0.0000,hall=-0.0000) route_px=269 rescue_px=0 hall_px=0 FG/HBG/EBG=32/256/1280 fallback=0 rel=0.900/0.764/0.952 wmean=1.000 grad_preclip=106.56
[E10] batch=140/153 pseudo=5 loss=13.5533 seg=1.6561 semseg=0.6400 mard=2.0682 lambda=0.021623 box_extra=3 mask_extra=3 DURR=0.1908 (dir=0.2121,res=0.2969,hall=-0.0000) route_px=185 rescue_px=181 hall_px=0 FG/HBG/EBG=40/320/1216 fallback=0 rel=0.815/0.752/0.872 wmean=1.000 grad_preclip=199.20
[E10] batch=150/153 pseudo=2 loss=3.4191 seg=0.5603 semseg=0.2668 mard=2.0054 lambda=0.037560 box_extra=0 mask_extra=0 DURR=0.0511 (dir=0.2555,res=-0.0000,hall=-0.0000) route_px=119 rescue_px=0 hall_px=0 FG/HBG/EBG=16/128/640 fallback=0 rel=0.912/0.892/0.932 wmean=1.000 grad_preclip=96.62
[E10] batch=153/153 pseudo=2 loss=13.0831 seg=1.4944 semseg=2.5045 mard=2.0166 lambda=0.028069 box_extra=0 mask_extra=0 DURR=0.0209 (dir=0.1047,res=-0.0000,hall=-0.0000) route_px=230 rescue_px=0 hall_px=0 FG/HBG/EBG=16/128/640 fallback=0 rel=0.827/0.713/0.942 wmean=1.000 grad_preclip=138.34

[Epoch 10] DONE time=41.9s valid=153 skipped=0 pseudo=539 anchors=473 box_extra=86 mask_extra=66 reject_rel=20 DURR=0.0859 (dir=0.1657,res=0.0139,hall=0.2291) empty=91 rescue=9/9 hall_trigger=13 loss=7.8177 seg=0.6807 semseg=0.6407 mard=2.0256 lambda_avg=0.031083 FG/HBG/EBG=28.2/222.5/1085.1 rel=0.875/0.663/0.968 wmean=1.000
[SAVE] /home/dang/MedRT-SFOD/runs/seg/dense_sfseg/cvc_durr_v1_segmard_v2_60ep/checkpoints/dense_sfseg_epoch_10.pt
[E11] batch=001/153 pseudo=4 loss=5.2884 seg=0.4074 semseg=0.1515 mard=2.0004 lambda=0.032205 box_extra=0 mask_extra=0 DURR=0.0283 (dir=0.1414,res=-0.0000,hall=-0.0000) route_px=212 rescue_px=0 hall_px=0 FG/HBG/EBG=32/256/1280 fallback=0 rel=0.882/0.787/0.951 wmean=1.000 grad_preclip=32.30
[E11] batch=010/153 pseudo=3 loss=3.9641 seg=0.3636 semseg=0.1513 mard=2.0169 lambda=0.038742 box_extra=0 mask_extra=0 DURR=0.0439 (dir=0.2195,res=-0.0000,hall=-0.0000) route_px=270 rescue_px=0 hall_px=0 FG/HBG/EBG=24/192/960 fallback=0 rel=0.922/0.881/0.947 wmean=1.000 grad_preclip=27.77
[E11] batch=020/153 pseudo=4 loss=4.6770 seg=0.3725 semseg=0.1260 mard=2.0480 lambda=0.039533 box_extra=0 mask_extra=0 DURR=0.0423 (dir=0.2114,res=-0.0000,hall=-0.0000) route_px=296 rescue_px=0 hall_px=0 FG/HBG/EBG=32/256/1280 fallback=0 rel=0.928/0.878/0.953 wmean=1.000 grad_preclip=37.70
[E11] batch=030/153 pseudo=2 loss=2.5883 seg=0.7020 semseg=0.1362 mard=2.1659 lambda=0.037963 box_extra=1 mask_extra=1 DURR=0.1325 (dir=0.1862,res=0.1906,hall=-0.0000) route_px=106 rescue_px=645 hall_px=0 FG/HBG/EBG=16/128/640 fallback=0 rel=0.918/0.876/0.960 wmean=1.000 grad_preclip=50.80
[E11] batch=040/153 pseudo=2 loss=8.2619 seg=1.4653 semseg=0.5415 mard=2.0952 lambda=0.014656 box_extra=2 mask_extra=2 DURR=1.5051 (dir=-0.0000,res=-0.0000,hall=7.5255) route_px=0 rescue_px=0 hall_px=488 FG/HBG/EBG=16/128/640 fallback=0 rel=0.779/0.748/0.811 wmean=1.000 grad_preclip=111.48
[E11] batch=050/153 pseudo=3 loss=12.3655 seg=1.1098 semseg=1.1753 mard=1.9896 lambda=0.015997 box_extra=0 mask_extra=0 DURR=0.0357 (dir=0.1783,res=-0.0000,hall=-0.0000) route_px=439 rescue_px=0 hall_px=0 FG/HBG/EBG=24/192/960 fallback=0 rel=0.782/0.663/0.941 wmean=1.000 grad_preclip=309.45
[E11] batch=060/153 pseudo=3 loss=7.8517 seg=1.1965 semseg=0.3956 mard=2.0380 lambda=0.025074 box_extra=2 mask_extra=1 DURR=0.1503 (dir=0.2412,res=0.2041,hall=-0.0000) route_px=147 rescue_px=164 hall_px=0 FG/HBG/EBG=24/192/960 fallback=0 rel=0.840/0.694/0.953 wmean=1.000 grad_preclip=83.85
[E11] batch=070/153 pseudo=5 loss=3.6509 seg=0.3602 semseg=0.1254 mard=1.9918 lambda=0.039896 box_extra=1 mask_extra=1 DURR=0.0370 (dir=0.1850,res=-0.0000,hall=-0.0000) route_px=351 rescue_px=0 hall_px=0 FG/HBG/EBG=40/320/1216 fallback=0 rel=0.929/0.881/0.953 wmean=1.000 grad_preclip=30.22
[E11] batch=080/153 pseudo=3 loss=3.1149 seg=0.4013 semseg=0.1120 mard=1.9869 lambda=0.035897 box_extra=1 mask_extra=0 DURR=0.0372 (dir=0.1860,res=-0.0000,hall=-0.0000) route_px=145 rescue_px=0 hall_px=0 FG/HBG/EBG=24/192/960 fallback=0 rel=0.907/0.875/0.924 wmean=1.000 grad_preclip=26.23
[E11] batch=090/153 pseudo=5 loss=6.1350 seg=0.4856 semseg=0.3235 mard=1.9972 lambda=0.031430 box_extra=2 mask_extra=2 DURR=0.0302 (dir=0.1512,res=-0.0000,hall=-0.0000) route_px=210 rescue_px=0 hall_px=0 FG/HBG/EBG=40/320/1216 fallback=0 rel=0.879/0.814/0.949 wmean=1.000 grad_preclip=57.17
[E11] batch=100/153 pseudo=4 loss=5.3287 seg=0.4387 semseg=0.3623 mard=2.0978 lambda=0.027666 box_extra=1 mask_extra=1 DURR=0.0351 (dir=0.1757,res=-0.0000,hall=-0.0000) route_px=212 rescue_px=0 hall_px=0 FG/HBG/EBG=32/256/896 fallback=0 rel=0.856/0.786/0.914 wmean=1.000 grad_preclip=43.57
[E11] batch=110/153 pseudo=3 loss=4.5381 seg=0.3529 semseg=0.2618 mard=1.9304 lambda=0.033017 box_extra=1 mask_extra=1 DURR=0.4742 (dir=0.1446,res=-0.0000,hall=2.2265) route_px=130 rescue_px=0 hall_px=5 FG/HBG/EBG=24/192/960 fallback=0 rel=0.896/0.859/0.946 wmean=1.000 grad_preclip=45.35
[E11] batch=120/153 pseudo=3 loss=4.8812 seg=0.4164 semseg=0.2005 mard=2.0104 lambda=0.030258 box_extra=1 mask_extra=1 DURR=0.0381 (dir=0.1907,res=-0.0000,hall=-0.0000) route_px=296 rescue_px=0 hall_px=0 FG/HBG/EBG=24/192/960 fallback=0 rel=0.871/0.822/0.951 wmean=1.000 grad_preclip=42.49
[E11] batch=130/153 pseudo=3 loss=3.8383 seg=0.3497 semseg=0.1373 mard=2.0445 lambda=0.036422 box_extra=2 mask_extra=1 DURR=0.3194 (dir=0.2758,res=-0.0000,hall=1.3211) route_px=227 rescue_px=0 hall_px=3 FG/HBG/EBG=24/192/960 fallback=0 rel=0.908/0.862/0.946 wmean=1.000 grad_preclip=35.73
[E11] batch=140/153 pseudo=5 loss=5.3870 seg=0.4876 semseg=0.2060 mard=2.0338 lambda=0.030073 box_extra=0 mask_extra=0 DURR=0.0336 (dir=0.1682,res=-0.0000,hall=-0.0000) route_px=190 rescue_px=0 hall_px=0 FG/HBG/EBG=40/320/1216 fallback=0 rel=0.865/0.704/0.946 wmean=1.000 grad_preclip=54.59
[E11] batch=150/153 pseudo=4 loss=4.8627 seg=0.3561 semseg=0.1955 mard=2.0384 lambda=0.024714 box_extra=0 mask_extra=0 DURR=0.0096 (dir=0.0480,res=-0.0000,hall=-0.0000) route_px=324 rescue_px=0 hall_px=0 FG/HBG/EBG=32/256/1280 fallback=0 rel=0.839/0.708/0.909 wmean=1.000 grad_preclip=29.11
[E11] batch=153/153 pseudo=4 loss=15.8324 seg=1.1675 semseg=1.8572 mard=2.0350 lambda=0.014409 box_extra=0 mask_extra=0 DURR=0.0357 (dir=0.1787,res=-0.0000,hall=-0.0000) route_px=159 rescue_px=0 hall_px=0 FG/HBG/EBG=32/256/896 fallback=0 rel=0.782/0.718/0.912 wmean=1.000 grad_preclip=193.11

[Epoch 11] DONE time=41.8s valid=153 skipped=0 pseudo=529 anchors=469 box_extra=85 mask_extra=60 reject_rel=25 DURR=0.0950 (dir=0.1643,res=0.0122,hall=0.2801) empty=100 rescue=8/8 hall_trigger=16 loss=6.4572 seg=0.5600 semseg=0.4698 mard=2.0308 lambda_avg=0.031653 FG/HBG/EBG=27.7/218.4/1066.7 rel=0.878/0.663/0.968 wmean=1.000
[E12] batch=001/153 pseudo=3 loss=22.3187 seg=2.2895 semseg=2.8692 mard=1.9596 lambda=0.033732 box_extra=1 mask_extra=1 DURR=0.0567 (dir=0.2836,res=-0.0000,hall=-0.0000) route_px=151 rescue_px=0 hall_px=0 FG/HBG/EBG=24/192/960 fallback=0 rel=0.887/0.849/0.934 wmean=1.000 grad_preclip=1206.93
[E12] batch=010/153 pseudo=3 loss=5.9437 seg=0.8396 semseg=0.3185 mard=2.0487 lambda=0.028502 box_extra=0 mask_extra=0 DURR=0.0241 (dir=0.1204,res=-0.0000,hall=-0.0000) route_px=315 rescue_px=0 hall_px=0 FG/HBG/EBG=24/192/960 fallback=0 rel=0.856/0.811/0.909 wmean=1.000 grad_preclip=31.68
[E12] batch=020/153 pseudo=3 loss=6.4102 seg=0.6553 semseg=0.6304 mard=1.9907 lambda=0.028680 box_extra=0 mask_extra=0 DURR=0.0389 (dir=0.1946,res=-0.0000,hall=-0.0000) route_px=161 rescue_px=0 hall_px=0 FG/HBG/EBG=24/192/960 fallback=0 rel=0.859/0.730/0.947 wmean=1.000 grad_preclip=143.29
[E12] batch=030/153 pseudo=5 loss=4.2381 seg=0.3202 semseg=0.1419 mard=2.0129 lambda=0.026995 box_extra=1 mask_extra=1 DURR=0.0100 (dir=0.0500,res=-0.0000,hall=-0.0000) route_px=132 rescue_px=0 hall_px=0 FG/HBG/EBG=40/320/1216 fallback=0 rel=0.858/0.753/0.922 wmean=1.000 grad_preclip=24.70
[E12] batch=040/153 pseudo=4 loss=4.8338 seg=0.3498 semseg=0.1755 mard=2.0038 lambda=0.034976 box_extra=1 mask_extra=1 DURR=0.0745 (dir=0.2016,res=0.0684,hall=-0.0000) route_px=173 rescue_px=1017 hall_px=0 FG/HBG/EBG=32/256/1280 fallback=0 rel=0.905/0.846/0.934 wmean=1.000 grad_preclip=77.33
[E12] batch=050/153 pseudo=3 loss=3.1593 seg=0.3750 semseg=0.1403 mard=2.0866 lambda=0.041014 box_extra=0 mask_extra=0 DURR=0.0322 (dir=0.1610,res=-0.0000,hall=-0.0000) route_px=256 rescue_px=0 hall_px=0 FG/HBG/EBG=24/192/960 fallback=0 rel=0.933/0.922/0.953 wmean=1.000 grad_preclip=22.73
[E12] batch=060/153 pseudo=3 loss=10.1404 seg=0.6521 semseg=1.5616 mard=2.0101 lambda=0.025057 box_extra=0 mask_extra=0 DURR=0.0237 (dir=0.1187,res=-0.0000,hall=-0.0000) route_px=264 rescue_px=0 hall_px=0 FG/HBG/EBG=24/192/960 fallback=0 rel=0.835/0.681/0.914 wmean=1.000 grad_preclip=166.57
[E12] batch=070/153 pseudo=4 loss=4.9396 seg=0.4832 semseg=0.1499 mard=2.0905 lambda=0.038397 box_extra=0 mask_extra=0 DURR=0.0299 (dir=0.1494,res=-0.0000,hall=-0.0000) route_px=414 rescue_px=0 hall_px=0 FG/HBG/EBG=32/256/1280 fallback=0 rel=0.920/0.832/0.967 wmean=1.000 grad_preclip=55.32
[E12] batch=080/153 pseudo=4 loss=14.7016 seg=0.6023 semseg=2.1146 mard=1.9711 lambda=0.025640 box_extra=0 mask_extra=0 DURR=0.0348 (dir=0.1739,res=-0.0000,hall=-0.0000) route_px=406 rescue_px=0 hall_px=0 FG/HBG/EBG=32/256/1280 fallback=0 rel=0.850/0.738/0.951 wmean=1.000 grad_preclip=286.43
[E12] batch=090/153 pseudo=2 loss=2.1527 seg=0.3539 semseg=0.1134 mard=1.9576 lambda=0.041044 box_extra=0 mask_extra=0 DURR=0.0376 (dir=0.1878,res=-0.0000,hall=-0.0000) route_px=137 rescue_px=0 hall_px=0 FG/HBG/EBG=16/128/640 fallback=0 rel=0.930/0.924/0.937 wmean=1.000 grad_preclip=41.83
[E12] batch=100/153 pseudo=4 loss=5.6145 seg=0.5791 semseg=0.2815 mard=2.0561 lambda=0.040968 box_extra=0 mask_extra=0 DURR=0.0340 (dir=0.1699,res=-0.0000,hall=-0.0000) route_px=350 rescue_px=0 hall_px=0 FG/HBG/EBG=32/256/1280 fallback=0 rel=0.936/0.901/0.958 wmean=1.000 grad_preclip=52.32
[E12] batch=110/153 pseudo=3 loss=3.7010 seg=0.4407 semseg=0.1754 mard=2.0631 lambda=0.042065 box_extra=0 mask_extra=0 DURR=0.0328 (dir=0.1641,res=-0.0000,hall=-0.0000) route_px=212 rescue_px=0 hall_px=0 FG/HBG/EBG=24/192/960 fallback=0 rel=0.939/0.908/0.958 wmean=1.000 grad_preclip=35.22
[E12] batch=120/153 pseudo=4 loss=12.1604 seg=1.8284 semseg=0.3828 mard=1.9676 lambda=0.031917 box_extra=0 mask_extra=0 DURR=0.0408 (dir=0.2038,res=-0.0000,hall=-0.0000) route_px=195 rescue_px=0 hall_px=0 FG/HBG/EBG=32/256/1280 fallback=0 rel=0.883/0.770/0.942 wmean=1.000 grad_preclip=492.98
[E12] batch=130/153 pseudo=4 loss=4.9594 seg=0.4344 semseg=0.1814 mard=2.0166 lambda=0.034911 box_extra=0 mask_extra=0 DURR=0.0275 (dir=0.1376,res=-0.0000,hall=-0.0000) route_px=232 rescue_px=0 hall_px=0 FG/HBG/EBG=32/256/1280 fallback=0 rel=0.898/0.788/0.948 wmean=1.000 grad_preclip=44.24
[E12] batch=140/153 pseudo=2 loss=2.1256 seg=0.3702 semseg=0.1326 mard=2.0775 lambda=0.039465 box_extra=1 mask_extra=0 DURR=0.0375 (dir=0.1876,res=-0.0000,hall=-0.0000) route_px=173 rescue_px=0 hall_px=0 FG/HBG/EBG=16/128/640 fallback=0 rel=0.926/0.906/0.946 wmean=1.000 grad_preclip=16.46
[E12] batch=150/153 pseudo=4 loss=3.3760 seg=0.2562 semseg=0.1170 mard=1.9657 lambda=0.042514 box_extra=0 mask_extra=0 DURR=0.0329 (dir=0.1643,res=-0.0000,hall=-0.0000) route_px=322 rescue_px=0 hall_px=0 FG/HBG/EBG=32/256/1280 fallback=0 rel=0.944/0.932/0.964 wmean=1.000 grad_preclip=38.71
[E12] batch=153/153 pseudo=3 loss=11.2399 seg=0.8983 semseg=0.6402 mard=2.0212 lambda=0.016462 box_extra=0 mask_extra=0 DURR=0.0450 (dir=0.2249,res=-0.0000,hall=-0.0000) route_px=153 rescue_px=0 hall_px=0 FG/HBG/EBG=24/192/960 fallback=0 rel=0.783/0.697/0.880 wmean=1.000 grad_preclip=227.47

[Epoch 12] DONE time=41.8s valid=153 skipped=0 pseudo=536 anchors=479 box_extra=80 mask_extra=57 reject_rel=23 DURR=0.0821 (dir=0.1626,res=0.0105,hall=0.2214) empty=94 rescue=8/8 hall_trigger=14 loss=6.6640 seg=0.6044 semseg=0.4914 mard=2.0194 lambda_avg=0.030926 FG/HBG/EBG=28.0/221.7/1078.4 rel=0.876/0.664/0.968 wmean=1.000
[E13] batch=001/153 pseudo=4 loss=3.0033 seg=0.2443 semseg=0.1032 mard=2.0005 lambda=0.038581 box_extra=0 mask_extra=0 DURR=0.0313 (dir=0.1563,res=-0.0000,hall=-0.0000) route_px=410 rescue_px=0 hall_px=0 FG/HBG/EBG=32/256/1280 fallback=0 rel=0.929/0.864/0.959 wmean=1.000 grad_preclip=27.49
[E13] batch=010/153 pseudo=3 loss=3.8383 seg=0.3463 semseg=0.1486 mard=2.1001 lambda=0.031582 box_extra=1 mask_extra=1 DURR=0.1832 (dir=0.1791,res=0.2948,hall=-0.0000) route_px=82 rescue_px=655 hall_px=0 FG/HBG/EBG=24/192/960 fallback=0 rel=0.881/0.869/0.888 wmean=1.000 grad_preclip=41.16
[E13] batch=020/153 pseudo=3 loss=4.1589 seg=0.4772 semseg=0.1828 mard=1.9830 lambda=0.033238 box_extra=0 mask_extra=0 DURR=0.0257 (dir=0.1284,res=-0.0000,hall=-0.0000) route_px=318 rescue_px=0 hall_px=0 FG/HBG/EBG=24/192/960 fallback=0 rel=0.882/0.833/0.909 wmean=1.000 grad_preclip=36.47
[E13] batch=030/153 pseudo=4 loss=4.2641 seg=0.3228 semseg=0.1347 mard=2.0453 lambda=0.030140 box_extra=1 mask_extra=1 DURR=0.0323 (dir=0.1617,res=-0.0000,hall=-0.0000) route_px=192 rescue_px=0 hall_px=0 FG/HBG/EBG=32/256/1280 fallback=0 rel=0.875/0.798/0.952 wmean=1.000 grad_preclip=26.98
[E13] batch=040/153 pseudo=4 loss=3.5724 seg=0.3443 semseg=0.1353 mard=1.9881 lambda=0.037870 box_extra=0 mask_extra=0 DURR=0.0295 (dir=0.1474,res=-0.0000,hall=-0.0000) route_px=301 rescue_px=0 hall_px=0 FG/HBG/EBG=32/256/1280 fallback=0 rel=0.919/0.860/0.943 wmean=1.000 grad_preclip=35.44
[E13] batch=050/153 pseudo=5 loss=8.9108 seg=0.7346 semseg=0.4830 mard=2.0034 lambda=0.030040 box_extra=1 mask_extra=1 DURR=0.0408 (dir=0.2041,res=-0.0000,hall=-0.0000) route_px=274 rescue_px=0 hall_px=0 FG/HBG/EBG=40/256/1280 fallback=0 rel=0.868/0.787/0.919 wmean=1.000 grad_preclip=105.58
[E13] batch=060/153 pseudo=3 loss=2.0286 seg=0.2141 semseg=0.0683 mard=2.0332 lambda=0.041985 box_extra=0 mask_extra=0 DURR=0.0328 (dir=0.1640,res=-0.0000,hall=-0.0000) route_px=257 rescue_px=0 hall_px=0 FG/HBG/EBG=24/192/960 fallback=0 rel=0.944/0.939/0.951 wmean=1.000 grad_preclip=21.79
[E13] batch=070/153 pseudo=2 loss=1.9747 seg=0.4088 semseg=0.1254 mard=2.0399 lambda=0.041413 box_extra=1 mask_extra=0 DURR=0.0324 (dir=0.1619,res=-0.0000,hall=-0.0000) route_px=162 rescue_px=0 hall_px=0 FG/HBG/EBG=16/128/640 fallback=0 rel=0.934/0.931/0.937 wmean=1.000 grad_preclip=24.57
[E13] batch=080/153 pseudo=3 loss=3.5409 seg=0.4467 semseg=0.1647 mard=1.9798 lambda=0.039554 box_extra=0 mask_extra=0 DURR=0.0420 (dir=0.2099,res=-0.0000,hall=-0.0000) route_px=228 rescue_px=0 hall_px=0 FG/HBG/EBG=24/192/960 fallback=0 rel=0.928/0.889/0.958 wmean=1.000 grad_preclip=79.04
[E13] batch=090/153 pseudo=3 loss=4.9883 seg=0.2310 semseg=0.2297 mard=1.9950 lambda=0.025467 box_extra=1 mask_extra=1 DURR=1.2937 (dir=0.1982,res=-0.0000,hall=6.2702) route_px=52 rescue_px=0 hall_px=682 FG/HBG/EBG=24/192/960 fallback=0 rel=0.851/0.770/0.908 wmean=1.000 grad_preclip=85.49
[E13] batch=100/153 pseudo=4 loss=5.7142 seg=0.5051 semseg=0.4671 mard=2.0271 lambda=0.038745 box_extra=0 mask_extra=0 DURR=0.0324 (dir=0.1620,res=-0.0000,hall=-0.0000) route_px=248 rescue_px=0 hall_px=0 FG/HBG/EBG=32/256/1280 fallback=0 rel=0.926/0.891/0.946 wmean=1.000 grad_preclip=185.30
[E13] batch=110/153 pseudo=4 loss=19.9599 seg=1.1679 semseg=1.9141 mard=2.0097 lambda=0.026945 box_extra=0 mask_extra=0 DURR=0.0205 (dir=0.1025,res=-0.0000,hall=-0.0000) route_px=298 rescue_px=0 hall_px=0 FG/HBG/EBG=32/256/1280 fallback=0 rel=0.837/0.691/0.952 wmean=1.000 grad_preclip=179.36
[E13] batch=120/153 pseudo=3 loss=2.8944 seg=0.3495 semseg=0.1502 mard=2.0546 lambda=0.040396 box_extra=1 mask_extra=0 DURR=0.0279 (dir=0.1395,res=-0.0000,hall=-0.0000) route_px=264 rescue_px=0 hall_px=0 FG/HBG/EBG=24/192/960 fallback=0 rel=0.933/0.918/0.948 wmean=1.000 grad_preclip=22.15
[E13] batch=130/153 pseudo=3 loss=2.6983 seg=0.2620 semseg=0.0852 mard=2.1227 lambda=0.041151 box_extra=1 mask_extra=0 DURR=0.0454 (dir=0.2269,res=-0.0000,hall=-0.0000) route_px=216 rescue_px=0 hall_px=0 FG/HBG/EBG=24/192/960 fallback=0 rel=0.936/0.912/0.951 wmean=1.000 grad_preclip=28.91
[E13] batch=140/153 pseudo=4 loss=4.7635 seg=0.3358 semseg=0.2189 mard=2.0111 lambda=0.030600 box_extra=1 mask_extra=1 DURR=0.0205 (dir=0.1026,res=-0.0000,hall=-0.0000) route_px=165 rescue_px=0 hall_px=0 FG/HBG/EBG=32/256/1280 fallback=0 rel=0.875/0.802/0.952 wmean=1.000 grad_preclip=32.89
[E13] batch=150/153 pseudo=3 loss=8.0605 seg=0.8448 semseg=0.3475 mard=2.0462 lambda=0.023527 box_extra=1 mask_extra=1 DURR=0.0369 (dir=0.1846,res=-0.0000,hall=-0.0000) route_px=95 rescue_px=0 hall_px=0 FG/HBG/EBG=24/192/960 fallback=0 rel=0.825/0.718/0.933 wmean=1.000 grad_preclip=112.81
[E13] batch=153/153 pseudo=4 loss=8.4255 seg=0.3856 semseg=0.8363 mard=1.9688 lambda=0.034895 box_extra=1 mask_extra=1 DURR=0.0384 (dir=0.1918,res=-0.0000,hall=-0.0000) route_px=175 rescue_px=0 hall_px=0 FG/HBG/EBG=32/256/1280 fallback=0 rel=0.898/0.823/0.935 wmean=1.000 grad_preclip=45.48

[Epoch 13] DONE time=41.6s valid=153 skipped=0 pseudo=532 anchors=472 box_extra=88 mask_extra=60 reject_rel=28 DURR=0.0942 (dir=0.1643,res=0.0135,hall=0.2732) empty=101 rescue=8/8 hall_trigger=15 loss=6.3305 seg=0.5596 semseg=0.4310 mard=2.0246 lambda_avg=0.031603 FG/HBG/EBG=27.8/219.2/1063.3 rel=0.878/0.665/0.968 wmean=1.000
[E14] batch=001/153 pseudo=2 loss=2.7279 seg=0.7668 semseg=0.1894 mard=2.0341 lambda=0.043814 box_extra=0 mask_extra=0 DURR=0.0312 (dir=0.1562,res=-0.0000,hall=-0.0000) route_px=163 rescue_px=0 hall_px=0 FG/HBG/EBG=16/128/640 fallback=0 rel=0.951/0.951/0.952 wmean=1.000 grad_preclip=55.18
[E14] batch=010/153 pseudo=4 loss=4.8157 seg=0.2729 semseg=0.0997 mard=2.0126 lambda=0.030008 box_extra=0 mask_extra=0 DURR=0.0353 (dir=0.1764,res=-0.0000,hall=-0.0000) route_px=383 rescue_px=0 hall_px=0 FG/HBG/EBG=32/256/1280 fallback=0 rel=0.873/0.822/0.926 wmean=1.000 grad_preclip=30.30
[E14] batch=020/153 pseudo=2 loss=4.1687 seg=1.2651 semseg=0.2510 mard=1.9872 lambda=0.043109 box_extra=2 mask_extra=0 DURR=0.0295 (dir=0.1474,res=-0.0000,hall=-0.0000) route_px=144 rescue_px=0 hall_px=0 FG/HBG/EBG=16/128/640 fallback=0 rel=0.941/0.936/0.947 wmean=1.000 grad_preclip=143.88
[E14] batch=030/153 pseudo=3 loss=3.4710 seg=0.3493 semseg=0.1283 mard=1.9908 lambda=0.032739 box_extra=0 mask_extra=0 DURR=0.0427 (dir=0.2137,res=-0.0000,hall=-0.0000) route_px=99 rescue_px=0 hall_px=0 FG/HBG/EBG=24/192/960 fallback=0 rel=0.898/0.875/0.933 wmean=1.000 grad_preclip=56.08
[E14] batch=040/153 pseudo=4 loss=5.3037 seg=0.6276 semseg=0.1569 mard=2.0587 lambda=0.034666 box_extra=1 mask_extra=1 DURR=0.0362 (dir=0.1812,res=-0.0000,hall=-0.0000) route_px=228 rescue_px=0 hall_px=0 FG/HBG/EBG=32/256/1280 fallback=0 rel=0.901/0.781/0.958 wmean=1.000 grad_preclip=65.19
[E14] batch=050/153 pseudo=3 loss=19.8139 seg=2.7092 semseg=1.1480 mard=2.0339 lambda=0.021863 box_extra=1 mask_extra=1 DURR=0.0488 (dir=0.2439,res=-0.0000,hall=-0.0000) route_px=201 rescue_px=0 hall_px=0 FG/HBG/EBG=24/192/960 fallback=0 rel=0.817/0.771/0.845 wmean=1.000 grad_preclip=305.18
[E14] batch=060/153 pseudo=3 loss=4.9441 seg=0.6406 semseg=0.2165 mard=2.0206 lambda=0.018593 box_extra=0 mask_extra=0 DURR=0.0231 (dir=0.1153,res=-0.0000,hall=-0.0000) route_px=232 rescue_px=0 hall_px=0 FG/HBG/EBG=24/192/960 fallback=0 rel=0.797/0.747/0.857 wmean=1.000 grad_preclip=150.56
[E14] batch=070/153 pseudo=4 loss=4.5621 seg=0.5093 semseg=0.1248 mard=2.0677 lambda=0.036651 box_extra=1 mask_extra=1 DURR=0.1590 (dir=0.1715,res=0.2493,hall=-0.0000) route_px=312 rescue_px=654 hall_px=0 FG/HBG/EBG=32/256/1280 fallback=0 rel=0.910/0.887/0.939 wmean=1.000 grad_preclip=34.63
[E14] batch=080/153 pseudo=3 loss=2.2255 seg=0.2505 semseg=0.0836 mard=2.0482 lambda=0.038089 box_extra=1 mask_extra=1 DURR=0.1499 (dir=0.1947,res=0.2220,hall=-0.0000) route_px=179 rescue_px=199 hall_px=0 FG/HBG/EBG=24/192/960 fallback=0 rel=0.921/0.882/0.950 wmean=1.000 grad_preclip=22.34
[E14] batch=090/153 pseudo=4 loss=14.5129 seg=0.6673 semseg=1.2459 mard=2.0368 lambda=0.032899 box_extra=0 mask_extra=0 DURR=0.0312 (dir=0.1561,res=-0.0000,hall=-0.0000) route_px=399 rescue_px=0 hall_px=0 FG/HBG/EBG=32/256/1280 fallback=0 rel=0.885/0.807/0.935 wmean=1.000 grad_preclip=289.81
[E14] batch=100/153 pseudo=4 loss=5.0544 seg=0.3972 semseg=0.1498 mard=2.0164 lambda=0.034262 box_extra=1 mask_extra=1 DURR=0.0433 (dir=0.2167,res=-0.0000,hall=-0.0000) route_px=264 rescue_px=0 hall_px=0 FG/HBG/EBG=32/256/1280 fallback=0 rel=0.892/0.755/0.950 wmean=1.000 grad_preclip=32.07
[E14] batch=110/153 pseudo=3 loss=3.1129 seg=0.3584 semseg=0.1202 mard=2.0930 lambda=0.036401 box_extra=0 mask_extra=0 DURR=0.0390 (dir=0.1948,res=-0.0000,hall=-0.0000) route_px=204 rescue_px=0 hall_px=0 FG/HBG/EBG=24/192/960 fallback=0 rel=0.909/0.861/0.954 wmean=1.000 grad_preclip=23.52
[E14] batch=120/153 pseudo=4 loss=4.4462 seg=0.3545 semseg=0.2207 mard=2.0095 lambda=0.035377 box_extra=1 mask_extra=1 DURR=0.0447 (dir=0.2236,res=-0.0000,hall=-0.0000) route_px=234 rescue_px=0 hall_px=0 FG/HBG/EBG=32/256/1280 fallback=0 rel=0.906/0.825/0.935 wmean=1.000 grad_preclip=41.43
[E14] batch=130/153 pseudo=5 loss=6.1361 seg=0.5342 semseg=0.2088 mard=1.9600 lambda=0.026292 box_extra=2 mask_extra=2 DURR=0.1105 (dir=0.0752,res=0.1909,hall=-0.0000) route_px=140 rescue_px=1017 hall_px=0 FG/HBG/EBG=40/320/1216 fallback=0 rel=0.855/0.754/0.914 wmean=1.000 grad_preclip=45.99
[E14] batch=140/153 pseudo=4 loss=3.6927 seg=0.3129 semseg=0.2378 mard=1.9955 lambda=0.026085 box_extra=1 mask_extra=1 DURR=0.0373 (dir=0.1867,res=-0.0000,hall=-0.0000) route_px=308 rescue_px=0 hall_px=0 FG/HBG/EBG=32/256/896 fallback=0 rel=0.853/0.807/0.948 wmean=1.000 grad_preclip=80.00
[E14] batch=150/153 pseudo=3 loss=4.2940 seg=0.5071 semseg=0.2132 mard=1.9962 lambda=0.036994 box_extra=0 mask_extra=0 DURR=0.0283 (dir=0.1413,res=-0.0000,hall=-0.0000) route_px=279 rescue_px=0 hall_px=0 FG/HBG/EBG=24/192/960 fallback=0 rel=0.913/0.851/0.949 wmean=1.000 grad_preclip=32.46
[E14] batch=153/153 pseudo=4 loss=5.8807 seg=0.4360 semseg=0.2747 mard=2.0209 lambda=0.034603 box_extra=0 mask_extra=0 DURR=0.0419 (dir=0.2094,res=-0.0000,hall=-0.0000) route_px=291 rescue_px=0 hall_px=0 FG/HBG/EBG=32/256/1280 fallback=0 rel=0.902/0.792/0.955 wmean=1.000 grad_preclip=55.96

[Epoch 14] DONE time=41.8s valid=153 skipped=0 pseudo=536 anchors=473 box_extra=86 mask_extra=63 reject_rel=23 DURR=0.0689 (dir=0.1702,res=0.0152,hall=0.1362) empty=96 rescue=9/9 hall_trigger=9 loss=6.5336 seg=0.5756 semseg=0.4595 mard=2.0212 lambda_avg=0.031905 FG/HBG/EBG=28.0/221.3/1073.8 rel=0.879/0.664/0.968 wmean=1.000
[E15] batch=001/153 pseudo=4 loss=7.9711 seg=0.5673 semseg=0.2809 mard=2.0401 lambda=0.031550 box_extra=0 mask_extra=0 DURR=0.0310 (dir=0.1550,res=-0.0000,hall=-0.0000) route_px=177 rescue_px=0 hall_px=0 FG/HBG/EBG=32/256/1280 fallback=0 rel=0.875/0.809/0.929 wmean=1.000 grad_preclip=133.67
[E15] batch=010/153 pseudo=5 loss=5.3711 seg=0.4915 semseg=0.1661 mard=2.0478 lambda=0.024533 box_extra=1 mask_extra=1 DURR=0.1516 (dir=0.1639,res=0.2377,hall=-0.0000) route_px=233 rescue_px=590 hall_px=0 FG/HBG/EBG=40/256/1280 fallback=0 rel=0.835/0.686/0.922 wmean=1.000 grad_preclip=44.69
[E15] batch=020/153 pseudo=4 loss=8.2670 seg=0.7575 semseg=0.3997 mard=2.0131 lambda=0.039443 box_extra=0 mask_extra=0 DURR=0.0297 (dir=0.1484,res=-0.0000,hall=-0.0000) route_px=362 rescue_px=0 hall_px=0 FG/HBG/EBG=32/256/1280 fallback=0 rel=0.925/0.892/0.954 wmean=1.000 grad_preclip=118.93
[E15] batch=030/153 pseudo=3 loss=3.6127 seg=0.3906 semseg=0.1347 mard=2.0310 lambda=0.016230 box_extra=0 mask_extra=0 DURR=0.0467 (dir=0.2337,res=-0.0000,hall=-0.0000) route_px=155 rescue_px=0 hall_px=0 FG/HBG/EBG=24/192/960 fallback=0 rel=0.787/0.698/0.964 wmean=1.000 grad_preclip=31.43
[E15] batch=040/153 pseudo=5 loss=7.4558 seg=0.8605 semseg=0.2166 mard=2.0218 lambda=0.027147 box_extra=1 mask_extra=1 DURR=0.0267 (dir=0.1334,res=-0.0000,hall=-0.0000) route_px=207 rescue_px=0 hall_px=0 FG/HBG/EBG=40/256/1280 fallback=0 rel=0.849/0.698/0.948 wmean=1.000 grad_preclip=82.58
[E15] batch=050/153 pseudo=3 loss=5.1141 seg=0.3772 semseg=0.1947 mard=1.9941 lambda=0.030280 box_extra=1 mask_extra=1 DURR=0.0344 (dir=0.1722,res=-0.0000,hall=-0.0000) route_px=72 rescue_px=0 hall_px=0 FG/HBG/EBG=24/192/960 fallback=0 rel=0.878/0.842/0.948 wmean=1.000 grad_preclip=46.68
[E15] batch=060/153 pseudo=2 loss=1.9862 seg=0.3932 semseg=0.0889 mard=1.9726 lambda=0.037627 box_extra=1 mask_extra=0 DURR=0.0478 (dir=0.2388,res=-0.0000,hall=-0.0000) route_px=176 rescue_px=0 hall_px=0 FG/HBG/EBG=16/128/640 fallback=0 rel=0.917/0.880/0.955 wmean=1.000 grad_preclip=18.70
[E15] batch=070/153 pseudo=3 loss=6.1983 seg=0.3902 semseg=0.8232 mard=2.0233 lambda=0.027677 box_extra=0 mask_extra=0 DURR=0.0387 (dir=0.1935,res=-0.0000,hall=-0.0000) route_px=179 rescue_px=0 hall_px=0 FG/HBG/EBG=24/192/960 fallback=0 rel=0.851/0.695/0.929 wmean=1.000 grad_preclip=41.36
[E15] batch=080/153 pseudo=4 loss=7.9427 seg=0.6477 semseg=0.3517 mard=1.9666 lambda=0.026159 box_extra=0 mask_extra=0 DURR=0.0398 (dir=0.1989,res=-0.0000,hall=-0.0000) route_px=481 rescue_px=0 hall_px=0 FG/HBG/EBG=32/256/1280 fallback=0 rel=0.844/0.760/0.939 wmean=1.000 grad_preclip=90.86
[E15] batch=090/153 pseudo=2 loss=1.9617 seg=0.2764 semseg=0.1099 mard=2.0931 lambda=0.036623 box_extra=1 mask_extra=1 DURR=0.1942 (dir=0.2016,res=0.3077,hall=-0.0000) route_px=147 rescue_px=148 hall_px=0 FG/HBG/EBG=16/128/640 fallback=0 rel=0.913/0.874/0.953 wmean=1.000 grad_preclip=22.04
[E15] batch=100/153 pseudo=3 loss=3.5542 seg=0.3584 semseg=0.2334 mard=2.0452 lambda=0.039689 box_extra=1 mask_extra=0 DURR=0.0450 (dir=0.2250,res=-0.0000,hall=-0.0000) route_px=231 rescue_px=0 hall_px=0 FG/HBG/EBG=24/192/960 fallback=0 rel=0.933/0.916/0.945 wmean=1.000 grad_preclip=45.16
[E15] batch=110/153 pseudo=4 loss=2.5537 seg=0.2188 semseg=0.0727 mard=2.0387 lambda=0.041328 box_extra=0 mask_extra=0 DURR=0.0450 (dir=0.2249,res=-0.0000,hall=-0.0000) route_px=360 rescue_px=0 hall_px=0 FG/HBG/EBG=32/256/1280 fallback=0 rel=0.939/0.926/0.952 wmean=1.000 grad_preclip=20.35
[E15] batch=120/153 pseudo=4 loss=7.1161 seg=0.4869 semseg=0.8884 mard=1.9891 lambda=0.030944 box_extra=0 mask_extra=0 DURR=0.0420 (dir=0.2098,res=-0.0000,hall=-0.0000) route_px=279 rescue_px=0 hall_px=0 FG/HBG/EBG=32/192/960 fallback=0 rel=0.875/0.785/0.947 wmean=1.000 grad_preclip=316.55
[E15] batch=130/153 pseudo=3 loss=2.0413 seg=0.1801 semseg=0.0782 mard=2.0915 lambda=0.040231 box_extra=0 mask_extra=0 DURR=0.0476 (dir=0.2379,res=-0.0000,hall=-0.0000) route_px=217 rescue_px=0 hall_px=0 FG/HBG/EBG=24/192/960 fallback=0 rel=0.936/0.910/0.951 wmean=1.000 grad_preclip=17.39
[E15] batch=140/153 pseudo=3 loss=2.8161 seg=0.3278 semseg=0.1073 mard=2.0139 lambda=0.042602 box_extra=1 mask_extra=0 DURR=0.0323 (dir=0.1615,res=-0.0000,hall=-0.0000) route_px=296 rescue_px=0 hall_px=0 FG/HBG/EBG=24/192/960 fallback=0 rel=0.945/0.924/0.958 wmean=1.000 grad_preclip=57.60
[E15] batch=150/153 pseudo=2 loss=1.2540 seg=0.1907 semseg=0.0643 mard=1.9468 lambda=0.039973 box_extra=1 mask_extra=0 DURR=0.0489 (dir=0.2445,res=-0.0000,hall=-0.0000) route_px=147 rescue_px=0 hall_px=0 FG/HBG/EBG=16/128/640 fallback=0 rel=0.932/0.927/0.936 wmean=1.000 grad_preclip=11.14
[E15] batch=153/153 pseudo=2 loss=1.7338 seg=0.2544 semseg=0.0739 mard=2.1126 lambda=0.040285 box_extra=1 mask_extra=0 DURR=0.0370 (dir=0.1849,res=-0.0000,hall=-0.0000) route_px=136 rescue_px=0 hall_px=0 FG/HBG/EBG=16/128/640 fallback=0 rel=0.932/0.904/0.961 wmean=1.000 grad_preclip=14.11

[Epoch 15] DONE time=41.8s valid=153 skipped=0 pseudo=538 anchors=479 box_extra=81 mask_extra=59 reject_rel=22 DURR=0.0580 (dir=0.1687,res=0.0124,hall=0.0903) empty=95 rescue=8/8 hall_trigger=8 loss=6.4880 seg=0.5713 semseg=0.4663 mard=2.0221 lambda_avg=0.031049 FG/HBG/EBG=28.1/221.3/1076.3 rel=0.876/0.666/0.969 wmean=1.000
[E16] batch=001/153 pseudo=3 loss=4.6671 seg=0.3259 semseg=0.2604 mard=1.9464 lambda=0.019804 box_extra=0 mask_extra=0 DURR=0.0418 (dir=0.2092,res=-0.0000,hall=-0.0000) route_px=116 rescue_px=0 hall_px=0 FG/HBG/EBG=24/192/960 fallback=0 rel=0.810/0.735/0.930 wmean=1.000 grad_preclip=114.96
[E16] batch=010/153 pseudo=4 loss=2.9319 seg=0.2322 semseg=0.0956 mard=2.0628 lambda=0.042381 box_extra=0 mask_extra=0 DURR=0.0362 (dir=0.1808,res=-0.0000,hall=-0.0000) route_px=406 rescue_px=0 hall_px=0 FG/HBG/EBG=32/256/1280 fallback=0 rel=0.950/0.928/0.957 wmean=1.000 grad_preclip=23.04
[E16] batch=020/153 pseudo=4 loss=5.2378 seg=0.3887 semseg=0.1697 mard=2.0075 lambda=0.028682 box_extra=0 mask_extra=0 DURR=0.0315 (dir=0.1573,res=-0.0000,hall=-0.0000) route_px=368 rescue_px=0 hall_px=0 FG/HBG/EBG=32/256/1280 fallback=0 rel=0.868/0.749/0.945 wmean=1.000 grad_preclip=39.95
[E16] batch=030/153 pseudo=3 loss=23.2460 seg=1.2565 semseg=4.7627 mard=2.0384 lambda=0.027536 box_extra=0 mask_extra=0 DURR=0.3398 (dir=0.0591,res=-0.0000,hall=1.6399) route_px=484 rescue_px=0 hall_px=31 FG/HBG/EBG=24/192/960 fallback=0 rel=0.846/0.758/0.945 wmean=1.000 grad_preclip=398.31
[E16] batch=040/153 pseudo=3 loss=2.0722 seg=0.2255 semseg=0.0644 mard=2.0252 lambda=0.039790 box_extra=1 mask_extra=0 DURR=0.0401 (dir=0.2006,res=-0.0000,hall=-0.0000) route_px=273 rescue_px=0 hall_px=0 FG/HBG/EBG=24/192/960 fallback=0 rel=0.930/0.879/0.969 wmean=1.000 grad_preclip=21.18
[E16] batch=050/153 pseudo=2 loss=3.9579 seg=0.5143 semseg=0.2417 mard=2.1530 lambda=0.038719 box_extra=1 mask_extra=0 DURR=1.0135 (dir=0.2104,res=-0.0000,hall=4.8573) route_px=163 rescue_px=0 hall_px=230 FG/HBG/EBG=16/128/640 fallback=0 rel=0.922/0.899/0.946 wmean=1.000 grad_preclip=123.31
[E16] batch=060/153 pseudo=3 loss=4.3677 seg=0.4531 semseg=0.1399 mard=2.0102 lambda=0.033673 box_extra=0 mask_extra=0 DURR=0.0282 (dir=0.1410,res=-0.0000,hall=-0.0000) route_px=243 rescue_px=0 hall_px=0 FG/HBG/EBG=24/192/960 fallback=0 rel=0.894/0.828/0.947 wmean=1.000 grad_preclip=71.99
[E16] batch=070/153 pseudo=4 loss=5.3587 seg=0.4216 semseg=0.1466 mard=1.9578 lambda=0.030396 box_extra=1 mask_extra=1 DURR=0.0275 (dir=0.1375,res=-0.0000,hall=-0.0000) route_px=206 rescue_px=0 hall_px=0 FG/HBG/EBG=32/256/1280 fallback=0 rel=0.873/0.787/0.936 wmean=1.000 grad_preclip=90.16
[E16] batch=080/153 pseudo=2 loss=3.8502 seg=0.5549 semseg=0.6378 mard=2.0227 lambda=0.034566 box_extra=0 mask_extra=0 DURR=0.0539 (dir=0.2697,res=-0.0000,hall=-0.0000) route_px=270 rescue_px=0 hall_px=0 FG/HBG/EBG=16/128/640 fallback=0 rel=0.898/0.861/0.934 wmean=1.000 grad_preclip=68.67
[E16] batch=090/153 pseudo=4 loss=3.3315 seg=0.4317 semseg=0.1092 mard=2.0827 lambda=0.032850 box_extra=0 mask_extra=0 DURR=0.0479 (dir=0.2396,res=-0.0000,hall=-0.0000) route_px=227 rescue_px=0 hall_px=0 FG/HBG/EBG=32/256/896 fallback=0 rel=0.882/0.745/0.968 wmean=1.000 grad_preclip=22.48
[E16] batch=100/153 pseudo=1 loss=1.6926 seg=0.3205 semseg=0.1008 mard=2.1747 lambda=0.044763 box_extra=0 mask_extra=0 DURR=0.7847 (dir=0.1820,res=-0.0000,hall=3.7416) route_px=88 rescue_px=0 hall_px=133 FG/HBG/EBG=8/64/320 fallback=0 rel=0.945/0.945/0.945 wmean=1.000 grad_preclip=41.69
[E16] batch=110/153 pseudo=4 loss=3.2748 seg=0.2902 semseg=0.1120 mard=2.0278 lambda=0.039164 box_extra=0 mask_extra=0 DURR=0.0309 (dir=0.1544,res=-0.0000,hall=-0.0000) route_px=238 rescue_px=0 hall_px=0 FG/HBG/EBG=32/256/1280 fallback=0 rel=0.927/0.901/0.948 wmean=1.000 grad_preclip=35.03
[E16] batch=120/153 pseudo=2 loss=4.4187 seg=0.7221 semseg=0.4133 mard=1.9436 lambda=0.030625 box_extra=1 mask_extra=0 DURR=0.0146 (dir=0.0730,res=-0.0000,hall=-0.0000) route_px=92 rescue_px=0 hall_px=0 FG/HBG/EBG=16/128/640 fallback=0 rel=0.875/0.865/0.886 wmean=1.000 grad_preclip=42.12
[E16] batch=130/153 pseudo=3 loss=1.9426 seg=0.2113 semseg=0.0515 mard=1.9763 lambda=0.039054 box_extra=1 mask_extra=1 DURR=0.0904 (dir=0.1856,res=0.1066,hall=-0.0000) route_px=157 rescue_px=349 hall_px=0 FG/HBG/EBG=24/192/960 fallback=0 rel=0.929/0.891/0.959 wmean=1.000 grad_preclip=20.97
[E16] batch=140/153 pseudo=4 loss=20.6651 seg=1.4678 semseg=1.9485 mard=1.9883 lambda=0.019313 box_extra=2 mask_extra=2 DURR=0.0427 (dir=0.2133,res=-0.0000,hall=-0.0000) route_px=74 rescue_px=0 hall_px=0 FG/HBG/EBG=32/256/1280 fallback=0 rel=0.801/0.739/0.874 wmean=1.000 grad_preclip=479.35
[E16] batch=150/153 pseudo=3 loss=2.2419 seg=0.2746 semseg=0.1048 mard=2.0625 lambda=0.041239 box_extra=1 mask_extra=0 DURR=0.0378 (dir=0.1889,res=-0.0000,hall=-0.0000) route_px=235 rescue_px=0 hall_px=0 FG/HBG/EBG=24/192/960 fallback=0 rel=0.935/0.924/0.952 wmean=1.000 grad_preclip=23.10
[E16] batch=153/153 pseudo=3 loss=5.0724 seg=0.4970 semseg=0.2386 mard=1.9644 lambda=0.021883 box_extra=1 mask_extra=1 DURR=0.1687 (dir=0.1350,res=0.2834,hall=-0.0000) route_px=148 rescue_px=644 hall_px=0 FG/HBG/EBG=24/192/960 fallback=0 rel=0.821/0.695/0.894 wmean=1.000 grad_preclip=81.00

[Epoch 16] DONE time=41.6s valid=153 skipped=0 pseudo=531 anchors=472 box_extra=78 mask_extra=59 reject_rel=19 DURR=0.0862 (dir=0.1716,res=0.0148,hall=0.2223) empty=98 rescue=8/8 hall_trigger=13 loss=6.6636 seg=0.5897 semseg=0.4788 mard=2.0304 lambda_avg=0.031189 FG/HBG/EBG=27.8/220.0/1070.0 rel=0.876/0.663/0.969 wmean=1.000
[E17] batch=001/153 pseudo=3 loss=3.1908 seg=0.2559 semseg=0.1171 mard=1.9850 lambda=0.031936 box_extra=1 mask_extra=1 DURR=0.0522 (dir=0.2612,res=-0.0000,hall=-0.0000) route_px=196 rescue_px=0 hall_px=0 FG/HBG/EBG=24/192/960 fallback=0 rel=0.888/0.790/0.939 wmean=1.000 grad_preclip=21.45
[E17] batch=010/153 pseudo=3 loss=3.9808 seg=0.3374 semseg=0.1137 mard=2.0212 lambda=0.029006 box_extra=1 mask_extra=1 DURR=0.4145 (dir=0.1506,res=-0.0000,hall=1.9217) route_px=103 rescue_px=0 hall_px=27 FG/HBG/EBG=24/192/960 fallback=0 rel=0.865/0.787/0.935 wmean=1.000 grad_preclip=41.44
[E17] batch=020/153 pseudo=4 loss=6.7882 seg=0.6825 semseg=0.2550 mard=2.0128 lambda=0.029304 box_extra=0 mask_extra=0 DURR=0.0304 (dir=0.1521,res=-0.0000,hall=-0.0000) route_px=462 rescue_px=0 hall_px=0 FG/HBG/EBG=32/256/1280 fallback=0 rel=0.859/0.682/0.953 wmean=1.000 grad_preclip=77.99
[E17] batch=030/153 pseudo=5 loss=8.6623 seg=1.1044 semseg=0.3424 mard=2.0021 lambda=0.023767 box_extra=1 mask_extra=1 DURR=0.1060 (dir=0.0584,res=0.1887,hall=-0.0000) route_px=334 rescue_px=644 hall_px=0 FG/HBG/EBG=40/256/1280 fallback=0 rel=0.834/0.760/0.951 wmean=1.000 grad_preclip=53.22
[E17] batch=040/153 pseudo=3 loss=5.1955 seg=0.3534 semseg=0.3512 mard=2.0120 lambda=0.037333 box_extra=2 mask_extra=1 DURR=0.4314 (dir=0.1686,res=-0.0000,hall=1.9883) route_px=152 rescue_px=0 hall_px=1154 FG/HBG/EBG=24/192/960 fallback=0 rel=0.915/0.848/0.959 wmean=1.000 grad_preclip=73.95
[E17] batch=050/153 pseudo=2 loss=5.1150 seg=0.5208 semseg=0.4185 mard=2.0602 lambda=0.029279 box_extra=2 mask_extra=1 DURR=0.0471 (dir=0.2353,res=-0.0000,hall=-0.0000) route_px=119 rescue_px=0 hall_px=0 FG/HBG/EBG=16/128/640 fallback=0 rel=0.861/0.811/0.910 wmean=1.000 grad_preclip=89.62
[E17] batch=060/153 pseudo=4 loss=11.7806 seg=0.6976 semseg=1.2278 mard=2.0804 lambda=0.028205 box_extra=2 mask_extra=2 DURR=0.0465 (dir=0.2323,res=-0.0000,hall=-0.0000) route_px=390 rescue_px=0 hall_px=0 FG/HBG/EBG=32/256/1280 fallback=0 rel=0.853/0.799/0.931 wmean=1.000 grad_preclip=432.73
[E17] batch=070/153 pseudo=3 loss=5.5246 seg=0.7666 semseg=0.3882 mard=2.0583 lambda=0.033082 box_extra=1 mask_extra=0 DURR=0.0351 (dir=0.1753,res=-0.0000,hall=-0.0000) route_px=183 rescue_px=0 hall_px=0 FG/HBG/EBG=24/192/960 fallback=0 rel=0.883/0.782/0.944 wmean=1.000 grad_preclip=41.32
[E17] batch=080/153 pseudo=3 loss=5.1557 seg=0.5039 semseg=0.3117 mard=2.0487 lambda=0.033169 box_extra=1 mask_extra=1 DURR=0.0407 (dir=0.2034,res=-0.0000,hall=-0.0000) route_px=164 rescue_px=0 hall_px=0 FG/HBG/EBG=24/192/960 fallback=0 rel=0.887/0.759/0.952 wmean=1.000 grad_preclip=50.95
[E17] batch=090/153 pseudo=5 loss=5.2814 seg=0.2730 semseg=0.4457 mard=2.0218 lambda=0.028298 box_extra=0 mask_extra=0 DURR=0.0274 (dir=0.1370,res=-0.0000,hall=-0.0000) route_px=609 rescue_px=0 hall_px=0 FG/HBG/EBG=40/320/1216 fallback=0 rel=0.870/0.811/0.951 wmean=1.000 grad_preclip=64.64
[E17] batch=100/153 pseudo=3 loss=4.4530 seg=0.4953 semseg=0.1656 mard=2.0135 lambda=0.040372 box_extra=0 mask_extra=0 DURR=0.0328 (dir=0.1639,res=-0.0000,hall=-0.0000) route_px=332 rescue_px=0 hall_px=0 FG/HBG/EBG=24/192/960 fallback=0 rel=0.933/0.903/0.957 wmean=1.000 grad_preclip=41.48
[E17] batch=110/153 pseudo=1 loss=0.7150 seg=0.2280 semseg=0.0903 mard=2.1130 lambda=0.043972 box_extra=2 mask_extra=0 DURR=0.0397 (dir=0.1985,res=-0.0000,hall=-0.0000) route_px=94 rescue_px=0 hall_px=0 FG/HBG/EBG=8/64/320 fallback=0 rel=0.954/0.954/0.954 wmean=1.000 grad_preclip=9.09
[E17] batch=120/153 pseudo=4 loss=22.2579 seg=0.8379 semseg=2.2115 mard=2.0121 lambda=0.024553 box_extra=0 mask_extra=0 DURR=0.0343 (dir=0.1715,res=-0.0000,hall=-0.0000) route_px=374 rescue_px=0 hall_px=0 FG/HBG/EBG=32/256/1280 fallback=0 rel=0.846/0.776/0.898 wmean=1.000 grad_preclip=217.37
[E17] batch=130/153 pseudo=3 loss=7.5282 seg=0.7387 semseg=0.2693 mard=1.9868 lambda=0.032213 box_extra=0 mask_extra=0 DURR=0.4584 (dir=0.1222,res=-0.0000,hall=2.1697) route_px=190 rescue_px=0 hall_px=6 FG/HBG/EBG=24/192/960 fallback=0 rel=0.879/0.791/0.924 wmean=1.000 grad_preclip=81.55
[E17] batch=140/153 pseudo=3 loss=4.0058 seg=0.4223 semseg=0.2058 mard=1.9956 lambda=0.030133 box_extra=0 mask_extra=0 DURR=0.0310 (dir=0.1549,res=-0.0000,hall=-0.0000) route_px=202 rescue_px=0 hall_px=0 FG/HBG/EBG=24/192/960 fallback=0 rel=0.867/0.810/0.921 wmean=1.000 grad_preclip=26.93
[E17] batch=150/153 pseudo=4 loss=7.8682 seg=0.7184 semseg=0.5796 mard=1.9894 lambda=0.035144 box_extra=1 mask_extra=1 DURR=0.0279 (dir=0.1397,res=-0.0000,hall=-0.0000) route_px=223 rescue_px=0 hall_px=0 FG/HBG/EBG=32/256/1280 fallback=0 rel=0.899/0.775/0.954 wmean=1.000 grad_preclip=172.15
[E17] batch=153/153 pseudo=3 loss=2.2559 seg=0.1957 semseg=0.0880 mard=2.0417 lambda=0.036918 box_extra=0 mask_extra=0 DURR=0.0352 (dir=0.1760,res=-0.0000,hall=-0.0000) route_px=262 rescue_px=0 hall_px=0 FG/HBG/EBG=24/192/960 fallback=0 rel=0.917/0.851/0.958 wmean=1.000 grad_preclip=29.62

[Epoch 17] DONE time=41.6s valid=153 skipped=0 pseudo=527 anchors=469 box_extra=84 mask_extra=58 reject_rel=26 DURR=0.0740 (dir=0.1624,res=0.0150,hall=0.1702) empty=103 rescue=7/7 hall_trigger=14 loss=6.4340 seg=0.5545 semseg=0.4798 mard=2.0335 lambda_avg=0.031288 FG/HBG/EBG=27.6/217.1/1060.4 rel=0.879/0.678/0.968 wmean=1.000
[E18] batch=001/153 pseudo=3 loss=2.9896 seg=0.2960 semseg=0.1449 mard=2.1205 lambda=0.040239 box_extra=0 mask_extra=0 DURR=0.0338 (dir=0.1688,res=-0.0000,hall=-0.0000) route_px=285 rescue_px=0 hall_px=0 FG/HBG/EBG=24/192/960 fallback=0 rel=0.931/0.889/0.954 wmean=1.000 grad_preclip=31.10
[E18] batch=010/153 pseudo=4 loss=3.0618 seg=0.2558 semseg=0.1028 mard=1.9893 lambda=0.041863 box_extra=0 mask_extra=0 DURR=0.0343 (dir=0.1715,res=-0.0000,hall=-0.0000) route_px=394 rescue_px=0 hall_px=0 FG/HBG/EBG=32/256/1280 fallback=0 rel=0.944/0.935/0.961 wmean=1.000 grad_preclip=25.20
[E18] batch=020/153 pseudo=4 loss=7.2715 seg=0.5643 semseg=0.3315 mard=2.0605 lambda=0.033555 box_extra=1 mask_extra=0 DURR=0.0420 (dir=0.2099,res=-0.0000,hall=-0.0000) route_px=511 rescue_px=0 hall_px=0 FG/HBG/EBG=32/256/1280 fallback=0 rel=0.886/0.814/0.951 wmean=1.000 grad_preclip=58.73
[E18] batch=030/153 pseudo=4 loss=4.5503 seg=0.4147 semseg=0.1608 mard=2.0295 lambda=0.030179 box_extra=0 mask_extra=0 DURR=0.0506 (dir=0.2532,res=-0.0000,hall=-0.0000) route_px=203 rescue_px=0 hall_px=0 FG/HBG/EBG=32/256/1280 fallback=0 rel=0.870/0.737/0.934 wmean=1.000 grad_preclip=41.25
[E18] batch=040/153 pseudo=3 loss=2.7944 seg=0.2902 semseg=0.0950 mard=2.0330 lambda=0.041129 box_extra=1 mask_extra=0 DURR=0.0439 (dir=0.2195,res=-0.0000,hall=-0.0000) route_px=223 rescue_px=0 hall_px=0 FG/HBG/EBG=24/192/960 fallback=0 rel=0.937/0.924/0.951 wmean=1.000 grad_preclip=28.59
[E18] batch=050/153 pseudo=2 loss=4.9570 seg=0.4860 semseg=0.3506 mard=2.0632 lambda=0.042544 box_extra=0 mask_extra=0 DURR=0.0330 (dir=0.1652,res=-0.0000,hall=-0.0000) route_px=202 rescue_px=0 hall_px=0 FG/HBG/EBG=16/128/640 fallback=0 rel=0.945/0.944/0.946 wmean=1.000 grad_preclip=74.18
[E18] batch=060/153 pseudo=4 loss=6.8475 seg=0.3185 semseg=0.2639 mard=2.0490 lambda=0.028773 box_extra=2 mask_extra=2 DURR=0.1898 (dir=0.2110,res=0.2952,hall=-0.0000) route_px=172 rescue_px=148 hall_px=0 FG/HBG/EBG=32/256/1280 fallback=0 rel=0.867/0.777/0.935 wmean=1.000 grad_preclip=147.15
[E18] batch=070/153 pseudo=4 loss=6.4076 seg=0.4769 semseg=0.2869 mard=2.0616 lambda=0.025303 box_extra=1 mask_extra=1 DURR=0.0192 (dir=0.0958,res=-0.0000,hall=-0.0000) route_px=263 rescue_px=0 hall_px=0 FG/HBG/EBG=32/256/1280 fallback=0 rel=0.849/0.775/0.920 wmean=1.000 grad_preclip=38.61
[E18] batch=080/153 pseudo=4 loss=7.3392 seg=0.5322 semseg=0.2858 mard=1.9830 lambda=0.015777 box_extra=1 mask_extra=1 DURR=0.1741 (dir=0.0165,res=0.3417,hall=-0.0000) route_px=137 rescue_px=181 hall_px=0 FG/HBG/EBG=32/256/1280 fallback=0 rel=0.784/0.709/0.874 wmean=1.000 grad_preclip=79.70
[E18] batch=090/153 pseudo=3 loss=4.9657 seg=0.3925 semseg=0.4031 mard=1.9816 lambda=0.032977 box_extra=0 mask_extra=0 DURR=0.6234 (dir=0.2311,res=-0.0000,hall=2.8858) route_px=158 rescue_px=0 hall_px=633 FG/HBG/EBG=24/192/960 fallback=0 rel=0.888/0.781/0.942 wmean=1.000 grad_preclip=112.48
[E18] batch=100/153 pseudo=2 loss=7.1998 seg=0.9619 semseg=0.6068 mard=2.0547 lambda=0.019929 box_extra=0 mask_extra=0 DURR=0.0075 (dir=0.0373,res=-0.0000,hall=-0.0000) route_px=67 rescue_px=0 hall_px=0 FG/HBG/EBG=16/128/640 fallback=0 rel=0.813/0.748/0.879 wmean=1.000 grad_preclip=298.15
[E18] batch=110/153 pseudo=2 loss=3.6557 seg=0.4538 semseg=0.2577 mard=1.9825 lambda=0.029229 box_extra=0 mask_extra=0 DURR=0.0171 (dir=0.0855,res=-0.0000,hall=-0.0000) route_px=83 rescue_px=0 hall_px=0 FG/HBG/EBG=16/128/640 fallback=0 rel=0.863/0.854/0.871 wmean=1.000 grad_preclip=29.90
[E18] batch=120/153 pseudo=3 loss=2.1918 seg=0.2213 semseg=0.0775 mard=2.0283 lambda=0.043911 box_extra=1 mask_extra=0 DURR=0.0428 (dir=0.2141,res=-0.0000,hall=-0.0000) route_px=217 rescue_px=0 hall_px=0 FG/HBG/EBG=24/192/960 fallback=0 rel=0.949/0.939/0.961 wmean=1.000 grad_preclip=23.40
[E18] batch=130/153 pseudo=3 loss=2.8626 seg=0.2554 semseg=0.1358 mard=1.9496 lambda=0.020953 box_extra=0 mask_extra=0 DURR=0.0181 (dir=0.0906,res=-0.0000,hall=-0.0000) route_px=267 rescue_px=0 hall_px=0 FG/HBG/EBG=24/192/960 fallback=0 rel=0.823/0.764/0.934 wmean=1.000 grad_preclip=40.65
[E18] batch=140/153 pseudo=3 loss=2.7798 seg=0.2426 semseg=0.1088 mard=2.0906 lambda=0.034972 box_extra=0 mask_extra=0 DURR=0.0239 (dir=0.1194,res=-0.0000,hall=-0.0000) route_px=104 rescue_px=0 hall_px=0 FG/HBG/EBG=24/192/960 fallback=0 rel=0.907/0.880/0.951 wmean=1.000 grad_preclip=41.52
[E18] batch=150/153 pseudo=3 loss=4.0099 seg=0.6147 semseg=0.1534 mard=2.1415 lambda=0.039362 box_extra=1 mask_extra=1 DURR=0.5763 (dir=0.2054,res=0.1987,hall=2.1791) route_px=191 rescue_px=644 hall_px=40 FG/HBG/EBG=24/192/960 fallback=0 rel=0.920/0.876/0.959 wmean=1.000 grad_preclip=56.54
[E18] batch=153/153 pseudo=2 loss=6.7288 seg=0.3580 semseg=1.3539 mard=2.0813 lambda=0.010464 box_extra=0 mask_extra=0 DURR=0.0119 (dir=0.0594,res=-0.0000,hall=-0.0000) route_px=130 rescue_px=0 hall_px=0 FG/HBG/EBG=16/128/640 fallback=0 rel=0.753/0.695/0.811 wmean=1.000 grad_preclip=129.94

[Epoch 18] DONE time=42.0s valid=153 skipped=0 pseudo=543 anchors=480 box_extra=86 mask_extra=63 reject_rel=23 DURR=0.0860 (dir=0.1683,res=0.0151,hall=0.2240) empty=89 rescue=9/9 hall_trigger=12 loss=6.4807 seg=0.5522 semseg=0.4389 mard=2.0296 lambda_avg=0.031120 FG/HBG/EBG=28.4/223.4/1089.3 rel=0.874/0.667/0.969 wmean=1.000
[E19] batch=001/153 pseudo=4 loss=7.6057 seg=0.5744 semseg=0.5383 mard=2.0112 lambda=0.027859 box_extra=0 mask_extra=0 DURR=0.0312 (dir=0.1561,res=-0.0000,hall=-0.0000) route_px=574 rescue_px=0 hall_px=0 FG/HBG/EBG=32/256/1280 fallback=0 rel=0.852/0.685/0.958 wmean=1.000 grad_preclip=74.89
[E19] batch=010/153 pseudo=4 loss=6.8146 seg=0.4981 semseg=0.2803 mard=2.0920 lambda=0.030722 box_extra=0 mask_extra=0 DURR=0.0234 (dir=0.1171,res=-0.0000,hall=-0.0000) route_px=285 rescue_px=0 hall_px=0 FG/HBG/EBG=32/256/1280 fallback=0 rel=0.867/0.697/0.967 wmean=1.000 grad_preclip=35.55
[E19] batch=020/153 pseudo=4 loss=4.3181 seg=0.3404 semseg=0.1667 mard=2.0078 lambda=0.028319 box_extra=0 mask_extra=0 DURR=0.0384 (dir=0.1921,res=-0.0000,hall=-0.0000) route_px=150 rescue_px=0 hall_px=0 FG/HBG/EBG=32/256/1280 fallback=0 rel=0.862/0.701/0.939 wmean=1.000 grad_preclip=36.65
[E19] batch=030/153 pseudo=3 loss=4.6172 seg=0.7133 semseg=0.2297 mard=1.9920 lambda=0.036672 box_extra=0 mask_extra=0 DURR=0.0321 (dir=0.1604,res=-0.0000,hall=-0.0000) route_px=235 rescue_px=0 hall_px=0 FG/HBG/EBG=24/192/960 fallback=0 rel=0.902/0.842/0.945 wmean=1.000 grad_preclip=48.12
[E19] batch=040/153 pseudo=3 loss=4.5789 seg=0.4459 semseg=0.1771 mard=1.9604 lambda=0.022488 box_extra=2 mask_extra=1 DURR=0.0285 (dir=0.1426,res=-0.0000,hall=-0.0000) route_px=124 rescue_px=0 hall_px=0 FG/HBG/EBG=24/192/960 fallback=0 rel=0.828/0.706/0.914 wmean=1.000 grad_preclip=47.20
[E19] batch=050/153 pseudo=4 loss=5.9060 seg=0.4541 semseg=0.2863 mard=2.0961 lambda=0.036756 box_extra=0 mask_extra=0 DURR=0.0364 (dir=0.1822,res=-0.0000,hall=-0.0000) route_px=429 rescue_px=0 hall_px=0 FG/HBG/EBG=32/256/1280 fallback=0 rel=0.911/0.861/0.959 wmean=1.000 grad_preclip=61.68
[E19] batch=060/153 pseudo=5 loss=8.8507 seg=0.5459 semseg=0.2628 mard=2.0050 lambda=0.021388 box_extra=1 mask_extra=1 DURR=0.0274 (dir=0.1371,res=-0.0000,hall=-0.0000) route_px=587 rescue_px=0 hall_px=0 FG/HBG/EBG=40/256/1280 fallback=0 rel=0.816/0.668/0.943 wmean=1.000 grad_preclip=118.69
[E19] batch=070/153 pseudo=4 loss=4.4312 seg=0.3144 semseg=0.1796 mard=2.0204 lambda=0.037903 box_extra=1 mask_extra=1 DURR=0.0460 (dir=0.2298,res=-0.0000,hall=-0.0000) route_px=219 rescue_px=0 hall_px=0 FG/HBG/EBG=32/256/1280 fallback=0 rel=0.919/0.859/0.947 wmean=1.000 grad_preclip=28.51
[E19] batch=080/153 pseudo=4 loss=20.9106 seg=1.0498 semseg=1.8062 mard=1.9829 lambda=0.029411 box_extra=3 mask_extra=2 DURR=0.0528 (dir=0.2641,res=-0.0000,hall=-0.0000) route_px=81 rescue_px=0 hall_px=0 FG/HBG/EBG=32/256/1280 fallback=0 rel=0.860/0.815/0.957 wmean=1.000 grad_preclip=402.37
[E19] batch=090/153 pseudo=4 loss=2.8647 seg=0.2400 semseg=0.0922 mard=2.0421 lambda=0.043024 box_extra=0 mask_extra=0 DURR=0.0378 (dir=0.1892,res=-0.0000,hall=-0.0000) route_px=335 rescue_px=0 hall_px=0 FG/HBG/EBG=32/256/1280 fallback=0 rel=0.949/0.932/0.963 wmean=1.000 grad_preclip=22.90
[E19] batch=100/153 pseudo=2 loss=3.9507 seg=0.3911 semseg=0.2235 mard=2.1272 lambda=0.025784 box_extra=0 mask_extra=0 DURR=0.0507 (dir=0.2533,res=-0.0000,hall=-0.0000) route_px=247 rescue_px=0 hall_px=0 FG/HBG/EBG=16/128/640 fallback=0 rel=0.837/0.815/0.859 wmean=1.000 grad_preclip=23.14
[E19] batch=110/153 pseudo=3 loss=6.5206 seg=0.4405 semseg=0.2985 mard=1.9731 lambda=0.031277 box_extra=1 mask_extra=1 DURR=1.0490 (dir=0.1916,res=-0.0000,hall=5.0534) route_px=150 rescue_px=0 hall_px=145 FG/HBG/EBG=24/192/960 fallback=0 rel=0.876/0.763/0.940 wmean=1.000 grad_preclip=78.05
[E19] batch=120/153 pseudo=2 loss=1.7215 seg=0.2384 semseg=0.0739 mard=1.9996 lambda=0.026928 box_extra=0 mask_extra=0 DURR=0.0440 (dir=0.2200,res=-0.0000,hall=-0.0000) route_px=126 rescue_px=0 hall_px=0 FG/HBG/EBG=16/128/640 fallback=0 rel=0.853/0.750/0.956 wmean=1.000 grad_preclip=16.89
[E19] batch=130/153 pseudo=4 loss=4.7020 seg=0.5267 semseg=0.1059 mard=1.9757 lambda=0.031282 box_extra=0 mask_extra=0 DURR=0.0316 (dir=0.1579,res=-0.0000,hall=-0.0000) route_px=395 rescue_px=0 hall_px=0 FG/HBG/EBG=32/256/1280 fallback=0 rel=0.878/0.782/0.928 wmean=1.000 grad_preclip=89.67
[E19] batch=140/153 pseudo=4 loss=4.1874 seg=0.3587 semseg=0.1767 mard=1.9571 lambda=0.040779 box_extra=0 mask_extra=0 DURR=0.0318 (dir=0.1590,res=-0.0000,hall=-0.0000) route_px=338 rescue_px=0 hall_px=0 FG/HBG/EBG=32/256/1280 fallback=0 rel=0.932/0.927/0.940 wmean=1.000 grad_preclip=24.83
[E19] batch=150/153 pseudo=4 loss=2.5871 seg=0.2058 semseg=0.0788 mard=2.0714 lambda=0.041803 box_extra=0 mask_extra=0 DURR=0.0391 (dir=0.1955,res=-0.0000,hall=-0.0000) route_px=217 rescue_px=0 hall_px=0 FG/HBG/EBG=32/256/1280 fallback=0 rel=0.942/0.933/0.953 wmean=1.000 grad_preclip=23.01
[E19] batch=153/153 pseudo=5 loss=6.3313 seg=0.3626 semseg=0.4325 mard=1.9934 lambda=0.027339 box_extra=0 mask_extra=0 DURR=0.0256 (dir=0.1279,res=-0.0000,hall=-0.0000) route_px=373 rescue_px=0 hall_px=0 FG/HBG/EBG=40/320/1216 fallback=0 rel=0.856/0.764/0.955 wmean=1.000 grad_preclip=183.18

[Epoch 19] DONE time=41.9s valid=153 skipped=0 pseudo=533 anchors=475 box_extra=89 mask_extra=58 reject_rel=31 DURR=0.0802 (dir=0.1701,res=0.0120,hall=0.2009) empty=98 rescue=7/7 hall_trigger=11 loss=6.3768 seg=0.5047 semseg=0.4946 mard=2.0202 lambda_avg=0.031633 FG/HBG/EBG=27.9/219.2/1070.8 rel=0.878/0.661/0.969 wmean=1.000
[E20] batch=001/153 pseudo=4 loss=4.7951 seg=0.4386 semseg=0.1909 mard=1.9925 lambda=0.033146 box_extra=0 mask_extra=0 DURR=0.0255 (dir=0.1274,res=-0.0000,hall=-0.0000) route_px=351 rescue_px=0 hall_px=0 FG/HBG/EBG=32/256/1280 fallback=0 rel=0.884/0.724/0.951 wmean=1.000 grad_preclip=46.02
[E20] batch=010/153 pseudo=4 loss=6.1962 seg=0.4501 semseg=0.2784 mard=1.9928 lambda=0.029052 box_extra=0 mask_extra=0 DURR=0.0274 (dir=0.1369,res=-0.0000,hall=-0.0000) route_px=215 rescue_px=0 hall_px=0 FG/HBG/EBG=32/256/1280 fallback=0 rel=0.866/0.836/0.904 wmean=1.000 grad_preclip=53.59
[E20] batch=020/153 pseudo=4 loss=3.0861 seg=0.2477 semseg=0.1213 mard=2.0688 lambda=0.032213 box_extra=0 mask_extra=0 DURR=0.0295 (dir=0.1474,res=-0.0000,hall=-0.0000) route_px=313 rescue_px=0 hall_px=0 FG/HBG/EBG=32/256/1280 fallback=0 rel=0.884/0.718/0.944 wmean=1.000 grad_preclip=25.75
[E20] batch=030/153 pseudo=2 loss=2.1831 seg=0.3061 semseg=0.0562 mard=2.0252 lambda=0.028273 box_extra=3 mask_extra=1 DURR=0.1178 (dir=0.2379,res=0.1405,hall=-0.0000) route_px=16 rescue_px=349 hall_px=0 FG/HBG/EBG=16/128/640 fallback=0 rel=0.860/0.829/0.892 wmean=1.000 grad_preclip=16.69
[E20] batch=040/153 pseudo=3 loss=5.8326 seg=0.7265 semseg=0.4313 mard=1.9781 lambda=0.026486 box_extra=0 mask_extra=0 DURR=0.0355 (dir=0.1777,res=-0.0000,hall=-0.0000) route_px=450 rescue_px=0 hall_px=0 FG/HBG/EBG=24/192/960 fallback=0 rel=0.837/0.661/0.936 wmean=1.000 grad_preclip=49.93
[E20] batch=050/153 pseudo=5 loss=9.2416 seg=0.5953 semseg=0.7163 mard=1.9742 lambda=0.028827 box_extra=1 mask_extra=1 DURR=0.0373 (dir=0.1867,res=-0.0000,hall=-0.0000) route_px=219 rescue_px=0 hall_px=0 FG/HBG/EBG=40/320/1216 fallback=0 rel=0.864/0.760/0.955 wmean=1.000 grad_preclip=178.75
[E20] batch=060/153 pseudo=4 loss=3.4364 seg=0.2239 semseg=0.0974 mard=1.9744 lambda=0.032299 box_extra=0 mask_extra=0 DURR=0.0243 (dir=0.1215,res=-0.0000,hall=-0.0000) route_px=321 rescue_px=0 hall_px=0 FG/HBG/EBG=32/256/1280 fallback=0 rel=0.889/0.771/0.953 wmean=1.000 grad_preclip=35.67
[E20] batch=070/153 pseudo=3 loss=2.2077 seg=0.1945 semseg=0.0653 mard=2.0373 lambda=0.039481 box_extra=0 mask_extra=0 DURR=0.0413 (dir=0.2063,res=-0.0000,hall=-0.0000) route_px=221 rescue_px=0 hall_px=0 FG/HBG/EBG=24/192/960 fallback=0 rel=0.931/0.880/0.960 wmean=1.000 grad_preclip=19.85
[E20] batch=080/153 pseudo=4 loss=3.5139 seg=0.2722 semseg=0.1247 mard=2.0648 lambda=0.029753 box_extra=0 mask_extra=0 DURR=0.0404 (dir=0.2020,res=-0.0000,hall=-0.0000) route_px=289 rescue_px=0 hall_px=0 FG/HBG/EBG=32/256/1280 fallback=0 rel=0.875/0.704/0.945 wmean=1.000 grad_preclip=34.36
[E20] batch=090/153 pseudo=3 loss=9.2306 seg=0.4595 semseg=0.4798 mard=2.0093 lambda=0.029883 box_extra=2 mask_extra=1 DURR=0.7166 (dir=0.2761,res=-0.0000,hall=3.3070) route_px=62 rescue_px=0 hall_px=70 FG/HBG/EBG=24/192/960 fallback=0 rel=0.871/0.824/0.936 wmean=1.000 grad_preclip=103.00
[E20] batch=100/153 pseudo=2 loss=1.4127 seg=0.1736 semseg=0.0835 mard=2.0032 lambda=0.043826 box_extra=1 mask_extra=0 DURR=0.0269 (dir=0.1347,res=-0.0000,hall=-0.0000) route_px=176 rescue_px=0 hall_px=0 FG/HBG/EBG=16/128/640 fallback=0 rel=0.956/0.952/0.960 wmean=1.000 grad_preclip=15.89
[E20] batch=110/153 pseudo=4 loss=6.9231 seg=0.4918 semseg=0.1972 mard=2.0673 lambda=0.032571 box_extra=1 mask_extra=1 DURR=0.0318 (dir=0.1590,res=-0.0000,hall=-0.0000) route_px=153 rescue_px=0 hall_px=0 FG/HBG/EBG=32/256/1280 fallback=0 rel=0.888/0.794/0.933 wmean=1.000 grad_preclip=67.41
[E20] batch=120/153 pseudo=3 loss=19.0253 seg=0.7695 semseg=7.3135 mard=1.9560 lambda=0.031064 box_extra=0 mask_extra=0 DURR=0.0470 (dir=0.2350,res=-0.0000,hall=-0.0000) route_px=219 rescue_px=0 hall_px=0 FG/HBG/EBG=24/192/576 fallback=0 rel=0.876/0.803/0.932 wmean=1.000 grad_preclip=89.13
[E20] batch=130/153 pseudo=6 loss=6.1445 seg=0.5258 semseg=0.2093 mard=1.9842 lambda=0.026157 box_extra=1 mask_extra=1 DURR=0.0293 (dir=0.1465,res=-0.0000,hall=-0.0000) route_px=198 rescue_px=0 hall_px=0 FG/HBG/EBG=48/320/1216 fallback=0 rel=0.845/0.699/0.935 wmean=1.000 grad_preclip=38.09
[E20] batch=140/153 pseudo=2 loss=2.1251 seg=0.2084 semseg=0.1127 mard=2.0545 lambda=0.037563 box_extra=1 mask_extra=1 DURR=0.2237 (dir=0.2158,res=0.3610,hall=-0.0000) route_px=71 rescue_px=166 hall_px=0 FG/HBG/EBG=16/128/640 fallback=0 rel=0.914/0.877/0.951 wmean=1.000 grad_preclip=23.36
[E20] batch=150/153 pseudo=3 loss=4.4503 seg=0.5464 semseg=0.3687 mard=1.9819 lambda=0.028938 box_extra=0 mask_extra=0 DURR=0.0359 (dir=0.1795,res=-0.0000,hall=-0.0000) route_px=171 rescue_px=0 hall_px=0 FG/HBG/EBG=24/192/960 fallback=0 rel=0.862/0.706/0.946 wmean=1.000 grad_preclip=35.35
[E20] batch=153/153 pseudo=4 loss=8.6859 seg=0.3997 semseg=0.5274 mard=1.9648 lambda=0.030663 box_extra=0 mask_extra=0 DURR=0.0390 (dir=0.1948,res=-0.0000,hall=-0.0000) route_px=268 rescue_px=0 hall_px=0 FG/HBG/EBG=32/256/1280 fallback=0 rel=0.872/0.727/0.963 wmean=1.000 grad_preclip=73.74

[Epoch 20] DONE time=41.8s valid=153 skipped=0 pseudo=532 anchors=473 box_extra=85 mask_extra=59 reject_rel=26 DURR=0.0681 (dir=0.1734,res=0.0138,hall=0.1329) empty=101 rescue=8/8 hall_trigger=8 loss=6.6853 seg=0.5760 semseg=0.5679 mard=2.0238 lambda_avg=0.031749 FG/HBG/EBG=27.8/219.2/1063.3 rel=0.879/0.661/0.968 wmean=1.000
[SAVE] /home/dang/MedRT-SFOD/runs/seg/dense_sfseg/cvc_durr_v1_segmard_v2_60ep/checkpoints/dense_sfseg_epoch_20.pt
[E21] batch=001/153 pseudo=3 loss=4.1199 seg=0.3401 semseg=0.2027 mard=2.0418 lambda=0.031423 box_extra=0 mask_extra=0 DURR=0.5551 (dir=0.1804,res=-0.0000,hall=2.5948) route_px=190 rescue_px=0 hall_px=1191 FG/HBG/EBG=24/192/960 fallback=0 rel=0.880/0.792/0.943 wmean=1.000 grad_preclip=58.15
[E21] batch=010/153 pseudo=2 loss=1.2687 seg=0.1915 semseg=0.0542 mard=1.9960 lambda=0.043299 box_extra=0 mask_extra=0 DURR=0.0400 (dir=0.2002,res=-0.0000,hall=-0.0000) route_px=163 rescue_px=0 hall_px=0 FG/HBG/EBG=16/128/640 fallback=0 rel=0.953/0.952/0.954 wmean=1.000 grad_preclip=14.81
[E21] batch=020/153 pseudo=3 loss=3.5709 seg=0.2757 semseg=0.1444 mard=2.0380 lambda=0.026928 box_extra=0 mask_extra=0 DURR=0.0307 (dir=0.1535,res=-0.0000,hall=-0.0000) route_px=198 rescue_px=0 hall_px=0 FG/HBG/EBG=24/192/960 fallback=0 rel=0.856/0.701/0.953 wmean=1.000 grad_preclip=18.03
[E21] batch=030/153 pseudo=4 loss=4.8788 seg=0.4278 semseg=0.2317 mard=2.0492 lambda=0.033551 box_extra=0 mask_extra=0 DURR=0.0366 (dir=0.1830,res=-0.0000,hall=-0.0000) route_px=319 rescue_px=0 hall_px=0 FG/HBG/EBG=32/256/1280 fallback=0 rel=0.886/0.783/0.956 wmean=1.000 grad_preclip=73.15
[E21] batch=040/153 pseudo=4 loss=6.4999 seg=0.4015 semseg=0.4647 mard=2.0353 lambda=0.016215 box_extra=1 mask_extra=1 DURR=0.0419 (dir=0.2097,res=-0.0000,hall=-0.0000) route_px=85 rescue_px=0 hall_px=0 FG/HBG/EBG=32/256/1280 fallback=0 rel=0.789/0.724/0.941 wmean=1.000 grad_preclip=62.12
[E21] batch=050/153 pseudo=4 loss=9.4169 seg=0.7476 semseg=0.5575 mard=1.9711 lambda=0.028890 box_extra=0 mask_extra=0 DURR=0.0355 (dir=0.1774,res=-0.0000,hall=-0.0000) route_px=259 rescue_px=0 hall_px=0 FG/HBG/EBG=32/256/1280 fallback=0 rel=0.866/0.833/0.913 wmean=1.000 grad_preclip=167.20
[E21] batch=060/153 pseudo=4 loss=4.0567 seg=0.3095 semseg=0.1281 mard=2.0988 lambda=0.041896 box_extra=0 mask_extra=0 DURR=0.0406 (dir=0.2032,res=-0.0000,hall=-0.0000) route_px=315 rescue_px=0 hall_px=0 FG/HBG/EBG=32/256/1280 fallback=0 rel=0.941/0.929/0.953 wmean=1.000 grad_preclip=26.99
[E21] batch=070/153 pseudo=5 loss=17.6227 seg=0.5429 semseg=2.7953 mard=2.0797 lambda=0.017301 box_extra=0 mask_extra=0 DURR=0.0293 (dir=0.1467,res=-0.0000,hall=-0.0000) route_px=331 rescue_px=0 hall_px=0 FG/HBG/EBG=40/320/1216 fallback=0 rel=0.798/0.755/0.893 wmean=1.000 grad_preclip=145.57
[E21] batch=080/153 pseudo=5 loss=5.2596 seg=0.4031 semseg=0.2181 mard=1.9926 lambda=0.025331 box_extra=1 mask_extra=1 DURR=0.0254 (dir=0.1268,res=-0.0000,hall=-0.0000) route_px=298 rescue_px=0 hall_px=0 FG/HBG/EBG=40/320/1216 fallback=0 rel=0.839/0.729/0.949 wmean=1.000 grad_preclip=36.97
[E21] batch=090/153 pseudo=4 loss=6.3418 seg=0.5831 semseg=0.3621 mard=1.9765 lambda=0.028891 box_extra=0 mask_extra=0 DURR=0.0476 (dir=0.2379,res=-0.0000,hall=-0.0000) route_px=342 rescue_px=0 hall_px=0 FG/HBG/EBG=32/192/960 fallback=0 rel=0.854/0.745/0.952 wmean=1.000 grad_preclip=52.93
[E21] batch=100/153 pseudo=3 loss=8.0058 seg=0.9048 semseg=0.6289 mard=2.0098 lambda=0.019511 box_extra=1 mask_extra=1 DURR=0.0204 (dir=0.1022,res=-0.0000,hall=-0.0000) route_px=139 rescue_px=0 hall_px=0 FG/HBG/EBG=24/192/960 fallback=0 rel=0.811/0.740/0.932 wmean=1.000 grad_preclip=50.68
[E21] batch=110/153 pseudo=3 loss=2.6247 seg=0.1999 semseg=0.1235 mard=1.9893 lambda=0.034914 box_extra=1 mask_extra=1 DURR=0.0298 (dir=0.1489,res=-0.0000,hall=-0.0000) route_px=139 rescue_px=0 hall_px=0 FG/HBG/EBG=24/192/960 fallback=0 rel=0.905/0.831/0.950 wmean=1.000 grad_preclip=30.81
[E21] batch=120/153 pseudo=4 loss=4.7047 seg=0.2651 semseg=0.1404 mard=2.0276 lambda=0.035770 box_extra=0 mask_extra=0 DURR=0.0343 (dir=0.1714,res=-0.0000,hall=-0.0000) route_px=271 rescue_px=0 hall_px=0 FG/HBG/EBG=32/256/1280 fallback=0 rel=0.907/0.772/0.958 wmean=1.000 grad_preclip=34.49
[E21] batch=130/153 pseudo=4 loss=7.9214 seg=0.6265 semseg=0.2882 mard=2.0445 lambda=0.035301 box_extra=0 mask_extra=0 DURR=0.0311 (dir=0.1556,res=-0.0000,hall=-0.0000) route_px=277 rescue_px=0 hall_px=0 FG/HBG/EBG=32/256/1280 fallback=0 rel=0.893/0.796/0.948 wmean=1.000 grad_preclip=111.36
[E21] batch=140/153 pseudo=4 loss=5.6777 seg=0.4329 semseg=0.2108 mard=2.0682 lambda=0.027057 box_extra=1 mask_extra=1 DURR=0.0384 (dir=0.1922,res=-0.0000,hall=-0.0000) route_px=200 rescue_px=0 hall_px=0 FG/HBG/EBG=32/256/1280 fallback=0 rel=0.856/0.731/0.959 wmean=1.000 grad_preclip=29.41
[E21] batch=150/153 pseudo=4 loss=3.2885 seg=0.2263 semseg=0.1103 mard=1.9943 lambda=0.035420 box_extra=0 mask_extra=0 DURR=0.0328 (dir=0.1642,res=-0.0000,hall=-0.0000) route_px=339 rescue_px=0 hall_px=0 FG/HBG/EBG=32/256/1280 fallback=0 rel=0.906/0.815/0.959 wmean=1.000 grad_preclip=30.41
[E21] batch=153/153 pseudo=4 loss=4.0497 seg=0.3612 semseg=0.1519 mard=2.0337 lambda=0.038229 box_extra=1 mask_extra=1 DURR=0.1407 (dir=0.1474,res=0.2224,hall=-0.0000) route_px=208 rescue_px=148 hall_px=0 FG/HBG/EBG=32/256/1280 fallback=0 rel=0.919/0.874/0.943 wmean=1.000 grad_preclip=37.13

[Epoch 21] DONE time=41.6s valid=153 skipped=0 pseudo=533 anchors=474 box_extra=78 mask_extra=59 reject_rel=19 DURR=0.0829 (dir=0.1672,res=0.0122,hall=0.2167) empty=100 rescue=8/8 hall_trigger=13 loss=6.2504 seg=0.5419 semseg=0.4411 mard=2.0298 lambda_avg=0.031639 FG/HBG/EBG=27.9/219.6/1065.4 rel=0.877/0.668/0.969 wmean=1.000
[E22] batch=001/153 pseudo=3 loss=5.5381 seg=0.4084 semseg=0.7439 mard=2.0348 lambda=0.031828 box_extra=0 mask_extra=0 DURR=0.5907 (dir=0.1356,res=-0.0000,hall=2.8178) route_px=277 rescue_px=0 hall_px=60 FG/HBG/EBG=24/128/640 fallback=0 rel=0.886/0.788/0.952 wmean=1.000 grad_preclip=92.77
[E22] batch=010/153 pseudo=5 loss=3.8558 seg=0.3374 semseg=0.1176 mard=2.0196 lambda=0.031741 box_extra=2 mask_extra=2 DURR=0.0305 (dir=0.1523,res=-0.0000,hall=-0.0000) route_px=257 rescue_px=0 hall_px=0 FG/HBG/EBG=40/320/1216 fallback=0 rel=0.876/0.818/0.931 wmean=1.000 grad_preclip=24.60
[E22] batch=020/153 pseudo=4 loss=9.3050 seg=0.9501 semseg=0.4903 mard=2.0000 lambda=0.028209 box_extra=1 mask_extra=1 DURR=0.0288 (dir=0.1440,res=-0.0000,hall=-0.0000) route_px=132 rescue_px=0 hall_px=0 FG/HBG/EBG=32/256/1280 fallback=0 rel=0.857/0.725/0.943 wmean=1.000 grad_preclip=50.92
[E22] batch=030/153 pseudo=4 loss=4.9653 seg=0.5208 semseg=0.2338 mard=2.0961 lambda=0.035506 box_extra=1 mask_extra=1 DURR=0.0392 (dir=0.1959,res=-0.0000,hall=-0.0000) route_px=205 rescue_px=0 hall_px=0 FG/HBG/EBG=32/256/1280 fallback=0 rel=0.901/0.792/0.951 wmean=1.000 grad_preclip=34.06
[E22] batch=040/153 pseudo=4 loss=12.0026 seg=1.3489 semseg=0.7140 mard=2.0199 lambda=0.032990 box_extra=1 mask_extra=1 DURR=0.1225 (dir=0.1286,res=0.1936,hall=-0.0000) route_px=334 rescue_px=141 hall_px=0 FG/HBG/EBG=32/256/1280 fallback=0 rel=0.892/0.848/0.937 wmean=1.000 grad_preclip=129.29
[E22] batch=050/153 pseudo=2 loss=1.9671 seg=0.2363 semseg=0.1341 mard=2.0779 lambda=0.030609 box_extra=1 mask_extra=0 DURR=0.0157 (dir=0.0783,res=-0.0000,hall=-0.0000) route_px=113 rescue_px=0 hall_px=0 FG/HBG/EBG=16/128/640 fallback=0 rel=0.880/0.804/0.955 wmean=1.000 grad_preclip=15.92
[E22] batch=060/153 pseudo=4 loss=6.6095 seg=0.5047 semseg=0.2485 mard=2.0352 lambda=0.036933 box_extra=0 mask_extra=0 DURR=0.0365 (dir=0.1826,res=-0.0000,hall=-0.0000) route_px=308 rescue_px=0 hall_px=0 FG/HBG/EBG=32/256/1280 fallback=0 rel=0.907/0.861/0.950 wmean=1.000 grad_preclip=62.29
[E22] batch=070/153 pseudo=4 loss=3.0784 seg=0.2019 semseg=0.0815 mard=1.9501 lambda=0.032964 box_extra=0 mask_extra=0 DURR=0.0229 (dir=0.1144,res=-0.0000,hall=-0.0000) route_px=371 rescue_px=0 hall_px=0 FG/HBG/EBG=32/256/1280 fallback=0 rel=0.896/0.827/0.968 wmean=1.000 grad_preclip=26.01
[E22] batch=080/153 pseudo=4 loss=3.0759 seg=0.2452 semseg=0.0897 mard=2.0781 lambda=0.041095 box_extra=0 mask_extra=0 DURR=0.0371 (dir=0.1855,res=-0.0000,hall=-0.0000) route_px=407 rescue_px=0 hall_px=0 FG/HBG/EBG=32/256/1280 fallback=0 rel=0.939/0.918/0.953 wmean=1.000 grad_preclip=23.29
[E22] batch=090/153 pseudo=4 loss=5.3838 seg=0.3195 semseg=0.1482 mard=1.9754 lambda=0.043248 box_extra=0 mask_extra=0 DURR=0.0383 (dir=0.1916,res=-0.0000,hall=-0.0000) route_px=309 rescue_px=0 hall_px=0 FG/HBG/EBG=32/256/1280 fallback=0 rel=0.948/0.928/0.964 wmean=1.000 grad_preclip=45.90
[E22] batch=100/153 pseudo=4 loss=4.3873 seg=0.3909 semseg=0.1694 mard=2.0704 lambda=0.022556 box_extra=0 mask_extra=0 DURR=0.0278 (dir=0.1391,res=-0.0000,hall=-0.0000) route_px=196 rescue_px=0 hall_px=0 FG/HBG/EBG=32/256/896 fallback=0 rel=0.823/0.709/0.881 wmean=1.000 grad_preclip=50.18
[E22] batch=110/153 pseudo=4 loss=5.2972 seg=0.4492 semseg=0.2217 mard=2.0874 lambda=0.026248 box_extra=0 mask_extra=0 DURR=0.0423 (dir=0.2113,res=-0.0000,hall=-0.0000) route_px=322 rescue_px=0 hall_px=0 FG/HBG/EBG=32/256/1280 fallback=0 rel=0.845/0.705/0.963 wmean=1.000 grad_preclip=34.93
[E22] batch=120/153 pseudo=3 loss=4.2974 seg=0.4052 semseg=0.1225 mard=2.0743 lambda=0.030659 box_extra=0 mask_extra=0 DURR=0.0409 (dir=0.2044,res=-0.0000,hall=-0.0000) route_px=192 rescue_px=0 hall_px=0 FG/HBG/EBG=24/192/960 fallback=0 rel=0.871/0.829/0.929 wmean=1.000 grad_preclip=32.16
[E22] batch=130/153 pseudo=3 loss=3.4672 seg=0.3436 semseg=0.1069 mard=1.9595 lambda=0.036869 box_extra=0 mask_extra=0 DURR=0.0372 (dir=0.1859,res=-0.0000,hall=-0.0000) route_px=233 rescue_px=0 hall_px=0 FG/HBG/EBG=24/192/960 fallback=0 rel=0.907/0.904/0.910 wmean=1.000 grad_preclip=37.80
[E22] batch=140/153 pseudo=3 loss=3.1292 seg=0.3074 semseg=0.1850 mard=2.0159 lambda=0.030402 box_extra=0 mask_extra=0 DURR=0.0281 (dir=0.1404,res=-0.0000,hall=-0.0000) route_px=384 rescue_px=0 hall_px=0 FG/HBG/EBG=24/192/960 fallback=0 rel=0.880/0.746/0.966 wmean=1.000 grad_preclip=58.56
[E22] batch=150/153 pseudo=3 loss=12.8100 seg=0.9268 semseg=1.1049 mard=1.9207 lambda=0.018609 box_extra=1 mask_extra=1 DURR=0.0454 (dir=0.2269,res=-0.0000,hall=-0.0000) route_px=78 rescue_px=0 hall_px=0 FG/HBG/EBG=24/192/960 fallback=0 rel=0.799/0.721/0.867 wmean=1.000 grad_preclip=607.51
[E22] batch=153/153 pseudo=4 loss=7.8879 seg=0.6826 semseg=0.3136 mard=2.0020 lambda=0.028853 box_extra=0 mask_extra=0 DURR=0.0453 (dir=0.2266,res=-0.0000,hall=-0.0000) route_px=366 rescue_px=0 hall_px=0 FG/HBG/EBG=32/256/1280 fallback=0 rel=0.860/0.792/0.927 wmean=1.000 grad_preclip=43.26

[Epoch 22] DONE time=41.9s valid=153 skipped=0 pseudo=532 anchors=481 box_extra=74 mask_extra=51 reject_rel=23 DURR=0.0800 (dir=0.1690,res=0.0153,hall=0.1926) empty=100 rescue=10/10 hall_trigger=11 loss=6.0684 seg=0.5581 semseg=0.4119 mard=2.0261 lambda_avg=0.031492 FG/HBG/EBG=27.8/219.2/1065.8 rel=0.877/0.669/0.968 wmean=1.000
[E23] batch=001/153 pseudo=4 loss=7.8521 seg=0.4091 semseg=0.7570 mard=2.0145 lambda=0.036836 box_extra=1 mask_extra=1 DURR=0.0872 (dir=0.2500,res=0.0743,hall=-0.0000) route_px=178 rescue_px=1017 hall_px=0 FG/HBG/EBG=32/256/1280 fallback=0 rel=0.913/0.878/0.944 wmean=1.000 grad_preclip=150.26
[E23] batch=010/153 pseudo=4 loss=5.6025 seg=0.4341 semseg=0.2536 mard=1.9774 lambda=0.023927 box_extra=1 mask_extra=1 DURR=0.0279 (dir=0.1396,res=-0.0000,hall=-0.0000) route_px=192 rescue_px=0 hall_px=0 FG/HBG/EBG=32/256/1280 fallback=0 rel=0.830/0.701/0.938 wmean=1.000 grad_preclip=33.35
[E23] batch=020/153 pseudo=2 loss=3.2786 seg=0.3672 semseg=0.2476 mard=1.9643 lambda=0.039197 box_extra=1 mask_extra=0 DURR=0.4110 (dir=0.1554,res=-0.0000,hall=1.8998) route_px=138 rescue_px=0 hall_px=42 FG/HBG/EBG=16/128/640 fallback=0 rel=0.928/0.901/0.955 wmean=1.000 grad_preclip=40.14
[E23] batch=030/153 pseudo=4 loss=5.3201 seg=0.5010 semseg=0.2616 mard=2.0265 lambda=0.027755 box_extra=0 mask_extra=0 DURR=0.0268 (dir=0.1340,res=-0.0000,hall=-0.0000) route_px=336 rescue_px=0 hall_px=0 FG/HBG/EBG=32/256/1280 fallback=0 rel=0.858/0.756/0.957 wmean=1.000 grad_preclip=83.90
[E23] batch=040/153 pseudo=3 loss=5.4865 seg=0.7327 semseg=0.3825 mard=2.0141 lambda=0.031779 box_extra=0 mask_extra=0 DURR=0.0322 (dir=0.1608,res=-0.0000,hall=-0.0000) route_px=179 rescue_px=0 hall_px=0 FG/HBG/EBG=24/192/960 fallback=0 rel=0.879/0.748/0.950 wmean=1.000 grad_preclip=55.89
[E23] batch=050/153 pseudo=4 loss=3.0151 seg=0.1924 semseg=0.1071 mard=2.0245 lambda=0.031837 box_extra=0 mask_extra=0 DURR=0.0278 (dir=0.1392,res=-0.0000,hall=-0.0000) route_px=299 rescue_px=0 hall_px=0 FG/HBG/EBG=32/256/1280 fallback=0 rel=0.888/0.783/0.952 wmean=1.000 grad_preclip=55.50
[E23] batch=060/153 pseudo=4 loss=28.9419 seg=2.9785 semseg=1.8395 mard=2.0341 lambda=0.028003 box_extra=0 mask_extra=0 DURR=0.0273 (dir=0.1365,res=-0.0000,hall=-0.0000) route_px=214 rescue_px=0 hall_px=0 FG/HBG/EBG=32/256/1280 fallback=0 rel=0.847/0.693/0.936 wmean=1.000 grad_preclip=172.58
[E23] batch=070/153 pseudo=3 loss=3.2439 seg=0.2814 semseg=0.1901 mard=2.0491 lambda=0.039109 box_extra=0 mask_extra=0 DURR=0.0302 (dir=0.1510,res=-0.0000,hall=-0.0000) route_px=246 rescue_px=0 hall_px=0 FG/HBG/EBG=24/192/960 fallback=0 rel=0.924/0.914/0.931 wmean=1.000 grad_preclip=43.94
[E23] batch=080/153 pseudo=3 loss=5.7956 seg=0.5615 semseg=0.4456 mard=2.0278 lambda=0.025311 box_extra=0 mask_extra=0 DURR=0.0258 (dir=0.1292,res=-0.0000,hall=-0.0000) route_px=111 rescue_px=0 hall_px=0 FG/HBG/EBG=24/192/960 fallback=0 rel=0.839/0.720/0.956 wmean=1.000 grad_preclip=49.95
[E23] batch=090/153 pseudo=4 loss=6.9927 seg=0.5146 semseg=0.3604 mard=2.0024 lambda=0.037969 box_extra=1 mask_extra=1 DURR=0.0395 (dir=0.1976,res=-0.0000,hall=-0.0000) route_px=296 rescue_px=0 hall_px=0 FG/HBG/EBG=32/256/1280 fallback=0 rel=0.923/0.859/0.955 wmean=1.000 grad_preclip=95.53
[E23] batch=100/153 pseudo=4 loss=4.7068 seg=0.2596 semseg=0.1306 mard=1.9603 lambda=0.032042 box_extra=0 mask_extra=0 DURR=0.0404 (dir=0.2020,res=-0.0000,hall=-0.0000) route_px=222 rescue_px=0 hall_px=0 FG/HBG/EBG=32/256/1280 fallback=0 rel=0.886/0.767/0.948 wmean=1.000 grad_preclip=35.92
[E23] batch=110/153 pseudo=5 loss=9.5336 seg=0.8962 semseg=0.7382 mard=2.0109 lambda=0.017718 box_extra=1 mask_extra=1 DURR=0.0562 (dir=0.2812,res=-0.0000,hall=-0.0000) route_px=514 rescue_px=0 hall_px=0 FG/HBG/EBG=40/320/1216 fallback=0 rel=0.796/0.727/0.933 wmean=1.000 grad_preclip=235.79
[E23] batch=120/153 pseudo=5 loss=12.4753 seg=0.5908 semseg=0.6579 mard=1.9591 lambda=0.024968 box_extra=1 mask_extra=1 DURR=0.0377 (dir=0.1885,res=-0.0000,hall=-0.0000) route_px=353 rescue_px=0 hall_px=0 FG/HBG/EBG=40/256/1280 fallback=0 rel=0.842/0.757/0.969 wmean=1.000 grad_preclip=128.29
[E23] batch=130/153 pseudo=2 loss=1.4931 seg=0.3014 semseg=0.0864 mard=2.0855 lambda=0.043910 box_extra=0 mask_extra=0 DURR=0.0467 (dir=0.2336,res=-0.0000,hall=-0.0000) route_px=209 rescue_px=0 hall_px=0 FG/HBG/EBG=16/128/640 fallback=0 rel=0.955/0.947/0.964 wmean=1.000 grad_preclip=25.14
[E23] batch=140/153 pseudo=4 loss=4.0999 seg=0.2220 semseg=0.1164 mard=1.9707 lambda=0.038071 box_extra=0 mask_extra=0 DURR=0.0413 (dir=0.2064,res=-0.0000,hall=-0.0000) route_px=259 rescue_px=0 hall_px=0 FG/HBG/EBG=32/256/1280 fallback=0 rel=0.923/0.900/0.939 wmean=1.000 grad_preclip=49.24
[E23] batch=150/153 pseudo=3 loss=6.0798 seg=0.6155 semseg=0.2810 mard=2.0746 lambda=0.033793 box_extra=1 mask_extra=0 DURR=0.9691 (dir=0.1341,res=-0.0000,hall=4.7112) route_px=317 rescue_px=0 hall_px=112 FG/HBG/EBG=24/192/960 fallback=0 rel=0.894/0.874/0.929 wmean=1.000 grad_preclip=59.09
[E23] batch=153/153 pseudo=3 loss=3.7843 seg=0.2765 semseg=0.1548 mard=2.0003 lambda=0.025770 box_extra=0 mask_extra=0 DURR=0.0165 (dir=0.0826,res=-0.0000,hall=-0.0000) route_px=196 rescue_px=0 hall_px=0 FG/HBG/EBG=24/192/960 fallback=0 rel=0.850/0.768/0.955 wmean=1.000 grad_preclip=40.29

[Epoch 23] DONE time=41.7s valid=153 skipped=0 pseudo=527 anchors=478 box_extra=72 mask_extra=49 reject_rel=23 DURR=0.0788 (dir=0.1656,res=0.0145,hall=0.1919) empty=101 rescue=9/9 hall_trigger=13 loss=5.9700 seg=0.5406 semseg=0.4096 mard=2.0225 lambda_avg=0.031950 FG/HBG/EBG=27.6/218.4/1064.2 rel=0.880/0.660/0.969 wmean=1.000
[E24] batch=001/153 pseudo=4 loss=5.6493 seg=0.4709 semseg=0.1992 mard=2.0649 lambda=0.035551 box_extra=0 mask_extra=0 DURR=0.0406 (dir=0.2029,res=-0.0000,hall=-0.0000) route_px=405 rescue_px=0 hall_px=0 FG/HBG/EBG=32/256/1280 fallback=0 rel=0.904/0.858/0.927 wmean=1.000 grad_preclip=29.69
[E24] batch=010/153 pseudo=4 loss=3.8895 seg=0.3186 semseg=0.1434 mard=2.0761 lambda=0.038212 box_extra=0 mask_extra=0 DURR=0.0383 (dir=0.1917,res=-0.0000,hall=-0.0000) route_px=219 rescue_px=0 hall_px=0 FG/HBG/EBG=32/256/1280 fallback=0 rel=0.919/0.902/0.948 wmean=1.000 grad_preclip=32.46
[E24] batch=020/153 pseudo=4 loss=5.8323 seg=0.5591 semseg=0.1708 mard=2.0412 lambda=0.027184 box_extra=0 mask_extra=0 DURR=0.0267 (dir=0.1335,res=-0.0000,hall=-0.0000) route_px=276 rescue_px=0 hall_px=0 FG/HBG/EBG=32/256/1280 fallback=0 rel=0.851/0.781/0.937 wmean=1.000 grad_preclip=96.14
[E24] batch=030/153 pseudo=4 loss=4.8243 seg=0.3056 semseg=0.2068 mard=1.9773 lambda=0.026220 box_extra=0 mask_extra=0 DURR=0.0404 (dir=0.2020,res=-0.0000,hall=-0.0000) route_px=145 rescue_px=0 hall_px=0 FG/HBG/EBG=32/256/1280 fallback=0 rel=0.848/0.736/0.950 wmean=1.000 grad_preclip=29.16
[E24] batch=040/153 pseudo=6 loss=9.5644 seg=0.5720 semseg=0.6993 mard=1.9591 lambda=0.019997 box_extra=1 mask_extra=1 DURR=0.0235 (dir=0.1173,res=-0.0000,hall=-0.0000) route_px=270 rescue_px=0 hall_px=0 FG/HBG/EBG=48/320/1216 fallback=0 rel=0.807/0.685/0.959 wmean=1.000 grad_preclip=46.39
[E24] batch=050/153 pseudo=5 loss=17.3330 seg=1.6071 semseg=1.1698 mard=2.0383 lambda=0.027263 box_extra=0 mask_extra=0 DURR=0.0155 (dir=0.0774,res=-0.0000,hall=-0.0000) route_px=437 rescue_px=0 hall_px=0 FG/HBG/EBG=40/256/1280 fallback=0 rel=0.850/0.755/0.952 wmean=1.000 grad_preclip=105.12
[E24] batch=060/153 pseudo=4 loss=7.3330 seg=0.4599 semseg=0.3599 mard=2.0578 lambda=0.033382 box_extra=0 mask_extra=0 DURR=0.0279 (dir=0.1396,res=-0.0000,hall=-0.0000) route_px=344 rescue_px=0 hall_px=0 FG/HBG/EBG=32/256/1280 fallback=0 rel=0.885/0.802/0.956 wmean=1.000 grad_preclip=107.22
[E24] batch=070/153 pseudo=1 loss=4.8592 seg=0.6566 semseg=2.5455 mard=2.1790 lambda=0.026197 box_extra=4 mask_extra=1 DURR=-0.0000 (dir=-0.0000,res=-0.0000,hall=-0.0000) route_px=0 rescue_px=0 hall_px=0 FG/HBG/EBG=8/64/320 fallback=0 rel=0.848/0.848/0.848 wmean=1.000 grad_preclip=130.58
[E24] batch=080/153 pseudo=5 loss=14.3514 seg=0.9821 semseg=1.7244 mard=2.0804 lambda=0.027919 box_extra=0 mask_extra=0 DURR=0.0336 (dir=0.1681,res=-0.0000,hall=-0.0000) route_px=447 rescue_px=0 hall_px=0 FG/HBG/EBG=40/256/1280 fallback=0 rel=0.852/0.744/0.936 wmean=1.000 grad_preclip=505.49
[E24] batch=090/153 pseudo=4 loss=5.4476 seg=0.5329 semseg=0.1938 mard=2.0024 lambda=0.036749 box_extra=0 mask_extra=0 DURR=0.0302 (dir=0.1509,res=-0.0000,hall=-0.0000) route_px=438 rescue_px=0 hall_px=0 FG/HBG/EBG=32/256/1280 fallback=0 rel=0.907/0.882/0.949 wmean=1.000 grad_preclip=39.32
[E24] batch=100/153 pseudo=3 loss=4.0599 seg=0.4005 semseg=0.2325 mard=1.9840 lambda=0.026115 box_extra=0 mask_extra=0 DURR=0.0146 (dir=0.0728,res=-0.0000,hall=-0.0000) route_px=332 rescue_px=0 hall_px=0 FG/HBG/EBG=24/192/960 fallback=0 rel=0.849/0.700/0.931 wmean=1.000 grad_preclip=36.44
[E24] batch=110/153 pseudo=4 loss=9.1230 seg=0.9882 semseg=0.2440 mard=1.9901 lambda=0.033591 box_extra=0 mask_extra=0 DURR=0.0277 (dir=0.1384,res=-0.0000,hall=-0.0000) route_px=261 rescue_px=0 hall_px=0 FG/HBG/EBG=32/256/1280 fallback=0 rel=0.885/0.816/0.949 wmean=1.000 grad_preclip=162.19
[E24] batch=120/153 pseudo=4 loss=6.8737 seg=0.4495 semseg=0.2047 mard=2.0183 lambda=0.024430 box_extra=2 mask_extra=2 DURR=0.0189 (dir=0.0944,res=-0.0000,hall=-0.0000) route_px=291 rescue_px=0 hall_px=0 FG/HBG/EBG=32/256/1280 fallback=0 rel=0.835/0.757/0.959 wmean=1.000 grad_preclip=41.16
[E24] batch=130/153 pseudo=4 loss=4.4622 seg=0.3998 semseg=0.1837 mard=2.0211 lambda=0.031334 box_extra=0 mask_extra=0 DURR=0.0264 (dir=0.1322,res=-0.0000,hall=-0.0000) route_px=347 rescue_px=0 hall_px=0 FG/HBG/EBG=32/256/1280 fallback=0 rel=0.876/0.703/0.945 wmean=1.000 grad_preclip=33.61
[E24] batch=140/153 pseudo=3 loss=8.4559 seg=0.4576 semseg=1.3918 mard=1.9827 lambda=0.026788 box_extra=2 mask_extra=2 DURR=0.0418 (dir=0.2088,res=-0.0000,hall=-0.0000) route_px=78 rescue_px=0 hall_px=0 FG/HBG/EBG=24/192/960 fallback=0 rel=0.849/0.761/0.952 wmean=1.000 grad_preclip=69.51
[E24] batch=150/153 pseudo=4 loss=4.7760 seg=0.2996 semseg=0.2073 mard=2.1005 lambda=0.025101 box_extra=1 mask_extra=1 DURR=0.0230 (dir=0.1150,res=-0.0000,hall=-0.0000) route_px=256 rescue_px=0 hall_px=0 FG/HBG/EBG=32/256/1280 fallback=0 rel=0.849/0.784/0.903 wmean=1.000 grad_preclip=45.35
[E24] batch=153/153 pseudo=4 loss=6.0744 seg=0.4651 semseg=0.3363 mard=1.9557 lambda=0.027054 box_extra=0 mask_extra=0 DURR=0.0309 (dir=0.1544,res=-0.0000,hall=-0.0000) route_px=241 rescue_px=0 hall_px=0 FG/HBG/EBG=32/256/1280 fallback=0 rel=0.852/0.711/0.949 wmean=1.000 grad_preclip=61.86

[Epoch 24] DONE time=42.0s valid=153 skipped=0 pseudo=541 anchors=488 box_extra=66 mask_extra=53 reject_rel=13 DURR=0.0920 (dir=0.1638,res=0.0101,hall=0.2709) empty=92 rescue=8/8 hall_trigger=14 loss=6.3174 seg=0.5324 semseg=0.4929 mard=2.0240 lambda_avg=0.031518 FG/HBG/EBG=28.3/222.5/1082.6 rel=0.878/0.661/0.968 wmean=1.000
[E25] batch=001/153 pseudo=2 loss=3.8598 seg=0.3692 semseg=0.1992 mard=2.0057 lambda=0.037949 box_extra=1 mask_extra=0 DURR=1.0629 (dir=0.2158,res=-0.0000,hall=5.0987) route_px=120 rescue_px=0 hall_px=483 FG/HBG/EBG=16/128/640 fallback=0 rel=0.914/0.905/0.923 wmean=1.000 grad_preclip=60.54
[E25] batch=010/153 pseudo=4 loss=4.7699 seg=0.3312 semseg=0.1398 mard=1.9807 lambda=0.027051 box_extra=1 mask_extra=1 DURR=0.0321 (dir=0.1605,res=-0.0000,hall=-0.0000) route_px=250 rescue_px=0 hall_px=0 FG/HBG/EBG=32/256/1280 fallback=0 rel=0.854/0.757/0.944 wmean=1.000 grad_preclip=73.71
[E25] batch=020/153 pseudo=2 loss=8.8378 seg=1.0759 semseg=1.6981 mard=2.0631 lambda=0.014472 box_extra=1 mask_extra=1 DURR=0.0210 (dir=0.1052,res=-0.0000,hall=-0.0000) route_px=218 rescue_px=0 hall_px=0 FG/HBG/EBG=16/128/640 fallback=0 rel=0.789/0.763/0.816 wmean=1.000 grad_preclip=164.87
[E25] batch=030/153 pseudo=4 loss=6.2295 seg=0.5019 semseg=0.2548 mard=2.0588 lambda=0.023603 box_extra=0 mask_extra=0 DURR=0.0206 (dir=0.1032,res=-0.0000,hall=-0.0000) route_px=472 rescue_px=0 hall_px=0 FG/HBG/EBG=32/256/1280 fallback=0 rel=0.835/0.756/0.937 wmean=1.000 grad_preclip=35.71
[E25] batch=040/153 pseudo=4 loss=7.1903 seg=0.4625 semseg=0.4398 mard=2.0336 lambda=0.034089 box_extra=1 mask_extra=1 DURR=0.0214 (dir=0.1071,res=-0.0000,hall=-0.0000) route_px=153 rescue_px=0 hall_px=0 FG/HBG/EBG=32/256/1280 fallback=0 rel=0.902/0.880/0.928 wmean=1.000 grad_preclip=95.55
[E25] batch=050/153 pseudo=5 loss=7.7707 seg=0.4381 semseg=0.1650 mard=2.0197 lambda=0.032933 box_extra=0 mask_extra=0 DURR=0.0392 (dir=0.1959,res=-0.0000,hall=-0.0000) route_px=487 rescue_px=0 hall_px=0 FG/HBG/EBG=40/256/1280 fallback=0 rel=0.887/0.816/0.943 wmean=1.000 grad_preclip=26.35
[E25] batch=060/153 pseudo=4 loss=11.8096 seg=0.5824 semseg=2.6397 mard=1.9856 lambda=0.035204 box_extra=1 mask_extra=0 DURR=0.0519 (dir=0.2597,res=-0.0000,hall=-0.0000) route_px=242 rescue_px=0 hall_px=0 FG/HBG/EBG=32/256/896 fallback=0 rel=0.899/0.801/0.951 wmean=1.000 grad_preclip=148.49
[E25] batch=070/153 pseudo=4 loss=15.4075 seg=0.8293 semseg=1.9078 mard=1.9914 lambda=0.027525 box_extra=0 mask_extra=0 DURR=0.0082 (dir=0.0411,res=-0.0000,hall=-0.0000) route_px=485 rescue_px=0 hall_px=0 FG/HBG/EBG=32/256/1280 fallback=0 rel=0.862/0.782/0.942 wmean=1.000 grad_preclip=151.09
[E25] batch=080/153 pseudo=3 loss=2.4490 seg=0.2267 semseg=0.1094 mard=2.0253 lambda=0.040814 box_extra=0 mask_extra=0 DURR=0.0409 (dir=0.2043,res=-0.0000,hall=-0.0000) route_px=279 rescue_px=0 hall_px=0 FG/HBG/EBG=24/192/960 fallback=0 rel=0.934/0.886/0.961 wmean=1.000 grad_preclip=23.22
[E25] batch=090/153 pseudo=4 loss=8.3132 seg=0.3599 semseg=0.5470 mard=1.9785 lambda=0.040933 box_extra=0 mask_extra=0 DURR=0.0419 (dir=0.2093,res=-0.0000,hall=-0.0000) route_px=293 rescue_px=0 hall_px=0 FG/HBG/EBG=32/256/1280 fallback=0 rel=0.934/0.892/0.959 wmean=1.000 grad_preclip=151.57
[E25] batch=100/153 pseudo=3 loss=27.3652 seg=0.9341 semseg=6.1333 mard=2.0556 lambda=0.026116 box_extra=0 mask_extra=0 DURR=0.0498 (dir=0.2490,res=-0.0000,hall=-0.0000) route_px=306 rescue_px=0 hall_px=0 FG/HBG/EBG=24/192/960 fallback=0 rel=0.854/0.739/0.940 wmean=1.000 grad_preclip=754.67
[E25] batch=110/153 pseudo=3 loss=3.4669 seg=0.2897 semseg=0.1285 mard=1.9590 lambda=0.041298 box_extra=0 mask_extra=0 DURR=0.6742 (dir=0.1564,res=-0.0000,hall=3.2148) route_px=221 rescue_px=0 hall_px=36 FG/HBG/EBG=24/192/960 fallback=0 rel=0.932/0.916/0.960 wmean=1.000 grad_preclip=34.18
[E25] batch=120/153 pseudo=4 loss=5.1318 seg=0.8383 semseg=0.2300 mard=1.9685 lambda=0.027070 box_extra=1 mask_extra=1 DURR=0.0313 (dir=0.1567,res=-0.0000,hall=-0.0000) route_px=221 rescue_px=0 hall_px=0 FG/HBG/EBG=32/256/896 fallback=0 rel=0.858/0.804/0.884 wmean=1.000 grad_preclip=34.47
[E25] batch=130/153 pseudo=4 loss=5.2434 seg=0.5245 semseg=0.2295 mard=2.0567 lambda=0.034137 box_extra=0 mask_extra=0 DURR=0.0394 (dir=0.1968,res=-0.0000,hall=-0.0000) route_px=439 rescue_px=0 hall_px=0 FG/HBG/EBG=32/256/1280 fallback=0 rel=0.897/0.871/0.938 wmean=1.000 grad_preclip=30.43
[E25] batch=140/153 pseudo=3 loss=8.8442 seg=0.2593 semseg=1.7888 mard=2.0582 lambda=0.019151 box_extra=1 mask_extra=1 DURR=0.0199 (dir=0.0993,res=-0.0000,hall=-0.0000) route_px=138 rescue_px=0 hall_px=0 FG/HBG/EBG=24/192/960 fallback=0 rel=0.818/0.777/0.893 wmean=1.000 grad_preclip=231.55
[E25] batch=150/153 pseudo=4 loss=3.3947 seg=0.2460 semseg=0.1640 mard=2.0035 lambda=0.039300 box_extra=0 mask_extra=0 DURR=0.0368 (dir=0.1841,res=-0.0000,hall=-0.0000) route_px=399 rescue_px=0 hall_px=0 FG/HBG/EBG=32/256/1280 fallback=0 rel=0.927/0.859/0.961 wmean=1.000 grad_preclip=26.15
[E25] batch=153/153 pseudo=3 loss=2.9665 seg=0.2778 semseg=0.2860 mard=2.0492 lambda=0.042270 box_extra=0 mask_extra=0 DURR=0.0304 (dir=0.1521,res=-0.0000,hall=-0.0000) route_px=294 rescue_px=0 hall_px=0 FG/HBG/EBG=24/192/960 fallback=0 rel=0.944/0.932/0.953 wmean=1.000 grad_preclip=77.12

[Epoch 25] DONE time=41.8s valid=153 skipped=0 pseudo=535 anchors=480 box_extra=76 mask_extra=55 reject_rel=21 DURR=0.0690 (dir=0.1640,res=0.0094,hall=0.1576) empty=95 rescue=6/6 hall_trigger=7 loss=6.2169 seg=0.5420 semseg=0.4484 mard=2.0168 lambda_avg=0.031838 FG/HBG/EBG=28.0/221.3/1076.3 rel=0.879/0.663/0.969 wmean=1.000
[E26] batch=001/153 pseudo=4 loss=6.7931 seg=0.3465 semseg=0.6063 mard=1.9949 lambda=0.021440 box_extra=0 mask_extra=0 DURR=0.0257 (dir=0.1284,res=-0.0000,hall=-0.0000) route_px=187 rescue_px=0 hall_px=0 FG/HBG/EBG=32/256/1280 fallback=0 rel=0.820/0.687/0.870 wmean=1.000 grad_preclip=60.49
[E26] batch=010/153 pseudo=3 loss=9.0075 seg=0.9915 semseg=0.5148 mard=2.0288 lambda=0.035858 box_extra=1 mask_extra=1 DURR=0.7061 (dir=0.1270,res=1.3614,hall=-0.0000) route_px=242 rescue_px=590 hall_px=0 FG/HBG/EBG=24/192/960 fallback=0 rel=0.908/0.884/0.949 wmean=1.000 grad_preclip=44.50
[E26] batch=020/153 pseudo=3 loss=7.5897 seg=0.7246 semseg=0.5147 mard=2.0560 lambda=0.035667 box_extra=0 mask_extra=0 DURR=0.0417 (dir=0.2087,res=-0.0000,hall=-0.0000) route_px=180 rescue_px=0 hall_px=0 FG/HBG/EBG=24/192/960 fallback=0 rel=0.904/0.869/0.940 wmean=1.000 grad_preclip=164.05
[E26] batch=030/153 pseudo=3 loss=4.5224 seg=0.3531 semseg=0.4199 mard=2.0373 lambda=0.039817 box_extra=0 mask_extra=0 DURR=0.0418 (dir=0.2090,res=-0.0000,hall=-0.0000) route_px=259 rescue_px=0 hall_px=0 FG/HBG/EBG=24/192/960 fallback=0 rel=0.925/0.906/0.936 wmean=1.000 grad_preclip=94.73
[E26] batch=040/153 pseudo=3 loss=6.0246 seg=0.8242 semseg=0.4824 mard=2.0394 lambda=0.022016 box_extra=0 mask_extra=0 DURR=0.0233 (dir=0.1165,res=-0.0000,hall=-0.0000) route_px=110 rescue_px=0 hall_px=0 FG/HBG/EBG=24/192/960 fallback=0 rel=0.816/0.779/0.884 wmean=1.000 grad_preclip=39.75
[E26] batch=050/153 pseudo=3 loss=5.7510 seg=0.5726 semseg=0.2718 mard=1.9969 lambda=0.030370 box_extra=3 mask_extra=2 DURR=0.0292 (dir=0.1460,res=-0.0000,hall=-0.0000) route_px=95 rescue_px=0 hall_px=0 FG/HBG/EBG=24/192/960 fallback=0 rel=0.870/0.807/0.949 wmean=1.000 grad_preclip=104.62
[E26] batch=060/153 pseudo=2 loss=1.6425 seg=0.2170 semseg=0.0749 mard=1.9967 lambda=0.033476 box_extra=2 mask_extra=1 DURR=0.0020 (dir=0.0101,res=-0.0000,hall=-0.0000) route_px=9 rescue_px=0 hall_px=0 FG/HBG/EBG=16/128/640 fallback=0 rel=0.901/0.869/0.932 wmean=1.000 grad_preclip=12.57
[E26] batch=070/153 pseudo=3 loss=4.0540 seg=0.2425 semseg=0.1234 mard=2.1314 lambda=0.032027 box_extra=0 mask_extra=0 DURR=0.4916 (dir=0.2011,res=-0.0000,hall=2.2567) route_px=194 rescue_px=0 hall_px=42 FG/HBG/EBG=24/192/960 fallback=0 rel=0.889/0.773/0.950 wmean=1.000 grad_preclip=36.07
[E26] batch=080/153 pseudo=3 loss=4.1709 seg=0.3321 semseg=0.1597 mard=1.9820 lambda=0.023463 box_extra=0 mask_extra=0 DURR=0.0343 (dir=0.1717,res=-0.0000,hall=-0.0000) route_px=277 rescue_px=0 hall_px=0 FG/HBG/EBG=24/192/960 fallback=0 rel=0.840/0.744/0.927 wmean=1.000 grad_preclip=40.80
[E26] batch=090/153 pseudo=4 loss=4.8031 seg=0.2866 semseg=0.1706 mard=2.0005 lambda=0.036344 box_extra=1 mask_extra=1 DURR=0.0364 (dir=0.1818,res=-0.0000,hall=-0.0000) route_px=254 rescue_px=0 hall_px=0 FG/HBG/EBG=32/256/1280 fallback=0 rel=0.910/0.873/0.956 wmean=1.000 grad_preclip=38.04
[E26] batch=100/153 pseudo=1 loss=0.7689 seg=0.2623 semseg=0.1137 mard=2.0628 lambda=0.041061 box_extra=0 mask_extra=0 DURR=0.0326 (dir=0.1629,res=-0.0000,hall=-0.0000) route_px=120 rescue_px=0 hall_px=0 FG/HBG/EBG=8/64/320 fallback=0 rel=0.937/0.937/0.937 wmean=1.000 grad_preclip=11.42
[E26] batch=110/153 pseudo=4 loss=4.6217 seg=0.4378 semseg=0.1674 mard=2.0210 lambda=0.038182 box_extra=0 mask_extra=0 DURR=0.0268 (dir=0.1341,res=-0.0000,hall=-0.0000) route_px=295 rescue_px=0 hall_px=0 FG/HBG/EBG=32/256/1280 fallback=0 rel=0.918/0.870/0.939 wmean=1.000 grad_preclip=40.54
[E26] batch=120/153 pseudo=4 loss=7.5869 seg=0.4694 semseg=0.2746 mard=2.0625 lambda=0.024887 box_extra=0 mask_extra=0 DURR=0.0277 (dir=0.1385,res=-0.0000,hall=-0.0000) route_px=366 rescue_px=0 hall_px=0 FG/HBG/EBG=32/256/1280 fallback=0 rel=0.843/0.708/0.952 wmean=1.000 grad_preclip=192.57
[E26] batch=130/153 pseudo=4 loss=4.2600 seg=0.3566 semseg=0.1366 mard=1.9953 lambda=0.033486 box_extra=1 mask_extra=1 DURR=0.0339 (dir=0.1697,res=-0.0000,hall=-0.0000) route_px=220 rescue_px=0 hall_px=0 FG/HBG/EBG=32/256/1280 fallback=0 rel=0.891/0.780/0.955 wmean=1.000 grad_preclip=32.70
[E26] batch=140/153 pseudo=4 loss=4.4258 seg=0.2977 semseg=0.1335 mard=1.9811 lambda=0.037274 box_extra=0 mask_extra=0 DURR=0.0441 (dir=0.2204,res=-0.0000,hall=-0.0000) route_px=349 rescue_px=0 hall_px=0 FG/HBG/EBG=32/256/1280 fallback=0 rel=0.911/0.883/0.928 wmean=1.000 grad_preclip=44.96
[E26] batch=150/153 pseudo=5 loss=7.4578 seg=0.4960 semseg=0.5897 mard=2.0110 lambda=0.032206 box_extra=1 mask_extra=1 DURR=0.0285 (dir=0.1424,res=-0.0000,hall=-0.0000) route_px=415 rescue_px=0 hall_px=0 FG/HBG/EBG=40/320/1216 fallback=0 rel=0.875/0.795/0.953 wmean=1.000 grad_preclip=72.39
[E26] batch=153/153 pseudo=4 loss=9.6870 seg=0.7952 semseg=0.3631 mard=2.0060 lambda=0.033041 box_extra=0 mask_extra=0 DURR=0.0459 (dir=0.2295,res=-0.0000,hall=-0.0000) route_px=281 rescue_px=0 hall_px=0 FG/HBG/EBG=32/256/1280 fallback=0 rel=0.886/0.826/0.946 wmean=1.000 grad_preclip=85.05

[Epoch 26] DONE time=42.0s valid=153 skipped=0 pseudo=539 anchors=481 box_extra=83 mask_extra=58 reject_rel=25 DURR=0.0754 (dir=0.1678,res=0.0191,hall=0.1615) empty=90 rescue=8/8 hall_trigger=10 loss=6.4584 seg=0.5478 semseg=0.5220 mard=2.0279 lambda_avg=0.031608 FG/HBG/EBG=28.2/223.4/1086.7 rel=0.879/0.660/0.969 wmean=1.000
[E27] batch=001/153 pseudo=4 loss=15.0259 seg=0.5691 semseg=2.1997 mard=1.9660 lambda=0.036288 box_extra=1 mask_extra=1 DURR=0.0436 (dir=0.2182,res=-0.0000,hall=-0.0000) route_px=380 rescue_px=0 hall_px=0 FG/HBG/EBG=32/256/1280 fallback=0 rel=0.916/0.863/0.952 wmean=1.000 grad_preclip=307.78
[E27] batch=010/153 pseudo=3 loss=4.6748 seg=0.5147 semseg=0.2260 mard=1.9644 lambda=0.025437 box_extra=0 mask_extra=0 DURR=0.0301 (dir=0.1507,res=-0.0000,hall=-0.0000) route_px=240 rescue_px=0 hall_px=0 FG/HBG/EBG=24/192/960 fallback=0 rel=0.836/0.688/0.938 wmean=1.000 grad_preclip=51.99
[E27] batch=020/153 pseudo=4 loss=5.9492 seg=0.8014 semseg=0.1962 mard=2.0547 lambda=0.023872 box_extra=0 mask_extra=0 DURR=0.0330 (dir=0.1648,res=-0.0000,hall=-0.0000) route_px=392 rescue_px=0 hall_px=0 FG/HBG/EBG=32/256/1280 fallback=0 rel=0.837/0.701/0.918 wmean=1.000 grad_preclip=89.68
[E27] batch=030/153 pseudo=2 loss=2.3947 seg=0.2828 semseg=0.1916 mard=2.0325 lambda=0.026062 box_extra=1 mask_extra=0 DURR=0.5991 (dir=0.0891,res=-0.0000,hall=2.9062) route_px=248 rescue_px=0 hall_px=504 FG/HBG/EBG=16/128/640 fallback=0 rel=0.854/0.757/0.950 wmean=1.000 grad_preclip=101.27
[E27] batch=040/153 pseudo=4 loss=3.0978 seg=0.3117 semseg=0.1106 mard=2.0605 lambda=0.043208 box_extra=0 mask_extra=0 DURR=0.0396 (dir=0.1980,res=-0.0000,hall=-0.0000) route_px=349 rescue_px=0 hall_px=0 FG/HBG/EBG=32/256/1280 fallback=0 rel=0.951/0.947/0.954 wmean=1.000 grad_preclip=31.60
[E27] batch=050/153 pseudo=3 loss=6.6976 seg=0.7960 semseg=0.3562 mard=2.0658 lambda=0.020425 box_extra=0 mask_extra=0 DURR=0.0354 (dir=0.1770,res=-0.0000,hall=-0.0000) route_px=196 rescue_px=0 hall_px=0 FG/HBG/EBG=24/192/960 fallback=0 rel=0.811/0.717/0.947 wmean=1.000 grad_preclip=68.58
[E27] batch=060/153 pseudo=3 loss=5.9948 seg=0.5230 semseg=0.3926 mard=2.0966 lambda=0.023877 box_extra=1 mask_extra=0 DURR=0.0123 (dir=0.0614,res=-0.0000,hall=-0.0000) route_px=317 rescue_px=0 hall_px=0 FG/HBG/EBG=24/192/960 fallback=0 rel=0.823/0.699/0.940 wmean=1.000 grad_preclip=24.20
[E27] batch=070/153 pseudo=2 loss=6.9080 seg=0.5654 semseg=1.7410 mard=2.1789 lambda=0.029737 box_extra=1 mask_extra=0 DURR=0.0181 (dir=0.0905,res=-0.0000,hall=-0.0000) route_px=355 rescue_px=0 hall_px=0 FG/HBG/EBG=16/128/640 fallback=0 rel=0.871/0.807/0.935 wmean=1.000 grad_preclip=561.87
[E27] batch=080/153 pseudo=3 loss=3.0244 seg=0.3255 semseg=0.1703 mard=1.9700 lambda=0.033292 box_extra=0 mask_extra=0 DURR=0.0324 (dir=0.1619,res=-0.0000,hall=-0.0000) route_px=399 rescue_px=0 hall_px=0 FG/HBG/EBG=24/192/960 fallback=0 rel=0.892/0.869/0.927 wmean=1.000 grad_preclip=20.28
[E27] batch=090/153 pseudo=3 loss=3.6372 seg=0.5338 semseg=0.1781 mard=2.0468 lambda=0.036869 box_extra=0 mask_extra=0 DURR=0.0356 (dir=0.1778,res=-0.0000,hall=-0.0000) route_px=219 rescue_px=0 hall_px=0 FG/HBG/EBG=24/192/960 fallback=0 rel=0.912/0.870/0.957 wmean=1.000 grad_preclip=55.82
[E27] batch=100/153 pseudo=3 loss=2.9812 seg=0.2898 semseg=0.1568 mard=2.0551 lambda=0.025643 box_extra=1 mask_extra=1 DURR=0.1303 (dir=0.0529,res=0.2394,hall=-0.0000) route_px=275 rescue_px=199 hall_px=0 FG/HBG/EBG=24/192/960 fallback=0 rel=0.853/0.826/0.883 wmean=1.000 grad_preclip=24.93
[E27] batch=110/153 pseudo=4 loss=3.0444 seg=0.2354 semseg=0.0739 mard=2.0297 lambda=0.040389 box_extra=0 mask_extra=0 DURR=0.0382 (dir=0.1908,res=-0.0000,hall=-0.0000) route_px=282 rescue_px=0 hall_px=0 FG/HBG/EBG=32/256/1280 fallback=0 rel=0.934/0.917/0.950 wmean=1.000 grad_preclip=19.88
[E27] batch=120/153 pseudo=4 loss=5.7283 seg=0.3904 semseg=0.3306 mard=2.0091 lambda=0.039771 box_extra=0 mask_extra=0 DURR=0.0415 (dir=0.2077,res=-0.0000,hall=-0.0000) route_px=306 rescue_px=0 hall_px=0 FG/HBG/EBG=32/256/1280 fallback=0 rel=0.929/0.901/0.957 wmean=1.000 grad_preclip=119.66
[E27] batch=130/153 pseudo=2 loss=1.5050 seg=0.2141 semseg=0.1135 mard=2.0400 lambda=0.042543 box_extra=0 mask_extra=0 DURR=0.0402 (dir=0.2012,res=-0.0000,hall=-0.0000) route_px=163 rescue_px=0 hall_px=0 FG/HBG/EBG=16/128/640 fallback=0 rel=0.944/0.938/0.950 wmean=1.000 grad_preclip=17.82
[E27] batch=140/153 pseudo=4 loss=3.1632 seg=0.2898 semseg=0.1464 mard=2.0737 lambda=0.037573 box_extra=0 mask_extra=0 DURR=0.0361 (dir=0.1805,res=-0.0000,hall=-0.0000) route_px=215 rescue_px=0 hall_px=0 FG/HBG/EBG=32/256/1280 fallback=0 rel=0.914/0.852/0.938 wmean=1.000 grad_preclip=31.37
[E27] batch=150/153 pseudo=3 loss=11.9069 seg=0.6677 semseg=2.1770 mard=2.0914 lambda=0.023061 box_extra=1 mask_extra=0 DURR=0.0497 (dir=0.2487,res=-0.0000,hall=-0.0000) route_px=390 rescue_px=0 hall_px=0 FG/HBG/EBG=24/192/960 fallback=0 rel=0.837/0.761/0.957 wmean=1.000 grad_preclip=209.06
[E27] batch=153/153 pseudo=4 loss=2.8121 seg=0.3559 semseg=0.1376 mard=1.8811 lambda=0.036784 box_extra=2 mask_extra=2 DURR=0.0575 (dir=0.2873,res=-0.0000,hall=-0.0000) route_px=156 rescue_px=0 hall_px=0 FG/HBG/EBG=32/256/512 fallback=0 rel=0.904/0.839/0.950 wmean=1.000 grad_preclip=21.25

[Epoch 27] DONE time=42.0s valid=153 skipped=0 pseudo=526 anchors=474 box_extra=76 mask_extra=52 reject_rel=24 DURR=0.0736 (dir=0.1708,res=0.0151,hall=0.1592) empty=105 rescue=8/8 hall_trigger=11 loss=5.5198 seg=0.5006 semseg=0.3591 mard=2.0276 lambda_avg=0.031937 FG/HBG/EBG=27.5/216.3/1056.2 rel=0.881/0.660/0.969 wmean=1.000
[E28] batch=001/153 pseudo=4 loss=3.5187 seg=0.2610 semseg=0.1238 mard=1.9644 lambda=0.036897 box_extra=0 mask_extra=0 DURR=0.0417 (dir=0.2085,res=-0.0000,hall=-0.0000) route_px=168 rescue_px=0 hall_px=0 FG/HBG/EBG=32/256/1280 fallback=0 rel=0.911/0.875/0.929 wmean=1.000 grad_preclip=23.78
[E28] batch=010/153 pseudo=3 loss=10.0627 seg=1.7941 semseg=0.7313 mard=2.0598 lambda=0.028041 box_extra=0 mask_extra=0 DURR=0.0166 (dir=0.0831,res=-0.0000,hall=-0.0000) route_px=449 rescue_px=0 hall_px=0 FG/HBG/EBG=24/192/960 fallback=0 rel=0.848/0.660/0.950 wmean=1.000 grad_preclip=168.10
[E28] batch=020/153 pseudo=3 loss=2.5780 seg=0.2505 semseg=0.1212 mard=1.9946 lambda=0.036225 box_extra=0 mask_extra=0 DURR=0.0364 (dir=0.1821,res=-0.0000,hall=-0.0000) route_px=178 rescue_px=0 hall_px=0 FG/HBG/EBG=24/192/960 fallback=0 rel=0.909/0.859/0.954 wmean=1.000 grad_preclip=24.26
[E28] batch=030/153 pseudo=4 loss=4.8689 seg=0.4271 semseg=0.1316 mard=2.0185 lambda=0.031305 box_extra=1 mask_extra=0 DURR=0.0320 (dir=0.1600,res=-0.0000,hall=-0.0000) route_px=250 rescue_px=0 hall_px=0 FG/HBG/EBG=32/192/960 fallback=0 rel=0.874/0.792/0.964 wmean=1.000 grad_preclip=46.52
[E28] batch=040/153 pseudo=2 loss=1.7082 seg=0.3214 semseg=0.0935 mard=1.9967 lambda=0.043968 box_extra=1 mask_extra=0 DURR=0.0445 (dir=0.2225,res=-0.0000,hall=-0.0000) route_px=209 rescue_px=0 hall_px=0 FG/HBG/EBG=16/128/640 fallback=0 rel=0.953/0.953/0.954 wmean=1.000 grad_preclip=18.11
[E28] batch=050/153 pseudo=2 loss=1.8036 seg=0.2491 semseg=0.1285 mard=2.1182 lambda=0.043998 box_extra=0 mask_extra=0 DURR=0.0360 (dir=0.1802,res=-0.0000,hall=-0.0000) route_px=154 rescue_px=0 hall_px=0 FG/HBG/EBG=16/128/640 fallback=0 rel=0.952/0.950/0.954 wmean=1.000 grad_preclip=17.03
[E28] batch=060/153 pseudo=5 loss=3.8034 seg=0.2896 semseg=0.1135 mard=1.9620 lambda=0.027504 box_extra=1 mask_extra=1 DURR=0.0325 (dir=0.1623,res=-0.0000,hall=-0.0000) route_px=284 rescue_px=0 hall_px=0 FG/HBG/EBG=40/320/1216 fallback=0 rel=0.856/0.701/0.956 wmean=1.000 grad_preclip=21.46
[E28] batch=070/153 pseudo=5 loss=4.5324 seg=0.3311 semseg=0.1506 mard=2.0163 lambda=0.032496 box_extra=2 mask_extra=2 DURR=0.0413 (dir=0.2066,res=-0.0000,hall=-0.0000) route_px=214 rescue_px=0 hall_px=0 FG/HBG/EBG=40/320/1216 fallback=0 rel=0.881/0.763/0.946 wmean=1.000 grad_preclip=20.69
[E28] batch=080/153 pseudo=4 loss=13.4134 seg=0.9495 semseg=0.9566 mard=2.0137 lambda=0.031066 box_extra=0 mask_extra=0 DURR=0.0260 (dir=0.1298,res=-0.0000,hall=-0.0000) route_px=333 rescue_px=0 hall_px=0 FG/HBG/EBG=32/256/1280 fallback=0 rel=0.869/0.790/0.947 wmean=1.000 grad_preclip=149.73
[E28] batch=090/153 pseudo=4 loss=5.9175 seg=0.6739 semseg=0.2524 mard=2.0620 lambda=0.037782 box_extra=0 mask_extra=0 DURR=0.0274 (dir=0.1370,res=-0.0000,hall=-0.0000) route_px=317 rescue_px=0 hall_px=0 FG/HBG/EBG=32/256/1280 fallback=0 rel=0.909/0.876/0.936 wmean=1.000 grad_preclip=43.91
[E28] batch=100/153 pseudo=3 loss=4.1447 seg=0.2828 semseg=0.1142 mard=2.0767 lambda=0.032193 box_extra=2 mask_extra=1 DURR=0.0344 (dir=0.1722,res=-0.0000,hall=-0.0000) route_px=156 rescue_px=0 hall_px=0 FG/HBG/EBG=24/192/960 fallback=0 rel=0.886/0.792/0.934 wmean=1.000 grad_preclip=45.19
[E28] batch=110/153 pseudo=3 loss=13.6210 seg=2.6281 semseg=0.4754 mard=2.0245 lambda=0.029380 box_extra=0 mask_extra=0 DURR=0.0314 (dir=0.1572,res=-0.0000,hall=-0.0000) route_px=177 rescue_px=0 hall_px=0 FG/HBG/EBG=24/192/960 fallback=0 rel=0.861/0.700/0.944 wmean=1.000 grad_preclip=96.63
[E28] batch=120/153 pseudo=2 loss=1.8910 seg=0.1448 semseg=0.0304 mard=1.9942 lambda=0.028173 box_extra=0 mask_extra=0 DURR=0.4272 (dir=0.1476,res=-0.0000,hall=1.9885) route_px=177 rescue_px=0 hall_px=9 FG/HBG/EBG=16/128/640 fallback=0 rel=0.868/0.770/0.967 wmean=1.000 grad_preclip=28.80
[E28] batch=130/153 pseudo=3 loss=3.9156 seg=0.4901 semseg=0.1680 mard=2.0327 lambda=0.033357 box_extra=0 mask_extra=0 DURR=0.0198 (dir=0.0990,res=-0.0000,hall=-0.0000) route_px=301 rescue_px=0 hall_px=0 FG/HBG/EBG=24/192/960 fallback=0 rel=0.869/0.796/0.931 wmean=1.000 grad_preclip=21.15
[E28] batch=140/153 pseudo=4 loss=3.6690 seg=0.2947 semseg=0.1689 mard=2.0314 lambda=0.042315 box_extra=0 mask_extra=0 DURR=0.0368 (dir=0.1838,res=-0.0000,hall=-0.0000) route_px=368 rescue_px=0 hall_px=0 FG/HBG/EBG=32/256/1280 fallback=0 rel=0.939/0.927/0.957 wmean=1.000 grad_preclip=31.05
[E28] batch=150/153 pseudo=2 loss=6.4753 seg=1.2374 semseg=0.3889 mard=2.0926 lambda=0.027626 box_extra=0 mask_extra=0 DURR=0.0495 (dir=0.2474,res=-0.0000,hall=-0.0000) route_px=233 rescue_px=0 hall_px=0 FG/HBG/EBG=16/128/640 fallback=0 rel=0.844/0.819/0.869 wmean=1.000 grad_preclip=55.58
[E28] batch=153/153 pseudo=3 loss=7.2817 seg=0.4963 semseg=0.5228 mard=2.0219 lambda=0.028123 box_extra=0 mask_extra=0 DURR=0.4676 (dir=0.0689,res=-0.0000,hall=2.2691) route_px=154 rescue_px=0 hall_px=82 FG/HBG/EBG=24/192/960 fallback=0 rel=0.844/0.698/0.941 wmean=1.000 grad_preclip=53.10

[Epoch 28] DONE time=41.9s valid=153 skipped=0 pseudo=529 anchors=481 box_extra=75 mask_extra=48 reject_rel=27 DURR=0.0649 (dir=0.1722,res=0.0130,hall=0.1198) empty=101 rescue=8/8 hall_trigger=9 loss=6.1084 seg=0.5288 semseg=0.4679 mard=2.0255 lambda_avg=0.031555 FG/HBG/EBG=27.7/218.4/1064.2 rel=0.878/0.660/0.969 wmean=1.000
[E29] batch=001/153 pseudo=4 loss=5.1258 seg=0.6450 semseg=0.2461 mard=1.9787 lambda=0.031032 box_extra=0 mask_extra=0 DURR=0.0233 (dir=0.1164,res=-0.0000,hall=-0.0000) route_px=434 rescue_px=0 hall_px=0 FG/HBG/EBG=32/192/960 fallback=0 rel=0.879/0.795/0.946 wmean=1.000 grad_preclip=50.30
[E29] batch=010/153 pseudo=2 loss=4.0098 seg=0.5206 semseg=0.7930 mard=2.1283 lambda=0.032021 box_extra=1 mask_extra=0 DURR=0.0150 (dir=0.0748,res=-0.0000,hall=-0.0000) route_px=137 rescue_px=0 hall_px=0 FG/HBG/EBG=16/128/640 fallback=0 rel=0.885/0.824/0.946 wmean=1.000 grad_preclip=96.87
[E29] batch=020/153 pseudo=3 loss=2.6945 seg=0.2209 semseg=0.0803 mard=2.0373 lambda=0.039437 box_extra=0 mask_extra=0 DURR=0.0371 (dir=0.1857,res=-0.0000,hall=-0.0000) route_px=324 rescue_px=0 hall_px=0 FG/HBG/EBG=24/192/960 fallback=0 rel=0.930/0.923/0.939 wmean=1.000 grad_preclip=32.52
[E29] batch=030/153 pseudo=4 loss=5.5180 seg=0.2610 semseg=0.2337 mard=2.0018 lambda=0.029960 box_extra=1 mask_extra=1 DURR=0.0359 (dir=0.1797,res=-0.0000,hall=-0.0000) route_px=233 rescue_px=0 hall_px=0 FG/HBG/EBG=32/256/1280 fallback=0 rel=0.873/0.755/0.920 wmean=1.000 grad_preclip=30.89
[E29] batch=040/153 pseudo=5 loss=7.3771 seg=0.6313 semseg=0.4543 mard=2.0835 lambda=0.031721 box_extra=1 mask_extra=1 DURR=0.0276 (dir=0.1381,res=-0.0000,hall=-0.0000) route_px=301 rescue_px=0 hall_px=0 FG/HBG/EBG=40/320/1216 fallback=0 rel=0.874/0.784/0.945 wmean=1.000 grad_preclip=65.50
[E29] batch=050/153 pseudo=4 loss=7.3453 seg=0.3387 semseg=0.6548 mard=2.0021 lambda=0.029802 box_extra=1 mask_extra=1 DURR=0.0431 (dir=0.2154,res=-0.0000,hall=-0.0000) route_px=249 rescue_px=0 hall_px=0 FG/HBG/EBG=32/256/1280 fallback=0 rel=0.866/0.763/0.929 wmean=1.000 grad_preclip=166.66
[E29] batch=060/153 pseudo=4 loss=3.8305 seg=0.2974 semseg=0.1151 mard=2.0354 lambda=0.032782 box_extra=0 mask_extra=0 DURR=0.0371 (dir=0.1855,res=-0.0000,hall=-0.0000) route_px=276 rescue_px=0 hall_px=0 FG/HBG/EBG=32/256/1280 fallback=0 rel=0.892/0.745/0.946 wmean=1.000 grad_preclip=48.41
[E29] batch=070/153 pseudo=4 loss=6.1029 seg=0.4651 semseg=0.3772 mard=2.0702 lambda=0.026505 box_extra=0 mask_extra=0 DURR=0.0267 (dir=0.1333,res=-0.0000,hall=-0.0000) route_px=121 rescue_px=0 hall_px=0 FG/HBG/EBG=32/256/1280 fallback=0 rel=0.847/0.743/0.958 wmean=1.000 grad_preclip=33.52
[E29] batch=080/153 pseudo=4 loss=6.7129 seg=0.4574 semseg=0.2788 mard=2.0701 lambda=0.027592 box_extra=1 mask_extra=1 DURR=0.0319 (dir=0.1597,res=-0.0000,hall=-0.0000) route_px=230 rescue_px=0 hall_px=0 FG/HBG/EBG=32/256/1280 fallback=0 rel=0.858/0.705/0.946 wmean=1.000 grad_preclip=47.61
[E29] batch=090/153 pseudo=3 loss=1.7130 seg=0.1563 semseg=0.0582 mard=2.0059 lambda=0.044748 box_extra=0 mask_extra=0 DURR=0.0419 (dir=0.2095,res=-0.0000,hall=-0.0000) route_px=270 rescue_px=0 hall_px=0 FG/HBG/EBG=24/192/960 fallback=0 rel=0.963/0.952/0.969 wmean=1.000 grad_preclip=27.35
[E29] batch=100/153 pseudo=4 loss=3.2027 seg=0.2251 semseg=0.1115 mard=2.0094 lambda=0.035127 box_extra=0 mask_extra=0 DURR=0.0389 (dir=0.1945,res=-0.0000,hall=-0.0000) route_px=308 rescue_px=0 hall_px=0 FG/HBG/EBG=32/256/1280 fallback=0 rel=0.905/0.849/0.949 wmean=1.000 grad_preclip=76.35
[E29] batch=110/153 pseudo=3 loss=4.4298 seg=0.3571 semseg=0.1641 mard=2.0622 lambda=0.031685 box_extra=1 mask_extra=0 DURR=0.3025 (dir=0.1345,res=-0.0000,hall=1.3783) route_px=230 rescue_px=0 hall_px=10 FG/HBG/EBG=24/192/960 fallback=0 rel=0.879/0.793/0.940 wmean=1.000 grad_preclip=85.65
[E29] batch=120/153 pseudo=3 loss=9.1913 seg=0.9541 semseg=1.2251 mard=2.1056 lambda=0.014242 box_extra=0 mask_extra=0 DURR=0.0389 (dir=0.1945,res=-0.0000,hall=-0.0000) route_px=167 rescue_px=0 hall_px=0 FG/HBG/EBG=24/192/960 fallback=0 rel=0.764/0.693/0.885 wmean=1.000 grad_preclip=997.84
[E29] batch=130/153 pseudo=4 loss=5.1853 seg=0.3364 semseg=0.1717 mard=2.0081 lambda=0.030437 box_extra=0 mask_extra=0 DURR=0.0347 (dir=0.1735,res=-0.0000,hall=-0.0000) route_px=299 rescue_px=0 hall_px=0 FG/HBG/EBG=32/256/1280 fallback=0 rel=0.870/0.707/0.943 wmean=1.000 grad_preclip=63.59
[E29] batch=140/153 pseudo=3 loss=4.2276 seg=0.3849 semseg=0.2238 mard=2.1433 lambda=0.026562 box_extra=0 mask_extra=0 DURR=0.0159 (dir=0.0797,res=-0.0000,hall=-0.0000) route_px=180 rescue_px=0 hall_px=0 FG/HBG/EBG=24/192/960 fallback=0 rel=0.852/0.770/0.943 wmean=1.000 grad_preclip=48.13
[E29] batch=150/153 pseudo=5 loss=7.7033 seg=0.7839 semseg=0.3356 mard=2.0137 lambda=0.025645 box_extra=1 mask_extra=0 DURR=0.0383 (dir=0.1917,res=-0.0000,hall=-0.0000) route_px=361 rescue_px=0 hall_px=0 FG/HBG/EBG=40/256/1280 fallback=0 rel=0.838/0.706/0.940 wmean=1.000 grad_preclip=172.08
[E29] batch=153/153 pseudo=3 loss=2.1952 seg=0.2054 semseg=0.0780 mard=2.0018 lambda=0.031213 box_extra=0 mask_extra=0 DURR=0.0186 (dir=0.0928,res=-0.0000,hall=-0.0000) route_px=301 rescue_px=0 hall_px=0 FG/HBG/EBG=24/192/960 fallback=0 rel=0.883/0.821/0.936 wmean=1.000 grad_preclip=19.63

[Epoch 29] DONE time=41.9s valid=153 skipped=0 pseudo=539 anchors=489 box_extra=74 mask_extra=50 reject_rel=24 DURR=0.0681 (dir=0.1721,res=0.0099,hall=0.1434) empty=95 rescue=6/6 hall_trigger=8 loss=5.9749 seg=0.5008 semseg=0.4640 mard=2.0292 lambda_avg=0.031495 FG/HBG/EBG=28.2/221.7/1075.9 rel=0.877/0.680/0.969 wmean=1.000
[E30] batch=001/153 pseudo=4 loss=3.0781 seg=0.3961 semseg=0.1581 mard=1.9898 lambda=0.038915 box_extra=1 mask_extra=1 DURR=0.0229 (dir=0.1143,res=-0.0000,hall=-0.0000) route_px=223 rescue_px=0 hall_px=0 FG/HBG/EBG=32/256/896 fallback=0 rel=0.917/0.848/0.952 wmean=1.000 grad_preclip=21.85
[E30] batch=010/153 pseudo=5 loss=7.5557 seg=0.5318 semseg=0.3472 mard=1.9849 lambda=0.030422 box_extra=1 mask_extra=1 DURR=0.0311 (dir=0.1553,res=-0.0000,hall=-0.0000) route_px=372 rescue_px=0 hall_px=0 FG/HBG/EBG=40/320/1216 fallback=0 rel=0.867/0.820/0.937 wmean=1.000 grad_preclip=83.97
[E30] batch=020/153 pseudo=4 loss=6.7557 seg=0.5645 semseg=0.2497 mard=2.0739 lambda=0.033481 box_extra=0 mask_extra=0 DURR=0.0240 (dir=0.1201,res=-0.0000,hall=-0.0000) route_px=286 rescue_px=0 hall_px=0 FG/HBG/EBG=32/256/1280 fallback=0 rel=0.881/0.698/0.952 wmean=1.000 grad_preclip=29.95
[E30] batch=030/153 pseudo=4 loss=6.7769 seg=0.2728 semseg=0.5927 mard=1.9638 lambda=0.035680 box_extra=1 mask_extra=1 DURR=0.0409 (dir=0.2043,res=-0.0000,hall=-0.0000) route_px=196 rescue_px=0 hall_px=0 FG/HBG/EBG=32/256/1280 fallback=0 rel=0.904/0.802/0.954 wmean=1.000 grad_preclip=46.23
[E30] batch=040/153 pseudo=4 loss=8.4767 seg=0.6741 semseg=0.5787 mard=1.9937 lambda=0.023769 box_extra=0 mask_extra=0 DURR=0.0130 (dir=0.0649,res=-0.0000,hall=-0.0000) route_px=359 rescue_px=0 hall_px=0 FG/HBG/EBG=32/256/1280 fallback=0 rel=0.833/0.731/0.935 wmean=1.000 grad_preclip=52.02
[E30] batch=050/153 pseudo=2 loss=1.0774 seg=0.1487 semseg=0.0713 mard=1.9806 lambda=0.043579 box_extra=0 mask_extra=0 DURR=0.0389 (dir=0.1945,res=-0.0000,hall=-0.0000) route_px=153 rescue_px=0 hall_px=0 FG/HBG/EBG=16/128/640 fallback=0 rel=0.954/0.952/0.956 wmean=1.000 grad_preclip=15.74
[E30] batch=060/153 pseudo=4 loss=30.4051 seg=3.6607 semseg=2.5006 mard=2.0137 lambda=0.014608 box_extra=0 mask_extra=0 DURR=0.0581 (dir=0.2903,res=-0.0000,hall=-0.0000) route_px=485 rescue_px=0 hall_px=0 FG/HBG/EBG=32/256/1280 fallback=0 rel=0.770/0.673/0.922 wmean=1.000 grad_preclip=214.31
[E30] batch=070/153 pseudo=3 loss=5.9864 seg=0.3434 semseg=0.6620 mard=2.0324 lambda=0.032111 box_extra=1 mask_extra=1 DURR=0.0327 (dir=0.1634,res=-0.0000,hall=-0.0000) route_px=136 rescue_px=0 hall_px=0 FG/HBG/EBG=24/192/960 fallback=0 rel=0.879/0.817/0.938 wmean=1.000 grad_preclip=31.94
[E30] batch=080/153 pseudo=4 loss=10.4208 seg=0.4522 semseg=1.4421 mard=1.9585 lambda=0.029144 box_extra=1 mask_extra=1 DURR=0.1164 (dir=0.1799,res=0.1608,hall=-0.0000) route_px=176 rescue_px=539 hall_px=0 FG/HBG/EBG=32/256/1280 fallback=0 rel=0.874/0.819/0.905 wmean=1.000 grad_preclip=237.20
[E30] batch=090/153 pseudo=3 loss=2.5970 seg=0.2996 semseg=0.1222 mard=2.0808 lambda=0.039112 box_extra=0 mask_extra=0 DURR=0.0424 (dir=0.2121,res=-0.0000,hall=-0.0000) route_px=229 rescue_px=0 hall_px=0 FG/HBG/EBG=24/192/960 fallback=0 rel=0.925/0.904/0.942 wmean=1.000 grad_preclip=20.03
[E30] batch=100/153 pseudo=2 loss=1.8991 seg=0.2714 semseg=0.0865 mard=1.9917 lambda=0.039185 box_extra=0 mask_extra=0 DURR=0.3314 (dir=0.2490,res=-0.0000,hall=1.4081) route_px=138 rescue_px=0 hall_px=2 FG/HBG/EBG=16/128/640 fallback=0 rel=0.922/0.889/0.955 wmean=1.000 grad_preclip=38.96
[E30] batch=110/153 pseudo=1 loss=1.1395 seg=0.2887 semseg=0.1009 mard=2.1676 lambda=0.044695 box_extra=2 mask_extra=0 DURR=0.0416 (dir=0.2079,res=-0.0000,hall=-0.0000) route_px=105 rescue_px=0 hall_px=0 FG/HBG/EBG=8/64/320 fallback=0 rel=0.949/0.949/0.949 wmean=1.000 grad_preclip=10.78
[E30] batch=120/153 pseudo=4 loss=5.5343 seg=0.3627 semseg=0.2611 mard=2.0702 lambda=0.035931 box_extra=1 mask_extra=1 DURR=0.0460 (dir=0.2300,res=-0.0000,hall=-0.0000) route_px=221 rescue_px=0 hall_px=0 FG/HBG/EBG=32/256/1280 fallback=0 rel=0.901/0.763/0.961 wmean=1.000 grad_preclip=42.14
[E30] batch=130/153 pseudo=1 loss=0.8265 seg=0.1738 semseg=0.0949 mard=2.0555 lambda=0.040055 box_extra=2 mask_extra=0 DURR=0.0400 (dir=0.2000,res=-0.0000,hall=-0.0000) route_px=60 rescue_px=0 hall_px=0 FG/HBG/EBG=8/64/320 fallback=0 rel=0.928/0.928/0.928 wmean=1.000 grad_preclip=10.33
[E30] batch=140/153 pseudo=3 loss=3.0758 seg=0.3832 semseg=0.2065 mard=2.0956 lambda=0.036199 box_extra=1 mask_extra=0 DURR=0.0305 (dir=0.1525,res=-0.0000,hall=-0.0000) route_px=272 rescue_px=0 hall_px=0 FG/HBG/EBG=24/192/960 fallback=0 rel=0.912/0.859/0.947 wmean=1.000 grad_preclip=30.49
[E30] batch=150/153 pseudo=3 loss=3.3146 seg=0.3661 semseg=0.2570 mard=1.9875 lambda=0.036463 box_extra=1 mask_extra=0 DURR=0.0131 (dir=0.0654,res=-0.0000,hall=-0.0000) route_px=235 rescue_px=0 hall_px=0 FG/HBG/EBG=24/192/960 fallback=0 rel=0.912/0.827/0.959 wmean=1.000 grad_preclip=28.43
[E30] batch=153/153 pseudo=4 loss=21.6701 seg=1.0325 semseg=3.1329 mard=1.9820 lambda=0.019256 box_extra=1 mask_extra=1 DURR=0.0205 (dir=0.1027,res=-0.0000,hall=-0.0000) route_px=283 rescue_px=0 hall_px=0 FG/HBG/EBG=32/256/1280 fallback=0 rel=0.806/0.724/0.928 wmean=1.000 grad_preclip=102.84

[Epoch 30] DONE time=41.8s valid=153 skipped=0 pseudo=530 anchors=467 box_extra=89 mask_extra=63 reject_rel=26 DURR=0.0481 (dir=0.1644,res=0.0128,hall=0.0441) empty=97 rescue=7/7 hall_trigger=4 loss=6.0856 seg=0.5287 semseg=0.4512 mard=2.0280 lambda_avg=0.031680 FG/HBG/EBG=27.7/219.6/1072.9 rel=0.879/0.660/0.969 wmean=1.000
[SAVE] /home/dang/MedRT-SFOD/runs/seg/dense_sfseg/cvc_durr_v1_segmard_v2_60ep/checkpoints/dense_sfseg_epoch_30.pt
[E31] batch=001/153 pseudo=5 loss=5.6432 seg=0.3882 semseg=0.1419 mard=2.0291 lambda=0.030489 box_extra=0 mask_extra=0 DURR=0.0243 (dir=0.1216,res=-0.0000,hall=-0.0000) route_px=388 rescue_px=0 hall_px=0 FG/HBG/EBG=40/256/1280 fallback=0 rel=0.875/0.783/0.933 wmean=1.000 grad_preclip=41.17
[E31] batch=010/153 pseudo=4 loss=3.7808 seg=0.2489 semseg=0.1045 mard=1.9894 lambda=0.035787 box_extra=1 mask_extra=0 DURR=0.0300 (dir=0.1502,res=-0.0000,hall=-0.0000) route_px=277 rescue_px=0 hall_px=0 FG/HBG/EBG=32/256/1280 fallback=0 rel=0.907/0.821/0.949 wmean=1.000 grad_preclip=22.42
[E31] batch=020/153 pseudo=4 loss=3.5027 seg=0.2613 semseg=0.1754 mard=2.0793 lambda=0.033646 box_extra=0 mask_extra=0 DURR=0.0341 (dir=0.1703,res=-0.0000,hall=-0.0000) route_px=300 rescue_px=0 hall_px=0 FG/HBG/EBG=32/256/1280 fallback=0 rel=0.897/0.815/0.959 wmean=1.000 grad_preclip=34.39
[E31] batch=030/153 pseudo=4 loss=6.7233 seg=0.8335 semseg=0.2057 mard=2.0470 lambda=0.034515 box_extra=1 mask_extra=1 DURR=0.0476 (dir=0.2380,res=-0.0000,hall=-0.0000) route_px=240 rescue_px=0 hall_px=0 FG/HBG/EBG=32/256/1280 fallback=0 rel=0.889/0.793/0.954 wmean=1.000 grad_preclip=41.39
[E31] batch=040/153 pseudo=4 loss=3.8029 seg=0.3222 semseg=0.1271 mard=2.0589 lambda=0.039689 box_extra=1 mask_extra=1 DURR=0.0391 (dir=0.1954,res=-0.0000,hall=-0.0000) route_px=251 rescue_px=0 hall_px=0 FG/HBG/EBG=32/256/1280 fallback=0 rel=0.924/0.847/0.963 wmean=1.000 grad_preclip=27.46
[E31] batch=050/153 pseudo=3 loss=2.4571 seg=0.2412 semseg=0.1040 mard=1.9747 lambda=0.041024 box_extra=0 mask_extra=0 DURR=0.5769 (dir=0.1759,res=-0.0000,hall=2.7084) route_px=241 rescue_px=0 hall_px=75 FG/HBG/EBG=24/192/960 fallback=0 rel=0.939/0.912/0.953 wmean=1.000 grad_preclip=19.99
[E31] batch=060/153 pseudo=4 loss=11.0784 seg=1.0752 semseg=0.4655 mard=1.9966 lambda=0.027298 box_extra=0 mask_extra=0 DURR=0.0412 (dir=0.2062,res=-0.0000,hall=-0.0000) route_px=446 rescue_px=0 hall_px=0 FG/HBG/EBG=32/256/1280 fallback=0 rel=0.853/0.761/0.931 wmean=1.000 grad_preclip=239.92
[E31] batch=070/153 pseudo=3 loss=3.7054 seg=0.4631 semseg=0.1702 mard=2.0143 lambda=0.035446 box_extra=0 mask_extra=0 DURR=0.0350 (dir=0.1748,res=-0.0000,hall=-0.0000) route_px=159 rescue_px=0 hall_px=0 FG/HBG/EBG=24/192/960 fallback=0 rel=0.899/0.829/0.957 wmean=1.000 grad_preclip=22.02
[E31] batch=080/153 pseudo=3 loss=4.4441 seg=0.3571 semseg=0.3986 mard=1.9426 lambda=0.034989 box_extra=2 mask_extra=1 DURR=0.0355 (dir=0.1774,res=-0.0000,hall=-0.0000) route_px=143 rescue_px=0 hall_px=0 FG/HBG/EBG=24/192/960 fallback=0 rel=0.907/0.828/0.953 wmean=1.000 grad_preclip=36.49
[E31] batch=090/153 pseudo=4 loss=3.1088 seg=0.2752 semseg=0.0922 mard=1.9959 lambda=0.040265 box_extra=0 mask_extra=0 DURR=0.0378 (dir=0.1891,res=-0.0000,hall=-0.0000) route_px=316 rescue_px=0 hall_px=0 FG/HBG/EBG=32/256/1280 fallback=0 rel=0.929/0.921/0.942 wmean=1.000 grad_preclip=25.16
[E31] batch=100/153 pseudo=1 loss=1.6580 seg=0.2390 semseg=0.1364 mard=1.9382 lambda=0.033052 box_extra=0 mask_extra=0 DURR=0.5487 (dir=0.0972,res=-0.0000,hall=2.6462) route_px=33 rescue_px=0 hall_px=695 FG/HBG/EBG=8/64/320 fallback=0 rel=0.897/0.897/0.897 wmean=1.000 grad_preclip=26.64
[E31] batch=110/153 pseudo=4 loss=2.9748 seg=0.2823 semseg=0.1140 mard=1.9980 lambda=0.039319 box_extra=0 mask_extra=0 DURR=0.0311 (dir=0.1557,res=-0.0000,hall=-0.0000) route_px=243 rescue_px=0 hall_px=0 FG/HBG/EBG=32/256/1280 fallback=0 rel=0.924/0.890/0.951 wmean=1.000 grad_preclip=33.91
[E31] batch=120/153 pseudo=4 loss=6.7704 seg=0.5142 semseg=0.2527 mard=1.9825 lambda=0.020256 box_extra=2 mask_extra=2 DURR=0.0410 (dir=0.2048,res=-0.0000,hall=-0.0000) route_px=74 rescue_px=0 hall_px=0 FG/HBG/EBG=32/256/1280 fallback=0 rel=0.813/0.726/0.939 wmean=1.000 grad_preclip=49.60
[E31] batch=130/153 pseudo=3 loss=3.4998 seg=0.4882 semseg=0.1840 mard=1.9748 lambda=0.042280 box_extra=0 mask_extra=0 DURR=0.0353 (dir=0.1766,res=-0.0000,hall=-0.0000) route_px=323 rescue_px=0 hall_px=0 FG/HBG/EBG=24/192/960 fallback=0 rel=0.948/0.929/0.969 wmean=1.000 grad_preclip=52.94
[E31] batch=140/153 pseudo=4 loss=5.7073 seg=0.4323 semseg=0.2615 mard=1.9742 lambda=0.027425 box_extra=0 mask_extra=0 DURR=0.0272 (dir=0.1359,res=-0.0000,hall=-0.0000) route_px=328 rescue_px=0 hall_px=0 FG/HBG/EBG=32/256/1280 fallback=0 rel=0.855/0.690/0.941 wmean=1.000 grad_preclip=79.64
[E31] batch=150/153 pseudo=2 loss=1.4948 seg=0.2497 semseg=0.0790 mard=2.0868 lambda=0.043039 box_extra=1 mask_extra=0 DURR=0.0479 (dir=0.2393,res=-0.0000,hall=-0.0000) route_px=186 rescue_px=0 hall_px=0 FG/HBG/EBG=16/128/640 fallback=0 rel=0.949/0.947/0.950 wmean=1.000 grad_preclip=15.00
[E31] batch=153/153 pseudo=3 loss=4.4239 seg=0.4066 semseg=0.3174 mard=1.9724 lambda=0.033604 box_extra=0 mask_extra=0 DURR=0.0225 (dir=0.1126,res=-0.0000,hall=-0.0000) route_px=412 rescue_px=0 hall_px=0 FG/HBG/EBG=24/192/960 fallback=0 rel=0.879/0.859/0.910 wmean=1.000 grad_preclip=40.17

[Epoch 31] DONE time=41.9s valid=153 skipped=0 pseudo=534 anchors=475 box_extra=81 mask_extra=59 reject_rel=22 DURR=0.0734 (dir=0.1678,res=0.0123,hall=0.1687) empty=97 rescue=8/8 hall_trigger=11 loss=6.1745 seg=0.5144 semseg=0.4790 mard=2.0206 lambda_avg=0.031730 FG/HBG/EBG=27.9/220.0/1072.5 rel=0.881/0.674/0.969 wmean=1.000
[E32] batch=001/153 pseudo=4 loss=3.7459 seg=0.3719 semseg=0.1077 mard=2.0035 lambda=0.034568 box_extra=2 mask_extra=2 DURR=0.1340 (dir=0.2013,res=0.1875,hall=-0.0000) route_px=221 rescue_px=643 hall_px=0 FG/HBG/EBG=32/256/1280 fallback=0 rel=0.896/0.823/0.947 wmean=1.000 grad_preclip=19.35
[E32] batch=010/153 pseudo=5 loss=3.9284 seg=0.3427 semseg=0.1479 mard=1.9761 lambda=0.034327 box_extra=0 mask_extra=0 DURR=0.0289 (dir=0.1446,res=-0.0000,hall=-0.0000) route_px=296 rescue_px=0 hall_px=0 FG/HBG/EBG=40/256/1280 fallback=0 rel=0.896/0.793/0.964 wmean=1.000 grad_preclip=25.43
[E32] batch=020/153 pseudo=4 loss=5.1901 seg=0.3623 semseg=0.5253 mard=2.0219 lambda=0.026251 box_extra=1 mask_extra=1 DURR=0.0411 (dir=0.2053,res=-0.0000,hall=-0.0000) route_px=244 rescue_px=0 hall_px=0 FG/HBG/EBG=32/256/896 fallback=0 rel=0.846/0.714/0.945 wmean=1.000 grad_preclip=93.30
[E32] batch=030/153 pseudo=4 loss=3.3486 seg=0.2959 semseg=0.1712 mard=2.0882 lambda=0.035997 box_extra=2 mask_extra=2 DURR=0.0414 (dir=0.2068,res=-0.0000,hall=-0.0000) route_px=183 rescue_px=0 hall_px=0 FG/HBG/EBG=32/256/896 fallback=0 rel=0.906/0.838/0.955 wmean=1.000 grad_preclip=37.93
[E32] batch=040/153 pseudo=1 loss=4.9816 seg=0.7580 semseg=2.2036 mard=2.0723 lambda=0.001708 box_extra=0 mask_extra=0 DURR=0.0035 (dir=0.0174,res=-0.0000,hall=-0.0000) route_px=21 rescue_px=0 hall_px=0 FG/HBG/EBG=8/64/320 fallback=0 rel=0.697/0.697/0.697 wmean=1.000 grad_preclip=408.24
[E32] batch=050/153 pseudo=4 loss=9.8086 seg=0.6256 semseg=1.1817 mard=2.0909 lambda=0.036250 box_extra=0 mask_extra=0 DURR=0.0298 (dir=0.1491,res=-0.0000,hall=-0.0000) route_px=455 rescue_px=0 hall_px=0 FG/HBG/EBG=32/256/1280 fallback=0 rel=0.898/0.720/0.960 wmean=1.000 grad_preclip=61.75
[E32] batch=060/153 pseudo=3 loss=9.4114 seg=1.9455 semseg=0.4096 mard=2.1130 lambda=0.013873 box_extra=2 mask_extra=1 DURR=0.5223 (dir=0.0411,res=-0.0000,hall=2.5704) route_px=152 rescue_px=0 hall_px=82 FG/HBG/EBG=24/128/640 fallback=0 rel=0.750/0.677/0.830 wmean=1.000 grad_preclip=145.11
[E32] batch=070/153 pseudo=5 loss=7.7503 seg=0.4813 semseg=0.8163 mard=2.0271 lambda=0.030317 box_extra=0 mask_extra=0 DURR=0.0325 (dir=0.1623,res=-0.0000,hall=-0.0000) route_px=339 rescue_px=0 hall_px=0 FG/HBG/EBG=40/320/1216 fallback=0 rel=0.871/0.740/0.956 wmean=1.000 grad_preclip=40.56
[E32] batch=080/153 pseudo=3 loss=5.7022 seg=0.6295 semseg=0.2429 mard=1.9614 lambda=0.033121 box_extra=1 mask_extra=1 DURR=0.1727 (dir=0.3380,res=0.2102,hall=-0.0000) route_px=118 rescue_px=165 hall_px=0 FG/HBG/EBG=24/192/960 fallback=0 rel=0.888/0.851/0.940 wmean=1.000 grad_preclip=78.79
[E32] batch=090/153 pseudo=1 loss=2.1630 seg=0.5641 semseg=0.2012 mard=2.2029 lambda=0.040707 box_extra=0 mask_extra=0 DURR=0.5007 (dir=0.2248,res=-0.0000,hall=2.2786) route_px=87 rescue_px=0 hall_px=702 FG/HBG/EBG=8/64/320 fallback=0 rel=0.936/0.936/0.936 wmean=1.000 grad_preclip=28.98
[E32] batch=100/153 pseudo=4 loss=4.7539 seg=0.3022 semseg=0.2968 mard=2.0703 lambda=0.030198 box_extra=1 mask_extra=1 DURR=0.0214 (dir=0.1070,res=-0.0000,hall=-0.0000) route_px=294 rescue_px=0 hall_px=0 FG/HBG/EBG=32/256/1280 fallback=0 rel=0.876/0.781/0.936 wmean=1.000 grad_preclip=27.93
[E32] batch=110/153 pseudo=4 loss=10.6501 seg=0.8765 semseg=0.8696 mard=1.9467 lambda=0.028286 box_extra=1 mask_extra=1 DURR=0.0142 (dir=0.0709,res=-0.0000,hall=-0.0000) route_px=294 rescue_px=0 hall_px=0 FG/HBG/EBG=32/256/1280 fallback=0 rel=0.859/0.708/0.963 wmean=1.000 grad_preclip=82.67
[E32] batch=120/153 pseudo=3 loss=3.1531 seg=0.2577 semseg=0.1344 mard=1.9978 lambda=0.038011 box_extra=1 mask_extra=1 DURR=0.1967 (dir=0.1998,res=0.3134,hall=-0.0000) route_px=144 rescue_px=166 hall_px=0 FG/HBG/EBG=24/192/960 fallback=0 rel=0.919/0.879/0.942 wmean=1.000 grad_preclip=28.95
[E32] batch=130/153 pseudo=3 loss=4.6080 seg=0.5287 semseg=0.2235 mard=2.0206 lambda=0.029397 box_extra=0 mask_extra=0 DURR=0.0250 (dir=0.1252,res=-0.0000,hall=-0.0000) route_px=127 rescue_px=0 hall_px=0 FG/HBG/EBG=24/192/960 fallback=0 rel=0.865/0.732/0.934 wmean=1.000 grad_preclip=39.04
[E32] batch=140/153 pseudo=4 loss=4.1159 seg=0.3453 semseg=0.1488 mard=1.9928 lambda=0.030866 box_extra=0 mask_extra=0 DURR=0.0272 (dir=0.1361,res=-0.0000,hall=-0.0000) route_px=462 rescue_px=0 hall_px=0 FG/HBG/EBG=32/256/1280 fallback=0 rel=0.875/0.711/0.946 wmean=1.000 grad_preclip=29.51
[E32] batch=150/153 pseudo=3 loss=3.8006 seg=0.4364 semseg=0.1806 mard=2.0679 lambda=0.032658 box_extra=0 mask_extra=0 DURR=0.0124 (dir=0.0620,res=-0.0000,hall=-0.0000) route_px=112 rescue_px=0 hall_px=0 FG/HBG/EBG=24/192/960 fallback=0 rel=0.893/0.866/0.914 wmean=1.000 grad_preclip=38.61
[E32] batch=153/153 pseudo=4 loss=15.9262 seg=0.5445 semseg=1.9644 mard=2.0002 lambda=0.012117 box_extra=3 mask_extra=2 DURR=0.0143 (dir=0.0714,res=-0.0000,hall=-0.0000) route_px=143 rescue_px=0 hall_px=0 FG/HBG/EBG=32/256/1280 fallback=0 rel=0.760/0.709/0.849 wmean=1.000 grad_preclip=323.01

[Epoch 32] DONE time=41.8s valid=153 skipped=0 pseudo=534 anchors=475 box_extra=84 mask_extra=59 reject_rel=25 DURR=0.0665 (dir=0.1671,res=0.0153,hall=0.1272) empty=98 rescue=10/10 hall_trigger=8 loss=5.6095 seg=0.4813 semseg=0.4091 mard=2.0284 lambda_avg=0.031580 FG/HBG/EBG=27.9/220.4/1069.6 rel=0.878/0.675/0.969 wmean=1.000
[E33] batch=001/153 pseudo=4 loss=7.1318 seg=0.5403 semseg=0.2973 mard=2.0054 lambda=0.021884 box_extra=0 mask_extra=0 DURR=0.0267 (dir=0.1335,res=-0.0000,hall=-0.0000) route_px=423 rescue_px=0 hall_px=0 FG/HBG/EBG=32/256/1280 fallback=0 rel=0.825/0.757/0.922 wmean=1.000 grad_preclip=48.31
[E33] batch=010/153 pseudo=4 loss=5.5167 seg=0.4434 semseg=0.1883 mard=2.0139 lambda=0.027223 box_extra=0 mask_extra=0 DURR=0.0298 (dir=0.1490,res=-0.0000,hall=-0.0000) route_px=176 rescue_px=0 hall_px=0 FG/HBG/EBG=32/256/1280 fallback=0 rel=0.857/0.776/0.913 wmean=1.000 grad_preclip=69.91
[E33] batch=020/153 pseudo=2 loss=2.4300 seg=0.4474 semseg=0.1671 mard=2.0207 lambda=0.041881 box_extra=0 mask_extra=0 DURR=0.0476 (dir=0.2382,res=-0.0000,hall=-0.0000) route_px=167 rescue_px=0 hall_px=0 FG/HBG/EBG=16/128/640 fallback=0 rel=0.931/0.913/0.949 wmean=1.000 grad_preclip=39.12
[E33] batch=030/153 pseudo=2 loss=1.8220 seg=0.2079 semseg=0.0892 mard=1.9866 lambda=0.041034 box_extra=0 mask_extra=0 DURR=0.6474 (dir=0.2323,res=-0.0000,hall=3.0049) route_px=134 rescue_px=0 hall_px=532 FG/HBG/EBG=16/128/640 fallback=0 rel=0.936/0.933/0.940 wmean=1.000 grad_preclip=24.58
[E33] batch=040/153 pseudo=4 loss=15.3582 seg=1.1223 semseg=1.5643 mard=2.0023 lambda=0.022579 box_extra=1 mask_extra=1 DURR=0.0178 (dir=0.0890,res=-0.0000,hall=-0.0000) route_px=124 rescue_px=0 hall_px=0 FG/HBG/EBG=32/256/1280 fallback=0 rel=0.819/0.681/0.966 wmean=1.000 grad_preclip=344.23
[E33] batch=050/153 pseudo=3 loss=6.8290 seg=0.6462 semseg=0.3546 mard=1.9670 lambda=0.025109 box_extra=0 mask_extra=0 DURR=0.0194 (dir=0.0970,res=-0.0000,hall=-0.0000) route_px=181 rescue_px=0 hall_px=0 FG/HBG/EBG=24/192/960 fallback=0 rel=0.850/0.790/0.953 wmean=1.000 grad_preclip=98.68
[E33] batch=060/153 pseudo=4 loss=4.1033 seg=0.4195 semseg=0.1467 mard=1.9933 lambda=0.035835 box_extra=0 mask_extra=0 DURR=0.0393 (dir=0.1967,res=-0.0000,hall=-0.0000) route_px=309 rescue_px=0 hall_px=0 FG/HBG/EBG=32/256/1280 fallback=0 rel=0.907/0.867/0.946 wmean=1.000 grad_preclip=41.91
[E33] batch=070/153 pseudo=3 loss=7.2914 seg=0.3554 semseg=1.0327 mard=1.9973 lambda=0.029389 box_extra=1 mask_extra=1 DURR=0.0370 (dir=0.1852,res=-0.0000,hall=-0.0000) route_px=86 rescue_px=0 hall_px=0 FG/HBG/EBG=24/192/960 fallback=0 rel=0.867/0.763/0.947 wmean=1.000 grad_preclip=186.07
[E33] batch=080/153 pseudo=4 loss=7.6167 seg=0.3890 semseg=1.3653 mard=2.0199 lambda=0.035508 box_extra=1 mask_extra=1 DURR=0.0333 (dir=0.1665,res=-0.0000,hall=-0.0000) route_px=286 rescue_px=0 hall_px=0 FG/HBG/EBG=32/256/896 fallback=0 rel=0.902/0.831/0.946 wmean=1.000 grad_preclip=56.34
[E33] batch=090/153 pseudo=4 loss=5.8448 seg=0.4626 semseg=0.1753 mard=2.0257 lambda=0.025668 box_extra=1 mask_extra=1 DURR=0.0343 (dir=0.1714,res=-0.0000,hall=-0.0000) route_px=256 rescue_px=0 hall_px=0 FG/HBG/EBG=32/256/1280 fallback=0 rel=0.847/0.714/0.961 wmean=1.000 grad_preclip=51.62
[E33] batch=100/153 pseudo=3 loss=5.0572 seg=0.4791 semseg=0.2357 mard=2.0555 lambda=0.025392 box_extra=0 mask_extra=0 DURR=0.3187 (dir=0.0848,res=-0.0000,hall=1.5085) route_px=271 rescue_px=0 hall_px=18 FG/HBG/EBG=24/192/960 fallback=0 rel=0.834/0.732/0.908 wmean=1.000 grad_preclip=67.10
[E33] batch=110/153 pseudo=4 loss=7.5402 seg=0.6146 semseg=0.3502 mard=2.0363 lambda=0.030474 box_extra=0 mask_extra=0 DURR=0.0304 (dir=0.1518,res=-0.0000,hall=-0.0000) route_px=447 rescue_px=0 hall_px=0 FG/HBG/EBG=32/256/1280 fallback=0 rel=0.878/0.823/0.933 wmean=1.000 grad_preclip=76.18
[E33] batch=120/153 pseudo=3 loss=5.2174 seg=0.5494 semseg=0.5026 mard=2.0723 lambda=0.037643 box_extra=0 mask_extra=0 DURR=0.0591 (dir=0.2954,res=-0.0000,hall=-0.0000) route_px=211 rescue_px=0 hall_px=0 FG/HBG/EBG=24/192/960 fallback=0 rel=0.918/0.866/0.951 wmean=1.000 grad_preclip=54.91
[E33] batch=130/153 pseudo=3 loss=3.6717 seg=0.3485 semseg=0.1995 mard=2.1391 lambda=0.029506 box_extra=0 mask_extra=0 DURR=0.0185 (dir=0.0927,res=-0.0000,hall=-0.0000) route_px=140 rescue_px=0 hall_px=0 FG/HBG/EBG=24/192/960 fallback=0 rel=0.869/0.781/0.913 wmean=1.000 grad_preclip=24.31
[E33] batch=140/153 pseudo=4 loss=10.2937 seg=0.8081 semseg=0.9041 mard=1.9756 lambda=0.034796 box_extra=0 mask_extra=0 DURR=0.0394 (dir=0.1971,res=-0.0000,hall=-0.0000) route_px=376 rescue_px=0 hall_px=0 FG/HBG/EBG=32/256/1280 fallback=0 rel=0.895/0.780/0.944 wmean=1.000 grad_preclip=118.16
[E33] batch=150/153 pseudo=2 loss=6.3910 seg=0.4701 semseg=1.6670 mard=1.9531 lambda=0.033307 box_extra=1 mask_extra=1 DURR=0.0463 (dir=0.2315,res=-0.0000,hall=-0.0000) route_px=68 rescue_px=0 hall_px=0 FG/HBG/EBG=16/128/640 fallback=0 rel=0.886/0.823/0.949 wmean=1.000 grad_preclip=34.52
[E33] batch=153/153 pseudo=5 loss=3.4859 seg=0.4155 semseg=0.1748 mard=2.0433 lambda=0.031030 box_extra=2 mask_extra=1 DURR=0.0344 (dir=0.1721,res=-0.0000,hall=-0.0000) route_px=239 rescue_px=0 hall_px=0 FG/HBG/EBG=40/256/896 fallback=0 rel=0.873/0.795/0.957 wmean=1.000 grad_preclip=28.90

[Epoch 33] DONE time=41.9s valid=153 skipped=0 pseudo=539 anchors=478 box_extra=82 mask_extra=61 reject_rel=21 DURR=0.0705 (dir=0.1672,res=0.0231,hall=0.1277) empty=90 rescue=9/9 hall_trigger=9 loss=5.7666 seg=0.5020 semseg=0.3820 mard=2.0283 lambda_avg=0.031546 FG/HBG/EBG=28.2/223.4/1086.7 rel=0.879/0.659/0.969 wmean=1.000
[E34] batch=001/153 pseudo=4 loss=5.7231 seg=0.5168 semseg=0.2225 mard=1.9585 lambda=0.016253 box_extra=0 mask_extra=0 DURR=0.0238 (dir=0.1189,res=-0.0000,hall=-0.0000) route_px=168 rescue_px=0 hall_px=0 FG/HBG/EBG=32/256/1280 fallback=0 rel=0.795/0.747/0.844 wmean=1.000 grad_preclip=33.06
[E34] batch=010/153 pseudo=5 loss=9.0000 seg=0.8721 semseg=0.2231 mard=1.9283 lambda=0.026514 box_extra=0 mask_extra=0 DURR=0.0394 (dir=0.1972,res=-0.0000,hall=-0.0000) route_px=233 rescue_px=0 hall_px=0 FG/HBG/EBG=40/256/1280 fallback=0 rel=0.852/0.795/0.934 wmean=1.000 grad_preclip=51.01
[E34] batch=020/153 pseudo=3 loss=2.6362 seg=0.2487 semseg=0.0903 mard=2.0136 lambda=0.040748 box_extra=0 mask_extra=0 DURR=0.0486 (dir=0.2431,res=-0.0000,hall=-0.0000) route_px=235 rescue_px=0 hall_px=0 FG/HBG/EBG=24/192/960 fallback=0 rel=0.936/0.917/0.948 wmean=1.000 grad_preclip=40.79
[E34] batch=030/153 pseudo=3 loss=2.2852 seg=0.2296 semseg=0.0906 mard=2.0615 lambda=0.041881 box_extra=0 mask_extra=0 DURR=0.0368 (dir=0.1841,res=-0.0000,hall=-0.0000) route_px=269 rescue_px=0 hall_px=0 FG/HBG/EBG=24/192/960 fallback=0 rel=0.943/0.925/0.956 wmean=1.000 grad_preclip=16.52
[E34] batch=040/153 pseudo=3 loss=7.2010 seg=0.8048 semseg=0.3286 mard=2.0543 lambda=0.020780 box_extra=0 mask_extra=0 DURR=0.0222 (dir=0.1112,res=-0.0000,hall=-0.0000) route_px=319 rescue_px=0 hall_px=0 FG/HBG/EBG=24/192/960 fallback=0 rel=0.814/0.723/0.900 wmean=1.000 grad_preclip=74.76
[E34] batch=050/153 pseudo=1 loss=0.6068 seg=0.1362 semseg=0.0417 mard=2.0470 lambda=0.045383 box_extra=1 mask_extra=0 DURR=0.0371 (dir=0.1854,res=-0.0000,hall=-0.0000) route_px=77 rescue_px=0 hall_px=0 FG/HBG/EBG=8/64/320 fallback=0 rel=0.963/0.963/0.963 wmean=1.000 grad_preclip=11.51
[E34] batch=060/153 pseudo=3 loss=2.8399 seg=0.2826 semseg=0.1304 mard=2.0819 lambda=0.042446 box_extra=0 mask_extra=0 DURR=0.0416 (dir=0.2082,res=-0.0000,hall=-0.0000) route_px=193 rescue_px=0 hall_px=0 FG/HBG/EBG=24/192/960 fallback=0 rel=0.939/0.927/0.947 wmean=1.000 grad_preclip=31.00
[E34] batch=070/153 pseudo=3 loss=2.1887 seg=0.1789 semseg=0.1000 mard=1.9941 lambda=0.041497 box_extra=0 mask_extra=0 DURR=0.0460 (dir=0.2300,res=-0.0000,hall=-0.0000) route_px=204 rescue_px=0 hall_px=0 FG/HBG/EBG=24/192/960 fallback=0 rel=0.943/0.929/0.951 wmean=1.000 grad_preclip=23.93
[E34] batch=080/153 pseudo=4 loss=4.0478 seg=0.2818 semseg=0.1828 mard=1.9966 lambda=0.030514 box_extra=0 mask_extra=0 DURR=0.0254 (dir=0.1271,res=-0.0000,hall=-0.0000) route_px=265 rescue_px=0 hall_px=0 FG/HBG/EBG=32/256/1280 fallback=0 rel=0.875/0.741/0.964 wmean=1.000 grad_preclip=23.96
[E34] batch=090/153 pseudo=4 loss=6.4971 seg=0.3221 semseg=0.4446 mard=1.9788 lambda=0.026166 box_extra=2 mask_extra=2 DURR=0.1610 (dir=0.1286,res=0.2706,hall=-0.0000) route_px=179 rescue_px=199 hall_px=0 FG/HBG/EBG=32/256/1280 fallback=0 rel=0.850/0.764/0.915 wmean=1.000 grad_preclip=57.45
[E34] batch=100/153 pseudo=3 loss=12.6429 seg=1.4923 semseg=1.1981 mard=1.9561 lambda=0.010837 box_extra=1 mask_extra=1 DURR=0.3413 (dir=0.2080,res=-0.0000,hall=1.4985) route_px=133 rescue_px=0 hall_px=4 FG/HBG/EBG=24/192/960 fallback=0 rel=0.753/0.715/0.791 wmean=1.000 grad_preclip=144.93
[E34] batch=110/153 pseudo=3 loss=2.5709 seg=0.2099 semseg=0.0964 mard=2.0051 lambda=0.038848 box_extra=2 mask_extra=1 DURR=0.1291 (dir=0.2175,res=0.1711,hall=-0.0000) route_px=140 rescue_px=204 hall_px=0 FG/HBG/EBG=24/192/960 fallback=0 rel=0.925/0.876/0.957 wmean=1.000 grad_preclip=19.76
[E34] batch=120/153 pseudo=4 loss=4.0823 seg=0.2365 semseg=0.1487 mard=2.0701 lambda=0.031386 box_extra=0 mask_extra=0 DURR=0.0260 (dir=0.1299,res=-0.0000,hall=-0.0000) route_px=336 rescue_px=0 hall_px=0 FG/HBG/EBG=32/256/1280 fallback=0 rel=0.881/0.813/0.922 wmean=1.000 grad_preclip=34.64
[E34] batch=130/153 pseudo=3 loss=5.0281 seg=0.3703 semseg=0.2860 mard=1.9861 lambda=0.030558 box_extra=0 mask_extra=0 DURR=0.0342 (dir=0.1712,res=-0.0000,hall=-0.0000) route_px=144 rescue_px=0 hall_px=0 FG/HBG/EBG=24/192/960 fallback=0 rel=0.872/0.796/0.934 wmean=1.000 grad_preclip=32.78
[E34] batch=140/153 pseudo=3 loss=2.4922 seg=0.2631 semseg=0.1175 mard=2.0154 lambda=0.040717 box_extra=1 mask_extra=0 DURR=0.2851 (dir=0.1030,res=-0.0000,hall=1.3226) route_px=258 rescue_px=0 hall_px=4 FG/HBG/EBG=24/192/960 fallback=0 rel=0.935/0.918/0.946 wmean=1.000 grad_preclip=28.34
[E34] batch=150/153 pseudo=4 loss=4.3473 seg=0.3739 semseg=0.1216 mard=2.0054 lambda=0.025175 box_extra=1 mask_extra=1 DURR=0.0357 (dir=0.1787,res=-0.0000,hall=-0.0000) route_px=110 rescue_px=0 hall_px=0 FG/HBG/EBG=32/256/1280 fallback=0 rel=0.839/0.729/0.937 wmean=1.000 grad_preclip=31.00
[E34] batch=153/153 pseudo=3 loss=7.3066 seg=1.4446 semseg=1.2832 mard=2.0899 lambda=0.025004 box_extra=2 mask_extra=0 DURR=0.0130 (dir=0.0648,res=-0.0000,hall=-0.0000) route_px=378 rescue_px=0 hall_px=0 FG/HBG/EBG=24/128/640 fallback=0 rel=0.836/0.758/0.935 wmean=1.000 grad_preclip=88.98

[Epoch 34] DONE time=42.0s valid=153 skipped=0 pseudo=538 anchors=480 box_extra=74 mask_extra=58 reject_rel=16 DURR=0.0777 (dir=0.1663,res=0.0148,hall=0.1850) empty=96 rescue=8/8 hall_trigger=13 loss=5.8062 seg=0.5031 semseg=0.3883 mard=2.0203 lambda_avg=0.031321 FG/HBG/EBG=28.1/220.9/1074.2 rel=0.877/0.675/0.969 wmean=1.000
[E35] batch=001/153 pseudo=4 loss=9.3303 seg=0.4116 semseg=0.9500 mard=2.0648 lambda=0.024066 box_extra=0 mask_extra=0 DURR=0.0306 (dir=0.1528,res=-0.0000,hall=-0.0000) route_px=194 rescue_px=0 hall_px=0 FG/HBG/EBG=32/256/1280 fallback=0 rel=0.835/0.694/0.937 wmean=1.000 grad_preclip=44.74
[E35] batch=010/153 pseudo=4 loss=3.8230 seg=0.2774 semseg=0.1488 mard=1.9817 lambda=0.028963 box_extra=0 mask_extra=0 DURR=0.0225 (dir=0.1125,res=-0.0000,hall=-0.0000) route_px=274 rescue_px=0 hall_px=0 FG/HBG/EBG=32/256/1280 fallback=0 rel=0.866/0.701/0.964 wmean=1.000 grad_preclip=27.20
[E35] batch=020/153 pseudo=2 loss=2.5812 seg=0.5026 semseg=0.1932 mard=1.9586 lambda=0.037358 box_extra=0 mask_extra=0 DURR=0.0478 (dir=0.2390,res=-0.0000,hall=-0.0000) route_px=186 rescue_px=0 hall_px=0 FG/HBG/EBG=16/128/640 fallback=0 rel=0.905/0.905/0.906 wmean=1.000 grad_preclip=42.98
[E35] batch=030/153 pseudo=3 loss=2.5249 seg=0.2231 semseg=0.1118 mard=2.0064 lambda=0.041689 box_extra=1 mask_extra=0 DURR=0.0463 (dir=0.2316,res=-0.0000,hall=-0.0000) route_px=222 rescue_px=0 hall_px=0 FG/HBG/EBG=24/192/960 fallback=0 rel=0.944/0.929/0.952 wmean=1.000 grad_preclip=19.60
[E35] batch=040/153 pseudo=3 loss=17.4403 seg=2.0870 semseg=2.0337 mard=1.9668 lambda=0.027251 box_extra=1 mask_extra=1 DURR=0.0206 (dir=0.1028,res=-0.0000,hall=-0.0000) route_px=210 rescue_px=0 hall_px=0 FG/HBG/EBG=24/192/960 fallback=0 rel=0.838/0.781/0.941 wmean=1.000 grad_preclip=228.65
[E35] batch=050/153 pseudo=3 loss=4.0044 seg=0.5490 semseg=0.2050 mard=2.0263 lambda=0.035227 box_extra=1 mask_extra=1 DURR=0.0352 (dir=0.1761,res=-0.0000,hall=-0.0000) route_px=141 rescue_px=0 hall_px=0 FG/HBG/EBG=24/192/960 fallback=0 rel=0.888/0.832/0.925 wmean=1.000 grad_preclip=28.68
[E35] batch=060/153 pseudo=4 loss=7.6697 seg=0.8918 semseg=0.3033 mard=1.9905 lambda=0.035540 box_extra=0 mask_extra=0 DURR=0.0350 (dir=0.1752,res=-0.0000,hall=-0.0000) route_px=355 rescue_px=0 hall_px=0 FG/HBG/EBG=32/256/1280 fallback=0 rel=0.892/0.796/0.948 wmean=1.000 grad_preclip=37.87
[E35] batch=070/153 pseudo=4 loss=4.9732 seg=0.5316 semseg=0.3992 mard=2.0521 lambda=0.030224 box_extra=1 mask_extra=0 DURR=0.0226 (dir=0.1129,res=-0.0000,hall=-0.0000) route_px=456 rescue_px=0 hall_px=0 FG/HBG/EBG=32/192/960 fallback=0 rel=0.872/0.797/0.939 wmean=1.000 grad_preclip=66.42
[E35] batch=080/153 pseudo=3 loss=3.4690 seg=0.2311 semseg=0.1450 mard=2.0284 lambda=0.037206 box_extra=1 mask_extra=0 DURR=0.0250 (dir=0.1249,res=-0.0000,hall=-0.0000) route_px=151 rescue_px=0 hall_px=0 FG/HBG/EBG=24/192/960 fallback=0 rel=0.915/0.856/0.957 wmean=1.000 grad_preclip=70.33
[E35] batch=090/153 pseudo=4 loss=3.3300 seg=0.2230 semseg=0.1062 mard=1.9959 lambda=0.029296 box_extra=0 mask_extra=0 DURR=0.0314 (dir=0.1572,res=-0.0000,hall=-0.0000) route_px=442 rescue_px=0 hall_px=0 FG/HBG/EBG=32/256/1280 fallback=0 rel=0.871/0.759/0.930 wmean=1.000 grad_preclip=25.91
[E35] batch=100/153 pseudo=2 loss=3.1935 seg=0.5819 semseg=0.2354 mard=2.0695 lambda=0.030822 box_extra=0 mask_extra=0 DURR=0.0312 (dir=0.1561,res=-0.0000,hall=-0.0000) route_px=269 rescue_px=0 hall_px=0 FG/HBG/EBG=16/128/640 fallback=0 rel=0.870/0.819/0.920 wmean=1.000 grad_preclip=22.70
[E35] batch=110/153 pseudo=3 loss=5.3561 seg=0.6540 semseg=0.4120 mard=2.0274 lambda=0.032658 box_extra=1 mask_extra=1 DURR=0.0469 (dir=0.2345,res=-0.0000,hall=-0.0000) route_px=168 rescue_px=0 hall_px=0 FG/HBG/EBG=24/192/960 fallback=0 rel=0.888/0.776/0.952 wmean=1.000 grad_preclip=40.22
[E35] batch=120/153 pseudo=2 loss=2.9647 seg=0.3830 semseg=0.1718 mard=1.9814 lambda=0.028277 box_extra=0 mask_extra=0 DURR=0.0385 (dir=0.1926,res=-0.0000,hall=-0.0000) route_px=195 rescue_px=0 hall_px=0 FG/HBG/EBG=16/128/640 fallback=0 rel=0.858/0.760/0.956 wmean=1.000 grad_preclip=25.26
[E35] batch=130/153 pseudo=3 loss=2.7993 seg=0.4241 semseg=0.1315 mard=2.0903 lambda=0.041772 box_extra=1 mask_extra=0 DURR=0.0459 (dir=0.2294,res=-0.0000,hall=-0.0000) route_px=219 rescue_px=0 hall_px=0 FG/HBG/EBG=24/192/960 fallback=0 rel=0.943/0.921/0.954 wmean=1.000 grad_preclip=58.83
[E35] batch=140/153 pseudo=4 loss=8.0829 seg=0.8295 semseg=0.2601 mard=1.9643 lambda=0.033119 box_extra=0 mask_extra=0 DURR=0.0419 (dir=0.2097,res=-0.0000,hall=-0.0000) route_px=245 rescue_px=0 hall_px=0 FG/HBG/EBG=32/256/1280 fallback=0 rel=0.885/0.774/0.934 wmean=1.000 grad_preclip=112.49
[E35] batch=150/153 pseudo=3 loss=9.2750 seg=0.3841 semseg=1.5915 mard=2.0808 lambda=0.027131 box_extra=0 mask_extra=0 DURR=0.0378 (dir=0.1892,res=-0.0000,hall=-0.0000) route_px=144 rescue_px=0 hall_px=0 FG/HBG/EBG=24/192/960 fallback=0 rel=0.848/0.690/0.951 wmean=1.000 grad_preclip=59.01
[E35] batch=153/153 pseudo=2 loss=2.3735 seg=0.3798 semseg=0.1605 mard=2.0918 lambda=0.033670 box_extra=0 mask_extra=0 DURR=0.0472 (dir=0.2359,res=-0.0000,hall=-0.0000) route_px=294 rescue_px=0 hall_px=0 FG/HBG/EBG=16/128/640 fallback=0 rel=0.892/0.866/0.917 wmean=1.000 grad_preclip=17.46

[Epoch 35] DONE time=41.9s valid=153 skipped=0 pseudo=530 anchors=474 box_extra=83 mask_extra=56 reject_rel=27 DURR=0.0825 (dir=0.1727,res=0.0086,hall=0.2180) empty=104 rescue=6/6 hall_trigger=11 loss=5.7269 seg=0.5232 semseg=0.4298 mard=2.0241 lambda_avg=0.031875 FG/HBG/EBG=27.7/217.1/1057.9 rel=0.880/0.676/0.969 wmean=1.000
[E36] batch=001/153 pseudo=3 loss=10.7187 seg=0.8452 semseg=1.5480 mard=2.0150 lambda=0.025837 box_extra=0 mask_extra=0 DURR=0.8084 (dir=0.2247,res=-0.0000,hall=3.8172) route_px=136 rescue_px=0 hall_px=46 FG/HBG/EBG=24/192/960 fallback=0 rel=0.843/0.737/0.932 wmean=1.000 grad_preclip=133.60
[E36] batch=010/153 pseudo=4 loss=5.2303 seg=0.4423 semseg=0.2019 mard=2.0319 lambda=0.034860 box_extra=1 mask_extra=1 DURR=0.0380 (dir=0.1901,res=-0.0000,hall=-0.0000) route_px=223 rescue_px=0 hall_px=0 FG/HBG/EBG=32/256/1280 fallback=0 rel=0.889/0.748/0.955 wmean=1.000 grad_preclip=32.09
[E36] batch=020/153 pseudo=4 loss=2.8910 seg=0.3524 semseg=0.1198 mard=1.9888 lambda=0.038174 box_extra=1 mask_extra=1 DURR=0.0246 (dir=0.1230,res=-0.0000,hall=-0.0000) route_px=216 rescue_px=0 hall_px=0 FG/HBG/EBG=32/256/896 fallback=0 rel=0.920/0.848/0.952 wmean=1.000 grad_preclip=16.86
[E36] batch=030/153 pseudo=4 loss=2.7918 seg=0.2059 semseg=0.1036 mard=2.0128 lambda=0.032903 box_extra=0 mask_extra=0 DURR=0.0257 (dir=0.1285,res=-0.0000,hall=-0.0000) route_px=329 rescue_px=0 hall_px=0 FG/HBG/EBG=32/256/1280 fallback=0 rel=0.890/0.769/0.938 wmean=1.000 grad_preclip=22.79
[E36] batch=040/153 pseudo=3 loss=2.4533 seg=0.2458 semseg=0.0808 mard=2.0537 lambda=0.039597 box_extra=0 mask_extra=0 DURR=0.0423 (dir=0.2117,res=-0.0000,hall=-0.0000) route_px=221 rescue_px=0 hall_px=0 FG/HBG/EBG=24/192/960 fallback=0 rel=0.924/0.906/0.939 wmean=1.000 grad_preclip=19.07
[E36] batch=050/153 pseudo=4 loss=3.0048 seg=0.2984 semseg=0.1427 mard=2.0820 lambda=0.025614 box_extra=0 mask_extra=0 DURR=0.0037 (dir=0.0186,res=-0.0000,hall=-0.0000) route_px=64 rescue_px=0 hall_px=0 FG/HBG/EBG=32/192/960 fallback=0 rel=0.847/0.701/0.924 wmean=1.000 grad_preclip=20.68
[E36] batch=060/153 pseudo=5 loss=19.2492 seg=1.2142 semseg=1.8457 mard=2.0127 lambda=0.028680 box_extra=0 mask_extra=0 DURR=0.0306 (dir=0.1529,res=-0.0000,hall=-0.0000) route_px=354 rescue_px=0 hall_px=0 FG/HBG/EBG=40/320/1216 fallback=0 rel=0.857/0.663/0.947 wmean=1.000 grad_preclip=149.05
[E36] batch=070/153 pseudo=4 loss=6.2626 seg=0.5894 semseg=0.2322 mard=2.0873 lambda=0.025431 box_extra=0 mask_extra=0 DURR=0.0264 (dir=0.1321,res=-0.0000,hall=-0.0000) route_px=278 rescue_px=0 hall_px=0 FG/HBG/EBG=32/256/1280 fallback=0 rel=0.849/0.799/0.912 wmean=1.000 grad_preclip=34.36
[E36] batch=080/153 pseudo=3 loss=2.6183 seg=0.2242 semseg=0.1388 mard=1.9970 lambda=0.024706 box_extra=0 mask_extra=0 DURR=0.0220 (dir=0.1100,res=-0.0000,hall=-0.0000) route_px=232 rescue_px=0 hall_px=0 FG/HBG/EBG=24/192/960 fallback=0 rel=0.841/0.720/0.952 wmean=1.000 grad_preclip=37.52
[E36] batch=090/153 pseudo=4 loss=3.9613 seg=0.3353 semseg=0.1546 mard=1.9938 lambda=0.037641 box_extra=0 mask_extra=0 DURR=0.0294 (dir=0.1468,res=-0.0000,hall=-0.0000) route_px=408 rescue_px=0 hall_px=0 FG/HBG/EBG=32/256/1280 fallback=0 rel=0.915/0.876/0.959 wmean=1.000 grad_preclip=27.67
[E36] batch=100/153 pseudo=4 loss=4.7528 seg=0.3474 semseg=0.1703 mard=2.0292 lambda=0.034006 box_extra=1 mask_extra=1 DURR=0.0424 (dir=0.2121,res=-0.0000,hall=-0.0000) route_px=302 rescue_px=0 hall_px=0 FG/HBG/EBG=32/256/1280 fallback=0 rel=0.894/0.811/0.936 wmean=1.000 grad_preclip=45.98
[E36] batch=110/153 pseudo=3 loss=2.4804 seg=0.3091 semseg=0.1546 mard=2.0280 lambda=0.042744 box_extra=1 mask_extra=0 DURR=0.0357 (dir=0.1784,res=-0.0000,hall=-0.0000) route_px=321 rescue_px=0 hall_px=0 FG/HBG/EBG=24/192/960 fallback=0 rel=0.942/0.921/0.956 wmean=1.000 grad_preclip=25.30
[E36] batch=120/153 pseudo=4 loss=3.5032 seg=0.1881 semseg=0.1750 mard=2.0691 lambda=0.039626 box_extra=0 mask_extra=0 DURR=0.0341 (dir=0.1704,res=-0.0000,hall=-0.0000) route_px=316 rescue_px=0 hall_px=0 FG/HBG/EBG=32/256/1280 fallback=0 rel=0.932/0.899/0.964 wmean=1.000 grad_preclip=51.19
[E36] batch=130/153 pseudo=3 loss=7.9534 seg=0.3938 semseg=0.7928 mard=1.9971 lambda=0.034084 box_extra=2 mask_extra=1 DURR=0.6119 (dir=0.1326,res=0.3980,hall=1.9321) route_px=155 rescue_px=85 hall_px=5 FG/HBG/EBG=24/192/960 fallback=0 rel=0.894/0.877/0.923 wmean=1.000 grad_preclip=160.26
[E36] batch=140/153 pseudo=4 loss=3.1009 seg=0.2180 semseg=0.0997 mard=2.0100 lambda=0.039756 box_extra=1 mask_extra=1 DURR=0.1041 (dir=0.1701,res=0.1400,hall=-0.0000) route_px=264 rescue_px=539 hall_px=0 FG/HBG/EBG=32/256/1280 fallback=0 rel=0.931/0.905/0.958 wmean=1.000 grad_preclip=30.50
[E36] batch=150/153 pseudo=3 loss=1.6345 seg=0.1613 semseg=0.0614 mard=2.0262 lambda=0.041250 box_extra=0 mask_extra=0 DURR=0.0346 (dir=0.1729,res=-0.0000,hall=-0.0000) route_px=183 rescue_px=0 hall_px=0 FG/HBG/EBG=24/192/960 fallback=0 rel=0.944/0.928/0.953 wmean=1.000 grad_preclip=22.48
[E36] batch=153/153 pseudo=3 loss=5.3805 seg=0.5469 semseg=0.2979 mard=2.0204 lambda=0.030700 box_extra=1 mask_extra=1 DURR=0.0262 (dir=0.1309,res=-0.0000,hall=-0.0000) route_px=269 rescue_px=0 hall_px=0 FG/HBG/EBG=24/192/960 fallback=0 rel=0.876/0.839/0.898 wmean=1.000 grad_preclip=59.70

[Epoch 36] DONE time=41.6s valid=153 skipped=0 pseudo=524 anchors=465 box_extra=89 mask_extra=59 reject_rel=30 DURR=0.0810 (dir=0.1654,res=0.0136,hall=0.2056) empty=104 rescue=9/9 hall_trigger=13 loss=5.6502 seg=0.4848 semseg=0.4323 mard=2.0309 lambda_avg=0.032069 FG/HBG/EBG=27.4/216.3/1058.7 rel=0.882/0.659/0.969 wmean=1.000
[E37] batch=001/153 pseudo=4 loss=4.8925 seg=0.3545 semseg=0.2319 mard=2.0835 lambda=0.030391 box_extra=0 mask_extra=0 DURR=0.0340 (dir=0.1699,res=-0.0000,hall=-0.0000) route_px=174 rescue_px=0 hall_px=0 FG/HBG/EBG=32/256/1280 fallback=0 rel=0.871/0.702/0.952 wmean=1.000 grad_preclip=22.10
[E37] batch=010/153 pseudo=2 loss=1.7686 seg=0.1758 semseg=0.0874 mard=1.9579 lambda=0.041092 box_extra=1 mask_extra=0 DURR=0.6000 (dir=0.1710,res=-0.0000,hall=2.8289) route_px=109 rescue_px=0 hall_px=1680 FG/HBG/EBG=16/128/640 fallback=0 rel=0.934/0.928/0.940 wmean=1.000 grad_preclip=19.70
[E37] batch=020/153 pseudo=5 loss=4.8874 seg=0.2336 semseg=0.1199 mard=2.0174 lambda=0.027483 box_extra=2 mask_extra=2 DURR=0.1786 (dir=0.1578,res=0.2942,hall=-0.0000) route_px=268 rescue_px=71 hall_px=0 FG/HBG/EBG=40/320/1216 fallback=0 rel=0.857/0.719/0.950 wmean=1.000 grad_preclip=33.59
[E37] batch=030/153 pseudo=4 loss=8.9534 seg=0.4720 semseg=0.9344 mard=2.0276 lambda=0.037822 box_extra=0 mask_extra=0 DURR=0.0327 (dir=0.1637,res=-0.0000,hall=-0.0000) route_px=319 rescue_px=0 hall_px=0 FG/HBG/EBG=32/256/1280 fallback=0 rel=0.919/0.884/0.964 wmean=1.000 grad_preclip=144.59
[E37] batch=040/153 pseudo=4 loss=8.1267 seg=0.7102 semseg=0.3256 mard=2.0762 lambda=0.024162 box_extra=1 mask_extra=1 DURR=0.0419 (dir=0.2097,res=-0.0000,hall=-0.0000) route_px=199 rescue_px=0 hall_px=0 FG/HBG/EBG=32/256/1280 fallback=0 rel=0.829/0.757/0.885 wmean=1.000 grad_preclip=114.23
[E37] batch=050/153 pseudo=3 loss=7.7521 seg=0.6814 semseg=1.0717 mard=2.0463 lambda=0.023837 box_extra=1 mask_extra=0 DURR=0.0162 (dir=0.0808,res=-0.0000,hall=-0.0000) route_px=280 rescue_px=0 hall_px=0 FG/HBG/EBG=24/192/960 fallback=0 rel=0.844/0.801/0.904 wmean=1.000 grad_preclip=83.49
[E37] batch=060/153 pseudo=4 loss=3.1330 seg=0.2782 semseg=0.1232 mard=2.0287 lambda=0.037817 box_extra=0 mask_extra=0 DURR=0.0354 (dir=0.1768,res=-0.0000,hall=-0.0000) route_px=351 rescue_px=0 hall_px=0 FG/HBG/EBG=32/256/1280 fallback=0 rel=0.916/0.887/0.959 wmean=1.000 grad_preclip=24.59
[E37] batch=070/153 pseudo=4 loss=7.5333 seg=0.9118 semseg=0.3101 mard=2.0245 lambda=0.032727 box_extra=0 mask_extra=0 DURR=0.0199 (dir=0.0996,res=-0.0000,hall=-0.0000) route_px=365 rescue_px=0 hall_px=0 FG/HBG/EBG=32/256/1280 fallback=0 rel=0.881/0.789/0.969 wmean=1.000 grad_preclip=95.84
[E37] batch=080/153 pseudo=3 loss=5.2563 seg=0.4936 semseg=0.2525 mard=2.0039 lambda=0.038813 box_extra=0 mask_extra=0 DURR=0.0235 (dir=0.1174,res=-0.0000,hall=-0.0000) route_px=432 rescue_px=0 hall_px=0 FG/HBG/EBG=24/192/960 fallback=0 rel=0.916/0.868/0.950 wmean=1.000 grad_preclip=24.94
[E37] batch=090/153 pseudo=3 loss=4.1526 seg=0.3330 semseg=0.3072 mard=2.1548 lambda=0.024128 box_extra=2 mask_extra=1 DURR=0.0287 (dir=0.1436,res=-0.0000,hall=-0.0000) route_px=260 rescue_px=0 hall_px=0 FG/HBG/EBG=24/192/960 fallback=0 rel=0.839/0.751/0.946 wmean=1.000 grad_preclip=22.34
[E37] batch=100/153 pseudo=4 loss=4.5583 seg=0.3521 semseg=0.1843 mard=2.0355 lambda=0.031269 box_extra=0 mask_extra=0 DURR=0.0312 (dir=0.1560,res=-0.0000,hall=-0.0000) route_px=341 rescue_px=0 hall_px=0 FG/HBG/EBG=32/256/1280 fallback=0 rel=0.875/0.759/0.929 wmean=1.000 grad_preclip=29.59
[E37] batch=110/153 pseudo=4 loss=5.3008 seg=0.3049 semseg=0.2367 mard=2.0331 lambda=0.033376 box_extra=2 mask_extra=2 DURR=0.2412 (dir=0.1595,res=0.4185,hall=-0.0000) route_px=198 rescue_px=85 hall_px=0 FG/HBG/EBG=32/256/1280 fallback=0 rel=0.886/0.764/0.953 wmean=1.000 grad_preclip=27.04
[E37] batch=120/153 pseudo=4 loss=4.1038 seg=0.2587 semseg=0.1238 mard=2.1018 lambda=0.038371 box_extra=0 mask_extra=0 DURR=0.0335 (dir=0.1676,res=-0.0000,hall=-0.0000) route_px=318 rescue_px=0 hall_px=0 FG/HBG/EBG=32/256/1280 fallback=0 rel=0.920/0.848/0.963 wmean=1.000 grad_preclip=25.09
[E37] batch=130/153 pseudo=3 loss=4.4946 seg=0.4271 semseg=0.2354 mard=2.0024 lambda=0.038916 box_extra=0 mask_extra=0 DURR=0.0416 (dir=0.2081,res=-0.0000,hall=-0.0000) route_px=230 rescue_px=0 hall_px=0 FG/HBG/EBG=24/192/960 fallback=0 rel=0.917/0.877/0.958 wmean=1.000 grad_preclip=42.20
[E37] batch=140/153 pseudo=4 loss=14.8751 seg=0.9876 semseg=2.0028 mard=2.0001 lambda=0.035040 box_extra=0 mask_extra=0 DURR=0.0278 (dir=0.1388,res=-0.0000,hall=-0.0000) route_px=298 rescue_px=0 hall_px=0 FG/HBG/EBG=32/256/1280 fallback=0 rel=0.891/0.840/0.928 wmean=1.000 grad_preclip=223.13
[E37] batch=150/153 pseudo=1 loss=1.2746 seg=0.2130 semseg=0.1013 mard=2.0467 lambda=0.039010 box_extra=0 mask_extra=0 DURR=0.5235 (dir=0.1930,res=-0.0000,hall=2.4245) route_px=58 rescue_px=0 hall_px=617 FG/HBG/EBG=8/64/320 fallback=0 rel=0.925/0.925/0.925 wmean=1.000 grad_preclip=31.35
[E37] batch=153/153 pseudo=4 loss=4.4607 seg=0.4669 semseg=0.3024 mard=1.9417 lambda=0.019043 box_extra=1 mask_extra=1 DURR=0.0108 (dir=0.0538,res=-0.0000,hall=-0.0000) route_px=119 rescue_px=0 hall_px=0 FG/HBG/EBG=32/256/896 fallback=0 rel=0.805/0.703/0.893 wmean=1.000 grad_preclip=25.40

[Epoch 37] DONE time=42.1s valid=153 skipped=0 pseudo=541 anchors=482 box_extra=84 mask_extra=59 reject_rel=25 DURR=0.0673 (dir=0.1627,res=0.0132,hall=0.1409) empty=88 rescue=8/8 hall_trigger=9 loss=5.6091 seg=0.4821 semseg=0.3845 mard=2.0199 lambda_avg=0.031909 FG/HBG/EBG=28.3/223.0/1092.2 rel=0.880/0.669/0.969 wmean=1.000
[E38] batch=001/153 pseudo=4 loss=6.0931 seg=0.3405 semseg=0.2346 mard=2.0041 lambda=0.036905 box_extra=1 mask_extra=1 DURR=0.0369 (dir=0.1845,res=-0.0000,hall=-0.0000) route_px=181 rescue_px=0 hall_px=0 FG/HBG/EBG=32/256/1280 fallback=0 rel=0.913/0.866/0.950 wmean=1.000 grad_preclip=31.23
[E38] batch=010/153 pseudo=3 loss=7.2139 seg=1.3065 semseg=0.4402 mard=2.0253 lambda=0.030521 box_extra=0 mask_extra=0 DURR=0.0143 (dir=0.0717,res=-0.0000,hall=-0.0000) route_px=319 rescue_px=0 hall_px=0 FG/HBG/EBG=24/192/960 fallback=0 rel=0.862/0.781/0.922 wmean=1.000 grad_preclip=56.08
[E38] batch=020/153 pseudo=4 loss=5.1851 seg=0.4152 semseg=0.2711 mard=2.0546 lambda=0.024636 box_extra=0 mask_extra=0 DURR=0.0364 (dir=0.1820,res=-0.0000,hall=-0.0000) route_px=160 rescue_px=0 hall_px=0 FG/HBG/EBG=32/256/896 fallback=0 rel=0.839/0.740/0.905 wmean=1.000 grad_preclip=56.29
[E38] batch=030/153 pseudo=4 loss=4.3615 seg=0.3872 semseg=0.1784 mard=1.9783 lambda=0.030079 box_extra=1 mask_extra=1 DURR=0.0300 (dir=0.1501,res=-0.0000,hall=-0.0000) route_px=190 rescue_px=0 hall_px=0 FG/HBG/EBG=32/256/1280 fallback=0 rel=0.870/0.745/0.953 wmean=1.000 grad_preclip=30.35
[E38] batch=040/153 pseudo=3 loss=2.7396 seg=0.3827 semseg=0.1118 mard=1.9928 lambda=0.030249 box_extra=0 mask_extra=0 DURR=0.0489 (dir=0.2444,res=-0.0000,hall=-0.0000) route_px=222 rescue_px=0 hall_px=0 FG/HBG/EBG=24/192/960 fallback=0 rel=0.877/0.799/0.950 wmean=1.000 grad_preclip=25.51
[E38] batch=050/153 pseudo=2 loss=9.3626 seg=0.5555 semseg=2.7612 mard=2.0391 lambda=0.028703 box_extra=1 mask_extra=0 DURR=0.0144 (dir=0.0720,res=-0.0000,hall=-0.0000) route_px=249 rescue_px=0 hall_px=0 FG/HBG/EBG=16/128/640 fallback=0 rel=0.861/0.776/0.946 wmean=1.000 grad_preclip=124.62
[E38] batch=060/153 pseudo=3 loss=12.8996 seg=0.2872 semseg=2.1014 mard=1.9660 lambda=0.034831 box_extra=0 mask_extra=0 DURR=0.0419 (dir=0.2097,res=-0.0000,hall=-0.0000) route_px=131 rescue_px=0 hall_px=0 FG/HBG/EBG=24/192/960 fallback=0 rel=0.904/0.873/0.942 wmean=1.000 grad_preclip=61.88
[E38] batch=070/153 pseudo=3 loss=3.6963 seg=0.4309 semseg=0.1976 mard=2.0679 lambda=0.018850 box_extra=0 mask_extra=0 DURR=0.0207 (dir=0.1034,res=-0.0000,hall=-0.0000) route_px=270 rescue_px=0 hall_px=0 FG/HBG/EBG=24/192/960 fallback=0 rel=0.799/0.718/0.955 wmean=1.000 grad_preclip=26.95
[E38] batch=080/153 pseudo=4 loss=9.9022 seg=0.3393 semseg=0.9118 mard=2.0214 lambda=0.032545 box_extra=0 mask_extra=0 DURR=0.0394 (dir=0.1971,res=-0.0000,hall=-0.0000) route_px=362 rescue_px=0 hall_px=0 FG/HBG/EBG=32/256/1280 fallback=0 rel=0.892/0.840/0.947 wmean=1.000 grad_preclip=157.53
[E38] batch=090/153 pseudo=3 loss=3.4222 seg=0.3506 semseg=0.2410 mard=1.9553 lambda=0.026459 box_extra=0 mask_extra=0 DURR=0.0251 (dir=0.1254,res=-0.0000,hall=-0.0000) route_px=193 rescue_px=0 hall_px=0 FG/HBG/EBG=24/192/960 fallback=0 rel=0.848/0.696/0.934 wmean=1.000 grad_preclip=31.47
[E38] batch=100/153 pseudo=3 loss=4.2708 seg=0.4283 semseg=0.1954 mard=1.9818 lambda=0.030631 box_extra=2 mask_extra=1 DURR=0.2368 (dir=0.2867,res=0.3588,hall=-0.0000) route_px=196 rescue_px=166 hall_px=0 FG/HBG/EBG=24/192/960 fallback=0 rel=0.866/0.786/0.933 wmean=1.000 grad_preclip=34.78
[E38] batch=110/153 pseudo=3 loss=3.6050 seg=0.3161 semseg=0.2342 mard=2.0249 lambda=0.026126 box_extra=1 mask_extra=1 DURR=0.0358 (dir=0.1792,res=-0.0000,hall=-0.0000) route_px=221 rescue_px=0 hall_px=0 FG/HBG/EBG=24/192/960 fallback=0 rel=0.853/0.813/0.911 wmean=1.000 grad_preclip=24.05
[E38] batch=120/153 pseudo=4 loss=5.4657 seg=0.5127 semseg=0.2240 mard=2.0276 lambda=0.021311 box_extra=0 mask_extra=0 DURR=0.0318 (dir=0.1592,res=-0.0000,hall=-0.0000) route_px=255 rescue_px=0 hall_px=0 FG/HBG/EBG=32/256/1280 fallback=0 rel=0.802/0.711/0.943 wmean=1.000 grad_preclip=38.14
[E38] batch=130/153 pseudo=3 loss=4.8209 seg=0.5257 semseg=0.3812 mard=1.9987 lambda=0.035297 box_extra=0 mask_extra=0 DURR=0.0196 (dir=0.0980,res=-0.0000,hall=-0.0000) route_px=380 rescue_px=0 hall_px=0 FG/HBG/EBG=24/192/960 fallback=0 rel=0.901/0.816/0.957 wmean=1.000 grad_preclip=106.52
[E38] batch=140/153 pseudo=3 loss=7.1305 seg=0.8323 semseg=0.5114 mard=2.0589 lambda=0.027167 box_extra=0 mask_extra=0 DURR=0.0484 (dir=0.2422,res=-0.0000,hall=-0.0000) route_px=226 rescue_px=0 hall_px=0 FG/HBG/EBG=24/192/960 fallback=0 rel=0.859/0.747/0.929 wmean=1.000 grad_preclip=64.62
[E38] batch=150/153 pseudo=3 loss=6.2941 seg=0.7425 semseg=0.3308 mard=2.0224 lambda=0.032300 box_extra=1 mask_extra=1 DURR=0.0229 (dir=0.1147,res=-0.0000,hall=-0.0000) route_px=117 rescue_px=0 hall_px=0 FG/HBG/EBG=24/192/960 fallback=0 rel=0.882/0.840/0.953 wmean=1.000 grad_preclip=28.84
[E38] batch=153/153 pseudo=4 loss=2.0160 seg=0.1700 semseg=0.0728 mard=2.0216 lambda=0.041267 box_extra=0 mask_extra=0 DURR=0.0478 (dir=0.2389,res=-0.0000,hall=-0.0000) route_px=247 rescue_px=0 hall_px=0 FG/HBG/EBG=32/256/1280 fallback=0 rel=0.942/0.901/0.958 wmean=1.000 grad_preclip=23.97

[Epoch 38] DONE time=41.7s valid=153 skipped=0 pseudo=534 anchors=486 box_extra=74 mask_extra=48 reject_rel=26 DURR=0.0684 (dir=0.1651,res=0.0085,hall=0.1556) empty=98 rescue=5/5 hall_trigger=8 loss=5.7194 seg=0.5138 semseg=0.4162 mard=2.0299 lambda_avg=0.031825 FG/HBG/EBG=27.9/220.0/1070.0 rel=0.880/0.659/0.969 wmean=1.000
[E39] batch=001/153 pseudo=4 loss=7.1361 seg=0.5647 semseg=0.3005 mard=2.0602 lambda=0.028549 box_extra=1 mask_extra=1 DURR=0.0453 (dir=0.2265,res=-0.0000,hall=-0.0000) route_px=218 rescue_px=0 hall_px=0 FG/HBG/EBG=32/256/1280 fallback=0 rel=0.865/0.783/0.941 wmean=1.000 grad_preclip=35.69
[E39] batch=010/153 pseudo=4 loss=4.4041 seg=0.4998 semseg=0.1709 mard=2.0578 lambda=0.037593 box_extra=1 mask_extra=1 DURR=0.0414 (dir=0.2069,res=-0.0000,hall=-0.0000) route_px=273 rescue_px=0 hall_px=0 FG/HBG/EBG=32/256/1280 fallback=0 rel=0.913/0.852/0.951 wmean=1.000 grad_preclip=29.66
[E39] batch=020/153 pseudo=5 loss=7.6590 seg=0.6123 semseg=0.2375 mard=1.9747 lambda=0.021026 box_extra=1 mask_extra=1 DURR=0.0277 (dir=0.1387,res=-0.0000,hall=-0.0000) route_px=209 rescue_px=0 hall_px=0 FG/HBG/EBG=40/320/1216 fallback=0 rel=0.814/0.690/0.945 wmean=1.000 grad_preclip=59.94
[E39] batch=030/153 pseudo=4 loss=5.6119 seg=0.4189 semseg=0.3839 mard=2.0137 lambda=0.034685 box_extra=0 mask_extra=0 DURR=0.0379 (dir=0.1893,res=-0.0000,hall=-0.0000) route_px=222 rescue_px=0 hall_px=0 FG/HBG/EBG=32/256/1280 fallback=0 rel=0.906/0.869/0.937 wmean=1.000 grad_preclip=103.34
[E39] batch=040/153 pseudo=4 loss=4.2192 seg=0.2985 semseg=0.1949 mard=1.9853 lambda=0.029535 box_extra=0 mask_extra=0 DURR=0.0346 (dir=0.1729,res=-0.0000,hall=-0.0000) route_px=264 rescue_px=0 hall_px=0 FG/HBG/EBG=32/256/1280 fallback=0 rel=0.868/0.736/0.951 wmean=1.000 grad_preclip=28.79
[E39] batch=050/153 pseudo=4 loss=8.7584 seg=1.0833 semseg=0.2759 mard=2.0545 lambda=0.040162 box_extra=0 mask_extra=0 DURR=0.0418 (dir=0.2089,res=-0.0000,hall=-0.0000) route_px=363 rescue_px=0 hall_px=0 FG/HBG/EBG=32/256/1280 fallback=0 rel=0.931/0.906/0.950 wmean=1.000 grad_preclip=63.49
[E39] batch=060/153 pseudo=3 loss=5.8945 seg=0.9464 semseg=0.2990 mard=2.0947 lambda=0.036145 box_extra=1 mask_extra=0 DURR=0.0300 (dir=0.1500,res=-0.0000,hall=-0.0000) route_px=239 rescue_px=0 hall_px=0 FG/HBG/EBG=24/192/960 fallback=0 rel=0.900/0.876/0.930 wmean=1.000 grad_preclip=56.70
[E39] batch=070/153 pseudo=3 loss=15.4069 seg=0.6106 semseg=2.5293 mard=2.0046 lambda=0.027896 box_extra=0 mask_extra=0 DURR=0.0386 (dir=0.1931,res=-0.0000,hall=-0.0000) route_px=172 rescue_px=0 hall_px=0 FG/HBG/EBG=24/192/960 fallback=0 rel=0.853/0.692/0.940 wmean=1.000 grad_preclip=117.90
[E39] batch=080/153 pseudo=3 loss=2.7784 seg=0.2438 semseg=0.2139 mard=2.0474 lambda=0.035750 box_extra=0 mask_extra=0 DURR=0.0217 (dir=0.1085,res=-0.0000,hall=-0.0000) route_px=201 rescue_px=0 hall_px=0 FG/HBG/EBG=24/192/960 fallback=0 rel=0.912/0.845/0.959 wmean=1.000 grad_preclip=48.53
[E39] batch=090/153 pseudo=3 loss=2.7081 seg=0.3544 semseg=0.1212 mard=2.0412 lambda=0.040113 box_extra=1 mask_extra=1 DURR=0.0907 (dir=0.2377,res=0.0863,hall=-0.0000) route_px=165 rescue_px=1018 hall_px=0 FG/HBG/EBG=24/192/960 fallback=0 rel=0.938/0.916/0.954 wmean=1.000 grad_preclip=35.29
[E39] batch=100/153 pseudo=4 loss=7.0773 seg=0.4107 semseg=0.2501 mard=1.9717 lambda=0.029712 box_extra=2 mask_extra=2 DURR=0.0403 (dir=0.2013,res=-0.0000,hall=-0.0000) route_px=131 rescue_px=0 hall_px=0 FG/HBG/EBG=32/256/1280 fallback=0 rel=0.867/0.753/0.959 wmean=1.000 grad_preclip=72.13
[E39] batch=110/153 pseudo=4 loss=3.5174 seg=0.3241 semseg=0.1574 mard=2.0638 lambda=0.042485 box_extra=0 mask_extra=0 DURR=0.0291 (dir=0.1455,res=-0.0000,hall=-0.0000) route_px=402 rescue_px=0 hall_px=0 FG/HBG/EBG=32/256/1280 fallback=0 rel=0.939/0.917/0.948 wmean=1.000 grad_preclip=29.68
[E39] batch=120/153 pseudo=4 loss=4.6588 seg=0.2387 semseg=0.1081 mard=1.9872 lambda=0.035943 box_extra=1 mask_extra=1 DURR=0.2217 (dir=0.2078,res=0.3602,hall=-0.0000) route_px=208 rescue_px=84 hall_px=0 FG/HBG/EBG=32/256/1280 fallback=0 rel=0.908/0.877/0.929 wmean=1.000 grad_preclip=39.34
[E39] batch=130/153 pseudo=4 loss=7.5362 seg=0.8737 semseg=0.4543 mard=2.0385 lambda=0.022880 box_extra=0 mask_extra=0 DURR=0.0230 (dir=0.1152,res=-0.0000,hall=-0.0000) route_px=352 rescue_px=0 hall_px=0 FG/HBG/EBG=32/256/1280 fallback=0 rel=0.829/0.740/0.941 wmean=1.000 grad_preclip=48.04
[E39] batch=140/153 pseudo=5 loss=7.4090 seg=0.3113 semseg=1.0328 mard=2.0033 lambda=0.028363 box_extra=0 mask_extra=0 DURR=0.0284 (dir=0.1422,res=-0.0000,hall=-0.0000) route_px=438 rescue_px=0 hall_px=0 FG/HBG/EBG=40/320/1216 fallback=0 rel=0.868/0.771/0.937 wmean=1.000 grad_preclip=138.86
[E39] batch=150/153 pseudo=3 loss=3.0919 seg=0.2619 semseg=0.2247 mard=2.0048 lambda=0.031102 box_extra=0 mask_extra=0 DURR=0.0407 (dir=0.2037,res=-0.0000,hall=-0.0000) route_px=129 rescue_px=0 hall_px=0 FG/HBG/EBG=24/192/960 fallback=0 rel=0.882/0.787/0.965 wmean=1.000 grad_preclip=31.42
[E39] batch=153/153 pseudo=4 loss=6.2475 seg=0.5655 semseg=0.2522 mard=1.9703 lambda=0.027922 box_extra=1 mask_extra=1 DURR=0.0244 (dir=0.1221,res=-0.0000,hall=-0.0000) route_px=235 rescue_px=0 hall_px=0 FG/HBG/EBG=32/256/1280 fallback=0 rel=0.858/0.749/0.952 wmean=1.000 grad_preclip=35.07

[Epoch 39] DONE time=41.9s valid=153 skipped=0 pseudo=535 anchors=479 box_extra=79 mask_extra=56 reject_rel=23 DURR=0.0737 (dir=0.1677,res=0.0162,hall=0.1603) empty=98 rescue=11/11 hall_trigger=11 loss=5.6152 seg=0.5035 semseg=0.3750 mard=2.0212 lambda_avg=0.031774 FG/HBG/EBG=28.0/219.6/1070.4 rel=0.879/0.660/0.969 wmean=1.000
[E40] batch=001/153 pseudo=4 loss=5.7797 seg=0.3396 semseg=0.2165 mard=2.0906 lambda=0.027090 box_extra=0 mask_extra=0 DURR=0.0429 (dir=0.2145,res=-0.0000,hall=-0.0000) route_px=332 rescue_px=0 hall_px=0 FG/HBG/EBG=32/256/1280 fallback=0 rel=0.849/0.759/0.947 wmean=1.000 grad_preclip=41.13
[E40] batch=010/153 pseudo=3 loss=5.4012 seg=0.6582 semseg=0.2241 mard=2.0638 lambda=0.034011 box_extra=0 mask_extra=0 DURR=0.0207 (dir=0.1034,res=-0.0000,hall=-0.0000) route_px=188 rescue_px=0 hall_px=0 FG/HBG/EBG=24/192/960 fallback=0 rel=0.893/0.798/0.943 wmean=1.000 grad_preclip=35.87
[E40] batch=020/153 pseudo=3 loss=3.5680 seg=0.3138 semseg=0.1163 mard=1.9923 lambda=0.027018 box_extra=0 mask_extra=0 DURR=0.0337 (dir=0.1686,res=-0.0000,hall=-0.0000) route_px=291 rescue_px=0 hall_px=0 FG/HBG/EBG=24/192/960 fallback=0 rel=0.854/0.702/0.953 wmean=1.000 grad_preclip=23.03
[E40] batch=030/153 pseudo=4 loss=4.5447 seg=0.3740 semseg=0.1364 mard=2.0381 lambda=0.037316 box_extra=0 mask_extra=0 DURR=0.0367 (dir=0.1833,res=-0.0000,hall=-0.0000) route_px=382 rescue_px=0 hall_px=0 FG/HBG/EBG=32/256/1280 fallback=0 rel=0.913/0.861/0.945 wmean=1.000 grad_preclip=45.91
[E40] batch=040/153 pseudo=3 loss=4.6397 seg=0.4655 semseg=0.3479 mard=2.1025 lambda=0.033218 box_extra=0 mask_extra=0 DURR=0.0204 (dir=0.1021,res=-0.0000,hall=-0.0000) route_px=177 rescue_px=0 hall_px=0 FG/HBG/EBG=24/192/960 fallback=0 rel=0.892/0.808/0.937 wmean=1.000 grad_preclip=62.42
[E40] batch=050/153 pseudo=2 loss=14.0087 seg=2.7290 semseg=2.2516 mard=2.0943 lambda=0.021662 box_extra=1 mask_extra=0 DURR=0.0365 (dir=0.1827,res=-0.0000,hall=-0.0000) route_px=197 rescue_px=0 hall_px=0 FG/HBG/EBG=16/128/640 fallback=0 rel=0.808/0.742/0.875 wmean=1.000 grad_preclip=73.01
[E40] batch=060/153 pseudo=2 loss=6.0679 seg=0.4329 semseg=0.4960 mard=1.9498 lambda=0.034861 box_extra=0 mask_extra=0 DURR=0.6314 (dir=0.3213,res=-0.0000,hall=2.8356) route_px=191 rescue_px=0 hall_px=348 FG/HBG/EBG=16/128/640 fallback=0 rel=0.897/0.836/0.958 wmean=1.000 grad_preclip=29.14
[E40] batch=070/153 pseudo=2 loss=1.3706 seg=0.1884 semseg=0.0689 mard=2.0565 lambda=0.041146 box_extra=1 mask_extra=0 DURR=0.0446 (dir=0.2228,res=-0.0000,hall=-0.0000) route_px=165 rescue_px=0 hall_px=0 FG/HBG/EBG=16/128/640 fallback=0 rel=0.937/0.929/0.945 wmean=1.000 grad_preclip=42.52
[E40] batch=080/153 pseudo=2 loss=2.9011 seg=0.6111 semseg=0.1866 mard=2.0520 lambda=0.033397 box_extra=0 mask_extra=0 DURR=0.0303 (dir=0.1515,res=-0.0000,hall=-0.0000) route_px=225 rescue_px=0 hall_px=0 FG/HBG/EBG=16/128/640 fallback=0 rel=0.888/0.840/0.936 wmean=1.000 grad_preclip=35.40
[E40] batch=090/153 pseudo=2 loss=11.1702 seg=1.1672 semseg=2.2041 mard=2.1018 lambda=0.026463 box_extra=0 mask_extra=0 DURR=0.9084 (dir=0.1901,res=-0.0000,hall=4.3521) route_px=77 rescue_px=0 hall_px=263 FG/HBG/EBG=16/128/640 fallback=0 rel=0.823/0.696/0.949 wmean=1.000 grad_preclip=87.12
[E40] batch=100/153 pseudo=4 loss=2.8679 seg=0.1698 semseg=0.0718 mard=1.9709 lambda=0.034794 box_extra=1 mask_extra=1 DURR=0.0247 (dir=0.1237,res=-0.0000,hall=-0.0000) route_px=160 rescue_px=0 hall_px=0 FG/HBG/EBG=32/256/1280 fallback=0 rel=0.907/0.844/0.953 wmean=1.000 grad_preclip=26.69
[E40] batch=110/153 pseudo=3 loss=7.7637 seg=0.7022 semseg=0.5672 mard=2.0778 lambda=0.029327 box_extra=0 mask_extra=0 DURR=0.0291 (dir=0.1456,res=-0.0000,hall=-0.0000) route_px=288 rescue_px=0 hall_px=0 FG/HBG/EBG=24/192/960 fallback=0 rel=0.871/0.862/0.882 wmean=1.000 grad_preclip=63.87
[E40] batch=120/153 pseudo=4 loss=6.1674 seg=0.5607 semseg=0.1815 mard=1.9826 lambda=0.039074 box_extra=0 mask_extra=0 DURR=0.0438 (dir=0.2190,res=-0.0000,hall=-0.0000) route_px=284 rescue_px=0 hall_px=0 FG/HBG/EBG=32/256/1280 fallback=0 rel=0.921/0.866/0.940 wmean=1.000 grad_preclip=59.14
[E40] batch=130/153 pseudo=3 loss=3.1768 seg=0.3992 semseg=0.1489 mard=2.0323 lambda=0.028411 box_extra=0 mask_extra=0 DURR=0.0532 (dir=0.2660,res=-0.0000,hall=-0.0000) route_px=217 rescue_px=0 hall_px=0 FG/HBG/EBG=24/192/960 fallback=0 rel=0.860/0.712/0.953 wmean=1.000 grad_preclip=45.75
[E40] batch=140/153 pseudo=3 loss=5.7167 seg=0.4904 semseg=0.3757 mard=2.0060 lambda=0.024061 box_extra=1 mask_extra=1 DURR=0.0253 (dir=0.1264,res=-0.0000,hall=-0.0000) route_px=100 rescue_px=0 hall_px=0 FG/HBG/EBG=24/192/960 fallback=0 rel=0.833/0.719/0.941 wmean=1.000 grad_preclip=65.66
[E40] batch=150/153 pseudo=5 loss=21.0527 seg=0.7750 semseg=3.4596 mard=2.0329 lambda=0.025038 box_extra=0 mask_extra=0 DURR=0.0238 (dir=0.1191,res=-0.0000,hall=-0.0000) route_px=217 rescue_px=0 hall_px=0 FG/HBG/EBG=40/320/1216 fallback=0 rel=0.841/0.754/0.900 wmean=1.000 grad_preclip=96.24
[E40] batch=153/153 pseudo=5 loss=7.3997 seg=0.3943 semseg=0.8211 mard=2.0032 lambda=0.040581 box_extra=1 mask_extra=1 DURR=0.0438 (dir=0.2192,res=-0.0000,hall=-0.0000) route_px=373 rescue_px=0 hall_px=0 FG/HBG/EBG=40/320/1216 fallback=0 rel=0.934/0.884/0.960 wmean=1.000 grad_preclip=119.71

[Epoch 40] DONE time=42.0s valid=153 skipped=0 pseudo=538 anchors=484 box_extra=76 mask_extra=54 reject_rel=22 DURR=0.0719 (dir=0.1674,res=0.0092,hall=0.1693) empty=95 rescue=7/7 hall_trigger=9 loss=5.7885 seg=0.4943 semseg=0.4512 mard=2.0233 lambda_avg=0.032061 FG/HBG/EBG=28.1/221.7/1075.9 rel=0.882/0.683/0.969 wmean=1.000
[SAVE] /home/dang/MedRT-SFOD/runs/seg/dense_sfseg/cvc_durr_v1_segmard_v2_60ep/checkpoints/dense_sfseg_epoch_40.pt
[E41] batch=001/153 pseudo=4 loss=5.8784 seg=0.4633 semseg=0.4119 mard=2.0722 lambda=0.022336 box_extra=0 mask_extra=0 DURR=0.0252 (dir=0.1261,res=-0.0000,hall=-0.0000) route_px=228 rescue_px=0 hall_px=0 FG/HBG/EBG=32/256/1280 fallback=0 rel=0.815/0.676/0.957 wmean=1.000 grad_preclip=65.65
[E41] batch=010/153 pseudo=3 loss=3.7664 seg=0.2412 semseg=0.1662 mard=1.9508 lambda=0.039113 box_extra=0 mask_extra=0 DURR=0.0359 (dir=0.1795,res=-0.0000,hall=-0.0000) route_px=170 rescue_px=0 hall_px=0 FG/HBG/EBG=24/192/960 fallback=0 rel=0.927/0.897/0.945 wmean=1.000 grad_preclip=24.43
[E41] batch=020/153 pseudo=3 loss=6.4100 seg=1.1889 semseg=0.3084 mard=1.9821 lambda=0.033311 box_extra=0 mask_extra=0 DURR=0.0374 (dir=0.1871,res=-0.0000,hall=-0.0000) route_px=251 rescue_px=0 hall_px=0 FG/HBG/EBG=24/192/960 fallback=0 rel=0.890/0.782/0.952 wmean=1.000 grad_preclip=35.40
[E41] batch=030/153 pseudo=4 loss=4.2568 seg=0.3648 semseg=0.1177 mard=2.0183 lambda=0.032704 box_extra=1 mask_extra=1 DURR=0.0374 (dir=0.1870,res=-0.0000,hall=-0.0000) route_px=233 rescue_px=0 hall_px=0 FG/HBG/EBG=32/256/1280 fallback=0 rel=0.885/0.826/0.952 wmean=1.000 grad_preclip=39.67
[E41] batch=040/153 pseudo=3 loss=4.6804 seg=0.4728 semseg=0.2612 mard=2.1338 lambda=0.038358 box_extra=1 mask_extra=1 DURR=0.0891 (dir=0.2568,res=0.0756,hall=-0.0000) route_px=207 rescue_px=1018 hall_px=0 FG/HBG/EBG=24/192/960 fallback=0 rel=0.927/0.896/0.969 wmean=1.000 grad_preclip=43.74
[E41] batch=050/153 pseudo=3 loss=2.0580 seg=0.2106 semseg=0.1010 mard=1.9852 lambda=0.044207 box_extra=0 mask_extra=0 DURR=0.0373 (dir=0.1865,res=-0.0000,hall=-0.0000) route_px=270 rescue_px=0 hall_px=0 FG/HBG/EBG=24/192/960 fallback=0 rel=0.956/0.949/0.964 wmean=1.000 grad_preclip=23.05
[E41] batch=060/153 pseudo=3 loss=6.1689 seg=0.7559 semseg=0.2418 mard=2.0668 lambda=0.028722 box_extra=0 mask_extra=0 DURR=0.0337 (dir=0.1686,res=-0.0000,hall=-0.0000) route_px=131 rescue_px=0 hall_px=0 FG/HBG/EBG=24/192/960 fallback=0 rel=0.867/0.802/0.926 wmean=1.000 grad_preclip=61.50
[E41] batch=070/153 pseudo=2 loss=3.8191 seg=0.3236 semseg=1.0340 mard=1.9903 lambda=0.020623 box_extra=1 mask_extra=0 DURR=0.0322 (dir=0.1612,res=-0.0000,hall=-0.0000) route_px=39 rescue_px=0 hall_px=0 FG/HBG/EBG=16/128/640 fallback=0 rel=0.817/0.699/0.935 wmean=1.000 grad_preclip=42.97
[E41] batch=080/153 pseudo=4 loss=4.1728 seg=0.2409 semseg=0.3059 mard=1.9679 lambda=0.034887 box_extra=1 mask_extra=1 DURR=0.0238 (dir=0.1189,res=-0.0000,hall=-0.0000) route_px=209 rescue_px=0 hall_px=0 FG/HBG/EBG=32/256/1280 fallback=0 rel=0.899/0.823/0.954 wmean=1.000 grad_preclip=59.59
[E41] batch=090/153 pseudo=2 loss=1.5811 seg=0.2896 semseg=0.1333 mard=2.0800 lambda=0.039992 box_extra=2 mask_extra=1 DURR=0.1584 (dir=0.1965,res=0.2382,hall=-0.0000) route_px=68 rescue_px=654 hall_px=0 FG/HBG/EBG=16/128/640 fallback=0 rel=0.926/0.889/0.964 wmean=1.000 grad_preclip=15.14
[E41] batch=100/153 pseudo=3 loss=2.1132 seg=0.2830 semseg=0.0872 mard=2.0380 lambda=0.042114 box_extra=0 mask_extra=0 DURR=0.0362 (dir=0.1810,res=-0.0000,hall=-0.0000) route_px=295 rescue_px=0 hall_px=0 FG/HBG/EBG=24/192/960 fallback=0 rel=0.943/0.913/0.968 wmean=1.000 grad_preclip=17.63
[E41] batch=110/153 pseudo=5 loss=2.9877 seg=0.2553 semseg=0.0987 mard=1.9685 lambda=0.037826 box_extra=0 mask_extra=0 DURR=0.0434 (dir=0.2170,res=-0.0000,hall=-0.0000) route_px=224 rescue_px=0 hall_px=0 FG/HBG/EBG=40/320/1216 fallback=0 rel=0.919/0.871/0.947 wmean=1.000 grad_preclip=19.61
[E41] batch=120/153 pseudo=5 loss=7.8141 seg=0.4156 semseg=0.5748 mard=2.1064 lambda=0.027885 box_extra=0 mask_extra=0 DURR=0.0449 (dir=0.2247,res=-0.0000,hall=-0.0000) route_px=384 rescue_px=0 hall_px=0 FG/HBG/EBG=40/320/1216 fallback=0 rel=0.855/0.697/0.951 wmean=1.000 grad_preclip=44.45
[E41] batch=130/153 pseudo=4 loss=16.5881 seg=1.6137 semseg=0.8414 mard=2.0163 lambda=0.025257 box_extra=0 mask_extra=0 DURR=0.0234 (dir=0.1168,res=-0.0000,hall=-0.0000) route_px=308 rescue_px=0 hall_px=0 FG/HBG/EBG=32/256/1280 fallback=0 rel=0.839/0.744/0.899 wmean=1.000 grad_preclip=55.45
[E41] batch=140/153 pseudo=3 loss=3.4921 seg=0.2496 semseg=0.1724 mard=1.9808 lambda=0.037902 box_extra=1 mask_extra=1 DURR=0.7474 (dir=0.2445,res=0.3646,hall=2.5807) route_px=156 rescue_px=166 hall_px=11 FG/HBG/EBG=24/192/960 fallback=0 rel=0.922/0.880/0.951 wmean=1.000 grad_preclip=33.84
[E41] batch=150/153 pseudo=4 loss=4.9365 seg=0.2706 semseg=0.1562 mard=2.0606 lambda=0.029633 box_extra=0 mask_extra=0 DURR=0.0307 (dir=0.1534,res=-0.0000,hall=-0.0000) route_px=507 rescue_px=0 hall_px=0 FG/HBG/EBG=32/256/1280 fallback=0 rel=0.875/0.763/0.937 wmean=1.000 grad_preclip=39.65
[E41] batch=153/153 pseudo=4 loss=3.7898 seg=0.5000 semseg=0.2432 mard=2.0523 lambda=0.034638 box_extra=3 mask_extra=2 DURR=0.0299 (dir=0.1497,res=-0.0000,hall=-0.0000) route_px=157 rescue_px=0 hall_px=0 FG/HBG/EBG=32/256/896 fallback=0 rel=0.892/0.832/0.949 wmean=1.000 grad_preclip=21.87

[Epoch 41] DONE time=41.7s valid=153 skipped=0 pseudo=525 anchors=471 box_extra=81 mask_extra=54 reject_rel=27 DURR=0.0647 (dir=0.1669,res=0.0199,hall=0.1070) empty=102 rescue=10/10 hall_trigger=8 loss=5.8277 seg=0.5571 semseg=0.4149 mard=2.0183 lambda_avg=0.032359 FG/HBG/EBG=27.5/217.5/1062.5 rel=0.883/0.660/0.969 wmean=1.000
[E42] batch=001/153 pseudo=2 loss=2.5581 seg=0.4537 semseg=0.1526 mard=1.9947 lambda=0.041111 box_extra=0 mask_extra=0 DURR=0.0478 (dir=0.2388,res=-0.0000,hall=-0.0000) route_px=178 rescue_px=0 hall_px=0 FG/HBG/EBG=16/128/640 fallback=0 rel=0.943/0.943/0.944 wmean=1.000 grad_preclip=60.21
[E42] batch=010/153 pseudo=4 loss=3.7436 seg=0.2903 semseg=0.1781 mard=2.0565 lambda=0.035630 box_extra=1 mask_extra=1 DURR=0.2028 (dir=0.1741,res=0.3361,hall=-0.0000) route_px=204 rescue_px=166 hall_px=0 FG/HBG/EBG=32/256/1280 fallback=0 rel=0.907/0.880/0.934 wmean=1.000 grad_preclip=25.16
[E42] batch=020/153 pseudo=3 loss=2.6468 seg=0.2805 semseg=0.1465 mard=1.9589 lambda=0.040009 box_extra=0 mask_extra=0 DURR=0.0290 (dir=0.1450,res=-0.0000,hall=-0.0000) route_px=256 rescue_px=0 hall_px=0 FG/HBG/EBG=24/192/960 fallback=0 rel=0.929/0.918/0.935 wmean=1.000 grad_preclip=59.49
[E42] batch=030/153 pseudo=4 loss=4.1997 seg=0.3096 semseg=0.1997 mard=2.0372 lambda=0.037939 box_extra=0 mask_extra=0 DURR=0.0302 (dir=0.1511,res=-0.0000,hall=-0.0000) route_px=399 rescue_px=0 hall_px=0 FG/HBG/EBG=32/256/1280 fallback=0 rel=0.917/0.854/0.962 wmean=1.000 grad_preclip=25.33
[E42] batch=040/153 pseudo=1 loss=1.9680 seg=0.3741 semseg=0.2629 mard=2.1240 lambda=0.040249 box_extra=2 mask_extra=0 DURR=0.0332 (dir=0.1658,res=-0.0000,hall=-0.0000) route_px=59 rescue_px=0 hall_px=0 FG/HBG/EBG=8/64/320 fallback=0 rel=0.926/0.926/0.926 wmean=1.000 grad_preclip=11.83
[E42] batch=050/153 pseudo=4 loss=22.1041 seg=1.8812 semseg=2.7415 mard=2.0249 lambda=0.034606 box_extra=1 mask_extra=1 DURR=0.0295 (dir=0.1476,res=-0.0000,hall=-0.0000) route_px=271 rescue_px=0 hall_px=0 FG/HBG/EBG=32/256/1280 fallback=0 rel=0.891/0.842/0.941 wmean=1.000 grad_preclip=229.38
[E42] batch=060/153 pseudo=3 loss=2.0215 seg=0.2300 semseg=0.1387 mard=2.0530 lambda=0.041202 box_extra=0 mask_extra=0 DURR=0.0462 (dir=0.2309,res=-0.0000,hall=-0.0000) route_px=301 rescue_px=0 hall_px=0 FG/HBG/EBG=24/192/960 fallback=0 rel=0.939/0.932/0.953 wmean=1.000 grad_preclip=17.54
[E42] batch=070/153 pseudo=4 loss=4.4182 seg=0.2371 semseg=0.2001 mard=1.9873 lambda=0.037324 box_extra=0 mask_extra=0 DURR=0.0445 (dir=0.2225,res=-0.0000,hall=-0.0000) route_px=379 rescue_px=0 hall_px=0 FG/HBG/EBG=32/256/1280 fallback=0 rel=0.918/0.885/0.952 wmean=1.000 grad_preclip=35.24
[E42] batch=080/153 pseudo=3 loss=3.5064 seg=0.2487 semseg=0.1957 mard=2.0219 lambda=0.028330 box_extra=1 mask_extra=1 DURR=0.0132 (dir=0.0658,res=-0.0000,hall=-0.0000) route_px=126 rescue_px=0 hall_px=0 FG/HBG/EBG=24/192/960 fallback=0 rel=0.874/0.826/0.934 wmean=1.000 grad_preclip=29.95
[E42] batch=090/153 pseudo=3 loss=2.7850 seg=0.3513 semseg=0.1542 mard=2.0734 lambda=0.039456 box_extra=0 mask_extra=0 DURR=0.0315 (dir=0.1573,res=-0.0000,hall=-0.0000) route_px=281 rescue_px=0 hall_px=0 FG/HBG/EBG=24/192/960 fallback=0 rel=0.928/0.915/0.940 wmean=1.000 grad_preclip=18.51
[E42] batch=100/153 pseudo=4 loss=4.2112 seg=0.2641 semseg=0.1548 mard=2.0227 lambda=0.028595 box_extra=0 mask_extra=0 DURR=0.0326 (dir=0.1630,res=-0.0000,hall=-0.0000) route_px=306 rescue_px=0 hall_px=0 FG/HBG/EBG=32/256/1280 fallback=0 rel=0.866/0.741/0.962 wmean=1.000 grad_preclip=32.70
[E42] batch=110/153 pseudo=4 loss=8.2283 seg=0.6285 semseg=0.4569 mard=2.0043 lambda=0.026273 box_extra=0 mask_extra=0 DURR=0.0426 (dir=0.2129,res=-0.0000,hall=-0.0000) route_px=240 rescue_px=0 hall_px=0 FG/HBG/EBG=32/256/1280 fallback=0 rel=0.844/0.667/0.959 wmean=1.000 grad_preclip=116.93
[E42] batch=120/153 pseudo=4 loss=4.0604 seg=0.2340 semseg=0.1101 mard=1.9488 lambda=0.033295 box_extra=1 mask_extra=1 DURR=0.0298 (dir=0.1491,res=-0.0000,hall=-0.0000) route_px=192 rescue_px=0 hall_px=0 FG/HBG/EBG=32/256/1280 fallback=0 rel=0.892/0.794/0.946 wmean=1.000 grad_preclip=39.06
[E42] batch=130/153 pseudo=4 loss=4.3717 seg=0.3144 semseg=0.1964 mard=1.9611 lambda=0.033708 box_extra=0 mask_extra=0 DURR=0.0336 (dir=0.1678,res=-0.0000,hall=-0.0000) route_px=260 rescue_px=0 hall_px=0 FG/HBG/EBG=32/256/1280 fallback=0 rel=0.891/0.770/0.954 wmean=1.000 grad_preclip=33.22
[E42] batch=140/153 pseudo=3 loss=2.3704 seg=0.2311 semseg=0.1561 mard=2.0505 lambda=0.039267 box_extra=0 mask_extra=0 DURR=0.0326 (dir=0.1630,res=-0.0000,hall=-0.0000) route_px=266 rescue_px=0 hall_px=0 FG/HBG/EBG=24/192/960 fallback=0 rel=0.931/0.883/0.959 wmean=1.000 grad_preclip=25.09
[E42] batch=150/153 pseudo=4 loss=4.5354 seg=0.2989 semseg=0.2071 mard=1.9821 lambda=0.025790 box_extra=2 mask_extra=2 DURR=0.0931 (dir=0.1078,res=0.1432,hall=-0.0000) route_px=175 rescue_px=497 hall_px=0 FG/HBG/EBG=32/256/1280 fallback=0 rel=0.851/0.818/0.894 wmean=1.000 grad_preclip=23.36
[E42] batch=153/153 pseudo=4 loss=8.2415 seg=0.5566 semseg=0.2715 mard=1.9836 lambda=0.026230 box_extra=0 mask_extra=0 DURR=0.0213 (dir=0.1064,res=-0.0000,hall=-0.0000) route_px=502 rescue_px=0 hall_px=0 FG/HBG/EBG=32/256/1280 fallback=0 rel=0.849/0.775/0.907 wmean=1.000 grad_preclip=63.29

[Epoch 42] DONE time=42.0s valid=153 skipped=0 pseudo=534 anchors=478 box_extra=78 mask_extra=56 reject_rel=22 DURR=0.0830 (dir=0.1673,res=0.0127,hall=0.2162) empty=96 rescue=9/9 hall_trigger=16 loss=5.5828 seg=0.4726 semseg=0.3843 mard=2.0214 lambda_avg=0.031478 FG/HBG/EBG=27.9/220.0/1075.0 rel=0.877/0.667/0.969 wmean=1.000
[E43] batch=001/153 pseudo=3 loss=3.0456 seg=0.2367 semseg=0.1385 mard=2.0529 lambda=0.033633 box_extra=0 mask_extra=0 DURR=0.0237 (dir=0.1183,res=-0.0000,hall=-0.0000) route_px=228 rescue_px=0 hall_px=0 FG/HBG/EBG=24/192/960 fallback=0 rel=0.904/0.859/0.951 wmean=1.000 grad_preclip=22.84
[E43] batch=010/153 pseudo=4 loss=6.3755 seg=0.7044 semseg=0.1778 mard=2.0137 lambda=0.036930 box_extra=1 mask_extra=1 DURR=0.0397 (dir=0.1984,res=-0.0000,hall=-0.0000) route_px=239 rescue_px=0 hall_px=0 FG/HBG/EBG=32/256/1280 fallback=0 rel=0.903/0.796/0.953 wmean=1.000 grad_preclip=38.20
[E43] batch=020/153 pseudo=5 loss=13.6422 seg=0.9461 semseg=0.9157 mard=2.0626 lambda=0.015390 box_extra=0 mask_extra=0 DURR=0.0224 (dir=0.1118,res=-0.0000,hall=-0.0000) route_px=636 rescue_px=0 hall_px=0 FG/HBG/EBG=40/256/1280 fallback=0 rel=0.777/0.688/0.871 wmean=1.000 grad_preclip=115.92
[E43] batch=030/153 pseudo=5 loss=10.9240 seg=0.4950 semseg=1.1964 mard=2.0356 lambda=0.024259 box_extra=1 mask_extra=1 DURR=0.0404 (dir=0.2018,res=-0.0000,hall=-0.0000) route_px=307 rescue_px=0 hall_px=0 FG/HBG/EBG=40/320/1216 fallback=0 rel=0.834/0.763/0.890 wmean=1.000 grad_preclip=152.67
[E43] batch=040/153 pseudo=2 loss=2.2440 seg=0.5278 semseg=0.1650 mard=2.1345 lambda=0.030875 box_extra=0 mask_extra=0 DURR=0.0354 (dir=0.1771,res=-0.0000,hall=-0.0000) route_px=171 rescue_px=0 hall_px=0 FG/HBG/EBG=16/128/640 fallback=0 rel=0.870/0.798/0.941 wmean=1.000 grad_preclip=16.23
[E43] batch=050/153 pseudo=5 loss=5.8104 seg=0.4116 semseg=0.3287 mard=1.9763 lambda=0.022128 box_extra=2 mask_extra=2 DURR=0.1268 (dir=0.1274,res=0.2027,hall=-0.0000) route_px=156 rescue_px=641 hall_px=0 FG/HBG/EBG=40/256/1280 fallback=0 rel=0.821/0.754/0.920 wmean=1.000 grad_preclip=32.17
[E43] batch=060/153 pseudo=4 loss=4.2889 seg=0.2965 semseg=0.1317 mard=2.0485 lambda=0.033554 box_extra=0 mask_extra=0 DURR=0.0340 (dir=0.1698,res=-0.0000,hall=-0.0000) route_px=259 rescue_px=0 hall_px=0 FG/HBG/EBG=32/256/1280 fallback=0 rel=0.889/0.794/0.941 wmean=1.000 grad_preclip=44.77
[E43] batch=070/153 pseudo=3 loss=4.5043 seg=0.4319 semseg=0.1831 mard=2.0784 lambda=0.041379 box_extra=1 mask_extra=0 DURR=0.0349 (dir=0.1747,res=-0.0000,hall=-0.0000) route_px=268 rescue_px=0 hall_px=0 FG/HBG/EBG=24/192/960 fallback=0 rel=0.935/0.914/0.947 wmean=1.000 grad_preclip=42.53
[E43] batch=080/153 pseudo=5 loss=3.9806 seg=0.3523 semseg=0.1904 mard=2.0600 lambda=0.033456 box_extra=0 mask_extra=0 DURR=0.0280 (dir=0.1401,res=-0.0000,hall=-0.0000) route_px=251 rescue_px=0 hall_px=0 FG/HBG/EBG=40/256/1280 fallback=0 rel=0.891/0.795/0.952 wmean=1.000 grad_preclip=31.87
[E43] batch=090/153 pseudo=3 loss=1.7257 seg=0.2056 semseg=0.0886 mard=2.0684 lambda=0.041962 box_extra=1 mask_extra=0 DURR=0.0394 (dir=0.1968,res=-0.0000,hall=-0.0000) route_px=260 rescue_px=0 hall_px=0 FG/HBG/EBG=24/192/960 fallback=0 rel=0.947/0.935/0.962 wmean=1.000 grad_preclip=19.00
[E43] batch=100/153 pseudo=3 loss=3.0253 seg=0.2641 semseg=0.1137 mard=2.0885 lambda=0.036244 box_extra=1 mask_extra=1 DURR=0.0379 (dir=0.1894,res=-0.0000,hall=-0.0000) route_px=166 rescue_px=0 hall_px=0 FG/HBG/EBG=24/192/960 fallback=0 rel=0.908/0.805/0.963 wmean=1.000 grad_preclip=26.06
[E43] batch=110/153 pseudo=4 loss=9.0568 seg=0.3286 semseg=0.9440 mard=2.0419 lambda=0.030020 box_extra=0 mask_extra=0 DURR=0.0304 (dir=0.1521,res=-0.0000,hall=-0.0000) route_px=278 rescue_px=0 hall_px=0 FG/HBG/EBG=32/256/1280 fallback=0 rel=0.874/0.732/0.960 wmean=1.000 grad_preclip=129.57
[E43] batch=120/153 pseudo=4 loss=3.9620 seg=0.3127 semseg=0.1356 mard=1.9880 lambda=0.037911 box_extra=0 mask_extra=0 DURR=0.0349 (dir=0.1745,res=-0.0000,hall=-0.0000) route_px=322 rescue_px=0 hall_px=0 FG/HBG/EBG=32/256/1280 fallback=0 rel=0.917/0.883/0.961 wmean=1.000 grad_preclip=22.63
[E43] batch=130/153 pseudo=3 loss=2.9471 seg=0.4083 semseg=0.1665 mard=2.0068 lambda=0.040212 box_extra=0 mask_extra=0 DURR=0.0442 (dir=0.2212,res=-0.0000,hall=-0.0000) route_px=210 rescue_px=0 hall_px=0 FG/HBG/EBG=24/192/960 fallback=0 rel=0.933/0.902/0.954 wmean=1.000 grad_preclip=30.02
[E43] batch=140/153 pseudo=4 loss=5.0888 seg=0.4993 semseg=0.2581 mard=2.0421 lambda=0.038507 box_extra=0 mask_extra=0 DURR=0.0274 (dir=0.1372,res=-0.0000,hall=-0.0000) route_px=428 rescue_px=0 hall_px=0 FG/HBG/EBG=32/256/1280 fallback=0 rel=0.908/0.838/0.946 wmean=1.000 grad_preclip=26.26
[E43] batch=150/153 pseudo=4 loss=7.7200 seg=0.3154 semseg=0.2356 mard=2.0902 lambda=0.019838 box_extra=0 mask_extra=0 DURR=0.0184 (dir=0.0922,res=-0.0000,hall=-0.0000) route_px=109 rescue_px=0 hall_px=0 FG/HBG/EBG=32/256/1280 fallback=0 rel=0.810/0.733/0.936 wmean=1.000 grad_preclip=46.86
[E43] batch=153/153 pseudo=4 loss=13.0381 seg=1.5412 semseg=0.5312 mard=1.9893 lambda=0.026453 box_extra=0 mask_extra=0 DURR=0.0448 (dir=0.2242,res=-0.0000,hall=-0.0000) route_px=329 rescue_px=0 hall_px=0 FG/HBG/EBG=32/256/1280 fallback=0 rel=0.844/0.732/0.942 wmean=1.000 grad_preclip=142.36

[Epoch 43] DONE time=41.7s valid=153 skipped=0 pseudo=529 anchors=480 box_extra=78 mask_extra=49 reject_rel=29 DURR=0.0721 (dir=0.1654,res=0.0150,hall=0.1574) empty=103 rescue=10/10 hall_trigger=10 loss=5.2275 seg=0.4176 semseg=0.4137 mard=2.0266 lambda_avg=0.031965 FG/HBG/EBG=27.7/217.9/1059.6 rel=0.880/0.660/0.969 wmean=1.000
[E44] batch=001/153 pseudo=4 loss=3.3058 seg=0.3347 semseg=0.1208 mard=2.0434 lambda=0.044584 box_extra=0 mask_extra=0 DURR=0.0362 (dir=0.1809,res=-0.0000,hall=-0.0000) route_px=337 rescue_px=0 hall_px=0 FG/HBG/EBG=32/256/1280 fallback=0 rel=0.952/0.940/0.969 wmean=1.000 grad_preclip=16.74
[E44] batch=010/153 pseudo=4 loss=3.0000 seg=0.2889 semseg=0.1908 mard=2.0192 lambda=0.040404 box_extra=0 mask_extra=0 DURR=0.0347 (dir=0.1734,res=-0.0000,hall=-0.0000) route_px=345 rescue_px=0 hall_px=0 FG/HBG/EBG=32/256/1280 fallback=0 rel=0.936/0.905/0.955 wmean=1.000 grad_preclip=24.59
[E44] batch=020/153 pseudo=3 loss=3.7635 seg=0.4860 semseg=0.1536 mard=1.9315 lambda=0.042591 box_extra=0 mask_extra=0 DURR=0.0441 (dir=0.2204,res=-0.0000,hall=-0.0000) route_px=175 rescue_px=0 hall_px=0 FG/HBG/EBG=24/192/960 fallback=0 rel=0.944/0.932/0.953 wmean=1.000 grad_preclip=23.06
[E44] batch=030/153 pseudo=4 loss=5.3652 seg=0.4109 semseg=0.2480 mard=1.9546 lambda=0.023322 box_extra=0 mask_extra=0 DURR=0.0254 (dir=0.1269,res=-0.0000,hall=-0.0000) route_px=235 rescue_px=0 hall_px=0 FG/HBG/EBG=32/256/1280 fallback=0 rel=0.835/0.692/0.961 wmean=1.000 grad_preclip=34.58
[E44] batch=040/153 pseudo=4 loss=25.1860 seg=0.8898 semseg=3.5951 mard=2.0355 lambda=0.019933 box_extra=1 mask_extra=1 DURR=0.0170 (dir=0.0849,res=-0.0000,hall=-0.0000) route_px=362 rescue_px=0 hall_px=0 FG/HBG/EBG=32/256/1280 fallback=0 rel=0.811/0.765/0.919 wmean=1.000 grad_preclip=169.28
[E44] batch=050/153 pseudo=5 loss=9.5881 seg=0.8434 semseg=0.6323 mard=2.0231 lambda=0.024331 box_extra=1 mask_extra=1 DURR=0.0126 (dir=0.0628,res=-0.0000,hall=-0.0000) route_px=395 rescue_px=0 hall_px=0 FG/HBG/EBG=40/256/1280 fallback=0 rel=0.835/0.761/0.919 wmean=1.000 grad_preclip=53.13
[E44] batch=060/153 pseudo=2 loss=9.1808 seg=1.1470 semseg=2.3146 mard=2.0261 lambda=0.026100 box_extra=1 mask_extra=0 DURR=0.0088 (dir=0.0440,res=-0.0000,hall=-0.0000) route_px=258 rescue_px=0 hall_px=0 FG/HBG/EBG=16/128/640 fallback=0 rel=0.843/0.734/0.952 wmean=1.000 grad_preclip=130.07
[E44] batch=070/153 pseudo=4 loss=4.1090 seg=0.2793 semseg=0.1249 mard=1.9989 lambda=0.032268 box_extra=0 mask_extra=0 DURR=0.0316 (dir=0.1578,res=-0.0000,hall=-0.0000) route_px=254 rescue_px=0 hall_px=0 FG/HBG/EBG=32/256/1280 fallback=0 rel=0.886/0.803/0.960 wmean=1.000 grad_preclip=27.29
[E44] batch=080/153 pseudo=3 loss=2.6316 seg=0.2627 semseg=0.0945 mard=2.1050 lambda=0.039920 box_extra=0 mask_extra=0 DURR=0.3535 (dir=0.2069,res=-0.0000,hall=1.5607) route_px=200 rescue_px=0 hall_px=4 FG/HBG/EBG=24/192/960 fallback=0 rel=0.928/0.914/0.948 wmean=1.000 grad_preclip=71.06
[E44] batch=090/153 pseudo=4 loss=3.0862 seg=0.2383 semseg=0.1226 mard=1.9859 lambda=0.028835 box_extra=0 mask_extra=0 DURR=0.0307 (dir=0.1533,res=-0.0000,hall=-0.0000) route_px=366 rescue_px=0 hall_px=0 FG/HBG/EBG=32/256/1280 fallback=0 rel=0.870/0.792/0.942 wmean=1.000 grad_preclip=22.08
[E44] batch=100/153 pseudo=3 loss=6.7509 seg=0.6607 semseg=0.4055 mard=2.0869 lambda=0.015755 box_extra=1 mask_extra=0 DURR=0.2698 (dir=0.1088,res=-0.0000,hall=1.2403) route_px=118 rescue_px=0 hall_px=1 FG/HBG/EBG=24/128/640 fallback=0 rel=0.768/0.724/0.842 wmean=1.000 grad_preclip=28.66
[E44] batch=110/153 pseudo=4 loss=6.5035 seg=0.3420 semseg=0.4088 mard=2.0304 lambda=0.039123 box_extra=0 mask_extra=0 DURR=0.0330 (dir=0.1651,res=-0.0000,hall=-0.0000) route_px=374 rescue_px=0 hall_px=0 FG/HBG/EBG=32/256/1280 fallback=0 rel=0.921/0.889/0.939 wmean=1.000 grad_preclip=28.58
[E44] batch=120/153 pseudo=4 loss=4.0178 seg=0.2153 semseg=0.1073 mard=1.9738 lambda=0.035848 box_extra=1 mask_extra=1 DURR=0.0439 (dir=0.2193,res=-0.0000,hall=-0.0000) route_px=230 rescue_px=0 hall_px=0 FG/HBG/EBG=32/256/1280 fallback=0 rel=0.909/0.869/0.950 wmean=1.000 grad_preclip=30.64
[E44] batch=130/153 pseudo=4 loss=4.5535 seg=0.4947 semseg=0.1416 mard=2.0531 lambda=0.027284 box_extra=2 mask_extra=2 DURR=0.0047 (dir=0.0235,res=-0.0000,hall=-0.0000) route_px=24 rescue_px=0 hall_px=0 FG/HBG/EBG=32/256/896 fallback=0 rel=0.857/0.798/0.937 wmean=1.000 grad_preclip=52.15
[E44] batch=140/153 pseudo=3 loss=6.2357 seg=0.5299 semseg=0.3320 mard=2.0304 lambda=0.031195 box_extra=0 mask_extra=0 DURR=0.0330 (dir=0.1651,res=-0.0000,hall=-0.0000) route_px=318 rescue_px=0 hall_px=0 FG/HBG/EBG=24/192/960 fallback=0 rel=0.872/0.760/0.942 wmean=1.000 grad_preclip=30.21
[E44] batch=150/153 pseudo=4 loss=13.6526 seg=1.1668 semseg=0.8271 mard=2.0333 lambda=0.017453 box_extra=0 mask_extra=0 DURR=0.0230 (dir=0.1150,res=-0.0000,hall=-0.0000) route_px=167 rescue_px=0 hall_px=0 FG/HBG/EBG=32/256/1280 fallback=0 rel=0.787/0.707/0.902 wmean=1.000 grad_preclip=80.65
[E44] batch=153/153 pseudo=3 loss=2.5139 seg=0.2694 semseg=0.1143 mard=2.0021 lambda=0.030517 box_extra=1 mask_extra=0 DURR=0.0373 (dir=0.1864,res=-0.0000,hall=-0.0000) route_px=159 rescue_px=0 hall_px=0 FG/HBG/EBG=24/192/960 fallback=0 rel=0.881/0.773/0.941 wmean=1.000 grad_preclip=48.47

[Epoch 44] DONE time=42.3s valid=153 skipped=0 pseudo=543 anchors=487 box_extra=78 mask_extra=56 reject_rel=22 DURR=0.0703 (dir=0.1654,res=0.0125,hall=0.1550) empty=88 rescue=8/8 hall_trigger=9 loss=5.2828 seg=0.4527 semseg=0.3601 mard=2.0232 lambda_avg=0.031512 FG/HBG/EBG=28.4/224.6/1090.5 rel=0.879/0.661/0.969 wmean=1.000
[E45] batch=001/153 pseudo=3 loss=6.7686 seg=0.7534 semseg=0.4126 mard=2.1238 lambda=0.033612 box_extra=1 mask_extra=1 DURR=0.0324 (dir=0.1621,res=-0.0000,hall=-0.0000) route_px=212 rescue_px=0 hall_px=0 FG/HBG/EBG=24/192/960 fallback=0 rel=0.894/0.850/0.965 wmean=1.000 grad_preclip=119.28
[E45] batch=010/153 pseudo=3 loss=1.6976 seg=0.1954 semseg=0.0854 mard=2.1118 lambda=0.039978 box_extra=0 mask_extra=0 DURR=0.0443 (dir=0.2215,res=-0.0000,hall=-0.0000) route_px=293 rescue_px=0 hall_px=0 FG/HBG/EBG=24/192/960 fallback=0 rel=0.935/0.902/0.954 wmean=1.000 grad_preclip=19.18
[E45] batch=020/153 pseudo=3 loss=2.8121 seg=0.2398 semseg=0.0771 mard=1.9790 lambda=0.030094 box_extra=1 mask_extra=0 DURR=0.0359 (dir=0.1797,res=-0.0000,hall=-0.0000) route_px=222 rescue_px=0 hall_px=0 FG/HBG/EBG=24/192/960 fallback=0 rel=0.871/0.709/0.955 wmean=1.000 grad_preclip=116.74
[E45] batch=030/153 pseudo=3 loss=6.0178 seg=0.6481 semseg=0.3639 mard=1.9840 lambda=0.026803 box_extra=0 mask_extra=0 DURR=0.0115 (dir=0.0577,res=-0.0000,hall=-0.0000) route_px=384 rescue_px=0 hall_px=0 FG/HBG/EBG=24/192/960 fallback=0 rel=0.859/0.764/0.908 wmean=1.000 grad_preclip=121.69
[E45] batch=040/153 pseudo=4 loss=20.0585 seg=1.0151 semseg=1.7188 mard=1.9987 lambda=0.035248 box_extra=0 mask_extra=0 DURR=0.0152 (dir=0.0760,res=-0.0000,hall=-0.0000) route_px=430 rescue_px=0 hall_px=0 FG/HBG/EBG=32/256/1280 fallback=0 rel=0.906/0.824/0.940 wmean=1.000 grad_preclip=88.08
[E45] batch=050/153 pseudo=5 loss=6.3747 seg=0.7066 semseg=0.3838 mard=1.9919 lambda=0.035433 box_extra=0 mask_extra=0 DURR=0.0295 (dir=0.1474,res=-0.0000,hall=-0.0000) route_px=422 rescue_px=0 hall_px=0 FG/HBG/EBG=40/320/1216 fallback=0 rel=0.895/0.800/0.948 wmean=1.000 grad_preclip=34.22
[E45] batch=060/153 pseudo=2 loss=1.3741 seg=0.1543 semseg=0.0511 mard=2.0758 lambda=0.038740 box_extra=1 mask_extra=1 DURR=0.0936 (dir=0.1653,res=0.1212,hall=-0.0000) route_px=77 rescue_px=349 hall_px=0 FG/HBG/EBG=16/128/640 fallback=0 rel=0.929/0.894/0.963 wmean=1.000 grad_preclip=41.65
[E45] batch=070/153 pseudo=2 loss=4.3578 seg=0.5579 semseg=0.5159 mard=2.0702 lambda=0.018657 box_extra=0 mask_extra=0 DURR=0.0148 (dir=0.0740,res=-0.0000,hall=-0.0000) route_px=282 rescue_px=0 hall_px=0 FG/HBG/EBG=16/128/640 fallback=0 rel=0.810/0.727/0.894 wmean=1.000 grad_preclip=65.06
[E45] batch=080/153 pseudo=4 loss=3.3833 seg=0.1847 semseg=0.0845 mard=2.0220 lambda=0.037334 box_extra=0 mask_extra=0 DURR=0.0343 (dir=0.1716,res=-0.0000,hall=-0.0000) route_px=296 rescue_px=0 hall_px=0 FG/HBG/EBG=32/256/1280 fallback=0 rel=0.921/0.858/0.955 wmean=1.000 grad_preclip=75.37
[E45] batch=090/153 pseudo=4 loss=5.1623 seg=0.5010 semseg=0.1647 mard=2.0110 lambda=0.034935 box_extra=0 mask_extra=0 DURR=0.0360 (dir=0.1800,res=-0.0000,hall=-0.0000) route_px=260 rescue_px=0 hall_px=0 FG/HBG/EBG=32/256/1280 fallback=0 rel=0.898/0.871/0.930 wmean=1.000 grad_preclip=52.23
[E45] batch=100/153 pseudo=2 loss=1.5746 seg=0.2276 semseg=0.0904 mard=2.0301 lambda=0.043804 box_extra=0 mask_extra=0 DURR=0.0453 (dir=0.2266,res=-0.0000,hall=-0.0000) route_px=182 rescue_px=0 hall_px=0 FG/HBG/EBG=16/128/640 fallback=0 rel=0.948/0.948/0.948 wmean=1.000 grad_preclip=33.53
[E45] batch=110/153 pseudo=4 loss=4.2521 seg=0.3322 semseg=0.2598 mard=1.9876 lambda=0.029252 box_extra=1 mask_extra=1 DURR=0.0332 (dir=0.1661,res=-0.0000,hall=-0.0000) route_px=255 rescue_px=0 hall_px=0 FG/HBG/EBG=32/256/1280 fallback=0 rel=0.871/0.752/0.955 wmean=1.000 grad_preclip=45.69
[E45] batch=120/153 pseudo=4 loss=6.1795 seg=0.4172 semseg=0.1766 mard=2.0023 lambda=0.026051 box_extra=0 mask_extra=0 DURR=0.0211 (dir=0.1055,res=-0.0000,hall=-0.0000) route_px=261 rescue_px=0 hall_px=0 FG/HBG/EBG=32/256/1280 fallback=0 rel=0.845/0.780/0.940 wmean=1.000 grad_preclip=50.69
[E45] batch=130/153 pseudo=4 loss=4.9920 seg=0.7272 semseg=0.2414 mard=2.0410 lambda=0.027085 box_extra=0 mask_extra=0 DURR=0.0278 (dir=0.1392,res=-0.0000,hall=-0.0000) route_px=152 rescue_px=0 hall_px=0 FG/HBG/EBG=32/192/960 fallback=0 rel=0.841/0.722/0.949 wmean=1.000 grad_preclip=30.29
[E45] batch=140/153 pseudo=4 loss=4.3766 seg=0.3673 semseg=0.1340 mard=2.0119 lambda=0.036535 box_extra=1 mask_extra=1 DURR=0.0385 (dir=0.1927,res=-0.0000,hall=-0.0000) route_px=221 rescue_px=0 hall_px=0 FG/HBG/EBG=32/256/1280 fallback=0 rel=0.910/0.778/0.964 wmean=1.000 grad_preclip=27.61
[E45] batch=150/153 pseudo=1 loss=0.6795 seg=0.2207 semseg=0.0668 mard=2.0435 lambda=0.043162 box_extra=1 mask_extra=0 DURR=0.0387 (dir=0.1936,res=-0.0000,hall=-0.0000) route_px=65 rescue_px=0 hall_px=0 FG/HBG/EBG=8/64/320 fallback=0 rel=0.941/0.941/0.941 wmean=1.000 grad_preclip=10.80
[E45] batch=153/153 pseudo=4 loss=21.5602 seg=1.6285 semseg=1.9172 mard=2.0599 lambda=0.024394 box_extra=1 mask_extra=1 DURR=0.0207 (dir=0.1034,res=-0.0000,hall=-0.0000) route_px=277 rescue_px=0 hall_px=0 FG/HBG/EBG=32/256/1280 fallback=0 rel=0.837/0.708/0.948 wmean=1.000 grad_preclip=171.19

[Epoch 45] DONE time=41.8s valid=153 skipped=0 pseudo=535 anchors=489 box_extra=73 mask_extra=46 reject_rel=27 DURR=0.0742 (dir=0.1709,res=0.0119,hall=0.1702) empty=97 rescue=8/8 hall_trigger=12 loss=5.2790 seg=0.4677 semseg=0.3477 mard=2.0288 lambda_avg=0.031879 FG/HBG/EBG=28.0/220.0/1072.5 rel=0.880/0.661/0.969 wmean=1.000
[E46] batch=001/153 pseudo=3 loss=1.9039 seg=0.2106 semseg=0.0853 mard=2.0009 lambda=0.034823 box_extra=0 mask_extra=0 DURR=0.0384 (dir=0.1919,res=-0.0000,hall=-0.0000) route_px=270 rescue_px=0 hall_px=0 FG/HBG/EBG=24/192/960 fallback=0 rel=0.901/0.822/0.948 wmean=1.000 grad_preclip=21.00
[E46] batch=010/153 pseudo=2 loss=9.3346 seg=1.9063 semseg=1.2848 mard=2.0352 lambda=0.012649 box_extra=1 mask_extra=0 DURR=0.0094 (dir=0.0470,res=-0.0000,hall=-0.0000) route_px=244 rescue_px=0 hall_px=0 FG/HBG/EBG=16/128/640 fallback=0 rel=0.761/0.733/0.789 wmean=1.000 grad_preclip=76.69
[E46] batch=020/153 pseudo=4 loss=8.7360 seg=0.3522 semseg=0.3329 mard=2.0414 lambda=0.030473 box_extra=1 mask_extra=1 DURR=0.0444 (dir=0.2220,res=-0.0000,hall=-0.0000) route_px=235 rescue_px=0 hall_px=0 FG/HBG/EBG=32/256/1280 fallback=0 rel=0.873/0.794/0.908 wmean=1.000 grad_preclip=36.87
[E46] batch=030/153 pseudo=5 loss=4.6108 seg=0.2930 semseg=0.2113 mard=2.0212 lambda=0.038303 box_extra=0 mask_extra=0 DURR=0.0347 (dir=0.1737,res=-0.0000,hall=-0.0000) route_px=266 rescue_px=0 hall_px=0 FG/HBG/EBG=40/320/1216 fallback=0 rel=0.917/0.872/0.948 wmean=1.000 grad_preclip=37.75
[E46] batch=040/153 pseudo=3 loss=2.5940 seg=0.3142 semseg=0.2165 mard=1.9731 lambda=0.040240 box_extra=1 mask_extra=0 DURR=0.0381 (dir=0.1905,res=-0.0000,hall=-0.0000) route_px=238 rescue_px=0 hall_px=0 FG/HBG/EBG=24/192/960 fallback=0 rel=0.931/0.881/0.960 wmean=1.000 grad_preclip=22.80
[E46] batch=050/153 pseudo=2 loss=5.5274 seg=1.1492 semseg=0.7949 mard=2.0809 lambda=0.035786 box_extra=0 mask_extra=0 DURR=0.0285 (dir=0.1425,res=-0.0000,hall=-0.0000) route_px=185 rescue_px=0 hall_px=0 FG/HBG/EBG=16/128/640 fallback=0 rel=0.898/0.882/0.915 wmean=1.000 grad_preclip=98.58
[E46] batch=060/153 pseudo=2 loss=2.7322 seg=0.3557 semseg=0.2066 mard=2.0864 lambda=0.016772 box_extra=1 mask_extra=0 DURR=0.0263 (dir=0.1317,res=-0.0000,hall=-0.0000) route_px=141 rescue_px=0 hall_px=0 FG/HBG/EBG=16/128/640 fallback=0 rel=0.790/0.733/0.848 wmean=1.000 grad_preclip=19.37
[E46] batch=070/153 pseudo=4 loss=16.4254 seg=1.0205 semseg=1.9025 mard=1.9866 lambda=0.032788 box_extra=0 mask_extra=0 DURR=0.0151 (dir=0.0754,res=-0.0000,hall=-0.0000) route_px=339 rescue_px=0 hall_px=0 FG/HBG/EBG=32/256/1280 fallback=0 rel=0.878/0.777/0.929 wmean=1.000 grad_preclip=120.94
[E46] batch=080/153 pseudo=4 loss=7.8532 seg=0.5941 semseg=0.2400 mard=1.9966 lambda=0.022625 box_extra=1 mask_extra=1 DURR=0.0250 (dir=0.1248,res=-0.0000,hall=-0.0000) route_px=206 rescue_px=0 hall_px=0 FG/HBG/EBG=32/256/1280 fallback=0 rel=0.827/0.757/0.885 wmean=1.000 grad_preclip=40.69
[E46] batch=090/153 pseudo=4 loss=3.5686 seg=0.4008 semseg=0.1542 mard=2.0013 lambda=0.024071 box_extra=0 mask_extra=0 DURR=0.0317 (dir=0.1583,res=-0.0000,hall=-0.0000) route_px=254 rescue_px=0 hall_px=0 FG/HBG/EBG=32/256/1280 fallback=0 rel=0.833/0.715/0.964 wmean=1.000 grad_preclip=25.02
[E46] batch=100/153 pseudo=4 loss=9.5332 seg=0.6333 semseg=0.5562 mard=2.0341 lambda=0.032667 box_extra=0 mask_extra=0 DURR=0.0305 (dir=0.1525,res=-0.0000,hall=-0.0000) route_px=342 rescue_px=0 hall_px=0 FG/HBG/EBG=32/256/1280 fallback=0 rel=0.889/0.737/0.951 wmean=1.000 grad_preclip=29.98
[E46] batch=110/153 pseudo=4 loss=5.3012 seg=0.4387 semseg=0.1598 mard=2.0764 lambda=0.032149 box_extra=0 mask_extra=0 DURR=0.0385 (dir=0.1925,res=-0.0000,hall=-0.0000) route_px=324 rescue_px=0 hall_px=0 FG/HBG/EBG=32/256/1280 fallback=0 rel=0.881/0.853/0.918 wmean=1.000 grad_preclip=80.76
[E46] batch=120/153 pseudo=4 loss=5.3664 seg=0.5065 semseg=0.1562 mard=1.9640 lambda=0.037925 box_extra=0 mask_extra=0 DURR=0.0362 (dir=0.1812,res=-0.0000,hall=-0.0000) route_px=287 rescue_px=0 hall_px=0 FG/HBG/EBG=32/256/1280 fallback=0 rel=0.909/0.885/0.937 wmean=1.000 grad_preclip=70.10
[E46] batch=130/153 pseudo=3 loss=6.6477 seg=0.5556 semseg=0.9231 mard=2.0828 lambda=0.022419 box_extra=1 mask_extra=0 DURR=0.0251 (dir=0.1255,res=-0.0000,hall=-0.0000) route_px=200 rescue_px=0 hall_px=0 FG/HBG/EBG=24/192/960 fallback=0 rel=0.816/0.713/0.951 wmean=1.000 grad_preclip=46.43
[E46] batch=140/153 pseudo=2 loss=1.0814 seg=0.1876 semseg=0.0613 mard=2.1582 lambda=0.038985 box_extra=0 mask_extra=0 DURR=0.0633 (dir=0.3167,res=-0.0000,hall=-0.0000) route_px=71 rescue_px=0 hall_px=0 FG/HBG/EBG=16/128/640 fallback=0 rel=0.929/0.920/0.939 wmean=1.000 grad_preclip=14.95
[E46] batch=150/153 pseudo=5 loss=13.3452 seg=0.6388 semseg=1.6690 mard=2.0289 lambda=0.032656 box_extra=1 mask_extra=1 DURR=0.0367 (dir=0.1837,res=-0.0000,hall=-0.0000) route_px=386 rescue_px=0 hall_px=0 FG/HBG/EBG=40/320/1216 fallback=0 rel=0.887/0.808/0.963 wmean=1.000 grad_preclip=138.83
[E46] batch=153/153 pseudo=5 loss=3.9763 seg=0.3447 semseg=0.1710 mard=1.9299 lambda=0.034379 box_extra=1 mask_extra=1 DURR=0.0437 (dir=0.2187,res=-0.0000,hall=-0.0000) route_px=261 rescue_px=0 hall_px=0 FG/HBG/EBG=40/320/1216 fallback=0 rel=0.899/0.832/0.951 wmean=1.000 grad_preclip=24.52

[Epoch 46] DONE time=41.9s valid=153 skipped=0 pseudo=539 anchors=480 box_extra=75 mask_extra=59 reject_rel=16 DURR=0.0719 (dir=0.1662,res=0.0169,hall=0.1509) empty=93 rescue=11/11 hall_trigger=10 loss=5.9148 seg=0.5060 semseg=0.4334 mard=2.0253 lambda_avg=0.031776 FG/HBG/EBG=28.2/222.1/1080.5 rel=0.880/0.662/0.970 wmean=1.000
[E47] batch=001/153 pseudo=3 loss=3.0638 seg=0.3109 semseg=0.1338 mard=1.9881 lambda=0.029201 box_extra=1 mask_extra=0 DURR=0.0319 (dir=0.1595,res=-0.0000,hall=-0.0000) route_px=119 rescue_px=0 hall_px=0 FG/HBG/EBG=24/192/960 fallback=0 rel=0.868/0.745/0.951 wmean=1.000 grad_preclip=56.95
[E47] batch=010/153 pseudo=4 loss=4.8550 seg=0.3198 semseg=0.1356 mard=2.0932 lambda=0.030065 box_extra=1 mask_extra=1 DURR=0.0423 (dir=0.2114,res=-0.0000,hall=-0.0000) route_px=238 rescue_px=0 hall_px=0 FG/HBG/EBG=32/256/1280 fallback=0 rel=0.874/0.754/0.948 wmean=1.000 grad_preclip=24.02
[E47] batch=020/153 pseudo=4 loss=8.1873 seg=0.2573 semseg=0.9880 mard=1.9981 lambda=0.031180 box_extra=2 mask_extra=1 DURR=0.0349 (dir=0.1745,res=-0.0000,hall=-0.0000) route_px=237 rescue_px=0 hall_px=0 FG/HBG/EBG=32/256/1280 fallback=0 rel=0.884/0.837/0.952 wmean=1.000 grad_preclip=86.08
[E47] batch=030/153 pseudo=4 loss=8.1838 seg=0.6819 semseg=0.3172 mard=1.9764 lambda=0.027574 box_extra=2 mask_extra=1 DURR=0.0475 (dir=0.2375,res=-0.0000,hall=-0.0000) route_px=273 rescue_px=0 hall_px=0 FG/HBG/EBG=32/256/1280 fallback=0 rel=0.857/0.760/0.951 wmean=1.000 grad_preclip=42.78
[E47] batch=040/153 pseudo=3 loss=4.9443 seg=0.6537 semseg=0.2631 mard=2.0495 lambda=0.038415 box_extra=1 mask_extra=1 DURR=0.0375 (dir=0.1875,res=-0.0000,hall=-0.0000) route_px=170 rescue_px=0 hall_px=0 FG/HBG/EBG=24/192/960 fallback=0 rel=0.917/0.856/0.953 wmean=1.000 grad_preclip=77.87
[E47] batch=050/153 pseudo=3 loss=3.3957 seg=0.2843 semseg=0.1126 mard=2.1112 lambda=0.037147 box_extra=0 mask_extra=0 DURR=0.0414 (dir=0.2068,res=-0.0000,hall=-0.0000) route_px=240 rescue_px=0 hall_px=0 FG/HBG/EBG=24/192/960 fallback=0 rel=0.916/0.888/0.944 wmean=1.000 grad_preclip=99.71
[E47] batch=060/153 pseudo=4 loss=18.2099 seg=0.5864 semseg=4.5897 mard=2.0231 lambda=0.034856 box_extra=0 mask_extra=0 DURR=0.0378 (dir=0.1888,res=-0.0000,hall=-0.0000) route_px=276 rescue_px=0 hall_px=0 FG/HBG/EBG=32/256/896 fallback=0 rel=0.901/0.791/0.957 wmean=1.000 grad_preclip=47.76
[E47] batch=070/153 pseudo=5 loss=5.2964 seg=0.4463 semseg=0.1423 mard=2.0048 lambda=0.032619 box_extra=2 mask_extra=2 DURR=0.0351 (dir=0.1753,res=-0.0000,hall=-0.0000) route_px=339 rescue_px=0 hall_px=0 FG/HBG/EBG=40/320/1216 fallback=0 rel=0.880/0.850/0.953 wmean=1.000 grad_preclip=33.64
[E47] batch=080/153 pseudo=4 loss=3.8127 seg=0.3431 semseg=0.1576 mard=2.0262 lambda=0.029046 box_extra=1 mask_extra=1 DURR=0.0359 (dir=0.1795,res=-0.0000,hall=-0.0000) route_px=240 rescue_px=0 hall_px=0 FG/HBG/EBG=32/256/1280 fallback=0 rel=0.860/0.755/0.946 wmean=1.000 grad_preclip=23.97
[E47] batch=090/153 pseudo=3 loss=3.2651 seg=0.3441 semseg=0.1639 mard=1.9541 lambda=0.034819 box_extra=1 mask_extra=1 DURR=0.0129 (dir=0.0643,res=-0.0000,hall=-0.0000) route_px=100 rescue_px=0 hall_px=0 FG/HBG/EBG=24/192/960 fallback=0 rel=0.895/0.832/0.949 wmean=1.000 grad_preclip=24.04
[E47] batch=100/153 pseudo=3 loss=3.5108 seg=0.2164 semseg=0.1095 mard=1.9889 lambda=0.038689 box_extra=1 mask_extra=1 DURR=0.1941 (dir=0.1752,res=0.3182,hall=-0.0000) route_px=141 rescue_px=84 hall_px=0 FG/HBG/EBG=24/192/960 fallback=0 rel=0.923/0.878/0.952 wmean=1.000 grad_preclip=19.88
[E47] batch=110/153 pseudo=3 loss=2.8014 seg=0.2834 semseg=0.1213 mard=2.0308 lambda=0.027645 box_extra=1 mask_extra=1 DURR=0.0267 (dir=0.1335,res=-0.0000,hall=-0.0000) route_px=159 rescue_px=0 hall_px=0 FG/HBG/EBG=24/192/960 fallback=0 rel=0.860/0.767/0.953 wmean=1.000 grad_preclip=22.05
[E47] batch=120/153 pseudo=4 loss=3.9021 seg=0.4747 semseg=0.1354 mard=2.0136 lambda=0.024565 box_extra=1 mask_extra=1 DURR=0.0372 (dir=0.1858,res=-0.0000,hall=-0.0000) route_px=152 rescue_px=0 hall_px=0 FG/HBG/EBG=32/256/896 fallback=0 rel=0.843/0.779/0.944 wmean=1.000 grad_preclip=25.48
[E47] batch=130/153 pseudo=4 loss=5.3198 seg=0.3749 semseg=0.2950 mard=2.0645 lambda=0.028490 box_extra=1 mask_extra=0 DURR=0.0301 (dir=0.1506,res=-0.0000,hall=-0.0000) route_px=147 rescue_px=0 hall_px=0 FG/HBG/EBG=32/256/1280 fallback=0 rel=0.866/0.791/0.932 wmean=1.000 grad_preclip=41.52
[E47] batch=140/153 pseudo=4 loss=5.3564 seg=0.4602 semseg=0.2131 mard=2.0052 lambda=0.029603 box_extra=0 mask_extra=0 DURR=0.0267 (dir=0.1337,res=-0.0000,hall=-0.0000) route_px=240 rescue_px=0 hall_px=0 FG/HBG/EBG=32/256/1280 fallback=0 rel=0.864/0.797/0.957 wmean=1.000 grad_preclip=50.78
[E47] batch=150/153 pseudo=4 loss=3.9903 seg=0.4448 semseg=0.1863 mard=2.0001 lambda=0.018277 box_extra=0 mask_extra=0 DURR=0.0309 (dir=0.1544,res=-0.0000,hall=-0.0000) route_px=286 rescue_px=0 hall_px=0 FG/HBG/EBG=32/256/1280 fallback=0 rel=0.799/0.714/0.890 wmean=1.000 grad_preclip=26.64
[E47] batch=153/153 pseudo=4 loss=7.6549 seg=0.6988 semseg=0.3105 mard=2.1077 lambda=0.030193 box_extra=1 mask_extra=1 DURR=0.0275 (dir=0.1373,res=-0.0000,hall=-0.0000) route_px=333 rescue_px=0 hall_px=0 FG/HBG/EBG=32/256/1280 fallback=0 rel=0.873/0.754/0.948 wmean=1.000 grad_preclip=40.22

[Epoch 47] DONE time=41.8s valid=153 skipped=0 pseudo=535 anchors=475 box_extra=84 mask_extra=60 reject_rel=24 DURR=0.0674 (dir=0.1671,res=0.0172,hall=0.1271) empty=99 rescue=10/10 hall_trigger=8 loss=4.9052 seg=0.4174 semseg=0.3414 mard=2.0250 lambda_avg=0.031784 FG/HBG/EBG=28.0/220.4/1067.1 rel=0.880/0.674/0.970 wmean=1.000
[E48] batch=001/153 pseudo=1 loss=1.0162 seg=0.1749 semseg=0.0992 mard=2.0304 lambda=0.039889 box_extra=0 mask_extra=0 DURR=0.3153 (dir=0.1750,res=-0.0000,hall=1.4014) route_px=191 rescue_px=0 hall_px=4 FG/HBG/EBG=8/64/320 fallback=0 rel=0.940/0.940/0.940 wmean=1.000 grad_preclip=68.06
[E48] batch=010/153 pseudo=4 loss=3.8415 seg=0.2486 semseg=0.2360 mard=1.9901 lambda=0.031568 box_extra=0 mask_extra=0 DURR=0.0440 (dir=0.2200,res=-0.0000,hall=-0.0000) route_px=429 rescue_px=0 hall_px=0 FG/HBG/EBG=32/256/1280 fallback=0 rel=0.885/0.763/0.960 wmean=1.000 grad_preclip=27.10
[E48] batch=020/153 pseudo=2 loss=1.2019 seg=0.1796 semseg=0.0747 mard=1.9920 lambda=0.030001 box_extra=0 mask_extra=0 DURR=0.0162 (dir=0.0810,res=-0.0000,hall=-0.0000) route_px=255 rescue_px=0 hall_px=0 FG/HBG/EBG=16/128/640 fallback=0 rel=0.874/0.837/0.911 wmean=1.000 grad_preclip=15.65
[E48] batch=030/153 pseudo=4 loss=6.2248 seg=0.7020 semseg=0.3037 mard=1.9596 lambda=0.028495 box_extra=0 mask_extra=0 DURR=0.0206 (dir=0.1031,res=-0.0000,hall=-0.0000) route_px=374 rescue_px=0 hall_px=0 FG/HBG/EBG=32/256/1280 fallback=0 rel=0.859/0.797/0.918 wmean=1.000 grad_preclip=59.82
[E48] batch=040/153 pseudo=4 loss=20.0761 seg=1.4478 semseg=2.6753 mard=2.0397 lambda=0.038399 box_extra=0 mask_extra=0 DURR=0.0291 (dir=0.1457,res=-0.0000,hall=-0.0000) route_px=411 rescue_px=0 hall_px=0 FG/HBG/EBG=32/256/1280 fallback=0 rel=0.917/0.845/0.949 wmean=1.000 grad_preclip=150.91
[E48] batch=050/153 pseudo=3 loss=2.7205 seg=0.3417 semseg=0.1226 mard=2.1372 lambda=0.034331 box_extra=0 mask_extra=0 DURR=0.0386 (dir=0.1930,res=-0.0000,hall=-0.0000) route_px=241 rescue_px=0 hall_px=0 FG/HBG/EBG=24/192/960 fallback=0 rel=0.897/0.882/0.905 wmean=1.000 grad_preclip=26.56
[E48] batch=060/153 pseudo=4 loss=4.4499 seg=0.2891 semseg=0.1943 mard=1.9756 lambda=0.039548 box_extra=0 mask_extra=0 DURR=0.0304 (dir=0.1521,res=-0.0000,hall=-0.0000) route_px=474 rescue_px=0 hall_px=0 FG/HBG/EBG=32/256/1280 fallback=0 rel=0.926/0.866/0.948 wmean=1.000 grad_preclip=29.71
[E48] batch=070/153 pseudo=4 loss=5.1831 seg=0.3876 semseg=0.2385 mard=1.9860 lambda=0.033255 box_extra=0 mask_extra=0 DURR=0.0289 (dir=0.1446,res=-0.0000,hall=-0.0000) route_px=591 rescue_px=0 hall_px=0 FG/HBG/EBG=32/256/1280 fallback=0 rel=0.888/0.869/0.908 wmean=1.000 grad_preclip=27.77
[E48] batch=080/153 pseudo=4 loss=4.1306 seg=0.2360 semseg=0.1230 mard=1.9858 lambda=0.016329 box_extra=1 mask_extra=1 DURR=0.0083 (dir=0.0415,res=-0.0000,hall=-0.0000) route_px=313 rescue_px=0 hall_px=0 FG/HBG/EBG=32/256/1280 fallback=0 rel=0.801/0.740/0.854 wmean=1.000 grad_preclip=61.09
[E48] batch=090/153 pseudo=3 loss=3.9978 seg=0.5361 semseg=0.2511 mard=1.9746 lambda=0.035241 box_extra=0 mask_extra=0 DURR=0.0300 (dir=0.1500,res=-0.0000,hall=-0.0000) route_px=297 rescue_px=0 hall_px=0 FG/HBG/EBG=24/192/960 fallback=0 rel=0.897/0.877/0.925 wmean=1.000 grad_preclip=32.71
[E48] batch=100/153 pseudo=2 loss=2.5907 seg=0.4022 semseg=0.1543 mard=1.9494 lambda=0.022167 box_extra=2 mask_extra=1 DURR=0.0472 (dir=0.2362,res=-0.0000,hall=-0.0000) route_px=52 rescue_px=0 hall_px=0 FG/HBG/EBG=16/128/640 fallback=0 rel=0.829/0.756/0.901 wmean=1.000 grad_preclip=61.40
[E48] batch=110/153 pseudo=2 loss=3.9467 seg=0.2725 semseg=0.2063 mard=1.9976 lambda=0.024844 box_extra=2 mask_extra=1 DURR=0.8418 (dir=0.1858,res=-0.0000,hall=4.0231) route_px=51 rescue_px=0 hall_px=473 FG/HBG/EBG=16/128/640 fallback=0 rel=0.842/0.754/0.930 wmean=1.000 grad_preclip=49.40
[E48] batch=120/153 pseudo=3 loss=9.8631 seg=0.7041 semseg=1.1077 mard=1.9629 lambda=0.022428 box_extra=1 mask_extra=1 DURR=0.7282 (dir=0.0792,res=-0.0000,hall=3.5617) route_px=148 rescue_px=0 hall_px=59 FG/HBG/EBG=24/192/960 fallback=0 rel=0.821/0.711/0.949 wmean=1.000 grad_preclip=99.89
[E48] batch=130/153 pseudo=2 loss=2.1772 seg=0.3827 semseg=0.1577 mard=1.9898 lambda=0.034781 box_extra=0 mask_extra=0 DURR=0.0409 (dir=0.2046,res=-0.0000,hall=-0.0000) route_px=110 rescue_px=0 hall_px=0 FG/HBG/EBG=16/128/640 fallback=0 rel=0.910/0.850/0.970 wmean=1.000 grad_preclip=20.88
[E48] batch=140/153 pseudo=3 loss=5.4209 seg=0.6115 semseg=0.3927 mard=1.9804 lambda=0.022800 box_extra=3 mask_extra=1 DURR=0.0175 (dir=0.0875,res=-0.0000,hall=-0.0000) route_px=278 rescue_px=0 hall_px=0 FG/HBG/EBG=24/192/960 fallback=0 rel=0.817/0.760/0.885 wmean=1.000 grad_preclip=45.12
[E48] batch=150/153 pseudo=2 loss=2.2215 seg=0.1951 semseg=0.0980 mard=1.9519 lambda=0.030834 box_extra=0 mask_extra=0 DURR=0.5441 (dir=0.0985,res=-0.0000,hall=2.6221) route_px=165 rescue_px=0 hall_px=54 FG/HBG/EBG=16/128/640 fallback=0 rel=0.881/0.817/0.946 wmean=1.000 grad_preclip=89.87
[E48] batch=153/153 pseudo=3 loss=1.9132 seg=0.2084 semseg=0.0728 mard=2.0228 lambda=0.041621 box_extra=0 mask_extra=0 DURR=0.0304 (dir=0.1521,res=-0.0000,hall=-0.0000) route_px=238 rescue_px=0 hall_px=0 FG/HBG/EBG=24/192/960 fallback=0 rel=0.943/0.924/0.958 wmean=1.000 grad_preclip=23.62

[Epoch 48] DONE time=41.8s valid=153 skipped=0 pseudo=530 anchors=477 box_extra=75 mask_extra=53 reject_rel=22 DURR=0.0807 (dir=0.1648,res=0.0186,hall=0.1919) empty=99 rescue=8/8 hall_trigger=11 loss=5.4564 seg=0.4715 semseg=0.3906 mard=2.0222 lambda_avg=0.032213 FG/HBG/EBG=27.7/219.6/1067.9 rel=0.882/0.663/0.970 wmean=1.000
[E49] batch=001/153 pseudo=1 loss=1.3975 seg=0.4724 semseg=0.1753 mard=1.9567 lambda=0.044774 box_extra=2 mask_extra=0 DURR=0.2839 (dir=0.1734,res=-0.0000,hall=1.2461) route_px=105 rescue_px=0 hall_px=1 FG/HBG/EBG=8/64/320 fallback=0 rel=0.948/0.948/0.948 wmean=1.000 grad_preclip=25.06
[E49] batch=010/153 pseudo=3 loss=10.2273 seg=1.7295 semseg=0.8278 mard=2.0234 lambda=0.031403 box_extra=1 mask_extra=0 DURR=0.0130 (dir=0.0650,res=-0.0000,hall=-0.0000) route_px=365 rescue_px=0 hall_px=0 FG/HBG/EBG=24/192/960 fallback=0 rel=0.875/0.798/0.914 wmean=1.000 grad_preclip=58.31
[E49] batch=020/153 pseudo=4 loss=6.9707 seg=0.6330 semseg=0.3621 mard=1.9719 lambda=0.023471 box_extra=0 mask_extra=0 DURR=0.0268 (dir=0.1338,res=-0.0000,hall=-0.0000) route_px=365 rescue_px=0 hall_px=0 FG/HBG/EBG=32/256/1280 fallback=0 rel=0.831/0.729/0.965 wmean=1.000 grad_preclip=90.11
[E49] batch=030/153 pseudo=4 loss=7.0680 seg=0.4921 semseg=0.5923 mard=2.0009 lambda=0.024867 box_extra=1 mask_extra=1 DURR=0.0423 (dir=0.2113,res=-0.0000,hall=-0.0000) route_px=162 rescue_px=0 hall_px=0 FG/HBG/EBG=32/256/1280 fallback=0 rel=0.833/0.663/0.946 wmean=1.000 grad_preclip=61.53
[E49] batch=040/153 pseudo=3 loss=6.5745 seg=0.4684 semseg=0.6977 mard=2.0444 lambda=0.034358 box_extra=1 mask_extra=1 DURR=0.0298 (dir=0.1492,res=-0.0000,hall=-0.0000) route_px=104 rescue_px=0 hall_px=0 FG/HBG/EBG=24/192/960 fallback=0 rel=0.894/0.802/0.942 wmean=1.000 grad_preclip=59.29
[E49] batch=050/153 pseudo=2 loss=2.9101 seg=0.2965 semseg=0.2424 mard=2.0145 lambda=0.032075 box_extra=1 mask_extra=1 DURR=0.1519 (dir=0.1347,res=0.2500,hall=-0.0000) route_px=32 rescue_px=641 hall_px=0 FG/HBG/EBG=16/128/640 fallback=0 rel=0.884/0.878/0.890 wmean=1.000 grad_preclip=63.07
[E49] batch=060/153 pseudo=3 loss=2.9811 seg=0.3543 semseg=0.0858 mard=2.0399 lambda=0.036877 box_extra=0 mask_extra=0 DURR=0.0467 (dir=0.2334,res=-0.0000,hall=-0.0000) route_px=185 rescue_px=0 hall_px=0 FG/HBG/EBG=24/192/960 fallback=0 rel=0.904/0.832/0.957 wmean=1.000 grad_preclip=22.46
[E49] batch=070/153 pseudo=4 loss=4.3536 seg=0.3136 semseg=0.1609 mard=2.0478 lambda=0.040112 box_extra=1 mask_extra=1 DURR=0.2214 (dir=0.1829,res=0.3697,hall=-0.0000) route_px=300 rescue_px=166 hall_px=0 FG/HBG/EBG=32/256/1280 fallback=0 rel=0.930/0.881/0.951 wmean=1.000 grad_preclip=63.62
[E49] batch=080/153 pseudo=2 loss=1.5823 seg=0.1462 semseg=0.1642 mard=1.9820 lambda=0.038487 box_extra=0 mask_extra=0 DURR=0.0377 (dir=0.1887,res=-0.0000,hall=-0.0000) route_px=102 rescue_px=0 hall_px=0 FG/HBG/EBG=16/128/640 fallback=0 rel=0.926/0.887/0.965 wmean=1.000 grad_preclip=17.79
[E49] batch=090/153 pseudo=3 loss=3.1237 seg=0.2982 semseg=0.0885 mard=2.0917 lambda=0.036051 box_extra=0 mask_extra=0 DURR=0.0301 (dir=0.1505,res=-0.0000,hall=-0.0000) route_px=175 rescue_px=0 hall_px=0 FG/HBG/EBG=24/192/960 fallback=0 rel=0.901/0.804/0.954 wmean=1.000 grad_preclip=19.91
[E49] batch=100/153 pseudo=4 loss=6.7270 seg=0.5360 semseg=0.5282 mard=2.0649 lambda=0.017005 box_extra=0 mask_extra=0 DURR=0.0193 (dir=0.0966,res=-0.0000,hall=-0.0000) route_px=332 rescue_px=0 hall_px=0 FG/HBG/EBG=32/256/1280 fallback=0 rel=0.788/0.683/0.951 wmean=1.000 grad_preclip=45.85
[E49] batch=110/153 pseudo=4 loss=4.8511 seg=0.5249 semseg=0.2476 mard=2.0152 lambda=0.031271 box_extra=0 mask_extra=0 DURR=0.0241 (dir=0.1207,res=-0.0000,hall=-0.0000) route_px=386 rescue_px=0 hall_px=0 FG/HBG/EBG=32/256/1280 fallback=0 rel=0.872/0.789/0.962 wmean=1.000 grad_preclip=29.65
[E49] batch=120/153 pseudo=3 loss=2.5885 seg=0.3302 semseg=0.1497 mard=2.0406 lambda=0.042390 box_extra=0 mask_extra=0 DURR=0.0313 (dir=0.1565,res=-0.0000,hall=-0.0000) route_px=267 rescue_px=0 hall_px=0 FG/HBG/EBG=24/192/960 fallback=0 rel=0.941/0.927/0.958 wmean=1.000 grad_preclip=23.41
[E49] batch=130/153 pseudo=4 loss=9.1600 seg=0.6197 semseg=0.3594 mard=2.0251 lambda=0.026702 box_extra=2 mask_extra=2 DURR=0.0398 (dir=0.1991,res=-0.0000,hall=-0.0000) route_px=243 rescue_px=0 hall_px=0 FG/HBG/EBG=32/256/1280 fallback=0 rel=0.848/0.787/0.896 wmean=1.000 grad_preclip=103.43
[E49] batch=140/153 pseudo=3 loss=5.7311 seg=0.5160 semseg=0.2602 mard=1.9609 lambda=0.024464 box_extra=1 mask_extra=1 DURR=0.6119 (dir=0.1690,res=-0.0000,hall=2.8906) route_px=119 rescue_px=0 hall_px=1038 FG/HBG/EBG=24/192/960 fallback=0 rel=0.842/0.754/0.935 wmean=1.000 grad_preclip=30.05
[E49] batch=150/153 pseudo=4 loss=5.7553 seg=0.4674 semseg=0.1899 mard=1.9763 lambda=0.024675 box_extra=0 mask_extra=0 DURR=0.0322 (dir=0.1611,res=-0.0000,hall=-0.0000) route_px=359 rescue_px=0 hall_px=0 FG/HBG/EBG=32/256/1280 fallback=0 rel=0.840/0.704/0.938 wmean=1.000 grad_preclip=76.90
[E49] batch=153/153 pseudo=3 loss=10.4739 seg=0.9434 semseg=1.1861 mard=2.0131 lambda=0.027341 box_extra=0 mask_extra=0 DURR=0.0276 (dir=0.1382,res=-0.0000,hall=-0.0000) route_px=408 rescue_px=0 hall_px=0 FG/HBG/EBG=24/192/960 fallback=0 rel=0.830/0.726/0.916 wmean=1.000 grad_preclip=102.01

[Epoch 49] DONE time=42.0s valid=153 skipped=0 pseudo=540 anchors=489 box_extra=76 mask_extra=51 reject_rel=25 DURR=0.0657 (dir=0.1605,res=0.0136,hall=0.1342) empty=93 rescue=8/8 hall_trigger=7 loss=5.4211 seg=0.4717 semseg=0.3651 mard=2.0265 lambda_avg=0.031748 FG/HBG/EBG=28.2/221.7/1080.9 rel=0.878/0.661/0.969 wmean=1.000
[E50] batch=001/153 pseudo=3 loss=1.7861 seg=0.1429 semseg=0.0533 mard=1.9090 lambda=0.034281 box_extra=1 mask_extra=1 DURR=0.0442 (dir=0.2208,res=-0.0000,hall=-0.0000) route_px=106 rescue_px=0 hall_px=0 FG/HBG/EBG=24/192/960 fallback=0 rel=0.903/0.878/0.951 wmean=1.000 grad_preclip=24.31
[E50] batch=010/153 pseudo=4 loss=8.1939 seg=0.3655 semseg=0.3242 mard=2.0083 lambda=0.023199 box_extra=0 mask_extra=0 DURR=0.0195 (dir=0.0975,res=-0.0000,hall=-0.0000) route_px=465 rescue_px=0 hall_px=0 FG/HBG/EBG=32/192/960 fallback=0 rel=0.819/0.674/0.962 wmean=1.000 grad_preclip=40.20
[E50] batch=020/153 pseudo=2 loss=4.1340 seg=0.3209 semseg=0.5977 mard=1.9832 lambda=0.024254 box_extra=1 mask_extra=0 DURR=0.5995 (dir=0.1859,res=-0.0000,hall=2.8116) route_px=243 rescue_px=0 hall_px=751 FG/HBG/EBG=16/128/640 fallback=0 rel=0.845/0.835/0.854 wmean=1.000 grad_preclip=41.97
[E50] batch=030/153 pseudo=3 loss=5.7536 seg=0.8295 semseg=0.2037 mard=1.9664 lambda=0.031823 box_extra=1 mask_extra=1 DURR=0.1680 (dir=0.1771,res=0.2652,hall=-0.0000) route_px=105 rescue_px=166 hall_px=0 FG/HBG/EBG=24/192/960 fallback=0 rel=0.877/0.853/0.903 wmean=1.000 grad_preclip=50.03
[E50] batch=040/153 pseudo=3 loss=7.1751 seg=0.5903 semseg=0.4351 mard=2.0203 lambda=0.027817 box_extra=0 mask_extra=0 DURR=0.6886 (dir=0.1848,res=-0.0000,hall=3.2580) route_px=118 rescue_px=0 hall_px=215 FG/HBG/EBG=24/192/960 fallback=0 rel=0.860/0.766/0.953 wmean=1.000 grad_preclip=73.48
[E50] batch=050/153 pseudo=3 loss=6.5495 seg=1.0452 semseg=0.4811 mard=2.0100 lambda=0.034849 box_extra=1 mask_extra=1 DURR=0.0603 (dir=0.3014,res=-0.0000,hall=-0.0000) route_px=202 rescue_px=0 hall_px=0 FG/HBG/EBG=24/192/960 fallback=0 rel=0.890/0.796/0.940 wmean=1.000 grad_preclip=44.62
[E50] batch=060/153 pseudo=5 loss=13.3268 seg=1.1668 semseg=0.3613 mard=2.0041 lambda=0.024919 box_extra=0 mask_extra=0 DURR=0.0367 (dir=0.1836,res=-0.0000,hall=-0.0000) route_px=305 rescue_px=0 hall_px=0 FG/HBG/EBG=40/256/1280 fallback=0 rel=0.833/0.771/0.946 wmean=1.000 grad_preclip=63.05
[E50] batch=070/153 pseudo=3 loss=2.7077 seg=0.2264 semseg=0.1177 mard=2.0231 lambda=0.030355 box_extra=1 mask_extra=1 DURR=0.0505 (dir=0.2523,res=-0.0000,hall=-0.0000) route_px=176 rescue_px=0 hall_px=0 FG/HBG/EBG=24/192/960 fallback=0 rel=0.879/0.803/0.939 wmean=1.000 grad_preclip=25.43
[E50] batch=080/153 pseudo=3 loss=3.6799 seg=0.2699 semseg=0.2587 mard=2.0199 lambda=0.034231 box_extra=1 mask_extra=0 DURR=0.5338 (dir=0.1571,res=-0.0000,hall=2.5117) route_px=167 rescue_px=0 hall_px=599 FG/HBG/EBG=24/192/960 fallback=0 rel=0.893/0.786/0.954 wmean=1.000 grad_preclip=41.54
[E50] batch=090/153 pseudo=4 loss=6.4056 seg=0.3686 semseg=0.2629 mard=2.0524 lambda=0.033410 box_extra=1 mask_extra=1 DURR=0.0304 (dir=0.1521,res=-0.0000,hall=-0.0000) route_px=271 rescue_px=0 hall_px=0 FG/HBG/EBG=32/256/1280 fallback=0 rel=0.891/0.796/0.947 wmean=1.000 grad_preclip=32.68
[E50] batch=100/153 pseudo=3 loss=7.9722 seg=1.1238 semseg=0.5366 mard=2.0448 lambda=0.022657 box_extra=2 mask_extra=2 DURR=0.0112 (dir=0.0559,res=-0.0000,hall=-0.0000) route_px=74 rescue_px=0 hall_px=0 FG/HBG/EBG=24/192/960 fallback=0 rel=0.825/0.768/0.927 wmean=1.000 grad_preclip=50.65
[E50] batch=110/153 pseudo=5 loss=5.3184 seg=0.5403 semseg=0.1981 mard=1.9803 lambda=0.031184 box_extra=0 mask_extra=0 DURR=0.0374 (dir=0.1869,res=-0.0000,hall=-0.0000) route_px=310 rescue_px=0 hall_px=0 FG/HBG/EBG=40/256/1280 fallback=0 rel=0.867/0.716/0.947 wmean=1.000 grad_preclip=32.94
[E50] batch=120/153 pseudo=3 loss=9.3268 seg=1.0611 semseg=0.7657 mard=2.0990 lambda=0.010967 box_extra=0 mask_extra=0 DURR=0.3795 (dir=0.1261,res=-0.0000,hall=1.7713) route_px=462 rescue_px=0 hall_px=2 FG/HBG/EBG=24/192/960 fallback=0 rel=0.744/0.662/0.824 wmean=1.000 grad_preclip=50.10
[E50] batch=130/153 pseudo=3 loss=3.7892 seg=0.4054 semseg=0.2382 mard=1.9830 lambda=0.022423 box_extra=0 mask_extra=0 DURR=0.0195 (dir=0.0977,res=-0.0000,hall=-0.0000) route_px=194 rescue_px=0 hall_px=0 FG/HBG/EBG=24/192/960 fallback=0 rel=0.831/0.691/0.928 wmean=1.000 grad_preclip=30.04
[E50] batch=140/153 pseudo=5 loss=7.0709 seg=0.3748 semseg=0.6336 mard=1.9358 lambda=0.027877 box_extra=3 mask_extra=2 DURR=0.1424 (dir=0.1625,res=0.2199,hall=-0.0000) route_px=166 rescue_px=137 hall_px=0 FG/HBG/EBG=40/320/1216 fallback=0 rel=0.859/0.760/0.952 wmean=1.000 grad_preclip=112.86
[E50] batch=150/153 pseudo=3 loss=3.3345 seg=0.3675 semseg=0.2226 mard=2.0914 lambda=0.034291 box_extra=1 mask_extra=0 DURR=0.0313 (dir=0.1565,res=-0.0000,hall=-0.0000) route_px=170 rescue_px=0 hall_px=0 FG/HBG/EBG=24/192/960 fallback=0 rel=0.895/0.862/0.918 wmean=1.000 grad_preclip=18.43
[E50] batch=153/153 pseudo=4 loss=7.2090 seg=0.6986 semseg=0.3481 mard=2.0257 lambda=0.039848 box_extra=0 mask_extra=0 DURR=0.0282 (dir=0.1410,res=-0.0000,hall=-0.0000) route_px=393 rescue_px=0 hall_px=0 FG/HBG/EBG=32/256/1280 fallback=0 rel=0.932/0.914/0.941 wmean=1.000 grad_preclip=26.51

[Epoch 50] DONE time=41.9s valid=153 skipped=0 pseudo=539 anchors=480 box_extra=81 mask_extra=59 reject_rel=22 DURR=0.0692 (dir=0.1609,res=0.0142,hall=0.1498) empty=96 rescue=9/9 hall_trigger=10 loss=5.3128 seg=0.4768 semseg=0.3494 mard=2.0202 lambda_avg=0.031795 FG/HBG/EBG=28.2/220.9/1074.2 rel=0.879/0.662/0.970 wmean=1.000
[SAVE] /home/dang/MedRT-SFOD/runs/seg/dense_sfseg/cvc_durr_v1_segmard_v2_60ep/checkpoints/dense_sfseg_epoch_50.pt
[E51] batch=001/153 pseudo=4 loss=6.4398 seg=0.6897 semseg=0.2998 mard=2.0208 lambda=0.033408 box_extra=1 mask_extra=1 DURR=0.0162 (dir=0.0810,res=-0.0000,hall=-0.0000) route_px=314 rescue_px=0 hall_px=0 FG/HBG/EBG=32/256/1280 fallback=0 rel=0.888/0.817/0.930 wmean=1.000 grad_preclip=28.25
[E51] batch=010/153 pseudo=3 loss=4.7073 seg=0.3439 semseg=0.2230 mard=1.9511 lambda=0.032593 box_extra=0 mask_extra=0 DURR=0.7160 (dir=0.2656,res=-0.0000,hall=3.3142) route_px=265 rescue_px=0 hall_px=1166 FG/HBG/EBG=24/192/960 fallback=0 rel=0.885/0.808/0.945 wmean=1.000 grad_preclip=38.76
[E51] batch=020/153 pseudo=1 loss=2.0765 seg=0.8288 semseg=0.5374 mard=2.0960 lambda=0.016516 box_extra=0 mask_extra=0 DURR=0.0074 (dir=0.0369,res=-0.0000,hall=-0.0000) route_px=92 rescue_px=0 hall_px=0 FG/HBG/EBG=8/64/320 fallback=0 rel=0.791/0.791/0.791 wmean=1.000 grad_preclip=30.74
[E51] batch=030/153 pseudo=5 loss=4.5655 seg=0.5365 semseg=0.1561 mard=2.0311 lambda=0.032690 box_extra=0 mask_extra=0 DURR=0.0248 (dir=0.1238,res=-0.0000,hall=-0.0000) route_px=300 rescue_px=0 hall_px=0 FG/HBG/EBG=40/256/1280 fallback=0 rel=0.884/0.723/0.966 wmean=1.000 grad_preclip=49.20
[E51] batch=040/153 pseudo=2 loss=3.4768 seg=0.4055 semseg=0.1889 mard=2.1359 lambda=0.024810 box_extra=0 mask_extra=0 DURR=0.7801 (dir=0.2665,res=-0.0000,hall=3.6340) route_px=52 rescue_px=0 hall_px=834 FG/HBG/EBG=16/128/640 fallback=0 rel=0.834/0.746/0.923 wmean=1.000 grad_preclip=45.64
[E51] batch=050/153 pseudo=3 loss=4.7073 seg=0.7845 semseg=0.2554 mard=1.9942 lambda=0.038987 box_extra=1 mask_extra=0 DURR=0.0307 (dir=0.1537,res=-0.0000,hall=-0.0000) route_px=242 rescue_px=0 hall_px=0 FG/HBG/EBG=24/192/960 fallback=0 rel=0.926/0.856/0.964 wmean=1.000 grad_preclip=32.24
[E51] batch=060/153 pseudo=4 loss=9.3567 seg=0.8247 semseg=0.4807 mard=1.9852 lambda=0.030743 box_extra=1 mask_extra=1 DURR=0.0228 (dir=0.1139,res=-0.0000,hall=-0.0000) route_px=280 rescue_px=0 hall_px=0 FG/HBG/EBG=32/256/1280 fallback=0 rel=0.875/0.766/0.945 wmean=1.000 grad_preclip=63.47
[E51] batch=070/153 pseudo=3 loss=7.0346 seg=0.2655 semseg=0.8446 mard=2.0387 lambda=0.024073 box_extra=1 mask_extra=1 DURR=0.3228 (dir=0.1169,res=-0.0000,hall=1.4972) route_px=156 rescue_px=0 hall_px=45 FG/HBG/EBG=24/192/960 fallback=0 rel=0.838/0.810/0.885 wmean=1.000 grad_preclip=72.54
[E51] batch=080/153 pseudo=4 loss=8.5927 seg=0.4086 semseg=0.8190 mard=2.0362 lambda=0.012594 box_extra=1 mask_extra=1 DURR=0.0108 (dir=0.0541,res=-0.0000,hall=-0.0000) route_px=133 rescue_px=0 hall_px=0 FG/HBG/EBG=32/256/1280 fallback=0 rel=0.769/0.695/0.893 wmean=1.000 grad_preclip=45.25
[E51] batch=090/153 pseudo=4 loss=3.3391 seg=0.3545 semseg=0.1643 mard=2.0156 lambda=0.037345 box_extra=0 mask_extra=0 DURR=0.0263 (dir=0.1316,res=-0.0000,hall=-0.0000) route_px=237 rescue_px=0 hall_px=0 FG/HBG/EBG=32/256/1280 fallback=0 rel=0.920/0.873/0.950 wmean=1.000 grad_preclip=26.44
[E51] batch=100/153 pseudo=2 loss=1.7622 seg=0.1939 semseg=0.1663 mard=2.0178 lambda=0.037798 box_extra=0 mask_extra=0 DURR=0.0339 (dir=0.1697,res=-0.0000,hall=-0.0000) route_px=107 rescue_px=0 hall_px=0 FG/HBG/EBG=16/128/640 fallback=0 rel=0.923/0.893/0.954 wmean=1.000 grad_preclip=18.26
[E51] batch=110/153 pseudo=4 loss=5.0584 seg=0.4265 semseg=0.1834 mard=2.0075 lambda=0.033696 box_extra=0 mask_extra=0 DURR=0.0264 (dir=0.1319,res=-0.0000,hall=-0.0000) route_px=224 rescue_px=0 hall_px=0 FG/HBG/EBG=32/256/1280 fallback=0 rel=0.889/0.750/0.941 wmean=1.000 grad_preclip=32.80
[E51] batch=120/153 pseudo=4 loss=3.6065 seg=0.2267 semseg=0.1098 mard=2.0234 lambda=0.040413 box_extra=1 mask_extra=1 DURR=0.0400 (dir=0.2002,res=-0.0000,hall=-0.0000) route_px=220 rescue_px=0 hall_px=0 FG/HBG/EBG=32/256/1280 fallback=0 rel=0.936/0.882/0.959 wmean=1.000 grad_preclip=71.58
[E51] batch=130/153 pseudo=4 loss=17.7386 seg=2.3498 semseg=0.6537 mard=2.0220 lambda=0.026972 box_extra=0 mask_extra=0 DURR=0.0227 (dir=0.1133,res=-0.0000,hall=-0.0000) route_px=253 rescue_px=0 hall_px=0 FG/HBG/EBG=32/256/1280 fallback=0 rel=0.860/0.768/0.947 wmean=1.000 grad_preclip=127.58
[E51] batch=140/153 pseudo=4 loss=3.4207 seg=0.3300 semseg=0.1172 mard=1.9840 lambda=0.027918 box_extra=0 mask_extra=0 DURR=0.0290 (dir=0.1448,res=-0.0000,hall=-0.0000) route_px=258 rescue_px=0 hall_px=0 FG/HBG/EBG=32/256/1280 fallback=0 rel=0.856/0.719/0.942 wmean=1.000 grad_preclip=26.91
[E51] batch=150/153 pseudo=5 loss=3.6016 seg=0.2818 semseg=0.1459 mard=2.0636 lambda=0.034703 box_extra=0 mask_extra=0 DURR=0.0299 (dir=0.1495,res=-0.0000,hall=-0.0000) route_px=355 rescue_px=0 hall_px=0 FG/HBG/EBG=40/256/1280 fallback=0 rel=0.902/0.788/0.953 wmean=1.000 grad_preclip=31.61
[E51] batch=153/153 pseudo=4 loss=4.3601 seg=0.2875 semseg=0.2173 mard=2.0654 lambda=0.033833 box_extra=0 mask_extra=0 DURR=0.0391 (dir=0.1957,res=-0.0000,hall=-0.0000) route_px=228 rescue_px=0 hall_px=0 FG/HBG/EBG=32/256/1280 fallback=0 rel=0.894/0.738/0.957 wmean=1.000 grad_preclip=30.94

[Epoch 51] DONE time=41.8s valid=153 skipped=0 pseudo=541 anchors=482 box_extra=82 mask_extra=59 reject_rel=23 DURR=0.0757 (dir=0.1697,res=0.0131,hall=0.1763) empty=92 rescue=7/7 hall_trigger=12 loss=5.3437 seg=0.4717 semseg=0.3551 mard=2.0280 lambda_avg=0.031959 FG/HBG/EBG=28.3/221.7/1083.4 rel=0.880/0.674/0.970 wmean=1.000
[E52] batch=001/153 pseudo=2 loss=3.0694 seg=0.3882 semseg=0.3678 mard=2.1236 lambda=0.035389 box_extra=0 mask_extra=0 DURR=0.3643 (dir=0.1994,res=-0.0000,hall=1.6220) route_px=168 rescue_px=0 hall_px=3 FG/HBG/EBG=16/128/640 fallback=0 rel=0.904/0.850/0.958 wmean=1.000 grad_preclip=27.33
[E52] batch=010/153 pseudo=2 loss=2.0102 seg=0.3368 semseg=0.2137 mard=2.1268 lambda=0.031571 box_extra=0 mask_extra=0 DURR=0.0422 (dir=0.2112,res=-0.0000,hall=-0.0000) route_px=77 rescue_px=0 hall_px=0 FG/HBG/EBG=16/128/640 fallback=0 rel=0.877/0.800/0.953 wmean=1.000 grad_preclip=19.31
[E52] batch=020/153 pseudo=4 loss=5.8377 seg=0.2808 semseg=0.4750 mard=2.0374 lambda=0.035567 box_extra=0 mask_extra=0 DURR=0.0204 (dir=0.1020,res=-0.0000,hall=-0.0000) route_px=376 rescue_px=0 hall_px=0 FG/HBG/EBG=32/256/1280 fallback=0 rel=0.906/0.797/0.967 wmean=1.000 grad_preclip=67.21
[E52] batch=030/153 pseudo=4 loss=8.6507 seg=0.7540 semseg=0.2932 mard=2.0127 lambda=0.031819 box_extra=0 mask_extra=0 DURR=0.0319 (dir=0.1594,res=-0.0000,hall=-0.0000) route_px=278 rescue_px=0 hall_px=0 FG/HBG/EBG=32/256/1280 fallback=0 rel=0.879/0.768/0.934 wmean=1.000 grad_preclip=36.53
[E52] batch=040/153 pseudo=3 loss=3.0265 seg=0.2447 semseg=0.0883 mard=2.0650 lambda=0.022877 box_extra=0 mask_extra=0 DURR=0.0217 (dir=0.1084,res=-0.0000,hall=-0.0000) route_px=191 rescue_px=0 hall_px=0 FG/HBG/EBG=24/192/960 fallback=0 rel=0.834/0.775/0.941 wmean=1.000 grad_preclip=79.02
[E52] batch=050/153 pseudo=5 loss=5.6411 seg=0.5951 semseg=0.2724 mard=2.0682 lambda=0.031593 box_extra=1 mask_extra=1 DURR=0.0289 (dir=0.1443,res=-0.0000,hall=-0.0000) route_px=301 rescue_px=0 hall_px=0 FG/HBG/EBG=40/320/1216 fallback=0 rel=0.868/0.797/0.947 wmean=1.000 grad_preclip=28.72
[E52] batch=060/153 pseudo=4 loss=3.5537 seg=0.1896 semseg=0.1670 mard=2.0174 lambda=0.029619 box_extra=1 mask_extra=1 DURR=0.0145 (dir=0.0727,res=-0.0000,hall=-0.0000) route_px=43 rescue_px=0 hall_px=0 FG/HBG/EBG=32/256/1280 fallback=0 rel=0.878/0.756/0.936 wmean=1.000 grad_preclip=31.17
[E52] batch=070/153 pseudo=4 loss=2.8841 seg=0.1861 semseg=0.0953 mard=2.0413 lambda=0.039209 box_extra=1 mask_extra=1 DURR=0.1576 (dir=0.2106,res=0.2309,hall=-0.0000) route_px=216 rescue_px=166 hall_px=0 FG/HBG/EBG=32/256/1280 fallback=0 rel=0.929/0.876/0.959 wmean=1.000 grad_preclip=41.84
[E52] batch=080/153 pseudo=4 loss=3.2024 seg=0.3089 semseg=0.1243 mard=2.0434 lambda=0.036919 box_extra=0 mask_extra=0 DURR=0.0278 (dir=0.1391,res=-0.0000,hall=-0.0000) route_px=278 rescue_px=0 hall_px=0 FG/HBG/EBG=32/256/1280 fallback=0 rel=0.915/0.886/0.935 wmean=1.000 grad_preclip=24.29
[E52] batch=090/153 pseudo=4 loss=3.7059 seg=0.3413 semseg=0.1671 mard=2.0276 lambda=0.032471 box_extra=0 mask_extra=0 DURR=0.0206 (dir=0.1032,res=-0.0000,hall=-0.0000) route_px=304 rescue_px=0 hall_px=0 FG/HBG/EBG=32/256/1280 fallback=0 rel=0.884/0.764/0.953 wmean=1.000 grad_preclip=29.86
[E52] batch=100/153 pseudo=4 loss=6.1870 seg=0.4629 semseg=0.3129 mard=2.0416 lambda=0.029853 box_extra=1 mask_extra=1 DURR=0.0356 (dir=0.1782,res=-0.0000,hall=-0.0000) route_px=165 rescue_px=0 hall_px=0 FG/HBG/EBG=32/256/1280 fallback=0 rel=0.865/0.738/0.956 wmean=1.000 grad_preclip=40.11
[E52] batch=110/153 pseudo=2 loss=1.4374 seg=0.2632 semseg=0.1570 mard=1.9178 lambda=0.042094 box_extra=0 mask_extra=0 DURR=0.0395 (dir=0.1973,res=-0.0000,hall=-0.0000) route_px=175 rescue_px=0 hall_px=0 FG/HBG/EBG=16/128/640 fallback=0 rel=0.939/0.930/0.948 wmean=1.000 grad_preclip=15.90
[E52] batch=120/153 pseudo=2 loss=3.0926 seg=0.4033 semseg=0.1612 mard=1.9909 lambda=0.024719 box_extra=0 mask_extra=0 DURR=0.4838 (dir=0.1794,res=-0.0000,hall=2.2396) route_px=113 rescue_px=0 hall_px=242 FG/HBG/EBG=16/128/640 fallback=0 rel=0.840/0.785/0.896 wmean=1.000 grad_preclip=59.98
[E52] batch=130/153 pseudo=3 loss=1.7048 seg=0.2637 semseg=0.0927 mard=2.0628 lambda=0.041814 box_extra=0 mask_extra=0 DURR=0.0314 (dir=0.1569,res=-0.0000,hall=-0.0000) route_px=233 rescue_px=0 hall_px=0 FG/HBG/EBG=24/192/960 fallback=0 rel=0.939/0.925/0.949 wmean=1.000 grad_preclip=24.17
[E52] batch=140/153 pseudo=4 loss=29.0494 seg=1.2885 semseg=4.1173 mard=2.0382 lambda=0.033956 box_extra=0 mask_extra=0 DURR=0.0316 (dir=0.1581,res=-0.0000,hall=-0.0000) route_px=498 rescue_px=0 hall_px=0 FG/HBG/EBG=32/256/1280 fallback=0 rel=0.901/0.821/0.957 wmean=1.000 grad_preclip=142.92
[E52] batch=150/153 pseudo=3 loss=1.4797 seg=0.1485 semseg=0.0501 mard=2.0619 lambda=0.041692 box_extra=0 mask_extra=0 DURR=0.0489 (dir=0.2444,res=-0.0000,hall=-0.0000) route_px=223 rescue_px=0 hall_px=0 FG/HBG/EBG=24/192/960 fallback=0 rel=0.943/0.936/0.954 wmean=1.000 grad_preclip=22.32
[E52] batch=153/153 pseudo=3 loss=6.1426 seg=0.4813 semseg=0.3371 mard=2.0358 lambda=0.026350 box_extra=2 mask_extra=2 DURR=0.0421 (dir=0.2107,res=-0.0000,hall=-0.0000) route_px=78 rescue_px=0 hall_px=0 FG/HBG/EBG=24/192/960 fallback=0 rel=0.842/0.766/0.943 wmean=1.000 grad_preclip=25.69

[Epoch 52] DONE time=41.9s valid=153 skipped=0 pseudo=529 anchors=479 box_extra=73 mask_extra=50 reject_rel=23 DURR=0.0758 (dir=0.1707,res=0.0140,hall=0.1732) empty=102 rescue=8/8 hall_trigger=13 loss=5.0091 seg=0.4403 semseg=0.3435 mard=2.0227 lambda_avg=0.032352 FG/HBG/EBG=27.7/218.4/1061.6 rel=0.882/0.664/0.969 wmean=1.000
[E53] batch=001/153 pseudo=4 loss=4.6066 seg=0.3701 semseg=0.1715 mard=2.0250 lambda=0.034044 box_extra=0 mask_extra=0 DURR=0.0353 (dir=0.1764,res=-0.0000,hall=-0.0000) route_px=296 rescue_px=0 hall_px=0 FG/HBG/EBG=32/256/1280 fallback=0 rel=0.892/0.817/0.940 wmean=1.000 grad_preclip=28.90
[E53] batch=010/153 pseudo=3 loss=4.1209 seg=0.4997 semseg=0.2029 mard=2.0279 lambda=0.023849 box_extra=0 mask_extra=0 DURR=0.0183 (dir=0.0914,res=-0.0000,hall=-0.0000) route_px=164 rescue_px=0 hall_px=0 FG/HBG/EBG=24/192/960 fallback=0 rel=0.841/0.742/0.953 wmean=1.000 grad_preclip=21.47
[E53] batch=020/153 pseudo=4 loss=8.8332 seg=0.4725 semseg=0.7533 mard=2.0335 lambda=0.036270 box_extra=1 mask_extra=1 DURR=0.0285 (dir=0.1424,res=-0.0000,hall=-0.0000) route_px=234 rescue_px=0 hall_px=0 FG/HBG/EBG=32/256/1280 fallback=0 rel=0.896/0.798/0.936 wmean=1.000 grad_preclip=81.37
[E53] batch=030/153 pseudo=4 loss=2.9431 seg=0.3360 semseg=0.1122 mard=2.0111 lambda=0.033465 box_extra=1 mask_extra=1 DURR=0.0360 (dir=0.1802,res=-0.0000,hall=-0.0000) route_px=214 rescue_px=0 hall_px=0 FG/HBG/EBG=32/256/896 fallback=0 rel=0.888/0.815/0.933 wmean=1.000 grad_preclip=21.19
[E53] batch=040/153 pseudo=2 loss=2.7405 seg=0.2438 semseg=0.1358 mard=2.0980 lambda=0.023294 box_extra=1 mask_extra=1 DURR=0.0600 (dir=0.2998,res=-0.0000,hall=-0.0000) route_px=104 rescue_px=0 hall_px=0 FG/HBG/EBG=16/128/640 fallback=0 rel=0.842/0.789/0.895 wmean=1.000 grad_preclip=18.11
[E53] batch=050/153 pseudo=4 loss=4.7917 seg=0.2820 semseg=0.2150 mard=2.0550 lambda=0.034839 box_extra=1 mask_extra=1 DURR=0.0281 (dir=0.1403,res=-0.0000,hall=-0.0000) route_px=141 rescue_px=0 hall_px=0 FG/HBG/EBG=32/256/1280 fallback=0 rel=0.903/0.837/0.952 wmean=1.000 grad_preclip=105.19
[E53] batch=060/153 pseudo=4 loss=3.1140 seg=0.2239 semseg=0.1803 mard=2.0336 lambda=0.025447 box_extra=0 mask_extra=0 DURR=0.0236 (dir=0.1180,res=-0.0000,hall=-0.0000) route_px=466 rescue_px=0 hall_px=0 FG/HBG/EBG=32/256/1280 fallback=0 rel=0.853/0.790/0.897 wmean=1.000 grad_preclip=23.35
[E53] batch=070/153 pseudo=4 loss=3.9420 seg=0.3519 semseg=0.1400 mard=2.0060 lambda=0.039017 box_extra=0 mask_extra=0 DURR=0.0299 (dir=0.1497,res=-0.0000,hall=-0.0000) route_px=429 rescue_px=0 hall_px=0 FG/HBG/EBG=32/256/1280 fallback=0 rel=0.920/0.878/0.959 wmean=1.000 grad_preclip=30.82
[E53] batch=080/153 pseudo=3 loss=4.7835 seg=0.4398 semseg=0.2766 mard=1.9666 lambda=0.030793 box_extra=1 mask_extra=0 DURR=0.0295 (dir=0.1475,res=-0.0000,hall=-0.0000) route_px=292 rescue_px=0 hall_px=0 FG/HBG/EBG=24/192/960 fallback=0 rel=0.874/0.778/0.931 wmean=1.000 grad_preclip=24.37
[E53] batch=090/153 pseudo=4 loss=10.3459 seg=0.9790 semseg=0.4738 mard=2.0197 lambda=0.029838 box_extra=0 mask_extra=0 DURR=0.0329 (dir=0.1645,res=-0.0000,hall=-0.0000) route_px=195 rescue_px=0 hall_px=0 FG/HBG/EBG=32/256/1280 fallback=0 rel=0.877/0.787/0.954 wmean=1.000 grad_preclip=37.86
[E53] batch=100/153 pseudo=4 loss=2.4498 seg=0.1817 semseg=0.0701 mard=1.9923 lambda=0.038774 box_extra=0 mask_extra=0 DURR=0.0349 (dir=0.1746,res=-0.0000,hall=-0.0000) route_px=217 rescue_px=0 hall_px=0 FG/HBG/EBG=32/256/1280 fallback=0 rel=0.927/0.906/0.938 wmean=1.000 grad_preclip=24.97
[E53] batch=110/153 pseudo=4 loss=6.4993 seg=0.6849 semseg=0.2475 mard=2.0922 lambda=0.039967 box_extra=0 mask_extra=0 DURR=0.0214 (dir=0.1069,res=-0.0000,hall=-0.0000) route_px=472 rescue_px=0 hall_px=0 FG/HBG/EBG=32/256/1280 fallback=0 rel=0.926/0.885/0.955 wmean=1.000 grad_preclip=94.33
[E53] batch=120/153 pseudo=4 loss=6.3323 seg=0.4688 semseg=0.3825 mard=1.9739 lambda=0.018227 box_extra=0 mask_extra=0 DURR=0.0274 (dir=0.1372,res=-0.0000,hall=-0.0000) route_px=380 rescue_px=0 hall_px=0 FG/HBG/EBG=32/256/1280 fallback=0 rel=0.804/0.721/0.953 wmean=1.000 grad_preclip=37.59
[E53] batch=130/153 pseudo=5 loss=3.4881 seg=0.2455 semseg=0.1037 mard=2.0306 lambda=0.036334 box_extra=1 mask_extra=1 DURR=0.0347 (dir=0.1734,res=-0.0000,hall=-0.0000) route_px=275 rescue_px=0 hall_px=0 FG/HBG/EBG=40/320/1216 fallback=0 rel=0.906/0.831/0.951 wmean=1.000 grad_preclip=24.92
[E53] batch=140/153 pseudo=3 loss=11.0004 seg=0.9706 semseg=1.6192 mard=2.0568 lambda=0.032699 box_extra=0 mask_extra=0 DURR=0.0408 (dir=0.2041,res=-0.0000,hall=-0.0000) route_px=173 rescue_px=0 hall_px=0 FG/HBG/EBG=24/192/960 fallback=0 rel=0.872/0.699/0.963 wmean=1.000 grad_preclip=53.11
[E53] batch=150/153 pseudo=2 loss=1.4032 seg=0.2109 semseg=0.1248 mard=2.0539 lambda=0.044529 box_extra=1 mask_extra=0 DURR=0.0419 (dir=0.2097,res=-0.0000,hall=-0.0000) route_px=138 rescue_px=0 hall_px=0 FG/HBG/EBG=16/128/640 fallback=0 rel=0.958/0.952/0.964 wmean=1.000 grad_preclip=17.14
[E53] batch=153/153 pseudo=3 loss=3.1848 seg=0.3919 semseg=0.1575 mard=2.0470 lambda=0.034753 box_extra=1 mask_extra=0 DURR=0.0339 (dir=0.1693,res=-0.0000,hall=-0.0000) route_px=248 rescue_px=0 hall_px=0 FG/HBG/EBG=24/192/960 fallback=0 rel=0.895/0.815/0.945 wmean=1.000 grad_preclip=22.72

[Epoch 53] DONE time=42.0s valid=153 skipped=0 pseudo=539 anchors=486 box_extra=78 mask_extra=53 reject_rel=25 DURR=0.0470 (dir=0.1586,res=0.0113,hall=0.0480) empty=92 rescue=8/8 hall_trigger=4 loss=5.4194 seg=0.5051 semseg=0.3992 mard=2.0237 lambda_avg=0.031488 FG/HBG/EBG=28.2/222.5/1082.6 rel=0.880/0.662/0.970 wmean=1.000
[E54] batch=001/153 pseudo=4 loss=3.8457 seg=0.3329 semseg=0.1274 mard=2.1082 lambda=0.038416 box_extra=0 mask_extra=0 DURR=0.0323 (dir=0.1615,res=-0.0000,hall=-0.0000) route_px=432 rescue_px=0 hall_px=0 FG/HBG/EBG=32/256/1280 fallback=0 rel=0.925/0.885/0.956 wmean=1.000 grad_preclip=23.18
[E54] batch=010/153 pseudo=4 loss=2.7047 seg=0.2987 semseg=0.1068 mard=2.0308 lambda=0.041447 box_extra=0 mask_extra=0 DURR=0.0389 (dir=0.1944,res=-0.0000,hall=-0.0000) route_px=340 rescue_px=0 hall_px=0 FG/HBG/EBG=32/256/1280 fallback=0 rel=0.936/0.921/0.951 wmean=1.000 grad_preclip=27.12
[E54] batch=020/153 pseudo=4 loss=5.1387 seg=0.3299 semseg=0.3164 mard=2.0328 lambda=0.032543 box_extra=0 mask_extra=0 DURR=0.0354 (dir=0.1769,res=-0.0000,hall=-0.0000) route_px=418 rescue_px=0 hall_px=0 FG/HBG/EBG=32/256/1280 fallback=0 rel=0.889/0.786/0.954 wmean=1.000 grad_preclip=46.49
[E54] batch=030/153 pseudo=4 loss=3.1259 seg=0.2913 semseg=0.1303 mard=2.0015 lambda=0.040690 box_extra=0 mask_extra=0 DURR=0.0303 (dir=0.1514,res=-0.0000,hall=-0.0000) route_px=298 rescue_px=0 hall_px=0 FG/HBG/EBG=32/256/1280 fallback=0 rel=0.933/0.904/0.951 wmean=1.000 grad_preclip=20.09
[E54] batch=040/153 pseudo=1 loss=3.1930 seg=1.3872 semseg=0.3346 mard=2.0975 lambda=0.010866 box_extra=1 mask_extra=0 DURR=0.5396 (dir=-0.0000,res=-0.0000,hall=2.6982) route_px=0 rescue_px=0 hall_px=5 FG/HBG/EBG=8/64/320 fallback=0 rel=0.742/0.742/0.742 wmean=1.000 grad_preclip=50.40
[E54] batch=050/153 pseudo=4 loss=6.5604 seg=0.3120 semseg=0.3060 mard=1.9751 lambda=0.017811 box_extra=1 mask_extra=1 DURR=0.0308 (dir=0.1541,res=-0.0000,hall=-0.0000) route_px=136 rescue_px=0 hall_px=0 FG/HBG/EBG=32/256/1280 fallback=0 rel=0.805/0.722/0.878 wmean=1.000 grad_preclip=55.67
[E54] batch=060/153 pseudo=4 loss=4.8941 seg=0.5393 semseg=0.2333 mard=2.0081 lambda=0.028441 box_extra=0 mask_extra=0 DURR=0.0242 (dir=0.1209,res=-0.0000,hall=-0.0000) route_px=273 rescue_px=0 hall_px=0 FG/HBG/EBG=32/256/1280 fallback=0 rel=0.857/0.747/0.940 wmean=1.000 grad_preclip=30.06
[E54] batch=070/153 pseudo=3 loss=3.3250 seg=0.3514 semseg=0.1379 mard=1.9832 lambda=0.029709 box_extra=0 mask_extra=0 DURR=0.0347 (dir=0.1737,res=-0.0000,hall=-0.0000) route_px=175 rescue_px=0 hall_px=0 FG/HBG/EBG=24/192/960 fallback=0 rel=0.872/0.760/0.938 wmean=1.000 grad_preclip=37.97
[E54] batch=080/153 pseudo=3 loss=2.5040 seg=0.2587 semseg=0.1283 mard=2.0780 lambda=0.039440 box_extra=1 mask_extra=0 DURR=0.0363 (dir=0.1815,res=-0.0000,hall=-0.0000) route_px=161 rescue_px=0 hall_px=0 FG/HBG/EBG=24/192/960 fallback=0 rel=0.922/0.894/0.945 wmean=1.000 grad_preclip=25.39
[E54] batch=090/153 pseudo=4 loss=3.6561 seg=0.3457 semseg=0.1379 mard=2.0117 lambda=0.039554 box_extra=0 mask_extra=0 DURR=0.0357 (dir=0.1787,res=-0.0000,hall=-0.0000) route_px=258 rescue_px=0 hall_px=0 FG/HBG/EBG=32/256/1280 fallback=0 rel=0.923/0.895/0.946 wmean=1.000 grad_preclip=25.42
[E54] batch=100/153 pseudo=3 loss=4.2372 seg=0.4804 semseg=0.1646 mard=2.0179 lambda=0.040933 box_extra=0 mask_extra=0 DURR=0.7834 (dir=0.1703,res=-0.0000,hall=3.7465) route_px=177 rescue_px=0 hall_px=240 FG/HBG/EBG=24/192/960 fallback=0 rel=0.929/0.923/0.939 wmean=1.000 grad_preclip=29.09
[E54] batch=110/153 pseudo=3 loss=3.6397 seg=0.2605 semseg=0.1274 mard=2.0547 lambda=0.032644 box_extra=0 mask_extra=0 DURR=0.0343 (dir=0.1714,res=-0.0000,hall=-0.0000) route_px=213 rescue_px=0 hall_px=0 FG/HBG/EBG=24/192/960 fallback=0 rel=0.892/0.848/0.935 wmean=1.000 grad_preclip=66.02
[E54] batch=120/153 pseudo=4 loss=14.6340 seg=0.6721 semseg=2.0386 mard=2.0014 lambda=0.026386 box_extra=0 mask_extra=0 DURR=0.0196 (dir=0.0980,res=-0.0000,hall=-0.0000) route_px=519 rescue_px=0 hall_px=0 FG/HBG/EBG=32/256/1280 fallback=0 rel=0.842/0.680/0.969 wmean=1.000 grad_preclip=110.56
[E54] batch=130/153 pseudo=3 loss=4.4389 seg=0.3856 semseg=0.2255 mard=1.9880 lambda=0.034832 box_extra=0 mask_extra=0 DURR=0.0350 (dir=0.1749,res=-0.0000,hall=-0.0000) route_px=334 rescue_px=0 hall_px=0 FG/HBG/EBG=24/192/960 fallback=0 rel=0.903/0.848/0.953 wmean=1.000 grad_preclip=34.10
[E54] batch=140/153 pseudo=2 loss=1.1680 seg=0.1170 semseg=0.0488 mard=2.0028 lambda=0.041730 box_extra=0 mask_extra=0 DURR=0.3497 (dir=0.1861,res=-0.0000,hall=1.5625) route_px=168 rescue_px=0 hall_px=8 FG/HBG/EBG=16/128/640 fallback=0 rel=0.947/0.932/0.962 wmean=1.000 grad_preclip=32.07
[E54] batch=150/153 pseudo=4 loss=2.9560 seg=0.2408 semseg=0.1004 mard=2.0362 lambda=0.032123 box_extra=0 mask_extra=0 DURR=0.0398 (dir=0.1992,res=-0.0000,hall=-0.0000) route_px=276 rescue_px=0 hall_px=0 FG/HBG/EBG=32/256/1280 fallback=0 rel=0.883/0.739/0.946 wmean=1.000 grad_preclip=30.38
[E54] batch=153/153 pseudo=4 loss=2.9865 seg=0.3009 semseg=0.0937 mard=2.0351 lambda=0.038008 box_extra=0 mask_extra=0 DURR=0.0399 (dir=0.1997,res=-0.0000,hall=-0.0000) route_px=250 rescue_px=0 hall_px=0 FG/HBG/EBG=32/256/1280 fallback=0 rel=0.917/0.883/0.948 wmean=1.000 grad_preclip=27.64

[Epoch 54] DONE time=41.8s valid=153 skipped=0 pseudo=534 anchors=482 box_extra=76 mask_extra=52 reject_rel=24 DURR=0.0803 (dir=0.1669,res=0.0206,hall=0.1833) empty=93 rescue=8/8 hall_trigger=11 loss=5.1481 seg=0.5017 semseg=0.3278 mard=2.0205 lambda_avg=0.032572 FG/HBG/EBG=27.9/221.3/1081.3 rel=0.884/0.664/0.969 wmean=1.000
[E55] batch=001/153 pseudo=4 loss=29.5012 seg=1.7750 semseg=3.8283 mard=2.0333 lambda=0.030832 box_extra=0 mask_extra=0 DURR=0.0205 (dir=0.1023,res=-0.0000,hall=-0.0000) route_px=571 rescue_px=0 hall_px=0 FG/HBG/EBG=32/256/1280 fallback=0 rel=0.874/0.796/0.947 wmean=1.000 grad_preclip=53.99
[E55] batch=010/153 pseudo=4 loss=4.3268 seg=0.3598 semseg=0.2342 mard=1.9799 lambda=0.035432 box_extra=1 mask_extra=1 DURR=0.0317 (dir=0.1585,res=-0.0000,hall=-0.0000) route_px=118 rescue_px=0 hall_px=0 FG/HBG/EBG=32/256/1280 fallback=0 rel=0.897/0.809/0.942 wmean=1.000 grad_preclip=30.22
[E55] batch=020/153 pseudo=4 loss=3.2385 seg=0.2737 semseg=0.1471 mard=2.0338 lambda=0.032081 box_extra=1 mask_extra=1 DURR=0.0184 (dir=0.0921,res=-0.0000,hall=-0.0000) route_px=249 rescue_px=0 hall_px=0 FG/HBG/EBG=32/256/1280 fallback=0 rel=0.884/0.824/0.947 wmean=1.000 grad_preclip=29.19
[E55] batch=030/153 pseudo=4 loss=7.4264 seg=0.3824 semseg=0.8321 mard=1.9585 lambda=0.029127 box_extra=0 mask_extra=0 DURR=0.0259 (dir=0.1293,res=-0.0000,hall=-0.0000) route_px=188 rescue_px=0 hall_px=0 FG/HBG/EBG=32/256/1280 fallback=0 rel=0.858/0.706/0.949 wmean=1.000 grad_preclip=36.35
[E55] batch=040/153 pseudo=4 loss=5.5420 seg=0.3263 semseg=0.3691 mard=2.0697 lambda=0.028254 box_extra=1 mask_extra=1 DURR=0.0572 (dir=0.1292,res=0.0627,hall=-0.0000) route_px=318 rescue_px=1018 hall_px=0 FG/HBG/EBG=32/256/1280 fallback=0 rel=0.864/0.702/0.953 wmean=1.000 grad_preclip=35.88
[E55] batch=050/153 pseudo=4 loss=5.9910 seg=0.4270 semseg=0.9238 mard=2.0198 lambda=0.031172 box_extra=1 mask_extra=1 DURR=0.0310 (dir=0.1552,res=-0.0000,hall=-0.0000) route_px=197 rescue_px=0 hall_px=0 FG/HBG/EBG=32/256/896 fallback=0 rel=0.883/0.831/0.929 wmean=1.000 grad_preclip=50.20
[E55] batch=060/153 pseudo=1 loss=2.9752 seg=1.0124 semseg=0.6451 mard=2.0314 lambda=0.023964 box_extra=1 mask_extra=0 DURR=0.0272 (dir=0.1359,res=-0.0000,hall=-0.0000) route_px=166 rescue_px=0 hall_px=0 FG/HBG/EBG=8/64/320 fallback=0 rel=0.820/0.820/0.820 wmean=1.000 grad_preclip=23.03
[E55] batch=070/153 pseudo=3 loss=5.3182 seg=0.6967 semseg=0.2944 mard=2.1289 lambda=0.028129 box_extra=0 mask_extra=0 DURR=0.0206 (dir=0.1029,res=-0.0000,hall=-0.0000) route_px=280 rescue_px=0 hall_px=0 FG/HBG/EBG=24/192/960 fallback=0 rel=0.849/0.797/0.952 wmean=1.000 grad_preclip=38.46
[E55] batch=080/153 pseudo=4 loss=4.1811 seg=0.2529 semseg=0.1731 mard=2.0252 lambda=0.030018 box_extra=0 mask_extra=0 DURR=0.0384 (dir=0.1921,res=-0.0000,hall=-0.0000) route_px=330 rescue_px=0 hall_px=0 FG/HBG/EBG=32/256/1280 fallback=0 rel=0.874/0.795/0.946 wmean=1.000 grad_preclip=36.38
[E55] batch=090/153 pseudo=4 loss=3.3572 seg=0.2693 semseg=0.1579 mard=2.0087 lambda=0.035225 box_extra=0 mask_extra=0 DURR=0.0408 (dir=0.2042,res=-0.0000,hall=-0.0000) route_px=359 rescue_px=0 hall_px=0 FG/HBG/EBG=32/256/1280 fallback=0 rel=0.905/0.846/0.946 wmean=1.000 grad_preclip=27.94
[E55] batch=100/153 pseudo=2 loss=3.0475 seg=0.3054 semseg=0.1886 mard=1.9907 lambda=0.034277 box_extra=1 mask_extra=1 DURR=0.0452 (dir=0.2260,res=-0.0000,hall=-0.0000) route_px=63 rescue_px=0 hall_px=0 FG/HBG/EBG=16/128/640 fallback=0 rel=0.903/0.861/0.944 wmean=1.000 grad_preclip=29.90
[E55] batch=110/153 pseudo=5 loss=20.5452 seg=0.8040 semseg=3.2099 mard=2.0065 lambda=0.035242 box_extra=0 mask_extra=0 DURR=0.0557 (dir=0.2784,res=-0.0000,hall=-0.0000) route_px=387 rescue_px=0 hall_px=0 FG/HBG/EBG=40/320/1216 fallback=0 rel=0.901/0.787/0.945 wmean=1.000 grad_preclip=65.79
[E55] batch=120/153 pseudo=3 loss=3.0540 seg=0.3428 semseg=0.1103 mard=2.0781 lambda=0.032116 box_extra=0 mask_extra=0 DURR=0.0362 (dir=0.1810,res=-0.0000,hall=-0.0000) route_px=256 rescue_px=0 hall_px=0 FG/HBG/EBG=24/192/960 fallback=0 rel=0.878/0.767/0.939 wmean=1.000 grad_preclip=24.22
[E55] batch=130/153 pseudo=3 loss=1.7814 seg=0.1971 semseg=0.0976 mard=2.0266 lambda=0.043544 box_extra=1 mask_extra=0 DURR=0.0300 (dir=0.1499,res=-0.0000,hall=-0.0000) route_px=298 rescue_px=0 hall_px=0 FG/HBG/EBG=24/192/960 fallback=0 rel=0.953/0.942/0.960 wmean=1.000 grad_preclip=22.91
[E55] batch=140/153 pseudo=4 loss=3.6951 seg=0.3679 semseg=0.1562 mard=2.0375 lambda=0.030746 box_extra=0 mask_extra=0 DURR=0.0428 (dir=0.2142,res=-0.0000,hall=-0.0000) route_px=253 rescue_px=0 hall_px=0 FG/HBG/EBG=32/256/1280 fallback=0 rel=0.876/0.743/0.937 wmean=1.000 grad_preclip=21.72
[E55] batch=150/153 pseudo=2 loss=2.6077 seg=0.3145 semseg=0.0991 mard=1.9931 lambda=0.031658 box_extra=1 mask_extra=1 DURR=0.0517 (dir=0.2587,res=-0.0000,hall=-0.0000) route_px=74 rescue_px=0 hall_px=0 FG/HBG/EBG=16/128/640 fallback=0 rel=0.880/0.806/0.954 wmean=1.000 grad_preclip=20.65
[E55] batch=153/153 pseudo=4 loss=4.5979 seg=0.4720 semseg=0.3182 mard=1.9862 lambda=0.018542 box_extra=2 mask_extra=1 DURR=0.0289 (dir=0.1443,res=-0.0000,hall=-0.0000) route_px=103 rescue_px=0 hall_px=0 FG/HBG/EBG=32/192/960 fallback=0 rel=0.799/0.693/0.924 wmean=1.000 grad_preclip=34.99

[Epoch 55] DONE time=41.8s valid=153 skipped=0 pseudo=530 anchors=477 box_extra=78 mask_extra=53 reject_rel=25 DURR=0.0611 (dir=0.1611,res=0.0132,hall=0.1114) empty=101 rescue=8/8 hall_trigger=8 loss=5.2793 seg=0.4798 semseg=0.3850 mard=2.0262 lambda_avg=0.031969 FG/HBG/EBG=27.7/218.4/1064.2 rel=0.881/0.663/0.969 wmean=1.000
[E56] batch=001/153 pseudo=4 loss=5.6795 seg=0.4583 semseg=0.2146 mard=2.0048 lambda=0.028634 box_extra=0 mask_extra=0 DURR=0.0267 (dir=0.1333,res=-0.0000,hall=-0.0000) route_px=242 rescue_px=0 hall_px=0 FG/HBG/EBG=32/256/1280 fallback=0 rel=0.870/0.836/0.898 wmean=1.000 grad_preclip=30.80
[E56] batch=010/153 pseudo=4 loss=4.3976 seg=0.3063 semseg=0.1303 mard=1.9607 lambda=0.035115 box_extra=0 mask_extra=0 DURR=0.0356 (dir=0.1780,res=-0.0000,hall=-0.0000) route_px=315 rescue_px=0 hall_px=0 FG/HBG/EBG=32/256/1280 fallback=0 rel=0.906/0.840/0.950 wmean=1.000 grad_preclip=31.10
[E56] batch=020/153 pseudo=4 loss=5.5647 seg=0.4088 semseg=0.4645 mard=2.0699 lambda=0.027489 box_extra=0 mask_extra=0 DURR=0.0265 (dir=0.1326,res=-0.0000,hall=-0.0000) route_px=560 rescue_px=0 hall_px=0 FG/HBG/EBG=32/256/1280 fallback=0 rel=0.851/0.687/0.952 wmean=1.000 grad_preclip=41.39
[E56] batch=030/153 pseudo=4 loss=7.8958 seg=0.4831 semseg=0.8147 mard=2.0370 lambda=0.040428 box_extra=0 mask_extra=0 DURR=0.0308 (dir=0.1542,res=-0.0000,hall=-0.0000) route_px=383 rescue_px=0 hall_px=0 FG/HBG/EBG=32/256/1280 fallback=0 rel=0.937/0.915/0.952 wmean=1.000 grad_preclip=56.22
[E56] batch=040/153 pseudo=2 loss=0.9887 seg=0.1375 semseg=0.0637 mard=2.0276 lambda=0.042883 box_extra=1 mask_extra=0 DURR=0.0407 (dir=0.2037,res=-0.0000,hall=-0.0000) route_px=264 rescue_px=0 hall_px=0 FG/HBG/EBG=16/128/640 fallback=0 rel=0.956/0.953/0.958 wmean=1.000 grad_preclip=16.06
[E56] batch=050/153 pseudo=2 loss=4.5898 seg=0.7677 semseg=0.5505 mard=2.0387 lambda=0.011598 box_extra=1 mask_extra=0 DURR=0.0175 (dir=0.0877,res=-0.0000,hall=-0.0000) route_px=95 rescue_px=0 hall_px=0 FG/HBG/EBG=16/128/640 fallback=0 rel=0.746/0.744/0.747 wmean=1.000 grad_preclip=28.58
[E56] batch=060/153 pseudo=3 loss=5.4858 seg=0.4262 semseg=0.4022 mard=2.0034 lambda=0.036402 box_extra=0 mask_extra=0 DURR=0.6113 (dir=0.2453,res=-0.0000,hall=2.8113) route_px=263 rescue_px=0 hall_px=58 FG/HBG/EBG=24/192/960 fallback=0 rel=0.901/0.859/0.924 wmean=1.000 grad_preclip=55.40
[E56] batch=070/153 pseudo=4 loss=3.9440 seg=0.2359 semseg=0.1990 mard=2.0309 lambda=0.033821 box_extra=1 mask_extra=1 DURR=0.0400 (dir=0.1998,res=-0.0000,hall=-0.0000) route_px=177 rescue_px=0 hall_px=0 FG/HBG/EBG=32/256/1280 fallback=0 rel=0.894/0.817/0.958 wmean=1.000 grad_preclip=27.57
[E56] batch=080/153 pseudo=2 loss=1.4844 seg=0.2168 semseg=0.1177 mard=2.0983 lambda=0.032033 box_extra=0 mask_extra=0 DURR=0.0329 (dir=0.1645,res=-0.0000,hall=-0.0000) route_px=127 rescue_px=0 hall_px=0 FG/HBG/EBG=16/128/640 fallback=0 rel=0.885/0.833/0.938 wmean=1.000 grad_preclip=18.06
[E56] batch=090/153 pseudo=3 loss=4.0030 seg=0.3219 semseg=0.1151 mard=1.9942 lambda=0.031236 box_extra=1 mask_extra=1 DURR=0.0278 (dir=0.1390,res=-0.0000,hall=-0.0000) route_px=192 rescue_px=0 hall_px=0 FG/HBG/EBG=24/192/960 fallback=0 rel=0.887/0.814/0.940 wmean=1.000 grad_preclip=63.38
[E56] batch=100/153 pseudo=4 loss=2.5324 seg=0.1756 semseg=0.1060 mard=2.0127 lambda=0.038935 box_extra=0 mask_extra=0 DURR=0.0269 (dir=0.1343,res=-0.0000,hall=-0.0000) route_px=351 rescue_px=0 hall_px=0 FG/HBG/EBG=32/256/1280 fallback=0 rel=0.928/0.873/0.967 wmean=1.000 grad_preclip=26.66
[E56] batch=110/153 pseudo=4 loss=4.5256 seg=0.4350 semseg=0.1508 mard=1.9494 lambda=0.026933 box_extra=1 mask_extra=1 DURR=0.0281 (dir=0.1404,res=-0.0000,hall=-0.0000) route_px=93 rescue_px=0 hall_px=0 FG/HBG/EBG=32/256/1280 fallback=0 rel=0.851/0.742/0.942 wmean=1.000 grad_preclip=21.37
[E56] batch=120/153 pseudo=2 loss=1.4207 seg=0.2005 semseg=0.0768 mard=1.9343 lambda=0.039681 box_extra=0 mask_extra=0 DURR=0.0459 (dir=0.2295,res=-0.0000,hall=-0.0000) route_px=152 rescue_px=0 hall_px=0 FG/HBG/EBG=16/128/640 fallback=0 rel=0.930/0.918/0.943 wmean=1.000 grad_preclip=17.50
[E56] batch=130/153 pseudo=2 loss=2.8738 seg=0.5368 semseg=0.2448 mard=1.9272 lambda=0.036923 box_extra=0 mask_extra=0 DURR=0.0242 (dir=0.1211,res=-0.0000,hall=-0.0000) route_px=126 rescue_px=0 hall_px=0 FG/HBG/EBG=16/128/640 fallback=0 rel=0.915/0.891/0.940 wmean=1.000 grad_preclip=18.48
[E56] batch=140/153 pseudo=5 loss=7.3228 seg=0.5771 semseg=0.2276 mard=2.0333 lambda=0.033332 box_extra=0 mask_extra=0 DURR=0.0274 (dir=0.1372,res=-0.0000,hall=-0.0000) route_px=521 rescue_px=0 hall_px=0 FG/HBG/EBG=40/256/1280 fallback=0 rel=0.891/0.804/0.956 wmean=1.000 grad_preclip=28.22
[E56] batch=150/153 pseudo=4 loss=4.4144 seg=0.2707 semseg=0.1872 mard=2.0368 lambda=0.038486 box_extra=0 mask_extra=0 DURR=0.0316 (dir=0.1579,res=-0.0000,hall=-0.0000) route_px=473 rescue_px=0 hall_px=0 FG/HBG/EBG=32/256/1280 fallback=0 rel=0.926/0.877/0.958 wmean=1.000 grad_preclip=58.68
[E56] batch=153/153 pseudo=4 loss=15.7382 seg=0.7010 semseg=2.1188 mard=1.9849 lambda=0.025605 box_extra=0 mask_extra=0 DURR=0.0265 (dir=0.1324,res=-0.0000,hall=-0.0000) route_px=335 rescue_px=0 hall_px=0 FG/HBG/EBG=32/256/1280 fallback=0 rel=0.844/0.724/0.947 wmean=1.000 grad_preclip=77.41

[Epoch 56] DONE time=41.9s valid=153 skipped=0 pseudo=533 anchors=484 box_extra=68 mask_extra=49 reject_rel=19 DURR=0.0797 (dir=0.1620,res=0.0096,hall=0.2123) empty=100 rescue=7/7 hall_trigger=10 loss=5.2123 seg=0.4523 semseg=0.3942 mard=2.0247 lambda_avg=0.031660 FG/HBG/EBG=27.9/218.4/1066.7 rel=0.880/0.665/0.969 wmean=1.000
[E57] batch=001/153 pseudo=2 loss=2.4804 seg=0.3888 semseg=0.2026 mard=2.1408 lambda=0.037683 box_extra=1 mask_extra=0 DURR=0.0412 (dir=0.2059,res=-0.0000,hall=-0.0000) route_px=172 rescue_px=0 hall_px=0 FG/HBG/EBG=16/128/640 fallback=0 rel=0.909/0.886/0.931 wmean=1.000 grad_preclip=117.21
[E57] batch=010/153 pseudo=3 loss=4.3650 seg=0.5240 semseg=0.2059 mard=1.9984 lambda=0.031211 box_extra=0 mask_extra=0 DURR=0.0252 (dir=0.1259,res=-0.0000,hall=-0.0000) route_px=178 rescue_px=0 hall_px=0 FG/HBG/EBG=24/192/960 fallback=0 rel=0.891/0.811/0.932 wmean=1.000 grad_preclip=24.61
[E57] batch=020/153 pseudo=4 loss=3.8772 seg=0.4811 semseg=0.2384 mard=2.0271 lambda=0.028781 box_extra=0 mask_extra=0 DURR=0.0344 (dir=0.1722,res=-0.0000,hall=-0.0000) route_px=249 rescue_px=0 hall_px=0 FG/HBG/EBG=32/256/896 fallback=0 rel=0.859/0.687/0.939 wmean=1.000 grad_preclip=19.01
[E57] batch=030/153 pseudo=3 loss=4.5583 seg=0.4187 semseg=0.2078 mard=1.9626 lambda=0.026261 box_extra=0 mask_extra=0 DURR=0.0257 (dir=0.1287,res=-0.0000,hall=-0.0000) route_px=101 rescue_px=0 hall_px=0 FG/HBG/EBG=24/192/960 fallback=0 rel=0.850/0.762/0.929 wmean=1.000 grad_preclip=21.10
[E57] batch=040/153 pseudo=3 loss=3.0917 seg=0.3214 semseg=0.4299 mard=2.0312 lambda=0.033998 box_extra=1 mask_extra=0 DURR=0.0456 (dir=0.2281,res=-0.0000,hall=-0.0000) route_px=259 rescue_px=0 hall_px=0 FG/HBG/EBG=24/192/960 fallback=0 rel=0.889/0.809/0.953 wmean=1.000 grad_preclip=28.17
[E57] batch=050/153 pseudo=4 loss=4.3548 seg=0.4687 semseg=0.1777 mard=2.0557 lambda=0.032946 box_extra=0 mask_extra=0 DURR=0.0400 (dir=0.2002,res=-0.0000,hall=-0.0000) route_px=371 rescue_px=0 hall_px=0 FG/HBG/EBG=32/256/1280 fallback=0 rel=0.887/0.828/0.962 wmean=1.000 grad_preclip=25.85
[E57] batch=060/153 pseudo=3 loss=1.5829 seg=0.1829 semseg=0.0968 mard=2.0142 lambda=0.043287 box_extra=0 mask_extra=0 DURR=0.0286 (dir=0.1432,res=-0.0000,hall=-0.0000) route_px=296 rescue_px=0 hall_px=0 FG/HBG/EBG=24/192/960 fallback=0 rel=0.952/0.947/0.956 wmean=1.000 grad_preclip=20.41
[E57] batch=070/153 pseudo=4 loss=10.5127 seg=0.5192 semseg=0.4403 mard=1.9432 lambda=0.020967 box_extra=2 mask_extra=2 DURR=0.0274 (dir=0.1370,res=-0.0000,hall=-0.0000) route_px=95 rescue_px=0 hall_px=0 FG/HBG/EBG=32/256/1280 fallback=0 rel=0.807/0.691/0.935 wmean=1.000 grad_preclip=54.56
[E57] batch=080/153 pseudo=4 loss=4.7231 seg=0.4994 semseg=0.2256 mard=1.9746 lambda=0.029376 box_extra=0 mask_extra=0 DURR=0.0265 (dir=0.1324,res=-0.0000,hall=-0.0000) route_px=184 rescue_px=0 hall_px=0 FG/HBG/EBG=32/256/1280 fallback=0 rel=0.864/0.787/0.948 wmean=1.000 grad_preclip=26.08
[E57] batch=090/153 pseudo=4 loss=8.7174 seg=1.0381 semseg=0.3553 mard=2.0714 lambda=0.026810 box_extra=0 mask_extra=0 DURR=0.0283 (dir=0.1416,res=-0.0000,hall=-0.0000) route_px=369 rescue_px=0 hall_px=0 FG/HBG/EBG=32/256/1280 fallback=0 rel=0.852/0.761/0.963 wmean=1.000 grad_preclip=35.76
[E57] batch=100/153 pseudo=4 loss=7.8631 seg=0.8430 semseg=0.2612 mard=2.0088 lambda=0.034291 box_extra=1 mask_extra=1 DURR=0.0286 (dir=0.1431,res=-0.0000,hall=-0.0000) route_px=349 rescue_px=0 hall_px=0 FG/HBG/EBG=32/256/1280 fallback=0 rel=0.885/0.800/0.955 wmean=1.000 grad_preclip=55.78
[E57] batch=110/153 pseudo=4 loss=11.8368 seg=1.3107 semseg=0.2701 mard=2.0482 lambda=0.021052 box_extra=2 mask_extra=2 DURR=0.0480 (dir=0.2400,res=-0.0000,hall=-0.0000) route_px=70 rescue_px=0 hall_px=0 FG/HBG/EBG=32/256/1280 fallback=0 rel=0.819/0.712/0.960 wmean=1.000 grad_preclip=71.57
[E57] batch=120/153 pseudo=3 loss=3.2517 seg=0.3354 semseg=0.1608 mard=1.9485 lambda=0.035078 box_extra=0 mask_extra=0 DURR=0.0372 (dir=0.1858,res=-0.0000,hall=-0.0000) route_px=324 rescue_px=0 hall_px=0 FG/HBG/EBG=24/192/960 fallback=0 rel=0.898/0.808/0.950 wmean=1.000 grad_preclip=23.28
[E57] batch=130/153 pseudo=4 loss=3.1624 seg=0.2572 semseg=0.1527 mard=1.9824 lambda=0.039330 box_extra=0 mask_extra=0 DURR=0.0422 (dir=0.2111,res=-0.0000,hall=-0.0000) route_px=327 rescue_px=0 hall_px=0 FG/HBG/EBG=32/256/1280 fallback=0 rel=0.927/0.907/0.952 wmean=1.000 grad_preclip=22.28
[E57] batch=140/153 pseudo=3 loss=2.6521 seg=0.3371 semseg=0.1191 mard=2.0419 lambda=0.040101 box_extra=0 mask_extra=0 DURR=0.0260 (dir=0.1298,res=-0.0000,hall=-0.0000) route_px=273 rescue_px=0 hall_px=0 FG/HBG/EBG=24/192/960 fallback=0 rel=0.925/0.909/0.941 wmean=1.000 grad_preclip=20.81
[E57] batch=150/153 pseudo=2 loss=1.4385 seg=0.1553 semseg=0.1444 mard=2.0009 lambda=0.040794 box_extra=1 mask_extra=0 DURR=0.0300 (dir=0.1500,res=-0.0000,hall=-0.0000) route_px=261 rescue_px=0 hall_px=0 FG/HBG/EBG=16/128/640 fallback=0 rel=0.939/0.936/0.942 wmean=1.000 grad_preclip=17.80
[E57] batch=153/153 pseudo=3 loss=9.6191 seg=0.6480 semseg=1.0404 mard=2.0090 lambda=0.027076 box_extra=1 mask_extra=0 DURR=0.0715 (dir=0.3573,res=-0.0000,hall=-0.0000) route_px=247 rescue_px=0 hall_px=0 FG/HBG/EBG=24/192/960 fallback=0 rel=0.856/0.838/0.870 wmean=1.000 grad_preclip=40.76

[Epoch 57] DONE time=41.9s valid=153 skipped=0 pseudo=533 anchors=480 box_extra=77 mask_extra=53 reject_rel=24 DURR=0.0786 (dir=0.1670,res=0.0130,hall=0.1936) empty=94 rescue=9/9 hall_trigger=10 loss=5.3692 seg=0.4546 semseg=0.3676 mard=2.0262 lambda_avg=0.032194 FG/HBG/EBG=27.9/220.4/1079.6 rel=0.881/0.663/0.970 wmean=1.000
[E58] batch=001/153 pseudo=4 loss=4.9394 seg=0.4594 semseg=0.2064 mard=2.0278 lambda=0.037046 box_extra=0 mask_extra=0 DURR=0.0525 (dir=0.2627,res=-0.0000,hall=-0.0000) route_px=379 rescue_px=0 hall_px=0 FG/HBG/EBG=32/256/1280 fallback=0 rel=0.911/0.779/0.963 wmean=1.000 grad_preclip=25.19
[E58] batch=010/153 pseudo=5 loss=16.5883 seg=0.4914 semseg=3.0817 mard=2.0041 lambda=0.031903 box_extra=1 mask_extra=1 DURR=0.0333 (dir=0.1664,res=-0.0000,hall=-0.0000) route_px=190 rescue_px=0 hall_px=0 FG/HBG/EBG=40/320/1216 fallback=0 rel=0.881/0.785/0.947 wmean=1.000 grad_preclip=42.77
[E58] batch=020/153 pseudo=3 loss=6.9703 seg=0.3970 semseg=1.1110 mard=2.1036 lambda=0.016835 box_extra=0 mask_extra=0 DURR=0.0345 (dir=0.1723,res=-0.0000,hall=-0.0000) route_px=259 rescue_px=0 hall_px=0 FG/HBG/EBG=24/192/960 fallback=0 rel=0.797/0.695/0.854 wmean=1.000 grad_preclip=35.94
[E58] batch=030/153 pseudo=4 loss=7.3099 seg=0.7897 semseg=0.3526 mard=2.0689 lambda=0.035749 box_extra=1 mask_extra=1 DURR=0.0203 (dir=0.1017,res=-0.0000,hall=-0.0000) route_px=436 rescue_px=0 hall_px=0 FG/HBG/EBG=32/256/1280 fallback=0 rel=0.893/0.832/0.934 wmean=1.000 grad_preclip=31.94
[E58] batch=040/153 pseudo=3 loss=1.7060 seg=0.2386 semseg=0.1107 mard=2.0079 lambda=0.037967 box_extra=0 mask_extra=0 DURR=0.0310 (dir=0.1551,res=-0.0000,hall=-0.0000) route_px=298 rescue_px=0 hall_px=0 FG/HBG/EBG=24/192/960 fallback=0 rel=0.921/0.885/0.941 wmean=1.000 grad_preclip=19.82
[E58] batch=050/153 pseudo=4 loss=5.2334 seg=0.3925 semseg=0.2392 mard=2.0015 lambda=0.029612 box_extra=0 mask_extra=0 DURR=0.0362 (dir=0.1809,res=-0.0000,hall=-0.0000) route_px=314 rescue_px=0 hall_px=0 FG/HBG/EBG=32/256/1280 fallback=0 rel=0.867/0.786/0.940 wmean=1.000 grad_preclip=66.89
[E58] batch=060/153 pseudo=4 loss=4.8088 seg=0.3312 semseg=0.2153 mard=2.0547 lambda=0.030442 box_extra=0 mask_extra=0 DURR=0.0221 (dir=0.1103,res=-0.0000,hall=-0.0000) route_px=291 rescue_px=0 hall_px=0 FG/HBG/EBG=32/256/1280 fallback=0 rel=0.879/0.812/0.938 wmean=1.000 grad_preclip=33.62
[E58] batch=070/153 pseudo=4 loss=5.7616 seg=0.3269 semseg=0.1966 mard=2.0010 lambda=0.034944 box_extra=1 mask_extra=1 DURR=0.0330 (dir=0.1651,res=-0.0000,hall=-0.0000) route_px=185 rescue_px=0 hall_px=0 FG/HBG/EBG=32/256/1280 fallback=0 rel=0.898/0.803/0.967 wmean=1.000 grad_preclip=98.04
[E58] batch=080/153 pseudo=3 loss=6.6393 seg=0.9374 semseg=0.3203 mard=2.0097 lambda=0.030707 box_extra=0 mask_extra=0 DURR=0.0426 (dir=0.2132,res=-0.0000,hall=-0.0000) route_px=167 rescue_px=0 hall_px=0 FG/HBG/EBG=24/192/960 fallback=0 rel=0.875/0.748/0.942 wmean=1.000 grad_preclip=81.92
[E58] batch=090/153 pseudo=3 loss=7.3870 seg=1.1635 semseg=0.4011 mard=2.0191 lambda=0.009172 box_extra=0 mask_extra=0 DURR=0.0428 (dir=0.2142,res=-0.0000,hall=-0.0000) route_px=172 rescue_px=0 hall_px=0 FG/HBG/EBG=24/192/960 fallback=0 rel=0.735/0.679/0.801 wmean=1.000 grad_preclip=79.38
[E58] batch=100/153 pseudo=2 loss=1.4355 seg=0.2806 semseg=0.1209 mard=2.0220 lambda=0.042006 box_extra=1 mask_extra=0 DURR=0.0428 (dir=0.2138,res=-0.0000,hall=-0.0000) route_px=156 rescue_px=0 hall_px=0 FG/HBG/EBG=16/128/640 fallback=0 rel=0.937/0.930/0.944 wmean=1.000 grad_preclip=18.42
[E58] batch=110/153 pseudo=4 loss=3.3661 seg=0.2626 semseg=0.1127 mard=2.0990 lambda=0.032664 box_extra=2 mask_extra=2 DURR=0.1454 (dir=0.2112,res=0.2063,hall=-0.0000) route_px=133 rescue_px=590 hall_px=0 FG/HBG/EBG=32/256/1280 fallback=0 rel=0.891/0.797/0.951 wmean=1.000 grad_preclip=25.12
[E58] batch=120/153 pseudo=3 loss=4.4928 seg=0.2993 semseg=0.4742 mard=2.0418 lambda=0.019003 box_extra=1 mask_extra=1 DURR=0.0460 (dir=0.2299,res=-0.0000,hall=-0.0000) route_px=75 rescue_px=0 hall_px=0 FG/HBG/EBG=24/192/960 fallback=0 rel=0.806/0.720/0.940 wmean=1.000 grad_preclip=34.32
[E58] batch=130/153 pseudo=3 loss=8.5994 seg=0.6084 semseg=1.2532 mard=2.0169 lambda=0.025377 box_extra=1 mask_extra=0 DURR=0.0244 (dir=0.1222,res=-0.0000,hall=-0.0000) route_px=140 rescue_px=0 hall_px=0 FG/HBG/EBG=24/192/960 fallback=0 rel=0.853/0.777/0.958 wmean=1.000 grad_preclip=65.74
[E58] batch=140/153 pseudo=4 loss=4.4518 seg=0.3034 semseg=0.1482 mard=2.0936 lambda=0.035755 box_extra=1 mask_extra=1 DURR=0.0444 (dir=0.2221,res=-0.0000,hall=-0.0000) route_px=257 rescue_px=0 hall_px=0 FG/HBG/EBG=32/256/1280 fallback=0 rel=0.903/0.785/0.959 wmean=1.000 grad_preclip=17.65
[E58] batch=150/153 pseudo=4 loss=5.2821 seg=0.4813 semseg=0.2909 mard=2.0595 lambda=0.027071 box_extra=0 mask_extra=0 DURR=0.0223 (dir=0.1115,res=-0.0000,hall=-0.0000) route_px=200 rescue_px=0 hall_px=0 FG/HBG/EBG=32/256/1280 fallback=0 rel=0.847/0.743/0.938 wmean=1.000 grad_preclip=28.24
[E58] batch=153/153 pseudo=3 loss=4.7323 seg=0.4812 semseg=0.1624 mard=1.9747 lambda=0.034566 box_extra=1 mask_extra=1 DURR=0.7488 (dir=0.1521,res=0.2636,hall=2.9325) route_px=151 rescue_px=181 hall_px=398 FG/HBG/EBG=24/192/960 fallback=0 rel=0.885/0.878/0.897 wmean=1.000 grad_preclip=39.73

[Epoch 58] DONE time=41.9s valid=153 skipped=0 pseudo=531 anchors=484 box_extra=70 mask_extra=47 reject_rel=23 DURR=0.0811 (dir=0.1675,res=0.0136,hall=0.2039) empty=100 rescue=10/10 hall_trigger=12 loss=5.4044 seg=0.4559 semseg=0.4244 mard=2.0292 lambda_avg=0.032223 FG/HBG/EBG=27.8/218.4/1066.7 rel=0.883/0.663/0.970 wmean=1.000
[E59] batch=001/153 pseudo=4 loss=2.9256 seg=0.2288 semseg=0.0911 mard=1.9941 lambda=0.033655 box_extra=0 mask_extra=0 DURR=0.0399 (dir=0.1995,res=-0.0000,hall=-0.0000) route_px=264 rescue_px=0 hall_px=0 FG/HBG/EBG=32/256/1280 fallback=0 rel=0.893/0.759/0.947 wmean=1.000 grad_preclip=37.30
[E59] batch=010/153 pseudo=3 loss=2.3798 seg=0.2326 semseg=0.1884 mard=2.0683 lambda=0.032177 box_extra=1 mask_extra=1 DURR=0.0359 (dir=0.1794,res=-0.0000,hall=-0.0000) route_px=141 rescue_px=0 hall_px=0 FG/HBG/EBG=24/192/960 fallback=0 rel=0.889/0.784/0.948 wmean=1.000 grad_preclip=22.35
[E59] batch=020/153 pseudo=2 loss=2.2187 seg=0.3552 semseg=0.2350 mard=1.9921 lambda=0.035668 box_extra=2 mask_extra=0 DURR=0.0284 (dir=0.1422,res=-0.0000,hall=-0.0000) route_px=132 rescue_px=0 hall_px=0 FG/HBG/EBG=16/128/640 fallback=0 rel=0.903/0.897/0.909 wmean=1.000 grad_preclip=28.05
[E59] batch=030/153 pseudo=3 loss=2.7539 seg=0.3067 semseg=0.1422 mard=1.9689 lambda=0.038157 box_extra=0 mask_extra=0 DURR=0.0464 (dir=0.2321,res=-0.0000,hall=-0.0000) route_px=220 rescue_px=0 hall_px=0 FG/HBG/EBG=24/192/960 fallback=0 rel=0.914/0.888/0.949 wmean=1.000 grad_preclip=85.56
[E59] batch=040/153 pseudo=5 loss=4.9012 seg=0.3708 semseg=0.2373 mard=1.9804 lambda=0.029294 box_extra=0 mask_extra=0 DURR=0.0392 (dir=0.1962,res=-0.0000,hall=-0.0000) route_px=296 rescue_px=0 hall_px=0 FG/HBG/EBG=40/320/1216 fallback=0 rel=0.862/0.716/0.942 wmean=1.000 grad_preclip=27.32
[E59] batch=050/153 pseudo=2 loss=0.9926 seg=0.1697 semseg=0.0565 mard=2.0732 lambda=0.043091 box_extra=1 mask_extra=0 DURR=0.0466 (dir=0.2328,res=-0.0000,hall=-0.0000) route_px=166 rescue_px=0 hall_px=0 FG/HBG/EBG=16/128/640 fallback=0 rel=0.953/0.950/0.955 wmean=1.000 grad_preclip=17.73
[E59] batch=060/153 pseudo=3 loss=3.3046 seg=0.3649 semseg=0.2004 mard=1.9932 lambda=0.019884 box_extra=0 mask_extra=0 DURR=0.0136 (dir=0.0682,res=-0.0000,hall=-0.0000) route_px=288 rescue_px=0 hall_px=0 FG/HBG/EBG=24/192/960 fallback=0 rel=0.810/0.749/0.888 wmean=1.000 grad_preclip=24.45
[E59] batch=070/153 pseudo=2 loss=1.3244 seg=0.2494 semseg=0.0891 mard=1.9885 lambda=0.036061 box_extra=0 mask_extra=0 DURR=0.0450 (dir=0.2252,res=-0.0000,hall=-0.0000) route_px=151 rescue_px=0 hall_px=0 FG/HBG/EBG=16/128/640 fallback=0 rel=0.905/0.885/0.925 wmean=1.000 grad_preclip=14.40
[E59] batch=080/153 pseudo=3 loss=2.3637 seg=0.2420 semseg=0.1047 mard=2.0602 lambda=0.033093 box_extra=0 mask_extra=0 DURR=0.0306 (dir=0.1529,res=-0.0000,hall=-0.0000) route_px=306 rescue_px=0 hall_px=0 FG/HBG/EBG=24/192/960 fallback=0 rel=0.892/0.882/0.909 wmean=1.000 grad_preclip=25.18
[E59] batch=090/153 pseudo=4 loss=5.9325 seg=0.4946 semseg=0.2440 mard=1.9981 lambda=0.032602 box_extra=0 mask_extra=0 DURR=0.0334 (dir=0.1669,res=-0.0000,hall=-0.0000) route_px=354 rescue_px=0 hall_px=0 FG/HBG/EBG=32/256/1280 fallback=0 rel=0.876/0.841/0.922 wmean=1.000 grad_preclip=39.89
[E59] batch=100/153 pseudo=2 loss=2.5271 seg=0.2925 semseg=0.1266 mard=2.1135 lambda=0.028806 box_extra=1 mask_extra=1 DURR=0.3902 (dir=0.1858,res=-0.0000,hall=1.7655) route_px=77 rescue_px=0 hall_px=91 FG/HBG/EBG=16/128/640 fallback=0 rel=0.865/0.788/0.943 wmean=1.000 grad_preclip=43.76
[E59] batch=110/153 pseudo=4 loss=10.5983 seg=0.5572 semseg=1.2644 mard=2.0313 lambda=0.023797 box_extra=0 mask_extra=0 DURR=0.0357 (dir=0.1783,res=-0.0000,hall=-0.0000) route_px=224 rescue_px=0 hall_px=0 FG/HBG/EBG=32/192/960 fallback=0 rel=0.837/0.787/0.946 wmean=1.000 grad_preclip=112.46
[E59] batch=120/153 pseudo=3 loss=2.4645 seg=0.3914 semseg=0.1469 mard=1.9864 lambda=0.041052 box_extra=0 mask_extra=0 DURR=0.0325 (dir=0.1627,res=-0.0000,hall=-0.0000) route_px=236 rescue_px=0 hall_px=0 FG/HBG/EBG=24/192/960 fallback=0 rel=0.932/0.914/0.951 wmean=1.000 grad_preclip=23.70
[E59] batch=130/153 pseudo=4 loss=3.5075 seg=0.3100 semseg=0.1477 mard=2.0855 lambda=0.038056 box_extra=0 mask_extra=0 DURR=0.0328 (dir=0.1642,res=-0.0000,hall=-0.0000) route_px=331 rescue_px=0 hall_px=0 FG/HBG/EBG=32/256/1280 fallback=0 rel=0.919/0.873/0.942 wmean=1.000 grad_preclip=36.15
[E59] batch=140/153 pseudo=4 loss=12.0293 seg=0.7811 semseg=0.9481 mard=2.0316 lambda=0.031399 box_extra=0 mask_extra=0 DURR=0.0317 (dir=0.1587,res=-0.0000,hall=-0.0000) route_px=439 rescue_px=0 hall_px=0 FG/HBG/EBG=32/256/1280 fallback=0 rel=0.876/0.696/0.958 wmean=1.000 grad_preclip=64.21
[E59] batch=150/153 pseudo=3 loss=6.8224 seg=0.3845 semseg=0.4165 mard=2.0032 lambda=0.023463 box_extra=1 mask_extra=1 DURR=0.0437 (dir=0.2184,res=-0.0000,hall=-0.0000) route_px=51 rescue_px=0 hall_px=0 FG/HBG/EBG=24/192/960 fallback=0 rel=0.832/0.769/0.923 wmean=1.000 grad_preclip=51.26
[E59] batch=153/153 pseudo=3 loss=4.6110 seg=0.4224 semseg=0.3175 mard=2.0895 lambda=0.036762 box_extra=0 mask_extra=0 DURR=0.0311 (dir=0.1557,res=-0.0000,hall=-0.0000) route_px=284 rescue_px=0 hall_px=0 FG/HBG/EBG=24/192/960 fallback=0 rel=0.907/0.807/0.961 wmean=1.000 grad_preclip=27.69

[Epoch 59] DONE time=41.7s valid=153 skipped=0 pseudo=526 anchors=479 box_extra=73 mask_extra=47 reject_rel=26 DURR=0.0672 (dir=0.1668,res=0.0211,hall=0.1166) empty=104 rescue=9/9 hall_trigger=8 loss=4.8390 seg=0.4441 semseg=0.3282 mard=2.0238 lambda_avg=0.032342 FG/HBG/EBG=27.5/217.9/1057.0 rel=0.882/0.665/0.970 wmean=1.000
[E60] batch=001/153 pseudo=4 loss=4.6253 seg=0.3852 semseg=0.1632 mard=1.9703 lambda=0.032920 box_extra=1 mask_extra=0 DURR=0.0401 (dir=0.2005,res=-0.0000,hall=-0.0000) route_px=181 rescue_px=0 hall_px=0 FG/HBG/EBG=32/256/1280 fallback=0 rel=0.887/0.840/0.936 wmean=1.000 grad_preclip=38.64
[E60] batch=010/153 pseudo=4 loss=10.7162 seg=1.1041 semseg=0.8590 mard=2.0048 lambda=0.035799 box_extra=0 mask_extra=0 DURR=0.0247 (dir=0.1233,res=-0.0000,hall=-0.0000) route_px=412 rescue_px=0 hall_px=0 FG/HBG/EBG=32/256/1280 fallback=0 rel=0.900/0.794/0.964 wmean=1.000 grad_preclip=31.13
[E60] batch=020/153 pseudo=4 loss=3.5000 seg=0.2825 semseg=0.1562 mard=1.9505 lambda=0.032211 box_extra=0 mask_extra=0 DURR=0.0319 (dir=0.1594,res=-0.0000,hall=-0.0000) route_px=266 rescue_px=0 hall_px=0 FG/HBG/EBG=32/256/1280 fallback=0 rel=0.886/0.817/0.934 wmean=1.000 grad_preclip=33.10
[E60] batch=030/153 pseudo=4 loss=3.1379 seg=0.3507 semseg=0.1527 mard=1.9828 lambda=0.040346 box_extra=0 mask_extra=0 DURR=0.0413 (dir=0.2064,res=-0.0000,hall=-0.0000) route_px=357 rescue_px=0 hall_px=0 FG/HBG/EBG=32/256/1280 fallback=0 rel=0.929/0.905/0.945 wmean=1.000 grad_preclip=20.75
[E60] batch=040/153 pseudo=4 loss=5.7330 seg=0.3492 semseg=0.4034 mard=1.9587 lambda=0.025841 box_extra=0 mask_extra=0 DURR=0.0169 (dir=0.0846,res=-0.0000,hall=-0.0000) route_px=198 rescue_px=0 hall_px=0 FG/HBG/EBG=32/256/1280 fallback=0 rel=0.849/0.759/0.926 wmean=1.000 grad_preclip=74.35
[E60] batch=050/153 pseudo=3 loss=3.4713 seg=0.3412 semseg=0.1772 mard=2.0225 lambda=0.033792 box_extra=1 mask_extra=0 DURR=0.0350 (dir=0.1752,res=-0.0000,hall=-0.0000) route_px=135 rescue_px=0 hall_px=0 FG/HBG/EBG=24/192/960 fallback=0 rel=0.895/0.837/0.938 wmean=1.000 grad_preclip=24.58
[E60] batch=060/153 pseudo=4 loss=7.3705 seg=0.3705 semseg=0.4430 mard=2.0071 lambda=0.030521 box_extra=0 mask_extra=0 DURR=0.0333 (dir=0.1667,res=-0.0000,hall=-0.0000) route_px=237 rescue_px=0 hall_px=0 FG/HBG/EBG=32/256/1280 fallback=0 rel=0.870/0.687/0.942 wmean=1.000 grad_preclip=35.88
[E60] batch=070/153 pseudo=4 loss=2.8810 seg=0.2791 semseg=0.1101 mard=2.0243 lambda=0.036498 box_extra=1 mask_extra=1 DURR=0.0422 (dir=0.2108,res=-0.0000,hall=-0.0000) route_px=214 rescue_px=0 hall_px=0 FG/HBG/EBG=32/256/896 fallback=0 rel=0.906/0.840/0.953 wmean=1.000 grad_preclip=22.54
[E60] batch=080/153 pseudo=4 loss=3.5320 seg=0.2809 semseg=0.1662 mard=2.0364 lambda=0.026645 box_extra=0 mask_extra=0 DURR=0.0153 (dir=0.0767,res=-0.0000,hall=-0.0000) route_px=319 rescue_px=0 hall_px=0 FG/HBG/EBG=32/256/1280 fallback=0 rel=0.856/0.721/0.955 wmean=1.000 grad_preclip=28.99
[E60] batch=090/153 pseudo=4 loss=3.0563 seg=0.2569 semseg=0.1159 mard=2.0556 lambda=0.041854 box_extra=0 mask_extra=0 DURR=0.0341 (dir=0.1706,res=-0.0000,hall=-0.0000) route_px=332 rescue_px=0 hall_px=0 FG/HBG/EBG=32/256/1280 fallback=0 rel=0.945/0.939/0.955 wmean=1.000 grad_preclip=26.01
[E60] batch=100/153 pseudo=4 loss=15.7710 seg=1.1415 semseg=1.3608 mard=2.0862 lambda=0.030853 box_extra=1 mask_extra=1 DURR=0.0242 (dir=0.1209,res=-0.0000,hall=-0.0000) route_px=226 rescue_px=0 hall_px=0 FG/HBG/EBG=32/256/1280 fallback=0 rel=0.875/0.823/0.947 wmean=1.000 grad_preclip=65.00
[E60] batch=110/153 pseudo=2 loss=0.9702 seg=0.1616 semseg=0.0706 mard=2.0442 lambda=0.029595 box_extra=0 mask_extra=0 DURR=0.0115 (dir=0.0577,res=-0.0000,hall=-0.0000) route_px=227 rescue_px=0 hall_px=0 FG/HBG/EBG=16/128/640 fallback=0 rel=0.877/0.802/0.952 wmean=1.000 grad_preclip=18.53
[E60] batch=120/153 pseudo=4 loss=7.9605 seg=0.6144 semseg=0.3989 mard=2.0084 lambda=0.017796 box_extra=0 mask_extra=0 DURR=0.0219 (dir=0.1096,res=-0.0000,hall=-0.0000) route_px=586 rescue_px=0 hall_px=0 FG/HBG/EBG=32/256/1280 fallback=0 rel=0.789/0.663/0.888 wmean=1.000 grad_preclip=31.16
[E60] batch=130/153 pseudo=3 loss=3.0149 seg=0.3473 semseg=0.1616 mard=2.0243 lambda=0.028265 box_extra=0 mask_extra=0 DURR=0.0261 (dir=0.1307,res=-0.0000,hall=-0.0000) route_px=233 rescue_px=0 hall_px=0 FG/HBG/EBG=24/192/960 fallback=0 rel=0.860/0.834/0.886 wmean=1.000 grad_preclip=23.33
[E60] batch=140/153 pseudo=4 loss=3.8756 seg=0.2464 semseg=0.1556 mard=1.9909 lambda=0.036517 box_extra=0 mask_extra=0 DURR=0.0239 (dir=0.1194,res=-0.0000,hall=-0.0000) route_px=288 rescue_px=0 hall_px=0 FG/HBG/EBG=32/256/1280 fallback=0 rel=0.912/0.877/0.939 wmean=1.000 grad_preclip=32.06
[E60] batch=150/153 pseudo=4 loss=4.7984 seg=0.3769 semseg=0.1887 mard=1.9855 lambda=0.033716 box_extra=1 mask_extra=1 DURR=0.0397 (dir=0.1987,res=-0.0000,hall=-0.0000) route_px=252 rescue_px=0 hall_px=0 FG/HBG/EBG=32/256/1280 fallback=0 rel=0.890/0.791/0.956 wmean=1.000 grad_preclip=38.62
[E60] batch=153/153 pseudo=4 loss=3.4927 seg=0.2771 semseg=0.1086 mard=2.0194 lambda=0.041009 box_extra=0 mask_extra=0 DURR=0.0394 (dir=0.1971,res=-0.0000,hall=-0.0000) route_px=381 rescue_px=0 hall_px=0 FG/HBG/EBG=32/256/1280 fallback=0 rel=0.934/0.893/0.955 wmean=1.000 grad_preclip=99.88

[Epoch 60] DONE time=42.1s valid=153 skipped=0 pseudo=540 anchors=487 box_extra=80 mask_extra=53 reject_rel=27 DURR=0.0530 (dir=0.1624,res=0.0113,hall=0.0746) empty=87 rescue=9/9 hall_trigger=6 loss=5.4095 seg=0.4770 semseg=0.3767 mard=2.0256 lambda_avg=0.031661 FG/HBG/EBG=28.2/223.8/1093.9 rel=0.880/0.663/0.969 wmean=1.000
[SAVE] /home/dang/MedRT-SFOD/runs/seg/dense_sfseg/cvc_durr_v1_segmard_v2_60ep/checkpoints/dense_sfseg_epoch_60.pt
========================================================================================
MEDRT-SFSEG INITIAL TEACHER vs FINAL STUDENT TRACE
========================================================================================
Teacher      : /home/dang/MedRT-SFOD/runs/seg/stage1/frozen/yolo26s_seg_cvc_adabn.pt
Student      : /home/dang/MedRT-SFOD/runs/seg/dense_sfseg/cvc_durr_v1_segmard_v2_60ep/checkpoints/dense_sfseg_epoch_60.pt
Ultralytics  : /home/dang/MedRT-SFOD/ultralytics/__init__.py
Images       : 612
Teacher view : deterministic clean letterbox
GT usage     : post-training analysis only
Retraining   : NO
Output       : /home/dang/MedRT-SFOD/runs/seg/dense_sfseg/cvc_durr_v1_segmard_v2_60ep/final_teacher_student_trace

[0001/0612] 1.png | O2O=0.0000 Fused=0.0000 Student=0.5625 FusionΔ=+0.0000 SelfTrainΔ=+0.5625
[0002/0612] 10.png | O2O=0.0000 Fused=0.0000 Student=0.9563 FusionΔ=+0.0000 SelfTrainΔ=+0.9563
[0003/0612] 100.png | O2O=0.9781 Fused=0.9781 Student=0.9771 FusionΔ=+0.0000 SelfTrainΔ=-0.0010
[0004/0612] 101.png | O2O=0.9631 Fused=0.9631 Student=0.9592 FusionΔ=+0.0000 SelfTrainΔ=-0.0040
[0005/0612] 102.png | O2O=0.9580 Fused=0.9580 Student=0.9586 FusionΔ=+0.0000 SelfTrainΔ=+0.0006
[0006/0612] 103.png | O2O=0.9555 Fused=0.9555 Student=0.9616 FusionΔ=+0.0000 SelfTrainΔ=+0.0060
[0007/0612] 104.png | O2O=0.9157 Fused=0.9157 Student=0.9136 FusionΔ=+0.0000 SelfTrainΔ=-0.0021
[0008/0612] 105.png | O2O=0.9638 Fused=0.9638 Student=0.9657 FusionΔ=+0.0000 SelfTrainΔ=+0.0018
[0009/0612] 106.png | O2O=0.0000 Fused=0.0000 Student=0.8530 FusionΔ=+0.0000 SelfTrainΔ=+0.8530
[0010/0612] 107.png | O2O=0.9250 Fused=0.9250 Student=0.8946 FusionΔ=+0.0000 SelfTrainΔ=-0.0304
[0011/0612] 108.png | O2O=0.7890 Fused=0.7890 Student=0.8376 FusionΔ=+0.0000 SelfTrainΔ=+0.0487
[0012/0612] 109.png | O2O=0.0000 Fused=0.7983 Student=0.8147 FusionΔ=+0.7983 SelfTrainΔ=+0.0164
[0013/0612] 11.png | O2O=0.8862 Fused=0.8862 Student=0.8947 FusionΔ=+0.0000 SelfTrainΔ=+0.0084
[0014/0612] 110.png | O2O=0.9410 Fused=0.9410 Student=0.9120 FusionΔ=+0.0000 SelfTrainΔ=-0.0290
[0015/0612] 111.png | O2O=0.8205 Fused=0.8205 Student=0.8226 FusionΔ=+0.0000 SelfTrainΔ=+0.0022
[0016/0612] 112.png | O2O=0.8109 Fused=0.8109 Student=0.8118 FusionΔ=+0.0000 SelfTrainΔ=+0.0009
[0017/0612] 113.png | O2O=0.8048 Fused=0.8048 Student=0.8023 FusionΔ=+0.0000 SelfTrainΔ=-0.0025
[0018/0612] 114.png | O2O=0.9420 Fused=0.9420 Student=0.9284 FusionΔ=+0.0000 SelfTrainΔ=-0.0136
[0019/0612] 115.png | O2O=0.0000 Fused=0.0000 Student=0.5001 FusionΔ=+0.0000 SelfTrainΔ=+0.5001
[0020/0612] 116.png | O2O=0.0000 Fused=0.0000 Student=0.5398 FusionΔ=+0.0000 SelfTrainΔ=+0.5398
[0021/0612] 117.png | O2O=0.0000 Fused=0.0000 Student=0.5080 FusionΔ=+0.0000 SelfTrainΔ=+0.5080
[0022/0612] 118.png | O2O=0.0000 Fused=0.0000 Student=0.4375 FusionΔ=+0.0000 SelfTrainΔ=+0.4375
[0023/0612] 119.png | O2O=0.0000 Fused=0.0000 Student=0.5353 FusionΔ=+0.0000 SelfTrainΔ=+0.5353
[0024/0612] 12.png | O2O=0.0000 Fused=0.9612 Student=0.9695 FusionΔ=+0.9612 SelfTrainΔ=+0.0082
[0025/0612] 120.png | O2O=0.0000 Fused=0.0000 Student=0.5498 FusionΔ=+0.0000 SelfTrainΔ=+0.5498
[0026/0612] 121.png | O2O=0.0000 Fused=0.0000 Student=0.4554 FusionΔ=+0.0000 SelfTrainΔ=+0.4554
[0027/0612] 122.png | O2O=0.0000 Fused=0.0000 Student=0.0000 FusionΔ=+0.0000 SelfTrainΔ=+0.0000
[0028/0612] 123.png | O2O=0.7783 Fused=0.7783 Student=0.7908 FusionΔ=+0.0000 SelfTrainΔ=+0.0125
[0029/0612] 124.png | O2O=0.5729 Fused=0.5729 Student=0.5871 FusionΔ=+0.0000 SelfTrainΔ=+0.0142
[0030/0612] 125.png | O2O=0.0000 Fused=0.0000 Student=0.7930 FusionΔ=+0.0000 SelfTrainΔ=+0.7930
[0031/0612] 126.png | O2O=0.0000 Fused=0.0000 Student=0.8460 FusionΔ=+0.0000 SelfTrainΔ=+0.8460
[0032/0612] 127.png | O2O=0.9414 Fused=0.9414 Student=0.9321 FusionΔ=+0.0000 SelfTrainΔ=-0.0093
[0033/0612] 128.png | O2O=0.9668 Fused=0.9668 Student=0.9569 FusionΔ=+0.0000 SelfTrainΔ=-0.0099
[0034/0612] 129.png | O2O=0.9784 Fused=0.9784 Student=0.9751 FusionΔ=+0.0000 SelfTrainΔ=-0.0033
[0035/0612] 13.png | O2O=0.8954 Fused=0.8954 Student=0.9007 FusionΔ=+0.0000 SelfTrainΔ=+0.0054
[0036/0612] 130.png | O2O=0.9685 Fused=0.9685 Student=0.9620 FusionΔ=+0.0000 SelfTrainΔ=-0.0065
[0037/0612] 131.png | O2O=0.9694 Fused=0.9694 Student=0.9680 FusionΔ=+0.0000 SelfTrainΔ=-0.0013
[0038/0612] 132.png | O2O=0.9673 Fused=0.9673 Student=0.9584 FusionΔ=+0.0000 SelfTrainΔ=-0.0089
[0039/0612] 133.png | O2O=0.9700 Fused=0.9700 Student=0.9710 FusionΔ=+0.0000 SelfTrainΔ=+0.0010
[0040/0612] 134.png | O2O=0.9717 Fused=0.9717 Student=0.9736 FusionΔ=+0.0000 SelfTrainΔ=+0.0019
[0041/0612] 135.png | O2O=0.0000 Fused=0.0000 Student=0.9738 FusionΔ=+0.0000 SelfTrainΔ=+0.9738
[0042/0612] 136.png | O2O=0.9768 Fused=0.9768 Student=0.9767 FusionΔ=+0.0000 SelfTrainΔ=-0.0002
[0043/0612] 137.png | O2O=0.9772 Fused=0.9772 Student=0.9736 FusionΔ=+0.0000 SelfTrainΔ=-0.0036
[0044/0612] 138.png | O2O=0.9792 Fused=0.9792 Student=0.9730 FusionΔ=+0.0000 SelfTrainΔ=-0.0062
[0045/0612] 139.png | O2O=0.9784 Fused=0.9784 Student=0.9783 FusionΔ=+0.0000 SelfTrainΔ=-0.0001
[0046/0612] 14.png | O2O=0.0000 Fused=0.0000 Student=0.2027 FusionΔ=+0.0000 SelfTrainΔ=+0.2027
[0047/0612] 140.png | O2O=0.9801 Fused=0.9801 Student=0.9767 FusionΔ=+0.0000 SelfTrainΔ=-0.0034
[0048/0612] 141.png | O2O=0.9741 Fused=0.9741 Student=0.9737 FusionΔ=+0.0000 SelfTrainΔ=-0.0004
[0049/0612] 142.png | O2O=0.9692 Fused=0.9692 Student=0.9671 FusionΔ=+0.0000 SelfTrainΔ=-0.0021
[0050/0612] 143.png | O2O=0.9602 Fused=0.9602 Student=0.9585 FusionΔ=+0.0000 SelfTrainΔ=-0.0017
[0051/0612] 144.png | O2O=0.9764 Fused=0.9764 Student=0.9731 FusionΔ=+0.0000 SelfTrainΔ=-0.0033
[0052/0612] 145.png | O2O=0.9854 Fused=0.9854 Student=0.9857 FusionΔ=+0.0000 SelfTrainΔ=+0.0003
[0053/0612] 146.png | O2O=0.9829 Fused=0.9829 Student=0.9863 FusionΔ=+0.0000 SelfTrainΔ=+0.0034
[0054/0612] 147.png | O2O=0.9794 Fused=0.9794 Student=0.9782 FusionΔ=+0.0000 SelfTrainΔ=-0.0012
[0055/0612] 148.png | O2O=0.9714 Fused=0.9714 Student=0.9706 FusionΔ=+0.0000 SelfTrainΔ=-0.0009
[0056/0612] 149.png | O2O=0.9803 Fused=0.9803 Student=0.9739 FusionΔ=+0.0000 SelfTrainΔ=-0.0064
[0057/0612] 15.png | O2O=0.3677 Fused=0.3677 Student=0.3818 FusionΔ=+0.0000 SelfTrainΔ=+0.0141
[0058/0612] 150.png | O2O=0.0000 Fused=0.9640 Student=0.9568 FusionΔ=+0.9640 SelfTrainΔ=-0.0072
[0059/0612] 151.png | O2O=0.9643 Fused=0.9643 Student=0.9591 FusionΔ=+0.0000 SelfTrainΔ=-0.0052
[0060/0612] 152.png | O2O=0.0000 Fused=0.0000 Student=0.9668 FusionΔ=+0.0000 SelfTrainΔ=+0.9668
[0061/0612] 153.png | O2O=0.9381 Fused=0.9381 Student=0.9221 FusionΔ=+0.0000 SelfTrainΔ=-0.0160
[0062/0612] 154.png | O2O=0.0000 Fused=0.0000 Student=0.0022 FusionΔ=+0.0000 SelfTrainΔ=+0.0022
[0063/0612] 155.png | O2O=0.0000 Fused=0.0000 Student=0.2311 FusionΔ=+0.0000 SelfTrainΔ=+0.2311
[0064/0612] 156.png | O2O=0.9552 Fused=0.9552 Student=0.9542 FusionΔ=+0.0000 SelfTrainΔ=-0.0010
[0065/0612] 157.png | O2O=0.9463 Fused=0.9463 Student=0.9417 FusionΔ=+0.0000 SelfTrainΔ=-0.0046
[0066/0612] 158.png | O2O=0.9555 Fused=0.9555 Student=0.9470 FusionΔ=+0.0000 SelfTrainΔ=-0.0086
[0067/0612] 159.png | O2O=0.9348 Fused=0.9348 Student=0.9420 FusionΔ=+0.0000 SelfTrainΔ=+0.0072
[0068/0612] 16.png | O2O=0.9285 Fused=0.9285 Student=0.9270 FusionΔ=+0.0000 SelfTrainΔ=-0.0015
[0069/0612] 160.png | O2O=0.9651 Fused=0.9651 Student=0.9597 FusionΔ=+0.0000 SelfTrainΔ=-0.0054
[0070/0612] 161.png | O2O=0.9363 Fused=0.9363 Student=0.9366 FusionΔ=+0.0000 SelfTrainΔ=+0.0004
[0071/0612] 162.png | O2O=0.9563 Fused=0.9563 Student=0.9507 FusionΔ=+0.0000 SelfTrainΔ=-0.0056
[0072/0612] 163.png | O2O=0.0000 Fused=0.0000 Student=0.9598 FusionΔ=+0.0000 SelfTrainΔ=+0.9598
[0073/0612] 164.png | O2O=0.9479 Fused=0.9479 Student=0.9482 FusionΔ=+0.0000 SelfTrainΔ=+0.0003
[0074/0612] 165.png | O2O=0.2239 Fused=0.2239 Student=0.2235 FusionΔ=+0.0000 SelfTrainΔ=-0.0004
[0075/0612] 166.png | O2O=0.9555 Fused=0.9555 Student=0.9505 FusionΔ=+0.0000 SelfTrainΔ=-0.0050
[0076/0612] 167.png | O2O=0.9563 Fused=0.9563 Student=0.9518 FusionΔ=+0.0000 SelfTrainΔ=-0.0045
[0077/0612] 168.png | O2O=0.3577 Fused=0.3577 Student=0.9441 FusionΔ=+0.0000 SelfTrainΔ=+0.5864
[0078/0612] 169.png | O2O=0.9680 Fused=0.9680 Student=0.9643 FusionΔ=+0.0000 SelfTrainΔ=-0.0037
[0079/0612] 17.png | O2O=0.0000 Fused=0.0000 Student=0.9422 FusionΔ=+0.0000 SelfTrainΔ=+0.9422
[0080/0612] 170.png | O2O=0.9517 Fused=0.9517 Student=0.9457 FusionΔ=+0.0000 SelfTrainΔ=-0.0060
[0081/0612] 171.png | O2O=0.9574 Fused=0.9574 Student=0.9572 FusionΔ=+0.0000 SelfTrainΔ=-0.0002
[0082/0612] 172.png | O2O=0.9485 Fused=0.9485 Student=0.9514 FusionΔ=+0.0000 SelfTrainΔ=+0.0028
[0083/0612] 173.png | O2O=0.9651 Fused=0.9651 Student=0.9611 FusionΔ=+0.0000 SelfTrainΔ=-0.0040
[0084/0612] 174.png | O2O=0.6979 Fused=0.6979 Student=0.0000 FusionΔ=+0.0000 SelfTrainΔ=-0.6979
[0085/0612] 175.png | O2O=0.9804 Fused=0.9804 Student=0.9809 FusionΔ=+0.0000 SelfTrainΔ=+0.0005
[0086/0612] 176.png | O2O=0.7960 Fused=0.7960 Student=0.7924 FusionΔ=+0.0000 SelfTrainΔ=-0.0036
[0087/0612] 177.png | O2O=0.9052 Fused=0.9052 Student=0.9027 FusionΔ=+0.0000 SelfTrainΔ=-0.0025
[0088/0612] 178.png | O2O=0.0000 Fused=0.0000 Student=0.0000 FusionΔ=+0.0000 SelfTrainΔ=+0.0000
[0089/0612] 179.png | O2O=0.9243 Fused=0.9243 Student=0.9104 FusionΔ=+0.0000 SelfTrainΔ=-0.0139
[0090/0612] 18.png | O2O=0.9270 Fused=0.9270 Student=0.9381 FusionΔ=+0.0000 SelfTrainΔ=+0.0111
[0091/0612] 180.png | O2O=0.9215 Fused=0.9215 Student=0.9118 FusionΔ=+0.0000 SelfTrainΔ=-0.0097
[0092/0612] 181.png | O2O=0.9353 Fused=0.9353 Student=0.9190 FusionΔ=+0.0000 SelfTrainΔ=-0.0162
[0093/0612] 182.png | O2O=0.0000 Fused=0.9520 Student=0.9430 FusionΔ=+0.9520 SelfTrainΔ=-0.0090
[0094/0612] 183.png | O2O=0.9318 Fused=0.9318 Student=0.9182 FusionΔ=+0.0000 SelfTrainΔ=-0.0137
[0095/0612] 184.png | O2O=0.9294 Fused=0.9294 Student=0.9248 FusionΔ=+0.0000 SelfTrainΔ=-0.0046
[0096/0612] 185.png | O2O=0.9476 Fused=0.9476 Student=0.9400 FusionΔ=+0.0000 SelfTrainΔ=-0.0076
[0097/0612] 186.png | O2O=0.9526 Fused=0.9526 Student=0.9478 FusionΔ=+0.0000 SelfTrainΔ=-0.0048
[0098/0612] 187.png | O2O=0.6496 Fused=0.6496 Student=0.5849 FusionΔ=+0.0000 SelfTrainΔ=-0.0647
[0099/0612] 188.png | O2O=0.0000 Fused=0.0000 Student=0.4213 FusionΔ=+0.0000 SelfTrainΔ=+0.4213
[0100/0612] 189.png | O2O=0.9376 Fused=0.9376 Student=0.9416 FusionΔ=+0.0000 SelfTrainΔ=+0.0039
[0101/0612] 19.png | O2O=0.0000 Fused=0.0000 Student=0.6857 FusionΔ=+0.0000 SelfTrainΔ=+0.6857
[0102/0612] 190.png | O2O=0.9221 Fused=0.9221 Student=0.9194 FusionΔ=+0.0000 SelfTrainΔ=-0.0027
[0103/0612] 191.png | O2O=0.8878 Fused=0.8878 Student=0.9007 FusionΔ=+0.0000 SelfTrainΔ=+0.0130
[0104/0612] 192.png | O2O=0.9240 Fused=0.9240 Student=0.9354 FusionΔ=+0.0000 SelfTrainΔ=+0.0115
[0105/0612] 193.png | O2O=0.9141 Fused=0.9141 Student=0.9108 FusionΔ=+0.0000 SelfTrainΔ=-0.0033
[0106/0612] 194.png | O2O=0.9401 Fused=0.9401 Student=0.9502 FusionΔ=+0.0000 SelfTrainΔ=+0.0101
[0107/0612] 195.png | O2O=0.9478 Fused=0.9478 Student=0.9398 FusionΔ=+0.0000 SelfTrainΔ=-0.0080
[0108/0612] 196.png | O2O=0.0000 Fused=0.9213 Student=0.9305 FusionΔ=+0.9213 SelfTrainΔ=+0.0092
[0109/0612] 197.png | O2O=0.9274 Fused=0.9274 Student=0.9220 FusionΔ=+0.0000 SelfTrainΔ=-0.0053
[0110/0612] 198.png | O2O=0.9517 Fused=0.9517 Student=0.9496 FusionΔ=+0.0000 SelfTrainΔ=-0.0021
[0111/0612] 199.png | O2O=0.9473 Fused=0.9473 Student=0.9505 FusionΔ=+0.0000 SelfTrainΔ=+0.0032
[0112/0612] 2.png | O2O=0.6522 Fused=0.6521 Student=0.6430 FusionΔ=-0.0001 SelfTrainΔ=-0.0091
[0113/0612] 20.png | O2O=0.2367 Fused=0.2367 Student=0.2422 FusionΔ=+0.0000 SelfTrainΔ=+0.0054
[0114/0612] 200.png | O2O=0.0000 Fused=0.0000 Student=0.5428 FusionΔ=+0.0000 SelfTrainΔ=+0.5428
[0115/0612] 201.png | O2O=0.0000 Fused=0.0000 Student=0.2298 FusionΔ=+0.0000 SelfTrainΔ=+0.2298
[0116/0612] 202.png | O2O=0.0000 Fused=0.6371 Student=0.7280 FusionΔ=+0.6371 SelfTrainΔ=+0.0909
[0117/0612] 203.png | O2O=0.0000 Fused=0.0000 Student=0.1305 FusionΔ=+0.0000 SelfTrainΔ=+0.1305
[0118/0612] 204.png | O2O=0.0000 Fused=0.0000 Student=0.0907 FusionΔ=+0.0000 SelfTrainΔ=+0.0907
[0119/0612] 205.png | O2O=0.0000 Fused=0.0000 Student=0.0000 FusionΔ=+0.0000 SelfTrainΔ=+0.0000
[0120/0612] 206.png | O2O=0.7650 Fused=0.7650 Student=0.7657 FusionΔ=+0.0000 SelfTrainΔ=+0.0007
[0121/0612] 207.png | O2O=0.7068 Fused=0.7068 Student=0.7066 FusionΔ=+0.0000 SelfTrainΔ=-0.0001
[0122/0612] 208.png | O2O=0.0000 Fused=0.0000 Student=0.6958 FusionΔ=+0.0000 SelfTrainΔ=+0.6958
[0123/0612] 209.png | O2O=0.0000 Fused=0.0000 Student=0.7900 FusionΔ=+0.0000 SelfTrainΔ=+0.7900
[0124/0612] 21.png | O2O=0.0000 Fused=0.4774 Student=0.4782 FusionΔ=+0.4774 SelfTrainΔ=+0.0009
[0125/0612] 210.png | O2O=0.7246 Fused=0.7246 Student=0.7301 FusionΔ=+0.0000 SelfTrainΔ=+0.0055
[0126/0612] 211.png | O2O=0.7612 Fused=0.7612 Student=0.7392 FusionΔ=+0.0000 SelfTrainΔ=-0.0220
[0127/0612] 212.png | O2O=0.8268 Fused=0.8268 Student=0.8575 FusionΔ=+0.0000 SelfTrainΔ=+0.0307
[0128/0612] 213.png | O2O=0.8632 Fused=0.8632 Student=0.8625 FusionΔ=+0.0000 SelfTrainΔ=-0.0007
[0129/0612] 214.png | O2O=0.8736 Fused=0.8736 Student=0.8759 FusionΔ=+0.0000 SelfTrainΔ=+0.0023
[0130/0612] 215.png | O2O=0.9746 Fused=0.9746 Student=0.9713 FusionΔ=+0.0000 SelfTrainΔ=-0.0033
[0131/0612] 216.png | O2O=0.9064 Fused=0.9064 Student=0.9084 FusionΔ=+0.0000 SelfTrainΔ=+0.0020
[0132/0612] 217.png | O2O=0.9641 Fused=0.9641 Student=0.9667 FusionΔ=+0.0000 SelfTrainΔ=+0.0026
[0133/0612] 218.png | O2O=0.9632 Fused=0.9632 Student=0.9647 FusionΔ=+0.0000 SelfTrainΔ=+0.0014
[0134/0612] 219.png | O2O=0.9203 Fused=0.9203 Student=0.9208 FusionΔ=+0.0000 SelfTrainΔ=+0.0004
[0135/0612] 22.png | O2O=0.1857 Fused=0.1857 Student=0.1876 FusionΔ=+0.0000 SelfTrainΔ=+0.0018
[0136/0612] 220.png | O2O=0.9604 Fused=0.9604 Student=0.9609 FusionΔ=+0.0000 SelfTrainΔ=+0.0005
[0137/0612] 221.png | O2O=0.9199 Fused=0.9199 Student=0.9228 FusionΔ=+0.0000 SelfTrainΔ=+0.0029
[0138/0612] 222.png | O2O=0.9317 Fused=0.9317 Student=0.9286 FusionΔ=+0.0000 SelfTrainΔ=-0.0031
[0139/0612] 223.png | O2O=0.9447 Fused=0.9447 Student=0.9456 FusionΔ=+0.0000 SelfTrainΔ=+0.0009
[0140/0612] 224.png | O2O=0.9478 Fused=0.9478 Student=0.9431 FusionΔ=+0.0000 SelfTrainΔ=-0.0047
[0141/0612] 225.png | O2O=0.9254 Fused=0.9254 Student=0.9301 FusionΔ=+0.0000 SelfTrainΔ=+0.0047
[0142/0612] 226.png | O2O=0.9430 Fused=0.9430 Student=0.9430 FusionΔ=+0.0000 SelfTrainΔ=+0.0000
[0143/0612] 227.png | O2O=0.9060 Fused=0.9060 Student=0.9179 FusionΔ=+0.0000 SelfTrainΔ=+0.0119
[0144/0612] 228.png | O2O=0.9187 Fused=0.9187 Student=0.9286 FusionΔ=+0.0000 SelfTrainΔ=+0.0099
[0145/0612] 229.png | O2O=0.8979 Fused=0.8979 Student=0.8941 FusionΔ=+0.0000 SelfTrainΔ=-0.0038
[0146/0612] 23.png | O2O=0.9683 Fused=0.9683 Student=0.9660 FusionΔ=+0.0000 SelfTrainΔ=-0.0022
[0147/0612] 230.png | O2O=0.6412 Fused=0.6412 Student=0.5869 FusionΔ=+0.0000 SelfTrainΔ=-0.0543
[0148/0612] 231.png | O2O=0.0000 Fused=0.0000 Student=0.5545 FusionΔ=+0.0000 SelfTrainΔ=+0.5545
[0149/0612] 232.png | O2O=0.5592 Fused=0.5592 Student=0.5421 FusionΔ=+0.0000 SelfTrainΔ=-0.0171
[0150/0612] 233.png | O2O=0.5998 Fused=0.5998 Student=0.5815 FusionΔ=+0.0000 SelfTrainΔ=-0.0183
[0151/0612] 234.png | O2O=0.5686 Fused=0.5686 Student=0.5654 FusionΔ=+0.0000 SelfTrainΔ=-0.0033
[0152/0612] 235.png | O2O=0.0000 Fused=0.0000 Student=0.0000 FusionΔ=+0.0000 SelfTrainΔ=+0.0000
[0153/0612] 236.png | O2O=0.0000 Fused=0.0000 Student=0.4353 FusionΔ=+0.0000 SelfTrainΔ=+0.4353
[0154/0612] 237.png | O2O=0.9201 Fused=0.9201 Student=0.9120 FusionΔ=+0.0000 SelfTrainΔ=-0.0081
[0155/0612] 238.png | O2O=0.9461 Fused=0.9461 Student=0.9424 FusionΔ=+0.0000 SelfTrainΔ=-0.0037
[0156/0612] 239.png | O2O=0.0000 Fused=0.8551 Student=0.9152 FusionΔ=+0.8551 SelfTrainΔ=+0.0601
[0157/0612] 24.png | O2O=0.0000 Fused=0.9557 Student=0.9534 FusionΔ=+0.9557 SelfTrainΔ=-0.0024
[0158/0612] 240.png | O2O=0.5586 Fused=0.5586 Student=0.5416 FusionΔ=+0.0000 SelfTrainΔ=-0.0170
[0159/0612] 241.png | O2O=0.9095 Fused=0.9095 Student=0.9155 FusionΔ=+0.0000 SelfTrainΔ=+0.0061
[0160/0612] 242.png | O2O=0.2727 Fused=0.2727 Student=0.3340 FusionΔ=+0.0000 SelfTrainΔ=+0.0613
[0161/0612] 243.png | O2O=0.8752 Fused=0.8752 Student=0.8760 FusionΔ=+0.0000 SelfTrainΔ=+0.0009
[0162/0612] 244.png | O2O=0.0000 Fused=0.0000 Student=0.5449 FusionΔ=+0.0000 SelfTrainΔ=+0.5449
[0163/0612] 245.png | O2O=0.4600 Fused=0.4600 Student=0.4397 FusionΔ=+0.0000 SelfTrainΔ=-0.0203
[0164/0612] 246.png | O2O=0.0000 Fused=0.0000 Student=0.0000 FusionΔ=+0.0000 SelfTrainΔ=+0.0000
[0165/0612] 247.png | O2O=0.8709 Fused=0.8709 Student=0.8802 FusionΔ=+0.0000 SelfTrainΔ=+0.0092
[0166/0612] 248.png | O2O=0.8134 Fused=0.8134 Student=0.8361 FusionΔ=+0.0000 SelfTrainΔ=+0.0228
[0167/0612] 249.png | O2O=0.9198 Fused=0.9198 Student=0.9179 FusionΔ=+0.0000 SelfTrainΔ=-0.0019
[0168/0612] 25.png | O2O=0.1470 Fused=0.1470 Student=0.1844 FusionΔ=+0.0000 SelfTrainΔ=+0.0374
[0169/0612] 250.png | O2O=0.8610 Fused=0.8610 Student=0.8569 FusionΔ=+0.0000 SelfTrainΔ=-0.0041
[0170/0612] 251.png | O2O=0.0000 Fused=0.0000 Student=0.5393 FusionΔ=+0.0000 SelfTrainΔ=+0.5393
[0171/0612] 252.png | O2O=0.8639 Fused=0.8639 Student=0.8574 FusionΔ=+0.0000 SelfTrainΔ=-0.0066
[0172/0612] 253.png | O2O=0.0000 Fused=0.0000 Student=0.8246 FusionΔ=+0.0000 SelfTrainΔ=+0.8246
[0173/0612] 254.png | O2O=0.7482 Fused=0.7482 Student=0.7477 FusionΔ=+0.0000 SelfTrainΔ=-0.0006
[0174/0612] 255.png | O2O=0.0000 Fused=0.0000 Student=0.8590 FusionΔ=+0.0000 SelfTrainΔ=+0.8590
[0175/0612] 256.png | O2O=0.4391 Fused=0.4391 Student=0.4443 FusionΔ=+0.0000 SelfTrainΔ=+0.0052
[0176/0612] 257.png | O2O=0.7899 Fused=0.7899 Student=0.8230 FusionΔ=+0.0000 SelfTrainΔ=+0.0331
[0177/0612] 258.png | O2O=0.0000 Fused=0.8793 Student=0.8789 FusionΔ=+0.8793 SelfTrainΔ=-0.0004
[0178/0612] 259.png | O2O=0.7798 Fused=0.7798 Student=0.7844 FusionΔ=+0.0000 SelfTrainΔ=+0.0046
[0179/0612] 26.png | O2O=0.0000 Fused=0.0000 Student=0.8402 FusionΔ=+0.0000 SelfTrainΔ=+0.8402
[0180/0612] 260.png | O2O=0.7965 Fused=0.7965 Student=0.7955 FusionΔ=+0.0000 SelfTrainΔ=-0.0010
[0181/0612] 261.png | O2O=0.8834 Fused=0.8834 Student=0.8501 FusionΔ=+0.0000 SelfTrainΔ=-0.0333
[0182/0612] 262.png | O2O=0.0000 Fused=0.8908 Student=0.8740 FusionΔ=+0.8908 SelfTrainΔ=-0.0168
[0183/0612] 263.png | O2O=0.0000 Fused=0.0000 Student=0.0000 FusionΔ=+0.0000 SelfTrainΔ=+0.0000
[0184/0612] 264.png | O2O=0.0000 Fused=0.8179 Student=0.8189 FusionΔ=+0.8179 SelfTrainΔ=+0.0010
[0185/0612] 265.png | O2O=0.8657 Fused=0.8657 Student=0.8777 FusionΔ=+0.0000 SelfTrainΔ=+0.0120
[0186/0612] 266.png | O2O=0.8638 Fused=0.8638 Student=0.8626 FusionΔ=+0.0000 SelfTrainΔ=-0.0012
[0187/0612] 267.png | O2O=0.0000 Fused=0.0000 Student=0.8476 FusionΔ=+0.0000 SelfTrainΔ=+0.8476
[0188/0612] 268.png | O2O=0.0000 Fused=0.0000 Student=0.6006 FusionΔ=+0.0000 SelfTrainΔ=+0.6006
[0189/0612] 269.png | O2O=0.2731 Fused=0.2731 Student=0.2778 FusionΔ=+0.0000 SelfTrainΔ=+0.0046
[0190/0612] 27.png | O2O=0.0000 Fused=0.8683 Student=0.8304 FusionΔ=+0.8683 SelfTrainΔ=-0.0379
[0191/0612] 270.png | O2O=0.0000 Fused=0.0000 Student=0.6383 FusionΔ=+0.0000 SelfTrainΔ=+0.6383
[0192/0612] 271.png | O2O=0.0000 Fused=0.0000 Student=0.8507 FusionΔ=+0.0000 SelfTrainΔ=+0.8507
[0193/0612] 272.png | O2O=0.8487 Fused=0.8487 Student=0.8516 FusionΔ=+0.0000 SelfTrainΔ=+0.0028
[0194/0612] 273.png | O2O=0.0000 Fused=0.9239 Student=0.0000 FusionΔ=+0.9239 SelfTrainΔ=-0.9239
[0195/0612] 274.png | O2O=0.7480 Fused=0.7480 Student=0.7872 FusionΔ=+0.0000 SelfTrainΔ=+0.0392
[0196/0612] 275.png | O2O=0.8005 Fused=0.8005 Student=0.8243 FusionΔ=+0.0000 SelfTrainΔ=+0.0237
[0197/0612] 276.png | O2O=0.9012 Fused=0.9012 Student=0.9100 FusionΔ=+0.0000 SelfTrainΔ=+0.0088
[0198/0612] 277.png | O2O=0.8937 Fused=0.8937 Student=0.9000 FusionΔ=+0.0000 SelfTrainΔ=+0.0063
[0199/0612] 278.png | O2O=0.0000 Fused=0.0000 Student=0.9426 FusionΔ=+0.0000 SelfTrainΔ=+0.9426
[0200/0612] 279.png | O2O=0.0000 Fused=0.0000 Student=0.9580 FusionΔ=+0.0000 SelfTrainΔ=+0.9580
[0201/0612] 28.png | O2O=0.0000 Fused=0.8958 Student=0.8914 FusionΔ=+0.8958 SelfTrainΔ=-0.0044
[0202/0612] 280.png | O2O=0.9228 Fused=0.9228 Student=0.9260 FusionΔ=+0.0000 SelfTrainΔ=+0.0032
[0203/0612] 281.png | O2O=0.9424 Fused=0.9424 Student=0.9337 FusionΔ=+0.0000 SelfTrainΔ=-0.0087
[0204/0612] 282.png | O2O=0.9563 Fused=0.9563 Student=0.9496 FusionΔ=+0.0000 SelfTrainΔ=-0.0067
[0205/0612] 283.png | O2O=0.9610 Fused=0.9610 Student=0.9548 FusionΔ=+0.0000 SelfTrainΔ=-0.0062
[0206/0612] 284.png | O2O=0.0000 Fused=0.0000 Student=0.8261 FusionΔ=+0.0000 SelfTrainΔ=+0.8261
[0207/0612] 285.png | O2O=0.9328 Fused=0.9328 Student=0.9162 FusionΔ=+0.0000 SelfTrainΔ=-0.0166
[0208/0612] 286.png | O2O=0.8444 Fused=0.8444 Student=0.8359 FusionΔ=+0.0000 SelfTrainΔ=-0.0085
[0209/0612] 287.png | O2O=0.9207 Fused=0.9207 Student=0.9098 FusionΔ=+0.0000 SelfTrainΔ=-0.0109
[0210/0612] 288.png | O2O=0.9074 Fused=0.9074 Student=0.9086 FusionΔ=+0.0000 SelfTrainΔ=+0.0012
[0211/0612] 289.png | O2O=0.0000 Fused=0.0000 Student=0.0000 FusionΔ=+0.0000 SelfTrainΔ=+0.0000
[0212/0612] 29.png | O2O=0.9379 Fused=0.9379 Student=0.9400 FusionΔ=+0.0000 SelfTrainΔ=+0.0022
[0213/0612] 290.png | O2O=0.0000 Fused=0.0000 Student=0.8315 FusionΔ=+0.0000 SelfTrainΔ=+0.8315
[0214/0612] 291.png | O2O=0.9246 Fused=0.9246 Student=0.0000 FusionΔ=+0.0000 SelfTrainΔ=-0.9246
[0215/0612] 292.png | O2O=0.0000 Fused=0.0000 Student=0.2777 FusionΔ=+0.0000 SelfTrainΔ=+0.2777
[0216/0612] 293.png | O2O=0.9298 Fused=0.9298 Student=0.9329 FusionΔ=+0.0000 SelfTrainΔ=+0.0031
[0217/0612] 294.png | O2O=0.9574 Fused=0.9574 Student=0.9509 FusionΔ=+0.0000 SelfTrainΔ=-0.0065
[0218/0612] 295.png | O2O=0.9252 Fused=0.9252 Student=0.9224 FusionΔ=+0.0000 SelfTrainΔ=-0.0027
[0219/0612] 296.png | O2O=0.9330 Fused=0.9330 Student=0.9303 FusionΔ=+0.0000 SelfTrainΔ=-0.0027
[0220/0612] 297.png | O2O=0.0000 Fused=0.0000 Student=0.8487 FusionΔ=+0.0000 SelfTrainΔ=+0.8487
[0221/0612] 298.png | O2O=0.9474 Fused=0.9474 Student=0.9561 FusionΔ=+0.0000 SelfTrainΔ=+0.0087
[0222/0612] 299.png | O2O=0.9672 Fused=0.9672 Student=0.9557 FusionΔ=+0.0000 SelfTrainΔ=-0.0115
[0223/0612] 3.png | O2O=0.6511 Fused=0.6511 Student=0.6468 FusionΔ=+0.0000 SelfTrainΔ=-0.0043
[0224/0612] 30.png | O2O=0.9634 Fused=0.9634 Student=0.9572 FusionΔ=+0.0000 SelfTrainΔ=-0.0063
[0225/0612] 300.png | O2O=0.9655 Fused=0.9655 Student=0.9645 FusionΔ=+0.0000 SelfTrainΔ=-0.0010
[0226/0612] 301.png | O2O=0.9186 Fused=0.9186 Student=0.9323 FusionΔ=+0.0000 SelfTrainΔ=+0.0138
[0227/0612] 302.png | O2O=0.9625 Fused=0.9625 Student=0.9610 FusionΔ=+0.0000 SelfTrainΔ=-0.0015
[0228/0612] 303.png | O2O=0.9493 Fused=0.9493 Student=0.9523 FusionΔ=+0.0000 SelfTrainΔ=+0.0030
[0229/0612] 304.png | O2O=0.9416 Fused=0.9416 Student=0.9423 FusionΔ=+0.0000 SelfTrainΔ=+0.0007
[0230/0612] 305.png | O2O=0.9323 Fused=0.9323 Student=0.9317 FusionΔ=+0.0000 SelfTrainΔ=-0.0006
[0231/0612] 306.png | O2O=0.9180 Fused=0.9180 Student=0.9205 FusionΔ=+0.0000 SelfTrainΔ=+0.0025
[0232/0612] 307.png | O2O=0.9583 Fused=0.9583 Student=0.9501 FusionΔ=+0.0000 SelfTrainΔ=-0.0082
[0233/0612] 308.png | O2O=0.9317 Fused=0.9317 Student=0.9523 FusionΔ=+0.0000 SelfTrainΔ=+0.0206
[0234/0612] 309.png | O2O=0.9409 Fused=0.9409 Student=0.9300 FusionΔ=+0.0000 SelfTrainΔ=-0.0109
[0235/0612] 31.png | O2O=0.9687 Fused=0.9687 Student=0.9654 FusionΔ=+0.0000 SelfTrainΔ=-0.0034
[0236/0612] 310.png | O2O=0.9707 Fused=0.9707 Student=0.9602 FusionΔ=+0.0000 SelfTrainΔ=-0.0105
[0237/0612] 311.png | O2O=0.9438 Fused=0.9438 Student=0.9376 FusionΔ=+0.0000 SelfTrainΔ=-0.0062
[0238/0612] 312.png | O2O=0.0000 Fused=0.0000 Student=0.8855 FusionΔ=+0.0000 SelfTrainΔ=+0.8855
[0239/0612] 313.png | O2O=0.9230 Fused=0.9230 Student=0.9287 FusionΔ=+0.0000 SelfTrainΔ=+0.0057
[0240/0612] 314.png | O2O=0.9631 Fused=0.9631 Student=0.9653 FusionΔ=+0.0000 SelfTrainΔ=+0.0022
[0241/0612] 315.png | O2O=0.9845 Fused=0.9845 Student=0.9840 FusionΔ=+0.0000 SelfTrainΔ=-0.0005
[0242/0612] 316.png | O2O=0.9647 Fused=0.9647 Student=0.9734 FusionΔ=+0.0000 SelfTrainΔ=+0.0087
[0243/0612] 317.png | O2O=0.9459 Fused=0.9459 Student=0.9450 FusionΔ=+0.0000 SelfTrainΔ=-0.0009
[0244/0612] 318.png | O2O=0.9559 Fused=0.9559 Student=0.9565 FusionΔ=+0.0000 SelfTrainΔ=+0.0006
[0245/0612] 319.png | O2O=0.9592 Fused=0.9592 Student=0.9428 FusionΔ=+0.0000 SelfTrainΔ=-0.0164
[0246/0612] 32.png | O2O=0.9601 Fused=0.9601 Student=0.9648 FusionΔ=+0.0000 SelfTrainΔ=+0.0047
[0247/0612] 320.png | O2O=0.0000 Fused=0.9556 Student=0.9542 FusionΔ=+0.9556 SelfTrainΔ=-0.0014
[0248/0612] 321.png | O2O=0.9415 Fused=0.9415 Student=0.9422 FusionΔ=+0.0000 SelfTrainΔ=+0.0007
[0249/0612] 322.png | O2O=0.9679 Fused=0.9679 Student=0.9598 FusionΔ=+0.0000 SelfTrainΔ=-0.0081
[0250/0612] 323.png | O2O=0.9634 Fused=0.9634 Student=0.9570 FusionΔ=+0.0000 SelfTrainΔ=-0.0063
[0251/0612] 324.png | O2O=0.9622 Fused=0.9622 Student=0.9570 FusionΔ=+0.0000 SelfTrainΔ=-0.0053
[0252/0612] 325.png | O2O=0.9244 Fused=0.9244 Student=0.9117 FusionΔ=+0.0000 SelfTrainΔ=-0.0128
[0253/0612] 326.png | O2O=0.9186 Fused=0.9186 Student=0.9078 FusionΔ=+0.0000 SelfTrainΔ=-0.0108
[0254/0612] 327.png | O2O=0.9427 Fused=0.9427 Student=0.9428 FusionΔ=+0.0000 SelfTrainΔ=+0.0001
[0255/0612] 328.png | O2O=0.9272 Fused=0.9272 Student=0.9224 FusionΔ=+0.0000 SelfTrainΔ=-0.0048
[0256/0612] 329.png | O2O=0.9305 Fused=0.9305 Student=0.9188 FusionΔ=+0.0000 SelfTrainΔ=-0.0117
[0257/0612] 33.png | O2O=0.9670 Fused=0.9670 Student=0.9630 FusionΔ=+0.0000 SelfTrainΔ=-0.0040
[0258/0612] 330.png | O2O=0.9478 Fused=0.9478 Student=0.9386 FusionΔ=+0.0000 SelfTrainΔ=-0.0092
[0259/0612] 331.png | O2O=0.9584 Fused=0.9584 Student=0.9529 FusionΔ=+0.0000 SelfTrainΔ=-0.0055
[0260/0612] 332.png | O2O=0.9692 Fused=0.9692 Student=0.9673 FusionΔ=+0.0000 SelfTrainΔ=-0.0019
[0261/0612] 333.png | O2O=0.9547 Fused=0.9547 Student=0.9403 FusionΔ=+0.0000 SelfTrainΔ=-0.0144
[0262/0612] 334.png | O2O=0.9445 Fused=0.9445 Student=0.9406 FusionΔ=+0.0000 SelfTrainΔ=-0.0039
[0263/0612] 335.png | O2O=0.9629 Fused=0.9629 Student=0.9542 FusionΔ=+0.0000 SelfTrainΔ=-0.0087
[0264/0612] 336.png | O2O=0.9546 Fused=0.9546 Student=0.9497 FusionΔ=+0.0000 SelfTrainΔ=-0.0049
[0265/0612] 337.png | O2O=0.9546 Fused=0.9546 Student=0.9558 FusionΔ=+0.0000 SelfTrainΔ=+0.0011
[0266/0612] 338.png | O2O=0.9489 Fused=0.9489 Student=0.9579 FusionΔ=+0.0000 SelfTrainΔ=+0.0091
[0267/0612] 339.png | O2O=0.9428 Fused=0.9428 Student=0.9384 FusionΔ=+0.0000 SelfTrainΔ=-0.0044
[0268/0612] 34.png | O2O=0.9308 Fused=0.9308 Student=0.9255 FusionΔ=+0.0000 SelfTrainΔ=-0.0053
[0269/0612] 340.png | O2O=0.9326 Fused=0.9326 Student=0.9321 FusionΔ=+0.0000 SelfTrainΔ=-0.0005
[0270/0612] 341.png | O2O=0.9435 Fused=0.9435 Student=0.9391 FusionΔ=+0.0000 SelfTrainΔ=-0.0044
[0271/0612] 342.png | O2O=0.9713 Fused=0.9713 Student=0.9685 FusionΔ=+0.0000 SelfTrainΔ=-0.0028
[0272/0612] 343.png | O2O=0.0000 Fused=0.0000 Student=0.9747 FusionΔ=+0.0000 SelfTrainΔ=+0.9747
[0273/0612] 344.png | O2O=0.0000 Fused=0.9755 Student=0.9775 FusionΔ=+0.9755 SelfTrainΔ=+0.0020
[0274/0612] 345.png | O2O=0.3467 Fused=0.3467 Student=0.3529 FusionΔ=+0.0000 SelfTrainΔ=+0.0061
[0275/0612] 346.png | O2O=0.9635 Fused=0.9635 Student=0.6062 FusionΔ=+0.0000 SelfTrainΔ=-0.3573
[0276/0612] 347.png | O2O=0.9309 Fused=0.9309 Student=0.9277 FusionΔ=+0.0000 SelfTrainΔ=-0.0033
[0277/0612] 348.png | O2O=0.8755 Fused=0.8755 Student=0.8784 FusionΔ=+0.0000 SelfTrainΔ=+0.0029
[0278/0612] 349.png | O2O=0.9722 Fused=0.9722 Student=0.9724 FusionΔ=+0.0000 SelfTrainΔ=+0.0002
[0279/0612] 35.png | O2O=0.9297 Fused=0.9297 Student=0.9305 FusionΔ=+0.0000 SelfTrainΔ=+0.0008
[0280/0612] 350.png | O2O=0.0000 Fused=0.0000 Student=0.9374 FusionΔ=+0.0000 SelfTrainΔ=+0.9374
[0281/0612] 351.png | O2O=0.9229 Fused=0.9229 Student=0.9144 FusionΔ=+0.0000 SelfTrainΔ=-0.0084
[0282/0612] 352.png | O2O=0.9113 Fused=0.9113 Student=0.9175 FusionΔ=+0.0000 SelfTrainΔ=+0.0061
[0283/0612] 353.png | O2O=0.9352 Fused=0.9352 Student=0.9344 FusionΔ=+0.0000 SelfTrainΔ=-0.0008
[0284/0612] 354.png | O2O=0.9443 Fused=0.9443 Student=0.9454 FusionΔ=+0.0000 SelfTrainΔ=+0.0011
[0285/0612] 355.png | O2O=0.3259 Fused=0.3259 Student=0.3230 FusionΔ=+0.0000 SelfTrainΔ=-0.0028
[0286/0612] 356.png | O2O=0.0000 Fused=0.0000 Student=0.0000 FusionΔ=+0.0000 SelfTrainΔ=+0.0000
[0287/0612] 357.png | O2O=0.8489 Fused=0.8489 Student=0.8678 FusionΔ=+0.0000 SelfTrainΔ=+0.0189
[0288/0612] 358.png | O2O=0.8651 Fused=0.8651 Student=0.8676 FusionΔ=+0.0000 SelfTrainΔ=+0.0024
[0289/0612] 359.png | O2O=0.8395 Fused=0.8395 Student=0.8751 FusionΔ=+0.0000 SelfTrainΔ=+0.0355
[0290/0612] 36.png | O2O=0.9361 Fused=0.9361 Student=0.9356 FusionΔ=+0.0000 SelfTrainΔ=-0.0006
[0291/0612] 360.png | O2O=0.7986 Fused=0.7986 Student=0.7995 FusionΔ=+0.0000 SelfTrainΔ=+0.0009
[0292/0612] 361.png | O2O=0.0000 Fused=0.0000 Student=0.7331 FusionΔ=+0.0000 SelfTrainΔ=+0.7331
[0293/0612] 362.png | O2O=0.0000 Fused=0.0000 Student=0.0000 FusionΔ=+0.0000 SelfTrainΔ=+0.0000
[0294/0612] 363.png | O2O=0.0000 Fused=0.8025 Student=0.8763 FusionΔ=+0.8025 SelfTrainΔ=+0.0738
[0295/0612] 364.png | O2O=0.8569 Fused=0.8569 Student=0.8590 FusionΔ=+0.0000 SelfTrainΔ=+0.0021
[0296/0612] 365.png | O2O=0.8262 Fused=0.8262 Student=0.8235 FusionΔ=+0.0000 SelfTrainΔ=-0.0027
[0297/0612] 366.png | O2O=0.8307 Fused=0.8307 Student=0.8421 FusionΔ=+0.0000 SelfTrainΔ=+0.0114
[0298/0612] 367.png | O2O=0.8602 Fused=0.8602 Student=0.8823 FusionΔ=+0.0000 SelfTrainΔ=+0.0220
[0299/0612] 368.png | O2O=0.7884 Fused=0.7884 Student=0.7653 FusionΔ=+0.0000 SelfTrainΔ=-0.0231
[0300/0612] 369.png | O2O=0.8077 Fused=0.8077 Student=0.8060 FusionΔ=+0.0000 SelfTrainΔ=-0.0017
[0301/0612] 37.png | O2O=0.9256 Fused=0.9256 Student=0.9269 FusionΔ=+0.0000 SelfTrainΔ=+0.0013
[0302/0612] 370.png | O2O=0.6428 Fused=0.6428 Student=0.6603 FusionΔ=+0.0000 SelfTrainΔ=+0.0175
[0303/0612] 371.png | O2O=0.8202 Fused=0.8202 Student=0.9156 FusionΔ=+0.0000 SelfTrainΔ=+0.0954
[0304/0612] 372.png | O2O=0.0000 Fused=0.8928 Student=0.8665 FusionΔ=+0.8928 SelfTrainΔ=-0.0263
[0305/0612] 373.png | O2O=0.7824 Fused=0.7824 Student=0.7731 FusionΔ=+0.0000 SelfTrainΔ=-0.0093
[0306/0612] 374.png | O2O=0.8412 Fused=0.8412 Student=0.7952 FusionΔ=+0.0000 SelfTrainΔ=-0.0461
[0307/0612] 375.png | O2O=0.0000 Fused=0.0000 Student=0.7525 FusionΔ=+0.0000 SelfTrainΔ=+0.7525
[0308/0612] 376.png | O2O=0.8080 Fused=0.8080 Student=0.8331 FusionΔ=+0.0000 SelfTrainΔ=+0.0251
[0309/0612] 377.png | O2O=0.0000 Fused=0.2411 Student=0.9178 FusionΔ=+0.2411 SelfTrainΔ=+0.6768
[0310/0612] 378.png | O2O=0.0000 Fused=0.0000 Student=0.8145 FusionΔ=+0.0000 SelfTrainΔ=+0.8145
[0311/0612] 379.png | O2O=0.7700 Fused=0.7700 Student=0.8564 FusionΔ=+0.0000 SelfTrainΔ=+0.0864
[0312/0612] 38.png | O2O=0.9516 Fused=0.9516 Student=0.9519 FusionΔ=+0.0000 SelfTrainΔ=+0.0003
[0313/0612] 380.png | O2O=0.0000 Fused=0.0000 Student=0.8110 FusionΔ=+0.0000 SelfTrainΔ=+0.8110
[0314/0612] 381.png | O2O=0.0000 Fused=0.0000 Student=0.8827 FusionΔ=+0.0000 SelfTrainΔ=+0.8827
[0315/0612] 382.png | O2O=0.7803 Fused=0.7803 Student=0.8567 FusionΔ=+0.0000 SelfTrainΔ=+0.0764
[0316/0612] 383.png | O2O=0.9208 Fused=0.9208 Student=0.8847 FusionΔ=+0.0000 SelfTrainΔ=-0.0360
[0317/0612] 384.png | O2O=0.0000 Fused=0.8717 Student=0.8990 FusionΔ=+0.8717 SelfTrainΔ=+0.0273
[0318/0612] 385.png | O2O=0.8066 Fused=0.8066 Student=0.8678 FusionΔ=+0.0000 SelfTrainΔ=+0.0613
[0319/0612] 386.png | O2O=0.8168 Fused=0.8168 Student=0.8959 FusionΔ=+0.0000 SelfTrainΔ=+0.0791
[0320/0612] 387.png | O2O=0.8368 Fused=0.8368 Student=0.8702 FusionΔ=+0.0000 SelfTrainΔ=+0.0335
[0321/0612] 388.png | O2O=0.0000 Fused=0.8610 Student=0.8688 FusionΔ=+0.8610 SelfTrainΔ=+0.0078
[0322/0612] 389.png | O2O=0.9065 Fused=0.9065 Student=0.8938 FusionΔ=+0.0000 SelfTrainΔ=-0.0126
[0323/0612] 39.png | O2O=0.9438 Fused=0.9438 Student=0.9414 FusionΔ=+0.0000 SelfTrainΔ=-0.0024
[0324/0612] 390.png | O2O=0.9832 Fused=0.9832 Student=0.9868 FusionΔ=+0.0000 SelfTrainΔ=+0.0037
[0325/0612] 391.png | O2O=0.9427 Fused=0.9427 Student=0.9614 FusionΔ=+0.0000 SelfTrainΔ=+0.0187
[0326/0612] 392.png | O2O=0.9449 Fused=0.9449 Student=0.9386 FusionΔ=+0.0000 SelfTrainΔ=-0.0063
[0327/0612] 393.png | O2O=0.9543 Fused=0.9543 Student=0.9515 FusionΔ=+0.0000 SelfTrainΔ=-0.0028
[0328/0612] 394.png | O2O=0.9451 Fused=0.9451 Student=0.9441 FusionΔ=+0.0000 SelfTrainΔ=-0.0010
[0329/0612] 395.png | O2O=0.9319 Fused=0.9319 Student=0.9289 FusionΔ=+0.0000 SelfTrainΔ=-0.0030
[0330/0612] 396.png | O2O=0.9572 Fused=0.9572 Student=0.9467 FusionΔ=+0.0000 SelfTrainΔ=-0.0105
[0331/0612] 397.png | O2O=0.9741 Fused=0.9741 Student=0.9739 FusionΔ=+0.0000 SelfTrainΔ=-0.0002
[0332/0612] 398.png | O2O=0.9519 Fused=0.9519 Student=0.9492 FusionΔ=+0.0000 SelfTrainΔ=-0.0027
[0333/0612] 399.png | O2O=0.9674 Fused=0.9674 Student=0.9511 FusionΔ=+0.0000 SelfTrainΔ=-0.0163
[0334/0612] 4.png | O2O=0.9405 Fused=0.9405 Student=0.7814 FusionΔ=+0.0000 SelfTrainΔ=-0.1591
[0335/0612] 40.png | O2O=0.9482 Fused=0.9482 Student=0.9492 FusionΔ=+0.0000 SelfTrainΔ=+0.0010
[0336/0612] 400.png | O2O=0.9452 Fused=0.9452 Student=0.9394 FusionΔ=+0.0000 SelfTrainΔ=-0.0058
[0337/0612] 401.png | O2O=0.9625 Fused=0.9625 Student=0.9638 FusionΔ=+0.0000 SelfTrainΔ=+0.0013
[0338/0612] 402.png | O2O=0.9586 Fused=0.9586 Student=0.9570 FusionΔ=+0.0000 SelfTrainΔ=-0.0016
[0339/0612] 403.png | O2O=0.9618 Fused=0.9618 Student=0.9642 FusionΔ=+0.0000 SelfTrainΔ=+0.0024
[0340/0612] 404.png | O2O=0.9598 Fused=0.9598 Student=0.9619 FusionΔ=+0.0000 SelfTrainΔ=+0.0021
[0341/0612] 405.png | O2O=0.9760 Fused=0.9760 Student=0.9776 FusionΔ=+0.0000 SelfTrainΔ=+0.0016
[0342/0612] 406.png | O2O=0.9604 Fused=0.9604 Student=0.9582 FusionΔ=+0.0000 SelfTrainΔ=-0.0022
[0343/0612] 407.png | O2O=0.9348 Fused=0.9348 Student=0.9067 FusionΔ=+0.0000 SelfTrainΔ=-0.0282
[0344/0612] 408.png | O2O=0.9065 Fused=0.9065 Student=0.8731 FusionΔ=+0.0000 SelfTrainΔ=-0.0334
[0345/0612] 409.png | O2O=0.9714 Fused=0.9714 Student=0.9610 FusionΔ=+0.0000 SelfTrainΔ=-0.0104
[0346/0612] 41.png | O2O=0.9451 Fused=0.9451 Student=0.9380 FusionΔ=+0.0000 SelfTrainΔ=-0.0071
[0347/0612] 410.png | O2O=0.0000 Fused=0.9099 Student=0.9137 FusionΔ=+0.9099 SelfTrainΔ=+0.0038
[0348/0612] 411.png | O2O=0.6363 Fused=0.6363 Student=0.6587 FusionΔ=+0.0000 SelfTrainΔ=+0.0224
[0349/0612] 412.png | O2O=0.7597 Fused=0.7597 Student=0.7923 FusionΔ=+0.0000 SelfTrainΔ=+0.0326
[0350/0612] 413.png | O2O=0.7746 Fused=0.7746 Student=0.7844 FusionΔ=+0.0000 SelfTrainΔ=+0.0097
[0351/0612] 414.png | O2O=0.0000 Fused=0.9448 Student=0.7823 FusionΔ=+0.9448 SelfTrainΔ=-0.1625
[0352/0612] 415.png | O2O=0.9313 Fused=0.9313 Student=0.9267 FusionΔ=+0.0000 SelfTrainΔ=-0.0046
[0353/0612] 416.png | O2O=0.9422 Fused=0.9422 Student=0.9424 FusionΔ=+0.0000 SelfTrainΔ=+0.0002
[0354/0612] 417.png | O2O=0.8184 Fused=0.8184 Student=0.8161 FusionΔ=+0.0000 SelfTrainΔ=-0.0023
[0355/0612] 418.png | O2O=0.7531 Fused=0.7531 Student=0.7801 FusionΔ=+0.0000 SelfTrainΔ=+0.0270
[0356/0612] 419.png | O2O=0.0000 Fused=0.0000 Student=0.9023 FusionΔ=+0.0000 SelfTrainΔ=+0.9023
[0357/0612] 42.png | O2O=0.9661 Fused=0.9661 Student=0.9631 FusionΔ=+0.0000 SelfTrainΔ=-0.0030
[0358/0612] 420.png | O2O=0.0000 Fused=0.0000 Student=0.9306 FusionΔ=+0.0000 SelfTrainΔ=+0.9306
[0359/0612] 421.png | O2O=0.9318 Fused=0.9318 Student=0.9349 FusionΔ=+0.0000 SelfTrainΔ=+0.0032
[0360/0612] 422.png | O2O=0.8972 Fused=0.8972 Student=0.8884 FusionΔ=+0.0000 SelfTrainΔ=-0.0088
[0361/0612] 423.png | O2O=0.8478 Fused=0.8478 Student=0.8320 FusionΔ=+0.0000 SelfTrainΔ=-0.0158
[0362/0612] 424.png | O2O=0.0000 Fused=0.0000 Student=0.0000 FusionΔ=+0.0000 SelfTrainΔ=+0.0000
[0363/0612] 425.png | O2O=0.0000 Fused=0.0000 Student=0.0000 FusionΔ=+0.0000 SelfTrainΔ=+0.0000
[0364/0612] 426.png | O2O=0.8765 Fused=0.8765 Student=0.8687 FusionΔ=+0.0000 SelfTrainΔ=-0.0078
[0365/0612] 427.png | O2O=0.9369 Fused=0.9369 Student=0.9468 FusionΔ=+0.0000 SelfTrainΔ=+0.0100
[0366/0612] 428.png | O2O=0.0000 Fused=0.0000 Student=0.5953 FusionΔ=+0.0000 SelfTrainΔ=+0.5953
[0367/0612] 429.png | O2O=0.9283 Fused=0.9283 Student=0.9257 FusionΔ=+0.0000 SelfTrainΔ=-0.0026
[0368/0612] 43.png | O2O=0.9554 Fused=0.9554 Student=0.9514 FusionΔ=+0.0000 SelfTrainΔ=-0.0040
[0369/0612] 430.png | O2O=0.9132 Fused=0.9132 Student=0.9156 FusionΔ=+0.0000 SelfTrainΔ=+0.0024
[0370/0612] 431.png | O2O=0.9221 Fused=0.9221 Student=0.9169 FusionΔ=+0.0000 SelfTrainΔ=-0.0052
[0371/0612] 432.png | O2O=0.9463 Fused=0.9463 Student=0.9384 FusionΔ=+0.0000 SelfTrainΔ=-0.0079
[0372/0612] 433.png | O2O=0.9489 Fused=0.9489 Student=0.9418 FusionΔ=+0.0000 SelfTrainΔ=-0.0071
[0373/0612] 434.png | O2O=0.9619 Fused=0.9619 Student=0.9495 FusionΔ=+0.0000 SelfTrainΔ=-0.0124
[0374/0612] 435.png | O2O=0.9422 Fused=0.9422 Student=0.9384 FusionΔ=+0.0000 SelfTrainΔ=-0.0038
[0375/0612] 436.png | O2O=0.9398 Fused=0.9398 Student=0.9292 FusionΔ=+0.0000 SelfTrainΔ=-0.0106
[0376/0612] 437.png | O2O=0.9487 Fused=0.9487 Student=0.9460 FusionΔ=+0.0000 SelfTrainΔ=-0.0027
[0377/0612] 438.png | O2O=0.5887 Fused=0.5887 Student=0.5860 FusionΔ=+0.0000 SelfTrainΔ=-0.0027
[0378/0612] 439.png | O2O=0.9346 Fused=0.9346 Student=0.9370 FusionΔ=+0.0000 SelfTrainΔ=+0.0024
[0379/0612] 44.png | O2O=0.9702 Fused=0.9702 Student=0.9695 FusionΔ=+0.0000 SelfTrainΔ=-0.0007
[0380/0612] 440.png | O2O=0.9614 Fused=0.9614 Student=0.9518 FusionΔ=+0.0000 SelfTrainΔ=-0.0096
[0381/0612] 441.png | O2O=0.9209 Fused=0.9209 Student=0.9333 FusionΔ=+0.0000 SelfTrainΔ=+0.0123
[0382/0612] 442.png | O2O=0.2665 Fused=0.2665 Student=0.2630 FusionΔ=+0.0000 SelfTrainΔ=-0.0035
[0383/0612] 443.png | O2O=0.9525 Fused=0.9525 Student=0.9499 FusionΔ=+0.0000 SelfTrainΔ=-0.0026
[0384/0612] 444.png | O2O=0.9647 Fused=0.9647 Student=0.9593 FusionΔ=+0.0000 SelfTrainΔ=-0.0054
[0385/0612] 445.png | O2O=0.9540 Fused=0.9540 Student=0.9545 FusionΔ=+0.0000 SelfTrainΔ=+0.0005
[0386/0612] 446.png | O2O=0.9383 Fused=0.9383 Student=0.9364 FusionΔ=+0.0000 SelfTrainΔ=-0.0019
[0387/0612] 447.png | O2O=0.9313 Fused=0.9313 Student=0.9407 FusionΔ=+0.0000 SelfTrainΔ=+0.0094
[0388/0612] 448.png | O2O=0.9513 Fused=0.9513 Student=0.9447 FusionΔ=+0.0000 SelfTrainΔ=-0.0066
[0389/0612] 449.png | O2O=0.9227 Fused=0.9227 Student=0.9208 FusionΔ=+0.0000 SelfTrainΔ=-0.0019
[0390/0612] 45.png | O2O=0.9488 Fused=0.9488 Student=0.9450 FusionΔ=+0.0000 SelfTrainΔ=-0.0038
[0391/0612] 450.png | O2O=0.9587 Fused=0.9587 Student=0.9514 FusionΔ=+0.0000 SelfTrainΔ=-0.0073
[0392/0612] 451.png | O2O=0.9376 Fused=0.9376 Student=0.9230 FusionΔ=+0.0000 SelfTrainΔ=-0.0146
[0393/0612] 452.png | O2O=0.9336 Fused=0.9336 Student=0.9303 FusionΔ=+0.0000 SelfTrainΔ=-0.0033
[0394/0612] 453.png | O2O=0.9462 Fused=0.9462 Student=0.9473 FusionΔ=+0.0000 SelfTrainΔ=+0.0011
[0395/0612] 454.png | O2O=0.9731 Fused=0.9731 Student=0.9673 FusionΔ=+0.0000 SelfTrainΔ=-0.0058
[0396/0612] 455.png | O2O=0.9393 Fused=0.9393 Student=0.9329 FusionΔ=+0.0000 SelfTrainΔ=-0.0064
[0397/0612] 456.png | O2O=0.0000 Fused=0.9714 Student=0.9555 FusionΔ=+0.9714 SelfTrainΔ=-0.0159
[0398/0612] 457.png | O2O=0.8964 Fused=0.8964 Student=0.9470 FusionΔ=+0.0000 SelfTrainΔ=+0.0506
[0399/0612] 458.png | O2O=0.9389 Fused=0.9389 Student=0.9297 FusionΔ=+0.0000 SelfTrainΔ=-0.0092
[0400/0612] 459.png | O2O=0.9187 Fused=0.9187 Student=0.9179 FusionΔ=+0.0000 SelfTrainΔ=-0.0008
[0401/0612] 46.png | O2O=0.9614 Fused=0.9614 Student=0.9665 FusionΔ=+0.0000 SelfTrainΔ=+0.0051
[0402/0612] 460.png | O2O=0.9323 Fused=0.9323 Student=0.9423 FusionΔ=+0.0000 SelfTrainΔ=+0.0100
[0403/0612] 461.png | O2O=0.9489 Fused=0.9489 Student=0.9503 FusionΔ=+0.0000 SelfTrainΔ=+0.0014
[0404/0612] 462.png | O2O=0.9587 Fused=0.9587 Student=0.9593 FusionΔ=+0.0000 SelfTrainΔ=+0.0006
[0405/0612] 463.png | O2O=0.9630 Fused=0.9630 Student=0.9619 FusionΔ=+0.0000 SelfTrainΔ=-0.0011
[0406/0612] 464.png | O2O=0.9610 Fused=0.9610 Student=0.9655 FusionΔ=+0.0000 SelfTrainΔ=+0.0045
[0407/0612] 465.png | O2O=0.8957 Fused=0.8957 Student=0.8953 FusionΔ=+0.0000 SelfTrainΔ=-0.0004
[0408/0612] 466.png | O2O=0.9444 Fused=0.9444 Student=0.9418 FusionΔ=+0.0000 SelfTrainΔ=-0.0025
[0409/0612] 467.png | O2O=0.8841 Fused=0.8841 Student=0.8964 FusionΔ=+0.0000 SelfTrainΔ=+0.0122
[0410/0612] 468.png | O2O=0.0000 Fused=0.0000 Student=0.7256 FusionΔ=+0.0000 SelfTrainΔ=+0.7256
[0411/0612] 469.png | O2O=0.8921 Fused=0.8921 Student=0.8930 FusionΔ=+0.0000 SelfTrainΔ=+0.0009
[0412/0612] 47.png | O2O=0.9532 Fused=0.9532 Student=0.9564 FusionΔ=+0.0000 SelfTrainΔ=+0.0032
[0413/0612] 470.png | O2O=0.0000 Fused=0.0000 Student=0.0000 FusionΔ=+0.0000 SelfTrainΔ=+0.0000
[0414/0612] 471.png | O2O=0.8032 Fused=0.8032 Student=0.8937 FusionΔ=+0.0000 SelfTrainΔ=+0.0905
[0415/0612] 472.png | O2O=0.8442 Fused=0.8442 Student=0.8669 FusionΔ=+0.0000 SelfTrainΔ=+0.0227
[0416/0612] 473.png | O2O=0.9429 Fused=0.9429 Student=0.9472 FusionΔ=+0.0000 SelfTrainΔ=+0.0043
[0417/0612] 474.png | O2O=0.9351 Fused=0.9351 Student=0.9392 FusionΔ=+0.0000 SelfTrainΔ=+0.0040
[0418/0612] 475.png | O2O=0.8971 Fused=0.8971 Student=0.8994 FusionΔ=+0.0000 SelfTrainΔ=+0.0023
[0419/0612] 476.png | O2O=0.9011 Fused=0.9011 Student=0.8959 FusionΔ=+0.0000 SelfTrainΔ=-0.0052
[0420/0612] 477.png | O2O=0.9082 Fused=0.9082 Student=0.9089 FusionΔ=+0.0000 SelfTrainΔ=+0.0007
[0421/0612] 478.png | O2O=0.0000 Fused=0.0000 Student=0.9054 FusionΔ=+0.0000 SelfTrainΔ=+0.9054
[0422/0612] 479.png | O2O=0.9712 Fused=0.9712 Student=0.9648 FusionΔ=+0.0000 SelfTrainΔ=-0.0063
[0423/0612] 48.png | O2O=0.9436 Fused=0.9436 Student=0.9343 FusionΔ=+0.0000 SelfTrainΔ=-0.0092
[0424/0612] 480.png | O2O=0.9254 Fused=0.9254 Student=0.9102 FusionΔ=+0.0000 SelfTrainΔ=-0.0152
[0425/0612] 481.png | O2O=0.9146 Fused=0.9146 Student=0.8984 FusionΔ=+0.0000 SelfTrainΔ=-0.0162
[0426/0612] 482.png | O2O=0.9527 Fused=0.9527 Student=0.9275 FusionΔ=+0.0000 SelfTrainΔ=-0.0252
[0427/0612] 483.png | O2O=0.9537 Fused=0.9537 Student=0.9392 FusionΔ=+0.0000 SelfTrainΔ=-0.0145
[0428/0612] 484.png | O2O=0.9514 Fused=0.9514 Student=0.9462 FusionΔ=+0.0000 SelfTrainΔ=-0.0052
[0429/0612] 485.png | O2O=0.0000 Fused=0.9560 Student=0.9531 FusionΔ=+0.9560 SelfTrainΔ=-0.0030
[0430/0612] 486.png | O2O=0.9527 Fused=0.9527 Student=0.9533 FusionΔ=+0.0000 SelfTrainΔ=+0.0006
[0431/0612] 487.png | O2O=0.9725 Fused=0.9725 Student=0.9705 FusionΔ=+0.0000 SelfTrainΔ=-0.0020
[0432/0612] 488.png | O2O=0.9797 Fused=0.9797 Student=0.9822 FusionΔ=+0.0000 SelfTrainΔ=+0.0025
[0433/0612] 489.png | O2O=0.9485 Fused=0.9485 Student=0.9606 FusionΔ=+0.0000 SelfTrainΔ=+0.0121
[0434/0612] 49.png | O2O=0.9702 Fused=0.9702 Student=0.9708 FusionΔ=+0.0000 SelfTrainΔ=+0.0006
[0435/0612] 490.png | O2O=0.9740 Fused=0.9740 Student=0.9772 FusionΔ=+0.0000 SelfTrainΔ=+0.0032
[0436/0612] 491.png | O2O=0.8814 Fused=0.8814 Student=0.8772 FusionΔ=+0.0000 SelfTrainΔ=-0.0043
[0437/0612] 492.png | O2O=0.9682 Fused=0.9682 Student=0.9691 FusionΔ=+0.0000 SelfTrainΔ=+0.0008
[0438/0612] 493.png | O2O=0.9744 Fused=0.9744 Student=0.9754 FusionΔ=+0.0000 SelfTrainΔ=+0.0010
[0439/0612] 494.png | O2O=0.9811 Fused=0.9811 Student=0.9791 FusionΔ=+0.0000 SelfTrainΔ=-0.0020
[0440/0612] 495.png | O2O=0.9758 Fused=0.9758 Student=0.9773 FusionΔ=+0.0000 SelfTrainΔ=+0.0016
[0441/0612] 496.png | O2O=0.9772 Fused=0.9772 Student=0.9774 FusionΔ=+0.0000 SelfTrainΔ=+0.0001
[0442/0612] 497.png | O2O=0.9424 Fused=0.9424 Student=0.9450 FusionΔ=+0.0000 SelfTrainΔ=+0.0026
[0443/0612] 498.png | O2O=0.9655 Fused=0.9655 Student=0.9626 FusionΔ=+0.0000 SelfTrainΔ=-0.0029
[0444/0612] 499.png | O2O=0.9718 Fused=0.9718 Student=0.9666 FusionΔ=+0.0000 SelfTrainΔ=-0.0052
[0445/0612] 5.png | O2O=0.6950 Fused=0.6950 Student=0.6875 FusionΔ=+0.0000 SelfTrainΔ=-0.0075
[0446/0612] 50.png | O2O=0.0000 Fused=0.9199 Student=0.9093 FusionΔ=+0.9199 SelfTrainΔ=-0.0107
[0447/0612] 500.png | O2O=0.9329 Fused=0.9329 Student=0.9376 FusionΔ=+0.0000 SelfTrainΔ=+0.0047
[0448/0612] 501.png | O2O=0.9720 Fused=0.9720 Student=0.9706 FusionΔ=+0.0000 SelfTrainΔ=-0.0014
[0449/0612] 502.png | O2O=0.9536 Fused=0.9536 Student=0.9518 FusionΔ=+0.0000 SelfTrainΔ=-0.0018
[0450/0612] 503.png | O2O=0.9718 Fused=0.9718 Student=0.9709 FusionΔ=+0.0000 SelfTrainΔ=-0.0009
[0451/0612] 504.png | O2O=0.9680 Fused=0.9680 Student=0.9681 FusionΔ=+0.0000 SelfTrainΔ=+0.0001
[0452/0612] 505.png | O2O=0.9701 Fused=0.9701 Student=0.9681 FusionΔ=+0.0000 SelfTrainΔ=-0.0020
[0453/0612] 506.png | O2O=0.9152 Fused=0.9152 Student=0.9428 FusionΔ=+0.0000 SelfTrainΔ=+0.0276
[0454/0612] 507.png | O2O=0.9263 Fused=0.9263 Student=0.9687 FusionΔ=+0.0000 SelfTrainΔ=+0.0424
[0455/0612] 508.png | O2O=0.0000 Fused=0.9651 Student=0.9611 FusionΔ=+0.9651 SelfTrainΔ=-0.0039
[0456/0612] 509.png | O2O=0.9699 Fused=0.9699 Student=0.9702 FusionΔ=+0.0000 SelfTrainΔ=+0.0004
[0457/0612] 51.png | O2O=0.0000 Fused=0.0000 Student=0.0000 FusionΔ=+0.0000 SelfTrainΔ=+0.0000
[0458/0612] 510.png | O2O=0.9692 Fused=0.9692 Student=0.9665 FusionΔ=+0.0000 SelfTrainΔ=-0.0027
[0459/0612] 511.png | O2O=0.9493 Fused=0.9493 Student=0.9611 FusionΔ=+0.0000 SelfTrainΔ=+0.0118
[0460/0612] 512.png | O2O=0.9254 Fused=0.9254 Student=0.9181 FusionΔ=+0.0000 SelfTrainΔ=-0.0073
[0461/0612] 513.png | O2O=0.9120 Fused=0.9120 Student=0.9124 FusionΔ=+0.0000 SelfTrainΔ=+0.0005
[0462/0612] 514.png | O2O=0.9332 Fused=0.9332 Student=0.9440 FusionΔ=+0.0000 SelfTrainΔ=+0.0108
[0463/0612] 515.png | O2O=0.9729 Fused=0.9729 Student=0.9674 FusionΔ=+0.0000 SelfTrainΔ=-0.0055
[0464/0612] 516.png | O2O=0.9742 Fused=0.9742 Student=0.9742 FusionΔ=+0.0000 SelfTrainΔ=+0.0000
[0465/0612] 517.png | O2O=0.9784 Fused=0.9784 Student=0.9777 FusionΔ=+0.0000 SelfTrainΔ=-0.0007
[0466/0612] 518.png | O2O=0.9518 Fused=0.9518 Student=0.9580 FusionΔ=+0.0000 SelfTrainΔ=+0.0061
[0467/0612] 519.png | O2O=0.9799 Fused=0.9799 Student=0.9782 FusionΔ=+0.0000 SelfTrainΔ=-0.0017
[0468/0612] 52.png | O2O=0.0000 Fused=0.0000 Student=0.8450 FusionΔ=+0.0000 SelfTrainΔ=+0.8450
[0469/0612] 520.png | O2O=0.9845 Fused=0.9845 Student=0.9831 FusionΔ=+0.0000 SelfTrainΔ=-0.0013
[0470/0612] 521.png | O2O=0.9265 Fused=0.9265 Student=0.9300 FusionΔ=+0.0000 SelfTrainΔ=+0.0035
[0471/0612] 522.png | O2O=0.9219 Fused=0.9219 Student=0.9321 FusionΔ=+0.0000 SelfTrainΔ=+0.0102
[0472/0612] 523.png | O2O=0.9409 Fused=0.9409 Student=0.9125 FusionΔ=+0.0000 SelfTrainΔ=-0.0284
[0473/0612] 524.png | O2O=0.9736 Fused=0.9736 Student=0.9721 FusionΔ=+0.0000 SelfTrainΔ=-0.0015
[0474/0612] 525.png | O2O=0.9768 Fused=0.9768 Student=0.9744 FusionΔ=+0.0000 SelfTrainΔ=-0.0024
[0475/0612] 526.png | O2O=0.9646 Fused=0.9646 Student=0.9620 FusionΔ=+0.0000 SelfTrainΔ=-0.0026
[0476/0612] 527.png | O2O=0.9829 Fused=0.9829 Student=0.9803 FusionΔ=+0.0000 SelfTrainΔ=-0.0026
[0477/0612] 528.png | O2O=0.9716 Fused=0.9716 Student=0.9748 FusionΔ=+0.0000 SelfTrainΔ=+0.0032
[0478/0612] 529.png | O2O=0.0000 Fused=0.0000 Student=0.0000 FusionΔ=+0.0000 SelfTrainΔ=+0.0000
[0479/0612] 53.png | O2O=0.8911 Fused=0.8911 Student=0.9135 FusionΔ=+0.0000 SelfTrainΔ=+0.0224
[0480/0612] 530.png | O2O=0.4040 Fused=0.4040 Student=0.4228 FusionΔ=+0.0000 SelfTrainΔ=+0.0187
[0481/0612] 531.png | O2O=0.4036 Fused=0.4036 Student=0.4169 FusionΔ=+0.0000 SelfTrainΔ=+0.0132
[0482/0612] 532.png | O2O=0.5424 Fused=0.5424 Student=0.4168 FusionΔ=+0.0000 SelfTrainΔ=-0.1256
[0483/0612] 533.png | O2O=0.4001 Fused=0.4001 Student=0.3989 FusionΔ=+0.0000 SelfTrainΔ=-0.0011
[0484/0612] 534.png | O2O=0.5549 Fused=0.5549 Student=0.5657 FusionΔ=+0.0000 SelfTrainΔ=+0.0108
[0485/0612] 535.png | O2O=0.8766 Fused=0.8766 Student=0.5867 FusionΔ=+0.0000 SelfTrainΔ=-0.2898
[0486/0612] 536.png | O2O=0.3255 Fused=0.3255 Student=0.3212 FusionΔ=+0.0000 SelfTrainΔ=-0.0043
[0487/0612] 537.png | O2O=0.6723 Fused=0.6723 Student=0.6690 FusionΔ=+0.0000 SelfTrainΔ=-0.0033
[0488/0612] 538.png | O2O=0.4550 Fused=0.4550 Student=0.4487 FusionΔ=+0.0000 SelfTrainΔ=-0.0063
[0489/0612] 539.png | O2O=0.0000 Fused=0.0000 Student=0.9402 FusionΔ=+0.0000 SelfTrainΔ=+0.9402
[0490/0612] 54.png | O2O=0.0000 Fused=0.0000 Student=0.8871 FusionΔ=+0.0000 SelfTrainΔ=+0.8871
[0491/0612] 540.png | O2O=0.4318 Fused=0.4318 Student=0.4548 FusionΔ=+0.0000 SelfTrainΔ=+0.0230
[0492/0612] 541.png | O2O=0.4759 Fused=0.4759 Student=0.4613 FusionΔ=+0.0000 SelfTrainΔ=-0.0145
[0493/0612] 542.png | O2O=0.3670 Fused=0.3670 Student=0.3723 FusionΔ=+0.0000 SelfTrainΔ=+0.0053
[0494/0612] 543.png | O2O=0.6946 Fused=0.6946 Student=0.6740 FusionΔ=+0.0000 SelfTrainΔ=-0.0206
[0495/0612] 544.png | O2O=0.5219 Fused=0.5219 Student=0.5312 FusionΔ=+0.0000 SelfTrainΔ=+0.0094
[0496/0612] 545.png | O2O=0.0000 Fused=0.4671 Student=0.4496 FusionΔ=+0.4671 SelfTrainΔ=-0.0175
[0497/0612] 546.png | O2O=0.4678 Fused=0.4678 Student=0.4783 FusionΔ=+0.0000 SelfTrainΔ=+0.0105
[0498/0612] 547.png | O2O=0.4247 Fused=0.4247 Student=0.9035 FusionΔ=+0.0000 SelfTrainΔ=+0.4788
[0499/0612] 548.png | O2O=0.9222 Fused=0.9222 Student=0.9362 FusionΔ=+0.0000 SelfTrainΔ=+0.0141
[0500/0612] 549.png | O2O=0.0000 Fused=0.0000 Student=0.6325 FusionΔ=+0.0000 SelfTrainΔ=+0.6325
[0501/0612] 55.png | O2O=0.0000 Fused=0.9294 Student=0.9450 FusionΔ=+0.9294 SelfTrainΔ=+0.0155
[0502/0612] 550.png | O2O=0.9036 Fused=0.9036 Student=0.8939 FusionΔ=+0.0000 SelfTrainΔ=-0.0098
[0503/0612] 551.png | O2O=0.9248 Fused=0.9248 Student=0.9248 FusionΔ=+0.0000 SelfTrainΔ=+0.0000
[0504/0612] 552.png | O2O=0.8972 Fused=0.8972 Student=0.8913 FusionΔ=+0.0000 SelfTrainΔ=-0.0059
[0505/0612] 553.png | O2O=0.9225 Fused=0.9225 Student=0.9171 FusionΔ=+0.0000 SelfTrainΔ=-0.0054
[0506/0612] 554.png | O2O=0.9406 Fused=0.9406 Student=0.9356 FusionΔ=+0.0000 SelfTrainΔ=-0.0051
[0507/0612] 555.png | O2O=0.8346 Fused=0.9066 Student=0.8310 FusionΔ=+0.0720 SelfTrainΔ=-0.0756
[0508/0612] 556.png | O2O=0.8920 Fused=0.9482 Student=0.9408 FusionΔ=+0.0562 SelfTrainΔ=-0.0073
[0509/0612] 557.png | O2O=0.3175 Fused=0.9073 Student=0.9101 FusionΔ=+0.5898 SelfTrainΔ=+0.0028
[0510/0612] 558.png | O2O=0.0000 Fused=0.2828 Student=0.9131 FusionΔ=+0.2828 SelfTrainΔ=+0.6303
[0511/0612] 559.png | O2O=0.0000 Fused=0.0000 Student=0.0000 FusionΔ=+0.0000 SelfTrainΔ=+0.0000
[0512/0612] 56.png | O2O=0.9549 Fused=0.9549 Student=0.9474 FusionΔ=+0.0000 SelfTrainΔ=-0.0075
[0513/0612] 560.png | O2O=0.0000 Fused=0.0000 Student=0.7909 FusionΔ=+0.0000 SelfTrainΔ=+0.7909
[0514/0612] 561.png | O2O=0.0000 Fused=0.0000 Student=0.6416 FusionΔ=+0.0000 SelfTrainΔ=+0.6416
[0515/0612] 562.png | O2O=0.3505 Fused=0.3505 Student=0.3621 FusionΔ=+0.0000 SelfTrainΔ=+0.0116
[0516/0612] 563.png | O2O=0.8575 Fused=0.8575 Student=0.8566 FusionΔ=+0.0000 SelfTrainΔ=-0.0009
[0517/0612] 564.png | O2O=0.7104 Fused=0.7104 Student=0.7238 FusionΔ=+0.0000 SelfTrainΔ=+0.0134
[0518/0612] 565.png | O2O=0.5736 Fused=0.5736 Student=0.5839 FusionΔ=+0.0000 SelfTrainΔ=+0.0103
[0519/0612] 566.png | O2O=0.0000 Fused=0.0000 Student=0.0000 FusionΔ=+0.0000 SelfTrainΔ=+0.0000
[0520/0612] 567.png | O2O=0.0000 Fused=0.3398 Student=0.3407 FusionΔ=+0.3398 SelfTrainΔ=+0.0009
[0521/0612] 568.png | O2O=0.0000 Fused=0.0000 Student=0.4945 FusionΔ=+0.0000 SelfTrainΔ=+0.4945
[0522/0612] 569.png | O2O=0.0000 Fused=0.0000 Student=0.3185 FusionΔ=+0.0000 SelfTrainΔ=+0.3185
[0523/0612] 57.png | O2O=0.8579 Fused=0.8579 Student=0.8376 FusionΔ=+0.0000 SelfTrainΔ=-0.0203
[0524/0612] 570.png | O2O=0.0000 Fused=0.7479 Student=0.7594 FusionΔ=+0.7479 SelfTrainΔ=+0.0115
[0525/0612] 571.png | O2O=0.0000 Fused=0.0000 Student=0.9092 FusionΔ=+0.0000 SelfTrainΔ=+0.9092
[0526/0612] 572.png | O2O=0.9433 Fused=0.9433 Student=0.9413 FusionΔ=+0.0000 SelfTrainΔ=-0.0021
[0527/0612] 573.png | O2O=0.0000 Fused=0.0000 Student=0.2300 FusionΔ=+0.0000 SelfTrainΔ=+0.2300
[0528/0612] 574.png | O2O=0.0000 Fused=0.0000 Student=0.1123 FusionΔ=+0.0000 SelfTrainΔ=+0.1123
[0529/0612] 575.png | O2O=0.8190 Fused=0.8190 Student=0.8107 FusionΔ=+0.0000 SelfTrainΔ=-0.0083
[0530/0612] 576.png | O2O=0.0000 Fused=0.0000 Student=0.2809 FusionΔ=+0.0000 SelfTrainΔ=+0.2809
[0531/0612] 577.png | O2O=0.0000 Fused=0.0000 Student=0.0000 FusionΔ=+0.0000 SelfTrainΔ=+0.0000
[0532/0612] 578.png | O2O=0.8704 Fused=0.8704 Student=0.8664 FusionΔ=+0.0000 SelfTrainΔ=-0.0040
[0533/0612] 579.png | O2O=0.7904 Fused=0.7904 Student=0.7932 FusionΔ=+0.0000 SelfTrainΔ=+0.0028
[0534/0612] 58.png | O2O=0.0000 Fused=0.8938 Student=0.8568 FusionΔ=+0.8938 SelfTrainΔ=-0.0370
[0535/0612] 580.png | O2O=0.7617 Fused=0.7617 Student=0.6843 FusionΔ=+0.0000 SelfTrainΔ=-0.0774
[0536/0612] 581.png | O2O=0.5605 Fused=0.5605 Student=0.5460 FusionΔ=+0.0000 SelfTrainΔ=-0.0145
[0537/0612] 582.png | O2O=0.0000 Fused=0.0000 Student=0.4631 FusionΔ=+0.0000 SelfTrainΔ=+0.4631
[0538/0612] 583.png | O2O=0.3225 Fused=0.3225 Student=0.2718 FusionΔ=+0.0000 SelfTrainΔ=-0.0507
[0539/0612] 584.png | O2O=0.0000 Fused=0.1708 Student=0.1756 FusionΔ=+0.1708 SelfTrainΔ=+0.0048
[0540/0612] 585.png | O2O=0.0000 Fused=0.0000 Student=0.0000 FusionΔ=+0.0000 SelfTrainΔ=+0.0000
[0541/0612] 586.png | O2O=0.2896 Fused=0.2896 Student=0.2939 FusionΔ=+0.0000 SelfTrainΔ=+0.0043
[0542/0612] 587.png | O2O=0.0000 Fused=0.0000 Student=0.1881 FusionΔ=+0.0000 SelfTrainΔ=+0.1881
[0543/0612] 588.png | O2O=0.0000 Fused=0.0000 Student=0.8901 FusionΔ=+0.0000 SelfTrainΔ=+0.8901
[0544/0612] 589.png | O2O=0.2422 Fused=0.2422 Student=0.2554 FusionΔ=+0.0000 SelfTrainΔ=+0.0132
[0545/0612] 59.png | O2O=0.9183 Fused=0.9183 Student=0.9060 FusionΔ=+0.0000 SelfTrainΔ=-0.0123
[0546/0612] 590.png | O2O=0.5474 Fused=0.5474 Student=0.5799 FusionΔ=+0.0000 SelfTrainΔ=+0.0325
[0547/0612] 591.png | O2O=0.0000 Fused=0.0000 Student=0.3513 FusionΔ=+0.0000 SelfTrainΔ=+0.3513
[0548/0612] 592.png | O2O=0.9110 Fused=0.9110 Student=0.9063 FusionΔ=+0.0000 SelfTrainΔ=-0.0047
[0549/0612] 593.png | O2O=0.8923 Fused=0.8923 Student=0.9135 FusionΔ=+0.0000 SelfTrainΔ=+0.0212
[0550/0612] 594.png | O2O=0.7697 Fused=0.7697 Student=0.7625 FusionΔ=+0.0000 SelfTrainΔ=-0.0071
[0551/0612] 595.png | O2O=0.2843 Fused=0.2843 Student=0.2977 FusionΔ=+0.0000 SelfTrainΔ=+0.0134
[0552/0612] 596.png | O2O=0.8133 Fused=0.8133 Student=0.8059 FusionΔ=+0.0000 SelfTrainΔ=-0.0074
[0553/0612] 597.png | O2O=0.0000 Fused=0.8028 Student=0.7680 FusionΔ=+0.8028 SelfTrainΔ=-0.0348
[0554/0612] 598.png | O2O=0.8471 Fused=0.8471 Student=0.8338 FusionΔ=+0.0000 SelfTrainΔ=-0.0134
[0555/0612] 599.png | O2O=0.8805 Fused=0.8805 Student=0.8844 FusionΔ=+0.0000 SelfTrainΔ=+0.0039
[0556/0612] 6.png | O2O=0.8586 Fused=0.8586 Student=0.8331 FusionΔ=+0.0000 SelfTrainΔ=-0.0255
[0557/0612] 60.png | O2O=0.0000 Fused=0.9170 Student=0.9197 FusionΔ=+0.9170 SelfTrainΔ=+0.0027
[0558/0612] 600.png | O2O=0.9285 Fused=0.9285 Student=0.9175 FusionΔ=+0.0000 SelfTrainΔ=-0.0111
[0559/0612] 601.png | O2O=0.8234 Fused=0.8234 Student=0.8678 FusionΔ=+0.0000 SelfTrainΔ=+0.0444
[0560/0612] 602.png | O2O=0.9258 Fused=0.9258 Student=0.9281 FusionΔ=+0.0000 SelfTrainΔ=+0.0023
[0561/0612] 603.png | O2O=0.9417 Fused=0.9417 Student=0.9446 FusionΔ=+0.0000 SelfTrainΔ=+0.0029
[0562/0612] 604.png | O2O=0.0000 Fused=0.0000 Student=0.4781 FusionΔ=+0.0000 SelfTrainΔ=+0.4781
[0563/0612] 605.png | O2O=0.9016 Fused=0.9016 Student=0.8798 FusionΔ=+0.0000 SelfTrainΔ=-0.0218
[0564/0612] 606.png | O2O=0.0000 Fused=0.9348 Student=0.9173 FusionΔ=+0.9348 SelfTrainΔ=-0.0175
[0565/0612] 607.png | O2O=0.0000 Fused=0.9258 Student=0.0000 FusionΔ=+0.9258 SelfTrainΔ=-0.9258
[0566/0612] 608.png | O2O=0.7504 Fused=0.7504 Student=0.7184 FusionΔ=+0.0000 SelfTrainΔ=-0.0320
[0567/0612] 609.png | O2O=0.4810 Fused=0.4810 Student=0.4871 FusionΔ=+0.0000 SelfTrainΔ=+0.0061
[0568/0612] 61.png | O2O=0.9031 Fused=0.9031 Student=0.8960 FusionΔ=+0.0000 SelfTrainΔ=-0.0071
[0569/0612] 610.png | O2O=0.7845 Fused=0.7845 Student=0.7947 FusionΔ=+0.0000 SelfTrainΔ=+0.0102
[0570/0612] 611.png | O2O=0.8405 Fused=0.8405 Student=0.8500 FusionΔ=+0.0000 SelfTrainΔ=+0.0095
[0571/0612] 612.png | O2O=0.7786 Fused=0.7786 Student=0.7678 FusionΔ=+0.0000 SelfTrainΔ=-0.0108
[0572/0612] 62.png | O2O=0.0000 Fused=0.8916 Student=0.8785 FusionΔ=+0.8916 SelfTrainΔ=-0.0131
[0573/0612] 63.png | O2O=0.0000 Fused=0.9371 Student=0.9065 FusionΔ=+0.9371 SelfTrainΔ=-0.0306
[0574/0612] 64.png | O2O=0.9215 Fused=0.9215 Student=0.9028 FusionΔ=+0.0000 SelfTrainΔ=-0.0187
[0575/0612] 65.png | O2O=0.8607 Fused=0.8607 Student=0.8796 FusionΔ=+0.0000 SelfTrainΔ=+0.0189
[0576/0612] 66.png | O2O=0.0000 Fused=0.8955 Student=0.8800 FusionΔ=+0.8955 SelfTrainΔ=-0.0155
[0577/0612] 67.png | O2O=0.0000 Fused=0.8991 Student=0.8620 FusionΔ=+0.8991 SelfTrainΔ=-0.0370
[0578/0612] 68.png | O2O=0.8377 Fused=0.8377 Student=0.8292 FusionΔ=+0.0000 SelfTrainΔ=-0.0086
[0579/0612] 69.png | O2O=0.9368 Fused=0.9368 Student=0.8972 FusionΔ=+0.0000 SelfTrainΔ=-0.0397
[0580/0612] 7.png | O2O=0.0000 Fused=0.0000 Student=0.7126 FusionΔ=+0.0000 SelfTrainΔ=+0.7126
[0581/0612] 70.png | O2O=0.0000 Fused=0.4060 Student=0.4532 FusionΔ=+0.4060 SelfTrainΔ=+0.0472
[0582/0612] 71.png | O2O=0.0000 Fused=0.0000 Student=0.0000 FusionΔ=+0.0000 SelfTrainΔ=+0.0000
[0583/0612] 72.png | O2O=0.6149 Fused=0.6149 Student=0.7909 FusionΔ=+0.0000 SelfTrainΔ=+0.1759
[0584/0612] 73.png | O2O=0.0000 Fused=0.4152 Student=0.4159 FusionΔ=+0.4152 SelfTrainΔ=+0.0007
[0585/0612] 74.png | O2O=0.0000 Fused=0.0000 Student=0.6896 FusionΔ=+0.0000 SelfTrainΔ=+0.6896
[0586/0612] 75.png | O2O=0.0000 Fused=0.0000 Student=0.7139 FusionΔ=+0.0000 SelfTrainΔ=+0.7139
[0587/0612] 76.png | O2O=0.0000 Fused=0.8836 Student=0.4542 FusionΔ=+0.8836 SelfTrainΔ=-0.4294
[0588/0612] 77.png | O2O=0.4050 Fused=0.4050 Student=0.4054 FusionΔ=+0.0000 SelfTrainΔ=+0.0005
[0589/0612] 78.png | O2O=0.0000 Fused=0.0000 Student=0.0591 FusionΔ=+0.0000 SelfTrainΔ=+0.0591
[0590/0612] 79.png | O2O=0.0000 Fused=0.0000 Student=0.9097 FusionΔ=+0.0000 SelfTrainΔ=+0.9097
[0591/0612] 8.png | O2O=0.6251 Fused=0.6251 Student=0.6279 FusionΔ=+0.0000 SelfTrainΔ=+0.0027
[0592/0612] 80.png | O2O=0.0000 Fused=0.0000 Student=0.7838 FusionΔ=+0.0000 SelfTrainΔ=+0.7838
[0593/0612] 81.png | O2O=0.0000 Fused=0.0000 Student=0.8922 FusionΔ=+0.0000 SelfTrainΔ=+0.8922
[0594/0612] 82.png | O2O=0.0000 Fused=0.0000 Student=0.8843 FusionΔ=+0.0000 SelfTrainΔ=+0.8843
[0595/0612] 83.png | O2O=0.0000 Fused=0.9300 Student=0.9276 FusionΔ=+0.9300 SelfTrainΔ=-0.0024
[0596/0612] 84.png | O2O=0.9510 Fused=0.9510 Student=0.9451 FusionΔ=+0.0000 SelfTrainΔ=-0.0060
[0597/0612] 85.png | O2O=0.9365 Fused=0.9365 Student=0.9175 FusionΔ=+0.0000 SelfTrainΔ=-0.0190
[0598/0612] 86.png | O2O=0.9481 Fused=0.9481 Student=0.9576 FusionΔ=+0.0000 SelfTrainΔ=+0.0095
[0599/0612] 87.png | O2O=0.9653 Fused=0.9653 Student=0.9529 FusionΔ=+0.0000 SelfTrainΔ=-0.0125
[0600/0612] 88.png | O2O=0.9321 Fused=0.9321 Student=0.9325 FusionΔ=+0.0000 SelfTrainΔ=+0.0004
[0601/0612] 89.png | O2O=0.9627 Fused=0.9627 Student=0.9527 FusionΔ=+0.0000 SelfTrainΔ=-0.0099
[0602/0612] 9.png | O2O=0.0000 Fused=0.0000 Student=0.0000 FusionΔ=+0.0000 SelfTrainΔ=+0.0000
[0603/0612] 90.png | O2O=0.9660 Fused=0.9660 Student=0.9607 FusionΔ=+0.0000 SelfTrainΔ=-0.0053
[0604/0612] 91.png | O2O=0.9421 Fused=0.9421 Student=0.9375 FusionΔ=+0.0000 SelfTrainΔ=-0.0046
[0605/0612] 92.png | O2O=0.9359 Fused=0.9359 Student=0.9228 FusionΔ=+0.0000 SelfTrainΔ=-0.0131
[0606/0612] 93.png | O2O=0.8905 Fused=0.8905 Student=0.8745 FusionΔ=+0.0000 SelfTrainΔ=-0.0160
[0607/0612] 94.png | O2O=0.9313 Fused=0.9313 Student=0.9256 FusionΔ=+0.0000 SelfTrainΔ=-0.0057
[0608/0612] 95.png | O2O=0.9549 Fused=0.9549 Student=0.9450 FusionΔ=+0.0000 SelfTrainΔ=-0.0099
[0609/0612] 96.png | O2O=0.9412 Fused=0.9412 Student=0.9328 FusionΔ=+0.0000 SelfTrainΔ=-0.0084
[0610/0612] 97.png | O2O=0.8243 Fused=0.8243 Student=0.8100 FusionΔ=+0.0000 SelfTrainΔ=-0.0143
[0611/0612] 98.png | O2O=0.9752 Fused=0.9752 Student=0.9747 FusionΔ=+0.0000 SelfTrainΔ=-0.0005
[0612/0612] 99.png | O2O=0.9682 Fused=0.9682 Student=0.9627 FusionΔ=+0.0000 SelfTrainΔ=-0.0055

========================================================================================
TRACE SUMMARY
========================================================================================
Initial Teacher O2O Dice  : 0.654856
Initial Teacher Fused Dice: 0.717688
Final Student Dice        : 0.801055
Mean fusion Δ Dice        : +0.062833
Mean self-training Δ Dice : +0.083367
Teacher Fused ASD         : 85.718818 px
Final Student ASD         : 28.531532 px
Teacher Fused HD95        : 103.699460 px
Final Student HD95        : 53.210202 px
Saved panels              : /home/dang/MedRT-SFOD/runs/seg/dense_sfseg/cvc_durr_v1_segmard_v2_60ep/final_teacher_student_trace/panels
Saved CSV                 : /home/dang/MedRT-SFOD/runs/seg/dense_sfseg/cvc_durr_v1_segmard_v2_60ep/final_teacher_student_trace/per_image_trace.csv
Saved summary             : /home/dang/MedRT-SFOD/runs/seg/dense_sfseg/cvc_durr_v1_segmard_v2_60ep/final_teacher_student_trace/summary.json
[PASS] Completed without retraining

[POST-TRACE] Training is frozen. Running evaluation-only Teacher/Student visualization...
[POST-TRACE] Saved: /home/dang/MedRT-SFOD/runs/seg/dense_sfseg/cvc_durr_v1_segmard_v2_60ep/final_teacher_student_trace

[PASS] Dense SFSeg run completed
