nohup: ignoring input
WARNING ⚠️ Ultralytics settings reset to default values. This may be due to a possible problem with your settings or a recent ultralytics package update. 
View Ultralytics Settings with 'yolo settings' or at '/home/dang/.config/Ultralytics/settings.json'
Update Settings with 'yolo settings key=value', i.e. 'yolo settings runs_dir=path/to/dir'. For help see https://docs.ultralytics.com/quickstart/#ultralytics-settings.
==============================================================================
MEDRT-SFSEG STAGE-2 | DURR-v1 + SegMARD-v2
==============================================================================
target images : 612
labels used   : NO
GT masks used : NO
epochs        : 60
batch         : 4

DURR          : ON
signed route  : match 0.5 | band 5 | min|Δ| 0.02
O2M rescue    : conf 0.8 | stab 0.8 | support 0
hall suppress : P_s>= 0.8 | area> 0.1 | safe Teacher P< 0.1
DURR lambdas  : 0.1 0.2 0.1
SegMARD-v2    : hard-bg-ratio 0.5 | reliability weighting False
[E01] batch=001/153 pseudo=4 loss=9.6759 sfseg=9.6759 seg=0.6057 mard=2.0006 λM=0.0000 DURR(dir/res/hall)=2.4250/0.0000/0.0000 λD=0.000 route=175 E/S=122/53 rescue=0 empty=0 hall=0/0 FG/HBG/EBG=32/256/1280 grad=137.58
[E01] batch=010/153 pseudo=3 loss=5.5511 sfseg=5.5487 seg=0.6979 mard=2.0215 λM=0.0003 DURR(dir/res/hall)=1.4736/0.0000/0.0000 λD=0.012 route=272 E/S=233/39 rescue=0 empty=1 hall=0/0 FG/HBG/EBG=24/192/960 grad=42.73
[E01] batch=020/153 pseudo=3 loss=3.1244 sfseg=3.1042 seg=0.3751 mard=2.0686 λM=0.0008 DURR(dir/res/hall)=1.7479/0.0000/5.7330 λD=0.025 route=75 E/S=49/26 rescue=0 empty=1 hall=1/743 FG/HBG/EBG=24/192/960 grad=24.52
[E01] batch=030/153 pseudo=4 loss=9.4370 sfseg=9.4300 seg=0.6494 mard=1.9946 λM=0.0015 DURR(dir/res/hall)=1.0825/0.0000/0.0000 λD=0.038 route=169 E/S=143/26 rescue=0 empty=1 hall=0/0 FG/HBG/EBG=32/256/896 grad=748.07
[E01] batch=040/153 pseudo=3 loss=4.7912 sfseg=4.7681 seg=0.5698 mard=2.1013 λM=0.0014 DURR(dir/res/hall)=0.7021/0.0000/3.2370 λD=0.051 route=97 E/S=66/31 rescue=0 empty=1 hall=1/4 FG/HBG/EBG=24/192/960 grad=81.79
[E01] batch=050/153 pseudo=4 loss=7.3665 sfseg=7.3546 seg=0.4763 mard=2.0051 λM=0.0021 DURR(dir/res/hall)=1.2049/0.0000/0.0000 λD=0.064 route=93 E/S=77/16 rescue=0 empty=0 hall=0/0 FG/HBG/EBG=32/256/1280 grad=285.19
[E01] batch=060/153 pseudo=5 loss=7.7073 sfseg=7.6950 seg=0.7499 mard=1.9743 λM=0.0024 DURR(dir/res/hall)=0.9636/0.0000/0.0000 λD=0.077 route=153 E/S=128/25 rescue=0 empty=0 hall=0/0 FG/HBG/EBG=40/320/1216 grad=178.28
[E01] batch=070/153 pseudo=4 loss=14.4600 sfseg=14.4228 seg=1.0182 mard=2.0259 λM=0.0017 DURR(dir/res/hall)=3.7572/0.0000/0.0000 λD=0.090 route=23 E/S=22/1 rescue=0 empty=0 hall=0/0 FG/HBG/EBG=32/256/1280 grad=147.10
[E01] batch=080/153 pseudo=4 loss=11.0840 sfseg=11.0707 seg=0.5535 mard=1.9798 λM=0.0020 DURR(dir/res/hall)=0.9077/0.0000/0.0000 λD=0.103 route=97 E/S=24/73 rescue=0 empty=0 hall=0/0 FG/HBG/EBG=32/256/1280 grad=118.01
[E01] batch=090/153 pseudo=3 loss=4.1103 sfseg=4.0541 seg=0.4548 mard=2.0051 λM=0.0046 DURR(dir/res/hall)=0.9565/0.0000/3.0876 λD=0.116 route=277 E/S=243/34 rescue=0 empty=1 hall=1/20 FG/HBG/EBG=24/192/960 grad=46.84
[E01] batch=100/153 pseudo=4 loss=4.0859 sfseg=4.0638 seg=0.3587 mard=1.9994 λM=0.0051 DURR(dir/res/hall)=0.9280/0.0000/0.0000 λD=0.129 route=174 E/S=150/24 rescue=0 empty=0 hall=0/0 FG/HBG/EBG=32/256/1280 grad=44.38
[E01] batch=110/153 pseudo=3 loss=6.9984 sfseg=6.9737 seg=0.7230 mard=2.0948 λM=0.0048 DURR(dir/res/hall)=1.0333/0.0000/0.0000 λD=0.142 route=131 E/S=120/11 rescue=0 empty=1 hall=0/0 FG/HBG/EBG=24/192/960 grad=90.59
[E01] batch=120/153 pseudo=4 loss=23.6701 sfseg=23.6360 seg=0.6267 mard=1.9872 λM=0.0044 DURR(dir/res/hall)=1.6286/0.0000/0.0000 λD=0.156 route=84 E/S=54/30 rescue=0 empty=0 hall=0/0 FG/HBG/EBG=32/256/1280 grad=622.70
[E01] batch=130/153 pseudo=5 loss=9.2844 sfseg=9.2680 seg=0.7433 mard=2.0034 λM=0.0023 DURR(dir/res/hall)=0.7058/0.0000/0.0000 λD=0.169 route=746 E/S=669/77 rescue=0 empty=0 hall=0/0 FG/HBG/EBG=40/256/1280 grad=76.95
[E01] batch=140/153 pseudo=3 loss=14.4193 sfseg=14.3661 seg=0.7517 mard=2.1270 λM=0.0039 DURR(dir/res/hall)=2.4697/0.0000/0.0002 λD=0.182 route=409 E/S=260/149 rescue=0 empty=1 hall=1/0 FG/HBG/EBG=24/192/960 grad=278.98
[E01] batch=150/153 pseudo=3 loss=5.2978 sfseg=5.2075 seg=0.5442 mard=1.9637 λM=0.0065 DURR(dir/res/hall)=0.9407/0.0000/3.0339 λD=0.195 route=69 E/S=58/11 rescue=0 empty=1 hall=1/291 FG/HBG/EBG=24/192/960 grad=237.22
[E01] batch=153/153 pseudo=4 loss=23.4117 sfseg=23.2536 seg=1.4538 mard=2.0586 λM=0.0058 DURR(dir/res/hall)=1.1740/0.0000/6.1816 λD=0.199 route=377 E/S=288/89 rescue=0 empty=1 hall=1/642 FG/HBG/EBG=32/256/896 grad=276.85

[Epoch 01] DONE time=38.7s valid=153 skipped=0 pseudo=532 anchors=477 mask_extra=55 reject_rel=23 DURRmatch=452/2165 rescue=4 teacher_empty=98 hall=48/10358 loss=8.3427 sfseg=8.3160 mard=2.0332 dir=1.3107 res=0.0014 hallL=0.7459 route E/S=26763/6842
[E02] batch=001/153 pseudo=3 loss=6.5310 sfseg=6.4948 seg=0.5392 mard=1.9695 λM=0.0060 DURR(dir/res/hall)=1.2256/0.0000/0.0001 λD=0.200 route=120 E/S=89/31 rescue=0 empty=1 hall=1/0 FG/HBG/EBG=24/192/960 grad=113.51
[E02] batch=010/153 pseudo=4 loss=21.9752 sfseg=21.9154 seg=0.8701 mard=2.0447 λM=0.0072 DURR(dir/res/hall)=2.1349/0.0000/0.0000 λD=0.212 route=301 E/S=292/9 rescue=0 empty=0 hall=0/0 FG/HBG/EBG=32/256/1280 grad=537.09
[E02] batch=020/153 pseudo=3 loss=5.6184 sfseg=5.4889 seg=0.5694 mard=2.0294 λM=0.0077 DURR(dir/res/hall)=1.6238/0.0000/3.4421 λD=0.225 route=208 E/S=198/10 rescue=0 empty=1 hall=1/131 FG/HBG/EBG=24/192/960 grad=113.76
[E02] batch=030/153 pseudo=4 loss=4.8308 sfseg=4.7689 seg=0.4033 mard=2.0032 λM=0.0081 DURR(dir/res/hall)=1.8552/0.0313/0.0000 λD=0.238 route=415 E/S=367/48 rescue=1 empty=0 hall=0/0 FG/HBG/EBG=32/256/1280 grad=22.71
[E02] batch=040/153 pseudo=2 loss=3.7368 sfseg=3.6643 seg=0.4593 mard=1.9684 λM=0.0048 DURR(dir/res/hall)=2.5121/0.0000/0.0000 λD=0.251 route=94 E/S=71/23 rescue=0 empty=2 hall=0/0 FG/HBG/EBG=16/128/640 grad=219.34
[E02] batch=050/153 pseudo=3 loss=3.4458 sfseg=3.3381 seg=0.3634 mard=1.9901 λM=0.0085 DURR(dir/res/hall)=0.8820/0.0000/2.5582 λD=0.264 route=70 E/S=46/24 rescue=0 empty=1 hall=1/40 FG/HBG/EBG=24/192/960 grad=43.95
[E02] batch=060/153 pseudo=5 loss=6.1495 sfseg=6.0957 seg=0.4993 mard=1.9772 λM=0.0089 DURR(dir/res/hall)=1.3073/0.0000/0.0000 λD=0.277 route=385 E/S=178/207 rescue=0 empty=0 hall=0/0 FG/HBG/EBG=40/256/1280 grad=80.16
[E02] batch=070/153 pseudo=5 loss=8.9812 sfseg=8.9336 seg=0.8346 mard=1.9866 λM=0.0071 DURR(dir/res/hall)=1.1545/0.0000/0.0000 λD=0.290 route=482 E/S=407/75 rescue=0 empty=0 hall=0/0 FG/HBG/EBG=40/256/1280 grad=185.05
[E02] batch=080/153 pseudo=4 loss=15.3570 sfseg=15.3037 seg=1.0476 mard=2.1186 λM=0.0089 DURR(dir/res/hall)=1.1339/0.0000/0.0000 λD=0.303 route=166 E/S=78/88 rescue=0 empty=0 hall=0/0 FG/HBG/EBG=32/256/1280 grad=320.51
[E02] batch=090/153 pseudo=5 loss=8.6231 sfseg=8.5422 seg=0.5483 mard=2.0532 λM=0.0102 DURR(dir/res/hall)=1.8944/0.0000/0.0000 λD=0.316 route=274 E/S=260/14 rescue=0 empty=0 hall=0/0 FG/HBG/EBG=40/320/1216 grad=131.10
[E02] batch=100/153 pseudo=3 loss=5.2591 sfseg=5.1880 seg=0.5438 mard=2.1540 λM=0.0127 DURR(dir/res/hall)=1.3170/0.0000/0.0087 λD=0.329 route=188 E/S=142/46 rescue=0 empty=1 hall=1/0 FG/HBG/EBG=24/192/960 grad=51.32
[E02] batch=110/153 pseudo=4 loss=9.7120 sfseg=9.6357 seg=0.5309 mard=2.0183 λM=0.0105 DURR(dir/res/hall)=1.6084/0.0000/0.0000 λD=0.342 route=445 E/S=309/136 rescue=0 empty=0 hall=0/0 FG/HBG/EBG=32/256/1280 grad=245.26
[E02] batch=120/153 pseudo=4 loss=15.1566 sfseg=15.0453 seg=0.8716 mard=2.0761 λM=0.0100 DURR(dir/res/hall)=2.5457/0.0000/0.0000 λD=0.356 route=262 E/S=85/177 rescue=0 empty=0 hall=0/0 FG/HBG/EBG=32/256/1280 grad=426.46
[E02] batch=130/153 pseudo=4 loss=4.6722 sfseg=4.5984 seg=0.4319 mard=1.9988 λM=0.0124 DURR(dir/res/hall)=1.3276/0.0000/0.0000 λD=0.369 route=225 E/S=178/47 rescue=0 empty=0 hall=0/0 FG/HBG/EBG=32/256/1280 grad=26.40
[E02] batch=140/153 pseudo=3 loss=5.9131 sfseg=5.5682 seg=0.5011 mard=1.9968 λM=0.0156 DURR(dir/res/hall)=1.4579/0.0000/6.7601 λD=0.382 route=206 E/S=188/18 rescue=0 empty=1 hall=1/543 FG/HBG/EBG=24/192/960 grad=195.19
[E02] batch=150/153 pseudo=4 loss=4.4413 sfseg=4.3694 seg=0.5200 mard=2.0066 λM=0.0117 DURR(dir/res/hall)=1.2282/0.0000/0.0000 λD=0.395 route=159 E/S=127/32 rescue=0 empty=1 hall=0/0 FG/HBG/EBG=32/256/896 grad=26.15
[E02] batch=153/153 pseudo=3 loss=7.9716 sfseg=7.6212 seg=0.6942 mard=2.0053 λM=0.0120 DURR(dir/res/hall)=1.8103/0.0076/6.3600 λD=0.399 route=69 E/S=36/33 rescue=1 empty=1 hall=1/761 FG/HBG/EBG=24/192/960 grad=122.51

[Epoch 02] DONE time=37.2s valid=153 skipped=0 pseudo=541 anchors=482 mask_extra=59 reject_rel=25 DURRmatch=457/2164 rescue=8 teacher_empty=92 hall=40/4081 loss=8.2603 sfseg=8.1860 mard=2.0166 dir=1.3905 res=0.0015 hallL=0.4056 route E/S=27561/6921
[E03] batch=001/153 pseudo=3 loss=6.8356 sfseg=6.5085 seg=0.8763 mard=1.9556 λM=0.0099 DURR(dir/res/hall)=1.1342/0.0000/6.5623 λD=0.400 route=195 E/S=144/51 rescue=0 empty=1 hall=1/533 FG/HBG/EBG=24/192/960 grad=93.31
[E03] batch=010/153 pseudo=4 loss=4.8543 sfseg=4.7980 seg=0.4573 mard=1.9841 λM=0.0125 DURR(dir/res/hall)=0.7655/0.0000/0.0000 λD=0.412 route=288 E/S=226/62 rescue=0 empty=0 hall=0/0 FG/HBG/EBG=32/256/1280 grad=32.26
[E03] batch=020/153 pseudo=2 loss=2.9684 sfseg=2.8795 seg=0.4332 mard=2.0642 λM=0.0150 DURR(dir/res/hall)=1.3661/0.0000/0.0000 λD=0.425 route=241 E/S=207/34 rescue=0 empty=2 hall=0/0 FG/HBG/EBG=16/128/640 grad=29.72
[E03] batch=030/153 pseudo=3 loss=3.8710 sfseg=3.7935 seg=0.5063 mard=2.0330 λM=0.0178 DURR(dir/res/hall)=0.9422/0.0000/0.0004 λD=0.438 route=210 E/S=179/31 rescue=0 empty=1 hall=1/0 FG/HBG/EBG=24/192/960 grad=66.04
[E03] batch=040/153 pseudo=4 loss=8.2394 sfseg=8.1582 seg=0.4932 mard=2.0707 λM=0.0174 DURR(dir/res/hall)=1.0002/0.0000/0.0000 λD=0.451 route=255 E/S=217/38 rescue=0 empty=0 hall=0/0 FG/HBG/EBG=32/256/1280 grad=291.41
[E03] batch=050/153 pseudo=3 loss=4.5976 sfseg=4.5173 seg=0.4149 mard=1.9435 λM=0.0114 DURR(dir/res/hall)=1.2521/0.0000/0.0000 λD=0.464 route=83 E/S=56/27 rescue=0 empty=1 hall=0/0 FG/HBG/EBG=24/192/960 grad=31.94
[E03] batch=060/153 pseudo=5 loss=7.5452 sfseg=7.4745 seg=0.6468 mard=1.9757 λM=0.0151 DURR(dir/res/hall)=0.8558/0.0000/0.0000 λD=0.477 route=606 E/S=560/46 rescue=0 empty=0 hall=0/0 FG/HBG/EBG=40/256/1280 grad=130.20
[E03] batch=070/153 pseudo=4 loss=13.0887 sfseg=13.0166 seg=0.6844 mard=2.0704 λM=0.0083 DURR(dir/res/hall)=1.1206/0.0000/0.0000 λD=0.490 route=45 E/S=35/10 rescue=0 empty=0 hall=0/0 FG/HBG/EBG=32/256/1280 grad=182.19
[E03] batch=080/153 pseudo=3 loss=16.1269 sfseg=16.0546 seg=1.5724 mard=2.0877 λM=0.0124 DURR(dir/res/hall)=0.9207/0.0000/0.0000 λD=0.503 route=190 E/S=174/16 rescue=0 empty=1 hall=0/0 FG/HBG/EBG=24/192/960 grad=230.24
[E03] batch=090/153 pseudo=4 loss=9.0710 sfseg=8.9575 seg=0.6141 mard=1.9920 λM=0.0170 DURR(dir/res/hall)=1.5408/0.0000/0.0000 λD=0.516 route=184 E/S=60/124 rescue=0 empty=0 hall=0/0 FG/HBG/EBG=32/256/1280 grad=60.53
[E03] batch=100/153 pseudo=2 loss=6.4060 sfseg=6.2922 seg=0.9386 mard=2.0317 λM=0.0203 DURR(dir/res/hall)=1.3716/0.0000/0.0000 λD=0.529 route=182 E/S=145/37 rescue=0 empty=2 hall=0/0 FG/HBG/EBG=16/128/640 grad=97.77
[E03] batch=110/153 pseudo=4 loss=4.4895 sfseg=4.3723 seg=0.3868 mard=1.9814 λM=0.0174 DURR(dir/res/hall)=1.5232/0.0000/0.0000 λD=0.542 route=166 E/S=141/25 rescue=0 empty=0 hall=0/0 FG/HBG/EBG=32/256/1280 grad=42.48
[E03] batch=120/153 pseudo=3 loss=5.5790 sfseg=5.4880 seg=0.6596 mard=2.0207 λM=0.0212 DURR(dir/res/hall)=0.8648/0.0000/0.0000 λD=0.556 route=144 E/S=65/79 rescue=0 empty=1 hall=0/0 FG/HBG/EBG=24/192/960 grad=213.60
[E03] batch=130/153 pseudo=4 loss=15.4351 sfseg=15.3147 seg=1.0154 mard=2.0802 λM=0.0158 DURR(dir/res/hall)=1.5391/0.0000/0.0000 λD=0.569 route=78 E/S=63/15 rescue=0 empty=0 hall=0/0 FG/HBG/EBG=32/256/1280 grad=371.51
[E03] batch=140/153 pseudo=4 loss=5.0068 sfseg=4.7441 seg=0.6086 mard=2.0314 λM=0.0200 DURR(dir/res/hall)=1.4744/0.0000/2.3446 λD=0.582 route=153 E/S=119/34 rescue=0 empty=1 hall=1/4 FG/HBG/EBG=32/256/896 grad=37.15
[E03] batch=150/153 pseudo=4 loss=6.6605 sfseg=6.5463 seg=0.8726 mard=2.0442 λM=0.0250 DURR(dir/res/hall)=1.0607/0.0000/0.0000 λD=0.595 route=216 E/S=117/99 rescue=0 empty=0 hall=0/0 FG/HBG/EBG=32/256/1280 grad=128.12
[E03] batch=153/153 pseudo=4 loss=3.9072 sfseg=3.7699 seg=0.3556 mard=2.0156 λM=0.0229 DURR(dir/res/hall)=1.5231/0.0000/0.0000 λD=0.599 route=388 E/S=317/71 rescue=0 empty=0 hall=0/0 FG/HBG/EBG=32/256/1280 grad=27.67

[Epoch 03] DONE time=37.6s valid=153 skipped=0 pseudo=525 anchors=468 mask_extra=57 reject_rel=31 DURRmatch=446/2127 rescue=6 teacher_empty=104 hall=46/7603 loss=7.8789 sfseg=7.7429 mard=2.0290 dir=1.4311 res=0.0014 hallL=0.6373 route E/S=26296/6572
[E04] batch=001/153 pseudo=3 loss=3.4099 sfseg=3.2988 seg=0.4501 mard=2.0799 λM=0.0240 DURR(dir/res/hall)=1.0186/0.0000/0.0000 λD=0.600 route=181 E/S=142/39 rescue=0 empty=1 hall=0/0 FG/HBG/EBG=24/192/960 grad=28.22
[E04] batch=010/153 pseudo=4 loss=10.2053 sfseg=10.0587 seg=0.9367 mard=1.9849 λM=0.0151 DURR(dir/res/hall)=1.9073/0.0000/0.0000 λD=0.612 route=462 E/S=344/118 rescue=0 empty=0 hall=0/0 FG/HBG/EBG=32/256/1280 grad=147.68
[E04] batch=020/153 pseudo=3 loss=4.4794 sfseg=4.2078 seg=0.4677 mard=2.0407 λM=0.0245 DURR(dir/res/hall)=0.8446/0.0000/2.7021 λD=0.625 route=261 E/S=184/77 rescue=0 empty=1 hall=1/4 FG/HBG/EBG=24/192/960 grad=32.01
[E04] batch=030/153 pseudo=4 loss=8.4556 sfseg=8.3463 seg=0.7920 mard=2.0713 λM=0.0217 DURR(dir/res/hall)=1.0084/0.0000/0.0000 λD=0.638 route=119 E/S=57/62 rescue=0 empty=0 hall=0/0 FG/HBG/EBG=32/256/1280 grad=91.72
[E04] batch=040/153 pseudo=3 loss=5.6202 sfseg=5.5187 seg=0.5910 mard=1.9903 λM=0.0220 DURR(dir/res/hall)=0.8863/0.0000/0.0000 λD=0.651 route=87 E/S=59/28 rescue=0 empty=1 hall=0/0 FG/HBG/EBG=24/192/960 grad=73.12
[E04] batch=050/153 pseudo=3 loss=6.1360 sfseg=5.9573 seg=0.5809 mard=2.1185 λM=0.0256 DURR(dir/res/hall)=0.8494/0.5122/0.0000 λD=0.664 route=120 E/S=92/28 rescue=1 empty=1 hall=0/0 FG/HBG/EBG=24/192/960 grad=199.54
[E04] batch=060/153 pseudo=3 loss=2.6377 sfseg=2.5451 seg=0.2989 mard=2.0084 λM=0.0278 DURR(dir/res/hall)=0.5415/0.0000/0.0010 λD=0.677 route=117 E/S=88/29 rescue=0 empty=1 hall=1/0 FG/HBG/EBG=24/192/960 grad=20.06
[E04] batch=070/153 pseudo=3 loss=2.9835 sfseg=2.8579 seg=0.3781 mard=2.0381 λM=0.0274 DURR(dir/res/hall)=1.0108/0.0000/0.0020 λD=0.690 route=58 E/S=37/21 rescue=0 empty=1 hall=1/0 FG/HBG/EBG=24/192/960 grad=42.83
[E04] batch=080/153 pseudo=2 loss=4.7868 sfseg=4.6629 seg=0.8482 mard=2.0580 λM=0.0268 DURR(dir/res/hall)=0.9783/0.0000/0.0000 λD=0.703 route=61 E/S=27/34 rescue=0 empty=2 hall=0/0 FG/HBG/EBG=16/128/640 grad=103.89
[E04] batch=090/153 pseudo=5 loss=7.7096 sfseg=7.6186 seg=0.7136 mard=2.0489 λM=0.0210 DURR(dir/res/hall)=0.6681/0.0000/0.0000 λD=0.716 route=431 E/S=251/180 rescue=0 empty=0 hall=0/0 FG/HBG/EBG=40/256/1280 grad=81.99
[E04] batch=100/153 pseudo=3 loss=3.4884 sfseg=3.2894 seg=0.4459 mard=2.0270 λM=0.0306 DURR(dir/res/hall)=1.8772/0.0000/0.0000 λD=0.729 route=158 E/S=129/29 rescue=0 empty=1 hall=0/0 FG/HBG/EBG=24/192/960 grad=24.47
[E04] batch=110/153 pseudo=3 loss=6.0240 sfseg=5.8869 seg=0.7446 mard=2.0389 λM=0.0231 DURR(dir/res/hall)=1.2114/0.0000/0.0000 λD=0.742 route=132 E/S=117/15 rescue=0 empty=1 hall=0/0 FG/HBG/EBG=24/192/960 grad=68.78
[E04] batch=120/153 pseudo=4 loss=4.8005 sfseg=4.6995 seg=0.5074 mard=1.9642 λM=0.0303 DURR(dir/res/hall)=0.5489/0.0000/0.0000 λD=0.756 route=182 E/S=102/80 rescue=0 empty=0 hall=0/0 FG/HBG/EBG=32/256/1280 grad=29.49
[E04] batch=130/153 pseudo=2 loss=3.1548 sfseg=2.5946 seg=0.4924 mard=2.0034 λM=0.0273 DURR(dir/res/hall)=1.1553/0.0000/5.4216 λD=0.769 route=172 E/S=149/23 rescue=0 empty=2 hall=1/692 FG/HBG/EBG=16/128/640 grad=34.65
[E04] batch=140/153 pseudo=2 loss=3.4798 sfseg=3.3022 seg=0.5026 mard=2.1197 λM=0.0276 DURR(dir/res/hall)=1.5231/0.0000/0.0000 λD=0.782 route=25 E/S=19/6 rescue=0 empty=2 hall=0/0 FG/HBG/EBG=16/128/640 grad=60.33
[E04] batch=150/153 pseudo=3 loss=4.1241 sfseg=3.9640 seg=0.4145 mard=1.9608 λM=0.0299 DURR(dir/res/hall)=1.2762/0.0000/0.0000 λD=0.795 route=115 E/S=40/75 rescue=0 empty=1 hall=0/0 FG/HBG/EBG=24/192/960 grad=43.71
[E04] batch=153/153 pseudo=3 loss=25.2394 sfseg=25.1456 seg=2.0112 mard=1.9993 λM=0.0259 DURR(dir/res/hall)=0.5254/0.0000/0.0000 λD=0.799 route=97 E/S=84/13 rescue=0 empty=1 hall=0/0 FG/HBG/EBG=24/192/960 grad=164.27

[Epoch 04] DONE time=37.8s valid=153 skipped=0 pseudo=534 anchors=474 mask_extra=60 reject_rel=22 DURRmatch=451/2150 rescue=10 teacher_empty=99 hall=47/5259 loss=8.2163 sfseg=8.0353 mard=2.0247 dir=1.3701 res=0.0069 hallL=0.5721 route E/S=27664/7207
[E05] batch=001/153 pseudo=1 loss=1.7190 sfseg=1.3216 seg=0.2701 mard=1.9797 λM=0.0222 DURR(dir/res/hall)=1.4886/0.0000/2.9290 λD=0.800 route=29 E/S=11/18 rescue=0 empty=3 hall=2/1125 FG/HBG/EBG=8/64/320 grad=27.28
[E05] batch=010/153 pseudo=4 loss=6.4284 sfseg=6.2656 seg=0.6012 mard=2.0564 λM=0.0301 DURR(dir/res/hall)=1.2431/0.0000/0.0000 λD=0.812 route=379 E/S=331/48 rescue=0 empty=0 hall=0/0 FG/HBG/EBG=32/256/1280 grad=55.43
[E05] batch=020/153 pseudo=3 loss=7.5830 sfseg=7.4142 seg=0.8929 mard=2.0090 λM=0.0245 DURR(dir/res/hall)=1.4492/0.0000/0.0003 λD=0.825 route=404 E/S=386/18 rescue=0 empty=1 hall=1/0 FG/HBG/EBG=24/192/960 grad=84.11
[E05] batch=030/153 pseudo=4 loss=6.0326 sfseg=5.8853 seg=0.4639 mard=1.9873 λM=0.0223 DURR(dir/res/hall)=1.2283/0.0000/0.0000 λD=0.838 route=299 E/S=211/88 rescue=0 empty=0 hall=0/0 FG/HBG/EBG=32/256/1280 grad=27.29
[E05] batch=040/153 pseudo=4 loss=7.3583 sfseg=7.1681 seg=0.6897 mard=2.0391 λM=0.0313 DURR(dir/res/hall)=1.4865/0.0000/0.0000 λD=0.851 route=262 E/S=158/104 rescue=0 empty=0 hall=0/0 FG/HBG/EBG=32/256/1280 grad=233.75
[E05] batch=050/153 pseudo=3 loss=6.7611 sfseg=6.6406 seg=0.7364 mard=2.0749 λM=0.0299 DURR(dir/res/hall)=0.6777/0.0000/0.0000 λD=0.864 route=280 E/S=229/51 rescue=0 empty=1 hall=0/0 FG/HBG/EBG=24/192/960 grad=236.49
[E05] batch=060/153 pseudo=4 loss=8.3646 sfseg=8.2125 seg=0.5801 mard=1.9774 λM=0.0278 DURR(dir/res/hall)=1.1072/0.0000/0.0000 λD=0.877 route=215 E/S=193/22 rescue=0 empty=0 hall=0/0 FG/HBG/EBG=32/256/1280 grad=100.80
[E05] batch=070/153 pseudo=2 loss=4.5164 sfseg=4.4013 seg=0.6623 mard=1.9845 λM=0.0173 DURR(dir/res/hall)=0.9067/0.0000/0.0000 λD=0.890 route=257 E/S=123/134 rescue=0 empty=2 hall=0/0 FG/HBG/EBG=16/128/640 grad=42.50
[E05] batch=080/153 pseudo=5 loss=8.1534 sfseg=8.0008 seg=0.6215 mard=1.9832 λM=0.0318 DURR(dir/res/hall)=0.9901/0.0000/0.0000 λD=0.903 route=219 E/S=183/36 rescue=0 empty=0 hall=0/0 FG/HBG/EBG=40/320/1216 grad=69.74
[E05] batch=090/153 pseudo=3 loss=2.5411 sfseg=2.3806 seg=0.3206 mard=2.0140 λM=0.0358 DURR(dir/res/hall)=0.9658/0.0000/0.0000 λD=0.916 route=183 E/S=159/24 rescue=0 empty=1 hall=0/0 FG/HBG/EBG=24/192/960 grad=40.78
[E05] batch=100/153 pseudo=2 loss=2.9522 sfseg=2.7896 seg=0.3820 mard=2.0186 λM=0.0318 DURR(dir/res/hall)=1.0589/0.0000/0.0000 λD=0.929 route=136 E/S=105/31 rescue=0 empty=2 hall=0/0 FG/HBG/EBG=16/128/640 grad=18.96
[E05] batch=110/153 pseudo=3 loss=6.4893 sfseg=6.2348 seg=0.6595 mard=1.9989 λM=0.0319 DURR(dir/res/hall)=2.0233/0.0000/0.0000 λD=0.942 route=138 E/S=103/35 rescue=0 empty=1 hall=0/0 FG/HBG/EBG=24/192/960 grad=47.57
[E05] batch=120/153 pseudo=3 loss=5.1230 sfseg=4.9134 seg=0.4253 mard=1.9919 λM=0.0258 DURR(dir/res/hall)=1.6571/0.0000/0.0000 λD=0.956 route=95 E/S=51/44 rescue=0 empty=1 hall=0/0 FG/HBG/EBG=24/192/960 grad=58.92
[E05] batch=130/153 pseudo=4 loss=8.1046 sfseg=7.8306 seg=0.3612 mard=2.0002 λM=0.0289 DURR(dir/res/hall)=2.2319/0.0000/0.0000 λD=0.969 route=160 E/S=120/40 rescue=0 empty=0 hall=0/0 FG/HBG/EBG=32/256/1280 grad=150.61
[E05] batch=140/153 pseudo=2 loss=3.6319 sfseg=3.5003 seg=0.5624 mard=2.1467 λM=0.0295 DURR(dir/res/hall)=0.6950/0.0000/0.0005 λD=0.982 route=361 E/S=324/37 rescue=0 empty=2 hall=1/0 FG/HBG/EBG=16/128/640 grad=35.60
[E05] batch=150/153 pseudo=4 loss=8.6193 sfseg=8.4101 seg=0.6440 mard=1.9934 λM=0.0363 DURR(dir/res/hall)=1.3757/0.0000/0.0000 λD=0.995 route=278 E/S=265/13 rescue=0 empty=0 hall=0/0 FG/HBG/EBG=32/256/1280 grad=227.33
[E05] batch=153/153 pseudo=3 loss=5.6479 sfseg=5.5266 seg=0.4907 mard=2.0782 λM=0.0305 DURR(dir/res/hall)=0.5803/0.0000/0.0001 λD=0.999 route=81 E/S=27/54 rescue=0 empty=1 hall=1/0 FG/HBG/EBG=24/192/960 grad=102.88

[Epoch 05] DONE time=37.8s valid=153 skipped=0 pseudo=535 anchors=473 mask_extra=62 reject_rel=19 DURRmatch=443/2125 rescue=8 teacher_empty=94 hall=42/5361 loss=8.0615 sfseg=7.8540 mard=2.0269 dir=1.3086 res=0.0058 hallL=0.3651 route E/S=26884/6913
[E06] batch=001/153 pseudo=3 loss=7.9067 sfseg=7.7720 seg=0.8543 mard=2.0321 λM=0.0238 DURR(dir/res/hall)=0.8638/0.0000/0.0000 λD=1.000 route=222 E/S=142/80 rescue=0 empty=1 hall=0/0 FG/HBG/EBG=24/192/960 grad=100.31
[E06] batch=010/153 pseudo=2 loss=2.3962 sfseg=1.8317 seg=0.3122 mard=2.0664 λM=0.0438 DURR(dir/res/hall)=0.7687/0.0000/3.9714 λD=1.000 route=47 E/S=43/4 rescue=0 empty=2 hall=1/4 FG/HBG/EBG=16/128/640 grad=27.10
[E06] batch=020/153 pseudo=3 loss=7.3866 sfseg=7.0950 seg=0.4575 mard=1.9981 λM=0.0356 DURR(dir/res/hall)=2.2034/0.0000/0.0002 λD=1.000 route=176 E/S=161/15 rescue=0 empty=1 hall=1/0 FG/HBG/EBG=24/192/960 grad=354.56
[E06] batch=030/153 pseudo=2 loss=6.7266 sfseg=6.5014 seg=1.5690 mard=2.0681 λM=0.0322 DURR(dir/res/hall)=1.5864/0.0000/0.0000 λD=1.000 route=145 E/S=123/22 rescue=0 empty=2 hall=0/0 FG/HBG/EBG=16/128/640 grad=304.08
[E06] batch=040/153 pseudo=4 loss=18.7152 sfseg=18.4622 seg=1.2411 mard=2.0781 λM=0.0252 DURR(dir/res/hall)=2.0067/0.0000/0.0000 λD=1.000 route=326 E/S=300/26 rescue=0 empty=0 hall=0/0 FG/HBG/EBG=32/256/1280 grad=195.07
[E06] batch=050/153 pseudo=5 loss=8.8754 sfseg=8.7226 seg=1.0619 mard=1.9871 λM=0.0202 DURR(dir/res/hall)=1.1263/0.0000/0.0000 λD=1.000 route=269 E/S=215/54 rescue=0 empty=0 hall=0/0 FG/HBG/EBG=40/256/1280 grad=89.51
[E06] batch=060/153 pseudo=3 loss=9.4771 sfseg=9.4357 seg=1.1021 mard=1.9967 λM=0.0208 DURR(dir/res/hall)=0.0000/0.0000/0.0000 λD=1.000 route=0 E/S=0/0 rescue=0 empty=1 hall=0/0 FG/HBG/EBG=24/192/960 grad=135.89
[E06] batch=070/153 pseudo=4 loss=10.0021 sfseg=9.8254 seg=0.9036 mard=2.0028 λM=0.0349 DURR(dir/res/hall)=1.0678/0.0000/0.0000 λD=1.000 route=599 E/S=355/244 rescue=0 empty=0 hall=0/0 FG/HBG/EBG=32/256/1280 grad=149.05
[E06] batch=080/153 pseudo=3 loss=4.1045 sfseg=3.8734 seg=0.5494 mard=2.0533 λM=0.0425 DURR(dir/res/hall)=1.4379/0.0000/0.0004 λD=1.000 route=194 E/S=157/37 rescue=0 empty=1 hall=1/0 FG/HBG/EBG=24/192/960 grad=26.94
[E06] batch=090/153 pseudo=3 loss=10.3598 sfseg=9.6963 seg=0.8737 mard=2.0519 λM=0.0284 DURR(dir/res/hall)=1.0948/0.0000/4.9574 λD=1.000 route=252 E/S=186/66 rescue=0 empty=1 hall=1/179 FG/HBG/EBG=24/192/960 grad=70.16
[E06] batch=100/153 pseudo=5 loss=6.2864 sfseg=6.1410 seg=0.4700 mard=2.0201 λM=0.0233 DURR(dir/res/hall)=0.9839/0.0000/0.0000 λD=1.000 route=308 E/S=283/25 rescue=0 empty=0 hall=0/0 FG/HBG/EBG=40/256/1280 grad=134.38
[E06] batch=110/153 pseudo=3 loss=14.0272 sfseg=13.8143 seg=1.0370 mard=2.0772 λM=0.0305 DURR(dir/res/hall)=1.4949/0.0000/0.0000 λD=1.000 route=90 E/S=67/23 rescue=0 empty=1 hall=0/0 FG/HBG/EBG=24/192/960 grad=117.57
[E06] batch=120/153 pseudo=4 loss=11.4390 sfseg=11.1841 seg=0.8842 mard=2.0426 λM=0.0187 DURR(dir/res/hall)=2.1673/0.0000/0.0000 λD=1.000 route=301 E/S=258/43 rescue=0 empty=1 hall=0/0 FG/HBG/EBG=32/192/960 grad=134.71
[E06] batch=130/153 pseudo=3 loss=7.1460 sfseg=6.9760 seg=0.4207 mard=1.9995 λM=0.0223 DURR(dir/res/hall)=1.2551/0.0000/0.0000 λD=1.000 route=176 E/S=127/49 rescue=0 empty=1 hall=0/0 FG/HBG/EBG=24/192/960 grad=189.05
[E06] batch=140/153 pseudo=3 loss=6.1570 sfseg=5.9828 seg=0.4516 mard=2.0343 λM=0.0353 DURR(dir/res/hall)=1.0237/0.0000/0.0000 λD=1.000 route=123 E/S=91/32 rescue=0 empty=1 hall=0/0 FG/HBG/EBG=24/192/960 grad=77.39
[E06] batch=150/153 pseudo=4 loss=7.4393 sfseg=7.2469 seg=0.5117 mard=2.0558 λM=0.0173 DURR(dir/res/hall)=1.5676/0.0000/0.0000 λD=1.000 route=366 E/S=317/49 rescue=0 empty=1 hall=0/0 FG/HBG/EBG=32/256/896 grad=102.14
[E06] batch=153/153 pseudo=4 loss=15.2802 sfseg=15.1070 seg=0.6946 mard=2.0273 λM=0.0260 DURR(dir/res/hall)=1.2053/0.0000/0.0000 λD=1.000 route=286 E/S=247/39 rescue=0 empty=0 hall=0/0 FG/HBG/EBG=32/256/1280 grad=423.20

[Epoch 06] DONE time=37.7s valid=153 skipped=0 pseudo=534 anchors=479 mask_extra=55 reject_rel=19 DURRmatch=450/2156 rescue=9 teacher_empty=99 hall=47/6645 loss=7.8643 sfseg=7.6067 mard=2.0233 dir=1.3222 res=0.0078 hallL=0.6096 route E/S=26330/6960
[E07] batch=001/153 pseudo=4 loss=4.6787 sfseg=4.4785 seg=0.3414 mard=1.9843 λM=0.0356 DURR(dir/res/hall)=1.2956/0.0000/0.0000 λD=1.000 route=208 E/S=168/40 rescue=0 empty=0 hall=0/0 FG/HBG/EBG=32/256/1280 grad=59.34
[E07] batch=010/153 pseudo=3 loss=8.4861 sfseg=8.3267 seg=1.0240 mard=2.0918 λM=0.0380 DURR(dir/res/hall)=0.7998/0.0000/0.0000 λD=1.000 route=308 E/S=275/33 rescue=0 empty=1 hall=1/0 FG/HBG/EBG=24/192/960 grad=107.91
[E07] batch=020/153 pseudo=4 loss=6.5397 sfseg=6.3650 seg=0.4932 mard=2.0968 λM=0.0307 DURR(dir/res/hall)=1.1017/0.0000/0.0000 λD=1.000 route=363 E/S=330/33 rescue=0 empty=0 hall=0/0 FG/HBG/EBG=32/256/1280 grad=47.83
[E07] batch=030/153 pseudo=3 loss=10.3594 sfseg=10.1782 seg=1.2911 mard=2.1051 λM=0.0427 DURR(dir/res/hall)=0.9129/0.0000/0.0000 λD=1.000 route=222 E/S=153/69 rescue=0 empty=1 hall=0/0 FG/HBG/EBG=24/192/960 grad=269.51
[E07] batch=040/153 pseudo=3 loss=14.5638 sfseg=14.3641 seg=1.0928 mard=2.0629 λM=0.0380 DURR(dir/res/hall)=1.2124/0.0000/0.0000 λD=1.000 route=266 E/S=215/51 rescue=0 empty=1 hall=0/0 FG/HBG/EBG=24/192/960 grad=793.47
[E07] batch=050/153 pseudo=4 loss=4.6558 sfseg=4.4782 seg=0.3460 mard=2.0209 λM=0.0375 DURR(dir/res/hall)=1.0188/0.0000/0.0000 λD=1.000 route=307 E/S=271/36 rescue=0 empty=0 hall=0/0 FG/HBG/EBG=32/256/1280 grad=42.73
[E07] batch=060/153 pseudo=4 loss=7.9805 sfseg=7.8388 seg=0.6433 mard=2.0255 λM=0.0357 DURR(dir/res/hall)=0.6927/0.0000/0.0000 λD=1.000 route=178 E/S=120/58 rescue=0 empty=0 hall=0/0 FG/HBG/EBG=32/256/1280 grad=183.94
[E07] batch=070/153 pseudo=5 loss=8.5841 sfseg=8.4558 seg=0.7380 mard=2.0681 λM=0.0299 DURR(dir/res/hall)=0.6647/0.0000/0.0000 λD=1.000 route=104 E/S=67/37 rescue=0 empty=0 hall=0/0 FG/HBG/EBG=40/320/1216 grad=135.48
[E07] batch=080/153 pseudo=4 loss=9.9790 sfseg=9.7258 seg=0.5125 mard=2.0912 λM=0.0348 DURR(dir/res/hall)=1.7948/0.0053/0.0000 λD=1.000 route=211 E/S=172/39 rescue=1 empty=0 hall=0/0 FG/HBG/EBG=32/256/1280 grad=406.04
[E07] batch=090/153 pseudo=4 loss=5.4379 sfseg=5.2498 seg=0.4134 mard=2.0093 λM=0.0388 DURR(dir/res/hall)=1.1005/0.0000/0.0000 λD=1.000 route=183 E/S=165/18 rescue=0 empty=0 hall=0/0 FG/HBG/EBG=32/256/1280 grad=78.47
[E07] batch=100/153 pseudo=3 loss=2.9266 sfseg=2.7414 seg=0.3221 mard=2.0426 λM=0.0445 DURR(dir/res/hall)=0.9425/0.0000/0.0000 λD=1.000 route=83 E/S=54/29 rescue=0 empty=1 hall=0/0 FG/HBG/EBG=24/192/960 grad=26.52
[E07] batch=110/153 pseudo=3 loss=4.4630 sfseg=3.7663 seg=0.3677 mard=2.0457 λM=0.0313 DURR(dir/res/hall)=0.9109/0.0000/5.4160 λD=1.000 route=81 E/S=62/19 rescue=0 empty=1 hall=1/147 FG/HBG/EBG=24/192/960 grad=44.71
[E07] batch=120/153 pseudo=4 loss=5.5071 sfseg=5.3228 seg=0.3954 mard=2.0373 λM=0.0291 DURR(dir/res/hall)=1.2164/0.0166/0.0000 λD=1.000 route=305 E/S=280/25 rescue=1 empty=0 hall=0/0 FG/HBG/EBG=32/256/1280 grad=46.74
[E07] batch=130/153 pseudo=4 loss=6.0857 sfseg=5.8430 seg=0.4521 mard=1.9760 λM=0.0362 DURR(dir/res/hall)=1.4124/0.1502/0.0000 λD=1.000 route=125 E/S=112/13 rescue=1 empty=0 hall=0/0 FG/HBG/EBG=32/256/1280 grad=62.59
[E07] batch=140/153 pseudo=1 loss=3.4718 sfseg=2.6242 seg=0.6522 mard=2.0740 λM=0.0219 DURR(dir/res/hall)=2.6124/0.0000/5.4092 λD=1.000 route=78 E/S=68/10 rescue=0 empty=3 hall=1/1214 FG/HBG/EBG=8/64/320 grad=24.50
[E07] batch=150/153 pseudo=3 loss=3.3020 sfseg=3.1274 seg=0.2869 mard=2.1163 λM=0.0337 DURR(dir/res/hall)=1.0315/0.0000/0.0000 λD=1.000 route=147 E/S=129/18 rescue=0 empty=1 hall=0/0 FG/HBG/EBG=24/192/960 grad=32.26
[E07] batch=153/153 pseudo=3 loss=14.4698 sfseg=14.1373 seg=1.0491 mard=1.9954 λM=0.0325 DURR(dir/res/hall)=2.6766/0.0000/0.0000 λD=1.000 route=214 E/S=168/46 rescue=0 empty=1 hall=0/0 FG/HBG/EBG=24/192/960 grad=178.22

[Epoch 07] DONE time=37.5s valid=153 skipped=0 pseudo=536 anchors=473 mask_extra=63 reject_rel=23 DURRmatch=447/2147 rescue=7 teacher_empty=95 hall=43/8360 loss=7.9598 sfseg=7.7027 mard=2.0297 dir=1.3278 res=0.0017 hallL=0.6091 route E/S=26653/6863
[E08] batch=001/153 pseudo=4 loss=4.8459 sfseg=4.6743 seg=0.3694 mard=2.0203 λM=0.0351 DURR(dir/res/hall)=1.0075/0.0000/0.0000 λD=1.000 route=374 E/S=311/63 rescue=0 empty=0 hall=0/0 FG/HBG/EBG=32/256/1280 grad=35.13
[E08] batch=010/153 pseudo=3 loss=16.0423 sfseg=15.8498 seg=1.7184 mard=1.9899 λM=0.0337 DURR(dir/res/hall)=1.2404/0.0000/0.0137 λD=1.000 route=257 E/S=230/27 rescue=0 empty=1 hall=1/0 FG/HBG/EBG=24/192/960 grad=141.66
[E08] batch=020/153 pseudo=2 loss=1.7736 sfseg=1.5778 seg=0.2650 mard=2.0374 λM=0.0382 DURR(dir/res/hall)=1.1800/0.0000/0.0000 λD=1.000 route=115 E/S=104/11 rescue=0 empty=2 hall=0/0 FG/HBG/EBG=16/128/640 grad=14.07
[E08] batch=030/153 pseudo=3 loss=6.5815 sfseg=6.3980 seg=0.5971 mard=2.0121 λM=0.0320 DURR(dir/res/hall)=1.1919/0.0000/0.0000 λD=1.000 route=213 E/S=154/59 rescue=0 empty=1 hall=0/0 FG/HBG/EBG=24/192/960 grad=84.18
[E08] batch=040/153 pseudo=3 loss=3.7814 sfseg=3.6727 seg=0.4028 mard=2.0423 λM=0.0222 DURR(dir/res/hall)=0.6314/0.0000/0.0008 λD=1.000 route=108 E/S=70/38 rescue=0 empty=2 hall=1/0 FG/HBG/EBG=24/128/640 grad=23.26
[E08] batch=050/153 pseudo=4 loss=9.6039 sfseg=9.3923 seg=0.9569 mard=2.0268 λM=0.0373 DURR(dir/res/hall)=1.3593/0.0000/0.0000 λD=1.000 route=634 E/S=586/48 rescue=0 empty=0 hall=0/0 FG/HBG/EBG=32/256/1280 grad=120.02
[E08] batch=060/153 pseudo=5 loss=7.8306 sfseg=7.7275 seg=0.5933 mard=1.9790 λM=0.0241 DURR(dir/res/hall)=0.5546/0.0000/0.0000 λD=1.000 route=127 E/S=109/18 rescue=0 empty=0 hall=0/0 FG/HBG/EBG=40/320/1216 grad=63.41
[E08] batch=070/153 pseudo=3 loss=4.6648 sfseg=4.5107 seg=0.4439 mard=1.9872 λM=0.0266 DURR(dir/res/hall)=1.0132/0.0000/0.0000 λD=1.000 route=178 E/S=137/41 rescue=0 empty=1 hall=0/0 FG/HBG/EBG=24/192/960 grad=88.44
[E08] batch=080/153 pseudo=3 loss=5.1395 sfseg=4.9868 seg=0.5621 mard=2.0088 λM=0.0294 DURR(dir/res/hall)=0.9376/0.0000/0.0000 λD=1.000 route=251 E/S=213/38 rescue=0 empty=1 hall=0/0 FG/HBG/EBG=24/192/960 grad=38.06
[E08] batch=090/153 pseudo=3 loss=5.9358 sfseg=5.7439 seg=0.5580 mard=2.0040 λM=0.0228 DURR(dir/res/hall)=1.4623/0.0000/0.0000 λD=1.000 route=210 E/S=126/84 rescue=0 empty=1 hall=0/0 FG/HBG/EBG=24/192/960 grad=65.20
[E08] batch=100/153 pseudo=3 loss=15.3533 sfseg=14.9858 seg=1.6474 mard=2.0715 λM=0.0287 DURR(dir/res/hall)=2.9162/0.0822/0.0000 λD=1.000 route=409 E/S=306/103 rescue=1 empty=1 hall=0/0 FG/HBG/EBG=24/192/960 grad=278.46
[E08] batch=110/153 pseudo=4 loss=11.4319 sfseg=11.1104 seg=0.5157 mard=2.0182 λM=0.0324 DURR(dir/res/hall)=2.4529/0.0539/0.0000 λD=1.000 route=70 E/S=51/19 rescue=1 empty=0 hall=0/0 FG/HBG/EBG=32/256/1280 grad=145.43
[E08] batch=120/153 pseudo=4 loss=9.5156 sfseg=9.3461 seg=0.8138 mard=1.9776 λM=0.0242 DURR(dir/res/hall)=1.2156/0.0000/0.0000 λD=1.000 route=224 E/S=179/45 rescue=0 empty=0 hall=0/0 FG/HBG/EBG=32/256/1280 grad=635.24
[E08] batch=130/153 pseudo=3 loss=4.8371 sfseg=4.6851 seg=0.7517 mard=1.9369 λM=0.0268 DURR(dir/res/hall)=1.0010/0.0000/0.0000 λD=1.000 route=31 E/S=17/14 rescue=0 empty=1 hall=0/0 FG/HBG/EBG=24/192/960 grad=54.56
[E08] batch=140/153 pseudo=4 loss=5.2259 sfseg=5.0567 seg=0.3705 mard=1.9829 λM=0.0361 DURR(dir/res/hall)=0.9758/0.0000/0.0000 λD=1.000 route=111 E/S=55/56 rescue=0 empty=0 hall=0/0 FG/HBG/EBG=32/256/1280 grad=77.48
[E08] batch=150/153 pseudo=4 loss=8.7441 sfseg=8.5744 seg=0.6867 mard=2.0128 λM=0.0284 DURR(dir/res/hall)=1.1256/0.0000/0.0000 λD=1.000 route=91 E/S=82/9 rescue=0 empty=1 hall=0/0 FG/HBG/EBG=32/256/896 grad=124.41
[E08] batch=153/153 pseudo=5 loss=8.0085 sfseg=7.8657 seg=0.4509 mard=2.0058 λM=0.0256 DURR(dir/res/hall)=0.8052/0.0540/0.0000 λD=1.000 route=273 E/S=196/77 rescue=1 empty=0 hall=0/0 FG/HBG/EBG=40/320/1216 grad=158.05

[Epoch 08] DONE time=37.8s valid=153 skipped=0 pseudo=531 anchors=475 mask_extra=56 reject_rel=26 DURRmatch=451/2153 rescue=8 teacher_empty=103 hall=41/8142 loss=7.6826 sfseg=7.4448 mard=2.0188 dir=1.2384 res=0.0024 hallL=0.5031 route E/S=26286/7338
[E09] batch=001/153 pseudo=3 loss=12.6223 sfseg=12.4740 seg=1.5132 mard=1.9928 λM=0.0295 DURR(dir/res/hall)=0.8942/0.0000/0.0008 λD=1.000 route=206 E/S=201/5 rescue=0 empty=1 hall=1/0 FG/HBG/EBG=24/192/960 grad=158.58
[E09] batch=010/153 pseudo=4 loss=3.6768 sfseg=3.5058 seg=0.2838 mard=2.0220 λM=0.0383 DURR(dir/res/hall)=0.9362/0.0000/0.0000 λD=1.000 route=198 E/S=163/35 rescue=0 empty=0 hall=0/0 FG/HBG/EBG=32/256/1280 grad=103.53
[E09] batch=020/153 pseudo=2 loss=3.1532 sfseg=2.4481 seg=0.4720 mard=1.9572 λM=0.0236 DURR(dir/res/hall)=3.0361/0.0000/3.5538 λD=1.000 route=39 E/S=15/24 rescue=0 empty=2 hall=1/810 FG/HBG/EBG=16/128/640 grad=60.98
[E09] batch=030/153 pseudo=4 loss=4.0967 sfseg=3.9798 seg=0.3795 mard=2.0248 λM=0.0391 DURR(dir/res/hall)=0.3776/0.0000/0.0000 λD=1.000 route=205 E/S=144/61 rescue=0 empty=0 hall=0/0 FG/HBG/EBG=32/256/1280 grad=37.96
[E09] batch=040/153 pseudo=4 loss=27.5120 sfseg=27.3583 seg=1.5550 mard=2.1048 λM=0.0276 DURR(dir/res/hall)=0.9554/0.0000/0.0000 λD=1.000 route=188 E/S=80/108 rescue=0 empty=0 hall=0/0 FG/HBG/EBG=32/256/1280 grad=282.28
[E09] batch=050/153 pseudo=4 loss=4.7329 sfseg=4.5490 seg=0.4843 mard=2.0735 λM=0.0221 DURR(dir/res/hall)=1.3815/0.0000/0.0000 λD=1.000 route=553 E/S=526/27 rescue=0 empty=1 hall=0/0 FG/HBG/EBG=32/192/960 grad=148.88
[E09] batch=060/153 pseudo=3 loss=6.2683 sfseg=6.1269 seg=0.6350 mard=2.0204 λM=0.0213 DURR(dir/res/hall)=0.9836/0.0000/0.0011 λD=1.000 route=229 E/S=204/25 rescue=0 empty=1 hall=1/0 FG/HBG/EBG=24/192/960 grad=48.31
[E09] batch=070/153 pseudo=1 loss=1.1570 sfseg=0.9481 seg=0.2487 mard=2.0122 λM=0.0364 DURR(dir/res/hall)=1.3519/0.0000/0.0046 λD=1.000 route=24 E/S=17/7 rescue=0 empty=3 hall=1/0 FG/HBG/EBG=8/64/320 grad=17.66
[E09] batch=080/153 pseudo=3 loss=5.7015 sfseg=5.5238 seg=1.1951 mard=1.9847 λM=0.0427 DURR(dir/res/hall)=0.9286/0.0000/0.0000 λD=1.000 route=171 E/S=150/21 rescue=0 empty=1 hall=0/0 FG/HBG/EBG=24/192/960 grad=75.58
[E09] batch=090/153 pseudo=4 loss=4.6595 sfseg=3.9579 seg=0.3444 mard=1.9695 λM=0.0292 DURR(dir/res/hall)=1.2473/0.0000/5.1940 λD=1.000 route=64 E/S=57/7 rescue=0 empty=1 hall=1/651 FG/HBG/EBG=32/256/896 grad=29.70
[E09] batch=100/153 pseudo=4 loss=8.1226 sfseg=7.9208 seg=0.7050 mard=2.0460 λM=0.0384 DURR(dir/res/hall)=1.0548/0.0886/0.0000 λD=1.000 route=238 E/S=189/49 rescue=1 empty=0 hall=0/0 FG/HBG/EBG=32/256/1280 grad=74.55
[E09] batch=110/153 pseudo=3 loss=3.8443 sfseg=3.2040 seg=0.3643 mard=2.0739 λM=0.0409 DURR(dir/res/hall)=0.8031/0.0000/4.7523 λD=1.000 route=130 E/S=83/47 rescue=0 empty=1 hall=1/709 FG/HBG/EBG=24/192/960 grad=72.72
[E09] batch=120/153 pseudo=3 loss=2.9689 sfseg=2.7516 seg=0.2627 mard=2.0302 λM=0.0392 DURR(dir/res/hall)=1.3776/0.0000/0.0001 λD=1.000 route=159 E/S=139/20 rescue=0 empty=1 hall=1/0 FG/HBG/EBG=24/192/960 grad=29.48
[E09] batch=130/153 pseudo=5 loss=14.7339 sfseg=14.5417 seg=2.2181 mard=2.0405 λM=0.0283 DURR(dir/res/hall)=1.3439/0.0000/0.0000 λD=1.000 route=460 E/S=262/198 rescue=0 empty=0 hall=0/0 FG/HBG/EBG=40/256/1280 grad=88.83
[E09] batch=140/153 pseudo=4 loss=7.1414 sfseg=7.0106 seg=0.5322 mard=1.9750 λM=0.0264 DURR(dir/res/hall)=0.7861/0.0000/0.0000 λD=1.000 route=110 E/S=81/29 rescue=0 empty=0 hall=0/0 FG/HBG/EBG=32/256/1280 grad=156.10
[E09] batch=150/153 pseudo=3 loss=6.3080 sfseg=6.1073 seg=0.5736 mard=2.0537 λM=0.0350 DURR(dir/res/hall)=1.2875/0.0000/0.0002 λD=1.000 route=219 E/S=209/10 rescue=0 empty=1 hall=1/0 FG/HBG/EBG=24/192/960 grad=119.45
[E09] batch=153/153 pseudo=4 loss=6.3400 sfseg=6.1402 seg=0.7919 mard=2.0691 λM=0.0264 DURR(dir/res/hall)=1.1708/0.1407/0.0000 λD=1.000 route=169 E/S=124/45 rescue=1 empty=1 hall=0/0 FG/HBG/EBG=32/192/960 grad=124.63

[Epoch 09] DONE time=38.0s valid=153 skipped=0 pseudo=534 anchors=468 mask_extra=66 reject_rel=28 DURRmatch=440/2104 rescue=8 teacher_empty=99 hall=47/6996 loss=7.5868 sfseg=7.3421 mard=2.0220 dir=1.2929 res=0.0027 hallL=0.5107 route E/S=25462/6439
[E10] batch=001/153 pseudo=4 loss=7.1101 sfseg=6.9470 seg=0.6580 mard=2.0400 λM=0.0402 DURR(dir/res/hall)=0.8102/0.0000/0.0000 λD=1.000 route=354 E/S=292/62 rescue=0 empty=0 hall=0/0 FG/HBG/EBG=32/256/1280 grad=92.62
[E10] batch=010/153 pseudo=3 loss=16.4048 sfseg=15.9845 seg=1.8350 mard=2.0163 λM=0.0249 DURR(dir/res/hall)=1.4885/0.0000/2.2113 λD=1.000 route=267 E/S=208/59 rescue=0 empty=1 hall=1/11 FG/HBG/EBG=24/192/960 grad=80.49
[E10] batch=020/153 pseudo=3 loss=5.7769 sfseg=5.0475 seg=0.4601 mard=2.0172 λM=0.0334 DURR(dir/res/hall)=1.4322/0.0000/5.1877 λD=1.000 route=92 E/S=81/11 rescue=0 empty=1 hall=1/666 FG/HBG/EBG=24/192/960 grad=109.90
[E10] batch=030/153 pseudo=4 loss=12.3486 sfseg=12.2180 seg=1.1429 mard=2.0117 λM=0.0221 DURR(dir/res/hall)=0.8609/0.0000/0.0000 λD=1.000 route=237 E/S=204/33 rescue=0 empty=0 hall=0/0 FG/HBG/EBG=32/256/1280 grad=102.53
[E10] batch=040/153 pseudo=4 loss=12.4098 sfseg=12.1796 seg=0.9680 mard=2.0628 λM=0.0295 DURR(dir/res/hall)=1.6931/0.0000/0.0000 λD=1.000 route=327 E/S=276/51 rescue=0 empty=0 hall=0/0 FG/HBG/EBG=32/256/1280 grad=85.67
[E10] batch=050/153 pseudo=3 loss=24.3436 sfseg=23.8982 seg=2.0467 mard=2.0003 λM=0.0289 DURR(dir/res/hall)=0.9843/0.0000/2.8924 λD=1.000 route=130 E/S=114/16 rescue=0 empty=1 hall=1/74 FG/HBG/EBG=24/192/960 grad=287.38
[E10] batch=060/153 pseudo=3 loss=8.1153 sfseg=7.9368 seg=0.4250 mard=2.0364 λM=0.0307 DURR(dir/res/hall)=1.1580/0.0000/0.0010 λD=1.000 route=124 E/S=119/5 rescue=0 empty=1 hall=1/0 FG/HBG/EBG=24/192/960 grad=325.46
[E10] batch=070/153 pseudo=4 loss=3.9564 sfseg=3.7376 seg=0.4122 mard=2.0416 λM=0.0345 DURR(dir/res/hall)=1.4839/0.0000/0.0000 λD=1.000 route=185 E/S=158/27 rescue=0 empty=1 hall=0/0 FG/HBG/EBG=32/256/896 grad=42.81
[E10] batch=080/153 pseudo=2 loss=11.9524 sfseg=11.8406 seg=2.6069 mard=2.1639 λM=0.0083 DURR(dir/res/hall)=0.9377/0.0000/0.0000 λD=1.000 route=245 E/S=179/66 rescue=0 empty=2 hall=0/0 FG/HBG/EBG=16/128/640 grad=107.08
[E10] batch=090/153 pseudo=5 loss=7.4776 sfseg=7.2938 seg=0.6965 mard=2.0310 λM=0.0295 DURR(dir/res/hall)=1.2388/0.0000/0.0000 λD=1.000 route=268 E/S=206/62 rescue=0 empty=0 hall=0/0 FG/HBG/EBG=40/320/1216 grad=56.92
[E10] batch=100/153 pseudo=4 loss=14.0910 sfseg=13.9016 seg=0.9590 mard=2.0402 λM=0.0225 DURR(dir/res/hall)=1.4348/0.0000/0.0000 λD=1.000 route=272 E/S=158/114 rescue=0 empty=0 hall=0/0 FG/HBG/EBG=32/256/1280 grad=290.35
[E10] batch=110/153 pseudo=4 loss=5.6614 sfseg=5.4891 seg=0.5545 mard=2.0236 λM=0.0337 DURR(dir/res/hall)=1.0402/0.0000/0.0000 λD=1.000 route=209 E/S=185/24 rescue=0 empty=0 hall=0/0 FG/HBG/EBG=32/256/1280 grad=55.92
[E10] batch=120/153 pseudo=4 loss=9.1825 sfseg=8.9821 seg=0.5369 mard=2.0414 λM=0.0306 DURR(dir/res/hall)=1.3789/0.0000/0.0000 λD=1.000 route=365 E/S=313/52 rescue=0 empty=0 hall=0/0 FG/HBG/EBG=32/256/1280 grad=192.57
[E10] batch=130/153 pseudo=4 loss=4.5045 sfseg=4.3269 seg=0.3469 mard=2.0053 λM=0.0343 DURR(dir/res/hall)=1.0892/0.0000/0.0000 λD=1.000 route=174 E/S=107/67 rescue=0 empty=0 hall=0/0 FG/HBG/EBG=32/256/1280 grad=43.26
[E10] batch=140/153 pseudo=5 loss=11.3795 sfseg=11.2028 seg=0.9414 mard=1.9630 λM=0.0216 DURR(dir/res/hall)=1.3308/0.0064/0.0000 λD=1.000 route=346 E/S=306/40 rescue=1 empty=0 hall=0/0 FG/HBG/EBG=40/320/1216 grad=143.10
[E10] batch=150/153 pseudo=2 loss=3.4501 sfseg=2.9267 seg=0.5128 mard=2.0143 λM=0.0375 DURR(dir/res/hall)=0.7548/0.0000/3.7239 λD=1.000 route=139 E/S=103/36 rescue=0 empty=2 hall=1/324 FG/HBG/EBG=16/128/640 grad=60.83
[E10] batch=153/153 pseudo=2 loss=10.6382 sfseg=10.4044 seg=1.9968 mard=2.0737 λM=0.0280 DURR(dir/res/hall)=1.7563/0.0000/0.0003 λD=1.000 route=427 E/S=315/112 rescue=0 empty=2 hall=1/0 FG/HBG/EBG=16/128/640 grad=178.00

[Epoch 10] DONE time=37.5s valid=153 skipped=0 pseudo=539 anchors=473 mask_extra=66 reject_rel=21 DURRmatch=447/2140 rescue=9 teacher_empty=91 hall=43/6780 loss=7.9490 sfseg=7.7134 mard=2.0289 dir=1.2512 res=0.0019 hallL=0.4703 route E/S=27444/6716
[SAVE Student] /home/dang/MedRT-SFOD/runs/seg/dense_sfseg/cvc_durr_v1_segmard_v2_60ep/checkpoints/durr_student_epoch_10.pt
[SAVE Teacher] /home/dang/MedRT-SFOD/runs/seg/dense_sfseg/cvc_durr_v1_segmard_v2_60ep/checkpoints/durr_teacher_ema_epoch_10.pt
[E11] batch=001/153 pseudo=4 loss=5.0169 sfseg=4.8292 seg=0.3856 mard=2.0191 λM=0.0322 DURR(dir/res/hall)=1.2269/0.0000/0.0000 λD=1.000 route=216 E/S=171/45 rescue=0 empty=0 hall=0/0 FG/HBG/EBG=32/256/1280 grad=39.13
[E11] batch=010/153 pseudo=3 loss=4.0920 sfseg=3.8994 seg=0.3660 mard=2.0564 λM=0.0387 DURR(dir/res/hall)=1.1291/0.0000/0.0000 λD=1.000 route=323 E/S=318/5 rescue=0 empty=1 hall=0/0 FG/HBG/EBG=24/192/960 grad=25.23
[E11] batch=020/153 pseudo=4 loss=4.6656 sfseg=4.4982 seg=0.3580 mard=2.0471 λM=0.0395 DURR(dir/res/hall)=0.8648/0.0000/0.0000 λD=1.000 route=203 E/S=163/40 rescue=0 empty=0 hall=0/0 FG/HBG/EBG=32/256/1280 grad=36.61
[E11] batch=030/153 pseudo=2 loss=3.3340 sfseg=2.8663 seg=0.9519 mard=2.0880 λM=0.0380 DURR(dir/res/hall)=0.8231/0.2047/2.6512 λD=1.000 route=25 E/S=16/9 rescue=1 empty=2 hall=1/15 FG/HBG/EBG=16/128/640 grad=109.95
[E11] batch=040/153 pseudo=2 loss=8.1428 sfseg=7.4497 seg=1.3951 mard=2.0688 λM=0.0147 DURR(dir/res/hall)=0.0000/0.0000/6.6275 λD=1.000 route=0 E/S=0/0 rescue=0 empty=2 hall=1/507 FG/HBG/EBG=16/128/640 grad=164.82
[E11] batch=050/153 pseudo=3 loss=16.2296 sfseg=15.4442 seg=1.6449 mard=2.0766 λM=0.0160 DURR(dir/res/hall)=1.3364/0.0000/6.1855 λD=1.000 route=582 E/S=572/10 rescue=0 empty=1 hall=1/471 FG/HBG/EBG=24/192/960 grad=269.89
[E11] batch=060/153 pseudo=3 loss=7.0804 sfseg=6.9527 seg=0.8708 mard=2.0420 λM=0.0250 DURR(dir/res/hall)=0.5959/0.0856/0.0000 λD=1.000 route=78 E/S=50/28 rescue=1 empty=1 hall=0/0 FG/HBG/EBG=24/192/960 grad=139.70
[E11] batch=070/153 pseudo=5 loss=3.6685 sfseg=3.5034 seg=0.3493 mard=2.0041 λM=0.0399 DURR(dir/res/hall)=0.8518/0.0000/0.0000 λD=1.000 route=223 E/S=182/41 rescue=0 empty=0 hall=0/0 FG/HBG/EBG=40/320/1216 grad=29.80
[E11] batch=080/153 pseudo=3 loss=3.6633 sfseg=3.4750 seg=0.4510 mard=2.0464 λM=0.0360 DURR(dir/res/hall)=1.1401/0.0000/0.0067 λD=1.000 route=180 E/S=151/29 rescue=0 empty=1 hall=1/0 FG/HBG/EBG=24/192/960 grad=40.57
[E11] batch=090/153 pseudo=5 loss=6.1914 sfseg=6.0370 seg=0.4674 mard=2.0127 λM=0.0315 DURR(dir/res/hall)=0.9106/0.0000/0.0000 λD=1.000 route=215 E/S=179/36 rescue=0 empty=0 hall=0/0 FG/HBG/EBG=40/320/1216 grad=58.54
[E11] batch=100/153 pseudo=4 loss=6.6378 sfseg=6.4450 seg=0.4898 mard=2.0625 λM=0.0277 DURR(dir/res/hall)=1.3571/0.0000/0.0000 λD=1.000 route=249 E/S=208/41 rescue=0 empty=1 hall=0/0 FG/HBG/EBG=32/256/896 grad=71.82
[E11] batch=110/153 pseudo=3 loss=5.7626 sfseg=5.4861 seg=0.3897 mard=1.9479 λM=0.0330 DURR(dir/res/hall)=2.1213/0.0000/0.0000 λD=1.000 route=103 E/S=83/20 rescue=0 empty=1 hall=0/0 FG/HBG/EBG=24/192/960 grad=39.77
[E11] batch=120/153 pseudo=3 loss=4.3462 sfseg=4.1930 seg=0.3737 mard=2.0171 λM=0.0303 DURR(dir/res/hall)=0.9218/0.0000/0.0000 λD=1.000 route=104 E/S=77/27 rescue=0 empty=1 hall=1/0 FG/HBG/EBG=24/192/960 grad=29.88
[E11] batch=130/153 pseudo=3 loss=4.2244 sfseg=3.8746 seg=0.3775 mard=1.9827 λM=0.0364 DURR(dir/res/hall)=0.7739/0.0000/2.0027 λD=1.000 route=123 E/S=96/27 rescue=0 empty=1 hall=1/40 FG/HBG/EBG=24/192/960 grad=37.59
[E11] batch=140/153 pseudo=5 loss=5.7171 sfseg=5.5655 seg=0.5240 mard=1.9963 λM=0.0301 DURR(dir/res/hall)=0.9160/0.0000/0.0000 λD=1.000 route=291 E/S=240/51 rescue=0 empty=0 hall=0/0 FG/HBG/EBG=40/320/1216 grad=71.02
[E11] batch=150/153 pseudo=4 loss=4.8499 sfseg=4.6852 seg=0.3474 mard=1.9641 λM=0.0246 DURR(dir/res/hall)=1.1649/0.0000/0.0000 λD=1.000 route=346 E/S=282/64 rescue=0 empty=0 hall=0/0 FG/HBG/EBG=32/256/1280 grad=30.17
[E11] batch=153/153 pseudo=4 loss=16.4180 sfseg=16.1162 seg=1.3070 mard=2.0484 λM=0.0144 DURR(dir/res/hall)=2.7233/0.0000/0.0000 λD=1.000 route=194 E/S=142/52 rescue=0 empty=1 hall=0/0 FG/HBG/EBG=32/256/896 grad=253.75

[Epoch 11] DONE time=37.9s valid=153 skipped=0 pseudo=529 anchors=469 mask_extra=60 reject_rel=25 DURRmatch=450/2162 rescue=8 teacher_empty=100 hall=43/4179 loss=6.8329 sfseg=6.6001 mard=2.0207 dir=1.2384 res=0.0036 hallL=0.4428 route E/S=26644/7333
[E12] batch=001/153 pseudo=3 loss=26.9360 sfseg=26.7416 seg=3.3013 mard=1.9879 λM=0.0337 DURR(dir/res/hall)=1.2592/0.0000/0.0144 λD=1.000 route=280 E/S=236/44 rescue=0 empty=1 hall=1/0 FG/HBG/EBG=24/192/960 grad=437.93
[E12] batch=010/153 pseudo=3 loss=6.8117 sfseg=6.6187 seg=0.8898 mard=1.9724 λM=0.0286 DURR(dir/res/hall)=1.3660/0.0000/0.0000 λD=1.000 route=211 E/S=129/82 rescue=0 empty=1 hall=0/0 FG/HBG/EBG=24/192/960 grad=61.71
[E12] batch=020/153 pseudo=3 loss=6.5746 sfseg=6.4675 seg=0.5865 mard=2.0341 λM=0.0287 DURR(dir/res/hall)=0.4878/0.0000/0.0000 λD=1.000 route=107 E/S=92/15 rescue=0 empty=1 hall=0/0 FG/HBG/EBG=24/192/960 grad=155.70
[E12] batch=030/153 pseudo=5 loss=4.5452 sfseg=4.4107 seg=0.3224 mard=1.9625 λM=0.0270 DURR(dir/res/hall)=0.8149/0.0000/0.0000 λD=1.000 route=235 E/S=193/42 rescue=0 empty=0 hall=0/0 FG/HBG/EBG=40/320/1216 grad=43.39
[E12] batch=040/153 pseudo=4 loss=4.8523 sfseg=4.6850 seg=0.3266 mard=2.0377 λM=0.0350 DURR(dir/res/hall)=0.9373/0.0115/0.0000 λD=1.000 route=63 E/S=50/13 rescue=1 empty=0 hall=0/0 FG/HBG/EBG=32/256/1280 grad=79.10
[E12] batch=050/153 pseudo=3 loss=2.8810 sfseg=2.7340 seg=0.3215 mard=2.1029 λM=0.0410 DURR(dir/res/hall)=0.6035/0.0000/0.0040 λD=1.000 route=200 E/S=173/27 rescue=0 empty=1 hall=1/0 FG/HBG/EBG=24/192/960 grad=19.54
[E12] batch=060/153 pseudo=3 loss=9.8299 sfseg=9.1983 seg=0.8892 mard=1.9909 λM=0.0249 DURR(dir/res/hall)=0.9885/0.0000/4.8310 λD=1.000 route=418 E/S=407/11 rescue=0 empty=1 hall=1/633 FG/HBG/EBG=24/192/960 grad=139.86
[E12] batch=070/153 pseudo=4 loss=4.3310 sfseg=4.1694 seg=0.4089 mard=2.0174 λM=0.0382 DURR(dir/res/hall)=0.8458/0.0000/0.0000 λD=1.000 route=243 E/S=162/81 rescue=0 empty=0 hall=0/0 FG/HBG/EBG=32/256/1280 grad=60.36
[E12] batch=080/153 pseudo=4 loss=14.8148 sfseg=14.5715 seg=0.5364 mard=1.9751 λM=0.0256 DURR(dir/res/hall)=1.9276/0.0000/0.0000 λD=1.000 route=555 E/S=492/63 rescue=0 empty=0 hall=0/0 FG/HBG/EBG=32/256/1280 grad=386.21
[E12] batch=090/153 pseudo=2 loss=2.7375 sfseg=2.2050 seg=0.3697 mard=2.0341 λM=0.0410 DURR(dir/res/hall)=0.6610/0.0000/3.8296 λD=1.000 route=61 E/S=51/10 rescue=0 empty=2 hall=2/13 FG/HBG/EBG=16/128/640 grad=49.66
[E12] batch=100/153 pseudo=4 loss=5.8992 sfseg=5.7258 seg=0.5439 mard=2.0466 λM=0.0410 DURR(dir/res/hall)=0.8951/0.0000/0.0000 λD=1.000 route=305 E/S=275/30 rescue=0 empty=0 hall=0/0 FG/HBG/EBG=32/256/1280 grad=70.17
[E12] batch=110/153 pseudo=3 loss=3.9606 sfseg=3.7695 seg=0.4505 mard=2.0784 λM=0.0421 DURR(dir/res/hall)=1.0368/0.0000/0.0000 λD=1.000 route=94 E/S=46/48 rescue=0 empty=1 hall=0/0 FG/HBG/EBG=24/192/960 grad=36.45
[E12] batch=120/153 pseudo=4 loss=8.2675 sfseg=8.0890 seg=0.9206 mard=1.9963 λM=0.0319 DURR(dir/res/hall)=1.1469/0.0000/0.0000 λD=1.000 route=159 E/S=143/16 rescue=0 empty=0 hall=0/0 FG/HBG/EBG=32/256/1280 grad=339.22
[E12] batch=130/153 pseudo=4 loss=5.4437 sfseg=5.1789 seg=0.4442 mard=1.9759 λM=0.0349 DURR(dir/res/hall)=1.9583/0.0000/0.0000 λD=1.000 route=190 E/S=154/36 rescue=0 empty=0 hall=0/0 FG/HBG/EBG=32/256/1280 grad=51.17
[E12] batch=140/153 pseudo=2 loss=1.9481 sfseg=1.7539 seg=0.3386 mard=2.0736 λM=0.0394 DURR(dir/res/hall)=1.1244/0.0000/0.0000 λD=1.000 route=100 E/S=55/45 rescue=0 empty=2 hall=0/0 FG/HBG/EBG=16/128/640 grad=14.30
[E12] batch=150/153 pseudo=4 loss=3.1747 sfseg=3.0192 seg=0.2509 mard=2.0560 λM=0.0425 DURR(dir/res/hall)=0.6812/0.0000/0.0000 λD=1.000 route=152 E/S=89/63 rescue=0 empty=0 hall=0/0 FG/HBG/EBG=32/256/1280 grad=25.14
[E12] batch=153/153 pseudo=3 loss=25.4181 sfseg=25.1860 seg=3.4390 mard=2.0083 λM=0.0164 DURR(dir/res/hall)=1.9910/0.0000/0.0000 λD=1.000 route=223 E/S=169/54 rescue=0 empty=1 hall=0/0 FG/HBG/EBG=24/192/960 grad=430.76

[Epoch 12] DONE time=37.6s valid=153 skipped=0 pseudo=536 anchors=479 mask_extra=57 reject_rel=23 DURRmatch=453/2164 rescue=8 teacher_empty=94 hall=41/3414 loss=7.2178 sfseg=6.9855 mard=2.0239 dir=1.2208 res=0.0020 hallL=0.4719 route E/S=27127/6767
[E13] batch=001/153 pseudo=4 loss=3.4015 sfseg=3.1734 seg=0.2354 mard=2.0282 λM=0.0384 DURR(dir/res/hall)=1.5016/0.0000/0.0000 λD=1.000 route=161 E/S=128/33 rescue=0 empty=0 hall=0/0 FG/HBG/EBG=32/256/1280 grad=34.96
[E13] batch=010/153 pseudo=3 loss=3.6564 sfseg=3.3939 seg=0.3102 mard=2.0629 λM=0.0316 DURR(dir/res/hall)=1.8959/0.0383/0.0000 λD=1.000 route=76 E/S=48/28 rescue=1 empty=1 hall=0/0 FG/HBG/EBG=24/192/960 grad=57.52
[E13] batch=020/153 pseudo=3 loss=6.2972 sfseg=6.1173 seg=0.5546 mard=1.9842 λM=0.0333 DURR(dir/res/hall)=1.1392/0.0000/0.0000 λD=1.000 route=413 E/S=397/16 rescue=0 empty=1 hall=0/0 FG/HBG/EBG=24/192/960 grad=109.42
[E13] batch=030/153 pseudo=4 loss=4.2483 sfseg=4.0365 seg=0.2865 mard=2.0468 λM=0.0302 DURR(dir/res/hall)=1.5013/0.0000/0.0000 λD=1.000 route=160 E/S=109/51 rescue=0 empty=0 hall=0/0 FG/HBG/EBG=32/256/1280 grad=23.69
[E13] batch=040/153 pseudo=4 loss=3.6814 sfseg=3.5044 seg=0.3000 mard=1.9925 λM=0.0379 DURR(dir/res/hall)=1.0143/0.0000/0.0000 λD=1.000 route=177 E/S=143/34 rescue=0 empty=0 hall=0/0 FG/HBG/EBG=32/256/1280 grad=33.29
[E13] batch=050/153 pseudo=5 loss=11.3154 sfseg=11.1281 seg=1.0647 mard=2.0028 λM=0.0300 DURR(dir/res/hall)=1.2724/0.0000/0.0000 λD=1.000 route=298 E/S=253/45 rescue=0 empty=0 hall=0/0 FG/HBG/EBG=40/256/1280 grad=334.43
[E13] batch=060/153 pseudo=3 loss=2.0615 sfseg=1.8778 seg=0.2160 mard=1.9786 λM=0.0420 DURR(dir/res/hall)=1.0067/0.0000/0.0000 λD=1.000 route=121 E/S=72/49 rescue=0 empty=1 hall=0/0 FG/HBG/EBG=24/192/960 grad=20.66
[E13] batch=070/153 pseudo=2 loss=2.5337 sfseg=2.3361 seg=0.5164 mard=2.0609 λM=0.0414 DURR(dir/res/hall)=1.1222/0.0000/0.0000 λD=1.000 route=110 E/S=67/43 rescue=0 empty=2 hall=0/0 FG/HBG/EBG=16/128/640 grad=27.80
[E13] batch=080/153 pseudo=3 loss=2.7412 sfseg=2.2118 seg=0.2894 mard=1.9885 λM=0.0396 DURR(dir/res/hall)=0.8798/0.0000/3.6273 λD=1.000 route=116 E/S=87/29 rescue=0 empty=1 hall=1/354 FG/HBG/EBG=24/192/960 grad=29.08
[E13] batch=090/153 pseudo=3 loss=4.6667 sfseg=3.8319 seg=0.2363 mard=2.0145 λM=0.0254 DURR(dir/res/hall)=1.6061/0.0000/6.2304 λD=1.000 route=24 E/S=17/7 rescue=0 empty=1 hall=1/510 FG/HBG/EBG=24/192/960 grad=91.99
[E13] batch=100/153 pseudo=4 loss=3.4474 sfseg=3.2602 seg=0.3285 mard=2.0399 λM=0.0387 DURR(dir/res/hall)=1.0825/0.0000/0.0000 λD=1.000 route=241 E/S=168/73 rescue=0 empty=0 hall=0/0 FG/HBG/EBG=32/256/1280 grad=39.43
[E13] batch=110/153 pseudo=4 loss=24.4285 sfseg=24.2816 seg=3.2369 mard=2.0077 λM=0.0269 DURR(dir/res/hall)=0.9286/0.0000/0.0000 λD=1.000 route=525 E/S=451/74 rescue=0 empty=0 hall=0/0 FG/HBG/EBG=32/256/1280 grad=104.58
[E13] batch=120/153 pseudo=3 loss=3.4710 sfseg=3.2980 seg=0.3654 mard=2.0355 λM=0.0404 DURR(dir/res/hall)=0.9063/0.0000/0.0010 λD=1.000 route=309 E/S=238/71 rescue=0 empty=1 hall=1/0 FG/HBG/EBG=24/192/960 grad=39.06
[E13] batch=130/153 pseudo=3 loss=2.4089 sfseg=2.2047 seg=0.2487 mard=2.0716 λM=0.0412 DURR(dir/res/hall)=1.1826/0.0000/0.0065 λD=1.000 route=135 E/S=127/8 rescue=0 empty=1 hall=1/0 FG/HBG/EBG=24/192/960 grad=25.25
[E13] batch=140/153 pseudo=4 loss=4.9526 sfseg=4.7677 seg=0.3451 mard=2.0023 λM=0.0306 DURR(dir/res/hall)=1.2358/0.0000/0.0000 λD=1.000 route=262 E/S=235/27 rescue=0 empty=0 hall=0/0 FG/HBG/EBG=32/256/1280 grad=30.15
[E13] batch=150/153 pseudo=3 loss=7.9677 sfseg=7.8524 seg=0.7590 mard=2.0426 λM=0.0235 DURR(dir/res/hall)=0.6715/0.0000/0.0029 λD=1.000 route=80 E/S=53/27 rescue=0 empty=1 hall=1/0 FG/HBG/EBG=24/192/960 grad=90.06
[E13] batch=153/153 pseudo=4 loss=8.6925 sfseg=8.3966 seg=0.4186 mard=1.9689 λM=0.0349 DURR(dir/res/hall)=2.2713/0.0000/0.0000 λD=1.000 route=173 E/S=144/29 rescue=0 empty=0 hall=0/0 FG/HBG/EBG=32/256/1280 grad=60.49

[Epoch 13] DONE time=37.7s valid=153 skipped=0 pseudo=533 anchors=472 mask_extra=61 reject_rel=27 DURRmatch=448/2136 rescue=8 teacher_empty=100 hall=40/3873 loss=6.3662 sfseg=6.1383 mard=2.0243 dir=1.2263 res=0.0040 hallL=0.4059 route E/S=26538/7080
[E14] batch=001/153 pseudo=2 loss=2.3773 sfseg=2.1704 seg=0.5685 mard=2.0655 λM=0.0438 DURR(dir/res/hall)=1.1636/0.0000/0.0000 λD=1.000 route=78 E/S=50/28 rescue=0 empty=2 hall=1/0 FG/HBG/EBG=16/128/640 grad=28.79
[E14] batch=010/153 pseudo=4 loss=5.3181 sfseg=5.1094 seg=0.2916 mard=2.0101 λM=0.0299 DURR(dir/res/hall)=1.4853/0.0000/0.0000 λD=1.000 route=213 E/S=167/46 rescue=0 empty=0 hall=0/0 FG/HBG/EBG=32/256/1280 grad=38.31
[E14] batch=020/153 pseudo=2 loss=3.9549 sfseg=3.7381 seg=1.1055 mard=2.0055 λM=0.0431 DURR(dir/res/hall)=1.3023/0.0000/0.0007 λD=1.000 route=146 E/S=129/17 rescue=0 empty=2 hall=2/0 FG/HBG/EBG=16/128/640 grad=136.94
[E14] batch=030/153 pseudo=3 loss=3.3927 sfseg=3.2286 seg=0.3131 mard=2.0121 λM=0.0328 DURR(dir/res/hall)=0.9820/0.0000/0.0000 λD=1.000 route=113 E/S=95/18 rescue=0 empty=1 hall=0/0 FG/HBG/EBG=24/192/960 grad=36.96
[E14] batch=040/153 pseudo=4 loss=5.0302 sfseg=4.8584 seg=0.5859 mard=2.0581 λM=0.0347 DURR(dir/res/hall)=1.0038/0.0000/0.0000 λD=1.000 route=133 E/S=106/27 rescue=0 empty=0 hall=0/0 FG/HBG/EBG=32/256/1280 grad=73.20
[E14] batch=050/153 pseudo=3 loss=16.1624 sfseg=15.9956 seg=1.9928 mard=2.0196 λM=0.0218 DURR(dir/res/hall)=1.2271/0.0000/0.0000 λD=1.000 route=377 E/S=295/82 rescue=0 empty=1 hall=0/0 FG/HBG/EBG=24/192/960 grad=342.08
[E14] batch=060/153 pseudo=3 loss=6.6131 sfseg=6.3253 seg=1.0004 mard=2.0720 λM=0.0188 DURR(dir/res/hall)=2.4876/0.0000/0.0000 λD=1.000 route=180 E/S=114/66 rescue=0 empty=1 hall=0/0 FG/HBG/EBG=24/192/960 grad=217.96
[E14] batch=070/153 pseudo=4 loss=4.2282 sfseg=4.0035 seg=0.4379 mard=2.0650 λM=0.0367 DURR(dir/res/hall)=1.3881/0.0511/0.0000 λD=1.000 route=208 E/S=164/44 rescue=1 empty=0 hall=0/0 FG/HBG/EBG=32/256/1280 grad=28.97
[E14] batch=080/153 pseudo=3 loss=2.2079 sfseg=1.9934 seg=0.2431 mard=2.0581 λM=0.0381 DURR(dir/res/hall)=1.2651/0.0470/0.0019 λD=1.000 route=85 E/S=66/19 rescue=1 empty=1 hall=1/0 FG/HBG/EBG=24/192/960 grad=24.73
[E14] batch=090/153 pseudo=4 loss=9.9493 sfseg=9.8277 seg=0.9946 mard=2.0490 λM=0.0329 DURR(dir/res/hall)=0.5421/0.0000/0.0000 λD=1.000 route=157 E/S=98/59 rescue=0 empty=0 hall=0/0 FG/HBG/EBG=32/256/1280 grad=129.00
[E14] batch=100/153 pseudo=4 loss=5.3241 sfseg=5.1608 seg=0.3626 mard=2.0397 λM=0.0343 DURR(dir/res/hall)=0.9338/0.0000/0.0000 λD=1.000 route=191 E/S=141/50 rescue=0 empty=0 hall=0/0 FG/HBG/EBG=32/256/1280 grad=28.00
[E14] batch=110/153 pseudo=3 loss=3.5433 sfseg=3.3894 seg=0.3778 mard=2.0235 λM=0.0364 DURR(dir/res/hall)=0.8013/0.0000/0.0000 λD=1.000 route=244 E/S=210/34 rescue=0 empty=1 hall=0/0 FG/HBG/EBG=24/192/960 grad=24.75
[E14] batch=120/153 pseudo=4 loss=5.0176 sfseg=4.8537 seg=0.3557 mard=2.0078 λM=0.0354 DURR(dir/res/hall)=0.9288/0.0000/0.0000 λD=1.000 route=154 E/S=129/25 rescue=0 empty=0 hall=0/0 FG/HBG/EBG=32/256/1280 grad=80.66
[E14] batch=130/153 pseudo=5 loss=5.7774 sfseg=5.5973 seg=0.5016 mard=1.9604 λM=0.0262 DURR(dir/res/hall)=0.9361/0.1754/0.0000 λD=1.000 route=232 E/S=210/22 rescue=1 empty=0 hall=0/0 FG/HBG/EBG=40/320/1216 grad=46.36
[E14] batch=140/153 pseudo=4 loss=4.3922 sfseg=4.2224 seg=0.3090 mard=2.0069 λM=0.0263 DURR(dir/res/hall)=1.1699/0.0000/0.0000 λD=1.000 route=178 E/S=153/25 rescue=0 empty=1 hall=1/0 FG/HBG/EBG=32/256/896 grad=82.10
[E14] batch=150/153 pseudo=3 loss=4.9839 sfseg=4.7302 seg=0.5546 mard=2.0834 λM=0.0370 DURR(dir/res/hall)=1.7666/0.0000/0.0000 λD=1.000 route=184 E/S=148/36 rescue=0 empty=1 hall=0/0 FG/HBG/EBG=24/192/960 grad=52.60
[E14] batch=153/153 pseudo=4 loss=5.5921 sfseg=5.3778 seg=0.3907 mard=2.0618 λM=0.0346 DURR(dir/res/hall)=1.4280/0.0000/0.0000 λD=1.000 route=187 E/S=157/30 rescue=0 empty=0 hall=0/0 FG/HBG/EBG=32/256/1280 grad=65.86

[Epoch 14] DONE time=37.6s valid=153 skipped=0 pseudo=537 anchors=473 mask_extra=64 reject_rel=22 DURRmatch=450/2142 rescue=9 teacher_empty=95 hall=38/5470 loss=6.5932 sfseg=6.3735 mard=2.0245 dir=1.2352 res=0.0057 hallL=0.3049 route E/S=26475/6724
[E15] batch=001/153 pseudo=4 loss=7.8420 sfseg=7.6713 seg=0.4718 mard=2.0301 λM=0.0315 DURR(dir/res/hall)=1.0668/0.0000/0.0000 λD=1.000 route=174 E/S=125/49 rescue=0 empty=0 hall=0/0 FG/HBG/EBG=32/256/1280 grad=132.07
[E15] batch=010/153 pseudo=5 loss=5.0078 sfseg=4.8334 seg=0.4120 mard=1.9820 λM=0.0245 DURR(dir/res/hall)=1.2252/0.0166/0.0000 λD=1.000 route=190 E/S=171/19 rescue=1 empty=0 hall=0/0 FG/HBG/EBG=40/256/1280 grad=37.01
[E15] batch=020/153 pseudo=4 loss=7.9763 sfseg=7.7474 seg=0.7502 mard=2.0163 λM=0.0394 DURR(dir/res/hall)=1.4932/0.0000/0.0000 λD=1.000 route=236 E/S=197/39 rescue=0 empty=0 hall=0/0 FG/HBG/EBG=32/256/1280 grad=111.17
[E15] batch=030/153 pseudo=3 loss=3.8023 sfseg=3.5759 seg=0.4116 mard=1.9902 λM=0.0161 DURR(dir/res/hall)=1.9431/0.0000/0.0000 λD=1.000 route=97 E/S=30/67 rescue=0 empty=1 hall=0/0 FG/HBG/EBG=24/192/960 grad=31.37
[E15] batch=040/153 pseudo=5 loss=7.0111 sfseg=6.8426 seg=0.8531 mard=2.0644 λM=0.0271 DURR(dir/res/hall)=1.1252/0.0000/0.0000 λD=1.000 route=337 E/S=293/44 rescue=0 empty=0 hall=0/0 FG/HBG/EBG=40/256/1280 grad=68.72
[E15] batch=050/153 pseudo=3 loss=4.6056 sfseg=4.3931 seg=0.3882 mard=2.0852 λM=0.0302 DURR(dir/res/hall)=1.4945/0.0000/0.0000 λD=1.000 route=37 E/S=17/20 rescue=0 empty=1 hall=0/0 FG/HBG/EBG=24/192/960 grad=34.96
[E15] batch=060/153 pseudo=2 loss=1.9439 sfseg=1.7535 seg=0.3564 mard=2.0116 λM=0.0376 DURR(dir/res/hall)=1.1472/0.0000/0.0000 λD=1.000 route=100 E/S=87/13 rescue=0 empty=2 hall=1/0 FG/HBG/EBG=16/128/640 grad=18.82
[E15] batch=070/153 pseudo=3 loss=5.9073 sfseg=5.7447 seg=0.4232 mard=1.9840 λM=0.0277 DURR(dir/res/hall)=1.0762/0.0000/0.0011 λD=1.000 route=136 E/S=104/32 rescue=0 empty=1 hall=1/0 FG/HBG/EBG=24/192/960 grad=70.01
[E15] batch=080/153 pseudo=4 loss=8.9949 sfseg=8.8300 seg=0.7400 mard=2.0172 λM=0.0256 DURR(dir/res/hall)=1.1314/0.0000/0.0000 λD=1.000 route=511 E/S=318/193 rescue=0 empty=0 hall=0/0 FG/HBG/EBG=32/256/1280 grad=131.13
[E15] batch=090/153 pseudo=2 loss=2.8871 sfseg=2.2563 seg=0.3384 mard=2.0519 λM=0.0366 DURR(dir/res/hall)=0.3964/0.0176/5.1255 λD=1.000 route=78 E/S=50/28 rescue=1 empty=2 hall=1/1437 FG/HBG/EBG=16/128/640 grad=46.73
[E15] batch=100/153 pseudo=3 loss=4.7581 sfseg=4.5207 seg=0.4946 mard=2.0323 λM=0.0397 DURR(dir/res/hall)=1.5668/0.0000/0.0000 λD=1.000 route=147 E/S=118/29 rescue=0 empty=1 hall=0/0 FG/HBG/EBG=24/192/960 grad=78.66
[E15] batch=110/153 pseudo=4 loss=2.6279 sfseg=2.4402 seg=0.2146 mard=2.0446 λM=0.0413 DURR(dir/res/hall)=1.0323/0.0000/0.0000 λD=1.000 route=279 E/S=221/58 rescue=0 empty=0 hall=0/0 FG/HBG/EBG=32/256/1280 grad=18.37
[E15] batch=120/153 pseudo=4 loss=10.2714 sfseg=10.1023 seg=0.6009 mard=2.0086 λM=0.0309 DURR(dir/res/hall)=1.0696/0.0000/0.0000 λD=1.000 route=243 E/S=165/78 rescue=0 empty=1 hall=0/0 FG/HBG/EBG=32/192/960 grad=228.92
[E15] batch=130/153 pseudo=3 loss=2.7321 sfseg=1.9957 seg=0.2102 mard=1.9775 λM=0.0402 DURR(dir/res/hall)=0.8333/0.0000/5.7358 λD=1.000 route=262 E/S=211/51 rescue=0 empty=1 hall=1/532 FG/HBG/EBG=24/192/960 grad=19.45
[E15] batch=140/153 pseudo=3 loss=3.1469 sfseg=2.9324 seg=0.2743 mard=1.9840 λM=0.0426 DURR(dir/res/hall)=1.2999/0.0000/0.0000 λD=1.000 route=160 E/S=100/60 rescue=0 empty=1 hall=0/0 FG/HBG/EBG=24/192/960 grad=28.75
[E15] batch=150/153 pseudo=2 loss=1.5994 sfseg=1.3590 seg=0.1763 mard=1.9938 λM=0.0400 DURR(dir/res/hall)=1.6070/0.0000/0.0001 λD=1.000 route=54 E/S=35/19 rescue=0 empty=2 hall=1/0 FG/HBG/EBG=16/128/640 grad=13.32
[E15] batch=153/153 pseudo=2 loss=2.2060 sfseg=1.7572 seg=0.2627 mard=2.0589 λM=0.0403 DURR(dir/res/hall)=0.8805/0.0000/2.7786 λD=1.000 route=120 E/S=88/32 rescue=0 empty=2 hall=2/176 FG/HBG/EBG=16/128/640 grad=16.41

[Epoch 15] DONE time=37.7s valid=153 skipped=0 pseudo=538 anchors=479 mask_extra=59 reject_rel=22 DURRmatch=452/2164 rescue=8 teacher_empty=95 hall=37/7425 loss=6.6705 sfseg=6.4327 mard=2.0256 dir=1.3031 res=0.0021 hallL=0.4418 route E/S=27163/7313
[E16] batch=001/153 pseudo=3 loss=6.5099 sfseg=6.3334 seg=0.3500 mard=1.9526 λM=0.0198 DURR(dir/res/hall)=1.3791/0.0000/0.0000 λD=1.000 route=80 E/S=61/19 rescue=0 empty=1 hall=0/0 FG/HBG/EBG=24/192/960 grad=119.04
[E16] batch=010/153 pseudo=4 loss=3.0981 sfseg=2.8172 seg=0.2441 mard=1.9918 λM=0.0423 DURR(dir/res/hall)=1.9667/0.0000/0.0000 λD=1.000 route=114 E/S=83/31 rescue=0 empty=0 hall=0/0 FG/HBG/EBG=32/256/1280 grad=22.53
[E16] batch=020/153 pseudo=4 loss=4.6320 sfseg=4.4708 seg=0.3739 mard=2.0140 λM=0.0289 DURR(dir/res/hall)=1.0298/0.0000/0.0000 λD=1.000 route=320 E/S=277/43 rescue=0 empty=0 hall=0/0 FG/HBG/EBG=32/256/1280 grad=35.95
[E16] batch=030/153 pseudo=3 loss=27.9882 sfseg=27.7042 seg=1.5046 mard=2.0177 λM=0.0267 DURR(dir/res/hall)=2.3019/0.0000/0.0000 λD=1.000 route=732 E/S=567/165 rescue=0 empty=1 hall=0/0 FG/HBG/EBG=24/192/960 grad=333.76
[E16] batch=040/153 pseudo=3 loss=2.1641 sfseg=2.0184 seg=0.2131 mard=2.0496 λM=0.0399 DURR(dir/res/hall)=0.6385/0.0000/0.0009 λD=1.000 route=125 E/S=86/39 rescue=0 empty=1 hall=1/0 FG/HBG/EBG=24/192/960 grad=22.60
[E16] batch=050/153 pseudo=2 loss=4.2514 sfseg=3.5776 seg=0.6647 mard=2.0660 λM=0.0387 DURR(dir/res/hall)=0.8719/0.0000/5.0655 λD=1.000 route=134 E/S=108/26 rescue=0 empty=2 hall=1/212 FG/HBG/EBG=16/128/640 grad=87.95
[E16] batch=060/153 pseudo=3 loss=4.9548 sfseg=4.7056 seg=0.5755 mard=2.0283 λM=0.0335 DURR(dir/res/hall)=1.8116/0.0000/0.0000 λD=1.000 route=171 E/S=117/54 rescue=0 empty=1 hall=0/0 FG/HBG/EBG=24/192/960 grad=66.01
[E16] batch=070/153 pseudo=4 loss=7.6925 sfseg=7.5114 seg=0.5056 mard=1.9895 λM=0.0304 DURR(dir/res/hall)=1.2072/0.0000/0.0000 λD=1.000 route=176 E/S=153/23 rescue=0 empty=0 hall=0/0 FG/HBG/EBG=32/256/1280 grad=397.06
[E16] batch=080/153 pseudo=2 loss=3.7014 sfseg=3.4901 seg=0.4044 mard=2.0458 λM=0.0346 DURR(dir/res/hall)=1.4054/0.0000/0.0000 λD=1.000 route=346 E/S=324/22 rescue=0 empty=2 hall=0/0 FG/HBG/EBG=16/128/640 grad=91.61
[E16] batch=090/153 pseudo=4 loss=3.6849 sfseg=3.5425 seg=0.4265 mard=2.0122 λM=0.0328 DURR(dir/res/hall)=0.7643/0.0000/0.0000 λD=1.000 route=193 E/S=79/114 rescue=0 empty=1 hall=0/0 FG/HBG/EBG=32/256/896 grad=27.29
[E16] batch=100/153 pseudo=1 loss=1.3826 sfseg=0.7017 seg=0.2857 mard=2.1312 λM=0.0448 DURR(dir/res/hall)=0.9467/0.0000/4.9076 λD=1.000 route=27 E/S=11/16 rescue=0 empty=3 hall=1/182 FG/HBG/EBG=8/64/320 grad=13.62
[E16] batch=110/153 pseudo=4 loss=4.0283 sfseg=3.8292 seg=0.3032 mard=1.9964 λM=0.0392 DURR(dir/res/hall)=1.2088/0.0000/0.0000 λD=1.000 route=176 E/S=164/12 rescue=0 empty=0 hall=0/0 FG/HBG/EBG=32/256/1280 grad=50.46
[E16] batch=120/153 pseudo=2 loss=3.5656 sfseg=3.3792 seg=0.4703 mard=1.9805 λM=0.0306 DURR(dir/res/hall)=1.2571/0.0000/0.0000 λD=1.000 route=166 E/S=121/45 rescue=0 empty=2 hall=0/0 FG/HBG/EBG=16/128/640 grad=31.39
[E16] batch=130/153 pseudo=3 loss=2.1273 sfseg=1.9163 seg=0.2047 mard=2.1176 λM=0.0391 DURR(dir/res/hall)=1.2375/0.0229/0.0000 λD=1.000 route=34 E/S=17/17 rescue=1 empty=1 hall=0/0 FG/HBG/EBG=24/192/960 grad=21.72
[E16] batch=140/153 pseudo=4 loss=16.6235 sfseg=16.4531 seg=1.3528 mard=2.0202 λM=0.0193 DURR(dir/res/hall)=1.3146/0.0000/0.0000 λD=1.000 route=161 E/S=97/64 rescue=0 empty=0 hall=0/0 FG/HBG/EBG=32/256/1280 grad=484.90
[E16] batch=150/153 pseudo=3 loss=2.2078 sfseg=2.0151 seg=0.2599 mard=1.9702 λM=0.0412 DURR(dir/res/hall)=1.1148/0.0000/0.0000 λD=1.000 route=128 E/S=87/41 rescue=0 empty=1 hall=0/0 FG/HBG/EBG=24/192/960 grad=19.58
[E16] batch=153/153 pseudo=3 loss=3.9444 sfseg=3.8198 seg=0.3907 mard=2.0199 λM=0.0219 DURR(dir/res/hall)=0.7419/0.0309/0.0000 λD=1.000 route=72 E/S=59/13 rescue=1 empty=1 hall=0/0 FG/HBG/EBG=24/192/960 grad=46.72

[Epoch 16] DONE time=37.6s valid=153 skipped=0 pseudo=531 anchors=472 mask_extra=59 reject_rel=19 DURRmatch=447/2152 rescue=8 teacher_empty=98 hall=40/6860 loss=6.9303 sfseg=6.6908 mard=2.0231 dir=1.3189 res=0.0046 hallL=0.4353 route E/S=26635/7056
[E17] batch=001/153 pseudo=3 loss=4.1572 sfseg=3.7255 seg=0.2476 mard=2.0414 λM=0.0319 DURR(dir/res/hall)=1.3946/0.0000/2.2703 λD=1.000 route=171 E/S=140/31 rescue=0 empty=1 hall=1/10 FG/HBG/EBG=24/192/960 grad=59.27
[E17] batch=010/153 pseudo=3 loss=3.6845 sfseg=3.5367 seg=0.3840 mard=2.0682 λM=0.0291 DURR(dir/res/hall)=0.8759/0.0000/0.0001 λD=1.000 route=121 E/S=108/13 rescue=0 empty=1 hall=1/0 FG/HBG/EBG=24/192/960 grad=24.31
[E17] batch=020/153 pseudo=4 loss=6.2646 sfseg=6.1222 seg=0.5475 mard=2.0232 λM=0.0293 DURR(dir/res/hall)=0.8315/0.0000/0.0000 λD=1.000 route=375 E/S=330/45 rescue=0 empty=0 hall=0/0 FG/HBG/EBG=32/256/1280 grad=42.54
[E17] batch=030/153 pseudo=5 loss=9.2331 sfseg=9.0831 seg=1.3790 mard=1.9584 λM=0.0237 DURR(dir/res/hall)=0.9018/0.0665/0.0000 λD=1.000 route=321 E/S=167/154 rescue=1 empty=0 hall=0/0 FG/HBG/EBG=40/256/1280 grad=75.51
[E17] batch=040/153 pseudo=3 loss=4.9092 sfseg=4.3556 seg=0.3596 mard=2.0412 λM=0.0373 DURR(dir/res/hall)=0.4962/0.0000/4.2783 λD=1.000 route=46 E/S=20/26 rescue=0 empty=1 hall=1/652 FG/HBG/EBG=24/192/960 grad=75.41
[E17] batch=050/153 pseudo=2 loss=4.3353 sfseg=4.1306 seg=0.4712 mard=2.0315 λM=0.0294 DURR(dir/res/hall)=1.4503/0.0000/0.0000 λD=1.000 route=46 E/S=27/19 rescue=0 empty=2 hall=1/0 FG/HBG/EBG=16/128/640 grad=50.71
[E17] batch=060/153 pseudo=4 loss=7.3510 sfseg=7.2026 seg=0.6776 mard=2.0062 λM=0.0282 DURR(dir/res/hall)=0.9179/0.0000/0.0000 λD=1.000 route=356 E/S=114/242 rescue=0 empty=0 hall=0/0 FG/HBG/EBG=32/256/1280 grad=205.04
[E17] batch=070/153 pseudo=3 loss=5.4115 sfseg=5.1720 seg=0.6956 mard=2.0499 λM=0.0331 DURR(dir/res/hall)=1.7163/0.0000/0.0010 λD=1.000 route=364 E/S=329/35 rescue=0 empty=1 hall=1/0 FG/HBG/EBG=24/192/960 grad=57.79
[E17] batch=080/153 pseudo=3 loss=4.5740 sfseg=4.4067 seg=0.4307 mard=2.0078 λM=0.0332 DURR(dir/res/hall)=1.0068/0.0000/0.0000 λD=1.000 route=74 E/S=46/28 rescue=0 empty=1 hall=0/0 FG/HBG/EBG=24/192/960 grad=28.35
[E17] batch=090/153 pseudo=5 loss=4.7002 sfseg=4.5099 seg=0.2619 mard=2.0536 λM=0.0286 DURR(dir/res/hall)=1.3165/0.0000/0.0000 λD=1.000 route=419 E/S=380/39 rescue=0 empty=0 hall=0/0 FG/HBG/EBG=40/320/1216 grad=65.12
[E17] batch=100/153 pseudo=3 loss=5.1908 sfseg=4.9389 seg=0.5946 mard=2.1174 λM=0.0404 DURR(dir/res/hall)=1.6639/0.0000/0.0000 λD=1.000 route=150 E/S=91/59 rescue=0 empty=1 hall=0/0 FG/HBG/EBG=24/192/960 grad=79.41
[E17] batch=110/153 pseudo=1 loss=1.3966 sfseg=0.7752 seg=0.3263 mard=2.0101 λM=0.0440 DURR(dir/res/hall)=0.8363/0.0000/4.4937 λD=1.000 route=31 E/S=29/2 rescue=0 empty=3 hall=1/485 FG/HBG/EBG=8/64/320 grad=14.50
[E17] batch=120/153 pseudo=4 loss=13.3217 sfseg=13.0813 seg=0.5386 mard=2.0089 λM=0.0246 DURR(dir/res/hall)=1.9104/0.0000/0.0000 λD=1.000 route=588 E/S=486/102 rescue=0 empty=0 hall=0/0 FG/HBG/EBG=32/256/1280 grad=639.06
[E17] batch=130/153 pseudo=3 loss=5.5159 sfseg=5.2466 seg=0.4598 mard=1.9929 λM=0.0322 DURR(dir/res/hall)=2.0514/0.0000/0.0000 λD=1.000 route=226 E/S=193/33 rescue=0 empty=1 hall=0/0 FG/HBG/EBG=24/192/960 grad=37.94
[E17] batch=140/153 pseudo=3 loss=4.5056 sfseg=4.2658 seg=0.4048 mard=2.0427 λM=0.0302 DURR(dir/res/hall)=1.7810/0.0000/0.0000 λD=1.000 route=264 E/S=211/53 rescue=0 empty=1 hall=0/0 FG/HBG/EBG=24/192/960 grad=30.87
[E17] batch=150/153 pseudo=4 loss=11.3867 sfseg=11.2342 seg=0.5919 mard=1.9985 λM=0.0352 DURR(dir/res/hall)=0.8224/0.0000/0.0000 λD=1.000 route=167 E/S=125/42 rescue=0 empty=0 hall=0/0 FG/HBG/EBG=32/256/1280 grad=226.84
[E17] batch=153/153 pseudo=3 loss=2.6348 sfseg=2.4516 seg=0.2067 mard=2.0763 λM=0.0369 DURR(dir/res/hall)=1.0655/0.0000/0.0000 λD=1.000 route=134 E/S=100/34 rescue=0 empty=1 hall=0/0 FG/HBG/EBG=24/192/960 grad=210.59

[Epoch 17] DONE time=37.8s valid=153 skipped=0 pseudo=527 anchors=470 mask_extra=57 reject_rel=26 DURRmatch=448/2152 rescue=7 teacher_empty=103 hall=44/3543 loss=6.6249 sfseg=6.4062 mard=2.0210 dir=1.2163 res=0.0048 hallL=0.3308 route E/S=26397/6770
[E18] batch=001/153 pseudo=3 loss=3.5217 sfseg=3.3303 seg=0.3402 mard=1.9927 λM=0.0402 DURR(dir/res/hall)=1.1108/0.0000/0.0016 λD=1.000 route=115 E/S=81/34 rescue=0 empty=1 hall=1/0 FG/HBG/EBG=24/192/960 grad=38.50
[E18] batch=010/153 pseudo=4 loss=3.5540 sfseg=3.3499 seg=0.2703 mard=1.9877 λM=0.0419 DURR(dir/res/hall)=1.2094/0.0000/0.0000 λD=1.000 route=206 E/S=137/69 rescue=0 empty=0 hall=0/0 FG/HBG/EBG=32/256/1280 grad=41.03
[E18] batch=020/153 pseudo=4 loss=9.6200 sfseg=9.3715 seg=0.5745 mard=2.0704 λM=0.0334 DURR(dir/res/hall)=1.7938/0.0000/0.0000 λD=1.000 route=695 E/S=544/151 rescue=0 empty=0 hall=0/0 FG/HBG/EBG=32/256/1280 grad=134.70
[E18] batch=030/153 pseudo=4 loss=4.9755 sfseg=4.8024 seg=0.4102 mard=2.0047 λM=0.0303 DURR(dir/res/hall)=1.1245/0.0000/0.0000 λD=1.000 route=148 E/S=106/42 rescue=0 empty=0 hall=0/0 FG/HBG/EBG=32/256/1280 grad=63.61
[E18] batch=040/153 pseudo=3 loss=2.6970 sfseg=2.5177 seg=0.2863 mard=1.9998 λM=0.0411 DURR(dir/res/hall)=0.9700/0.0000/0.0000 λD=1.000 route=152 E/S=121/31 rescue=0 empty=1 hall=0/0 FG/HBG/EBG=24/192/960 grad=25.42
[E18] batch=050/153 pseudo=2 loss=5.1477 sfseg=4.9585 seg=0.5509 mard=2.1411 λM=0.0425 DURR(dir/res/hall)=0.9792/0.0000/0.0014 λD=1.000 route=129 E/S=107/22 rescue=0 empty=2 hall=1/0 FG/HBG/EBG=16/128/640 grad=53.45
[E18] batch=060/153 pseudo=4 loss=6.2296 sfseg=6.0327 seg=0.3396 mard=1.9609 λM=0.0288 DURR(dir/res/hall)=1.3729/0.0155/0.0000 λD=1.000 route=263 E/S=261/2 rescue=1 empty=0 hall=0/0 FG/HBG/EBG=32/256/1280 grad=111.95
[E18] batch=070/153 pseudo=4 loss=6.5583 sfseg=6.3104 seg=0.4568 mard=1.9936 λM=0.0252 DURR(dir/res/hall)=1.9763/0.0000/0.0000 λD=1.000 route=400 E/S=397/3 rescue=0 empty=0 hall=0/0 FG/HBG/EBG=32/256/1280 grad=31.90
[E18] batch=080/153 pseudo=4 loss=6.9040 sfseg=6.7820 seg=0.4208 mard=1.9620 λM=0.0157 DURR(dir/res/hall)=0.8860/0.0126/0.0000 λD=1.000 route=364 E/S=357/7 rescue=1 empty=0 hall=0/0 FG/HBG/EBG=32/256/1280 grad=56.31
[E18] batch=090/153 pseudo=3 loss=5.7694 sfseg=5.0744 seg=0.4617 mard=2.0451 λM=0.0330 DURR(dir/res/hall)=0.8909/0.0000/5.3850 λD=1.000 route=90 E/S=86/4 rescue=0 empty=1 hall=1/481 FG/HBG/EBG=24/192/960 grad=102.38
[E18] batch=100/153 pseudo=2 loss=6.7318 sfseg=6.3485 seg=0.7476 mard=2.1128 λM=0.0201 DURR(dir/res/hall)=1.2274/0.0000/2.1817 λD=1.000 route=229 E/S=207/22 rescue=0 empty=2 hall=1/36 FG/HBG/EBG=16/128/640 grad=262.04
[E18] batch=110/153 pseudo=2 loss=4.5375 sfseg=3.8745 seg=0.3153 mard=2.0442 λM=0.0293 DURR(dir/res/hall)=1.3115/0.0000/4.7181 λD=1.000 route=201 E/S=158/43 rescue=0 empty=2 hall=2/247 FG/HBG/EBG=16/128/640 grad=56.48
[E18] batch=120/153 pseudo=3 loss=2.7735 sfseg=2.5899 seg=0.2323 mard=2.0476 λM=0.0439 DURR(dir/res/hall)=0.9374/0.0000/0.0000 λD=1.000 route=111 E/S=71/40 rescue=0 empty=1 hall=0/0 FG/HBG/EBG=24/192/960 grad=35.41
[E18] batch=130/153 pseudo=3 loss=3.0431 sfseg=2.8714 seg=0.2617 mard=1.9799 λM=0.0213 DURR(dir/res/hall)=1.2964/0.0000/0.0000 λD=1.000 route=106 E/S=63/43 rescue=0 empty=1 hall=0/0 FG/HBG/EBG=24/192/960 grad=25.36
[E18] batch=140/153 pseudo=3 loss=2.9641 sfseg=2.6907 seg=0.2146 mard=1.9944 λM=0.0352 DURR(dir/res/hall)=2.0319/0.0000/0.0000 λD=1.000 route=91 E/S=78/13 rescue=0 empty=1 hall=0/0 FG/HBG/EBG=24/192/960 grad=27.05
[E18] batch=150/153 pseudo=3 loss=6.5197 sfseg=6.2910 seg=1.1411 mard=2.0377 λM=0.0394 DURR(dir/res/hall)=0.3715/0.5557/0.0016 λD=1.000 route=78 E/S=58/20 rescue=1 empty=1 hall=1/0 FG/HBG/EBG=24/192/960 grad=112.51
[E18] batch=153/153 pseudo=2 loss=5.4110 sfseg=5.2605 seg=0.4753 mard=1.9756 λM=0.0106 DURR(dir/res/hall)=1.2960/0.0000/0.0000 λD=1.000 route=140 E/S=128/12 rescue=0 empty=2 hall=0/0 FG/HBG/EBG=16/128/640 grad=110.94

[Epoch 18] DONE time=37.8s valid=153 skipped=0 pseudo=543 anchors=480 mask_extra=63 reject_rel=23 DURRmatch=454/2141 rescue=9 teacher_empty=89 hall=41/6038 loss=6.7155 sfseg=6.4896 mard=2.0237 dir=1.2303 res=0.0062 hallL=0.3859 route E/S=27397/6979
[E19] batch=001/153 pseudo=4 loss=7.7231 sfseg=7.5801 seg=0.4996 mard=2.0344 λM=0.0276 DURR(dir/res/hall)=0.8688/0.0000/0.0000 λD=1.000 route=476 E/S=344/132 rescue=0 empty=0 hall=0/0 FG/HBG/EBG=32/256/1280 grad=99.52
[E19] batch=010/153 pseudo=4 loss=6.7593 sfseg=6.6378 seg=0.5130 mard=2.0623 λM=0.0308 DURR(dir/res/hall)=0.5807/0.0000/0.0000 λD=1.000 route=249 E/S=166/83 rescue=0 empty=0 hall=0/0 FG/HBG/EBG=32/256/1280 grad=34.49
[E19] batch=020/153 pseudo=4 loss=4.2773 sfseg=4.1429 seg=0.3299 mard=2.0119 λM=0.0283 DURR(dir/res/hall)=0.7746/0.0000/0.0000 λD=1.000 route=170 E/S=139/31 rescue=0 empty=0 hall=0/0 FG/HBG/EBG=32/256/1280 grad=28.68
[E19] batch=030/153 pseudo=3 loss=5.9582 sfseg=5.2413 seg=0.8077 mard=2.0299 λM=0.0367 DURR(dir/res/hall)=0.8769/0.0000/5.5470 λD=1.000 route=295 E/S=235/60 rescue=0 empty=1 hall=1/550 FG/HBG/EBG=24/192/960 grad=65.02
[E19] batch=040/153 pseudo=3 loss=5.6240 sfseg=5.4831 seg=0.4289 mard=1.9462 λM=0.0225 DURR(dir/res/hall)=0.9721/0.0000/0.0000 λD=1.000 route=241 E/S=227/14 rescue=0 empty=1 hall=0/0 FG/HBG/EBG=24/192/960 grad=80.31
[E19] batch=050/153 pseudo=4 loss=5.2118 sfseg=4.9945 seg=0.3928 mard=2.0939 λM=0.0369 DURR(dir/res/hall)=1.4005/0.0000/0.0000 λD=1.000 route=369 E/S=351/18 rescue=0 empty=0 hall=0/0 FG/HBG/EBG=32/256/1280 grad=54.33
[E19] batch=060/153 pseudo=5 loss=6.9341 sfseg=6.8013 seg=0.5244 mard=2.0021 λM=0.0216 DURR(dir/res/hall)=0.8966/0.0000/0.0000 λD=1.000 route=599 E/S=563/36 rescue=0 empty=0 hall=0/0 FG/HBG/EBG=40/256/1280 grad=70.21
[E19] batch=070/153 pseudo=4 loss=4.3002 sfseg=4.1449 seg=0.3021 mard=2.0144 λM=0.0379 DURR(dir/res/hall)=0.7890/0.0000/0.0000 λD=1.000 route=124 E/S=77/47 rescue=0 empty=0 hall=0/0 FG/HBG/EBG=32/256/1280 grad=25.84
[E19] batch=080/153 pseudo=4 loss=20.2197 sfseg=20.0071 seg=1.0516 mard=1.9567 λM=0.0294 DURR(dir/res/hall)=1.5505/0.0000/0.0000 λD=1.000 route=20 E/S=12/8 rescue=0 empty=0 hall=0/0 FG/HBG/EBG=32/256/1280 grad=431.66
[E19] batch=090/153 pseudo=4 loss=2.8578 sfseg=2.7086 seg=0.2290 mard=2.0362 λM=0.0430 DURR(dir/res/hall)=0.6162/0.0000/0.0000 λD=1.000 route=159 E/S=104/55 rescue=0 empty=0 hall=0/0 FG/HBG/EBG=32/256/1280 grad=23.43
[E19] batch=100/153 pseudo=2 loss=4.7254 sfseg=4.5106 seg=0.4517 mard=2.1628 λM=0.0258 DURR(dir/res/hall)=1.5898/0.0000/0.0001 λD=1.000 route=453 E/S=412/41 rescue=0 empty=2 hall=1/0 FG/HBG/EBG=16/128/640 grad=21.21
[E19] batch=110/153 pseudo=3 loss=4.9736 sfseg=4.6363 seg=0.5551 mard=2.0023 λM=0.0312 DURR(dir/res/hall)=0.9382/0.0000/1.8105 λD=1.000 route=109 E/S=86/23 rescue=0 empty=1 hall=1/3 FG/HBG/EBG=24/192/960 grad=66.74
[E19] batch=120/153 pseudo=2 loss=1.7563 sfseg=1.5624 seg=0.2072 mard=1.9698 λM=0.0273 DURR(dir/res/hall)=1.4021/0.0000/0.0000 λD=1.000 route=68 E/S=33/35 rescue=0 empty=2 hall=0/0 FG/HBG/EBG=16/128/640 grad=17.58
[E19] batch=130/153 pseudo=4 loss=4.4347 sfseg=4.2901 seg=0.4577 mard=1.9790 λM=0.0315 DURR(dir/res/hall)=0.8224/0.0000/0.0000 λD=1.000 route=250 E/S=171/79 rescue=0 empty=0 hall=0/0 FG/HBG/EBG=32/256/1280 grad=87.08
[E19] batch=140/153 pseudo=4 loss=4.6312 sfseg=4.4547 seg=0.3531 mard=1.9582 λM=0.0408 DURR(dir/res/hall)=0.9660/0.0000/0.0000 λD=1.000 route=223 E/S=177/46 rescue=0 empty=0 hall=0/0 FG/HBG/EBG=32/256/1280 grad=36.38
[E19] batch=150/153 pseudo=4 loss=2.7144 sfseg=2.5378 seg=0.2087 mard=2.0792 λM=0.0418 DURR(dir/res/hall)=0.8961/0.0000/0.0000 λD=1.000 route=105 E/S=79/26 rescue=0 empty=0 hall=0/0 FG/HBG/EBG=32/256/1280 grad=26.55
[E19] batch=153/153 pseudo=5 loss=5.3466 sfseg=5.1975 seg=0.3337 mard=1.9946 λM=0.0274 DURR(dir/res/hall)=0.9431/0.0000/0.0000 λD=1.000 route=332 E/S=222/110 rescue=0 empty=0 hall=0/0 FG/HBG/EBG=40/320/1216 grad=110.99

[Epoch 19] DONE time=37.8s valid=153 skipped=0 pseudo=532 anchors=473 mask_extra=59 reject_rel=32 DURRmatch=452/2147 rescue=7 teacher_empty=99 hall=41/4605 loss=6.4685 sfseg=6.2445 mard=2.0218 dir=1.2593 res=0.0012 hallL=0.3355 route E/S=26501/6621
[E20] batch=001/153 pseudo=4 loss=4.3857 sfseg=4.2221 seg=0.3638 mard=1.9823 λM=0.0333 DURR(dir/res/hall)=0.9763/0.0000/0.0000 λD=1.000 route=195 E/S=118/77 rescue=0 empty=0 hall=0/0 FG/HBG/EBG=32/256/1280 grad=29.93
[E20] batch=010/153 pseudo=4 loss=6.5754 sfseg=6.3948 seg=0.4337 mard=1.9922 λM=0.0293 DURR(dir/res/hall)=1.2229/0.0000/0.0000 λD=1.000 route=316 E/S=239/77 rescue=0 empty=0 hall=0/0 FG/HBG/EBG=32/256/1280 grad=55.46
[E20] batch=020/153 pseudo=4 loss=3.7691 sfseg=3.5934 seg=0.2357 mard=2.0674 λM=0.0325 DURR(dir/res/hall)=1.0838/0.0000/0.0000 λD=1.000 route=244 E/S=200/44 rescue=0 empty=0 hall=0/0 FG/HBG/EBG=32/256/1280 grad=116.16
[E20] batch=030/153 pseudo=2 loss=2.5992 sfseg=2.3589 seg=0.3661 mard=2.0049 λM=0.0283 DURR(dir/res/hall)=1.8160/0.0101/0.0001 λD=1.000 route=34 E/S=3/31 rescue=1 empty=2 hall=1/0 FG/HBG/EBG=16/128/640 grad=24.06
[E20] batch=040/153 pseudo=3 loss=8.5143 sfseg=7.8192 seg=0.7679 mard=2.0086 λM=0.0265 DURR(dir/res/hall)=2.6276/0.0000/3.7911 λD=1.000 route=709 E/S=687/22 rescue=0 empty=1 hall=1/876 FG/HBG/EBG=24/192/960 grad=95.00
[E20] batch=050/153 pseudo=5 loss=9.2061 sfseg=8.9678 seg=0.5830 mard=1.9822 λM=0.0288 DURR(dir/res/hall)=1.8116/0.0000/0.0000 λD=1.000 route=178 E/S=128/50 rescue=0 empty=0 hall=0/0 FG/HBG/EBG=40/320/1216 grad=167.63
[E20] batch=060/153 pseudo=4 loss=3.5357 sfseg=3.3551 seg=0.2328 mard=1.9760 λM=0.0325 DURR(dir/res/hall)=1.1638/0.0000/0.0000 λD=1.000 route=128 E/S=87/41 rescue=0 empty=0 hall=0/0 FG/HBG/EBG=32/256/1280 grad=22.83
[E20] batch=070/153 pseudo=3 loss=2.5319 sfseg=2.3721 seg=0.2138 mard=2.0588 λM=0.0395 DURR(dir/res/hall)=0.7856/0.0000/0.0000 λD=1.000 route=102 E/S=71/31 rescue=0 empty=1 hall=0/0 FG/HBG/EBG=24/192/960 grad=18.70
[E20] batch=080/153 pseudo=4 loss=3.6437 sfseg=3.4440 seg=0.2578 mard=2.0773 λM=0.0298 DURR(dir/res/hall)=1.3776/0.0000/0.0000 λD=1.000 route=185 E/S=161/24 rescue=0 empty=0 hall=0/0 FG/HBG/EBG=32/256/1280 grad=29.13
[E20] batch=090/153 pseudo=3 loss=7.9127 sfseg=7.4710 seg=0.3575 mard=2.0001 λM=0.0298 DURR(dir/res/hall)=2.0427/0.0000/1.7793 λD=1.000 route=66 E/S=62/4 rescue=0 empty=1 hall=1/2 FG/HBG/EBG=24/192/960 grad=90.22
[E20] batch=100/153 pseudo=2 loss=1.6370 sfseg=1.5088 seg=0.1941 mard=2.0325 λM=0.0439 DURR(dir/res/hall)=0.3879/0.0000/0.0022 λD=1.000 route=59 E/S=27/32 rescue=0 empty=2 hall=1/0 FG/HBG/EBG=16/128/640 grad=17.41
[E20] batch=110/153 pseudo=4 loss=6.5533 sfseg=6.3869 seg=0.4580 mard=2.0997 λM=0.0326 DURR(dir/res/hall)=0.9801/0.0000/0.0000 λD=1.000 route=102 E/S=76/26 rescue=0 empty=0 hall=0/0 FG/HBG/EBG=32/256/1280 grad=49.49
[E20] batch=120/153 pseudo=3 loss=20.7603 sfseg=20.5491 seg=1.1548 mard=2.0417 λM=0.0311 DURR(dir/res/hall)=1.4777/0.0000/0.0000 λD=1.000 route=117 E/S=95/22 rescue=0 empty=2 hall=0/0 FG/HBG/EBG=24/192/576 grad=69.07
[E20] batch=130/153 pseudo=6 loss=5.7799 sfseg=5.6248 seg=0.4531 mard=2.0107 λM=0.0262 DURR(dir/res/hall)=1.0233/0.0000/0.0000 λD=1.000 route=220 E/S=185/35 rescue=0 empty=0 hall=0/0 FG/HBG/EBG=48/320/1216 grad=40.83
[E20] batch=140/153 pseudo=2 loss=2.9257 sfseg=2.7348 seg=0.2239 mard=1.9711 λM=0.0376 DURR(dir/res/hall)=0.7340/0.2167/0.0010 λD=1.000 route=9 E/S=4/5 rescue=1 empty=2 hall=1/0 FG/HBG/EBG=16/128/640 grad=92.92
[E20] batch=150/153 pseudo=3 loss=5.1282 sfseg=4.9924 seg=0.6576 mard=2.1136 λM=0.0290 DURR(dir/res/hall)=0.7452/0.0000/0.0000 λD=1.000 route=109 E/S=88/21 rescue=0 empty=1 hall=0/0 FG/HBG/EBG=24/192/960 grad=38.23
[E20] batch=153/153 pseudo=4 loss=8.8285 sfseg=8.6119 seg=0.3076 mard=1.9752 λM=0.0307 DURR(dir/res/hall)=1.5603/0.0000/0.0000 λD=1.000 route=164 E/S=100/64 rescue=0 empty=0 hall=0/0 FG/HBG/EBG=32/256/1280 grad=96.35

[Epoch 20] DONE time=37.5s valid=153 skipped=0 pseudo=531 anchors=471 mask_extra=60 reject_rel=27 DURRmatch=448/2140 rescue=8 teacher_empty=102 hall=40/3773 loss=6.4678 sfseg=6.2510 mard=2.0259 dir=1.2546 res=0.0031 hallL=0.2621 route E/S=27151/6686
[SAVE Student] /home/dang/MedRT-SFOD/runs/seg/dense_sfseg/cvc_durr_v1_segmard_v2_60ep/checkpoints/durr_student_epoch_20.pt
[SAVE Teacher] /home/dang/MedRT-SFOD/runs/seg/dense_sfseg/cvc_durr_v1_segmard_v2_60ep/checkpoints/durr_teacher_ema_epoch_20.pt
[E21] batch=001/153 pseudo=3 loss=3.9066 sfseg=3.7323 seg=0.3505 mard=2.0477 λM=0.0313 DURR(dir/res/hall)=1.1007/0.0000/0.0000 λD=1.000 route=129 E/S=92/37 rescue=0 empty=1 hall=0/0 FG/HBG/EBG=24/192/960 grad=66.02
[E21] batch=010/153 pseudo=2 loss=1.6361 sfseg=1.3837 seg=0.2474 mard=1.9769 λM=0.0433 DURR(dir/res/hall)=1.6673/0.0000/0.0000 λD=1.000 route=69 E/S=62/7 rescue=0 empty=2 hall=0/0 FG/HBG/EBG=16/128/640 grad=22.83
[E21] batch=020/153 pseudo=3 loss=3.9751 sfseg=3.8072 seg=0.3178 mard=2.0765 λM=0.0270 DURR(dir/res/hall)=1.1191/0.0000/0.0000 λD=1.000 route=108 E/S=92/16 rescue=0 empty=1 hall=0/0 FG/HBG/EBG=24/192/960 grad=17.57
[E21] batch=030/153 pseudo=4 loss=4.3217 sfseg=4.1291 seg=0.3477 mard=1.9912 λM=0.0336 DURR(dir/res/hall)=1.2582/0.0000/0.0000 λD=1.000 route=389 E/S=344/45 rescue=0 empty=0 hall=0/0 FG/HBG/EBG=32/256/1280 grad=49.89
[E21] batch=040/153 pseudo=4 loss=7.0410 sfseg=6.9956 seg=0.4615 mard=2.0264 λM=0.0158 DURR(dir/res/hall)=0.1322/0.0000/0.0000 λD=1.000 route=36 E/S=22/14 rescue=0 empty=0 hall=0/0 FG/HBG/EBG=32/256/1280 grad=112.34
[E21] batch=050/153 pseudo=4 loss=8.5295 sfseg=8.3167 seg=0.6988 mard=1.9952 λM=0.0286 DURR(dir/res/hall)=1.5569/0.0000/0.0000 λD=1.000 route=325 E/S=256/69 rescue=0 empty=0 hall=0/0 FG/HBG/EBG=32/256/1280 grad=172.51
[E21] batch=060/153 pseudo=4 loss=4.1903 sfseg=3.9192 seg=0.2910 mard=2.0489 λM=0.0419 DURR(dir/res/hall)=1.8525/0.0000/0.0000 λD=1.000 route=281 E/S=218/63 rescue=0 empty=0 hall=0/0 FG/HBG/EBG=32/256/1280 grad=31.49
[E21] batch=070/153 pseudo=5 loss=15.2150 sfseg=15.0963 seg=0.6329 mard=2.0251 λM=0.0175 DURR(dir/res/hall)=0.8328/0.0000/0.0000 λD=1.000 route=219 E/S=114/105 rescue=0 empty=0 hall=0/0 FG/HBG/EBG=40/320/1216 grad=191.22
[E21] batch=080/153 pseudo=5 loss=5.0272 sfseg=4.8547 seg=0.3882 mard=2.0350 λM=0.0256 DURR(dir/res/hall)=1.2033/0.0000/0.0000 λD=1.000 route=249 E/S=187/62 rescue=0 empty=0 hall=0/0 FG/HBG/EBG=40/320/1216 grad=26.21
[E21] batch=090/153 pseudo=4 loss=5.0611 sfseg=4.9036 seg=0.4143 mard=2.0197 λM=0.0289 DURR(dir/res/hall)=0.9913/0.0000/0.0000 λD=1.000 route=305 E/S=270/35 rescue=0 empty=1 hall=0/0 FG/HBG/EBG=32/192/960 grad=57.72
[E21] batch=100/153 pseudo=3 loss=7.9346 sfseg=7.8067 seg=0.8962 mard=2.0734 λM=0.0196 DURR(dir/res/hall)=0.8732/0.0000/0.0000 λD=1.000 route=92 E/S=79/13 rescue=0 empty=1 hall=0/0 FG/HBG/EBG=24/192/960 grad=61.78
[E21] batch=110/153 pseudo=3 loss=2.9715 sfseg=2.7479 seg=0.2175 mard=2.0350 λM=0.0349 DURR(dir/res/hall)=1.5254/0.0000/0.0000 λD=1.000 route=38 E/S=14/24 rescue=0 empty=1 hall=0/0 FG/HBG/EBG=24/192/960 grad=30.17
[E21] batch=120/153 pseudo=4 loss=4.3839 sfseg=4.2271 seg=0.2617 mard=2.0367 λM=0.0357 DURR(dir/res/hall)=0.8402/0.0000/0.0000 λD=1.000 route=147 E/S=107/40 rescue=0 empty=0 hall=0/0 FG/HBG/EBG=32/256/1280 grad=30.47
[E21] batch=130/153 pseudo=4 loss=7.4637 sfseg=7.2780 seg=0.5872 mard=2.0228 λM=0.0354 DURR(dir/res/hall)=1.1410/0.0000/0.0000 λD=1.000 route=291 E/S=233/58 rescue=0 empty=0 hall=0/0 FG/HBG/EBG=32/256/1280 grad=76.23
[E21] batch=140/153 pseudo=4 loss=6.7017 sfseg=6.5556 seg=0.4423 mard=2.1014 λM=0.0271 DURR(dir/res/hall)=0.8921/0.0000/0.0000 λD=1.000 route=245 E/S=225/20 rescue=0 empty=0 hall=0/0 FG/HBG/EBG=32/256/1280 grad=49.87
[E21] batch=150/153 pseudo=4 loss=3.5366 sfseg=3.3800 seg=0.2244 mard=1.9888 λM=0.0355 DURR(dir/res/hall)=0.8596/0.0000/0.0000 λD=1.000 route=121 E/S=106/15 rescue=0 empty=0 hall=0/0 FG/HBG/EBG=32/256/1280 grad=33.94
[E21] batch=153/153 pseudo=4 loss=4.3942 sfseg=4.2439 seg=0.3257 mard=2.0796 λM=0.0382 DURR(dir/res/hall)=0.6503/0.0288/0.0000 λD=1.000 route=203 E/S=145/58 rescue=1 empty=0 hall=0/0 FG/HBG/EBG=32/256/1280 grad=101.09

[Epoch 21] DONE time=37.8s valid=153 skipped=0 pseudo=533 anchors=475 mask_extra=58 reject_rel=19 DURRmatch=448/2145 rescue=8 teacher_empty=100 hall=41/5101 loss=6.3328 sfseg=6.0997 mard=2.0316 dir=1.2148 res=0.0029 hallL=0.4679 route E/S=26664/6571
[E22] batch=001/153 pseudo=3 loss=4.9949 sfseg=4.4483 seg=0.3428 mard=2.0555 λM=0.0319 DURR(dir/res/hall)=1.2130/0.0000/3.5980 λD=1.000 route=158 E/S=115/43 rescue=0 empty=2 hall=1/557 FG/HBG/EBG=24/128/640 grad=101.45
[E22] batch=010/153 pseudo=5 loss=3.9270 sfseg=3.7562 seg=0.3516 mard=1.9859 λM=0.0321 DURR(dir/res/hall)=1.0710/0.0000/0.0000 λD=1.000 route=168 E/S=157/11 rescue=0 empty=0 hall=0/0 FG/HBG/EBG=40/320/1216 grad=30.33
[E22] batch=020/153 pseudo=4 loss=9.4352 sfseg=9.2299 seg=0.9972 mard=1.9943 λM=0.0276 DURR(dir/res/hall)=1.5018/0.0000/0.0000 λD=1.000 route=66 E/S=47/19 rescue=0 empty=0 hall=0/0 FG/HBG/EBG=32/256/1280 grad=47.30
[E22] batch=030/153 pseudo=4 loss=4.9460 sfseg=4.7350 seg=0.4847 mard=2.0586 λM=0.0352 DURR(dir/res/hall)=1.3847/0.0000/0.0000 λD=1.000 route=217 E/S=177/40 rescue=0 empty=0 hall=0/0 FG/HBG/EBG=32/256/1280 grad=41.93
[E22] batch=040/153 pseudo=4 loss=12.8857 sfseg=12.7170 seg=1.2775 mard=2.0265 λM=0.0329 DURR(dir/res/hall)=0.9458/0.0377/0.0000 λD=1.000 route=168 E/S=144/24 rescue=1 empty=0 hall=0/0 FG/HBG/EBG=32/256/1280 grad=130.71
[E22] batch=050/153 pseudo=2 loss=2.3268 sfseg=2.1653 seg=0.2410 mard=1.9933 λM=0.0306 DURR(dir/res/hall)=1.0043/0.0000/0.0000 λD=1.000 route=199 E/S=190/9 rescue=0 empty=2 hall=1/0 FG/HBG/EBG=16/128/640 grad=14.98
[E22] batch=060/153 pseudo=4 loss=5.8974 sfseg=5.7373 seg=0.4934 mard=1.9702 λM=0.0370 DURR(dir/res/hall)=0.8732/0.0000/0.0000 λD=1.000 route=281 E/S=219/62 rescue=0 empty=0 hall=0/0 FG/HBG/EBG=32/256/1280 grad=45.59
[E22] batch=070/153 pseudo=4 loss=3.1615 sfseg=2.9545 seg=0.2078 mard=1.9877 λM=0.0334 DURR(dir/res/hall)=1.4052/0.0000/0.0000 λD=1.000 route=108 E/S=62/46 rescue=0 empty=0 hall=0/0 FG/HBG/EBG=32/256/1280 grad=25.88
[E22] batch=080/153 pseudo=4 loss=2.9484 sfseg=2.7214 seg=0.2197 mard=2.0101 λM=0.0411 DURR(dir/res/hall)=1.4438/0.0000/0.0000 λD=1.000 route=152 E/S=116/36 rescue=0 empty=0 hall=0/0 FG/HBG/EBG=32/256/1280 grad=21.45
[E22] batch=090/153 pseudo=4 loss=4.7109 sfseg=4.5269 seg=0.3375 mard=1.9915 λM=0.0433 DURR(dir/res/hall)=0.9783/0.0000/0.0000 λD=1.000 route=147 E/S=98/49 rescue=0 empty=0 hall=0/0 FG/HBG/EBG=32/256/1280 grad=32.34
[E22] batch=100/153 pseudo=4 loss=3.7940 sfseg=3.6552 seg=0.3357 mard=2.0418 λM=0.0227 DURR(dir/res/hall)=0.9242/0.0000/0.0002 λD=1.000 route=299 E/S=278/21 rescue=0 empty=1 hall=1/0 FG/HBG/EBG=32/256/896 grad=20.51
[E22] batch=110/153 pseudo=4 loss=5.3415 sfseg=5.1903 seg=0.4129 mard=1.9742 λM=0.0262 DURR(dir/res/hall)=0.9951/0.0000/0.0000 λD=1.000 route=507 E/S=458/49 rescue=0 empty=0 hall=0/0 FG/HBG/EBG=32/256/1280 grad=28.66
[E22] batch=120/153 pseudo=3 loss=4.2491 sfseg=4.0629 seg=0.4147 mard=1.9676 λM=0.0307 DURR(dir/res/hall)=1.2578/0.0000/0.0000 λD=1.000 route=212 E/S=142/70 rescue=0 empty=1 hall=0/0 FG/HBG/EBG=24/192/960 grad=30.10
[E22] batch=130/153 pseudo=3 loss=2.9550 sfseg=2.7938 seg=0.2804 mard=1.9991 λM=0.0369 DURR(dir/res/hall)=0.8748/0.0000/0.0000 λD=1.000 route=188 E/S=159/29 rescue=0 empty=1 hall=0/0 FG/HBG/EBG=24/192/960 grad=23.27
[E22] batch=140/153 pseudo=3 loss=3.3924 sfseg=3.2393 seg=0.3527 mard=2.1462 λM=0.0305 DURR(dir/res/hall)=0.8750/0.0000/0.0019 λD=1.000 route=250 E/S=156/94 rescue=0 empty=1 hall=1/0 FG/HBG/EBG=24/192/960 grad=45.29
[E22] batch=150/153 pseudo=3 loss=14.5619 sfseg=14.3383 seg=0.7902 mard=2.0072 λM=0.0185 DURR(dir/res/hall)=1.8651/0.0000/0.0000 λD=1.000 route=136 E/S=124/12 rescue=0 empty=1 hall=0/0 FG/HBG/EBG=24/192/960 grad=360.06
[E22] batch=153/153 pseudo=4 loss=8.1936 sfseg=8.0170 seg=0.6940 mard=1.9766 λM=0.0288 DURR(dir/res/hall)=1.1976/0.0000/0.0000 λD=1.000 route=430 E/S=418/12 rescue=0 empty=0 hall=0/0 FG/HBG/EBG=32/256/1280 grad=56.79

[Epoch 22] DONE time=37.8s valid=153 skipped=0 pseudo=532 anchors=479 mask_extra=53 reject_rel=24 DURRmatch=450/2149 rescue=10 teacher_empty=100 hall=42/8448 loss=6.0343 sfseg=5.8093 mard=2.0250 dir=1.2348 res=0.0042 hallL=0.3684 route E/S=26789/7282
[E23] batch=001/153 pseudo=4 loss=6.9375 sfseg=6.6765 seg=0.3961 mard=2.0385 λM=0.0369 DURR(dir/res/hall)=1.8403/0.0090/0.0000 λD=1.000 route=412 E/S=344/68 rescue=1 empty=0 hall=0/0 FG/HBG/EBG=32/256/1280 grad=103.33
[E23] batch=010/153 pseudo=4 loss=6.2444 sfseg=6.0519 seg=0.4468 mard=2.0357 λM=0.0239 DURR(dir/res/hall)=1.4388/0.0000/0.0000 λD=1.000 route=171 E/S=93/78 rescue=0 empty=0 hall=0/0 FG/HBG/EBG=32/256/1280 grad=34.96
[E23] batch=020/153 pseudo=2 loss=3.4834 sfseg=2.9641 seg=0.4107 mard=2.0773 λM=0.0392 DURR(dir/res/hall)=2.1352/0.0000/2.2434 λD=1.000 route=64 E/S=49/15 rescue=0 empty=2 hall=2/31 FG/HBG/EBG=16/128/640 grad=28.38
[E23] batch=030/153 pseudo=4 loss=5.6837 sfseg=5.5171 seg=0.4356 mard=1.9921 λM=0.0278 DURR(dir/res/hall)=1.1121/0.0000/0.0000 λD=1.000 route=232 E/S=210/22 rescue=0 empty=0 hall=0/0 FG/HBG/EBG=32/256/1280 grad=109.06
[E23] batch=040/153 pseudo=3 loss=5.9594 sfseg=5.8218 seg=0.6982 mard=2.0329 λM=0.0318 DURR(dir/res/hall)=0.7297/0.0000/0.0000 λD=1.000 route=176 E/S=133/43 rescue=0 empty=1 hall=0/0 FG/HBG/EBG=24/192/960 grad=38.56
[E23] batch=050/153 pseudo=4 loss=2.8046 sfseg=2.6424 seg=0.1919 mard=2.0159 λM=0.0323 DURR(dir/res/hall)=0.9704/0.0000/0.0000 λD=1.000 route=146 E/S=125/21 rescue=0 empty=0 hall=0/0 FG/HBG/EBG=32/256/1280 grad=25.98
[E23] batch=060/153 pseudo=4 loss=31.3790 sfseg=31.1926 seg=3.2231 mard=2.0148 λM=0.0281 DURR(dir/res/hall)=1.2986/0.0000/0.0000 λD=1.000 route=123 E/S=78/45 rescue=0 empty=0 hall=0/0 FG/HBG/EBG=32/256/1280 grad=182.05
[E23] batch=070/153 pseudo=3 loss=3.6584 sfseg=3.5100 seg=0.2620 mard=2.0826 λM=0.0391 DURR(dir/res/hall)=0.6697/0.0000/0.0000 λD=1.000 route=199 E/S=155/44 rescue=0 empty=1 hall=0/0 FG/HBG/EBG=24/192/960 grad=45.90
[E23] batch=080/153 pseudo=3 loss=5.7873 sfseg=5.6519 seg=0.4951 mard=1.9722 λM=0.0252 DURR(dir/res/hall)=0.8563/0.0000/0.0000 λD=1.000 route=65 E/S=39/26 rescue=0 empty=1 hall=0/0 FG/HBG/EBG=24/192/960 grad=49.49
[E23] batch=090/153 pseudo=4 loss=7.6169 sfseg=7.4448 seg=0.5679 mard=2.0796 λM=0.0380 DURR(dir/res/hall)=0.9310/0.0000/0.0000 λD=1.000 route=148 E/S=131/17 rescue=0 empty=0 hall=0/0 FG/HBG/EBG=32/256/1280 grad=116.94
[E23] batch=100/153 pseudo=4 loss=4.9222 sfseg=4.7403 seg=0.2361 mard=1.9654 λM=0.0321 DURR(dir/res/hall)=1.1893/0.0000/0.0000 λD=1.000 route=99 E/S=56/43 rescue=0 empty=0 hall=0/0 FG/HBG/EBG=32/256/1280 grad=45.81
[E23] batch=110/153 pseudo=5 loss=8.1344 sfseg=7.9718 seg=0.8157 mard=2.0263 λM=0.0217 DURR(dir/res/hall)=1.1852/0.0000/0.0000 λD=1.000 route=187 E/S=163/24 rescue=0 empty=0 hall=0/0 FG/HBG/EBG=40/320/1216 grad=136.54
[E23] batch=120/153 pseudo=5 loss=11.0513 sfseg=10.9003 seg=0.7187 mard=2.0455 λM=0.0249 DURR(dir/res/hall)=1.0002/0.0000/0.0000 λD=1.000 route=278 E/S=172/106 rescue=0 empty=0 hall=0/0 FG/HBG/EBG=40/256/1280 grad=65.65
[E23] batch=130/153 pseudo=2 loss=1.5134 sfseg=1.3017 seg=0.2524 mard=2.0594 λM=0.0439 DURR(dir/res/hall)=1.2130/0.0000/0.0000 λD=1.000 route=61 E/S=48/13 rescue=0 empty=2 hall=1/0 FG/HBG/EBG=16/128/640 grad=15.67
[E23] batch=140/153 pseudo=4 loss=4.5010 sfseg=4.2907 seg=0.2195 mard=2.0232 λM=0.0380 DURR(dir/res/hall)=1.3339/0.0000/0.0000 λD=1.000 route=127 E/S=89/38 rescue=0 empty=0 hall=0/0 FG/HBG/EBG=32/256/1280 grad=44.60
[E23] batch=150/153 pseudo=3 loss=4.2406 sfseg=3.6868 seg=0.3773 mard=2.0620 λM=0.0338 DURR(dir/res/hall)=1.1872/0.0000/3.6546 λD=1.000 route=306 E/S=239/67 rescue=0 empty=1 hall=1/95 FG/HBG/EBG=24/192/960 grad=49.22
[E23] batch=153/153 pseudo=3 loss=3.9308 sfseg=3.7893 seg=0.3005 mard=1.9445 λM=0.0256 DURR(dir/res/hall)=0.9173/0.0000/0.0000 λD=1.000 route=371 E/S=326/45 rescue=0 empty=1 hall=0/0 FG/HBG/EBG=24/192/960 grad=25.18

[Epoch 23] DONE time=37.8s valid=153 skipped=0 pseudo=527 anchors=476 mask_extra=51 reject_rel=23 DURRmatch=454/2179 rescue=9 teacher_empty=101 hall=42/6723 loss=6.1682 sfseg=5.9383 mard=2.0259 dir=1.1930 res=0.0027 hallL=0.4514 route E/S=25658/6779
[E24] batch=001/153 pseudo=4 loss=5.4239 sfseg=5.2059 seg=0.4448 mard=2.1168 λM=0.0357 DURR(dir/res/hall)=1.4240/0.0000/0.0000 λD=1.000 route=327 E/S=268/59 rescue=0 empty=0 hall=0/0 FG/HBG/EBG=32/256/1280 grad=30.87
[E24] batch=010/153 pseudo=4 loss=3.9773 sfseg=3.8219 seg=0.3044 mard=1.9896 λM=0.0380 DURR(dir/res/hall)=0.7972/0.0000/0.0000 λD=1.000 route=155 E/S=115/40 rescue=0 empty=0 hall=0/0 FG/HBG/EBG=32/256/1280 grad=34.86
[E24] batch=020/153 pseudo=4 loss=5.6668 sfseg=5.5205 seg=0.4127 mard=2.0169 λM=0.0274 DURR(dir/res/hall)=0.9103/0.0000/0.0000 λD=1.000 route=377 E/S=339/38 rescue=0 empty=0 hall=0/0 FG/HBG/EBG=32/256/1280 grad=39.76
[E24] batch=030/153 pseudo=4 loss=5.7969 sfseg=5.6065 seg=0.3140 mard=2.0412 λM=0.0262 DURR(dir/res/hall)=1.3688/0.0000/0.0000 λD=1.000 route=204 E/S=171/33 rescue=0 empty=0 hall=0/0 FG/HBG/EBG=32/256/1280 grad=38.41
[E24] batch=040/153 pseudo=6 loss=9.4655 sfseg=9.3038 seg=0.6590 mard=2.0427 λM=0.0202 DURR(dir/res/hall)=1.2052/0.0000/0.0000 λD=1.000 route=179 E/S=85/94 rescue=0 empty=0 hall=0/0 FG/HBG/EBG=48/320/1216 grad=69.10
[E24] batch=050/153 pseudo=5 loss=15.3842 sfseg=15.2666 seg=0.6535 mard=2.0384 λM=0.0273 DURR(dir/res/hall)=0.6201/0.0000/0.0000 λD=1.000 route=625 E/S=440/185 rescue=0 empty=0 hall=0/0 FG/HBG/EBG=40/256/1280 grad=112.73
[E24] batch=060/153 pseudo=4 loss=7.1497 sfseg=6.9517 seg=0.4656 mard=2.0126 λM=0.0334 DURR(dir/res/hall)=1.3077/0.0000/0.0000 λD=1.000 route=355 E/S=311/44 rescue=0 empty=0 hall=0/0 FG/HBG/EBG=32/256/1280 grad=91.46
[E24] batch=070/153 pseudo=1 loss=17.2331 sfseg=17.1788 seg=2.4340 mard=2.0751 λM=0.0262 DURR(dir/res/hall)=0.0000/0.0000/0.0001 λD=1.000 route=0 E/S=0/0 rescue=0 empty=3 hall=2/0 FG/HBG/EBG=8/64/320 grad=116.71
[E24] batch=080/153 pseudo=5 loss=13.1781 sfseg=13.0117 seg=0.8189 mard=2.0701 λM=0.0280 DURR(dir/res/hall)=1.0859/0.0000/0.0000 λD=1.000 route=465 E/S=426/39 rescue=0 empty=0 hall=0/0 FG/HBG/EBG=40/256/1280 grad=355.83
[E24] batch=090/153 pseudo=4 loss=5.0851 sfseg=4.9115 seg=0.5032 mard=2.0574 λM=0.0368 DURR(dir/res/hall)=0.9778/0.0000/0.0000 λD=1.000 route=272 E/S=200/72 rescue=0 empty=0 hall=0/0 FG/HBG/EBG=32/256/1280 grad=43.03
[E24] batch=100/153 pseudo=3 loss=4.4589 sfseg=4.2949 seg=0.5018 mard=1.9926 λM=0.0261 DURR(dir/res/hall)=1.1194/0.0000/0.0000 λD=1.000 route=166 E/S=156/10 rescue=0 empty=1 hall=0/0 FG/HBG/EBG=24/192/960 grad=39.04
[E24] batch=110/153 pseudo=4 loss=7.5160 sfseg=7.3676 seg=0.5773 mard=1.9787 λM=0.0336 DURR(dir/res/hall)=0.8184/0.0000/0.0000 λD=1.000 route=269 E/S=141/128 rescue=0 empty=0 hall=0/0 FG/HBG/EBG=32/256/1280 grad=104.03
[E24] batch=120/153 pseudo=4 loss=7.2612 sfseg=7.1127 seg=0.5257 mard=2.0882 λM=0.0245 DURR(dir/res/hall)=0.9740/0.0000/0.0000 λD=1.000 route=195 E/S=182/13 rescue=0 empty=0 hall=0/0 FG/HBG/EBG=32/256/1280 grad=42.76
[E24] batch=130/153 pseudo=4 loss=4.9472 sfseg=4.7957 seg=0.3901 mard=2.0388 λM=0.0313 DURR(dir/res/hall)=0.8769/0.0000/0.0000 λD=1.000 route=412 E/S=346/66 rescue=0 empty=0 hall=0/0 FG/HBG/EBG=32/256/1280 grad=35.82
[E24] batch=140/153 pseudo=3 loss=7.6806 sfseg=7.3205 seg=0.4880 mard=2.0016 λM=0.0268 DURR(dir/res/hall)=1.3357/0.0000/1.7298 λD=1.000 route=47 E/S=38/9 rescue=0 empty=1 hall=1/4 FG/HBG/EBG=24/192/960 grad=105.54
[E24] batch=150/153 pseudo=4 loss=4.4935 sfseg=4.2900 seg=0.2780 mard=1.9990 λM=0.0255 DURR(dir/res/hall)=1.5241/0.0000/0.0000 λD=1.000 route=242 E/S=212/30 rescue=0 empty=0 hall=0/0 FG/HBG/EBG=32/256/1280 grad=27.28
[E24] batch=153/153 pseudo=4 loss=5.6963 sfseg=5.5825 seg=0.4350 mard=2.0566 λM=0.0274 DURR(dir/res/hall)=0.5740/0.0000/0.0000 λD=1.000 route=303 E/S=255/48 rescue=0 empty=0 hall=0/0 FG/HBG/EBG=32/256/1280 grad=41.57

[Epoch 24] DONE time=37.8s valid=153 skipped=0 pseudo=542 anchors=489 mask_extra=53 reject_rel=14 DURRmatch=470/2231 rescue=8 teacher_empty=92 hall=39/5506 loss=6.5994 sfseg=6.3736 mard=2.0262 dir=1.1999 res=0.0020 hallL=0.4156 route E/S=27725/7462
[E25] batch=001/153 pseudo=2 loss=3.2332 sfseg=3.0533 seg=0.3452 mard=2.0829 λM=0.0380 DURR(dir/res/hall)=1.0075/0.0000/0.0000 λD=1.000 route=71 E/S=55/16 rescue=0 empty=2 hall=0/0 FG/HBG/EBG=16/128/640 grad=32.45
[E25] batch=010/153 pseudo=4 loss=4.7126 sfseg=4.5935 seg=0.2734 mard=1.9675 λM=0.0270 DURR(dir/res/hall)=0.6595/0.0000/0.0000 λD=1.000 route=188 E/S=82/106 rescue=0 empty=0 hall=0/0 FG/HBG/EBG=32/256/1280 grad=39.02
[E25] batch=020/153 pseudo=2 loss=11.6114 sfseg=10.9841 seg=0.9930 mard=2.0486 λM=0.0144 DURR(dir/res/hall)=1.7435/0.0000/4.2340 λD=1.000 route=227 E/S=227/0 rescue=0 empty=2 hall=1/655 FG/HBG/EBG=16/128/640 grad=354.90
[E25] batch=030/153 pseudo=4 loss=6.5150 sfseg=6.3469 seg=0.4658 mard=2.0488 λM=0.0236 DURR(dir/res/hall)=1.1966/0.0000/0.0000 λD=1.000 route=688 E/S=661/27 rescue=0 empty=0 hall=0/0 FG/HBG/EBG=32/256/1280 grad=37.05
[E25] batch=040/153 pseudo=4 loss=6.7831 sfseg=6.6056 seg=0.4230 mard=1.9790 λM=0.0340 DURR(dir/res/hall)=1.1033/0.0000/0.0000 λD=1.000 route=201 E/S=192/9 rescue=0 empty=0 hall=0/0 FG/HBG/EBG=32/256/1280 grad=87.62
[E25] batch=050/153 pseudo=5 loss=6.9760 sfseg=6.7766 seg=0.5707 mard=1.9692 λM=0.0329 DURR(dir/res/hall)=1.3461/0.0000/0.0000 λD=1.000 route=418 E/S=192/226 rescue=0 empty=0 hall=0/0 FG/HBG/EBG=40/256/1280 grad=42.89
[E25] batch=060/153 pseudo=4 loss=10.2399 sfseg=10.0900 seg=0.5421 mard=1.9876 λM=0.0352 DURR(dir/res/hall)=0.7984/0.0000/0.0000 λD=1.000 route=152 E/S=102/50 rescue=0 empty=1 hall=0/0 FG/HBG/EBG=32/256/896 grad=129.87
[E25] batch=070/153 pseudo=4 loss=13.9961 sfseg=13.8893 seg=0.8259 mard=1.9837 λM=0.0277 DURR(dir/res/hall)=0.5190/0.0000/0.0000 λD=1.000 route=209 E/S=165/44 rescue=0 empty=0 hall=0/0 FG/HBG/EBG=32/256/1280 grad=137.46
[E25] batch=080/153 pseudo=3 loss=2.7816 sfseg=2.1459 seg=0.2400 mard=2.0199 λM=0.0408 DURR(dir/res/hall)=0.8856/0.0000/4.6454 λD=1.000 route=191 E/S=170/21 rescue=0 empty=1 hall=1/740 FG/HBG/EBG=24/192/960 grad=36.36
[E25] batch=090/153 pseudo=4 loss=9.0873 sfseg=8.8504 seg=0.3570 mard=1.9590 λM=0.0410 DURR(dir/res/hall)=1.5665/0.0000/0.0000 λD=1.000 route=121 E/S=62/59 rescue=0 empty=0 hall=0/0 FG/HBG/EBG=32/256/1280 grad=157.06
[E25] batch=100/153 pseudo=3 loss=31.6497 sfseg=31.2426 seg=1.4750 mard=2.0502 λM=0.0261 DURR(dir/res/hall)=3.5329/0.0000/0.0023 λD=1.000 route=510 E/S=480/30 rescue=0 empty=1 hall=1/0 FG/HBG/EBG=24/192/960 grad=315.17
[E25] batch=110/153 pseudo=3 loss=2.8233 sfseg=2.6280 seg=0.2688 mard=2.0732 λM=0.0413 DURR(dir/res/hall)=1.0955/0.0000/0.0000 λD=1.000 route=86 E/S=56/30 rescue=0 empty=1 hall=0/0 FG/HBG/EBG=24/192/960 grad=23.42
[E25] batch=120/153 pseudo=4 loss=5.9053 sfseg=5.1159 seg=0.7758 mard=2.1068 λM=0.0271 DURR(dir/res/hall)=2.0047/0.0000/5.3194 λD=1.000 route=383 E/S=358/25 rescue=0 empty=1 hall=1/491 FG/HBG/EBG=32/256/896 grad=29.36
[E25] batch=130/153 pseudo=4 loss=5.3036 sfseg=5.1017 seg=0.4989 mard=2.0044 λM=0.0341 DURR(dir/res/hall)=1.3356/0.0000/0.0000 λD=1.000 route=372 E/S=343/29 rescue=0 empty=0 hall=0/0 FG/HBG/EBG=32/256/1280 grad=30.11
[E25] batch=140/153 pseudo=3 loss=11.8786 sfseg=11.6836 seg=0.3266 mard=1.9641 λM=0.0203 DURR(dir/res/hall)=1.5498/0.0000/0.0015 λD=1.000 route=74 E/S=72/2 rescue=0 empty=1 hall=1/0 FG/HBG/EBG=24/192/960 grad=109.59
[E25] batch=150/153 pseudo=4 loss=3.4366 sfseg=3.2645 seg=0.2291 mard=2.0948 λM=0.0393 DURR(dir/res/hall)=0.8971/0.0000/0.0000 λD=1.000 route=346 E/S=298/48 rescue=0 empty=0 hall=0/0 FG/HBG/EBG=32/256/1280 grad=26.62
[E25] batch=153/153 pseudo=3 loss=2.9465 sfseg=2.7559 seg=0.2667 mard=2.0546 λM=0.0423 DURR(dir/res/hall)=1.0381/0.0000/0.0000 λD=1.000 route=267 E/S=242/25 rescue=0 empty=1 hall=0/0 FG/HBG/EBG=24/192/960 grad=40.42

[Epoch 25] DONE time=37.6s valid=153 skipped=0 pseudo=535 anchors=478 mask_extra=57 reject_rel=22 DURRmatch=450/2165 rescue=6 teacher_empty=95 hall=40/6371 loss=6.3714 sfseg=6.1434 mard=2.0272 dir=1.2286 res=0.0021 hallL=0.4009 route E/S=26567/7107
[E26] batch=001/153 pseudo=4 loss=7.6579 sfseg=7.5027 seg=0.3228 mard=1.9604 λM=0.0214 DURR(dir/res/hall)=1.1337/0.0000/0.0000 λD=1.000 route=258 E/S=169/89 rescue=0 empty=0 hall=0/0 FG/HBG/EBG=32/256/1280 grad=72.64
[E26] batch=010/153 pseudo=3 loss=8.4332 sfseg=8.0433 seg=0.8716 mard=2.0137 λM=0.0359 DURR(dir/res/hall)=0.9171/1.1298/0.0000 λD=1.000 route=168 E/S=118/50 rescue=1 empty=1 hall=0/0 FG/HBG/EBG=24/192/960 grad=37.21
[E26] batch=020/153 pseudo=3 loss=7.5269 sfseg=6.8249 seg=0.6951 mard=2.0162 λM=0.0358 DURR(dir/res/hall)=1.0697/0.0000/5.2286 λD=1.000 route=165 E/S=107/58 rescue=0 empty=1 hall=1/241 FG/HBG/EBG=24/192/960 grad=134.84
[E26] batch=030/153 pseudo=3 loss=3.1482 sfseg=2.9818 seg=0.2871 mard=2.0385 λM=0.0399 DURR(dir/res/hall)=0.8515/0.0000/0.0000 λD=1.000 route=164 E/S=123/41 rescue=0 empty=1 hall=0/0 FG/HBG/EBG=24/192/960 grad=43.55
[E26] batch=040/153 pseudo=3 loss=6.4035 sfseg=6.2229 seg=0.6404 mard=2.1243 λM=0.0223 DURR(dir/res/hall)=1.3327/0.0000/0.0000 λD=1.000 route=459 E/S=426/33 rescue=0 empty=1 hall=0/0 FG/HBG/EBG=24/192/960 grad=67.32
[E26] batch=050/153 pseudo=3 loss=6.2148 sfseg=5.9884 seg=0.5400 mard=1.9900 λM=0.0303 DURR(dir/res/hall)=1.6606/0.0000/0.0000 λD=1.000 route=47 E/S=33/14 rescue=0 empty=1 hall=0/0 FG/HBG/EBG=24/192/960 grad=188.63
[E26] batch=060/153 pseudo=2 loss=1.8084 sfseg=1.6622 seg=0.2150 mard=2.0086 λM=0.0335 DURR(dir/res/hall)=0.7896/0.0000/0.0000 λD=1.000 route=95 E/S=84/11 rescue=0 empty=2 hall=0/0 FG/HBG/EBG=16/128/640 grad=12.89
[E26] batch=070/153 pseudo=3 loss=4.0421 sfseg=3.8453 seg=0.2662 mard=2.0178 λM=0.0319 DURR(dir/res/hall)=1.3232/0.0000/0.0000 λD=1.000 route=83 E/S=54/29 rescue=0 empty=1 hall=0/0 FG/HBG/EBG=24/192/960 grad=31.18
[E26] batch=080/153 pseudo=3 loss=6.3338 sfseg=5.6136 seg=0.5470 mard=2.0491 λM=0.0236 DURR(dir/res/hall)=1.1028/0.0000/5.6161 λD=1.000 route=305 E/S=240/65 rescue=0 empty=1 hall=1/673 FG/HBG/EBG=24/192/960 grad=38.61
[E26] batch=090/153 pseudo=4 loss=5.3205 sfseg=5.1448 seg=0.2776 mard=1.9867 λM=0.0364 DURR(dir/res/hall)=1.0336/0.0000/0.0000 λD=1.000 route=175 E/S=145/30 rescue=0 empty=0 hall=0/0 FG/HBG/EBG=32/256/1280 grad=54.12
[E26] batch=100/153 pseudo=1 loss=1.1090 sfseg=0.9676 seg=0.2640 mard=2.0749 λM=0.0411 DURR(dir/res/hall)=0.5609/0.0000/0.0001 λD=1.000 route=69 E/S=48/21 rescue=0 empty=3 hall=1/0 FG/HBG/EBG=8/64/320 grad=26.43
[E26] batch=110/153 pseudo=4 loss=5.4719 sfseg=5.2933 seg=0.5248 mard=2.0139 λM=0.0382 DURR(dir/res/hall)=1.0164/0.0000/0.0000 λD=1.000 route=330 E/S=283/47 rescue=0 empty=0 hall=0/0 FG/HBG/EBG=32/256/1280 grad=44.93
[E26] batch=120/153 pseudo=4 loss=9.7396 sfseg=9.5264 seg=0.5831 mard=2.0392 λM=0.0247 DURR(dir/res/hall)=1.6279/0.0000/0.0000 λD=1.000 route=225 E/S=154/71 rescue=0 empty=0 hall=0/0 FG/HBG/EBG=32/256/1280 grad=158.75
[E26] batch=130/153 pseudo=4 loss=4.7456 sfseg=4.5895 seg=0.3160 mard=2.0036 λM=0.0335 DURR(dir/res/hall)=0.8896/0.0000/0.0000 λD=1.000 route=149 E/S=111/38 rescue=0 empty=0 hall=0/0 FG/HBG/EBG=32/256/1280 grad=65.40
[E26] batch=140/153 pseudo=4 loss=4.5280 sfseg=4.3484 seg=0.2919 mard=1.9991 λM=0.0373 DURR(dir/res/hall)=1.0506/0.0000/0.0000 λD=1.000 route=368 E/S=328/40 rescue=0 empty=0 hall=0/0 FG/HBG/EBG=32/256/1280 grad=45.98
[E26] batch=150/153 pseudo=5 loss=7.6579 sfseg=7.4901 seg=0.5701 mard=2.0255 λM=0.0322 DURR(dir/res/hall)=1.0259/0.0000/0.0000 λD=1.000 route=365 E/S=300/65 rescue=0 empty=0 hall=0/0 FG/HBG/EBG=40/320/1216 grad=65.70
[E26] batch=153/153 pseudo=4 loss=10.9114 sfseg=10.6662 seg=0.8525 mard=1.9679 λM=0.0330 DURR(dir/res/hall)=1.8025/0.0000/0.0000 λD=1.000 route=143 E/S=58/85 rescue=0 empty=0 hall=0/0 FG/HBG/EBG=32/256/1280 grad=95.96

[Epoch 26] DONE time=37.6s valid=153 skipped=0 pseudo=539 anchors=482 mask_extra=57 reject_rel=25 DURRmatch=465/2233 rescue=8 teacher_empty=90 hall=36/3533 loss=6.5294 sfseg=6.3040 mard=2.0276 dir=1.2689 res=0.0100 hallL=0.3232 route E/S=28003/7131
[E27] batch=001/153 pseudo=4 loss=11.3095 sfseg=11.1011 seg=0.5128 mard=1.9724 λM=0.0363 DURR(dir/res/hall)=1.3685/0.0000/0.0000 λD=1.000 route=221 E/S=217/4 rescue=0 empty=0 hall=0/0 FG/HBG/EBG=32/256/1280 grad=290.68
[E27] batch=010/153 pseudo=3 loss=4.2115 sfseg=4.0384 seg=0.4088 mard=2.0074 λM=0.0254 DURR(dir/res/hall)=1.2215/0.0000/0.0000 λD=1.000 route=247 E/S=195/52 rescue=0 empty=1 hall=0/0 FG/HBG/EBG=24/192/960 grad=29.09
[E27] batch=020/153 pseudo=4 loss=5.2903 sfseg=5.1532 seg=0.6685 mard=2.0339 λM=0.0247 DURR(dir/res/hall)=0.8677/0.0000/0.0000 λD=1.000 route=367 E/S=362/5 rescue=0 empty=0 hall=0/0 FG/HBG/EBG=32/256/1280 grad=84.30
[E27] batch=030/153 pseudo=2 loss=3.4620 sfseg=3.2334 seg=0.4588 mard=1.9745 λM=0.0263 DURR(dir/res/hall)=1.7670/0.0000/0.0002 λD=1.000 route=200 E/S=171/29 rescue=0 empty=2 hall=1/0 FG/HBG/EBG=16/128/640 grad=33.96
[E27] batch=040/153 pseudo=4 loss=3.1941 sfseg=2.9860 seg=0.3022 mard=2.0070 λM=0.0432 DURR(dir/res/hall)=1.2129/0.0000/0.0000 λD=1.000 route=232 E/S=178/54 rescue=0 empty=0 hall=0/0 FG/HBG/EBG=32/256/1280 grad=27.47
[E27] batch=050/153 pseudo=3 loss=7.5067 sfseg=7.2894 seg=0.8087 mard=1.9911 λM=0.0204 DURR(dir/res/hall)=1.7668/0.0000/0.0000 λD=1.000 route=145 E/S=107/38 rescue=0 empty=1 hall=0/0 FG/HBG/EBG=24/192/960 grad=58.07
[E27] batch=060/153 pseudo=3 loss=5.8550 sfseg=5.7438 seg=0.4804 mard=2.0311 λM=0.0239 DURR(dir/res/hall)=0.6256/0.0000/0.0000 λD=1.000 route=359 E/S=284/75 rescue=0 empty=1 hall=0/0 FG/HBG/EBG=24/192/960 grad=24.11
[E27] batch=070/153 pseudo=2 loss=21.5397 sfseg=21.3409 seg=1.7447 mard=2.0565 λM=0.0295 DURR(dir/res/hall)=1.3722/0.0000/0.0094 λD=1.000 route=167 E/S=148/19 rescue=0 empty=2 hall=1/0 FG/HBG/EBG=16/128/640 grad=175.88
[E27] batch=080/153 pseudo=3 loss=3.0782 sfseg=2.8637 seg=0.3178 mard=2.0649 λM=0.0333 DURR(dir/res/hall)=1.4546/0.0000/0.0013 λD=1.000 route=297 E/S=174/123 rescue=0 empty=1 hall=1/0 FG/HBG/EBG=24/192/960 grad=24.64
[E27] batch=090/153 pseudo=3 loss=3.3856 sfseg=3.2339 seg=0.4655 mard=1.9517 λM=0.0369 DURR(dir/res/hall)=0.7974/0.0000/0.0000 λD=1.000 route=134 E/S=85/49 rescue=0 empty=1 hall=1/0 FG/HBG/EBG=24/192/960 grad=33.52
[E27] batch=100/153 pseudo=3 loss=3.5594 sfseg=3.4109 seg=0.3716 mard=1.9760 λM=0.0264 DURR(dir/res/hall)=0.7950/0.0837/0.0000 λD=1.000 route=113 E/S=53/60 rescue=1 empty=1 hall=0/0 FG/HBG/EBG=24/192/960 grad=42.66
[E27] batch=110/153 pseudo=4 loss=3.1283 sfseg=2.9987 seg=0.2299 mard=1.9982 λM=0.0402 DURR(dir/res/hall)=0.4928/0.0000/0.0000 λD=1.000 route=94 E/S=55/39 rescue=0 empty=0 hall=0/0 FG/HBG/EBG=32/256/1280 grad=24.05
[E27] batch=120/153 pseudo=4 loss=4.4694 sfseg=4.2957 seg=0.3827 mard=1.9930 λM=0.0398 DURR(dir/res/hall)=0.9438/0.0000/0.0000 λD=1.000 route=188 E/S=135/53 rescue=0 empty=0 hall=0/0 FG/HBG/EBG=32/256/1280 grad=75.76
[E27] batch=130/153 pseudo=2 loss=1.5082 sfseg=1.3101 seg=0.1784 mard=2.0383 λM=0.0426 DURR(dir/res/hall)=1.1128/0.0000/0.0000 λD=1.000 route=73 E/S=43/30 rescue=0 empty=2 hall=0/0 FG/HBG/EBG=16/128/640 grad=17.78
[E27] batch=140/153 pseudo=4 loss=3.2781 sfseg=3.0924 seg=0.2907 mard=2.0029 λM=0.0376 DURR(dir/res/hall)=1.1042/0.0000/0.0000 λD=1.000 route=315 E/S=264/51 rescue=0 empty=0 hall=0/0 FG/HBG/EBG=32/256/1280 grad=27.88
[E27] batch=150/153 pseudo=3 loss=7.9629 sfseg=7.4473 seg=0.5518 mard=2.0439 λM=0.0231 DURR(dir/res/hall)=1.8935/0.0000/2.7908 λD=1.000 route=365 E/S=348/17 rescue=0 empty=1 hall=1/46 FG/HBG/EBG=24/192/960 grad=117.85
[E27] batch=153/153 pseudo=4 loss=3.1521 sfseg=2.9833 seg=0.4480 mard=2.0585 λM=0.0368 DURR(dir/res/hall)=0.9316/0.0000/0.0000 λD=1.000 route=171 E/S=138/33 rescue=0 empty=2 hall=0/0 FG/HBG/EBG=32/256/512 grad=25.18

[Epoch 27] DONE time=37.8s valid=153 skipped=0 pseudo=526 anchors=473 mask_extra=53 reject_rel=25 DURRmatch=452/2160 rescue=8 teacher_empty=105 hall=50/2689 loss=5.8075 sfseg=5.5874 mard=2.0290 dir=1.2249 res=0.0078 hallL=0.3122 route E/S=25919/6716
[E28] batch=001/153 pseudo=4 loss=3.5926 sfseg=3.3957 seg=0.2492 mard=2.0073 λM=0.0369 DURR(dir/res/hall)=1.2277/0.0000/0.0000 λD=1.000 route=241 E/S=215/26 rescue=0 empty=0 hall=0/0 FG/HBG/EBG=32/256/1280 grad=25.93
[E28] batch=010/153 pseudo=3 loss=8.8186 sfseg=8.1905 seg=1.2439 mard=1.9960 λM=0.0281 DURR(dir/res/hall)=1.3108/0.0000/4.4088 λD=1.000 route=630 E/S=608/22 rescue=0 empty=1 hall=1/499 FG/HBG/EBG=24/192/960 grad=81.98
[E28] batch=020/153 pseudo=3 loss=2.6593 sfseg=2.4367 seg=0.2279 mard=1.9696 λM=0.0362 DURR(dir/res/hall)=1.5118/0.0000/0.0000 λD=1.000 route=138 E/S=110/28 rescue=0 empty=1 hall=0/0 FG/HBG/EBG=24/192/960 grad=20.88
[E28] batch=030/153 pseudo=4 loss=4.8295 sfseg=4.6763 seg=0.4432 mard=1.9843 λM=0.0312 DURR(dir/res/hall)=0.9124/0.0000/0.0000 λD=1.000 route=267 E/S=201/66 rescue=0 empty=1 hall=0/0 FG/HBG/EBG=32/192/960 grad=29.15
[E28] batch=040/153 pseudo=2 loss=1.6618 sfseg=1.5151 seg=0.3205 mard=2.0069 λM=0.0440 DURR(dir/res/hall)=0.5850/0.0000/0.0001 λD=1.000 route=99 E/S=64/35 rescue=0 empty=2 hall=1/0 FG/HBG/EBG=16/128/640 grad=16.54
[E28] batch=050/153 pseudo=2 loss=2.3937 sfseg=1.7345 seg=0.2617 mard=2.0195 λM=0.0440 DURR(dir/res/hall)=1.1876/0.0000/4.5158 λD=1.000 route=88 E/S=70/18 rescue=0 empty=2 hall=1/451 FG/HBG/EBG=16/128/640 grad=53.57
[E28] batch=060/153 pseudo=5 loss=4.0478 sfseg=3.9050 seg=0.2877 mard=1.9890 λM=0.0275 DURR(dir/res/hall)=0.8811/0.0000/0.0000 λD=1.000 route=152 E/S=138/14 rescue=0 empty=0 hall=0/0 FG/HBG/EBG=40/320/1216 grad=28.66
[E28] batch=070/153 pseudo=5 loss=5.3481 sfseg=5.1858 seg=0.3103 mard=2.0469 λM=0.0325 DURR(dir/res/hall)=0.9581/0.0000/0.0000 λD=1.000 route=189 E/S=137/52 rescue=0 empty=0 hall=0/0 FG/HBG/EBG=40/320/1216 grad=25.48
[E28] batch=080/153 pseudo=4 loss=14.7613 sfseg=14.5138 seg=1.1300 mard=2.0160 λM=0.0310 DURR(dir/res/hall)=1.8494/0.0000/0.0000 λD=1.000 route=334 E/S=283/51 rescue=0 empty=0 hall=0/0 FG/HBG/EBG=32/256/1280 grad=238.79
[E28] batch=090/153 pseudo=4 loss=5.8584 sfseg=5.6823 seg=0.6826 mard=2.0239 λM=0.0381 DURR(dir/res/hall)=0.9904/0.0000/0.0000 λD=1.000 route=291 E/S=207/84 rescue=0 empty=0 hall=0/0 FG/HBG/EBG=32/256/1280 grad=44.15
[E28] batch=100/153 pseudo=3 loss=4.3092 sfseg=4.1511 seg=0.2985 mard=2.0582 λM=0.0322 DURR(dir/res/hall)=0.9177/0.0000/0.0000 λD=1.000 route=115 E/S=77/38 rescue=0 empty=1 hall=0/0 FG/HBG/EBG=24/192/960 grad=26.24
[E28] batch=110/153 pseudo=3 loss=13.8006 sfseg=13.5573 seg=2.6793 mard=2.0279 λM=0.0294 DURR(dir/res/hall)=1.8373/0.0000/0.0000 λD=1.000 route=141 E/S=119/22 rescue=0 empty=1 hall=0/0 FG/HBG/EBG=24/192/960 grad=79.92
[E28] batch=120/153 pseudo=2 loss=1.5255 sfseg=1.0946 seg=0.1387 mard=1.9825 λM=0.0279 DURR(dir/res/hall)=1.0186/0.0000/2.7373 λD=1.000 route=74 E/S=45/29 rescue=0 empty=2 hall=1/8 FG/HBG/EBG=16/128/640 grad=19.42
[E28] batch=130/153 pseudo=3 loss=4.1620 sfseg=4.0050 seg=0.5353 mard=2.0018 λM=0.0335 DURR(dir/res/hall)=0.9004/0.0000/0.0000 λD=1.000 route=351 E/S=322/29 rescue=0 empty=1 hall=0/0 FG/HBG/EBG=24/192/960 grad=23.97
[E28] batch=140/153 pseudo=4 loss=3.3023 sfseg=3.1154 seg=0.2756 mard=2.0373 λM=0.0423 DURR(dir/res/hall)=1.0065/0.0000/0.0000 λD=1.000 route=258 E/S=218/40 rescue=0 empty=0 hall=0/0 FG/HBG/EBG=32/256/1280 grad=26.12
[E28] batch=150/153 pseudo=2 loss=3.8074 sfseg=3.6353 seg=0.6591 mard=2.0648 λM=0.0276 DURR(dir/res/hall)=1.1502/0.0000/0.0000 λD=1.000 route=354 E/S=303/51 rescue=0 empty=2 hall=0/0 FG/HBG/EBG=16/128/640 grad=27.27
[E28] batch=153/153 pseudo=3 loss=7.4815 sfseg=7.3405 seg=0.4709 mard=2.0677 λM=0.0281 DURR(dir/res/hall)=0.8290/0.0000/0.0000 λD=1.000 route=149 E/S=88/61 rescue=0 empty=1 hall=0/0 FG/HBG/EBG=24/192/960 grad=46.07

[Epoch 28] DONE time=37.8s valid=153 skipped=0 pseudo=530 anchors=482 mask_extra=48 reject_rel=28 DURRmatch=461/2187 rescue=8 teacher_empty=101 hall=38/4832 loss=6.0992 sfseg=5.8792 mard=2.0288 dir=1.2173 res=0.0026 hallL=0.3378 route E/S=26613/7322
[E29] batch=001/153 pseudo=4 loss=4.1088 sfseg=3.9553 seg=0.6721 mard=1.9918 λM=0.0311 DURR(dir/res/hall)=0.9148/0.0000/0.0000 λD=1.000 route=527 E/S=450/77 rescue=0 empty=1 hall=0/0 FG/HBG/EBG=32/192/960 grad=21.20
[E29] batch=010/153 pseudo=2 loss=11.4786 sfseg=11.1896 seg=0.7658 mard=2.0575 λM=0.0321 DURR(dir/res/hall)=2.2178/0.0000/0.0114 λD=1.000 route=143 E/S=110/33 rescue=0 empty=2 hall=1/0 FG/HBG/EBG=16/128/640 grad=138.48
[E29] batch=020/153 pseudo=3 loss=2.5071 sfseg=2.2129 seg=0.2220 mard=1.9777 λM=0.0395 DURR(dir/res/hall)=2.1617/0.0000/0.0000 λD=1.000 route=106 E/S=83/23 rescue=0 empty=1 hall=0/0 FG/HBG/EBG=24/192/960 grad=16.99
[E29] batch=030/153 pseudo=4 loss=5.7635 sfseg=5.5980 seg=0.2666 mard=1.9837 λM=0.0300 DURR(dir/res/hall)=1.0595/0.0000/0.0000 λD=1.000 route=179 E/S=146/33 rescue=0 empty=0 hall=0/0 FG/HBG/EBG=32/256/1280 grad=29.08
[E29] batch=040/153 pseudo=5 loss=6.7831 sfseg=6.5958 seg=0.5563 mard=2.0797 λM=0.0318 DURR(dir/res/hall)=1.2131/0.0000/0.0000 λD=1.000 route=393 E/S=342/51 rescue=0 empty=0 hall=0/0 FG/HBG/EBG=40/320/1216 grad=58.41
[E29] batch=050/153 pseudo=4 loss=7.0044 sfseg=6.7809 seg=0.3268 mard=2.0213 λM=0.0298 DURR(dir/res/hall)=1.6324/0.0000/0.0000 λD=1.000 route=140 E/S=84/56 rescue=0 empty=0 hall=0/0 FG/HBG/EBG=32/256/1280 grad=147.45
[E29] batch=060/153 pseudo=4 loss=3.5857 sfseg=3.4213 seg=0.2628 mard=1.9830 λM=0.0328 DURR(dir/res/hall)=0.9920/0.0000/0.0000 λD=1.000 route=119 E/S=86/33 rescue=0 empty=0 hall=0/0 FG/HBG/EBG=32/256/1280 grad=42.42
[E29] batch=070/153 pseudo=4 loss=5.8263 sfseg=5.7031 seg=0.4341 mard=1.9889 λM=0.0265 DURR(dir/res/hall)=0.7054/0.0000/0.0000 λD=1.000 route=175 E/S=95/80 rescue=0 empty=0 hall=0/0 FG/HBG/EBG=32/256/1280 grad=29.23
[E29] batch=080/153 pseudo=4 loss=7.3041 sfseg=7.1523 seg=0.5053 mard=2.0384 λM=0.0276 DURR(dir/res/hall)=0.9563/0.0000/0.0000 λD=1.000 route=214 E/S=129/85 rescue=0 empty=0 hall=0/0 FG/HBG/EBG=32/256/1280 grad=47.10
[E29] batch=090/153 pseudo=3 loss=1.7805 sfseg=1.5609 seg=0.1522 mard=2.0415 λM=0.0448 DURR(dir/res/hall)=1.2821/0.0000/0.0000 λD=1.000 route=72 E/S=47/25 rescue=0 empty=1 hall=0/0 FG/HBG/EBG=24/192/960 grad=18.53
[E29] batch=100/153 pseudo=4 loss=3.7719 sfseg=3.6000 seg=0.2193 mard=2.0161 λM=0.0351 DURR(dir/res/hall)=1.0119/0.0000/0.0000 λD=1.000 route=296 E/S=249/47 rescue=0 empty=0 hall=0/0 FG/HBG/EBG=32/256/1280 grad=74.76
[E29] batch=110/153 pseudo=3 loss=5.3817 sfseg=5.1333 seg=0.4797 mard=1.9982 λM=0.0317 DURR(dir/res/hall)=1.8475/0.0000/0.0036 λD=1.000 route=225 E/S=179/46 rescue=0 empty=1 hall=1/0 FG/HBG/EBG=24/192/960 grad=36.25
[E29] batch=120/153 pseudo=3 loss=8.3492 sfseg=8.2019 seg=0.8512 mard=2.0260 λM=0.0142 DURR(dir/res/hall)=1.1850/0.0000/0.0000 λD=1.000 route=135 E/S=113/22 rescue=0 empty=1 hall=0/0 FG/HBG/EBG=24/192/960 grad=123.72
[E29] batch=130/153 pseudo=4 loss=4.9227 sfseg=4.7544 seg=0.3161 mard=1.9776 λM=0.0304 DURR(dir/res/hall)=1.0810/0.0000/0.0000 λD=1.000 route=257 E/S=189/68 rescue=0 empty=0 hall=0/0 FG/HBG/EBG=32/256/1280 grad=26.85
[E29] batch=140/153 pseudo=3 loss=7.5529 sfseg=7.3383 seg=0.7155 mard=2.0021 λM=0.0267 DURR(dir/res/hall)=1.6122/0.0000/0.0000 λD=1.000 route=438 E/S=416/22 rescue=0 empty=1 hall=0/0 FG/HBG/EBG=24/192/960 grad=170.94
[E29] batch=150/153 pseudo=5 loss=6.6608 sfseg=6.5080 seg=0.6892 mard=1.9867 λM=0.0256 DURR(dir/res/hall)=1.0185/0.0000/0.0000 λD=1.000 route=362 E/S=305/57 rescue=0 empty=0 hall=0/0 FG/HBG/EBG=40/256/1280 grad=139.09
[E29] batch=153/153 pseudo=3 loss=2.1342 sfseg=1.9530 seg=0.1989 mard=2.0178 λM=0.0323 DURR(dir/res/hall)=1.1584/0.0000/0.0014 λD=1.000 route=132 E/S=95/37 rescue=0 empty=1 hall=1/0 FG/HBG/EBG=24/192/960 grad=18.85

[Epoch 29] DONE time=37.6s valid=153 skipped=0 pseudo=540 anchors=488 mask_extra=52 reject_rel=25 DURRmatch=460/2206 rescue=6 teacher_empty=95 hall=35/4129 loss=5.9889 sfseg=5.7682 mard=2.0210 dir=1.2703 res=0.0020 hallL=0.2953 route E/S=27291/7036
[E30] batch=001/153 pseudo=4 loss=4.0155 sfseg=3.4453 seg=0.4932 mard=2.0666 λM=0.0386 DURR(dir/res/hall)=0.8812/0.0000/4.0231 λD=1.000 route=155 E/S=93/62 rescue=0 empty=1 hall=1/269 FG/HBG/EBG=32/256/896 grad=124.76
[E30] batch=010/153 pseudo=5 loss=6.6515 sfseg=6.4862 seg=0.4397 mard=2.0214 λM=0.0304 DURR(dir/res/hall)=1.0383/0.0000/0.0000 λD=1.000 route=390 E/S=331/59 rescue=0 empty=0 hall=0/0 FG/HBG/EBG=40/320/1216 grad=58.78
[E30] batch=020/153 pseudo=4 loss=6.7298 sfseg=6.6141 seg=0.5532 mard=2.0182 λM=0.0335 DURR(dir/res/hall)=0.4794/0.0000/0.0000 λD=1.000 route=213 E/S=140/73 rescue=0 empty=0 hall=0/0 FG/HBG/EBG=32/256/1280 grad=28.71
[E30] batch=030/153 pseudo=4 loss=7.0088 sfseg=6.8410 seg=0.2792 mard=2.0436 λM=0.0357 DURR(dir/res/hall)=0.9485/0.0000/0.0000 λD=1.000 route=85 E/S=72/13 rescue=0 empty=0 hall=0/0 FG/HBG/EBG=32/256/1280 grad=36.19
[E30] batch=040/153 pseudo=4 loss=8.9907 sfseg=8.8756 seg=0.6572 mard=2.0662 λM=0.0237 DURR(dir/res/hall)=0.6607/0.0000/0.0000 λD=1.000 route=603 E/S=550/53 rescue=0 empty=0 hall=0/0 FG/HBG/EBG=32/256/1280 grad=91.43
[E30] batch=050/153 pseudo=2 loss=1.1234 sfseg=0.9291 seg=0.1519 mard=2.0753 λM=0.0436 DURR(dir/res/hall)=1.0384/0.0000/0.0000 λD=1.000 route=38 E/S=26/12 rescue=0 empty=2 hall=0/0 FG/HBG/EBG=16/128/640 grad=10.01
[E30] batch=060/153 pseudo=4 loss=28.6842 sfseg=28.4177 seg=3.3889 mard=1.9778 λM=0.0147 DURR(dir/res/hall)=2.3738/0.0000/0.0000 λD=1.000 route=533 E/S=518/15 rescue=0 empty=0 hall=0/0 FG/HBG/EBG=32/256/1280 grad=209.68
[E30] batch=070/153 pseudo=3 loss=6.6703 sfseg=6.1482 seg=0.3426 mard=1.9936 λM=0.0321 DURR(dir/res/hall)=0.9755/0.0000/3.6051 λD=1.000 route=155 E/S=110/45 rescue=0 empty=1 hall=1/736 FG/HBG/EBG=24/192/960 grad=58.57
[E30] batch=080/153 pseudo=4 loss=6.3664 sfseg=6.1859 seg=0.3566 mard=2.0427 λM=0.0297 DURR(dir/res/hall)=1.1283/0.0352/0.0000 λD=1.000 route=338 E/S=308/30 rescue=1 empty=0 hall=0/0 FG/HBG/EBG=32/256/1280 grad=160.25
[E30] batch=090/153 pseudo=3 loss=2.9453 sfseg=2.7621 seg=0.2941 mard=2.1118 λM=0.0392 DURR(dir/res/hall)=1.0037/0.0000/0.0005 λD=1.000 route=190 E/S=185/5 rescue=0 empty=1 hall=1/0 FG/HBG/EBG=24/192/960 grad=23.43
[E30] batch=100/153 pseudo=2 loss=1.9882 sfseg=1.5615 seg=0.2849 mard=2.0079 λM=0.0392 DURR(dir/res/hall)=0.9659/0.0000/2.5138 λD=1.000 route=66 E/S=60/6 rescue=0 empty=2 hall=2/12 FG/HBG/EBG=16/128/640 grad=25.95
[E30] batch=110/153 pseudo=1 loss=1.4245 sfseg=1.1800 seg=0.2901 mard=2.0688 λM=0.0447 DURR(dir/res/hall)=1.5184/0.0000/0.0010 λD=1.000 route=74 E/S=53/21 rescue=0 empty=3 hall=1/0 FG/HBG/EBG=8/64/320 grad=9.41
[E30] batch=120/153 pseudo=4 loss=5.3488 sfseg=5.1736 seg=0.3583 mard=2.0224 λM=0.0359 DURR(dir/res/hall)=1.0269/0.0000/0.0000 λD=1.000 route=190 E/S=151/39 rescue=0 empty=0 hall=0/0 FG/HBG/EBG=32/256/1280 grad=30.07
[E30] batch=130/153 pseudo=1 loss=0.8933 sfseg=0.7176 seg=0.1737 mard=2.0116 λM=0.0401 DURR(dir/res/hall)=0.9495/0.0000/0.0017 λD=1.000 route=23 E/S=14/9 rescue=0 empty=3 hall=1/0 FG/HBG/EBG=8/64/320 grad=10.03
[E30] batch=140/153 pseudo=3 loss=3.1506 sfseg=2.9926 seg=0.2909 mard=2.1323 λM=0.0362 DURR(dir/res/hall)=0.8086/0.0000/0.0003 λD=1.000 route=292 E/S=262/30 rescue=0 empty=1 hall=1/0 FG/HBG/EBG=24/192/960 grad=33.74
[E30] batch=150/153 pseudo=3 loss=3.9422 sfseg=3.7844 seg=0.4141 mard=2.0426 λM=0.0364 DURR(dir/res/hall)=0.8347/0.0000/0.0000 λD=1.000 route=426 E/S=369/57 rescue=0 empty=1 hall=0/0 FG/HBG/EBG=24/192/960 grad=39.44
[E30] batch=153/153 pseudo=4 loss=21.5657 sfseg=21.3636 seg=0.9680 mard=2.0177 λM=0.0182 DURR(dir/res/hall)=1.6550/0.0000/0.0000 λD=1.000 route=167 E/S=114/53 rescue=0 empty=0 hall=0/0 FG/HBG/EBG=32/256/1280 grad=105.92

[Epoch 30] DONE time=37.6s valid=153 skipped=0 pseudo=530 anchors=466 mask_extra=64 reject_rel=28 DURRmatch=448/2145 rescue=7 teacher_empty=98 hall=41/4289 loss=6.2625 sfseg=6.0483 mard=2.0232 dir=1.1927 res=0.0022 hallL=0.3032 route E/S=26185/6526
[SAVE Student] /home/dang/MedRT-SFOD/runs/seg/dense_sfseg/cvc_durr_v1_segmard_v2_60ep/checkpoints/durr_student_epoch_30.pt
[SAVE Teacher] /home/dang/MedRT-SFOD/runs/seg/dense_sfseg/cvc_durr_v1_segmard_v2_60ep/checkpoints/durr_teacher_ema_epoch_30.pt
[E31] batch=001/153 pseudo=5 loss=5.4466 sfseg=5.3189 seg=0.3395 mard=2.0045 λM=0.0304 DURR(dir/res/hall)=0.6669/0.0000/0.0000 λD=1.000 route=549 E/S=334/215 rescue=0 empty=0 hall=0/0 FG/HBG/EBG=40/256/1280 grad=40.09
[E31] batch=010/153 pseudo=4 loss=3.7019 sfseg=3.5362 seg=0.2306 mard=2.0777 λM=0.0358 DURR(dir/res/hall)=0.9135/0.0000/0.0000 λD=1.000 route=169 E/S=62/107 rescue=0 empty=0 hall=0/0 FG/HBG/EBG=32/256/1280 grad=19.57
[E31] batch=020/153 pseudo=4 loss=3.9643 sfseg=3.7711 seg=0.2450 mard=2.0410 λM=0.0336 DURR(dir/res/hall)=1.2450/0.0000/0.0000 λD=1.000 route=331 E/S=308/23 rescue=0 empty=0 hall=0/0 FG/HBG/EBG=32/256/1280 grad=44.20
[E31] batch=030/153 pseudo=4 loss=6.3920 sfseg=6.2271 seg=0.7577 mard=1.9686 λM=0.0345 DURR(dir/res/hall)=0.9700/0.0000/0.0000 λD=1.000 route=133 E/S=107/26 rescue=0 empty=0 hall=0/0 FG/HBG/EBG=32/256/1280 grad=40.96
[E31] batch=040/153 pseudo=4 loss=4.1725 sfseg=3.9737 seg=0.3046 mard=1.9732 λM=0.0397 DURR(dir/res/hall)=1.2036/0.0000/0.0000 λD=1.000 route=162 E/S=131/31 rescue=0 empty=0 hall=0/0 FG/HBG/EBG=32/256/1280 grad=30.47
[E31] batch=050/153 pseudo=3 loss=2.1351 sfseg=1.8946 seg=0.2251 mard=1.9767 λM=0.0410 DURR(dir/res/hall)=1.5930/0.0000/0.0011 λD=1.000 route=156 E/S=103/53 rescue=0 empty=1 hall=1/0 FG/HBG/EBG=24/192/960 grad=15.71
[E31] batch=060/153 pseudo=4 loss=8.2559 sfseg=8.0526 seg=0.7263 mard=1.9950 λM=0.0273 DURR(dir/res/hall)=1.4884/0.0000/0.0000 λD=1.000 route=327 E/S=244/83 rescue=0 empty=0 hall=0/0 FG/HBG/EBG=32/256/1280 grad=95.27
[E31] batch=070/153 pseudo=3 loss=3.7176 sfseg=3.5525 seg=0.4143 mard=1.9983 λM=0.0353 DURR(dir/res/hall)=0.9427/0.0000/0.0016 λD=1.000 route=117 E/S=100/17 rescue=0 empty=1 hall=1/0 FG/HBG/EBG=24/192/960 grad=21.15
[E31] batch=080/153 pseudo=3 loss=4.5796 sfseg=4.3379 seg=0.4400 mard=1.9942 λM=0.0350 DURR(dir/res/hall)=1.7202/0.0000/0.0000 λD=1.000 route=114 E/S=99/15 rescue=0 empty=1 hall=0/0 FG/HBG/EBG=24/192/960 grad=35.52
[E31] batch=090/153 pseudo=4 loss=2.8092 sfseg=2.6175 seg=0.2705 mard=1.9949 λM=0.0403 DURR(dir/res/hall)=1.1135/0.0000/0.0000 λD=1.000 route=247 E/S=203/44 rescue=0 empty=0 hall=0/0 FG/HBG/EBG=32/256/1280 grad=21.92
[E31] batch=100/153 pseudo=1 loss=1.8454 sfseg=1.5943 seg=0.1832 mard=1.9620 λM=0.0331 DURR(dir/res/hall)=1.8620/0.0000/0.0000 λD=1.000 route=29 E/S=27/2 rescue=0 empty=3 hall=0/0 FG/HBG/EBG=8/64/320 grad=16.71
[E31] batch=110/153 pseudo=4 loss=3.0153 sfseg=2.8481 seg=0.2732 mard=2.0255 λM=0.0396 DURR(dir/res/hall)=0.8689/0.0000/0.0000 λD=1.000 route=184 E/S=144/40 rescue=0 empty=0 hall=0/0 FG/HBG/EBG=32/256/1280 grad=21.71
[E31] batch=120/153 pseudo=4 loss=7.1850 sfseg=6.9598 seg=0.5413 mard=1.9679 λM=0.0202 DURR(dir/res/hall)=1.8544/0.0000/0.0000 λD=1.000 route=24 E/S=2/22 rescue=0 empty=0 hall=0/0 FG/HBG/EBG=32/256/1280 grad=61.50
[E31] batch=130/153 pseudo=3 loss=3.5428 sfseg=3.3721 seg=0.4160 mard=2.0607 λM=0.0423 DURR(dir/res/hall)=0.8358/0.0000/0.0000 λD=1.000 route=203 E/S=137/66 rescue=0 empty=1 hall=0/0 FG/HBG/EBG=24/192/960 grad=47.45
[E31] batch=140/153 pseudo=4 loss=6.3152 sfseg=6.1720 seg=0.4681 mard=1.9851 λM=0.0275 DURR(dir/res/hall)=0.8860/0.0000/0.0000 λD=1.000 route=330 E/S=293/37 rescue=0 empty=0 hall=0/0 FG/HBG/EBG=32/256/1280 grad=103.85
[E31] batch=150/153 pseudo=2 loss=1.4886 sfseg=1.3082 seg=0.2133 mard=2.0480 λM=0.0430 DURR(dir/res/hall)=0.9220/0.0000/0.0005 λD=1.000 route=194 E/S=191/3 rescue=0 empty=2 hall=1/0 FG/HBG/EBG=16/128/640 grad=14.63
[E31] batch=153/153 pseudo=3 loss=5.2369 sfseg=5.0933 seg=0.3961 mard=1.9848 λM=0.0335 DURR(dir/res/hall)=0.7697/0.0000/0.0000 λD=1.000 route=276 E/S=74/202 rescue=0 empty=1 hall=1/0 FG/HBG/EBG=24/192/960 grad=41.34

[Epoch 31] DONE time=37.6s valid=153 skipped=0 pseudo=534 anchors=477 mask_extra=57 reject_rel=22 DURRmatch=462/2204 rescue=8 teacher_empty=97 hall=38/4359 loss=6.2620 sfseg=6.0402 mard=2.0208 dir=1.2251 res=0.0035 hallL=0.3455 route E/S=27638/7143
[E32] batch=001/153 pseudo=4 loss=3.8187 sfseg=3.6383 seg=0.3749 mard=2.0185 λM=0.0346 DURR(dir/res/hall)=1.0091/0.0484/0.0000 λD=1.000 route=108 E/S=84/24 rescue=1 empty=0 hall=0/0 FG/HBG/EBG=32/256/1280 grad=19.35
[E32] batch=010/153 pseudo=5 loss=4.5508 sfseg=4.3818 seg=0.3401 mard=1.9824 λM=0.0343 DURR(dir/res/hall)=1.0101/0.0000/0.0000 λD=1.000 route=173 E/S=88/85 rescue=0 empty=0 hall=0/0 FG/HBG/EBG=40/256/1280 grad=41.73
[E32] batch=020/153 pseudo=4 loss=4.0663 sfseg=3.9142 seg=0.3712 mard=1.9632 λM=0.0262 DURR(dir/res/hall)=1.0059/0.0000/0.0000 λD=1.000 route=139 E/S=107/32 rescue=0 empty=1 hall=0/0 FG/HBG/EBG=32/256/896 grad=25.74
[E32] batch=030/153 pseudo=4 loss=3.3706 sfseg=3.2118 seg=0.2907 mard=2.0020 λM=0.0360 DURR(dir/res/hall)=0.8671/0.0000/0.0000 λD=1.000 route=139 E/S=102/37 rescue=0 empty=1 hall=0/0 FG/HBG/EBG=32/256/896 grad=46.73
[E32] batch=040/153 pseudo=1 loss=11.8588 sfseg=11.2068 seg=1.1468 mard=1.9665 λM=0.0017 DURR(dir/res/hall)=4.5631/0.0000/1.9233 λD=1.000 route=16 E/S=8/8 rescue=0 empty=3 hall=2/35 FG/HBG/EBG=8/64/320 grad=227.39
[E32] batch=050/153 pseudo=4 loss=8.6651 sfseg=8.4148 seg=0.6320 mard=2.0370 λM=0.0362 DURR(dir/res/hall)=1.7643/0.0000/0.0000 λD=1.000 route=446 E/S=339/107 rescue=0 empty=0 hall=0/0 FG/HBG/EBG=32/256/1280 grad=50.52
[E32] batch=060/153 pseudo=3 loss=9.3643 sfseg=8.9899 seg=1.9297 mard=2.0794 λM=0.0134 DURR(dir/res/hall)=1.0125/0.0000/2.4515 λD=1.000 route=138 E/S=109/29 rescue=0 empty=2 hall=2/56 FG/HBG/EBG=24/128/640 grad=102.74
[E32] batch=070/153 pseudo=5 loss=7.3236 sfseg=7.1648 seg=0.4542 mard=2.0400 λM=0.0305 DURR(dir/res/hall)=0.9660/0.0000/0.0000 λD=1.000 route=324 E/S=281/43 rescue=0 empty=0 hall=0/0 FG/HBG/EBG=40/320/1216 grad=49.94
[E32] batch=080/153 pseudo=3 loss=4.7748 sfseg=4.5620 seg=0.4656 mard=2.0785 λM=0.0330 DURR(dir/res/hall)=1.2480/0.0970/0.0000 λD=1.000 route=60 E/S=25/35 rescue=1 empty=1 hall=0/0 FG/HBG/EBG=24/192/960 grad=58.24
[E32] batch=090/153 pseudo=1 loss=1.9769 sfseg=1.4453 seg=0.3852 mard=2.2336 λM=0.0407 DURR(dir/res/hall)=0.3914/0.0000/4.0157 λD=1.000 route=55 E/S=41/14 rescue=0 empty=3 hall=2/1366 FG/HBG/EBG=8/64/320 grad=14.32
[E32] batch=100/153 pseudo=4 loss=5.2741 sfseg=5.0004 seg=0.3073 mard=2.0518 λM=0.0301 DURR(dir/res/hall)=2.1199/0.0000/0.0000 λD=1.000 route=251 E/S=244/7 rescue=0 empty=0 hall=0/0 FG/HBG/EBG=32/256/1280 grad=23.45
[E32] batch=110/153 pseudo=4 loss=11.2961 sfseg=11.1463 seg=0.6778 mard=1.9839 λM=0.0292 DURR(dir/res/hall)=0.9179/0.0000/0.0000 λD=1.000 route=184 E/S=183/1 rescue=0 empty=0 hall=0/0 FG/HBG/EBG=32/256/1280 grad=140.71
[E32] batch=120/153 pseudo=3 loss=4.4590 sfseg=4.3427 seg=0.4208 mard=2.0392 λM=0.0380 DURR(dir/res/hall)=0.2064/0.0905/0.0001 λD=1.000 route=65 E/S=51/14 rescue=1 empty=1 hall=1/0 FG/HBG/EBG=24/192/960 grad=83.62
[E32] batch=130/153 pseudo=3 loss=4.8448 sfseg=4.6175 seg=0.3946 mard=2.0814 λM=0.0296 DURR(dir/res/hall)=1.6580/0.0000/0.0000 λD=1.000 route=55 E/S=31/24 rescue=0 empty=1 hall=0/0 FG/HBG/EBG=24/192/960 grad=56.93
[E32] batch=140/153 pseudo=5 loss=6.5495 sfseg=6.4184 seg=0.3572 mard=2.0280 λM=0.0243 DURR(dir/res/hall)=0.8183/0.0000/0.0000 λD=1.000 route=290 E/S=180/110 rescue=0 empty=0 hall=0/0 FG/HBG/EBG=40/256/1280 grad=37.44
[E32] batch=150/153 pseudo=3 loss=4.3748 sfseg=4.2090 seg=0.4888 mard=2.0105 λM=0.0324 DURR(dir/res/hall)=1.0060/0.0000/0.0000 λD=1.000 route=210 E/S=175/35 rescue=0 empty=1 hall=0/0 FG/HBG/EBG=24/192/960 grad=44.27
[E32] batch=153/153 pseudo=4 loss=14.2937 sfseg=14.2567 seg=0.6380 mard=2.0227 λM=0.0183 DURR(dir/res/hall)=0.0000/0.0000/0.0000 λD=1.000 route=0 E/S=0/0 rescue=0 empty=0 hall=0/0 FG/HBG/EBG=32/256/1280 grad=411.92

[Epoch 32] DONE time=37.6s valid=153 skipped=0 pseudo=535 anchors=477 mask_extra=58 reject_rel=25 DURRmatch=454/2167 rescue=9 teacher_empty=98 hall=42/4999 loss=5.7933 sfseg=5.5717 mard=2.0286 dir=1.1955 res=0.0039 hallL=0.3739 route E/S=26637/6654
[E33] batch=001/153 pseudo=4 loss=6.6263 sfseg=6.4144 seg=0.4722 mard=2.0136 λM=0.0220 DURR(dir/res/hall)=1.6754/0.0000/0.0000 λD=1.000 route=476 E/S=467/9 rescue=0 empty=0 hall=0/0 FG/HBG/EBG=32/256/1280 grad=37.26
[E33] batch=010/153 pseudo=4 loss=5.2268 sfseg=5.0541 seg=0.3666 mard=1.9557 λM=0.0272 DURR(dir/res/hall)=1.1946/0.0000/0.0000 λD=1.000 route=320 E/S=281/39 rescue=0 empty=0 hall=0/0 FG/HBG/EBG=32/256/1280 grad=39.47
[E33] batch=020/153 pseudo=2 loss=2.2649 sfseg=2.1172 seg=0.4292 mard=2.0987 λM=0.0419 DURR(dir/res/hall)=0.5983/0.0000/0.0000 λD=1.000 route=63 E/S=47/16 rescue=0 empty=2 hall=0/0 FG/HBG/EBG=16/128/640 grad=30.05
[E33] batch=030/153 pseudo=2 loss=1.6457 sfseg=1.1983 seg=0.1953 mard=2.0178 λM=0.0410 DURR(dir/res/hall)=0.3684/0.0000/3.2783 λD=1.000 route=79 E/S=51/28 rescue=0 empty=2 hall=1/620 FG/HBG/EBG=16/128/640 grad=16.31
[E33] batch=040/153 pseudo=4 loss=15.6313 sfseg=15.4582 seg=0.9476 mard=1.9983 λM=0.0228 DURR(dir/res/hall)=1.2756/0.0000/0.0000 λD=1.000 route=67 E/S=58/9 rescue=0 empty=0 hall=0/0 FG/HBG/EBG=32/256/1280 grad=335.62
[E33] batch=050/153 pseudo=3 loss=5.6828 sfseg=5.5360 seg=0.5068 mard=2.0361 λM=0.0249 DURR(dir/res/hall)=0.9605/0.0000/0.0000 λD=1.000 route=195 E/S=174/21 rescue=0 empty=1 hall=0/0 FG/HBG/EBG=24/192/960 grad=62.26
[E33] batch=060/153 pseudo=4 loss=4.1588 sfseg=3.9682 seg=0.4307 mard=2.0691 λM=0.0359 DURR(dir/res/hall)=1.1633/0.0000/0.0000 λD=1.000 route=217 E/S=169/48 rescue=0 empty=0 hall=0/0 FG/HBG/EBG=32/256/1280 grad=38.66
[E33] batch=070/153 pseudo=3 loss=10.5867 sfseg=10.3460 seg=0.3926 mard=2.0088 λM=0.0294 DURR(dir/res/hall)=1.8153/0.0000/0.0003 λD=1.000 route=87 E/S=69/18 rescue=0 empty=1 hall=1/0 FG/HBG/EBG=24/192/960 grad=99.30
[E33] batch=080/153 pseudo=4 loss=7.0703 sfseg=6.8823 seg=0.4436 mard=2.0776 λM=0.0355 DURR(dir/res/hall)=1.1416/0.0000/0.0007 λD=1.000 route=157 E/S=85/72 rescue=0 empty=1 hall=1/0 FG/HBG/EBG=32/256/896 grad=69.07
[E33] batch=090/153 pseudo=4 loss=5.6730 sfseg=5.5222 seg=0.4634 mard=1.9911 λM=0.0257 DURR(dir/res/hall)=0.9962/0.0000/0.0000 λD=1.000 route=194 E/S=150/44 rescue=0 empty=0 hall=0/0 FG/HBG/EBG=32/256/1280 grad=56.79
[E33] batch=100/153 pseudo=3 loss=6.6337 sfseg=6.2370 seg=0.8114 mard=2.0730 λM=0.0255 DURR(dir/res/hall)=0.7791/0.0000/2.6584 λD=1.000 route=387 E/S=359/28 rescue=0 empty=1 hall=1/43 FG/HBG/EBG=24/192/960 grad=46.38
[E33] batch=110/153 pseudo=4 loss=7.7155 sfseg=7.5270 seg=0.5973 mard=2.0726 λM=0.0314 DURR(dir/res/hall)=1.2340/0.0000/0.0000 λD=1.000 route=266 E/S=211/55 rescue=0 empty=0 hall=0/0 FG/HBG/EBG=32/256/1280 grad=105.80
[E33] batch=120/153 pseudo=3 loss=5.1714 sfseg=4.9405 seg=0.5322 mard=2.0303 λM=0.0376 DURR(dir/res/hall)=1.5442/0.0000/0.0000 λD=1.000 route=224 E/S=187/37 rescue=0 empty=1 hall=0/0 FG/HBG/EBG=24/192/960 grad=44.82
[E33] batch=130/153 pseudo=3 loss=4.2499 sfseg=3.4819 seg=0.3410 mard=2.0890 λM=0.0295 DURR(dir/res/hall)=0.9724/0.0000/6.0921 λD=1.000 route=224 E/S=168/56 rescue=0 empty=1 hall=1/130 FG/HBG/EBG=24/192/960 grad=91.79
[E33] batch=140/153 pseudo=4 loss=8.3973 sfseg=8.1853 seg=0.6508 mard=2.0547 λM=0.0347 DURR(dir/res/hall)=1.4056/0.0000/0.0000 λD=1.000 route=313 E/S=311/2 rescue=0 empty=0 hall=0/0 FG/HBG/EBG=32/256/1280 grad=112.88
[E33] batch=150/153 pseudo=2 loss=6.8015 sfseg=6.3776 seg=0.8254 mard=2.0106 λM=0.0333 DURR(dir/res/hall)=1.7410/0.0000/1.8283 λD=1.000 route=28 E/S=28/0 rescue=0 empty=2 hall=1/4 FG/HBG/EBG=16/128/640 grad=48.02
[E33] batch=153/153 pseudo=5 loss=3.3800 sfseg=3.1893 seg=0.3946 mard=2.0333 λM=0.0309 DURR(dir/res/hall)=1.2777/0.0000/0.0010 λD=1.000 route=144 E/S=79/65 rescue=0 empty=1 hall=1/0 FG/HBG/EBG=40/256/896 grad=24.02

[Epoch 33] DONE time=37.5s valid=153 skipped=0 pseudo=537 anchors=476 mask_extra=61 reject_rel=22 DURRmatch=456/2188 rescue=8 teacher_empty=92 hall=35/4107 loss=6.0064 sfseg=5.7927 mard=2.0280 dir=1.1807 res=0.0098 hallL=0.2949 route E/S=27739/6712
[E34] batch=001/153 pseudo=4 loss=5.4133 sfseg=5.1609 seg=0.3918 mard=2.0331 λM=0.0163 DURR(dir/res/hall)=2.1921/0.0000/0.0000 λD=1.000 route=375 E/S=303/72 rescue=0 empty=0 hall=0/0 FG/HBG/EBG=32/256/1280 grad=32.36
[E34] batch=010/153 pseudo=5 loss=9.6250 sfseg=9.4186 seg=0.8670 mard=2.0088 λM=0.0264 DURR(dir/res/hall)=1.5333/0.0000/0.0000 λD=1.000 route=248 E/S=176/72 rescue=0 empty=0 hall=0/0 FG/HBG/EBG=40/256/1280 grad=59.71
[E34] batch=020/153 pseudo=3 loss=3.0206 sfseg=2.8164 seg=0.2610 mard=1.9590 λM=0.0408 DURR(dir/res/hall)=1.2428/0.0000/0.0001 λD=1.000 route=143 E/S=138/5 rescue=0 empty=1 hall=1/0 FG/HBG/EBG=24/192/960 grad=28.37
[E34] batch=030/153 pseudo=3 loss=2.3541 sfseg=2.1705 seg=0.2437 mard=2.0032 λM=0.0419 DURR(dir/res/hall)=0.9970/0.0000/0.0001 λD=1.000 route=297 E/S=269/28 rescue=0 empty=1 hall=1/0 FG/HBG/EBG=24/192/960 grad=18.75
[E34] batch=040/153 pseudo=3 loss=11.8639 sfseg=11.1948 seg=1.1801 mard=2.0714 λM=0.0290 DURR(dir/res/hall)=1.0837/0.0000/5.0060 λD=1.000 route=316 E/S=233/83 rescue=0 empty=1 hall=1/651 FG/HBG/EBG=24/192/960 grad=78.30
[E34] batch=050/153 pseudo=1 loss=0.8056 sfseg=0.5955 seg=0.1691 mard=2.0114 λM=0.0454 DURR(dir/res/hall)=1.1878/0.0000/0.0001 λD=1.000 route=19 E/S=18/1 rescue=0 empty=3 hall=1/0 FG/HBG/EBG=8/64/320 grad=11.04
[E34] batch=060/153 pseudo=3 loss=5.2078 sfseg=4.8406 seg=0.4345 mard=2.1123 λM=0.0425 DURR(dir/res/hall)=0.9596/0.0000/1.8141 λD=1.000 route=171 E/S=122/49 rescue=0 empty=1 hall=1/3 FG/HBG/EBG=24/192/960 grad=272.02
[E34] batch=070/153 pseudo=3 loss=2.1190 sfseg=1.9228 seg=0.1582 mard=2.0249 λM=0.0415 DURR(dir/res/hall)=1.1211/0.0000/0.0001 λD=1.000 route=49 E/S=29/20 rescue=0 empty=1 hall=1/0 FG/HBG/EBG=24/192/960 grad=25.13
[E34] batch=080/153 pseudo=4 loss=4.2209 sfseg=4.0795 seg=0.2715 mard=2.0086 λM=0.0305 DURR(dir/res/hall)=0.8013/0.0000/0.0000 λD=1.000 route=213 E/S=181/32 rescue=0 empty=0 hall=0/0 FG/HBG/EBG=32/256/1280 grad=25.93
[E34] batch=090/153 pseudo=4 loss=5.9481 sfseg=5.7681 seg=0.3142 mard=1.9868 λM=0.0261 DURR(dir/res/hall)=1.1991/0.0404/0.0000 λD=1.000 route=202 E/S=185/17 rescue=1 empty=0 hall=0/0 FG/HBG/EBG=32/256/1280 grad=79.02
[E34] batch=100/153 pseudo=3 loss=9.6841 sfseg=9.3829 seg=0.8630 mard=1.9636 λM=0.0107 DURR(dir/res/hall)=2.7984/0.0000/0.0033 λD=1.000 route=131 E/S=57/74 rescue=0 empty=1 hall=1/0 FG/HBG/EBG=24/192/960 grad=86.75
[E34] batch=110/153 pseudo=3 loss=2.2825 sfseg=1.9650 seg=0.2027 mard=1.9881 λM=0.0292 DURR(dir/res/hall)=0.8311/0.0000/1.7626 λD=1.000 route=104 E/S=90/14 rescue=0 empty=1 hall=1/4 FG/HBG/EBG=24/192/960 grad=23.72
[E34] batch=120/153 pseudo=4 loss=3.7557 sfseg=3.5592 seg=0.2353 mard=2.0766 λM=0.0315 DURR(dir/res/hall)=1.3119/0.0000/0.0000 λD=1.000 route=380 E/S=268/112 rescue=0 empty=0 hall=0/0 FG/HBG/EBG=32/256/1280 grad=26.16
[E34] batch=130/153 pseudo=3 loss=5.3474 sfseg=4.6297 seg=0.3970 mard=1.9817 λM=0.0304 DURR(dir/res/hall)=1.6454/0.0000/4.9294 λD=1.000 route=97 E/S=63/34 rescue=0 empty=1 hall=1/489 FG/HBG/EBG=24/192/960 grad=36.21
[E34] batch=140/153 pseudo=3 loss=2.0458 sfseg=1.8755 seg=0.2277 mard=1.9972 λM=0.0407 DURR(dir/res/hall)=0.8842/0.0000/0.0057 λD=1.000 route=136 E/S=77/59 rescue=0 empty=1 hall=1/0 FG/HBG/EBG=24/192/960 grad=20.62
[E34] batch=150/153 pseudo=4 loss=3.9934 sfseg=3.8043 seg=0.3275 mard=1.9886 λM=0.0251 DURR(dir/res/hall)=1.3916/0.0000/0.0000 λD=1.000 route=151 E/S=113/38 rescue=0 empty=0 hall=0/0 FG/HBG/EBG=32/256/1280 grad=29.93
[E34] batch=153/153 pseudo=3 loss=7.6839 sfseg=7.5154 seg=1.5992 mard=2.0805 λM=0.0254 DURR(dir/res/hall)=1.1568/0.0000/0.0000 λD=1.000 route=432 E/S=252/180 rescue=0 empty=2 hall=0/0 FG/HBG/EBG=24/128/640 grad=63.12

[Epoch 34] DONE time=37.9s valid=153 skipped=0 pseudo=539 anchors=481 mask_extra=58 reject_rel=16 DURRmatch=462/2216 rescue=7 teacher_empty=95 hall=33/4186 loss=5.9661 sfseg=5.7469 mard=2.0234 dir=1.2535 res=0.0021 hallL=0.3031 route E/S=27669/7284
[E35] batch=001/153 pseudo=4 loss=9.3849 sfseg=9.1893 seg=0.3671 mard=1.9854 λM=0.0241 DURR(dir/res/hall)=1.4775/0.0000/0.0000 λD=1.000 route=292 E/S=201/91 rescue=0 empty=0 hall=0/0 FG/HBG/EBG=32/256/1280 grad=35.68
[E35] batch=010/153 pseudo=4 loss=3.6708 sfseg=3.5255 seg=0.2854 mard=2.0196 λM=0.0290 DURR(dir/res/hall)=0.8687/0.0000/0.0000 λD=1.000 route=391 E/S=338/53 rescue=0 empty=0 hall=0/0 FG/HBG/EBG=32/256/1280 grad=25.91
[E35] batch=020/153 pseudo=2 loss=2.6803 sfseg=2.4720 seg=0.4994 mard=2.0516 λM=0.0375 DURR(dir/res/hall)=1.3142/0.0000/0.0005 λD=1.000 route=177 E/S=154/23 rescue=0 empty=2 hall=1/0 FG/HBG/EBG=16/128/640 grad=19.57
[E35] batch=030/153 pseudo=3 loss=3.9247 sfseg=3.7348 seg=0.2388 mard=2.0276 λM=0.0417 DURR(dir/res/hall)=1.0537/0.0000/0.0000 λD=1.000 route=134 E/S=98/36 rescue=0 empty=1 hall=0/0 FG/HBG/EBG=24/192/960 grad=33.13
[E35] batch=040/153 pseudo=3 loss=15.5785 sfseg=15.4315 seg=1.8259 mard=2.1017 λM=0.0272 DURR(dir/res/hall)=0.8975/0.0000/0.0000 λD=1.000 route=84 E/S=12/72 rescue=0 empty=1 hall=0/0 FG/HBG/EBG=24/192/960 grad=129.14
[E35] batch=050/153 pseudo=3 loss=4.7440 sfseg=4.5831 seg=0.6582 mard=2.0113 λM=0.0352 DURR(dir/res/hall)=0.9007/0.0000/0.0000 λD=1.000 route=101 E/S=73/28 rescue=0 empty=1 hall=0/0 FG/HBG/EBG=24/192/960 grad=44.95
[E35] batch=060/153 pseudo=4 loss=8.7109 sfseg=8.5249 seg=0.9094 mard=1.9786 λM=0.0356 DURR(dir/res/hall)=1.1559/0.0000/0.0000 λD=1.000 route=444 E/S=340/104 rescue=0 empty=0 hall=0/0 FG/HBG/EBG=32/256/1280 grad=79.89
[E35] batch=070/153 pseudo=4 loss=6.1745 sfseg=5.9931 seg=0.4789 mard=1.9962 λM=0.0303 DURR(dir/res/hall)=1.2085/0.0000/0.0000 λD=1.000 route=552 E/S=475/77 rescue=0 empty=1 hall=0/0 FG/HBG/EBG=32/192/960 grad=62.65
[E35] batch=080/153 pseudo=3 loss=3.0747 sfseg=2.8423 seg=0.2230 mard=2.1078 λM=0.0372 DURR(dir/res/hall)=1.5390/0.0000/0.0000 λD=1.000 route=112 E/S=87/25 rescue=0 empty=1 hall=0/0 FG/HBG/EBG=24/192/960 grad=24.55
[E35] batch=090/153 pseudo=4 loss=3.2566 sfseg=3.0756 seg=0.1959 mard=2.0725 λM=0.0294 DURR(dir/res/hall)=1.2017/0.0000/0.0000 λD=1.000 route=378 E/S=337/41 rescue=0 empty=0 hall=0/0 FG/HBG/EBG=32/256/1280 grad=23.51
[E35] batch=100/153 pseudo=2 loss=3.5670 sfseg=3.4042 seg=0.7438 mard=1.9966 λM=0.0308 DURR(dir/res/hall)=0.9941/0.0000/0.0185 λD=1.000 route=225 E/S=198/27 rescue=0 empty=2 hall=1/0 FG/HBG/EBG=16/128/640 grad=20.70
[E35] batch=110/153 pseudo=3 loss=4.5940 sfseg=4.0722 seg=0.4448 mard=2.0451 λM=0.0327 DURR(dir/res/hall)=0.5812/0.0000/3.9688 λD=1.000 route=94 E/S=61/33 rescue=0 empty=1 hall=1/786 FG/HBG/EBG=24/192/960 grad=45.97
[E35] batch=120/153 pseudo=2 loss=3.4610 sfseg=3.0072 seg=0.3650 mard=2.0385 λM=0.0283 DURR(dir/res/hall)=0.6667/0.0000/3.2953 λD=1.000 route=173 E/S=72/101 rescue=0 empty=2 hall=1/56 FG/HBG/EBG=16/128/640 grad=34.18
[E35] batch=130/153 pseudo=3 loss=2.3984 sfseg=2.0302 seg=0.2946 mard=2.0909 λM=0.0419 DURR(dir/res/hall)=0.5182/0.0000/2.2892 λD=1.000 route=123 E/S=89/34 rescue=0 empty=1 hall=1/81 FG/HBG/EBG=24/192/960 grad=33.45
[E35] batch=140/153 pseudo=4 loss=7.3720 sfseg=7.1464 seg=0.7656 mard=1.9883 λM=0.0332 DURR(dir/res/hall)=1.5968/0.0000/0.0000 λD=1.000 route=205 E/S=151/54 rescue=0 empty=0 hall=0/0 FG/HBG/EBG=32/256/1280 grad=88.78
[E35] batch=150/153 pseudo=2 loss=1.8805 sfseg=1.6898 seg=0.2876 mard=2.0515 λM=0.0401 DURR(dir/res/hall)=1.0833/0.0000/0.0016 λD=1.000 route=98 E/S=93/5 rescue=0 empty=2 hall=1/0 FG/HBG/EBG=16/128/640 grad=33.43
[E35] batch=153/153 pseudo=2 loss=2.2675 sfseg=2.0960 seg=0.4292 mard=2.0629 λM=0.0337 DURR(dir/res/hall)=1.0172/0.0000/0.0024 λD=1.000 route=120 E/S=76/44 rescue=0 empty=2 hall=2/0 FG/HBG/EBG=16/128/640 grad=19.02

[Epoch 35] DONE time=37.8s valid=153 skipped=0 pseudo=530 anchors=473 mask_extra=57 reject_rel=27 DURRmatch=451/2149 rescue=6 teacher_empty=104 hall=38/4900 loss=5.7146 sfseg=5.5013 mard=2.0226 dir=1.1525 res=0.0017 hallL=0.3309 route E/S=25250/6866
[E36] batch=001/153 pseudo=3 loss=8.4175 sfseg=8.1921 seg=0.8282 mard=2.0218 λM=0.0258 DURR(dir/res/hall)=1.7325/0.0000/0.0000 λD=1.000 route=108 E/S=90/18 rescue=0 empty=1 hall=0/0 FG/HBG/EBG=24/192/960 grad=128.33
[E36] batch=010/153 pseudo=4 loss=5.2405 sfseg=5.0993 seg=0.4474 mard=1.9760 λM=0.0347 DURR(dir/res/hall)=0.7268/0.0000/0.0000 λD=1.000 route=139 E/S=80/59 rescue=0 empty=0 hall=0/0 FG/HBG/EBG=32/256/1280 grad=41.70
[E36] batch=020/153 pseudo=4 loss=2.9413 sfseg=2.7372 seg=0.3518 mard=2.0227 λM=0.0382 DURR(dir/res/hall)=1.2692/0.0000/0.0000 λD=1.000 route=172 E/S=138/34 rescue=0 empty=1 hall=0/0 FG/HBG/EBG=32/256/896 grad=15.36
[E36] batch=030/153 pseudo=4 loss=2.8629 sfseg=2.6796 seg=0.2083 mard=2.0178 λM=0.0336 DURR(dir/res/hall)=1.1557/0.0000/0.0000 λD=1.000 route=217 E/S=182/35 rescue=0 empty=0 hall=0/0 FG/HBG/EBG=32/256/1280 grad=23.31
[E36] batch=040/153 pseudo=3 loss=2.5503 sfseg=2.3429 seg=0.2349 mard=2.0207 λM=0.0397 DURR(dir/res/hall)=1.2706/0.0000/0.0000 λD=1.000 route=154 E/S=126/28 rescue=0 empty=1 hall=0/0 FG/HBG/EBG=24/192/960 grad=23.71
[E36] batch=050/153 pseudo=4 loss=2.8999 sfseg=2.7587 seg=0.2824 mard=2.1314 λM=0.0248 DURR(dir/res/hall)=0.8826/0.0000/0.0000 λD=1.000 route=265 E/S=232/33 rescue=0 empty=1 hall=0/0 FG/HBG/EBG=32/192/960 grad=22.09
[E36] batch=060/153 pseudo=5 loss=17.4983 sfseg=17.2718 seg=0.9817 mard=1.9993 λM=0.0288 DURR(dir/res/hall)=1.6889/0.0000/0.0000 λD=1.000 route=291 E/S=255/36 rescue=0 empty=0 hall=0/0 FG/HBG/EBG=40/320/1216 grad=128.48
[E36] batch=070/153 pseudo=4 loss=6.9679 sfseg=6.7815 seg=0.6075 mard=2.0639 λM=0.0255 DURR(dir/res/hall)=1.3370/0.0000/0.0000 λD=1.000 route=523 E/S=494/29 rescue=0 empty=0 hall=0/0 FG/HBG/EBG=32/256/1280 grad=45.38
[E36] batch=080/153 pseudo=3 loss=3.0348 sfseg=2.8216 seg=0.2289 mard=2.0358 λM=0.0333 DURR(dir/res/hall)=1.4538/0.0000/0.0000 λD=1.000 route=61 E/S=52/9 rescue=0 empty=1 hall=0/0 FG/HBG/EBG=24/192/960 grad=17.41
[E36] batch=090/153 pseudo=4 loss=3.8970 sfseg=3.7408 seg=0.3020 mard=2.0464 λM=0.0377 DURR(dir/res/hall)=0.7907/0.0000/0.0000 λD=1.000 route=297 E/S=241/56 rescue=0 empty=0 hall=0/0 FG/HBG/EBG=32/256/1280 grad=27.12
[E36] batch=100/153 pseudo=4 loss=4.6693 sfseg=4.4985 seg=0.3919 mard=2.0703 λM=0.0340 DURR(dir/res/hall)=1.0053/0.0000/0.0000 λD=1.000 route=298 E/S=274/24 rescue=0 empty=0 hall=0/0 FG/HBG/EBG=32/256/1280 grad=23.12
[E36] batch=110/153 pseudo=3 loss=2.4475 sfseg=2.2705 seg=0.2928 mard=2.1102 λM=0.0427 DURR(dir/res/hall)=0.8655/0.0000/0.0023 λD=1.000 route=227 E/S=160/67 rescue=0 empty=1 hall=1/0 FG/HBG/EBG=24/192/960 grad=19.63
[E36] batch=120/153 pseudo=4 loss=3.6062 sfseg=3.4250 seg=0.1947 mard=1.9665 λM=0.0397 DURR(dir/res/hall)=1.0319/0.0000/0.0000 λD=1.000 route=76 E/S=56/20 rescue=0 empty=0 hall=0/0 FG/HBG/EBG=32/256/1280 grad=55.35
[E36] batch=130/153 pseudo=3 loss=9.7786 sfseg=9.3355 seg=0.4275 mard=2.0329 λM=0.0341 DURR(dir/res/hall)=1.1992/0.1125/2.3136 λD=1.000 route=131 E/S=96/35 rescue=1 empty=1 hall=1/142 FG/HBG/EBG=24/192/960 grad=181.04
[E36] batch=140/153 pseudo=4 loss=3.0487 sfseg=2.8680 seg=0.2097 mard=2.0255 λM=0.0398 DURR(dir/res/hall)=0.8772/0.0622/0.0000 λD=1.000 route=174 E/S=146/28 rescue=1 empty=0 hall=0/0 FG/HBG/EBG=32/256/1280 grad=27.64
[E36] batch=150/153 pseudo=3 loss=2.3820 sfseg=1.7519 seg=0.1642 mard=2.0076 λM=0.0413 DURR(dir/res/hall)=0.8330/0.0000/4.6388 λD=1.000 route=130 E/S=83/47 rescue=0 empty=1 hall=1/562 FG/HBG/EBG=24/192/960 grad=24.03
[E36] batch=153/153 pseudo=3 loss=5.0048 sfseg=4.8085 seg=0.4125 mard=1.9871 λM=0.0307 DURR(dir/res/hall)=1.3531/0.0000/0.0000 λD=1.000 route=274 E/S=236/38 rescue=0 empty=1 hall=0/0 FG/HBG/EBG=24/192/960 grad=37.06

[Epoch 36] DONE time=37.7s valid=153 skipped=0 pseudo=524 anchors=465 mask_extra=59 reject_rel=30 DURRmatch=444/2140 rescue=9 teacher_empty=104 hall=34/3393 loss=5.8299 sfseg=5.6179 mard=2.0303 dir=1.1678 res=0.0032 hallL=0.2951 route E/S=25902/6375
[E37] batch=001/153 pseudo=4 loss=5.1067 sfseg=4.9384 seg=0.3516 mard=2.0083 λM=0.0305 DURR(dir/res/hall)=1.0717/0.0000/0.0000 λD=1.000 route=200 E/S=166/34 rescue=0 empty=0 hall=0/0 FG/HBG/EBG=32/256/1280 grad=22.05
[E37] batch=010/153 pseudo=2 loss=1.8680 sfseg=1.2034 seg=0.1571 mard=2.0250 λM=0.0411 DURR(dir/res/hall)=1.5808/0.0000/4.2331 λD=1.000 route=50 E/S=26/24 rescue=0 empty=2 hall=1/652 FG/HBG/EBG=16/128/640 grad=22.79
[E37] batch=020/153 pseudo=5 loss=4.5389 sfseg=4.3861 seg=0.2154 mard=1.9987 λM=0.0274 DURR(dir/res/hall)=0.8435/0.0682/0.0000 λD=1.000 route=225 E/S=182/43 rescue=1 empty=0 hall=0/0 FG/HBG/EBG=40/320/1216 grad=23.82
[E37] batch=030/153 pseudo=4 loss=6.0463 sfseg=5.8812 seg=0.4070 mard=2.0379 λM=0.0380 DURR(dir/res/hall)=0.8774/0.0000/0.0000 λD=1.000 route=301 E/S=225/76 rescue=0 empty=0 hall=0/0 FG/HBG/EBG=32/256/1280 grad=74.87
[E37] batch=040/153 pseudo=4 loss=8.0932 sfseg=7.9379 seg=0.7005 mard=1.9771 λM=0.0172 DURR(dir/res/hall)=1.2134/0.0000/0.0000 λD=1.000 route=288 E/S=247/41 rescue=0 empty=0 hall=0/0 FG/HBG/EBG=32/256/1280 grad=123.50
[E37] batch=050/153 pseudo=3 loss=10.6884 sfseg=10.5382 seg=0.7906 mard=2.0282 λM=0.0239 DURR(dir/res/hall)=1.0173/0.0000/0.0000 λD=1.000 route=588 E/S=540/48 rescue=0 empty=1 hall=0/0 FG/HBG/EBG=24/192/960 grad=130.83
[E37] batch=060/153 pseudo=4 loss=3.1102 sfseg=2.9570 seg=0.2535 mard=2.0078 λM=0.0379 DURR(dir/res/hall)=0.7716/0.0000/0.0000 λD=1.000 route=255 E/S=194/61 rescue=0 empty=0 hall=0/0 FG/HBG/EBG=32/256/1280 grad=24.40
[E37] batch=070/153 pseudo=4 loss=7.2420 sfseg=7.0844 seg=0.8310 mard=2.0283 λM=0.0327 DURR(dir/res/hall)=0.9122/0.0000/0.0000 λD=1.000 route=280 E/S=201/79 rescue=0 empty=0 hall=0/0 FG/HBG/EBG=32/256/1280 grad=107.50
[E37] batch=080/153 pseudo=3 loss=5.5730 sfseg=5.4355 seg=0.5036 mard=2.0474 λM=0.0388 DURR(dir/res/hall)=0.5800/0.0000/0.0000 λD=1.000 route=302 E/S=161/141 rescue=0 empty=1 hall=0/0 FG/HBG/EBG=24/192/960 grad=24.44
[E37] batch=090/153 pseudo=3 loss=4.6640 sfseg=4.5091 seg=0.3784 mard=2.0461 λM=0.0243 DURR(dir/res/hall)=1.0505/0.0000/0.0017 λD=1.000 route=258 E/S=245/13 rescue=0 empty=1 hall=1/0 FG/HBG/EBG=24/192/960 grad=21.65
[E37] batch=100/153 pseudo=4 loss=4.6179 sfseg=4.4003 seg=0.3408 mard=1.9907 λM=0.0313 DURR(dir/res/hall)=1.5536/0.0000/0.0000 λD=1.000 route=445 E/S=413/32 rescue=0 empty=0 hall=0/0 FG/HBG/EBG=32/256/1280 grad=32.62
[E37] batch=110/153 pseudo=4 loss=5.2776 sfseg=5.0912 seg=0.2997 mard=2.0510 λM=0.0333 DURR(dir/res/hall)=0.7995/0.1910/0.0000 λD=1.000 route=104 E/S=53/51 rescue=1 empty=0 hall=0/0 FG/HBG/EBG=32/256/1280 grad=53.14
[E37] batch=120/153 pseudo=4 loss=4.2187 sfseg=4.0657 seg=0.2465 mard=2.0170 λM=0.0385 DURR(dir/res/hall)=0.7540/0.0000/0.0000 λD=1.000 route=174 E/S=136/38 rescue=0 empty=0 hall=0/0 FG/HBG/EBG=32/256/1280 grad=30.96
[E37] batch=130/153 pseudo=3 loss=6.0444 sfseg=5.8191 seg=0.4951 mard=2.1061 λM=0.0389 DURR(dir/res/hall)=1.4327/0.0000/0.0000 λD=1.000 route=252 E/S=198/54 rescue=0 empty=1 hall=0/0 FG/HBG/EBG=24/192/960 grad=72.87
[E37] batch=140/153 pseudo=4 loss=15.0488 sfseg=14.8094 seg=0.9574 mard=1.9961 λM=0.0351 DURR(dir/res/hall)=1.6927/0.0000/0.0000 λD=1.000 route=686 E/S=604/82 rescue=0 empty=0 hall=0/0 FG/HBG/EBG=32/256/1280 grad=222.18
[E37] batch=150/153 pseudo=1 loss=1.1605 sfseg=0.6001 seg=0.1784 mard=1.9766 λM=0.0390 DURR(dir/res/hall)=1.6570/0.0000/3.1763 λD=1.000 route=15 E/S=8/7 rescue=0 empty=3 hall=1/1159 FG/HBG/EBG=8/64/320 grad=22.52
[E37] batch=153/153 pseudo=4 loss=5.2951 sfseg=5.1265 seg=0.4712 mard=1.9657 λM=0.0190 DURR(dir/res/hall)=1.3129/0.0000/0.0001 λD=1.000 route=116 E/S=57/59 rescue=0 empty=1 hall=1/0 FG/HBG/EBG=32/256/896 grad=35.00

[Epoch 37] DONE time=37.7s valid=153 skipped=0 pseudo=541 anchors=483 mask_extra=58 reject_rel=25 DURRmatch=462/2195 rescue=8 teacher_empty=88 hall=33/5979 loss=5.8561 sfseg=5.6305 mard=2.0290 dir=1.1651 res=0.0044 hallL=0.4355 route E/S=27482/7057
[E38] batch=001/153 pseudo=4 loss=6.0476 sfseg=5.8305 seg=0.3379 mard=1.9937 λM=0.0369 DURR(dir/res/hall)=1.4348/0.0000/0.0000 λD=1.000 route=110 E/S=77/33 rescue=0 empty=0 hall=0/0 FG/HBG/EBG=32/256/1280 grad=36.87
[E38] batch=010/153 pseudo=3 loss=6.7930 sfseg=6.6293 seg=1.0800 mard=2.0437 λM=0.0304 DURR(dir/res/hall)=1.0154/0.0000/0.0000 λD=1.000 route=341 E/S=324/17 rescue=0 empty=1 hall=0/0 FG/HBG/EBG=24/192/960 grad=41.63
[E38] batch=020/153 pseudo=4 loss=5.2925 sfseg=5.1127 seg=0.4665 mard=1.9669 λM=0.0247 DURR(dir/res/hall)=1.3126/0.0000/0.0000 λD=1.000 route=104 E/S=75/29 rescue=0 empty=1 hall=0/0 FG/HBG/EBG=32/256/896 grad=59.78
[E38] batch=030/153 pseudo=4 loss=4.3858 sfseg=4.2410 seg=0.3770 mard=2.0564 λM=0.0301 DURR(dir/res/hall)=0.8277/0.0000/0.0000 λD=1.000 route=138 E/S=95/43 rescue=0 empty=0 hall=0/0 FG/HBG/EBG=32/256/1280 grad=31.89
[E38] batch=040/153 pseudo=3 loss=2.7999 sfseg=2.6417 seg=0.3609 mard=2.0021 λM=0.0302 DURR(dir/res/hall)=0.9767/0.0000/0.0000 λD=1.000 route=173 E/S=151/22 rescue=0 empty=1 hall=0/0 FG/HBG/EBG=24/192/960 grad=35.78
[E38] batch=050/153 pseudo=2 loss=2.9758 sfseg=2.7884 seg=0.5479 mard=2.0355 λM=0.0287 DURR(dir/res/hall)=1.2839/0.0000/0.0071 λD=1.000 route=380 E/S=343/37 rescue=0 empty=2 hall=2/0 FG/HBG/EBG=16/128/640 grad=21.55
[E38] batch=060/153 pseudo=3 loss=9.2062 sfseg=9.0421 seg=0.2048 mard=1.9935 λM=0.0348 DURR(dir/res/hall)=0.9473/0.0000/0.0000 λD=1.000 route=86 E/S=61/25 rescue=0 empty=1 hall=0/0 FG/HBG/EBG=24/192/960 grad=70.47
[E38] batch=070/153 pseudo=3 loss=4.3742 sfseg=3.6620 seg=0.3826 mard=2.0602 λM=0.0274 DURR(dir/res/hall)=1.1176/0.0000/5.4391 λD=1.000 route=98 E/S=51/47 rescue=0 empty=1 hall=1/280 FG/HBG/EBG=24/192/960 grad=33.48
[E38] batch=080/153 pseudo=4 loss=8.1605 sfseg=7.9914 seg=0.3362 mard=1.9771 λM=0.0326 DURR(dir/res/hall)=1.0462/0.0000/0.0000 λD=1.000 route=203 E/S=145/58 rescue=0 empty=0 hall=0/0 FG/HBG/EBG=32/256/1280 grad=156.74
[E38] batch=090/153 pseudo=3 loss=2.8919 sfseg=2.7034 seg=0.3055 mard=1.9808 λM=0.0265 DURR(dir/res/hall)=1.3593/0.0000/0.0000 λD=1.000 route=165 E/S=110/55 rescue=0 empty=1 hall=0/0 FG/HBG/EBG=24/192/960 grad=20.32
[E38] batch=100/153 pseudo=3 loss=4.5342 sfseg=4.3245 seg=0.5145 mard=2.0028 λM=0.0307 DURR(dir/res/hall)=1.4582/0.0122/0.0000 λD=1.000 route=347 E/S=334/13 rescue=1 empty=1 hall=0/0 FG/HBG/EBG=24/192/960 grad=41.86
[E38] batch=110/153 pseudo=3 loss=3.8617 sfseg=3.7076 seg=0.3570 mard=1.9866 λM=0.0262 DURR(dir/res/hall)=1.0200/0.0000/0.0000 λD=1.000 route=230 E/S=216/14 rescue=0 empty=1 hall=0/0 FG/HBG/EBG=24/192/960 grad=25.76
[E38] batch=120/153 pseudo=4 loss=6.0831 sfseg=5.9455 seg=0.6254 mard=2.0688 λM=0.0211 DURR(dir/res/hall)=0.9403/0.0000/0.0000 λD=1.000 route=293 E/S=262/31 rescue=0 empty=0 hall=0/0 FG/HBG/EBG=32/256/1280 grad=63.28
[E38] batch=130/153 pseudo=3 loss=5.7220 sfseg=5.5132 seg=0.7581 mard=2.0481 λM=0.0353 DURR(dir/res/hall)=1.3658/0.0000/0.0000 λD=1.000 route=226 E/S=161/65 rescue=0 empty=1 hall=0/0 FG/HBG/EBG=24/192/960 grad=86.39
[E38] batch=140/153 pseudo=3 loss=6.7142 sfseg=6.3555 seg=0.5794 mard=2.1124 λM=0.0273 DURR(dir/res/hall)=1.0648/0.0000/1.9454 λD=1.000 route=331 E/S=309/22 rescue=0 empty=1 hall=1/5 FG/HBG/EBG=24/192/960 grad=53.26
[E38] batch=150/153 pseudo=3 loss=5.2788 sfseg=5.1049 seg=0.6814 mard=2.0053 λM=0.0322 DURR(dir/res/hall)=1.0929/0.0000/0.0000 λD=1.000 route=64 E/S=32/32 rescue=0 empty=1 hall=0/0 FG/HBG/EBG=24/192/960 grad=26.01
[E38] batch=153/153 pseudo=4 loss=2.0453 sfseg=1.8417 seg=0.1733 mard=2.0414 λM=0.0413 DURR(dir/res/hall)=1.1925/0.0000/0.0000 λD=1.000 route=129 E/S=111/18 rescue=0 empty=0 hall=0/0 FG/HBG/EBG=32/256/1280 grad=25.99

[Epoch 38] DONE time=37.5s valid=153 skipped=0 pseudo=533 anchors=484 mask_extra=49 reject_rel=26 DURRmatch=461/2197 rescue=5 teacher_empty=99 hall=43/3544 loss=5.6520 sfseg=5.4391 mard=2.0298 dir=1.1582 res=0.0019 hallL=0.3199 route E/S=26188/6527
[E39] batch=001/153 pseudo=4 loss=7.5706 sfseg=7.3396 seg=0.5910 mard=1.9896 λM=0.0288 DURR(dir/res/hall)=1.7371/0.0000/0.0000 λD=1.000 route=185 E/S=161/24 rescue=0 empty=0 hall=0/0 FG/HBG/EBG=32/256/1280 grad=42.77
[E39] batch=010/153 pseudo=4 loss=3.8016 sfseg=3.6502 seg=0.3821 mard=2.1196 λM=0.0376 DURR(dir/res/hall)=0.7161/0.0000/0.0000 λD=1.000 route=164 E/S=110/54 rescue=0 empty=0 hall=0/0 FG/HBG/EBG=32/256/1280 grad=26.07
[E39] batch=020/153 pseudo=5 loss=7.6834 sfseg=7.4986 seg=0.6117 mard=2.0593 λM=0.0211 DURR(dir/res/hall)=1.4132/0.0000/0.0000 λD=1.000 route=248 E/S=197/51 rescue=0 empty=0 hall=0/0 FG/HBG/EBG=40/320/1216 grad=44.03
[E39] batch=030/153 pseudo=4 loss=4.7733 sfseg=4.5715 seg=0.3190 mard=2.0440 λM=0.0350 DURR(dir/res/hall)=1.3027/0.0000/0.0000 λD=1.000 route=155 E/S=144/11 rescue=0 empty=0 hall=0/0 FG/HBG/EBG=32/256/1280 grad=132.96
[E39] batch=040/153 pseudo=4 loss=4.8090 sfseg=4.6602 seg=0.3026 mard=2.0318 λM=0.0296 DURR(dir/res/hall)=0.8864/0.0000/0.0000 λD=1.000 route=187 E/S=131/56 rescue=0 empty=0 hall=0/0 FG/HBG/EBG=32/256/1280 grad=51.61
[E39] batch=050/153 pseudo=4 loss=8.7682 sfseg=8.5632 seg=1.0478 mard=2.0248 λM=0.0402 DURR(dir/res/hall)=1.2367/0.0000/0.0000 λD=1.000 route=210 E/S=169/41 rescue=0 empty=0 hall=0/0 FG/HBG/EBG=32/256/1280 grad=64.98
[E39] batch=060/153 pseudo=3 loss=6.5153 sfseg=6.3185 seg=1.0029 mard=2.0782 λM=0.0358 DURR(dir/res/hall)=1.2241/0.0000/0.0000 λD=1.000 route=246 E/S=186/60 rescue=0 empty=1 hall=0/0 FG/HBG/EBG=24/192/960 grad=61.60
[E39] batch=070/153 pseudo=3 loss=15.1852 sfseg=14.9602 seg=0.5713 mard=2.0059 λM=0.0281 DURR(dir/res/hall)=1.6869/0.0000/0.0005 λD=1.000 route=95 E/S=80/15 rescue=0 empty=1 hall=1/0 FG/HBG/EBG=24/192/960 grad=84.94
[E39] batch=080/153 pseudo=3 loss=3.2719 sfseg=3.0591 seg=0.2173 mard=2.0163 λM=0.0356 DURR(dir/res/hall)=1.4100/0.0000/0.0000 λD=1.000 route=338 E/S=317/21 rescue=0 empty=1 hall=0/0 FG/HBG/EBG=24/192/960 grad=69.83
[E39] batch=090/153 pseudo=3 loss=2.9185 sfseg=2.7738 seg=0.3909 mard=2.0786 λM=0.0401 DURR(dir/res/hall)=0.5966/0.0070/0.0020 λD=1.000 route=126 E/S=99/27 rescue=1 empty=1 hall=1/0 FG/HBG/EBG=24/192/960 grad=50.04
[E39] batch=100/153 pseudo=4 loss=6.6061 sfseg=6.3468 seg=0.3798 mard=1.9213 λM=0.0297 DURR(dir/res/hall)=2.0229/0.0000/0.0000 λD=1.000 route=82 E/S=57/25 rescue=0 empty=0 hall=0/0 FG/HBG/EBG=32/256/1280 grad=51.98
[E39] batch=110/153 pseudo=4 loss=3.4899 sfseg=3.3158 seg=0.2911 mard=1.9937 λM=0.0425 DURR(dir/res/hall)=0.8940/0.0000/0.0000 λD=1.000 route=315 E/S=235/80 rescue=0 empty=0 hall=0/0 FG/HBG/EBG=32/256/1280 grad=28.41
[E39] batch=120/153 pseudo=4 loss=4.3620 sfseg=4.1178 seg=0.2251 mard=1.9468 λM=0.0359 DURR(dir/res/hall)=1.4201/0.1609/0.0000 λD=1.000 route=143 E/S=114/29 rescue=1 empty=0 hall=0/0 FG/HBG/EBG=32/256/1280 grad=34.97
[E39] batch=130/153 pseudo=4 loss=7.9247 sfseg=7.7873 seg=0.9354 mard=2.0366 λM=0.0208 DURR(dir/res/hall)=0.9497/0.0000/0.0000 λD=1.000 route=344 E/S=289/55 rescue=0 empty=0 hall=0/0 FG/HBG/EBG=32/256/1280 grad=54.34
[E39] batch=140/153 pseudo=5 loss=7.2083 sfseg=7.0709 seg=0.2857 mard=2.0853 λM=0.0289 DURR(dir/res/hall)=0.7706/0.0000/0.0000 λD=1.000 route=139 E/S=82/57 rescue=0 empty=0 hall=0/0 FG/HBG/EBG=40/320/1216 grad=115.34
[E39] batch=150/153 pseudo=3 loss=3.3050 sfseg=3.1583 seg=0.3100 mard=1.9622 λM=0.0315 DURR(dir/res/hall)=0.8503/0.0000/0.0000 λD=1.000 route=147 E/S=93/54 rescue=0 empty=1 hall=0/0 FG/HBG/EBG=24/192/960 grad=24.99
[E39] batch=153/153 pseudo=4 loss=6.2546 sfseg=6.0765 seg=0.4758 mard=1.9973 λM=0.0279 DURR(dir/res/hall)=1.2231/0.0000/0.0000 λD=1.000 route=207 E/S=179/28 rescue=0 empty=0 hall=0/0 FG/HBG/EBG=32/256/1280 grad=40.80

[Epoch 39] DONE time=37.7s valid=153 skipped=0 pseudo=534 anchors=478 mask_extra=56 reject_rel=24 DURRmatch=452/2154 rescue=11 teacher_empty=99 hall=43/3168 loss=5.7346 sfseg=5.5172 mard=2.0218 dir=1.1727 res=0.0029 hallL=0.3512 route E/S=26812/6931
[E40] batch=001/153 pseudo=4 loss=5.3561 sfseg=5.2037 seg=0.3237 mard=2.1077 λM=0.0271 DURR(dir/res/hall)=0.9524/0.0000/0.0000 λD=1.000 route=492 E/S=371/121 rescue=0 empty=0 hall=0/0 FG/HBG/EBG=32/256/1280 grad=39.62
[E40] batch=010/153 pseudo=3 loss=5.0544 sfseg=4.8645 seg=0.5043 mard=2.0529 λM=0.0339 DURR(dir/res/hall)=1.2040/0.0000/0.0000 λD=1.000 route=128 E/S=69/59 rescue=0 empty=1 hall=0/0 FG/HBG/EBG=24/192/960 grad=23.92
[E40] batch=020/153 pseudo=3 loss=3.3705 sfseg=3.1948 seg=0.2825 mard=2.0241 λM=0.0270 DURR(dir/res/hall)=1.2116/0.0000/0.0000 λD=1.000 route=240 E/S=204/36 rescue=0 empty=1 hall=0/0 FG/HBG/EBG=24/192/960 grad=21.32
[E40] batch=030/153 pseudo=4 loss=4.3183 sfseg=4.1283 seg=0.3531 mard=2.0002 λM=0.0374 DURR(dir/res/hall)=1.1519/0.0000/0.0000 λD=1.000 route=235 E/S=182/53 rescue=0 empty=0 hall=0/0 FG/HBG/EBG=32/256/1280 grad=31.83
[E40] batch=040/153 pseudo=3 loss=3.5481 sfseg=3.3663 seg=0.3762 mard=1.9861 λM=0.0333 DURR(dir/res/hall)=1.1562/0.0000/0.0000 λD=1.000 route=344 E/S=295/49 rescue=0 empty=1 hall=0/0 FG/HBG/EBG=24/192/960 grad=22.60
[E40] batch=050/153 pseudo=2 loss=12.0658 sfseg=11.6571 seg=1.2213 mard=2.0961 λM=0.0219 DURR(dir/res/hall)=1.6055/0.0000/2.0222 λD=1.000 route=271 E/S=245/26 rescue=0 empty=2 hall=1/2 FG/HBG/EBG=16/128/640 grad=88.45
[E40] batch=060/153 pseudo=2 loss=5.4905 sfseg=4.8138 seg=0.4354 mard=1.9640 λM=0.0349 DURR(dir/res/hall)=1.4209/0.0000/4.6615 λD=1.000 route=92 E/S=22/70 rescue=0 empty=2 hall=1/469 FG/HBG/EBG=16/128/640 grad=41.41
[E40] batch=070/153 pseudo=2 loss=1.4218 sfseg=1.2730 seg=0.1971 mard=2.0357 λM=0.0413 DURR(dir/res/hall)=0.6471/0.0000/0.0000 λD=1.000 route=105 E/S=61/44 rescue=0 empty=2 hall=0/0 FG/HBG/EBG=16/128/640 grad=15.28
[E40] batch=080/153 pseudo=2 loss=2.7108 sfseg=2.5449 seg=0.4288 mard=2.0622 λM=0.0334 DURR(dir/res/hall)=0.9700/0.0000/0.0000 λD=1.000 route=179 E/S=128/51 rescue=0 empty=2 hall=0/0 FG/HBG/EBG=16/128/640 grad=24.81
[E40] batch=090/153 pseudo=2 loss=7.8530 sfseg=7.3051 seg=0.8647 mard=1.9885 λM=0.0266 DURR(dir/res/hall)=0.9361/0.0000/4.0134 λD=1.000 route=78 E/S=46/32 rescue=0 empty=2 hall=2/392 FG/HBG/EBG=16/128/640 grad=130.02
[E40] batch=100/153 pseudo=4 loss=3.0197 sfseg=2.8355 seg=0.1649 mard=1.9892 λM=0.0352 DURR(dir/res/hall)=1.1425/0.0000/0.0000 λD=1.000 route=232 E/S=190/42 rescue=0 empty=0 hall=0/0 FG/HBG/EBG=32/256/1280 grad=25.10
[E40] batch=110/153 pseudo=3 loss=6.6188 sfseg=6.4371 seg=0.5163 mard=2.0735 λM=0.0296 DURR(dir/res/hall)=1.2043/0.0000/0.0000 λD=1.000 route=337 E/S=298/39 rescue=0 empty=1 hall=0/0 FG/HBG/EBG=24/192/960 grad=70.50
[E40] batch=120/153 pseudo=4 loss=4.9967 sfseg=4.7835 seg=0.4080 mard=2.0613 λM=0.0391 DURR(dir/res/hall)=1.3263/0.0000/0.0000 λD=1.000 route=327 E/S=265/62 rescue=0 empty=0 hall=0/0 FG/HBG/EBG=32/256/1280 grad=32.46
[E40] batch=130/153 pseudo=3 loss=3.3931 sfseg=3.2016 seg=0.3297 mard=2.0030 λM=0.0284 DURR(dir/res/hall)=1.3461/0.0000/0.0008 λD=1.000 route=178 E/S=93/85 rescue=0 empty=1 hall=1/0 FG/HBG/EBG=24/192/960 grad=29.49
[E40] batch=140/153 pseudo=3 loss=6.3601 sfseg=6.1229 seg=0.5120 mard=1.9753 λM=0.0242 DURR(dir/res/hall)=1.8942/0.0000/0.0000 λD=1.000 route=53 E/S=48/5 rescue=0 empty=1 hall=0/0 FG/HBG/EBG=24/192/960 grad=67.86
[E40] batch=150/153 pseudo=5 loss=23.5696 sfseg=23.4296 seg=0.7559 mard=2.0475 λM=0.0251 DURR(dir/res/hall)=0.8850/0.0000/0.0000 λD=1.000 route=204 E/S=177/27 rescue=0 empty=0 hall=0/0 FG/HBG/EBG=40/320/1216 grad=351.03
[E40] batch=153/153 pseudo=5 loss=9.1191 sfseg=8.8813 seg=0.4834 mard=2.0656 λM=0.0406 DURR(dir/res/hall)=1.5390/0.0000/0.0000 λD=1.000 route=267 E/S=194/73 rescue=0 empty=0 hall=0/0 FG/HBG/EBG=40/320/1216 grad=97.87

[Epoch 40] DONE time=37.5s valid=153 skipped=0 pseudo=538 anchors=484 mask_extra=54 reject_rel=22 DURRmatch=459/2182 rescue=7 teacher_empty=95 hall=35/5509 loss=5.9369 sfseg=5.7120 mard=2.0240 dir=1.2147 res=0.0018 hallL=0.3803 route E/S=26750/7010
[SAVE Student] /home/dang/MedRT-SFOD/runs/seg/dense_sfseg/cvc_durr_v1_segmard_v2_60ep/checkpoints/durr_student_epoch_40.pt
[SAVE Teacher] /home/dang/MedRT-SFOD/runs/seg/dense_sfseg/cvc_durr_v1_segmard_v2_60ep/checkpoints/durr_teacher_ema_epoch_40.pt
[E41] batch=001/153 pseudo=4 loss=5.8360 sfseg=5.6486 seg=0.4549 mard=2.0473 λM=0.0240 DURR(dir/res/hall)=1.3829/0.0000/0.0000 λD=1.000 route=207 E/S=176/31 rescue=0 empty=0 hall=0/0 FG/HBG/EBG=32/256/1280 grad=50.03
[E41] batch=010/153 pseudo=3 loss=3.3651 sfseg=3.1971 seg=0.2373 mard=1.9888 λM=0.0392 DURR(dir/res/hall)=0.8983/0.0000/0.0014 λD=1.000 route=95 E/S=79/16 rescue=0 empty=1 hall=1/0 FG/HBG/EBG=24/192/960 grad=24.51
[E41] batch=020/153 pseudo=3 loss=3.7351 sfseg=3.5683 seg=0.3988 mard=2.0091 λM=0.0332 DURR(dir/res/hall)=1.0000/0.0000/0.0000 λD=1.000 route=198 E/S=183/15 rescue=0 empty=1 hall=0/0 FG/HBG/EBG=24/192/960 grad=30.34
[E41] batch=030/153 pseudo=4 loss=4.8457 sfseg=4.7029 seg=0.3662 mard=2.0806 λM=0.0326 DURR(dir/res/hall)=0.7496/0.0000/0.0000 λD=1.000 route=185 E/S=134/51 rescue=0 empty=0 hall=0/0 FG/HBG/EBG=32/256/1280 grad=125.97
[E41] batch=040/153 pseudo=3 loss=3.6264 sfseg=3.4573 seg=0.3488 mard=2.0250 λM=0.0383 DURR(dir/res/hall)=0.8935/0.0111/0.0000 λD=1.000 route=151 E/S=132/19 rescue=1 empty=1 hall=0/0 FG/HBG/EBG=24/192/960 grad=35.32
[E41] batch=050/153 pseudo=3 loss=2.2454 sfseg=2.0867 seg=0.2253 mard=2.0226 λM=0.0442 DURR(dir/res/hall)=0.6926/0.0000/0.0000 λD=1.000 route=100 E/S=68/32 rescue=0 empty=1 hall=0/0 FG/HBG/EBG=24/192/960 grad=22.47
[E41] batch=060/153 pseudo=3 loss=6.9917 sfseg=6.8295 seg=0.7969 mard=2.0150 λM=0.0290 DURR(dir/res/hall)=1.0384/0.0000/0.0000 λD=1.000 route=130 E/S=85/45 rescue=0 empty=1 hall=0/0 FG/HBG/EBG=24/192/960 grad=58.24
[E41] batch=070/153 pseudo=2 loss=3.9844 sfseg=3.8351 seg=0.4042 mard=1.9676 λM=0.0206 DURR(dir/res/hall)=1.0879/0.0000/0.0000 λD=1.000 route=101 E/S=83/18 rescue=0 empty=2 hall=0/0 FG/HBG/EBG=16/128/640 grad=65.20
[E41] batch=080/153 pseudo=4 loss=4.8358 sfseg=4.6795 seg=0.2346 mard=2.0220 λM=0.0346 DURR(dir/res/hall)=0.8628/0.0000/0.0000 λD=1.000 route=61 E/S=19/42 rescue=0 empty=0 hall=0/0 FG/HBG/EBG=32/256/1280 grad=62.94
[E41] batch=090/153 pseudo=2 loss=2.8529 sfseg=2.6050 seg=0.4891 mard=2.0235 λM=0.0400 DURR(dir/res/hall)=1.4646/0.1020/0.0000 λD=1.000 route=8 E/S=1/7 rescue=1 empty=2 hall=0/0 FG/HBG/EBG=16/128/640 grad=36.12
[E41] batch=100/153 pseudo=3 loss=3.1931 sfseg=2.5552 seg=0.2521 mard=2.0580 λM=0.0421 DURR(dir/res/hall)=0.7188/0.0000/4.7934 λD=1.000 route=177 E/S=119/58 rescue=0 empty=1 hall=1/634 FG/HBG/EBG=24/192/960 grad=34.34
[E41] batch=110/153 pseudo=5 loss=2.8507 sfseg=2.6685 seg=0.2361 mard=2.0390 λM=0.0375 DURR(dir/res/hall)=1.0587/0.0000/0.0000 λD=1.000 route=247 E/S=196/51 rescue=0 empty=0 hall=0/0 FG/HBG/EBG=40/320/1216 grad=18.67
[E41] batch=120/153 pseudo=5 loss=7.0772 sfseg=6.8917 seg=0.4028 mard=2.0822 λM=0.0281 DURR(dir/res/hall)=1.2690/0.0000/0.0000 λD=1.000 route=251 E/S=177/74 rescue=0 empty=0 hall=0/0 FG/HBG/EBG=40/320/1216 grad=47.19
[E41] batch=130/153 pseudo=4 loss=16.5601 sfseg=16.2918 seg=1.6033 mard=2.0230 λM=0.0252 DURR(dir/res/hall)=2.1735/0.0000/0.0000 λD=1.000 route=478 E/S=431/47 rescue=0 empty=0 hall=0/0 FG/HBG/EBG=32/256/1280 grad=47.10
[E41] batch=140/153 pseudo=3 loss=3.6610 sfseg=3.3081 seg=0.3074 mard=2.0234 λM=0.0380 DURR(dir/res/hall)=0.8441/0.0126/1.8919 λD=1.000 route=115 E/S=92/23 rescue=1 empty=1 hall=1/6 FG/HBG/EBG=24/192/960 grad=26.57
[E41] batch=150/153 pseudo=4 loss=5.1147 sfseg=4.9452 seg=0.2472 mard=2.0736 λM=0.0297 DURR(dir/res/hall)=1.0793/0.0000/0.0000 λD=1.000 route=446 E/S=415/31 rescue=0 empty=0 hall=0/0 FG/HBG/EBG=32/256/1280 grad=59.05
[E41] batch=153/153 pseudo=4 loss=4.3791 sfseg=4.2022 seg=0.5025 mard=2.0699 λM=0.0347 DURR(dir/res/hall)=1.0508/0.0000/0.0000 λD=1.000 route=130 E/S=91/39 rescue=0 empty=1 hall=0/0 FG/HBG/EBG=32/256/896 grad=39.65

[Epoch 41] DONE time=37.6s valid=153 skipped=0 pseudo=524 anchors=469 mask_extra=55 reject_rel=28 DURRmatch=448/2149 rescue=11 teacher_empty=103 hall=41/4407 loss=5.9735 sfseg=5.7648 mard=2.0292 dir=1.1906 res=0.0080 hallL=0.2202 route E/S=26116/6528
[E42] batch=001/153 pseudo=2 loss=1.4469 sfseg=1.2621 seg=0.1764 mard=2.1084 λM=0.0411 DURR(dir/res/hall)=0.9660/0.0000/0.0159 λD=1.000 route=71 E/S=60/11 rescue=0 empty=2 hall=1/0 FG/HBG/EBG=16/128/640 grad=18.45
[E42] batch=010/153 pseudo=4 loss=3.6525 sfseg=3.4786 seg=0.2757 mard=1.9824 λM=0.0357 DURR(dir/res/hall)=0.9441/0.0438/0.0000 λD=1.000 route=280 E/S=249/31 rescue=1 empty=0 hall=0/0 FG/HBG/EBG=32/256/1280 grad=30.04
[E42] batch=020/153 pseudo=3 loss=3.1828 sfseg=2.9964 seg=0.2951 mard=2.0692 λM=0.0400 DURR(dir/res/hall)=1.0357/0.0000/0.0000 λD=1.000 route=144 E/S=106/38 rescue=0 empty=1 hall=0/0 FG/HBG/EBG=24/192/960 grad=41.79
[E42] batch=030/153 pseudo=4 loss=3.8257 sfseg=3.6520 seg=0.2765 mard=1.9890 λM=0.0379 DURR(dir/res/hall)=0.9833/0.0000/0.0000 λD=1.000 route=334 E/S=263/71 rescue=0 empty=0 hall=0/0 FG/HBG/EBG=32/256/1280 grad=24.84
[E42] batch=040/153 pseudo=1 loss=2.1634 sfseg=1.9257 seg=0.4623 mard=2.0466 λM=0.0406 DURR(dir/res/hall)=1.5443/0.0000/0.0016 λD=1.000 route=43 E/S=39/4 rescue=0 empty=3 hall=2/0 FG/HBG/EBG=8/64/320 grad=21.15
[E42] batch=050/153 pseudo=4 loss=14.3645 sfseg=14.0979 seg=1.1189 mard=2.0288 λM=0.0345 DURR(dir/res/hall)=1.9647/0.0000/0.0000 λD=1.000 route=485 E/S=417/68 rescue=0 empty=0 hall=0/0 FG/HBG/EBG=32/256/1280 grad=226.82
[E42] batch=060/153 pseudo=3 loss=2.4557 sfseg=2.2740 seg=0.2237 mard=1.9949 λM=0.0412 DURR(dir/res/hall)=0.9948/0.0000/0.0003 λD=1.000 route=208 E/S=161/47 rescue=0 empty=1 hall=1/0 FG/HBG/EBG=24/192/960 grad=44.62
[E42] batch=070/153 pseudo=4 loss=4.0947 sfseg=3.9319 seg=0.2053 mard=2.0031 λM=0.0375 DURR(dir/res/hall)=0.8769/0.0000/0.0000 λD=1.000 route=280 E/S=222/58 rescue=0 empty=0 hall=0/0 FG/HBG/EBG=32/256/1280 grad=33.87
[E42] batch=080/153 pseudo=3 loss=4.0283 sfseg=3.8418 seg=0.2920 mard=2.0289 λM=0.0284 DURR(dir/res/hall)=1.2897/0.0000/0.0000 λD=1.000 route=227 E/S=183/44 rescue=0 empty=1 hall=0/0 FG/HBG/EBG=24/192/960 grad=24.40
[E42] batch=090/153 pseudo=3 loss=2.8145 sfseg=2.6467 seg=0.3457 mard=2.0775 λM=0.0395 DURR(dir/res/hall)=0.8572/0.0000/0.0001 λD=1.000 route=167 E/S=113/54 rescue=0 empty=1 hall=1/0 FG/HBG/EBG=24/192/960 grad=18.47
[E42] batch=100/153 pseudo=4 loss=4.1112 sfseg=3.9442 seg=0.2476 mard=2.0743 λM=0.0289 DURR(dir/res/hall)=1.0710/0.0000/0.0000 λD=1.000 route=276 E/S=213/63 rescue=0 empty=0 hall=0/0 FG/HBG/EBG=32/256/1280 grad=32.40
[E42] batch=110/153 pseudo=4 loss=7.7714 sfseg=7.5774 seg=0.6219 mard=1.9854 λM=0.0264 DURR(dir/res/hall)=1.4167/0.0000/0.0000 λD=1.000 route=192 E/S=136/56 rescue=0 empty=0 hall=0/0 FG/HBG/EBG=32/256/1280 grad=73.16
[E42] batch=120/153 pseudo=4 loss=4.2910 sfseg=4.1013 seg=0.1995 mard=1.9527 λM=0.0335 DURR(dir/res/hall)=1.2437/0.0000/0.0000 λD=1.000 route=111 E/S=35/76 rescue=0 empty=0 hall=0/0 FG/HBG/EBG=32/256/1280 grad=44.61
[E42] batch=130/153 pseudo=4 loss=4.9847 sfseg=4.8353 seg=0.2554 mard=2.0158 λM=0.0338 DURR(dir/res/hall)=0.8120/0.0000/0.0000 λD=1.000 route=132 E/S=64/68 rescue=0 empty=0 hall=0/0 FG/HBG/EBG=32/256/1280 grad=72.03
[E42] batch=140/153 pseudo=3 loss=2.1770 sfseg=1.9961 seg=0.1881 mard=2.0135 λM=0.0394 DURR(dir/res/hall)=1.0166/0.0000/0.0000 λD=1.000 route=133 E/S=111/22 rescue=0 empty=1 hall=0/0 FG/HBG/EBG=24/192/960 grad=22.71
[E42] batch=150/153 pseudo=4 loss=4.7168 sfseg=4.5243 seg=0.2776 mard=1.9702 λM=0.0258 DURR(dir/res/hall)=1.3854/0.0152/0.0000 λD=1.000 route=211 E/S=198/13 rescue=2 empty=0 hall=0/0 FG/HBG/EBG=32/256/1280 grad=26.00
[E42] batch=153/153 pseudo=4 loss=8.4621 sfseg=8.3211 seg=0.5334 mard=2.0061 λM=0.0263 DURR(dir/res/hall)=0.8825/0.0000/0.0000 λD=1.000 route=460 E/S=306/154 rescue=0 empty=0 hall=0/0 FG/HBG/EBG=32/256/1280 grad=57.66

[Epoch 42] DONE time=37.6s valid=153 skipped=0 pseudo=533 anchors=474 mask_extra=59 reject_rel=22 DURRmatch=450/2142 rescue=9 teacher_empty=96 hall=40/6744 loss=5.6197 sfseg=5.4033 mard=2.0302 dir=1.1719 res=0.0029 hallL=0.3456 route E/S=25068/6921
[E43] batch=001/153 pseudo=3 loss=3.7979 sfseg=3.6172 seg=0.2632 mard=2.0098 λM=0.0336 DURR(dir/res/hall)=1.1327/0.0000/0.0000 λD=1.000 route=324 E/S=322/2 rescue=0 empty=1 hall=0/0 FG/HBG/EBG=24/192/960 grad=30.34
[E43] batch=010/153 pseudo=4 loss=6.4242 sfseg=6.2777 seg=0.8275 mard=2.0017 λM=0.0369 DURR(dir/res/hall)=0.7254/0.0000/0.0000 λD=1.000 route=98 E/S=94/4 rescue=0 empty=0 hall=0/0 FG/HBG/EBG=32/256/1280 grad=37.95
[E43] batch=020/153 pseudo=5 loss=12.9863 sfseg=12.7924 seg=0.9131 mard=1.9998 λM=0.0202 DURR(dir/res/hall)=1.5355/0.0000/0.0000 λD=1.000 route=608 E/S=533/75 rescue=0 empty=0 hall=0/0 FG/HBG/EBG=40/256/1280 grad=99.46
[E43] batch=030/153 pseudo=5 loss=11.0336 sfseg=10.9037 seg=0.4859 mard=1.9640 λM=0.0244 DURR(dir/res/hall)=0.8189/0.0000/0.0000 λD=1.000 route=259 E/S=127/132 rescue=0 empty=0 hall=0/0 FG/HBG/EBG=40/320/1216 grad=145.74
[E43] batch=040/153 pseudo=2 loss=3.7696 sfseg=3.1940 seg=0.6944 mard=2.0148 λM=0.0304 DURR(dir/res/hall)=0.9498/0.0000/4.1935 λD=1.000 route=285 E/S=97/188 rescue=0 empty=2 hall=1/2001 FG/HBG/EBG=16/128/640 grad=27.26
[E43] batch=050/153 pseudo=5 loss=5.8983 sfseg=5.7557 seg=0.4339 mard=2.0719 λM=0.0222 DURR(dir/res/hall)=0.8562/0.0548/0.0000 λD=1.000 route=108 E/S=96/12 rescue=1 empty=0 hall=0/0 FG/HBG/EBG=40/256/1280 grad=28.68
[E43] batch=060/153 pseudo=4 loss=4.4587 sfseg=4.3123 seg=0.2836 mard=2.0705 λM=0.0344 DURR(dir/res/hall)=0.7514/0.0000/0.0000 λD=1.000 route=216 E/S=172/44 rescue=0 empty=0 hall=0/0 FG/HBG/EBG=32/256/1280 grad=62.08
[E43] batch=070/153 pseudo=3 loss=4.4002 sfseg=4.2682 seg=0.4117 mard=2.0990 λM=0.0414 DURR(dir/res/hall)=0.4504/0.0000/0.0010 λD=1.000 route=119 E/S=89/30 rescue=0 empty=1 hall=1/0 FG/HBG/EBG=24/192/960 grad=56.54
[E43] batch=080/153 pseudo=5 loss=3.9861 sfseg=3.8073 seg=0.3183 mard=2.0046 λM=0.0334 DURR(dir/res/hall)=1.1181/0.0000/0.0000 λD=1.000 route=178 E/S=100/78 rescue=0 empty=0 hall=0/0 FG/HBG/EBG=40/256/1280 grad=40.77
[E43] batch=090/153 pseudo=3 loss=1.7842 sfseg=1.6032 seg=0.1927 mard=2.0290 λM=0.0420 DURR(dir/res/hall)=0.9579/0.0000/0.0000 λD=1.000 route=96 E/S=74/22 rescue=0 empty=1 hall=0/0 FG/HBG/EBG=24/192/960 grad=16.91
[E43] batch=100/153 pseudo=3 loss=3.3232 sfseg=3.1479 seg=0.3102 mard=2.0446 λM=0.0362 DURR(dir/res/hall)=1.0123/0.0000/0.0000 λD=1.000 route=82 E/S=64/18 rescue=0 empty=1 hall=0/0 FG/HBG/EBG=24/192/960 grad=27.53
[E43] batch=110/153 pseudo=4 loss=6.2100 sfseg=5.9812 seg=0.2586 mard=1.9693 λM=0.0309 DURR(dir/res/hall)=1.6802/0.0000/0.0000 λD=1.000 route=83 E/S=58/25 rescue=0 empty=0 hall=0/0 FG/HBG/EBG=32/256/1280 grad=58.54
[E43] batch=120/153 pseudo=4 loss=4.1925 sfseg=4.0043 seg=0.3276 mard=2.0664 λM=0.0379 DURR(dir/res/hall)=1.0990/0.0000/0.0000 λD=1.000 route=192 E/S=113/79 rescue=0 empty=0 hall=0/0 FG/HBG/EBG=32/256/1280 grad=22.95
[E43] batch=130/153 pseudo=3 loss=2.8344 sfseg=2.7079 seg=0.4288 mard=2.0747 λM=0.0403 DURR(dir/res/hall)=0.4292/0.0000/0.0002 λD=1.000 route=117 E/S=93/24 rescue=0 empty=1 hall=1/0 FG/HBG/EBG=24/192/960 grad=19.05
[E43] batch=140/153 pseudo=4 loss=5.0157 sfseg=4.8329 seg=0.4781 mard=2.0207 λM=0.0385 DURR(dir/res/hall)=1.0493/0.0000/0.0000 λD=1.000 route=495 E/S=428/67 rescue=0 empty=0 hall=0/0 FG/HBG/EBG=32/256/1280 grad=23.66
[E43] batch=150/153 pseudo=4 loss=7.5551 sfseg=7.3634 seg=0.3185 mard=1.9713 λM=0.0200 DURR(dir/res/hall)=1.5231/0.0000/0.0000 λD=1.000 route=160 E/S=143/17 rescue=0 empty=0 hall=0/0 FG/HBG/EBG=32/256/1280 grad=68.33
[E43] batch=153/153 pseudo=4 loss=12.3647 sfseg=12.1908 seg=1.4149 mard=2.0266 λM=0.0264 DURR(dir/res/hall)=1.2054/0.0000/0.0000 λD=1.000 route=418 E/S=390/28 rescue=0 empty=0 hall=0/0 FG/HBG/EBG=32/256/1280 grad=142.85

[Epoch 43] DONE time=38.0s valid=153 skipped=0 pseudo=529 anchors=479 mask_extra=50 reject_rel=27 DURRmatch=456/2173 rescue=10 teacher_empty=103 hall=41/7824 loss=5.3760 sfseg=5.1633 mard=2.0285 dir=1.1140 res=0.0044 hallL=0.3538 route E/S=26150/6804
[E44] batch=001/153 pseudo=4 loss=3.7720 sfseg=3.5923 seg=0.3729 mard=2.0629 λM=0.0446 DURR(dir/res/hall)=0.8769/0.0000/0.0000 λD=1.000 route=193 E/S=138/55 rescue=0 empty=0 hall=0/0 FG/HBG/EBG=32/256/1280 grad=21.83
[E44] batch=010/153 pseudo=4 loss=2.8152 sfseg=2.6614 seg=0.2523 mard=2.0549 λM=0.0404 DURR(dir/res/hall)=0.7070/0.0000/0.0000 λD=1.000 route=161 E/S=87/74 rescue=0 empty=0 hall=0/0 FG/HBG/EBG=32/256/1280 grad=20.11
[E44] batch=020/153 pseudo=3 loss=3.8125 sfseg=3.5988 seg=0.4770 mard=1.9874 λM=0.0426 DURR(dir/res/hall)=1.2880/0.0000/0.0016 λD=1.000 route=118 E/S=88/30 rescue=0 empty=1 hall=1/0 FG/HBG/EBG=24/192/960 grad=23.01
[E44] batch=030/153 pseudo=4 loss=5.1221 sfseg=4.9698 seg=0.3598 mard=2.0081 λM=0.0236 DURR(dir/res/hall)=1.0482/0.0000/0.0000 λD=1.000 route=212 E/S=131/81 rescue=0 empty=0 hall=0/0 FG/HBG/EBG=32/256/1280 grad=30.69
[E44] batch=040/153 pseudo=4 loss=21.5284 sfseg=21.3516 seg=0.8357 mard=2.0428 λM=0.0199 DURR(dir/res/hall)=1.3629/0.0000/0.0000 λD=1.000 route=493 E/S=450/43 rescue=0 empty=0 hall=0/0 FG/HBG/EBG=32/256/1280 grad=183.15
[E44] batch=050/153 pseudo=5 loss=9.0100 sfseg=8.8693 seg=0.8064 mard=2.0434 λM=0.0245 DURR(dir/res/hall)=0.9061/0.0000/0.0000 λD=1.000 route=546 E/S=356/190 rescue=0 empty=0 hall=0/0 FG/HBG/EBG=40/256/1280 grad=45.68
[E44] batch=060/153 pseudo=1 loss=1.2661 sfseg=0.8642 seg=0.1965 mard=2.0281 λM=0.0435 DURR(dir/res/hall)=1.3218/0.0000/1.8150 λD=1.000 route=17 E/S=9/8 rescue=0 empty=3 hall=2/2 FG/HBG/EBG=8/64/320 grad=16.01
[E44] batch=070/153 pseudo=4 loss=4.1819 sfseg=4.0123 seg=0.2379 mard=2.0070 λM=0.0323 DURR(dir/res/hall)=1.0492/0.0000/0.0000 λD=1.000 route=203 E/S=154/49 rescue=0 empty=0 hall=0/0 FG/HBG/EBG=32/256/1280 grad=46.32
[E44] batch=080/153 pseudo=3 loss=1.9911 sfseg=1.8358 seg=0.2344 mard=1.9849 λM=0.0400 DURR(dir/res/hall)=0.7570/0.0000/0.0024 λD=1.000 route=112 E/S=72/40 rescue=0 empty=1 hall=1/0 FG/HBG/EBG=24/192/960 grad=27.50
[E44] batch=090/153 pseudo=4 loss=3.0897 sfseg=2.9270 seg=0.2146 mard=2.0626 λM=0.0294 DURR(dir/res/hall)=1.0201/0.0000/0.0000 λD=1.000 route=266 E/S=235/31 rescue=0 empty=0 hall=0/0 FG/HBG/EBG=32/256/1280 grad=21.94
[E44] batch=100/153 pseudo=3 loss=7.4567 sfseg=7.3120 seg=0.9198 mard=1.9640 λM=0.0161 DURR(dir/res/hall)=1.1303/0.0000/0.0002 λD=1.000 route=195 E/S=138/57 rescue=0 empty=2 hall=1/0 FG/HBG/EBG=24/128/640 grad=69.47
[E44] batch=110/153 pseudo=4 loss=6.0918 sfseg=5.9127 seg=0.3032 mard=2.0508 λM=0.0391 DURR(dir/res/hall)=0.9889/0.0000/0.0000 λD=1.000 route=332 E/S=230/102 rescue=0 empty=0 hall=0/0 FG/HBG/EBG=32/256/1280 grad=30.95
[E44] batch=120/153 pseudo=4 loss=4.0036 sfseg=3.8248 seg=0.2114 mard=2.0075 λM=0.0358 DURR(dir/res/hall)=1.0689/0.0000/0.0000 λD=1.000 route=200 E/S=173/27 rescue=0 empty=0 hall=0/0 FG/HBG/EBG=32/256/1280 grad=30.35
[E44] batch=130/153 pseudo=4 loss=4.9517 sfseg=4.8640 seg=0.4894 mard=2.0077 λM=0.0275 DURR(dir/res/hall)=0.3251/0.0000/0.0000 λD=1.000 route=37 E/S=10/27 rescue=0 empty=1 hall=0/0 FG/HBG/EBG=32/256/896 grad=66.09
[E44] batch=140/153 pseudo=3 loss=5.0186 sfseg=4.8442 seg=0.4530 mard=2.0841 λM=0.0312 DURR(dir/res/hall)=1.0931/0.0000/0.0004 λD=1.000 route=418 E/S=381/37 rescue=0 empty=1 hall=1/0 FG/HBG/EBG=24/192/960 grad=30.06
[E44] batch=150/153 pseudo=4 loss=12.3971 sfseg=12.2695 seg=1.0802 mard=2.0768 λM=0.0166 DURR(dir/res/hall)=0.9316/0.0000/0.0000 λD=1.000 route=192 E/S=133/59 rescue=0 empty=0 hall=0/0 FG/HBG/EBG=32/256/1280 grad=58.13
[E44] batch=153/153 pseudo=3 loss=2.4591 sfseg=2.2690 seg=0.2679 mard=1.9955 λM=0.0305 DURR(dir/res/hall)=1.2931/0.0000/0.0000 λD=1.000 route=121 E/S=98/23 rescue=0 empty=1 hall=0/0 FG/HBG/EBG=24/192/960 grad=22.27

[Epoch 44] DONE time=37.7s valid=153 skipped=0 pseudo=542 anchors=484 mask_extra=58 reject_rel=22 DURRmatch=460/2215 rescue=8 teacher_empty=89 hall=37/3687 loss=5.5159 sfseg=5.3100 mard=2.0198 dir=1.1422 res=0.0037 hallL=0.2684 route E/S=26642/6938
[E45] batch=001/153 pseudo=3 loss=6.7967 sfseg=6.6611 seg=0.6507 mard=2.0304 λM=0.0336 DURR(dir/res/hall)=0.6730/0.0000/0.0005 λD=1.000 route=144 E/S=108/36 rescue=0 empty=1 hall=1/0 FG/HBG/EBG=24/192/960 grad=113.82
[E45] batch=010/153 pseudo=3 loss=1.8748 sfseg=1.7267 seg=0.1990 mard=2.0662 λM=0.0400 DURR(dir/res/hall)=0.6546/0.0000/0.0000 λD=1.000 route=199 E/S=157/42 rescue=0 empty=1 hall=0/0 FG/HBG/EBG=24/192/960 grad=19.41
[E45] batch=020/153 pseudo=3 loss=2.2886 sfseg=2.1272 seg=0.2199 mard=2.0092 λM=0.0301 DURR(dir/res/hall)=1.0096/0.0000/0.0002 λD=1.000 route=78 E/S=61/17 rescue=0 empty=1 hall=1/0 FG/HBG/EBG=24/192/960 grad=25.33
[E45] batch=030/153 pseudo=3 loss=5.3364 sfseg=5.1100 seg=0.4645 mard=2.0370 λM=0.0269 DURR(dir/res/hall)=1.7161/0.0000/0.0000 λD=1.000 route=425 E/S=410/15 rescue=0 empty=1 hall=0/0 FG/HBG/EBG=24/192/960 grad=70.95
[E45] batch=040/153 pseudo=4 loss=18.7585 sfseg=18.5379 seg=0.9069 mard=2.0303 λM=0.0353 DURR(dir/res/hall)=1.4886/0.0000/0.0000 λD=1.000 route=278 E/S=240/38 rescue=0 empty=0 hall=0/0 FG/HBG/EBG=32/256/1280 grad=71.05
[E45] batch=050/153 pseudo=5 loss=6.4349 sfseg=6.2379 seg=0.6123 mard=2.0240 λM=0.0355 DURR(dir/res/hall)=1.2512/0.0000/0.0000 λD=1.000 route=705 E/S=619/86 rescue=0 empty=0 hall=0/0 FG/HBG/EBG=40/320/1216 grad=48.37
[E45] batch=060/153 pseudo=2 loss=1.3047 sfseg=1.1217 seg=0.1654 mard=1.9977 λM=0.0387 DURR(dir/res/hall)=1.0157/0.0202/0.0000 λD=1.000 route=19 E/S=18/1 rescue=1 empty=2 hall=0/0 FG/HBG/EBG=16/128/640 grad=15.37
[E45] batch=070/153 pseudo=2 loss=5.6854 sfseg=5.1319 seg=0.6653 mard=2.0963 λM=0.0195 DURR(dir/res/hall)=1.3248/0.0000/3.8009 λD=1.000 route=175 E/S=163/12 rescue=0 empty=2 hall=1/856 FG/HBG/EBG=16/128/640 grad=50.76
[E45] batch=080/153 pseudo=4 loss=3.5788 sfseg=3.3968 seg=0.1856 mard=2.1027 λM=0.0374 DURR(dir/res/hall)=1.0330/0.0000/0.0000 λD=1.000 route=210 E/S=180/30 rescue=0 empty=0 hall=0/0 FG/HBG/EBG=32/256/1280 grad=57.75
[E45] batch=090/153 pseudo=4 loss=5.0290 sfseg=4.8441 seg=0.4570 mard=2.0140 λM=0.0350 DURR(dir/res/hall)=1.1448/0.0000/0.0000 λD=1.000 route=127 E/S=84/43 rescue=0 empty=0 hall=0/0 FG/HBG/EBG=32/256/1280 grad=50.53
[E45] batch=100/153 pseudo=2 loss=2.4551 sfseg=2.2480 seg=0.2641 mard=2.1248 λM=0.0438 DURR(dir/res/hall)=1.1389/0.0000/0.0000 λD=1.000 route=147 E/S=113/34 rescue=0 empty=2 hall=0/0 FG/HBG/EBG=16/128/640 grad=43.31
[E45] batch=110/153 pseudo=4 loss=4.2755 sfseg=4.0985 seg=0.3091 mard=2.0530 λM=0.0294 DURR(dir/res/hall)=1.1655/0.0000/0.0000 λD=1.000 route=104 E/S=70/34 rescue=0 empty=0 hall=0/0 FG/HBG/EBG=32/256/1280 grad=44.47
[E45] batch=120/153 pseudo=4 loss=6.3108 sfseg=6.1966 seg=0.4757 mard=1.9703 λM=0.0267 DURR(dir/res/hall)=0.6149/0.0000/0.0000 λD=1.000 route=191 E/S=105/86 rescue=0 empty=0 hall=0/0 FG/HBG/EBG=32/256/1280 grad=30.59
[E45] batch=130/153 pseudo=4 loss=7.0333 sfseg=6.8750 seg=0.7347 mard=2.0204 λM=0.0274 DURR(dir/res/hall)=1.0274/0.0000/0.0035 λD=1.000 route=235 E/S=183/52 rescue=0 empty=1 hall=1/0 FG/HBG/EBG=32/192/960 grad=51.35
[E45] batch=140/153 pseudo=4 loss=4.3784 sfseg=4.2011 seg=0.3077 mard=2.0125 λM=0.0367 DURR(dir/res/hall)=1.0343/0.0000/0.0000 λD=1.000 route=100 E/S=73/27 rescue=0 empty=0 hall=0/0 FG/HBG/EBG=32/256/1280 grad=28.82
[E45] batch=150/153 pseudo=1 loss=0.7715 sfseg=0.6149 seg=0.2657 mard=2.1186 λM=0.0432 DURR(dir/res/hall)=0.6341/0.0000/0.0171 λD=1.000 route=35 E/S=34/1 rescue=0 empty=3 hall=1/0 FG/HBG/EBG=8/64/320 grad=10.37
[E45] batch=153/153 pseudo=4 loss=21.1056 sfseg=20.8634 seg=1.6427 mard=2.0352 λM=0.0252 DURR(dir/res/hall)=1.9097/0.0000/0.0000 λD=1.000 route=310 E/S=243/67 rescue=0 empty=0 hall=0/0 FG/HBG/EBG=32/256/1280 grad=145.87

[Epoch 45] DONE time=37.8s valid=153 skipped=0 pseudo=535 anchors=487 mask_extra=48 reject_rel=27 DURRmatch=468/2242 rescue=9 teacher_empty=97 hall=38/6023 loss=5.4528 sfseg=5.2387 mard=2.0317 dir=1.1592 res=0.0038 hallL=0.3260 route E/S=27412/6928
[E46] batch=001/153 pseudo=3 loss=2.2480 sfseg=2.0831 seg=0.2091 mard=2.1019 λM=0.0350 DURR(dir/res/hall)=0.9130/0.0000/0.0000 λD=1.000 route=90 E/S=58/32 rescue=0 empty=1 hall=0/0 FG/HBG/EBG=24/192/960 grad=67.82
[E46] batch=010/153 pseudo=1 loss=2.8798 sfseg=2.5687 seg=1.0441 mard=1.9947 λM=0.0169 DURR(dir/res/hall)=2.7652/0.0000/0.0084 λD=1.000 route=58 E/S=0/58 rescue=0 empty=3 hall=1/0 FG/HBG/EBG=8/64/320 grad=22.02
[E46] batch=020/153 pseudo=4 loss=8.4540 sfseg=8.2340 seg=0.2926 mard=2.0248 λM=0.0305 DURR(dir/res/hall)=1.5830/0.0000/0.0000 λD=1.000 route=172 E/S=105/67 rescue=0 empty=0 hall=0/0 FG/HBG/EBG=32/256/1280 grad=35.71
[E46] batch=030/153 pseudo=5 loss=4.3660 sfseg=4.1406 seg=0.2675 mard=2.0413 λM=0.0383 DURR(dir/res/hall)=1.4714/0.0000/0.0000 λD=1.000 route=199 E/S=156/43 rescue=0 empty=0 hall=0/0 FG/HBG/EBG=40/320/1216 grad=34.11
[E46] batch=040/153 pseudo=3 loss=3.5156 sfseg=3.3252 seg=0.4002 mard=2.0200 λM=0.0403 DURR(dir/res/hall)=1.0892/0.0000/0.0000 λD=1.000 route=393 E/S=352/41 rescue=0 empty=1 hall=0/0 FG/HBG/EBG=24/192/960 grad=35.88
[E46] batch=050/153 pseudo=2 loss=4.6265 sfseg=4.4278 seg=0.9235 mard=2.0200 λM=0.0356 DURR(dir/res/hall)=1.2671/0.0000/0.0003 λD=1.000 route=288 E/S=196/92 rescue=0 empty=2 hall=1/0 FG/HBG/EBG=16/128/640 grad=53.78
[E46] batch=060/153 pseudo=2 loss=2.8595 sfseg=2.6669 seg=0.3372 mard=2.0839 λM=0.0162 DURR(dir/res/hall)=1.5883/0.0000/0.0002 λD=1.000 route=124 E/S=113/11 rescue=0 empty=2 hall=1/0 FG/HBG/EBG=16/128/640 grad=17.04
[E46] batch=070/153 pseudo=4 loss=15.5431 sfseg=15.4029 seg=0.9574 mard=2.0216 λM=0.0324 DURR(dir/res/hall)=0.7469/0.0000/0.0000 λD=1.000 route=493 E/S=400/93 rescue=0 empty=0 hall=0/0 FG/HBG/EBG=32/256/1280 grad=159.82
[E46] batch=080/153 pseudo=4 loss=8.1230 sfseg=7.8812 seg=0.5908 mard=2.0268 λM=0.0227 DURR(dir/res/hall)=1.9579/0.0000/0.0000 λD=1.000 route=291 E/S=268/23 rescue=0 empty=0 hall=0/0 FG/HBG/EBG=32/256/1280 grad=48.26
[E46] batch=090/153 pseudo=4 loss=4.0442 sfseg=3.8593 seg=0.4050 mard=1.9986 λM=0.0240 DURR(dir/res/hall)=1.3693/0.0000/0.0000 λD=1.000 route=184 E/S=111/73 rescue=0 empty=0 hall=0/0 FG/HBG/EBG=32/256/1280 grad=42.63
[E46] batch=100/153 pseudo=4 loss=10.7142 sfseg=10.4964 seg=0.7594 mard=2.0070 λM=0.0334 DURR(dir/res/hall)=1.5083/0.0000/0.0000 λD=1.000 route=156 E/S=108/48 rescue=0 empty=0 hall=0/0 FG/HBG/EBG=32/256/1280 grad=90.44
[E46] batch=110/153 pseudo=4 loss=4.8965 sfseg=4.7258 seg=0.4037 mard=1.9798 λM=0.0323 DURR(dir/res/hall)=1.0686/0.0000/0.0000 λD=1.000 route=257 E/S=185/72 rescue=0 empty=0 hall=0/0 FG/HBG/EBG=32/256/1280 grad=25.96
[E46] batch=120/153 pseudo=4 loss=4.9940 sfseg=4.7905 seg=0.4688 mard=2.0302 λM=0.0379 DURR(dir/res/hall)=1.2648/0.0000/0.0000 λD=1.000 route=233 E/S=176/57 rescue=0 empty=0 hall=0/0 FG/HBG/EBG=32/256/1280 grad=28.42
[E46] batch=130/153 pseudo=3 loss=8.4023 sfseg=8.2245 seg=0.5780 mard=2.0606 λM=0.0218 DURR(dir/res/hall)=1.3298/0.0000/0.0000 λD=1.000 route=562 E/S=538/24 rescue=0 empty=1 hall=0/0 FG/HBG/EBG=24/192/960 grad=48.06
[E46] batch=140/153 pseudo=2 loss=1.2083 sfseg=1.0118 seg=0.1994 mard=2.0662 λM=0.0394 DURR(dir/res/hall)=1.1484/0.0000/0.0010 λD=1.000 route=191 E/S=179/12 rescue=0 empty=2 hall=1/0 FG/HBG/EBG=16/128/640 grad=15.40
[E46] batch=150/153 pseudo=5 loss=10.9734 sfseg=10.7707 seg=0.4883 mard=2.0453 λM=0.0327 DURR(dir/res/hall)=1.3590/0.0000/0.0000 λD=1.000 route=459 E/S=416/43 rescue=0 empty=0 hall=0/0 FG/HBG/EBG=40/320/1216 grad=116.50
[E46] batch=153/153 pseudo=5 loss=3.9755 sfseg=3.7601 seg=0.3126 mard=2.0150 λM=0.0344 DURR(dir/res/hall)=1.4602/0.0000/0.0000 λD=1.000 route=137 E/S=64/73 rescue=0 empty=0 hall=0/0 FG/HBG/EBG=40/320/1216 grad=24.15

[Epoch 46] DONE time=37.5s valid=153 skipped=0 pseudo=539 anchors=482 mask_extra=57 reject_rel=15 DURRmatch=458/2185 rescue=11 teacher_empty=94 hall=37/4976 loss=5.9993 sfseg=5.7883 mard=2.0275 dir=1.1720 res=0.0045 hallL=0.2846 route E/S=26447/7284
[E47] batch=001/153 pseudo=3 loss=3.1246 sfseg=2.9633 seg=0.2469 mard=2.0883 λM=0.0292 DURR(dir/res/hall)=1.0031/0.0000/0.0002 λD=1.000 route=51 E/S=25/26 rescue=0 empty=1 hall=1/0 FG/HBG/EBG=24/192/960 grad=105.20
[E47] batch=010/153 pseudo=4 loss=4.9321 sfseg=4.7517 seg=0.3079 mard=2.0300 λM=0.0301 DURR(dir/res/hall)=1.1925/0.0000/0.0000 λD=1.000 route=66 E/S=47/19 rescue=0 empty=0 hall=0/0 FG/HBG/EBG=32/256/1280 grad=26.91
[E47] batch=020/153 pseudo=4 loss=6.9625 sfseg=6.8106 seg=0.2574 mard=2.0126 λM=0.0314 DURR(dir/res/hall)=0.8869/0.0000/0.0000 λD=1.000 route=89 E/S=55/34 rescue=0 empty=0 hall=0/0 FG/HBG/EBG=32/256/1280 grad=72.62
[E47] batch=030/153 pseudo=4 loss=7.6970 sfseg=7.5082 seg=0.6036 mard=1.9316 λM=0.0276 DURR(dir/res/hall)=1.3544/0.0000/0.0000 λD=1.000 route=255 E/S=248/7 rescue=0 empty=0 hall=0/0 FG/HBG/EBG=32/256/1280 grad=40.05
[E47] batch=040/153 pseudo=3 loss=8.0092 sfseg=7.8589 seg=1.0971 mard=2.0597 λM=0.0384 DURR(dir/res/hall)=0.7117/0.0000/0.0000 λD=1.000 route=139 E/S=91/48 rescue=0 empty=1 hall=0/0 FG/HBG/EBG=24/192/960 grad=90.20
[E47] batch=050/153 pseudo=3 loss=3.3099 sfseg=3.1172 seg=0.2548 mard=2.0358 λM=0.0367 DURR(dir/res/hall)=1.1800/0.0000/0.0000 λD=1.000 route=109 E/S=65/44 rescue=0 empty=1 hall=0/0 FG/HBG/EBG=24/192/960 grad=114.91
[E47] batch=060/153 pseudo=4 loss=18.7202 sfseg=18.5723 seg=0.7250 mard=2.0113 λM=0.0349 DURR(dir/res/hall)=0.7764/0.0000/0.0000 λD=1.000 route=72 E/S=33/39 rescue=0 empty=1 hall=0/0 FG/HBG/EBG=32/256/896 grad=39.08
[E47] batch=070/153 pseudo=5 loss=5.6197 sfseg=5.4083 seg=0.4329 mard=2.0540 λM=0.0326 DURR(dir/res/hall)=1.4450/0.0000/0.0000 λD=1.000 route=183 E/S=77/106 rescue=0 empty=0 hall=0/0 FG/HBG/EBG=40/320/1216 grad=33.36
[E47] batch=080/153 pseudo=4 loss=4.0914 sfseg=3.9110 seg=0.3401 mard=1.9881 λM=0.0292 DURR(dir/res/hall)=1.2232/0.0000/0.0000 λD=1.000 route=207 E/S=200/7 rescue=0 empty=0 hall=0/0 FG/HBG/EBG=32/256/1280 grad=25.74
[E47] batch=090/153 pseudo=3 loss=3.5337 sfseg=3.3668 seg=0.3368 mard=2.0521 λM=0.0345 DURR(dir/res/hall)=0.9597/0.0000/0.0004 λD=1.000 route=111 E/S=91/20 rescue=0 empty=1 hall=1/0 FG/HBG/EBG=24/192/960 grad=22.98
[E47] batch=100/153 pseudo=3 loss=3.1697 sfseg=2.9308 seg=0.2143 mard=1.9549 λM=0.0387 DURR(dir/res/hall)=1.2499/0.1909/0.0000 λD=1.000 route=51 E/S=20/31 rescue=1 empty=1 hall=0/0 FG/HBG/EBG=24/192/960 grad=18.47
[E47] batch=110/153 pseudo=3 loss=3.4956 sfseg=3.3471 seg=0.3379 mard=2.0263 λM=0.0234 DURR(dir/res/hall)=1.0097/0.0000/0.0014 λD=1.000 route=170 E/S=106/64 rescue=0 empty=1 hall=1/0 FG/HBG/EBG=24/192/960 grad=34.46
[E47] batch=120/153 pseudo=4 loss=3.6773 sfseg=3.5066 seg=0.3856 mard=2.0290 λM=0.0249 DURR(dir/res/hall)=1.2027/0.0000/0.0000 λD=1.000 route=162 E/S=124/38 rescue=0 empty=1 hall=0/0 FG/HBG/EBG=32/256/896 grad=21.00
[E47] batch=130/153 pseudo=4 loss=5.8806 sfseg=5.7276 seg=0.3515 mard=2.0093 λM=0.0288 DURR(dir/res/hall)=0.9510/0.0000/0.0000 λD=1.000 route=298 E/S=225/73 rescue=0 empty=0 hall=0/0 FG/HBG/EBG=32/256/1280 grad=55.50
[E47] batch=140/153 pseudo=4 loss=5.3941 sfseg=5.2254 seg=0.4619 mard=2.0098 λM=0.0297 DURR(dir/res/hall)=1.0908/0.0000/0.0000 λD=1.000 route=471 E/S=450/21 rescue=0 empty=0 hall=0/0 FG/HBG/EBG=32/256/1280 grad=43.42
[E47] batch=150/153 pseudo=4 loss=4.1812 sfseg=4.0127 seg=0.4261 mard=1.9756 λM=0.0184 DURR(dir/res/hall)=1.3215/0.0000/0.0000 λD=1.000 route=186 E/S=148/38 rescue=0 empty=0 hall=0/0 FG/HBG/EBG=32/256/1280 grad=25.43
[E47] batch=153/153 pseudo=4 loss=8.0377 sfseg=7.8056 seg=0.6707 mard=2.0880 λM=0.0303 DURR(dir/res/hall)=1.6894/0.0000/0.0000 λD=1.000 route=429 E/S=389/40 rescue=0 empty=0 hall=0/0 FG/HBG/EBG=32/256/1280 grad=42.93

[Epoch 47] DONE time=37.8s valid=153 skipped=0 pseudo=534 anchors=475 mask_extra=59 reject_rel=25 DURRmatch=451/2161 rescue=10 teacher_empty=100 hall=41/5281 loss=5.1259 sfseg=4.9155 mard=2.0248 dir=1.1184 res=0.0039 hallL=0.3329 route E/S=25675/6265
[E48] batch=001/153 pseudo=1 loss=1.7999 sfseg=1.1764 seg=0.2895 mard=2.0990 λM=0.0399 DURR(dir/res/hall)=2.5029/0.0000/2.8955 λD=1.000 route=35 E/S=35/0 rescue=0 empty=3 hall=1/57 FG/HBG/EBG=8/64/320 grad=22.49
[E48] batch=010/153 pseudo=4 loss=3.9443 sfseg=3.7279 seg=0.2218 mard=2.0068 λM=0.0316 DURR(dir/res/hall)=1.5287/0.0000/0.0000 λD=1.000 route=299 E/S=255/44 rescue=0 empty=0 hall=0/0 FG/HBG/EBG=32/256/1280 grad=47.42
[E48] batch=020/153 pseudo=2 loss=1.3870 sfseg=1.2352 seg=0.1744 mard=2.0778 λM=0.0300 DURR(dir/res/hall)=0.8947/0.0000/0.0000 λD=1.000 route=217 E/S=201/16 rescue=0 empty=2 hall=0/0 FG/HBG/EBG=16/128/640 grad=15.44
[E48] batch=030/153 pseudo=4 loss=6.8219 sfseg=6.6782 seg=0.7459 mard=1.9950 λM=0.0280 DURR(dir/res/hall)=0.8771/0.0000/0.0000 λD=1.000 route=471 E/S=267/204 rescue=0 empty=0 hall=0/0 FG/HBG/EBG=32/256/1280 grad=63.16
[E48] batch=040/153 pseudo=4 loss=16.5218 sfseg=16.2218 seg=1.0910 mard=2.0075 λM=0.0383 DURR(dir/res/hall)=2.2306/0.0000/0.0000 λD=1.000 route=535 E/S=453/82 rescue=0 empty=0 hall=0/0 FG/HBG/EBG=32/256/1280 grad=152.97
[E48] batch=050/153 pseudo=3 loss=2.5169 sfseg=2.3419 seg=0.2818 mard=2.0513 λM=0.0344 DURR(dir/res/hall)=1.0443/0.0000/0.0000 λD=1.000 route=177 E/S=151/26 rescue=0 empty=1 hall=0/0 FG/HBG/EBG=24/192/960 grad=19.13
[E48] batch=060/153 pseudo=4 loss=4.2862 sfseg=4.1089 seg=0.2863 mard=2.0378 λM=0.0396 DURR(dir/res/hall)=0.9668/0.0000/0.0000 λD=1.000 route=220 E/S=146/74 rescue=0 empty=0 hall=0/0 FG/HBG/EBG=32/256/1280 grad=32.21
[E48] batch=070/153 pseudo=4 loss=5.1871 sfseg=5.0671 seg=0.3641 mard=2.0665 λM=0.0333 DURR(dir/res/hall)=0.5118/0.0000/0.0000 λD=1.000 route=368 E/S=184/184 rescue=0 empty=0 hall=0/0 FG/HBG/EBG=32/256/1280 grad=27.41
[E48] batch=080/153 pseudo=4 loss=4.6728 sfseg=4.5341 seg=0.2468 mard=2.0599 λM=0.0186 DURR(dir/res/hall)=1.0041/0.0000/0.0000 λD=1.000 route=251 E/S=236/15 rescue=0 empty=0 hall=0/0 FG/HBG/EBG=32/256/1280 grad=56.95
[E48] batch=090/153 pseudo=3 loss=4.9531 sfseg=4.7958 seg=0.7106 mard=1.9851 λM=0.0272 DURR(dir/res/hall)=1.0331/0.0000/0.0000 λD=1.000 route=345 E/S=294/51 rescue=0 empty=1 hall=0/0 FG/HBG/EBG=24/192/960 grad=43.39
[E48] batch=100/153 pseudo=2 loss=2.8612 sfseg=2.7260 seg=0.3805 mard=2.0144 λM=0.0223 DURR(dir/res/hall)=0.9012/0.0000/0.0013 λD=1.000 route=46 E/S=24/22 rescue=0 empty=2 hall=1/0 FG/HBG/EBG=16/128/640 grad=63.87
[E48] batch=110/153 pseudo=2 loss=3.7999 sfseg=3.1609 seg=0.2416 mard=2.0388 λM=0.0249 DURR(dir/res/hall)=1.9055/0.0000/3.9765 λD=1.000 route=35 E/S=35/0 rescue=0 empty=2 hall=1/464 FG/HBG/EBG=16/128/640 grad=25.93
[E48] batch=120/153 pseudo=3 loss=6.6432 sfseg=6.2006 seg=0.5511 mard=1.9814 λM=0.0223 DURR(dir/res/hall)=0.4705/0.0000/3.5127 λD=1.000 route=121 E/S=25/96 rescue=0 empty=1 hall=1/59 FG/HBG/EBG=24/192/960 grad=193.19
[E48] batch=130/153 pseudo=2 loss=3.8036 sfseg=3.1844 seg=0.7207 mard=2.0278 λM=0.0348 DURR(dir/res/hall)=1.1182/0.0000/4.3692 λD=1.000 route=25 E/S=17/8 rescue=0 empty=2 hall=1/278 FG/HBG/EBG=16/128/640 grad=20.73
[E48] batch=140/153 pseudo=3 loss=5.3987 sfseg=5.2344 seg=0.6471 mard=2.0510 λM=0.0229 DURR(dir/res/hall)=1.1732/0.0000/0.0000 λD=1.000 route=301 E/S=291/10 rescue=0 empty=1 hall=0/0 FG/HBG/EBG=24/192/960 grad=69.28
[E48] batch=150/153 pseudo=2 loss=1.6217 sfseg=1.5072 seg=0.2235 mard=2.0100 λM=0.0317 DURR(dir/res/hall)=0.5074/0.0000/0.0000 λD=1.000 route=76 E/S=49/27 rescue=0 empty=2 hall=0/0 FG/HBG/EBG=16/128/640 grad=15.89
[E48] batch=153/153 pseudo=3 loss=2.2146 sfseg=2.0515 seg=0.1791 mard=1.9804 λM=0.0416 DURR(dir/res/hall)=0.8059/0.0000/0.0000 λD=1.000 route=99 E/S=49/50 rescue=0 empty=1 hall=0/0 FG/HBG/EBG=24/192/960 grad=52.67

[Epoch 48] DONE time=37.4s valid=153 skipped=0 pseudo=532 anchors=478 mask_extra=54 reject_rel=22 DURRmatch=454/2180 rescue=9 teacher_empty=98 hall=34/2056 loss=5.6712 sfseg=5.4682 mard=2.0292 dir=1.1207 res=0.0099 hallL=0.2383 route E/S=25702/6439
[E49] batch=001/153 pseudo=1 loss=1.4424 sfseg=0.9528 seg=0.2799 mard=2.0748 λM=0.0448 DURR(dir/res/hall)=1.5051/0.0000/2.4616 λD=1.000 route=73 E/S=52/21 rescue=0 empty=3 hall=2/42 FG/HBG/EBG=8/64/320 grad=15.83
[E49] batch=010/153 pseudo=3 loss=9.9207 sfseg=9.7262 seg=1.7346 mard=1.9983 λM=0.0316 DURR(dir/res/hall)=1.3144/0.0000/0.0000 λD=1.000 route=296 E/S=239/57 rescue=0 empty=1 hall=0/0 FG/HBG/EBG=24/192/960 grad=43.78
[E49] batch=020/153 pseudo=4 loss=5.8138 sfseg=5.6718 seg=0.5524 mard=2.0953 λM=0.0235 DURR(dir/res/hall)=0.9281/0.0000/0.0000 λD=1.000 route=462 E/S=377/85 rescue=0 empty=0 hall=0/0 FG/HBG/EBG=32/256/1280 grad=37.70
[E49] batch=030/153 pseudo=4 loss=9.5740 sfseg=9.4292 seg=0.4652 mard=1.9537 λM=0.0251 DURR(dir/res/hall)=0.9578/0.0000/0.0000 λD=1.000 route=107 E/S=71/36 rescue=0 empty=0 hall=0/0 FG/HBG/EBG=32/256/1280 grad=223.91
[E49] batch=040/153 pseudo=3 loss=6.3053 sfseg=5.9742 seg=0.4140 mard=2.0010 λM=0.0344 DURR(dir/res/hall)=2.6237/0.0000/0.0000 λD=1.000 route=79 E/S=47/32 rescue=0 empty=1 hall=0/0 FG/HBG/EBG=24/192/960 grad=41.60
[E49] batch=050/153 pseudo=2 loss=2.4517 sfseg=2.2114 seg=0.3621 mard=2.0689 λM=0.0321 DURR(dir/res/hall)=1.6370/0.0495/0.0033 λD=1.000 route=22 E/S=18/4 rescue=1 empty=2 hall=1/0 FG/HBG/EBG=16/128/640 grad=17.87
[E49] batch=060/153 pseudo=3 loss=3.5763 sfseg=3.3488 seg=0.3887 mard=1.9534 λM=0.0369 DURR(dir/res/hall)=1.5528/0.0000/0.0000 λD=1.000 route=195 E/S=137/58 rescue=0 empty=1 hall=0/0 FG/HBG/EBG=24/192/960 grad=25.94
[E49] batch=070/153 pseudo=4 loss=3.7305 sfseg=3.5067 seg=0.2926 mard=2.0240 λM=0.0401 DURR(dir/res/hall)=1.0535/0.1859/0.0000 λD=1.000 route=181 E/S=145/36 rescue=1 empty=0 hall=0/0 FG/HBG/EBG=32/256/1280 grad=28.78
[E49] batch=080/153 pseudo=2 loss=1.4843 sfseg=1.2467 seg=0.1339 mard=1.9704 λM=0.0385 DURR(dir/res/hall)=1.6175/0.0000/0.0000 λD=1.000 route=43 E/S=28/15 rescue=0 empty=2 hall=0/0 FG/HBG/EBG=16/128/640 grad=18.40
[E49] batch=090/153 pseudo=3 loss=3.1083 sfseg=2.7617 seg=0.2878 mard=1.9867 λM=0.0360 DURR(dir/res/hall)=0.9430/0.0000/1.8077 λD=1.000 route=125 E/S=105/20 rescue=0 empty=1 hall=1/1 FG/HBG/EBG=24/192/960 grad=21.50
[E49] batch=100/153 pseudo=4 loss=9.5073 sfseg=9.3376 seg=0.6568 mard=2.0916 λM=0.0178 DURR(dir/res/hall)=1.3260/0.0000/0.0000 λD=1.000 route=328 E/S=289/39 rescue=0 empty=0 hall=0/0 FG/HBG/EBG=32/256/1280 grad=51.30
[E49] batch=110/153 pseudo=4 loss=4.9654 sfseg=4.7589 seg=0.4576 mard=1.9771 λM=0.0313 DURR(dir/res/hall)=1.4457/0.0000/0.0000 λD=1.000 route=481 E/S=432/49 rescue=0 empty=0 hall=0/0 FG/HBG/EBG=32/256/1280 grad=25.81
[E49] batch=120/153 pseudo=3 loss=3.5670 sfseg=3.3999 seg=0.3765 mard=1.9986 λM=0.0424 DURR(dir/res/hall)=0.8229/0.0000/0.0000 λD=1.000 route=125 E/S=99/26 rescue=0 empty=1 hall=0/0 FG/HBG/EBG=24/192/960 grad=68.82
[E49] batch=130/153 pseudo=4 loss=9.9723 sfseg=9.8137 seg=0.6101 mard=1.9883 λM=0.0267 DURR(dir/res/hall)=1.0561/0.0000/0.0000 λD=1.000 route=384 E/S=375/9 rescue=0 empty=0 hall=0/0 FG/HBG/EBG=32/256/1280 grad=105.27
[E49] batch=140/153 pseudo=3 loss=5.7574 sfseg=5.1291 seg=0.4503 mard=2.0146 λM=0.0244 DURR(dir/res/hall)=2.0427/0.0000/3.7471 λD=1.000 route=97 E/S=84/13 rescue=0 empty=1 hall=1/353 FG/HBG/EBG=24/192/960 grad=46.93
[E49] batch=150/153 pseudo=4 loss=5.7836 sfseg=5.6547 seg=0.5144 mard=1.9726 λM=0.0247 DURR(dir/res/hall)=0.8029/0.0000/0.0000 λD=1.000 route=304 E/S=282/22 rescue=0 empty=0 hall=0/0 FG/HBG/EBG=32/256/1280 grad=47.26
[E49] batch=153/153 pseudo=3 loss=9.8034 sfseg=9.5549 seg=0.9877 mard=2.1495 λM=0.0273 DURR(dir/res/hall)=1.8971/0.0000/0.0008 λD=1.000 route=625 E/S=483/142 rescue=0 empty=1 hall=1/0 FG/HBG/EBG=24/192/960 grad=38.61

[Epoch 49] DONE time=37.6s valid=153 skipped=0 pseudo=540 anchors=488 mask_extra=52 reject_rel=25 DURRmatch=466/2226 rescue=9 teacher_empty=92 hall=35/3807 loss=5.8337 sfseg=5.6180 mard=2.0246 dir=1.1732 res=0.0037 hallL=0.3308 route E/S=27991/7329
[E50] batch=001/153 pseudo=3 loss=2.3300 sfseg=1.7440 seg=0.1364 mard=1.9262 λM=0.0248 DURR(dir/res/hall)=1.0091/0.0000/4.3729 λD=1.000 route=65 E/S=34/31 rescue=0 empty=1 hall=1/766 FG/HBG/EBG=24/192/960 grad=27.79
[E50] batch=010/153 pseudo=4 loss=8.1690 sfseg=8.0170 seg=0.3548 mard=2.0550 λM=0.0229 DURR(dir/res/hall)=1.0486/0.0000/0.0000 λD=1.000 route=359 E/S=236/123 rescue=0 empty=1 hall=0/0 FG/HBG/EBG=32/192/960 grad=50.61
[E50] batch=020/153 pseudo=2 loss=4.5923 sfseg=4.4323 seg=0.3663 mard=2.1136 λM=0.0242 DURR(dir/res/hall)=1.0808/0.0000/0.0077 λD=1.000 route=178 E/S=135/43 rescue=0 empty=2 hall=1/0 FG/HBG/EBG=16/128/640 grad=50.85
[E50] batch=030/153 pseudo=3 loss=5.7536 sfseg=5.5679 seg=0.7628 mard=2.0123 λM=0.0319 DURR(dir/res/hall)=1.0629/0.0760/0.0006 λD=1.000 route=155 E/S=121/34 rescue=1 empty=1 hall=1/0 FG/HBG/EBG=24/192/960 grad=56.62
[E50] batch=040/153 pseudo=3 loss=5.8226 sfseg=5.3003 seg=0.5654 mard=2.0273 λM=0.0278 DURR(dir/res/hall)=1.4920/0.0000/3.1676 λD=1.000 route=90 E/S=58/32 rescue=0 empty=1 hall=1/218 FG/HBG/EBG=24/192/960 grad=28.92
[E50] batch=050/153 pseudo=4 loss=10.6161 sfseg=10.3512 seg=1.2453 mard=2.0447 λM=0.0279 DURR(dir/res/hall)=2.0780/0.0000/0.0000 λD=1.000 route=153 E/S=122/31 rescue=0 empty=0 hall=0/0 FG/HBG/EBG=32/256/1280 grad=70.53
[E50] batch=060/153 pseudo=5 loss=12.0795 sfseg=11.8713 seg=1.0056 mard=1.9790 λM=0.0254 DURR(dir/res/hall)=1.5795/0.0000/0.0000 λD=1.000 route=513 E/S=470/43 rescue=0 empty=0 hall=0/0 FG/HBG/EBG=40/256/1280 grad=57.50
[E50] batch=070/153 pseudo=3 loss=2.6996 sfseg=2.5618 seg=0.2384 mard=1.9934 λM=0.0303 DURR(dir/res/hall)=0.7718/0.0000/0.0014 λD=1.000 route=122 E/S=114/8 rescue=0 empty=1 hall=1/0 FG/HBG/EBG=24/192/960 grad=21.79
[E50] batch=080/153 pseudo=3 loss=2.9279 sfseg=2.7456 seg=0.2447 mard=1.9632 λM=0.0342 DURR(dir/res/hall)=1.1516/0.0000/0.0000 λD=1.000 route=176 E/S=118/58 rescue=0 empty=1 hall=0/0 FG/HBG/EBG=24/192/960 grad=20.98
[E50] batch=090/153 pseudo=4 loss=6.2337 sfseg=6.0699 seg=0.3414 mard=2.1067 λM=0.0334 DURR(dir/res/hall)=0.9348/0.0000/0.0000 λD=1.000 route=303 E/S=243/60 rescue=0 empty=0 hall=0/0 FG/HBG/EBG=32/256/1280 grad=29.85
[E50] batch=100/153 pseudo=3 loss=7.0079 sfseg=6.9037 seg=0.9676 mard=2.0398 λM=0.0228 DURR(dir/res/hall)=0.5755/0.0000/0.0000 λD=1.000 route=64 E/S=47/17 rescue=0 empty=1 hall=0/0 FG/HBG/EBG=24/192/960 grad=34.54
[E50] batch=110/153 pseudo=5 loss=5.6915 sfseg=5.5456 seg=0.5261 mard=2.0722 λM=0.0315 DURR(dir/res/hall)=0.8072/0.0000/0.0000 λD=1.000 route=381 E/S=322/59 rescue=0 empty=0 hall=0/0 FG/HBG/EBG=40/256/1280 grad=36.19
[E50] batch=120/153 pseudo=3 loss=9.5575 sfseg=9.2534 seg=1.1196 mard=2.0689 λM=0.0107 DURR(dir/res/hall)=2.8191/0.0000/0.0008 λD=1.000 route=948 E/S=889/59 rescue=0 empty=1 hall=1/0 FG/HBG/EBG=24/192/960 grad=33.89
[E50] batch=130/153 pseudo=3 loss=4.0458 sfseg=3.8887 seg=0.3929 mard=1.9633 λM=0.0225 DURR(dir/res/hall)=1.1276/0.0000/0.0000 λD=1.000 route=246 E/S=199/47 rescue=0 empty=1 hall=0/0 FG/HBG/EBG=24/192/960 grad=30.84
[E50] batch=140/153 pseudo=5 loss=8.3448 sfseg=8.1702 seg=0.3908 mard=1.9651 λM=0.0279 DURR(dir/res/hall)=1.1435/0.0265/0.0000 λD=1.000 route=149 E/S=118/31 rescue=1 empty=0 hall=0/0 FG/HBG/EBG=40/320/1216 grad=63.76
[E50] batch=150/153 pseudo=3 loss=3.5810 sfseg=3.3781 seg=0.3556 mard=2.0747 λM=0.0344 DURR(dir/res/hall)=1.3149/0.0000/0.0000 λD=1.000 route=175 E/S=135/40 rescue=0 empty=1 hall=0/0 FG/HBG/EBG=24/192/960 grad=19.45
[E50] batch=153/153 pseudo=4 loss=6.9952 sfseg=6.7782 seg=0.6694 mard=2.0216 λM=0.0399 DURR(dir/res/hall)=1.3619/0.0000/0.0000 λD=1.000 route=181 E/S=105/76 rescue=0 empty=0 hall=0/0 FG/HBG/EBG=32/256/1280 grad=28.69

[Epoch 50] DONE time=37.8s valid=153 skipped=0 pseudo=540 anchors=478 mask_extra=62 reject_rel=22 DURRmatch=454/2178 rescue=11 teacher_empty=94 hall=34/2840 loss=5.6596 sfseg=5.4636 mard=2.0171 dir=1.1050 res=0.0043 hallL=0.2027 route E/S=26171/6439
[SAVE Student] /home/dang/MedRT-SFOD/runs/seg/dense_sfseg/cvc_durr_v1_segmard_v2_60ep/checkpoints/durr_student_epoch_50.pt
[SAVE Teacher] /home/dang/MedRT-SFOD/runs/seg/dense_sfseg/cvc_durr_v1_segmard_v2_60ep/checkpoints/durr_teacher_ema_epoch_50.pt
[E51] batch=001/153 pseudo=4 loss=7.3574 sfseg=7.2031 seg=0.5209 mard=2.0883 λM=0.0284 DURR(dir/res/hall)=0.9510/0.0000/0.0000 λD=1.000 route=384 E/S=291/93 rescue=0 empty=0 hall=0/0 FG/HBG/EBG=32/256/1280 grad=65.20
[E51] batch=010/153 pseudo=3 loss=5.0918 sfseg=4.4324 seg=0.3601 mard=1.9758 λM=0.0328 DURR(dir/res/hall)=1.4595/0.0000/4.4860 λD=1.000 route=254 E/S=221/33 rescue=0 empty=1 hall=1/598 FG/HBG/EBG=24/192/960 grad=37.82
[E51] batch=020/153 pseudo=1 loss=2.9384 sfseg=2.8203 seg=0.6813 mard=2.1478 λM=0.0166 DURR(dir/res/hall)=0.8102/0.0000/0.0154 λD=1.000 route=306 E/S=306/0 rescue=0 empty=3 hall=2/0 FG/HBG/EBG=8/64/320 grad=20.16
[E51] batch=030/153 pseudo=5 loss=5.9345 sfseg=5.7996 seg=0.5344 mard=2.0181 λM=0.0326 DURR(dir/res/hall)=0.6917/0.0000/0.0000 λD=1.000 route=191 E/S=137/54 rescue=0 empty=0 hall=0/0 FG/HBG/EBG=40/256/1280 grad=79.69
[E51] batch=040/153 pseudo=2 loss=3.7552 sfseg=3.5903 seg=0.4901 mard=2.0645 λM=0.0247 DURR(dir/res/hall)=1.1386/0.0000/0.0000 λD=1.000 route=51 E/S=44/7 rescue=0 empty=2 hall=0/0 FG/HBG/EBG=16/128/640 grad=21.08
[E51] batch=050/153 pseudo=3 loss=5.3762 sfseg=5.1469 seg=0.8387 mard=2.0192 λM=0.0388 DURR(dir/res/hall)=1.5096/0.0000/0.0000 λD=1.000 route=80 E/S=32/48 rescue=0 empty=1 hall=0/0 FG/HBG/EBG=24/192/960 grad=32.11
[E51] batch=060/153 pseudo=4 loss=9.0832 sfseg=8.9385 seg=0.7889 mard=2.0236 λM=0.0308 DURR(dir/res/hall)=0.8235/0.0000/0.0000 λD=1.000 route=154 E/S=106/48 rescue=0 empty=0 hall=0/0 FG/HBG/EBG=32/256/1280 grad=53.73
[E51] batch=070/153 pseudo=3 loss=8.7929 sfseg=8.3810 seg=0.2819 mard=2.0007 λM=0.0241 DURR(dir/res/hall)=1.0999/0.0000/2.5365 λD=1.000 route=204 E/S=196/8 rescue=0 empty=1 hall=1/228 FG/HBG/EBG=24/192/960 grad=82.61
[E51] batch=080/153 pseudo=4 loss=8.6562 sfseg=8.5325 seg=0.3827 mard=2.0251 λM=0.0126 DURR(dir/res/hall)=0.9815/0.0000/0.0000 λD=1.000 route=259 E/S=203/56 rescue=0 empty=0 hall=0/0 FG/HBG/EBG=32/256/1280 grad=52.87
[E51] batch=090/153 pseudo=4 loss=3.2002 sfseg=3.0268 seg=0.3201 mard=1.9987 λM=0.0374 DURR(dir/res/hall)=0.9866/0.0000/0.0000 λD=1.000 route=379 E/S=340/39 rescue=0 empty=0 hall=0/0 FG/HBG/EBG=32/256/1280 grad=26.71
[E51] batch=100/153 pseudo=2 loss=1.9992 sfseg=1.7872 seg=0.1869 mard=1.9821 λM=0.0379 DURR(dir/res/hall)=1.3698/0.0000/0.0000 λD=1.000 route=68 E/S=57/11 rescue=0 empty=2 hall=1/0 FG/HBG/EBG=16/128/640 grad=16.99
[E51] batch=110/153 pseudo=4 loss=5.6226 sfseg=5.4101 seg=0.4621 mard=2.0407 λM=0.0338 DURR(dir/res/hall)=1.4359/0.0000/0.0000 λD=1.000 route=349 E/S=312/37 rescue=0 empty=0 hall=0/0 FG/HBG/EBG=32/256/1280 grad=32.21
[E51] batch=120/153 pseudo=4 loss=3.7418 sfseg=3.5696 seg=0.2141 mard=2.0522 λM=0.0404 DURR(dir/res/hall)=0.8916/0.0000/0.0000 λD=1.000 route=145 E/S=92/53 rescue=0 empty=0 hall=0/0 FG/HBG/EBG=32/256/1280 grad=44.89
[E51] batch=130/153 pseudo=4 loss=18.5470 sfseg=18.3594 seg=2.5864 mard=2.0340 λM=0.0259 DURR(dir/res/hall)=1.3492/0.0000/0.0000 λD=1.000 route=223 E/S=192/31 rescue=0 empty=0 hall=0/0 FG/HBG/EBG=32/256/1280 grad=105.62
[E51] batch=140/153 pseudo=4 loss=3.3629 sfseg=3.2120 seg=0.3012 mard=1.9979 λM=0.0280 DURR(dir/res/hall)=0.9501/0.0000/0.0000 λD=1.000 route=292 E/S=236/56 rescue=0 empty=0 hall=0/0 FG/HBG/EBG=32/256/1280 grad=29.72
[E51] batch=150/153 pseudo=5 loss=3.4511 sfseg=3.2921 seg=0.2602 mard=2.0355 λM=0.0345 DURR(dir/res/hall)=0.8882/0.0000/0.0000 λD=1.000 route=342 E/S=278/64 rescue=0 empty=0 hall=0/0 FG/HBG/EBG=40/256/1280 grad=25.36
[E51] batch=153/153 pseudo=4 loss=4.8071 sfseg=4.6640 seg=0.2805 mard=2.0263 λM=0.0337 DURR(dir/res/hall)=0.7478/0.0000/0.0000 λD=1.000 route=97 E/S=75/22 rescue=0 empty=0 hall=0/0 FG/HBG/EBG=32/256/1280 grad=60.94

[Epoch 51] DONE time=37.6s valid=153 skipped=0 pseudo=542 anchors=483 mask_extra=59 reject_rel=22 DURRmatch=460/2193 rescue=8 teacher_empty=90 hall=41/4926 loss=5.4323 sfseg=5.2208 mard=2.0286 dir=1.1089 res=0.0039 hallL=0.3504 route E/S=26239/6882
[E52] batch=001/153 pseudo=2 loss=3.5081 sfseg=3.1019 seg=0.5578 mard=2.0578 λM=0.0354 DURR(dir/res/hall)=0.9576/0.0000/2.3758 λD=1.000 route=122 E/S=122/0 rescue=0 empty=2 hall=1/1 FG/HBG/EBG=16/128/640 grad=33.47
[E52] batch=010/153 pseudo=2 loss=3.7698 sfseg=3.5859 seg=0.4799 mard=2.0153 λM=0.0312 DURR(dir/res/hall)=1.1976/0.0000/0.0131 λD=1.000 route=41 E/S=35/6 rescue=0 empty=2 hall=1/0 FG/HBG/EBG=16/128/640 grad=23.01
[E52] batch=020/153 pseudo=4 loss=7.0193 sfseg=6.7499 seg=0.3156 mard=2.0084 λM=0.0356 DURR(dir/res/hall)=1.9785/0.0000/0.0000 λD=1.000 route=264 E/S=229/35 rescue=0 empty=0 hall=0/0 FG/HBG/EBG=32/256/1280 grad=61.56
[E52] batch=030/153 pseudo=4 loss=8.2994 sfseg=8.0960 seg=0.6842 mard=2.0944 λM=0.0320 DURR(dir/res/hall)=1.3638/0.0000/0.0000 λD=1.000 route=268 E/S=230/38 rescue=0 empty=0 hall=0/0 FG/HBG/EBG=32/256/1280 grad=40.40
[E52] batch=040/153 pseudo=3 loss=2.9993 sfseg=2.8501 seg=0.2273 mard=2.0421 λM=0.0209 DURR(dir/res/hall)=1.0637/0.0000/0.0000 λD=1.000 route=164 E/S=153/11 rescue=0 empty=1 hall=0/0 FG/HBG/EBG=24/192/960 grad=32.14
[E52] batch=050/153 pseudo=5 loss=5.9996 sfseg=5.8366 seg=0.6139 mard=2.0153 λM=0.0317 DURR(dir/res/hall)=0.9903/0.0000/0.0000 λD=1.000 route=413 E/S=337/76 rescue=0 empty=0 hall=0/0 FG/HBG/EBG=40/320/1216 grad=29.92
[E52] batch=060/153 pseudo=4 loss=3.6811 sfseg=3.5313 seg=0.1838 mard=2.0258 λM=0.0296 DURR(dir/res/hall)=0.8977/0.0000/0.0000 λD=1.000 route=149 E/S=114/35 rescue=0 empty=0 hall=0/0 FG/HBG/EBG=32/256/1280 grad=27.73
[E52] batch=070/153 pseudo=4 loss=2.6623 sfseg=2.4898 seg=0.1780 mard=2.0193 λM=0.0392 DURR(dir/res/hall)=0.8315/0.0508/0.0000 λD=1.000 route=141 E/S=126/15 rescue=1 empty=0 hall=0/0 FG/HBG/EBG=32/256/1280 grad=34.67
[E52] batch=080/153 pseudo=4 loss=3.3945 sfseg=3.1977 seg=0.3016 mard=1.9961 λM=0.0363 DURR(dir/res/hall)=1.2443/0.0000/0.0000 λD=1.000 route=144 E/S=117/27 rescue=0 empty=0 hall=0/0 FG/HBG/EBG=32/256/1280 grad=21.58
[E52] batch=090/153 pseudo=4 loss=3.7124 sfseg=3.5663 seg=0.3210 mard=2.0029 λM=0.0337 DURR(dir/res/hall)=0.7855/0.0000/0.0000 λD=1.000 route=257 E/S=170/87 rescue=0 empty=0 hall=0/0 FG/HBG/EBG=32/256/1280 grad=26.80
[E52] batch=100/153 pseudo=4 loss=5.6035 sfseg=5.4730 seg=0.3682 mard=2.0739 λM=0.0297 DURR(dir/res/hall)=0.6885/0.0000/0.0000 λD=1.000 route=47 E/S=32/15 rescue=0 empty=0 hall=0/0 FG/HBG/EBG=32/256/1280 grad=39.65
[E52] batch=110/153 pseudo=2 loss=1.5401 sfseg=1.3521 seg=0.2989 mard=2.0227 λM=0.0423 DURR(dir/res/hall)=1.0244/0.0000/0.0011 λD=1.000 route=94 E/S=67/27 rescue=0 empty=2 hall=1/0 FG/HBG/EBG=16/128/640 grad=16.27
[E52] batch=120/153 pseudo=2 loss=3.4763 sfseg=3.0348 seg=0.4006 mard=1.9994 λM=0.0250 DURR(dir/res/hall)=1.3910/0.0000/2.5234 λD=1.000 route=81 E/S=28/53 rescue=0 empty=2 hall=2/273 FG/HBG/EBG=16/128/640 grad=41.31
[E52] batch=130/153 pseudo=3 loss=1.8455 sfseg=1.6531 seg=0.2868 mard=2.0175 λM=0.0418 DURR(dir/res/hall)=1.0799/0.0000/0.0000 λD=1.000 route=145 E/S=102/43 rescue=0 empty=1 hall=0/0 FG/HBG/EBG=24/192/960 grad=22.97
[E52] batch=140/153 pseudo=4 loss=26.0417 sfseg=25.8568 seg=1.2612 mard=2.0222 λM=0.0341 DURR(dir/res/hall)=1.1594/0.0000/0.0000 λD=1.000 route=392 E/S=336/56 rescue=0 empty=0 hall=0/0 FG/HBG/EBG=32/256/1280 grad=131.66
[E52] batch=150/153 pseudo=3 loss=1.7409 sfseg=1.5776 seg=0.1528 mard=1.9997 λM=0.0417 DURR(dir/res/hall)=0.7984/0.0000/0.0000 λD=1.000 route=98 E/S=83/15 rescue=0 empty=1 hall=0/0 FG/HBG/EBG=24/192/960 grad=26.91
[E52] batch=153/153 pseudo=3 loss=6.6686 sfseg=6.5551 seg=0.4849 mard=1.9329 λM=0.0264 DURR(dir/res/hall)=0.6244/0.0000/0.0004 λD=1.000 route=12 E/S=4/8 rescue=0 empty=1 hall=1/0 FG/HBG/EBG=24/192/960 grad=46.08

[Epoch 52] DONE time=37.6s valid=153 skipped=0 pseudo=530 anchors=479 mask_extra=51 reject_rel=23 DURRmatch=453/2193 rescue=8 teacher_empty=101 hall=37/4399 loss=5.1854 sfseg=4.9840 mard=2.0254 dir=1.1076 res=0.0028 hallL=0.2442 route E/S=25680/6145
[E53] batch=001/153 pseudo=4 loss=4.8952 sfseg=4.7395 seg=0.3729 mard=2.0220 λM=0.0342 DURR(dir/res/hall)=0.8642/0.0000/0.0000 λD=1.000 route=293 E/S=241/52 rescue=0 empty=0 hall=0/0 FG/HBG/EBG=32/256/1280 grad=31.34
[E53] batch=010/153 pseudo=3 loss=4.8384 sfseg=4.6965 seg=0.5394 mard=1.9914 λM=0.0241 DURR(dir/res/hall)=0.9394/0.0000/0.0000 λD=1.000 route=419 E/S=371/48 rescue=0 empty=1 hall=0/0 FG/HBG/EBG=24/192/960 grad=21.86
[E53] batch=020/153 pseudo=4 loss=8.7341 sfseg=8.5205 seg=0.4372 mard=1.9744 λM=0.0360 DURR(dir/res/hall)=1.4257/0.0000/0.0000 λD=1.000 route=177 E/S=110/67 rescue=0 empty=0 hall=0/0 FG/HBG/EBG=32/256/1280 grad=97.49
[E53] batch=030/153 pseudo=4 loss=3.3575 sfseg=3.1924 seg=0.3563 mard=1.9900 λM=0.0336 DURR(dir/res/hall)=0.9834/0.0000/0.0000 λD=1.000 route=216 E/S=177/39 rescue=0 empty=1 hall=0/0 FG/HBG/EBG=32/256/896 grad=20.49
[E53] batch=040/153 pseudo=2 loss=2.6636 sfseg=2.5127 seg=0.2567 mard=2.1377 λM=0.0231 DURR(dir/res/hall)=1.0136/0.0000/0.0030 λD=1.000 route=101 E/S=94/7 rescue=0 empty=2 hall=1/0 FG/HBG/EBG=16/128/640 grad=17.50
[E53] batch=050/153 pseudo=4 loss=4.6160 sfseg=4.4146 seg=0.2638 mard=1.9747 λM=0.0349 DURR(dir/res/hall)=1.3254/0.0000/0.0000 λD=1.000 route=85 E/S=78/7 rescue=0 empty=0 hall=0/0 FG/HBG/EBG=32/256/1280 grad=29.99
[E53] batch=060/153 pseudo=4 loss=3.2994 sfseg=3.0744 seg=0.2001 mard=2.1025 λM=0.0252 DURR(dir/res/hall)=1.7203/0.0000/0.0000 λD=1.000 route=635 E/S=613/22 rescue=0 empty=0 hall=0/0 FG/HBG/EBG=32/256/1280 grad=22.85
[E53] batch=070/153 pseudo=4 loss=4.1576 sfseg=3.9655 seg=0.3636 mard=2.0617 λM=0.0392 DURR(dir/res/hall)=1.1126/0.0000/0.0000 λD=1.000 route=334 E/S=234/100 rescue=0 empty=0 hall=0/0 FG/HBG/EBG=32/256/1280 grad=31.60
[E53] batch=080/153 pseudo=3 loss=4.1871 sfseg=3.7560 seg=0.3457 mard=2.0628 λM=0.0307 DURR(dir/res/hall)=1.4803/0.0000/2.1968 λD=1.000 route=200 E/S=152/48 rescue=0 empty=1 hall=1/5 FG/HBG/EBG=24/192/960 grad=42.07
[E53] batch=090/153 pseudo=4 loss=10.1408 sfseg=9.9571 seg=0.9713 mard=2.0215 λM=0.0307 DURR(dir/res/hall)=1.2158/0.0000/0.0000 λD=1.000 route=265 E/S=218/47 rescue=0 empty=0 hall=0/0 FG/HBG/EBG=32/256/1280 grad=34.66
[E53] batch=100/153 pseudo=4 loss=2.5600 sfseg=2.4134 seg=0.1796 mard=1.9894 λM=0.0388 DURR(dir/res/hall)=0.6928/0.0000/0.0000 λD=1.000 route=143 E/S=94/49 rescue=0 empty=0 hall=0/0 FG/HBG/EBG=32/256/1280 grad=22.63
[E53] batch=110/153 pseudo=4 loss=6.7692 sfseg=6.6198 seg=0.7298 mard=2.0368 λM=0.0401 DURR(dir/res/hall)=0.6773/0.0000/0.0000 λD=1.000 route=270 E/S=233/37 rescue=0 empty=0 hall=0/0 FG/HBG/EBG=32/256/1280 grad=58.63
[E53] batch=120/153 pseudo=4 loss=5.7203 sfseg=5.5338 seg=0.4353 mard=1.9537 λM=0.0180 DURR(dir/res/hall)=1.5118/0.0000/0.0000 λD=1.000 route=347 E/S=286/61 rescue=0 empty=0 hall=0/0 FG/HBG/EBG=32/256/1280 grad=43.87
[E53] batch=130/153 pseudo=5 loss=3.5616 sfseg=3.3713 seg=0.2316 mard=1.9653 λM=0.0364 DURR(dir/res/hall)=1.1873/0.0000/0.0000 λD=1.000 route=149 E/S=107/42 rescue=0 empty=0 hall=0/0 FG/HBG/EBG=40/320/1216 grad=25.76
[E53] batch=140/153 pseudo=3 loss=8.5727 sfseg=8.4461 seg=0.8024 mard=2.0176 λM=0.0329 DURR(dir/res/hall)=0.6022/0.0000/0.0000 λD=1.000 route=42 E/S=31/11 rescue=0 empty=1 hall=0/0 FG/HBG/EBG=24/192/960 grad=51.06
[E53] batch=150/153 pseudo=2 loss=1.7290 sfseg=1.4834 seg=0.1933 mard=1.9975 λM=0.0446 DURR(dir/res/hall)=1.5651/0.0000/0.0000 λD=1.000 route=31 E/S=8/23 rescue=0 empty=2 hall=1/0 FG/HBG/EBG=16/128/640 grad=19.22
[E53] batch=153/153 pseudo=3 loss=3.5211 sfseg=3.3399 seg=0.3320 mard=2.0429 λM=0.0347 DURR(dir/res/hall)=1.1036/0.0000/0.0000 λD=1.000 route=196 E/S=190/6 rescue=0 empty=1 hall=0/0 FG/HBG/EBG=24/192/960 grad=23.30

[Epoch 53] DONE time=37.6s valid=153 skipped=0 pseudo=539 anchors=486 mask_extra=53 reject_rel=23 DURRmatch=468/2251 rescue=9 teacher_empty=91 hall=31/2395 loss=5.5474 sfseg=5.3526 mard=2.0243 dir=1.0864 res=0.0022 hallL=0.2167 route E/S=26744/7315
[E54] batch=001/153 pseudo=4 loss=3.8042 sfseg=3.6398 seg=0.3109 mard=2.0584 λM=0.0386 DURR(dir/res/hall)=0.8489/0.0000/0.0000 λD=1.000 route=350 E/S=282/68 rescue=0 empty=0 hall=0/0 FG/HBG/EBG=32/256/1280 grad=25.00
[E54] batch=010/153 pseudo=4 loss=2.8108 sfseg=2.6165 seg=0.2824 mard=2.0083 λM=0.0415 DURR(dir/res/hall)=1.1098/0.0000/0.0000 λD=1.000 route=207 E/S=157/50 rescue=0 empty=0 hall=0/0 FG/HBG/EBG=32/256/1280 grad=29.42
[E54] batch=020/153 pseudo=4 loss=6.2062 sfseg=6.0164 seg=0.3707 mard=2.1146 λM=0.0313 DURR(dir/res/hall)=1.2364/0.0000/0.0000 λD=1.000 route=425 E/S=384/41 rescue=0 empty=0 hall=0/0 FG/HBG/EBG=32/256/1280 grad=56.03
[E54] batch=030/153 pseudo=4 loss=3.4993 sfseg=3.3222 seg=0.2996 mard=1.9672 λM=0.0407 DURR(dir/res/hall)=0.9702/0.0000/0.0000 λD=1.000 route=199 E/S=141/58 rescue=0 empty=0 hall=0/0 FG/HBG/EBG=32/256/1280 grad=27.96
[E54] batch=040/153 pseudo=1 loss=3.9478 sfseg=3.6145 seg=2.4591 mard=2.0837 λM=0.0107 DURR(dir/res/hall)=0.0000/0.0000/3.1097 λD=1.000 route=0 E/S=0/0 rescue=0 empty=3 hall=1/8 FG/HBG/EBG=8/64/320 grad=19.68
[E54] batch=050/153 pseudo=4 loss=6.2011 sfseg=6.0144 seg=0.2504 mard=1.9526 λM=0.0177 DURR(dir/res/hall)=1.5214/0.0000/0.0000 λD=1.000 route=134 E/S=66/68 rescue=0 empty=0 hall=0/0 FG/HBG/EBG=32/256/1280 grad=91.82
[E54] batch=060/153 pseudo=4 loss=5.0059 sfseg=4.8636 seg=0.5343 mard=1.9910 λM=0.0283 DURR(dir/res/hall)=0.8600/0.0000/0.0000 λD=1.000 route=479 E/S=427/52 rescue=0 empty=0 hall=0/0 FG/HBG/EBG=32/256/1280 grad=33.05
[E54] batch=070/153 pseudo=3 loss=4.5725 sfseg=4.3852 seg=0.6528 mard=2.0179 λM=0.0298 DURR(dir/res/hall)=1.2722/0.0000/0.0000 λD=1.000 route=151 E/S=106/45 rescue=0 empty=1 hall=0/0 FG/HBG/EBG=24/192/960 grad=31.31
[E54] batch=080/153 pseudo=3 loss=2.9752 sfseg=2.8013 seg=0.2271 mard=2.0278 λM=0.0396 DURR(dir/res/hall)=0.9306/0.0000/0.0050 λD=1.000 route=82 E/S=56/26 rescue=0 empty=1 hall=1/0 FG/HBG/EBG=24/192/960 grad=66.59
[E54] batch=090/153 pseudo=4 loss=3.7141 sfseg=3.5431 seg=0.3213 mard=1.9612 λM=0.0396 DURR(dir/res/hall)=0.9330/0.0000/0.0000 λD=1.000 route=126 E/S=87/39 rescue=0 empty=0 hall=0/0 FG/HBG/EBG=32/256/1280 grad=25.87
[E54] batch=100/153 pseudo=3 loss=3.7805 sfseg=3.1340 seg=0.3954 mard=2.0530 λM=0.0410 DURR(dir/res/hall)=1.7236/0.0000/3.9000 λD=1.000 route=126 E/S=120/6 rescue=0 empty=1 hall=1/163 FG/HBG/EBG=24/192/960 grad=22.40
[E54] batch=110/153 pseudo=3 loss=3.3512 sfseg=3.1848 seg=0.2413 mard=2.0034 λM=0.0329 DURR(dir/res/hall)=1.0039/0.0000/0.0000 λD=1.000 route=189 E/S=150/39 rescue=0 empty=1 hall=0/0 FG/HBG/EBG=24/192/960 grad=22.20
[E54] batch=120/153 pseudo=4 loss=11.2735 sfseg=11.0424 seg=0.5211 mard=2.0497 λM=0.0263 DURR(dir/res/hall)=1.7724/0.0000/0.0000 λD=1.000 route=660 E/S=442/218 rescue=0 empty=0 hall=0/0 FG/HBG/EBG=32/256/1280 grad=130.14
[E54] batch=130/153 pseudo=3 loss=3.8665 sfseg=3.6546 seg=0.3346 mard=2.0040 λM=0.0352 DURR(dir/res/hall)=1.4135/0.0000/0.0000 λD=1.000 route=230 E/S=151/79 rescue=0 empty=1 hall=0/0 FG/HBG/EBG=24/192/960 grad=33.96
[E54] batch=140/153 pseudo=2 loss=0.8823 sfseg=0.7214 seg=0.1051 mard=2.0591 λM=0.0418 DURR(dir/res/hall)=0.7419/0.0000/0.0076 λD=1.000 route=46 E/S=23/23 rescue=0 empty=2 hall=2/0 FG/HBG/EBG=16/128/640 grad=15.90
[E54] batch=150/153 pseudo=4 loss=2.9607 sfseg=2.8206 seg=0.2279 mard=1.9737 λM=0.0323 DURR(dir/res/hall)=0.7649/0.0000/0.0000 λD=1.000 route=169 E/S=113/56 rescue=0 empty=0 hall=0/0 FG/HBG/EBG=32/256/1280 grad=32.89
[E54] batch=153/153 pseudo=4 loss=2.9731 sfseg=2.8055 seg=0.3054 mard=1.9910 λM=0.0380 DURR(dir/res/hall)=0.9181/0.0000/0.0000 λD=1.000 route=212 E/S=156/56 rescue=0 empty=0 hall=0/0 FG/HBG/EBG=32/256/1280 grad=26.45

[Epoch 54] DONE time=37.6s valid=153 skipped=0 pseudo=536 anchors=484 mask_extra=52 reject_rel=23 DURRmatch=462/2218 rescue=9 teacher_empty=91 hall=34/3601 loss=5.4495 sfseg=5.2455 mard=2.0286 dir=1.0736 res=0.0132 hallL=0.2790 route E/S=25989/6800
[E55] batch=001/153 pseudo=4 loss=30.1055 sfseg=29.9482 seg=1.8194 mard=2.1009 λM=0.0307 DURR(dir/res/hall)=0.9284/0.0000/0.0000 λD=1.000 route=391 E/S=304/87 rescue=0 empty=0 hall=0/0 FG/HBG/EBG=32/256/1280 grad=68.44
[E55] batch=010/153 pseudo=4 loss=5.0266 sfseg=4.8736 seg=0.4077 mard=1.9856 λM=0.0354 DURR(dir/res/hall)=0.8267/0.0000/0.0000 λD=1.000 route=90 E/S=61/29 rescue=0 empty=0 hall=0/0 FG/HBG/EBG=32/256/1280 grad=41.27
[E55] batch=020/153 pseudo=4 loss=3.2366 sfseg=3.0735 seg=0.2551 mard=2.0151 λM=0.0322 DURR(dir/res/hall)=0.9828/0.0000/0.0000 λD=1.000 route=309 E/S=226/83 rescue=0 empty=0 hall=0/0 FG/HBG/EBG=32/256/1280 grad=30.89
[E55] batch=030/153 pseudo=4 loss=7.5321 sfseg=7.3791 seg=0.3581 mard=1.9831 λM=0.0292 DURR(dir/res/hall)=0.9522/0.0000/0.0000 λD=1.000 route=178 E/S=74/104 rescue=0 empty=0 hall=0/0 FG/HBG/EBG=32/256/1280 grad=36.69
[E55] batch=040/153 pseudo=4 loss=5.7582 sfseg=5.5478 seg=0.3000 mard=2.0903 λM=0.0365 DURR(dir/res/hall)=1.2885/0.0270/0.0000 λD=1.000 route=198 E/S=178/20 rescue=2 empty=0 hall=0/0 FG/HBG/EBG=32/256/1280 grad=39.27
[E55] batch=050/153 pseudo=4 loss=6.7161 sfseg=6.4995 seg=0.4705 mard=2.0111 λM=0.0314 DURR(dir/res/hall)=1.5334/0.0000/0.0021 λD=1.000 route=208 E/S=170/38 rescue=0 empty=1 hall=1/0 FG/HBG/EBG=32/256/896 grad=59.68
[E55] batch=060/153 pseudo=1 loss=2.9973 sfseg=2.8710 seg=1.1312 mard=2.0940 λM=0.0240 DURR(dir/res/hall)=0.7616/0.0000/0.0001 λD=1.000 route=294 E/S=210/84 rescue=0 empty=3 hall=1/0 FG/HBG/EBG=8/64/320 grad=16.25
[E55] batch=070/153 pseudo=3 loss=6.3656 sfseg=5.6872 seg=0.7171 mard=2.0496 λM=0.0283 DURR(dir/res/hall)=1.8686/0.0000/4.3347 λD=1.000 route=296 E/S=261/35 rescue=0 empty=1 hall=1/581 FG/HBG/EBG=24/192/960 grad=37.02
[E55] batch=080/153 pseudo=4 loss=4.0716 sfseg=3.8945 seg=0.2353 mard=1.9880 λM=0.0303 DURR(dir/res/hall)=1.1695/0.0000/0.0000 λD=1.000 route=343 E/S=279/64 rescue=0 empty=0 hall=0/0 FG/HBG/EBG=32/256/1280 grad=32.72
[E55] batch=090/153 pseudo=4 loss=3.6561 sfseg=3.5021 seg=0.2621 mard=2.0190 λM=0.0355 DURR(dir/res/hall)=0.8238/0.0000/0.0000 λD=1.000 route=323 E/S=275/48 rescue=0 empty=0 hall=0/0 FG/HBG/EBG=32/256/1280 grad=59.12
[E55] batch=100/153 pseudo=2 loss=4.2219 sfseg=3.9640 seg=0.5334 mard=1.9957 λM=0.0343 DURR(dir/res/hall)=1.8949/0.0000/0.0000 λD=1.000 route=17 E/S=11/6 rescue=0 empty=2 hall=0/0 FG/HBG/EBG=16/128/640 grad=35.37
[E55] batch=110/153 pseudo=5 loss=20.6042 sfseg=20.3368 seg=0.7832 mard=2.0089 λM=0.0353 DURR(dir/res/hall)=1.9646/0.0000/0.0000 λD=1.000 route=217 E/S=141/76 rescue=0 empty=0 hall=0/0 FG/HBG/EBG=40/320/1216 grad=59.28
[E55] batch=120/153 pseudo=3 loss=3.0219 sfseg=2.8968 seg=0.3171 mard=2.0785 λM=0.0322 DURR(dir/res/hall)=0.5818/0.0000/0.0000 λD=1.000 route=215 E/S=115/100 rescue=0 empty=1 hall=0/0 FG/HBG/EBG=24/192/960 grad=24.41
[E55] batch=130/153 pseudo=3 loss=1.9135 sfseg=1.7240 seg=0.2131 mard=2.0250 λM=0.0436 DURR(dir/res/hall)=1.0128/0.0000/0.0000 λD=1.000 route=126 E/S=71/55 rescue=0 empty=1 hall=0/0 FG/HBG/EBG=24/192/960 grad=23.89
[E55] batch=140/153 pseudo=4 loss=4.1180 sfseg=3.9536 seg=0.3648 mard=1.9848 λM=0.0307 DURR(dir/res/hall)=1.0352/0.0000/0.0000 λD=1.000 route=278 E/S=261/17 rescue=0 empty=0 hall=0/0 FG/HBG/EBG=32/256/1280 grad=22.08
[E55] batch=150/153 pseudo=2 loss=2.7407 sfseg=2.6486 seg=0.3855 mard=1.9943 λM=0.0317 DURR(dir/res/hall)=0.2891/0.0000/0.0000 λD=1.000 route=64 E/S=52/12 rescue=0 empty=2 hall=0/0 FG/HBG/EBG=16/128/640 grad=41.44
[E55] batch=153/153 pseudo=3 loss=7.8623 sfseg=7.6913 seg=1.0699 mard=2.0263 λM=0.0169 DURR(dir/res/hall)=1.3670/0.0000/0.0006 λD=1.000 route=102 E/S=48/54 rescue=0 empty=2 hall=2/0 FG/HBG/EBG=24/128/640 grad=28.31

[Epoch 55] DONE time=37.6s valid=153 skipped=0 pseudo=527 anchors=475 mask_extra=52 reject_rel=26 DURRmatch=453/2171 rescue=10 teacher_empty=103 hall=41/4238 loss=5.5414 sfseg=5.3347 mard=2.0209 dir=1.1306 res=0.0035 hallL=0.2818 route E/S=24709/6743
[E56] batch=001/153 pseudo=4 loss=5.8933 sfseg=5.7144 seg=0.5002 mard=1.9781 λM=0.0285 DURR(dir/res/hall)=1.2242/0.0000/0.0000 λD=1.000 route=174 E/S=102/72 rescue=0 empty=0 hall=0/0 FG/HBG/EBG=32/256/1280 grad=31.87
[E56] batch=010/153 pseudo=4 loss=4.7145 sfseg=4.5453 seg=0.3057 mard=2.0993 λM=0.0352 DURR(dir/res/hall)=0.9539/0.0000/0.0000 λD=1.000 route=180 E/S=113/67 rescue=0 empty=0 hall=0/0 FG/HBG/EBG=32/256/1280 grad=31.37
[E56] batch=020/153 pseudo=4 loss=5.2360 sfseg=5.0977 seg=0.3893 mard=2.0671 λM=0.0275 DURR(dir/res/hall)=0.8141/0.0000/0.0000 λD=1.000 route=369 E/S=300/69 rescue=0 empty=0 hall=0/0 FG/HBG/EBG=32/256/1280 grad=39.43
[E56] batch=030/153 pseudo=4 loss=6.4949 sfseg=6.2583 seg=0.4337 mard=2.0140 λM=0.0404 DURR(dir/res/hall)=1.5514/0.0000/0.0000 λD=1.000 route=268 E/S=211/57 rescue=0 empty=0 hall=0/0 FG/HBG/EBG=32/256/1280 grad=50.22
[E56] batch=040/153 pseudo=2 loss=1.1739 sfseg=0.9345 seg=0.1392 mard=1.9746 λM=0.0429 DURR(dir/res/hall)=1.5471/0.0000/0.0000 λD=1.000 route=69 E/S=31/38 rescue=0 empty=2 hall=0/0 FG/HBG/EBG=16/128/640 grad=16.08
[E56] batch=050/153 pseudo=2 loss=4.6412 sfseg=4.4782 seg=0.7324 mard=2.1030 λM=0.0116 DURR(dir/res/hall)=1.3844/0.0000/0.0007 λD=1.000 route=217 E/S=180/37 rescue=0 empty=2 hall=2/0 FG/HBG/EBG=16/128/640 grad=30.67
[E56] batch=060/153 pseudo=3 loss=4.2145 sfseg=3.7399 seg=0.4173 mard=2.0980 λM=0.0364 DURR(dir/res/hall)=0.8198/0.0000/3.1615 λD=1.000 route=215 E/S=186/29 rescue=0 empty=1 hall=1/131 FG/HBG/EBG=24/192/960 grad=24.15
[E56] batch=070/153 pseudo=4 loss=4.3642 sfseg=4.1655 seg=0.2471 mard=2.0088 λM=0.0338 DURR(dir/res/hall)=1.3074/0.0000/0.0000 λD=1.000 route=67 E/S=41/26 rescue=0 empty=0 hall=0/0 FG/HBG/EBG=32/256/1280 grad=28.51
[E56] batch=080/153 pseudo=2 loss=1.8229 sfseg=1.6161 seg=0.1863 mard=2.0877 λM=0.0321 DURR(dir/res/hall)=1.3978/0.0000/0.0006 λD=1.000 route=89 E/S=76/13 rescue=0 empty=2 hall=1/0 FG/HBG/EBG=16/128/640 grad=21.17
[E56] batch=090/153 pseudo=3 loss=4.6107 sfseg=4.3321 seg=0.3561 mard=2.0246 λM=0.0313 DURR(dir/res/hall)=2.1533/0.0000/0.0000 λD=1.000 route=99 E/S=99/0 rescue=0 empty=1 hall=0/0 FG/HBG/EBG=24/192/960 grad=115.85
[E56] batch=100/153 pseudo=4 loss=2.7312 sfseg=2.5584 seg=0.1716 mard=2.0020 λM=0.0390 DURR(dir/res/hall)=0.9470/0.0000/0.0000 λD=1.000 route=287 E/S=226/61 rescue=0 empty=0 hall=0/0 FG/HBG/EBG=32/256/1280 grad=28.69
[E56] batch=110/153 pseudo=4 loss=4.7241 sfseg=4.5427 seg=0.4336 mard=2.0224 λM=0.0265 DURR(dir/res/hall)=1.2775/0.0000/0.0000 λD=1.000 route=46 E/S=34/12 rescue=0 empty=0 hall=0/0 FG/HBG/EBG=32/256/1280 grad=21.33
[E56] batch=120/153 pseudo=2 loss=1.7458 sfseg=1.3475 seg=0.2019 mard=2.1002 λM=0.0397 DURR(dir/res/hall)=0.9703/0.0000/2.1786 λD=1.000 route=156 E/S=135/21 rescue=0 empty=2 hall=1/33 FG/HBG/EBG=16/128/640 grad=72.06
[E56] batch=130/153 pseudo=2 loss=3.2640 sfseg=3.0635 seg=0.6024 mard=1.9773 λM=0.0370 DURR(dir/res/hall)=1.2709/0.0000/0.0020 λD=1.000 route=52 E/S=27/25 rescue=0 empty=2 hall=1/0 FG/HBG/EBG=16/128/640 grad=17.81
[E56] batch=140/153 pseudo=5 loss=7.3421 sfseg=7.1791 seg=0.5412 mard=2.0132 λM=0.0334 DURR(dir/res/hall)=0.9586/0.0000/0.0000 λD=1.000 route=491 E/S=441/50 rescue=0 empty=0 hall=0/0 FG/HBG/EBG=40/256/1280 grad=29.86
[E56] batch=150/153 pseudo=4 loss=4.0197 sfseg=3.8437 seg=0.2580 mard=2.0781 λM=0.0385 DURR(dir/res/hall)=0.9606/0.0000/0.0000 λD=1.000 route=318 E/S=282/36 rescue=0 empty=0 hall=0/0 FG/HBG/EBG=32/256/1280 grad=38.23
[E56] batch=153/153 pseudo=4 loss=13.9400 sfseg=13.7063 seg=0.7992 mard=1.9579 λM=0.0238 DURR(dir/res/hall)=1.8713/0.0000/0.0000 λD=1.000 route=181 E/S=125/56 rescue=0 empty=0 hall=0/0 FG/HBG/EBG=32/256/1280 grad=80.72

[Epoch 56] DONE time=37.5s valid=153 skipped=0 pseudo=532 anchors=480 mask_extra=52 reject_rel=20 DURRmatch=459/2195 rescue=9 teacher_empty=100 hall=42/3181 loss=5.3565 sfseg=5.1547 mard=2.0234 dir=1.1443 res=0.0030 hallL=0.2207 route E/S=25128/7073
[E57] batch=001/153 pseudo=2 loss=2.6499 sfseg=2.4612 seg=0.4649 mard=1.9639 λM=0.0375 DURR(dir/res/hall)=1.1420/0.0000/0.0084 λD=1.000 route=276 E/S=184/92 rescue=0 empty=2 hall=2/0 FG/HBG/EBG=16/128/640 grad=21.06
[E57] batch=010/153 pseudo=3 loss=5.2054 sfseg=5.0429 seg=0.5541 mard=2.0105 λM=0.0313 DURR(dir/res/hall)=0.9964/0.0000/0.0000 λD=1.000 route=241 E/S=212/29 rescue=0 empty=1 hall=0/0 FG/HBG/EBG=24/192/960 grad=33.23
[E57] batch=020/153 pseudo=4 loss=3.7211 sfseg=3.3629 seg=0.3985 mard=1.9869 λM=0.0288 DURR(dir/res/hall)=0.9381/0.0000/2.0714 λD=1.000 route=196 E/S=148/48 rescue=0 empty=1 hall=1/35 FG/HBG/EBG=32/256/896 grad=34.53
[E57] batch=030/153 pseudo=3 loss=5.0067 sfseg=4.8397 seg=0.4754 mard=1.9569 λM=0.0265 DURR(dir/res/hall)=1.1507/0.0000/0.0000 λD=1.000 route=113 E/S=73/40 rescue=0 empty=1 hall=0/0 FG/HBG/EBG=24/192/960 grad=21.41
[E57] batch=040/153 pseudo=3 loss=4.0523 sfseg=3.3516 seg=0.3120 mard=1.9934 λM=0.0341 DURR(dir/res/hall)=1.2637/0.0000/5.0642 λD=1.000 route=300 E/S=286/14 rescue=0 empty=1 hall=1/374 FG/HBG/EBG=24/192/960 grad=28.92
[E57] batch=050/153 pseudo=4 loss=4.3550 sfseg=4.1582 seg=0.4420 mard=2.0546 λM=0.0330 DURR(dir/res/hall)=1.2908/0.0000/0.0000 λD=1.000 route=449 E/S=374/75 rescue=0 empty=0 hall=0/0 FG/HBG/EBG=32/256/1280 grad=23.16
[E57] batch=060/153 pseudo=3 loss=1.8635 sfseg=1.6649 seg=0.1952 mard=2.0350 λM=0.0433 DURR(dir/res/hall)=1.1048/0.0000/0.0000 λD=1.000 route=196 E/S=156/40 rescue=0 empty=1 hall=0/0 FG/HBG/EBG=24/192/960 grad=18.18
[E57] batch=070/153 pseudo=4 loss=10.3987 sfseg=10.3189 seg=0.5315 mard=1.9435 λM=0.0280 DURR(dir/res/hall)=0.2546/0.0000/0.0000 λD=1.000 route=23 E/S=8/15 rescue=0 empty=0 hall=0/0 FG/HBG/EBG=32/256/1280 grad=51.60
[E57] batch=080/153 pseudo=4 loss=4.7832 sfseg=4.6303 seg=0.5224 mard=1.9724 λM=0.0292 DURR(dir/res/hall)=0.9535/0.0000/0.0000 λD=1.000 route=153 E/S=97/56 rescue=0 empty=0 hall=0/0 FG/HBG/EBG=32/256/1280 grad=33.53
[E57] batch=090/153 pseudo=4 loss=8.4496 sfseg=8.2318 seg=0.9440 mard=2.0691 λM=0.0270 DURR(dir/res/hall)=1.6189/0.0000/0.0000 λD=1.000 route=307 E/S=241/66 rescue=0 empty=0 hall=0/0 FG/HBG/EBG=32/256/1280 grad=37.82
[E57] batch=100/153 pseudo=4 loss=7.4488 sfseg=7.2460 seg=0.6782 mard=1.9914 λM=0.0343 DURR(dir/res/hall)=1.3454/0.0000/0.0000 λD=1.000 route=337 E/S=246/91 rescue=0 empty=0 hall=0/0 FG/HBG/EBG=32/256/1280 grad=55.59
[E57] batch=110/153 pseudo=4 loss=15.0441 sfseg=14.8393 seg=1.6594 mard=2.0447 λM=0.0214 DURR(dir/res/hall)=1.6103/0.0000/0.0000 λD=1.000 route=35 E/S=25/10 rescue=0 empty=0 hall=0/0 FG/HBG/EBG=32/256/1280 grad=85.62
[E57] batch=120/153 pseudo=3 loss=3.5185 sfseg=3.3499 seg=0.3507 mard=2.0667 λM=0.0353 DURR(dir/res/hall)=0.9574/0.0000/0.0000 λD=1.000 route=258 E/S=221/37 rescue=0 empty=1 hall=0/0 FG/HBG/EBG=24/192/960 grad=22.36
[E57] batch=130/153 pseudo=4 loss=3.2844 sfseg=3.0946 seg=0.2378 mard=2.0286 λM=0.0391 DURR(dir/res/hall)=1.1064/0.0000/0.0000 λD=1.000 route=178 E/S=155/23 rescue=0 empty=0 hall=0/0 FG/HBG/EBG=32/256/1280 grad=19.84
[E57] batch=140/153 pseudo=3 loss=2.8153 sfseg=2.6601 seg=0.3392 mard=1.9859 λM=0.0401 DURR(dir/res/hall)=0.7547/0.0000/0.0000 λD=1.000 route=288 E/S=245/43 rescue=0 empty=1 hall=0/0 FG/HBG/EBG=24/192/960 grad=23.11
[E57] batch=150/153 pseudo=2 loss=5.5573 sfseg=5.3611 seg=0.2569 mard=2.0832 λM=0.0408 DURR(dir/res/hall)=1.1125/0.0000/0.0000 λD=1.000 route=199 E/S=198/1 rescue=0 empty=2 hall=0/0 FG/HBG/EBG=16/128/640 grad=44.86
[E57] batch=153/153 pseudo=3 loss=13.7206 sfseg=13.3726 seg=0.5705 mard=1.9753 λM=0.0272 DURR(dir/res/hall)=2.9344/0.0000/0.0086 λD=1.000 route=168 E/S=75/93 rescue=0 empty=1 hall=1/0 FG/HBG/EBG=24/192/960 grad=57.39

[Epoch 57] DONE time=37.5s valid=153 skipped=0 pseudo=535 anchors=479 mask_extra=56 reject_rel=24 DURRmatch=455/2193 rescue=10 teacher_empty=92 hall=38/2944 loss=5.7184 sfseg=5.5086 mard=2.0235 dir=1.1188 res=0.0045 hallL=0.3153 route E/S=25985/7051
[E58] batch=001/153 pseudo=4 loss=4.6632 sfseg=4.4567 seg=0.4279 mard=2.0383 λM=0.0370 DURR(dir/res/hall)=1.3109/0.0000/0.0000 λD=1.000 route=412 E/S=383/29 rescue=0 empty=0 hall=0/0 FG/HBG/EBG=32/256/1280 grad=28.56
[E58] batch=010/153 pseudo=5 loss=16.2558 sfseg=16.1463 seg=0.4785 mard=1.9987 λM=0.0320 DURR(dir/res/hall)=0.4556/0.0000/0.0000 λD=1.000 route=89 E/S=32/57 rescue=0 empty=0 hall=0/0 FG/HBG/EBG=40/320/1216 grad=41.93
[E58] batch=020/153 pseudo=3 loss=7.1936 sfseg=7.0650 seg=0.4078 mard=2.0357 λM=0.0171 DURR(dir/res/hall)=0.9357/0.0000/0.0023 λD=1.000 route=173 E/S=93/80 rescue=0 empty=1 hall=1/0 FG/HBG/EBG=24/192/960 grad=35.56
[E58] batch=030/153 pseudo=4 loss=7.7457 sfseg=7.5611 seg=0.8461 mard=2.0185 λM=0.0358 DURR(dir/res/hall)=1.1231/0.0000/0.0000 λD=1.000 route=467 E/S=412/55 rescue=0 empty=0 hall=0/0 FG/HBG/EBG=32/256/1280 grad=34.93
[E58] batch=040/153 pseudo=3 loss=1.9803 sfseg=1.8243 seg=0.2445 mard=2.0118 λM=0.0380 DURR(dir/res/hall)=0.7956/0.0000/0.0000 λD=1.000 route=195 E/S=152/43 rescue=0 empty=1 hall=0/0 FG/HBG/EBG=24/192/960 grad=23.35
[E58] batch=050/153 pseudo=4 loss=4.8488 sfseg=4.6531 seg=0.3465 mard=2.0106 λM=0.0297 DURR(dir/res/hall)=1.3605/0.0000/0.0000 λD=1.000 route=282 E/S=176/106 rescue=0 empty=0 hall=0/0 FG/HBG/EBG=32/256/1280 grad=40.81
[E58] batch=060/153 pseudo=4 loss=4.6410 sfseg=4.4809 seg=0.3068 mard=2.0065 λM=0.0308 DURR(dir/res/hall)=0.9835/0.0000/0.0000 λD=1.000 route=497 E/S=488/9 rescue=0 empty=0 hall=0/0 FG/HBG/EBG=32/256/1280 grad=33.31
[E58] batch=070/153 pseudo=4 loss=5.8359 sfseg=5.6813 seg=0.3062 mard=2.0008 λM=0.0350 DURR(dir/res/hall)=0.8472/0.0000/0.0000 λD=1.000 route=197 E/S=170/27 rescue=0 empty=0 hall=0/0 FG/HBG/EBG=32/256/1280 grad=69.45
[E58] batch=080/153 pseudo=3 loss=9.1160 sfseg=8.9450 seg=1.0015 mard=2.0198 λM=0.0306 DURR(dir/res/hall)=1.0917/0.0000/0.0000 λD=1.000 route=73 E/S=46/27 rescue=0 empty=1 hall=0/0 FG/HBG/EBG=24/192/960 grad=90.09
[E58] batch=090/153 pseudo=3 loss=8.5074 sfseg=8.1977 seg=1.2933 mard=1.9384 λM=0.0095 DURR(dir/res/hall)=2.9132/0.0000/0.0000 λD=1.000 route=95 E/S=48/47 rescue=0 empty=1 hall=0/0 FG/HBG/EBG=24/192/960 grad=75.55
[E58] batch=100/153 pseudo=2 loss=1.6482 sfseg=1.4861 seg=0.3292 mard=2.0249 λM=0.0420 DURR(dir/res/hall)=0.7699/0.0000/0.0012 λD=1.000 route=154 E/S=141/13 rescue=0 empty=2 hall=1/0 FG/HBG/EBG=16/128/640 grad=15.25
[E58] batch=110/153 pseudo=4 loss=3.2978 sfseg=3.1233 seg=0.2427 mard=2.0894 λM=0.0328 DURR(dir/res/hall)=0.9247/0.0674/0.0000 λD=1.000 route=163 E/S=157/6 rescue=1 empty=0 hall=0/0 FG/HBG/EBG=32/256/1280 grad=27.55
[E58] batch=120/153 pseudo=3 loss=7.5970 sfseg=7.4520 seg=0.2937 mard=2.0213 λM=0.0190 DURR(dir/res/hall)=1.0643/0.0000/0.0003 λD=1.000 route=60 E/S=37/23 rescue=0 empty=1 hall=1/0 FG/HBG/EBG=24/192/960 grad=33.94
[E58] batch=130/153 pseudo=3 loss=4.8369 sfseg=4.7033 seg=0.4459 mard=2.0869 λM=0.0252 DURR(dir/res/hall)=0.8089/0.0000/0.0010 λD=1.000 route=122 E/S=106/16 rescue=0 empty=1 hall=1/0 FG/HBG/EBG=24/192/960 grad=29.27
[E58] batch=140/153 pseudo=4 loss=4.8002 sfseg=4.6567 seg=0.3126 mard=1.9938 λM=0.0356 DURR(dir/res/hall)=0.7245/0.0000/0.0000 λD=1.000 route=100 E/S=90/10 rescue=0 empty=0 hall=0/0 FG/HBG/EBG=32/256/1280 grad=18.32
[E58] batch=150/153 pseudo=4 loss=5.6616 sfseg=5.4619 seg=0.4811 mard=2.0340 λM=0.0273 DURR(dir/res/hall)=1.4410/0.0000/0.0000 λD=1.000 route=493 E/S=464/29 rescue=0 empty=0 hall=0/0 FG/HBG/EBG=32/256/1280 grad=28.71
[E58] batch=153/153 pseudo=3 loss=5.5214 sfseg=5.3096 seg=0.6713 mard=2.0555 λM=0.0346 DURR(dir/res/hall)=1.3753/0.0161/0.0000 λD=1.000 route=122 E/S=81/41 rescue=1 empty=1 hall=0/0 FG/HBG/EBG=24/192/960 grad=50.13

[Epoch 58] DONE time=37.7s valid=153 skipped=0 pseudo=531 anchors=482 mask_extra=49 reject_rel=21 DURRmatch=462/2212 rescue=11 teacher_empty=99 hall=33/5585 loss=5.4652 sfseg=5.2566 mard=2.0239 dir=1.1232 res=0.0035 hallL=0.3011 route E/S=26882/6421
[E59] batch=001/153 pseudo=4 loss=3.1652 sfseg=3.0038 seg=0.2271 mard=2.0042 λM=0.0338 DURR(dir/res/hall)=0.9379/0.0000/0.0000 λD=1.000 route=196 E/S=158/38 rescue=0 empty=0 hall=0/0 FG/HBG/EBG=32/256/1280 grad=40.59
[E59] batch=010/153 pseudo=3 loss=2.9045 sfseg=2.7298 seg=0.2560 mard=2.0028 λM=0.0322 DURR(dir/res/hall)=1.0987/0.0000/0.0031 λD=1.000 route=58 E/S=37/21 rescue=0 empty=1 hall=1/0 FG/HBG/EBG=24/192/960 grad=24.06
[E59] batch=020/153 pseudo=2 loss=1.9300 sfseg=1.7124 seg=0.2858 mard=1.9716 λM=0.0356 DURR(dir/res/hall)=1.4731/0.0000/0.0009 λD=1.000 route=94 E/S=72/22 rescue=0 empty=2 hall=1/0 FG/HBG/EBG=16/128/640 grad=18.83
[E59] batch=030/153 pseudo=3 loss=2.1494 sfseg=1.9345 seg=0.2230 mard=1.9909 λM=0.0372 DURR(dir/res/hall)=1.4093/0.0000/0.0000 λD=1.000 route=207 E/S=191/16 rescue=0 empty=1 hall=0/0 FG/HBG/EBG=24/192/960 grad=17.78
[E59] batch=040/153 pseudo=5 loss=5.2394 sfseg=5.0510 seg=0.3830 mard=1.9965 λM=0.0292 DURR(dir/res/hall)=1.3008/0.0000/0.0000 λD=1.000 route=260 E/S=206/54 rescue=0 empty=0 hall=0/0 FG/HBG/EBG=40/320/1216 grad=28.96
[E59] batch=050/153 pseudo=2 loss=1.2736 sfseg=1.0547 seg=0.1787 mard=2.0475 λM=0.0431 DURR(dir/res/hall)=1.3068/0.0000/0.0000 λD=1.000 route=24 E/S=15/9 rescue=0 empty=2 hall=0/0 FG/HBG/EBG=16/128/640 grad=21.08
[E59] batch=060/153 pseudo=3 loss=4.2442 sfseg=4.1270 seg=0.4330 mard=2.0629 λM=0.0183 DURR(dir/res/hall)=0.7947/0.0000/0.0000 λD=1.000 route=328 E/S=274/54 rescue=0 empty=1 hall=0/0 FG/HBG/EBG=24/192/960 grad=55.08
[E59] batch=070/153 pseudo=2 loss=1.4842 sfseg=1.3442 seg=0.2303 mard=2.0014 λM=0.0362 DURR(dir/res/hall)=0.6754/0.0000/0.0001 λD=1.000 route=87 E/S=68/19 rescue=0 empty=2 hall=1/0 FG/HBG/EBG=16/128/640 grad=14.15
[E59] batch=080/153 pseudo=3 loss=2.6322 sfseg=2.4884 seg=0.2480 mard=2.0822 λM=0.0331 DURR(dir/res/hall)=0.7496/0.0000/0.0000 λD=1.000 route=291 E/S=248/43 rescue=0 empty=1 hall=0/0 FG/HBG/EBG=24/192/960 grad=26.99
[E59] batch=090/153 pseudo=4 loss=6.5401 sfseg=6.3661 seg=0.5144 mard=2.0506 λM=0.0327 DURR(dir/res/hall)=1.0701/0.0000/0.0000 λD=1.000 route=508 E/S=463/45 rescue=0 empty=0 hall=0/0 FG/HBG/EBG=32/256/1280 grad=32.25
[E59] batch=100/153 pseudo=2 loss=2.8705 sfseg=2.3798 seg=0.3204 mard=2.0526 λM=0.0288 DURR(dir/res/hall)=0.8685/0.0000/3.4465 λD=1.000 route=32 E/S=28/4 rescue=0 empty=2 hall=1/602 FG/HBG/EBG=16/128/640 grad=31.64
[E59] batch=110/153 pseudo=4 loss=5.8738 sfseg=5.7097 seg=0.4111 mard=2.0228 λM=0.0243 DURR(dir/res/hall)=1.1502/0.0000/0.0000 λD=1.000 route=202 E/S=156/46 rescue=0 empty=1 hall=0/0 FG/HBG/EBG=32/192/960 grad=35.21
[E59] batch=120/153 pseudo=3 loss=2.6595 sfseg=2.4432 seg=0.3795 mard=2.0562 λM=0.0411 DURR(dir/res/hall)=1.3175/0.0000/0.0000 λD=1.000 route=125 E/S=82/43 rescue=0 empty=1 hall=0/0 FG/HBG/EBG=24/192/960 grad=24.12
[E59] batch=130/153 pseudo=4 loss=3.8513 sfseg=3.6974 seg=0.2802 mard=1.9996 λM=0.0380 DURR(dir/res/hall)=0.7791/0.0000/0.0000 λD=1.000 route=263 E/S=172/91 rescue=0 empty=0 hall=0/0 FG/HBG/EBG=32/256/1280 grad=58.55
[E59] batch=140/153 pseudo=4 loss=14.0724 sfseg=13.8653 seg=0.8166 mard=2.0649 λM=0.0315 DURR(dir/res/hall)=1.4199/0.0000/0.0000 λD=1.000 route=206 E/S=130/76 rescue=0 empty=0 hall=0/0 FG/HBG/EBG=32/256/1280 grad=69.15
[E59] batch=150/153 pseudo=3 loss=6.9091 sfseg=6.6884 seg=0.4695 mard=1.9796 λM=0.0230 DURR(dir/res/hall)=1.7518/0.0000/0.0000 λD=1.000 route=9 E/S=7/2 rescue=0 empty=1 hall=0/0 FG/HBG/EBG=24/192/960 grad=44.88
[E59] batch=153/153 pseudo=3 loss=4.4846 sfseg=4.3198 seg=0.4116 mard=2.0387 λM=0.0370 DURR(dir/res/hall)=0.8945/0.0000/0.0004 λD=1.000 route=212 E/S=152/60 rescue=0 empty=1 hall=1/0 FG/HBG/EBG=24/192/960 grad=28.84

[Epoch 59] DONE time=37.7s valid=153 skipped=0 pseudo=526 anchors=476 mask_extra=50 reject_rel=26 DURRmatch=458/2192 rescue=12 teacher_empty=104 hall=39/3356 loss=5.1014 sfseg=4.8944 mard=2.0248 dir=1.1020 res=0.0129 hallL=0.2844 route E/S=25467/6843
[E60] batch=001/153 pseudo=4 loss=4.3014 sfseg=4.1258 seg=0.3264 mard=2.0637 λM=0.0330 DURR(dir/res/hall)=1.0752/0.0000/0.0000 λD=1.000 route=214 E/S=82/132 rescue=0 empty=0 hall=0/0 FG/HBG/EBG=32/256/1280 grad=38.15
[E60] batch=010/153 pseudo=4 loss=10.1789 sfseg=9.9754 seg=1.0815 mard=2.0250 λM=0.0359 DURR(dir/res/hall)=1.3085/0.0000/0.0000 λD=1.000 route=519 E/S=487/32 rescue=0 empty=0 hall=0/0 FG/HBG/EBG=32/256/1280 grad=30.16
[E60] batch=020/153 pseudo=4 loss=3.6033 sfseg=3.4045 seg=0.2858 mard=1.9481 λM=0.0324 DURR(dir/res/hall)=1.3558/0.0000/0.0000 λD=1.000 route=220 E/S=174/46 rescue=0 empty=0 hall=0/0 FG/HBG/EBG=32/256/1280 grad=32.70
[E60] batch=030/153 pseudo=4 loss=3.4528 sfseg=3.2824 seg=0.3763 mard=1.9821 λM=0.0405 DURR(dir/res/hall)=0.9021/0.0000/0.0000 λD=1.000 route=227 E/S=185/42 rescue=0 empty=0 hall=0/0 FG/HBG/EBG=32/256/1280 grad=21.09
[E60] batch=040/153 pseudo=4 loss=6.4178 sfseg=6.2505 seg=0.3506 mard=1.9848 λM=0.0261 DURR(dir/res/hall)=1.1549/0.0000/0.0000 λD=1.000 route=153 E/S=103/50 rescue=0 empty=0 hall=0/0 FG/HBG/EBG=32/256/1280 grad=48.33
[E60] batch=050/153 pseudo=3 loss=4.0269 sfseg=3.8463 seg=0.3461 mard=2.0531 λM=0.0336 DURR(dir/res/hall)=1.1161/0.0000/0.0000 λD=1.000 route=111 E/S=100/11 rescue=0 empty=1 hall=0/0 FG/HBG/EBG=24/192/960 grad=28.86
[E60] batch=060/153 pseudo=4 loss=7.5026 sfseg=7.3051 seg=0.3384 mard=1.9917 λM=0.0307 DURR(dir/res/hall)=1.3644/0.0000/0.0000 λD=1.000 route=224 E/S=172/52 rescue=0 empty=0 hall=0/0 FG/HBG/EBG=32/256/1280 grad=30.15
[E60] batch=070/153 pseudo=4 loss=2.8335 sfseg=2.6634 seg=0.2788 mard=1.9815 λM=0.0367 DURR(dir/res/hall)=0.9728/0.0000/0.0000 λD=1.000 route=161 E/S=128/33 rescue=0 empty=1 hall=0/0 FG/HBG/EBG=32/256/896 grad=22.98
[E60] batch=080/153 pseudo=4 loss=3.5404 sfseg=3.4090 seg=0.2740 mard=2.0117 λM=0.0263 DURR(dir/res/hall)=0.7844/0.0000/0.0000 λD=1.000 route=293 E/S=274/19 rescue=0 empty=0 hall=0/0 FG/HBG/EBG=32/256/1280 grad=27.79
[E60] batch=090/153 pseudo=4 loss=3.1768 sfseg=3.0076 seg=0.2546 mard=2.0562 λM=0.0418 DURR(dir/res/hall)=0.8310/0.0000/0.0000 λD=1.000 route=199 E/S=151/48 rescue=0 empty=0 hall=0/0 FG/HBG/EBG=32/256/1280 grad=26.04
[E60] batch=100/153 pseudo=4 loss=15.5561 sfseg=15.3321 seg=1.0891 mard=2.0860 λM=0.0309 DURR(dir/res/hall)=1.5959/0.0000/0.0000 λD=1.000 route=250 E/S=201/49 rescue=0 empty=0 hall=0/0 FG/HBG/EBG=32/256/1280 grad=55.71
[E60] batch=110/153 pseudo=2 loss=1.2470 sfseg=1.0849 seg=0.1775 mard=2.0270 λM=0.0361 DURR(dir/res/hall)=0.8900/0.0000/0.0000 λD=1.000 route=97 E/S=73/24 rescue=0 empty=2 hall=0/0 FG/HBG/EBG=16/128/640 grad=17.08
[E60] batch=120/153 pseudo=4 loss=8.0088 sfseg=7.8941 seg=0.6482 mard=2.0105 λM=0.0177 DURR(dir/res/hall)=0.7910/0.0000/0.0000 λD=1.000 route=773 E/S=687/86 rescue=0 empty=0 hall=0/0 FG/HBG/EBG=32/256/1280 grad=34.16
[E60] batch=130/153 pseudo=3 loss=3.2675 sfseg=3.0627 seg=0.3224 mard=2.0283 λM=0.0283 DURR(dir/res/hall)=1.4735/0.0000/0.0000 λD=1.000 route=204 E/S=149/55 rescue=0 empty=1 hall=0/0 FG/HBG/EBG=24/192/960 grad=24.83
[E60] batch=140/153 pseudo=4 loss=4.0279 sfseg=3.8286 seg=0.2115 mard=2.1019 λM=0.0366 DURR(dir/res/hall)=1.2224/0.0000/0.0000 λD=1.000 route=166 E/S=141/25 rescue=0 empty=0 hall=0/0 FG/HBG/EBG=32/256/1280 grad=57.15
[E60] batch=150/153 pseudo=4 loss=4.7431 sfseg=4.6050 seg=0.3617 mard=1.9962 λM=0.0339 DURR(dir/res/hall)=0.7030/0.0000/0.0000 λD=1.000 route=146 E/S=107/39 rescue=0 empty=0 hall=0/0 FG/HBG/EBG=32/256/1280 grad=41.89
[E60] batch=153/153 pseudo=4 loss=3.1208 sfseg=2.9483 seg=0.2779 mard=2.0072 λM=0.0409 DURR(dir/res/hall)=0.9040/0.0000/0.0000 λD=1.000 route=220 E/S=198/22 rescue=0 empty=0 hall=0/0 FG/HBG/EBG=32/256/1280 grad=21.11

[Epoch 60] DONE time=37.4s valid=153 skipped=0 pseudo=541 anchors=485 mask_extra=56 reject_rel=26 DURRmatch=461/2210 rescue=11 teacher_empty=87 hall=32/1985 loss=5.5189 sfseg=5.3232 mard=2.0332 dir=1.0632 res=0.0052 hallL=0.2370 route E/S=24605/7105
[SAVE Student] /home/dang/MedRT-SFOD/runs/seg/dense_sfseg/cvc_durr_v1_segmard_v2_60ep/checkpoints/durr_student_epoch_60.pt
[SAVE Teacher] /home/dang/MedRT-SFOD/runs/seg/dense_sfseg/cvc_durr_v1_segmard_v2_60ep/checkpoints/durr_teacher_ema_epoch_60.pt
[AUTO ANALYSIS] 1/612
[AUTO ANALYSIS] 50/612
[AUTO ANALYSIS] 100/612
[AUTO ANALYSIS] 150/612
[AUTO ANALYSIS] 200/612
[AUTO ANALYSIS] 250/612
[AUTO ANALYSIS] 300/612
[AUTO ANALYSIS] 350/612
[AUTO ANALYSIS] 400/612
[AUTO ANALYSIS] 450/612
[AUTO ANALYSIS] 500/612
[AUTO ANALYSIS] 550/612
[AUTO ANALYSIS] 600/612
[AUTO ANALYSIS] 612/612
[AUTO VAL] final Student official mask metrics...
Ultralytics 8.4.46 🚀 Python-3.12.3 torch-2.5.1+cu121 CUDA:0 (NVIDIA GeForce RTX 4060 Ti, 15985MiB)
[34m[1mval: [0mFast image access ✅ (ping: 0.0±0.0 ms, read: 2556.9±282.8 MB/s, size: 85.2 KB)
[K[34m[1mval: [0mScanning /home/dang/MedRT-SFOD/dataset/CVC-ClinicDB-YOLO26/labels/target... 215 images, 0 backgrounds, 0 corrupt: 35% ━━━━──────── 215/612 642.5it/s 0.1s<0.6s[K[34m[1mval: [0mScanning /home/dang/MedRT-SFOD/dataset/CVC-ClinicDB-YOLO26/labels/target... 443 images, 0 backgrounds, 0 corrupt: 72% ━━━━━━━━╸─── 443/612 1.1Kit/s 0.2s<0.2s[K[34m[1mval: [0mScanning /home/dang/MedRT-SFOD/dataset/CVC-ClinicDB-YOLO26/labels/target... 612 images, 0 backgrounds, 0 corrupt: 100% ━━━━━━━━━━━━ 612/612 2.2Kit/s 0.3s
[34m[1mval: [0mNew cache created: /home/dang/MedRT-SFOD/dataset/CVC-ClinicDB-YOLO26/labels/target.cache
[K                 Class     Images  Instances      Box(P          R      mAP50  mAP50-95)     Mask(P          R      mAP50  mAP50-95): 1% ──────────── 1/77 1.1s/it 0.3s<1:24[K                 Class     Images  Instances      Box(P          R      mAP50  mAP50-95)     Mask(P          R      mAP50  mAP50-95): 3% ──────────── 2/77 2.2it/s 0.5s<34.2s[K                 Class     Images  Instances      Box(P          R      mAP50  mAP50-95)     Mask(P          R      mAP50  mAP50-95): 4% ──────────── 3/77 2.9it/s 0.7s<25.2s[K                 Class     Images  Instances      Box(P          R      mAP50  mAP50-95)     Mask(P          R      mAP50  mAP50-95): 5% ╸─────────── 4/77 4.5it/s 0.9s<16.3s[K                 Class     Images  Instances      Box(P          R      mAP50  mAP50-95)     Mask(P          R      mAP50  mAP50-95): 8% ╸─────────── 6/77 6.3it/s 1.0s<11.2s[K                 Class     Images  Instances      Box(P          R      mAP50  mAP50-95)     Mask(P          R      mAP50  mAP50-95): 10% ━─────────── 8/77 8.5it/s 1.2s<8.1s[K                 Class     Images  Instances      Box(P          R      mAP50  mAP50-95)     Mask(P          R      mAP50  mAP50-95): 13% ━╸────────── 10/77 9.5it/s 1.4s<7.0s[K                 Class     Images  Instances      Box(P          R      mAP50  mAP50-95)     Mask(P          R      mAP50  mAP50-95): 16% ━╸────────── 12/77 10.8it/s 1.5s<6.0s[K                 Class     Images  Instances      Box(P          R      mAP50  mAP50-95)     Mask(P          R      mAP50  mAP50-95): 18% ━━────────── 14/77 12.0it/s 1.6s<5.3s[K                 Class     Images  Instances      Box(P          R      mAP50  mAP50-95)     Mask(P          R      mAP50  mAP50-95): 21% ━━────────── 16/77 12.9it/s 1.8s<4.7s[K                 Class     Images  Instances      Box(P          R      mAP50  mAP50-95)     Mask(P          R      mAP50  mAP50-95): 23% ━━╸───────── 18/77 13.0it/s 1.9s<4.5s[K                 Class     Images  Instances      Box(P          R      mAP50  mAP50-95)     Mask(P          R      mAP50  mAP50-95): 26% ━━━───────── 20/77 13.4it/s 2.1s<4.2s[K                 Class     Images  Instances      Box(P          R      mAP50  mAP50-95)     Mask(P          R      mAP50  mAP50-95): 29% ━━━───────── 22/77 13.9it/s 2.2s<4.0s[K                 Class     Images  Instances      Box(P          R      mAP50  mAP50-95)     Mask(P          R      mAP50  mAP50-95): 31% ━━━╸──────── 24/77 14.3it/s 2.3s<3.7s[K                 Class     Images  Instances      Box(P          R      mAP50  mAP50-95)     Mask(P          R      mAP50  mAP50-95): 34% ━━━━──────── 26/77 14.0it/s 2.5s<3.6s[K                 Class     Images  Instances      Box(P          R      mAP50  mAP50-95)     Mask(P          R      mAP50  mAP50-95): 36% ━━━━──────── 28/77 14.1it/s 2.6s<3.5s[K                 Class     Images  Instances      Box(P          R      mAP50  mAP50-95)     Mask(P          R      mAP50  mAP50-95): 39% ━━━━╸─────── 30/77 14.3it/s 2.8s<3.3s[K                 Class     Images  Instances      Box(P          R      mAP50  mAP50-95)     Mask(P          R      mAP50  mAP50-95): 42% ━━━━╸─────── 32/77 14.4it/s 2.9s<3.1s[K                 Class     Images  Instances      Box(P          R      mAP50  mAP50-95)     Mask(P          R      mAP50  mAP50-95): 44% ━━━━━─────── 34/77 14.1it/s 3.0s<3.0s[K                 Class     Images  Instances      Box(P          R      mAP50  mAP50-95)     Mask(P          R      mAP50  mAP50-95): 47% ━━━━━╸────── 36/77 14.2it/s 3.2s<2.9s[K                 Class     Images  Instances      Box(P          R      mAP50  mAP50-95)     Mask(P          R      mAP50  mAP50-95): 49% ━━━━━╸────── 38/77 14.4it/s 3.3s<2.7s[K                 Class     Images  Instances      Box(P          R      mAP50  mAP50-95)     Mask(P          R      mAP50  mAP50-95): 52% ━━━━━━────── 40/77 14.3it/s 3.5s<2.6s[K                 Class     Images  Instances      Box(P          R      mAP50  mAP50-95)     Mask(P          R      mAP50  mAP50-95): 55% ━━━━━━╸───── 42/77 14.1it/s 3.6s<2.5s[K                 Class     Images  Instances      Box(P          R      mAP50  mAP50-95)     Mask(P          R      mAP50  mAP50-95): 57% ━━━━━━╸───── 44/77 14.1it/s 3.7s<2.3s[K                 Class     Images  Instances      Box(P          R      mAP50  mAP50-95)     Mask(P          R      mAP50  mAP50-95): 60% ━━━━━━━───── 46/77 14.3it/s 3.9s<2.2s[K                 Class     Images  Instances      Box(P          R      mAP50  mAP50-95)     Mask(P          R      mAP50  mAP50-95): 62% ━━━━━━━───── 48/77 14.3it/s 4.0s<2.0s[K                 Class     Images  Instances      Box(P          R      mAP50  mAP50-95)     Mask(P          R      mAP50  mAP50-95): 65% ━━━━━━━╸──── 50/77 14.2it/s 4.2s<1.9s[K                 Class     Images  Instances      Box(P          R      mAP50  mAP50-95)     Mask(P          R      mAP50  mAP50-95): 68% ━━━━━━━━──── 52/77 14.2it/s 4.3s<1.8s[K                 Class     Images  Instances      Box(P          R      mAP50  mAP50-95)     Mask(P          R      mAP50  mAP50-95): 70% ━━━━━━━━──── 54/77 14.4it/s 4.4s<1.6s[K                 Class     Images  Instances      Box(P          R      mAP50  mAP50-95)     Mask(P          R      mAP50  mAP50-95): 73% ━━━━━━━━╸─── 56/77 14.5it/s 4.6s<1.4s[K                 Class     Images  Instances      Box(P          R      mAP50  mAP50-95)     Mask(P          R      mAP50  mAP50-95): 75% ━━━━━━━━━─── 58/77 14.2it/s 4.7s<1.3s[K                 Class     Images  Instances      Box(P          R      mAP50  mAP50-95)     Mask(P          R      mAP50  mAP50-95): 78% ━━━━━━━━━─── 60/77 14.2it/s 4.9s<1.2s[K                 Class     Images  Instances      Box(P          R      mAP50  mAP50-95)     Mask(P          R      mAP50  mAP50-95): 81% ━━━━━━━━━╸── 62/77 14.4it/s 5.0s<1.0s[K                 Class     Images  Instances      Box(P          R      mAP50  mAP50-95)     Mask(P          R      mAP50  mAP50-95): 83% ━━━━━━━━━╸── 64/77 14.3it/s 5.1s<0.9s[K                 Class     Images  Instances      Box(P          R      mAP50  mAP50-95)     Mask(P          R      mAP50  mAP50-95): 86% ━━━━━━━━━━── 66/77 14.1it/s 5.3s<0.8s[K                 Class     Images  Instances      Box(P          R      mAP50  mAP50-95)     Mask(P          R      mAP50  mAP50-95): 88% ━━━━━━━━━━╸─ 68/77 14.3it/s 5.4s<0.6s[K                 Class     Images  Instances      Box(P          R      mAP50  mAP50-95)     Mask(P          R      mAP50  mAP50-95): 91% ━━━━━━━━━━╸─ 70/77 14.4it/s 5.6s<0.5s[K                 Class     Images  Instances      Box(P          R      mAP50  mAP50-95)     Mask(P          R      mAP50  mAP50-95): 94% ━━━━━━━━━━━─ 72/77 14.5it/s 5.7s<0.3s[K                 Class     Images  Instances      Box(P          R      mAP50  mAP50-95)     Mask(P          R      mAP50  mAP50-95): 96% ━━━━━━━━━━━╸ 74/77 14.2it/s 5.8s<0.2s[K                 Class     Images  Instances      Box(P          R      mAP50  mAP50-95)     Mask(P          R      mAP50  mAP50-95): 99% ━━━━━━━━━━━╸ 76/77 14.2it/s 6.0s<0.1s[K                 Class     Images  Instances      Box(P          R      mAP50  mAP50-95)     Mask(P          R      mAP50  mAP50-95): 100% ━━━━━━━━━━━━ 77/77 12.7it/s 6.1s
                   all        612        646      0.803      0.789      0.749      0.463      0.817      0.802      0.772      0.526
Speed: 1.8ms preprocess, 4.5ms inference, 0.0ms loss, 0.5ms postprocess per image
Results saved to [1m/home/dang/MedRT-SFOD/runs/segment/val-5[0m
[AUTO ANALYSIS SAVED] /home/dang/MedRT-SFOD/runs/seg/dense_sfseg/cvc_durr_v1_segmard_v2_60ep/final_analysis
[TABLE 1] /home/dang/MedRT-SFOD/runs/seg/dense_sfseg/cvc_durr_v1_segmard_v2_60ep/final_analysis/table1_quality_progression.md
[TABLE 2] /home/dang/MedRT-SFOD/runs/seg/dense_sfseg/cvc_durr_v1_segmard_v2_60ep/final_analysis/table2_adaptation_diagnostics.md

[PASS] DURR Stage-2 completed
[NOTE] Both final Student and final EMA Teacher checkpoints were saved automatically.
