nohup: ignoring input
========================================================================
DENSE MEDRT-SFSEG STAGE-2
========================================================================
target images : 1000
labels used   : NO
GT masks used : NO
epochs        : 60
batch         : 4

DHF mode      : durr
Mask-DHF rel  : 0.753071
stability     : 0.4 0.6
DURR base    : BDL pseudo labels + Mask-DHF coverage
DURR signed  : r_m*P_o2m - r_o*P_o2o
DURR band    : two-sided, kernel 5
DURR rescue  : conf>= 0.8 stab>= 0.8
DURR safe BG : Teacher evidence < 0.15
DURR lambdas : 0.2 0.5 0.2
DURR warmup  : 3.0 epochs

MARD lambda0  : 0.05
MARD warmup   : 5.0
MARD mode     : mask
FG definition : inside Teacher pseudo segmentation mask
FG erosion    : 1
mask dilation : 1
hard BG ratio : 0.5
reliability wt: OFF
var/cov obj.   : unchanged
[E01] batch=001/250 pseudo=5 loss=18.5331 seg=1.1586 semseg=2.5412 mard=2.1037 lambda=0.000000 box_extra=0 mask_extra=0 DURR=0.0000 (dir=0.0543,res=-0.0000,hall=-0.0000) route_px=637 rescue_px=0 hall_px=0 FG/HBG/EBG=40/256/1280 fallback=0 rel=0.876/0.786/0.967 wmean=1.000 grad_preclip=238.16
[E01] batch=010/250 pseudo=4 loss=7.3235 seg=0.6581 semseg=0.2570 mard=2.0145 lambda=0.000305 box_extra=0 mask_extra=0 DURR=0.0004 (dir=0.1716,res=-0.0000,hall=-0.0000) route_px=359 rescue_px=0 hall_px=0 FG/HBG/EBG=32/256/1280 fallback=0 rel=0.942/0.923/0.954 wmean=1.000 grad_preclip=60.65
[E01] batch=020/250 pseudo=4 loss=18.0644 seg=2.1029 semseg=1.8665 mard=2.0147 lambda=0.000400 box_extra=0 mask_extra=0 DURR=0.0005 (dir=0.0985,res=-0.0000,hall=-0.0000) route_px=321 rescue_px=0 hall_px=0 FG/HBG/EBG=32/192/960 fallback=0 rel=0.857/0.768/0.965 wmean=1.000 grad_preclip=145.69
[E01] batch=030/250 pseudo=4 loss=5.2909 seg=0.5951 semseg=0.1119 mard=1.9754 lambda=0.000896 box_extra=0 mask_extra=0 DURR=0.0020 (dir=0.2628,res=-0.0000,hall=-0.0000) route_px=307 rescue_px=0 hall_px=0 FG/HBG/EBG=32/256/1280 fallback=0 rel=0.920/0.828/0.959 wmean=1.000 grad_preclip=53.34
[E01] batch=040/250 pseudo=6 loss=20.3408 seg=1.6631 semseg=1.4873 mard=2.0250 lambda=0.001117 box_extra=0 mask_extra=0 DURR=0.0013 (dir=0.1259,res=-0.0000,hall=-0.0000) route_px=374 rescue_px=0 hall_px=0 FG/HBG/EBG=48/320/1216 fallback=0 rel=0.903/0.836/0.957 wmean=1.000 grad_preclip=83.78
[E01] batch=050/250 pseudo=4 loss=12.3361 seg=1.6973 semseg=0.5542 mard=2.0633 lambda=0.001513 box_extra=0 mask_extra=0 DURR=0.0016 (dir=0.1253,res=-0.0000,hall=-0.0000) route_px=177 rescue_px=0 hall_px=0 FG/HBG/EBG=32/256/1280 fallback=0 rel=0.922/0.877/0.960 wmean=1.000 grad_preclip=206.66
[E01] batch=060/250 pseudo=4 loss=4.4908 seg=0.4714 semseg=0.1118 mard=1.9848 lambda=0.001854 box_extra=0 mask_extra=0 DURR=0.0024 (dir=0.1522,res=-0.0000,hall=-0.0000) route_px=210 rescue_px=0 hall_px=0 FG/HBG/EBG=32/256/1280 fallback=0 rel=0.922/0.826/0.962 wmean=1.000 grad_preclip=31.48
[E01] batch=070/250 pseudo=5 loss=11.1436 seg=0.7631 semseg=1.0639 mard=1.9471 lambda=0.002165 box_extra=1 mask_extra=0 DURR=0.0042 (dir=0.2266,res=-0.0000,hall=-0.0000) route_px=64 rescue_px=0 hall_px=0 FG/HBG/EBG=40/256/1280 fallback=0 rel=0.919/0.885/0.955 wmean=1.000 grad_preclip=199.57
[E01] batch=080/250 pseudo=4 loss=10.6769 seg=1.2393 semseg=0.4188 mard=2.0658 lambda=0.002648 box_extra=1 mask_extra=1 DURR=0.0192 (dir=0.1215,res=0.3167,hall=-0.0000) route_px=221 rescue_px=105 hall_px=0 FG/HBG/EBG=32/256/1280 fallback=0 rel=0.939/0.917/0.965 wmean=1.000 grad_preclip=144.89
[E01] batch=090/250 pseudo=4 loss=9.3390 seg=0.7949 semseg=0.6534 mard=2.0147 lambda=0.002533 box_extra=0 mask_extra=0 DURR=0.0034 (dir=0.1434,res=-0.0000,hall=-0.0000) route_px=433 rescue_px=0 hall_px=0 FG/HBG/EBG=32/256/1280 fallback=0 rel=0.904/0.788/0.956 wmean=1.000 grad_preclip=137.05
[E01] batch=100/250 pseudo=4 loss=6.5315 seg=0.4288 semseg=0.1900 mard=1.9674 lambda=0.002566 box_extra=0 mask_extra=0 DURR=0.0087 (dir=0.3307,res=-0.0000,hall=-0.0000) route_px=239 rescue_px=0 hall_px=0 FG/HBG/EBG=32/256/1280 fallback=0 rel=0.886/0.693/0.970 wmean=1.000 grad_preclip=75.93
[E01] batch=110/250 pseudo=3 loss=5.3330 seg=0.5153 semseg=0.1843 mard=2.0716 lambda=0.003863 box_extra=0 mask_extra=0 DURR=0.0856 (dir=0.0742,res=-0.0000,hall=2.8700) route_px=59 rescue_px=0 hall_px=18 FG/HBG/EBG=24/192/960 fallback=0 rel=0.953/0.942/0.968 wmean=1.000 grad_preclip=42.07
[E01] batch=120/250 pseudo=4 loss=8.7120 seg=0.9288 semseg=0.3825 mard=1.9893 lambda=0.004084 box_extra=0 mask_extra=0 DURR=0.0025 (dir=0.0801,res=-0.0000,hall=-0.0000) route_px=463 rescue_px=0 hall_px=0 FG/HBG/EBG=32/256/1280 fallback=0 rel=0.943/0.903/0.967 wmean=1.000 grad_preclip=169.60
[E01] batch=130/250 pseudo=4 loss=22.5773 seg=2.4610 semseg=1.4964 mard=2.0837 lambda=0.002779 box_extra=1 mask_extra=1 DURR=0.0046 (dir=0.1325,res=-0.0000,hall=-0.0000) route_px=300 rescue_px=0 hall_px=0 FG/HBG/EBG=32/256/1280 fallback=0 rel=0.847/0.689/0.951 wmean=1.000 grad_preclip=238.44
[E01] batch=140/250 pseudo=4 loss=5.5368 seg=0.5104 semseg=0.1974 mard=2.0579 lambda=0.004635 box_extra=0 mask_extra=0 DURR=0.0053 (dir=0.1433,res=-0.0000,hall=-0.0000) route_px=479 rescue_px=0 hall_px=0 FG/HBG/EBG=32/256/1280 fallback=0 rel=0.934/0.893/0.960 wmean=1.000 grad_preclip=33.17
[E01] batch=150/250 pseudo=2 loss=2.0701 seg=0.4422 semseg=0.0950 mard=2.0710 lambda=0.005330 box_extra=1 mask_extra=0 DURR=0.0008 (dir=0.0192,res=-0.0000,hall=-0.0000) route_px=18 rescue_px=0 hall_px=0 FG/HBG/EBG=16/128/640 fallback=0 rel=0.957/0.951/0.962 wmean=1.000 grad_preclip=23.51
[E01] batch=160/250 pseudo=5 loss=6.5404 seg=0.7782 semseg=0.2327 mard=2.0326 lambda=0.004196 box_extra=0 mask_extra=0 DURR=0.0028 (dir=0.0669,res=-0.0000,hall=-0.0000) route_px=237 rescue_px=0 hall_px=0 FG/HBG/EBG=40/256/1280 fallback=0 rel=0.884/0.703/0.948 wmean=1.000 grad_preclip=44.75
[E01] batch=170/250 pseudo=4 loss=12.1163 seg=2.2988 semseg=0.7849 mard=2.0228 lambda=0.004906 box_extra=0 mask_extra=0 DURR=0.0058 (dir=0.1295,res=-0.0000,hall=-0.0000) route_px=501 rescue_px=0 hall_px=0 FG/HBG/EBG=32/192/960 fallback=0 rel=0.906/0.789/0.962 wmean=1.000 grad_preclip=91.24
[E01] batch=180/250 pseudo=4 loss=13.8268 seg=1.1874 semseg=1.1622 mard=2.0864 lambda=0.005839 box_extra=0 mask_extra=0 DURR=0.0022 (dir=0.0454,res=-0.0000,hall=-0.0000) route_px=624 rescue_px=0 hall_px=0 FG/HBG/EBG=32/256/1280 fallback=0 rel=0.931/0.899/0.967 wmean=1.000 grad_preclip=131.85
[E01] batch=190/250 pseudo=4 loss=5.7549 seg=0.4777 semseg=0.2669 mard=2.0123 lambda=0.006582 box_extra=0 mask_extra=0 DURR=0.0079 (dir=0.1565,res=-0.0000,hall=-0.0000) route_px=478 rescue_px=0 hall_px=0 FG/HBG/EBG=32/256/1280 fallback=0 rel=0.949/0.936/0.964 wmean=1.000 grad_preclip=39.71
[E01] batch=200/250 pseudo=4 loss=11.8895 seg=1.0519 semseg=0.5904 mard=2.0576 lambda=0.005599 box_extra=1 mask_extra=1 DURR=0.0046 (dir=0.0858,res=-0.0000,hall=-0.0000) route_px=204 rescue_px=0 hall_px=0 FG/HBG/EBG=32/256/1280 fallback=0 rel=0.901/0.822/0.964 wmean=1.000 grad_preclip=163.81
[E01] batch=210/250 pseudo=5 loss=9.2658 seg=0.6265 semseg=0.8096 mard=2.0263 lambda=0.006150 box_extra=2 mask_extra=2 DURR=0.0097 (dir=0.1744,res=-0.0000,hall=-0.0000) route_px=145 rescue_px=0 hall_px=0 FG/HBG/EBG=40/320/1216 fallback=0 rel=0.913/0.827/0.964 wmean=1.000 grad_preclip=180.69
[E01] batch=220/250 pseudo=4 loss=11.7587 seg=0.7182 semseg=0.9641 mard=2.0137 lambda=0.005405 box_extra=0 mask_extra=0 DURR=0.0119 (dir=0.2031,res=-0.0000,hall=-0.0000) route_px=498 rescue_px=0 hall_px=0 FG/HBG/EBG=32/256/1280 fallback=0 rel=0.875/0.752/0.961 wmean=1.000 grad_preclip=96.04
[E01] batch=230/250 pseudo=3 loss=18.3621 seg=1.7861 semseg=2.0441 mard=2.0780 lambda=0.005810 box_extra=0 mask_extra=0 DURR=0.0144 (dir=0.2353,res=-0.0000,hall=-0.0000) route_px=133 rescue_px=0 hall_px=0 FG/HBG/EBG=24/192/960 fallback=0 rel=0.882/0.735/0.960 wmean=1.000 grad_preclip=104.57
[E01] batch=240/250 pseudo=4 loss=5.5620 seg=0.4896 semseg=0.2129 mard=2.0607 lambda=0.007553 box_extra=0 mask_extra=0 DURR=0.0118 (dir=0.1857,res=-0.0000,hall=-0.0000) route_px=404 rescue_px=0 hall_px=0 FG/HBG/EBG=32/256/1280 fallback=0 rel=0.927/0.840/0.963 wmean=1.000 grad_preclip=48.28
[E01] batch=250/250 pseudo=3 loss=9.0806 seg=1.0108 semseg=1.2054 mard=2.0665 lambda=0.006969 box_extra=0 mask_extra=0 DURR=0.0040 (dir=0.0609,res=-0.0000,hall=-0.0000) route_px=567 rescue_px=0 hall_px=0 FG/HBG/EBG=24/192/960 fallback=0 rel=0.895/0.805/0.962 wmean=1.000 grad_preclip=120.72

[Epoch 01] DONE time=78.6s valid=250 skipped=0 pseudo=1032 anchors=986 box_extra=62 mask_extra=46 reject_rel=16 DURR=0.0142 (dir=0.1457,res=0.0359,hall=0.2100) empty=47 rescue=12/12 hall_trigger=15 loss=10.7755 seg=0.8640 semseg=0.8186 mard=2.0268 lambda_avg=0.003757 FG/HBG/EBG=33.0/254.2/1209.6 rel=0.917/0.669/0.978 wmean=1.000
[E02] batch=001/250 pseudo=4 loss=6.0792 seg=0.5619 semseg=0.2087 mard=2.0039 lambda=0.006802 box_extra=0 mask_extra=0 DURR=0.0112 (dir=0.1677,res=-0.0000,hall=-0.0000) route_px=434 rescue_px=0 hall_px=0 FG/HBG/EBG=32/256/1280 fallback=0 rel=0.896/0.747/0.958 wmean=1.000 grad_preclip=66.77
[E02] batch=010/250 pseudo=5 loss=8.9636 seg=0.6389 semseg=0.6753 mard=1.9884 lambda=0.005821 box_extra=1 mask_extra=1 DURR=0.0157 (dir=0.2279,res=-0.0000,hall=-0.0000) route_px=211 rescue_px=0 hall_px=0 FG/HBG/EBG=40/320/1216 fallback=0 rel=0.856/0.763/0.950 wmean=1.000 grad_preclip=168.94
[E02] batch=020/250 pseudo=5 loss=4.7907 seg=0.3848 semseg=0.1786 mard=2.0208 lambda=0.008214 box_extra=0 mask_extra=0 DURR=0.0120 (dir=0.1666,res=-0.0000,hall=-0.0000) route_px=193 rescue_px=0 hall_px=0 FG/HBG/EBG=40/320/1216 fallback=0 rel=0.920/0.807/0.976 wmean=1.000 grad_preclip=34.41
[E02] batch=030/250 pseudo=6 loss=8.4231 seg=0.6809 semseg=0.5214 mard=2.0515 lambda=0.007925 box_extra=1 mask_extra=1 DURR=0.0360 (dir=0.1757,res=0.1232,hall=-0.0000) route_px=212 rescue_px=1325 hall_px=0 FG/HBG/EBG=48/320/1216 fallback=0 rel=0.902/0.776/0.963 wmean=1.000 grad_preclip=46.27
[E02] batch=040/250 pseudo=4 loss=3.6723 seg=0.3605 semseg=0.1045 mard=1.9903 lambda=0.010312 box_extra=0 mask_extra=0 DURR=0.0124 (dir=0.1609,res=-0.0000,hall=-0.0000) route_px=239 rescue_px=0 hall_px=0 FG/HBG/EBG=32/256/1280 fallback=0 rel=0.956/0.939/0.964 wmean=1.000 grad_preclip=30.30
[E02] batch=050/250 pseudo=4 loss=16.5161 seg=0.8426 semseg=1.2867 mard=2.0145 lambda=0.010189 box_extra=0 mask_extra=0 DURR=0.0138 (dir=0.1734,res=-0.0000,hall=-0.0000) route_px=206 rescue_px=0 hall_px=0 FG/HBG/EBG=32/256/1280 fallback=0 rel=0.944/0.925/0.962 wmean=1.000 grad_preclip=402.63
[E02] batch=060/250 pseudo=5 loss=7.0622 seg=0.6599 semseg=0.2163 mard=2.0115 lambda=0.008262 box_extra=0 mask_extra=0 DURR=0.0113 (dir=0.1372,res=-0.0000,hall=-0.0000) route_px=249 rescue_px=0 hall_px=0 FG/HBG/EBG=40/256/1280 fallback=0 rel=0.892/0.734/0.966 wmean=1.000 grad_preclip=57.68
[E02] batch=070/250 pseudo=3 loss=21.5407 seg=1.6371 semseg=2.4043 mard=2.0208 lambda=0.010647 box_extra=1 mask_extra=0 DURR=0.1550 (dir=0.0767,res=-0.0000,hall=1.7457) route_px=341 rescue_px=0 hall_px=36 FG/HBG/EBG=24/192/960 fallback=0 rel=0.937/0.930/0.950 wmean=1.000 grad_preclip=362.24
[E02] batch=080/250 pseudo=4 loss=9.7465 seg=0.6596 semseg=0.4607 mard=1.9806 lambda=0.009168 box_extra=0 mask_extra=0 DURR=0.0145 (dir=0.1658,res=-0.0000,hall=-0.0000) route_px=400 rescue_px=0 hall_px=0 FG/HBG/EBG=32/256/1280 fallback=0 rel=0.901/0.780/0.960 wmean=1.000 grad_preclip=108.98
[E02] batch=090/250 pseudo=4 loss=4.8686 seg=0.4205 semseg=0.1573 mard=2.0229 lambda=0.011999 box_extra=0 mask_extra=0 DURR=0.0158 (dir=0.1752,res=-0.0000,hall=-0.0000) route_px=229 rescue_px=0 hall_px=0 FG/HBG/EBG=32/256/1280 fallback=0 rel=0.956/0.952/0.959 wmean=1.000 grad_preclip=93.15
[E02] batch=100/250 pseudo=4 loss=11.8216 seg=1.3073 semseg=0.4352 mard=2.0529 lambda=0.011084 box_extra=0 mask_extra=0 DURR=0.0140 (dir=0.1501,res=-0.0000,hall=-0.0000) route_px=581 rescue_px=0 hall_px=0 FG/HBG/EBG=32/256/1280 fallback=0 rel=0.925/0.881/0.965 wmean=1.000 grad_preclip=140.17
[E02] batch=110/250 pseudo=4 loss=6.4830 seg=0.5445 semseg=0.2035 mard=2.0295 lambda=0.010179 box_extra=2 mask_extra=1 DURR=0.0191 (dir=0.1994,res=-0.0000,hall=-0.0000) route_px=185 rescue_px=0 hall_px=0 FG/HBG/EBG=32/256/1280 fallback=0 rel=0.901/0.758/0.968 wmean=1.000 grad_preclip=75.12
[E02] batch=120/250 pseudo=5 loss=14.9564 seg=0.7359 semseg=1.8937 mard=2.0333 lambda=0.010936 box_extra=1 mask_extra=1 DURR=0.0117 (dir=0.1186,res=-0.0000,hall=-0.0000) route_px=252 rescue_px=0 hall_px=0 FG/HBG/EBG=40/320/1216 fallback=0 rel=0.909/0.780/0.955 wmean=1.000 grad_preclip=113.95
[E02] batch=130/250 pseudo=4 loss=7.2135 seg=0.6044 semseg=0.4044 mard=2.0853 lambda=0.009949 box_extra=0 mask_extra=0 DURR=0.0136 (dir=0.1342,res=-0.0000,hall=-0.0000) route_px=387 rescue_px=0 hall_px=0 FG/HBG/EBG=32/256/1280 fallback=0 rel=0.888/0.706/0.959 wmean=1.000 grad_preclip=152.26
[E02] batch=140/250 pseudo=4 loss=11.9115 seg=1.4230 semseg=0.3879 mard=1.9737 lambda=0.013546 box_extra=0 mask_extra=0 DURR=0.0185 (dir=0.1780,res=-0.0000,hall=-0.0000) route_px=298 rescue_px=0 hall_px=0 FG/HBG/EBG=32/256/1280 fallback=0 rel=0.946/0.939/0.954 wmean=1.000 grad_preclip=176.03
[E02] batch=150/250 pseudo=4 loss=13.8219 seg=0.7750 semseg=1.4659 mard=2.0716 lambda=0.012293 box_extra=0 mask_extra=0 DURR=0.0075 (dir=0.0702,res=-0.0000,hall=-0.0000) route_px=263 rescue_px=0 hall_px=0 FG/HBG/EBG=32/256/1280 fallback=0 rel=0.920/0.847/0.969 wmean=1.000 grad_preclip=150.80
[E02] batch=160/250 pseudo=6 loss=8.8941 seg=0.7603 semseg=0.5435 mard=1.9550 lambda=0.009498 box_extra=0 mask_extra=0 DURR=0.0108 (dir=0.0990,res=-0.0000,hall=-0.0000) route_px=549 rescue_px=0 hall_px=0 FG/HBG/EBG=48/256/1280 fallback=0 rel=0.859/0.710/0.958 wmean=1.000 grad_preclip=68.65
[E02] batch=170/250 pseudo=4 loss=3.8332 seg=0.3313 semseg=0.1630 mard=2.0770 lambda=0.013312 box_extra=0 mask_extra=0 DURR=0.0030 (dir=0.0269,res=-0.0000,hall=-0.0000) route_px=30 rescue_px=0 hall_px=0 FG/HBG/EBG=32/256/1280 fallback=0 rel=0.932/0.888/0.963 wmean=1.000 grad_preclip=25.80
[E02] batch=180/250 pseudo=4 loss=7.2880 seg=0.7124 semseg=0.3047 mard=2.0234 lambda=0.014343 box_extra=0 mask_extra=0 DURR=0.0062 (dir=0.0540,res=-0.0000,hall=-0.0000) route_px=70 rescue_px=0 hall_px=0 FG/HBG/EBG=32/256/1280 fallback=0 rel=0.935/0.920/0.942 wmean=1.000 grad_preclip=62.70
[E02] batch=190/250 pseudo=4 loss=9.8507 seg=0.9838 semseg=0.5241 mard=1.9985 lambda=0.011426 box_extra=0 mask_extra=0 DURR=0.0085 (dir=0.0727,res=-0.0000,hall=-0.0000) route_px=414 rescue_px=0 hall_px=0 FG/HBG/EBG=32/256/1280 fallback=0 rel=0.879/0.811/0.959 wmean=1.000 grad_preclip=96.35
[E02] batch=200/250 pseudo=5 loss=9.6758 seg=1.0079 semseg=0.3766 mard=1.9896 lambda=0.013765 box_extra=1 mask_extra=1 DURR=0.0196 (dir=0.1639,res=-0.0000,hall=-0.0000) route_px=388 rescue_px=0 hall_px=0 FG/HBG/EBG=40/320/1216 fallback=0 rel=0.915/0.797/0.966 wmean=1.000 grad_preclip=70.57
[E02] batch=210/250 pseudo=5 loss=11.6767 seg=0.7795 semseg=0.9727 mard=1.9931 lambda=0.014269 box_extra=0 mask_extra=0 DURR=0.0039 (dir=0.0316,res=-0.0000,hall=-0.0000) route_px=698 rescue_px=0 hall_px=0 FG/HBG/EBG=40/256/1280 fallback=0 rel=0.917/0.876/0.966 wmean=1.000 grad_preclip=139.19
[E02] batch=220/250 pseudo=5 loss=8.9296 seg=0.9206 semseg=0.4446 mard=2.0589 lambda=0.015243 box_extra=0 mask_extra=0 DURR=0.0268 (dir=0.2146,res=-0.0000,hall=-0.0000) route_px=486 rescue_px=0 hall_px=0 FG/HBG/EBG=40/320/1216 fallback=0 rel=0.927/0.906/0.967 wmean=1.000 grad_preclip=97.25
[E02] batch=230/250 pseudo=3 loss=3.3862 seg=0.3975 semseg=0.1275 mard=2.0343 lambda=0.015564 box_extra=0 mask_extra=0 DURR=0.0312 (dir=0.2439,res=-0.0000,hall=-0.0000) route_px=114 rescue_px=0 hall_px=0 FG/HBG/EBG=24/192/960 fallback=0 rel=0.931/0.869/0.969 wmean=1.000 grad_preclip=33.84
[E02] batch=240/250 pseudo=3 loss=3.0427 seg=0.3286 semseg=0.1068 mard=2.1001 lambda=0.014130 box_extra=0 mask_extra=0 DURR=0.2016 (dir=0.1545,res=-0.0000,hall=1.3916) route_px=216 rescue_px=0 hall_px=1 FG/HBG/EBG=24/192/960 fallback=0 rel=0.912/0.800/0.969 wmean=1.000 grad_preclip=29.04
[E02] batch=250/250 pseudo=4 loss=13.1830 seg=0.5657 semseg=1.2762 mard=1.9779 lambda=0.014052 box_extra=0 mask_extra=0 DURR=0.0104 (dir=0.0778,res=-0.0000,hall=-0.0000) route_px=187 rescue_px=0 hall_px=0 FG/HBG/EBG=32/256/1280 fallback=0 rel=0.904/0.840/0.953 wmean=1.000 grad_preclip=108.36

[Epoch 02] DONE time=77.7s valid=250 skipped=0 pseudo=1019 anchors=975 box_extra=64 mask_extra=44 reject_rel=20 DURR=0.0421 (dir=0.1442,res=0.0173,hall=0.2332) empty=53 rescue=9/9 hall_trigger=19 loss=9.3585 seg=0.7554 semseg=0.6523 mard=2.0269 lambda_avg=0.011601 FG/HBG/EBG=32.6/252.2/1202.4 rel=0.919/0.684/0.976 wmean=1.000
[E03] batch=001/250 pseudo=4 loss=5.2001 seg=0.6043 semseg=0.1781 mard=1.9667 lambda=0.017403 box_extra=0 mask_extra=0 DURR=0.0138 (dir=0.1036,res=-0.0000,hall=-0.0000) route_px=154 rescue_px=0 hall_px=0 FG/HBG/EBG=32/256/1280 fallback=0 rel=0.947/0.942/0.957 wmean=1.000 grad_preclip=48.92
[E03] batch=010/250 pseudo=4 loss=13.6647 seg=0.7738 semseg=1.5976 mard=2.0304 lambda=0.014127 box_extra=2 mask_extra=1 DURR=0.0345 (dir=0.2541,res=-0.0000,hall=-0.0000) route_px=83 rescue_px=0 hall_px=0 FG/HBG/EBG=32/256/1280 fallback=0 rel=0.890/0.811/0.942 wmean=1.000 grad_preclip=83.90
[E03] batch=020/250 pseudo=4 loss=11.4891 seg=1.1160 semseg=0.6814 mard=2.1084 lambda=0.016994 box_extra=0 mask_extra=0 DURR=0.0261 (dir=0.1883,res=-0.0000,hall=-0.0000) route_px=438 rescue_px=0 hall_px=0 FG/HBG/EBG=32/256/1280 fallback=0 rel=0.943/0.888/0.971 wmean=1.000 grad_preclip=126.90
[E03] batch=030/250 pseudo=5 loss=43.6723 seg=3.0062 semseg=4.0909 mard=2.0606 lambda=0.012833 box_extra=0 mask_extra=0 DURR=0.0202 (dir=0.1434,res=-0.0000,hall=-0.0000) route_px=675 rescue_px=0 hall_px=0 FG/HBG/EBG=40/256/1280 fallback=0 rel=0.873/0.806/0.951 wmean=1.000 grad_preclip=288.88
[E03] batch=040/250 pseudo=4 loss=17.1794 seg=2.6839 semseg=0.5409 mard=2.0632 lambda=0.019019 box_extra=0 mask_extra=0 DURR=0.0396 (dir=0.2755,res=-0.0000,hall=-0.0000) route_px=259 rescue_px=0 hall_px=0 FG/HBG/EBG=32/256/1280 fallback=0 rel=0.951/0.930/0.960 wmean=1.000 grad_preclip=121.87
[E03] batch=050/250 pseudo=4 loss=6.9802 seg=0.5320 semseg=0.6523 mard=1.9717 lambda=0.017858 box_extra=0 mask_extra=0 DURR=0.0185 (dir=0.1265,res=-0.0000,hall=-0.0000) route_px=316 rescue_px=0 hall_px=0 FG/HBG/EBG=32/256/1280 fallback=0 rel=0.934/0.894/0.963 wmean=1.000 grad_preclip=71.89
[E03] batch=060/250 pseudo=2 loss=8.6683 seg=1.5737 semseg=0.5742 mard=2.0622 lambda=0.011769 box_extra=0 mask_extra=0 DURR=0.7645 (dir=0.1635,res=-0.0000,hall=4.9654) route_px=351 rescue_px=0 hall_px=307 FG/HBG/EBG=16/128/640 fallback=0 rel=0.836/0.777/0.896 wmean=1.000 grad_preclip=80.33
[E03] batch=070/250 pseudo=4 loss=23.4468 seg=1.4108 semseg=2.3775 mard=2.0502 lambda=0.015938 box_extra=1 mask_extra=1 DURR=0.0422 (dir=0.2779,res=-0.0000,hall=-0.0000) route_px=370 rescue_px=0 hall_px=0 FG/HBG/EBG=32/256/1280 fallback=0 rel=0.902/0.824/0.969 wmean=1.000 grad_preclip=120.78
[E03] batch=080/250 pseudo=4 loss=10.0686 seg=0.6754 semseg=0.8709 mard=1.9679 lambda=0.016351 box_extra=0 mask_extra=0 DURR=0.0206 (dir=0.1336,res=-0.0000,hall=-0.0000) route_px=384 rescue_px=0 hall_px=0 FG/HBG/EBG=32/256/1280 fallback=0 rel=0.905/0.831/0.962 wmean=1.000 grad_preclip=110.79
[E03] batch=090/250 pseudo=4 loss=9.1552 seg=1.3034 semseg=0.3526 mard=2.0286 lambda=0.018925 box_extra=0 mask_extra=0 DURR=0.0421 (dir=0.2683,res=-0.0000,hall=-0.0000) route_px=305 rescue_px=0 hall_px=0 FG/HBG/EBG=32/256/1280 fallback=0 rel=0.927/0.873/0.966 wmean=1.000 grad_preclip=152.53
[E03] batch=100/250 pseudo=4 loss=7.8083 seg=0.6474 semseg=0.4610 mard=2.0519 lambda=0.019826 box_extra=0 mask_extra=0 DURR=0.0145 (dir=0.0905,res=-0.0000,hall=-0.0000) route_px=513 rescue_px=0 hall_px=0 FG/HBG/EBG=32/256/1280 fallback=0 rel=0.935/0.911/0.959 wmean=1.000 grad_preclip=47.33
[E03] batch=110/250 pseudo=4 loss=13.0561 seg=0.6185 semseg=1.5908 mard=1.9654 lambda=0.017456 box_extra=2 mask_extra=1 DURR=0.0334 (dir=0.2056,res=-0.0000,hall=-0.0000) route_px=180 rescue_px=0 hall_px=0 FG/HBG/EBG=32/256/1280 fallback=0 rel=0.905/0.787/0.952 wmean=1.000 grad_preclip=160.85
[E03] batch=120/250 pseudo=4 loss=5.3377 seg=0.4661 semseg=0.2186 mard=1.9911 lambda=0.018709 box_extra=0 mask_extra=0 DURR=0.0216 (dir=0.1310,res=-0.0000,hall=-0.0000) route_px=263 rescue_px=0 hall_px=0 FG/HBG/EBG=32/256/1280 fallback=0 rel=0.916/0.797/0.965 wmean=1.000 grad_preclip=37.14
[E03] batch=130/250 pseudo=4 loss=4.1524 seg=0.3852 semseg=0.1224 mard=2.0112 lambda=0.022091 box_extra=0 mask_extra=0 DURR=0.0191 (dir=0.1136,res=-0.0000,hall=-0.0000) route_px=77 rescue_px=0 hall_px=0 FG/HBG/EBG=32/256/1280 fallback=0 rel=0.952/0.935/0.968 wmean=1.000 grad_preclip=42.09
[E03] batch=140/250 pseudo=4 loss=4.2358 seg=0.3970 semseg=0.1289 mard=1.9523 lambda=0.017510 box_extra=0 mask_extra=0 DURR=0.0350 (dir=0.2057,res=-0.0000,hall=-0.0000) route_px=178 rescue_px=0 hall_px=0 FG/HBG/EBG=32/256/1280 fallback=0 rel=0.894/0.701/0.964 wmean=1.000 grad_preclip=22.49
[E03] batch=150/250 pseudo=4 loss=4.5829 seg=0.4469 semseg=0.1521 mard=1.9867 lambda=0.022488 box_extra=0 mask_extra=0 DURR=0.0377 (dir=0.2181,res=-0.0000,hall=-0.0000) route_px=234 rescue_px=0 hall_px=0 FG/HBG/EBG=32/256/1280 fallback=0 rel=0.944/0.937/0.952 wmean=1.000 grad_preclip=28.93
[E03] batch=160/250 pseudo=5 loss=11.7723 seg=0.6770 semseg=0.5303 mard=1.9939 lambda=0.016065 box_extra=0 mask_extra=0 DURR=0.0286 (dir=0.1629,res=-0.0000,hall=-0.0000) route_px=318 rescue_px=0 hall_px=0 FG/HBG/EBG=40/320/1216 fallback=0 rel=0.866/0.711/0.952 wmean=1.000 grad_preclip=68.10
[E03] batch=170/250 pseudo=2 loss=1.4255 seg=0.2028 semseg=0.0716 mard=1.9992 lambda=0.024464 box_extra=0 mask_extra=0 DURR=0.3278 (dir=-0.0000,res=-0.0000,hall=1.8372) route_px=0 rescue_px=0 hall_px=5 FG/HBG/EBG=16/128/640 fallback=0 rel=0.966/0.966/0.967 wmean=1.000 grad_preclip=27.40
[E03] batch=180/250 pseudo=4 loss=12.7958 seg=1.0398 semseg=0.6251 mard=1.9746 lambda=0.021932 box_extra=0 mask_extra=0 DURR=0.0274 (dir=0.1515,res=-0.0000,hall=-0.0000) route_px=304 rescue_px=0 hall_px=0 FG/HBG/EBG=32/256/1280 fallback=0 rel=0.927/0.900/0.952 wmean=1.000 grad_preclip=104.03
[E03] batch=190/250 pseudo=4 loss=33.1898 seg=1.1980 semseg=4.3954 mard=2.0300 lambda=0.021919 box_extra=0 mask_extra=0 DURR=0.0076 (dir=0.0414,res=-0.0000,hall=-0.0000) route_px=571 rescue_px=0 hall_px=0 FG/HBG/EBG=32/256/1280 fallback=0 rel=0.924/0.846/0.973 wmean=1.000 grad_preclip=193.59
[E03] batch=200/250 pseudo=5 loss=8.3109 seg=0.3864 semseg=0.9134 mard=1.9574 lambda=0.021407 box_extra=0 mask_extra=0 DURR=0.0382 (dir=0.2048,res=-0.0000,hall=-0.0000) route_px=182 rescue_px=0 hall_px=0 FG/HBG/EBG=40/256/1280 fallback=0 rel=0.923/0.871/0.965 wmean=1.000 grad_preclip=93.97
[E03] batch=210/250 pseudo=4 loss=5.2189 seg=0.5157 semseg=0.1672 mard=2.0521 lambda=0.025101 box_extra=0 mask_extra=0 DURR=0.0276 (dir=0.1462,res=-0.0000,hall=-0.0000) route_px=112 rescue_px=0 hall_px=0 FG/HBG/EBG=32/256/1280 fallback=0 rel=0.952/0.935/0.963 wmean=1.000 grad_preclip=33.94
[E03] batch=220/250 pseudo=4 loss=4.9901 seg=0.3383 semseg=0.2264 mard=2.0035 lambda=0.025689 box_extra=0 mask_extra=0 DURR=0.0317 (dir=0.1655,res=-0.0000,hall=-0.0000) route_px=283 rescue_px=0 hall_px=0 FG/HBG/EBG=32/256/1280 fallback=0 rel=0.960/0.952/0.964 wmean=1.000 grad_preclip=39.56
[E03] batch=230/250 pseudo=4 loss=13.4449 seg=1.0279 semseg=0.6208 mard=2.0758 lambda=0.017693 box_extra=2 mask_extra=1 DURR=0.0352 (dir=0.1812,res=-0.0000,hall=-0.0000) route_px=511 rescue_px=0 hall_px=0 FG/HBG/EBG=32/256/1280 fallback=0 rel=0.859/0.765/0.932 wmean=1.000 grad_preclip=56.87
[E03] batch=240/250 pseudo=4 loss=7.5320 seg=0.6410 semseg=0.2572 mard=1.9804 lambda=0.024588 box_extra=0 mask_extra=0 DURR=0.0266 (dir=0.1349,res=-0.0000,hall=-0.0000) route_px=457 rescue_px=0 hall_px=0 FG/HBG/EBG=32/256/1280 fallback=0 rel=0.932/0.880/0.961 wmean=1.000 grad_preclip=35.88
[E03] batch=250/250 pseudo=3 loss=9.9229 seg=1.6502 semseg=0.4403 mard=2.0388 lambda=0.023044 box_extra=0 mask_extra=0 DURR=0.9407 (dir=0.1271,res=-0.0000,hall=4.5827) route_px=281 rescue_px=0 hall_px=762 FG/HBG/EBG=24/192/960 fallback=0 rel=0.914/0.852/0.951 wmean=1.000 grad_preclip=153.32

[Epoch 03] DONE time=77.8s valid=250 skipped=0 pseudo=1022 anchors=982 box_extra=59 mask_extra=40 reject_rel=19 DURR=0.0701 (dir=0.1386,res=0.0151,hall=0.2409) empty=51 rescue=13/13 hall_trigger=20 loss=10.4764 seg=0.8590 semseg=0.7688 mard=2.0266 lambda_avg=0.019385 FG/HBG/EBG=32.7/251.4/1206.3 rel=0.920/0.681/0.976 wmean=1.000
[E04] batch=001/250 pseudo=3 loss=4.1362 seg=0.3824 semseg=0.2088 mard=1.9940 lambda=0.027161 box_extra=0 mask_extra=0 DURR=0.0197 (dir=0.0987,res=-0.0000,hall=-0.0000) route_px=291 rescue_px=0 hall_px=0 FG/HBG/EBG=24/192/960 fallback=0 rel=0.963/0.956/0.970 wmean=1.000 grad_preclip=32.99
[E04] batch=010/250 pseudo=4 loss=7.9579 seg=0.8869 semseg=0.2814 mard=1.9988 lambda=0.025386 box_extra=0 mask_extra=0 DURR=0.0538 (dir=0.2688,res=-0.0000,hall=-0.0000) route_px=295 rescue_px=0 hall_px=0 FG/HBG/EBG=32/256/1280 fallback=0 rel=0.938/0.900/0.956 wmean=1.000 grad_preclip=65.69
[E04] batch=020/250 pseudo=4 loss=4.3220 seg=0.3545 semseg=0.1468 mard=1.9921 lambda=0.026378 box_extra=0 mask_extra=0 DURR=0.0313 (dir=0.1564,res=-0.0000,hall=-0.0000) route_px=344 rescue_px=0 hall_px=0 FG/HBG/EBG=32/256/1280 fallback=0 rel=0.946/0.929/0.963 wmean=1.000 grad_preclip=26.50
[E04] batch=030/250 pseudo=3 loss=5.2250 seg=0.2897 semseg=0.7742 mard=1.9612 lambda=0.024486 box_extra=1 mask_extra=0 DURR=0.0135 (dir=0.0673,res=-0.0000,hall=-0.0000) route_px=291 rescue_px=0 hall_px=0 FG/HBG/EBG=24/192/960 fallback=0 rel=0.929/0.880/0.967 wmean=1.000 grad_preclip=56.60
[E04] batch=040/250 pseudo=4 loss=7.1205 seg=0.8693 semseg=0.3000 mard=2.0721 lambda=0.022230 box_extra=0 mask_extra=0 DURR=0.0409 (dir=0.2045,res=-0.0000,hall=-0.0000) route_px=304 rescue_px=0 hall_px=0 FG/HBG/EBG=32/192/960 fallback=0 rel=0.902/0.837/0.960 wmean=1.000 grad_preclip=32.05
[E04] batch=050/250 pseudo=4 loss=13.5142 seg=1.4709 semseg=0.4023 mard=2.0210 lambda=0.022040 box_extra=1 mask_extra=1 DURR=0.0360 (dir=0.1799,res=-0.0000,hall=-0.0000) route_px=87 rescue_px=0 hall_px=0 FG/HBG/EBG=32/256/1280 fallback=0 rel=0.892/0.814/0.961 wmean=1.000 grad_preclip=162.94
[E04] batch=060/250 pseudo=3 loss=6.6490 seg=0.8169 semseg=0.3650 mard=2.0935 lambda=0.028971 box_extra=0 mask_extra=0 DURR=0.0212 (dir=0.1061,res=-0.0000,hall=-0.0000) route_px=259 rescue_px=0 hall_px=0 FG/HBG/EBG=24/192/960 fallback=0 rel=0.962/0.953/0.968 wmean=1.000 grad_preclip=98.51
[E04] batch=070/250 pseudo=4 loss=11.1080 seg=0.9595 semseg=0.4991 mard=2.0403 lambda=0.022312 box_extra=0 mask_extra=0 DURR=0.0069 (dir=0.0345,res=-0.0000,hall=-0.0000) route_px=70 rescue_px=0 hall_px=0 FG/HBG/EBG=32/256/1280 fallback=0 rel=0.891/0.773/0.961 wmean=1.000 grad_preclip=100.75
[E04] batch=080/250 pseudo=4 loss=5.9373 seg=0.4222 semseg=0.2295 mard=2.0664 lambda=0.029046 box_extra=0 mask_extra=0 DURR=0.0158 (dir=0.0788,res=-0.0000,hall=-0.0000) route_px=348 rescue_px=0 hall_px=0 FG/HBG/EBG=32/256/1280 fallback=0 rel=0.957/0.936/0.969 wmean=1.000 grad_preclip=85.10
[E04] batch=090/250 pseudo=4 loss=14.6129 seg=0.5127 semseg=1.6370 mard=1.9807 lambda=0.017026 box_extra=2 mask_extra=1 DURR=0.0348 (dir=0.1740,res=-0.0000,hall=-0.0000) route_px=216 rescue_px=0 hall_px=0 FG/HBG/EBG=32/256/1280 fallback=0 rel=0.844/0.700/0.952 wmean=1.000 grad_preclip=231.55
[E04] batch=100/250 pseudo=3 loss=13.6575 seg=2.3220 semseg=1.0690 mard=2.0872 lambda=0.025432 box_extra=0 mask_extra=0 DURR=0.0140 (dir=0.0699,res=-0.0000,hall=-0.0000) route_px=464 rescue_px=0 hall_px=0 FG/HBG/EBG=24/192/960 fallback=0 rel=0.906/0.861/0.957 wmean=1.000 grad_preclip=62.29
[E04] batch=110/250 pseudo=6 loss=6.3908 seg=0.6449 semseg=0.2446 mard=2.0722 lambda=0.025028 box_extra=0 mask_extra=0 DURR=0.0189 (dir=0.0946,res=-0.0000,hall=-0.0000) route_px=505 rescue_px=0 hall_px=0 FG/HBG/EBG=48/320/1216 fallback=0 rel=0.906/0.780/0.966 wmean=1.000 grad_preclip=31.48
[E04] batch=120/250 pseudo=4 loss=15.1848 seg=1.1275 semseg=1.5014 mard=1.9913 lambda=0.029252 box_extra=0 mask_extra=0 DURR=0.0463 (dir=0.2314,res=-0.0000,hall=-0.0000) route_px=304 rescue_px=0 hall_px=0 FG/HBG/EBG=32/256/1280 fallback=0 rel=0.938/0.894/0.968 wmean=1.000 grad_preclip=283.34
[E04] batch=130/250 pseudo=4 loss=6.0980 seg=0.5045 semseg=0.2515 mard=1.9738 lambda=0.030917 box_extra=0 mask_extra=0 DURR=0.0360 (dir=0.1798,res=-0.0000,hall=-0.0000) route_px=271 rescue_px=0 hall_px=0 FG/HBG/EBG=32/256/1280 fallback=0 rel=0.951/0.928/0.971 wmean=1.000 grad_preclip=83.23
[E04] batch=140/250 pseudo=3 loss=10.1432 seg=1.7271 semseg=0.8814 mard=1.9837 lambda=0.020581 box_extra=2 mask_extra=1 DURR=1.1196 (dir=0.0984,res=-0.0000,hall=5.4997) route_px=93 rescue_px=0 hall_px=640 FG/HBG/EBG=24/192/576 fallback=0 rel=0.859/0.765/0.958 wmean=1.000 grad_preclip=126.54
[E04] batch=150/250 pseudo=4 loss=13.3340 seg=1.5730 semseg=0.7341 mard=1.9982 lambda=0.026380 box_extra=2 mask_extra=2 DURR=0.1378 (dir=0.1351,res=0.2215,hall=-0.0000) route_px=35 rescue_px=119 hall_px=0 FG/HBG/EBG=32/256/1280 fallback=0 rel=0.910/0.804/0.958 wmean=1.000 grad_preclip=73.83
[E04] batch=160/250 pseudo=2 loss=3.1201 seg=0.3783 semseg=0.1310 mard=2.0479 lambda=0.032391 box_extra=0 mask_extra=0 DURR=1.0349 (dir=0.0669,res=-0.0000,hall=5.1078) route_px=31 rescue_px=0 hall_px=1870 FG/HBG/EBG=16/128/640 fallback=0 rel=0.958/0.945/0.971 wmean=1.000 grad_preclip=34.56
[E04] batch=170/250 pseudo=4 loss=14.9585 seg=0.4873 semseg=1.7079 mard=2.0411 lambda=0.030209 box_extra=0 mask_extra=0 DURR=0.0231 (dir=0.1157,res=-0.0000,hall=-0.0000) route_px=138 rescue_px=0 hall_px=0 FG/HBG/EBG=32/256/1280 fallback=0 rel=0.939/0.920/0.962 wmean=1.000 grad_preclip=121.39
[E04] batch=180/250 pseudo=5 loss=13.5758 seg=0.9194 semseg=0.7385 mard=1.9895 lambda=0.021851 box_extra=0 mask_extra=0 DURR=0.0175 (dir=0.0877,res=-0.0000,hall=-0.0000) route_px=482 rescue_px=0 hall_px=0 FG/HBG/EBG=40/320/1216 fallback=0 rel=0.868/0.693/0.950 wmean=1.000 grad_preclip=98.04
[E04] batch=190/250 pseudo=3 loss=2.8722 seg=0.2855 semseg=0.0882 mard=2.0565 lambda=0.033048 box_extra=0 mask_extra=0 DURR=0.5357 (dir=0.1799,res=-0.0000,hall=2.4988) route_px=68 rescue_px=0 hall_px=274 FG/HBG/EBG=24/192/960 fallback=0 rel=0.953/0.945/0.958 wmean=1.000 grad_preclip=42.38
[E04] batch=200/250 pseudo=4 loss=6.3810 seg=0.4815 semseg=0.3545 mard=2.0550 lambda=0.032554 box_extra=0 mask_extra=0 DURR=0.0165 (dir=0.0823,res=-0.0000,hall=-0.0000) route_px=371 rescue_px=0 hall_px=0 FG/HBG/EBG=32/256/1280 fallback=0 rel=0.949/0.932/0.965 wmean=1.000 grad_preclip=63.34
[E04] batch=210/250 pseudo=4 loss=9.2174 seg=0.6524 semseg=1.1844 mard=2.0349 lambda=0.028702 box_extra=0 mask_extra=0 DURR=0.0197 (dir=0.0983,res=-0.0000,hall=-0.0000) route_px=510 rescue_px=0 hall_px=0 FG/HBG/EBG=32/256/1280 fallback=0 rel=0.920/0.832/0.970 wmean=1.000 grad_preclip=74.02
[E04] batch=220/250 pseudo=5 loss=10.0090 seg=0.4809 semseg=0.9668 mard=2.0672 lambda=0.026608 box_extra=0 mask_extra=0 DURR=0.0221 (dir=0.1103,res=-0.0000,hall=-0.0000) route_px=589 rescue_px=0 hall_px=0 FG/HBG/EBG=40/256/1280 fallback=0 rel=0.901/0.799/0.964 wmean=1.000 grad_preclip=78.27
[E04] batch=230/250 pseudo=4 loss=6.7358 seg=0.4804 semseg=0.3645 mard=1.9959 lambda=0.030202 box_extra=0 mask_extra=0 DURR=0.0102 (dir=0.0510,res=-0.0000,hall=-0.0000) route_px=660 rescue_px=0 hall_px=0 FG/HBG/EBG=32/256/1280 fallback=0 rel=0.925/0.877/0.972 wmean=1.000 grad_preclip=56.69
[E04] batch=240/250 pseudo=5 loss=20.0714 seg=2.1335 semseg=0.8061 mard=1.9932 lambda=0.031444 box_extra=0 mask_extra=0 DURR=0.0382 (dir=0.1911,res=-0.0000,hall=-0.0000) route_px=546 rescue_px=0 hall_px=0 FG/HBG/EBG=40/256/1280 fallback=0 rel=0.924/0.844/0.954 wmean=1.000 grad_preclip=146.46
[E04] batch=250/250 pseudo=5 loss=6.9517 seg=0.4870 semseg=0.6449 mard=2.0051 lambda=0.029782 box_extra=0 mask_extra=0 DURR=0.0137 (dir=0.0683,res=-0.0000,hall=-0.0000) route_px=374 rescue_px=0 hall_px=0 FG/HBG/EBG=40/320/1216 fallback=0 rel=0.912/0.783/0.959 wmean=1.000 grad_preclip=99.96

[Epoch 04] DONE time=77.8s valid=250 skipped=0 pseudo=1034 anchors=997 box_extra=53 mask_extra=37 reject_rel=16 DURR=0.0852 (dir=0.1324,res=0.0261,hall=0.2287) empty=50 rescue=12/12 hall_trigger=19 loss=10.2868 seg=0.8256 semseg=0.7334 mard=2.0267 lambda_avg=0.026913 FG/HBG/EBG=33.1/253.2/1206.0 rel=0.918/0.595/0.978 wmean=1.000
[E05] batch=001/250 pseudo=5 loss=15.0236 seg=1.6274 semseg=0.8798 mard=2.1090 lambda=0.030006 box_extra=0 mask_extra=0 DURR=0.0235 (dir=0.1175,res=-0.0000,hall=-0.0000) route_px=440 rescue_px=0 hall_px=0 FG/HBG/EBG=40/256/1280 fallback=0 rel=0.921/0.883/0.954 wmean=1.000 grad_preclip=95.22
[E05] batch=010/250 pseudo=5 loss=14.5572 seg=2.0198 semseg=0.9242 mard=2.1010 lambda=0.024092 box_extra=0 mask_extra=0 DURR=0.0101 (dir=0.0505,res=-0.0000,hall=-0.0000) route_px=313 rescue_px=0 hall_px=0 FG/HBG/EBG=40/256/1280 fallback=0 rel=0.871/0.782/0.963 wmean=1.000 grad_preclip=151.20
[E05] batch=020/250 pseudo=4 loss=4.7121 seg=0.5225 semseg=0.2125 mard=1.9853 lambda=0.030482 box_extra=0 mask_extra=0 DURR=0.0291 (dir=0.1455,res=-0.0000,hall=-0.0000) route_px=204 rescue_px=0 hall_px=0 FG/HBG/EBG=32/256/1280 fallback=0 rel=0.912/0.842/0.941 wmean=1.000 grad_preclip=51.56
[E05] batch=030/250 pseudo=4 loss=30.1782 seg=1.9793 semseg=3.5697 mard=2.0283 lambda=0.028647 box_extra=0 mask_extra=0 DURR=0.0046 (dir=0.0232,res=-0.0000,hall=-0.0000) route_px=483 rescue_px=0 hall_px=0 FG/HBG/EBG=32/256/1280 fallback=0 rel=0.901/0.837/0.956 wmean=1.000 grad_preclip=108.18
[E05] batch=040/250 pseudo=4 loss=13.1789 seg=1.2176 semseg=0.9042 mard=2.0858 lambda=0.034403 box_extra=0 mask_extra=0 DURR=0.0289 (dir=0.1443,res=-0.0000,hall=-0.0000) route_px=199 rescue_px=0 hall_px=0 FG/HBG/EBG=32/256/1280 fallback=0 rel=0.936/0.887/0.968 wmean=1.000 grad_preclip=146.53
[E05] batch=050/250 pseudo=5 loss=3.7022 seg=0.2680 semseg=0.1055 mard=2.0325 lambda=0.037481 box_extra=0 mask_extra=0 DURR=0.0297 (dir=0.1484,res=-0.0000,hall=-0.0000) route_px=215 rescue_px=0 hall_px=0 FG/HBG/EBG=40/320/1216 fallback=0 rel=0.959/0.944/0.974 wmean=1.000 grad_preclip=23.63
[E05] batch=060/250 pseudo=4 loss=15.3358 seg=1.1997 semseg=1.0840 mard=2.0023 lambda=0.033220 box_extra=0 mask_extra=0 DURR=0.0274 (dir=0.1371,res=-0.0000,hall=-0.0000) route_px=261 rescue_px=0 hall_px=0 FG/HBG/EBG=32/256/1280 fallback=0 rel=0.920/0.880/0.955 wmean=1.000 grad_preclip=148.52
[E05] batch=070/250 pseudo=4 loss=2.5745 seg=0.2151 semseg=0.0852 mard=1.9902 lambda=0.034031 box_extra=0 mask_extra=0 DURR=0.0187 (dir=0.0934,res=-0.0000,hall=-0.0000) route_px=149 rescue_px=0 hall_px=0 FG/HBG/EBG=32/256/1280 fallback=0 rel=0.935/0.833/0.972 wmean=1.000 grad_preclip=24.50
[E05] batch=080/250 pseudo=6 loss=18.4491 seg=1.2222 semseg=2.0284 mard=2.0726 lambda=0.036255 box_extra=0 mask_extra=0 DURR=0.0184 (dir=0.0920,res=-0.0000,hall=-0.0000) route_px=388 rescue_px=0 hall_px=0 FG/HBG/EBG=48/320/1216 fallback=0 rel=0.939/0.919/0.949 wmean=1.000 grad_preclip=129.28
[E05] batch=090/250 pseudo=3 loss=8.7249 seg=0.9288 semseg=0.6033 mard=2.0498 lambda=0.037693 box_extra=0 mask_extra=0 DURR=0.6126 (dir=0.2479,res=-0.0000,hall=2.8152) route_px=210 rescue_px=0 hall_px=18 FG/HBG/EBG=24/192/960 fallback=0 rel=0.937/0.894/0.964 wmean=1.000 grad_preclip=56.60
[E05] batch=100/250 pseudo=3 loss=5.8777 seg=0.3952 semseg=0.4964 mard=2.0640 lambda=0.035375 box_extra=0 mask_extra=0 DURR=0.6029 (dir=0.1427,res=-0.0000,hall=2.8718) route_px=451 rescue_px=0 hall_px=393 FG/HBG/EBG=24/192/960 fallback=0 rel=0.929/0.863/0.964 wmean=1.000 grad_preclip=58.52
[E05] batch=110/250 pseudo=4 loss=16.0855 seg=1.3889 semseg=1.1003 mard=2.0361 lambda=0.035458 box_extra=0 mask_extra=0 DURR=0.0415 (dir=0.2073,res=-0.0000,hall=-0.0000) route_px=374 rescue_px=0 hall_px=0 FG/HBG/EBG=32/256/1280 fallback=0 rel=0.928/0.830/0.971 wmean=1.000 grad_preclip=184.90
[E05] batch=120/250 pseudo=5 loss=5.4264 seg=0.4005 semseg=0.1731 mard=1.9727 lambda=0.032294 box_extra=0 mask_extra=0 DURR=0.0347 (dir=0.1734,res=-0.0000,hall=-0.0000) route_px=115 rescue_px=0 hall_px=0 FG/HBG/EBG=40/320/1216 fallback=0 rel=0.913/0.833/0.959 wmean=1.000 grad_preclip=38.81
[E05] batch=130/250 pseudo=3 loss=4.0309 seg=0.4765 semseg=0.1519 mard=2.0492 lambda=0.037359 box_extra=0 mask_extra=0 DURR=0.0354 (dir=0.1772,res=-0.0000,hall=-0.0000) route_px=162 rescue_px=0 hall_px=0 FG/HBG/EBG=24/192/960 fallback=0 rel=0.937/0.886/0.963 wmean=1.000 grad_preclip=44.27
[E05] batch=140/250 pseudo=3 loss=5.1000 seg=0.5983 semseg=0.2060 mard=2.0028 lambda=0.041709 box_extra=0 mask_extra=0 DURR=0.0339 (dir=0.1693,res=-0.0000,hall=-0.0000) route_px=114 rescue_px=0 hall_px=0 FG/HBG/EBG=24/192/960 fallback=0 rel=0.963/0.954/0.968 wmean=1.000 grad_preclip=91.54
[E05] batch=150/250 pseudo=4 loss=10.0422 seg=0.5958 semseg=0.8894 mard=2.0170 lambda=0.031546 box_extra=0 mask_extra=0 DURR=0.0440 (dir=0.2200,res=-0.0000,hall=-0.0000) route_px=411 rescue_px=0 hall_px=0 FG/HBG/EBG=32/256/1280 fallback=0 rel=0.897/0.836/0.956 wmean=1.000 grad_preclip=66.61
[E05] batch=160/250 pseudo=5 loss=14.8667 seg=0.7110 semseg=1.5132 mard=1.9918 lambda=0.031390 box_extra=0 mask_extra=0 DURR=0.0061 (dir=0.0304,res=-0.0000,hall=-0.0000) route_px=391 rescue_px=0 hall_px=0 FG/HBG/EBG=40/256/1280 fallback=0 rel=0.899/0.841/0.964 wmean=1.000 grad_preclip=221.49
[E05] batch=170/250 pseudo=3 loss=5.6223 seg=0.6559 semseg=0.5547 mard=2.0426 lambda=0.039055 box_extra=0 mask_extra=0 DURR=0.0391 (dir=0.1954,res=-0.0000,hall=-0.0000) route_px=206 rescue_px=0 hall_px=0 FG/HBG/EBG=24/192/960 fallback=0 rel=0.941/0.911/0.961 wmean=1.000 grad_preclip=61.51
[E05] batch=180/250 pseudo=4 loss=9.4635 seg=0.9801 semseg=0.2920 mard=2.0543 lambda=0.028423 box_extra=0 mask_extra=0 DURR=0.0185 (dir=0.0926,res=-0.0000,hall=-0.0000) route_px=270 rescue_px=0 hall_px=0 FG/HBG/EBG=32/256/1280 fallback=0 rel=0.871/0.760/0.955 wmean=1.000 grad_preclip=97.76
[E05] batch=190/250 pseudo=4 loss=4.7286 seg=0.4170 semseg=0.1633 mard=2.0167 lambda=0.041610 box_extra=0 mask_extra=0 DURR=0.0401 (dir=0.2003,res=-0.0000,hall=-0.0000) route_px=322 rescue_px=0 hall_px=0 FG/HBG/EBG=32/256/1280 fallback=0 rel=0.954/0.945/0.959 wmean=1.000 grad_preclip=61.41
[E05] batch=200/250 pseudo=3 loss=3.7274 seg=0.2952 semseg=0.1446 mard=2.0268 lambda=0.033166 box_extra=0 mask_extra=0 DURR=0.0138 (dir=0.0689,res=-0.0000,hall=-0.0000) route_px=146 rescue_px=0 hall_px=0 FG/HBG/EBG=24/192/960 fallback=0 rel=0.900/0.764/0.968 wmean=1.000 grad_preclip=30.53
[E05] batch=210/250 pseudo=4 loss=3.7932 seg=0.2807 semseg=0.1129 mard=2.0344 lambda=0.037903 box_extra=0 mask_extra=0 DURR=0.0295 (dir=0.1475,res=-0.0000,hall=-0.0000) route_px=150 rescue_px=0 hall_px=0 FG/HBG/EBG=32/256/1280 fallback=0 rel=0.930/0.824/0.968 wmean=1.000 grad_preclip=26.86
[E05] batch=220/250 pseudo=4 loss=10.3899 seg=0.5736 semseg=0.4569 mard=2.0269 lambda=0.028503 box_extra=1 mask_extra=1 DURR=0.0150 (dir=0.0749,res=-0.0000,hall=-0.0000) route_px=321 rescue_px=0 hall_px=0 FG/HBG/EBG=32/256/1280 fallback=0 rel=0.871/0.789/0.964 wmean=1.000 grad_preclip=75.94
[E05] batch=230/250 pseudo=5 loss=10.5485 seg=0.7014 semseg=0.5077 mard=2.0087 lambda=0.024939 box_extra=0 mask_extra=0 DURR=0.0291 (dir=0.1454,res=-0.0000,hall=-0.0000) route_px=284 rescue_px=0 hall_px=0 FG/HBG/EBG=40/320/1216 fallback=0 rel=0.841/0.698/0.954 wmean=1.000 grad_preclip=156.09
[E05] batch=240/250 pseudo=4 loss=3.7116 seg=0.2409 semseg=0.1550 mard=2.0739 lambda=0.043524 box_extra=0 mask_extra=0 DURR=0.0136 (dir=0.0679,res=-0.0000,hall=-0.0000) route_px=275 rescue_px=0 hall_px=0 FG/HBG/EBG=32/256/1280 fallback=0 rel=0.955/0.931/0.965 wmean=1.000 grad_preclip=32.52
[E05] batch=250/250 pseudo=3 loss=5.7597 seg=0.4318 semseg=0.2721 mard=2.0905 lambda=0.026741 box_extra=2 mask_extra=1 DURR=0.5257 (dir=0.0416,res=-0.0000,hall=2.5868) route_px=203 rescue_px=0 hall_px=20 FG/HBG/EBG=24/192/960 fallback=0 rel=0.856/0.790/0.942 wmean=1.000 grad_preclip=65.33

[Epoch 05] DONE time=77.6s valid=250 skipped=0 pseudo=1024 anchors=984 box_extra=55 mask_extra=40 reject_rel=15 DURR=0.0775 (dir=0.1333,res=0.0154,hall=0.2155) empty=42 rescue=10/10 hall_trigger=19 loss=9.6671 seg=0.7755 semseg=0.6920 mard=2.0285 lambda_avg=0.034636 FG/HBG/EBG=32.8/254.0/1217.5 rel=0.919/0.595/0.975 wmean=1.000
[E06] batch=001/250 pseudo=4 loss=20.9553 seg=1.2674 semseg=3.4387 mard=2.0609 lambda=0.033515 box_extra=1 mask_extra=1 DURR=0.0188 (dir=0.0938,res=-0.0000,hall=-0.0000) route_px=326 rescue_px=0 hall_px=0 FG/HBG/EBG=32/256/896 fallback=0 rel=0.891/0.822/0.968 wmean=1.000 grad_preclip=357.13
[E06] batch=010/250 pseudo=4 loss=3.7433 seg=0.3602 semseg=0.1130 mard=2.0723 lambda=0.043781 box_extra=0 mask_extra=0 DURR=0.0279 (dir=0.1396,res=-0.0000,hall=-0.0000) route_px=133 rescue_px=0 hall_px=0 FG/HBG/EBG=32/256/1280 fallback=0 rel=0.952/0.936/0.972 wmean=1.000 grad_preclip=30.82
[E06] batch=020/250 pseudo=4 loss=8.6457 seg=0.6458 semseg=0.3520 mard=2.0145 lambda=0.042795 box_extra=0 mask_extra=0 DURR=0.0198 (dir=0.0992,res=-0.0000,hall=-0.0000) route_px=222 rescue_px=0 hall_px=0 FG/HBG/EBG=32/256/1280 fallback=0 rel=0.947/0.926/0.964 wmean=1.000 grad_preclip=152.47
[E06] batch=030/250 pseudo=3 loss=2.2364 seg=0.3108 semseg=0.1072 mard=2.0719 lambda=0.039376 box_extra=0 mask_extra=0 DURR=0.0247 (dir=0.1234,res=-0.0000,hall=-0.0000) route_px=195 rescue_px=0 hall_px=0 FG/HBG/EBG=24/192/960 fallback=0 rel=0.932/0.874/0.965 wmean=1.000 grad_preclip=30.54
[E06] batch=040/250 pseudo=4 loss=5.3235 seg=0.2741 semseg=0.4418 mard=2.0190 lambda=0.040302 box_extra=0 mask_extra=0 DURR=0.0300 (dir=0.1499,res=-0.0000,hall=-0.0000) route_px=269 rescue_px=0 hall_px=0 FG/HBG/EBG=32/256/1280 fallback=0 rel=0.936/0.897/0.956 wmean=1.000 grad_preclip=38.80
[E06] batch=050/250 pseudo=5 loss=4.9553 seg=0.4202 semseg=0.2090 mard=2.0267 lambda=0.044696 box_extra=0 mask_extra=0 DURR=0.0331 (dir=0.1653,res=-0.0000,hall=-0.0000) route_px=381 rescue_px=0 hall_px=0 FG/HBG/EBG=40/320/1216 fallback=0 rel=0.956/0.948/0.967 wmean=1.000 grad_preclip=48.04
[E06] batch=060/250 pseudo=5 loss=9.6187 seg=0.9651 semseg=0.4743 mard=2.0602 lambda=0.028381 box_extra=0 mask_extra=0 DURR=0.0341 (dir=0.1705,res=-0.0000,hall=-0.0000) route_px=562 rescue_px=0 hall_px=0 FG/HBG/EBG=40/256/1280 fallback=0 rel=0.856/0.709/0.936 wmean=1.000 grad_preclip=45.05
[E06] batch=070/250 pseudo=4 loss=5.9404 seg=0.3773 semseg=0.2847 mard=2.0592 lambda=0.045518 box_extra=0 mask_extra=0 DURR=0.0293 (dir=0.1464,res=-0.0000,hall=-0.0000) route_px=199 rescue_px=0 hall_px=0 FG/HBG/EBG=32/256/1280 fallback=0 rel=0.962/0.955/0.966 wmean=1.000 grad_preclip=79.19
[E06] batch=080/250 pseudo=4 loss=12.0689 seg=1.1906 semseg=1.1521 mard=2.1087 lambda=0.044054 box_extra=0 mask_extra=0 DURR=0.0360 (dir=0.1799,res=-0.0000,hall=-0.0000) route_px=191 rescue_px=0 hall_px=0 FG/HBG/EBG=32/256/1280 fallback=0 rel=0.956/0.932/0.972 wmean=1.000 grad_preclip=136.82
[E06] batch=090/250 pseudo=5 loss=7.7017 seg=0.6540 semseg=0.3541 mard=2.0838 lambda=0.038755 box_extra=1 mask_extra=1 DURR=0.0180 (dir=0.0902,res=-0.0000,hall=-0.0000) route_px=485 rescue_px=0 hall_px=0 FG/HBG/EBG=40/320/1216 fallback=0 rel=0.925/0.850/0.971 wmean=1.000 grad_preclip=60.52
[E06] batch=100/250 pseudo=5 loss=14.7036 seg=1.8816 semseg=0.7123 mard=2.0401 lambda=0.025545 box_extra=0 mask_extra=0 DURR=0.0225 (dir=0.1124,res=-0.0000,hall=-0.0000) route_px=884 rescue_px=0 hall_px=0 FG/HBG/EBG=40/256/1280 fallback=0 rel=0.845/0.766/0.948 wmean=1.000 grad_preclip=110.37
[E06] batch=110/250 pseudo=4 loss=11.7515 seg=0.9099 semseg=1.2279 mard=2.0944 lambda=0.029682 box_extra=3 mask_extra=3 DURR=1.0595 (dir=0.0148,res=1.1568,hall=2.3909) route_px=25 rescue_px=1325 hall_px=14 FG/HBG/EBG=32/192/960 fallback=0 rel=0.873/0.773/0.958 wmean=1.000 grad_preclip=189.40
[E06] batch=120/250 pseudo=4 loss=8.8218 seg=0.6279 semseg=0.5386 mard=2.0557 lambda=0.034687 box_extra=0 mask_extra=0 DURR=0.0551 (dir=0.2754,res=-0.0000,hall=-0.0000) route_px=475 rescue_px=0 hall_px=0 FG/HBG/EBG=32/256/1280 fallback=0 rel=0.899/0.718/0.964 wmean=1.000 grad_preclip=82.50
[E06] batch=130/250 pseudo=3 loss=4.0956 seg=0.4229 semseg=0.1642 mard=2.0434 lambda=0.029643 box_extra=1 mask_extra=1 DURR=0.0331 (dir=0.1656,res=-0.0000,hall=-0.0000) route_px=177 rescue_px=0 hall_px=0 FG/HBG/EBG=24/192/960 fallback=0 rel=0.872/0.790/0.961 wmean=1.000 grad_preclip=49.27
[E06] batch=140/250 pseudo=4 loss=6.7770 seg=0.5386 semseg=0.3754 mard=2.0117 lambda=0.038159 box_extra=0 mask_extra=0 DURR=0.0247 (dir=0.1233,res=-0.0000,hall=-0.0000) route_px=154 rescue_px=0 hall_px=0 FG/HBG/EBG=32/256/1280 fallback=0 rel=0.912/0.834/0.965 wmean=1.000 grad_preclip=84.65
[E06] batch=150/250 pseudo=6 loss=14.8758 seg=1.2596 semseg=1.0415 mard=2.0395 lambda=0.036019 box_extra=1 mask_extra=1 DURR=0.0299 (dir=0.1494,res=-0.0000,hall=-0.0000) route_px=383 rescue_px=0 hall_px=0 FG/HBG/EBG=48/320/1216 fallback=0 rel=0.905/0.774/0.962 wmean=1.000 grad_preclip=96.82
[E06] batch=160/250 pseudo=4 loss=4.7875 seg=0.3935 semseg=0.1126 mard=1.9680 lambda=0.042186 box_extra=0 mask_extra=0 DURR=0.0467 (dir=0.2336,res=-0.0000,hall=-0.0000) route_px=254 rescue_px=0 hall_px=0 FG/HBG/EBG=32/256/1280 fallback=0 rel=0.939/0.920/0.955 wmean=1.000 grad_preclip=27.02
[E06] batch=170/250 pseudo=4 loss=6.7317 seg=0.4421 semseg=0.5298 mard=1.9908 lambda=0.035682 box_extra=0 mask_extra=0 DURR=0.0263 (dir=0.1317,res=-0.0000,hall=-0.0000) route_px=283 rescue_px=0 hall_px=0 FG/HBG/EBG=32/256/1280 fallback=0 rel=0.904/0.781/0.963 wmean=1.000 grad_preclip=77.87
[E06] batch=180/250 pseudo=4 loss=4.4212 seg=0.3645 semseg=0.2017 mard=1.9803 lambda=0.042564 box_extra=0 mask_extra=0 DURR=0.0258 (dir=0.1289,res=-0.0000,hall=-0.0000) route_px=149 rescue_px=0 hall_px=0 FG/HBG/EBG=32/256/1280 fallback=0 rel=0.945/0.933/0.953 wmean=1.000 grad_preclip=32.25
[E06] batch=190/250 pseudo=4 loss=6.9290 seg=0.3870 semseg=0.5338 mard=1.9821 lambda=0.045016 box_extra=0 mask_extra=0 DURR=0.0537 (dir=0.2685,res=-0.0000,hall=-0.0000) route_px=100 rescue_px=0 hall_px=0 FG/HBG/EBG=32/256/1280 fallback=0 rel=0.959/0.952/0.973 wmean=1.000 grad_preclip=145.00
[E06] batch=200/250 pseudo=4 loss=3.5450 seg=0.3359 semseg=0.1090 mard=1.9628 lambda=0.044124 box_extra=0 mask_extra=0 DURR=0.0536 (dir=0.2682,res=-0.0000,hall=-0.0000) route_px=52 rescue_px=0 hall_px=0 FG/HBG/EBG=32/256/1280 fallback=0 rel=0.954/0.937/0.971 wmean=1.000 grad_preclip=32.20
[E06] batch=210/250 pseudo=5 loss=10.5932 seg=0.7315 semseg=0.4052 mard=2.0778 lambda=0.026228 box_extra=0 mask_extra=0 DURR=0.0311 (dir=0.1557,res=-0.0000,hall=-0.0000) route_px=452 rescue_px=0 hall_px=0 FG/HBG/EBG=40/320/1216 fallback=0 rel=0.848/0.699/0.960 wmean=1.000 grad_preclip=84.95
[E06] batch=220/250 pseudo=4 loss=4.6649 seg=0.4115 semseg=0.1199 mard=2.0383 lambda=0.044643 box_extra=0 mask_extra=0 DURR=0.0271 (dir=0.1353,res=-0.0000,hall=-0.0000) route_px=176 rescue_px=0 hall_px=0 FG/HBG/EBG=32/256/1280 fallback=0 rel=0.955/0.935/0.971 wmean=1.000 grad_preclip=40.96
[E06] batch=230/250 pseudo=5 loss=6.4600 seg=0.3969 semseg=0.3372 mard=1.9870 lambda=0.034845 box_extra=0 mask_extra=0 DURR=0.0129 (dir=0.0643,res=-0.0000,hall=-0.0000) route_px=432 rescue_px=0 hall_px=0 FG/HBG/EBG=40/256/1280 fallback=0 rel=0.902/0.790/0.961 wmean=1.000 grad_preclip=60.04
[E06] batch=240/250 pseudo=4 loss=3.4282 seg=0.2747 semseg=0.0943 mard=2.0442 lambda=0.044673 box_extra=0 mask_extra=0 DURR=0.0132 (dir=0.0661,res=-0.0000,hall=-0.0000) route_px=23 rescue_px=0 hall_px=0 FG/HBG/EBG=32/256/1280 fallback=0 rel=0.958/0.953/0.962 wmean=1.000 grad_preclip=29.31
[E06] batch=250/250 pseudo=5 loss=9.9592 seg=0.9298 semseg=0.4503 mard=1.9534 lambda=0.034890 box_extra=2 mask_extra=2 DURR=0.2532 (dir=0.1107,res=0.4621,hall=-0.0000) route_px=368 rescue_px=1908 hall_px=0 FG/HBG/EBG=40/256/1280 fallback=0 rel=0.904/0.774/0.964 wmean=1.000 grad_preclip=110.45

[Epoch 06] DONE time=77.3s valid=250 skipped=0 pseudo=1022 anchors=973 box_extra=68 mask_extra=49 reject_rel=19 DURR=0.0853 (dir=0.1400,res=0.0332,hall=0.2035) empty=56 rescue=11/11 hall_trigger=18 loss=9.1739 seg=0.7312 semseg=0.6607 mard=2.0274 lambda_avg=0.038555 FG/HBG/EBG=32.7/251.1/1198.8 rel=0.919/0.687/0.976 wmean=1.000
[E07] batch=001/250 pseudo=4 loss=4.9653 seg=0.2547 semseg=0.3173 mard=1.9856 lambda=0.042618 box_extra=0 mask_extra=0 DURR=0.0370 (dir=0.1848,res=-0.0000,hall=-0.0000) route_px=308 rescue_px=0 hall_px=0 FG/HBG/EBG=32/256/1280 fallback=0 rel=0.946/0.902/0.967 wmean=1.000 grad_preclip=34.61
[E07] batch=010/250 pseudo=4 loss=10.4193 seg=0.8832 semseg=0.3328 mard=2.0058 lambda=0.040335 box_extra=0 mask_extra=0 DURR=0.0221 (dir=0.1104,res=-0.0000,hall=-0.0000) route_px=610 rescue_px=0 hall_px=0 FG/HBG/EBG=32/256/1280 fallback=0 rel=0.928/0.892/0.950 wmean=1.000 grad_preclip=168.61
[E07] batch=020/250 pseudo=4 loss=10.2080 seg=0.9958 semseg=0.4808 mard=2.0583 lambda=0.041587 box_extra=0 mask_extra=0 DURR=0.0188 (dir=0.0942,res=-0.0000,hall=-0.0000) route_px=539 rescue_px=0 hall_px=0 FG/HBG/EBG=32/256/1280 fallback=0 rel=0.936/0.860/0.964 wmean=1.000 grad_preclip=107.27
[E07] batch=030/250 pseudo=4 loss=5.5820 seg=0.3694 semseg=0.2022 mard=2.0500 lambda=0.039396 box_extra=1 mask_extra=1 DURR=0.0405 (dir=0.2023,res=-0.0000,hall=-0.0000) route_px=189 rescue_px=0 hall_px=0 FG/HBG/EBG=32/256/1280 fallback=0 rel=0.929/0.848/0.963 wmean=1.000 grad_preclip=56.74
[E07] batch=040/250 pseudo=3 loss=4.8167 seg=0.4363 semseg=0.2635 mard=2.0950 lambda=0.033550 box_extra=1 mask_extra=0 DURR=0.4710 (dir=0.1273,res=-0.0000,hall=2.2276) route_px=242 rescue_px=0 hall_px=41 FG/HBG/EBG=24/192/960 fallback=0 rel=0.888/0.741/0.968 wmean=1.000 grad_preclip=42.48
[E07] batch=050/250 pseudo=4 loss=8.7985 seg=0.9882 semseg=0.3508 mard=1.9917 lambda=0.043014 box_extra=0 mask_extra=0 DURR=0.0154 (dir=0.0770,res=-0.0000,hall=-0.0000) route_px=171 rescue_px=0 hall_px=0 FG/HBG/EBG=32/256/1280 fallback=0 rel=0.939/0.913/0.965 wmean=1.000 grad_preclip=86.38
[E07] batch=060/250 pseudo=4 loss=18.4673 seg=0.8043 semseg=2.4487 mard=2.0427 lambda=0.041628 box_extra=0 mask_extra=0 DURR=0.0269 (dir=0.1347,res=-0.0000,hall=-0.0000) route_px=564 rescue_px=0 hall_px=0 FG/HBG/EBG=32/256/1280 fallback=0 rel=0.938/0.911/0.960 wmean=1.000 grad_preclip=178.51
[E07] batch=070/250 pseudo=2 loss=4.5171 seg=0.6887 semseg=0.4120 mard=2.0609 lambda=0.034662 box_extra=1 mask_extra=0 DURR=0.0350 (dir=0.1751,res=-0.0000,hall=-0.0000) route_px=268 rescue_px=0 hall_px=0 FG/HBG/EBG=16/128/640 fallback=0 rel=0.899/0.885/0.913 wmean=1.000 grad_preclip=46.65
[E07] batch=080/250 pseudo=4 loss=5.7001 seg=0.6202 semseg=0.1714 mard=2.0570 lambda=0.044066 box_extra=0 mask_extra=0 DURR=0.0162 (dir=0.0811,res=-0.0000,hall=-0.0000) route_px=251 rescue_px=0 hall_px=0 FG/HBG/EBG=32/256/1280 fallback=0 rel=0.951/0.928/0.966 wmean=1.000 grad_preclip=36.84
[E07] batch=090/250 pseudo=5 loss=6.3434 seg=0.5561 semseg=0.2504 mard=1.9758 lambda=0.033859 box_extra=1 mask_extra=1 DURR=0.0271 (dir=0.1357,res=-0.0000,hall=-0.0000) route_px=391 rescue_px=0 hall_px=0 FG/HBG/EBG=40/320/1216 fallback=0 rel=0.892/0.792/0.937 wmean=1.000 grad_preclip=47.93
[E07] batch=100/250 pseudo=4 loss=3.8043 seg=0.2901 semseg=0.1334 mard=1.9878 lambda=0.045408 box_extra=0 mask_extra=0 DURR=0.0381 (dir=0.1906,res=-0.0000,hall=-0.0000) route_px=106 rescue_px=0 hall_px=0 FG/HBG/EBG=32/256/1280 fallback=0 rel=0.962/0.956/0.967 wmean=1.000 grad_preclip=24.86
[E07] batch=110/250 pseudo=4 loss=20.7978 seg=0.6329 semseg=3.2143 mard=2.0525 lambda=0.039377 box_extra=0 mask_extra=0 DURR=0.0155 (dir=0.0773,res=-0.0000,hall=-0.0000) route_px=236 rescue_px=0 hall_px=0 FG/HBG/EBG=32/256/1280 fallback=0 rel=0.929/0.830/0.965 wmean=1.000 grad_preclip=105.31
[E07] batch=120/250 pseudo=4 loss=10.0388 seg=0.7272 semseg=0.4162 mard=2.0739 lambda=0.034596 box_extra=0 mask_extra=0 DURR=0.0170 (dir=0.0852,res=-0.0000,hall=-0.0000) route_px=486 rescue_px=0 hall_px=0 FG/HBG/EBG=32/256/1280 fallback=0 rel=0.895/0.838/0.951 wmean=1.000 grad_preclip=58.14
[E07] batch=130/250 pseudo=4 loss=9.7453 seg=0.3952 semseg=1.1621 mard=2.0166 lambda=0.038704 box_extra=1 mask_extra=1 DURR=0.1224 (dir=0.3410,res=0.1085,hall=-0.0000) route_px=70 rescue_px=959 hall_px=0 FG/HBG/EBG=32/256/1280 fallback=0 rel=0.926/0.887/0.955 wmean=1.000 grad_preclip=98.36
[E07] batch=140/250 pseudo=5 loss=9.6037 seg=0.6557 semseg=0.4330 mard=1.9893 lambda=0.034135 box_extra=0 mask_extra=0 DURR=0.0163 (dir=0.0813,res=-0.0000,hall=-0.0000) route_px=249 rescue_px=0 hall_px=0 FG/HBG/EBG=40/256/1280 fallback=0 rel=0.899/0.781/0.962 wmean=1.000 grad_preclip=221.88
[E07] batch=150/250 pseudo=4 loss=6.4162 seg=0.4096 semseg=0.4699 mard=2.0480 lambda=0.041172 box_extra=1 mask_extra=1 DURR=0.3136 (dir=0.1307,res=0.5749,hall=-0.0000) route_px=193 rescue_px=2032 hall_px=0 FG/HBG/EBG=32/256/1280 fallback=0 rel=0.940/0.887/0.965 wmean=1.000 grad_preclip=131.64
[E07] batch=160/250 pseudo=4 loss=7.9481 seg=0.6877 semseg=0.2606 mard=1.9984 lambda=0.035339 box_extra=1 mask_extra=1 DURR=0.1730 (dir=0.0740,res=0.3165,hall=-0.0000) route_px=247 rescue_px=141 hall_px=0 FG/HBG/EBG=32/256/1280 fallback=0 rel=0.899/0.844/0.937 wmean=1.000 grad_preclip=80.75
[E07] batch=170/250 pseudo=4 loss=14.9243 seg=1.6974 semseg=0.6856 mard=2.0840 lambda=0.031666 box_extra=0 mask_extra=0 DURR=0.0197 (dir=0.0987,res=-0.0000,hall=-0.0000) route_px=496 rescue_px=0 hall_px=0 FG/HBG/EBG=32/256/1280 fallback=0 rel=0.872/0.768/0.960 wmean=1.000 grad_preclip=161.95
[E07] batch=180/250 pseudo=4 loss=19.8871 seg=2.3890 semseg=2.0411 mard=1.9817 lambda=0.030378 box_extra=0 mask_extra=0 DURR=0.0566 (dir=0.2829,res=-0.0000,hall=-0.0000) route_px=357 rescue_px=0 hall_px=0 FG/HBG/EBG=32/256/1280 fallback=0 rel=0.865/0.740/0.966 wmean=1.000 grad_preclip=490.91
[E07] batch=190/250 pseudo=3 loss=2.9662 seg=0.2882 semseg=0.1273 mard=2.0851 lambda=0.045736 box_extra=1 mask_extra=0 DURR=0.0344 (dir=0.1719,res=-0.0000,hall=-0.0000) route_px=384 rescue_px=0 hall_px=0 FG/HBG/EBG=24/192/960 fallback=0 rel=0.965/0.962/0.970 wmean=1.000 grad_preclip=27.47
[E07] batch=200/250 pseudo=4 loss=4.7795 seg=0.3901 semseg=0.1984 mard=2.0267 lambda=0.042489 box_extra=1 mask_extra=1 DURR=0.1780 (dir=0.2283,res=0.2646,hall=-0.0000) route_px=215 rescue_px=119 hall_px=0 FG/HBG/EBG=32/256/1280 fallback=0 rel=0.940/0.921/0.961 wmean=1.000 grad_preclip=42.27
[E07] batch=210/250 pseudo=4 loss=13.8184 seg=0.8704 semseg=0.7229 mard=1.9738 lambda=0.041351 box_extra=0 mask_extra=0 DURR=0.0452 (dir=0.2258,res=-0.0000,hall=-0.0000) route_px=333 rescue_px=0 hall_px=0 FG/HBG/EBG=32/256/1280 fallback=0 rel=0.932/0.899/0.957 wmean=1.000 grad_preclip=133.11
[E07] batch=220/250 pseudo=4 loss=6.7727 seg=0.3612 semseg=0.5720 mard=2.0595 lambda=0.043845 box_extra=0 mask_extra=0 DURR=0.0119 (dir=0.0597,res=-0.0000,hall=-0.0000) route_px=234 rescue_px=0 hall_px=0 FG/HBG/EBG=32/256/1280 fallback=0 rel=0.957/0.944/0.971 wmean=1.000 grad_preclip=69.50
[E07] batch=230/250 pseudo=5 loss=5.2360 seg=0.3562 semseg=0.1275 mard=2.0703 lambda=0.030775 box_extra=0 mask_extra=0 DURR=0.0222 (dir=0.1109,res=-0.0000,hall=-0.0000) route_px=263 rescue_px=0 hall_px=0 FG/HBG/EBG=40/256/1280 fallback=0 rel=0.882/0.794/0.967 wmean=1.000 grad_preclip=35.63
[E07] batch=240/250 pseudo=4 loss=15.9679 seg=1.3834 semseg=0.8612 mard=2.0592 lambda=0.029293 box_extra=2 mask_extra=1 DURR=0.0071 (dir=0.0354,res=-0.0000,hall=-0.0000) route_px=274 rescue_px=0 hall_px=0 FG/HBG/EBG=32/256/1280 fallback=0 rel=0.868/0.837/0.952 wmean=1.000 grad_preclip=106.81
[E07] batch=250/250 pseudo=4 loss=7.4099 seg=0.6696 semseg=0.2823 mard=2.0564 lambda=0.042010 box_extra=0 mask_extra=0 DURR=0.0186 (dir=0.0929,res=-0.0000,hall=-0.0000) route_px=372 rescue_px=0 hall_px=0 FG/HBG/EBG=32/256/1280 fallback=0 rel=0.939/0.926/0.965 wmean=1.000 grad_preclip=58.31

[Epoch 07] DONE time=77.8s valid=250 skipped=0 pseudo=1037 anchors=997 box_extra=59 mask_extra=40 reject_rel=19 DURR=0.0821 (dir=0.1369,res=0.0391,hall=0.1758) empty=47 rescue=13/13 hall_trigger=14 loss=9.0270 seg=0.7154 semseg=0.5989 mard=2.0271 lambda_avg=0.038173 FG/HBG/EBG=33.2/255.0/1208.8 rel=0.917/0.674/0.978 wmean=1.000
[E08] batch=001/250 pseudo=4 loss=7.2172 seg=0.7395 semseg=0.2456 mard=2.0209 lambda=0.041571 box_extra=0 mask_extra=0 DURR=0.0218 (dir=0.1089,res=-0.0000,hall=-0.0000) route_px=289 rescue_px=0 hall_px=0 FG/HBG/EBG=32/256/1280 fallback=0 rel=0.926/0.908/0.949 wmean=1.000 grad_preclip=96.41
[E08] batch=010/250 pseudo=4 loss=6.4622 seg=0.4338 semseg=0.3508 mard=2.0474 lambda=0.036228 box_extra=0 mask_extra=0 DURR=0.0230 (dir=0.1152,res=-0.0000,hall=-0.0000) route_px=389 rescue_px=0 hall_px=0 FG/HBG/EBG=32/256/1280 fallback=0 rel=0.914/0.844/0.961 wmean=1.000 grad_preclip=48.29
[E08] batch=020/250 pseudo=4 loss=13.8500 seg=0.7440 semseg=1.2971 mard=1.9824 lambda=0.035286 box_extra=1 mask_extra=1 DURR=0.0241 (dir=0.1206,res=-0.0000,hall=-0.0000) route_px=107 rescue_px=0 hall_px=0 FG/HBG/EBG=32/256/1280 fallback=0 rel=0.905/0.785/0.951 wmean=1.000 grad_preclip=80.89
[E08] batch=030/250 pseudo=3 loss=5.1398 seg=0.4243 semseg=0.4383 mard=2.0228 lambda=0.044517 box_extra=0 mask_extra=0 DURR=0.0171 (dir=0.0853,res=-0.0000,hall=-0.0000) route_px=225 rescue_px=0 hall_px=0 FG/HBG/EBG=24/192/960 fallback=0 rel=0.960/0.946/0.967 wmean=1.000 grad_preclip=51.32
[E08] batch=040/250 pseudo=4 loss=8.3531 seg=0.9542 semseg=0.3166 mard=2.0048 lambda=0.044636 box_extra=0 mask_extra=0 DURR=0.0334 (dir=0.1670,res=-0.0000,hall=-0.0000) route_px=371 rescue_px=0 hall_px=0 FG/HBG/EBG=32/256/1280 fallback=0 rel=0.955/0.938/0.961 wmean=1.000 grad_preclip=156.08
[E08] batch=050/250 pseudo=4 loss=18.7709 seg=1.4223 semseg=2.0220 mard=2.0256 lambda=0.044142 box_extra=0 mask_extra=0 DURR=0.0343 (dir=0.1715,res=-0.0000,hall=-0.0000) route_px=384 rescue_px=0 hall_px=0 FG/HBG/EBG=32/256/1280 fallback=0 rel=0.954/0.933/0.966 wmean=1.000 grad_preclip=363.07
[E08] batch=060/250 pseudo=5 loss=16.1940 seg=0.6791 semseg=1.8328 mard=2.0514 lambda=0.040173 box_extra=0 mask_extra=0 DURR=0.0198 (dir=0.0988,res=-0.0000,hall=-0.0000) route_px=347 rescue_px=0 hall_px=0 FG/HBG/EBG=40/320/1216 fallback=0 rel=0.931/0.847/0.973 wmean=1.000 grad_preclip=250.64
[E08] batch=070/250 pseudo=3 loss=7.6949 seg=0.8444 semseg=0.3961 mard=2.0871 lambda=0.035028 box_extra=0 mask_extra=0 DURR=0.0207 (dir=0.1035,res=-0.0000,hall=-0.0000) route_px=309 rescue_px=0 hall_px=0 FG/HBG/EBG=24/192/960 fallback=0 rel=0.901/0.855/0.939 wmean=1.000 grad_preclip=144.79
[E08] batch=080/250 pseudo=4 loss=10.1004 seg=0.8612 semseg=0.6541 mard=2.0269 lambda=0.044142 box_extra=0 mask_extra=0 DURR=0.0384 (dir=0.1922,res=-0.0000,hall=-0.0000) route_px=245 rescue_px=0 hall_px=0 FG/HBG/EBG=32/256/1280 fallback=0 rel=0.951/0.926/0.967 wmean=1.000 grad_preclip=119.81
[E08] batch=090/250 pseudo=4 loss=5.3642 seg=0.5411 semseg=0.2215 mard=2.0709 lambda=0.043318 box_extra=1 mask_extra=1 DURR=0.1378 (dir=0.1787,res=0.2041,hall=-0.0000) route_px=203 rescue_px=119 hall_px=0 FG/HBG/EBG=32/256/1280 fallback=0 rel=0.950/0.922/0.962 wmean=1.000 grad_preclip=68.69
[E08] batch=100/250 pseudo=4 loss=4.7096 seg=0.4916 semseg=0.2235 mard=2.0902 lambda=0.040998 box_extra=0 mask_extra=0 DURR=0.0226 (dir=0.1131,res=-0.0000,hall=-0.0000) route_px=223 rescue_px=0 hall_px=0 FG/HBG/EBG=32/256/1280 fallback=0 rel=0.929/0.835/0.963 wmean=1.000 grad_preclip=48.76
[E08] batch=110/250 pseudo=4 loss=2.7344 seg=0.1702 semseg=0.0830 mard=2.0730 lambda=0.046275 box_extra=0 mask_extra=0 DURR=0.0410 (dir=0.2048,res=-0.0000,hall=-0.0000) route_px=242 rescue_px=0 hall_px=0 FG/HBG/EBG=32/256/1280 fallback=0 rel=0.970/0.957/0.978 wmean=1.000 grad_preclip=29.05
[E08] batch=120/250 pseudo=4 loss=12.2468 seg=0.9037 semseg=1.3610 mard=2.0112 lambda=0.039620 box_extra=0 mask_extra=0 DURR=0.0114 (dir=0.0571,res=-0.0000,hall=-0.0000) route_px=251 rescue_px=0 hall_px=0 FG/HBG/EBG=32/256/1280 fallback=0 rel=0.933/0.837/0.969 wmean=1.000 grad_preclip=412.75
[E08] batch=130/250 pseudo=5 loss=15.1514 seg=1.3544 semseg=0.7397 mard=2.0565 lambda=0.031478 box_extra=0 mask_extra=0 DURR=0.0141 (dir=0.0704,res=-0.0000,hall=-0.0000) route_px=792 rescue_px=0 hall_px=0 FG/HBG/EBG=40/256/1280 fallback=0 rel=0.870/0.739/0.953 wmean=1.000 grad_preclip=76.71
[E08] batch=140/250 pseudo=5 loss=11.5011 seg=1.2650 semseg=0.5269 mard=2.0166 lambda=0.037790 box_extra=2 mask_extra=2 DURR=0.9652 (dir=0.1592,res=1.8667,hall=-0.0000) route_px=376 rescue_px=149 hall_px=0 FG/HBG/EBG=40/320/1216 fallback=0 rel=0.916/0.857/0.963 wmean=1.000 grad_preclip=51.58
[E08] batch=150/250 pseudo=4 loss=5.7143 seg=0.4966 semseg=0.3320 mard=2.0640 lambda=0.041805 box_extra=0 mask_extra=0 DURR=0.0159 (dir=0.0794,res=-0.0000,hall=-0.0000) route_px=211 rescue_px=0 hall_px=0 FG/HBG/EBG=32/256/1280 fallback=0 rel=0.941/0.882/0.965 wmean=1.000 grad_preclip=50.43
[E08] batch=160/250 pseudo=4 loss=12.3085 seg=0.6874 semseg=0.9234 mard=2.0411 lambda=0.043140 box_extra=0 mask_extra=0 DURR=0.0283 (dir=0.1414,res=-0.0000,hall=-0.0000) route_px=387 rescue_px=0 hall_px=0 FG/HBG/EBG=32/256/1280 fallback=0 rel=0.952/0.921/0.962 wmean=1.000 grad_preclip=179.95
[E08] batch=170/250 pseudo=4 loss=4.9507 seg=0.4272 semseg=0.1395 mard=2.0005 lambda=0.042416 box_extra=0 mask_extra=0 DURR=0.0360 (dir=0.1799,res=-0.0000,hall=-0.0000) route_px=196 rescue_px=0 hall_px=0 FG/HBG/EBG=32/256/1280 fallback=0 rel=0.943/0.922/0.965 wmean=1.000 grad_preclip=31.53
[E08] batch=180/250 pseudo=5 loss=7.9092 seg=0.5784 semseg=0.3525 mard=2.0034 lambda=0.038491 box_extra=0 mask_extra=0 DURR=0.0215 (dir=0.1074,res=-0.0000,hall=-0.0000) route_px=983 rescue_px=0 hall_px=0 FG/HBG/EBG=40/256/1280 fallback=0 rel=0.923/0.860/0.959 wmean=1.000 grad_preclip=41.83
[E08] batch=190/250 pseudo=4 loss=10.6373 seg=0.5816 semseg=1.1095 mard=2.0516 lambda=0.037112 box_extra=0 mask_extra=0 DURR=0.0259 (dir=0.1293,res=-0.0000,hall=-0.0000) route_px=277 rescue_px=0 hall_px=0 FG/HBG/EBG=32/256/1280 fallback=0 rel=0.910/0.756/0.969 wmean=1.000 grad_preclip=111.85
[E08] batch=200/250 pseudo=4 loss=12.8792 seg=0.8100 semseg=1.3626 mard=2.0358 lambda=0.039428 box_extra=0 mask_extra=0 DURR=0.0233 (dir=0.1165,res=-0.0000,hall=-0.0000) route_px=201 rescue_px=0 hall_px=0 FG/HBG/EBG=32/256/1280 fallback=0 rel=0.930/0.886/0.949 wmean=1.000 grad_preclip=378.77
[E08] batch=210/250 pseudo=3 loss=2.7982 seg=0.2664 semseg=0.2155 mard=2.0583 lambda=0.041895 box_extra=2 mask_extra=0 DURR=0.0236 (dir=0.1179,res=-0.0000,hall=-0.0000) route_px=31 rescue_px=0 hall_px=0 FG/HBG/EBG=24/192/960 fallback=0 rel=0.942/0.898/0.965 wmean=1.000 grad_preclip=136.56
[E08] batch=220/250 pseudo=5 loss=11.2442 seg=0.6665 semseg=1.1530 mard=1.9977 lambda=0.040161 box_extra=0 mask_extra=0 DURR=0.0201 (dir=0.1006,res=-0.0000,hall=-0.0000) route_px=432 rescue_px=0 hall_px=0 FG/HBG/EBG=40/320/1216 fallback=0 rel=0.928/0.911/0.946 wmean=1.000 grad_preclip=58.71
[E08] batch=230/250 pseudo=3 loss=6.7286 seg=0.6454 semseg=0.4810 mard=2.0781 lambda=0.030263 box_extra=0 mask_extra=0 DURR=0.0205 (dir=0.1027,res=-0.0000,hall=-0.0000) route_px=537 rescue_px=0 hall_px=0 FG/HBG/EBG=24/192/960 fallback=0 rel=0.877/0.751/0.954 wmean=1.000 grad_preclip=47.38
[E08] batch=240/250 pseudo=5 loss=6.6978 seg=0.4004 semseg=0.2704 mard=1.9850 lambda=0.038766 box_extra=0 mask_extra=0 DURR=0.0266 (dir=0.1332,res=-0.0000,hall=-0.0000) route_px=538 rescue_px=0 hall_px=0 FG/HBG/EBG=40/320/1216 fallback=0 rel=0.921/0.807/0.958 wmean=1.000 grad_preclip=37.72
[E08] batch=250/250 pseudo=5 loss=5.1574 seg=0.3185 semseg=0.1812 mard=2.0892 lambda=0.034628 box_extra=0 mask_extra=0 DURR=0.0332 (dir=0.1660,res=-0.0000,hall=-0.0000) route_px=378 rescue_px=0 hall_px=0 FG/HBG/EBG=40/320/1216 fallback=0 rel=0.899/0.769/0.969 wmean=1.000 grad_preclip=27.37

[Epoch 08] DONE time=77.4s valid=250 skipped=0 pseudo=1024 anchors=984 box_extra=59 mask_extra=40 reject_rel=19 DURR=0.0852 (dir=0.1385,res=0.0542,hall=0.1519) empty=49 rescue=14/14 hall_trigger=12 loss=9.0328 seg=0.7210 semseg=0.6176 mard=2.0294 lambda_avg=0.038534 FG/HBG/EBG=32.8/253.2/1207.6 rel=0.919/0.686/0.978 wmean=1.000
[E09] batch=001/250 pseudo=3 loss=7.9299 seg=0.9778 semseg=0.3957 mard=2.0041 lambda=0.043015 box_extra=0 mask_extra=0 DURR=0.2779 (dir=0.1068,res=-0.0000,hall=1.2828) route_px=358 rescue_px=0 hall_px=1 FG/HBG/EBG=24/192/960 fallback=0 rel=0.947/0.924/0.966 wmean=1.000 grad_preclip=96.15
[E09] batch=010/250 pseudo=4 loss=8.4461 seg=0.5674 semseg=0.6293 mard=2.0323 lambda=0.035438 box_extra=0 mask_extra=0 DURR=0.0256 (dir=0.1282,res=-0.0000,hall=-0.0000) route_px=618 rescue_px=0 hall_px=0 FG/HBG/EBG=32/256/1280 fallback=0 rel=0.904/0.814/0.959 wmean=1.000 grad_preclip=59.27
[E09] batch=020/250 pseudo=4 loss=11.9425 seg=0.7982 semseg=0.7037 mard=1.9883 lambda=0.040257 box_extra=0 mask_extra=0 DURR=0.0525 (dir=0.2626,res=-0.0000,hall=-0.0000) route_px=117 rescue_px=0 hall_px=0 FG/HBG/EBG=32/256/1280 fallback=0 rel=0.928/0.854/0.966 wmean=1.000 grad_preclip=53.19
[E09] batch=030/250 pseudo=3 loss=6.1020 seg=0.3913 semseg=0.9281 mard=1.9981 lambda=0.042798 box_extra=0 mask_extra=0 DURR=0.3627 (dir=0.1981,res=-0.0000,hall=1.6155) route_px=82 rescue_px=0 hall_px=1 FG/HBG/EBG=24/192/960 fallback=0 rel=0.940/0.920/0.958 wmean=1.000 grad_preclip=46.17
[E09] batch=040/250 pseudo=4 loss=7.9262 seg=0.4783 semseg=0.4746 mard=2.0535 lambda=0.040306 box_extra=0 mask_extra=0 DURR=0.0311 (dir=0.1555,res=-0.0000,hall=-0.0000) route_px=223 rescue_px=0 hall_px=0 FG/HBG/EBG=32/256/1280 fallback=0 rel=0.934/0.897/0.968 wmean=1.000 grad_preclip=72.48
[E09] batch=050/250 pseudo=4 loss=9.8325 seg=0.7206 semseg=0.7259 mard=2.0777 lambda=0.036827 box_extra=0 mask_extra=0 DURR=0.0139 (dir=0.0696,res=-0.0000,hall=-0.0000) route_px=501 rescue_px=0 hall_px=0 FG/HBG/EBG=32/256/1280 fallback=0 rel=0.916/0.830/0.960 wmean=1.000 grad_preclip=104.74
[E09] batch=060/250 pseudo=3 loss=3.3582 seg=0.3069 semseg=0.1260 mard=1.9763 lambda=0.043766 box_extra=0 mask_extra=0 DURR=0.7299 (dir=0.1576,res=-0.0000,hall=3.4921) route_px=90 rescue_px=0 hall_px=204 FG/HBG/EBG=24/192/960 fallback=0 rel=0.952/0.947/0.961 wmean=1.000 grad_preclip=41.96
[E09] batch=070/250 pseudo=5 loss=15.9683 seg=1.1267 semseg=1.4148 mard=1.9960 lambda=0.036460 box_extra=1 mask_extra=1 DURR=0.0169 (dir=0.0847,res=-0.0000,hall=-0.0000) route_px=270 rescue_px=0 hall_px=0 FG/HBG/EBG=40/320/1216 fallback=0 rel=0.908/0.777/0.947 wmean=1.000 grad_preclip=191.29
[E09] batch=080/250 pseudo=4 loss=3.4350 seg=0.2763 semseg=0.1128 mard=2.0439 lambda=0.045165 box_extra=0 mask_extra=0 DURR=0.0031 (dir=0.0154,res=-0.0000,hall=-0.0000) route_px=26 rescue_px=0 hall_px=0 FG/HBG/EBG=32/256/1280 fallback=0 rel=0.961/0.949/0.968 wmean=1.000 grad_preclip=26.94
[E09] batch=090/250 pseudo=3 loss=3.5269 seg=0.3376 semseg=0.2432 mard=1.9717 lambda=0.044337 box_extra=1 mask_extra=0 DURR=0.0669 (dir=0.3346,res=-0.0000,hall=-0.0000) route_px=67 rescue_px=0 hall_px=0 FG/HBG/EBG=24/192/960 fallback=0 rel=0.954/0.937/0.965 wmean=1.000 grad_preclip=31.41
[E09] batch=100/250 pseudo=4 loss=8.7839 seg=0.7066 semseg=0.4631 mard=2.0358 lambda=0.035256 box_extra=0 mask_extra=0 DURR=0.6568 (dir=0.0819,res=-0.0000,hall=3.2021) route_px=500 rescue_px=0 hall_px=576 FG/HBG/EBG=32/256/896 fallback=0 rel=0.884/0.745/0.942 wmean=1.000 grad_preclip=97.53
[E09] batch=110/250 pseudo=5 loss=5.1367 seg=0.2894 semseg=0.3169 mard=2.0052 lambda=0.036331 box_extra=1 mask_extra=1 DURR=0.0779 (dir=0.1308,res=0.1035,hall=-0.0000) route_px=127 rescue_px=959 hall_px=0 FG/HBG/EBG=40/320/1216 fallback=0 rel=0.913/0.792/0.973 wmean=1.000 grad_preclip=56.73
[E09] batch=120/250 pseudo=4 loss=5.4742 seg=0.3596 semseg=0.3851 mard=2.0302 lambda=0.045467 box_extra=0 mask_extra=0 DURR=0.0161 (dir=0.0804,res=-0.0000,hall=-0.0000) route_px=448 rescue_px=0 hall_px=0 FG/HBG/EBG=32/256/1280 fallback=0 rel=0.961/0.937/0.970 wmean=1.000 grad_preclip=43.76
[E09] batch=130/250 pseudo=5 loss=3.3828 seg=0.2765 semseg=0.0873 mard=1.9948 lambda=0.044315 box_extra=0 mask_extra=0 DURR=0.0511 (dir=0.2556,res=-0.0000,hall=-0.0000) route_px=81 rescue_px=0 hall_px=0 FG/HBG/EBG=40/320/1216 fallback=0 rel=0.955/0.937/0.974 wmean=1.000 grad_preclip=23.66
[E09] batch=140/250 pseudo=5 loss=8.0908 seg=0.5861 semseg=0.4415 mard=2.0481 lambda=0.040043 box_extra=0 mask_extra=0 DURR=0.0188 (dir=0.0941,res=-0.0000,hall=-0.0000) route_px=888 rescue_px=0 hall_px=0 FG/HBG/EBG=40/320/1216 fallback=0 rel=0.929/0.858/0.969 wmean=1.000 grad_preclip=99.89
[E09] batch=150/250 pseudo=4 loss=3.9297 seg=0.3235 semseg=0.1108 mard=2.0260 lambda=0.041541 box_extra=0 mask_extra=0 DURR=0.0097 (dir=0.0483,res=-0.0000,hall=-0.0000) route_px=84 rescue_px=0 hall_px=0 FG/HBG/EBG=32/256/1280 fallback=0 rel=0.933/0.848/0.970 wmean=1.000 grad_preclip=31.96
[E09] batch=160/250 pseudo=4 loss=12.7749 seg=0.7769 semseg=1.1399 mard=2.0281 lambda=0.035971 box_extra=0 mask_extra=0 DURR=0.0294 (dir=0.1471,res=-0.0000,hall=-0.0000) route_px=374 rescue_px=0 hall_px=0 FG/HBG/EBG=32/256/1280 fallback=0 rel=0.903/0.800/0.961 wmean=1.000 grad_preclip=112.98
[E09] batch=170/250 pseudo=5 loss=8.4650 seg=0.7458 semseg=0.5941 mard=2.0623 lambda=0.044586 box_extra=0 mask_extra=0 DURR=0.0379 (dir=0.1897,res=-0.0000,hall=-0.0000) route_px=424 rescue_px=0 hall_px=0 FG/HBG/EBG=40/320/1216 fallback=0 rel=0.954/0.923/0.967 wmean=1.000 grad_preclip=78.60
[E09] batch=180/250 pseudo=5 loss=6.4517 seg=0.4570 semseg=0.2556 mard=2.0092 lambda=0.042629 box_extra=0 mask_extra=0 DURR=0.0290 (dir=0.1449,res=-0.0000,hall=-0.0000) route_px=406 rescue_px=0 hall_px=0 FG/HBG/EBG=40/256/1280 fallback=0 rel=0.946/0.922/0.966 wmean=1.000 grad_preclip=62.93
[E09] batch=190/250 pseudo=4 loss=6.3277 seg=0.5736 semseg=0.2854 mard=2.0417 lambda=0.043570 box_extra=0 mask_extra=0 DURR=0.0346 (dir=0.1731,res=-0.0000,hall=-0.0000) route_px=395 rescue_px=0 hall_px=0 FG/HBG/EBG=32/256/1280 fallback=0 rel=0.948/0.917/0.974 wmean=1.000 grad_preclip=99.90
[E09] batch=200/250 pseudo=4 loss=23.9388 seg=1.2407 semseg=3.0920 mard=1.9819 lambda=0.041302 box_extra=0 mask_extra=0 DURR=0.0152 (dir=0.0758,res=-0.0000,hall=-0.0000) route_px=683 rescue_px=0 hall_px=0 FG/HBG/EBG=32/256/1280 fallback=0 rel=0.934/0.856/0.967 wmean=1.000 grad_preclip=85.83
[E09] batch=210/250 pseudo=3 loss=3.9792 seg=0.2998 semseg=0.1093 mard=2.0033 lambda=0.038749 box_extra=0 mask_extra=0 DURR=0.9270 (dir=0.1708,res=-0.0000,hall=4.4643) route_px=207 rescue_px=0 hall_px=694 FG/HBG/EBG=24/192/960 fallback=0 rel=0.925/0.861/0.964 wmean=1.000 grad_preclip=28.81
[E09] batch=220/250 pseudo=5 loss=19.7625 seg=0.8913 semseg=2.6399 mard=1.9449 lambda=0.032947 box_extra=2 mask_extra=2 DURR=0.0104 (dir=0.0518,res=-0.0000,hall=-0.0000) route_px=23 rescue_px=0 hall_px=0 FG/HBG/EBG=40/320/1216 fallback=0 rel=0.882/0.781/0.964 wmean=1.000 grad_preclip=108.80
[E09] batch=230/250 pseudo=4 loss=17.1884 seg=2.0389 semseg=0.9284 mard=2.0259 lambda=0.041972 box_extra=0 mask_extra=0 DURR=0.0300 (dir=0.1499,res=-0.0000,hall=-0.0000) route_px=642 rescue_px=0 hall_px=0 FG/HBG/EBG=32/256/1280 fallback=0 rel=0.936/0.880/0.962 wmean=1.000 grad_preclip=115.50
[E09] batch=240/250 pseudo=4 loss=9.3607 seg=0.8065 semseg=0.8096 mard=2.0227 lambda=0.043924 box_extra=0 mask_extra=0 DURR=0.0141 (dir=0.0703,res=-0.0000,hall=-0.0000) route_px=598 rescue_px=0 hall_px=0 FG/HBG/EBG=32/256/1280 fallback=0 rel=0.949/0.935/0.962 wmean=1.000 grad_preclip=93.64
[E09] batch=250/250 pseudo=5 loss=11.0469 seg=0.4939 semseg=0.9493 mard=2.0264 lambda=0.035633 box_extra=0 mask_extra=0 DURR=0.0487 (dir=0.2433,res=-0.0000,hall=-0.0000) route_px=377 rescue_px=0 hall_px=0 FG/HBG/EBG=40/256/1280 fallback=0 rel=0.910/0.803/0.970 wmean=1.000 grad_preclip=106.43

[Epoch 09] DONE time=77.7s valid=250 skipped=0 pseudo=1022 anchors=977 box_extra=60 mask_extra=45 reject_rel=15 DURR=0.0825 (dir=0.1375,res=0.0100,hall=0.2500) empty=53 rescue=12/12 hall_trigger=22 loss=8.7643 seg=0.6629 semseg=0.6228 mard=2.0279 lambda_avg=0.038855 FG/HBG/EBG=32.7/252.7/1201.9 rel=0.920/0.686/0.975 wmean=1.000
[E10] batch=001/250 pseudo=4 loss=3.5992 seg=0.2794 semseg=0.1542 mard=2.0430 lambda=0.041643 box_extra=0 mask_extra=0 DURR=0.0306 (dir=0.1532,res=-0.0000,hall=-0.0000) route_px=206 rescue_px=0 hall_px=0 FG/HBG/EBG=32/256/1280 fallback=0 rel=0.941/0.898/0.963 wmean=1.000 grad_preclip=30.36
[E10] batch=010/250 pseudo=4 loss=5.1201 seg=0.5406 semseg=0.2173 mard=2.0566 lambda=0.044208 box_extra=0 mask_extra=0 DURR=0.0382 (dir=0.1910,res=-0.0000,hall=-0.0000) route_px=139 rescue_px=0 hall_px=0 FG/HBG/EBG=32/256/1280 fallback=0 rel=0.955/0.935/0.964 wmean=1.000 grad_preclip=48.61
[E10] batch=020/250 pseudo=5 loss=12.1735 seg=0.5599 semseg=1.0005 mard=2.0302 lambda=0.034516 box_extra=1 mask_extra=1 DURR=0.0213 (dir=0.1067,res=-0.0000,hall=-0.0000) route_px=465 rescue_px=0 hall_px=0 FG/HBG/EBG=40/320/1216 fallback=0 rel=0.900/0.756/0.953 wmean=1.000 grad_preclip=147.56
[E10] batch=030/250 pseudo=4 loss=13.0953 seg=1.0354 semseg=0.8308 mard=1.9941 lambda=0.042936 box_extra=0 mask_extra=0 DURR=0.0161 (dir=0.0805,res=-0.0000,hall=-0.0000) route_px=474 rescue_px=0 hall_px=0 FG/HBG/EBG=32/256/1280 fallback=0 rel=0.948/0.924/0.963 wmean=1.000 grad_preclip=91.13
[E10] batch=040/250 pseudo=4 loss=30.0015 seg=1.8050 semseg=3.2763 mard=2.0557 lambda=0.038011 box_extra=0 mask_extra=0 DURR=0.0083 (dir=0.0417,res=-0.0000,hall=-0.0000) route_px=985 rescue_px=0 hall_px=0 FG/HBG/EBG=32/256/1280 fallback=0 rel=0.925/0.872/0.958 wmean=1.000 grad_preclip=350.68
[E10] batch=050/250 pseudo=5 loss=14.9440 seg=0.6823 semseg=1.1682 mard=2.0566 lambda=0.028892 box_extra=1 mask_extra=1 DURR=0.0307 (dir=0.1536,res=-0.0000,hall=-0.0000) route_px=453 rescue_px=0 hall_px=0 FG/HBG/EBG=40/320/1216 fallback=0 rel=0.871/0.786/0.953 wmean=1.000 grad_preclip=121.23
[E10] batch=060/250 pseudo=5 loss=14.3383 seg=1.0357 semseg=0.2820 mard=2.0801 lambda=0.034351 box_extra=2 mask_extra=2 DURR=0.3296 (dir=0.0869,res=0.6245,hall=-0.0000) route_px=340 rescue_px=118 hall_px=0 FG/HBG/EBG=40/320/1216 fallback=0 rel=0.901/0.757/0.967 wmean=1.000 grad_preclip=118.32
[E10] batch=070/250 pseudo=4 loss=3.6746 seg=0.2226 semseg=0.2067 mard=1.9972 lambda=0.043587 box_extra=0 mask_extra=0 DURR=0.0334 (dir=0.1668,res=-0.0000,hall=-0.0000) route_px=170 rescue_px=0 hall_px=0 FG/HBG/EBG=32/256/1280 fallback=0 rel=0.951/0.932/0.974 wmean=1.000 grad_preclip=41.27
[E10] batch=080/250 pseudo=4 loss=8.5180 seg=0.4926 semseg=0.4550 mard=2.0075 lambda=0.041574 box_extra=0 mask_extra=0 DURR=0.0599 (dir=0.2994,res=-0.0000,hall=-0.0000) route_px=271 rescue_px=0 hall_px=0 FG/HBG/EBG=32/256/1280 fallback=0 rel=0.942/0.922/0.974 wmean=1.000 grad_preclip=212.98
[E10] batch=090/250 pseudo=3 loss=6.6362 seg=0.5046 semseg=0.5105 mard=2.0091 lambda=0.038332 box_extra=0 mask_extra=0 DURR=0.0282 (dir=0.1409,res=-0.0000,hall=-0.0000) route_px=575 rescue_px=0 hall_px=0 FG/HBG/EBG=24/192/960 fallback=0 rel=0.923/0.892/0.959 wmean=1.000 grad_preclip=62.39
[E10] batch=100/250 pseudo=5 loss=14.4084 seg=0.7781 semseg=1.2027 mard=1.9897 lambda=0.022294 box_extra=0 mask_extra=0 DURR=0.0130 (dir=0.0650,res=-0.0000,hall=-0.0000) route_px=357 rescue_px=0 hall_px=0 FG/HBG/EBG=40/256/1280 fallback=0 rel=0.820/0.699/0.956 wmean=1.000 grad_preclip=110.08
[E10] batch=110/250 pseudo=5 loss=5.7658 seg=0.3732 semseg=0.1765 mard=1.9901 lambda=0.036782 box_extra=0 mask_extra=0 DURR=0.0118 (dir=0.0588,res=-0.0000,hall=-0.0000) route_px=108 rescue_px=0 hall_px=0 FG/HBG/EBG=40/256/1280 fallback=0 rel=0.916/0.846/0.966 wmean=1.000 grad_preclip=37.95
[E10] batch=120/250 pseudo=4 loss=2.8837 seg=0.2382 semseg=0.0982 mard=2.0584 lambda=0.043761 box_extra=1 mask_extra=0 DURR=0.0239 (dir=0.1197,res=-0.0000,hall=-0.0000) route_px=47 rescue_px=0 hall_px=0 FG/HBG/EBG=32/256/1280 fallback=0 rel=0.954/0.943/0.962 wmean=1.000 grad_preclip=22.34
[E10] batch=130/250 pseudo=4 loss=8.3062 seg=0.5824 semseg=0.4939 mard=1.9875 lambda=0.044899 box_extra=0 mask_extra=0 DURR=0.0704 (dir=0.3522,res=-0.0000,hall=-0.0000) route_px=138 rescue_px=0 hall_px=0 FG/HBG/EBG=32/256/1280 fallback=0 rel=0.956/0.948/0.962 wmean=1.000 grad_preclip=87.74
[E10] batch=140/250 pseudo=4 loss=11.3084 seg=1.1364 semseg=0.5250 mard=2.0436 lambda=0.041538 box_extra=0 mask_extra=0 DURR=0.0471 (dir=0.2356,res=-0.0000,hall=-0.0000) route_px=399 rescue_px=0 hall_px=0 FG/HBG/EBG=32/256/1280 fallback=0 rel=0.932/0.901/0.965 wmean=1.000 grad_preclip=77.23
[E10] batch=150/250 pseudo=4 loss=7.1875 seg=0.5926 semseg=0.5107 mard=1.9805 lambda=0.040494 box_extra=0 mask_extra=0 DURR=0.0472 (dir=0.2362,res=-0.0000,hall=-0.0000) route_px=388 rescue_px=0 hall_px=0 FG/HBG/EBG=32/256/1280 fallback=0 rel=0.934/0.910/0.956 wmean=1.000 grad_preclip=52.08
[E10] batch=160/250 pseudo=4 loss=12.1942 seg=0.5992 semseg=1.0211 mard=2.0271 lambda=0.038935 box_extra=0 mask_extra=0 DURR=0.0550 (dir=0.2748,res=-0.0000,hall=-0.0000) route_px=170 rescue_px=0 hall_px=0 FG/HBG/EBG=32/256/1280 fallback=0 rel=0.926/0.844/0.963 wmean=1.000 grad_preclip=164.50
[E10] batch=170/250 pseudo=3 loss=2.0965 seg=0.1929 semseg=0.0906 mard=2.1068 lambda=0.045531 box_extra=1 mask_extra=0 DURR=0.0375 (dir=0.1874,res=-0.0000,hall=-0.0000) route_px=232 rescue_px=0 hall_px=0 FG/HBG/EBG=24/192/960 fallback=0 rel=0.964/0.961/0.969 wmean=1.000 grad_preclip=27.40
[E10] batch=180/250 pseudo=5 loss=6.1350 seg=0.5231 semseg=0.1789 mard=2.0002 lambda=0.042617 box_extra=0 mask_extra=0 DURR=0.0331 (dir=0.1657,res=-0.0000,hall=-0.0000) route_px=286 rescue_px=0 hall_px=0 FG/HBG/EBG=40/256/1280 fallback=0 rel=0.938/0.897/0.965 wmean=1.000 grad_preclip=64.23
[E10] batch=190/250 pseudo=4 loss=8.3818 seg=0.6534 semseg=0.5036 mard=2.0175 lambda=0.037341 box_extra=0 mask_extra=0 DURR=0.0148 (dir=0.0740,res=-0.0000,hall=-0.0000) route_px=541 rescue_px=0 hall_px=0 FG/HBG/EBG=32/256/1280 fallback=0 rel=0.911/0.794/0.970 wmean=1.000 grad_preclip=105.00
[E10] batch=200/250 pseudo=4 loss=9.9151 seg=0.6566 semseg=0.6259 mard=2.0111 lambda=0.032322 box_extra=1 mask_extra=0 DURR=0.0377 (dir=0.1886,res=-0.0000,hall=-0.0000) route_px=182 rescue_px=0 hall_px=0 FG/HBG/EBG=32/256/1280 fallback=0 rel=0.883/0.714/0.965 wmean=1.000 grad_preclip=132.96
[E10] batch=210/250 pseudo=5 loss=12.2319 seg=1.1181 semseg=0.7646 mard=2.0207 lambda=0.033062 box_extra=0 mask_extra=0 DURR=0.0260 (dir=0.1301,res=-0.0000,hall=-0.0000) route_px=807 rescue_px=0 hall_px=0 FG/HBG/EBG=40/256/1280 fallback=0 rel=0.890/0.771/0.968 wmean=1.000 grad_preclip=241.98
[E10] batch=220/250 pseudo=5 loss=10.0960 seg=0.6650 semseg=0.5578 mard=2.1095 lambda=0.034488 box_extra=0 mask_extra=0 DURR=0.0099 (dir=0.0493,res=-0.0000,hall=-0.0000) route_px=498 rescue_px=0 hall_px=0 FG/HBG/EBG=40/256/1280 fallback=0 rel=0.897/0.748/0.964 wmean=1.000 grad_preclip=70.87
[E10] batch=230/250 pseudo=5 loss=5.8518 seg=0.5063 semseg=0.2334 mard=2.0979 lambda=0.042859 box_extra=0 mask_extra=0 DURR=0.0361 (dir=0.1806,res=-0.0000,hall=-0.0000) route_px=347 rescue_px=0 hall_px=0 FG/HBG/EBG=40/256/1280 fallback=0 rel=0.949/0.930/0.969 wmean=1.000 grad_preclip=110.10
[E10] batch=240/250 pseudo=4 loss=8.0402 seg=0.5420 semseg=0.2999 mard=2.0668 lambda=0.038208 box_extra=1 mask_extra=0 DURR=0.0351 (dir=0.1753,res=-0.0000,hall=-0.0000) route_px=438 rescue_px=0 hall_px=0 FG/HBG/EBG=32/256/1280 fallback=0 rel=0.917/0.822/0.953 wmean=1.000 grad_preclip=59.17
[E10] batch=250/250 pseudo=4 loss=5.2064 seg=0.4963 semseg=0.2109 mard=2.0348 lambda=0.041110 box_extra=0 mask_extra=0 DURR=0.0233 (dir=0.1164,res=-0.0000,hall=-0.0000) route_px=365 rescue_px=0 hall_px=0 FG/HBG/EBG=32/256/1280 fallback=0 rel=0.933/0.899/0.952 wmean=1.000 grad_preclip=27.93

[Epoch 10] DONE time=77.7s valid=250 skipped=0 pseudo=1035 anchors=995 box_extra=62 mask_extra=40 reject_rel=22 DURR=0.0765 (dir=0.1441,res=0.0175,hall=0.1946) empty=46 rescue=13/13 hall_trigger=16 loss=8.7146 seg=0.6649 semseg=0.6021 mard=2.0241 lambda_avg=0.038263 FG/HBG/EBG=33.1/254.0/1211.4 rel=0.917/0.688/0.978 wmean=1.000
[SAVE] /home/dang/MedRT-SFOD/runs/seg/dense_sfseg/kvasir_durr_v1_segmard_v2_60ep/checkpoints/dense_sfseg_epoch_10.pt
[E11] batch=001/250 pseudo=4 loss=20.6424 seg=2.4446 semseg=1.0617 mard=2.0431 lambda=0.042184 box_extra=0 mask_extra=0 DURR=0.0154 (dir=0.0770,res=-0.0000,hall=-0.0000) route_px=529 rescue_px=0 hall_px=0 FG/HBG/EBG=32/256/1280 fallback=0 rel=0.943/0.926/0.964 wmean=1.000 grad_preclip=138.53
[E11] batch=010/250 pseudo=5 loss=11.4753 seg=0.6818 semseg=0.6330 mard=2.0401 lambda=0.038198 box_extra=1 mask_extra=1 DURR=0.2081 (dir=0.1098,res=0.3722,hall=-0.0000) route_px=530 rescue_px=1538 hall_px=0 FG/HBG/EBG=40/256/1280 fallback=0 rel=0.924/0.878/0.971 wmean=1.000 grad_preclip=119.88
[E11] batch=020/250 pseudo=4 loss=3.0044 seg=0.2293 semseg=0.1342 mard=2.0319 lambda=0.044864 box_extra=0 mask_extra=0 DURR=0.0149 (dir=0.0744,res=-0.0000,hall=-0.0000) route_px=104 rescue_px=0 hall_px=0 FG/HBG/EBG=32/256/1280 fallback=0 rel=0.960/0.958/0.965 wmean=1.000 grad_preclip=20.50
[E11] batch=030/250 pseudo=4 loss=15.9645 seg=0.9125 semseg=1.5050 mard=2.0795 lambda=0.042145 box_extra=0 mask_extra=0 DURR=0.0426 (dir=0.2128,res=-0.0000,hall=-0.0000) route_px=449 rescue_px=0 hall_px=0 FG/HBG/EBG=32/256/1280 fallback=0 rel=0.932/0.888/0.975 wmean=1.000 grad_preclip=160.05
[E11] batch=040/250 pseudo=4 loss=5.8253 seg=0.4905 semseg=0.3320 mard=1.9967 lambda=0.035056 box_extra=2 mask_extra=2 DURR=0.7076 (dir=0.1365,res=-0.0000,hall=3.4017) route_px=236 rescue_px=0 hall_px=434 FG/HBG/EBG=32/192/960 fallback=0 rel=0.900/0.806/0.961 wmean=1.000 grad_preclip=55.00
[E11] batch=050/250 pseudo=5 loss=12.4236 seg=1.0014 semseg=0.5753 mard=2.1084 lambda=0.031242 box_extra=0 mask_extra=0 DURR=0.0191 (dir=0.0955,res=-0.0000,hall=-0.0000) route_px=546 rescue_px=0 hall_px=0 FG/HBG/EBG=40/256/1280 fallback=0 rel=0.878/0.717/0.972 wmean=1.000 grad_preclip=88.67
[E11] batch=060/250 pseudo=4 loss=6.3357 seg=0.6137 semseg=0.1893 mard=2.0120 lambda=0.044504 box_extra=0 mask_extra=0 DURR=0.0323 (dir=0.1613,res=-0.0000,hall=-0.0000) route_px=214 rescue_px=0 hall_px=0 FG/HBG/EBG=32/256/1280 fallback=0 rel=0.953/0.942/0.968 wmean=1.000 grad_preclip=113.88
[E11] batch=070/250 pseudo=5 loss=15.5494 seg=0.7376 semseg=1.2862 mard=2.0376 lambda=0.030410 box_extra=1 mask_extra=1 DURR=0.2163 (dir=0.2180,res=0.3454,hall=-0.0000) route_px=414 rescue_px=105 hall_px=0 FG/HBG/EBG=40/256/1280 fallback=0 rel=0.876/0.713/0.941 wmean=1.000 grad_preclip=288.75
[E11] batch=080/250 pseudo=4 loss=4.7918 seg=0.2375 semseg=0.3217 mard=2.0171 lambda=0.038744 box_extra=1 mask_extra=1 DURR=0.0559 (dir=0.0059,res=0.1094,hall=-0.0000) route_px=5 rescue_px=959 hall_px=0 FG/HBG/EBG=32/256/1280 fallback=0 rel=0.927/0.882/0.971 wmean=1.000 grad_preclip=68.03
[E11] batch=090/250 pseudo=4 loss=8.2017 seg=0.5844 semseg=0.4920 mard=2.0024 lambda=0.034402 box_extra=0 mask_extra=0 DURR=0.0438 (dir=0.2190,res=-0.0000,hall=-0.0000) route_px=104 rescue_px=0 hall_px=0 FG/HBG/EBG=32/256/1280 fallback=0 rel=0.890/0.705/0.961 wmean=1.000 grad_preclip=269.12
[E11] batch=100/250 pseudo=4 loss=6.8207 seg=0.5465 semseg=0.2947 mard=2.0278 lambda=0.042904 box_extra=0 mask_extra=0 DURR=0.0435 (dir=0.2174,res=-0.0000,hall=-0.0000) route_px=192 rescue_px=0 hall_px=0 FG/HBG/EBG=32/256/1280 fallback=0 rel=0.948/0.927/0.960 wmean=1.000 grad_preclip=57.87
[E11] batch=110/250 pseudo=4 loss=3.7620 seg=0.3006 semseg=0.1171 mard=2.0389 lambda=0.043946 box_extra=0 mask_extra=0 DURR=0.0542 (dir=0.2711,res=-0.0000,hall=-0.0000) route_px=158 rescue_px=0 hall_px=0 FG/HBG/EBG=32/256/1280 fallback=0 rel=0.955/0.950/0.960 wmean=1.000 grad_preclip=31.54
[E11] batch=120/250 pseudo=4 loss=4.8966 seg=0.3277 semseg=0.2108 mard=2.0384 lambda=0.037553 box_extra=0 mask_extra=0 DURR=0.0308 (dir=0.1541,res=-0.0000,hall=-0.0000) route_px=276 rescue_px=0 hall_px=0 FG/HBG/EBG=32/256/1280 fallback=0 rel=0.914/0.811/0.953 wmean=1.000 grad_preclip=43.33
[E11] batch=130/250 pseudo=4 loss=5.1233 seg=0.3806 semseg=0.3086 mard=1.9699 lambda=0.035777 box_extra=0 mask_extra=0 DURR=0.0138 (dir=0.0688,res=-0.0000,hall=-0.0000) route_px=135 rescue_px=0 hall_px=0 FG/HBG/EBG=32/256/1280 fallback=0 rel=0.907/0.824/0.957 wmean=1.000 grad_preclip=52.35
[E11] batch=140/250 pseudo=4 loss=5.0362 seg=0.5161 semseg=0.1893 mard=2.0261 lambda=0.041284 box_extra=0 mask_extra=0 DURR=0.0337 (dir=0.1686,res=-0.0000,hall=-0.0000) route_px=388 rescue_px=0 hall_px=0 FG/HBG/EBG=32/256/1280 fallback=0 rel=0.935/0.905/0.969 wmean=1.000 grad_preclip=73.37
[E11] batch=150/250 pseudo=3 loss=5.1068 seg=0.3693 semseg=0.1928 mard=1.9652 lambda=0.041810 box_extra=0 mask_extra=0 DURR=0.9419 (dir=0.1723,res=-0.0000,hall=4.5370) route_px=286 rescue_px=0 hall_px=957 FG/HBG/EBG=24/192/960 fallback=0 rel=0.938/0.925/0.958 wmean=1.000 grad_preclip=55.56
[E11] batch=160/250 pseudo=4 loss=6.4467 seg=0.4787 semseg=0.4970 mard=2.0272 lambda=0.043965 box_extra=0 mask_extra=0 DURR=0.0339 (dir=0.1697,res=-0.0000,hall=-0.0000) route_px=196 rescue_px=0 hall_px=0 FG/HBG/EBG=32/256/1280 fallback=0 rel=0.955/0.913/0.971 wmean=1.000 grad_preclip=106.70
[E11] batch=170/250 pseudo=5 loss=9.0933 seg=0.6830 semseg=0.5402 mard=2.0096 lambda=0.029003 box_extra=0 mask_extra=0 DURR=0.0201 (dir=0.1005,res=-0.0000,hall=-0.0000) route_px=668 rescue_px=0 hall_px=0 FG/HBG/EBG=40/256/1280 fallback=0 rel=0.857/0.690/0.968 wmean=1.000 grad_preclip=93.48
[E11] batch=180/250 pseudo=4 loss=3.8309 seg=0.3033 semseg=0.1657 mard=2.0740 lambda=0.045412 box_extra=0 mask_extra=0 DURR=0.0345 (dir=0.1726,res=-0.0000,hall=-0.0000) route_px=85 rescue_px=0 hall_px=0 FG/HBG/EBG=32/256/1280 fallback=0 rel=0.962/0.952/0.971 wmean=1.000 grad_preclip=72.66
[E11] batch=190/250 pseudo=3 loss=3.9108 seg=0.5386 semseg=0.1098 mard=1.9895 lambda=0.045602 box_extra=0 mask_extra=0 DURR=0.8863 (dir=0.2982,res=-0.0000,hall=4.1334) route_px=61 rescue_px=0 hall_px=447 FG/HBG/EBG=24/192/960 fallback=0 rel=0.961/0.953/0.968 wmean=1.000 grad_preclip=70.85
[E11] batch=200/250 pseudo=5 loss=7.3291 seg=0.5156 semseg=0.2611 mard=2.1067 lambda=0.035834 box_extra=0 mask_extra=0 DURR=0.0173 (dir=0.0863,res=-0.0000,hall=-0.0000) route_px=288 rescue_px=0 hall_px=0 FG/HBG/EBG=40/256/1280 fallback=0 rel=0.907/0.806/0.958 wmean=1.000 grad_preclip=140.23
[E11] batch=210/250 pseudo=5 loss=9.3111 seg=0.4212 semseg=0.5272 mard=2.0739 lambda=0.031657 box_extra=2 mask_extra=2 DURR=0.0282 (dir=0.1409,res=-0.0000,hall=-0.0000) route_px=139 rescue_px=0 hall_px=0 FG/HBG/EBG=40/256/1280 fallback=0 rel=0.884/0.767/0.968 wmean=1.000 grad_preclip=344.50
[E11] batch=220/250 pseudo=5 loss=9.5805 seg=0.5045 semseg=0.7480 mard=2.0786 lambda=0.033490 box_extra=0 mask_extra=0 DURR=0.0168 (dir=0.0842,res=-0.0000,hall=-0.0000) route_px=182 rescue_px=0 hall_px=0 FG/HBG/EBG=40/320/1216 fallback=0 rel=0.893/0.693/0.953 wmean=1.000 grad_preclip=133.21
[E11] batch=230/250 pseudo=5 loss=14.3636 seg=1.6619 semseg=0.8950 mard=1.9366 lambda=0.030828 box_extra=0 mask_extra=0 DURR=0.0387 (dir=0.1936,res=-0.0000,hall=-0.0000) route_px=527 rescue_px=0 hall_px=0 FG/HBG/EBG=40/256/896 fallback=0 rel=0.872/0.795/0.955 wmean=1.000 grad_preclip=99.06
[E11] batch=240/250 pseudo=4 loss=5.9136 seg=0.3238 semseg=0.2849 mard=2.0325 lambda=0.039382 box_extra=0 mask_extra=0 DURR=0.0193 (dir=0.0964,res=-0.0000,hall=-0.0000) route_px=364 rescue_px=0 hall_px=0 FG/HBG/EBG=32/256/1280 fallback=0 rel=0.930/0.911/0.965 wmean=1.000 grad_preclip=31.53
[E11] batch=250/250 pseudo=4 loss=5.5736 seg=0.5932 semseg=0.2436 mard=1.9791 lambda=0.036593 box_extra=1 mask_extra=1 DURR=0.0319 (dir=0.1595,res=-0.0000,hall=-0.0000) route_px=55 rescue_px=0 hall_px=0 FG/HBG/EBG=32/256/1280 fallback=0 rel=0.911/0.799/0.965 wmean=1.000 grad_preclip=26.17

[Epoch 11] DONE time=77.6s valid=250 skipped=0 pseudo=1029 anchors=993 box_extra=54 mask_extra=36 reject_rel=18 DURR=0.1041 (dir=0.1370,res=0.0359,hall=0.2938) empty=51 rescue=10/10 hall_trigger=24 loss=9.0899 seg=0.7040 semseg=0.6166 mard=2.0268 lambda_avg=0.038758 FG/HBG/EBG=32.9/252.4/1205.2 rel=0.920/0.686/0.976 wmean=1.000
[E12] batch=001/250 pseudo=3 loss=2.9227 seg=0.3396 semseg=0.1460 mard=2.0330 lambda=0.045428 box_extra=0 mask_extra=0 DURR=0.0381 (dir=0.1904,res=-0.0000,hall=-0.0000) route_px=195 rescue_px=0 hall_px=0 FG/HBG/EBG=24/192/960 fallback=0 rel=0.961/0.957/0.964 wmean=1.000 grad_preclip=34.12
[E12] batch=010/250 pseudo=3 loss=2.0653 seg=0.2169 semseg=0.0985 mard=2.0792 lambda=0.038837 box_extra=0 mask_extra=0 DURR=0.0156 (dir=0.0780,res=-0.0000,hall=-0.0000) route_px=59 rescue_px=0 hall_px=0 FG/HBG/EBG=24/192/960 fallback=0 rel=0.926/0.855/0.965 wmean=1.000 grad_preclip=28.31
[E12] batch=020/250 pseudo=4 loss=13.8631 seg=1.4298 semseg=1.0204 mard=2.0656 lambda=0.032928 box_extra=0 mask_extra=0 DURR=0.0349 (dir=0.1746,res=-0.0000,hall=-0.0000) route_px=290 rescue_px=0 hall_px=0 FG/HBG/EBG=32/256/1280 fallback=0 rel=0.891/0.722/0.963 wmean=1.000 grad_preclip=351.50
[E12] batch=030/250 pseudo=4 loss=6.1756 seg=0.3172 semseg=0.4450 mard=2.0342 lambda=0.044408 box_extra=0 mask_extra=0 DURR=0.0320 (dir=0.1602,res=-0.0000,hall=-0.0000) route_px=350 rescue_px=0 hall_px=0 FG/HBG/EBG=32/256/1280 fallback=0 rel=0.958/0.945/0.964 wmean=1.000 grad_preclip=63.91
[E12] batch=040/250 pseudo=4 loss=20.7432 seg=1.1304 semseg=1.7314 mard=2.0380 lambda=0.024775 box_extra=0 mask_extra=0 DURR=0.0473 (dir=0.2364,res=-0.0000,hall=-0.0000) route_px=120 rescue_px=0 hall_px=0 FG/HBG/EBG=32/256/1280 fallback=0 rel=0.837/0.695/0.967 wmean=1.000 grad_preclip=132.29
[E12] batch=050/250 pseudo=4 loss=4.2415 seg=0.3996 semseg=0.1951 mard=2.0691 lambda=0.040451 box_extra=0 mask_extra=0 DURR=0.0251 (dir=0.1255,res=-0.0000,hall=-0.0000) route_px=218 rescue_px=0 hall_px=0 FG/HBG/EBG=32/256/896 fallback=0 rel=0.929/0.840/0.973 wmean=1.000 grad_preclip=49.56
[E12] batch=060/250 pseudo=3 loss=5.6746 seg=0.6509 semseg=0.5422 mard=2.0450 lambda=0.040210 box_extra=1 mask_extra=1 DURR=0.2693 (dir=0.0225,res=0.5296,hall=-0.0000) route_px=20 rescue_px=2123 hall_px=0 FG/HBG/EBG=24/192/960 fallback=0 rel=0.934/0.888/0.968 wmean=1.000 grad_preclip=58.24
[E12] batch=070/250 pseudo=5 loss=10.1528 seg=0.4814 semseg=0.9513 mard=2.0411 lambda=0.029216 box_extra=0 mask_extra=0 DURR=0.0265 (dir=0.1324,res=-0.0000,hall=-0.0000) route_px=389 rescue_px=0 hall_px=0 FG/HBG/EBG=40/320/1216 fallback=0 rel=0.864/0.743/0.934 wmean=1.000 grad_preclip=117.98
[E12] batch=080/250 pseudo=3 loss=4.6839 seg=0.5678 semseg=0.4411 mard=2.0143 lambda=0.038982 box_extra=1 mask_extra=1 DURR=0.0251 (dir=0.1253,res=-0.0000,hall=-0.0000) route_px=80 rescue_px=0 hall_px=0 FG/HBG/EBG=24/192/960 fallback=0 rel=0.920/0.836/0.973 wmean=1.000 grad_preclip=56.07
[E12] batch=090/250 pseudo=4 loss=16.6342 seg=0.5480 semseg=2.1408 mard=1.9827 lambda=0.034090 box_extra=0 mask_extra=0 DURR=0.0318 (dir=0.1592,res=-0.0000,hall=-0.0000) route_px=409 rescue_px=0 hall_px=0 FG/HBG/EBG=32/256/1280 fallback=0 rel=0.892/0.759/0.957 wmean=1.000 grad_preclip=88.54
[E12] batch=100/250 pseudo=4 loss=8.0890 seg=0.4896 semseg=0.7925 mard=1.9411 lambda=0.043223 box_extra=0 mask_extra=0 DURR=0.0472 (dir=0.2359,res=-0.0000,hall=-0.0000) route_px=117 rescue_px=0 hall_px=0 FG/HBG/EBG=32/256/1280 fallback=0 rel=0.945/0.917/0.964 wmean=1.000 grad_preclip=60.59
[E12] batch=110/250 pseudo=4 loss=4.0477 seg=0.2534 semseg=0.1792 mard=2.0781 lambda=0.044968 box_extra=0 mask_extra=0 DURR=0.0381 (dir=0.1904,res=-0.0000,hall=-0.0000) route_px=309 rescue_px=0 hall_px=0 FG/HBG/EBG=32/256/1280 fallback=0 rel=0.960/0.952/0.966 wmean=1.000 grad_preclip=55.57
[E12] batch=120/250 pseudo=4 loss=13.0238 seg=1.0330 semseg=0.9026 mard=2.0365 lambda=0.038798 box_extra=0 mask_extra=0 DURR=0.0354 (dir=0.1772,res=-0.0000,hall=-0.0000) route_px=687 rescue_px=0 hall_px=0 FG/HBG/EBG=32/256/1280 fallback=0 rel=0.924/0.843/0.968 wmean=1.000 grad_preclip=127.07
[E12] batch=130/250 pseudo=4 loss=3.8089 seg=0.3484 semseg=0.1127 mard=1.9819 lambda=0.043667 box_extra=0 mask_extra=0 DURR=0.0393 (dir=0.1963,res=-0.0000,hall=-0.0000) route_px=149 rescue_px=0 hall_px=0 FG/HBG/EBG=32/256/1280 fallback=0 rel=0.950/0.926/0.969 wmean=1.000 grad_preclip=28.99
[E12] batch=140/250 pseudo=5 loss=3.6852 seg=0.3112 semseg=0.2010 mard=2.0085 lambda=0.043516 box_extra=0 mask_extra=0 DURR=0.0190 (dir=0.0951,res=-0.0000,hall=-0.0000) route_px=252 rescue_px=0 hall_px=0 FG/HBG/EBG=40/320/1216 fallback=0 rel=0.948/0.933/0.972 wmean=1.000 grad_preclip=25.08
[E12] batch=150/250 pseudo=4 loss=6.1568 seg=0.4866 semseg=0.1975 mard=2.0088 lambda=0.031474 box_extra=0 mask_extra=0 DURR=0.0183 (dir=0.0915,res=-0.0000,hall=-0.0000) route_px=818 rescue_px=0 hall_px=0 FG/HBG/EBG=32/256/1280 fallback=0 rel=0.878/0.692/0.966 wmean=1.000 grad_preclip=43.74
[E12] batch=160/250 pseudo=5 loss=17.6146 seg=0.5006 semseg=2.2773 mard=1.9811 lambda=0.025726 box_extra=0 mask_extra=0 DURR=0.0232 (dir=0.1158,res=-0.0000,hall=-0.0000) route_px=420 rescue_px=0 hall_px=0 FG/HBG/EBG=40/320/1216 fallback=0 rel=0.844/0.702/0.967 wmean=1.000 grad_preclip=217.72
[E12] batch=170/250 pseudo=4 loss=4.5848 seg=0.4181 semseg=0.1484 mard=2.0400 lambda=0.043291 box_extra=0 mask_extra=0 DURR=0.0294 (dir=0.1472,res=-0.0000,hall=-0.0000) route_px=294 rescue_px=0 hall_px=0 FG/HBG/EBG=32/256/1280 fallback=0 rel=0.948/0.912/0.965 wmean=1.000 grad_preclip=73.02
[E12] batch=180/250 pseudo=4 loss=5.0248 seg=0.2952 semseg=0.2137 mard=2.0456 lambda=0.043011 box_extra=0 mask_extra=0 DURR=0.0294 (dir=0.1472,res=-0.0000,hall=-0.0000) route_px=543 rescue_px=0 hall_px=0 FG/HBG/EBG=32/256/1280 fallback=0 rel=0.949/0.925/0.966 wmean=1.000 grad_preclip=26.89
[E12] batch=190/250 pseudo=4 loss=5.8507 seg=0.4058 semseg=0.3279 mard=2.0032 lambda=0.040413 box_extra=0 mask_extra=0 DURR=0.0257 (dir=0.1286,res=-0.0000,hall=-0.0000) route_px=296 rescue_px=0 hall_px=0 FG/HBG/EBG=32/256/1280 fallback=0 rel=0.931/0.900/0.964 wmean=1.000 grad_preclip=74.61
[E12] batch=200/250 pseudo=4 loss=5.4070 seg=0.4326 semseg=0.2554 mard=2.0332 lambda=0.044127 box_extra=1 mask_extra=0 DURR=0.0390 (dir=0.1949,res=-0.0000,hall=-0.0000) route_px=292 rescue_px=0 hall_px=0 FG/HBG/EBG=32/256/1280 fallback=0 rel=0.951/0.922/0.965 wmean=1.000 grad_preclip=77.93
[E12] batch=210/250 pseudo=4 loss=3.9912 seg=0.2293 semseg=0.2638 mard=2.0465 lambda=0.042800 box_extra=0 mask_extra=0 DURR=0.0345 (dir=0.1725,res=-0.0000,hall=-0.0000) route_px=100 rescue_px=0 hall_px=0 FG/HBG/EBG=32/256/1280 fallback=0 rel=0.948/0.901/0.967 wmean=1.000 grad_preclip=34.65
[E12] batch=220/250 pseudo=4 loss=3.2327 seg=0.2928 semseg=0.1134 mard=2.0378 lambda=0.040654 box_extra=0 mask_extra=0 DURR=0.0349 (dir=0.1745,res=-0.0000,hall=-0.0000) route_px=351 rescue_px=0 hall_px=0 FG/HBG/EBG=32/256/1280 fallback=0 rel=0.935/0.863/0.965 wmean=1.000 grad_preclip=24.45
[E12] batch=230/250 pseudo=3 loss=13.5285 seg=0.5333 semseg=2.3386 mard=2.0363 lambda=0.042347 box_extra=1 mask_extra=1 DURR=0.2005 (dir=0.3168,res=0.2742,hall=-0.0000) route_px=63 rescue_px=114 hall_px=0 FG/HBG/EBG=24/192/960 fallback=0 rel=0.947/0.900/0.972 wmean=1.000 grad_preclip=76.67
[E12] batch=240/250 pseudo=4 loss=10.2615 seg=0.7482 semseg=0.4059 mard=2.0465 lambda=0.041493 box_extra=0 mask_extra=0 DURR=0.0290 (dir=0.1452,res=-0.0000,hall=-0.0000) route_px=556 rescue_px=0 hall_px=0 FG/HBG/EBG=32/256/1280 fallback=0 rel=0.937/0.891/0.963 wmean=1.000 grad_preclip=45.88
[E12] batch=250/250 pseudo=4 loss=5.0322 seg=0.4939 semseg=0.1611 mard=2.0658 lambda=0.043214 box_extra=1 mask_extra=1 DURR=0.0696 (dir=0.1250,res=0.0893,hall=-0.0000) route_px=190 rescue_px=1038 hall_px=0 FG/HBG/EBG=32/256/1280 fallback=0 rel=0.946/0.926/0.970 wmean=1.000 grad_preclip=50.00

[Epoch 12] DONE time=77.7s valid=250 skipped=0 pseudo=1023 anchors=980 box_extra=65 mask_extra=43 reject_rel=22 DURR=0.0658 (dir=0.1396,res=0.0131,hall=0.1568) empty=48 rescue=11/11 hall_trigger=13 loss=8.3145 seg=0.6419 semseg=0.5579 mard=2.0286 lambda_avg=0.038466 FG/HBG/EBG=32.7/252.9/1209.3 rel=0.918/0.689/0.978 wmean=1.000
[E13] batch=001/250 pseudo=4 loss=13.8495 seg=0.6146 semseg=1.5388 mard=1.9913 lambda=0.042427 box_extra=0 mask_extra=0 DURR=0.0233 (dir=0.1164,res=-0.0000,hall=-0.0000) route_px=702 rescue_px=0 hall_px=0 FG/HBG/EBG=32/256/1280 fallback=0 rel=0.947/0.904/0.969 wmean=1.000 grad_preclip=203.19
[E13] batch=010/250 pseudo=3 loss=4.1358 seg=0.4164 semseg=0.2716 mard=2.0463 lambda=0.041581 box_extra=0 mask_extra=0 DURR=0.0454 (dir=0.2272,res=-0.0000,hall=-0.0000) route_px=257 rescue_px=0 hall_px=0 FG/HBG/EBG=24/192/960 fallback=0 rel=0.938/0.919/0.955 wmean=1.000 grad_preclip=62.93
[E13] batch=020/250 pseudo=7 loss=11.4942 seg=1.2254 semseg=0.6831 mard=2.0749 lambda=0.027793 box_extra=0 mask_extra=0 DURR=0.0323 (dir=0.1614,res=-0.0000,hall=-0.0000) route_px=827 rescue_px=0 hall_px=0 FG/HBG/EBG=56/320/1216 fallback=0 rel=0.852/0.731/0.951 wmean=1.000 grad_preclip=129.68
[E13] batch=030/250 pseudo=4 loss=5.5782 seg=0.6957 semseg=0.1845 mard=2.0427 lambda=0.033139 box_extra=0 mask_extra=0 DURR=0.0322 (dir=0.1610,res=-0.0000,hall=-0.0000) route_px=297 rescue_px=0 hall_px=0 FG/HBG/EBG=32/256/1280 fallback=0 rel=0.887/0.702/0.951 wmean=1.000 grad_preclip=47.86
[E13] batch=040/250 pseudo=5 loss=5.6310 seg=0.4175 semseg=0.1673 mard=2.0478 lambda=0.034638 box_extra=0 mask_extra=0 DURR=0.0165 (dir=0.0825,res=-0.0000,hall=-0.0000) route_px=366 rescue_px=0 hall_px=0 FG/HBG/EBG=40/256/1280 fallback=0 rel=0.902/0.795/0.964 wmean=1.000 grad_preclip=78.41
[E13] batch=050/250 pseudo=5 loss=9.6447 seg=0.6816 semseg=0.8487 mard=2.0121 lambda=0.038570 box_extra=0 mask_extra=0 DURR=0.0128 (dir=0.0638,res=-0.0000,hall=-0.0000) route_px=683 rescue_px=0 hall_px=0 FG/HBG/EBG=40/320/1216 fallback=0 rel=0.919/0.899/0.948 wmean=1.000 grad_preclip=118.82
[E13] batch=060/250 pseudo=4 loss=5.8081 seg=0.4235 semseg=0.3501 mard=2.0727 lambda=0.037182 box_extra=0 mask_extra=0 DURR=0.0187 (dir=0.0936,res=-0.0000,hall=-0.0000) route_px=280 rescue_px=0 hall_px=0 FG/HBG/EBG=32/256/1280 fallback=0 rel=0.914/0.771/0.965 wmean=1.000 grad_preclip=66.87
[E13] batch=070/250 pseudo=4 loss=3.8112 seg=0.2173 semseg=0.3117 mard=2.0061 lambda=0.044289 box_extra=0 mask_extra=0 DURR=0.0373 (dir=0.1866,res=-0.0000,hall=-0.0000) route_px=247 rescue_px=0 hall_px=0 FG/HBG/EBG=32/256/1280 fallback=0 rel=0.957/0.936/0.970 wmean=1.000 grad_preclip=65.30
[E13] batch=080/250 pseudo=4 loss=5.3835 seg=0.2384 semseg=0.2789 mard=1.9990 lambda=0.043960 box_extra=0 mask_extra=0 DURR=0.0362 (dir=0.1808,res=-0.0000,hall=-0.0000) route_px=239 rescue_px=0 hall_px=0 FG/HBG/EBG=32/256/1280 fallback=0 rel=0.956/0.941/0.965 wmean=1.000 grad_preclip=56.42
[E13] batch=090/250 pseudo=5 loss=10.6983 seg=0.8500 semseg=0.7081 mard=2.0428 lambda=0.029674 box_extra=0 mask_extra=0 DURR=0.0215 (dir=0.1075,res=-0.0000,hall=-0.0000) route_px=572 rescue_px=0 hall_px=0 FG/HBG/EBG=40/256/1280 fallback=0 rel=0.863/0.716/0.965 wmean=1.000 grad_preclip=73.17
[E13] batch=100/250 pseudo=3 loss=3.0378 seg=0.2902 semseg=0.1129 mard=2.0414 lambda=0.044169 box_extra=0 mask_extra=0 DURR=0.6545 (dir=0.1968,res=-0.0000,hall=3.0758) route_px=163 rescue_px=0 hall_px=379 FG/HBG/EBG=24/192/960 fallback=0 rel=0.952/0.941/0.963 wmean=1.000 grad_preclip=26.82
[E13] batch=110/250 pseudo=4 loss=3.9352 seg=0.2929 semseg=0.1316 mard=1.9888 lambda=0.043042 box_extra=0 mask_extra=0 DURR=0.0349 (dir=0.1746,res=-0.0000,hall=-0.0000) route_px=210 rescue_px=0 hall_px=0 FG/HBG/EBG=32/256/1280 fallback=0 rel=0.947/0.932/0.959 wmean=1.000 grad_preclip=23.05
[E13] batch=120/250 pseudo=4 loss=4.5128 seg=0.3960 semseg=0.1587 mard=2.0063 lambda=0.039300 box_extra=1 mask_extra=1 DURR=0.0549 (dir=0.2743,res=-0.0000,hall=-0.0000) route_px=100 rescue_px=0 hall_px=0 FG/HBG/EBG=32/256/1280 fallback=0 rel=0.923/0.823/0.964 wmean=1.000 grad_preclip=27.55
[E13] batch=130/250 pseudo=4 loss=5.7983 seg=0.6240 semseg=0.2274 mard=2.0204 lambda=0.043059 box_extra=0 mask_extra=0 DURR=0.0649 (dir=0.3247,res=-0.0000,hall=-0.0000) route_px=237 rescue_px=0 hall_px=0 FG/HBG/EBG=32/256/1280 fallback=0 rel=0.944/0.922/0.963 wmean=1.000 grad_preclip=129.98
[E13] batch=140/250 pseudo=4 loss=3.0628 seg=0.2869 semseg=0.1170 mard=2.0258 lambda=0.045433 box_extra=0 mask_extra=0 DURR=0.0231 (dir=0.1156,res=-0.0000,hall=-0.0000) route_px=53 rescue_px=0 hall_px=0 FG/HBG/EBG=32/256/1280 fallback=0 rel=0.960/0.945/0.969 wmean=1.000 grad_preclip=24.31
[E13] batch=150/250 pseudo=5 loss=12.9287 seg=0.8079 semseg=0.6392 mard=2.0293 lambda=0.021148 box_extra=1 mask_extra=1 DURR=0.0239 (dir=0.1197,res=-0.0000,hall=-0.0000) route_px=239 rescue_px=0 hall_px=0 FG/HBG/EBG=40/256/1280 fallback=0 rel=0.813/0.689/0.962 wmean=1.000 grad_preclip=126.11
[E13] batch=160/250 pseudo=5 loss=12.8805 seg=1.1996 semseg=0.4890 mard=1.9955 lambda=0.040165 box_extra=0 mask_extra=0 DURR=0.0381 (dir=0.1906,res=-0.0000,hall=-0.0000) route_px=514 rescue_px=0 hall_px=0 FG/HBG/EBG=40/256/1280 fallback=0 rel=0.927/0.843/0.961 wmean=1.000 grad_preclip=215.19
[E13] batch=170/250 pseudo=4 loss=4.4305 seg=0.3287 semseg=0.2339 mard=2.0511 lambda=0.044687 box_extra=0 mask_extra=0 DURR=0.0209 (dir=0.1044,res=-0.0000,hall=-0.0000) route_px=402 rescue_px=0 hall_px=0 FG/HBG/EBG=32/256/1280 fallback=0 rel=0.958/0.946/0.967 wmean=1.000 grad_preclip=40.87
[E13] batch=180/250 pseudo=4 loss=5.8519 seg=0.3846 semseg=0.2729 mard=2.0308 lambda=0.030488 box_extra=0 mask_extra=0 DURR=0.0495 (dir=0.2475,res=-0.0000,hall=-0.0000) route_px=90 rescue_px=0 hall_px=0 FG/HBG/EBG=32/256/1280 fallback=0 rel=0.877/0.697/0.970 wmean=1.000 grad_preclip=148.00
[E13] batch=190/250 pseudo=4 loss=5.0357 seg=0.2771 semseg=0.1316 mard=2.0019 lambda=0.033825 box_extra=0 mask_extra=0 DURR=0.0207 (dir=0.1036,res=-0.0000,hall=-0.0000) route_px=212 rescue_px=0 hall_px=0 FG/HBG/EBG=32/256/1280 fallback=0 rel=0.898/0.773/0.965 wmean=1.000 grad_preclip=57.44
[E13] batch=200/250 pseudo=3 loss=2.5390 seg=0.2546 semseg=0.1606 mard=1.9889 lambda=0.044697 box_extra=1 mask_extra=0 DURR=0.0269 (dir=0.1343,res=-0.0000,hall=-0.0000) route_px=129 rescue_px=0 hall_px=0 FG/HBG/EBG=24/192/960 fallback=0 rel=0.960/0.956/0.965 wmean=1.000 grad_preclip=26.07
[E13] batch=210/250 pseudo=4 loss=6.9035 seg=1.0554 semseg=0.2569 mard=2.0398 lambda=0.030343 box_extra=1 mask_extra=0 DURR=0.0476 (dir=0.2379,res=-0.0000,hall=-0.0000) route_px=150 rescue_px=0 hall_px=0 FG/HBG/EBG=32/256/896 fallback=0 rel=0.871/0.799/0.955 wmean=1.000 grad_preclip=54.15
[E13] batch=220/250 pseudo=5 loss=5.7072 seg=0.4815 semseg=0.1837 mard=2.0448 lambda=0.042020 box_extra=0 mask_extra=0 DURR=0.0272 (dir=0.1358,res=-0.0000,hall=-0.0000) route_px=295 rescue_px=0 hall_px=0 FG/HBG/EBG=40/320/1216 fallback=0 rel=0.934/0.900/0.966 wmean=1.000 grad_preclip=38.28
[E13] batch=230/250 pseudo=4 loss=6.1693 seg=0.3982 semseg=0.5791 mard=2.0522 lambda=0.043152 box_extra=0 mask_extra=0 DURR=0.0221 (dir=0.1105,res=-0.0000,hall=-0.0000) route_px=97 rescue_px=0 hall_px=0 FG/HBG/EBG=32/256/1280 fallback=0 rel=0.946/0.897/0.966 wmean=1.000 grad_preclip=65.58
[E13] batch=240/250 pseudo=4 loss=6.6449 seg=0.4973 semseg=0.3276 mard=2.0157 lambda=0.043708 box_extra=0 mask_extra=0 DURR=0.0159 (dir=0.0795,res=-0.0000,hall=-0.0000) route_px=400 rescue_px=0 hall_px=0 FG/HBG/EBG=32/256/1280 fallback=0 rel=0.952/0.936/0.961 wmean=1.000 grad_preclip=48.11
[E13] batch=250/250 pseudo=4 loss=4.6492 seg=0.4933 semseg=0.2289 mard=2.0067 lambda=0.045487 box_extra=0 mask_extra=0 DURR=0.0395 (dir=0.1974,res=-0.0000,hall=-0.0000) route_px=194 rescue_px=0 hall_px=0 FG/HBG/EBG=32/256/1280 fallback=0 rel=0.964/0.963/0.968 wmean=1.000 grad_preclip=177.01

[Epoch 13] DONE time=77.7s valid=250 skipped=0 pseudo=1033 anchors=993 box_extra=61 mask_extra=40 reject_rel=21 DURR=0.0855 (dir=0.1406,res=0.0379,hall=0.1920) empty=48 rescue=9/9 hall_trigger=15 loss=8.1937 seg=0.6060 semseg=0.5581 mard=2.0252 lambda_avg=0.038068 FG/HBG/EBG=33.1/254.7/1207.6 rel=0.916/0.674/0.978 wmean=1.000
[E14] batch=001/250 pseudo=4 loss=18.8745 seg=1.8360 semseg=1.3988 mard=1.9747 lambda=0.034802 box_extra=0 mask_extra=0 DURR=0.0263 (dir=0.1315,res=-0.0000,hall=-0.0000) route_px=389 rescue_px=0 hall_px=0 FG/HBG/EBG=32/256/1280 fallback=0 rel=0.904/0.837/0.965 wmean=1.000 grad_preclip=208.88
[E14] batch=010/250 pseudo=5 loss=6.2411 seg=0.5548 semseg=0.4161 mard=1.9831 lambda=0.042694 box_extra=1 mask_extra=1 DURR=0.0149 (dir=0.0743,res=-0.0000,hall=-0.0000) route_px=91 rescue_px=0 hall_px=0 FG/HBG/EBG=40/256/1280 fallback=0 rel=0.945/0.891/0.965 wmean=1.000 grad_preclip=45.92
[E14] batch=020/250 pseudo=4 loss=5.6018 seg=0.3731 semseg=0.1830 mard=1.9764 lambda=0.041445 box_extra=0 mask_extra=0 DURR=0.0228 (dir=0.1142,res=-0.0000,hall=-0.0000) route_px=246 rescue_px=0 hall_px=0 FG/HBG/EBG=32/256/1280 fallback=0 rel=0.936/0.897/0.964 wmean=1.000 grad_preclip=61.49
[E14] batch=030/250 pseudo=3 loss=4.1820 seg=0.4155 semseg=0.2532 mard=2.0160 lambda=0.027015 box_extra=0 mask_extra=0 DURR=0.0450 (dir=0.2252,res=-0.0000,hall=-0.0000) route_px=285 rescue_px=0 hall_px=0 FG/HBG/EBG=24/192/960 fallback=0 rel=0.849/0.692/0.961 wmean=1.000 grad_preclip=26.90
[E14] batch=040/250 pseudo=4 loss=4.2183 seg=0.2954 semseg=0.1302 mard=1.9844 lambda=0.029798 box_extra=1 mask_extra=0 DURR=0.0309 (dir=0.1545,res=-0.0000,hall=-0.0000) route_px=196 rescue_px=0 hall_px=0 FG/HBG/EBG=32/192/960 fallback=0 rel=0.871/0.709/0.962 wmean=1.000 grad_preclip=29.72
[E14] batch=050/250 pseudo=3 loss=3.7138 seg=0.3560 semseg=0.1417 mard=2.0430 lambda=0.043725 box_extra=0 mask_extra=0 DURR=0.6493 (dir=0.1975,res=-0.0000,hall=3.0489) route_px=181 rescue_px=0 hall_px=16 FG/HBG/EBG=24/192/960 fallback=0 rel=0.947/0.933/0.955 wmean=1.000 grad_preclip=33.43
[E14] batch=060/250 pseudo=4 loss=6.6727 seg=0.2784 semseg=0.6483 mard=2.0388 lambda=0.035501 box_extra=0 mask_extra=0 DURR=0.0290 (dir=0.1451,res=-0.0000,hall=-0.0000) route_px=266 rescue_px=0 hall_px=0 FG/HBG/EBG=32/256/1280 fallback=0 rel=0.908/0.780/0.968 wmean=1.000 grad_preclip=67.38
[E14] batch=070/250 pseudo=4 loss=3.8798 seg=0.1823 semseg=0.3786 mard=2.0105 lambda=0.044219 box_extra=0 mask_extra=0 DURR=0.0306 (dir=0.1530,res=-0.0000,hall=-0.0000) route_px=186 rescue_px=0 hall_px=0 FG/HBG/EBG=32/256/1280 fallback=0 rel=0.957/0.945/0.965 wmean=1.000 grad_preclip=39.50
[E14] batch=080/250 pseudo=4 loss=8.9457 seg=0.6017 semseg=0.4452 mard=1.9993 lambda=0.034889 box_extra=1 mask_extra=1 DURR=0.0143 (dir=0.0715,res=-0.0000,hall=-0.0000) route_px=495 rescue_px=0 hall_px=0 FG/HBG/EBG=32/256/1280 fallback=0 rel=0.896/0.759/0.948 wmean=1.000 grad_preclip=42.32
[E14] batch=090/250 pseudo=4 loss=14.7313 seg=0.9031 semseg=1.1172 mard=2.0232 lambda=0.039295 box_extra=0 mask_extra=0 DURR=0.0266 (dir=0.1330,res=-0.0000,hall=-0.0000) route_px=196 rescue_px=0 hall_px=0 FG/HBG/EBG=32/256/1280 fallback=0 rel=0.918/0.833/0.962 wmean=1.000 grad_preclip=106.95
[E14] batch=100/250 pseudo=5 loss=4.9331 seg=0.3061 semseg=0.3419 mard=1.9888 lambda=0.038547 box_extra=1 mask_extra=1 DURR=0.0352 (dir=0.1758,res=-0.0000,hall=-0.0000) route_px=367 rescue_px=0 hall_px=0 FG/HBG/EBG=40/320/1216 fallback=0 rel=0.926/0.809/0.960 wmean=1.000 grad_preclip=57.09
[E14] batch=110/250 pseudo=4 loss=6.0181 seg=0.2445 semseg=0.2717 mard=2.0873 lambda=0.038937 box_extra=0 mask_extra=0 DURR=0.0224 (dir=0.1120,res=-0.0000,hall=-0.0000) route_px=377 rescue_px=0 hall_px=0 FG/HBG/EBG=32/192/960 fallback=0 rel=0.929/0.867/0.964 wmean=1.000 grad_preclip=56.78
[E14] batch=120/250 pseudo=4 loss=7.8904 seg=0.5597 semseg=0.3548 mard=1.9752 lambda=0.043638 box_extra=0 mask_extra=0 DURR=0.0516 (dir=0.2580,res=-0.0000,hall=-0.0000) route_px=256 rescue_px=0 hall_px=0 FG/HBG/EBG=32/256/1280 fallback=0 rel=0.952/0.943/0.965 wmean=1.000 grad_preclip=63.86
[E14] batch=130/250 pseudo=4 loss=5.0159 seg=0.3920 semseg=0.2082 mard=2.0028 lambda=0.044169 box_extra=0 mask_extra=0 DURR=0.0435 (dir=0.2176,res=-0.0000,hall=-0.0000) route_px=135 rescue_px=0 hall_px=0 FG/HBG/EBG=32/256/1280 fallback=0 rel=0.950/0.935/0.959 wmean=1.000 grad_preclip=136.11
[E14] batch=140/250 pseudo=5 loss=10.5207 seg=1.2595 semseg=0.6235 mard=1.9956 lambda=0.031421 box_extra=0 mask_extra=0 DURR=0.0146 (dir=0.0731,res=-0.0000,hall=-0.0000) route_px=265 rescue_px=0 hall_px=0 FG/HBG/EBG=40/320/1216 fallback=0 rel=0.878/0.693/0.965 wmean=1.000 grad_preclip=144.79
[E14] batch=150/250 pseudo=4 loss=5.6715 seg=0.4132 semseg=0.2271 mard=2.0025 lambda=0.034591 box_extra=2 mask_extra=1 DURR=0.0223 (dir=0.1117,res=-0.0000,hall=-0.0000) route_px=81 rescue_px=0 hall_px=0 FG/HBG/EBG=32/256/1280 fallback=0 rel=0.895/0.761/0.959 wmean=1.000 grad_preclip=57.87
[E14] batch=160/250 pseudo=4 loss=11.9042 seg=0.5180 semseg=1.0412 mard=2.0408 lambda=0.037519 box_extra=0 mask_extra=0 DURR=0.0372 (dir=0.1861,res=-0.0000,hall=-0.0000) route_px=251 rescue_px=0 hall_px=0 FG/HBG/EBG=32/256/1280 fallback=0 rel=0.918/0.793/0.964 wmean=1.000 grad_preclip=78.88
[E14] batch=170/250 pseudo=4 loss=7.2117 seg=0.4164 semseg=0.8146 mard=2.0158 lambda=0.040221 box_extra=1 mask_extra=1 DURR=0.0057 (dir=0.0285,res=-0.0000,hall=-0.0000) route_px=31 rescue_px=0 hall_px=0 FG/HBG/EBG=32/256/1280 fallback=0 rel=0.931/0.831/0.967 wmean=1.000 grad_preclip=64.00
[E14] batch=180/250 pseudo=4 loss=7.8849 seg=0.7207 semseg=0.2804 mard=1.9629 lambda=0.043441 box_extra=0 mask_extra=0 DURR=0.0110 (dir=0.0550,res=-0.0000,hall=-0.0000) route_px=443 rescue_px=0 hall_px=0 FG/HBG/EBG=32/256/1280 fallback=0 rel=0.944/0.917/0.963 wmean=1.000 grad_preclip=71.56
[E14] batch=190/250 pseudo=4 loss=5.7170 seg=0.5788 semseg=0.1679 mard=1.9828 lambda=0.043688 box_extra=0 mask_extra=0 DURR=0.0435 (dir=0.2174,res=-0.0000,hall=-0.0000) route_px=250 rescue_px=0 hall_px=0 FG/HBG/EBG=32/256/1280 fallback=0 rel=0.949/0.941/0.965 wmean=1.000 grad_preclip=69.19
[E14] batch=200/250 pseudo=4 loss=10.2545 seg=0.6177 semseg=0.8277 mard=1.9956 lambda=0.037840 box_extra=0 mask_extra=0 DURR=0.0167 (dir=0.0836,res=-0.0000,hall=-0.0000) route_px=215 rescue_px=0 hall_px=0 FG/HBG/EBG=32/256/1280 fallback=0 rel=0.914/0.830/0.948 wmean=1.000 grad_preclip=161.96
[E14] batch=210/250 pseudo=3 loss=16.6498 seg=2.3466 semseg=2.0744 mard=2.0172 lambda=0.030081 box_extra=1 mask_extra=0 DURR=0.0405 (dir=0.2026,res=-0.0000,hall=-0.0000) route_px=127 rescue_px=0 hall_px=0 FG/HBG/EBG=24/192/960 fallback=0 rel=0.833/0.594/0.957 wmean=1.000 grad_preclip=116.59
[E14] batch=220/250 pseudo=4 loss=7.7419 seg=0.8040 semseg=0.4208 mard=2.0729 lambda=0.033733 box_extra=0 mask_extra=0 DURR=0.7020 (dir=0.0540,res=-0.0000,hall=3.4558) route_px=444 rescue_px=0 hall_px=973 FG/HBG/EBG=32/192/960 fallback=0 rel=0.898/0.847/0.971 wmean=1.000 grad_preclip=80.54
[E14] batch=230/250 pseudo=4 loss=4.2016 seg=0.3646 semseg=0.1696 mard=2.0554 lambda=0.043452 box_extra=0 mask_extra=0 DURR=0.0249 (dir=0.1247,res=-0.0000,hall=-0.0000) route_px=30 rescue_px=0 hall_px=0 FG/HBG/EBG=32/256/1280 fallback=0 rel=0.952/0.936/0.971 wmean=1.000 grad_preclip=112.83
[E14] batch=240/250 pseudo=4 loss=7.5584 seg=0.6771 semseg=0.5589 mard=2.0020 lambda=0.033428 box_extra=0 mask_extra=0 DURR=0.0362 (dir=0.1811,res=-0.0000,hall=-0.0000) route_px=224 rescue_px=0 hall_px=0 FG/HBG/EBG=32/256/1280 fallback=0 rel=0.884/0.680/0.963 wmean=1.000 grad_preclip=144.78
[E14] batch=250/250 pseudo=4 loss=10.0516 seg=0.6114 semseg=0.5627 mard=2.0106 lambda=0.034862 box_extra=0 mask_extra=0 DURR=0.0154 (dir=0.0770,res=-0.0000,hall=-0.0000) route_px=512 rescue_px=0 hall_px=0 FG/HBG/EBG=32/256/1280 fallback=0 rel=0.904/0.821/0.957 wmean=1.000 grad_preclip=54.70

[Epoch 14] DONE time=77.6s valid=250 skipped=0 pseudo=1030 anchors=996 box_extra=53 mask_extra=34 reject_rel=19 DURR=0.0874 (dir=0.1367,res=0.0181,hall=0.2553) empty=52 rescue=9/9 hall_trigger=20 loss=8.4515 seg=0.6482 semseg=0.5679 mard=2.0268 lambda_avg=0.038321 FG/HBG/EBG=33.0/252.7/1203.5 rel=0.918/0.594/0.976 wmean=1.000
[E15] batch=001/250 pseudo=4 loss=17.7134 seg=1.0882 semseg=1.6030 mard=1.9948 lambda=0.035624 box_extra=0 mask_extra=0 DURR=0.0154 (dir=0.0771,res=-0.0000,hall=-0.0000) route_px=646 rescue_px=0 hall_px=0 FG/HBG/EBG=32/256/1280 fallback=0 rel=0.900/0.843/0.949 wmean=1.000 grad_preclip=110.10
[E15] batch=010/250 pseudo=4 loss=8.7692 seg=0.5824 semseg=0.6682 mard=2.0316 lambda=0.038255 box_extra=2 mask_extra=2 DURR=0.1047 (dir=0.0573,res=0.1865,hall=-0.0000) route_px=499 rescue_px=1772 hall_px=0 FG/HBG/EBG=32/256/1280 fallback=0 rel=0.924/0.868/0.971 wmean=1.000 grad_preclip=72.48
[E15] batch=020/250 pseudo=3 loss=4.8740 seg=0.5212 semseg=0.3789 mard=2.0603 lambda=0.042054 box_extra=0 mask_extra=0 DURR=0.0220 (dir=0.1100,res=-0.0000,hall=-0.0000) route_px=285 rescue_px=0 hall_px=0 FG/HBG/EBG=24/192/960 fallback=0 rel=0.940/0.920/0.965 wmean=1.000 grad_preclip=44.60
[E15] batch=030/250 pseudo=4 loss=5.6138 seg=0.4608 semseg=0.2032 mard=2.0721 lambda=0.036959 box_extra=0 mask_extra=0 DURR=0.0233 (dir=0.1165,res=-0.0000,hall=-0.0000) route_px=208 rescue_px=0 hall_px=0 FG/HBG/EBG=32/256/1280 fallback=0 rel=0.914/0.812/0.968 wmean=1.000 grad_preclip=50.65
[E15] batch=040/250 pseudo=4 loss=3.4697 seg=0.2594 semseg=0.1140 mard=2.0852 lambda=0.040680 box_extra=0 mask_extra=0 DURR=0.0230 (dir=0.1152,res=-0.0000,hall=-0.0000) route_px=164 rescue_px=0 hall_px=0 FG/HBG/EBG=32/256/1280 fallback=0 rel=0.938/0.877/0.974 wmean=1.000 grad_preclip=25.21
[E15] batch=050/250 pseudo=4 loss=9.9560 seg=0.7107 semseg=0.3205 mard=1.9982 lambda=0.035459 box_extra=0 mask_extra=0 DURR=0.0304 (dir=0.1519,res=-0.0000,hall=-0.0000) route_px=379 rescue_px=0 hall_px=0 FG/HBG/EBG=32/256/1280 fallback=0 rel=0.902/0.830/0.939 wmean=1.000 grad_preclip=172.50
[E15] batch=060/250 pseudo=4 loss=3.1337 seg=0.2148 semseg=0.1491 mard=2.0156 lambda=0.045641 box_extra=0 mask_extra=0 DURR=0.0176 (dir=0.0878,res=-0.0000,hall=-0.0000) route_px=355 rescue_px=0 hall_px=0 FG/HBG/EBG=32/256/1280 fallback=0 rel=0.967/0.962/0.970 wmean=1.000 grad_preclip=25.16
[E15] batch=070/250 pseudo=4 loss=7.1511 seg=0.4866 semseg=0.1993 mard=2.0251 lambda=0.040141 box_extra=0 mask_extra=0 DURR=0.0286 (dir=0.1431,res=-0.0000,hall=-0.0000) route_px=417 rescue_px=0 hall_px=0 FG/HBG/EBG=32/256/1280 fallback=0 rel=0.928/0.902/0.945 wmean=1.000 grad_preclip=42.69
[E15] batch=080/250 pseudo=4 loss=13.0652 seg=1.1331 semseg=0.6940 mard=1.9373 lambda=0.029841 box_extra=0 mask_extra=0 DURR=0.0335 (dir=0.1675,res=-0.0000,hall=-0.0000) route_px=434 rescue_px=0 hall_px=0 FG/HBG/EBG=32/256/1280 fallback=0 rel=0.866/0.770/0.962 wmean=1.000 grad_preclip=52.94
[E15] batch=090/250 pseudo=4 loss=3.5283 seg=0.2675 semseg=0.1443 mard=2.0154 lambda=0.042440 box_extra=0 mask_extra=0 DURR=0.0195 (dir=0.0976,res=-0.0000,hall=-0.0000) route_px=104 rescue_px=0 hall_px=0 FG/HBG/EBG=32/256/1280 fallback=0 rel=0.942/0.935/0.951 wmean=1.000 grad_preclip=25.38
[E15] batch=100/250 pseudo=6 loss=12.2517 seg=0.5634 semseg=0.5193 mard=2.0148 lambda=0.028191 box_extra=0 mask_extra=0 DURR=0.0325 (dir=0.1626,res=-0.0000,hall=-0.0000) route_px=459 rescue_px=0 hall_px=0 FG/HBG/EBG=48/256/1280 fallback=0 rel=0.861/0.746/0.960 wmean=1.000 grad_preclip=84.77
[E15] batch=110/250 pseudo=3 loss=3.1070 seg=0.3925 semseg=0.1611 mard=2.0487 lambda=0.043031 box_extra=0 mask_extra=0 DURR=0.0143 (dir=0.0713,res=-0.0000,hall=-0.0000) route_px=114 rescue_px=0 hall_px=0 FG/HBG/EBG=24/192/960 fallback=0 rel=0.943/0.921/0.963 wmean=1.000 grad_preclip=41.88
[E15] batch=120/250 pseudo=5 loss=5.4762 seg=0.5423 semseg=0.1565 mard=2.0115 lambda=0.039038 box_extra=1 mask_extra=1 DURR=0.0515 (dir=0.2574,res=-0.0000,hall=-0.0000) route_px=149 rescue_px=0 hall_px=0 FG/HBG/EBG=40/320/1216 fallback=0 rel=0.919/0.807/0.974 wmean=1.000 grad_preclip=44.55
[E15] batch=130/250 pseudo=5 loss=14.2746 seg=1.2630 semseg=0.7426 mard=2.0132 lambda=0.030690 box_extra=0 mask_extra=0 DURR=0.0189 (dir=0.0946,res=-0.0000,hall=-0.0000) route_px=380 rescue_px=0 hall_px=0 FG/HBG/EBG=40/256/1280 fallback=0 rel=0.875/0.759/0.958 wmean=1.000 grad_preclip=56.57
[E15] batch=140/250 pseudo=4 loss=7.4588 seg=0.5507 semseg=0.3410 mard=2.0303 lambda=0.030178 box_extra=0 mask_extra=0 DURR=0.0289 (dir=0.1443,res=-0.0000,hall=-0.0000) route_px=439 rescue_px=0 hall_px=0 FG/HBG/EBG=32/256/1280 fallback=0 rel=0.869/0.757/0.969 wmean=1.000 grad_preclip=63.93
[E15] batch=150/250 pseudo=5 loss=6.5268 seg=0.4802 semseg=0.3566 mard=2.0186 lambda=0.036738 box_extra=1 mask_extra=1 DURR=0.1486 (dir=0.2124,res=0.2123,hall=-0.0000) route_px=153 rescue_px=2238 hall_px=0 FG/HBG/EBG=40/320/1216 fallback=0 rel=0.911/0.802/0.962 wmean=1.000 grad_preclip=33.72
[E15] batch=160/250 pseudo=4 loss=22.5853 seg=2.8473 semseg=1.3581 mard=1.9918 lambda=0.030675 box_extra=1 mask_extra=0 DURR=0.0074 (dir=0.0372,res=-0.0000,hall=-0.0000) route_px=365 rescue_px=0 hall_px=0 FG/HBG/EBG=32/256/1280 fallback=0 rel=0.867/0.759/0.955 wmean=1.000 grad_preclip=103.37
[E15] batch=170/250 pseudo=4 loss=10.3027 seg=0.8410 semseg=0.4583 mard=2.0564 lambda=0.040202 box_extra=0 mask_extra=0 DURR=0.0161 (dir=0.0805,res=-0.0000,hall=-0.0000) route_px=430 rescue_px=0 hall_px=0 FG/HBG/EBG=32/256/1280 fallback=0 rel=0.930/0.838/0.961 wmean=1.000 grad_preclip=75.54
[E15] batch=180/250 pseudo=4 loss=2.9738 seg=0.2460 semseg=0.1040 mard=1.9950 lambda=0.044403 box_extra=0 mask_extra=0 DURR=0.0098 (dir=0.0490,res=-0.0000,hall=-0.0000) route_px=24 rescue_px=0 hall_px=0 FG/HBG/EBG=32/256/1280 fallback=0 rel=0.954/0.928/0.974 wmean=1.000 grad_preclip=21.02
[E15] batch=190/250 pseudo=4 loss=4.8123 seg=0.5037 semseg=0.1740 mard=2.0692 lambda=0.044897 box_extra=0 mask_extra=0 DURR=0.0223 (dir=0.1117,res=-0.0000,hall=-0.0000) route_px=351 rescue_px=0 hall_px=0 FG/HBG/EBG=32/256/1280 fallback=0 rel=0.959/0.951/0.967 wmean=1.000 grad_preclip=42.34
[E15] batch=200/250 pseudo=7 loss=13.1751 seg=1.1480 semseg=0.4565 mard=1.9841 lambda=0.033426 box_extra=1 mask_extra=1 DURR=0.0309 (dir=0.1543,res=-0.0000,hall=-0.0000) route_px=420 rescue_px=0 hall_px=0 FG/HBG/EBG=56/256/1280 fallback=0 rel=0.890/0.809/0.968 wmean=1.000 grad_preclip=113.62
[E15] batch=210/250 pseudo=4 loss=12.5782 seg=0.8513 semseg=0.6746 mard=1.9949 lambda=0.037587 box_extra=0 mask_extra=0 DURR=0.0180 (dir=0.0901,res=-0.0000,hall=-0.0000) route_px=316 rescue_px=0 hall_px=0 FG/HBG/EBG=32/256/1280 fallback=0 rel=0.916/0.841/0.958 wmean=1.000 grad_preclip=73.70
[E15] batch=220/250 pseudo=4 loss=6.1337 seg=0.3034 semseg=0.2967 mard=2.0373 lambda=0.039419 box_extra=0 mask_extra=0 DURR=0.0164 (dir=0.0822,res=-0.0000,hall=-0.0000) route_px=175 rescue_px=0 hall_px=0 FG/HBG/EBG=32/256/1280 fallback=0 rel=0.928/0.856/0.960 wmean=1.000 grad_preclip=91.84
[E15] batch=230/250 pseudo=4 loss=5.3190 seg=0.3014 semseg=0.3079 mard=2.0728 lambda=0.044359 box_extra=0 mask_extra=0 DURR=0.0264 (dir=0.1322,res=-0.0000,hall=-0.0000) route_px=437 rescue_px=0 hall_px=0 FG/HBG/EBG=32/256/1280 fallback=0 rel=0.958/0.941/0.972 wmean=1.000 grad_preclip=45.83
[E15] batch=240/250 pseudo=3 loss=5.0792 seg=0.3405 semseg=0.2509 mard=2.0605 lambda=0.040980 box_extra=0 mask_extra=0 DURR=0.0387 (dir=0.1937,res=-0.0000,hall=-0.0000) route_px=229 rescue_px=0 hall_px=0 FG/HBG/EBG=24/192/960 fallback=0 rel=0.943/0.928/0.968 wmean=1.000 grad_preclip=40.68
[E15] batch=250/250 pseudo=4 loss=8.6488 seg=0.2857 semseg=0.6226 mard=2.0105 lambda=0.043386 box_extra=0 mask_extra=0 DURR=0.0409 (dir=0.2044,res=-0.0000,hall=-0.0000) route_px=102 rescue_px=0 hall_px=0 FG/HBG/EBG=32/256/1280 fallback=0 rel=0.953/0.942/0.965 wmean=1.000 grad_preclip=44.19

[Epoch 15] DONE time=77.8s valid=250 skipped=0 pseudo=1031 anchors=981 box_extra=69 mask_extra=50 reject_rel=19 DURR=0.0885 (dir=0.1328,res=0.0335,hall=0.2258) empty=48 rescue=14/14 hall_trigger=18 loss=8.3910 seg=0.6451 semseg=0.5638 mard=2.0271 lambda_avg=0.038332 FG/HBG/EBG=33.0/254.0/1208.3 rel=0.918/0.686/0.975 wmean=1.000
[E16] batch=001/250 pseudo=3 loss=7.5008 seg=0.3310 semseg=0.6849 mard=1.9906 lambda=0.033694 box_extra=0 mask_extra=0 DURR=0.9691 (dir=0.1907,res=-0.0000,hall=4.6547) route_px=233 rescue_px=0 hall_px=303 FG/HBG/EBG=24/192/960 fallback=0 rel=0.898/0.793/0.953 wmean=1.000 grad_preclip=225.95
[E16] batch=010/250 pseudo=5 loss=3.6869 seg=0.2991 semseg=0.1031 mard=2.0805 lambda=0.039466 box_extra=0 mask_extra=0 DURR=0.0269 (dir=0.1347,res=-0.0000,hall=-0.0000) route_px=119 rescue_px=0 hall_px=0 FG/HBG/EBG=40/320/1216 fallback=0 rel=0.929/0.792/0.968 wmean=1.000 grad_preclip=22.62
[E16] batch=020/250 pseudo=4 loss=10.2498 seg=0.8298 semseg=0.6070 mard=2.0267 lambda=0.039295 box_extra=0 mask_extra=0 DURR=0.0269 (dir=0.1347,res=-0.0000,hall=-0.0000) route_px=598 rescue_px=0 hall_px=0 FG/HBG/EBG=32/256/1280 fallback=0 rel=0.922/0.834/0.965 wmean=1.000 grad_preclip=55.76
[E16] batch=030/250 pseudo=4 loss=12.0233 seg=0.9804 semseg=0.8257 mard=2.0062 lambda=0.042199 box_extra=0 mask_extra=0 DURR=0.0507 (dir=0.2533,res=-0.0000,hall=-0.0000) route_px=309 rescue_px=0 hall_px=0 FG/HBG/EBG=32/256/1280 fallback=0 rel=0.934/0.881/0.964 wmean=1.000 grad_preclip=114.51
[E16] batch=040/250 pseudo=4 loss=3.9099 seg=0.3174 semseg=0.1301 mard=2.0520 lambda=0.042741 box_extra=0 mask_extra=0 DURR=0.0311 (dir=0.1556,res=-0.0000,hall=-0.0000) route_px=220 rescue_px=0 hall_px=0 FG/HBG/EBG=32/256/1280 fallback=0 rel=0.942/0.921/0.970 wmean=1.000 grad_preclip=40.71
[E16] batch=050/250 pseudo=5 loss=5.1655 seg=0.3688 semseg=0.1980 mard=2.0520 lambda=0.032089 box_extra=0 mask_extra=0 DURR=0.0071 (dir=0.0353,res=-0.0000,hall=-0.0000) route_px=427 rescue_px=0 hall_px=0 FG/HBG/EBG=40/256/1280 fallback=0 rel=0.883/0.758/0.969 wmean=1.000 grad_preclip=27.21
[E16] batch=060/250 pseudo=5 loss=14.3258 seg=1.0024 semseg=1.3862 mard=2.0565 lambda=0.039966 box_extra=0 mask_extra=0 DURR=0.0267 (dir=0.1335,res=-0.0000,hall=-0.0000) route_px=777 rescue_px=0 hall_px=0 FG/HBG/EBG=40/320/1216 fallback=0 rel=0.934/0.901/0.970 wmean=1.000 grad_preclip=143.92
[E16] batch=070/250 pseudo=3 loss=4.1023 seg=0.3239 semseg=0.2017 mard=2.0317 lambda=0.035430 box_extra=0 mask_extra=0 DURR=0.0403 (dir=0.2014,res=-0.0000,hall=-0.0000) route_px=331 rescue_px=0 hall_px=0 FG/HBG/EBG=24/192/960 fallback=0 rel=0.907/0.840/0.955 wmean=1.000 grad_preclip=28.22
[E16] batch=080/250 pseudo=4 loss=21.4698 seg=1.1996 semseg=2.3674 mard=2.0748 lambda=0.031496 box_extra=0 mask_extra=0 DURR=0.0211 (dir=0.1057,res=-0.0000,hall=-0.0000) route_px=540 rescue_px=0 hall_px=0 FG/HBG/EBG=32/256/1280 fallback=0 rel=0.877/0.782/0.940 wmean=1.000 grad_preclip=217.12
[E16] batch=090/250 pseudo=4 loss=4.7152 seg=0.4562 semseg=0.2143 mard=1.9986 lambda=0.044621 box_extra=0 mask_extra=0 DURR=0.0359 (dir=0.1797,res=-0.0000,hall=-0.0000) route_px=365 rescue_px=0 hall_px=0 FG/HBG/EBG=32/256/1280 fallback=0 rel=0.958/0.951/0.962 wmean=1.000 grad_preclip=54.54
[E16] batch=100/250 pseudo=4 loss=18.8832 seg=2.1316 semseg=1.2141 mard=2.0134 lambda=0.041409 box_extra=1 mask_extra=0 DURR=0.0355 (dir=0.1774,res=-0.0000,hall=-0.0000) route_px=544 rescue_px=0 hall_px=0 FG/HBG/EBG=32/256/1280 fallback=0 rel=0.935/0.896/0.958 wmean=1.000 grad_preclip=236.37
[E16] batch=110/250 pseudo=5 loss=7.5121 seg=0.4392 semseg=0.4562 mard=2.0182 lambda=0.039078 box_extra=1 mask_extra=1 DURR=0.0893 (dir=0.2003,res=0.0986,hall=-0.0000) route_px=315 rescue_px=1537 hall_px=0 FG/HBG/EBG=40/320/1216 fallback=0 rel=0.924/0.873/0.956 wmean=1.000 grad_preclip=70.92
[E16] batch=120/250 pseudo=4 loss=6.8116 seg=0.5539 semseg=0.4515 mard=2.0555 lambda=0.039987 box_extra=0 mask_extra=0 DURR=0.0349 (dir=0.1744,res=-0.0000,hall=-0.0000) route_px=336 rescue_px=0 hall_px=0 FG/HBG/EBG=32/256/1280 fallback=0 rel=0.924/0.833/0.970 wmean=1.000 grad_preclip=134.03
[E16] batch=130/250 pseudo=4 loss=10.4855 seg=0.7108 semseg=1.0465 mard=2.0550 lambda=0.039919 box_extra=0 mask_extra=0 DURR=0.0333 (dir=0.1667,res=-0.0000,hall=-0.0000) route_px=799 rescue_px=0 hall_px=0 FG/HBG/EBG=32/256/1280 fallback=0 rel=0.924/0.865/0.970 wmean=1.000 grad_preclip=74.57
[E16] batch=140/250 pseudo=4 loss=16.3093 seg=1.1033 semseg=1.2352 mard=2.0031 lambda=0.041542 box_extra=0 mask_extra=0 DURR=0.0261 (dir=0.1303,res=-0.0000,hall=-0.0000) route_px=237 rescue_px=0 hall_px=0 FG/HBG/EBG=32/256/1280 fallback=0 rel=0.932/0.907/0.948 wmean=1.000 grad_preclip=147.03
[E16] batch=150/250 pseudo=6 loss=24.1143 seg=1.5581 semseg=2.1113 mard=2.0525 lambda=0.031709 box_extra=1 mask_extra=1 DURR=0.0293 (dir=0.1466,res=-0.0000,hall=-0.0000) route_px=639 rescue_px=0 hall_px=0 FG/HBG/EBG=48/320/1216 fallback=0 rel=0.872/0.774/0.965 wmean=1.000 grad_preclip=127.18
[E16] batch=160/250 pseudo=4 loss=13.8856 seg=0.8482 semseg=0.9976 mard=2.0320 lambda=0.044843 box_extra=0 mask_extra=0 DURR=0.0247 (dir=0.1233,res=-0.0000,hall=-0.0000) route_px=795 rescue_px=0 hall_px=0 FG/HBG/EBG=32/256/1280 fallback=0 rel=0.954/0.931/0.965 wmean=1.000 grad_preclip=93.50
[E16] batch=170/250 pseudo=3 loss=4.7351 seg=0.4764 semseg=0.2683 mard=2.0867 lambda=0.041242 box_extra=1 mask_extra=0 DURR=0.4265 (dir=0.1008,res=-0.0000,hall=2.0316) route_px=264 rescue_px=0 hall_px=32 FG/HBG/EBG=24/192/960 fallback=0 rel=0.935/0.893/0.958 wmean=1.000 grad_preclip=40.58
[E16] batch=180/250 pseudo=3 loss=5.6084 seg=0.5134 semseg=0.4414 mard=2.0057 lambda=0.042089 box_extra=0 mask_extra=0 DURR=0.8274 (dir=0.1235,res=-0.0000,hall=4.0134) route_px=264 rescue_px=0 hall_px=882 FG/HBG/EBG=24/192/960 fallback=0 rel=0.939/0.903/0.968 wmean=1.000 grad_preclip=49.67
[E16] batch=190/250 pseudo=4 loss=4.3440 seg=0.3405 semseg=0.1719 mard=2.0027 lambda=0.043960 box_extra=0 mask_extra=0 DURR=0.0238 (dir=0.1192,res=-0.0000,hall=-0.0000) route_px=181 rescue_px=0 hall_px=0 FG/HBG/EBG=32/256/1280 fallback=0 rel=0.951/0.937/0.963 wmean=1.000 grad_preclip=42.18
[E16] batch=200/250 pseudo=3 loss=4.8853 seg=0.2864 semseg=0.2330 mard=1.9770 lambda=0.041898 box_extra=0 mask_extra=0 DURR=0.7063 (dir=0.1562,res=-0.0000,hall=3.3752) route_px=280 rescue_px=0 hall_px=21 FG/HBG/EBG=24/192/960 fallback=0 rel=0.948/0.926/0.963 wmean=1.000 grad_preclip=25.58
[E16] batch=210/250 pseudo=5 loss=8.9241 seg=0.8582 semseg=0.6119 mard=2.0072 lambda=0.038044 box_extra=0 mask_extra=0 DURR=0.0403 (dir=0.2013,res=-0.0000,hall=-0.0000) route_px=467 rescue_px=0 hall_px=0 FG/HBG/EBG=40/256/1280 fallback=0 rel=0.915/0.888/0.935 wmean=1.000 grad_preclip=115.67
[E16] batch=220/250 pseudo=5 loss=8.9678 seg=0.7132 semseg=0.5997 mard=2.0127 lambda=0.033953 box_extra=0 mask_extra=0 DURR=0.0152 (dir=0.0760,res=-0.0000,hall=-0.0000) route_px=377 rescue_px=0 hall_px=0 FG/HBG/EBG=40/256/1280 fallback=0 rel=0.898/0.831/0.962 wmean=1.000 grad_preclip=126.14
[E16] batch=230/250 pseudo=4 loss=12.6959 seg=0.6407 semseg=0.6330 mard=2.0503 lambda=0.038284 box_extra=0 mask_extra=0 DURR=0.0152 (dir=0.0760,res=-0.0000,hall=-0.0000) route_px=382 rescue_px=0 hall_px=0 FG/HBG/EBG=32/256/1280 fallback=0 rel=0.918/0.872/0.957 wmean=1.000 grad_preclip=120.40
[E16] batch=240/250 pseudo=4 loss=5.2893 seg=0.4166 semseg=0.2060 mard=2.0552 lambda=0.041144 box_extra=0 mask_extra=0 DURR=0.0300 (dir=0.1498,res=-0.0000,hall=-0.0000) route_px=282 rescue_px=0 hall_px=0 FG/HBG/EBG=32/256/1280 fallback=0 rel=0.935/0.918/0.962 wmean=1.000 grad_preclip=39.84
[E16] batch=250/250 pseudo=3 loss=4.0906 seg=0.3102 semseg=0.1016 mard=2.0451 lambda=0.042699 box_extra=2 mask_extra=1 DURR=0.8901 (dir=0.1881,res=0.1063,hall=3.9964) route_px=72 rescue_px=1333 hall_px=20 FG/HBG/EBG=24/192/960 fallback=0 rel=0.945/0.933/0.959 wmean=1.000 grad_preclip=38.10

[Epoch 16] DONE time=77.3s valid=250 skipped=0 pseudo=1019 anchors=984 box_extra=53 mask_extra=35 reject_rel=18 DURR=0.0830 (dir=0.1336,res=0.0091,hall=0.2588) empty=54 rescue=11/11 hall_trigger=21 loss=7.9272 seg=0.6184 semseg=0.5097 mard=2.0267 lambda_avg=0.038764 FG/HBG/EBG=32.6/251.9/1201.2 rel=0.920/0.690/0.976 wmean=1.000
[E17] batch=001/250 pseudo=5 loss=11.3074 seg=1.1552 semseg=0.4281 mard=2.0860 lambda=0.037389 box_extra=2 mask_extra=2 DURR=0.1824 (dir=0.0856,res=0.3305,hall=-0.0000) route_px=282 rescue_px=902 hall_px=0 FG/HBG/EBG=40/320/1216 fallback=0 rel=0.911/0.835/0.961 wmean=1.000 grad_preclip=83.28
[E17] batch=010/250 pseudo=5 loss=7.5259 seg=0.3754 semseg=0.2077 mard=2.0781 lambda=0.031435 box_extra=0 mask_extra=0 DURR=0.0112 (dir=0.0560,res=-0.0000,hall=-0.0000) route_px=288 rescue_px=0 hall_px=0 FG/HBG/EBG=40/256/1280 fallback=0 rel=0.885/0.784/0.964 wmean=1.000 grad_preclip=43.14
[E17] batch=020/250 pseudo=4 loss=3.4302 seg=0.2367 semseg=0.0925 mard=2.0039 lambda=0.044780 box_extra=0 mask_extra=0 DURR=0.0368 (dir=0.1842,res=-0.0000,hall=-0.0000) route_px=238 rescue_px=0 hall_px=0 FG/HBG/EBG=32/256/1280 fallback=0 rel=0.956/0.946/0.969 wmean=1.000 grad_preclip=28.46
[E17] batch=030/250 pseudo=4 loss=3.6505 seg=0.2889 semseg=0.1493 mard=2.0745 lambda=0.037716 box_extra=0 mask_extra=0 DURR=0.0206 (dir=0.1028,res=-0.0000,hall=-0.0000) route_px=327 rescue_px=0 hall_px=0 FG/HBG/EBG=32/256/1280 fallback=0 rel=0.922/0.789/0.968 wmean=1.000 grad_preclip=33.64
[E17] batch=040/250 pseudo=5 loss=3.9990 seg=0.2787 semseg=0.1691 mard=2.0551 lambda=0.031773 box_extra=0 mask_extra=0 DURR=0.0301 (dir=0.1503,res=-0.0000,hall=-0.0000) route_px=113 rescue_px=0 hall_px=0 FG/HBG/EBG=40/320/1216 fallback=0 rel=0.882/0.748/0.970 wmean=1.000 grad_preclip=60.27
[E17] batch=050/250 pseudo=4 loss=12.5229 seg=0.4098 semseg=1.4750 mard=2.0093 lambda=0.035207 box_extra=0 mask_extra=0 DURR=0.0254 (dir=0.1269,res=-0.0000,hall=-0.0000) route_px=126 rescue_px=0 hall_px=0 FG/HBG/EBG=32/256/1280 fallback=0 rel=0.903/0.793/0.965 wmean=1.000 grad_preclip=86.20
[E17] batch=060/250 pseudo=4 loss=5.7741 seg=0.5143 semseg=0.3181 mard=2.0742 lambda=0.034249 box_extra=0 mask_extra=0 DURR=0.0317 (dir=0.1587,res=-0.0000,hall=-0.0000) route_px=407 rescue_px=0 hall_px=0 FG/HBG/EBG=32/256/1280 fallback=0 rel=0.895/0.706/0.973 wmean=1.000 grad_preclip=55.17
[E17] batch=070/250 pseudo=5 loss=7.4096 seg=0.5603 semseg=0.4856 mard=2.0280 lambda=0.039897 box_extra=0 mask_extra=0 DURR=0.0139 (dir=0.0695,res=-0.0000,hall=-0.0000) route_px=544 rescue_px=0 hall_px=0 FG/HBG/EBG=40/256/1280 fallback=0 rel=0.922/0.883/0.966 wmean=1.000 grad_preclip=68.22
[E17] batch=080/250 pseudo=4 loss=9.3371 seg=0.3180 semseg=0.9777 mard=2.0300 lambda=0.044455 box_extra=0 mask_extra=0 DURR=0.0285 (dir=0.1424,res=-0.0000,hall=-0.0000) route_px=272 rescue_px=0 hall_px=0 FG/HBG/EBG=32/256/1280 fallback=0 rel=0.959/0.950/0.967 wmean=1.000 grad_preclip=173.36
[E17] batch=090/250 pseudo=5 loss=4.1159 seg=0.3641 semseg=0.1557 mard=1.9983 lambda=0.042752 box_extra=0 mask_extra=0 DURR=0.0330 (dir=0.1650,res=-0.0000,hall=-0.0000) route_px=102 rescue_px=0 hall_px=0 FG/HBG/EBG=40/320/1216 fallback=0 rel=0.945/0.922/0.966 wmean=1.000 grad_preclip=31.18
[E17] batch=100/250 pseudo=4 loss=5.8412 seg=0.5344 semseg=0.2283 mard=2.0628 lambda=0.042159 box_extra=0 mask_extra=0 DURR=0.0297 (dir=0.1487,res=-0.0000,hall=-0.0000) route_px=336 rescue_px=0 hall_px=0 FG/HBG/EBG=32/256/1280 fallback=0 rel=0.946/0.925/0.960 wmean=1.000 grad_preclip=38.82
[E17] batch=110/250 pseudo=5 loss=8.3495 seg=0.5801 semseg=0.4670 mard=1.9969 lambda=0.031498 box_extra=1 mask_extra=1 DURR=0.0352 (dir=0.1762,res=-0.0000,hall=-0.0000) route_px=587 rescue_px=0 hall_px=0 FG/HBG/EBG=40/320/1216 fallback=0 rel=0.882/0.808/0.961 wmean=1.000 grad_preclip=59.01
[E17] batch=120/250 pseudo=4 loss=6.2788 seg=0.3535 semseg=0.3627 mard=1.9989 lambda=0.039039 box_extra=0 mask_extra=0 DURR=0.0324 (dir=0.1622,res=-0.0000,hall=-0.0000) route_px=295 rescue_px=0 hall_px=0 FG/HBG/EBG=32/256/1280 fallback=0 rel=0.930/0.843/0.969 wmean=1.000 grad_preclip=69.02
[E17] batch=130/250 pseudo=4 loss=4.3448 seg=0.2965 semseg=0.1829 mard=1.9853 lambda=0.043354 box_extra=0 mask_extra=0 DURR=0.0348 (dir=0.1741,res=-0.0000,hall=-0.0000) route_px=271 rescue_px=0 hall_px=0 FG/HBG/EBG=32/256/1280 fallback=0 rel=0.951/0.920/0.964 wmean=1.000 grad_preclip=57.26
[E17] batch=140/250 pseudo=4 loss=8.8646 seg=0.5561 semseg=0.8906 mard=1.9985 lambda=0.038353 box_extra=0 mask_extra=0 DURR=0.0192 (dir=0.0961,res=-0.0000,hall=-0.0000) route_px=169 rescue_px=0 hall_px=0 FG/HBG/EBG=32/256/1280 fallback=0 rel=0.919/0.830/0.958 wmean=1.000 grad_preclip=263.64
[E17] batch=150/250 pseudo=4 loss=14.8996 seg=0.6631 semseg=2.0430 mard=2.0782 lambda=0.044899 box_extra=0 mask_extra=0 DURR=0.0117 (dir=0.0585,res=-0.0000,hall=-0.0000) route_px=503 rescue_px=0 hall_px=0 FG/HBG/EBG=32/256/1280 fallback=0 rel=0.963/0.954/0.970 wmean=1.000 grad_preclip=176.78
[E17] batch=160/250 pseudo=4 loss=18.6696 seg=0.5866 semseg=2.4363 mard=2.0402 lambda=0.028333 box_extra=0 mask_extra=0 DURR=0.0480 (dir=0.2399,res=-0.0000,hall=-0.0000) route_px=444 rescue_px=0 hall_px=0 FG/HBG/EBG=32/256/1280 fallback=0 rel=0.869/0.829/0.927 wmean=1.000 grad_preclip=221.55
[E17] batch=170/250 pseudo=5 loss=4.4873 seg=0.3683 semseg=0.1396 mard=2.0305 lambda=0.038453 box_extra=1 mask_extra=1 DURR=0.0205 (dir=0.1027,res=-0.0000,hall=-0.0000) route_px=96 rescue_px=0 hall_px=0 FG/HBG/EBG=40/320/1216 fallback=0 rel=0.919/0.882/0.945 wmean=1.000 grad_preclip=25.96
[E17] batch=180/250 pseudo=5 loss=5.8585 seg=0.3378 semseg=0.1758 mard=2.0662 lambda=0.034784 box_extra=0 mask_extra=0 DURR=0.0261 (dir=0.1306,res=-0.0000,hall=-0.0000) route_px=344 rescue_px=0 hall_px=0 FG/HBG/EBG=40/256/1280 fallback=0 rel=0.906/0.798/0.968 wmean=1.000 grad_preclip=65.17
[E17] batch=190/250 pseudo=6 loss=6.1489 seg=0.4923 semseg=0.4197 mard=1.9779 lambda=0.030431 box_extra=0 mask_extra=0 DURR=0.0181 (dir=0.0903,res=-0.0000,hall=-0.0000) route_px=480 rescue_px=0 hall_px=0 FG/HBG/EBG=48/320/1216 fallback=0 rel=0.871/0.682/0.952 wmean=1.000 grad_preclip=30.19
[E17] batch=200/250 pseudo=4 loss=7.2995 seg=0.8837 semseg=0.5739 mard=2.0757 lambda=0.032321 box_extra=0 mask_extra=0 DURR=0.0250 (dir=0.1249,res=-0.0000,hall=-0.0000) route_px=327 rescue_px=0 hall_px=0 FG/HBG/EBG=32/256/896 fallback=0 rel=0.882/0.691/0.959 wmean=1.000 grad_preclip=159.09
[E17] batch=210/250 pseudo=5 loss=17.3588 seg=1.4696 semseg=1.0382 mard=2.0483 lambda=0.031477 box_extra=0 mask_extra=0 DURR=0.0116 (dir=0.0582,res=-0.0000,hall=-0.0000) route_px=276 rescue_px=0 hall_px=0 FG/HBG/EBG=40/256/1280 fallback=0 rel=0.881/0.699/0.971 wmean=1.000 grad_preclip=148.40
[E17] batch=220/250 pseudo=3 loss=3.3997 seg=0.3261 semseg=0.2000 mard=2.0123 lambda=0.028998 box_extra=0 mask_extra=0 DURR=0.3497 (dir=0.1359,res=-0.0000,hall=1.6125) route_px=132 rescue_px=0 hall_px=20 FG/HBG/EBG=24/192/960 fallback=0 rel=0.873/0.824/0.927 wmean=1.000 grad_preclip=37.51
[E17] batch=230/250 pseudo=4 loss=13.6240 seg=1.4100 semseg=0.6101 mard=2.0116 lambda=0.036125 box_extra=0 mask_extra=0 DURR=0.0308 (dir=0.1540,res=-0.0000,hall=-0.0000) route_px=560 rescue_px=0 hall_px=0 FG/HBG/EBG=32/256/1280 fallback=0 rel=0.906/0.850/0.939 wmean=1.000 grad_preclip=78.58
[E17] batch=240/250 pseudo=4 loss=4.7630 seg=0.3787 semseg=0.1052 mard=2.0570 lambda=0.045000 box_extra=0 mask_extra=0 DURR=0.0631 (dir=0.3157,res=-0.0000,hall=-0.0000) route_px=149 rescue_px=0 hall_px=0 FG/HBG/EBG=32/256/1280 fallback=0 rel=0.959/0.952/0.966 wmean=1.000 grad_preclip=82.88
[E17] batch=250/250 pseudo=5 loss=7.9583 seg=0.6261 semseg=0.4012 mard=1.9959 lambda=0.037469 box_extra=1 mask_extra=1 DURR=0.0304 (dir=0.1519,res=-0.0000,hall=-0.0000) route_px=444 rescue_px=0 hall_px=0 FG/HBG/EBG=40/256/1280 fallback=0 rel=0.914/0.811/0.963 wmean=1.000 grad_preclip=44.43

[Epoch 17] DONE time=77.7s valid=250 skipped=0 pseudo=1032 anchors=987 box_extra=62 mask_extra=45 reject_rel=17 DURR=0.0698 (dir=0.1424,res=0.0157,hall=0.1673) empty=51 rescue=14/14 hall_trigger=14 loss=8.0401 seg=0.6174 semseg=0.5374 mard=2.0280 lambda_avg=0.038466 FG/HBG/EBG=33.0/253.7/1204.0 rel=0.918/0.682/0.976 wmean=1.000
[E18] batch=001/250 pseudo=6 loss=5.5749 seg=0.3700 semseg=0.2064 mard=2.0611 lambda=0.039039 box_extra=1 mask_extra=1 DURR=0.0702 (dir=0.1371,res=0.0856,hall=-0.0000) route_px=122 rescue_px=887 hall_px=0 FG/HBG/EBG=48/384/1152 fallback=0 rel=0.919/0.746/0.970 wmean=1.000 grad_preclip=21.34
[E18] batch=010/250 pseudo=3 loss=5.3434 seg=0.6067 semseg=0.6289 mard=2.0946 lambda=0.044335 box_extra=0 mask_extra=0 DURR=0.0170 (dir=0.0848,res=-0.0000,hall=-0.0000) route_px=560 rescue_px=0 hall_px=0 FG/HBG/EBG=24/192/960 fallback=0 rel=0.957/0.947/0.967 wmean=1.000 grad_preclip=44.81
[E18] batch=020/250 pseudo=4 loss=9.5179 seg=0.4135 semseg=0.4835 mard=2.0241 lambda=0.039699 box_extra=0 mask_extra=0 DURR=0.0358 (dir=0.1789,res=-0.0000,hall=-0.0000) route_px=279 rescue_px=0 hall_px=0 FG/HBG/EBG=32/256/1280 fallback=0 rel=0.932/0.893/0.958 wmean=1.000 grad_preclip=81.23
[E18] batch=030/250 pseudo=4 loss=5.9190 seg=0.4886 semseg=0.1334 mard=1.9961 lambda=0.036916 box_extra=1 mask_extra=1 DURR=0.0319 (dir=0.1593,res=-0.0000,hall=-0.0000) route_px=279 rescue_px=0 hall_px=0 FG/HBG/EBG=32/256/1280 fallback=0 rel=0.911/0.838/0.948 wmean=1.000 grad_preclip=34.44
[E18] batch=040/250 pseudo=4 loss=21.1916 seg=1.4314 semseg=1.8422 mard=2.0378 lambda=0.039706 box_extra=0 mask_extra=0 DURR=0.0207 (dir=0.1035,res=-0.0000,hall=-0.0000) route_px=531 rescue_px=0 hall_px=0 FG/HBG/EBG=32/256/1280 fallback=0 rel=0.924/0.841/0.959 wmean=1.000 grad_preclip=269.75
[E18] batch=050/250 pseudo=4 loss=23.1137 seg=1.0330 semseg=1.8465 mard=2.0393 lambda=0.030765 box_extra=1 mask_extra=1 DURR=0.0227 (dir=0.1135,res=-0.0000,hall=-0.0000) route_px=269 rescue_px=0 hall_px=0 FG/HBG/EBG=32/256/1280 fallback=0 rel=0.880/0.786/0.951 wmean=1.000 grad_preclip=104.63
[E18] batch=060/250 pseudo=5 loss=6.9489 seg=0.5656 semseg=0.3198 mard=1.9929 lambda=0.038452 box_extra=0 mask_extra=0 DURR=0.0358 (dir=0.1788,res=-0.0000,hall=-0.0000) route_px=423 rescue_px=0 hall_px=0 FG/HBG/EBG=40/320/1216 fallback=0 rel=0.914/0.887/0.943 wmean=1.000 grad_preclip=72.73
[E18] batch=070/250 pseudo=4 loss=3.0061 seg=0.2343 semseg=0.1344 mard=2.0638 lambda=0.042542 box_extra=0 mask_extra=0 DURR=0.0211 (dir=0.1057,res=-0.0000,hall=-0.0000) route_px=286 rescue_px=0 hall_px=0 FG/HBG/EBG=32/256/1280 fallback=0 rel=0.948/0.901/0.969 wmean=1.000 grad_preclip=27.79
[E18] batch=080/250 pseudo=5 loss=4.8751 seg=0.2871 semseg=0.1241 mard=2.0193 lambda=0.033572 box_extra=0 mask_extra=0 DURR=0.0191 (dir=0.0955,res=-0.0000,hall=-0.0000) route_px=340 rescue_px=0 hall_px=0 FG/HBG/EBG=40/256/1280 fallback=0 rel=0.896/0.799/0.965 wmean=1.000 grad_preclip=25.46
[E18] batch=090/250 pseudo=4 loss=9.2113 seg=0.3325 semseg=0.9884 mard=2.0413 lambda=0.032598 box_extra=1 mask_extra=0 DURR=0.0336 (dir=0.1682,res=-0.0000,hall=-0.0000) route_px=133 rescue_px=0 hall_px=0 FG/HBG/EBG=32/256/1280 fallback=0 rel=0.885/0.692/0.956 wmean=1.000 grad_preclip=46.10
[E18] batch=100/250 pseudo=4 loss=6.9543 seg=0.6602 semseg=0.4043 mard=2.0892 lambda=0.042153 box_extra=0 mask_extra=0 DURR=0.0204 (dir=0.1022,res=-0.0000,hall=-0.0000) route_px=588 rescue_px=0 hall_px=0 FG/HBG/EBG=32/256/1280 fallback=0 rel=0.941/0.913/0.956 wmean=1.000 grad_preclip=74.81
[E18] batch=110/250 pseudo=4 loss=5.4407 seg=0.4730 semseg=0.1682 mard=2.0309 lambda=0.043632 box_extra=0 mask_extra=0 DURR=0.0335 (dir=0.1677,res=-0.0000,hall=-0.0000) route_px=153 rescue_px=0 hall_px=0 FG/HBG/EBG=32/256/1280 fallback=0 rel=0.950/0.929/0.970 wmean=1.000 grad_preclip=57.43
[E18] batch=120/250 pseudo=4 loss=9.4362 seg=0.5366 semseg=0.4429 mard=1.9668 lambda=0.034140 box_extra=0 mask_extra=0 DURR=0.0283 (dir=0.1415,res=-0.0000,hall=-0.0000) route_px=409 rescue_px=0 hall_px=0 FG/HBG/EBG=32/256/1280 fallback=0 rel=0.893/0.797/0.944 wmean=1.000 grad_preclip=89.75
[E18] batch=130/250 pseudo=5 loss=3.5141 seg=0.2659 semseg=0.1102 mard=2.0523 lambda=0.037229 box_extra=0 mask_extra=0 DURR=0.0244 (dir=0.1221,res=-0.0000,hall=-0.0000) route_px=292 rescue_px=0 hall_px=0 FG/HBG/EBG=40/320/1216 fallback=0 rel=0.915/0.787/0.971 wmean=1.000 grad_preclip=21.59
[E18] batch=140/250 pseudo=6 loss=13.3099 seg=0.5556 semseg=0.6173 mard=2.0202 lambda=0.034908 box_extra=1 mask_extra=1 DURR=0.2014 (dir=0.2389,res=0.3072,hall=-0.0000) route_px=214 rescue_px=105 hall_px=0 FG/HBG/EBG=48/320/1216 fallback=0 rel=0.904/0.764/0.969 wmean=1.000 grad_preclip=78.99
[E18] batch=150/250 pseudo=3 loss=2.9841 seg=0.2751 semseg=0.1118 mard=1.9587 lambda=0.040990 box_extra=0 mask_extra=0 DURR=0.0379 (dir=0.1893,res=-0.0000,hall=-0.0000) route_px=149 rescue_px=0 hall_px=0 FG/HBG/EBG=24/192/960 fallback=0 rel=0.938/0.922/0.964 wmean=1.000 grad_preclip=19.68
[E18] batch=160/250 pseudo=3 loss=6.7403 seg=0.3076 semseg=0.3890 mard=1.9939 lambda=0.033774 box_extra=1 mask_extra=1 DURR=0.4800 (dir=0.1205,res=-0.0000,hall=2.2797) route_px=252 rescue_px=0 hall_px=4 FG/HBG/EBG=24/192/960 fallback=0 rel=0.901/0.829/0.963 wmean=1.000 grad_preclip=55.89
[E18] batch=170/250 pseudo=4 loss=6.1426 seg=0.4467 semseg=0.2104 mard=2.0544 lambda=0.037555 box_extra=0 mask_extra=0 DURR=0.0238 (dir=0.1191,res=-0.0000,hall=-0.0000) route_px=507 rescue_px=0 hall_px=0 FG/HBG/EBG=32/256/1280 fallback=0 rel=0.920/0.796/0.967 wmean=1.000 grad_preclip=40.43
[E18] batch=180/250 pseudo=3 loss=5.6282 seg=0.3880 semseg=0.3009 mard=2.0380 lambda=0.042380 box_extra=1 mask_extra=0 DURR=0.5357 (dir=0.0935,res=-0.0000,hall=2.5851) route_px=314 rescue_px=0 hall_px=24 FG/HBG/EBG=24/192/960 fallback=0 rel=0.945/0.931/0.962 wmean=1.000 grad_preclip=51.66
[E18] batch=190/250 pseudo=4 loss=11.3276 seg=0.9491 semseg=0.4151 mard=2.0149 lambda=0.030442 box_extra=1 mask_extra=1 DURR=0.0198 (dir=0.0989,res=-0.0000,hall=-0.0000) route_px=246 rescue_px=0 hall_px=0 FG/HBG/EBG=32/256/1280 fallback=0 rel=0.867/0.773/0.960 wmean=1.000 grad_preclip=52.86
[E18] batch=200/250 pseudo=4 loss=7.9157 seg=0.8007 semseg=0.2803 mard=2.0206 lambda=0.040864 box_extra=0 mask_extra=0 DURR=0.0552 (dir=0.2761,res=-0.0000,hall=-0.0000) route_px=125 rescue_px=0 hall_px=0 FG/HBG/EBG=32/256/1280 fallback=0 rel=0.938/0.856/0.970 wmean=1.000 grad_preclip=71.78
[E18] batch=210/250 pseudo=4 loss=3.2025 seg=0.2387 semseg=0.0978 mard=2.0069 lambda=0.044472 box_extra=0 mask_extra=0 DURR=0.0246 (dir=0.1228,res=-0.0000,hall=-0.0000) route_px=150 rescue_px=0 hall_px=0 FG/HBG/EBG=32/256/1280 fallback=0 rel=0.956/0.933/0.970 wmean=1.000 grad_preclip=26.19
[E18] batch=220/250 pseudo=5 loss=10.9936 seg=1.4611 semseg=0.3520 mard=1.9555 lambda=0.034806 box_extra=2 mask_extra=1 DURR=0.1030 (dir=0.0823,res=0.1731,hall=-0.0000) route_px=482 rescue_px=413 hall_px=0 FG/HBG/EBG=40/320/1216 fallback=0 rel=0.894/0.708/0.959 wmean=1.000 grad_preclip=171.74
[E18] batch=230/250 pseudo=4 loss=5.1041 seg=0.4782 semseg=0.2331 mard=2.0230 lambda=0.043115 box_extra=0 mask_extra=0 DURR=0.0258 (dir=0.1289,res=-0.0000,hall=-0.0000) route_px=327 rescue_px=0 hall_px=0 FG/HBG/EBG=32/256/1280 fallback=0 rel=0.947/0.925/0.964 wmean=1.000 grad_preclip=37.32
[E18] batch=240/250 pseudo=4 loss=3.0466 seg=0.2039 semseg=0.1075 mard=2.0236 lambda=0.042193 box_extra=0 mask_extra=0 DURR=0.0262 (dir=0.1309,res=-0.0000,hall=-0.0000) route_px=140 rescue_px=0 hall_px=0 FG/HBG/EBG=32/256/1280 fallback=0 rel=0.945/0.926/0.961 wmean=1.000 grad_preclip=32.23
[E18] batch=250/250 pseudo=4 loss=8.6584 seg=0.9321 semseg=0.3415 mard=1.9542 lambda=0.042217 box_extra=0 mask_extra=0 DURR=0.0441 (dir=0.2204,res=-0.0000,hall=-0.0000) route_px=190 rescue_px=0 hall_px=0 FG/HBG/EBG=32/256/1280 fallback=0 rel=0.941/0.926/0.950 wmean=1.000 grad_preclip=83.37

[Epoch 18] DONE time=77.8s valid=250 skipped=0 pseudo=1034 anchors=996 box_extra=56 mask_extra=38 reject_rel=18 DURR=0.0682 (dir=0.1400,res=0.0089,hall=0.1789) empty=46 rescue=9/9 hall_trigger=15 loss=8.1900 seg=0.5951 semseg=0.5442 mard=2.0258 lambda_avg=0.038034 FG/HBG/EBG=33.1/254.5/1210.9 rel=0.916/0.687/0.976 wmean=1.000
[E19] batch=001/250 pseudo=4 loss=8.0359 seg=0.3210 semseg=1.0213 mard=2.0326 lambda=0.039385 box_extra=0 mask_extra=0 DURR=0.0301 (dir=0.1504,res=-0.0000,hall=-0.0000) route_px=177 rescue_px=0 hall_px=0 FG/HBG/EBG=32/256/1280 fallback=0 rel=0.926/0.843/0.961 wmean=1.000 grad_preclip=40.02
[E19] batch=010/250 pseudo=3 loss=3.5393 seg=0.2880 semseg=0.1731 mard=1.9687 lambda=0.039103 box_extra=0 mask_extra=0 DURR=0.0121 (dir=0.0604,res=-0.0000,hall=-0.0000) route_px=58 rescue_px=0 hall_px=0 FG/HBG/EBG=24/192/960 fallback=0 rel=0.925/0.855/0.967 wmean=1.000 grad_preclip=67.06
[E19] batch=020/250 pseudo=4 loss=7.0845 seg=0.5651 semseg=0.3314 mard=2.0131 lambda=0.042035 box_extra=0 mask_extra=0 DURR=0.0143 (dir=0.0715,res=-0.0000,hall=-0.0000) route_px=545 rescue_px=0 hall_px=0 FG/HBG/EBG=32/256/1280 fallback=0 rel=0.936/0.897/0.959 wmean=1.000 grad_preclip=51.13
[E19] batch=030/250 pseudo=3 loss=3.2824 seg=0.4105 semseg=0.1031 mard=2.0933 lambda=0.046222 box_extra=1 mask_extra=0 DURR=0.0520 (dir=0.2599,res=-0.0000,hall=-0.0000) route_px=31 rescue_px=0 hall_px=0 FG/HBG/EBG=24/192/960 fallback=0 rel=0.967/0.964/0.970 wmean=1.000 grad_preclip=26.29
[E19] batch=040/250 pseudo=6 loss=31.5007 seg=1.7198 semseg=3.9392 mard=1.9656 lambda=0.030553 box_extra=1 mask_extra=1 DURR=0.0498 (dir=0.2490,res=-0.0000,hall=-0.0000) route_px=141 rescue_px=0 hall_px=0 FG/HBG/EBG=48/384/1152 fallback=0 rel=0.867/0.804/0.964 wmean=1.000 grad_preclip=170.12
[E19] batch=050/250 pseudo=4 loss=4.0486 seg=0.3235 semseg=0.1889 mard=1.9770 lambda=0.044238 box_extra=1 mask_extra=0 DURR=0.0153 (dir=0.0766,res=-0.0000,hall=-0.0000) route_px=278 rescue_px=0 hall_px=0 FG/HBG/EBG=32/256/1280 fallback=0 rel=0.953/0.940/0.963 wmean=1.000 grad_preclip=33.62
[E19] batch=060/250 pseudo=5 loss=5.5131 seg=0.4186 semseg=0.2110 mard=2.0645 lambda=0.043107 box_extra=0 mask_extra=0 DURR=0.0347 (dir=0.1737,res=-0.0000,hall=-0.0000) route_px=265 rescue_px=0 hall_px=0 FG/HBG/EBG=40/320/1216 fallback=0 rel=0.945/0.912/0.966 wmean=1.000 grad_preclip=33.63
[E19] batch=070/250 pseudo=4 loss=7.8848 seg=0.6301 semseg=0.3071 mard=2.0471 lambda=0.035041 box_extra=0 mask_extra=0 DURR=0.0206 (dir=0.1029,res=-0.0000,hall=-0.0000) route_px=223 rescue_px=0 hall_px=0 FG/HBG/EBG=32/256/1280 fallback=0 rel=0.893/0.748/0.943 wmean=1.000 grad_preclip=141.46
[E19] batch=080/250 pseudo=4 loss=3.6343 seg=0.2128 semseg=0.0942 mard=2.0006 lambda=0.042780 box_extra=0 mask_extra=0 DURR=0.0479 (dir=0.2395,res=-0.0000,hall=-0.0000) route_px=164 rescue_px=0 hall_px=0 FG/HBG/EBG=32/256/1280 fallback=0 rel=0.947/0.931/0.954 wmean=1.000 grad_preclip=50.54
[E19] batch=090/250 pseudo=4 loss=7.3421 seg=0.6599 semseg=0.4186 mard=2.0320 lambda=0.041881 box_extra=0 mask_extra=0 DURR=0.0520 (dir=0.2598,res=-0.0000,hall=-0.0000) route_px=260 rescue_px=0 hall_px=0 FG/HBG/EBG=32/256/1280 fallback=0 rel=0.942/0.908/0.970 wmean=1.000 grad_preclip=79.02
[E19] batch=100/250 pseudo=4 loss=2.7784 seg=0.2369 semseg=0.0904 mard=1.9787 lambda=0.044723 box_extra=0 mask_extra=0 DURR=0.0243 (dir=0.1216,res=-0.0000,hall=-0.0000) route_px=43 rescue_px=0 hall_px=0 FG/HBG/EBG=32/256/1280 fallback=0 rel=0.961/0.956/0.968 wmean=1.000 grad_preclip=29.53
[E19] batch=110/250 pseudo=3 loss=3.9915 seg=0.5264 semseg=0.1563 mard=2.0984 lambda=0.037962 box_extra=0 mask_extra=0 DURR=0.6417 (dir=0.1272,res=-0.0000,hall=3.0815) route_px=393 rescue_px=0 hall_px=23 FG/HBG/EBG=24/192/960 fallback=0 rel=0.926/0.892/0.955 wmean=1.000 grad_preclip=38.86
[E19] batch=120/250 pseudo=4 loss=5.0696 seg=0.2912 semseg=0.2322 mard=2.1125 lambda=0.045119 box_extra=0 mask_extra=0 DURR=0.0888 (dir=0.4439,res=-0.0000,hall=-0.0000) route_px=308 rescue_px=0 hall_px=0 FG/HBG/EBG=32/256/1280 fallback=0 rel=0.963/0.949/0.974 wmean=1.000 grad_preclip=40.81
[E19] batch=130/250 pseudo=4 loss=4.7101 seg=0.4024 semseg=0.1730 mard=2.0020 lambda=0.037216 box_extra=0 mask_extra=0 DURR=0.0255 (dir=0.1273,res=-0.0000,hall=-0.0000) route_px=365 rescue_px=0 hall_px=0 FG/HBG/EBG=32/256/1280 fallback=0 rel=0.914/0.804/0.968 wmean=1.000 grad_preclip=40.08
[E19] batch=140/250 pseudo=3 loss=7.4899 seg=0.7922 semseg=0.3483 mard=2.0663 lambda=0.026358 box_extra=0 mask_extra=0 DURR=0.6143 (dir=0.1748,res=-0.0000,hall=2.8968) route_px=229 rescue_px=0 hall_px=622 FG/HBG/EBG=24/192/960 fallback=0 rel=0.841/0.690/0.925 wmean=1.000 grad_preclip=69.50
[E19] batch=150/250 pseudo=5 loss=9.3801 seg=0.8452 semseg=0.3238 mard=2.0041 lambda=0.028566 box_extra=1 mask_extra=1 DURR=0.1958 (dir=0.1231,res=0.3424,hall=-0.0000) route_px=324 rescue_px=142 hall_px=0 FG/HBG/EBG=40/256/1280 fallback=0 rel=0.861/0.724/0.951 wmean=1.000 grad_preclip=68.46
[E19] batch=160/250 pseudo=4 loss=6.5210 seg=0.5742 semseg=0.1961 mard=1.9684 lambda=0.043286 box_extra=0 mask_extra=0 DURR=0.0420 (dir=0.2102,res=-0.0000,hall=-0.0000) route_px=217 rescue_px=0 hall_px=0 FG/HBG/EBG=32/256/1280 fallback=0 rel=0.942/0.933/0.952 wmean=1.000 grad_preclip=46.75
[E19] batch=170/250 pseudo=4 loss=15.9816 seg=0.9529 semseg=0.9740 mard=2.0875 lambda=0.028527 box_extra=1 mask_extra=1 DURR=0.0326 (dir=0.1629,res=-0.0000,hall=-0.0000) route_px=495 rescue_px=0 hall_px=0 FG/HBG/EBG=32/256/1280 fallback=0 rel=0.864/0.772/0.925 wmean=1.000 grad_preclip=94.67
[E19] batch=180/250 pseudo=4 loss=13.9166 seg=0.8590 semseg=1.1073 mard=1.9928 lambda=0.040855 box_extra=0 mask_extra=0 DURR=0.0156 (dir=0.0780,res=-0.0000,hall=-0.0000) route_px=470 rescue_px=0 hall_px=0 FG/HBG/EBG=32/256/1280 fallback=0 rel=0.936/0.892/0.953 wmean=1.000 grad_preclip=101.75
[E19] batch=190/250 pseudo=4 loss=5.6916 seg=0.4322 semseg=0.2003 mard=2.0063 lambda=0.043331 box_extra=0 mask_extra=0 DURR=0.0299 (dir=0.1495,res=-0.0000,hall=-0.0000) route_px=461 rescue_px=0 hall_px=0 FG/HBG/EBG=32/256/1280 fallback=0 rel=0.951/0.940/0.963 wmean=1.000 grad_preclip=38.76
[E19] batch=200/250 pseudo=5 loss=8.5286 seg=0.9599 semseg=0.2679 mard=2.0793 lambda=0.036228 box_extra=0 mask_extra=0 DURR=0.0339 (dir=0.1695,res=-0.0000,hall=-0.0000) route_px=551 rescue_px=0 hall_px=0 FG/HBG/EBG=40/256/1280 fallback=0 rel=0.900/0.808/0.958 wmean=1.000 grad_preclip=54.36
[E19] batch=210/250 pseudo=4 loss=7.1272 seg=0.3729 semseg=0.4102 mard=2.0448 lambda=0.044261 box_extra=0 mask_extra=0 DURR=0.0287 (dir=0.1433,res=-0.0000,hall=-0.0000) route_px=650 rescue_px=0 hall_px=0 FG/HBG/EBG=32/256/1280 fallback=0 rel=0.955/0.938/0.968 wmean=1.000 grad_preclip=30.90
[E19] batch=220/250 pseudo=4 loss=15.6463 seg=1.0129 semseg=1.3856 mard=1.9513 lambda=0.036228 box_extra=0 mask_extra=0 DURR=0.0077 (dir=0.0386,res=-0.0000,hall=-0.0000) route_px=495 rescue_px=0 hall_px=0 FG/HBG/EBG=32/256/1280 fallback=0 rel=0.908/0.809/0.961 wmean=1.000 grad_preclip=149.94
[E19] batch=230/250 pseudo=5 loss=5.4246 seg=0.2932 semseg=0.1037 mard=2.0041 lambda=0.039407 box_extra=0 mask_extra=0 DURR=0.0241 (dir=0.1203,res=-0.0000,hall=-0.0000) route_px=139 rescue_px=0 hall_px=0 FG/HBG/EBG=40/256/1280 fallback=0 rel=0.926/0.853/0.962 wmean=1.000 grad_preclip=23.53
[E19] batch=240/250 pseudo=5 loss=12.5026 seg=0.8126 semseg=1.2246 mard=2.0581 lambda=0.027369 box_extra=1 mask_extra=0 DURR=0.8869 (dir=0.0904,res=-0.0000,hall=4.3443) route_px=585 rescue_px=0 hall_px=749 FG/HBG/EBG=40/256/896 fallback=0 rel=0.857/0.797/0.958 wmean=1.000 grad_preclip=102.41
[E19] batch=250/250 pseudo=5 loss=5.3579 seg=0.4115 semseg=0.2687 mard=2.0116 lambda=0.030434 box_extra=0 mask_extra=0 DURR=0.0541 (dir=0.2707,res=-0.0000,hall=-0.0000) route_px=172 rescue_px=0 hall_px=0 FG/HBG/EBG=40/256/1280 fallback=0 rel=0.875/0.719/0.955 wmean=1.000 grad_preclip=51.79

[Epoch 19] DONE time=77.5s valid=250 skipped=0 pseudo=1030 anchors=996 box_extra=48 mask_extra=34 reject_rel=14 DURR=0.0830 (dir=0.1354,res=0.0200,hall=0.2293) empty=49 rescue=13/13 hall_trigger=21 loss=7.7467 seg=0.5755 semseg=0.5199 mard=2.0281 lambda_avg=0.038694 FG/HBG/EBG=33.0/254.0/1206.8 rel=0.920/0.687/0.975 wmean=1.000
[E20] batch=001/250 pseudo=4 loss=12.7480 seg=0.5260 semseg=0.8497 mard=2.0120 lambda=0.040532 box_extra=0 mask_extra=0 DURR=0.0443 (dir=0.2217,res=-0.0000,hall=-0.0000) route_px=235 rescue_px=0 hall_px=0 FG/HBG/EBG=32/256/1280 fallback=0 rel=0.931/0.885/0.956 wmean=1.000 grad_preclip=127.11
[E20] batch=010/250 pseudo=3 loss=3.8564 seg=0.4472 semseg=0.2619 mard=1.9779 lambda=0.043886 box_extra=0 mask_extra=0 DURR=0.0144 (dir=0.0718,res=-0.0000,hall=-0.0000) route_px=302 rescue_px=0 hall_px=0 FG/HBG/EBG=24/192/960 fallback=0 rel=0.952/0.932/0.963 wmean=1.000 grad_preclip=27.97
[E20] batch=020/250 pseudo=4 loss=3.6459 seg=0.3172 semseg=0.1152 mard=2.0193 lambda=0.043951 box_extra=0 mask_extra=0 DURR=0.0068 (dir=0.0339,res=-0.0000,hall=-0.0000) route_px=31 rescue_px=0 hall_px=0 FG/HBG/EBG=32/256/1280 fallback=0 rel=0.953/0.932/0.966 wmean=1.000 grad_preclip=26.42
[E20] batch=030/250 pseudo=3 loss=5.3903 seg=0.4842 semseg=0.2197 mard=2.0678 lambda=0.042246 box_extra=0 mask_extra=0 DURR=0.0336 (dir=0.1681,res=-0.0000,hall=-0.0000) route_px=114 rescue_px=0 hall_px=0 FG/HBG/EBG=24/192/960 fallback=0 rel=0.946/0.930/0.964 wmean=1.000 grad_preclip=66.31
[E20] batch=040/250 pseudo=4 loss=9.2792 seg=0.5596 semseg=0.8089 mard=2.0577 lambda=0.037056 box_extra=1 mask_extra=1 DURR=0.0421 (dir=0.2106,res=-0.0000,hall=-0.0000) route_px=220 rescue_px=0 hall_px=0 FG/HBG/EBG=32/256/1280 fallback=0 rel=0.913/0.828/0.963 wmean=1.000 grad_preclip=53.14
[E20] batch=050/250 pseudo=4 loss=6.0620 seg=0.5544 semseg=0.2336 mard=2.0221 lambda=0.036686 box_extra=0 mask_extra=0 DURR=0.9445 (dir=0.1357,res=-0.0000,hall=4.5868) route_px=459 rescue_px=0 hall_px=519 FG/HBG/EBG=32/192/960 fallback=0 rel=0.904/0.829/0.938 wmean=1.000 grad_preclip=65.95
[E20] batch=060/250 pseudo=5 loss=4.0567 seg=0.2536 semseg=0.2053 mard=2.0378 lambda=0.044096 box_extra=0 mask_extra=0 DURR=0.0351 (dir=0.1757,res=-0.0000,hall=-0.0000) route_px=170 rescue_px=0 hall_px=0 FG/HBG/EBG=40/320/1216 fallback=0 rel=0.955/0.933/0.973 wmean=1.000 grad_preclip=27.86
[E20] batch=070/250 pseudo=6 loss=6.9370 seg=0.5408 semseg=0.3929 mard=2.0471 lambda=0.027759 box_extra=1 mask_extra=1 DURR=0.0297 (dir=0.1483,res=-0.0000,hall=-0.0000) route_px=662 rescue_px=0 hall_px=0 FG/HBG/EBG=48/384/1152 fallback=0 rel=0.856/0.689/0.954 wmean=1.000 grad_preclip=34.42
[E20] batch=080/250 pseudo=3 loss=3.3582 seg=0.3686 semseg=0.1667 mard=2.0582 lambda=0.043767 box_extra=0 mask_extra=0 DURR=0.0392 (dir=0.1959,res=-0.0000,hall=-0.0000) route_px=277 rescue_px=0 hall_px=0 FG/HBG/EBG=24/192/960 fallback=0 rel=0.951/0.941/0.961 wmean=1.000 grad_preclip=25.06
[E20] batch=090/250 pseudo=5 loss=7.3367 seg=0.5835 semseg=0.3829 mard=1.9516 lambda=0.033518 box_extra=1 mask_extra=1 DURR=0.0398 (dir=0.1989,res=-0.0000,hall=-0.0000) route_px=163 rescue_px=0 hall_px=0 FG/HBG/EBG=40/320/1216 fallback=0 rel=0.887/0.739/0.958 wmean=1.000 grad_preclip=33.44
[E20] batch=100/250 pseudo=4 loss=9.0714 seg=1.0352 semseg=0.4504 mard=2.0833 lambda=0.038100 box_extra=0 mask_extra=0 DURR=0.0134 (dir=0.0671,res=-0.0000,hall=-0.0000) route_px=374 rescue_px=0 hall_px=0 FG/HBG/EBG=32/256/1280 fallback=0 rel=0.923/0.824/0.966 wmean=1.000 grad_preclip=93.94
[E20] batch=110/250 pseudo=5 loss=24.1169 seg=2.8146 semseg=1.0801 mard=2.0288 lambda=0.032466 box_extra=0 mask_extra=0 DURR=0.0176 (dir=0.0878,res=-0.0000,hall=-0.0000) route_px=673 rescue_px=0 hall_px=0 FG/HBG/EBG=40/256/1280 fallback=0 rel=0.879/0.759/0.945 wmean=1.000 grad_preclip=385.51
[E20] batch=120/250 pseudo=4 loss=6.7177 seg=0.3394 semseg=0.3304 mard=1.9726 lambda=0.032256 box_extra=0 mask_extra=0 DURR=0.0471 (dir=0.2355,res=-0.0000,hall=-0.0000) route_px=420 rescue_px=0 hall_px=0 FG/HBG/EBG=32/256/1280 fallback=0 rel=0.883/0.707/0.955 wmean=1.000 grad_preclip=26.59
[E20] batch=130/250 pseudo=4 loss=20.4524 seg=3.2104 semseg=0.6585 mard=2.0029 lambda=0.035260 box_extra=0 mask_extra=0 DURR=0.0343 (dir=0.1717,res=-0.0000,hall=-0.0000) route_px=466 rescue_px=0 hall_px=0 FG/HBG/EBG=32/256/1280 fallback=0 rel=0.893/0.734/0.958 wmean=1.000 grad_preclip=200.22
[E20] batch=140/250 pseudo=4 loss=4.0695 seg=0.3724 semseg=0.1276 mard=1.9647 lambda=0.040083 box_extra=0 mask_extra=0 DURR=0.0181 (dir=0.0905,res=-0.0000,hall=-0.0000) route_px=173 rescue_px=0 hall_px=0 FG/HBG/EBG=32/256/1280 fallback=0 rel=0.930/0.835/0.969 wmean=1.000 grad_preclip=32.94
[E20] batch=150/250 pseudo=5 loss=9.8482 seg=0.4864 semseg=0.3198 mard=1.9874 lambda=0.038040 box_extra=1 mask_extra=1 DURR=0.0313 (dir=0.1565,res=-0.0000,hall=-0.0000) route_px=487 rescue_px=0 hall_px=0 FG/HBG/EBG=40/320/1216 fallback=0 rel=0.918/0.852/0.962 wmean=1.000 grad_preclip=68.08
[E20] batch=160/250 pseudo=4 loss=7.1516 seg=0.8726 semseg=0.4006 mard=2.0762 lambda=0.041389 box_extra=0 mask_extra=0 DURR=0.0165 (dir=0.0825,res=-0.0000,hall=-0.0000) route_px=548 rescue_px=0 hall_px=0 FG/HBG/EBG=32/256/1280 fallback=0 rel=0.941/0.923/0.962 wmean=1.000 grad_preclip=38.77
[E20] batch=170/250 pseudo=4 loss=9.7965 seg=0.5715 semseg=0.4626 mard=2.0366 lambda=0.031451 box_extra=1 mask_extra=1 DURR=0.1862 (dir=0.1062,res=0.3299,hall=-0.0000) route_px=419 rescue_px=141 hall_px=0 FG/HBG/EBG=32/256/1280 fallback=0 rel=0.879/0.828/0.935 wmean=1.000 grad_preclip=72.39
[E20] batch=180/250 pseudo=3 loss=2.8221 seg=0.2859 semseg=0.1903 mard=2.0917 lambda=0.044331 box_extra=0 mask_extra=0 DURR=0.0370 (dir=0.1848,res=-0.0000,hall=-0.0000) route_px=79 rescue_px=0 hall_px=0 FG/HBG/EBG=24/192/960 fallback=0 rel=0.953/0.947/0.958 wmean=1.000 grad_preclip=27.89
[E20] batch=190/250 pseudo=4 loss=9.8607 seg=1.0133 semseg=0.4704 mard=2.0292 lambda=0.038013 box_extra=0 mask_extra=0 DURR=0.0247 (dir=0.1237,res=-0.0000,hall=-0.0000) route_px=363 rescue_px=0 hall_px=0 FG/HBG/EBG=32/256/1280 fallback=0 rel=0.920/0.830/0.965 wmean=1.000 grad_preclip=55.12
[E20] batch=200/250 pseudo=6 loss=10.0450 seg=0.7771 semseg=0.7779 mard=2.0647 lambda=0.039082 box_extra=1 mask_extra=1 DURR=0.0529 (dir=0.2644,res=-0.0000,hall=-0.0000) route_px=405 rescue_px=0 hall_px=0 FG/HBG/EBG=48/384/1152 fallback=0 rel=0.922/0.859/0.967 wmean=1.000 grad_preclip=65.22
[E20] batch=210/250 pseudo=4 loss=5.9047 seg=0.3574 semseg=0.2887 mard=2.0769 lambda=0.038930 box_extra=0 mask_extra=0 DURR=0.0138 (dir=0.0688,res=-0.0000,hall=-0.0000) route_px=213 rescue_px=0 hall_px=0 FG/HBG/EBG=32/256/1280 fallback=0 rel=0.929/0.856/0.973 wmean=1.000 grad_preclip=42.95
[E20] batch=220/250 pseudo=3 loss=2.8096 seg=0.2398 semseg=0.0836 mard=1.9944 lambda=0.043692 box_extra=0 mask_extra=0 DURR=0.7097 (dir=0.3686,res=-0.0000,hall=3.1799) route_px=46 rescue_px=0 hall_px=1197 FG/HBG/EBG=24/192/960 fallback=0 rel=0.952/0.935/0.965 wmean=1.000 grad_preclip=37.57
[E20] batch=230/250 pseudo=4 loss=5.7381 seg=0.4999 semseg=0.2188 mard=2.0393 lambda=0.038603 box_extra=0 mask_extra=0 DURR=0.0314 (dir=0.1570,res=-0.0000,hall=-0.0000) route_px=298 rescue_px=0 hall_px=0 FG/HBG/EBG=32/256/1280 fallback=0 rel=0.924/0.833/0.963 wmean=1.000 grad_preclip=31.78
[E20] batch=240/250 pseudo=2 loss=3.2154 seg=0.3779 semseg=0.1473 mard=2.0312 lambda=0.044188 box_extra=0 mask_extra=0 DURR=0.9234 (dir=0.1317,res=-0.0000,hall=4.4854) route_px=38 rescue_px=0 hall_px=500 FG/HBG/EBG=16/128/640 fallback=0 rel=0.952/0.946/0.959 wmean=1.000 grad_preclip=32.24
[E20] batch=250/250 pseudo=4 loss=8.0184 seg=0.4349 semseg=0.8462 mard=1.9734 lambda=0.044142 box_extra=0 mask_extra=0 DURR=0.0188 (dir=0.0939,res=-0.0000,hall=-0.0000) route_px=564 rescue_px=0 hall_px=0 FG/HBG/EBG=32/256/1280 fallback=0 rel=0.948/0.925/0.964 wmean=1.000 grad_preclip=55.50

[Epoch 20] DONE time=77.6s valid=250 skipped=0 pseudo=1031 anchors=999 box_extra=51 mask_extra=32 reject_rel=19 DURR=0.0706 (dir=0.1342,res=0.0095,hall=0.1953) empty=47 rescue=9/9 hall_trigger=17 loss=7.5607 seg=0.5866 semseg=0.4766 mard=2.0298 lambda_avg=0.038661 FG/HBG/EBG=33.0/254.7/1209.1 rel=0.919/0.681/0.978 wmean=1.000
[SAVE] /home/dang/MedRT-SFOD/runs/seg/dense_sfseg/kvasir_durr_v1_segmard_v2_60ep/checkpoints/dense_sfseg_epoch_20.pt
[E21] batch=001/250 pseudo=4 loss=15.7902 seg=0.5262 semseg=2.5897 mard=2.0161 lambda=0.045185 box_extra=0 mask_extra=0 DURR=0.0121 (dir=0.0603,res=-0.0000,hall=-0.0000) route_px=526 rescue_px=0 hall_px=0 FG/HBG/EBG=32/256/1280 fallback=0 rel=0.958/0.949/0.972 wmean=1.000 grad_preclip=159.63
[E21] batch=010/250 pseudo=4 loss=5.2710 seg=0.5463 semseg=0.1715 mard=2.0369 lambda=0.038907 box_extra=0 mask_extra=0 DURR=0.0275 (dir=0.1377,res=-0.0000,hall=-0.0000) route_px=437 rescue_px=0 hall_px=0 FG/HBG/EBG=32/256/1280 fallback=0 rel=0.925/0.868/0.969 wmean=1.000 grad_preclip=41.43
[E21] batch=020/250 pseudo=4 loss=5.4119 seg=0.4240 semseg=0.1933 mard=2.0068 lambda=0.044196 box_extra=0 mask_extra=0 DURR=0.0211 (dir=0.1057,res=-0.0000,hall=-0.0000) route_px=153 rescue_px=0 hall_px=0 FG/HBG/EBG=32/256/1280 fallback=0 rel=0.952/0.934/0.960 wmean=1.000 grad_preclip=66.66
[E21] batch=030/250 pseudo=3 loss=4.1388 seg=0.3994 semseg=0.2006 mard=1.9987 lambda=0.030738 box_extra=0 mask_extra=0 DURR=0.7316 (dir=0.1608,res=-0.0000,hall=3.4971) route_px=322 rescue_px=0 hall_px=1808 FG/HBG/EBG=24/192/960 fallback=0 rel=0.875/0.711/0.964 wmean=1.000 grad_preclip=23.48
[E21] batch=040/250 pseudo=4 loss=10.9284 seg=1.0472 semseg=0.8812 mard=2.0642 lambda=0.028229 box_extra=0 mask_extra=0 DURR=0.0375 (dir=0.1873,res=-0.0000,hall=-0.0000) route_px=261 rescue_px=0 hall_px=0 FG/HBG/EBG=32/192/960 fallback=0 rel=0.856/0.760/0.945 wmean=1.000 grad_preclip=102.37
[E21] batch=050/250 pseudo=3 loss=3.1075 seg=0.2397 semseg=0.2799 mard=2.0113 lambda=0.031379 box_extra=0 mask_extra=0 DURR=0.0040 (dir=0.0200,res=-0.0000,hall=-0.0000) route_px=3 rescue_px=0 hall_px=0 FG/HBG/EBG=24/192/960 fallback=0 rel=0.881/0.716/0.967 wmean=1.000 grad_preclip=23.01
[E21] batch=060/250 pseudo=4 loss=4.3652 seg=0.3236 semseg=0.1493 mard=1.9926 lambda=0.044903 box_extra=0 mask_extra=0 DURR=0.0174 (dir=0.0869,res=-0.0000,hall=-0.0000) route_px=221 rescue_px=0 hall_px=0 FG/HBG/EBG=32/256/1280 fallback=0 rel=0.957/0.938/0.969 wmean=1.000 grad_preclip=28.05
[E21] batch=070/250 pseudo=7 loss=10.4002 seg=0.4721 semseg=1.2238 mard=2.0035 lambda=0.038707 box_extra=0 mask_extra=0 DURR=0.0236 (dir=0.1182,res=-0.0000,hall=-0.0000) route_px=305 rescue_px=0 hall_px=0 FG/HBG/EBG=56/320/1216 fallback=0 rel=0.916/0.814/0.957 wmean=1.000 grad_preclip=64.57
[E21] batch=080/250 pseudo=4 loss=5.9954 seg=0.4452 semseg=0.3421 mard=2.0105 lambda=0.039758 box_extra=0 mask_extra=0 DURR=0.0154 (dir=0.0771,res=-0.0000,hall=-0.0000) route_px=329 rescue_px=0 hall_px=0 FG/HBG/EBG=32/256/1280 fallback=0 rel=0.925/0.870/0.959 wmean=1.000 grad_preclip=42.88
[E21] batch=090/250 pseudo=5 loss=6.6147 seg=0.6034 semseg=0.2812 mard=1.9746 lambda=0.036746 box_extra=0 mask_extra=0 DURR=0.0192 (dir=0.0961,res=-0.0000,hall=-0.0000) route_px=448 rescue_px=0 hall_px=0 FG/HBG/EBG=40/320/1216 fallback=0 rel=0.905/0.836/0.934 wmean=1.000 grad_preclip=44.18
[E21] batch=100/250 pseudo=4 loss=5.0542 seg=0.4140 semseg=0.2304 mard=1.9769 lambda=0.032683 box_extra=0 mask_extra=0 DURR=0.0067 (dir=0.0334,res=-0.0000,hall=-0.0000) route_px=266 rescue_px=0 hall_px=0 FG/HBG/EBG=32/256/1280 fallback=0 rel=0.886/0.745/0.957 wmean=1.000 grad_preclip=38.59
[E21] batch=110/250 pseudo=4 loss=5.7597 seg=0.3477 semseg=0.2550 mard=2.0769 lambda=0.041233 box_extra=0 mask_extra=0 DURR=0.0134 (dir=0.0668,res=-0.0000,hall=-0.0000) route_px=455 rescue_px=0 hall_px=0 FG/HBG/EBG=32/256/1280 fallback=0 rel=0.939/0.909/0.969 wmean=1.000 grad_preclip=54.25
[E21] batch=120/250 pseudo=3 loss=3.2144 seg=0.3552 semseg=0.1243 mard=2.0503 lambda=0.043437 box_extra=1 mask_extra=0 DURR=0.0155 (dir=0.0774,res=-0.0000,hall=-0.0000) route_px=46 rescue_px=0 hall_px=0 FG/HBG/EBG=24/192/960 fallback=0 rel=0.952/0.944/0.959 wmean=1.000 grad_preclip=42.68
[E21] batch=130/250 pseudo=4 loss=6.5627 seg=0.5217 semseg=0.4917 mard=1.9969 lambda=0.043443 box_extra=0 mask_extra=0 DURR=0.0216 (dir=0.1079,res=-0.0000,hall=-0.0000) route_px=175 rescue_px=0 hall_px=0 FG/HBG/EBG=32/256/1280 fallback=0 rel=0.945/0.914/0.962 wmean=1.000 grad_preclip=87.79
[E21] batch=140/250 pseudo=4 loss=8.3915 seg=0.8906 semseg=0.3046 mard=2.0024 lambda=0.039502 box_extra=1 mask_extra=1 DURR=0.3617 (dir=0.1815,res=0.6507,hall=-0.0000) route_px=58 rescue_px=123 hall_px=0 FG/HBG/EBG=32/256/1280 fallback=0 rel=0.922/0.870/0.954 wmean=1.000 grad_preclip=42.78
[E21] batch=150/250 pseudo=5 loss=3.7124 seg=0.2641 semseg=0.1188 mard=1.9901 lambda=0.037457 box_extra=0 mask_extra=0 DURR=0.0314 (dir=0.1570,res=-0.0000,hall=-0.0000) route_px=143 rescue_px=0 hall_px=0 FG/HBG/EBG=40/320/1216 fallback=0 rel=0.914/0.717/0.973 wmean=1.000 grad_preclip=32.71
[E21] batch=160/250 pseudo=3 loss=3.0747 seg=0.3644 semseg=0.2368 mard=2.0184 lambda=0.042507 box_extra=0 mask_extra=0 DURR=0.0245 (dir=0.1224,res=-0.0000,hall=-0.0000) route_px=222 rescue_px=0 hall_px=0 FG/HBG/EBG=24/192/960 fallback=0 rel=0.946/0.918/0.962 wmean=1.000 grad_preclip=42.12
[E21] batch=170/250 pseudo=4 loss=4.4546 seg=0.3749 semseg=0.2640 mard=2.0290 lambda=0.044458 box_extra=0 mask_extra=0 DURR=0.0234 (dir=0.1172,res=-0.0000,hall=-0.0000) route_px=491 rescue_px=0 hall_px=0 FG/HBG/EBG=32/256/1280 fallback=0 rel=0.957/0.947/0.963 wmean=1.000 grad_preclip=37.60
[E21] batch=180/250 pseudo=5 loss=3.1899 seg=0.2217 semseg=0.1040 mard=2.0137 lambda=0.042952 box_extra=0 mask_extra=0 DURR=0.0405 (dir=0.2025,res=-0.0000,hall=-0.0000) route_px=143 rescue_px=0 hall_px=0 FG/HBG/EBG=40/320/1216 fallback=0 rel=0.947/0.922/0.963 wmean=1.000 grad_preclip=28.55
[E21] batch=190/250 pseudo=4 loss=3.5955 seg=0.2737 semseg=0.1434 mard=2.0541 lambda=0.044517 box_extra=0 mask_extra=0 DURR=0.0439 (dir=0.2195,res=-0.0000,hall=-0.0000) route_px=253 rescue_px=0 hall_px=0 FG/HBG/EBG=32/256/1280 fallback=0 rel=0.957/0.942/0.971 wmean=1.000 grad_preclip=26.93
[E21] batch=200/250 pseudo=4 loss=18.6950 seg=1.8999 semseg=0.9048 mard=2.0261 lambda=0.042347 box_extra=0 mask_extra=0 DURR=0.0344 (dir=0.1722,res=-0.0000,hall=-0.0000) route_px=619 rescue_px=0 hall_px=0 FG/HBG/EBG=32/256/1280 fallback=0 rel=0.940/0.902/0.964 wmean=1.000 grad_preclip=124.22
[E21] batch=210/250 pseudo=3 loss=4.8317 seg=0.5369 semseg=0.3053 mard=2.0253 lambda=0.039002 box_extra=1 mask_extra=1 DURR=0.0834 (dir=0.1647,res=0.1010,hall=-0.0000) route_px=228 rescue_px=2239 hall_px=0 FG/HBG/EBG=24/192/960 fallback=0 rel=0.930/0.895/0.962 wmean=1.000 grad_preclip=30.31
[E21] batch=220/250 pseudo=4 loss=9.2495 seg=0.8507 semseg=0.6818 mard=2.0251 lambda=0.034856 box_extra=0 mask_extra=0 DURR=0.0450 (dir=0.2249,res=-0.0000,hall=-0.0000) route_px=364 rescue_px=0 hall_px=0 FG/HBG/EBG=32/256/1280 fallback=0 rel=0.896/0.771/0.965 wmean=1.000 grad_preclip=72.38
[E21] batch=230/250 pseudo=5 loss=20.8688 seg=1.0425 semseg=2.7716 mard=2.0124 lambda=0.039148 box_extra=1 mask_extra=0 DURR=0.0148 (dir=0.0739,res=-0.0000,hall=-0.0000) route_px=630 rescue_px=0 hall_px=0 FG/HBG/EBG=40/320/1216 fallback=0 rel=0.926/0.840/0.974 wmean=1.000 grad_preclip=175.10
[E21] batch=240/250 pseudo=7 loss=7.1087 seg=0.6976 semseg=0.1715 mard=1.9995 lambda=0.033441 box_extra=1 mask_extra=1 DURR=0.0288 (dir=0.1440,res=-0.0000,hall=-0.0000) route_px=156 rescue_px=0 hall_px=0 FG/HBG/EBG=56/256/1280 fallback=0 rel=0.889/0.810/0.968 wmean=1.000 grad_preclip=35.31
[E21] batch=250/250 pseudo=5 loss=9.7248 seg=0.5183 semseg=0.6802 mard=2.0136 lambda=0.030354 box_extra=0 mask_extra=0 DURR=0.0346 (dir=0.1730,res=-0.0000,hall=-0.0000) route_px=383 rescue_px=0 hall_px=0 FG/HBG/EBG=40/256/1280 fallback=0 rel=0.873/0.765/0.961 wmean=1.000 grad_preclip=77.58

[Epoch 21] DONE time=77.4s valid=250 skipped=0 pseudo=1019 anchors=980 box_extra=58 mask_extra=39 reject_rel=19 DURR=0.0729 (dir=0.1374,res=0.0202,hall=0.1768) empty=50 rescue=13/13 hall_trigger=13 loss=7.7067 seg=0.5780 semseg=0.5280 mard=2.0269 lambda_avg=0.038885 FG/HBG/EBG=32.6/252.7/1206.5 rel=0.921/0.678/0.976 wmean=1.000
[E22] batch=001/250 pseudo=4 loss=2.8799 seg=0.2225 semseg=0.0938 mard=2.0468 lambda=0.042889 box_extra=0 mask_extra=0 DURR=0.0100 (dir=0.0501,res=-0.0000,hall=-0.0000) route_px=49 rescue_px=0 hall_px=0 FG/HBG/EBG=32/256/1280 fallback=0 rel=0.951/0.902/0.970 wmean=1.000 grad_preclip=22.42
[E22] batch=010/250 pseudo=5 loss=7.0121 seg=0.6412 semseg=0.3354 mard=2.0323 lambda=0.030238 box_extra=0 mask_extra=0 DURR=0.0227 (dir=0.1133,res=-0.0000,hall=-0.0000) route_px=513 rescue_px=0 hall_px=0 FG/HBG/EBG=40/256/1280 fallback=0 rel=0.871/0.798/0.961 wmean=1.000 grad_preclip=45.75
[E22] batch=020/250 pseudo=4 loss=11.3352 seg=1.0449 semseg=0.6198 mard=1.9752 lambda=0.043403 box_extra=0 mask_extra=0 DURR=0.0232 (dir=0.1160,res=-0.0000,hall=-0.0000) route_px=132 rescue_px=0 hall_px=0 FG/HBG/EBG=32/256/1280 fallback=0 rel=0.949/0.918/0.969 wmean=1.000 grad_preclip=92.60
[E22] batch=030/250 pseudo=4 loss=21.3290 seg=0.5775 semseg=3.3135 mard=2.0259 lambda=0.030849 box_extra=1 mask_extra=1 DURR=0.0203 (dir=0.1015,res=-0.0000,hall=-0.0000) route_px=107 rescue_px=0 hall_px=0 FG/HBG/EBG=32/256/1280 fallback=0 rel=0.879/0.738/0.965 wmean=1.000 grad_preclip=244.22
[E22] batch=040/250 pseudo=3 loss=8.4854 seg=0.6303 semseg=1.1736 mard=1.9701 lambda=0.037698 box_extra=0 mask_extra=0 DURR=0.0506 (dir=0.2532,res=-0.0000,hall=-0.0000) route_px=128 rescue_px=0 hall_px=0 FG/HBG/EBG=24/192/960 fallback=0 rel=0.904/0.888/0.935 wmean=1.000 grad_preclip=92.63
[E22] batch=050/250 pseudo=4 loss=8.1383 seg=0.5354 semseg=0.2903 mard=1.9967 lambda=0.034506 box_extra=0 mask_extra=0 DURR=0.0205 (dir=0.1026,res=-0.0000,hall=-0.0000) route_px=386 rescue_px=0 hall_px=0 FG/HBG/EBG=32/256/1280 fallback=0 rel=0.893/0.746/0.958 wmean=1.000 grad_preclip=48.25
[E22] batch=060/250 pseudo=3 loss=7.8406 seg=0.3647 semseg=1.5159 mard=2.0170 lambda=0.043273 box_extra=0 mask_extra=0 DURR=0.0265 (dir=0.1327,res=-0.0000,hall=-0.0000) route_px=117 rescue_px=0 hall_px=0 FG/HBG/EBG=24/192/960 fallback=0 rel=0.949/0.931/0.969 wmean=1.000 grad_preclip=161.58
[E22] batch=070/250 pseudo=4 loss=8.5683 seg=0.4987 semseg=0.5255 mard=1.9632 lambda=0.038608 box_extra=0 mask_extra=0 DURR=0.0492 (dir=0.2460,res=-0.0000,hall=-0.0000) route_px=304 rescue_px=0 hall_px=0 FG/HBG/EBG=32/256/1280 fallback=0 rel=0.914/0.834/0.953 wmean=1.000 grad_preclip=91.30
[E22] batch=080/250 pseudo=4 loss=4.8107 seg=0.3330 semseg=0.1422 mard=2.0583 lambda=0.041841 box_extra=0 mask_extra=0 DURR=0.0099 (dir=0.0496,res=-0.0000,hall=-0.0000) route_px=107 rescue_px=0 hall_px=0 FG/HBG/EBG=32/256/1280 fallback=0 rel=0.943/0.897/0.965 wmean=1.000 grad_preclip=33.82
[E22] batch=090/250 pseudo=4 loss=7.8904 seg=0.6792 semseg=0.5085 mard=2.0528 lambda=0.042352 box_extra=0 mask_extra=0 DURR=0.0251 (dir=0.1253,res=-0.0000,hall=-0.0000) route_px=623 rescue_px=0 hall_px=0 FG/HBG/EBG=32/256/1280 fallback=0 rel=0.938/0.915/0.959 wmean=1.000 grad_preclip=36.95
[E22] batch=100/250 pseudo=4 loss=6.9464 seg=0.3629 semseg=0.3755 mard=2.0148 lambda=0.038142 box_extra=0 mask_extra=0 DURR=0.0128 (dir=0.0638,res=-0.0000,hall=-0.0000) route_px=201 rescue_px=0 hall_px=0 FG/HBG/EBG=32/256/1280 fallback=0 rel=0.921/0.791/0.971 wmean=1.000 grad_preclip=43.31
[E22] batch=110/250 pseudo=4 loss=7.0378 seg=0.8134 semseg=0.2623 mard=2.0451 lambda=0.039221 box_extra=0 mask_extra=0 DURR=0.0292 (dir=0.1458,res=-0.0000,hall=-0.0000) route_px=336 rescue_px=0 hall_px=0 FG/HBG/EBG=32/256/1280 fallback=0 rel=0.922/0.833/0.965 wmean=1.000 grad_preclip=91.95
[E22] batch=120/250 pseudo=4 loss=5.9167 seg=0.2943 semseg=0.5983 mard=2.0015 lambda=0.044127 box_extra=0 mask_extra=0 DURR=0.0105 (dir=0.0526,res=-0.0000,hall=-0.0000) route_px=509 rescue_px=0 hall_px=0 FG/HBG/EBG=32/256/1280 fallback=0 rel=0.955/0.919/0.973 wmean=1.000 grad_preclip=56.10
[E22] batch=130/250 pseudo=4 loss=2.9778 seg=0.2488 semseg=0.0917 mard=1.9618 lambda=0.043737 box_extra=0 mask_extra=0 DURR=0.0298 (dir=0.1491,res=-0.0000,hall=-0.0000) route_px=126 rescue_px=0 hall_px=0 FG/HBG/EBG=32/256/1280 fallback=0 rel=0.948/0.923/0.964 wmean=1.000 grad_preclip=23.03
[E22] batch=140/250 pseudo=4 loss=11.4701 seg=1.1035 semseg=0.9472 mard=2.0860 lambda=0.034513 box_extra=0 mask_extra=0 DURR=0.0328 (dir=0.1642,res=-0.0000,hall=-0.0000) route_px=554 rescue_px=0 hall_px=0 FG/HBG/EBG=32/256/1280 fallback=0 rel=0.895/0.742/0.965 wmean=1.000 grad_preclip=138.64
[E22] batch=150/250 pseudo=5 loss=5.0217 seg=0.2433 semseg=0.4178 mard=2.0259 lambda=0.035967 box_extra=0 mask_extra=0 DURR=0.0183 (dir=0.0916,res=-0.0000,hall=-0.0000) route_px=213 rescue_px=0 hall_px=0 FG/HBG/EBG=40/256/1280 fallback=0 rel=0.908/0.708/0.972 wmean=1.000 grad_preclip=111.53
[E22] batch=160/250 pseudo=4 loss=12.9193 seg=1.4804 semseg=0.7287 mard=2.0145 lambda=0.035112 box_extra=0 mask_extra=0 DURR=0.0355 (dir=0.1777,res=-0.0000,hall=-0.0000) route_px=76 rescue_px=0 hall_px=0 FG/HBG/EBG=32/256/1280 fallback=0 rel=0.891/0.784/0.954 wmean=1.000 grad_preclip=72.94
[E22] batch=170/250 pseudo=4 loss=20.5575 seg=1.4132 semseg=1.3207 mard=2.0134 lambda=0.042677 box_extra=0 mask_extra=0 DURR=0.0529 (dir=0.2643,res=-0.0000,hall=-0.0000) route_px=183 rescue_px=0 hall_px=0 FG/HBG/EBG=32/256/1280 fallback=0 rel=0.942/0.892/0.962 wmean=1.000 grad_preclip=52.47
[E22] batch=180/250 pseudo=5 loss=10.5125 seg=0.4073 semseg=0.7460 mard=2.0018 lambda=0.035291 box_extra=1 mask_extra=1 DURR=0.0523 (dir=0.2614,res=-0.0000,hall=-0.0000) route_px=185 rescue_px=0 hall_px=0 FG/HBG/EBG=40/320/1216 fallback=0 rel=0.904/0.759/0.967 wmean=1.000 grad_preclip=113.48
[E22] batch=190/250 pseudo=5 loss=16.7418 seg=1.2505 semseg=1.1815 mard=2.0283 lambda=0.033120 box_extra=0 mask_extra=0 DURR=0.0149 (dir=0.0746,res=-0.0000,hall=-0.0000) route_px=1114 rescue_px=0 hall_px=0 FG/HBG/EBG=40/256/1280 fallback=0 rel=0.888/0.766/0.967 wmean=1.000 grad_preclip=114.04
[E22] batch=200/250 pseudo=3 loss=3.5776 seg=0.2227 semseg=0.1304 mard=2.0191 lambda=0.045404 box_extra=0 mask_extra=0 DURR=0.7951 (dir=0.1493,res=-0.0000,hall=3.8261) route_px=141 rescue_px=0 hall_px=216 FG/HBG/EBG=24/192/960 fallback=0 rel=0.964/0.952/0.974 wmean=1.000 grad_preclip=39.82
[E22] batch=210/250 pseudo=4 loss=6.9021 seg=0.5445 semseg=0.3530 mard=2.0462 lambda=0.037634 box_extra=0 mask_extra=0 DURR=0.0196 (dir=0.0980,res=-0.0000,hall=-0.0000) route_px=680 rescue_px=0 hall_px=0 FG/HBG/EBG=32/256/1280 fallback=0 rel=0.920/0.830/0.970 wmean=1.000 grad_preclip=47.93
[E22] batch=220/250 pseudo=3 loss=3.6961 seg=0.2693 semseg=0.2333 mard=2.0802 lambda=0.043110 box_extra=0 mask_extra=0 DURR=0.8511 (dir=0.1420,res=-0.0000,hall=4.1136) route_px=86 rescue_px=0 hall_px=855 FG/HBG/EBG=24/128/640 fallback=0 rel=0.944/0.936/0.950 wmean=1.000 grad_preclip=60.47
[E22] batch=230/250 pseudo=3 loss=4.1027 seg=0.3617 semseg=0.3493 mard=1.9681 lambda=0.041375 box_extra=0 mask_extra=0 DURR=0.0052 (dir=0.0258,res=-0.0000,hall=-0.0000) route_px=203 rescue_px=0 hall_px=0 FG/HBG/EBG=24/192/960 fallback=0 rel=0.940/0.926/0.953 wmean=1.000 grad_preclip=30.23
[E22] batch=240/250 pseudo=4 loss=5.4194 seg=0.4739 semseg=0.1807 mard=2.0267 lambda=0.037443 box_extra=0 mask_extra=0 DURR=0.0263 (dir=0.1314,res=-0.0000,hall=-0.0000) route_px=270 rescue_px=0 hall_px=0 FG/HBG/EBG=32/256/1280 fallback=0 rel=0.913/0.837/0.959 wmean=1.000 grad_preclip=31.57
[E22] batch=250/250 pseudo=4 loss=11.3949 seg=0.7743 semseg=0.9192 mard=2.0391 lambda=0.035041 box_extra=0 mask_extra=0 DURR=0.0423 (dir=0.2114,res=-0.0000,hall=-0.0000) route_px=249 rescue_px=0 hall_px=0 FG/HBG/EBG=32/256/1280 fallback=0 rel=0.904/0.811/0.965 wmean=1.000 grad_preclip=104.62

[Epoch 22] DONE time=77.4s valid=250 skipped=0 pseudo=1030 anchors=987 box_extra=58 mask_extra=43 reject_rel=15 DURR=0.0790 (dir=0.1418,res=0.0217,hall=0.1986) empty=51 rescue=11/11 hall_trigger=20 loss=7.7041 seg=0.5559 semseg=0.5158 mard=2.0308 lambda_avg=0.038575 FG/HBG/EBG=33.0/253.4/1204.2 rel=0.919/0.682/0.975 wmean=1.000
[E23] batch=001/250 pseudo=4 loss=3.8189 seg=0.3838 semseg=0.1968 mard=2.0606 lambda=0.044131 box_extra=0 mask_extra=0 DURR=0.0235 (dir=0.1177,res=-0.0000,hall=-0.0000) route_px=320 rescue_px=0 hall_px=0 FG/HBG/EBG=32/256/1280 fallback=0 rel=0.952/0.936/0.964 wmean=1.000 grad_preclip=24.32
[E23] batch=010/250 pseudo=4 loss=4.9113 seg=0.4679 semseg=0.1656 mard=1.9981 lambda=0.043379 box_extra=0 mask_extra=0 DURR=0.0116 (dir=0.0581,res=-0.0000,hall=-0.0000) route_px=64 rescue_px=0 hall_px=0 FG/HBG/EBG=32/256/1280 fallback=0 rel=0.952/0.930/0.965 wmean=1.000 grad_preclip=59.33
[E23] batch=020/250 pseudo=4 loss=12.2465 seg=0.9855 semseg=0.7423 mard=2.0308 lambda=0.024322 box_extra=0 mask_extra=0 DURR=0.0196 (dir=0.0980,res=-0.0000,hall=-0.0000) route_px=181 rescue_px=0 hall_px=0 FG/HBG/EBG=32/256/1280 fallback=0 rel=0.831/0.708/0.958 wmean=1.000 grad_preclip=69.35
[E23] batch=030/250 pseudo=4 loss=4.4790 seg=0.3300 semseg=0.1524 mard=2.0120 lambda=0.044404 box_extra=0 mask_extra=0 DURR=0.0354 (dir=0.1769,res=-0.0000,hall=-0.0000) route_px=306 rescue_px=0 hall_px=0 FG/HBG/EBG=32/256/1280 fallback=0 rel=0.957/0.951/0.964 wmean=1.000 grad_preclip=29.00
[E23] batch=040/250 pseudo=4 loss=7.5911 seg=0.7695 semseg=0.2719 mard=2.0310 lambda=0.041755 box_extra=0 mask_extra=0 DURR=0.0468 (dir=0.2342,res=-0.0000,hall=-0.0000) route_px=234 rescue_px=0 hall_px=0 FG/HBG/EBG=32/256/1280 fallback=0 rel=0.943/0.881/0.971 wmean=1.000 grad_preclip=34.09
[E23] batch=050/250 pseudo=4 loss=3.2424 seg=0.2018 semseg=0.1215 mard=2.0061 lambda=0.043926 box_extra=0 mask_extra=0 DURR=0.0256 (dir=0.1278,res=-0.0000,hall=-0.0000) route_px=194 rescue_px=0 hall_px=0 FG/HBG/EBG=32/256/1280 fallback=0 rel=0.958/0.944/0.964 wmean=1.000 grad_preclip=29.19
[E23] batch=060/250 pseudo=4 loss=3.8024 seg=0.3073 semseg=0.1261 mard=1.9971 lambda=0.044592 box_extra=0 mask_extra=0 DURR=0.0251 (dir=0.1256,res=-0.0000,hall=-0.0000) route_px=130 rescue_px=0 hall_px=0 FG/HBG/EBG=32/256/1280 fallback=0 rel=0.954/0.936/0.967 wmean=1.000 grad_preclip=26.39
[E23] batch=070/250 pseudo=4 loss=12.5982 seg=1.0026 semseg=0.9729 mard=1.9927 lambda=0.035233 box_extra=0 mask_extra=0 DURR=0.0231 (dir=0.1155,res=-0.0000,hall=-0.0000) route_px=678 rescue_px=0 hall_px=0 FG/HBG/EBG=32/256/1280 fallback=0 rel=0.900/0.744/0.960 wmean=1.000 grad_preclip=92.26
[E23] batch=080/250 pseudo=4 loss=7.6630 seg=0.7387 semseg=0.3634 mard=2.0061 lambda=0.037829 box_extra=0 mask_extra=0 DURR=0.0257 (dir=0.1283,res=-0.0000,hall=-0.0000) route_px=373 rescue_px=0 hall_px=0 FG/HBG/EBG=32/256/1280 fallback=0 rel=0.918/0.809/0.972 wmean=1.000 grad_preclip=83.53
[E23] batch=090/250 pseudo=5 loss=19.7006 seg=2.9471 semseg=0.8477 mard=2.0667 lambda=0.038617 box_extra=1 mask_extra=0 DURR=0.0553 (dir=0.2763,res=-0.0000,hall=-0.0000) route_px=473 rescue_px=0 hall_px=0 FG/HBG/EBG=40/320/1216 fallback=0 rel=0.922/0.806/0.963 wmean=1.000 grad_preclip=105.02
[E23] batch=100/250 pseudo=6 loss=8.7518 seg=0.7107 semseg=0.5404 mard=1.9575 lambda=0.031030 box_extra=0 mask_extra=0 DURR=0.0184 (dir=0.0919,res=-0.0000,hall=-0.0000) route_px=689 rescue_px=0 hall_px=0 FG/HBG/EBG=48/320/1216 fallback=0 rel=0.874/0.756/0.950 wmean=1.000 grad_preclip=89.10
[E23] batch=110/250 pseudo=3 loss=2.6177 seg=0.1735 semseg=0.1012 mard=2.0896 lambda=0.044945 box_extra=1 mask_extra=0 DURR=0.6407 (dir=0.1132,res=-0.0000,hall=3.0900) route_px=81 rescue_px=0 hall_px=600 FG/HBG/EBG=24/192/960 fallback=0 rel=0.961/0.952/0.969 wmean=1.000 grad_preclip=23.97
[E23] batch=120/250 pseudo=4 loss=7.1724 seg=0.6318 semseg=0.2983 mard=2.0321 lambda=0.027501 box_extra=0 mask_extra=0 DURR=0.0281 (dir=0.1405,res=-0.0000,hall=-0.0000) route_px=459 rescue_px=0 hall_px=0 FG/HBG/EBG=32/256/1280 fallback=0 rel=0.856/0.765/0.940 wmean=1.000 grad_preclip=37.57
[E23] batch=130/250 pseudo=4 loss=17.0505 seg=1.4373 semseg=1.2848 mard=2.0497 lambda=0.033940 box_extra=0 mask_extra=0 DURR=0.0380 (dir=0.1902,res=-0.0000,hall=-0.0000) route_px=264 rescue_px=0 hall_px=0 FG/HBG/EBG=32/256/1280 fallback=0 rel=0.881/0.723/0.951 wmean=1.000 grad_preclip=152.81
[E23] batch=140/250 pseudo=4 loss=4.3673 seg=0.2387 semseg=0.2668 mard=2.0722 lambda=0.043850 box_extra=0 mask_extra=0 DURR=0.0355 (dir=0.1776,res=-0.0000,hall=-0.0000) route_px=580 rescue_px=0 hall_px=0 FG/HBG/EBG=32/256/1280 fallback=0 rel=0.958/0.939/0.965 wmean=1.000 grad_preclip=27.70
[E23] batch=150/250 pseudo=4 loss=20.0336 seg=1.2450 semseg=2.4090 mard=2.0032 lambda=0.034675 box_extra=3 mask_extra=2 DURR=0.1406 (dir=0.0950,res=0.2431,hall=-0.0000) route_px=123 rescue_px=118 hall_px=0 FG/HBG/EBG=32/256/1280 fallback=0 rel=0.905/0.801/0.971 wmean=1.000 grad_preclip=103.68
[E23] batch=160/250 pseudo=3 loss=14.8037 seg=2.3005 semseg=1.4440 mard=2.0229 lambda=0.030539 box_extra=0 mask_extra=0 DURR=0.0151 (dir=0.0756,res=-0.0000,hall=-0.0000) route_px=460 rescue_px=0 hall_px=0 FG/HBG/EBG=24/192/960 fallback=0 rel=0.870/0.741/0.953 wmean=1.000 grad_preclip=62.57
[E23] batch=170/250 pseudo=3 loss=4.3748 seg=0.4985 semseg=0.1783 mard=1.9864 lambda=0.042635 box_extra=0 mask_extra=0 DURR=0.0336 (dir=0.1681,res=-0.0000,hall=-0.0000) route_px=211 rescue_px=0 hall_px=0 FG/HBG/EBG=24/192/960 fallback=0 rel=0.946/0.936/0.962 wmean=1.000 grad_preclip=70.06
[E23] batch=180/250 pseudo=4 loss=14.1567 seg=1.9486 semseg=0.4929 mard=2.0185 lambda=0.043472 box_extra=0 mask_extra=0 DURR=0.0192 (dir=0.0962,res=-0.0000,hall=-0.0000) route_px=336 rescue_px=0 hall_px=0 FG/HBG/EBG=32/256/1280 fallback=0 rel=0.951/0.916/0.974 wmean=1.000 grad_preclip=196.70
[E23] batch=190/250 pseudo=5 loss=13.0510 seg=0.7147 semseg=1.0062 mard=2.0786 lambda=0.032005 box_extra=1 mask_extra=1 DURR=0.0253 (dir=0.1263,res=-0.0000,hall=-0.0000) route_px=524 rescue_px=0 hall_px=0 FG/HBG/EBG=40/256/1280 fallback=0 rel=0.885/0.786/0.960 wmean=1.000 grad_preclip=112.41
[E23] batch=200/250 pseudo=4 loss=13.1019 seg=1.0438 semseg=0.7687 mard=2.0572 lambda=0.042384 box_extra=0 mask_extra=0 DURR=0.0204 (dir=0.1018,res=-0.0000,hall=-0.0000) route_px=713 rescue_px=0 hall_px=0 FG/HBG/EBG=32/256/1280 fallback=0 rel=0.947/0.920/0.962 wmean=1.000 grad_preclip=47.12
[E23] batch=210/250 pseudo=5 loss=7.1130 seg=0.5840 semseg=0.2679 mard=1.9930 lambda=0.033634 box_extra=0 mask_extra=0 DURR=0.0172 (dir=0.0859,res=-0.0000,hall=-0.0000) route_px=351 rescue_px=0 hall_px=0 FG/HBG/EBG=40/320/1216 fallback=0 rel=0.895/0.725/0.953 wmean=1.000 grad_preclip=50.57
[E23] batch=220/250 pseudo=3 loss=6.7064 seg=0.6121 semseg=0.4231 mard=1.9647 lambda=0.036647 box_extra=0 mask_extra=0 DURR=0.4722 (dir=0.1230,res=-0.0000,hall=2.2381) route_px=469 rescue_px=0 hall_px=269 FG/HBG/EBG=24/192/960 fallback=0 rel=0.914/0.891/0.937 wmean=1.000 grad_preclip=58.92
[E23] batch=230/250 pseudo=4 loss=2.8211 seg=0.2324 semseg=0.1254 mard=2.0594 lambda=0.045710 box_extra=0 mask_extra=0 DURR=0.0208 (dir=0.1039,res=-0.0000,hall=-0.0000) route_px=207 rescue_px=0 hall_px=0 FG/HBG/EBG=32/256/1280 fallback=0 rel=0.967/0.957/0.974 wmean=1.000 grad_preclip=18.22
[E23] batch=240/250 pseudo=3 loss=10.6079 seg=0.7712 semseg=1.6293 mard=2.0725 lambda=0.042852 box_extra=0 mask_extra=0 DURR=0.0538 (dir=0.2690,res=-0.0000,hall=-0.0000) route_px=171 rescue_px=0 hall_px=0 FG/HBG/EBG=24/192/960 fallback=0 rel=0.945/0.913/0.966 wmean=1.000 grad_preclip=80.26
[E23] batch=250/250 pseudo=4 loss=5.6781 seg=0.4209 semseg=0.2443 mard=2.0054 lambda=0.042810 box_extra=0 mask_extra=0 DURR=0.0346 (dir=0.1729,res=-0.0000,hall=-0.0000) route_px=428 rescue_px=0 hall_px=0 FG/HBG/EBG=32/256/1280 fallback=0 rel=0.944/0.905/0.968 wmean=1.000 grad_preclip=70.62

[Epoch 23] DONE time=77.7s valid=250 skipped=0 pseudo=1022 anchors=982 box_extra=56 mask_extra=40 reject_rel=16 DURR=0.0807 (dir=0.1365,res=0.0130,hall=0.2344) empty=47 rescue=11/11 hall_trigger=20 loss=7.5825 seg=0.6021 semseg=0.4846 mard=2.0284 lambda_avg=0.038579 FG/HBG/EBG=32.7/252.4/1211.4 rel=0.920/0.688/0.978 wmean=1.000
[E24] batch=001/250 pseudo=4 loss=3.6937 seg=0.2760 semseg=0.1552 mard=2.0564 lambda=0.044253 box_extra=1 mask_extra=1 DURR=0.0969 (dir=0.0895,res=0.1581,hall=-0.0000) route_px=199 rescue_px=413 hall_px=0 FG/HBG/EBG=32/256/1280 fallback=0 rel=0.954/0.937/0.971 wmean=1.000 grad_preclip=39.81
[E24] batch=010/250 pseudo=4 loss=4.0204 seg=0.3359 semseg=0.1203 mard=2.0047 lambda=0.041588 box_extra=0 mask_extra=0 DURR=0.0203 (dir=0.1015,res=-0.0000,hall=-0.0000) route_px=161 rescue_px=0 hall_px=0 FG/HBG/EBG=32/256/1280 fallback=0 rel=0.938/0.904/0.971 wmean=1.000 grad_preclip=26.07
[E24] batch=020/250 pseudo=4 loss=4.1169 seg=0.3335 semseg=0.1887 mard=1.9562 lambda=0.043986 box_extra=0 mask_extra=0 DURR=0.0435 (dir=0.2176,res=-0.0000,hall=-0.0000) route_px=255 rescue_px=0 hall_px=0 FG/HBG/EBG=32/256/1280 fallback=0 rel=0.953/0.935/0.966 wmean=1.000 grad_preclip=24.00
[E24] batch=030/250 pseudo=4 loss=16.6595 seg=0.8397 semseg=1.3566 mard=1.9957 lambda=0.036345 box_extra=1 mask_extra=1 DURR=0.0326 (dir=0.1628,res=-0.0000,hall=-0.0000) route_px=195 rescue_px=0 hall_px=0 FG/HBG/EBG=32/256/1280 fallback=0 rel=0.910/0.786/0.956 wmean=1.000 grad_preclip=103.09
[E24] batch=040/250 pseudo=4 loss=4.7927 seg=0.3198 semseg=0.1875 mard=2.1157 lambda=0.040702 box_extra=0 mask_extra=0 DURR=0.0255 (dir=0.1273,res=-0.0000,hall=-0.0000) route_px=277 rescue_px=0 hall_px=0 FG/HBG/EBG=32/256/1280 fallback=0 rel=0.936/0.874/0.967 wmean=1.000 grad_preclip=31.70
[E24] batch=050/250 pseudo=4 loss=10.1167 seg=0.9755 semseg=0.6198 mard=2.0161 lambda=0.040697 box_extra=0 mask_extra=0 DURR=0.0161 (dir=0.0804,res=-0.0000,hall=-0.0000) route_px=539 rescue_px=0 hall_px=0 FG/HBG/EBG=32/256/1280 fallback=0 rel=0.930/0.893/0.970 wmean=1.000 grad_preclip=77.95
[E24] batch=060/250 pseudo=4 loss=5.4078 seg=0.4851 semseg=0.1920 mard=2.0337 lambda=0.035627 box_extra=0 mask_extra=0 DURR=0.0193 (dir=0.0965,res=-0.0000,hall=-0.0000) route_px=328 rescue_px=0 hall_px=0 FG/HBG/EBG=32/256/1280 fallback=0 rel=0.904/0.789/0.968 wmean=1.000 grad_preclip=34.53
[E24] batch=070/250 pseudo=4 loss=3.7554 seg=0.2564 semseg=0.1619 mard=1.9953 lambda=0.043255 box_extra=0 mask_extra=0 DURR=0.0168 (dir=0.0841,res=-0.0000,hall=-0.0000) route_px=261 rescue_px=0 hall_px=0 FG/HBG/EBG=32/256/1280 fallback=0 rel=0.950/0.930/0.965 wmean=1.000 grad_preclip=28.70
[E24] batch=080/250 pseudo=3 loss=4.9921 seg=0.3037 semseg=0.2308 mard=2.0556 lambda=0.046514 box_extra=0 mask_extra=0 DURR=0.5901 (dir=0.1198,res=-0.0000,hall=2.8307) route_px=271 rescue_px=0 hall_px=275 FG/HBG/EBG=24/192/960 fallback=0 rel=0.971/0.962/0.976 wmean=1.000 grad_preclip=40.12
[E24] batch=090/250 pseudo=6 loss=15.7365 seg=0.9111 semseg=1.2673 mard=1.9766 lambda=0.033320 box_extra=0 mask_extra=0 DURR=0.0395 (dir=0.1975,res=-0.0000,hall=-0.0000) route_px=99 rescue_px=0 hall_px=0 FG/HBG/EBG=48/320/1216 fallback=0 rel=0.883/0.747/0.942 wmean=1.000 grad_preclip=105.49
[E24] batch=100/250 pseudo=4 loss=6.7604 seg=0.6490 semseg=0.2372 mard=2.0100 lambda=0.041958 box_extra=0 mask_extra=0 DURR=0.0349 (dir=0.1744,res=-0.0000,hall=-0.0000) route_px=236 rescue_px=0 hall_px=0 FG/HBG/EBG=32/256/1280 fallback=0 rel=0.939/0.926/0.956 wmean=1.000 grad_preclip=67.45
[E24] batch=110/250 pseudo=3 loss=11.7312 seg=0.8557 semseg=0.8188 mard=2.0975 lambda=0.020162 box_extra=0 mask_extra=0 DURR=0.8864 (dir=0.0981,res=-0.0000,hall=4.3337) route_px=547 rescue_px=0 hall_px=713 FG/HBG/EBG=24/192/960 fallback=0 rel=0.819/0.723/0.927 wmean=1.000 grad_preclip=100.73
[E24] batch=120/250 pseudo=4 loss=7.0349 seg=0.3992 semseg=0.3650 mard=2.0177 lambda=0.043296 box_extra=0 mask_extra=0 DURR=0.0464 (dir=0.2322,res=-0.0000,hall=-0.0000) route_px=447 rescue_px=0 hall_px=0 FG/HBG/EBG=32/256/1280 fallback=0 rel=0.946/0.924/0.964 wmean=1.000 grad_preclip=72.06
[E24] batch=130/250 pseudo=4 loss=6.4874 seg=0.3092 semseg=0.2531 mard=1.9849 lambda=0.037894 box_extra=0 mask_extra=0 DURR=0.0202 (dir=0.1012,res=-0.0000,hall=-0.0000) route_px=110 rescue_px=0 hall_px=0 FG/HBG/EBG=32/256/1280 fallback=0 rel=0.918/0.799/0.962 wmean=1.000 grad_preclip=91.99
[E24] batch=140/250 pseudo=4 loss=9.4622 seg=0.8307 semseg=0.4737 mard=2.0405 lambda=0.040695 box_extra=0 mask_extra=0 DURR=0.0302 (dir=0.1509,res=-0.0000,hall=-0.0000) route_px=478 rescue_px=0 hall_px=0 FG/HBG/EBG=32/256/1280 fallback=0 rel=0.931/0.889/0.960 wmean=1.000 grad_preclip=76.85
[E24] batch=150/250 pseudo=4 loss=9.4250 seg=0.4219 semseg=0.6786 mard=2.0939 lambda=0.041064 box_extra=0 mask_extra=0 DURR=0.0167 (dir=0.0834,res=-0.0000,hall=-0.0000) route_px=781 rescue_px=0 hall_px=0 FG/HBG/EBG=32/256/1280 fallback=0 rel=0.941/0.892/0.966 wmean=1.000 grad_preclip=68.16
[E24] batch=160/250 pseudo=4 loss=6.2475 seg=0.4254 semseg=0.3927 mard=2.0481 lambda=0.036302 box_extra=0 mask_extra=0 DURR=0.0111 (dir=0.0553,res=-0.0000,hall=-0.0000) route_px=106 rescue_px=0 hall_px=0 FG/HBG/EBG=32/256/1280 fallback=0 rel=0.913/0.822/0.969 wmean=1.000 grad_preclip=83.75
[E24] batch=170/250 pseudo=4 loss=6.0963 seg=0.5040 semseg=0.2179 mard=1.9508 lambda=0.042997 box_extra=0 mask_extra=0 DURR=0.0269 (dir=0.1346,res=-0.0000,hall=-0.0000) route_px=312 rescue_px=0 hall_px=0 FG/HBG/EBG=32/256/1280 fallback=0 rel=0.943/0.926/0.957 wmean=1.000 grad_preclip=46.08
[E24] batch=180/250 pseudo=4 loss=20.4039 seg=1.1228 semseg=2.1876 mard=2.0578 lambda=0.036092 box_extra=0 mask_extra=0 DURR=0.0170 (dir=0.0852,res=-0.0000,hall=-0.0000) route_px=780 rescue_px=0 hall_px=0 FG/HBG/EBG=32/256/1280 fallback=0 rel=0.895/0.804/0.970 wmean=1.000 grad_preclip=407.17
[E24] batch=190/250 pseudo=4 loss=4.8829 seg=0.4621 semseg=0.1960 mard=2.0460 lambda=0.035942 box_extra=1 mask_extra=1 DURR=0.0017 (dir=0.0084,res=-0.0000,hall=-0.0000) route_px=18 rescue_px=0 hall_px=0 FG/HBG/EBG=32/256/1280 fallback=0 rel=0.909/0.763/0.963 wmean=1.000 grad_preclip=31.35
[E24] batch=200/250 pseudo=4 loss=4.1492 seg=0.5097 semseg=0.1353 mard=2.0873 lambda=0.043795 box_extra=0 mask_extra=0 DURR=0.0311 (dir=0.1556,res=-0.0000,hall=-0.0000) route_px=425 rescue_px=0 hall_px=0 FG/HBG/EBG=32/256/1280 fallback=0 rel=0.953/0.936/0.964 wmean=1.000 grad_preclip=29.40
[E24] batch=210/250 pseudo=4 loss=4.3825 seg=0.4546 semseg=0.1436 mard=2.0941 lambda=0.044895 box_extra=0 mask_extra=0 DURR=0.0685 (dir=0.3427,res=-0.0000,hall=-0.0000) route_px=61 rescue_px=0 hall_px=0 FG/HBG/EBG=32/256/1280 fallback=0 rel=0.960/0.956/0.966 wmean=1.000 grad_preclip=30.81
[E24] batch=220/250 pseudo=3 loss=17.2091 seg=0.6809 semseg=2.3244 mard=2.0350 lambda=0.023958 box_extra=0 mask_extra=0 DURR=0.0163 (dir=0.0815,res=-0.0000,hall=-0.0000) route_px=608 rescue_px=0 hall_px=0 FG/HBG/EBG=24/192/960 fallback=0 rel=0.843/0.729/0.945 wmean=1.000 grad_preclip=125.51
[E24] batch=230/250 pseudo=4 loss=8.6869 seg=0.8249 semseg=0.2427 mard=2.0662 lambda=0.033339 box_extra=2 mask_extra=1 DURR=0.0064 (dir=0.0320,res=-0.0000,hall=-0.0000) route_px=20 rescue_px=0 hall_px=0 FG/HBG/EBG=32/256/1280 fallback=0 rel=0.888/0.769/0.970 wmean=1.000 grad_preclip=73.44
[E24] batch=240/250 pseudo=4 loss=5.5726 seg=0.4201 semseg=0.3220 mard=2.0660 lambda=0.034718 box_extra=0 mask_extra=0 DURR=0.0263 (dir=0.1313,res=-0.0000,hall=-0.0000) route_px=331 rescue_px=0 hall_px=0 FG/HBG/EBG=32/256/1280 fallback=0 rel=0.907/0.791/0.965 wmean=1.000 grad_preclip=50.60
[E24] batch=250/250 pseudo=4 loss=4.8173 seg=0.3654 semseg=0.1765 mard=1.9943 lambda=0.040647 box_extra=0 mask_extra=0 DURR=0.0191 (dir=0.0955,res=-0.0000,hall=-0.0000) route_px=298 rescue_px=0 hall_px=0 FG/HBG/EBG=32/256/1280 fallback=0 rel=0.933/0.866/0.965 wmean=1.000 grad_preclip=26.48

[Epoch 24] DONE time=77.6s valid=250 skipped=0 pseudo=1032 anchors=993 box_extra=57 mask_extra=39 reject_rel=18 DURR=0.0616 (dir=0.1415,res=0.0106,hall=0.1400) empty=46 rescue=12/12 hall_trigger=13 loss=7.4543 seg=0.5531 semseg=0.4961 mard=2.0281 lambda_avg=0.038444 FG/HBG/EBG=33.0/255.2/1210.1 rel=0.918/0.686/0.976 wmean=1.000
[E25] batch=001/250 pseudo=4 loss=5.4938 seg=0.5529 semseg=0.2125 mard=2.0029 lambda=0.037204 box_extra=1 mask_extra=1 DURR=0.0217 (dir=0.1086,res=-0.0000,hall=-0.0000) route_px=116 rescue_px=0 hall_px=0 FG/HBG/EBG=32/256/1280 fallback=0 rel=0.912/0.773/0.965 wmean=1.000 grad_preclip=37.91
[E25] batch=010/250 pseudo=4 loss=2.6531 seg=0.2218 semseg=0.1150 mard=1.9781 lambda=0.046006 box_extra=0 mask_extra=0 DURR=0.0136 (dir=0.0680,res=-0.0000,hall=-0.0000) route_px=267 rescue_px=0 hall_px=0 FG/HBG/EBG=32/256/1280 fallback=0 rel=0.967/0.962/0.969 wmean=1.000 grad_preclip=20.37
[E25] batch=020/250 pseudo=3 loss=4.5814 seg=0.4818 semseg=0.4591 mard=1.9997 lambda=0.039047 box_extra=3 mask_extra=1 DURR=0.0143 (dir=0.0717,res=-0.0000,hall=-0.0000) route_px=46 rescue_px=0 hall_px=0 FG/HBG/EBG=24/192/960 fallback=0 rel=0.928/0.859/0.963 wmean=1.000 grad_preclip=23.04
[E25] batch=030/250 pseudo=4 loss=3.4197 seg=0.2929 semseg=0.1136 mard=2.0119 lambda=0.036222 box_extra=0 mask_extra=0 DURR=0.0152 (dir=0.0762,res=-0.0000,hall=-0.0000) route_px=270 rescue_px=0 hall_px=0 FG/HBG/EBG=32/256/1280 fallback=0 rel=0.910/0.780/0.961 wmean=1.000 grad_preclip=21.82
[E25] batch=040/250 pseudo=5 loss=4.9821 seg=0.2996 semseg=0.2030 mard=1.9972 lambda=0.042829 box_extra=0 mask_extra=0 DURR=0.0186 (dir=0.0928,res=-0.0000,hall=-0.0000) route_px=208 rescue_px=0 hall_px=0 FG/HBG/EBG=40/256/1280 fallback=0 rel=0.947/0.895/0.971 wmean=1.000 grad_preclip=47.42
[E25] batch=050/250 pseudo=3 loss=16.3061 seg=2.2140 semseg=1.6038 mard=2.0568 lambda=0.032622 box_extra=0 mask_extra=0 DURR=0.0302 (dir=0.1509,res=-0.0000,hall=-0.0000) route_px=420 rescue_px=0 hall_px=0 FG/HBG/EBG=24/192/960 fallback=0 rel=0.883/0.775/0.961 wmean=1.000 grad_preclip=86.40
[E25] batch=060/250 pseudo=4 loss=9.0059 seg=0.6638 semseg=0.5537 mard=2.0389 lambda=0.040926 box_extra=0 mask_extra=0 DURR=0.0427 (dir=0.2133,res=-0.0000,hall=-0.0000) route_px=437 rescue_px=0 hall_px=0 FG/HBG/EBG=32/256/1280 fallback=0 rel=0.926/0.896/0.941 wmean=1.000 grad_preclip=73.13
[E25] batch=070/250 pseudo=4 loss=14.9659 seg=1.1835 semseg=1.6525 mard=2.0103 lambda=0.036923 box_extra=1 mask_extra=0 DURR=0.0412 (dir=0.2061,res=-0.0000,hall=-0.0000) route_px=218 rescue_px=0 hall_px=0 FG/HBG/EBG=32/256/1280 fallback=0 rel=0.913/0.809/0.969 wmean=1.000 grad_preclip=160.15
[E25] batch=080/250 pseudo=4 loss=4.6960 seg=0.5129 semseg=0.1384 mard=2.0107 lambda=0.040811 box_extra=0 mask_extra=0 DURR=0.0244 (dir=0.1220,res=-0.0000,hall=-0.0000) route_px=107 rescue_px=0 hall_px=0 FG/HBG/EBG=32/256/1280 fallback=0 rel=0.931/0.842/0.962 wmean=1.000 grad_preclip=54.97
[E25] batch=090/250 pseudo=4 loss=3.9735 seg=0.2150 semseg=0.1496 mard=2.0379 lambda=0.035373 box_extra=0 mask_extra=0 DURR=0.0180 (dir=0.0900,res=-0.0000,hall=-0.0000) route_px=373 rescue_px=0 hall_px=0 FG/HBG/EBG=32/256/1280 fallback=0 rel=0.911/0.788/0.970 wmean=1.000 grad_preclip=25.69
[E25] batch=100/250 pseudo=5 loss=9.8076 seg=0.4249 semseg=1.0772 mard=2.0417 lambda=0.034937 box_extra=0 mask_extra=0 DURR=0.0472 (dir=0.2359,res=-0.0000,hall=-0.0000) route_px=485 rescue_px=0 hall_px=0 FG/HBG/EBG=40/320/1216 fallback=0 rel=0.906/0.793/0.966 wmean=1.000 grad_preclip=78.20
[E25] batch=110/250 pseudo=4 loss=6.6006 seg=0.4750 semseg=0.2424 mard=2.0366 lambda=0.033556 box_extra=0 mask_extra=0 DURR=0.0083 (dir=0.0414,res=-0.0000,hall=-0.0000) route_px=286 rescue_px=0 hall_px=0 FG/HBG/EBG=32/256/1280 fallback=0 rel=0.892/0.803/0.967 wmean=1.000 grad_preclip=35.08
[E25] batch=120/250 pseudo=4 loss=6.1498 seg=0.4164 semseg=0.5263 mard=2.0945 lambda=0.042800 box_extra=0 mask_extra=0 DURR=0.0270 (dir=0.1350,res=-0.0000,hall=-0.0000) route_px=381 rescue_px=0 hall_px=0 FG/HBG/EBG=32/256/1280 fallback=0 rel=0.950/0.903/0.973 wmean=1.000 grad_preclip=35.11
[E25] batch=130/250 pseudo=3 loss=2.9034 seg=0.3340 semseg=0.1177 mard=2.0680 lambda=0.045026 box_extra=0 mask_extra=0 DURR=0.5890 (dir=0.1525,res=-0.0000,hall=2.7923) route_px=62 rescue_px=0 hall_px=223 FG/HBG/EBG=24/192/960 fallback=0 rel=0.960/0.949/0.966 wmean=1.000 grad_preclip=28.29
[E25] batch=140/250 pseudo=5 loss=8.1265 seg=0.4914 semseg=0.3729 mard=2.0561 lambda=0.033402 box_extra=1 mask_extra=1 DURR=0.0645 (dir=0.0790,res=0.0975,hall=-0.0000) route_px=347 rescue_px=887 hall_px=0 FG/HBG/EBG=40/256/1280 fallback=0 rel=0.893/0.743/0.954 wmean=1.000 grad_preclip=44.91
[E25] batch=150/250 pseudo=5 loss=16.0170 seg=0.8524 semseg=2.1410 mard=1.9816 lambda=0.030560 box_extra=2 mask_extra=1 DURR=0.0253 (dir=0.1266,res=-0.0000,hall=-0.0000) route_px=356 rescue_px=0 hall_px=0 FG/HBG/EBG=40/256/896 fallback=0 rel=0.876/0.755/0.959 wmean=1.000 grad_preclip=63.78
[E25] batch=160/250 pseudo=4 loss=10.7205 seg=0.9085 semseg=0.5136 mard=2.0373 lambda=0.039987 box_extra=0 mask_extra=0 DURR=0.0352 (dir=0.1759,res=-0.0000,hall=-0.0000) route_px=649 rescue_px=0 hall_px=0 FG/HBG/EBG=32/256/1280 fallback=0 rel=0.926/0.840/0.961 wmean=1.000 grad_preclip=133.51
[E25] batch=170/250 pseudo=4 loss=6.1451 seg=0.4706 semseg=0.3453 mard=2.0710 lambda=0.036407 box_extra=0 mask_extra=0 DURR=0.0165 (dir=0.0825,res=-0.0000,hall=-0.0000) route_px=595 rescue_px=0 hall_px=0 FG/HBG/EBG=32/256/1280 fallback=0 rel=0.908/0.807/0.969 wmean=1.000 grad_preclip=35.29
[E25] batch=180/250 pseudo=3 loss=2.6416 seg=0.1904 semseg=0.1073 mard=2.0053 lambda=0.034769 box_extra=1 mask_extra=0 DURR=0.5614 (dir=0.0756,res=-0.0000,hall=2.7312) route_px=115 rescue_px=0 hall_px=7 FG/HBG/EBG=24/192/960 fallback=0 rel=0.905/0.808/0.959 wmean=1.000 grad_preclip=38.72
[E25] batch=190/250 pseudo=5 loss=13.9667 seg=0.7407 semseg=0.9572 mard=2.0218 lambda=0.032311 box_extra=0 mask_extra=0 DURR=0.0203 (dir=0.1013,res=-0.0000,hall=-0.0000) route_px=194 rescue_px=0 hall_px=0 FG/HBG/EBG=40/320/1216 fallback=0 rel=0.884/0.743/0.973 wmean=1.000 grad_preclip=108.94
[E25] batch=200/250 pseudo=4 loss=6.7220 seg=0.4434 semseg=0.5858 mard=2.0043 lambda=0.042191 box_extra=0 mask_extra=0 DURR=0.0275 (dir=0.1373,res=-0.0000,hall=-0.0000) route_px=535 rescue_px=0 hall_px=0 FG/HBG/EBG=32/256/1280 fallback=0 rel=0.941/0.917/0.958 wmean=1.000 grad_preclip=70.73
[E25] batch=210/250 pseudo=3 loss=2.0422 seg=0.2633 semseg=0.0890 mard=2.0295 lambda=0.045949 box_extra=0 mask_extra=0 DURR=0.0468 (dir=0.2342,res=-0.0000,hall=-0.0000) route_px=84 rescue_px=0 hall_px=0 FG/HBG/EBG=24/192/960 fallback=0 rel=0.964/0.962/0.966 wmean=1.000 grad_preclip=20.59
[E25] batch=220/250 pseudo=5 loss=5.8722 seg=0.5919 semseg=0.2907 mard=2.0187 lambda=0.041772 box_extra=0 mask_extra=0 DURR=0.0166 (dir=0.0830,res=-0.0000,hall=-0.0000) route_px=404 rescue_px=0 hall_px=0 FG/HBG/EBG=40/256/1280 fallback=0 rel=0.938/0.903/0.963 wmean=1.000 grad_preclip=31.84
[E25] batch=230/250 pseudo=4 loss=5.6193 seg=0.4592 semseg=0.2225 mard=2.0473 lambda=0.037159 box_extra=1 mask_extra=0 DURR=0.0224 (dir=0.1121,res=-0.0000,hall=-0.0000) route_px=67 rescue_px=0 hall_px=0 FG/HBG/EBG=32/256/1280 fallback=0 rel=0.914/0.834/0.972 wmean=1.000 grad_preclip=27.04
[E25] batch=240/250 pseudo=4 loss=11.5257 seg=0.8563 semseg=0.6247 mard=2.0159 lambda=0.035061 box_extra=1 mask_extra=1 DURR=0.0146 (dir=0.0731,res=-0.0000,hall=-0.0000) route_px=336 rescue_px=0 hall_px=0 FG/HBG/EBG=32/256/1280 fallback=0 rel=0.901/0.808/0.950 wmean=1.000 grad_preclip=95.95
[E25] batch=250/250 pseudo=4 loss=3.2897 seg=0.2938 semseg=0.0966 mard=2.0180 lambda=0.043981 box_extra=0 mask_extra=0 DURR=0.0336 (dir=0.1679,res=-0.0000,hall=-0.0000) route_px=106 rescue_px=0 hall_px=0 FG/HBG/EBG=32/256/1280 fallback=0 rel=0.951/0.931/0.960 wmean=1.000 grad_preclip=25.40

[Epoch 25] DONE time=77.5s valid=250 skipped=0 pseudo=1019 anchors=980 box_extra=63 mask_extra=39 reject_rel=24 DURR=0.0735 (dir=0.1410,res=0.0082,hall=0.2060) empty=54 rescue=10/10 hall_trigger=16 loss=7.4115 seg=0.5631 semseg=0.5021 mard=2.0300 lambda_avg=0.038738 FG/HBG/EBG=32.6/250.9/1202.2 rel=0.920/0.676/0.978 wmean=1.000
[E26] batch=001/250 pseudo=4 loss=5.6200 seg=0.5163 semseg=0.3028 mard=2.0161 lambda=0.042855 box_extra=0 mask_extra=0 DURR=0.0127 (dir=0.0636,res=-0.0000,hall=-0.0000) route_px=338 rescue_px=0 hall_px=0 FG/HBG/EBG=32/256/1280 fallback=0 rel=0.937/0.901/0.960 wmean=1.000 grad_preclip=30.56
[E26] batch=010/250 pseudo=4 loss=4.0117 seg=0.2407 semseg=0.1280 mard=2.0127 lambda=0.042762 box_extra=0 mask_extra=0 DURR=0.0274 (dir=0.1371,res=-0.0000,hall=-0.0000) route_px=236 rescue_px=0 hall_px=0 FG/HBG/EBG=32/256/1280 fallback=0 rel=0.950/0.935/0.965 wmean=1.000 grad_preclip=20.98
[E26] batch=020/250 pseudo=3 loss=5.2219 seg=0.3964 semseg=0.5200 mard=2.0636 lambda=0.027345 box_extra=2 mask_extra=1 DURR=0.1039 (dir=0.1066,res=0.1651,hall=-0.0000) route_px=680 rescue_px=413 hall_px=0 FG/HBG/EBG=24/192/960 fallback=0 rel=0.860/0.705/0.954 wmean=1.000 grad_preclip=36.10
[E26] batch=030/250 pseudo=4 loss=4.5110 seg=0.3615 semseg=0.1717 mard=1.9893 lambda=0.043730 box_extra=0 mask_extra=0 DURR=0.0130 (dir=0.0650,res=-0.0000,hall=-0.0000) route_px=255 rescue_px=0 hall_px=0 FG/HBG/EBG=32/256/1280 fallback=0 rel=0.948/0.937/0.961 wmean=1.000 grad_preclip=27.49
[E26] batch=040/250 pseudo=7 loss=9.6089 seg=0.8089 semseg=0.4433 mard=2.0542 lambda=0.030763 box_extra=1 mask_extra=1 DURR=0.0461 (dir=0.2304,res=-0.0000,hall=-0.0000) route_px=746 rescue_px=0 hall_px=0 FG/HBG/EBG=56/448/1088 fallback=0 rel=0.875/0.698/0.968 wmean=1.000 grad_preclip=36.63
[E26] batch=050/250 pseudo=4 loss=4.6662 seg=0.3966 semseg=0.1859 mard=1.9884 lambda=0.044393 box_extra=0 mask_extra=0 DURR=0.0438 (dir=0.2192,res=-0.0000,hall=-0.0000) route_px=320 rescue_px=0 hall_px=0 FG/HBG/EBG=32/256/1280 fallback=0 rel=0.949/0.936/0.960 wmean=1.000 grad_preclip=56.69
[E26] batch=060/250 pseudo=5 loss=3.4449 seg=0.2703 semseg=0.1443 mard=1.9961 lambda=0.035298 box_extra=0 mask_extra=0 DURR=0.0373 (dir=0.1866,res=-0.0000,hall=-0.0000) route_px=153 rescue_px=0 hall_px=0 FG/HBG/EBG=40/320/1216 fallback=0 rel=0.898/0.691/0.971 wmean=1.000 grad_preclip=24.35
[E26] batch=070/250 pseudo=3 loss=2.3063 seg=0.2617 semseg=0.0801 mard=1.9765 lambda=0.045095 box_extra=0 mask_extra=0 DURR=0.0288 (dir=0.1441,res=-0.0000,hall=-0.0000) route_px=70 rescue_px=0 hall_px=0 FG/HBG/EBG=24/192/960 fallback=0 rel=0.958/0.949/0.963 wmean=1.000 grad_preclip=45.81
[E26] batch=080/250 pseudo=4 loss=9.9045 seg=0.6438 semseg=0.7120 mard=2.0062 lambda=0.035202 box_extra=0 mask_extra=0 DURR=0.0320 (dir=0.1600,res=-0.0000,hall=-0.0000) route_px=271 rescue_px=0 hall_px=0 FG/HBG/EBG=32/256/1280 fallback=0 rel=0.896/0.805/0.940 wmean=1.000 grad_preclip=47.72
[E26] batch=090/250 pseudo=4 loss=17.9006 seg=2.3733 semseg=0.7796 mard=1.9926 lambda=0.031880 box_extra=0 mask_extra=0 DURR=0.0227 (dir=0.1134,res=-0.0000,hall=-0.0000) route_px=475 rescue_px=0 hall_px=0 FG/HBG/EBG=32/256/1280 fallback=0 rel=0.880/0.721/0.949 wmean=1.000 grad_preclip=116.96
[E26] batch=100/250 pseudo=4 loss=5.5523 seg=0.5782 semseg=0.1912 mard=1.9935 lambda=0.044711 box_extra=0 mask_extra=0 DURR=0.0465 (dir=0.2325,res=-0.0000,hall=-0.0000) route_px=202 rescue_px=0 hall_px=0 FG/HBG/EBG=32/256/1280 fallback=0 rel=0.958/0.932/0.969 wmean=1.000 grad_preclip=74.29
[E26] batch=110/250 pseudo=4 loss=9.3005 seg=0.6595 semseg=0.3822 mard=2.0478 lambda=0.037659 box_extra=1 mask_extra=1 DURR=0.3680 (dir=0.2149,res=0.6500,hall=-0.0000) route_px=383 rescue_px=123 hall_px=0 FG/HBG/EBG=32/256/1280 fallback=0 rel=0.919/0.870/0.954 wmean=1.000 grad_preclip=41.39
[E26] batch=120/250 pseudo=3 loss=2.1408 seg=0.2076 semseg=0.0875 mard=2.1017 lambda=0.043093 box_extra=0 mask_extra=0 DURR=0.0270 (dir=0.1350,res=-0.0000,hall=-0.0000) route_px=216 rescue_px=0 hall_px=0 FG/HBG/EBG=24/192/960 fallback=0 rel=0.951/0.936/0.964 wmean=1.000 grad_preclip=18.33
[E26] batch=130/250 pseudo=4 loss=7.6689 seg=0.6177 semseg=0.3577 mard=2.0792 lambda=0.034099 box_extra=0 mask_extra=0 DURR=0.0242 (dir=0.1209,res=-0.0000,hall=-0.0000) route_px=699 rescue_px=0 hall_px=0 FG/HBG/EBG=32/256/1280 fallback=0 rel=0.890/0.761/0.959 wmean=1.000 grad_preclip=45.57
[E26] batch=140/250 pseudo=4 loss=13.5275 seg=1.6558 semseg=0.7902 mard=2.0404 lambda=0.034162 box_extra=0 mask_extra=0 DURR=0.0313 (dir=0.1565,res=-0.0000,hall=-0.0000) route_px=961 rescue_px=0 hall_px=0 FG/HBG/EBG=32/256/1280 fallback=0 rel=0.887/0.859/0.920 wmean=1.000 grad_preclip=54.18
[E26] batch=150/250 pseudo=4 loss=3.4815 seg=0.2674 semseg=0.1461 mard=2.0302 lambda=0.044289 box_extra=0 mask_extra=0 DURR=0.0271 (dir=0.1357,res=-0.0000,hall=-0.0000) route_px=393 rescue_px=0 hall_px=0 FG/HBG/EBG=32/256/1280 fallback=0 rel=0.957/0.946/0.964 wmean=1.000 grad_preclip=27.24
[E26] batch=160/250 pseudo=4 loss=13.1656 seg=0.6266 semseg=1.5847 mard=1.9917 lambda=0.037741 box_extra=0 mask_extra=0 DURR=0.0283 (dir=0.1416,res=-0.0000,hall=-0.0000) route_px=75 rescue_px=0 hall_px=0 FG/HBG/EBG=32/256/1280 fallback=0 rel=0.913/0.809/0.962 wmean=1.000 grad_preclip=73.08
[E26] batch=170/250 pseudo=4 loss=3.6123 seg=0.2756 semseg=0.0986 mard=1.9768 lambda=0.038523 box_extra=1 mask_extra=1 DURR=0.1423 (dir=0.1230,res=0.2354,hall=-0.0000) route_px=153 rescue_px=119 hall_px=0 FG/HBG/EBG=32/256/1280 fallback=0 rel=0.924/0.871/0.967 wmean=1.000 grad_preclip=28.56
[E26] batch=180/250 pseudo=4 loss=2.8714 seg=0.2458 semseg=0.1055 mard=2.0705 lambda=0.042314 box_extra=0 mask_extra=0 DURR=0.0236 (dir=0.1179,res=-0.0000,hall=-0.0000) route_px=206 rescue_px=0 hall_px=0 FG/HBG/EBG=32/256/1280 fallback=0 rel=0.946/0.903/0.966 wmean=1.000 grad_preclip=36.70
[E26] batch=190/250 pseudo=4 loss=5.0043 seg=0.4710 semseg=0.2937 mard=1.9832 lambda=0.040257 box_extra=1 mask_extra=1 DURR=0.0078 (dir=0.0391,res=-0.0000,hall=-0.0000) route_px=45 rescue_px=0 hall_px=0 FG/HBG/EBG=32/256/1280 fallback=0 rel=0.932/0.864/0.974 wmean=1.000 grad_preclip=31.31
[E26] batch=200/250 pseudo=4 loss=7.4462 seg=0.4495 semseg=0.4943 mard=2.0982 lambda=0.042344 box_extra=0 mask_extra=0 DURR=0.0337 (dir=0.1683,res=-0.0000,hall=-0.0000) route_px=334 rescue_px=0 hall_px=0 FG/HBG/EBG=32/256/1280 fallback=0 rel=0.946/0.886/0.974 wmean=1.000 grad_preclip=96.22
[E26] batch=210/250 pseudo=5 loss=22.0788 seg=1.3898 semseg=1.6384 mard=2.0232 lambda=0.029345 box_extra=4 mask_extra=2 DURR=0.0408 (dir=0.2040,res=-0.0000,hall=-0.0000) route_px=301 rescue_px=0 hall_px=0 FG/HBG/EBG=40/320/1216 fallback=0 rel=0.867/0.755/0.954 wmean=1.000 grad_preclip=141.43
[E26] batch=220/250 pseudo=4 loss=14.4576 seg=1.6052 semseg=0.9232 mard=2.0617 lambda=0.036919 box_extra=0 mask_extra=0 DURR=0.0138 (dir=0.0688,res=-0.0000,hall=-0.0000) route_px=234 rescue_px=0 hall_px=0 FG/HBG/EBG=32/256/1280 fallback=0 rel=0.910/0.821/0.973 wmean=1.000 grad_preclip=122.58
[E26] batch=230/250 pseudo=4 loss=4.3420 seg=0.2797 semseg=0.1641 mard=2.0796 lambda=0.043432 box_extra=0 mask_extra=0 DURR=0.0161 (dir=0.0803,res=-0.0000,hall=-0.0000) route_px=266 rescue_px=0 hall_px=0 FG/HBG/EBG=32/256/1280 fallback=0 rel=0.953/0.933/0.967 wmean=1.000 grad_preclip=26.89
[E26] batch=240/250 pseudo=4 loss=4.6985 seg=0.3368 semseg=0.1605 mard=2.0226 lambda=0.044235 box_extra=0 mask_extra=0 DURR=0.0288 (dir=0.1440,res=-0.0000,hall=-0.0000) route_px=196 rescue_px=0 hall_px=0 FG/HBG/EBG=32/256/1280 fallback=0 rel=0.956/0.945/0.973 wmean=1.000 grad_preclip=35.56
[E26] batch=250/250 pseudo=4 loss=11.0594 seg=0.9612 semseg=0.5983 mard=1.9940 lambda=0.035699 box_extra=0 mask_extra=0 DURR=0.0317 (dir=0.1584,res=-0.0000,hall=-0.0000) route_px=529 rescue_px=0 hall_px=0 FG/HBG/EBG=32/256/1280 fallback=0 rel=0.901/0.830/0.960 wmean=1.000 grad_preclip=54.85

[Epoch 26] DONE time=77.3s valid=250 skipped=0 pseudo=1031 anchors=979 box_extra=75 mask_extra=52 reject_rel=23 DURR=0.0853 (dir=0.1465,res=0.0287,hall=0.2083) empty=49 rescue=17/17 hall_trigger=16 loss=7.5723 seg=0.5815 semseg=0.4894 mard=2.0268 lambda_avg=0.038409 FG/HBG/EBG=33.0/254.2/1206.5 rel=0.918/0.670/0.976 wmean=1.000
[E27] batch=001/250 pseudo=5 loss=5.4567 seg=0.4144 semseg=0.1750 mard=2.0784 lambda=0.038482 box_extra=1 mask_extra=1 DURR=0.0255 (dir=0.1275,res=-0.0000,hall=-0.0000) route_px=74 rescue_px=0 hall_px=0 FG/HBG/EBG=40/320/1216 fallback=0 rel=0.923/0.788/0.970 wmean=1.000 grad_preclip=30.24
[E27] batch=010/250 pseudo=4 loss=13.0033 seg=1.0558 semseg=0.7289 mard=1.9835 lambda=0.035105 box_extra=0 mask_extra=0 DURR=0.0269 (dir=0.1347,res=-0.0000,hall=-0.0000) route_px=393 rescue_px=0 hall_px=0 FG/HBG/EBG=32/256/1280 fallback=0 rel=0.884/0.784/0.942 wmean=1.000 grad_preclip=51.52
[E27] batch=020/250 pseudo=5 loss=8.8428 seg=0.3934 semseg=0.3811 mard=1.9853 lambda=0.036796 box_extra=0 mask_extra=0 DURR=0.0311 (dir=0.1557,res=-0.0000,hall=-0.0000) route_px=394 rescue_px=0 hall_px=0 FG/HBG/EBG=40/256/1280 fallback=0 rel=0.915/0.849/0.971 wmean=1.000 grad_preclip=41.51
[E27] batch=030/250 pseudo=4 loss=7.9288 seg=0.9459 semseg=0.2953 mard=1.9969 lambda=0.042889 box_extra=0 mask_extra=0 DURR=0.0209 (dir=0.1044,res=-0.0000,hall=-0.0000) route_px=452 rescue_px=0 hall_px=0 FG/HBG/EBG=32/256/1280 fallback=0 rel=0.945/0.936/0.955 wmean=1.000 grad_preclip=60.37
[E27] batch=040/250 pseudo=4 loss=8.6015 seg=1.1565 semseg=0.2967 mard=2.0410 lambda=0.039421 box_extra=0 mask_extra=0 DURR=0.0386 (dir=0.1929,res=-0.0000,hall=-0.0000) route_px=303 rescue_px=0 hall_px=0 FG/HBG/EBG=32/256/1280 fallback=0 rel=0.929/0.854/0.972 wmean=1.000 grad_preclip=113.11
[E27] batch=050/250 pseudo=5 loss=19.8086 seg=1.4418 semseg=1.1226 mard=2.0496 lambda=0.023425 box_extra=0 mask_extra=0 DURR=0.0203 (dir=0.1013,res=-0.0000,hall=-0.0000) route_px=601 rescue_px=0 hall_px=0 FG/HBG/EBG=40/256/1280 fallback=0 rel=0.840/0.794/0.902 wmean=1.000 grad_preclip=208.97
[E27] batch=060/250 pseudo=4 loss=3.9226 seg=0.3013 semseg=0.2032 mard=1.9625 lambda=0.044418 box_extra=1 mask_extra=0 DURR=0.0341 (dir=0.1705,res=-0.0000,hall=-0.0000) route_px=244 rescue_px=0 hall_px=0 FG/HBG/EBG=32/256/1280 fallback=0 rel=0.952/0.943/0.963 wmean=1.000 grad_preclip=28.05
[E27] batch=070/250 pseudo=4 loss=6.8204 seg=0.5696 semseg=0.4148 mard=2.0504 lambda=0.035129 box_extra=1 mask_extra=1 DURR=0.0126 (dir=0.0632,res=-0.0000,hall=-0.0000) route_px=180 rescue_px=0 hall_px=0 FG/HBG/EBG=32/256/1280 fallback=0 rel=0.899/0.827/0.967 wmean=1.000 grad_preclip=63.13
[E27] batch=080/250 pseudo=4 loss=7.6291 seg=0.5096 semseg=0.3035 mard=2.0292 lambda=0.035411 box_extra=0 mask_extra=0 DURR=0.0198 (dir=0.0992,res=-0.0000,hall=-0.0000) route_px=237 rescue_px=0 hall_px=0 FG/HBG/EBG=32/256/1280 fallback=0 rel=0.903/0.796/0.944 wmean=1.000 grad_preclip=123.84
[E27] batch=090/250 pseudo=5 loss=9.6167 seg=0.5778 semseg=0.6775 mard=2.0362 lambda=0.039554 box_extra=0 mask_extra=0 DURR=0.0445 (dir=0.2223,res=-0.0000,hall=-0.0000) route_px=263 rescue_px=0 hall_px=0 FG/HBG/EBG=40/256/1280 fallback=0 rel=0.918/0.888/0.957 wmean=1.000 grad_preclip=113.41
[E27] batch=100/250 pseudo=4 loss=6.9363 seg=0.5718 semseg=0.2554 mard=2.0411 lambda=0.038329 box_extra=0 mask_extra=0 DURR=0.0134 (dir=0.0669,res=-0.0000,hall=-0.0000) route_px=251 rescue_px=0 hall_px=0 FG/HBG/EBG=32/256/1280 fallback=0 rel=0.920/0.888/0.952 wmean=1.000 grad_preclip=118.85
[E27] batch=110/250 pseudo=4 loss=7.8232 seg=0.4328 semseg=0.6849 mard=2.0473 lambda=0.036469 box_extra=0 mask_extra=0 DURR=0.0255 (dir=0.1274,res=-0.0000,hall=-0.0000) route_px=755 rescue_px=0 hall_px=0 FG/HBG/EBG=32/256/1280 fallback=0 rel=0.912/0.831/0.968 wmean=1.000 grad_preclip=68.64
[E27] batch=120/250 pseudo=4 loss=4.7817 seg=0.4365 semseg=0.1817 mard=2.0304 lambda=0.043762 box_extra=0 mask_extra=0 DURR=0.0340 (dir=0.1698,res=-0.0000,hall=-0.0000) route_px=203 rescue_px=0 hall_px=0 FG/HBG/EBG=32/256/1280 fallback=0 rel=0.947/0.932/0.963 wmean=1.000 grad_preclip=53.14
[E27] batch=130/250 pseudo=4 loss=3.1265 seg=0.2789 semseg=0.1169 mard=2.0471 lambda=0.041651 box_extra=1 mask_extra=1 DURR=0.0618 (dir=0.3089,res=-0.0000,hall=-0.0000) route_px=69 rescue_px=0 hall_px=0 FG/HBG/EBG=32/256/1280 fallback=0 rel=0.939/0.868/0.968 wmean=1.000 grad_preclip=20.52
[E27] batch=140/250 pseudo=4 loss=17.3246 seg=1.3271 semseg=1.2824 mard=2.0491 lambda=0.028533 box_extra=1 mask_extra=1 DURR=0.0330 (dir=0.1650,res=-0.0000,hall=-0.0000) route_px=423 rescue_px=0 hall_px=0 FG/HBG/EBG=32/256/1280 fallback=0 rel=0.859/0.715/0.964 wmean=1.000 grad_preclip=93.74
[E27] batch=150/250 pseudo=5 loss=10.6090 seg=0.9604 semseg=0.3245 mard=2.0509 lambda=0.041570 box_extra=0 mask_extra=0 DURR=0.0338 (dir=0.1690,res=-0.0000,hall=-0.0000) route_px=278 rescue_px=0 hall_px=0 FG/HBG/EBG=40/320/1216 fallback=0 rel=0.938/0.894/0.960 wmean=1.000 grad_preclip=58.71
[E27] batch=160/250 pseudo=5 loss=7.7401 seg=0.6585 semseg=0.4962 mard=1.9800 lambda=0.030172 box_extra=0 mask_extra=0 DURR=0.0182 (dir=0.0910,res=-0.0000,hall=-0.0000) route_px=410 rescue_px=0 hall_px=0 FG/HBG/EBG=40/320/1216 fallback=0 rel=0.867/0.723/0.959 wmean=1.000 grad_preclip=64.89
[E27] batch=170/250 pseudo=4 loss=9.9125 seg=0.2743 semseg=1.3643 mard=1.9622 lambda=0.037779 box_extra=2 mask_extra=1 DURR=0.0401 (dir=0.2004,res=-0.0000,hall=-0.0000) route_px=34 rescue_px=0 hall_px=0 FG/HBG/EBG=32/256/1280 fallback=0 rel=0.918/0.787/0.967 wmean=1.000 grad_preclip=58.84
[E27] batch=180/250 pseudo=4 loss=14.4328 seg=0.6711 semseg=0.8374 mard=2.0847 lambda=0.036033 box_extra=1 mask_extra=0 DURR=0.0239 (dir=0.1194,res=-0.0000,hall=-0.0000) route_px=575 rescue_px=0 hall_px=0 FG/HBG/EBG=32/256/1280 fallback=0 rel=0.907/0.821/0.963 wmean=1.000 grad_preclip=178.74
[E27] batch=190/250 pseudo=4 loss=7.6883 seg=0.8610 semseg=0.3714 mard=1.9942 lambda=0.039654 box_extra=0 mask_extra=0 DURR=0.0181 (dir=0.0905,res=-0.0000,hall=-0.0000) route_px=323 rescue_px=0 hall_px=0 FG/HBG/EBG=32/256/1280 fallback=0 rel=0.926/0.870/0.965 wmean=1.000 grad_preclip=44.93
[E27] batch=200/250 pseudo=4 loss=9.3712 seg=0.6117 semseg=0.7775 mard=2.0472 lambda=0.039676 box_extra=0 mask_extra=0 DURR=0.0118 (dir=0.0588,res=-0.0000,hall=-0.0000) route_px=259 rescue_px=0 hall_px=0 FG/HBG/EBG=32/256/1280 fallback=0 rel=0.924/0.834/0.962 wmean=1.000 grad_preclip=145.81
[E27] batch=210/250 pseudo=5 loss=12.8221 seg=1.5423 semseg=0.3193 mard=1.9885 lambda=0.023423 box_extra=0 mask_extra=0 DURR=0.0282 (dir=0.1408,res=-0.0000,hall=-0.0000) route_px=686 rescue_px=0 hall_px=0 FG/HBG/EBG=40/256/1280 fallback=0 rel=0.831/0.720/0.968 wmean=1.000 grad_preclip=53.46
[E27] batch=220/250 pseudo=5 loss=12.6202 seg=1.8165 semseg=0.4289 mard=2.0278 lambda=0.040745 box_extra=0 mask_extra=0 DURR=0.0403 (dir=0.2017,res=-0.0000,hall=-0.0000) route_px=395 rescue_px=0 hall_px=0 FG/HBG/EBG=40/320/1216 fallback=0 rel=0.925/0.863/0.963 wmean=1.000 grad_preclip=87.54
[E27] batch=230/250 pseudo=4 loss=4.6219 seg=0.2825 semseg=0.1505 mard=2.0196 lambda=0.031749 box_extra=0 mask_extra=0 DURR=0.0210 (dir=0.1050,res=-0.0000,hall=-0.0000) route_px=321 rescue_px=0 hall_px=0 FG/HBG/EBG=32/256/1280 fallback=0 rel=0.884/0.738/0.954 wmean=1.000 grad_preclip=31.79
[E27] batch=240/250 pseudo=4 loss=10.4491 seg=1.0252 semseg=0.5311 mard=2.0279 lambda=0.037181 box_extra=1 mask_extra=1 DURR=0.0215 (dir=0.1077,res=-0.0000,hall=-0.0000) route_px=144 rescue_px=0 hall_px=0 FG/HBG/EBG=32/256/1280 fallback=0 rel=0.911/0.822/0.959 wmean=1.000 grad_preclip=45.42
[E27] batch=250/250 pseudo=4 loss=16.4817 seg=1.0375 semseg=1.2761 mard=2.0825 lambda=0.033020 box_extra=1 mask_extra=1 DURR=1.0972 (dir=0.0969,res=2.1557,hall=-0.0000) route_px=358 rescue_px=1794 hall_px=0 FG/HBG/EBG=32/256/1280 fallback=0 rel=0.891/0.762/0.971 wmean=1.000 grad_preclip=108.74

[Epoch 27] DONE time=77.3s valid=250 skipped=0 pseudo=1030 anchors=991 box_extra=59 mask_extra=39 reject_rel=20 DURR=0.0648 (dir=0.1408,res=0.0221,hall=0.1280) empty=50 rescue=14/14 hall_trigger=12 loss=7.6526 seg=0.5633 semseg=0.5114 mard=2.0263 lambda_avg=0.038514 FG/HBG/EBG=33.0/253.7/1205.5 rel=0.919/0.681/0.975 wmean=1.000
[E28] batch=001/250 pseudo=7 loss=8.9216 seg=0.6573 semseg=0.3137 mard=2.0351 lambda=0.034625 box_extra=0 mask_extra=0 DURR=0.0310 (dir=0.1551,res=-0.0000,hall=-0.0000) route_px=431 rescue_px=0 hall_px=0 FG/HBG/EBG=56/384/1152 fallback=0 rel=0.897/0.776/0.974 wmean=1.000 grad_preclip=60.20
[E28] batch=010/250 pseudo=4 loss=4.5962 seg=0.2661 semseg=0.1344 mard=2.0470 lambda=0.033901 box_extra=0 mask_extra=0 DURR=0.0231 (dir=0.1157,res=-0.0000,hall=-0.0000) route_px=286 rescue_px=0 hall_px=0 FG/HBG/EBG=32/256/1280 fallback=0 rel=0.892/0.792/0.967 wmean=1.000 grad_preclip=39.09
[E28] batch=020/250 pseudo=6 loss=6.6973 seg=0.4659 semseg=0.4021 mard=2.0396 lambda=0.035233 box_extra=1 mask_extra=1 DURR=0.0342 (dir=0.1709,res=-0.0000,hall=-0.0000) route_px=371 rescue_px=0 hall_px=0 FG/HBG/EBG=48/384/1152 fallback=0 rel=0.897/0.823/0.954 wmean=1.000 grad_preclip=28.28
[E28] batch=030/250 pseudo=4 loss=7.2397 seg=0.8637 semseg=0.3036 mard=2.0639 lambda=0.044340 box_extra=0 mask_extra=0 DURR=0.0325 (dir=0.1626,res=-0.0000,hall=-0.0000) route_px=397 rescue_px=0 hall_px=0 FG/HBG/EBG=32/256/1280 fallback=0 rel=0.949/0.912/0.967 wmean=1.000 grad_preclip=47.79
[E28] batch=040/250 pseudo=4 loss=9.8082 seg=0.6761 semseg=0.3831 mard=2.0430 lambda=0.042530 box_extra=0 mask_extra=0 DURR=0.0441 (dir=0.2203,res=-0.0000,hall=-0.0000) route_px=247 rescue_px=0 hall_px=0 FG/HBG/EBG=32/256/1280 fallback=0 rel=0.943/0.932/0.960 wmean=1.000 grad_preclip=149.92
[E28] batch=050/250 pseudo=4 loss=7.6814 seg=0.7391 semseg=0.2764 mard=2.0669 lambda=0.041288 box_extra=0 mask_extra=0 DURR=0.0226 (dir=0.1128,res=-0.0000,hall=-0.0000) route_px=408 rescue_px=0 hall_px=0 FG/HBG/EBG=32/256/1280 fallback=0 rel=0.933/0.900/0.965 wmean=1.000 grad_preclip=41.00
[E28] batch=060/250 pseudo=3 loss=3.5485 seg=0.4677 semseg=0.1551 mard=2.0368 lambda=0.043457 box_extra=0 mask_extra=0 DURR=0.0677 (dir=0.3384,res=-0.0000,hall=-0.0000) route_px=79 rescue_px=0 hall_px=0 FG/HBG/EBG=24/192/960 fallback=0 rel=0.944/0.937/0.957 wmean=1.000 grad_preclip=24.13
[E28] batch=070/250 pseudo=5 loss=13.6378 seg=0.5758 semseg=1.5137 mard=2.0364 lambda=0.034686 box_extra=1 mask_extra=1 DURR=0.0203 (dir=0.1016,res=-0.0000,hall=-0.0000) route_px=566 rescue_px=0 hall_px=0 FG/HBG/EBG=40/256/1280 fallback=0 rel=0.898/0.799/0.951 wmean=1.000 grad_preclip=213.05
[E28] batch=080/250 pseudo=5 loss=6.2294 seg=0.5308 semseg=0.2665 mard=2.0742 lambda=0.035004 box_extra=0 mask_extra=0 DURR=0.0302 (dir=0.1512,res=-0.0000,hall=-0.0000) route_px=312 rescue_px=0 hall_px=0 FG/HBG/EBG=40/320/1216 fallback=0 rel=0.896/0.715/0.970 wmean=1.000 grad_preclip=41.95
[E28] batch=090/250 pseudo=7 loss=3.4031 seg=0.2343 semseg=0.1261 mard=2.0179 lambda=0.035032 box_extra=0 mask_extra=0 DURR=0.0189 (dir=0.0945,res=-0.0000,hall=-0.0000) route_px=145 rescue_px=0 hall_px=0 FG/HBG/EBG=56/320/1216 fallback=0 rel=0.900/0.698/0.968 wmean=1.000 grad_preclip=23.66
[E28] batch=100/250 pseudo=4 loss=5.3145 seg=0.4599 semseg=0.2378 mard=2.0236 lambda=0.039951 box_extra=1 mask_extra=1 DURR=0.3953 (dir=0.1982,res=0.7114,hall=-0.0000) route_px=377 rescue_px=27 hall_px=0 FG/HBG/EBG=32/256/1280 fallback=0 rel=0.926/0.871/0.958 wmean=1.000 grad_preclip=37.17
[E28] batch=110/250 pseudo=4 loss=10.7307 seg=0.7634 semseg=0.5918 mard=2.0260 lambda=0.036854 box_extra=0 mask_extra=0 DURR=0.0114 (dir=0.0572,res=-0.0000,hall=-0.0000) route_px=638 rescue_px=0 hall_px=0 FG/HBG/EBG=32/256/1280 fallback=0 rel=0.904/0.753/0.959 wmean=1.000 grad_preclip=70.90
[E28] batch=120/250 pseudo=4 loss=9.1437 seg=0.5244 semseg=0.8608 mard=2.0168 lambda=0.038409 box_extra=0 mask_extra=0 DURR=0.0101 (dir=0.0503,res=-0.0000,hall=-0.0000) route_px=417 rescue_px=0 hall_px=0 FG/HBG/EBG=32/256/1280 fallback=0 rel=0.925/0.902/0.967 wmean=1.000 grad_preclip=129.93
[E28] batch=130/250 pseudo=5 loss=7.8766 seg=0.4909 semseg=0.4128 mard=2.0095 lambda=0.036970 box_extra=1 mask_extra=1 DURR=0.1531 (dir=0.0955,res=0.2680,hall=-0.0000) route_px=251 rescue_px=1325 hall_px=0 FG/HBG/EBG=40/320/1216 fallback=0 rel=0.915/0.845/0.943 wmean=1.000 grad_preclip=123.88
[E28] batch=140/250 pseudo=4 loss=12.1470 seg=1.4839 semseg=0.5481 mard=1.9867 lambda=0.040759 box_extra=0 mask_extra=0 DURR=0.0254 (dir=0.1269,res=-0.0000,hall=-0.0000) route_px=262 rescue_px=0 hall_px=0 FG/HBG/EBG=32/256/1280 fallback=0 rel=0.932/0.853/0.971 wmean=1.000 grad_preclip=42.63
[E28] batch=150/250 pseudo=5 loss=8.1304 seg=0.4533 semseg=0.6815 mard=1.9828 lambda=0.033066 box_extra=1 mask_extra=1 DURR=0.1662 (dir=0.5313,res=0.1199,hall=-0.0000) route_px=98 rescue_px=1011 hall_px=0 FG/HBG/EBG=40/192/960 fallback=0 rel=0.888/0.740/0.954 wmean=1.000 grad_preclip=54.47
[E28] batch=160/250 pseudo=4 loss=5.1469 seg=0.4001 semseg=0.2595 mard=2.0724 lambda=0.034329 box_extra=0 mask_extra=0 DURR=0.0152 (dir=0.0758,res=-0.0000,hall=-0.0000) route_px=449 rescue_px=0 hall_px=0 FG/HBG/EBG=32/256/1280 fallback=0 rel=0.899/0.725/0.963 wmean=1.000 grad_preclip=25.54
[E28] batch=170/250 pseudo=7 loss=9.6210 seg=0.3290 semseg=0.4697 mard=1.9725 lambda=0.034867 box_extra=0 mask_extra=0 DURR=0.0334 (dir=0.1669,res=-0.0000,hall=-0.0000) route_px=264 rescue_px=0 hall_px=0 FG/HBG/EBG=56/448/1088 fallback=0 rel=0.901/0.724/0.949 wmean=1.000 grad_preclip=72.07
[E28] batch=180/250 pseudo=4 loss=6.5648 seg=0.4608 semseg=0.2486 mard=2.0229 lambda=0.038828 box_extra=1 mask_extra=1 DURR=0.0342 (dir=0.1711,res=-0.0000,hall=-0.0000) route_px=172 rescue_px=0 hall_px=0 FG/HBG/EBG=32/256/1280 fallback=0 rel=0.919/0.826/0.963 wmean=1.000 grad_preclip=39.11
[E28] batch=190/250 pseudo=3 loss=4.2082 seg=0.6094 semseg=0.2274 mard=2.0739 lambda=0.038330 box_extra=1 mask_extra=0 DURR=0.0145 (dir=0.0725,res=-0.0000,hall=-0.0000) route_px=212 rescue_px=0 hall_px=0 FG/HBG/EBG=24/192/960 fallback=0 rel=0.919/0.841/0.960 wmean=1.000 grad_preclip=33.88
[E28] batch=200/250 pseudo=4 loss=3.2217 seg=0.2788 semseg=0.1213 mard=2.0858 lambda=0.042761 box_extra=1 mask_extra=1 DURR=0.0661 (dir=0.1279,res=0.0810,hall=-0.0000) route_px=142 rescue_px=1670 hall_px=0 FG/HBG/EBG=32/256/1280 fallback=0 rel=0.949/0.937/0.960 wmean=1.000 grad_preclip=25.88
[E28] batch=210/250 pseudo=4 loss=4.3558 seg=0.2972 semseg=0.2169 mard=2.0113 lambda=0.043560 box_extra=0 mask_extra=0 DURR=0.0108 (dir=0.0541,res=-0.0000,hall=-0.0000) route_px=364 rescue_px=0 hall_px=0 FG/HBG/EBG=32/256/1280 fallback=0 rel=0.953/0.937/0.973 wmean=1.000 grad_preclip=26.13
[E28] batch=220/250 pseudo=4 loss=11.7565 seg=1.0299 semseg=0.6130 mard=1.9809 lambda=0.040524 box_extra=0 mask_extra=0 DURR=0.0216 (dir=0.1078,res=-0.0000,hall=-0.0000) route_px=416 rescue_px=0 hall_px=0 FG/HBG/EBG=32/256/1280 fallback=0 rel=0.928/0.903/0.952 wmean=1.000 grad_preclip=74.89
[E28] batch=230/250 pseudo=5 loss=9.3457 seg=0.5689 semseg=0.4295 mard=2.0798 lambda=0.037493 box_extra=0 mask_extra=0 DURR=0.0348 (dir=0.1742,res=-0.0000,hall=-0.0000) route_px=565 rescue_px=0 hall_px=0 FG/HBG/EBG=40/320/1216 fallback=0 rel=0.923/0.849/0.965 wmean=1.000 grad_preclip=62.31
[E28] batch=240/250 pseudo=2 loss=4.0427 seg=0.4844 semseg=0.4351 mard=2.0885 lambda=0.038853 box_extra=0 mask_extra=0 DURR=0.0215 (dir=0.1074,res=-0.0000,hall=-0.0000) route_px=565 rescue_px=0 hall_px=0 FG/HBG/EBG=16/128/640 fallback=0 rel=0.915/0.912/0.919 wmean=1.000 grad_preclip=23.71
[E28] batch=250/250 pseudo=4 loss=20.4216 seg=0.9629 semseg=2.2927 mard=1.9700 lambda=0.035194 box_extra=1 mask_extra=1 DURR=0.0156 (dir=0.0779,res=-0.0000,hall=-0.0000) route_px=235 rescue_px=0 hall_px=0 FG/HBG/EBG=32/256/1280 fallback=0 rel=0.895/0.767/0.970 wmean=1.000 grad_preclip=138.87

[Epoch 28] DONE time=77.5s valid=250 skipped=0 pseudo=1029 anchors=986 box_extra=60 mask_extra=43 reject_rel=17 DURR=0.0767 (dir=0.1375,res=0.0175,hall=0.2024) empty=54 rescue=13/13 hall_trigger=20 loss=7.2960 seg=0.5435 semseg=0.4866 mard=2.0293 lambda_avg=0.038447 FG/HBG/EBG=32.9/254.2/1198.8 rel=0.919/0.684/0.978 wmean=1.000
[E29] batch=001/250 pseudo=4 loss=8.0420 seg=0.3658 semseg=0.7837 mard=2.0409 lambda=0.041630 box_extra=0 mask_extra=0 DURR=0.0252 (dir=0.1260,res=-0.0000,hall=-0.0000) route_px=389 rescue_px=0 hall_px=0 FG/HBG/EBG=32/256/1280 fallback=0 rel=0.938/0.914/0.961 wmean=1.000 grad_preclip=57.30
[E29] batch=010/250 pseudo=3 loss=7.2773 seg=0.7551 semseg=0.6453 mard=2.1017 lambda=0.042598 box_extra=0 mask_extra=0 DURR=0.4243 (dir=0.1336,res=-0.0000,hall=1.9878) route_px=608 rescue_px=0 hall_px=16 FG/HBG/EBG=24/192/960 fallback=0 rel=0.948/0.937/0.960 wmean=1.000 grad_preclip=108.27
[E29] batch=020/250 pseudo=4 loss=3.9162 seg=0.4353 semseg=0.1351 mard=1.9743 lambda=0.039597 box_extra=0 mask_extra=0 DURR=0.0351 (dir=0.1757,res=-0.0000,hall=-0.0000) route_px=146 rescue_px=0 hall_px=0 FG/HBG/EBG=32/256/1280 fallback=0 rel=0.927/0.859/0.965 wmean=1.000 grad_preclip=22.44
[E29] batch=030/250 pseudo=4 loss=5.0449 seg=0.4054 semseg=0.1809 mard=2.0103 lambda=0.031678 box_extra=0 mask_extra=0 DURR=0.0211 (dir=0.1054,res=-0.0000,hall=-0.0000) route_px=436 rescue_px=0 hall_px=0 FG/HBG/EBG=32/256/1280 fallback=0 rel=0.879/0.699/0.962 wmean=1.000 grad_preclip=34.30
[E29] batch=040/250 pseudo=4 loss=5.0648 seg=0.3164 semseg=0.1964 mard=2.0267 lambda=0.041817 box_extra=0 mask_extra=0 DURR=0.0182 (dir=0.0908,res=-0.0000,hall=-0.0000) route_px=343 rescue_px=0 hall_px=0 FG/HBG/EBG=32/256/1280 fallback=0 rel=0.946/0.919/0.974 wmean=1.000 grad_preclip=29.29
[E29] batch=050/250 pseudo=5 loss=19.5925 seg=1.2341 semseg=1.4330 mard=2.0013 lambda=0.030741 box_extra=0 mask_extra=0 DURR=0.0221 (dir=0.1103,res=-0.0000,hall=-0.0000) route_px=388 rescue_px=0 hall_px=0 FG/HBG/EBG=40/256/1280 fallback=0 rel=0.878/0.846/0.935 wmean=1.000 grad_preclip=70.58
[E29] batch=060/250 pseudo=5 loss=10.3899 seg=0.9637 semseg=0.5313 mard=1.9857 lambda=0.031939 box_extra=1 mask_extra=0 DURR=0.0139 (dir=0.0697,res=-0.0000,hall=-0.0000) route_px=701 rescue_px=0 hall_px=0 FG/HBG/EBG=40/320/1216 fallback=0 rel=0.882/0.717/0.951 wmean=1.000 grad_preclip=43.56
[E29] batch=070/250 pseudo=5 loss=10.1443 seg=0.5824 semseg=0.4929 mard=2.0604 lambda=0.029516 box_extra=0 mask_extra=0 DURR=0.0320 (dir=0.1598,res=-0.0000,hall=-0.0000) route_px=263 rescue_px=0 hall_px=0 FG/HBG/EBG=40/320/1216 fallback=0 rel=0.862/0.698/0.961 wmean=1.000 grad_preclip=47.67
[E29] batch=080/250 pseudo=4 loss=17.0880 seg=0.8109 semseg=1.8387 mard=2.0231 lambda=0.029701 box_extra=0 mask_extra=0 DURR=0.0290 (dir=0.1448,res=-0.0000,hall=-0.0000) route_px=533 rescue_px=0 hall_px=0 FG/HBG/EBG=32/256/1280 fallback=0 rel=0.872/0.714/0.978 wmean=1.000 grad_preclip=138.11
[E29] batch=090/250 pseudo=5 loss=9.8363 seg=0.8688 semseg=0.5049 mard=2.0291 lambda=0.035621 box_extra=1 mask_extra=1 DURR=0.0309 (dir=0.1544,res=-0.0000,hall=-0.0000) route_px=374 rescue_px=0 hall_px=0 FG/HBG/EBG=40/320/1216 fallback=0 rel=0.898/0.827/0.965 wmean=1.000 grad_preclip=59.75
[E29] batch=100/250 pseudo=4 loss=2.6655 seg=0.1995 semseg=0.1118 mard=2.0076 lambda=0.040564 box_extra=0 mask_extra=0 DURR=0.0195 (dir=0.0977,res=-0.0000,hall=-0.0000) route_px=268 rescue_px=0 hall_px=0 FG/HBG/EBG=32/256/1280 fallback=0 rel=0.937/0.871/0.969 wmean=1.000 grad_preclip=24.49
[E29] batch=110/250 pseudo=3 loss=11.3156 seg=2.0308 semseg=0.9564 mard=2.0267 lambda=0.036270 box_extra=1 mask_extra=1 DURR=0.0191 (dir=0.0956,res=-0.0000,hall=-0.0000) route_px=415 rescue_px=0 hall_px=0 FG/HBG/EBG=24/192/960 fallback=0 rel=0.911/0.844/0.946 wmean=1.000 grad_preclip=72.44
[E29] batch=120/250 pseudo=7 loss=11.5524 seg=0.7033 semseg=0.7689 mard=1.9952 lambda=0.027934 box_extra=1 mask_extra=1 DURR=0.0531 (dir=0.2655,res=-0.0000,hall=-0.0000) route_px=433 rescue_px=0 hall_px=0 FG/HBG/EBG=56/256/1280 fallback=0 rel=0.857/0.688/0.951 wmean=1.000 grad_preclip=71.35
[E29] batch=130/250 pseudo=5 loss=7.4516 seg=0.5826 semseg=0.5499 mard=2.0110 lambda=0.032142 box_extra=2 mask_extra=1 DURR=0.0298 (dir=0.1488,res=-0.0000,hall=-0.0000) route_px=107 rescue_px=0 hall_px=0 FG/HBG/EBG=40/320/1216 fallback=0 rel=0.888/0.804/0.961 wmean=1.000 grad_preclip=28.41
[E29] batch=140/250 pseudo=5 loss=8.3269 seg=0.4440 semseg=0.2789 mard=2.0442 lambda=0.039324 box_extra=0 mask_extra=0 DURR=0.0215 (dir=0.1074,res=-0.0000,hall=-0.0000) route_px=290 rescue_px=0 hall_px=0 FG/HBG/EBG=40/256/1280 fallback=0 rel=0.920/0.900/0.935 wmean=1.000 grad_preclip=63.32
[E29] batch=150/250 pseudo=4 loss=2.5046 seg=0.2276 semseg=0.0953 mard=2.0179 lambda=0.045680 box_extra=0 mask_extra=0 DURR=0.0158 (dir=0.0791,res=-0.0000,hall=-0.0000) route_px=63 rescue_px=0 hall_px=0 FG/HBG/EBG=32/256/1280 fallback=0 rel=0.964/0.957/0.969 wmean=1.000 grad_preclip=21.99
[E29] batch=160/250 pseudo=2 loss=2.3597 seg=0.2354 semseg=0.1255 mard=2.0704 lambda=0.045780 box_extra=0 mask_extra=0 DURR=0.5223 (dir=0.2005,res=-0.0000,hall=2.4111) route_px=138 rescue_px=0 hall_px=87 FG/HBG/EBG=16/128/640 fallback=0 rel=0.965/0.962/0.967 wmean=1.000 grad_preclip=25.35
[E29] batch=170/250 pseudo=4 loss=14.1410 seg=1.5495 semseg=0.8240 mard=1.9788 lambda=0.033734 box_extra=0 mask_extra=0 DURR=0.0388 (dir=0.1942,res=-0.0000,hall=-0.0000) route_px=734 rescue_px=0 hall_px=0 FG/HBG/EBG=32/256/1280 fallback=0 rel=0.890/0.830/0.958 wmean=1.000 grad_preclip=64.35
[E29] batch=180/250 pseudo=5 loss=5.9123 seg=0.4253 semseg=0.3765 mard=1.9830 lambda=0.032126 box_extra=0 mask_extra=0 DURR=0.0067 (dir=0.0334,res=-0.0000,hall=-0.0000) route_px=432 rescue_px=0 hall_px=0 FG/HBG/EBG=40/256/1280 fallback=0 rel=0.884/0.766/0.967 wmean=1.000 grad_preclip=32.10
[E29] batch=190/250 pseudo=3 loss=8.9728 seg=0.2769 semseg=1.6874 mard=1.9776 lambda=0.036484 box_extra=0 mask_extra=0 DURR=0.0294 (dir=0.1468,res=-0.0000,hall=-0.0000) route_px=39 rescue_px=0 hall_px=0 FG/HBG/EBG=24/192/960 fallback=0 rel=0.912/0.906/0.917 wmean=1.000 grad_preclip=48.19
[E29] batch=200/250 pseudo=4 loss=12.0715 seg=0.7915 semseg=0.5018 mard=2.0155 lambda=0.033768 box_extra=0 mask_extra=0 DURR=0.0228 (dir=0.1140,res=-0.0000,hall=-0.0000) route_px=239 rescue_px=0 hall_px=0 FG/HBG/EBG=32/256/1280 fallback=0 rel=0.893/0.752/0.957 wmean=1.000 grad_preclip=75.21
[E29] batch=210/250 pseudo=4 loss=5.9408 seg=0.4915 semseg=0.3017 mard=2.0705 lambda=0.044936 box_extra=0 mask_extra=0 DURR=0.0196 (dir=0.0982,res=-0.0000,hall=-0.0000) route_px=450 rescue_px=0 hall_px=0 FG/HBG/EBG=32/256/1280 fallback=0 rel=0.959/0.936/0.970 wmean=1.000 grad_preclip=67.73
[E29] batch=220/250 pseudo=4 loss=7.3832 seg=0.6992 semseg=0.2669 mard=2.0140 lambda=0.037063 box_extra=1 mask_extra=1 DURR=0.0252 (dir=0.1262,res=-0.0000,hall=-0.0000) route_px=439 rescue_px=0 hall_px=0 FG/HBG/EBG=32/256/1280 fallback=0 rel=0.913/0.794/0.965 wmean=1.000 grad_preclip=53.18
[E29] batch=230/250 pseudo=4 loss=6.2263 seg=0.4386 semseg=0.4363 mard=2.0237 lambda=0.043334 box_extra=1 mask_extra=1 DURR=0.1700 (dir=0.1144,res=0.2942,hall=-0.0000) route_px=242 rescue_px=103 hall_px=0 FG/HBG/EBG=32/256/1280 fallback=0 rel=0.948/0.922/0.972 wmean=1.000 grad_preclip=39.42
[E29] batch=240/250 pseudo=5 loss=11.5784 seg=0.8239 semseg=0.3696 mard=1.9797 lambda=0.031413 box_extra=0 mask_extra=0 DURR=0.0333 (dir=0.1664,res=-0.0000,hall=-0.0000) route_px=546 rescue_px=0 hall_px=0 FG/HBG/EBG=40/320/1216 fallback=0 rel=0.877/0.698/0.958 wmean=1.000 grad_preclip=55.82
[E29] batch=250/250 pseudo=4 loss=8.6888 seg=0.6328 semseg=0.3681 mard=2.0055 lambda=0.043028 box_extra=0 mask_extra=0 DURR=0.0366 (dir=0.1832,res=-0.0000,hall=-0.0000) route_px=234 rescue_px=0 hall_px=0 FG/HBG/EBG=32/256/1280 fallback=0 rel=0.943/0.925/0.956 wmean=1.000 grad_preclip=56.69

[Epoch 29] DONE time=77.5s valid=250 skipped=0 pseudo=1033 anchors=989 box_extra=69 mask_extra=44 reject_rel=25 DURR=0.0783 (dir=0.1411,res=0.0137,hall=0.2163) empty=49 rescue=12/12 hall_trigger=19 loss=7.5841 seg=0.5652 semseg=0.5039 mard=2.0276 lambda_avg=0.038396 FG/HBG/EBG=33.1/254.5/1206.3 rel=0.917/0.591/0.978 wmean=1.000
[E30] batch=001/250 pseudo=2 loss=6.1202 seg=0.4134 semseg=1.5323 mard=1.9973 lambda=0.041700 box_extra=0 mask_extra=0 DURR=0.0211 (dir=0.1054,res=-0.0000,hall=-0.0000) route_px=236 rescue_px=0 hall_px=0 FG/HBG/EBG=16/128/640 fallback=0 rel=0.941/0.927/0.956 wmean=1.000 grad_preclip=174.71
[E30] batch=010/250 pseudo=4 loss=16.9823 seg=1.6494 semseg=1.4701 mard=2.0410 lambda=0.030703 box_extra=2 mask_extra=2 DURR=0.1379 (dir=0.0725,res=0.2468,hall=-0.0000) route_px=441 rescue_px=1906 hall_px=0 FG/HBG/EBG=32/192/960 fallback=0 rel=0.882/0.790/0.965 wmean=1.000 grad_preclip=143.11
[E30] batch=020/250 pseudo=4 loss=4.8425 seg=0.3373 semseg=0.3025 mard=2.0169 lambda=0.044996 box_extra=1 mask_extra=0 DURR=0.0299 (dir=0.1495,res=-0.0000,hall=-0.0000) route_px=135 rescue_px=0 hall_px=0 FG/HBG/EBG=32/256/1280 fallback=0 rel=0.959/0.952/0.963 wmean=1.000 grad_preclip=44.63
[E30] batch=030/250 pseudo=4 loss=3.6215 seg=0.3249 semseg=0.0936 mard=2.0643 lambda=0.036424 box_extra=1 mask_extra=1 DURR=0.0381 (dir=0.1905,res=-0.0000,hall=-0.0000) route_px=252 rescue_px=0 hall_px=0 FG/HBG/EBG=32/256/1280 fallback=0 rel=0.911/0.769/0.964 wmean=1.000 grad_preclip=22.69
[E30] batch=040/250 pseudo=4 loss=4.6341 seg=0.4235 semseg=0.2117 mard=2.0609 lambda=0.043635 box_extra=0 mask_extra=0 DURR=0.0171 (dir=0.0857,res=-0.0000,hall=-0.0000) route_px=333 rescue_px=0 hall_px=0 FG/HBG/EBG=32/256/1280 fallback=0 rel=0.952/0.937/0.961 wmean=1.000 grad_preclip=23.86
[E30] batch=050/250 pseudo=4 loss=2.5452 seg=0.2157 semseg=0.0792 mard=2.0010 lambda=0.045226 box_extra=0 mask_extra=0 DURR=0.0286 (dir=0.1430,res=-0.0000,hall=-0.0000) route_px=65 rescue_px=0 hall_px=0 FG/HBG/EBG=32/256/1280 fallback=0 rel=0.962/0.948/0.971 wmean=1.000 grad_preclip=27.20
[E30] batch=060/250 pseudo=4 loss=13.6726 seg=0.9959 semseg=1.0602 mard=2.0908 lambda=0.036644 box_extra=0 mask_extra=0 DURR=0.0205 (dir=0.1027,res=-0.0000,hall=-0.0000) route_px=546 rescue_px=0 hall_px=0 FG/HBG/EBG=32/256/1280 fallback=0 rel=0.906/0.814/0.970 wmean=1.000 grad_preclip=141.34
[E30] batch=070/250 pseudo=5 loss=6.2890 seg=0.2809 semseg=0.4609 mard=2.0802 lambda=0.027090 box_extra=0 mask_extra=0 DURR=0.0274 (dir=0.1371,res=-0.0000,hall=-0.0000) route_px=401 rescue_px=0 hall_px=0 FG/HBG/EBG=40/256/1280 fallback=0 rel=0.858/0.730/0.951 wmean=1.000 grad_preclip=48.28
[E30] batch=080/250 pseudo=3 loss=3.9039 seg=0.4136 semseg=0.1527 mard=2.0308 lambda=0.042608 box_extra=0 mask_extra=0 DURR=0.0249 (dir=0.1246,res=-0.0000,hall=-0.0000) route_px=310 rescue_px=0 hall_px=0 FG/HBG/EBG=24/192/960 fallback=0 rel=0.940/0.897/0.965 wmean=1.000 grad_preclip=24.54
[E30] batch=090/250 pseudo=4 loss=6.3376 seg=0.5797 semseg=0.3370 mard=2.1034 lambda=0.040157 box_extra=0 mask_extra=0 DURR=0.0196 (dir=0.0981,res=-0.0000,hall=-0.0000) route_px=295 rescue_px=0 hall_px=0 FG/HBG/EBG=32/256/1280 fallback=0 rel=0.928/0.888/0.962 wmean=1.000 grad_preclip=25.37
[E30] batch=100/250 pseudo=4 loss=7.0212 seg=0.4860 semseg=0.2915 mard=1.9705 lambda=0.037261 box_extra=0 mask_extra=0 DURR=0.0285 (dir=0.1426,res=-0.0000,hall=-0.0000) route_px=422 rescue_px=0 hall_px=0 FG/HBG/EBG=32/256/1280 fallback=0 rel=0.917/0.884/0.949 wmean=1.000 grad_preclip=38.14
[E30] batch=110/250 pseudo=4 loss=4.8475 seg=0.3416 semseg=0.2222 mard=2.0290 lambda=0.044621 box_extra=0 mask_extra=0 DURR=0.0192 (dir=0.0962,res=-0.0000,hall=-0.0000) route_px=338 rescue_px=0 hall_px=0 FG/HBG/EBG=32/256/1280 fallback=0 rel=0.959/0.950/0.970 wmean=1.000 grad_preclip=55.87
[E30] batch=120/250 pseudo=5 loss=7.3816 seg=0.3202 semseg=0.2545 mard=2.0668 lambda=0.031157 box_extra=1 mask_extra=1 DURR=0.0231 (dir=0.1157,res=-0.0000,hall=-0.0000) route_px=165 rescue_px=0 hall_px=0 FG/HBG/EBG=40/320/1216 fallback=0 rel=0.880/0.717/0.962 wmean=1.000 grad_preclip=36.48
[E30] batch=130/250 pseudo=4 loss=2.6920 seg=0.2196 semseg=0.0977 mard=1.9859 lambda=0.043261 box_extra=0 mask_extra=0 DURR=0.0412 (dir=0.2059,res=-0.0000,hall=-0.0000) route_px=98 rescue_px=0 hall_px=0 FG/HBG/EBG=32/256/1280 fallback=0 rel=0.949/0.930/0.966 wmean=1.000 grad_preclip=21.51
[E30] batch=140/250 pseudo=4 loss=3.2046 seg=0.1617 semseg=0.0826 mard=1.9991 lambda=0.040318 box_extra=0 mask_extra=0 DURR=0.0249 (dir=0.1247,res=-0.0000,hall=-0.0000) route_px=91 rescue_px=0 hall_px=0 FG/HBG/EBG=32/256/1280 fallback=0 rel=0.938/0.867/0.965 wmean=1.000 grad_preclip=40.85
[E30] batch=150/250 pseudo=4 loss=2.9981 seg=0.2153 semseg=0.1103 mard=2.0198 lambda=0.044048 box_extra=0 mask_extra=0 DURR=0.0132 (dir=0.0661,res=-0.0000,hall=-0.0000) route_px=64 rescue_px=0 hall_px=0 FG/HBG/EBG=32/256/1280 fallback=0 rel=0.956/0.924/0.974 wmean=1.000 grad_preclip=20.29
[E30] batch=160/250 pseudo=4 loss=6.8503 seg=0.2502 semseg=0.4282 mard=2.0157 lambda=0.035442 box_extra=1 mask_extra=0 DURR=0.0134 (dir=0.0670,res=-0.0000,hall=-0.0000) route_px=158 rescue_px=0 hall_px=0 FG/HBG/EBG=32/256/1280 fallback=0 rel=0.912/0.838/0.969 wmean=1.000 grad_preclip=41.11
[E30] batch=170/250 pseudo=4 loss=13.0911 seg=1.1533 semseg=0.7685 mard=1.9939 lambda=0.040016 box_extra=0 mask_extra=0 DURR=0.0162 (dir=0.0812,res=-0.0000,hall=-0.0000) route_px=429 rescue_px=0 hall_px=0 FG/HBG/EBG=32/256/1280 fallback=0 rel=0.930/0.912/0.953 wmean=1.000 grad_preclip=155.71
[E30] batch=180/250 pseudo=5 loss=11.6799 seg=0.8619 semseg=0.6162 mard=1.9933 lambda=0.028275 box_extra=1 mask_extra=1 DURR=0.0068 (dir=0.0339,res=-0.0000,hall=-0.0000) route_px=398 rescue_px=0 hall_px=0 FG/HBG/EBG=40/256/1280 fallback=0 rel=0.859/0.767/0.971 wmean=1.000 grad_preclip=94.94
[E30] batch=190/250 pseudo=4 loss=5.3415 seg=0.4934 semseg=0.3617 mard=2.0878 lambda=0.044778 box_extra=0 mask_extra=0 DURR=0.0240 (dir=0.1199,res=-0.0000,hall=-0.0000) route_px=214 rescue_px=0 hall_px=0 FG/HBG/EBG=32/256/1280 fallback=0 rel=0.956/0.951/0.962 wmean=1.000 grad_preclip=37.29
[E30] batch=200/250 pseudo=4 loss=8.6137 seg=0.6967 semseg=0.7394 mard=1.9736 lambda=0.043600 box_extra=0 mask_extra=0 DURR=0.0391 (dir=0.1957,res=-0.0000,hall=-0.0000) route_px=417 rescue_px=0 hall_px=0 FG/HBG/EBG=32/256/1280 fallback=0 rel=0.946/0.934/0.962 wmean=1.000 grad_preclip=86.20
[E30] batch=210/250 pseudo=4 loss=3.5184 seg=0.2120 semseg=0.1247 mard=2.0409 lambda=0.044758 box_extra=0 mask_extra=0 DURR=0.0426 (dir=0.2128,res=-0.0000,hall=-0.0000) route_px=179 rescue_px=0 hall_px=0 FG/HBG/EBG=32/256/1280 fallback=0 rel=0.960/0.950/0.970 wmean=1.000 grad_preclip=29.73
[E30] batch=220/250 pseudo=3 loss=2.3664 seg=0.2232 semseg=0.1285 mard=2.0320 lambda=0.042381 box_extra=0 mask_extra=0 DURR=0.0464 (dir=0.2318,res=-0.0000,hall=-0.0000) route_px=28 rescue_px=0 hall_px=0 FG/HBG/EBG=24/192/960 fallback=0 rel=0.946/0.923/0.969 wmean=1.000 grad_preclip=40.83
[E30] batch=230/250 pseudo=4 loss=3.1276 seg=0.2311 semseg=0.1735 mard=1.9963 lambda=0.041911 box_extra=0 mask_extra=0 DURR=0.0418 (dir=0.2089,res=-0.0000,hall=-0.0000) route_px=167 rescue_px=0 hall_px=0 FG/HBG/EBG=32/256/1280 fallback=0 rel=0.941/0.888/0.969 wmean=1.000 grad_preclip=25.19
[E30] batch=240/250 pseudo=6 loss=10.3377 seg=0.5817 semseg=0.7304 mard=2.0211 lambda=0.029473 box_extra=0 mask_extra=0 DURR=0.0282 (dir=0.1411,res=-0.0000,hall=-0.0000) route_px=212 rescue_px=0 hall_px=0 FG/HBG/EBG=48/256/1280 fallback=0 rel=0.868/0.732/0.955 wmean=1.000 grad_preclip=27.13
[E30] batch=250/250 pseudo=4 loss=7.5393 seg=0.8252 semseg=0.3349 mard=1.9988 lambda=0.038545 box_extra=1 mask_extra=0 DURR=0.0287 (dir=0.1433,res=-0.0000,hall=-0.0000) route_px=235 rescue_px=0 hall_px=0 FG/HBG/EBG=32/256/1280 fallback=0 rel=0.922/0.861/0.943 wmean=1.000 grad_preclip=59.14

[Epoch 30] DONE time=77.5s valid=250 skipped=0 pseudo=1034 anchors=992 box_extra=65 mask_extra=42 reject_rel=23 DURR=0.0702 (dir=0.1363,res=0.0353,hall=0.1263) empty=45 rescue=15/15 hall_trigger=12 loss=7.2244 seg=0.5559 semseg=0.4607 mard=2.0295 lambda_avg=0.038663 FG/HBG/EBG=33.1/254.7/1212.2 rel=0.920/0.678/0.978 wmean=1.000
[SAVE] /home/dang/MedRT-SFOD/runs/seg/dense_sfseg/kvasir_durr_v1_segmard_v2_60ep/checkpoints/dense_sfseg_epoch_30.pt
[E31] batch=001/250 pseudo=4 loss=3.2158 seg=0.1836 semseg=0.2720 mard=2.0489 lambda=0.044796 box_extra=0 mask_extra=0 DURR=0.0398 (dir=0.1990,res=-0.0000,hall=-0.0000) route_px=51 rescue_px=0 hall_px=0 FG/HBG/EBG=32/256/1280 fallback=0 rel=0.960/0.950/0.965 wmean=1.000 grad_preclip=28.45
[E31] batch=010/250 pseudo=4 loss=8.9306 seg=0.6055 semseg=0.7661 mard=2.0432 lambda=0.033068 box_extra=0 mask_extra=0 DURR=0.0245 (dir=0.1224,res=-0.0000,hall=-0.0000) route_px=426 rescue_px=0 hall_px=0 FG/HBG/EBG=32/256/1280 fallback=0 rel=0.887/0.815/0.959 wmean=1.000 grad_preclip=56.50
[E31] batch=020/250 pseudo=4 loss=7.5206 seg=0.3694 semseg=0.7475 mard=2.0301 lambda=0.042585 box_extra=0 mask_extra=0 DURR=0.0351 (dir=0.1756,res=-0.0000,hall=-0.0000) route_px=309 rescue_px=0 hall_px=0 FG/HBG/EBG=32/256/1280 fallback=0 rel=0.943/0.926/0.957 wmean=1.000 grad_preclip=94.25
[E31] batch=030/250 pseudo=4 loss=13.3164 seg=1.1110 semseg=1.1254 mard=2.0151 lambda=0.036134 box_extra=0 mask_extra=0 DURR=0.0481 (dir=0.2404,res=-0.0000,hall=-0.0000) route_px=369 rescue_px=0 hall_px=0 FG/HBG/EBG=32/256/1280 fallback=0 rel=0.902/0.778/0.954 wmean=1.000 grad_preclip=97.55
[E31] batch=040/250 pseudo=5 loss=19.3943 seg=1.1651 semseg=2.1628 mard=2.0621 lambda=0.032245 box_extra=0 mask_extra=0 DURR=0.0303 (dir=0.1513,res=-0.0000,hall=-0.0000) route_px=412 rescue_px=0 hall_px=0 FG/HBG/EBG=40/256/1280 fallback=0 rel=0.884/0.768/0.974 wmean=1.000 grad_preclip=162.13
[E31] batch=050/250 pseudo=3 loss=3.7805 seg=0.3524 semseg=0.1572 mard=2.0193 lambda=0.040136 box_extra=0 mask_extra=0 DURR=0.0345 (dir=0.1726,res=-0.0000,hall=-0.0000) route_px=211 rescue_px=0 hall_px=0 FG/HBG/EBG=24/192/960 fallback=0 rel=0.934/0.898/0.968 wmean=1.000 grad_preclip=39.47
[E31] batch=060/250 pseudo=3 loss=3.3860 seg=0.2119 semseg=0.0850 mard=2.0317 lambda=0.042413 box_extra=0 mask_extra=0 DURR=0.5478 (dir=0.2398,res=-0.0000,hall=2.4992) route_px=172 rescue_px=0 hall_px=9 FG/HBG/EBG=24/192/960 fallback=0 rel=0.945/0.903/0.971 wmean=1.000 grad_preclip=28.02
[E31] batch=070/250 pseudo=6 loss=7.3253 seg=0.3197 semseg=0.2269 mard=1.9453 lambda=0.031887 box_extra=1 mask_extra=1 DURR=0.0314 (dir=0.1572,res=-0.0000,hall=-0.0000) route_px=402 rescue_px=0 hall_px=0 FG/HBG/EBG=48/320/1216 fallback=0 rel=0.883/0.768/0.955 wmean=1.000 grad_preclip=26.60
[E31] batch=080/250 pseudo=3 loss=3.4204 seg=0.4766 semseg=0.1578 mard=1.9816 lambda=0.044651 box_extra=0 mask_extra=0 DURR=0.0223 (dir=0.1115,res=-0.0000,hall=-0.0000) route_px=68 rescue_px=0 hall_px=0 FG/HBG/EBG=24/192/960 fallback=0 rel=0.952/0.943/0.962 wmean=1.000 grad_preclip=29.55
[E31] batch=090/250 pseudo=3 loss=2.8010 seg=0.2502 semseg=0.1183 mard=2.0190 lambda=0.043181 box_extra=0 mask_extra=0 DURR=0.0070 (dir=0.0348,res=-0.0000,hall=-0.0000) route_px=136 rescue_px=0 hall_px=0 FG/HBG/EBG=24/192/960 fallback=0 rel=0.951/0.931/0.969 wmean=1.000 grad_preclip=26.02
[E31] batch=100/250 pseudo=3 loss=5.5189 seg=0.6132 semseg=0.2951 mard=2.0089 lambda=0.043496 box_extra=1 mask_extra=0 DURR=0.0098 (dir=0.0492,res=-0.0000,hall=-0.0000) route_px=317 rescue_px=0 hall_px=0 FG/HBG/EBG=24/192/960 fallback=0 rel=0.950/0.938/0.964 wmean=1.000 grad_preclip=34.83
[E31] batch=110/250 pseudo=5 loss=12.9336 seg=0.6970 semseg=0.9411 mard=2.0210 lambda=0.037974 box_extra=0 mask_extra=0 DURR=0.0471 (dir=0.2353,res=-0.0000,hall=-0.0000) route_px=242 rescue_px=0 hall_px=0 FG/HBG/EBG=40/320/1216 fallback=0 rel=0.919/0.804/0.958 wmean=1.000 grad_preclip=154.16
[E31] batch=120/250 pseudo=4 loss=8.2124 seg=0.5041 semseg=0.4312 mard=2.0248 lambda=0.034355 box_extra=1 mask_extra=1 DURR=0.0534 (dir=0.0874,res=0.0719,hall=-0.0000) route_px=296 rescue_px=1611 hall_px=0 FG/HBG/EBG=32/256/1280 fallback=0 rel=0.895/0.757/0.959 wmean=1.000 grad_preclip=41.40
[E31] batch=130/250 pseudo=4 loss=5.0728 seg=0.3516 semseg=0.1747 mard=1.9815 lambda=0.043409 box_extra=0 mask_extra=0 DURR=0.0353 (dir=0.1766,res=-0.0000,hall=-0.0000) route_px=154 rescue_px=0 hall_px=0 FG/HBG/EBG=32/256/1280 fallback=0 rel=0.950/0.920/0.964 wmean=1.000 grad_preclip=37.14
[E31] batch=140/250 pseudo=4 loss=3.3820 seg=0.2627 semseg=0.1134 mard=2.0002 lambda=0.043560 box_extra=0 mask_extra=0 DURR=0.0494 (dir=0.2471,res=-0.0000,hall=-0.0000) route_px=110 rescue_px=0 hall_px=0 FG/HBG/EBG=32/256/1280 fallback=0 rel=0.950/0.936/0.960 wmean=1.000 grad_preclip=22.01
[E31] batch=150/250 pseudo=4 loss=3.4944 seg=0.2374 semseg=0.2104 mard=2.0219 lambda=0.038418 box_extra=0 mask_extra=0 DURR=0.0148 (dir=0.0738,res=-0.0000,hall=-0.0000) route_px=185 rescue_px=0 hall_px=0 FG/HBG/EBG=32/256/1280 fallback=0 rel=0.925/0.831/0.960 wmean=1.000 grad_preclip=49.23
[E31] batch=160/250 pseudo=4 loss=4.1862 seg=0.3168 semseg=0.1507 mard=2.0114 lambda=0.036521 box_extra=0 mask_extra=0 DURR=0.0242 (dir=0.1212,res=-0.0000,hall=-0.0000) route_px=172 rescue_px=0 hall_px=0 FG/HBG/EBG=32/256/1280 fallback=0 rel=0.907/0.770/0.971 wmean=1.000 grad_preclip=36.38
[E31] batch=170/250 pseudo=4 loss=9.2849 seg=1.0530 semseg=0.2421 mard=1.9765 lambda=0.043888 box_extra=0 mask_extra=0 DURR=0.0371 (dir=0.1856,res=-0.0000,hall=-0.0000) route_px=338 rescue_px=0 hall_px=0 FG/HBG/EBG=32/256/1280 fallback=0 rel=0.947/0.900/0.970 wmean=1.000 grad_preclip=53.81
[E31] batch=180/250 pseudo=4 loss=5.3475 seg=0.4628 semseg=0.2322 mard=2.1220 lambda=0.040861 box_extra=0 mask_extra=0 DURR=0.0288 (dir=0.1440,res=-0.0000,hall=-0.0000) route_px=468 rescue_px=0 hall_px=0 FG/HBG/EBG=32/256/1280 fallback=0 rel=0.924/0.877/0.947 wmean=1.000 grad_preclip=31.70
[E31] batch=190/250 pseudo=4 loss=6.3293 seg=0.3797 semseg=0.1868 mard=2.0288 lambda=0.035203 box_extra=1 mask_extra=1 DURR=0.0384 (dir=0.1918,res=-0.0000,hall=-0.0000) route_px=214 rescue_px=0 hall_px=0 FG/HBG/EBG=32/256/1280 fallback=0 rel=0.900/0.811/0.953 wmean=1.000 grad_preclip=32.31
[E31] batch=200/250 pseudo=5 loss=3.5147 seg=0.3101 semseg=0.1060 mard=2.0234 lambda=0.042413 box_extra=0 mask_extra=0 DURR=0.0414 (dir=0.2071,res=-0.0000,hall=-0.0000) route_px=140 rescue_px=0 hall_px=0 FG/HBG/EBG=40/320/1216 fallback=0 rel=0.939/0.902/0.963 wmean=1.000 grad_preclip=39.30
[E31] batch=210/250 pseudo=4 loss=13.5804 seg=0.9048 semseg=1.1913 mard=2.0039 lambda=0.040136 box_extra=1 mask_extra=0 DURR=0.0317 (dir=0.1586,res=-0.0000,hall=-0.0000) route_px=238 rescue_px=0 hall_px=0 FG/HBG/EBG=32/256/1280 fallback=0 rel=0.925/0.891/0.954 wmean=1.000 grad_preclip=131.11
[E31] batch=220/250 pseudo=4 loss=14.0613 seg=1.1440 semseg=0.9459 mard=2.1064 lambda=0.042767 box_extra=0 mask_extra=0 DURR=0.0156 (dir=0.0782,res=-0.0000,hall=-0.0000) route_px=431 rescue_px=0 hall_px=0 FG/HBG/EBG=32/256/1280 fallback=0 rel=0.946/0.922/0.971 wmean=1.000 grad_preclip=121.84
[E31] batch=230/250 pseudo=4 loss=11.2777 seg=0.7115 semseg=0.9361 mard=2.0129 lambda=0.032535 box_extra=0 mask_extra=0 DURR=0.0191 (dir=0.0954,res=-0.0000,hall=-0.0000) route_px=370 rescue_px=0 hall_px=0 FG/HBG/EBG=32/256/1280 fallback=0 rel=0.876/0.685/0.964 wmean=1.000 grad_preclip=64.65
[E31] batch=240/250 pseudo=4 loss=4.5881 seg=0.3715 semseg=0.1439 mard=2.0500 lambda=0.042670 box_extra=1 mask_extra=0 DURR=0.0384 (dir=0.1920,res=-0.0000,hall=-0.0000) route_px=521 rescue_px=0 hall_px=0 FG/HBG/EBG=32/256/1280 fallback=0 rel=0.946/0.930/0.962 wmean=1.000 grad_preclip=28.15
[E31] batch=250/250 pseudo=5 loss=7.0316 seg=0.4359 semseg=0.3144 mard=2.0731 lambda=0.037226 box_extra=1 mask_extra=1 DURR=0.0358 (dir=0.1791,res=-0.0000,hall=-0.0000) route_px=285 rescue_px=0 hall_px=0 FG/HBG/EBG=40/320/1216 fallback=0 rel=0.912/0.766/0.957 wmean=1.000 grad_preclip=129.25

[Epoch 31] DONE time=77.4s valid=250 skipped=0 pseudo=1029 anchors=990 box_extra=61 mask_extra=39 reject_rel=22 DURR=0.0773 (dir=0.1353,res=0.0298,hall=0.1764) empty=50 rescue=12/12 hall_trigger=16 loss=7.3048 seg=0.5248 semseg=0.4959 mard=2.0276 lambda_avg=0.038791 FG/HBG/EBG=32.9/252.9/1206.3 rel=0.920/0.676/0.978 wmean=1.000
[E32] batch=001/250 pseudo=3 loss=6.6010 seg=0.6600 semseg=0.5410 mard=2.1055 lambda=0.042714 box_extra=0 mask_extra=0 DURR=0.0123 (dir=0.0614,res=-0.0000,hall=-0.0000) route_px=373 rescue_px=0 hall_px=0 FG/HBG/EBG=24/192/960 fallback=0 rel=0.943/0.922/0.955 wmean=1.000 grad_preclip=55.97
[E32] batch=010/250 pseudo=4 loss=5.7854 seg=0.4747 semseg=0.2186 mard=2.0015 lambda=0.041065 box_extra=0 mask_extra=0 DURR=0.0187 (dir=0.0937,res=-0.0000,hall=-0.0000) route_px=302 rescue_px=0 hall_px=0 FG/HBG/EBG=32/256/1280 fallback=0 rel=0.942/0.912/0.955 wmean=1.000 grad_preclip=38.87
[E32] batch=020/250 pseudo=4 loss=5.5448 seg=0.5381 semseg=0.2920 mard=1.9820 lambda=0.035734 box_extra=0 mask_extra=0 DURR=0.0234 (dir=0.1171,res=-0.0000,hall=-0.0000) route_px=334 rescue_px=0 hall_px=0 FG/HBG/EBG=32/256/1280 fallback=0 rel=0.907/0.787/0.962 wmean=1.000 grad_preclip=43.43
[E32] batch=030/250 pseudo=4 loss=7.3988 seg=0.4240 semseg=0.6809 mard=2.0228 lambda=0.039491 box_extra=0 mask_extra=0 DURR=0.0172 (dir=0.0860,res=-0.0000,hall=-0.0000) route_px=206 rescue_px=0 hall_px=0 FG/HBG/EBG=32/256/1280 fallback=0 rel=0.927/0.902/0.967 wmean=1.000 grad_preclip=129.28
[E32] batch=040/250 pseudo=4 loss=5.0626 seg=0.3788 semseg=0.3370 mard=2.0066 lambda=0.042405 box_extra=0 mask_extra=0 DURR=0.0192 (dir=0.0958,res=-0.0000,hall=-0.0000) route_px=762 rescue_px=0 hall_px=0 FG/HBG/EBG=32/256/1280 fallback=0 rel=0.945/0.922/0.965 wmean=1.000 grad_preclip=37.20
[E32] batch=050/250 pseudo=3 loss=9.6127 seg=1.0635 semseg=0.6613 mard=1.9984 lambda=0.042280 box_extra=1 mask_extra=0 DURR=0.2702 (dir=0.1222,res=-0.0000,hall=1.2287) route_px=516 rescue_px=0 hall_px=2 FG/HBG/EBG=24/192/960 fallback=0 rel=0.931/0.913/0.953 wmean=1.000 grad_preclip=87.61
[E32] batch=060/250 pseudo=4 loss=6.1039 seg=0.2981 semseg=0.3180 mard=1.9872 lambda=0.031387 box_extra=0 mask_extra=0 DURR=0.0294 (dir=0.1472,res=-0.0000,hall=-0.0000) route_px=501 rescue_px=0 hall_px=0 FG/HBG/EBG=32/256/1280 fallback=0 rel=0.881/0.713/0.944 wmean=1.000 grad_preclip=24.73
[E32] batch=070/250 pseudo=5 loss=8.1140 seg=0.4817 semseg=0.5988 mard=1.9502 lambda=0.039000 box_extra=1 mask_extra=1 DURR=0.0446 (dir=0.2232,res=-0.0000,hall=-0.0000) route_px=165 rescue_px=0 hall_px=0 FG/HBG/EBG=40/320/1216 fallback=0 rel=0.917/0.874/0.940 wmean=1.000 grad_preclip=99.40
[E32] batch=080/250 pseudo=4 loss=3.5551 seg=0.3170 semseg=0.1595 mard=2.0190 lambda=0.045412 box_extra=0 mask_extra=0 DURR=0.0262 (dir=0.1308,res=-0.0000,hall=-0.0000) route_px=171 rescue_px=0 hall_px=0 FG/HBG/EBG=32/256/1280 fallback=0 rel=0.958/0.943/0.975 wmean=1.000 grad_preclip=30.77
[E32] batch=090/250 pseudo=4 loss=19.3003 seg=1.1427 semseg=1.5827 mard=2.0273 lambda=0.031246 box_extra=1 mask_extra=1 DURR=0.0251 (dir=0.1256,res=-0.0000,hall=-0.0000) route_px=291 rescue_px=0 hall_px=0 FG/HBG/EBG=32/256/1280 fallback=0 rel=0.882/0.789/0.955 wmean=1.000 grad_preclip=110.88
[E32] batch=100/250 pseudo=4 loss=8.5487 seg=0.4497 semseg=0.6296 mard=2.0463 lambda=0.032737 box_extra=0 mask_extra=0 DURR=0.0161 (dir=0.0807,res=-0.0000,hall=-0.0000) route_px=506 rescue_px=0 hall_px=0 FG/HBG/EBG=32/256/1280 fallback=0 rel=0.892/0.715/0.968 wmean=1.000 grad_preclip=103.21
[E32] batch=110/250 pseudo=4 loss=9.3229 seg=0.4797 semseg=0.9669 mard=1.9955 lambda=0.041444 box_extra=0 mask_extra=0 DURR=0.0927 (dir=0.4633,res=-0.0000,hall=-0.0000) route_px=68 rescue_px=0 hall_px=0 FG/HBG/EBG=32/256/1280 fallback=0 rel=0.934/0.898/0.959 wmean=1.000 grad_preclip=129.29
[E32] batch=120/250 pseudo=4 loss=11.8995 seg=0.7913 semseg=0.6074 mard=2.0677 lambda=0.031148 box_extra=1 mask_extra=1 DURR=0.0311 (dir=0.1555,res=-0.0000,hall=-0.0000) route_px=636 rescue_px=0 hall_px=0 FG/HBG/EBG=32/256/1280 fallback=0 rel=0.879/0.824/0.940 wmean=1.000 grad_preclip=74.90
[E32] batch=130/250 pseudo=3 loss=3.7907 seg=0.3646 semseg=0.1752 mard=2.0476 lambda=0.042268 box_extra=0 mask_extra=0 DURR=0.0402 (dir=0.2012,res=-0.0000,hall=-0.0000) route_px=237 rescue_px=0 hall_px=0 FG/HBG/EBG=24/192/960 fallback=0 rel=0.942/0.923/0.954 wmean=1.000 grad_preclip=24.67
[E32] batch=140/250 pseudo=4 loss=11.2944 seg=1.0045 semseg=0.5737 mard=2.0108 lambda=0.032318 box_extra=0 mask_extra=0 DURR=0.0075 (dir=0.0376,res=-0.0000,hall=-0.0000) route_px=594 rescue_px=0 hall_px=0 FG/HBG/EBG=32/256/1280 fallback=0 rel=0.887/0.786/0.931 wmean=1.000 grad_preclip=76.32
[E32] batch=150/250 pseudo=4 loss=3.7065 seg=0.3489 semseg=0.0874 mard=1.9982 lambda=0.044649 box_extra=0 mask_extra=0 DURR=0.0388 (dir=0.1940,res=-0.0000,hall=-0.0000) route_px=117 rescue_px=0 hall_px=0 FG/HBG/EBG=32/256/1280 fallback=0 rel=0.956/0.937/0.969 wmean=1.000 grad_preclip=27.40
[E32] batch=160/250 pseudo=4 loss=6.4233 seg=0.3592 semseg=0.3583 mard=2.0659 lambda=0.042396 box_extra=0 mask_extra=0 DURR=0.0161 (dir=0.0804,res=-0.0000,hall=-0.0000) route_px=481 rescue_px=0 hall_px=0 FG/HBG/EBG=32/256/1280 fallback=0 rel=0.947/0.892/0.967 wmean=1.000 grad_preclip=55.26
[E32] batch=170/250 pseudo=4 loss=10.0362 seg=0.7579 semseg=0.4148 mard=2.0037 lambda=0.031335 box_extra=0 mask_extra=0 DURR=0.0367 (dir=0.1834,res=-0.0000,hall=-0.0000) route_px=286 rescue_px=0 hall_px=0 FG/HBG/EBG=32/256/1280 fallback=0 rel=0.873/0.688/0.959 wmean=1.000 grad_preclip=69.92
[E32] batch=180/250 pseudo=3 loss=9.6394 seg=1.3871 semseg=1.5233 mard=2.0376 lambda=0.036897 box_extra=1 mask_extra=0 DURR=0.8091 (dir=0.1200,res=-0.0000,hall=3.9252) route_px=460 rescue_px=0 hall_px=857 FG/HBG/EBG=24/192/576 fallback=0 rel=0.906/0.867/0.939 wmean=1.000 grad_preclip=78.36
[E32] batch=190/250 pseudo=5 loss=10.5684 seg=0.6629 semseg=0.4487 mard=2.0228 lambda=0.032254 box_extra=0 mask_extra=0 DURR=0.0287 (dir=0.1435,res=-0.0000,hall=-0.0000) route_px=275 rescue_px=0 hall_px=0 FG/HBG/EBG=40/256/1280 fallback=0 rel=0.885/0.791/0.971 wmean=1.000 grad_preclip=108.45
[E32] batch=200/250 pseudo=4 loss=6.5208 seg=0.9569 semseg=0.4367 mard=1.9785 lambda=0.042867 box_extra=0 mask_extra=0 DURR=0.0411 (dir=0.2053,res=-0.0000,hall=-0.0000) route_px=249 rescue_px=0 hall_px=0 FG/HBG/EBG=32/256/896 fallback=0 rel=0.942/0.911/0.958 wmean=1.000 grad_preclip=44.29
[E32] batch=210/250 pseudo=4 loss=2.8189 seg=0.2018 semseg=0.0822 mard=2.0320 lambda=0.045673 box_extra=0 mask_extra=0 DURR=0.0627 (dir=0.3134,res=-0.0000,hall=-0.0000) route_px=132 rescue_px=0 hall_px=0 FG/HBG/EBG=32/256/1280 fallback=0 rel=0.963/0.954/0.972 wmean=1.000 grad_preclip=20.12
[E32] batch=220/250 pseudo=4 loss=11.5363 seg=0.4561 semseg=1.3281 mard=2.1077 lambda=0.037918 box_extra=1 mask_extra=1 DURR=0.0163 (dir=0.0817,res=-0.0000,hall=-0.0000) route_px=264 rescue_px=0 hall_px=0 FG/HBG/EBG=32/256/1280 fallback=0 rel=0.919/0.821/0.965 wmean=1.000 grad_preclip=104.98
[E32] batch=230/250 pseudo=5 loss=6.4729 seg=0.4320 semseg=0.4979 mard=2.0083 lambda=0.041390 box_extra=0 mask_extra=0 DURR=0.0491 (dir=0.2454,res=-0.0000,hall=-0.0000) route_px=189 rescue_px=0 hall_px=0 FG/HBG/EBG=40/256/1280 fallback=0 rel=0.936/0.904/0.964 wmean=1.000 grad_preclip=54.29
[E32] batch=240/250 pseudo=4 loss=15.3779 seg=1.2656 semseg=1.2567 mard=2.0057 lambda=0.041331 box_extra=0 mask_extra=0 DURR=0.0149 (dir=0.0744,res=-0.0000,hall=-0.0000) route_px=759 rescue_px=0 hall_px=0 FG/HBG/EBG=32/256/1280 fallback=0 rel=0.930/0.891/0.960 wmean=1.000 grad_preclip=66.75
[E32] batch=250/250 pseudo=4 loss=4.6697 seg=0.3629 semseg=0.1663 mard=2.0753 lambda=0.037733 box_extra=0 mask_extra=0 DURR=0.0187 (dir=0.0934,res=-0.0000,hall=-0.0000) route_px=44 rescue_px=0 hall_px=0 FG/HBG/EBG=32/256/1280 fallback=0 rel=0.916/0.790/0.971 wmean=1.000 grad_preclip=21.99

[Epoch 32] DONE time=77.2s valid=250 skipped=0 pseudo=1026 anchors=981 box_extra=67 mask_extra=45 reject_rel=22 DURR=0.0583 (dir=0.1355,res=0.0181,hall=0.1109) empty=50 rescue=11/11 hall_trigger=10 loss=7.3435 seg=0.5338 semseg=0.5092 mard=2.0298 lambda_avg=0.038740 FG/HBG/EBG=32.8/253.2/1206.0 rel=0.920/0.686/0.978 wmean=1.000
[E33] batch=001/250 pseudo=4 loss=8.4049 seg=0.8053 semseg=0.5467 mard=1.9956 lambda=0.043925 box_extra=0 mask_extra=0 DURR=0.0656 (dir=0.3278,res=-0.0000,hall=-0.0000) route_px=362 rescue_px=0 hall_px=0 FG/HBG/EBG=32/256/1280 fallback=0 rel=0.950/0.933/0.966 wmean=1.000 grad_preclip=65.33
[E33] batch=010/250 pseudo=4 loss=3.5488 seg=0.2845 semseg=0.1242 mard=2.0355 lambda=0.044024 box_extra=0 mask_extra=0 DURR=0.0424 (dir=0.2118,res=-0.0000,hall=-0.0000) route_px=235 rescue_px=0 hall_px=0 FG/HBG/EBG=32/256/1280 fallback=0 rel=0.953/0.933/0.974 wmean=1.000 grad_preclip=45.13
[E33] batch=020/250 pseudo=4 loss=9.3010 seg=0.3776 semseg=0.5911 mard=2.0465 lambda=0.041835 box_extra=0 mask_extra=0 DURR=0.0203 (dir=0.1016,res=-0.0000,hall=-0.0000) route_px=289 rescue_px=0 hall_px=0 FG/HBG/EBG=32/256/1280 fallback=0 rel=0.943/0.898/0.966 wmean=1.000 grad_preclip=40.95
[E33] batch=030/250 pseudo=4 loss=4.8119 seg=0.2626 semseg=0.3196 mard=2.0048 lambda=0.041752 box_extra=0 mask_extra=0 DURR=0.0370 (dir=0.1852,res=-0.0000,hall=-0.0000) route_px=222 rescue_px=0 hall_px=0 FG/HBG/EBG=32/256/1280 fallback=0 rel=0.940/0.924/0.973 wmean=1.000 grad_preclip=62.44
[E33] batch=040/250 pseudo=5 loss=6.5233 seg=0.4471 semseg=0.3140 mard=2.0721 lambda=0.040491 box_extra=0 mask_extra=0 DURR=0.0237 (dir=0.1183,res=-0.0000,hall=-0.0000) route_px=518 rescue_px=0 hall_px=0 FG/HBG/EBG=40/320/1216 fallback=0 rel=0.931/0.904/0.963 wmean=1.000 grad_preclip=35.64
[E33] batch=050/250 pseudo=4 loss=2.6251 seg=0.2355 semseg=0.1055 mard=2.0021 lambda=0.044851 box_extra=0 mask_extra=0 DURR=0.0295 (dir=0.1473,res=-0.0000,hall=-0.0000) route_px=221 rescue_px=0 hall_px=0 FG/HBG/EBG=32/256/1280 fallback=0 rel=0.959/0.947/0.968 wmean=1.000 grad_preclip=23.10
[E33] batch=060/250 pseudo=4 loss=3.3928 seg=0.2736 semseg=0.1839 mard=2.0915 lambda=0.041608 box_extra=1 mask_extra=1 DURR=0.0542 (dir=0.0460,res=0.0901,hall=-0.0000) route_px=330 rescue_px=887 hall_px=0 FG/HBG/EBG=32/256/1280 fallback=0 rel=0.944/0.925/0.966 wmean=1.000 grad_preclip=22.05
[E33] batch=070/250 pseudo=4 loss=4.6373 seg=0.3683 semseg=0.1562 mard=2.0217 lambda=0.043115 box_extra=0 mask_extra=0 DURR=0.0180 (dir=0.0901,res=-0.0000,hall=-0.0000) route_px=357 rescue_px=0 hall_px=0 FG/HBG/EBG=32/256/1280 fallback=0 rel=0.951/0.922/0.970 wmean=1.000 grad_preclip=30.12
[E33] batch=080/250 pseudo=5 loss=5.0563 seg=0.3770 semseg=0.1541 mard=2.0099 lambda=0.034770 box_extra=0 mask_extra=0 DURR=0.0380 (dir=0.1901,res=-0.0000,hall=-0.0000) route_px=239 rescue_px=0 hall_px=0 FG/HBG/EBG=40/320/1216 fallback=0 rel=0.895/0.688/0.963 wmean=1.000 grad_preclip=25.86
[E33] batch=090/250 pseudo=5 loss=7.0656 seg=0.3486 semseg=0.4155 mard=1.9706 lambda=0.036785 box_extra=0 mask_extra=0 DURR=0.0207 (dir=0.1037,res=-0.0000,hall=-0.0000) route_px=300 rescue_px=0 hall_px=0 FG/HBG/EBG=40/256/1280 fallback=0 rel=0.911/0.794/0.950 wmean=1.000 grad_preclip=76.61
[E33] batch=100/250 pseudo=4 loss=6.9501 seg=0.7344 semseg=0.2183 mard=2.0129 lambda=0.042211 box_extra=0 mask_extra=0 DURR=0.0504 (dir=0.2518,res=-0.0000,hall=-0.0000) route_px=241 rescue_px=0 hall_px=0 FG/HBG/EBG=32/256/1280 fallback=0 rel=0.938/0.929/0.951 wmean=1.000 grad_preclip=74.94
[E33] batch=110/250 pseudo=3 loss=2.2302 seg=0.2574 semseg=0.0825 mard=1.9703 lambda=0.045433 box_extra=0 mask_extra=0 DURR=0.0271 (dir=0.1357,res=-0.0000,hall=-0.0000) route_px=81 rescue_px=0 hall_px=0 FG/HBG/EBG=24/192/960 fallback=0 rel=0.963/0.960/0.965 wmean=1.000 grad_preclip=21.43
[E33] batch=120/250 pseudo=4 loss=8.9146 seg=0.4084 semseg=0.6579 mard=2.0142 lambda=0.045739 box_extra=0 mask_extra=0 DURR=0.0529 (dir=0.2644,res=-0.0000,hall=-0.0000) route_px=111 rescue_px=0 hall_px=0 FG/HBG/EBG=32/256/1280 fallback=0 rel=0.965/0.958/0.974 wmean=1.000 grad_preclip=46.46
[E33] batch=130/250 pseudo=4 loss=6.1479 seg=0.4443 semseg=0.2973 mard=2.1095 lambda=0.035490 box_extra=0 mask_extra=0 DURR=0.0199 (dir=0.0996,res=-0.0000,hall=-0.0000) route_px=363 rescue_px=0 hall_px=0 FG/HBG/EBG=32/256/1280 fallback=0 rel=0.906/0.795/0.966 wmean=1.000 grad_preclip=32.03
[E33] batch=140/250 pseudo=4 loss=3.3553 seg=0.3001 semseg=0.1365 mard=2.0792 lambda=0.042001 box_extra=0 mask_extra=0 DURR=0.0317 (dir=0.1587,res=-0.0000,hall=-0.0000) route_px=181 rescue_px=0 hall_px=0 FG/HBG/EBG=32/256/1280 fallback=0 rel=0.942/0.919/0.961 wmean=1.000 grad_preclip=36.88
[E33] batch=150/250 pseudo=4 loss=11.3901 seg=0.8288 semseg=0.3400 mard=2.0243 lambda=0.032224 box_extra=3 mask_extra=2 DURR=0.1116 (dir=0.0408,res=0.2069,hall=-0.0000) route_px=31 rescue_px=1540 hall_px=0 FG/HBG/EBG=32/256/1280 fallback=0 rel=0.885/0.769/0.965 wmean=1.000 grad_preclip=77.33
[E33] batch=160/250 pseudo=4 loss=4.8108 seg=0.5026 semseg=0.2000 mard=1.9746 lambda=0.040361 box_extra=0 mask_extra=0 DURR=0.0157 (dir=0.0786,res=-0.0000,hall=-0.0000) route_px=218 rescue_px=0 hall_px=0 FG/HBG/EBG=32/256/1280 fallback=0 rel=0.924/0.839/0.958 wmean=1.000 grad_preclip=35.49
[E33] batch=170/250 pseudo=5 loss=11.4713 seg=1.2660 semseg=0.6162 mard=2.0322 lambda=0.037560 box_extra=0 mask_extra=0 DURR=0.0327 (dir=0.1637,res=-0.0000,hall=-0.0000) route_px=113 rescue_px=0 hall_px=0 FG/HBG/EBG=40/256/1280 fallback=0 rel=0.918/0.850/0.965 wmean=1.000 grad_preclip=78.22
[E33] batch=180/250 pseudo=3 loss=4.2745 seg=0.4558 semseg=0.3597 mard=2.0476 lambda=0.042793 box_extra=0 mask_extra=0 DURR=0.0471 (dir=0.2353,res=-0.0000,hall=-0.0000) route_px=378 rescue_px=0 hall_px=0 FG/HBG/EBG=24/192/960 fallback=0 rel=0.942/0.892/0.971 wmean=1.000 grad_preclip=20.65
[E33] batch=190/250 pseudo=4 loss=3.9558 seg=0.2868 semseg=0.1665 mard=2.0113 lambda=0.036157 box_extra=0 mask_extra=0 DURR=0.0360 (dir=0.1798,res=-0.0000,hall=-0.0000) route_px=290 rescue_px=0 hall_px=0 FG/HBG/EBG=32/256/1280 fallback=0 rel=0.910/0.808/0.968 wmean=1.000 grad_preclip=27.51
[E33] batch=200/250 pseudo=4 loss=7.7521 seg=0.8493 semseg=0.5279 mard=2.1079 lambda=0.040468 box_extra=1 mask_extra=0 DURR=0.0612 (dir=0.3061,res=-0.0000,hall=-0.0000) route_px=364 rescue_px=0 hall_px=0 FG/HBG/EBG=32/256/1280 fallback=0 rel=0.932/0.884/0.964 wmean=1.000 grad_preclip=145.95
[E33] batch=210/250 pseudo=3 loss=1.9158 seg=0.1996 semseg=0.1128 mard=2.0395 lambda=0.046340 box_extra=1 mask_extra=0 DURR=0.0087 (dir=0.0437,res=-0.0000,hall=-0.0000) route_px=86 rescue_px=0 hall_px=0 FG/HBG/EBG=24/192/960 fallback=0 rel=0.968/0.959/0.974 wmean=1.000 grad_preclip=19.48
[E33] batch=220/250 pseudo=5 loss=5.7880 seg=0.4326 semseg=0.3249 mard=1.9919 lambda=0.042056 box_extra=1 mask_extra=1 DURR=0.0452 (dir=0.2261,res=-0.0000,hall=-0.0000) route_px=230 rescue_px=0 hall_px=0 FG/HBG/EBG=40/256/1280 fallback=0 rel=0.939/0.891/0.970 wmean=1.000 grad_preclip=52.37
[E33] batch=230/250 pseudo=4 loss=3.4992 seg=0.2402 semseg=0.1341 mard=2.0261 lambda=0.043674 box_extra=0 mask_extra=0 DURR=0.0231 (dir=0.1157,res=-0.0000,hall=-0.0000) route_px=321 rescue_px=0 hall_px=0 FG/HBG/EBG=32/256/1280 fallback=0 rel=0.957/0.940/0.973 wmean=1.000 grad_preclip=24.40
[E33] batch=240/250 pseudo=5 loss=4.5054 seg=0.3814 semseg=0.2023 mard=1.9761 lambda=0.042207 box_extra=1 mask_extra=1 DURR=0.0415 (dir=0.2073,res=-0.0000,hall=-0.0000) route_px=149 rescue_px=0 hall_px=0 FG/HBG/EBG=40/320/1216 fallback=0 rel=0.942/0.903/0.967 wmean=1.000 grad_preclip=30.97
[E33] batch=250/250 pseudo=4 loss=3.6549 seg=0.3238 semseg=0.2118 mard=2.0223 lambda=0.040786 box_extra=0 mask_extra=0 DURR=0.0299 (dir=0.1497,res=-0.0000,hall=-0.0000) route_px=342 rescue_px=0 hall_px=0 FG/HBG/EBG=32/256/896 fallback=0 rel=0.935/0.888/0.957 wmean=1.000 grad_preclip=39.94

[Epoch 33] DONE time=77.6s valid=250 skipped=0 pseudo=1022 anchors=981 box_extra=64 mask_extra=41 reject_rel=23 DURR=0.0634 (dir=0.1408,res=0.0137,hall=0.1419) empty=54 rescue=10/10 hall_trigger=13 loss=7.1424 seg=0.5416 semseg=0.4584 mard=2.0284 lambda_avg=0.038605 FG/HBG/EBG=32.7/252.7/1200.4 rel=0.918/0.590/0.975 wmean=1.000
[E34] batch=001/250 pseudo=4 loss=5.0714 seg=0.3896 semseg=0.2712 mard=2.0576 lambda=0.042089 box_extra=1 mask_extra=1 DURR=0.1983 (dir=0.1078,res=0.3534,hall=-0.0000) route_px=230 rescue_px=2034 hall_px=0 FG/HBG/EBG=32/256/1280 fallback=0 rel=0.945/0.883/0.978 wmean=1.000 grad_preclip=38.03
[E34] batch=010/250 pseudo=3 loss=4.7941 seg=0.3815 semseg=0.1896 mard=2.0457 lambda=0.031996 box_extra=0 mask_extra=0 DURR=0.0217 (dir=0.1083,res=-0.0000,hall=-0.0000) route_px=449 rescue_px=0 hall_px=0 FG/HBG/EBG=24/192/960 fallback=0 rel=0.883/0.710/0.974 wmean=1.000 grad_preclip=54.27
[E34] batch=020/250 pseudo=4 loss=5.1301 seg=0.3841 semseg=0.1268 mard=1.9646 lambda=0.035589 box_extra=0 mask_extra=0 DURR=0.0235 (dir=0.1175,res=-0.0000,hall=-0.0000) route_px=45 rescue_px=0 hall_px=0 FG/HBG/EBG=32/256/1280 fallback=0 rel=0.904/0.798/0.961 wmean=1.000 grad_preclip=50.28
[E34] batch=030/250 pseudo=4 loss=3.6693 seg=0.3015 semseg=0.1292 mard=2.0400 lambda=0.044288 box_extra=0 mask_extra=0 DURR=0.0562 (dir=0.2812,res=-0.0000,hall=-0.0000) route_px=224 rescue_px=0 hall_px=0 FG/HBG/EBG=32/256/1280 fallback=0 rel=0.955/0.945/0.962 wmean=1.000 grad_preclip=21.41
[E34] batch=040/250 pseudo=4 loss=10.5422 seg=0.4749 semseg=1.1703 mard=2.0618 lambda=0.038408 box_extra=1 mask_extra=0 DURR=0.0291 (dir=0.1455,res=-0.0000,hall=-0.0000) route_px=275 rescue_px=0 hall_px=0 FG/HBG/EBG=32/256/1280 fallback=0 rel=0.920/0.822/0.963 wmean=1.000 grad_preclip=100.68
[E34] batch=050/250 pseudo=4 loss=4.0953 seg=0.2758 semseg=0.1458 mard=1.9915 lambda=0.039501 box_extra=1 mask_extra=1 DURR=0.0391 (dir=0.1955,res=-0.0000,hall=-0.0000) route_px=99 rescue_px=0 hall_px=0 FG/HBG/EBG=32/256/1280 fallback=0 rel=0.929/0.865/0.971 wmean=1.000 grad_preclip=33.01
[E34] batch=060/250 pseudo=4 loss=7.5805 seg=0.7036 semseg=0.3218 mard=2.0362 lambda=0.036066 box_extra=0 mask_extra=0 DURR=0.0314 (dir=0.1571,res=-0.0000,hall=-0.0000) route_px=530 rescue_px=0 hall_px=0 FG/HBG/EBG=32/256/1280 fallback=0 rel=0.901/0.762/0.958 wmean=1.000 grad_preclip=45.84
[E34] batch=070/250 pseudo=4 loss=4.9443 seg=0.3202 semseg=0.1919 mard=2.1199 lambda=0.045111 box_extra=0 mask_extra=0 DURR=0.0231 (dir=0.1157,res=-0.0000,hall=-0.0000) route_px=210 rescue_px=0 hall_px=0 FG/HBG/EBG=32/256/1280 fallback=0 rel=0.961/0.946/0.972 wmean=1.000 grad_preclip=33.21
[E34] batch=080/250 pseudo=4 loss=7.2186 seg=0.5893 semseg=0.3390 mard=2.0175 lambda=0.042382 box_extra=0 mask_extra=0 DURR=0.0222 (dir=0.1109,res=-0.0000,hall=-0.0000) route_px=448 rescue_px=0 hall_px=0 FG/HBG/EBG=32/256/1280 fallback=0 rel=0.943/0.880/0.968 wmean=1.000 grad_preclip=47.51
[E34] batch=090/250 pseudo=3 loss=3.1895 seg=0.4756 semseg=0.1662 mard=2.0178 lambda=0.040592 box_extra=0 mask_extra=0 DURR=0.0075 (dir=0.0377,res=-0.0000,hall=-0.0000) route_px=66 rescue_px=0 hall_px=0 FG/HBG/EBG=24/192/960 fallback=0 rel=0.933/0.872/0.965 wmean=1.000 grad_preclip=23.74
[E34] batch=100/250 pseudo=4 loss=8.7792 seg=0.6801 semseg=0.9196 mard=2.0165 lambda=0.040323 box_extra=0 mask_extra=0 DURR=0.0416 (dir=0.2078,res=-0.0000,hall=-0.0000) route_px=595 rescue_px=0 hall_px=0 FG/HBG/EBG=32/256/1280 fallback=0 rel=0.928/0.879/0.961 wmean=1.000 grad_preclip=109.38
[E34] batch=110/250 pseudo=4 loss=4.0759 seg=0.2157 semseg=0.1416 mard=2.0133 lambda=0.043096 box_extra=0 mask_extra=0 DURR=0.0350 (dir=0.1750,res=-0.0000,hall=-0.0000) route_px=194 rescue_px=0 hall_px=0 FG/HBG/EBG=32/256/1280 fallback=0 rel=0.953/0.933/0.975 wmean=1.000 grad_preclip=50.14
[E34] batch=120/250 pseudo=4 loss=5.9036 seg=0.2232 semseg=0.4212 mard=2.0430 lambda=0.044283 box_extra=0 mask_extra=0 DURR=0.0334 (dir=0.1671,res=-0.0000,hall=-0.0000) route_px=476 rescue_px=0 hall_px=0 FG/HBG/EBG=32/256/1280 fallback=0 rel=0.961/0.945/0.972 wmean=1.000 grad_preclip=47.31
[E34] batch=130/250 pseudo=4 loss=7.0787 seg=0.4015 semseg=0.4005 mard=2.0005 lambda=0.038665 box_extra=0 mask_extra=0 DURR=0.0286 (dir=0.1431,res=-0.0000,hall=-0.0000) route_px=427 rescue_px=0 hall_px=0 FG/HBG/EBG=32/256/1280 fallback=0 rel=0.923/0.868/0.948 wmean=1.000 grad_preclip=31.83
[E34] batch=140/250 pseudo=7 loss=7.1678 seg=0.2545 semseg=0.3288 mard=2.0294 lambda=0.026634 box_extra=1 mask_extra=1 DURR=0.0220 (dir=0.1101,res=-0.0000,hall=-0.0000) route_px=323 rescue_px=0 hall_px=0 FG/HBG/EBG=56/320/1216 fallback=0 rel=0.855/0.700/0.955 wmean=1.000 grad_preclip=28.87
[E34] batch=150/250 pseudo=4 loss=5.7672 seg=0.6180 semseg=0.2994 mard=2.1005 lambda=0.032817 box_extra=0 mask_extra=0 DURR=0.0251 (dir=0.1255,res=-0.0000,hall=-0.0000) route_px=449 rescue_px=0 hall_px=0 FG/HBG/EBG=32/192/960 fallback=0 rel=0.883/0.731/0.965 wmean=1.000 grad_preclip=62.28
[E34] batch=160/250 pseudo=4 loss=5.3262 seg=0.5051 semseg=0.1896 mard=2.0411 lambda=0.045493 box_extra=0 mask_extra=0 DURR=0.0183 (dir=0.0917,res=-0.0000,hall=-0.0000) route_px=264 rescue_px=0 hall_px=0 FG/HBG/EBG=32/256/1280 fallback=0 rel=0.960/0.951/0.975 wmean=1.000 grad_preclip=33.27
[E34] batch=170/250 pseudo=4 loss=18.0110 seg=0.6195 semseg=1.8383 mard=2.0705 lambda=0.041602 box_extra=2 mask_extra=1 DURR=0.1738 (dir=0.2163,res=0.2611,hall=-0.0000) route_px=17 rescue_px=118 hall_px=0 FG/HBG/EBG=32/256/1280 fallback=0 rel=0.943/0.890/0.967 wmean=1.000 grad_preclip=102.96
[E34] batch=180/250 pseudo=4 loss=4.2459 seg=0.3175 semseg=0.1512 mard=1.9874 lambda=0.042909 box_extra=0 mask_extra=0 DURR=0.0425 (dir=0.2126,res=-0.0000,hall=-0.0000) route_px=250 rescue_px=0 hall_px=0 FG/HBG/EBG=32/256/1280 fallback=0 rel=0.945/0.936/0.949 wmean=1.000 grad_preclip=38.78
[E34] batch=190/250 pseudo=4 loss=3.8755 seg=0.2202 semseg=0.1253 mard=2.0457 lambda=0.036787 box_extra=0 mask_extra=0 DURR=0.0394 (dir=0.1971,res=-0.0000,hall=-0.0000) route_px=249 rescue_px=0 hall_px=0 FG/HBG/EBG=32/256/1280 fallback=0 rel=0.914/0.829/0.965 wmean=1.000 grad_preclip=26.40
[E34] batch=200/250 pseudo=6 loss=15.7144 seg=1.3017 semseg=1.0238 mard=2.0191 lambda=0.031222 box_extra=0 mask_extra=0 DURR=0.0220 (dir=0.1098,res=-0.0000,hall=-0.0000) route_px=847 rescue_px=0 hall_px=0 FG/HBG/EBG=48/320/1216 fallback=0 rel=0.876/0.762/0.956 wmean=1.000 grad_preclip=136.28
[E34] batch=210/250 pseudo=4 loss=4.8868 seg=0.3516 semseg=0.1870 mard=2.0140 lambda=0.042678 box_extra=0 mask_extra=0 DURR=0.0339 (dir=0.1695,res=-0.0000,hall=-0.0000) route_px=282 rescue_px=0 hall_px=0 FG/HBG/EBG=32/256/1280 fallback=0 rel=0.945/0.909/0.967 wmean=1.000 grad_preclip=22.11
[E34] batch=220/250 pseudo=4 loss=2.6008 seg=0.1699 semseg=0.0985 mard=2.0365 lambda=0.044269 box_extra=0 mask_extra=0 DURR=0.0218 (dir=0.1091,res=-0.0000,hall=-0.0000) route_px=161 rescue_px=0 hall_px=0 FG/HBG/EBG=32/256/1280 fallback=0 rel=0.954/0.950/0.957 wmean=1.000 grad_preclip=33.23
[E34] batch=230/250 pseudo=3 loss=3.0352 seg=0.3811 semseg=0.1939 mard=1.9736 lambda=0.041064 box_extra=0 mask_extra=0 DURR=0.0299 (dir=0.1493,res=-0.0000,hall=-0.0000) route_px=131 rescue_px=0 hall_px=0 FG/HBG/EBG=24/192/960 fallback=0 rel=0.934/0.910/0.960 wmean=1.000 grad_preclip=20.54
[E34] batch=240/250 pseudo=4 loss=4.7827 seg=0.3357 semseg=0.2772 mard=2.0530 lambda=0.043211 box_extra=0 mask_extra=0 DURR=0.0192 (dir=0.0962,res=-0.0000,hall=-0.0000) route_px=625 rescue_px=0 hall_px=0 FG/HBG/EBG=32/256/1280 fallback=0 rel=0.952/0.929/0.961 wmean=1.000 grad_preclip=26.89
[E34] batch=250/250 pseudo=5 loss=8.6037 seg=0.6136 semseg=0.5362 mard=1.9822 lambda=0.033382 box_extra=0 mask_extra=0 DURR=0.0361 (dir=0.1804,res=-0.0000,hall=-0.0000) route_px=90 rescue_px=0 hall_px=0 FG/HBG/EBG=40/320/1216 fallback=0 rel=0.879/0.746/0.947 wmean=1.000 grad_preclip=60.63

[Epoch 34] DONE time=77.6s valid=250 skipped=0 pseudo=1033 anchors=991 box_extra=59 mask_extra=42 reject_rel=17 DURR=0.0668 (dir=0.1428,res=0.0204,hall=0.1403) empty=46 rescue=12/12 hall_trigger=12 loss=7.0846 seg=0.5427 semseg=0.4503 mard=2.0304 lambda_avg=0.038272 FG/HBG/EBG=33.1/254.7/1210.6 rel=0.918/0.661/0.978 wmean=1.000
[E35] batch=001/250 pseudo=4 loss=6.1157 seg=0.5496 semseg=0.3882 mard=2.0067 lambda=0.037412 box_extra=2 mask_extra=2 DURR=0.1668 (dir=0.1610,res=0.2692,hall=-0.0000) route_px=71 rescue_px=104 hall_px=0 FG/HBG/EBG=32/256/1280 fallback=0 rel=0.914/0.861/0.961 wmean=1.000 grad_preclip=27.13
[E35] batch=010/250 pseudo=5 loss=8.2602 seg=0.5223 semseg=0.4184 mard=2.0133 lambda=0.031878 box_extra=0 mask_extra=0 DURR=0.0146 (dir=0.0731,res=-0.0000,hall=-0.0000) route_px=646 rescue_px=0 hall_px=0 FG/HBG/EBG=40/256/1280 fallback=0 rel=0.876/0.721/0.967 wmean=1.000 grad_preclip=45.42
[E35] batch=020/250 pseudo=6 loss=11.9235 seg=0.5583 semseg=1.5346 mard=2.0215 lambda=0.034412 box_extra=2 mask_extra=1 DURR=0.0276 (dir=0.1378,res=-0.0000,hall=-0.0000) route_px=372 rescue_px=0 hall_px=0 FG/HBG/EBG=48/384/1152 fallback=0 rel=0.898/0.788/0.974 wmean=1.000 grad_preclip=57.89
[E35] batch=030/250 pseudo=4 loss=4.4137 seg=0.4677 semseg=0.1114 mard=2.0510 lambda=0.045177 box_extra=0 mask_extra=0 DURR=0.0528 (dir=0.2642,res=-0.0000,hall=-0.0000) route_px=286 rescue_px=0 hall_px=0 FG/HBG/EBG=32/256/1280 fallback=0 rel=0.959/0.947/0.964 wmean=1.000 grad_preclip=51.67
[E35] batch=040/250 pseudo=5 loss=7.9497 seg=0.6618 semseg=0.3747 mard=2.0043 lambda=0.040025 box_extra=0 mask_extra=0 DURR=0.0233 (dir=0.1167,res=-0.0000,hall=-0.0000) route_px=428 rescue_px=0 hall_px=0 FG/HBG/EBG=40/256/1280 fallback=0 rel=0.924/0.866/0.952 wmean=1.000 grad_preclip=39.23
[E35] batch=050/250 pseudo=3 loss=5.3131 seg=0.4896 semseg=0.2165 mard=1.9868 lambda=0.037963 box_extra=0 mask_extra=0 DURR=0.0290 (dir=0.1451,res=-0.0000,hall=-0.0000) route_px=160 rescue_px=0 hall_px=0 FG/HBG/EBG=24/192/960 fallback=0 rel=0.915/0.863/0.951 wmean=1.000 grad_preclip=26.53
[E35] batch=060/250 pseudo=4 loss=3.4672 seg=0.3064 semseg=0.1344 mard=2.0369 lambda=0.044982 box_extra=0 mask_extra=0 DURR=0.0227 (dir=0.1136,res=-0.0000,hall=-0.0000) route_px=351 rescue_px=0 hall_px=0 FG/HBG/EBG=32/256/1280 fallback=0 rel=0.960/0.953/0.967 wmean=1.000 grad_preclip=21.38
[E35] batch=070/250 pseudo=4 loss=13.7393 seg=1.1427 semseg=1.0357 mard=2.0580 lambda=0.037469 box_extra=0 mask_extra=0 DURR=0.0186 (dir=0.0932,res=-0.0000,hall=-0.0000) route_px=843 rescue_px=0 hall_px=0 FG/HBG/EBG=32/256/1280 fallback=0 rel=0.911/0.889/0.934 wmean=1.000 grad_preclip=75.88
[E35] batch=080/250 pseudo=4 loss=7.8754 seg=0.6467 semseg=0.2527 mard=1.9934 lambda=0.034899 box_extra=1 mask_extra=1 DURR=0.0234 (dir=0.1172,res=-0.0000,hall=-0.0000) route_px=305 rescue_px=0 hall_px=0 FG/HBG/EBG=32/256/1280 fallback=0 rel=0.899/0.839/0.958 wmean=1.000 grad_preclip=55.12
[E35] batch=090/250 pseudo=4 loss=5.1616 seg=0.3541 semseg=0.3552 mard=1.9822 lambda=0.039260 box_extra=0 mask_extra=0 DURR=0.0096 (dir=0.0481,res=-0.0000,hall=-0.0000) route_px=319 rescue_px=0 hall_px=0 FG/HBG/EBG=32/256/1280 fallback=0 rel=0.925/0.872/0.960 wmean=1.000 grad_preclip=30.34
[E35] batch=100/250 pseudo=4 loss=5.9682 seg=0.4412 semseg=0.3397 mard=2.0811 lambda=0.043832 box_extra=0 mask_extra=0 DURR=0.0341 (dir=0.1704,res=-0.0000,hall=-0.0000) route_px=225 rescue_px=0 hall_px=0 FG/HBG/EBG=32/256/1280 fallback=0 rel=0.951/0.930/0.970 wmean=1.000 grad_preclip=68.19
[E35] batch=110/250 pseudo=5 loss=6.7717 seg=0.3572 semseg=0.2094 mard=2.0280 lambda=0.032182 box_extra=0 mask_extra=0 DURR=0.0242 (dir=0.1212,res=-0.0000,hall=-0.0000) route_px=379 rescue_px=0 hall_px=0 FG/HBG/EBG=40/256/1280 fallback=0 rel=0.889/0.768/0.952 wmean=1.000 grad_preclip=25.22
[E35] batch=120/250 pseudo=4 loss=3.0998 seg=0.3345 semseg=0.1033 mard=2.0284 lambda=0.045470 box_extra=0 mask_extra=0 DURR=0.0258 (dir=0.1290,res=-0.0000,hall=-0.0000) route_px=174 rescue_px=0 hall_px=0 FG/HBG/EBG=32/256/1280 fallback=0 rel=0.957/0.933/0.968 wmean=1.000 grad_preclip=23.22
[E35] batch=130/250 pseudo=5 loss=12.1978 seg=0.8207 semseg=1.1171 mard=2.0602 lambda=0.039190 box_extra=1 mask_extra=1 DURR=0.2145 (dir=0.1416,res=0.3724,hall=-0.0000) route_px=575 rescue_px=1325 hall_px=0 FG/HBG/EBG=40/320/1216 fallback=0 rel=0.926/0.896/0.955 wmean=1.000 grad_preclip=102.64
[E35] batch=140/250 pseudo=5 loss=6.7672 seg=0.7379 semseg=0.2544 mard=2.0721 lambda=0.043261 box_extra=0 mask_extra=0 DURR=0.0375 (dir=0.1875,res=-0.0000,hall=-0.0000) route_px=392 rescue_px=0 hall_px=0 FG/HBG/EBG=40/320/1216 fallback=0 rel=0.944/0.926/0.963 wmean=1.000 grad_preclip=38.05
[E35] batch=150/250 pseudo=4 loss=5.6374 seg=0.4273 semseg=0.2139 mard=1.9792 lambda=0.039928 box_extra=0 mask_extra=0 DURR=0.0200 (dir=0.0999,res=-0.0000,hall=-0.0000) route_px=438 rescue_px=0 hall_px=0 FG/HBG/EBG=32/256/1280 fallback=0 rel=0.929/0.908/0.970 wmean=1.000 grad_preclip=37.39
[E35] batch=160/250 pseudo=4 loss=4.2034 seg=0.4259 semseg=0.1319 mard=1.9956 lambda=0.044148 box_extra=0 mask_extra=0 DURR=0.0305 (dir=0.1525,res=-0.0000,hall=-0.0000) route_px=262 rescue_px=0 hall_px=0 FG/HBG/EBG=32/256/1280 fallback=0 rel=0.954/0.947/0.969 wmean=1.000 grad_preclip=29.50
[E35] batch=170/250 pseudo=3 loss=5.1561 seg=0.5585 semseg=0.2286 mard=2.0276 lambda=0.043115 box_extra=0 mask_extra=0 DURR=0.0480 (dir=0.2399,res=-0.0000,hall=-0.0000) route_px=198 rescue_px=0 hall_px=0 FG/HBG/EBG=24/192/960 fallback=0 rel=0.946/0.930/0.962 wmean=1.000 grad_preclip=27.14
[E35] batch=180/250 pseudo=5 loss=5.4753 seg=0.5236 semseg=0.2085 mard=2.0431 lambda=0.043411 box_extra=0 mask_extra=0 DURR=0.0470 (dir=0.2350,res=-0.0000,hall=-0.0000) route_px=143 rescue_px=0 hall_px=0 FG/HBG/EBG=40/256/1280 fallback=0 rel=0.945/0.919/0.970 wmean=1.000 grad_preclip=40.12
[E35] batch=190/250 pseudo=5 loss=5.5909 seg=0.4866 semseg=0.1321 mard=1.9892 lambda=0.034696 box_extra=0 mask_extra=0 DURR=0.0344 (dir=0.1720,res=-0.0000,hall=-0.0000) route_px=100 rescue_px=0 hall_px=0 FG/HBG/EBG=40/320/1216 fallback=0 rel=0.896/0.800/0.964 wmean=1.000 grad_preclip=31.69
[E35] batch=200/250 pseudo=5 loss=8.8205 seg=0.5294 semseg=0.4050 mard=2.0073 lambda=0.034038 box_extra=0 mask_extra=0 DURR=0.0125 (dir=0.0626,res=-0.0000,hall=-0.0000) route_px=279 rescue_px=0 hall_px=0 FG/HBG/EBG=40/320/1216 fallback=0 rel=0.886/0.689/0.966 wmean=1.000 grad_preclip=52.68
[E35] batch=210/250 pseudo=2 loss=5.5062 seg=1.0515 semseg=0.4280 mard=2.0688 lambda=0.043017 box_extra=0 mask_extra=0 DURR=0.2950 (dir=0.0961,res=-0.0000,hall=1.3791) route_px=218 rescue_px=0 hall_px=4 FG/HBG/EBG=16/128/640 fallback=0 rel=0.943/0.931/0.954 wmean=1.000 grad_preclip=60.55
[E35] batch=220/250 pseudo=6 loss=8.0651 seg=0.4924 semseg=0.4741 mard=2.0757 lambda=0.032119 box_extra=0 mask_extra=0 DURR=0.0467 (dir=0.2336,res=-0.0000,hall=-0.0000) route_px=410 rescue_px=0 hall_px=0 FG/HBG/EBG=48/320/1216 fallback=0 rel=0.885/0.738/0.956 wmean=1.000 grad_preclip=31.28
[E35] batch=230/250 pseudo=4 loss=13.1706 seg=0.7040 semseg=1.1924 mard=2.0334 lambda=0.034655 box_extra=0 mask_extra=0 DURR=0.0348 (dir=0.1741,res=-0.0000,hall=-0.0000) route_px=261 rescue_px=0 hall_px=0 FG/HBG/EBG=32/256/1280 fallback=0 rel=0.899/0.719/0.961 wmean=1.000 grad_preclip=79.12
[E35] batch=240/250 pseudo=3 loss=6.5246 seg=0.6541 semseg=0.6656 mard=2.0212 lambda=0.031057 box_extra=0 mask_extra=0 DURR=0.0223 (dir=0.1117,res=-0.0000,hall=-0.0000) route_px=241 rescue_px=0 hall_px=0 FG/HBG/EBG=24/192/960 fallback=0 rel=0.878/0.712/0.970 wmean=1.000 grad_preclip=41.46
[E35] batch=250/250 pseudo=4 loss=11.7023 seg=1.2730 semseg=0.6099 mard=2.0128 lambda=0.037055 box_extra=0 mask_extra=0 DURR=0.0204 (dir=0.1020,res=-0.0000,hall=-0.0000) route_px=178 rescue_px=0 hall_px=0 FG/HBG/EBG=32/256/1280 fallback=0 rel=0.907/0.782/0.963 wmean=1.000 grad_preclip=64.69

[Epoch 35] DONE time=77.7s valid=250 skipped=0 pseudo=1032 anchors=989 box_extra=62 mask_extra=43 reject_rel=19 DURR=0.0601 (dir=0.1397,res=0.0154,hall=0.1220) empty=42 rescue=13/13 hall_trigger=13 loss=7.2051 seg=0.5493 semseg=0.4722 mard=2.0264 lambda_avg=0.038489 FG/HBG/EBG=33.0/255.5/1216.0 rel=0.919/0.686/0.976 wmean=1.000
[E36] batch=001/250 pseudo=5 loss=7.7298 seg=0.4600 semseg=0.1456 mard=2.0428 lambda=0.035384 box_extra=0 mask_extra=0 DURR=0.0218 (dir=0.1089,res=-0.0000,hall=-0.0000) route_px=384 rescue_px=0 hall_px=0 FG/HBG/EBG=40/256/1280 fallback=0 rel=0.900/0.698/0.961 wmean=1.000 grad_preclip=73.78
[E36] batch=010/250 pseudo=4 loss=6.1293 seg=0.5354 semseg=0.2374 mard=2.0399 lambda=0.043086 box_extra=0 mask_extra=0 DURR=0.0340 (dir=0.1698,res=-0.0000,hall=-0.0000) route_px=348 rescue_px=0 hall_px=0 FG/HBG/EBG=32/256/1280 fallback=0 rel=0.945/0.925/0.970 wmean=1.000 grad_preclip=53.18
[E36] batch=020/250 pseudo=5 loss=4.6728 seg=0.2274 semseg=0.3820 mard=2.0106 lambda=0.036005 box_extra=0 mask_extra=0 DURR=0.0224 (dir=0.1118,res=-0.0000,hall=-0.0000) route_px=285 rescue_px=0 hall_px=0 FG/HBG/EBG=40/256/1280 fallback=0 rel=0.908/0.720/0.970 wmean=1.000 grad_preclip=69.90
[E36] batch=030/250 pseudo=4 loss=7.2605 seg=0.5043 semseg=0.3470 mard=2.0792 lambda=0.035755 box_extra=0 mask_extra=0 DURR=0.0249 (dir=0.1243,res=-0.0000,hall=-0.0000) route_px=380 rescue_px=0 hall_px=0 FG/HBG/EBG=32/256/1280 fallback=0 rel=0.911/0.824/0.963 wmean=1.000 grad_preclip=43.98
[E36] batch=040/250 pseudo=4 loss=4.0880 seg=0.3025 semseg=0.1361 mard=2.0018 lambda=0.033827 box_extra=0 mask_extra=0 DURR=0.0313 (dir=0.1566,res=-0.0000,hall=-0.0000) route_px=220 rescue_px=0 hall_px=0 FG/HBG/EBG=32/256/1280 fallback=0 rel=0.890/0.690/0.965 wmean=1.000 grad_preclip=29.95
[E36] batch=050/250 pseudo=4 loss=10.6856 seg=0.6417 semseg=0.8344 mard=2.0837 lambda=0.033396 box_extra=0 mask_extra=0 DURR=0.0282 (dir=0.1409,res=-0.0000,hall=-0.0000) route_px=616 rescue_px=0 hall_px=0 FG/HBG/EBG=32/256/1280 fallback=0 rel=0.890/0.800/0.965 wmean=1.000 grad_preclip=58.68
[E36] batch=060/250 pseudo=4 loss=4.3771 seg=0.4315 semseg=0.1947 mard=1.9892 lambda=0.039059 box_extra=0 mask_extra=0 DURR=0.0356 (dir=0.1779,res=-0.0000,hall=-0.0000) route_px=338 rescue_px=0 hall_px=0 FG/HBG/EBG=32/256/1280 fallback=0 rel=0.926/0.856/0.960 wmean=1.000 grad_preclip=28.74
[E36] batch=070/250 pseudo=4 loss=3.6581 seg=0.2095 semseg=0.2256 mard=2.0124 lambda=0.040643 box_extra=0 mask_extra=0 DURR=0.0194 (dir=0.0969,res=-0.0000,hall=-0.0000) route_px=481 rescue_px=0 hall_px=0 FG/HBG/EBG=32/256/1280 fallback=0 rel=0.940/0.873/0.963 wmean=1.000 grad_preclip=26.37
[E36] batch=080/250 pseudo=4 loss=15.2864 seg=0.5883 semseg=1.7266 mard=2.0380 lambda=0.041312 box_extra=1 mask_extra=1 DURR=0.1888 (dir=0.2024,res=0.2966,hall=-0.0000) route_px=299 rescue_px=114 hall_px=0 FG/HBG/EBG=32/256/1280 fallback=0 rel=0.942/0.903/0.963 wmean=1.000 grad_preclip=100.50
[E36] batch=090/250 pseudo=4 loss=5.3078 seg=0.4093 semseg=0.2313 mard=2.0496 lambda=0.044659 box_extra=0 mask_extra=0 DURR=0.0309 (dir=0.1545,res=-0.0000,hall=-0.0000) route_px=581 rescue_px=0 hall_px=0 FG/HBG/EBG=32/256/1280 fallback=0 rel=0.955/0.938/0.962 wmean=1.000 grad_preclip=26.95
[E36] batch=100/250 pseudo=4 loss=8.6366 seg=0.6953 semseg=0.5735 mard=2.1104 lambda=0.036184 box_extra=0 mask_extra=0 DURR=0.0245 (dir=0.1223,res=-0.0000,hall=-0.0000) route_px=777 rescue_px=0 hall_px=0 FG/HBG/EBG=32/256/1280 fallback=0 rel=0.904/0.857/0.949 wmean=1.000 grad_preclip=42.24
[E36] batch=110/250 pseudo=4 loss=6.0838 seg=0.3897 semseg=0.2102 mard=2.0004 lambda=0.031709 box_extra=1 mask_extra=1 DURR=0.1015 (dir=0.1327,res=0.1498,hall=-0.0000) route_px=353 rescue_px=1668 hall_px=0 FG/HBG/EBG=32/256/1280 fallback=0 rel=0.882/0.701/0.948 wmean=1.000 grad_preclip=42.24
[E36] batch=120/250 pseudo=4 loss=2.9515 seg=0.2074 semseg=0.1047 mard=2.0834 lambda=0.038931 box_extra=0 mask_extra=0 DURR=0.0123 (dir=0.0616,res=-0.0000,hall=-0.0000) route_px=204 rescue_px=0 hall_px=0 FG/HBG/EBG=32/256/1280 fallback=0 rel=0.931/0.866/0.971 wmean=1.000 grad_preclip=19.16
[E36] batch=130/250 pseudo=5 loss=3.7085 seg=0.2917 semseg=0.1132 mard=1.9577 lambda=0.040234 box_extra=0 mask_extra=0 DURR=0.0256 (dir=0.1280,res=-0.0000,hall=-0.0000) route_px=109 rescue_px=0 hall_px=0 FG/HBG/EBG=40/256/1280 fallback=0 rel=0.928/0.894/0.949 wmean=1.000 grad_preclip=25.29
[E36] batch=140/250 pseudo=5 loss=5.0881 seg=0.4506 semseg=0.1717 mard=2.0199 lambda=0.035400 box_extra=0 mask_extra=0 DURR=0.0406 (dir=0.2029,res=-0.0000,hall=-0.0000) route_px=111 rescue_px=0 hall_px=0 FG/HBG/EBG=40/320/1216 fallback=0 rel=0.900/0.691/0.968 wmean=1.000 grad_preclip=29.35
[E36] batch=150/250 pseudo=3 loss=18.1842 seg=1.0524 semseg=1.7239 mard=1.9999 lambda=0.024076 box_extra=3 mask_extra=2 DURR=0.3889 (dir=0.0707,res=-0.0000,hall=1.8739) route_px=222 rescue_px=0 hall_px=26 FG/HBG/EBG=24/192/960 fallback=0 rel=0.835/0.770/0.959 wmean=1.000 grad_preclip=116.75
[E36] batch=160/250 pseudo=4 loss=19.3641 seg=2.0746 semseg=0.9624 mard=1.9710 lambda=0.026007 box_extra=0 mask_extra=0 DURR=0.0139 (dir=0.0695,res=-0.0000,hall=-0.0000) route_px=659 rescue_px=0 hall_px=0 FG/HBG/EBG=32/256/1280 fallback=0 rel=0.843/0.695/0.918 wmean=1.000 grad_preclip=107.95
[E36] batch=170/250 pseudo=4 loss=4.6132 seg=0.3465 semseg=0.1814 mard=2.0556 lambda=0.043348 box_extra=0 mask_extra=0 DURR=0.0133 (dir=0.0666,res=-0.0000,hall=-0.0000) route_px=246 rescue_px=0 hall_px=0 FG/HBG/EBG=32/256/1280 fallback=0 rel=0.953/0.941/0.969 wmean=1.000 grad_preclip=37.33
[E36] batch=180/250 pseudo=7 loss=7.0775 seg=0.4249 semseg=0.1912 mard=2.0156 lambda=0.037927 box_extra=0 mask_extra=0 DURR=0.0238 (dir=0.1189,res=-0.0000,hall=-0.0000) route_px=352 rescue_px=0 hall_px=0 FG/HBG/EBG=56/320/1216 fallback=0 rel=0.919/0.852/0.955 wmean=1.000 grad_preclip=21.07
[E36] batch=190/250 pseudo=4 loss=5.7508 seg=0.3190 semseg=0.5991 mard=2.0468 lambda=0.043686 box_extra=0 mask_extra=0 DURR=0.0468 (dir=0.2341,res=-0.0000,hall=-0.0000) route_px=219 rescue_px=0 hall_px=0 FG/HBG/EBG=32/256/1280 fallback=0 rel=0.949/0.936/0.964 wmean=1.000 grad_preclip=38.57
[E36] batch=200/250 pseudo=4 loss=5.9949 seg=0.7420 semseg=0.4613 mard=2.0748 lambda=0.037837 box_extra=0 mask_extra=0 DURR=0.0221 (dir=0.1105,res=-0.0000,hall=-0.0000) route_px=576 rescue_px=0 hall_px=0 FG/HBG/EBG=32/192/960 fallback=0 rel=0.922/0.888/0.972 wmean=1.000 grad_preclip=34.97
[E36] batch=210/250 pseudo=4 loss=6.4262 seg=0.7539 semseg=0.5884 mard=2.0785 lambda=0.021842 box_extra=0 mask_extra=0 DURR=0.0214 (dir=0.1070,res=-0.0000,hall=-0.0000) route_px=416 rescue_px=0 hall_px=0 FG/HBG/EBG=32/192/960 fallback=0 rel=0.822/0.695/0.963 wmean=1.000 grad_preclip=57.25
[E36] batch=220/250 pseudo=5 loss=7.4943 seg=0.6619 semseg=0.5402 mard=2.0130 lambda=0.028645 box_extra=0 mask_extra=0 DURR=0.0290 (dir=0.1450,res=-0.0000,hall=-0.0000) route_px=588 rescue_px=0 hall_px=0 FG/HBG/EBG=40/320/1216 fallback=0 rel=0.863/0.693/0.963 wmean=1.000 grad_preclip=35.80
[E36] batch=230/250 pseudo=4 loss=4.4467 seg=0.3870 semseg=0.1540 mard=2.0196 lambda=0.045089 box_extra=0 mask_extra=0 DURR=0.0349 (dir=0.1744,res=-0.0000,hall=-0.0000) route_px=445 rescue_px=0 hall_px=0 FG/HBG/EBG=32/256/1280 fallback=0 rel=0.956/0.941/0.971 wmean=1.000 grad_preclip=33.38
[E36] batch=240/250 pseudo=3 loss=4.1428 seg=0.3462 semseg=0.1853 mard=2.0849 lambda=0.044911 box_extra=0 mask_extra=0 DURR=0.0243 (dir=0.1217,res=-0.0000,hall=-0.0000) route_px=301 rescue_px=0 hall_px=0 FG/HBG/EBG=24/192/960 fallback=0 rel=0.956/0.936/0.971 wmean=1.000 grad_preclip=24.99
[E36] batch=250/250 pseudo=4 loss=2.8698 seg=0.1518 semseg=0.0740 mard=2.0409 lambda=0.045867 box_extra=0 mask_extra=0 DURR=0.0402 (dir=0.2008,res=-0.0000,hall=-0.0000) route_px=190 rescue_px=0 hall_px=0 FG/HBG/EBG=32/256/1280 fallback=0 rel=0.968/0.966/0.970 wmean=1.000 grad_preclip=24.41

[Epoch 36] DONE time=77.7s valid=250 skipped=0 pseudo=1030 anchors=990 box_extra=55 mask_extra=40 reject_rel=15 DURR=0.0626 (dir=0.1361,res=0.0132,hall=0.1440) empty=44 rescue=12/12 hall_trigger=13 loss=7.3259 seg=0.5537 semseg=0.4860 mard=2.0337 lambda_avg=0.038362 FG/HBG/EBG=33.0/254.7/1213.7 rel=0.918/0.663/0.976 wmean=1.000
[E37] batch=001/250 pseudo=4 loss=9.2261 seg=0.6865 semseg=0.6914 mard=1.9895 lambda=0.036423 box_extra=0 mask_extra=0 DURR=0.0129 (dir=0.0647,res=-0.0000,hall=-0.0000) route_px=611 rescue_px=0 hall_px=0 FG/HBG/EBG=32/256/1280 fallback=0 rel=0.914/0.807/0.962 wmean=1.000 grad_preclip=59.90
[E37] batch=010/250 pseudo=6 loss=4.9477 seg=0.3941 semseg=0.1386 mard=1.9878 lambda=0.035271 box_extra=1 mask_extra=1 DURR=0.0385 (dir=0.1925,res=-0.0000,hall=-0.0000) route_px=252 rescue_px=0 hall_px=0 FG/HBG/EBG=48/384/1152 fallback=0 rel=0.901/0.793/0.966 wmean=1.000 grad_preclip=29.81
[E37] batch=020/250 pseudo=5 loss=6.1874 seg=0.3243 semseg=0.4903 mard=1.9891 lambda=0.034766 box_extra=0 mask_extra=0 DURR=0.0225 (dir=0.1124,res=-0.0000,hall=-0.0000) route_px=180 rescue_px=0 hall_px=0 FG/HBG/EBG=40/256/1280 fallback=0 rel=0.900/0.721/0.962 wmean=1.000 grad_preclip=78.20
[E37] batch=030/250 pseudo=4 loss=9.0127 seg=0.5748 semseg=0.7532 mard=2.0245 lambda=0.037450 box_extra=1 mask_extra=0 DURR=0.0381 (dir=0.1904,res=-0.0000,hall=-0.0000) route_px=507 rescue_px=0 hall_px=0 FG/HBG/EBG=32/256/1280 fallback=0 rel=0.917/0.874/0.950 wmean=1.000 grad_preclip=51.02
[E37] batch=040/250 pseudo=4 loss=6.0547 seg=0.4508 semseg=0.3357 mard=2.0358 lambda=0.041654 box_extra=0 mask_extra=0 DURR=0.0256 (dir=0.1278,res=-0.0000,hall=-0.0000) route_px=300 rescue_px=0 hall_px=0 FG/HBG/EBG=32/256/1280 fallback=0 rel=0.934/0.915/0.958 wmean=1.000 grad_preclip=23.89
[E37] batch=050/250 pseudo=4 loss=4.0820 seg=0.3876 semseg=0.1563 mard=2.0591 lambda=0.044208 box_extra=0 mask_extra=0 DURR=0.0285 (dir=0.1425,res=-0.0000,hall=-0.0000) route_px=228 rescue_px=0 hall_px=0 FG/HBG/EBG=32/256/1280 fallback=0 rel=0.955/0.940/0.965 wmean=1.000 grad_preclip=29.41
[E37] batch=060/250 pseudo=5 loss=6.4004 seg=0.4952 semseg=0.4392 mard=2.0222 lambda=0.037056 box_extra=1 mask_extra=1 DURR=0.0222 (dir=0.1112,res=-0.0000,hall=-0.0000) route_px=107 rescue_px=0 hall_px=0 FG/HBG/EBG=40/320/1216 fallback=0 rel=0.905/0.813/0.947 wmean=1.000 grad_preclip=60.60
[E37] batch=070/250 pseudo=4 loss=11.7381 seg=0.9526 semseg=0.5443 mard=2.0034 lambda=0.042579 box_extra=0 mask_extra=0 DURR=0.0181 (dir=0.0906,res=-0.0000,hall=-0.0000) route_px=538 rescue_px=0 hall_px=0 FG/HBG/EBG=32/256/1280 fallback=0 rel=0.944/0.924/0.966 wmean=1.000 grad_preclip=54.29
[E37] batch=080/250 pseudo=3 loss=4.2220 seg=0.3200 semseg=0.3432 mard=2.1204 lambda=0.043953 box_extra=0 mask_extra=0 DURR=0.0325 (dir=0.1623,res=-0.0000,hall=-0.0000) route_px=352 rescue_px=0 hall_px=0 FG/HBG/EBG=24/192/960 fallback=0 rel=0.951/0.932/0.960 wmean=1.000 grad_preclip=32.59
[E37] batch=090/250 pseudo=5 loss=4.5049 seg=0.4961 semseg=0.2002 mard=2.0640 lambda=0.037641 box_extra=0 mask_extra=0 DURR=0.0116 (dir=0.0582,res=-0.0000,hall=-0.0000) route_px=435 rescue_px=0 hall_px=0 FG/HBG/EBG=40/256/1280 fallback=0 rel=0.912/0.839/0.950 wmean=1.000 grad_preclip=28.73
[E37] batch=100/250 pseudo=4 loss=25.7159 seg=3.1345 semseg=1.9667 mard=2.0492 lambda=0.029635 box_extra=1 mask_extra=1 DURR=0.0790 (dir=0.3951,res=-0.0000,hall=-0.0000) route_px=205 rescue_px=0 hall_px=0 FG/HBG/EBG=32/256/1280 fallback=0 rel=0.863/0.725/0.969 wmean=1.000 grad_preclip=148.39
[E37] batch=110/250 pseudo=5 loss=11.6460 seg=0.8352 semseg=0.6153 mard=2.1079 lambda=0.041415 box_extra=0 mask_extra=0 DURR=0.0168 (dir=0.0840,res=-0.0000,hall=-0.0000) route_px=728 rescue_px=0 hall_px=0 FG/HBG/EBG=40/320/1216 fallback=0 rel=0.929/0.897/0.963 wmean=1.000 grad_preclip=61.39
[E37] batch=120/250 pseudo=2 loss=2.7972 seg=0.3955 semseg=0.1241 mard=2.0836 lambda=0.043869 box_extra=0 mask_extra=0 DURR=1.0062 (dir=0.2062,res=-0.0000,hall=4.8249) route_px=56 rescue_px=0 hall_px=676 FG/HBG/EBG=16/128/640 fallback=0 rel=0.947/0.924/0.969 wmean=1.000 grad_preclip=23.11
[E37] batch=130/250 pseudo=5 loss=4.2281 seg=0.2952 semseg=0.3417 mard=2.0280 lambda=0.043857 box_extra=0 mask_extra=0 DURR=0.0226 (dir=0.1130,res=-0.0000,hall=-0.0000) route_px=454 rescue_px=0 hall_px=0 FG/HBG/EBG=40/256/1280 fallback=0 rel=0.953/0.921/0.966 wmean=1.000 grad_preclip=32.62
[E37] batch=140/250 pseudo=4 loss=14.4574 seg=0.9138 semseg=1.0176 mard=2.0059 lambda=0.039949 box_extra=0 mask_extra=0 DURR=0.0142 (dir=0.0709,res=-0.0000,hall=-0.0000) route_px=540 rescue_px=0 hall_px=0 FG/HBG/EBG=32/256/1280 fallback=0 rel=0.927/0.878/0.962 wmean=1.000 grad_preclip=52.44
[E37] batch=150/250 pseudo=5 loss=9.1840 seg=0.5495 semseg=0.9246 mard=2.0466 lambda=0.032807 box_extra=0 mask_extra=0 DURR=0.0111 (dir=0.0554,res=-0.0000,hall=-0.0000) route_px=372 rescue_px=0 hall_px=0 FG/HBG/EBG=40/320/1216 fallback=0 rel=0.885/0.750/0.958 wmean=1.000 grad_preclip=33.18
[E37] batch=160/250 pseudo=4 loss=8.8778 seg=0.7300 semseg=0.5418 mard=2.0590 lambda=0.039492 box_extra=1 mask_extra=1 DURR=0.0565 (dir=0.2825,res=-0.0000,hall=-0.0000) route_px=193 rescue_px=0 hall_px=0 FG/HBG/EBG=32/256/1280 fallback=0 rel=0.932/0.844/0.972 wmean=1.000 grad_preclip=62.51
[E37] batch=170/250 pseudo=5 loss=5.6798 seg=0.4933 semseg=0.2274 mard=2.0388 lambda=0.034720 box_extra=0 mask_extra=0 DURR=0.0418 (dir=0.2090,res=-0.0000,hall=-0.0000) route_px=437 rescue_px=0 hall_px=0 FG/HBG/EBG=40/320/1216 fallback=0 rel=0.897/0.733/0.959 wmean=1.000 grad_preclip=28.42
[E37] batch=180/250 pseudo=4 loss=7.9792 seg=0.5768 semseg=0.2636 mard=2.0680 lambda=0.037538 box_extra=0 mask_extra=0 DURR=0.0237 (dir=0.1187,res=-0.0000,hall=-0.0000) route_px=432 rescue_px=0 hall_px=0 FG/HBG/EBG=32/256/1280 fallback=0 rel=0.918/0.886/0.958 wmean=1.000 grad_preclip=48.28
[E37] batch=190/250 pseudo=3 loss=7.9112 seg=0.8068 semseg=0.5579 mard=2.0207 lambda=0.037033 box_extra=0 mask_extra=0 DURR=0.9952 (dir=0.1477,res=-0.0000,hall=4.8285) route_px=263 rescue_px=0 hall_px=1122 FG/HBG/EBG=24/192/960 fallback=0 rel=0.906/0.876/0.951 wmean=1.000 grad_preclip=63.99
[E37] batch=200/250 pseudo=4 loss=7.4848 seg=0.3536 semseg=0.4062 mard=2.0349 lambda=0.040248 box_extra=0 mask_extra=0 DURR=0.0310 (dir=0.1549,res=-0.0000,hall=-0.0000) route_px=568 rescue_px=0 hall_px=0 FG/HBG/EBG=32/256/1280 fallback=0 rel=0.926/0.862/0.955 wmean=1.000 grad_preclip=44.84
[E37] batch=210/250 pseudo=3 loss=4.8869 seg=0.4639 semseg=0.2604 mard=2.0006 lambda=0.043060 box_extra=1 mask_extra=0 DURR=0.0295 (dir=0.1474,res=-0.0000,hall=-0.0000) route_px=155 rescue_px=0 hall_px=0 FG/HBG/EBG=24/192/960 fallback=0 rel=0.947/0.931/0.958 wmean=1.000 grad_preclip=31.85
[E37] batch=220/250 pseudo=2 loss=3.7576 seg=0.3594 semseg=0.6291 mard=2.0923 lambda=0.021283 box_extra=1 mask_extra=0 DURR=0.0084 (dir=0.0421,res=-0.0000,hall=-0.0000) route_px=511 rescue_px=0 hall_px=0 FG/HBG/EBG=16/128/640 fallback=0 rel=0.830/0.757/0.903 wmean=1.000 grad_preclip=23.25
[E37] batch=230/250 pseudo=3 loss=9.1814 seg=1.2035 semseg=0.7721 mard=2.0766 lambda=0.032257 box_extra=0 mask_extra=0 DURR=0.9940 (dir=0.1519,res=-0.0000,hall=4.8179) route_px=301 rescue_px=0 hall_px=752 FG/HBG/EBG=24/192/960 fallback=0 rel=0.874/0.773/0.952 wmean=1.000 grad_preclip=48.24
[E37] batch=240/250 pseudo=4 loss=3.2617 seg=0.2857 semseg=0.1211 mard=2.1279 lambda=0.043780 box_extra=0 mask_extra=0 DURR=0.0407 (dir=0.2035,res=-0.0000,hall=-0.0000) route_px=364 rescue_px=0 hall_px=0 FG/HBG/EBG=32/256/1280 fallback=0 rel=0.954/0.937/0.966 wmean=1.000 grad_preclip=22.01
[E37] batch=250/250 pseudo=4 loss=5.3655 seg=0.2952 semseg=0.4461 mard=2.0169 lambda=0.041225 box_extra=0 mask_extra=0 DURR=0.0121 (dir=0.0605,res=-0.0000,hall=-0.0000) route_px=325 rescue_px=0 hall_px=0 FG/HBG/EBG=32/256/1280 fallback=0 rel=0.939/0.892/0.963 wmean=1.000 grad_preclip=76.61

[Epoch 37] DONE time=77.5s valid=250 skipped=0 pseudo=1028 anchors=983 box_extra=63 mask_extra=45 reject_rel=18 DURR=0.0845 (dir=0.1396,res=0.0321,hall=0.2028) empty=52 rescue=13/13 hall_trigger=17 loss=7.0515 seg=0.5320 semseg=0.4593 mard=2.0313 lambda_avg=0.038710 FG/HBG/EBG=32.9/253.7/1202.4 rel=0.919/0.687/0.978 wmean=1.000
[E38] batch=001/250 pseudo=2 loss=5.8989 seg=0.9743 semseg=0.4139 mard=1.9732 lambda=0.040268 box_extra=0 mask_extra=0 DURR=0.0307 (dir=0.1535,res=-0.0000,hall=-0.0000) route_px=265 rescue_px=0 hall_px=0 FG/HBG/EBG=16/128/640 fallback=0 rel=0.929/0.915/0.943 wmean=1.000 grad_preclip=62.33
[E38] batch=010/250 pseudo=4 loss=4.4268 seg=0.5341 semseg=0.2625 mard=2.0144 lambda=0.036103 box_extra=0 mask_extra=0 DURR=0.0237 (dir=0.1185,res=-0.0000,hall=-0.0000) route_px=218 rescue_px=0 hall_px=0 FG/HBG/EBG=32/256/896 fallback=0 rel=0.905/0.840/0.949 wmean=1.000 grad_preclip=34.33
[E38] batch=020/250 pseudo=4 loss=6.7983 seg=0.4622 semseg=0.5740 mard=2.0274 lambda=0.042862 box_extra=0 mask_extra=0 DURR=0.0437 (dir=0.2186,res=-0.0000,hall=-0.0000) route_px=220 rescue_px=0 hall_px=0 FG/HBG/EBG=32/256/1280 fallback=0 rel=0.942/0.928/0.956 wmean=1.000 grad_preclip=70.81
[E38] batch=030/250 pseudo=4 loss=8.5667 seg=0.7999 semseg=0.3964 mard=2.0171 lambda=0.035110 box_extra=0 mask_extra=0 DURR=0.0294 (dir=0.1472,res=-0.0000,hall=-0.0000) route_px=534 rescue_px=0 hall_px=0 FG/HBG/EBG=32/256/1280 fallback=0 rel=0.894/0.764/0.964 wmean=1.000 grad_preclip=34.40
[E38] batch=040/250 pseudo=4 loss=5.1407 seg=0.3218 semseg=0.2116 mard=2.0242 lambda=0.042831 box_extra=0 mask_extra=0 DURR=0.0118 (dir=0.0591,res=-0.0000,hall=-0.0000) route_px=202 rescue_px=0 hall_px=0 FG/HBG/EBG=32/256/1280 fallback=0 rel=0.949/0.900/0.974 wmean=1.000 grad_preclip=38.39
[E38] batch=050/250 pseudo=4 loss=7.0821 seg=0.4334 semseg=0.6291 mard=2.0545 lambda=0.041614 box_extra=0 mask_extra=0 DURR=0.0303 (dir=0.1514,res=-0.0000,hall=-0.0000) route_px=351 rescue_px=0 hall_px=0 FG/HBG/EBG=32/256/1280 fallback=0 rel=0.943/0.910/0.967 wmean=1.000 grad_preclip=45.95
[E38] batch=060/250 pseudo=4 loss=6.4865 seg=0.4888 semseg=0.2913 mard=2.0239 lambda=0.030418 box_extra=0 mask_extra=0 DURR=0.0197 (dir=0.0983,res=-0.0000,hall=-0.0000) route_px=564 rescue_px=0 hall_px=0 FG/HBG/EBG=32/256/1280 fallback=0 rel=0.873/0.703/0.955 wmean=1.000 grad_preclip=26.46
[E38] batch=070/250 pseudo=4 loss=6.1855 seg=0.5083 semseg=0.2264 mard=2.0129 lambda=0.044371 box_extra=0 mask_extra=0 DURR=0.0209 (dir=0.1047,res=-0.0000,hall=-0.0000) route_px=327 rescue_px=0 hall_px=0 FG/HBG/EBG=32/256/1280 fallback=0 rel=0.947/0.935/0.966 wmean=1.000 grad_preclip=36.96
[E38] batch=080/250 pseudo=6 loss=4.3516 seg=0.3719 semseg=0.1790 mard=2.0156 lambda=0.035214 box_extra=1 mask_extra=1 DURR=0.0314 (dir=0.1569,res=-0.0000,hall=-0.0000) route_px=386 rescue_px=0 hall_px=0 FG/HBG/EBG=48/384/1152 fallback=0 rel=0.898/0.724/0.967 wmean=1.000 grad_preclip=18.72
[E38] batch=090/250 pseudo=4 loss=5.9565 seg=0.4897 semseg=0.2497 mard=2.0387 lambda=0.044572 box_extra=0 mask_extra=0 DURR=0.0243 (dir=0.1214,res=-0.0000,hall=-0.0000) route_px=157 rescue_px=0 hall_px=0 FG/HBG/EBG=32/256/1280 fallback=0 rel=0.956/0.934/0.969 wmean=1.000 grad_preclip=52.62
[E38] batch=100/250 pseudo=4 loss=5.0325 seg=0.5479 semseg=0.1506 mard=1.9949 lambda=0.045082 box_extra=0 mask_extra=0 DURR=0.0375 (dir=0.1876,res=-0.0000,hall=-0.0000) route_px=210 rescue_px=0 hall_px=0 FG/HBG/EBG=32/256/1280 fallback=0 rel=0.956/0.950/0.964 wmean=1.000 grad_preclip=38.40
[E38] batch=110/250 pseudo=3 loss=4.4541 seg=0.3021 semseg=0.3656 mard=2.0069 lambda=0.038070 box_extra=0 mask_extra=0 DURR=0.4130 (dir=0.2794,res=-0.0000,hall=1.7857) route_px=374 rescue_px=0 hall_px=2 FG/HBG/EBG=24/192/960 fallback=0 rel=0.924/0.847/0.975 wmean=1.000 grad_preclip=45.30
[E38] batch=120/250 pseudo=3 loss=6.0009 seg=0.6527 semseg=0.5391 mard=2.0622 lambda=0.041027 box_extra=0 mask_extra=0 DURR=0.0329 (dir=0.1646,res=-0.0000,hall=-0.0000) route_px=576 rescue_px=0 hall_px=0 FG/HBG/EBG=24/192/960 fallback=0 rel=0.924/0.901/0.957 wmean=1.000 grad_preclip=30.85
[E38] batch=130/250 pseudo=4 loss=4.9205 seg=0.3182 semseg=0.1492 mard=2.0134 lambda=0.038605 box_extra=0 mask_extra=0 DURR=0.0312 (dir=0.1561,res=-0.0000,hall=-0.0000) route_px=202 rescue_px=0 hall_px=0 FG/HBG/EBG=32/256/1280 fallback=0 rel=0.922/0.862/0.963 wmean=1.000 grad_preclip=26.19
[E38] batch=140/250 pseudo=3 loss=2.7219 seg=0.2325 semseg=0.2458 mard=2.0758 lambda=0.040118 box_extra=0 mask_extra=0 DURR=0.0060 (dir=0.0301,res=-0.0000,hall=-0.0000) route_px=312 rescue_px=0 hall_px=0 FG/HBG/EBG=24/192/960 fallback=0 rel=0.933/0.899/0.969 wmean=1.000 grad_preclip=23.17
[E38] batch=150/250 pseudo=4 loss=2.7161 seg=0.2699 semseg=0.0945 mard=2.0293 lambda=0.045131 box_extra=0 mask_extra=0 DURR=0.0345 (dir=0.1724,res=-0.0000,hall=-0.0000) route_px=155 rescue_px=0 hall_px=0 FG/HBG/EBG=32/256/1280 fallback=0 rel=0.960/0.950/0.965 wmean=1.000 grad_preclip=24.26
[E38] batch=160/250 pseudo=3 loss=3.5581 seg=0.3364 semseg=0.2653 mard=1.9808 lambda=0.037726 box_extra=0 mask_extra=0 DURR=0.0078 (dir=0.0392,res=-0.0000,hall=-0.0000) route_px=147 rescue_px=0 hall_px=0 FG/HBG/EBG=24/192/960 fallback=0 rel=0.916/0.837/0.959 wmean=1.000 grad_preclip=51.00
[E38] batch=170/250 pseudo=5 loss=14.1739 seg=0.4013 semseg=1.0213 mard=2.0307 lambda=0.029240 box_extra=0 mask_extra=0 DURR=0.0228 (dir=0.1142,res=-0.0000,hall=-0.0000) route_px=626 rescue_px=0 hall_px=0 FG/HBG/EBG=40/256/1280 fallback=0 rel=0.875/0.759/0.940 wmean=1.000 grad_preclip=124.95
[E38] batch=180/250 pseudo=4 loss=6.4107 seg=0.5631 semseg=0.2407 mard=2.0435 lambda=0.043810 box_extra=0 mask_extra=0 DURR=0.0265 (dir=0.1323,res=-0.0000,hall=-0.0000) route_px=448 rescue_px=0 hall_px=0 FG/HBG/EBG=32/256/1280 fallback=0 rel=0.938/0.901/0.966 wmean=1.000 grad_preclip=43.24
[E38] batch=190/250 pseudo=4 loss=4.3894 seg=0.2553 semseg=0.1568 mard=1.9745 lambda=0.043863 box_extra=0 mask_extra=0 DURR=0.0196 (dir=0.0981,res=-0.0000,hall=-0.0000) route_px=346 rescue_px=0 hall_px=0 FG/HBG/EBG=32/256/1280 fallback=0 rel=0.955/0.938/0.968 wmean=1.000 grad_preclip=62.76
[E38] batch=200/250 pseudo=5 loss=4.7689 seg=0.4231 semseg=0.1520 mard=2.0015 lambda=0.042828 box_extra=0 mask_extra=0 DURR=0.0366 (dir=0.1830,res=-0.0000,hall=-0.0000) route_px=318 rescue_px=0 hall_px=0 FG/HBG/EBG=40/256/1280 fallback=0 rel=0.945/0.919/0.965 wmean=1.000 grad_preclip=40.73
[E38] batch=210/250 pseudo=4 loss=10.3822 seg=0.4937 semseg=1.2342 mard=2.0504 lambda=0.037612 box_extra=0 mask_extra=0 DURR=0.0381 (dir=0.1907,res=-0.0000,hall=-0.0000) route_px=172 rescue_px=0 hall_px=0 FG/HBG/EBG=32/256/1280 fallback=0 rel=0.916/0.823/0.971 wmean=1.000 grad_preclip=94.53
[E38] batch=220/250 pseudo=4 loss=8.3753 seg=0.3589 semseg=0.8277 mard=2.0296 lambda=0.036553 box_extra=1 mask_extra=1 DURR=0.0198 (dir=0.0992,res=-0.0000,hall=-0.0000) route_px=401 rescue_px=0 hall_px=0 FG/HBG/EBG=32/256/1280 fallback=0 rel=0.913/0.830/0.953 wmean=1.000 grad_preclip=34.77
[E38] batch=230/250 pseudo=3 loss=7.1192 seg=0.5991 semseg=0.4090 mard=2.1072 lambda=0.039409 box_extra=0 mask_extra=0 DURR=0.0394 (dir=0.1972,res=-0.0000,hall=-0.0000) route_px=453 rescue_px=0 hall_px=0 FG/HBG/EBG=24/192/960 fallback=0 rel=0.926/0.893/0.972 wmean=1.000 grad_preclip=26.03
[E38] batch=240/250 pseudo=4 loss=3.2014 seg=0.2699 semseg=0.1212 mard=2.0741 lambda=0.044465 box_extra=0 mask_extra=0 DURR=0.0380 (dir=0.1898,res=-0.0000,hall=-0.0000) route_px=555 rescue_px=0 hall_px=0 FG/HBG/EBG=32/256/1280 fallback=0 rel=0.956/0.951/0.961 wmean=1.000 grad_preclip=23.47
[E38] batch=250/250 pseudo=4 loss=4.1791 seg=0.3518 semseg=0.1781 mard=1.9862 lambda=0.042438 box_extra=0 mask_extra=0 DURR=0.0129 (dir=0.0646,res=-0.0000,hall=-0.0000) route_px=200 rescue_px=0 hall_px=0 FG/HBG/EBG=32/256/1280 fallback=0 rel=0.943/0.902/0.968 wmean=1.000 grad_preclip=27.35

[Epoch 38] DONE time=77.6s valid=250 skipped=0 pseudo=1035 anchors=993 box_extra=59 mask_extra=42 reject_rel=17 DURR=0.0650 (dir=0.1342,res=0.0220,hall=0.1358) empty=45 rescue=12/12 hall_trigger=13 loss=6.9336 seg=0.5279 semseg=0.4543 mard=2.0296 lambda_avg=0.038249 FG/HBG/EBG=33.1/255.2/1211.6 rel=0.917/0.592/0.978 wmean=1.000
[E39] batch=001/250 pseudo=4 loss=8.1853 seg=0.8423 semseg=0.3739 mard=2.0030 lambda=0.039454 box_extra=0 mask_extra=0 DURR=0.0291 (dir=0.1455,res=-0.0000,hall=-0.0000) route_px=368 rescue_px=0 hall_px=0 FG/HBG/EBG=32/256/1280 fallback=0 rel=0.922/0.916/0.927 wmean=1.000 grad_preclip=74.61
[E39] batch=010/250 pseudo=4 loss=11.1464 seg=1.3220 semseg=0.5150 mard=2.1045 lambda=0.036011 box_extra=0 mask_extra=0 DURR=0.0345 (dir=0.1727,res=-0.0000,hall=-0.0000) route_px=366 rescue_px=0 hall_px=0 FG/HBG/EBG=32/192/960 fallback=0 rel=0.903/0.790/0.956 wmean=1.000 grad_preclip=125.13
[E39] batch=020/250 pseudo=5 loss=6.2086 seg=0.5590 semseg=0.2605 mard=2.0250 lambda=0.038871 box_extra=0 mask_extra=0 DURR=0.0269 (dir=0.1343,res=-0.0000,hall=-0.0000) route_px=234 rescue_px=0 hall_px=0 FG/HBG/EBG=40/320/1216 fallback=0 rel=0.916/0.744/0.974 wmean=1.000 grad_preclip=25.15
[E39] batch=030/250 pseudo=5 loss=6.1606 seg=0.5669 semseg=0.2319 mard=1.9691 lambda=0.029983 box_extra=0 mask_extra=0 DURR=0.0199 (dir=0.0993,res=-0.0000,hall=-0.0000) route_px=122 rescue_px=0 hall_px=0 FG/HBG/EBG=40/320/1216 fallback=0 rel=0.867/0.801/0.926 wmean=1.000 grad_preclip=31.35
[E39] batch=040/250 pseudo=4 loss=4.1328 seg=0.4221 semseg=0.1669 mard=2.0808 lambda=0.043901 box_extra=0 mask_extra=0 DURR=0.0252 (dir=0.1258,res=-0.0000,hall=-0.0000) route_px=346 rescue_px=0 hall_px=0 FG/HBG/EBG=32/256/1280 fallback=0 rel=0.951/0.920/0.971 wmean=1.000 grad_preclip=27.67
[E39] batch=050/250 pseudo=4 loss=4.7122 seg=0.2393 semseg=0.3676 mard=1.9987 lambda=0.039777 box_extra=0 mask_extra=0 DURR=0.0627 (dir=0.3136,res=-0.0000,hall=-0.0000) route_px=81 rescue_px=0 hall_px=0 FG/HBG/EBG=32/256/1280 fallback=0 rel=0.933/0.864/0.963 wmean=1.000 grad_preclip=28.70
[E39] batch=060/250 pseudo=4 loss=4.2821 seg=0.3056 semseg=0.1777 mard=2.0041 lambda=0.041938 box_extra=0 mask_extra=0 DURR=0.0425 (dir=0.2123,res=-0.0000,hall=-0.0000) route_px=218 rescue_px=0 hall_px=0 FG/HBG/EBG=32/256/1280 fallback=0 rel=0.940/0.907/0.955 wmean=1.000 grad_preclip=24.51
[E39] batch=070/250 pseudo=5 loss=9.5041 seg=0.4636 semseg=0.5327 mard=2.0496 lambda=0.039512 box_extra=0 mask_extra=0 DURR=0.0441 (dir=0.2205,res=-0.0000,hall=-0.0000) route_px=370 rescue_px=0 hall_px=0 FG/HBG/EBG=40/320/1216 fallback=0 rel=0.922/0.886/0.963 wmean=1.000 grad_preclip=62.11
[E39] batch=080/250 pseudo=4 loss=3.7062 seg=0.2523 semseg=0.1327 mard=2.0595 lambda=0.044842 box_extra=0 mask_extra=0 DURR=0.0308 (dir=0.1542,res=-0.0000,hall=-0.0000) route_px=184 rescue_px=0 hall_px=0 FG/HBG/EBG=32/256/1280 fallback=0 rel=0.959/0.938/0.970 wmean=1.000 grad_preclip=24.75
[E39] batch=090/250 pseudo=3 loss=2.5360 seg=0.2200 semseg=0.1051 mard=2.0819 lambda=0.044361 box_extra=0 mask_extra=0 DURR=0.0303 (dir=0.1517,res=-0.0000,hall=-0.0000) route_px=201 rescue_px=0 hall_px=0 FG/HBG/EBG=24/192/960 fallback=0 rel=0.956/0.941/0.973 wmean=1.000 grad_preclip=22.50
[E39] batch=100/250 pseudo=6 loss=11.4907 seg=0.8497 semseg=1.0427 mard=1.9338 lambda=0.035182 box_extra=1 mask_extra=0 DURR=0.0176 (dir=0.0878,res=-0.0000,hall=-0.0000) route_px=271 rescue_px=0 hall_px=0 FG/HBG/EBG=48/384/1152 fallback=0 rel=0.901/0.719/0.967 wmean=1.000 grad_preclip=181.28
[E39] batch=110/250 pseudo=4 loss=10.1133 seg=0.6883 semseg=0.4455 mard=2.0870 lambda=0.037412 box_extra=0 mask_extra=0 DURR=0.0218 (dir=0.1090,res=-0.0000,hall=-0.0000) route_px=416 rescue_px=0 hall_px=0 FG/HBG/EBG=32/256/1280 fallback=0 rel=0.915/0.837/0.960 wmean=1.000 grad_preclip=57.47
[E39] batch=120/250 pseudo=4 loss=15.4336 seg=0.7972 semseg=1.7914 mard=2.0724 lambda=0.039465 box_extra=0 mask_extra=0 DURR=0.0233 (dir=0.1166,res=-0.0000,hall=-0.0000) route_px=513 rescue_px=0 hall_px=0 FG/HBG/EBG=32/256/1280 fallback=0 rel=0.926/0.834/0.964 wmean=1.000 grad_preclip=55.84
[E39] batch=130/250 pseudo=4 loss=3.7333 seg=0.3043 semseg=0.1727 mard=2.0417 lambda=0.041883 box_extra=0 mask_extra=0 DURR=0.0242 (dir=0.1212,res=-0.0000,hall=-0.0000) route_px=277 rescue_px=0 hall_px=0 FG/HBG/EBG=32/256/1280 fallback=0 rel=0.940/0.905/0.965 wmean=1.000 grad_preclip=23.57
[E39] batch=140/250 pseudo=4 loss=8.7743 seg=0.8398 semseg=0.5505 mard=2.1370 lambda=0.031798 box_extra=1 mask_extra=1 DURR=0.0326 (dir=0.1632,res=-0.0000,hall=-0.0000) route_px=151 rescue_px=0 hall_px=0 FG/HBG/EBG=32/256/1280 fallback=0 rel=0.882/0.767/0.969 wmean=1.000 grad_preclip=36.15
[E39] batch=150/250 pseudo=5 loss=10.7275 seg=0.4212 semseg=1.3202 mard=2.0585 lambda=0.044432 box_extra=0 mask_extra=0 DURR=0.0118 (dir=0.0591,res=-0.0000,hall=-0.0000) route_px=442 rescue_px=0 hall_px=0 FG/HBG/EBG=40/320/1216 fallback=0 rel=0.957/0.944/0.964 wmean=1.000 grad_preclip=65.48
[E39] batch=160/250 pseudo=3 loss=3.8066 seg=0.4505 semseg=0.1504 mard=2.0658 lambda=0.039706 box_extra=0 mask_extra=0 DURR=0.0556 (dir=0.2780,res=-0.0000,hall=-0.0000) route_px=405 rescue_px=0 hall_px=0 FG/HBG/EBG=24/192/960 fallback=0 rel=0.927/0.889/0.947 wmean=1.000 grad_preclip=26.46
[E39] batch=170/250 pseudo=3 loss=6.6742 seg=0.6673 semseg=0.2154 mard=2.0806 lambda=0.037356 box_extra=0 mask_extra=0 DURR=0.8930 (dir=0.0956,res=-0.0000,hall=4.3692) route_px=172 rescue_px=0 hall_px=857 FG/HBG/EBG=24/192/960 fallback=0 rel=0.916/0.876/0.937 wmean=1.000 grad_preclip=32.13
[E39] batch=180/250 pseudo=4 loss=4.9465 seg=0.4092 semseg=0.1330 mard=2.0069 lambda=0.031992 box_extra=0 mask_extra=0 DURR=0.9934 (dir=0.0786,res=-0.0000,hall=4.8885) route_px=226 rescue_px=0 hall_px=263 FG/HBG/EBG=32/192/960 fallback=0 rel=0.874/0.665/0.948 wmean=1.000 grad_preclip=24.48
[E39] batch=190/250 pseudo=3 loss=7.1410 seg=0.5270 semseg=0.4558 mard=2.0242 lambda=0.041174 box_extra=0 mask_extra=0 DURR=0.7267 (dir=0.1595,res=-0.0000,hall=3.4741) route_px=259 rescue_px=0 hall_px=1057 FG/HBG/EBG=24/192/960 fallback=0 rel=0.940/0.887/0.969 wmean=1.000 grad_preclip=41.47
[E39] batch=200/250 pseudo=4 loss=4.0873 seg=0.2335 semseg=0.1688 mard=2.0092 lambda=0.042641 box_extra=0 mask_extra=0 DURR=0.0203 (dir=0.1013,res=-0.0000,hall=-0.0000) route_px=299 rescue_px=0 hall_px=0 FG/HBG/EBG=32/256/1280 fallback=0 rel=0.949/0.908/0.971 wmean=1.000 grad_preclip=25.74
[E39] batch=210/250 pseudo=4 loss=9.3095 seg=0.8616 semseg=0.5137 mard=2.0436 lambda=0.024346 box_extra=0 mask_extra=0 DURR=0.0250 (dir=0.1251,res=-0.0000,hall=-0.0000) route_px=405 rescue_px=0 hall_px=0 FG/HBG/EBG=32/256/1280 fallback=0 rel=0.837/0.738/0.937 wmean=1.000 grad_preclip=66.11
[E39] batch=220/250 pseudo=4 loss=5.5139 seg=0.4158 semseg=0.1546 mard=2.0119 lambda=0.041580 box_extra=0 mask_extra=0 DURR=0.0329 (dir=0.1647,res=-0.0000,hall=-0.0000) route_px=252 rescue_px=0 hall_px=0 FG/HBG/EBG=32/256/1280 fallback=0 rel=0.938/0.927/0.956 wmean=1.000 grad_preclip=33.74
[E39] batch=230/250 pseudo=4 loss=6.0188 seg=0.7398 semseg=0.2373 mard=1.9926 lambda=0.042655 box_extra=0 mask_extra=0 DURR=0.0270 (dir=0.1352,res=-0.0000,hall=-0.0000) route_px=254 rescue_px=0 hall_px=0 FG/HBG/EBG=32/256/1280 fallback=0 rel=0.945/0.888/0.971 wmean=1.000 grad_preclip=66.96
[E39] batch=240/250 pseudo=4 loss=4.5817 seg=0.3837 semseg=0.1425 mard=1.9946 lambda=0.031378 box_extra=0 mask_extra=0 DURR=0.0243 (dir=0.1213,res=-0.0000,hall=-0.0000) route_px=288 rescue_px=0 hall_px=0 FG/HBG/EBG=32/256/1280 fallback=0 rel=0.882/0.735/0.953 wmean=1.000 grad_preclip=46.96
[E39] batch=250/250 pseudo=4 loss=4.9774 seg=0.4179 semseg=0.2378 mard=2.0930 lambda=0.042135 box_extra=0 mask_extra=0 DURR=0.0206 (dir=0.1029,res=-0.0000,hall=-0.0000) route_px=493 rescue_px=0 hall_px=0 FG/HBG/EBG=32/256/1280 fallback=0 rel=0.943/0.921/0.963 wmean=1.000 grad_preclip=27.46

[Epoch 39] DONE time=77.6s valid=250 skipped=0 pseudo=1027 anchors=989 box_extra=62 mask_extra=38 reject_rel=24 DURR=0.0661 (dir=0.1378,res=0.0130,hall=0.1604) empty=52 rescue=10/10 hall_trigger=13 loss=6.6999 seg=0.4977 semseg=0.4374 mard=2.0303 lambda_avg=0.038252 FG/HBG/EBG=32.9/253.7/1202.4 rel=0.917/0.665/0.976 wmean=1.000
[E40] batch=001/250 pseudo=5 loss=9.2774 seg=0.4997 semseg=0.2989 mard=2.0307 lambda=0.027614 box_extra=0 mask_extra=0 DURR=0.0236 (dir=0.1181,res=-0.0000,hall=-0.0000) route_px=682 rescue_px=0 hall_px=0 FG/HBG/EBG=40/256/1280 fallback=0 rel=0.856/0.694/0.957 wmean=1.000 grad_preclip=53.87
[E40] batch=010/250 pseudo=3 loss=3.4438 seg=0.2565 semseg=0.1165 mard=2.0365 lambda=0.041731 box_extra=0 mask_extra=0 DURR=0.6380 (dir=0.0976,res=-0.0000,hall=3.0921) route_px=157 rescue_px=0 hall_px=1439 FG/HBG/EBG=24/192/960 fallback=0 rel=0.941/0.902/0.963 wmean=1.000 grad_preclip=24.99
[E40] batch=020/250 pseudo=7 loss=5.9668 seg=0.5819 semseg=0.2341 mard=2.0656 lambda=0.021904 box_extra=0 mask_extra=0 DURR=0.0239 (dir=0.1194,res=-0.0000,hall=-0.0000) route_px=472 rescue_px=0 hall_px=0 FG/HBG/EBG=56/448/1088 fallback=0 rel=0.823/0.689/0.970 wmean=1.000 grad_preclip=23.22
[E40] batch=030/250 pseudo=4 loss=5.6377 seg=0.4126 semseg=0.2642 mard=2.0962 lambda=0.044661 box_extra=0 mask_extra=0 DURR=0.0138 (dir=0.0690,res=-0.0000,hall=-0.0000) route_px=305 rescue_px=0 hall_px=0 FG/HBG/EBG=32/256/1280 fallback=0 rel=0.951/0.904/0.971 wmean=1.000 grad_preclip=46.58
[E40] batch=040/250 pseudo=4 loss=7.4362 seg=0.2997 semseg=0.9449 mard=1.9877 lambda=0.033485 box_extra=0 mask_extra=0 DURR=0.0289 (dir=0.1446,res=-0.0000,hall=-0.0000) route_px=296 rescue_px=0 hall_px=0 FG/HBG/EBG=32/256/1280 fallback=0 rel=0.893/0.742/0.965 wmean=1.000 grad_preclip=38.24
[E40] batch=050/250 pseudo=6 loss=11.3841 seg=0.8781 semseg=0.6100 mard=2.0348 lambda=0.032269 box_extra=1 mask_extra=1 DURR=0.0264 (dir=0.1320,res=-0.0000,hall=-0.0000) route_px=464 rescue_px=0 hall_px=0 FG/HBG/EBG=48/384/1152 fallback=0 rel=0.883/0.824/0.962 wmean=1.000 grad_preclip=62.09
[E40] batch=060/250 pseudo=4 loss=6.3764 seg=0.4226 semseg=0.4199 mard=2.0710 lambda=0.039395 box_extra=1 mask_extra=1 DURR=0.0189 (dir=0.0944,res=-0.0000,hall=-0.0000) route_px=237 rescue_px=0 hall_px=0 FG/HBG/EBG=32/256/1280 fallback=0 rel=0.931/0.826/0.971 wmean=1.000 grad_preclip=39.18
[E40] batch=070/250 pseudo=3 loss=6.8397 seg=0.6568 semseg=0.6654 mard=2.0489 lambda=0.035421 box_extra=0 mask_extra=0 DURR=0.0155 (dir=0.0776,res=-0.0000,hall=-0.0000) route_px=440 rescue_px=0 hall_px=0 FG/HBG/EBG=24/192/960 fallback=0 rel=0.905/0.858/0.945 wmean=1.000 grad_preclip=36.35
[E40] batch=080/250 pseudo=5 loss=6.6480 seg=0.5074 semseg=0.4241 mard=2.0183 lambda=0.035003 box_extra=0 mask_extra=0 DURR=0.0139 (dir=0.0696,res=-0.0000,hall=-0.0000) route_px=315 rescue_px=0 hall_px=0 FG/HBG/EBG=40/320/1216 fallback=0 rel=0.905/0.874/0.952 wmean=1.000 grad_preclip=40.43
[E40] batch=090/250 pseudo=5 loss=9.9074 seg=0.8448 semseg=0.4004 mard=2.0717 lambda=0.039026 box_extra=1 mask_extra=1 DURR=0.0541 (dir=0.2707,res=-0.0000,hall=-0.0000) route_px=588 rescue_px=0 hall_px=0 FG/HBG/EBG=40/320/1216 fallback=0 rel=0.924/0.856/0.959 wmean=1.000 grad_preclip=46.31
[E40] batch=100/250 pseudo=5 loss=5.2290 seg=0.3643 semseg=0.2298 mard=2.0775 lambda=0.039537 box_extra=0 mask_extra=0 DURR=0.0192 (dir=0.0962,res=-0.0000,hall=-0.0000) route_px=481 rescue_px=0 hall_px=0 FG/HBG/EBG=40/256/1280 fallback=0 rel=0.928/0.838/0.974 wmean=1.000 grad_preclip=24.83
[E40] batch=110/250 pseudo=4 loss=8.5045 seg=0.3611 semseg=1.0286 mard=2.0612 lambda=0.037734 box_extra=0 mask_extra=0 DURR=0.0603 (dir=0.3015,res=-0.0000,hall=-0.0000) route_px=110 rescue_px=0 hall_px=0 FG/HBG/EBG=32/256/1280 fallback=0 rel=0.916/0.862/0.968 wmean=1.000 grad_preclip=43.23
[E40] batch=120/250 pseudo=4 loss=12.7512 seg=1.2956 semseg=1.0331 mard=2.0674 lambda=0.027097 box_extra=0 mask_extra=0 DURR=0.0192 (dir=0.0962,res=-0.0000,hall=-0.0000) route_px=269 rescue_px=0 hall_px=0 FG/HBG/EBG=32/256/1280 fallback=0 rel=0.845/0.769/0.952 wmean=1.000 grad_preclip=128.29
[E40] batch=130/250 pseudo=3 loss=5.8262 seg=0.9089 semseg=0.3903 mard=1.9772 lambda=0.043446 box_extra=0 mask_extra=0 DURR=0.0140 (dir=0.0700,res=-0.0000,hall=-0.0000) route_px=334 rescue_px=0 hall_px=0 FG/HBG/EBG=24/192/960 fallback=0 rel=0.952/0.944/0.957 wmean=1.000 grad_preclip=49.67
[E40] batch=140/250 pseudo=4 loss=6.1457 seg=0.5210 semseg=0.4462 mard=1.9893 lambda=0.040566 box_extra=0 mask_extra=0 DURR=0.0232 (dir=0.1158,res=-0.0000,hall=-0.0000) route_px=268 rescue_px=0 hall_px=0 FG/HBG/EBG=32/256/1280 fallback=0 rel=0.931/0.913/0.953 wmean=1.000 grad_preclip=24.94
[E40] batch=150/250 pseudo=3 loss=3.0508 seg=0.2347 semseg=0.0996 mard=2.0467 lambda=0.044364 box_extra=1 mask_extra=0 DURR=0.7978 (dir=0.1245,res=-0.0000,hall=3.8648) route_px=192 rescue_px=0 hall_px=799 FG/HBG/EBG=24/192/960 fallback=0 rel=0.957/0.954/0.960 wmean=1.000 grad_preclip=24.92
[E40] batch=160/250 pseudo=4 loss=9.0336 seg=0.5956 semseg=0.3674 mard=2.0428 lambda=0.030365 box_extra=0 mask_extra=0 DURR=0.0273 (dir=0.1363,res=-0.0000,hall=-0.0000) route_px=519 rescue_px=0 hall_px=0 FG/HBG/EBG=32/256/1280 fallback=0 rel=0.874/0.698/0.940 wmean=1.000 grad_preclip=32.06
[E40] batch=170/250 pseudo=4 loss=8.0106 seg=0.5467 semseg=0.3261 mard=1.9863 lambda=0.037098 box_extra=0 mask_extra=0 DURR=0.0210 (dir=0.1049,res=-0.0000,hall=-0.0000) route_px=593 rescue_px=0 hall_px=0 FG/HBG/EBG=32/256/1280 fallback=0 rel=0.909/0.761/0.962 wmean=1.000 grad_preclip=32.31
[E40] batch=180/250 pseudo=4 loss=9.9738 seg=0.3760 semseg=1.1487 mard=2.0213 lambda=0.037284 box_extra=0 mask_extra=0 DURR=0.0119 (dir=0.0596,res=-0.0000,hall=-0.0000) route_px=493 rescue_px=0 hall_px=0 FG/HBG/EBG=32/256/1280 fallback=0 rel=0.913/0.836/0.955 wmean=1.000 grad_preclip=69.72
[E40] batch=190/250 pseudo=3 loss=8.6618 seg=0.5185 semseg=0.8424 mard=2.1211 lambda=0.033926 box_extra=0 mask_extra=0 DURR=0.0138 (dir=0.0689,res=-0.0000,hall=-0.0000) route_px=482 rescue_px=0 hall_px=0 FG/HBG/EBG=24/192/960 fallback=0 rel=0.897/0.886/0.909 wmean=1.000 grad_preclip=38.73
[E40] batch=200/250 pseudo=4 loss=15.0005 seg=0.8521 semseg=1.6261 mard=2.0442 lambda=0.029569 box_extra=1 mask_extra=0 DURR=0.0555 (dir=0.2775,res=-0.0000,hall=-0.0000) route_px=118 rescue_px=0 hall_px=0 FG/HBG/EBG=32/256/1280 fallback=0 rel=0.862/0.692/0.930 wmean=1.000 grad_preclip=74.62
[E40] batch=210/250 pseudo=5 loss=9.7840 seg=0.3679 semseg=1.0938 mard=2.0658 lambda=0.036676 box_extra=0 mask_extra=0 DURR=0.0040 (dir=0.0202,res=-0.0000,hall=-0.0000) route_px=63 rescue_px=0 hall_px=0 FG/HBG/EBG=40/256/1280 fallback=0 rel=0.916/0.852/0.972 wmean=1.000 grad_preclip=120.80
[E40] batch=220/250 pseudo=4 loss=4.5538 seg=0.4194 semseg=0.2445 mard=2.0441 lambda=0.040152 box_extra=0 mask_extra=0 DURR=0.0207 (dir=0.1037,res=-0.0000,hall=-0.0000) route_px=449 rescue_px=0 hall_px=0 FG/HBG/EBG=32/256/1280 fallback=0 rel=0.933/0.872/0.966 wmean=1.000 grad_preclip=26.71
[E40] batch=230/250 pseudo=4 loss=13.0238 seg=1.5150 semseg=0.5239 mard=2.0327 lambda=0.043589 box_extra=0 mask_extra=0 DURR=0.0274 (dir=0.1370,res=-0.0000,hall=-0.0000) route_px=530 rescue_px=0 hall_px=0 FG/HBG/EBG=32/256/1280 fallback=0 rel=0.945/0.925/0.970 wmean=1.000 grad_preclip=176.31
[E40] batch=240/250 pseudo=4 loss=3.8884 seg=0.2293 semseg=0.1686 mard=2.0488 lambda=0.044017 box_extra=0 mask_extra=0 DURR=0.0543 (dir=0.2713,res=-0.0000,hall=-0.0000) route_px=326 rescue_px=0 hall_px=0 FG/HBG/EBG=32/256/1280 fallback=0 rel=0.955/0.931/0.967 wmean=1.000 grad_preclip=25.60
[E40] batch=250/250 pseudo=4 loss=10.4851 seg=0.9286 semseg=0.6451 mard=2.0102 lambda=0.039685 box_extra=0 mask_extra=0 DURR=0.0220 (dir=0.1102,res=-0.0000,hall=-0.0000) route_px=627 rescue_px=0 hall_px=0 FG/HBG/EBG=32/256/1280 fallback=0 rel=0.928/0.888/0.964 wmean=1.000 grad_preclip=51.82

[Epoch 40] DONE time=77.5s valid=250 skipped=0 pseudo=1024 anchors=982 box_extra=65 mask_extra=42 reject_rel=23 DURR=0.0787 (dir=0.1391,res=0.0265,hall=0.1882) empty=44 rescue=13/13 hall_trigger=18 loss=6.8392 seg=0.5357 semseg=0.4515 mard=2.0307 lambda_avg=0.038681 FG/HBG/EBG=32.8/256.0/1212.4 rel=0.920/0.689/0.978 wmean=1.000
[SAVE] /home/dang/MedRT-SFOD/runs/seg/dense_sfseg/kvasir_durr_v1_segmard_v2_60ep/checkpoints/dense_sfseg_epoch_40.pt
[E41] batch=001/250 pseudo=4 loss=11.5374 seg=0.9591 semseg=0.5826 mard=2.0582 lambda=0.039132 box_extra=0 mask_extra=0 DURR=0.0278 (dir=0.1391,res=-0.0000,hall=-0.0000) route_px=590 rescue_px=0 hall_px=0 FG/HBG/EBG=32/256/1280 fallback=0 rel=0.922/0.833/0.959 wmean=1.000 grad_preclip=57.41
[E41] batch=010/250 pseudo=4 loss=3.4665 seg=0.2504 semseg=0.1871 mard=2.0152 lambda=0.040166 box_extra=0 mask_extra=0 DURR=0.0157 (dir=0.0785,res=-0.0000,hall=-0.0000) route_px=498 rescue_px=0 hall_px=0 FG/HBG/EBG=32/256/1280 fallback=0 rel=0.935/0.871/0.960 wmean=1.000 grad_preclip=23.55
[E41] batch=020/250 pseudo=4 loss=8.4982 seg=0.8243 semseg=0.6318 mard=1.9895 lambda=0.042813 box_extra=0 mask_extra=0 DURR=0.0328 (dir=0.1642,res=-0.0000,hall=-0.0000) route_px=332 rescue_px=0 hall_px=0 FG/HBG/EBG=32/256/1280 fallback=0 rel=0.944/0.903/0.965 wmean=1.000 grad_preclip=66.95
[E41] batch=030/250 pseudo=3 loss=7.1686 seg=0.6748 semseg=0.9182 mard=2.0120 lambda=0.026387 box_extra=1 mask_extra=1 DURR=0.0633 (dir=0.3164,res=-0.0000,hall=-0.0000) route_px=256 rescue_px=0 hall_px=0 FG/HBG/EBG=24/192/960 fallback=0 rel=0.849/0.776/0.958 wmean=1.000 grad_preclip=112.59
[E41] batch=040/250 pseudo=3 loss=2.8965 seg=0.2667 semseg=0.1226 mard=2.0917 lambda=0.043642 box_extra=0 mask_extra=0 DURR=0.0236 (dir=0.1180,res=-0.0000,hall=-0.0000) route_px=178 rescue_px=0 hall_px=0 FG/HBG/EBG=24/192/960 fallback=0 rel=0.951/0.946/0.962 wmean=1.000 grad_preclip=21.57
[E41] batch=050/250 pseudo=4 loss=4.3106 seg=0.2403 semseg=0.2919 mard=2.0305 lambda=0.043741 box_extra=1 mask_extra=0 DURR=0.0174 (dir=0.0871,res=-0.0000,hall=-0.0000) route_px=370 rescue_px=0 hall_px=0 FG/HBG/EBG=32/256/1280 fallback=0 rel=0.952/0.925/0.972 wmean=1.000 grad_preclip=33.67
[E41] batch=060/250 pseudo=4 loss=4.1622 seg=0.3345 semseg=0.2677 mard=2.0935 lambda=0.041870 box_extra=0 mask_extra=0 DURR=0.0292 (dir=0.1459,res=-0.0000,hall=-0.0000) route_px=407 rescue_px=0 hall_px=0 FG/HBG/EBG=32/256/1280 fallback=0 rel=0.940/0.913/0.964 wmean=1.000 grad_preclip=36.27
[E41] batch=070/250 pseudo=5 loss=7.4361 seg=0.7346 semseg=0.3776 mard=2.0606 lambda=0.033285 box_extra=0 mask_extra=0 DURR=0.0417 (dir=0.2086,res=-0.0000,hall=-0.0000) route_px=271 rescue_px=0 hall_px=0 FG/HBG/EBG=40/256/1280 fallback=0 rel=0.882/0.789/0.960 wmean=1.000 grad_preclip=40.40
[E41] batch=080/250 pseudo=4 loss=9.9147 seg=0.8285 semseg=0.3975 mard=2.0624 lambda=0.030274 box_extra=0 mask_extra=0 DURR=0.0302 (dir=0.1512,res=-0.0000,hall=-0.0000) route_px=716 rescue_px=0 hall_px=0 FG/HBG/EBG=32/256/1280 fallback=0 rel=0.870/0.815/0.943 wmean=1.000 grad_preclip=45.03
[E41] batch=090/250 pseudo=4 loss=8.6399 seg=0.7278 semseg=1.0434 mard=2.1258 lambda=0.031187 box_extra=0 mask_extra=0 DURR=0.0240 (dir=0.1198,res=-0.0000,hall=-0.0000) route_px=349 rescue_px=0 hall_px=0 FG/HBG/EBG=32/256/896 fallback=0 rel=0.880/0.789/0.962 wmean=1.000 grad_preclip=69.96
[E41] batch=100/250 pseudo=4 loss=5.1887 seg=0.3435 semseg=0.2275 mard=2.0588 lambda=0.033205 box_extra=0 mask_extra=0 DURR=0.0381 (dir=0.1906,res=-0.0000,hall=-0.0000) route_px=219 rescue_px=0 hall_px=0 FG/HBG/EBG=32/256/1280 fallback=0 rel=0.891/0.703/0.960 wmean=1.000 grad_preclip=26.62
[E41] batch=110/250 pseudo=5 loss=11.2121 seg=0.5513 semseg=0.9535 mard=2.0924 lambda=0.035794 box_extra=0 mask_extra=0 DURR=0.0212 (dir=0.1059,res=-0.0000,hall=-0.0000) route_px=522 rescue_px=0 hall_px=0 FG/HBG/EBG=40/256/1280 fallback=0 rel=0.907/0.834/0.959 wmean=1.000 grad_preclip=60.13
[E41] batch=120/250 pseudo=3 loss=3.6500 seg=0.2888 semseg=0.1098 mard=2.0062 lambda=0.043775 box_extra=0 mask_extra=0 DURR=0.8767 (dir=0.1306,res=-0.0000,hall=4.2531) route_px=185 rescue_px=0 hall_px=1446 FG/HBG/EBG=24/192/960 fallback=0 rel=0.954/0.942/0.963 wmean=1.000 grad_preclip=23.72
[E41] batch=130/250 pseudo=3 loss=5.8324 seg=0.2838 semseg=0.3683 mard=2.0477 lambda=0.042205 box_extra=0 mask_extra=0 DURR=0.0246 (dir=0.1230,res=-0.0000,hall=-0.0000) route_px=412 rescue_px=0 hall_px=0 FG/HBG/EBG=24/192/960 fallback=0 rel=0.949/0.910/0.973 wmean=1.000 grad_preclip=36.44
[E41] batch=140/250 pseudo=4 loss=15.2932 seg=1.0710 semseg=1.0583 mard=2.0072 lambda=0.030170 box_extra=0 mask_extra=0 DURR=0.0165 (dir=0.0827,res=-0.0000,hall=-0.0000) route_px=407 rescue_px=0 hall_px=0 FG/HBG/EBG=32/256/1280 fallback=0 rel=0.863/0.721/0.957 wmean=1.000 grad_preclip=209.01
[E41] batch=150/250 pseudo=4 loss=2.5694 seg=0.2160 semseg=0.0996 mard=2.0674 lambda=0.045544 box_extra=0 mask_extra=0 DURR=0.0185 (dir=0.0927,res=-0.0000,hall=-0.0000) route_px=131 rescue_px=0 hall_px=0 FG/HBG/EBG=32/256/1280 fallback=0 rel=0.962/0.956/0.971 wmean=1.000 grad_preclip=18.85
[E41] batch=160/250 pseudo=4 loss=2.6892 seg=0.1724 semseg=0.1300 mard=2.0544 lambda=0.044496 box_extra=0 mask_extra=0 DURR=0.0193 (dir=0.0965,res=-0.0000,hall=-0.0000) route_px=173 rescue_px=0 hall_px=0 FG/HBG/EBG=32/256/1280 fallback=0 rel=0.958/0.921/0.971 wmean=1.000 grad_preclip=40.01
[E41] batch=170/250 pseudo=4 loss=3.5483 seg=0.2781 semseg=0.1441 mard=2.0234 lambda=0.037562 box_extra=0 mask_extra=0 DURR=0.0261 (dir=0.1307,res=-0.0000,hall=-0.0000) route_px=336 rescue_px=0 hall_px=0 FG/HBG/EBG=32/256/1280 fallback=0 rel=0.913/0.777/0.962 wmean=1.000 grad_preclip=35.68
[E41] batch=180/250 pseudo=4 loss=7.0610 seg=0.6448 semseg=0.3631 mard=2.0387 lambda=0.039900 box_extra=0 mask_extra=0 DURR=0.0229 (dir=0.1143,res=-0.0000,hall=-0.0000) route_px=201 rescue_px=0 hall_px=0 FG/HBG/EBG=32/256/1280 fallback=0 rel=0.918/0.840/0.963 wmean=1.000 grad_preclip=58.84
[E41] batch=190/250 pseudo=5 loss=6.1474 seg=0.4512 semseg=0.3154 mard=2.0683 lambda=0.029828 box_extra=1 mask_extra=1 DURR=0.0207 (dir=0.1034,res=-0.0000,hall=-0.0000) route_px=265 rescue_px=0 hall_px=0 FG/HBG/EBG=40/320/1216 fallback=0 rel=0.875/0.768/0.974 wmean=1.000 grad_preclip=30.16
[E41] batch=200/250 pseudo=3 loss=4.5156 seg=0.5474 semseg=0.2792 mard=2.0276 lambda=0.044043 box_extra=0 mask_extra=0 DURR=0.0387 (dir=0.1936,res=-0.0000,hall=-0.0000) route_px=253 rescue_px=0 hall_px=0 FG/HBG/EBG=24/192/960 fallback=0 rel=0.957/0.948/0.968 wmean=1.000 grad_preclip=34.01
[E41] batch=210/250 pseudo=5 loss=6.5711 seg=0.4341 semseg=0.1532 mard=2.0501 lambda=0.033843 box_extra=0 mask_extra=0 DURR=0.0250 (dir=0.1248,res=-0.0000,hall=-0.0000) route_px=408 rescue_px=0 hall_px=0 FG/HBG/EBG=40/256/1280 fallback=0 rel=0.897/0.820/0.963 wmean=1.000 grad_preclip=28.93
[E41] batch=220/250 pseudo=5 loss=8.0975 seg=0.7621 semseg=0.5327 mard=2.0315 lambda=0.032110 box_extra=2 mask_extra=2 DURR=0.0082 (dir=0.0411,res=-0.0000,hall=-0.0000) route_px=78 rescue_px=0 hall_px=0 FG/HBG/EBG=40/256/1280 fallback=0 rel=0.883/0.803/0.956 wmean=1.000 grad_preclip=67.22
[E41] batch=230/250 pseudo=3 loss=9.7182 seg=1.0126 semseg=1.0786 mard=2.0291 lambda=0.039914 box_extra=1 mask_extra=1 DURR=1.2290 (dir=0.1166,res=1.2271,hall=2.9605) route_px=126 rescue_px=2033 hall_px=1 FG/HBG/EBG=24/192/960 fallback=0 rel=0.932/0.881/0.960 wmean=1.000 grad_preclip=228.94
[E41] batch=240/250 pseudo=4 loss=6.8303 seg=0.4399 semseg=0.3124 mard=1.9729 lambda=0.038226 box_extra=0 mask_extra=0 DURR=0.0166 (dir=0.0831,res=-0.0000,hall=-0.0000) route_px=358 rescue_px=0 hall_px=0 FG/HBG/EBG=32/256/1280 fallback=0 rel=0.923/0.900/0.969 wmean=1.000 grad_preclip=26.38
[E41] batch=250/250 pseudo=4 loss=5.9930 seg=0.5361 semseg=0.2197 mard=2.0202 lambda=0.042508 box_extra=1 mask_extra=1 DURR=0.0749 (dir=0.1750,res=0.0798,hall=-0.0000) route_px=171 rescue_px=1672 hall_px=0 FG/HBG/EBG=32/256/1280 fallback=0 rel=0.941/0.926/0.957 wmean=1.000 grad_preclip=39.33

[Epoch 41] DONE time=77.5s valid=250 skipped=0 pseudo=1022 anchors=977 box_extra=67 mask_extra=45 reject_rel=22 DURR=0.0778 (dir=0.1328,res=0.0186,hall=0.2094) empty=53 rescue=14/14 hall_trigger=18 loss=6.9698 seg=0.5224 semseg=0.4906 mard=2.0310 lambda_avg=0.038684 FG/HBG/EBG=32.7/253.2/1201.4 rel=0.920/0.684/0.976 wmean=1.000
[E42] batch=001/250 pseudo=4 loss=3.7001 seg=0.2699 semseg=0.1630 mard=2.0199 lambda=0.043773 box_extra=0 mask_extra=0 DURR=0.0252 (dir=0.1260,res=-0.0000,hall=-0.0000) route_px=201 rescue_px=0 hall_px=0 FG/HBG/EBG=32/256/1280 fallback=0 rel=0.955/0.938/0.967 wmean=1.000 grad_preclip=26.27
[E42] batch=010/250 pseudo=3 loss=3.8269 seg=0.4787 semseg=0.1551 mard=2.0042 lambda=0.036762 box_extra=0 mask_extra=0 DURR=0.0355 (dir=0.1773,res=-0.0000,hall=-0.0000) route_px=118 rescue_px=0 hall_px=0 FG/HBG/EBG=24/192/960 fallback=0 rel=0.914/0.849/0.960 wmean=1.000 grad_preclip=20.03
[E42] batch=020/250 pseudo=5 loss=12.8016 seg=0.6501 semseg=1.0138 mard=2.0614 lambda=0.029356 box_extra=0 mask_extra=0 DURR=0.0164 (dir=0.0822,res=-0.0000,hall=-0.0000) route_px=426 rescue_px=0 hall_px=0 FG/HBG/EBG=40/256/1280 fallback=0 rel=0.871/0.751/0.966 wmean=1.000 grad_preclip=80.29
[E42] batch=030/250 pseudo=4 loss=19.9790 seg=0.7096 semseg=2.0391 mard=2.0377 lambda=0.043096 box_extra=0 mask_extra=0 DURR=0.0147 (dir=0.0733,res=-0.0000,hall=-0.0000) route_px=491 rescue_px=0 hall_px=0 FG/HBG/EBG=32/256/1280 fallback=0 rel=0.949/0.936/0.964 wmean=1.000 grad_preclip=81.56
[E42] batch=040/250 pseudo=3 loss=9.1986 seg=1.1763 semseg=0.5739 mard=2.0887 lambda=0.032468 box_extra=0 mask_extra=0 DURR=0.0365 (dir=0.1826,res=-0.0000,hall=-0.0000) route_px=515 rescue_px=0 hall_px=0 FG/HBG/EBG=24/192/960 fallback=0 rel=0.885/0.802/0.965 wmean=1.000 grad_preclip=53.03
[E42] batch=050/250 pseudo=4 loss=3.7090 seg=0.3443 semseg=0.1275 mard=2.0029 lambda=0.043862 box_extra=0 mask_extra=0 DURR=0.0350 (dir=0.1752,res=-0.0000,hall=-0.0000) route_px=196 rescue_px=0 hall_px=0 FG/HBG/EBG=32/256/1280 fallback=0 rel=0.953/0.932/0.969 wmean=1.000 grad_preclip=23.40
[E42] batch=060/250 pseudo=4 loss=8.7103 seg=0.2976 semseg=0.6899 mard=2.0395 lambda=0.041094 box_extra=0 mask_extra=0 DURR=0.0183 (dir=0.0913,res=-0.0000,hall=-0.0000) route_px=575 rescue_px=0 hall_px=0 FG/HBG/EBG=32/256/1280 fallback=0 rel=0.933/0.891/0.958 wmean=1.000 grad_preclip=54.12
[E42] batch=070/250 pseudo=4 loss=12.3811 seg=0.9896 semseg=0.8406 mard=2.0713 lambda=0.031348 box_extra=0 mask_extra=0 DURR=0.0235 (dir=0.1177,res=-0.0000,hall=-0.0000) route_px=244 rescue_px=0 hall_px=0 FG/HBG/EBG=32/256/1280 fallback=0 rel=0.874/0.783/0.956 wmean=1.000 grad_preclip=37.80
[E42] batch=080/250 pseudo=4 loss=7.2625 seg=0.6500 semseg=0.3188 mard=2.0544 lambda=0.036084 box_extra=0 mask_extra=0 DURR=0.0285 (dir=0.1423,res=-0.0000,hall=-0.0000) route_px=365 rescue_px=0 hall_px=0 FG/HBG/EBG=32/256/1280 fallback=0 rel=0.906/0.801/0.956 wmean=1.000 grad_preclip=94.22
[E42] batch=090/250 pseudo=3 loss=9.6743 seg=0.6356 semseg=1.4262 mard=2.0251 lambda=0.027937 box_extra=0 mask_extra=0 DURR=0.4835 (dir=0.0882,res=-0.0000,hall=2.3293) route_px=335 rescue_px=0 hall_px=710 FG/HBG/EBG=24/192/960 fallback=0 rel=0.858/0.800/0.951 wmean=1.000 grad_preclip=52.17
[E42] batch=100/250 pseudo=6 loss=24.4250 seg=0.8883 semseg=2.1118 mard=2.0211 lambda=0.020843 box_extra=0 mask_extra=0 DURR=0.0314 (dir=0.1571,res=-0.0000,hall=-0.0000) route_px=689 rescue_px=0 hall_px=0 FG/HBG/EBG=48/256/1280 fallback=0 rel=0.827/0.738/0.964 wmean=1.000 grad_preclip=64.43
[E42] batch=110/250 pseudo=4 loss=4.4302 seg=0.4247 semseg=0.1944 mard=2.0129 lambda=0.041764 box_extra=0 mask_extra=0 DURR=0.0214 (dir=0.1072,res=-0.0000,hall=-0.0000) route_px=578 rescue_px=0 hall_px=0 FG/HBG/EBG=32/256/1280 fallback=0 rel=0.939/0.901/0.962 wmean=1.000 grad_preclip=36.91
[E42] batch=120/250 pseudo=4 loss=16.0912 seg=1.1719 semseg=1.1504 mard=1.9994 lambda=0.026091 box_extra=1 mask_extra=1 DURR=0.0344 (dir=0.1722,res=-0.0000,hall=-0.0000) route_px=71 rescue_px=0 hall_px=0 FG/HBG/EBG=32/256/1280 fallback=0 rel=0.845/0.687/0.967 wmean=1.000 grad_preclip=69.34
[E42] batch=130/250 pseudo=5 loss=7.8945 seg=0.4478 semseg=0.4342 mard=1.9830 lambda=0.032559 box_extra=0 mask_extra=0 DURR=0.0214 (dir=0.1068,res=-0.0000,hall=-0.0000) route_px=305 rescue_px=0 hall_px=0 FG/HBG/EBG=40/320/1216 fallback=0 rel=0.884/0.727/0.946 wmean=1.000 grad_preclip=43.58
[E42] batch=140/250 pseudo=3 loss=2.8843 seg=0.2258 semseg=0.1298 mard=1.9720 lambda=0.029270 box_extra=1 mask_extra=0 DURR=0.3208 (dir=0.1034,res=-0.0000,hall=1.5008) route_px=81 rescue_px=0 hall_px=27 FG/HBG/EBG=24/192/960 fallback=0 rel=0.866/0.700/0.953 wmean=1.000 grad_preclip=56.03
[E42] batch=150/250 pseudo=4 loss=3.1291 seg=0.1588 semseg=0.0895 mard=2.0671 lambda=0.043990 box_extra=0 mask_extra=0 DURR=0.0343 (dir=0.1713,res=-0.0000,hall=-0.0000) route_px=222 rescue_px=0 hall_px=0 FG/HBG/EBG=32/256/1280 fallback=0 rel=0.958/0.944/0.976 wmean=1.000 grad_preclip=32.46
[E42] batch=160/250 pseudo=4 loss=2.9467 seg=0.2484 semseg=0.1726 mard=2.0477 lambda=0.036115 box_extra=0 mask_extra=0 DURR=0.0141 (dir=0.0705,res=-0.0000,hall=-0.0000) route_px=232 rescue_px=0 hall_px=0 FG/HBG/EBG=32/256/1280 fallback=0 rel=0.908/0.763/0.966 wmean=1.000 grad_preclip=26.97
[E42] batch=170/250 pseudo=4 loss=14.5701 seg=0.6496 semseg=1.5578 mard=2.0617 lambda=0.035967 box_extra=1 mask_extra=0 DURR=0.0083 (dir=0.0415,res=-0.0000,hall=-0.0000) route_px=540 rescue_px=0 hall_px=0 FG/HBG/EBG=32/256/1280 fallback=0 rel=0.906/0.792/0.960 wmean=1.000 grad_preclip=65.51
[E42] batch=180/250 pseudo=4 loss=16.7726 seg=0.7841 semseg=1.8878 mard=2.0690 lambda=0.043331 box_extra=0 mask_extra=0 DURR=0.0341 (dir=0.1704,res=-0.0000,hall=-0.0000) route_px=649 rescue_px=0 hall_px=0 FG/HBG/EBG=32/256/1280 fallback=0 rel=0.952/0.944/0.956 wmean=1.000 grad_preclip=130.17
[E42] batch=190/250 pseudo=4 loss=6.9161 seg=0.6648 semseg=0.2303 mard=2.0005 lambda=0.044155 box_extra=0 mask_extra=0 DURR=0.0197 (dir=0.0984,res=-0.0000,hall=-0.0000) route_px=351 rescue_px=0 hall_px=0 FG/HBG/EBG=32/256/1280 fallback=0 rel=0.949/0.936/0.958 wmean=1.000 grad_preclip=41.77
[E42] batch=200/250 pseudo=6 loss=8.1819 seg=0.2781 semseg=0.2813 mard=2.0263 lambda=0.034129 box_extra=0 mask_extra=0 DURR=0.0088 (dir=0.0439,res=-0.0000,hall=-0.0000) route_px=348 rescue_px=0 hall_px=0 FG/HBG/EBG=48/320/1216 fallback=0 rel=0.900/0.845/0.970 wmean=1.000 grad_preclip=29.86
[E42] batch=210/250 pseudo=4 loss=6.1469 seg=0.5279 semseg=0.2667 mard=2.0185 lambda=0.040966 box_extra=0 mask_extra=0 DURR=0.0231 (dir=0.1154,res=-0.0000,hall=-0.0000) route_px=466 rescue_px=0 hall_px=0 FG/HBG/EBG=32/256/1280 fallback=0 rel=0.928/0.883/0.961 wmean=1.000 grad_preclip=26.75
[E42] batch=220/250 pseudo=4 loss=6.5253 seg=0.5864 semseg=0.3775 mard=2.0584 lambda=0.037959 box_extra=0 mask_extra=0 DURR=0.0154 (dir=0.0772,res=-0.0000,hall=-0.0000) route_px=323 rescue_px=0 hall_px=0 FG/HBG/EBG=32/256/1280 fallback=0 rel=0.919/0.849/0.965 wmean=1.000 grad_preclip=45.55
[E42] batch=230/250 pseudo=4 loss=13.6268 seg=1.4351 semseg=0.5995 mard=2.0413 lambda=0.035806 box_extra=0 mask_extra=0 DURR=0.0218 (dir=0.1090,res=-0.0000,hall=-0.0000) route_px=776 rescue_px=0 hall_px=0 FG/HBG/EBG=32/256/1280 fallback=0 rel=0.900/0.758/0.961 wmean=1.000 grad_preclip=56.95
[E42] batch=240/250 pseudo=4 loss=6.5486 seg=0.5239 semseg=0.2076 mard=2.0355 lambda=0.037497 box_extra=0 mask_extra=0 DURR=0.0229 (dir=0.1145,res=-0.0000,hall=-0.0000) route_px=433 rescue_px=0 hall_px=0 FG/HBG/EBG=32/256/1280 fallback=0 rel=0.910/0.856/0.960 wmean=1.000 grad_preclip=26.70
[E42] batch=250/250 pseudo=4 loss=5.4139 seg=0.3496 semseg=0.2211 mard=1.9801 lambda=0.041608 box_extra=0 mask_extra=0 DURR=0.0188 (dir=0.0938,res=-0.0000,hall=-0.0000) route_px=301 rescue_px=0 hall_px=0 FG/HBG/EBG=32/256/1280 fallback=0 rel=0.938/0.918/0.963 wmean=1.000 grad_preclip=24.98

[Epoch 42] DONE time=77.6s valid=250 skipped=0 pseudo=1040 anchors=1001 box_extra=58 mask_extra=39 reject_rel=19 DURR=0.0652 (dir=0.1361,res=0.0134,hall=0.1562) empty=48 rescue=12/12 hall_trigger=17 loss=7.0304 seg=0.5183 semseg=0.4694 mard=2.0292 lambda_avg=0.038096 FG/HBG/EBG=33.3/255.2/1207.0 rel=0.917/0.666/0.976 wmean=1.000
[E43] batch=001/250 pseudo=4 loss=5.6887 seg=0.4071 semseg=0.2587 mard=2.0277 lambda=0.040711 box_extra=0 mask_extra=0 DURR=0.0095 (dir=0.0474,res=-0.0000,hall=-0.0000) route_px=421 rescue_px=0 hall_px=0 FG/HBG/EBG=32/256/1280 fallback=0 rel=0.938/0.889/0.967 wmean=1.000 grad_preclip=41.56
[E43] batch=010/250 pseudo=4 loss=4.1295 seg=0.4524 semseg=0.1636 mard=2.0479 lambda=0.044775 box_extra=0 mask_extra=0 DURR=0.0253 (dir=0.1267,res=-0.0000,hall=-0.0000) route_px=531 rescue_px=0 hall_px=0 FG/HBG/EBG=32/256/1280 fallback=0 rel=0.957/0.939/0.968 wmean=1.000 grad_preclip=27.64
[E43] batch=020/250 pseudo=4 loss=2.0076 seg=0.1983 semseg=0.0845 mard=1.9955 lambda=0.042910 box_extra=0 mask_extra=0 DURR=0.0128 (dir=0.0639,res=-0.0000,hall=-0.0000) route_px=35 rescue_px=0 hall_px=0 FG/HBG/EBG=32/256/1280 fallback=0 rel=0.946/0.903/0.970 wmean=1.000 grad_preclip=22.12
[E43] batch=030/250 pseudo=4 loss=6.6612 seg=0.3371 semseg=0.2528 mard=2.0272 lambda=0.028872 box_extra=0 mask_extra=0 DURR=0.0520 (dir=0.2602,res=-0.0000,hall=-0.0000) route_px=291 rescue_px=0 hall_px=0 FG/HBG/EBG=32/256/1280 fallback=0 rel=0.865/0.700/0.959 wmean=1.000 grad_preclip=47.47
[E43] batch=040/250 pseudo=4 loss=2.5158 seg=0.2525 semseg=0.1427 mard=2.0613 lambda=0.041180 box_extra=0 mask_extra=0 DURR=0.0262 (dir=0.1309,res=-0.0000,hall=-0.0000) route_px=400 rescue_px=0 hall_px=0 FG/HBG/EBG=32/192/960 fallback=0 rel=0.942/0.911/0.972 wmean=1.000 grad_preclip=15.46
[E43] batch=050/250 pseudo=4 loss=5.1259 seg=0.4659 semseg=0.2483 mard=2.0260 lambda=0.041954 box_extra=0 mask_extra=0 DURR=0.0325 (dir=0.1624,res=-0.0000,hall=-0.0000) route_px=369 rescue_px=0 hall_px=0 FG/HBG/EBG=32/256/1280 fallback=0 rel=0.938/0.894/0.966 wmean=1.000 grad_preclip=31.29
[E43] batch=060/250 pseudo=4 loss=4.7823 seg=0.4348 semseg=0.1882 mard=2.0416 lambda=0.045031 box_extra=0 mask_extra=0 DURR=0.0186 (dir=0.0930,res=-0.0000,hall=-0.0000) route_px=300 rescue_px=0 hall_px=0 FG/HBG/EBG=32/256/1280 fallback=0 rel=0.959/0.945/0.966 wmean=1.000 grad_preclip=24.98
[E43] batch=070/250 pseudo=2 loss=2.7880 seg=0.2528 semseg=0.1450 mard=1.9946 lambda=0.043074 box_extra=0 mask_extra=0 DURR=0.4966 (dir=0.1015,res=-0.0000,hall=2.3815) route_px=167 rescue_px=0 hall_px=12 FG/HBG/EBG=16/128/640 fallback=0 rel=0.951/0.948/0.953 wmean=1.000 grad_preclip=40.52
[E43] batch=080/250 pseudo=3 loss=2.8022 seg=0.2813 semseg=0.1429 mard=2.0754 lambda=0.045234 box_extra=0 mask_extra=0 DURR=0.0420 (dir=0.2101,res=-0.0000,hall=-0.0000) route_px=373 rescue_px=0 hall_px=0 FG/HBG/EBG=24/192/960 fallback=0 rel=0.961/0.951/0.971 wmean=1.000 grad_preclip=19.39
[E43] batch=090/250 pseudo=4 loss=7.5785 seg=0.4968 semseg=0.7738 mard=2.0298 lambda=0.038890 box_extra=0 mask_extra=0 DURR=0.0085 (dir=0.0425,res=-0.0000,hall=-0.0000) route_px=424 rescue_px=0 hall_px=0 FG/HBG/EBG=32/256/1280 fallback=0 rel=0.922/0.850/0.971 wmean=1.000 grad_preclip=38.28
[E43] batch=100/250 pseudo=5 loss=6.6331 seg=0.5918 semseg=0.4850 mard=2.0275 lambda=0.041865 box_extra=1 mask_extra=1 DURR=0.0191 (dir=0.0957,res=-0.0000,hall=-0.0000) route_px=589 rescue_px=0 hall_px=0 FG/HBG/EBG=40/256/1280 fallback=0 rel=0.938/0.902/0.969 wmean=1.000 grad_preclip=29.64
[E43] batch=110/250 pseudo=4 loss=3.7326 seg=0.3855 semseg=0.1343 mard=2.0766 lambda=0.043521 box_extra=0 mask_extra=0 DURR=0.0334 (dir=0.1669,res=-0.0000,hall=-0.0000) route_px=309 rescue_px=0 hall_px=0 FG/HBG/EBG=32/256/1280 fallback=0 rel=0.946/0.923/0.961 wmean=1.000 grad_preclip=25.43
[E43] batch=120/250 pseudo=4 loss=3.1059 seg=0.2352 semseg=0.1230 mard=2.0317 lambda=0.042970 box_extra=0 mask_extra=0 DURR=0.0305 (dir=0.1527,res=-0.0000,hall=-0.0000) route_px=417 rescue_px=0 hall_px=0 FG/HBG/EBG=32/256/1280 fallback=0 rel=0.949/0.900/0.973 wmean=1.000 grad_preclip=30.53
[E43] batch=130/250 pseudo=4 loss=2.6018 seg=0.2091 semseg=0.1098 mard=2.1044 lambda=0.044916 box_extra=0 mask_extra=0 DURR=0.0198 (dir=0.0988,res=-0.0000,hall=-0.0000) route_px=212 rescue_px=0 hall_px=0 FG/HBG/EBG=32/256/1280 fallback=0 rel=0.959/0.944/0.967 wmean=1.000 grad_preclip=23.73
[E43] batch=140/250 pseudo=3 loss=4.0928 seg=0.2606 semseg=0.3844 mard=2.0023 lambda=0.037912 box_extra=1 mask_extra=0 DURR=0.0322 (dir=0.1608,res=-0.0000,hall=-0.0000) route_px=201 rescue_px=0 hall_px=0 FG/HBG/EBG=24/192/960 fallback=0 rel=0.918/0.831/0.963 wmean=1.000 grad_preclip=33.20
[E43] batch=150/250 pseudo=4 loss=7.6773 seg=0.2533 semseg=0.8025 mard=2.0731 lambda=0.038535 box_extra=0 mask_extra=0 DURR=0.0464 (dir=0.2320,res=-0.0000,hall=-0.0000) route_px=160 rescue_px=0 hall_px=0 FG/HBG/EBG=32/256/1280 fallback=0 rel=0.927/0.861/0.966 wmean=1.000 grad_preclip=68.44
[E43] batch=160/250 pseudo=4 loss=20.8256 seg=1.5878 semseg=2.1680 mard=2.0920 lambda=0.030672 box_extra=2 mask_extra=1 DURR=0.0575 (dir=0.2873,res=-0.0000,hall=-0.0000) route_px=475 rescue_px=0 hall_px=0 FG/HBG/EBG=32/256/1280 fallback=0 rel=0.864/0.721/0.964 wmean=1.000 grad_preclip=151.30
[E43] batch=170/250 pseudo=2 loss=1.2434 seg=0.1191 semseg=0.0611 mard=2.0993 lambda=0.045817 box_extra=0 mask_extra=0 DURR=0.4423 (dir=0.2710,res=-0.0000,hall=1.9403) route_px=37 rescue_px=0 hall_px=3 FG/HBG/EBG=16/128/640 fallback=0 rel=0.967/0.963/0.971 wmean=1.000 grad_preclip=28.14
[E43] batch=180/250 pseudo=4 loss=7.1913 seg=0.7635 semseg=0.3115 mard=2.0590 lambda=0.040964 box_extra=0 mask_extra=0 DURR=0.0235 (dir=0.1174,res=-0.0000,hall=-0.0000) route_px=378 rescue_px=0 hall_px=0 FG/HBG/EBG=32/256/1280 fallback=0 rel=0.934/0.891/0.960 wmean=1.000 grad_preclip=33.53
[E43] batch=190/250 pseudo=5 loss=6.9147 seg=0.4253 semseg=0.3795 mard=2.0445 lambda=0.037637 box_extra=0 mask_extra=0 DURR=0.0292 (dir=0.1458,res=-0.0000,hall=-0.0000) route_px=519 rescue_px=0 hall_px=0 FG/HBG/EBG=40/256/1280 fallback=0 rel=0.911/0.812/0.962 wmean=1.000 grad_preclip=33.85
[E43] batch=200/250 pseudo=5 loss=3.3541 seg=0.3441 semseg=0.0984 mard=2.0411 lambda=0.040568 box_extra=0 mask_extra=0 DURR=0.0205 (dir=0.1027,res=-0.0000,hall=-0.0000) route_px=143 rescue_px=0 hall_px=0 FG/HBG/EBG=40/320/1216 fallback=0 rel=0.931/0.831/0.967 wmean=1.000 grad_preclip=23.53
[E43] batch=210/250 pseudo=4 loss=10.7230 seg=1.0930 semseg=1.0857 mard=2.0902 lambda=0.027487 box_extra=2 mask_extra=2 DURR=0.0133 (dir=0.0664,res=-0.0000,hall=-0.0000) route_px=715 rescue_px=0 hall_px=0 FG/HBG/EBG=32/192/960 fallback=0 rel=0.861/0.808/0.916 wmean=1.000 grad_preclip=35.82
[E43] batch=220/250 pseudo=6 loss=8.1250 seg=0.5169 semseg=0.3508 mard=2.0950 lambda=0.030110 box_extra=1 mask_extra=0 DURR=0.0348 (dir=0.1739,res=-0.0000,hall=-0.0000) route_px=587 rescue_px=0 hall_px=0 FG/HBG/EBG=48/320/1216 fallback=0 rel=0.874/0.774/0.951 wmean=1.000 grad_preclip=32.81
[E43] batch=230/250 pseudo=4 loss=7.0384 seg=0.7051 semseg=0.2455 mard=2.0470 lambda=0.045530 box_extra=0 mask_extra=0 DURR=0.0397 (dir=0.1986,res=-0.0000,hall=-0.0000) route_px=213 rescue_px=0 hall_px=0 FG/HBG/EBG=32/256/1280 fallback=0 rel=0.964/0.953/0.971 wmean=1.000 grad_preclip=58.31
[E43] batch=240/250 pseudo=5 loss=7.8386 seg=0.6783 semseg=0.4859 mard=2.0076 lambda=0.040033 box_extra=1 mask_extra=1 DURR=0.0162 (dir=0.0810,res=-0.0000,hall=-0.0000) route_px=574 rescue_px=0 hall_px=0 FG/HBG/EBG=40/320/1216 fallback=0 rel=0.924/0.903/0.942 wmean=1.000 grad_preclip=27.64
[E43] batch=250/250 pseudo=5 loss=8.1627 seg=0.5667 semseg=0.5861 mard=2.0025 lambda=0.036385 box_extra=0 mask_extra=0 DURR=0.0142 (dir=0.0711,res=-0.0000,hall=-0.0000) route_px=581 rescue_px=0 hall_px=0 FG/HBG/EBG=40/256/1280 fallback=0 rel=0.901/0.804/0.947 wmean=1.000 grad_preclip=38.13

[Epoch 43] DONE time=77.6s valid=250 skipped=0 pseudo=1033 anchors=988 box_extra=62 mask_extra=45 reject_rel=17 DURR=0.0676 (dir=0.1377,res=0.0255,hall=0.1368) empty=44 rescue=12/12 hall_trigger=13 loss=6.9993 seg=0.5106 semseg=0.4647 mard=2.0318 lambda_avg=0.038552 FG/HBG/EBG=33.1/254.0/1214.5 rel=0.919/0.689/0.976 wmean=1.000
[E44] batch=001/250 pseudo=4 loss=12.6106 seg=0.8433 semseg=0.7315 mard=2.0406 lambda=0.031475 box_extra=0 mask_extra=0 DURR=0.0188 (dir=0.0938,res=-0.0000,hall=-0.0000) route_px=153 rescue_px=0 hall_px=0 FG/HBG/EBG=32/256/1280 fallback=0 rel=0.880/0.688/0.969 wmean=1.000 grad_preclip=139.78
[E44] batch=010/250 pseudo=4 loss=8.9500 seg=0.4774 semseg=0.3170 mard=2.0147 lambda=0.038857 box_extra=0 mask_extra=0 DURR=0.0195 (dir=0.0977,res=-0.0000,hall=-0.0000) route_px=757 rescue_px=0 hall_px=0 FG/HBG/EBG=32/256/1280 fallback=0 rel=0.921/0.892/0.934 wmean=1.000 grad_preclip=39.70
[E44] batch=020/250 pseudo=4 loss=3.8058 seg=0.3273 semseg=0.1522 mard=2.0791 lambda=0.032854 box_extra=0 mask_extra=0 DURR=0.0143 (dir=0.0713,res=-0.0000,hall=-0.0000) route_px=240 rescue_px=0 hall_px=0 FG/HBG/EBG=32/256/1280 fallback=0 rel=0.895/0.774/0.972 wmean=1.000 grad_preclip=23.46
[E44] batch=030/250 pseudo=3 loss=2.6572 seg=0.2852 semseg=0.1047 mard=1.9962 lambda=0.042331 box_extra=1 mask_extra=0 DURR=0.0405 (dir=0.2024,res=-0.0000,hall=-0.0000) route_px=180 rescue_px=0 hall_px=0 FG/HBG/EBG=24/192/960 fallback=0 rel=0.945/0.909/0.965 wmean=1.000 grad_preclip=21.49
[E44] batch=040/250 pseudo=4 loss=6.8956 seg=0.6049 semseg=0.3177 mard=2.0072 lambda=0.039781 box_extra=0 mask_extra=0 DURR=0.0133 (dir=0.0666,res=-0.0000,hall=-0.0000) route_px=575 rescue_px=0 hall_px=0 FG/HBG/EBG=32/256/1280 fallback=0 rel=0.925/0.908/0.950 wmean=1.000 grad_preclip=44.42
[E44] batch=050/250 pseudo=4 loss=5.0848 seg=0.3935 semseg=0.1611 mard=1.9949 lambda=0.035926 box_extra=0 mask_extra=0 DURR=0.0135 (dir=0.0676,res=-0.0000,hall=-0.0000) route_px=212 rescue_px=0 hall_px=0 FG/HBG/EBG=32/256/1280 fallback=0 rel=0.905/0.794/0.943 wmean=1.000 grad_preclip=34.38
[E44] batch=060/250 pseudo=4 loss=6.0923 seg=0.4047 semseg=0.3752 mard=2.0510 lambda=0.033056 box_extra=0 mask_extra=0 DURR=0.0111 (dir=0.0553,res=-0.0000,hall=-0.0000) route_px=350 rescue_px=0 hall_px=0 FG/HBG/EBG=32/256/1280 fallback=0 rel=0.892/0.794/0.960 wmean=1.000 grad_preclip=35.72
[E44] batch=070/250 pseudo=5 loss=5.9891 seg=0.4233 semseg=0.2242 mard=2.0471 lambda=0.037035 box_extra=1 mask_extra=1 DURR=0.0204 (dir=0.1022,res=-0.0000,hall=-0.0000) route_px=141 rescue_px=0 hall_px=0 FG/HBG/EBG=40/256/1280 fallback=0 rel=0.912/0.837/0.973 wmean=1.000 grad_preclip=41.71
[E44] batch=080/250 pseudo=4 loss=3.2963 seg=0.3060 semseg=0.1635 mard=2.0391 lambda=0.043886 box_extra=0 mask_extra=0 DURR=0.0403 (dir=0.2015,res=-0.0000,hall=-0.0000) route_px=337 rescue_px=0 hall_px=0 FG/HBG/EBG=32/256/1280 fallback=0 rel=0.953/0.934/0.968 wmean=1.000 grad_preclip=24.74
[E44] batch=090/250 pseudo=4 loss=10.5853 seg=0.7345 semseg=0.9158 mard=2.0264 lambda=0.041860 box_extra=0 mask_extra=0 DURR=0.0223 (dir=0.1115,res=-0.0000,hall=-0.0000) route_px=715 rescue_px=0 hall_px=0 FG/HBG/EBG=32/256/1280 fallback=0 rel=0.944/0.905/0.973 wmean=1.000 grad_preclip=35.67
[E44] batch=100/250 pseudo=4 loss=6.9101 seg=0.5243 semseg=0.3529 mard=2.0000 lambda=0.042476 box_extra=0 mask_extra=0 DURR=0.0148 (dir=0.0739,res=-0.0000,hall=-0.0000) route_px=728 rescue_px=0 hall_px=0 FG/HBG/EBG=32/256/1280 fallback=0 rel=0.935/0.922/0.953 wmean=1.000 grad_preclip=30.95
[E44] batch=110/250 pseudo=4 loss=6.6662 seg=0.5413 semseg=0.3242 mard=2.0361 lambda=0.037508 box_extra=0 mask_extra=0 DURR=0.0320 (dir=0.1600,res=-0.0000,hall=-0.0000) route_px=356 rescue_px=0 hall_px=0 FG/HBG/EBG=32/256/1280 fallback=0 rel=0.918/0.795/0.968 wmean=1.000 grad_preclip=38.92
[E44] batch=120/250 pseudo=4 loss=3.9008 seg=0.3687 semseg=0.1403 mard=2.0747 lambda=0.045231 box_extra=1 mask_extra=0 DURR=0.0385 (dir=0.1926,res=-0.0000,hall=-0.0000) route_px=245 rescue_px=0 hall_px=0 FG/HBG/EBG=32/256/1280 fallback=0 rel=0.961/0.950/0.970 wmean=1.000 grad_preclip=25.65
[E44] batch=130/250 pseudo=3 loss=2.4390 seg=0.1686 semseg=0.0810 mard=2.0266 lambda=0.045994 box_extra=0 mask_extra=0 DURR=0.7460 (dir=0.1151,res=-0.0000,hall=3.6152) route_px=93 rescue_px=0 hall_px=1095 FG/HBG/EBG=24/192/960 fallback=0 rel=0.965/0.964/0.967 wmean=1.000 grad_preclip=25.36
[E44] batch=140/250 pseudo=2 loss=2.3413 seg=0.2770 semseg=0.0724 mard=2.0470 lambda=0.044025 box_extra=0 mask_extra=0 DURR=0.5810 (dir=0.2133,res=-0.0000,hall=2.6916) route_px=40 rescue_px=0 hall_px=203 FG/HBG/EBG=16/128/640 fallback=0 rel=0.950/0.932/0.969 wmean=1.000 grad_preclip=43.07
[E44] batch=150/250 pseudo=4 loss=10.2381 seg=0.6659 semseg=0.8466 mard=2.0646 lambda=0.041867 box_extra=0 mask_extra=0 DURR=0.0124 (dir=0.0621,res=-0.0000,hall=-0.0000) route_px=814 rescue_px=0 hall_px=0 FG/HBG/EBG=32/256/1280 fallback=0 rel=0.943/0.928/0.954 wmean=1.000 grad_preclip=46.05
[E44] batch=160/250 pseudo=3 loss=3.6853 seg=0.3676 semseg=0.1688 mard=2.0135 lambda=0.043933 box_extra=0 mask_extra=0 DURR=0.3296 (dir=0.1365,res=-0.0000,hall=1.5113) route_px=141 rescue_px=0 hall_px=4 FG/HBG/EBG=24/192/960 fallback=0 rel=0.954/0.944/0.961 wmean=1.000 grad_preclip=36.85
[E44] batch=170/250 pseudo=3 loss=3.0012 seg=0.4497 semseg=0.1525 mard=2.0277 lambda=0.043909 box_extra=0 mask_extra=0 DURR=0.0192 (dir=0.0962,res=-0.0000,hall=-0.0000) route_px=139 rescue_px=0 hall_px=0 FG/HBG/EBG=24/192/960 fallback=0 rel=0.952/0.925/0.975 wmean=1.000 grad_preclip=30.07
[E44] batch=180/250 pseudo=4 loss=7.0429 seg=0.3779 semseg=0.3526 mard=2.0413 lambda=0.042383 box_extra=0 mask_extra=0 DURR=0.0205 (dir=0.1026,res=-0.0000,hall=-0.0000) route_px=508 rescue_px=0 hall_px=0 FG/HBG/EBG=32/256/1280 fallback=0 rel=0.943/0.920/0.967 wmean=1.000 grad_preclip=110.15
[E44] batch=190/250 pseudo=4 loss=3.4981 seg=0.2532 semseg=0.1506 mard=1.9818 lambda=0.042705 box_extra=0 mask_extra=0 DURR=0.0182 (dir=0.0912,res=-0.0000,hall=-0.0000) route_px=288 rescue_px=0 hall_px=0 FG/HBG/EBG=32/256/1280 fallback=0 rel=0.947/0.939/0.960 wmean=1.000 grad_preclip=23.78
[E44] batch=200/250 pseudo=3 loss=3.6264 seg=0.3197 semseg=0.1309 mard=1.9969 lambda=0.038272 box_extra=0 mask_extra=0 DURR=0.4386 (dir=0.0486,res=-0.0000,hall=2.1446) route_px=141 rescue_px=0 hall_px=631 FG/HBG/EBG=24/192/960 fallback=0 rel=0.921/0.857/0.965 wmean=1.000 grad_preclip=53.11
[E44] batch=210/250 pseudo=5 loss=17.8763 seg=1.5318 semseg=1.1255 mard=2.0673 lambda=0.030140 box_extra=0 mask_extra=0 DURR=0.0167 (dir=0.0837,res=-0.0000,hall=-0.0000) route_px=334 rescue_px=0 hall_px=0 FG/HBG/EBG=40/256/1280 fallback=0 rel=0.857/0.667/0.971 wmean=1.000 grad_preclip=66.43
[E44] batch=220/250 pseudo=3 loss=5.5999 seg=0.9480 semseg=0.3498 mard=2.0488 lambda=0.036899 box_extra=0 mask_extra=0 DURR=0.0218 (dir=0.1091,res=-0.0000,hall=-0.0000) route_px=463 rescue_px=0 hall_px=0 FG/HBG/EBG=24/192/960 fallback=0 rel=0.907/0.820/0.955 wmean=1.000 grad_preclip=26.31
[E44] batch=230/250 pseudo=4 loss=4.2829 seg=0.4161 semseg=0.1500 mard=2.0253 lambda=0.042518 box_extra=0 mask_extra=0 DURR=0.0305 (dir=0.1525,res=-0.0000,hall=-0.0000) route_px=303 rescue_px=0 hall_px=0 FG/HBG/EBG=32/256/1280 fallback=0 rel=0.940/0.924/0.954 wmean=1.000 grad_preclip=44.29
[E44] batch=240/250 pseudo=3 loss=11.3063 seg=1.9784 semseg=0.7981 mard=1.9825 lambda=0.033885 box_extra=2 mask_extra=1 DURR=0.0112 (dir=0.0559,res=-0.0000,hall=-0.0000) route_px=166 rescue_px=0 hall_px=0 FG/HBG/EBG=24/192/960 fallback=0 rel=0.891/0.757/0.967 wmean=1.000 grad_preclip=99.53
[E44] batch=250/250 pseudo=5 loss=7.7858 seg=0.5006 semseg=0.3912 mard=1.9684 lambda=0.033496 box_extra=2 mask_extra=2 DURR=0.0187 (dir=0.0934,res=-0.0000,hall=-0.0000) route_px=314 rescue_px=0 hall_px=0 FG/HBG/EBG=40/320/1216 fallback=0 rel=0.885/0.768/0.963 wmean=1.000 grad_preclip=46.32

[Epoch 44] DONE time=77.7s valid=250 skipped=0 pseudo=1022 anchors=981 box_extra=63 mask_extra=41 reject_rel=22 DURR=0.0677 (dir=0.1361,res=0.0127,hall=0.1707) empty=54 rescue=15/15 hall_trigger=18 loss=6.7126 seg=0.5135 semseg=0.4329 mard=2.0278 lambda_avg=0.038562 FG/HBG/EBG=32.7/251.4/1201.7 rel=0.919/0.667/0.976 wmean=1.000
[E45] batch=001/250 pseudo=2 loss=3.4007 seg=0.3689 semseg=0.3684 mard=2.1542 lambda=0.028173 box_extra=1 mask_extra=0 DURR=0.0055 (dir=0.0277,res=-0.0000,hall=-0.0000) route_px=245 rescue_px=0 hall_px=0 FG/HBG/EBG=16/128/640 fallback=0 rel=0.867/0.767/0.966 wmean=1.000 grad_preclip=22.27
[E45] batch=010/250 pseudo=5 loss=8.8097 seg=0.7674 semseg=0.4019 mard=1.9979 lambda=0.027725 box_extra=0 mask_extra=0 DURR=0.0377 (dir=0.1885,res=-0.0000,hall=-0.0000) route_px=427 rescue_px=0 hall_px=0 FG/HBG/EBG=40/320/1216 fallback=0 rel=0.855/0.703/0.961 wmean=1.000 grad_preclip=29.16
[E45] batch=020/250 pseudo=4 loss=9.8818 seg=0.5985 semseg=0.8740 mard=2.0440 lambda=0.031755 box_extra=1 mask_extra=1 DURR=0.0160 (dir=0.0800,res=-0.0000,hall=-0.0000) route_px=475 rescue_px=0 hall_px=0 FG/HBG/EBG=32/256/1280 fallback=0 rel=0.890/0.843/0.970 wmean=1.000 grad_preclip=43.42
[E45] batch=030/250 pseudo=5 loss=6.9648 seg=0.4054 semseg=0.5784 mard=1.9899 lambda=0.033149 box_extra=0 mask_extra=0 DURR=0.0086 (dir=0.0429,res=-0.0000,hall=-0.0000) route_px=533 rescue_px=0 hall_px=0 FG/HBG/EBG=40/256/1280 fallback=0 rel=0.893/0.783/0.945 wmean=1.000 grad_preclip=37.80
[E45] batch=040/250 pseudo=3 loss=2.5520 seg=0.2651 semseg=0.1810 mard=2.0465 lambda=0.044243 box_extra=0 mask_extra=0 DURR=0.0603 (dir=0.3013,res=-0.0000,hall=-0.0000) route_px=152 rescue_px=0 hall_px=0 FG/HBG/EBG=24/192/960 fallback=0 rel=0.960/0.952/0.972 wmean=1.000 grad_preclip=24.84
[E45] batch=050/250 pseudo=3 loss=5.4763 seg=0.4802 semseg=0.8310 mard=2.0505 lambda=0.017462 box_extra=1 mask_extra=0 DURR=0.0128 (dir=0.0642,res=-0.0000,hall=-0.0000) route_px=306 rescue_px=0 hall_px=0 FG/HBG/EBG=24/192/960 fallback=0 rel=0.796/0.689/0.956 wmean=1.000 grad_preclip=31.54
[E45] batch=060/250 pseudo=6 loss=14.7173 seg=0.7537 semseg=0.8998 mard=2.0227 lambda=0.036186 box_extra=0 mask_extra=0 DURR=0.0451 (dir=0.2255,res=-0.0000,hall=-0.0000) route_px=288 rescue_px=0 hall_px=0 FG/HBG/EBG=48/384/1152 fallback=0 rel=0.906/0.810/0.972 wmean=1.000 grad_preclip=64.01
[E45] batch=070/250 pseudo=4 loss=15.9994 seg=1.3594 semseg=1.7743 mard=2.0527 lambda=0.025757 box_extra=0 mask_extra=0 DURR=0.6875 (dir=0.0865,res=-0.0000,hall=3.3509) route_px=620 rescue_px=0 hall_px=309 FG/HBG/EBG=32/192/960 fallback=0 rel=0.836/0.733/0.953 wmean=1.000 grad_preclip=79.65
[E45] batch=080/250 pseudo=3 loss=2.1993 seg=0.2223 semseg=0.0940 mard=2.0046 lambda=0.043113 box_extra=0 mask_extra=0 DURR=0.0246 (dir=0.1232,res=-0.0000,hall=-0.0000) route_px=57 rescue_px=0 hall_px=0 FG/HBG/EBG=24/192/960 fallback=0 rel=0.949/0.926/0.967 wmean=1.000 grad_preclip=23.93
[E45] batch=090/250 pseudo=4 loss=3.7828 seg=0.3113 semseg=0.1593 mard=2.0361 lambda=0.045684 box_extra=0 mask_extra=0 DURR=0.0254 (dir=0.1268,res=-0.0000,hall=-0.0000) route_px=324 rescue_px=0 hall_px=0 FG/HBG/EBG=32/256/1280 fallback=0 rel=0.962/0.953/0.973 wmean=1.000 grad_preclip=26.83
[E45] batch=100/250 pseudo=4 loss=2.6992 seg=0.2085 semseg=0.1023 mard=2.0286 lambda=0.042610 box_extra=0 mask_extra=0 DURR=0.0369 (dir=0.1844,res=-0.0000,hall=-0.0000) route_px=176 rescue_px=0 hall_px=0 FG/HBG/EBG=32/256/1280 fallback=0 rel=0.946/0.931/0.962 wmean=1.000 grad_preclip=23.77
[E45] batch=110/250 pseudo=4 loss=3.1032 seg=0.3456 semseg=0.1306 mard=1.9811 lambda=0.037220 box_extra=0 mask_extra=0 DURR=0.0326 (dir=0.1629,res=-0.0000,hall=-0.0000) route_px=187 rescue_px=0 hall_px=0 FG/HBG/EBG=32/256/1280 fallback=0 rel=0.911/0.802/0.964 wmean=1.000 grad_preclip=26.99
[E45] batch=120/250 pseudo=6 loss=6.3960 seg=0.3839 semseg=0.2533 mard=2.0525 lambda=0.027112 box_extra=0 mask_extra=0 DURR=0.0172 (dir=0.0858,res=-0.0000,hall=-0.0000) route_px=509 rescue_px=0 hall_px=0 FG/HBG/EBG=48/384/1152 fallback=0 rel=0.854/0.688/0.970 wmean=1.000 grad_preclip=26.99
[E45] batch=130/250 pseudo=3 loss=2.0861 seg=0.2447 semseg=0.0944 mard=2.0641 lambda=0.044951 box_extra=0 mask_extra=0 DURR=0.0383 (dir=0.1914,res=-0.0000,hall=-0.0000) route_px=181 rescue_px=0 hall_px=0 FG/HBG/EBG=24/192/960 fallback=0 rel=0.961/0.955/0.967 wmean=1.000 grad_preclip=24.97
[E45] batch=140/250 pseudo=4 loss=6.3512 seg=0.4751 semseg=0.2734 mard=2.0121 lambda=0.041480 box_extra=0 mask_extra=0 DURR=0.0430 (dir=0.2152,res=-0.0000,hall=-0.0000) route_px=235 rescue_px=0 hall_px=0 FG/HBG/EBG=32/256/1280 fallback=0 rel=0.928/0.852/0.963 wmean=1.000 grad_preclip=47.00
[E45] batch=150/250 pseudo=4 loss=6.0714 seg=0.3950 semseg=0.4716 mard=2.0175 lambda=0.041083 box_extra=0 mask_extra=0 DURR=0.0123 (dir=0.0615,res=-0.0000,hall=-0.0000) route_px=498 rescue_px=0 hall_px=0 FG/HBG/EBG=32/256/1280 fallback=0 rel=0.934/0.909/0.959 wmean=1.000 grad_preclip=38.97
[E45] batch=160/250 pseudo=7 loss=5.5286 seg=0.3781 semseg=0.3266 mard=2.0401 lambda=0.034651 box_extra=0 mask_extra=0 DURR=0.0160 (dir=0.0800,res=-0.0000,hall=-0.0000) route_px=564 rescue_px=0 hall_px=0 FG/HBG/EBG=56/384/1152 fallback=0 rel=0.899/0.754/0.968 wmean=1.000 grad_preclip=19.64
[E45] batch=170/250 pseudo=3 loss=6.3907 seg=0.5446 semseg=0.3365 mard=2.0758 lambda=0.043700 box_extra=0 mask_extra=0 DURR=0.5863 (dir=0.1351,res=-0.0000,hall=2.7963) route_px=286 rescue_px=0 hall_px=2 FG/HBG/EBG=24/192/960 fallback=0 rel=0.948/0.938/0.963 wmean=1.000 grad_preclip=42.89
[E45] batch=180/250 pseudo=4 loss=3.6360 seg=0.2898 semseg=0.1601 mard=1.9791 lambda=0.039806 box_extra=0 mask_extra=0 DURR=0.0112 (dir=0.0562,res=-0.0000,hall=-0.0000) route_px=144 rescue_px=0 hall_px=0 FG/HBG/EBG=32/256/1280 fallback=0 rel=0.930/0.880/0.957 wmean=1.000 grad_preclip=33.60
[E45] batch=190/250 pseudo=4 loss=3.2641 seg=0.3349 semseg=0.1151 mard=1.9760 lambda=0.044020 box_extra=0 mask_extra=0 DURR=0.0284 (dir=0.1419,res=-0.0000,hall=-0.0000) route_px=84 rescue_px=0 hall_px=0 FG/HBG/EBG=32/256/1280 fallback=0 rel=0.952/0.929/0.968 wmean=1.000 grad_preclip=31.68
[E45] batch=200/250 pseudo=5 loss=3.4891 seg=0.2378 semseg=0.1157 mard=2.0682 lambda=0.041175 box_extra=0 mask_extra=0 DURR=0.0157 (dir=0.0785,res=-0.0000,hall=-0.0000) route_px=241 rescue_px=0 hall_px=0 FG/HBG/EBG=40/320/1216 fallback=0 rel=0.940/0.847/0.970 wmean=1.000 grad_preclip=31.56
[E45] batch=210/250 pseudo=4 loss=8.5696 seg=0.4348 semseg=0.9628 mard=2.0164 lambda=0.038174 box_extra=0 mask_extra=0 DURR=0.0328 (dir=0.1639,res=-0.0000,hall=-0.0000) route_px=501 rescue_px=0 hall_px=0 FG/HBG/EBG=32/256/1280 fallback=0 rel=0.917/0.797/0.973 wmean=1.000 grad_preclip=69.22
[E45] batch=220/250 pseudo=4 loss=6.1536 seg=0.4346 semseg=0.4358 mard=2.0707 lambda=0.042136 box_extra=0 mask_extra=0 DURR=0.0157 (dir=0.0784,res=-0.0000,hall=-0.0000) route_px=299 rescue_px=0 hall_px=0 FG/HBG/EBG=32/256/1280 fallback=0 rel=0.939/0.885/0.961 wmean=1.000 grad_preclip=47.70
[E45] batch=230/250 pseudo=4 loss=3.3516 seg=0.2625 semseg=0.2970 mard=2.0454 lambda=0.044816 box_extra=0 mask_extra=0 DURR=0.0262 (dir=0.1312,res=-0.0000,hall=-0.0000) route_px=191 rescue_px=0 hall_px=0 FG/HBG/EBG=32/256/1280 fallback=0 rel=0.962/0.941/0.973 wmean=1.000 grad_preclip=29.29
[E45] batch=240/250 pseudo=4 loss=6.4142 seg=0.2701 semseg=0.7324 mard=2.0444 lambda=0.033523 box_extra=0 mask_extra=0 DURR=0.0221 (dir=0.1103,res=-0.0000,hall=-0.0000) route_px=300 rescue_px=0 hall_px=0 FG/HBG/EBG=32/256/1280 fallback=0 rel=0.897/0.782/0.960 wmean=1.000 grad_preclip=28.59
[E45] batch=250/250 pseudo=4 loss=2.7698 seg=0.2567 semseg=0.1047 mard=2.0479 lambda=0.044839 box_extra=0 mask_extra=0 DURR=0.0312 (dir=0.1562,res=-0.0000,hall=-0.0000) route_px=204 rescue_px=0 hall_px=0 FG/HBG/EBG=32/256/1280 fallback=0 rel=0.958/0.929/0.970 wmean=1.000 grad_preclip=28.49

[Epoch 45] DONE time=77.3s valid=250 skipped=0 pseudo=1026 anchors=994 box_extra=48 mask_extra=32 reject_rel=16 DURR=0.0691 (dir=0.1334,res=0.0068,hall=0.1952) empty=53 rescue=6/6 hall_trigger=18 loss=6.6962 seg=0.5163 semseg=0.4421 mard=2.0328 lambda_avg=0.038502 FG/HBG/EBG=32.8/253.7/1200.9 rel=0.919/0.591/0.976 wmean=1.000
[E46] batch=001/250 pseudo=4 loss=4.7349 seg=0.3832 semseg=0.2138 mard=2.0854 lambda=0.038169 box_extra=0 mask_extra=0 DURR=0.0113 (dir=0.0567,res=-0.0000,hall=-0.0000) route_px=248 rescue_px=0 hall_px=0 FG/HBG/EBG=32/256/1280 fallback=0 rel=0.917/0.842/0.965 wmean=1.000 grad_preclip=30.64
[E46] batch=010/250 pseudo=4 loss=3.5543 seg=0.3006 semseg=0.1376 mard=2.0775 lambda=0.042611 box_extra=0 mask_extra=0 DURR=0.0269 (dir=0.1343,res=-0.0000,hall=-0.0000) route_px=286 rescue_px=0 hall_px=0 FG/HBG/EBG=32/256/1280 fallback=0 rel=0.945/0.909/0.964 wmean=1.000 grad_preclip=23.69
[E46] batch=020/250 pseudo=4 loss=9.4232 seg=0.5027 semseg=0.9026 mard=2.0204 lambda=0.042438 box_extra=0 mask_extra=0 DURR=0.0277 (dir=0.1386,res=-0.0000,hall=-0.0000) route_px=731 rescue_px=0 hall_px=0 FG/HBG/EBG=32/256/1280 fallback=0 rel=0.946/0.920/0.974 wmean=1.000 grad_preclip=50.11
[E46] batch=030/250 pseudo=4 loss=15.5528 seg=0.8533 semseg=1.9510 mard=2.0580 lambda=0.028606 box_extra=1 mask_extra=0 DURR=0.0101 (dir=0.0504,res=-0.0000,hall=-0.0000) route_px=348 rescue_px=0 hall_px=0 FG/HBG/EBG=32/256/1280 fallback=0 rel=0.858/0.729/0.953 wmean=1.000 grad_preclip=43.64
[E46] batch=040/250 pseudo=5 loss=8.7348 seg=0.7565 semseg=0.3858 mard=1.9983 lambda=0.038449 box_extra=1 mask_extra=1 DURR=0.0305 (dir=0.1526,res=-0.0000,hall=-0.0000) route_px=176 rescue_px=0 hall_px=0 FG/HBG/EBG=40/320/1216 fallback=0 rel=0.918/0.821/0.960 wmean=1.000 grad_preclip=44.61
[E46] batch=050/250 pseudo=4 loss=9.3895 seg=0.6578 semseg=0.5296 mard=2.0381 lambda=0.038971 box_extra=1 mask_extra=0 DURR=0.0218 (dir=0.1090,res=-0.0000,hall=-0.0000) route_px=407 rescue_px=0 hall_px=0 FG/HBG/EBG=32/256/1280 fallback=0 rel=0.926/0.823/0.967 wmean=1.000 grad_preclip=47.93
[E46] batch=060/250 pseudo=4 loss=14.8448 seg=0.8815 semseg=1.1077 mard=2.0113 lambda=0.041410 box_extra=0 mask_extra=0 DURR=0.0405 (dir=0.2023,res=-0.0000,hall=-0.0000) route_px=286 rescue_px=0 hall_px=0 FG/HBG/EBG=32/256/1280 fallback=0 rel=0.934/0.907/0.954 wmean=1.000 grad_preclip=50.03
[E46] batch=070/250 pseudo=5 loss=10.0616 seg=0.6311 semseg=0.5972 mard=2.0555 lambda=0.034810 box_extra=0 mask_extra=0 DURR=0.0144 (dir=0.0721,res=-0.0000,hall=-0.0000) route_px=676 rescue_px=0 hall_px=0 FG/HBG/EBG=40/256/1280 fallback=0 rel=0.907/0.847/0.959 wmean=1.000 grad_preclip=50.91
[E46] batch=080/250 pseudo=4 loss=9.0929 seg=0.8552 semseg=0.5101 mard=2.0146 lambda=0.025633 box_extra=2 mask_extra=1 DURR=0.0319 (dir=0.1594,res=-0.0000,hall=-0.0000) route_px=292 rescue_px=0 hall_px=0 FG/HBG/EBG=32/256/1280 fallback=0 rel=0.844/0.753/0.956 wmean=1.000 grad_preclip=41.94
[E46] batch=090/250 pseudo=4 loss=17.1049 seg=0.9177 semseg=1.8744 mard=2.0823 lambda=0.034539 box_extra=1 mask_extra=1 DURR=0.1913 (dir=0.1310,res=0.3302,hall=-0.0000) route_px=265 rescue_px=114 hall_px=0 FG/HBG/EBG=32/256/1280 fallback=0 rel=0.901/0.789/0.965 wmean=1.000 grad_preclip=112.71
[E46] batch=100/250 pseudo=4 loss=3.7671 seg=0.2159 semseg=0.1412 mard=2.0310 lambda=0.042962 box_extra=0 mask_extra=0 DURR=0.0308 (dir=0.1540,res=-0.0000,hall=-0.0000) route_px=302 rescue_px=0 hall_px=0 FG/HBG/EBG=32/256/1280 fallback=0 rel=0.951/0.914/0.967 wmean=1.000 grad_preclip=46.36
[E46] batch=110/250 pseudo=5 loss=13.6647 seg=0.6156 semseg=1.3624 mard=2.0475 lambda=0.036648 box_extra=1 mask_extra=1 DURR=0.0874 (dir=0.1307,res=0.1225,hall=-0.0000) route_px=425 rescue_px=1013 hall_px=0 FG/HBG/EBG=40/320/1216 fallback=0 rel=0.909/0.808/0.964 wmean=1.000 grad_preclip=104.38
[E46] batch=120/250 pseudo=3 loss=6.4138 seg=0.7606 semseg=0.4030 mard=2.0663 lambda=0.037784 box_extra=0 mask_extra=0 DURR=0.0205 (dir=0.1026,res=-0.0000,hall=-0.0000) route_px=147 rescue_px=0 hall_px=0 FG/HBG/EBG=24/192/960 fallback=0 rel=0.902/0.840/0.956 wmean=1.000 grad_preclip=54.41
[E46] batch=130/250 pseudo=4 loss=8.0372 seg=0.2708 semseg=0.9637 mard=2.0440 lambda=0.040127 box_extra=1 mask_extra=0 DURR=0.0417 (dir=0.2083,res=-0.0000,hall=-0.0000) route_px=58 rescue_px=0 hall_px=0 FG/HBG/EBG=32/256/1280 fallback=0 rel=0.934/0.905/0.962 wmean=1.000 grad_preclip=49.86
[E46] batch=140/250 pseudo=4 loss=7.4683 seg=0.4536 semseg=0.5879 mard=2.0919 lambda=0.041908 box_extra=0 mask_extra=0 DURR=0.0317 (dir=0.1584,res=-0.0000,hall=-0.0000) route_px=151 rescue_px=0 hall_px=0 FG/HBG/EBG=32/256/1280 fallback=0 rel=0.939/0.906/0.966 wmean=1.000 grad_preclip=58.42
[E46] batch=150/250 pseudo=4 loss=2.8849 seg=0.2363 semseg=0.1581 mard=1.9831 lambda=0.043301 box_extra=0 mask_extra=0 DURR=0.0557 (dir=0.2785,res=-0.0000,hall=-0.0000) route_px=56 rescue_px=0 hall_px=0 FG/HBG/EBG=32/256/1280 fallback=0 rel=0.948/0.898/0.966 wmean=1.000 grad_preclip=22.30
[E46] batch=160/250 pseudo=4 loss=4.0652 seg=0.4111 semseg=0.1899 mard=2.0914 lambda=0.039064 box_extra=0 mask_extra=0 DURR=0.0251 (dir=0.1253,res=-0.0000,hall=-0.0000) route_px=359 rescue_px=0 hall_px=0 FG/HBG/EBG=32/256/1280 fallback=0 rel=0.921/0.885/0.959 wmean=1.000 grad_preclip=32.52
[E46] batch=170/250 pseudo=4 loss=2.7628 seg=0.2921 semseg=0.1161 mard=2.0696 lambda=0.043922 box_extra=0 mask_extra=0 DURR=0.0206 (dir=0.1032,res=-0.0000,hall=-0.0000) route_px=193 rescue_px=0 hall_px=0 FG/HBG/EBG=32/256/1280 fallback=0 rel=0.953/0.932/0.966 wmean=1.000 grad_preclip=23.13
[E46] batch=180/250 pseudo=3 loss=15.3998 seg=0.6851 semseg=2.5494 mard=2.0164 lambda=0.032312 box_extra=1 mask_extra=0 DURR=0.0087 (dir=0.0433,res=-0.0000,hall=-0.0000) route_px=426 rescue_px=0 hall_px=0 FG/HBG/EBG=24/192/960 fallback=0 rel=0.883/0.856/0.929 wmean=1.000 grad_preclip=88.21
[E46] batch=190/250 pseudo=4 loss=6.0310 seg=0.4716 semseg=0.2010 mard=2.0453 lambda=0.043142 box_extra=0 mask_extra=0 DURR=0.0182 (dir=0.0911,res=-0.0000,hall=-0.0000) route_px=366 rescue_px=0 hall_px=0 FG/HBG/EBG=32/256/1280 fallback=0 rel=0.951/0.917/0.974 wmean=1.000 grad_preclip=43.78
[E46] batch=200/250 pseudo=4 loss=7.3540 seg=0.3710 semseg=0.6089 mard=2.0526 lambda=0.033473 box_extra=0 mask_extra=0 DURR=0.0499 (dir=0.2494,res=-0.0000,hall=-0.0000) route_px=116 rescue_px=0 hall_px=0 FG/HBG/EBG=32/256/1280 fallback=0 rel=0.890/0.690/0.966 wmean=1.000 grad_preclip=33.48
[E46] batch=210/250 pseudo=4 loss=2.4211 seg=0.2063 semseg=0.1057 mard=2.0718 lambda=0.044144 box_extra=0 mask_extra=0 DURR=0.0251 (dir=0.1253,res=-0.0000,hall=-0.0000) route_px=182 rescue_px=0 hall_px=0 FG/HBG/EBG=32/256/1280 fallback=0 rel=0.956/0.955/0.959 wmean=1.000 grad_preclip=19.78
[E46] batch=220/250 pseudo=4 loss=2.8999 seg=0.2575 semseg=0.1470 mard=2.0798 lambda=0.043641 box_extra=0 mask_extra=0 DURR=0.0512 (dir=0.2558,res=-0.0000,hall=-0.0000) route_px=97 rescue_px=0 hall_px=0 FG/HBG/EBG=32/256/1280 fallback=0 rel=0.949/0.901/0.969 wmean=1.000 grad_preclip=26.21
[E46] batch=230/250 pseudo=4 loss=4.7571 seg=0.3282 semseg=0.2739 mard=2.0357 lambda=0.041113 box_extra=0 mask_extra=0 DURR=0.0569 (dir=0.2847,res=-0.0000,hall=-0.0000) route_px=422 rescue_px=0 hall_px=0 FG/HBG/EBG=32/256/1280 fallback=0 rel=0.936/0.908/0.969 wmean=1.000 grad_preclip=23.60
[E46] batch=240/250 pseudo=4 loss=2.9830 seg=0.2289 semseg=0.1214 mard=1.9915 lambda=0.042741 box_extra=0 mask_extra=0 DURR=0.0235 (dir=0.1174,res=-0.0000,hall=-0.0000) route_px=217 rescue_px=0 hall_px=0 FG/HBG/EBG=32/256/1280 fallback=0 rel=0.945/0.942/0.951 wmean=1.000 grad_preclip=26.74
[E46] batch=250/250 pseudo=4 loss=6.5787 seg=0.6236 semseg=0.2975 mard=1.9831 lambda=0.030188 box_extra=0 mask_extra=0 DURR=0.0295 (dir=0.1476,res=-0.0000,hall=-0.0000) route_px=494 rescue_px=0 hall_px=0 FG/HBG/EBG=32/256/1280 fallback=0 rel=0.867/0.767/0.954 wmean=1.000 grad_preclip=37.17

[Epoch 46] DONE time=77.4s valid=250 skipped=0 pseudo=1026 anchors=988 box_extra=53 mask_extra=38 reject_rel=15 DURR=0.0571 (dir=0.1303,res=0.0187,hall=0.1086) empty=46 rescue=12/12 hall_trigger=10 loss=6.7359 seg=0.5037 semseg=0.4626 mard=2.0317 lambda_avg=0.038255 FG/HBG/EBG=32.8/254.0/1211.4 rel=0.918/0.590/0.978 wmean=1.000
[E47] batch=001/250 pseudo=4 loss=3.3187 seg=0.3061 semseg=0.1488 mard=1.9899 lambda=0.041743 box_extra=0 mask_extra=0 DURR=0.0215 (dir=0.1073,res=-0.0000,hall=-0.0000) route_px=412 rescue_px=0 hall_px=0 FG/HBG/EBG=32/256/1280 fallback=0 rel=0.945/0.899/0.964 wmean=1.000 grad_preclip=24.07
[E47] batch=010/250 pseudo=4 loss=5.1522 seg=0.4876 semseg=0.1641 mard=1.9838 lambda=0.041961 box_extra=1 mask_extra=1 DURR=0.1741 (dir=0.2108,res=0.2638,hall=-0.0000) route_px=46 rescue_px=142 hall_px=0 FG/HBG/EBG=32/256/1280 fallback=0 rel=0.937/0.892/0.956 wmean=1.000 grad_preclip=29.52
[E47] batch=020/250 pseudo=4 loss=5.7198 seg=0.4092 semseg=0.2889 mard=2.0250 lambda=0.037838 box_extra=0 mask_extra=0 DURR=0.0220 (dir=0.1098,res=-0.0000,hall=-0.0000) route_px=386 rescue_px=0 hall_px=0 FG/HBG/EBG=32/256/1280 fallback=0 rel=0.917/0.792/0.965 wmean=1.000 grad_preclip=35.38
[E47] batch=030/250 pseudo=3 loss=9.4958 seg=0.6662 semseg=1.2963 mard=2.0658 lambda=0.044174 box_extra=0 mask_extra=0 DURR=0.0154 (dir=0.0772,res=-0.0000,hall=-0.0000) route_px=188 rescue_px=0 hall_px=0 FG/HBG/EBG=24/192/960 fallback=0 rel=0.957/0.950/0.967 wmean=1.000 grad_preclip=79.26
[E47] batch=040/250 pseudo=4 loss=7.9564 seg=0.5754 semseg=0.5678 mard=2.0075 lambda=0.025521 box_extra=0 mask_extra=0 DURR=0.0265 (dir=0.1324,res=-0.0000,hall=-0.0000) route_px=275 rescue_px=0 hall_px=0 FG/HBG/EBG=32/256/1280 fallback=0 rel=0.844/0.720/0.960 wmean=1.000 grad_preclip=54.44
[E47] batch=050/250 pseudo=4 loss=11.0463 seg=1.3359 semseg=1.4154 mard=2.0519 lambda=0.030982 box_extra=0 mask_extra=0 DURR=0.0202 (dir=0.1012,res=-0.0000,hall=-0.0000) route_px=471 rescue_px=0 hall_px=0 FG/HBG/EBG=32/192/960 fallback=0 rel=0.872/0.702/0.941 wmean=1.000 grad_preclip=133.85
[E47] batch=060/250 pseudo=4 loss=2.6084 seg=0.2054 semseg=0.0934 mard=2.0524 lambda=0.042996 box_extra=0 mask_extra=0 DURR=0.0269 (dir=0.1344,res=-0.0000,hall=-0.0000) route_px=125 rescue_px=0 hall_px=0 FG/HBG/EBG=32/256/1280 fallback=0 rel=0.946/0.902/0.964 wmean=1.000 grad_preclip=22.41
[E47] batch=070/250 pseudo=5 loss=22.0488 seg=1.0273 semseg=2.1489 mard=2.0209 lambda=0.024777 box_extra=1 mask_extra=1 DURR=0.0254 (dir=0.1272,res=-0.0000,hall=-0.0000) route_px=634 rescue_px=0 hall_px=0 FG/HBG/EBG=40/320/1216 fallback=0 rel=0.845/0.699/0.922 wmean=1.000 grad_preclip=74.76
[E47] batch=080/250 pseudo=4 loss=4.3341 seg=0.3557 semseg=0.1612 mard=2.0184 lambda=0.039703 box_extra=0 mask_extra=0 DURR=0.0300 (dir=0.1502,res=-0.0000,hall=-0.0000) route_px=247 rescue_px=0 hall_px=0 FG/HBG/EBG=32/256/1280 fallback=0 rel=0.929/0.836/0.962 wmean=1.000 grad_preclip=36.36
[E47] batch=090/250 pseudo=4 loss=9.1717 seg=1.1392 semseg=0.4148 mard=1.9734 lambda=0.033628 box_extra=0 mask_extra=0 DURR=0.0456 (dir=0.2280,res=-0.0000,hall=-0.0000) route_px=545 rescue_px=0 hall_px=0 FG/HBG/EBG=32/256/1280 fallback=0 rel=0.886/0.726/0.966 wmean=1.000 grad_preclip=37.78
[E47] batch=100/250 pseudo=5 loss=5.9687 seg=0.5031 semseg=0.2722 mard=1.9872 lambda=0.026489 box_extra=1 mask_extra=1 DURR=0.0338 (dir=0.1689,res=-0.0000,hall=-0.0000) route_px=344 rescue_px=0 hall_px=0 FG/HBG/EBG=40/320/1216 fallback=0 rel=0.851/0.746/0.961 wmean=1.000 grad_preclip=35.99
[E47] batch=110/250 pseudo=4 loss=5.8364 seg=0.6686 semseg=0.1969 mard=1.9925 lambda=0.043464 box_extra=0 mask_extra=0 DURR=0.0387 (dir=0.1933,res=-0.0000,hall=-0.0000) route_px=227 rescue_px=0 hall_px=0 FG/HBG/EBG=32/256/1280 fallback=0 rel=0.951/0.936/0.960 wmean=1.000 grad_preclip=31.23
[E47] batch=120/250 pseudo=4 loss=17.5313 seg=1.5393 semseg=1.4628 mard=2.0868 lambda=0.032319 box_extra=0 mask_extra=0 DURR=0.0211 (dir=0.1056,res=-0.0000,hall=-0.0000) route_px=473 rescue_px=0 hall_px=0 FG/HBG/EBG=32/256/1280 fallback=0 rel=0.888/0.767/0.961 wmean=1.000 grad_preclip=150.41
[E47] batch=130/250 pseudo=4 loss=12.4967 seg=1.1456 semseg=0.6654 mard=2.0698 lambda=0.044397 box_extra=0 mask_extra=0 DURR=0.0265 (dir=0.1325,res=-0.0000,hall=-0.0000) route_px=82 rescue_px=0 hall_px=0 FG/HBG/EBG=32/256/1280 fallback=0 rel=0.956/0.945/0.964 wmean=1.000 grad_preclip=38.40
[E47] batch=140/250 pseudo=4 loss=12.7284 seg=0.8317 semseg=0.6683 mard=2.0614 lambda=0.035246 box_extra=0 mask_extra=0 DURR=0.0201 (dir=0.1005,res=-0.0000,hall=-0.0000) route_px=459 rescue_px=0 hall_px=0 FG/HBG/EBG=32/256/1280 fallback=0 rel=0.898/0.817/0.957 wmean=1.000 grad_preclip=76.49
[E47] batch=150/250 pseudo=5 loss=6.6940 seg=0.3251 semseg=0.1531 mard=2.0445 lambda=0.036094 box_extra=0 mask_extra=0 DURR=0.0174 (dir=0.0869,res=-0.0000,hall=-0.0000) route_px=200 rescue_px=0 hall_px=0 FG/HBG/EBG=40/256/1280 fallback=0 rel=0.910/0.848/0.961 wmean=1.000 grad_preclip=22.48
[E47] batch=160/250 pseudo=4 loss=5.9651 seg=0.8834 semseg=0.2196 mard=2.0511 lambda=0.043445 box_extra=0 mask_extra=0 DURR=0.6865 (dir=0.1509,res=-0.0000,hall=3.2813) route_px=358 rescue_px=0 hall_px=278 FG/HBG/EBG=32/256/896 fallback=0 rel=0.944/0.914/0.973 wmean=1.000 grad_preclip=50.95
[E47] batch=170/250 pseudo=4 loss=3.0683 seg=0.2383 semseg=0.1274 mard=2.0395 lambda=0.045035 box_extra=0 mask_extra=0 DURR=0.0337 (dir=0.1685,res=-0.0000,hall=-0.0000) route_px=385 rescue_px=0 hall_px=0 FG/HBG/EBG=32/256/1280 fallback=0 rel=0.960/0.948/0.968 wmean=1.000 grad_preclip=29.93
[E47] batch=180/250 pseudo=6 loss=6.8453 seg=0.4995 semseg=0.3399 mard=2.0102 lambda=0.031239 box_extra=2 mask_extra=2 DURR=0.0196 (dir=0.0982,res=-0.0000,hall=-0.0000) route_px=143 rescue_px=0 hall_px=0 FG/HBG/EBG=48/384/1152 fallback=0 rel=0.877/0.784/0.962 wmean=1.000 grad_preclip=36.96
[E47] batch=190/250 pseudo=5 loss=3.2762 seg=0.3210 semseg=0.1360 mard=2.0354 lambda=0.037017 box_extra=0 mask_extra=0 DURR=0.0407 (dir=0.2033,res=-0.0000,hall=-0.0000) route_px=283 rescue_px=0 hall_px=0 FG/HBG/EBG=40/320/1216 fallback=0 rel=0.913/0.715/0.975 wmean=1.000 grad_preclip=22.30
[E47] batch=200/250 pseudo=4 loss=3.2277 seg=0.2784 semseg=0.1472 mard=2.0538 lambda=0.045377 box_extra=0 mask_extra=0 DURR=0.0340 (dir=0.1701,res=-0.0000,hall=-0.0000) route_px=215 rescue_px=0 hall_px=0 FG/HBG/EBG=32/256/1280 fallback=0 rel=0.963/0.956/0.968 wmean=1.000 grad_preclip=31.73
[E47] batch=210/250 pseudo=4 loss=12.7633 seg=1.5580 semseg=0.5190 mard=2.0011 lambda=0.039095 box_extra=0 mask_extra=0 DURR=0.0164 (dir=0.0822,res=-0.0000,hall=-0.0000) route_px=58 rescue_px=0 hall_px=0 FG/HBG/EBG=32/256/1280 fallback=0 rel=0.922/0.813/0.972 wmean=1.000 grad_preclip=57.69
[E47] batch=220/250 pseudo=4 loss=9.5036 seg=0.4008 semseg=1.0741 mard=2.0247 lambda=0.036752 box_extra=2 mask_extra=1 DURR=0.0166 (dir=0.0829,res=-0.0000,hall=-0.0000) route_px=412 rescue_px=0 hall_px=0 FG/HBG/EBG=32/256/1280 fallback=0 rel=0.911/0.789/0.974 wmean=1.000 grad_preclip=74.02
[E47] batch=230/250 pseudo=5 loss=14.4178 seg=0.4008 semseg=1.2558 mard=1.9970 lambda=0.030242 box_extra=1 mask_extra=1 DURR=0.0197 (dir=0.0986,res=-0.0000,hall=-0.0000) route_px=141 rescue_px=0 hall_px=0 FG/HBG/EBG=40/320/1216 fallback=0 rel=0.880/0.754/0.945 wmean=1.000 grad_preclip=58.86
[E47] batch=240/250 pseudo=4 loss=6.6350 seg=0.4342 semseg=0.3683 mard=2.0138 lambda=0.041244 box_extra=1 mask_extra=1 DURR=0.0696 (dir=0.1755,res=0.0690,hall=-0.0000) route_px=282 rescue_px=1005 hall_px=0 FG/HBG/EBG=32/256/1280 fallback=0 rel=0.936/0.918/0.963 wmean=1.000 grad_preclip=30.87
[E47] batch=250/250 pseudo=6 loss=13.0492 seg=0.7897 semseg=1.3991 mard=2.0071 lambda=0.035180 box_extra=0 mask_extra=0 DURR=0.0270 (dir=0.1350,res=-0.0000,hall=-0.0000) route_px=628 rescue_px=0 hall_px=0 FG/HBG/EBG=48/320/1216 fallback=0 rel=0.897/0.724/0.953 wmean=1.000 grad_preclip=52.26

[Epoch 47] DONE time=77.8s valid=250 skipped=0 pseudo=1038 anchors=999 box_extra=50 mask_extra=39 reject_rel=11 DURR=0.0541 (dir=0.1392,res=0.0095,hall=0.1075) empty=44 rescue=10/10 hall_trigger=10 loss=7.0278 seg=0.5206 semseg=0.4660 mard=2.0317 lambda_avg=0.038292 FG/HBG/EBG=33.2/255.7/1212.7 rel=0.918/0.682/0.976 wmean=1.000
[E48] batch=001/250 pseudo=4 loss=9.8231 seg=0.8031 semseg=0.5277 mard=2.0605 lambda=0.033572 box_extra=1 mask_extra=1 DURR=0.0192 (dir=0.0961,res=-0.0000,hall=-0.0000) route_px=266 rescue_px=0 hall_px=0 FG/HBG/EBG=32/256/1280 fallback=0 rel=0.897/0.827/0.961 wmean=1.000 grad_preclip=39.02
[E48] batch=010/250 pseudo=4 loss=9.7297 seg=0.6750 semseg=0.6423 mard=2.0676 lambda=0.041070 box_extra=0 mask_extra=0 DURR=0.0326 (dir=0.1630,res=-0.0000,hall=-0.0000) route_px=221 rescue_px=0 hall_px=0 FG/HBG/EBG=32/256/1280 fallback=0 rel=0.932/0.857/0.975 wmean=1.000 grad_preclip=39.66
[E48] batch=020/250 pseudo=5 loss=19.2985 seg=1.4606 semseg=0.9390 mard=2.0386 lambda=0.033645 box_extra=0 mask_extra=0 DURR=0.0279 (dir=0.1394,res=-0.0000,hall=-0.0000) route_px=469 rescue_px=0 hall_px=0 FG/HBG/EBG=40/256/1280 fallback=0 rel=0.890/0.766/0.946 wmean=1.000 grad_preclip=98.03
[E48] batch=030/250 pseudo=4 loss=6.1001 seg=0.4222 semseg=0.3934 mard=2.0564 lambda=0.043246 box_extra=0 mask_extra=0 DURR=0.0172 (dir=0.0862,res=-0.0000,hall=-0.0000) route_px=558 rescue_px=0 hall_px=0 FG/HBG/EBG=32/256/1280 fallback=0 rel=0.948/0.914/0.965 wmean=1.000 grad_preclip=49.45
[E48] batch=040/250 pseudo=5 loss=8.0132 seg=0.4858 semseg=0.4722 mard=2.0439 lambda=0.037301 box_extra=0 mask_extra=0 DURR=0.0200 (dir=0.1001,res=-0.0000,hall=-0.0000) route_px=567 rescue_px=0 hall_px=0 FG/HBG/EBG=40/320/1216 fallback=0 rel=0.918/0.791/0.961 wmean=1.000 grad_preclip=24.32
[E48] batch=050/250 pseudo=4 loss=7.8809 seg=0.5086 semseg=0.7585 mard=2.0339 lambda=0.043282 box_extra=0 mask_extra=0 DURR=0.0314 (dir=0.1571,res=-0.0000,hall=-0.0000) route_px=467 rescue_px=0 hall_px=0 FG/HBG/EBG=32/256/1280 fallback=0 rel=0.948/0.919/0.964 wmean=1.000 grad_preclip=33.99
[E48] batch=060/250 pseudo=4 loss=3.7072 seg=0.3284 semseg=0.1469 mard=2.0328 lambda=0.045088 box_extra=0 mask_extra=0 DURR=0.0264 (dir=0.1321,res=-0.0000,hall=-0.0000) route_px=346 rescue_px=0 hall_px=0 FG/HBG/EBG=32/256/1280 fallback=0 rel=0.957/0.942/0.974 wmean=1.000 grad_preclip=24.35
[E48] batch=070/250 pseudo=3 loss=9.7695 seg=1.0694 semseg=1.1323 mard=2.0663 lambda=0.038529 box_extra=1 mask_extra=1 DURR=0.0297 (dir=0.1487,res=-0.0000,hall=-0.0000) route_px=162 rescue_px=0 hall_px=0 FG/HBG/EBG=24/192/960 fallback=0 rel=0.920/0.822/0.971 wmean=1.000 grad_preclip=48.58
[E48] batch=080/250 pseudo=4 loss=3.1953 seg=0.2119 semseg=0.1604 mard=2.0349 lambda=0.037828 box_extra=1 mask_extra=1 DURR=0.1091 (dir=0.2319,res=0.1254,hall=-0.0000) route_px=82 rescue_px=962 hall_px=0 FG/HBG/EBG=32/256/1280 fallback=0 rel=0.924/0.886/0.971 wmean=1.000 grad_preclip=24.80
[E48] batch=090/250 pseudo=4 loss=4.9254 seg=0.2352 semseg=0.3153 mard=2.0070 lambda=0.043768 box_extra=0 mask_extra=0 DURR=0.0319 (dir=0.1594,res=-0.0000,hall=-0.0000) route_px=285 rescue_px=0 hall_px=0 FG/HBG/EBG=32/256/1280 fallback=0 rel=0.953/0.939/0.971 wmean=1.000 grad_preclip=25.31
[E48] batch=100/250 pseudo=3 loss=10.1607 seg=0.6612 semseg=0.7544 mard=1.9687 lambda=0.021530 box_extra=2 mask_extra=1 DURR=0.4892 (dir=0.1037,res=-0.0000,hall=2.3424) route_px=190 rescue_px=0 hall_px=88 FG/HBG/EBG=24/192/960 fallback=0 rel=0.821/0.790/0.879 wmean=1.000 grad_preclip=60.49
[E48] batch=110/250 pseudo=4 loss=7.6932 seg=0.7630 semseg=0.3376 mard=2.0589 lambda=0.044069 box_extra=0 mask_extra=0 DURR=0.0222 (dir=0.1110,res=-0.0000,hall=-0.0000) route_px=348 rescue_px=0 hall_px=0 FG/HBG/EBG=32/256/1280 fallback=0 rel=0.952/0.937/0.963 wmean=1.000 grad_preclip=47.53
[E48] batch=120/250 pseudo=5 loss=5.9465 seg=0.6132 semseg=0.2417 mard=2.0061 lambda=0.043160 box_extra=0 mask_extra=0 DURR=0.0186 (dir=0.0932,res=-0.0000,hall=-0.0000) route_px=428 rescue_px=0 hall_px=0 FG/HBG/EBG=40/320/1216 fallback=0 rel=0.939/0.914/0.951 wmean=1.000 grad_preclip=37.40
[E48] batch=130/250 pseudo=4 loss=9.1132 seg=0.8653 semseg=0.3691 mard=2.0480 lambda=0.038954 box_extra=1 mask_extra=1 DURR=0.0390 (dir=0.1949,res=-0.0000,hall=-0.0000) route_px=315 rescue_px=0 hall_px=0 FG/HBG/EBG=32/256/1280 fallback=0 rel=0.920/0.833/0.956 wmean=1.000 grad_preclip=35.83
[E48] batch=140/250 pseudo=2 loss=2.2829 seg=0.2068 semseg=0.2535 mard=2.1276 lambda=0.043089 box_extra=1 mask_extra=0 DURR=0.0139 (dir=0.0694,res=-0.0000,hall=-0.0000) route_px=285 rescue_px=0 hall_px=0 FG/HBG/EBG=16/128/640 fallback=0 rel=0.952/0.941/0.962 wmean=1.000 grad_preclip=21.74
[E48] batch=150/250 pseudo=3 loss=4.7873 seg=0.3835 semseg=0.4729 mard=2.0813 lambda=0.041420 box_extra=0 mask_extra=0 DURR=0.0561 (dir=0.2807,res=-0.0000,hall=-0.0000) route_px=522 rescue_px=0 hall_px=0 FG/HBG/EBG=24/192/960 fallback=0 rel=0.936/0.874/0.972 wmean=1.000 grad_preclip=21.97
[E48] batch=160/250 pseudo=4 loss=12.8958 seg=1.2635 semseg=0.7549 mard=2.0065 lambda=0.038351 box_extra=0 mask_extra=0 DURR=0.0577 (dir=0.2883,res=-0.0000,hall=-0.0000) route_px=600 rescue_px=0 hall_px=0 FG/HBG/EBG=32/256/1280 fallback=0 rel=0.905/0.795/0.963 wmean=1.000 grad_preclip=56.54
[E48] batch=170/250 pseudo=4 loss=4.0672 seg=0.3290 semseg=0.1900 mard=2.0028 lambda=0.042602 box_extra=0 mask_extra=0 DURR=0.0233 (dir=0.1165,res=-0.0000,hall=-0.0000) route_px=571 rescue_px=0 hall_px=0 FG/HBG/EBG=32/256/1280 fallback=0 rel=0.948/0.894/0.971 wmean=1.000 grad_preclip=33.64
[E48] batch=180/250 pseudo=4 loss=6.0471 seg=0.4523 semseg=0.4866 mard=2.0483 lambda=0.039429 box_extra=0 mask_extra=0 DURR=0.0247 (dir=0.1233,res=-0.0000,hall=-0.0000) route_px=461 rescue_px=0 hall_px=0 FG/HBG/EBG=32/256/1280 fallback=0 rel=0.929/0.865/0.963 wmean=1.000 grad_preclip=36.11
[E48] batch=190/250 pseudo=4 loss=3.1836 seg=0.2114 semseg=0.0811 mard=2.0532 lambda=0.038398 box_extra=0 mask_extra=0 DURR=0.0266 (dir=0.1332,res=-0.0000,hall=-0.0000) route_px=211 rescue_px=0 hall_px=0 FG/HBG/EBG=32/256/1280 fallback=0 rel=0.924/0.829/0.965 wmean=1.000 grad_preclip=27.12
[E48] batch=200/250 pseudo=4 loss=6.1589 seg=0.5471 semseg=0.2209 mard=2.0444 lambda=0.041402 box_extra=0 mask_extra=0 DURR=0.0318 (dir=0.1590,res=-0.0000,hall=-0.0000) route_px=212 rescue_px=0 hall_px=0 FG/HBG/EBG=32/256/1280 fallback=0 rel=0.935/0.915/0.946 wmean=1.000 grad_preclip=59.73
[E48] batch=210/250 pseudo=4 loss=5.4194 seg=0.4006 semseg=0.2323 mard=2.0385 lambda=0.041892 box_extra=0 mask_extra=0 DURR=0.0298 (dir=0.1492,res=-0.0000,hall=-0.0000) route_px=318 rescue_px=0 hall_px=0 FG/HBG/EBG=32/256/1280 fallback=0 rel=0.943/0.898/0.962 wmean=1.000 grad_preclip=41.68
[E48] batch=220/250 pseudo=4 loss=7.3084 seg=0.6059 semseg=0.3412 mard=2.1082 lambda=0.038565 box_extra=0 mask_extra=0 DURR=0.0315 (dir=0.1573,res=-0.0000,hall=-0.0000) route_px=333 rescue_px=0 hall_px=0 FG/HBG/EBG=32/256/1280 fallback=0 rel=0.918/0.820/0.966 wmean=1.000 grad_preclip=52.73
[E48] batch=230/250 pseudo=5 loss=3.0934 seg=0.2628 semseg=0.1193 mard=2.0458 lambda=0.043573 box_extra=0 mask_extra=0 DURR=0.0406 (dir=0.2030,res=-0.0000,hall=-0.0000) route_px=227 rescue_px=0 hall_px=0 FG/HBG/EBG=40/320/1216 fallback=0 rel=0.950/0.934/0.966 wmean=1.000 grad_preclip=19.29
[E48] batch=240/250 pseudo=7 loss=5.6180 seg=0.5402 semseg=0.1401 mard=2.0541 lambda=0.028460 box_extra=1 mask_extra=1 DURR=0.0230 (dir=0.1148,res=-0.0000,hall=-0.0000) route_px=149 rescue_px=0 hall_px=0 FG/HBG/EBG=56/256/1280 fallback=0 rel=0.859/0.748/0.955 wmean=1.000 grad_preclip=21.94
[E48] batch=250/250 pseudo=4 loss=3.2405 seg=0.2933 semseg=0.0894 mard=2.0621 lambda=0.041030 box_extra=0 mask_extra=0 DURR=0.0310 (dir=0.1548,res=-0.0000,hall=-0.0000) route_px=73 rescue_px=0 hall_px=0 FG/HBG/EBG=32/256/1280 fallback=0 rel=0.937/0.855/0.969 wmean=1.000 grad_preclip=30.65

[Epoch 48] DONE time=77.6s valid=250 skipped=0 pseudo=1030 anchors=989 box_extra=56 mask_extra=41 reject_rel=15 DURR=0.0586 (dir=0.1378,res=0.0101,hall=0.1299) empty=45 rescue=10/10 hall_trigger=11 loss=6.6264 seg=0.5152 semseg=0.4181 mard=2.0298 lambda_avg=0.038861 FG/HBG/EBG=33.0/254.2/1212.7 rel=0.922/0.693/0.976 wmean=1.000
[E49] batch=001/250 pseudo=5 loss=6.2547 seg=0.4194 semseg=0.2508 mard=2.0453 lambda=0.032385 box_extra=0 mask_extra=0 DURR=0.0120 (dir=0.0600,res=-0.0000,hall=-0.0000) route_px=553 rescue_px=0 hall_px=0 FG/HBG/EBG=40/256/1280 fallback=0 rel=0.881/0.787/0.973 wmean=1.000 grad_preclip=36.88
[E49] batch=010/250 pseudo=4 loss=3.2990 seg=0.2673 semseg=0.1276 mard=2.0389 lambda=0.044725 box_extra=0 mask_extra=0 DURR=0.0177 (dir=0.0887,res=-0.0000,hall=-0.0000) route_px=202 rescue_px=0 hall_px=0 FG/HBG/EBG=32/256/1280 fallback=0 rel=0.958/0.946/0.967 wmean=1.000 grad_preclip=26.21
[E49] batch=020/250 pseudo=4 loss=3.8468 seg=0.3736 semseg=0.1326 mard=2.0771 lambda=0.044189 box_extra=1 mask_extra=0 DURR=0.0478 (dir=0.2389,res=-0.0000,hall=-0.0000) route_px=291 rescue_px=0 hall_px=0 FG/HBG/EBG=32/256/1280 fallback=0 rel=0.955/0.943/0.971 wmean=1.000 grad_preclip=25.53
[E49] batch=030/250 pseudo=4 loss=5.0439 seg=0.4873 semseg=0.3308 mard=2.0723 lambda=0.045111 box_extra=0 mask_extra=0 DURR=0.0094 (dir=0.0470,res=-0.0000,hall=-0.0000) route_px=434 rescue_px=0 hall_px=0 FG/HBG/EBG=32/256/1280 fallback=0 rel=0.961/0.955/0.968 wmean=1.000 grad_preclip=26.05
[E49] batch=040/250 pseudo=3 loss=3.1190 seg=0.2351 semseg=0.1350 mard=2.0364 lambda=0.039621 box_extra=0 mask_extra=0 DURR=0.0161 (dir=0.0804,res=-0.0000,hall=-0.0000) route_px=77 rescue_px=0 hall_px=0 FG/HBG/EBG=24/192/960 fallback=0 rel=0.932/0.871/0.963 wmean=1.000 grad_preclip=21.90
[E49] batch=050/250 pseudo=5 loss=10.9898 seg=0.6842 semseg=1.1748 mard=1.9650 lambda=0.034185 box_extra=0 mask_extra=0 DURR=0.0364 (dir=0.1819,res=-0.0000,hall=-0.0000) route_px=615 rescue_px=0 hall_px=0 FG/HBG/EBG=40/320/1216 fallback=0 rel=0.888/0.737/0.963 wmean=1.000 grad_preclip=34.34
[E49] batch=060/250 pseudo=4 loss=6.0457 seg=0.3556 semseg=0.3435 mard=2.0395 lambda=0.044611 box_extra=0 mask_extra=0 DURR=0.0209 (dir=0.1046,res=-0.0000,hall=-0.0000) route_px=652 rescue_px=0 hall_px=0 FG/HBG/EBG=32/256/1280 fallback=0 rel=0.955/0.936/0.970 wmean=1.000 grad_preclip=32.36
[E49] batch=070/250 pseudo=3 loss=4.9830 seg=0.4018 semseg=0.3581 mard=1.9702 lambda=0.039341 box_extra=0 mask_extra=0 DURR=0.9016 (dir=0.1169,res=-0.0000,hall=4.3913) route_px=149 rescue_px=0 hall_px=255 FG/HBG/EBG=24/192/960 fallback=0 rel=0.929/0.859/0.966 wmean=1.000 grad_preclip=28.57
[E49] batch=080/250 pseudo=4 loss=7.2488 seg=0.3161 semseg=0.5269 mard=1.9773 lambda=0.034083 box_extra=0 mask_extra=0 DURR=0.0257 (dir=0.1286,res=-0.0000,hall=-0.0000) route_px=297 rescue_px=0 hall_px=0 FG/HBG/EBG=32/256/1280 fallback=0 rel=0.892/0.783/0.943 wmean=1.000 grad_preclip=45.14
[E49] batch=090/250 pseudo=4 loss=3.7590 seg=0.3560 semseg=0.1481 mard=2.0023 lambda=0.045187 box_extra=0 mask_extra=0 DURR=0.0312 (dir=0.1562,res=-0.0000,hall=-0.0000) route_px=186 rescue_px=0 hall_px=0 FG/HBG/EBG=32/256/1280 fallback=0 rel=0.960/0.953/0.967 wmean=1.000 grad_preclip=20.75
[E49] batch=100/250 pseudo=4 loss=5.4928 seg=0.5579 semseg=0.1990 mard=2.0580 lambda=0.039838 box_extra=0 mask_extra=0 DURR=0.0276 (dir=0.1379,res=-0.0000,hall=-0.0000) route_px=618 rescue_px=0 hall_px=0 FG/HBG/EBG=32/256/1280 fallback=0 rel=0.931/0.851/0.967 wmean=1.000 grad_preclip=25.29
[E49] batch=110/250 pseudo=3 loss=9.9929 seg=0.4224 semseg=1.6476 mard=2.0780 lambda=0.036007 box_extra=1 mask_extra=0 DURR=0.0227 (dir=0.1133,res=-0.0000,hall=-0.0000) route_px=466 rescue_px=0 hall_px=0 FG/HBG/EBG=24/192/960 fallback=0 rel=0.903/0.859/0.947 wmean=1.000 grad_preclip=50.96
[E49] batch=120/250 pseudo=4 loss=4.7835 seg=0.4008 semseg=0.1642 mard=1.9875 lambda=0.044175 box_extra=0 mask_extra=0 DURR=0.0518 (dir=0.2592,res=-0.0000,hall=-0.0000) route_px=235 rescue_px=0 hall_px=0 FG/HBG/EBG=32/256/1280 fallback=0 rel=0.951/0.941/0.964 wmean=1.000 grad_preclip=33.60
[E49] batch=130/250 pseudo=6 loss=7.3849 seg=0.3325 semseg=0.8224 mard=1.9969 lambda=0.036718 box_extra=0 mask_extra=0 DURR=0.0373 (dir=0.1863,res=-0.0000,hall=-0.0000) route_px=439 rescue_px=0 hall_px=0 FG/HBG/EBG=48/256/1280 fallback=0 rel=0.912/0.801/0.956 wmean=1.000 grad_preclip=31.71
[E49] batch=140/250 pseudo=3 loss=1.4307 seg=0.1865 semseg=0.0744 mard=2.0819 lambda=0.045904 box_extra=0 mask_extra=0 DURR=0.0460 (dir=0.2302,res=-0.0000,hall=-0.0000) route_px=86 rescue_px=0 hall_px=0 FG/HBG/EBG=24/192/960 fallback=0 rel=0.965/0.962/0.968 wmean=1.000 grad_preclip=19.00
[E49] batch=150/250 pseudo=4 loss=2.2976 seg=0.2224 semseg=0.0916 mard=2.0479 lambda=0.042524 box_extra=0 mask_extra=0 DURR=0.0286 (dir=0.1430,res=-0.0000,hall=-0.0000) route_px=203 rescue_px=0 hall_px=0 FG/HBG/EBG=32/192/960 fallback=0 rel=0.943/0.922/0.958 wmean=1.000 grad_preclip=28.67
[E49] batch=160/250 pseudo=4 loss=5.6338 seg=0.4220 semseg=0.1916 mard=2.0404 lambda=0.044185 box_extra=0 mask_extra=0 DURR=0.0191 (dir=0.0953,res=-0.0000,hall=-0.0000) route_px=166 rescue_px=0 hall_px=0 FG/HBG/EBG=32/256/1280 fallback=0 rel=0.954/0.940/0.962 wmean=1.000 grad_preclip=36.88
[E49] batch=170/250 pseudo=4 loss=3.7408 seg=0.3746 semseg=0.1597 mard=1.9546 lambda=0.042681 box_extra=0 mask_extra=0 DURR=0.0199 (dir=0.0996,res=-0.0000,hall=-0.0000) route_px=308 rescue_px=0 hall_px=0 FG/HBG/EBG=32/256/1280 fallback=0 rel=0.942/0.924/0.957 wmean=1.000 grad_preclip=24.58
[E49] batch=180/250 pseudo=4 loss=4.1752 seg=0.3224 semseg=0.1707 mard=2.0015 lambda=0.042424 box_extra=0 mask_extra=0 DURR=0.0349 (dir=0.1745,res=-0.0000,hall=-0.0000) route_px=159 rescue_px=0 hall_px=0 FG/HBG/EBG=32/256/1280 fallback=0 rel=0.941/0.908/0.969 wmean=1.000 grad_preclip=17.38
[E49] batch=190/250 pseudo=4 loss=8.1596 seg=0.4585 semseg=0.4623 mard=2.0778 lambda=0.034240 box_extra=0 mask_extra=0 DURR=0.0180 (dir=0.0900,res=-0.0000,hall=-0.0000) route_px=462 rescue_px=0 hall_px=0 FG/HBG/EBG=32/256/1280 fallback=0 rel=0.894/0.731/0.962 wmean=1.000 grad_preclip=37.43
[E49] batch=200/250 pseudo=4 loss=4.2649 seg=0.2838 semseg=0.2211 mard=2.0578 lambda=0.033220 box_extra=0 mask_extra=0 DURR=0.0273 (dir=0.1367,res=-0.0000,hall=-0.0000) route_px=364 rescue_px=0 hall_px=0 FG/HBG/EBG=32/256/1280 fallback=0 rel=0.892/0.701/0.962 wmean=1.000 grad_preclip=26.83
[E49] batch=210/250 pseudo=3 loss=1.6059 seg=0.1505 semseg=0.0870 mard=2.1005 lambda=0.045315 box_extra=0 mask_extra=0 DURR=0.0233 (dir=0.1164,res=-0.0000,hall=-0.0000) route_px=19 rescue_px=0 hall_px=0 FG/HBG/EBG=24/192/960 fallback=0 rel=0.964/0.958/0.968 wmean=1.000 grad_preclip=23.40
[E49] batch=220/250 pseudo=4 loss=9.2567 seg=0.4341 semseg=0.7832 mard=2.0761 lambda=0.034358 box_extra=0 mask_extra=0 DURR=0.0321 (dir=0.1607,res=-0.0000,hall=-0.0000) route_px=561 rescue_px=0 hall_px=0 FG/HBG/EBG=32/256/1280 fallback=0 rel=0.897/0.792/0.963 wmean=1.000 grad_preclip=49.54
[E49] batch=230/250 pseudo=4 loss=4.6338 seg=0.2545 semseg=0.2613 mard=1.9991 lambda=0.043635 box_extra=0 mask_extra=0 DURR=0.0119 (dir=0.0597,res=-0.0000,hall=-0.0000) route_px=395 rescue_px=0 hall_px=0 FG/HBG/EBG=32/256/1280 fallback=0 rel=0.954/0.936/0.967 wmean=1.000 grad_preclip=24.02
[E49] batch=240/250 pseudo=4 loss=6.6672 seg=0.4994 semseg=0.2462 mard=1.9995 lambda=0.041811 box_extra=0 mask_extra=0 DURR=0.0261 (dir=0.1305,res=-0.0000,hall=-0.0000) route_px=370 rescue_px=0 hall_px=0 FG/HBG/EBG=32/256/1280 fallback=0 rel=0.938/0.886/0.970 wmean=1.000 grad_preclip=40.60
[E49] batch=250/250 pseudo=4 loss=5.9344 seg=0.3033 semseg=0.2061 mard=1.9555 lambda=0.039413 box_extra=0 mask_extra=0 DURR=0.0495 (dir=0.2476,res=-0.0000,hall=-0.0000) route_px=113 rescue_px=0 hall_px=0 FG/HBG/EBG=32/256/1280 fallback=0 rel=0.930/0.859/0.963 wmean=1.000 grad_preclip=28.64

[Epoch 49] DONE time=77.4s valid=250 skipped=0 pseudo=1027 anchors=994 box_extra=52 mask_extra=33 reject_rel=19 DURR=0.0563 (dir=0.1340,res=0.0078,hall=0.1280) empty=48 rescue=10/10 hall_trigger=11 loss=6.7813 seg=0.5219 semseg=0.4497 mard=2.0303 lambda_avg=0.038335 FG/HBG/EBG=32.9/252.7/1209.6 rel=0.918/0.671/0.976 wmean=1.000
[E50] batch=001/250 pseudo=4 loss=4.5296 seg=0.3610 semseg=0.2329 mard=2.0556 lambda=0.037394 box_extra=0 mask_extra=0 DURR=0.0314 (dir=0.1569,res=-0.0000,hall=-0.0000) route_px=580 rescue_px=0 hall_px=0 FG/HBG/EBG=32/256/1280 fallback=0 rel=0.915/0.762/0.969 wmean=1.000 grad_preclip=27.52
[E50] batch=010/250 pseudo=4 loss=3.2958 seg=0.2930 semseg=0.1324 mard=2.0830 lambda=0.040308 box_extra=0 mask_extra=0 DURR=0.0184 (dir=0.0919,res=-0.0000,hall=-0.0000) route_px=422 rescue_px=0 hall_px=0 FG/HBG/EBG=32/256/1280 fallback=0 rel=0.934/0.855/0.966 wmean=1.000 grad_preclip=23.54
[E50] batch=020/250 pseudo=5 loss=5.5553 seg=0.4932 semseg=0.2489 mard=2.0199 lambda=0.030511 box_extra=1 mask_extra=0 DURR=0.0184 (dir=0.0919,res=-0.0000,hall=-0.0000) route_px=484 rescue_px=0 hall_px=0 FG/HBG/EBG=40/256/1280 fallback=0 rel=0.877/0.731/0.955 wmean=1.000 grad_preclip=27.19
[E50] batch=030/250 pseudo=4 loss=4.6826 seg=0.2946 semseg=0.1741 mard=1.9730 lambda=0.043027 box_extra=0 mask_extra=0 DURR=0.0422 (dir=0.2108,res=-0.0000,hall=-0.0000) route_px=132 rescue_px=0 hall_px=0 FG/HBG/EBG=32/256/1280 fallback=0 rel=0.949/0.926/0.964 wmean=1.000 grad_preclip=34.23
[E50] batch=040/250 pseudo=4 loss=12.1388 seg=1.7115 semseg=0.4823 mard=2.0032 lambda=0.033194 box_extra=1 mask_extra=1 DURR=0.0245 (dir=0.1224,res=-0.0000,hall=-0.0000) route_px=366 rescue_px=0 hall_px=0 FG/HBG/EBG=32/256/1280 fallback=0 rel=0.888/0.791/0.955 wmean=1.000 grad_preclip=43.29
[E50] batch=050/250 pseudo=5 loss=6.2464 seg=0.3895 semseg=0.3477 mard=2.0194 lambda=0.035290 box_extra=0 mask_extra=0 DURR=0.0166 (dir=0.0831,res=-0.0000,hall=-0.0000) route_px=453 rescue_px=0 hall_px=0 FG/HBG/EBG=40/256/1280 fallback=0 rel=0.901/0.776/0.961 wmean=1.000 grad_preclip=32.74
[E50] batch=060/250 pseudo=4 loss=3.2354 seg=0.2645 semseg=0.0746 mard=2.0478 lambda=0.044831 box_extra=0 mask_extra=0 DURR=0.0504 (dir=0.2521,res=-0.0000,hall=-0.0000) route_px=29 rescue_px=0 hall_px=0 FG/HBG/EBG=32/256/1280 fallback=0 rel=0.959/0.951/0.966 wmean=1.000 grad_preclip=50.78
[E50] batch=070/250 pseudo=3 loss=31.4575 seg=3.1014 semseg=5.0432 mard=2.0766 lambda=0.036296 box_extra=0 mask_extra=0 DURR=0.0163 (dir=0.0815,res=-0.0000,hall=-0.0000) route_px=590 rescue_px=0 hall_px=0 FG/HBG/EBG=24/192/960 fallback=0 rel=0.904/0.823/0.958 wmean=1.000 grad_preclip=65.22
[E50] batch=080/250 pseudo=4 loss=4.9065 seg=0.4772 semseg=0.1982 mard=2.0161 lambda=0.042894 box_extra=0 mask_extra=0 DURR=0.0278 (dir=0.1389,res=-0.0000,hall=-0.0000) route_px=557 rescue_px=0 hall_px=0 FG/HBG/EBG=32/256/1280 fallback=0 rel=0.941/0.934/0.959 wmean=1.000 grad_preclip=28.11
[E50] batch=090/250 pseudo=4 loss=3.4282 seg=0.2654 semseg=0.1917 mard=1.9819 lambda=0.044860 box_extra=0 mask_extra=0 DURR=0.0328 (dir=0.1641,res=-0.0000,hall=-0.0000) route_px=253 rescue_px=0 hall_px=0 FG/HBG/EBG=32/256/1280 fallback=0 rel=0.961/0.949/0.974 wmean=1.000 grad_preclip=35.21
[E50] batch=100/250 pseudo=4 loss=3.0272 seg=0.2897 semseg=0.1329 mard=1.9677 lambda=0.042532 box_extra=0 mask_extra=0 DURR=0.0377 (dir=0.1883,res=-0.0000,hall=-0.0000) route_px=147 rescue_px=0 hall_px=0 FG/HBG/EBG=32/256/1280 fallback=0 rel=0.941/0.916/0.959 wmean=1.000 grad_preclip=27.59
[E50] batch=110/250 pseudo=3 loss=3.7163 seg=0.4410 semseg=0.1323 mard=1.9793 lambda=0.042117 box_extra=0 mask_extra=0 DURR=0.6435 (dir=0.1746,res=-0.0000,hall=3.0428) route_px=152 rescue_px=0 hall_px=71 FG/HBG/EBG=24/192/960 fallback=0 rel=0.941/0.934/0.946 wmean=1.000 grad_preclip=26.88
[E50] batch=120/250 pseudo=4 loss=11.6564 seg=0.8919 semseg=0.5641 mard=2.0145 lambda=0.032955 box_extra=0 mask_extra=0 DURR=0.0293 (dir=0.1465,res=-0.0000,hall=-0.0000) route_px=381 rescue_px=0 hall_px=0 FG/HBG/EBG=32/256/1280 fallback=0 rel=0.890/0.712/0.954 wmean=1.000 grad_preclip=31.53
[E50] batch=130/250 pseudo=4 loss=7.7546 seg=0.5280 semseg=0.4420 mard=2.0538 lambda=0.042905 box_extra=0 mask_extra=0 DURR=0.0199 (dir=0.0995,res=-0.0000,hall=-0.0000) route_px=759 rescue_px=0 hall_px=0 FG/HBG/EBG=32/256/1280 fallback=0 rel=0.943/0.918/0.975 wmean=1.000 grad_preclip=30.63
[E50] batch=140/250 pseudo=5 loss=4.3626 seg=0.2301 semseg=0.1477 mard=2.0290 lambda=0.033421 box_extra=0 mask_extra=0 DURR=0.0150 (dir=0.0750,res=-0.0000,hall=-0.0000) route_px=369 rescue_px=0 hall_px=0 FG/HBG/EBG=40/256/1280 fallback=0 rel=0.896/0.713/0.970 wmean=1.000 grad_preclip=24.87
[E50] batch=150/250 pseudo=4 loss=6.4294 seg=0.5420 semseg=0.4996 mard=2.0897 lambda=0.043844 box_extra=0 mask_extra=0 DURR=0.0104 (dir=0.0518,res=-0.0000,hall=-0.0000) route_px=530 rescue_px=0 hall_px=0 FG/HBG/EBG=32/256/1280 fallback=0 rel=0.952/0.939/0.964 wmean=1.000 grad_preclip=33.53
[E50] batch=160/250 pseudo=4 loss=4.6633 seg=0.4433 semseg=0.1738 mard=2.1220 lambda=0.043569 box_extra=0 mask_extra=0 DURR=0.0337 (dir=0.1683,res=-0.0000,hall=-0.0000) route_px=94 rescue_px=0 hall_px=0 FG/HBG/EBG=32/256/1280 fallback=0 rel=0.952/0.942/0.966 wmean=1.000 grad_preclip=29.63
[E50] batch=170/250 pseudo=4 loss=6.7729 seg=0.4014 semseg=0.3437 mard=2.0023 lambda=0.042611 box_extra=0 mask_extra=0 DURR=0.0422 (dir=0.2108,res=-0.0000,hall=-0.0000) route_px=290 rescue_px=0 hall_px=0 FG/HBG/EBG=32/256/1280 fallback=0 rel=0.947/0.933/0.964 wmean=1.000 grad_preclip=46.38
[E50] batch=180/250 pseudo=3 loss=1.7619 seg=0.1891 semseg=0.0666 mard=2.0432 lambda=0.045233 box_extra=0 mask_extra=0 DURR=0.0489 (dir=0.2443,res=-0.0000,hall=-0.0000) route_px=178 rescue_px=0 hall_px=0 FG/HBG/EBG=24/192/960 fallback=0 rel=0.963/0.960/0.965 wmean=1.000 grad_preclip=19.74
[E50] batch=190/250 pseudo=4 loss=5.1958 seg=0.5573 semseg=0.2915 mard=2.0595 lambda=0.043894 box_extra=0 mask_extra=0 DURR=0.0172 (dir=0.0861,res=-0.0000,hall=-0.0000) route_px=484 rescue_px=0 hall_px=0 FG/HBG/EBG=32/256/1280 fallback=0 rel=0.954/0.934/0.968 wmean=1.000 grad_preclip=27.37
[E50] batch=200/250 pseudo=3 loss=3.1203 seg=0.3112 semseg=0.1379 mard=2.1028 lambda=0.042518 box_extra=0 mask_extra=0 DURR=0.5186 (dir=0.2621,res=-0.0000,hall=2.3307) route_px=47 rescue_px=0 hall_px=206 FG/HBG/EBG=24/192/960 fallback=0 rel=0.947/0.929/0.960 wmean=1.000 grad_preclip=47.38
[E50] batch=210/250 pseudo=5 loss=17.8625 seg=0.8726 semseg=1.3729 mard=2.0276 lambda=0.027018 box_extra=0 mask_extra=0 DURR=0.0203 (dir=0.1017,res=-0.0000,hall=-0.0000) route_px=454 rescue_px=0 hall_px=0 FG/HBG/EBG=40/320/1216 fallback=0 rel=0.851/0.774/0.896 wmean=1.000 grad_preclip=65.99
[E50] batch=220/250 pseudo=4 loss=3.9002 seg=0.3249 semseg=0.1744 mard=2.0486 lambda=0.043970 box_extra=0 mask_extra=0 DURR=0.0268 (dir=0.1341,res=-0.0000,hall=-0.0000) route_px=166 rescue_px=0 hall_px=0 FG/HBG/EBG=32/256/1280 fallback=0 rel=0.956/0.944/0.963 wmean=1.000 grad_preclip=34.01
[E50] batch=230/250 pseudo=5 loss=3.9773 seg=0.2550 semseg=0.1368 mard=1.9913 lambda=0.040950 box_extra=1 mask_extra=1 DURR=0.0458 (dir=0.2290,res=-0.0000,hall=-0.0000) route_px=221 rescue_px=0 hall_px=0 FG/HBG/EBG=40/320/1216 fallback=0 rel=0.939/0.884/0.967 wmean=1.000 grad_preclip=29.99
[E50] batch=240/250 pseudo=3 loss=7.6281 seg=0.5665 semseg=0.5585 mard=2.0973 lambda=0.039024 box_extra=0 mask_extra=0 DURR=0.0132 (dir=0.0660,res=-0.0000,hall=-0.0000) route_px=471 rescue_px=0 hall_px=0 FG/HBG/EBG=24/192/960 fallback=0 rel=0.925/0.878/0.973 wmean=1.000 grad_preclip=68.01
[E50] batch=250/250 pseudo=4 loss=2.5364 seg=0.2380 semseg=0.1001 mard=2.0369 lambda=0.037914 box_extra=0 mask_extra=0 DURR=0.0262 (dir=0.1312,res=-0.0000,hall=-0.0000) route_px=317 rescue_px=0 hall_px=0 FG/HBG/EBG=32/256/1280 fallback=0 rel=0.923/0.791/0.973 wmean=1.000 grad_preclip=21.50

[Epoch 50] DONE time=77.6s valid=250 skipped=0 pseudo=1020 anchors=984 box_extra=53 mask_extra=36 reject_rel=17 DURR=0.0524 (dir=0.1309,res=0.0083,hall=0.1102) empty=49 rescue=9/9 hall_trigger=11 loss=6.8516 seg=0.5052 semseg=0.4682 mard=2.0318 lambda_avg=0.038893 FG/HBG/EBG=32.6/252.2/1208.6 rel=0.921/0.688/0.976 wmean=1.000
[SAVE] /home/dang/MedRT-SFOD/runs/seg/dense_sfseg/kvasir_durr_v1_segmard_v2_60ep/checkpoints/dense_sfseg_epoch_50.pt
[E51] batch=001/250 pseudo=6 loss=6.2440 seg=0.5362 semseg=0.3357 mard=2.0741 lambda=0.034848 box_extra=0 mask_extra=0 DURR=0.0255 (dir=0.1274,res=-0.0000,hall=-0.0000) route_px=417 rescue_px=0 hall_px=0 FG/HBG/EBG=48/320/1216 fallback=0 rel=0.895/0.777/0.955 wmean=1.000 grad_preclip=27.44
[E51] batch=010/250 pseudo=4 loss=9.3965 seg=0.3948 semseg=0.8784 mard=2.0168 lambda=0.039298 box_extra=0 mask_extra=0 DURR=0.0239 (dir=0.1194,res=-0.0000,hall=-0.0000) route_px=602 rescue_px=0 hall_px=0 FG/HBG/EBG=32/256/1280 fallback=0 rel=0.931/0.863/0.970 wmean=1.000 grad_preclip=39.60
[E51] batch=020/250 pseudo=4 loss=2.6008 seg=0.2548 semseg=0.1107 mard=2.0726 lambda=0.034352 box_extra=0 mask_extra=0 DURR=0.0258 (dir=0.1291,res=-0.0000,hall=-0.0000) route_px=336 rescue_px=0 hall_px=0 FG/HBG/EBG=32/256/896 fallback=0 rel=0.898/0.714/0.964 wmean=1.000 grad_preclip=23.90
[E51] batch=030/250 pseudo=4 loss=3.5514 seg=0.2410 semseg=0.1847 mard=2.0843 lambda=0.039304 box_extra=0 mask_extra=0 DURR=0.0108 (dir=0.0539,res=-0.0000,hall=-0.0000) route_px=121 rescue_px=0 hall_px=0 FG/HBG/EBG=32/256/1280 fallback=0 rel=0.928/0.838/0.975 wmean=1.000 grad_preclip=41.13
[E51] batch=040/250 pseudo=4 loss=2.7187 seg=0.2757 semseg=0.1010 mard=2.0295 lambda=0.044249 box_extra=0 mask_extra=0 DURR=0.0585 (dir=0.2924,res=-0.0000,hall=-0.0000) route_px=155 rescue_px=0 hall_px=0 FG/HBG/EBG=32/256/1280 fallback=0 rel=0.954/0.944/0.973 wmean=1.000 grad_preclip=21.82
[E51] batch=050/250 pseudo=4 loss=5.2599 seg=0.3218 semseg=0.4469 mard=1.9886 lambda=0.041036 box_extra=0 mask_extra=0 DURR=0.0373 (dir=0.1863,res=-0.0000,hall=-0.0000) route_px=258 rescue_px=0 hall_px=0 FG/HBG/EBG=32/256/1280 fallback=0 rel=0.936/0.878/0.964 wmean=1.000 grad_preclip=28.85
[E51] batch=060/250 pseudo=4 loss=4.9381 seg=0.3797 semseg=0.1822 mard=2.0268 lambda=0.043491 box_extra=0 mask_extra=0 DURR=0.0167 (dir=0.0837,res=-0.0000,hall=-0.0000) route_px=53 rescue_px=0 hall_px=0 FG/HBG/EBG=32/256/1280 fallback=0 rel=0.952/0.929/0.969 wmean=1.000 grad_preclip=30.35
[E51] batch=070/250 pseudo=4 loss=17.2841 seg=0.9590 semseg=1.5736 mard=2.0725 lambda=0.033269 box_extra=0 mask_extra=0 DURR=0.0157 (dir=0.0783,res=-0.0000,hall=-0.0000) route_px=848 rescue_px=0 hall_px=0 FG/HBG/EBG=32/256/1280 fallback=0 rel=0.884/0.719/0.966 wmean=1.000 grad_preclip=70.83
[E51] batch=080/250 pseudo=4 loss=5.3916 seg=0.4288 semseg=0.1462 mard=1.9840 lambda=0.037968 box_extra=0 mask_extra=0 DURR=0.0260 (dir=0.1299,res=-0.0000,hall=-0.0000) route_px=359 rescue_px=0 hall_px=0 FG/HBG/EBG=32/256/1280 fallback=0 rel=0.918/0.828/0.958 wmean=1.000 grad_preclip=57.93
[E51] batch=090/250 pseudo=7 loss=3.6760 seg=0.2832 semseg=0.1464 mard=2.0043 lambda=0.043323 box_extra=0 mask_extra=0 DURR=0.0291 (dir=0.1456,res=-0.0000,hall=-0.0000) route_px=404 rescue_px=0 hall_px=0 FG/HBG/EBG=56/384/1152 fallback=0 rel=0.951/0.940/0.968 wmean=1.000 grad_preclip=19.35
[E51] batch=100/250 pseudo=4 loss=4.6787 seg=0.3984 semseg=0.2753 mard=2.0983 lambda=0.036398 box_extra=0 mask_extra=0 DURR=0.0156 (dir=0.0779,res=-0.0000,hall=-0.0000) route_px=198 rescue_px=0 hall_px=0 FG/HBG/EBG=32/256/1280 fallback=0 rel=0.908/0.766/0.959 wmean=1.000 grad_preclip=37.07
[E51] batch=110/250 pseudo=4 loss=12.2934 seg=1.7308 semseg=0.7598 mard=2.0927 lambda=0.033853 box_extra=0 mask_extra=0 DURR=0.0244 (dir=0.1219,res=-0.0000,hall=-0.0000) route_px=720 rescue_px=0 hall_px=0 FG/HBG/EBG=32/256/896 fallback=0 rel=0.882/0.829/0.944 wmean=1.000 grad_preclip=53.40
[E51] batch=120/250 pseudo=4 loss=6.9532 seg=0.4746 semseg=0.4270 mard=2.0276 lambda=0.037723 box_extra=0 mask_extra=0 DURR=0.0241 (dir=0.1206,res=-0.0000,hall=-0.0000) route_px=167 rescue_px=0 hall_px=0 FG/HBG/EBG=32/256/1280 fallback=0 rel=0.916/0.810/0.963 wmean=1.000 grad_preclip=25.45
[E51] batch=130/250 pseudo=4 loss=13.6767 seg=0.6136 semseg=1.2780 mard=2.0413 lambda=0.027665 box_extra=0 mask_extra=0 DURR=0.0283 (dir=0.1415,res=-0.0000,hall=-0.0000) route_px=178 rescue_px=0 hall_px=0 FG/HBG/EBG=32/256/1280 fallback=0 rel=0.848/0.689/0.962 wmean=1.000 grad_preclip=76.63
[E51] batch=140/250 pseudo=4 loss=12.2088 seg=0.5740 semseg=1.0145 mard=2.0388 lambda=0.032555 box_extra=0 mask_extra=0 DURR=0.0243 (dir=0.1217,res=-0.0000,hall=-0.0000) route_px=684 rescue_px=0 hall_px=0 FG/HBG/EBG=32/256/1280 fallback=0 rel=0.887/0.805/0.945 wmean=1.000 grad_preclip=58.18
[E51] batch=150/250 pseudo=4 loss=6.5995 seg=0.5347 semseg=0.2223 mard=2.0125 lambda=0.034810 box_extra=2 mask_extra=1 DURR=0.0387 (dir=0.1933,res=-0.0000,hall=-0.0000) route_px=490 rescue_px=0 hall_px=0 FG/HBG/EBG=32/256/1280 fallback=0 rel=0.900/0.788/0.974 wmean=1.000 grad_preclip=47.41
[E51] batch=160/250 pseudo=4 loss=13.7147 seg=0.6961 semseg=0.7173 mard=1.9937 lambda=0.030031 box_extra=0 mask_extra=0 DURR=0.0215 (dir=0.1077,res=-0.0000,hall=-0.0000) route_px=287 rescue_px=0 hall_px=0 FG/HBG/EBG=32/256/1280 fallback=0 rel=0.872/0.745/0.966 wmean=1.000 grad_preclip=73.95
[E51] batch=170/250 pseudo=4 loss=10.1855 seg=0.8754 semseg=0.4845 mard=2.0240 lambda=0.034554 box_extra=1 mask_extra=1 DURR=0.0241 (dir=0.1203,res=-0.0000,hall=-0.0000) route_px=128 rescue_px=0 hall_px=0 FG/HBG/EBG=32/256/1280 fallback=0 rel=0.894/0.823/0.934 wmean=1.000 grad_preclip=37.84
[E51] batch=180/250 pseudo=4 loss=6.4658 seg=0.3102 semseg=0.7619 mard=1.9655 lambda=0.036154 box_extra=0 mask_extra=0 DURR=0.0304 (dir=0.1520,res=-0.0000,hall=-0.0000) route_px=42 rescue_px=0 hall_px=0 FG/HBG/EBG=32/256/1280 fallback=0 rel=0.911/0.790/0.963 wmean=1.000 grad_preclip=106.44
[E51] batch=190/250 pseudo=5 loss=8.7752 seg=0.4746 semseg=0.4455 mard=2.0052 lambda=0.025220 box_extra=0 mask_extra=0 DURR=0.0188 (dir=0.0940,res=-0.0000,hall=-0.0000) route_px=424 rescue_px=0 hall_px=0 FG/HBG/EBG=40/320/1216 fallback=0 rel=0.834/0.692/0.956 wmean=1.000 grad_preclip=29.73
[E51] batch=200/250 pseudo=4 loss=2.0591 seg=0.1631 semseg=0.0927 mard=2.0145 lambda=0.044916 box_extra=0 mask_extra=0 DURR=0.0253 (dir=0.1263,res=-0.0000,hall=-0.0000) route_px=173 rescue_px=0 hall_px=0 FG/HBG/EBG=32/256/1280 fallback=0 rel=0.961/0.948/0.971 wmean=1.000 grad_preclip=27.66
[E51] batch=210/250 pseudo=4 loss=3.0945 seg=0.2139 semseg=0.1371 mard=2.0182 lambda=0.044989 box_extra=0 mask_extra=0 DURR=0.0283 (dir=0.1416,res=-0.0000,hall=-0.0000) route_px=314 rescue_px=0 hall_px=0 FG/HBG/EBG=32/256/1280 fallback=0 rel=0.962/0.953/0.970 wmean=1.000 grad_preclip=40.61
[E51] batch=220/250 pseudo=4 loss=7.6378 seg=0.2648 semseg=0.8261 mard=2.0763 lambda=0.036530 box_extra=0 mask_extra=0 DURR=0.0356 (dir=0.1781,res=-0.0000,hall=-0.0000) route_px=366 rescue_px=0 hall_px=0 FG/HBG/EBG=32/256/1280 fallback=0 rel=0.908/0.742/0.977 wmean=1.000 grad_preclip=36.18
[E51] batch=230/250 pseudo=4 loss=8.2194 seg=0.3935 semseg=0.8883 mard=2.0296 lambda=0.040901 box_extra=0 mask_extra=0 DURR=0.0416 (dir=0.2078,res=-0.0000,hall=-0.0000) route_px=142 rescue_px=0 hall_px=0 FG/HBG/EBG=32/256/1280 fallback=0 rel=0.931/0.867/0.971 wmean=1.000 grad_preclip=28.16
[E51] batch=240/250 pseudo=4 loss=7.3508 seg=0.5037 semseg=0.2856 mard=2.0353 lambda=0.034720 box_extra=0 mask_extra=0 DURR=0.0196 (dir=0.0978,res=-0.0000,hall=-0.0000) route_px=442 rescue_px=0 hall_px=0 FG/HBG/EBG=32/256/1280 fallback=0 rel=0.900/0.751/0.964 wmean=1.000 grad_preclip=32.74
[E51] batch=250/250 pseudo=4 loss=4.5208 seg=0.3725 semseg=0.1886 mard=2.0933 lambda=0.042642 box_extra=0 mask_extra=0 DURR=0.0240 (dir=0.1199,res=-0.0000,hall=-0.0000) route_px=322 rescue_px=0 hall_px=0 FG/HBG/EBG=32/256/1280 fallback=0 rel=0.944/0.919/0.968 wmean=1.000 grad_preclip=29.09

[Epoch 51] DONE time=77.3s valid=250 skipped=0 pseudo=1032 anchors=995 box_extra=48 mask_extra=37 reject_rel=11 DURR=0.0626 (dir=0.1300,res=0.0170,hall=0.1403) empty=42 rescue=12/12 hall_trigger=13 loss=7.1872 seg=0.5276 semseg=0.4979 mard=2.0322 lambda_avg=0.038412 FG/HBG/EBG=33.0/256.3/1215.2 rel=0.919/0.591/0.977 wmean=1.000
[E52] batch=001/250 pseudo=4 loss=5.9134 seg=0.2414 semseg=0.3987 mard=2.0262 lambda=0.034818 box_extra=0 mask_extra=0 DURR=0.0255 (dir=0.1275,res=-0.0000,hall=-0.0000) route_px=361 rescue_px=0 hall_px=0 FG/HBG/EBG=32/256/1280 fallback=0 rel=0.899/0.743/0.965 wmean=1.000 grad_preclip=32.84
[E52] batch=010/250 pseudo=5 loss=17.3989 seg=1.7288 semseg=0.7880 mard=2.0032 lambda=0.031596 box_extra=1 mask_extra=1 DURR=0.0181 (dir=0.0904,res=-0.0000,hall=-0.0000) route_px=330 rescue_px=0 hall_px=0 FG/HBG/EBG=40/320/1216 fallback=0 rel=0.880/0.743/0.960 wmean=1.000 grad_preclip=30.73
[E52] batch=020/250 pseudo=4 loss=1.8640 seg=0.1654 semseg=0.0719 mard=2.0025 lambda=0.044235 box_extra=0 mask_extra=0 DURR=0.0197 (dir=0.0984,res=-0.0000,hall=-0.0000) route_px=31 rescue_px=0 hall_px=0 FG/HBG/EBG=32/256/1280 fallback=0 rel=0.957/0.947/0.964 wmean=1.000 grad_preclip=24.33
[E52] batch=030/250 pseudo=4 loss=4.0968 seg=0.1966 semseg=0.1359 mard=1.9715 lambda=0.041663 box_extra=0 mask_extra=0 DURR=0.0185 (dir=0.0923,res=-0.0000,hall=-0.0000) route_px=54 rescue_px=0 hall_px=0 FG/HBG/EBG=32/256/1280 fallback=0 rel=0.944/0.930/0.953 wmean=1.000 grad_preclip=58.60
[E52] batch=040/250 pseudo=4 loss=8.2007 seg=0.4364 semseg=0.8175 mard=2.0302 lambda=0.038872 box_extra=0 mask_extra=0 DURR=0.0268 (dir=0.1338,res=-0.0000,hall=-0.0000) route_px=592 rescue_px=0 hall_px=0 FG/HBG/EBG=32/256/1280 fallback=0 rel=0.928/0.850/0.966 wmean=1.000 grad_preclip=36.93
[E52] batch=050/250 pseudo=4 loss=5.1194 seg=0.4099 semseg=0.3126 mard=1.9926 lambda=0.040673 box_extra=0 mask_extra=0 DURR=0.0139 (dir=0.0693,res=-0.0000,hall=-0.0000) route_px=243 rescue_px=0 hall_px=0 FG/HBG/EBG=32/256/1280 fallback=0 rel=0.933/0.904/0.964 wmean=1.000 grad_preclip=21.20
[E52] batch=060/250 pseudo=3 loss=7.2704 seg=0.3095 semseg=1.1193 mard=1.9861 lambda=0.035587 box_extra=0 mask_extra=0 DURR=0.0333 (dir=0.1666,res=-0.0000,hall=-0.0000) route_px=301 rescue_px=0 hall_px=0 FG/HBG/EBG=24/192/960 fallback=0 rel=0.911/0.855/0.969 wmean=1.000 grad_preclip=31.92
[E52] batch=070/250 pseudo=4 loss=7.1024 seg=0.6867 semseg=0.3779 mard=2.0242 lambda=0.036328 box_extra=0 mask_extra=0 DURR=0.0360 (dir=0.1801,res=-0.0000,hall=-0.0000) route_px=217 rescue_px=0 hall_px=0 FG/HBG/EBG=32/256/1280 fallback=0 rel=0.909/0.851/0.951 wmean=1.000 grad_preclip=39.10
[E52] batch=080/250 pseudo=4 loss=1.9081 seg=0.1689 semseg=0.0802 mard=1.9769 lambda=0.041935 box_extra=0 mask_extra=0 DURR=0.0315 (dir=0.1576,res=-0.0000,hall=-0.0000) route_px=213 rescue_px=0 hall_px=0 FG/HBG/EBG=32/256/1280 fallback=0 rel=0.945/0.902/0.962 wmean=1.000 grad_preclip=25.58
[E52] batch=090/250 pseudo=6 loss=3.2857 seg=0.2335 semseg=0.2614 mard=1.9845 lambda=0.036566 box_extra=0 mask_extra=0 DURR=0.0092 (dir=0.0460,res=-0.0000,hall=-0.0000) route_px=150 rescue_px=0 hall_px=0 FG/HBG/EBG=48/256/1280 fallback=0 rel=0.912/0.834/0.950 wmean=1.000 grad_preclip=37.80
[E52] batch=100/250 pseudo=4 loss=4.6589 seg=0.4580 semseg=0.1308 mard=1.9948 lambda=0.040167 box_extra=0 mask_extra=0 DURR=0.0317 (dir=0.1585,res=-0.0000,hall=-0.0000) route_px=189 rescue_px=0 hall_px=0 FG/HBG/EBG=32/256/1280 fallback=0 rel=0.929/0.867/0.967 wmean=1.000 grad_preclip=37.31
[E52] batch=110/250 pseudo=6 loss=6.8350 seg=0.5244 semseg=0.2993 mard=2.0902 lambda=0.039849 box_extra=0 mask_extra=0 DURR=0.0327 (dir=0.1633,res=-0.0000,hall=-0.0000) route_px=266 rescue_px=0 hall_px=0 FG/HBG/EBG=48/256/1280 fallback=0 rel=0.928/0.801/0.961 wmean=1.000 grad_preclip=51.09
[E52] batch=120/250 pseudo=3 loss=4.6383 seg=0.5715 semseg=0.2914 mard=2.0714 lambda=0.044214 box_extra=0 mask_extra=0 DURR=0.0322 (dir=0.1609,res=-0.0000,hall=-0.0000) route_px=140 rescue_px=0 hall_px=0 FG/HBG/EBG=24/192/960 fallback=0 rel=0.949/0.940/0.965 wmean=1.000 grad_preclip=43.20
[E52] batch=130/250 pseudo=4 loss=8.5208 seg=0.5011 semseg=0.3973 mard=2.1118 lambda=0.038843 box_extra=0 mask_extra=0 DURR=0.0184 (dir=0.0919,res=-0.0000,hall=-0.0000) route_px=635 rescue_px=0 hall_px=0 FG/HBG/EBG=32/256/1280 fallback=0 rel=0.927/0.877/0.968 wmean=1.000 grad_preclip=31.81
[E52] batch=140/250 pseudo=4 loss=3.1687 seg=0.2431 semseg=0.1027 mard=2.0004 lambda=0.044004 box_extra=0 mask_extra=0 DURR=0.0447 (dir=0.2234,res=-0.0000,hall=-0.0000) route_px=94 rescue_px=0 hall_px=0 FG/HBG/EBG=32/256/1280 fallback=0 rel=0.950/0.931/0.959 wmean=1.000 grad_preclip=27.06
[E52] batch=150/250 pseudo=5 loss=4.5789 seg=0.4003 semseg=0.1705 mard=1.9991 lambda=0.039180 box_extra=0 mask_extra=0 DURR=0.0115 (dir=0.0574,res=-0.0000,hall=-0.0000) route_px=254 rescue_px=0 hall_px=0 FG/HBG/EBG=40/320/1216 fallback=0 rel=0.921/0.834/0.955 wmean=1.000 grad_preclip=24.20
[E52] batch=160/250 pseudo=4 loss=3.1835 seg=0.2151 semseg=0.1360 mard=2.0314 lambda=0.037541 box_extra=0 mask_extra=0 DURR=0.0187 (dir=0.0935,res=-0.0000,hall=-0.0000) route_px=227 rescue_px=0 hall_px=0 FG/HBG/EBG=32/256/1280 fallback=0 rel=0.919/0.818/0.966 wmean=1.000 grad_preclip=24.51
[E52] batch=170/250 pseudo=4 loss=3.0476 seg=0.2258 semseg=0.0885 mard=2.0106 lambda=0.045149 box_extra=0 mask_extra=0 DURR=0.0275 (dir=0.1377,res=-0.0000,hall=-0.0000) route_px=139 rescue_px=0 hall_px=0 FG/HBG/EBG=32/256/1280 fallback=0 rel=0.960/0.947/0.966 wmean=1.000 grad_preclip=33.30
[E52] batch=180/250 pseudo=6 loss=7.2605 seg=0.5721 semseg=0.4880 mard=2.0212 lambda=0.034602 box_extra=1 mask_extra=1 DURR=0.0236 (dir=0.1180,res=-0.0000,hall=-0.0000) route_px=630 rescue_px=0 hall_px=0 FG/HBG/EBG=48/384/1152 fallback=0 rel=0.898/0.800/0.970 wmean=1.000 grad_preclip=23.03
[E52] batch=190/250 pseudo=5 loss=6.2816 seg=0.5269 semseg=0.1929 mard=2.0153 lambda=0.039315 box_extra=0 mask_extra=0 DURR=0.0326 (dir=0.1631,res=-0.0000,hall=-0.0000) route_px=481 rescue_px=0 hall_px=0 FG/HBG/EBG=40/256/1280 fallback=0 rel=0.932/0.872/0.973 wmean=1.000 grad_preclip=28.53
[E52] batch=200/250 pseudo=4 loss=2.9239 seg=0.1822 semseg=0.1052 mard=1.9906 lambda=0.045486 box_extra=0 mask_extra=0 DURR=0.0492 (dir=0.2459,res=-0.0000,hall=-0.0000) route_px=307 rescue_px=0 hall_px=0 FG/HBG/EBG=32/256/1280 fallback=0 rel=0.966/0.959/0.971 wmean=1.000 grad_preclip=28.90
[E52] batch=210/250 pseudo=2 loss=3.0550 seg=0.3384 semseg=0.4146 mard=2.0189 lambda=0.036309 box_extra=1 mask_extra=0 DURR=0.0141 (dir=0.0704,res=-0.0000,hall=-0.0000) route_px=70 rescue_px=0 hall_px=0 FG/HBG/EBG=16/128/640 fallback=0 rel=0.914/0.865/0.963 wmean=1.000 grad_preclip=19.66
[E52] batch=220/250 pseudo=4 loss=13.2854 seg=0.7891 semseg=0.8931 mard=2.0128 lambda=0.044789 box_extra=0 mask_extra=0 DURR=0.0121 (dir=0.0607,res=-0.0000,hall=-0.0000) route_px=452 rescue_px=0 hall_px=0 FG/HBG/EBG=32/256/1280 fallback=0 rel=0.955/0.942/0.972 wmean=1.000 grad_preclip=57.45
[E52] batch=230/250 pseudo=4 loss=8.1450 seg=1.0141 semseg=0.3424 mard=2.0545 lambda=0.043439 box_extra=0 mask_extra=0 DURR=0.0620 (dir=0.3101,res=-0.0000,hall=-0.0000) route_px=414 rescue_px=0 hall_px=0 FG/HBG/EBG=32/256/1280 fallback=0 rel=0.948/0.939/0.959 wmean=1.000 grad_preclip=31.96
[E52] batch=240/250 pseudo=4 loss=2.6499 seg=0.2189 semseg=0.0964 mard=2.0151 lambda=0.037990 box_extra=0 mask_extra=0 DURR=0.0247 (dir=0.1233,res=-0.0000,hall=-0.0000) route_px=177 rescue_px=0 hall_px=0 FG/HBG/EBG=32/256/1280 fallback=0 rel=0.920/0.833/0.965 wmean=1.000 grad_preclip=28.21
[E52] batch=250/250 pseudo=5 loss=3.8009 seg=0.3458 semseg=0.1389 mard=1.9554 lambda=0.041620 box_extra=0 mask_extra=0 DURR=0.0357 (dir=0.1785,res=-0.0000,hall=-0.0000) route_px=253 rescue_px=0 hall_px=0 FG/HBG/EBG=40/256/1280 fallback=0 rel=0.935/0.919/0.954 wmean=1.000 grad_preclip=20.81

[Epoch 52] DONE time=77.6s valid=250 skipped=0 pseudo=1034 anchors=990 box_extra=56 mask_extra=44 reject_rel=12 DURR=0.0516 (dir=0.1279,res=0.0096,hall=0.1061) empty=40 rescue=12/12 hall_trigger=9 loss=6.9638 seg=0.5097 semseg=0.4831 mard=2.0282 lambda_avg=0.038535 FG/HBG/EBG=33.1/255.5/1219.1 rel=0.920/0.682/0.978 wmean=1.000
[E53] batch=001/250 pseudo=4 loss=5.2214 seg=0.4322 semseg=0.3263 mard=1.9990 lambda=0.033051 box_extra=0 mask_extra=0 DURR=0.0175 (dir=0.0877,res=-0.0000,hall=-0.0000) route_px=344 rescue_px=0 hall_px=0 FG/HBG/EBG=32/256/1280 fallback=0 rel=0.892/0.791/0.937 wmean=1.000 grad_preclip=31.02
[E53] batch=010/250 pseudo=4 loss=7.7040 seg=0.6920 semseg=0.4117 mard=2.0446 lambda=0.042283 box_extra=0 mask_extra=0 DURR=0.0257 (dir=0.1285,res=-0.0000,hall=-0.0000) route_px=552 rescue_px=0 hall_px=0 FG/HBG/EBG=32/256/1280 fallback=0 rel=0.942/0.928/0.966 wmean=1.000 grad_preclip=53.38
[E53] batch=020/250 pseudo=4 loss=9.4781 seg=0.4923 semseg=0.8126 mard=2.0324 lambda=0.037114 box_extra=0 mask_extra=0 DURR=0.0152 (dir=0.0761,res=-0.0000,hall=-0.0000) route_px=610 rescue_px=0 hall_px=0 FG/HBG/EBG=32/256/1280 fallback=0 rel=0.913/0.851/0.951 wmean=1.000 grad_preclip=57.83
[E53] batch=030/250 pseudo=4 loss=3.6900 seg=0.2590 semseg=0.1344 mard=2.0273 lambda=0.045176 box_extra=0 mask_extra=0 DURR=0.0353 (dir=0.1765,res=-0.0000,hall=-0.0000) route_px=145 rescue_px=0 hall_px=0 FG/HBG/EBG=32/256/1280 fallback=0 rel=0.962/0.952/0.970 wmean=1.000 grad_preclip=42.73
[E53] batch=040/250 pseudo=5 loss=8.8008 seg=0.6948 semseg=0.4566 mard=2.0035 lambda=0.037908 box_extra=0 mask_extra=0 DURR=0.0225 (dir=0.1123,res=-0.0000,hall=-0.0000) route_px=369 rescue_px=0 hall_px=0 FG/HBG/EBG=40/256/1280 fallback=0 rel=0.914/0.804/0.963 wmean=1.000 grad_preclip=26.33
[E53] batch=050/250 pseudo=3 loss=5.0223 seg=0.4569 semseg=0.4479 mard=2.1078 lambda=0.043403 box_extra=1 mask_extra=0 DURR=0.0203 (dir=0.1015,res=-0.0000,hall=-0.0000) route_px=246 rescue_px=0 hall_px=0 FG/HBG/EBG=24/192/960 fallback=0 rel=0.945/0.924/0.959 wmean=1.000 grad_preclip=27.58
[E53] batch=060/250 pseudo=4 loss=3.8500 seg=0.2894 semseg=0.1458 mard=1.9542 lambda=0.036609 box_extra=0 mask_extra=0 DURR=0.0262 (dir=0.1309,res=-0.0000,hall=-0.0000) route_px=360 rescue_px=0 hall_px=0 FG/HBG/EBG=32/256/1280 fallback=0 rel=0.912/0.811/0.948 wmean=1.000 grad_preclip=29.66
[E53] batch=070/250 pseudo=4 loss=6.9423 seg=0.5949 semseg=0.4491 mard=2.0603 lambda=0.032739 box_extra=0 mask_extra=0 DURR=0.0245 (dir=0.1225,res=-0.0000,hall=-0.0000) route_px=199 rescue_px=0 hall_px=0 FG/HBG/EBG=32/256/1280 fallback=0 rel=0.888/0.692/0.965 wmean=1.000 grad_preclip=25.71
[E53] batch=080/250 pseudo=4 loss=4.3462 seg=0.3170 semseg=0.2102 mard=2.0126 lambda=0.043732 box_extra=0 mask_extra=0 DURR=0.0407 (dir=0.2034,res=-0.0000,hall=-0.0000) route_px=256 rescue_px=0 hall_px=0 FG/HBG/EBG=32/256/1280 fallback=0 rel=0.954/0.934/0.975 wmean=1.000 grad_preclip=26.02
[E53] batch=090/250 pseudo=4 loss=4.3957 seg=0.3528 semseg=0.2337 mard=2.0001 lambda=0.038102 box_extra=1 mask_extra=1 DURR=0.0278 (dir=0.1389,res=-0.0000,hall=-0.0000) route_px=81 rescue_px=0 hall_px=0 FG/HBG/EBG=32/256/1280 fallback=0 rel=0.914/0.809/0.960 wmean=1.000 grad_preclip=30.53
[E53] batch=100/250 pseudo=3 loss=2.2896 seg=0.2294 semseg=0.0832 mard=2.0172 lambda=0.037613 box_extra=0 mask_extra=0 DURR=0.0175 (dir=0.0873,res=-0.0000,hall=-0.0000) route_px=88 rescue_px=0 hall_px=0 FG/HBG/EBG=24/192/960 fallback=0 rel=0.918/0.835/0.966 wmean=1.000 grad_preclip=27.55
[E53] batch=110/250 pseudo=4 loss=5.7677 seg=0.5560 semseg=0.2203 mard=2.0231 lambda=0.041180 box_extra=0 mask_extra=0 DURR=0.0417 (dir=0.2083,res=-0.0000,hall=-0.0000) route_px=456 rescue_px=0 hall_px=0 FG/HBG/EBG=32/256/1280 fallback=0 rel=0.938/0.902/0.964 wmean=1.000 grad_preclip=30.24
[E53] batch=120/250 pseudo=4 loss=9.2561 seg=0.2846 semseg=1.0133 mard=2.0296 lambda=0.030617 box_extra=0 mask_extra=0 DURR=0.0146 (dir=0.0732,res=-0.0000,hall=-0.0000) route_px=216 rescue_px=0 hall_px=0 FG/HBG/EBG=32/256/1280 fallback=0 rel=0.879/0.784/0.970 wmean=1.000 grad_preclip=111.52
[E53] batch=130/250 pseudo=4 loss=8.8570 seg=1.0696 semseg=0.3915 mard=2.0101 lambda=0.041089 box_extra=0 mask_extra=0 DURR=0.0248 (dir=0.1239,res=-0.0000,hall=-0.0000) route_px=515 rescue_px=0 hall_px=0 FG/HBG/EBG=32/256/1280 fallback=0 rel=0.932/0.912/0.949 wmean=1.000 grad_preclip=38.23
[E53] batch=140/250 pseudo=4 loss=6.5089 seg=0.6124 semseg=0.4194 mard=2.0212 lambda=0.039555 box_extra=1 mask_extra=1 DURR=0.1462 (dir=0.2216,res=0.2037,hall=-0.0000) route_px=106 rescue_px=2118 hall_px=0 FG/HBG/EBG=32/256/1280 fallback=0 rel=0.928/0.890/0.963 wmean=1.000 grad_preclip=31.93
[E53] batch=150/250 pseudo=4 loss=1.9205 seg=0.1445 semseg=0.0913 mard=2.0157 lambda=0.045152 box_extra=0 mask_extra=0 DURR=0.0218 (dir=0.1092,res=-0.0000,hall=-0.0000) route_px=154 rescue_px=0 hall_px=0 FG/HBG/EBG=32/256/1280 fallback=0 rel=0.962/0.953/0.970 wmean=1.000 grad_preclip=24.94
[E53] batch=160/250 pseudo=6 loss=9.6187 seg=1.0731 semseg=0.3578 mard=2.0098 lambda=0.033865 box_extra=1 mask_extra=1 DURR=0.0487 (dir=0.2434,res=-0.0000,hall=-0.0000) route_px=368 rescue_px=0 hall_px=0 FG/HBG/EBG=48/384/1152 fallback=0 rel=0.885/0.744/0.961 wmean=1.000 grad_preclip=27.53
[E53] batch=170/250 pseudo=3 loss=2.5576 seg=0.2755 semseg=0.1891 mard=2.1020 lambda=0.045486 box_extra=0 mask_extra=0 DURR=0.0124 (dir=0.0621,res=-0.0000,hall=-0.0000) route_px=320 rescue_px=0 hall_px=0 FG/HBG/EBG=24/192/960 fallback=0 rel=0.963/0.959/0.971 wmean=1.000 grad_preclip=21.23
[E53] batch=180/250 pseudo=3 loss=6.1116 seg=0.6838 semseg=0.2837 mard=2.0524 lambda=0.025666 box_extra=0 mask_extra=0 DURR=0.0137 (dir=0.0687,res=-0.0000,hall=-0.0000) route_px=406 rescue_px=0 hall_px=0 FG/HBG/EBG=24/192/960 fallback=0 rel=0.844/0.774/0.904 wmean=1.000 grad_preclip=25.46
[E53] batch=190/250 pseudo=4 loss=2.6025 seg=0.1907 semseg=0.0994 mard=2.0632 lambda=0.045533 box_extra=0 mask_extra=0 DURR=0.0220 (dir=0.1102,res=-0.0000,hall=-0.0000) route_px=310 rescue_px=0 hall_px=0 FG/HBG/EBG=32/256/1280 fallback=0 rel=0.964/0.961/0.967 wmean=1.000 grad_preclip=17.22
[E53] batch=200/250 pseudo=4 loss=4.4410 seg=0.3877 semseg=0.3299 mard=1.9811 lambda=0.043391 box_extra=0 mask_extra=0 DURR=0.0561 (dir=0.2807,res=-0.0000,hall=-0.0000) route_px=91 rescue_px=0 hall_px=0 FG/HBG/EBG=32/256/1280 fallback=0 rel=0.945/0.930/0.963 wmean=1.000 grad_preclip=25.43
[E53] batch=210/250 pseudo=4 loss=4.0942 seg=0.2823 semseg=0.2133 mard=2.0687 lambda=0.038840 box_extra=0 mask_extra=0 DURR=0.0149 (dir=0.0746,res=-0.0000,hall=-0.0000) route_px=625 rescue_px=0 hall_px=0 FG/HBG/EBG=32/256/1280 fallback=0 rel=0.925/0.832/0.968 wmean=1.000 grad_preclip=80.99
[E53] batch=220/250 pseudo=4 loss=5.9331 seg=0.4015 semseg=0.2883 mard=2.0604 lambda=0.036903 box_extra=0 mask_extra=0 DURR=0.0124 (dir=0.0618,res=-0.0000,hall=-0.0000) route_px=397 rescue_px=0 hall_px=0 FG/HBG/EBG=32/256/1280 fallback=0 rel=0.914/0.839/0.951 wmean=1.000 grad_preclip=24.21
[E53] batch=230/250 pseudo=4 loss=4.1517 seg=0.2093 semseg=0.1754 mard=2.0352 lambda=0.039284 box_extra=0 mask_extra=0 DURR=0.0236 (dir=0.1181,res=-0.0000,hall=-0.0000) route_px=228 rescue_px=0 hall_px=0 FG/HBG/EBG=32/256/1280 fallback=0 rel=0.929/0.828/0.970 wmean=1.000 grad_preclip=28.64
[E53] batch=240/250 pseudo=5 loss=18.7064 seg=1.3893 semseg=1.6377 mard=2.0232 lambda=0.029799 box_extra=0 mask_extra=0 DURR=0.0175 (dir=0.0877,res=-0.0000,hall=-0.0000) route_px=1073 rescue_px=0 hall_px=0 FG/HBG/EBG=40/256/1280 fallback=0 rel=0.865/0.742/0.958 wmean=1.000 grad_preclip=104.24
[E53] batch=250/250 pseudo=2 loss=1.9479 seg=0.4478 semseg=0.0896 mard=1.9950 lambda=0.036240 box_extra=0 mask_extra=0 DURR=0.0517 (dir=0.2587,res=-0.0000,hall=-0.0000) route_px=72 rescue_px=0 hall_px=0 FG/HBG/EBG=16/128/640 fallback=0 rel=0.909/0.886/0.932 wmean=1.000 grad_preclip=17.19

[Epoch 53] DONE time=77.6s valid=250 skipped=0 pseudo=1024 anchors=979 box_extra=58 mask_extra=45 reject_rel=13 DURR=0.0658 (dir=0.1346,res=0.0167,hall=0.1526) empty=48 rescue=16/16 hall_trigger=14 loss=6.4115 seg=0.4808 semseg=0.4231 mard=2.0308 lambda_avg=0.038572 FG/HBG/EBG=32.8/253.7/1208.6 rel=0.920/0.673/0.976 wmean=1.000
[E54] batch=001/250 pseudo=3 loss=2.7628 seg=0.3278 semseg=0.1454 mard=2.0217 lambda=0.044138 box_extra=0 mask_extra=0 DURR=0.0325 (dir=0.1624,res=-0.0000,hall=-0.0000) route_px=264 rescue_px=0 hall_px=0 FG/HBG/EBG=24/192/960 fallback=0 rel=0.956/0.935/0.968 wmean=1.000 grad_preclip=21.54
[E54] batch=010/250 pseudo=4 loss=5.1479 seg=0.2741 semseg=0.1818 mard=2.0196 lambda=0.041879 box_extra=0 mask_extra=0 DURR=0.0283 (dir=0.1414,res=-0.0000,hall=-0.0000) route_px=438 rescue_px=0 hall_px=0 FG/HBG/EBG=32/256/1280 fallback=0 rel=0.941/0.929/0.953 wmean=1.000 grad_preclip=32.38
[E54] batch=020/250 pseudo=4 loss=9.5592 seg=0.4965 semseg=0.6500 mard=2.1004 lambda=0.037579 box_extra=0 mask_extra=0 DURR=0.0199 (dir=0.0997,res=-0.0000,hall=-0.0000) route_px=677 rescue_px=0 hall_px=0 FG/HBG/EBG=32/256/1280 fallback=0 rel=0.920/0.895/0.974 wmean=1.000 grad_preclip=52.29
[E54] batch=030/250 pseudo=2 loss=6.3565 seg=1.8836 semseg=0.5344 mard=1.9827 lambda=0.032195 box_extra=0 mask_extra=0 DURR=0.0376 (dir=0.1879,res=-0.0000,hall=-0.0000) route_px=247 rescue_px=0 hall_px=0 FG/HBG/EBG=16/128/640 fallback=0 rel=0.872/0.780/0.965 wmean=1.000 grad_preclip=24.44
[E54] batch=040/250 pseudo=4 loss=4.0560 seg=0.2933 semseg=0.1256 mard=2.0328 lambda=0.041527 box_extra=0 mask_extra=0 DURR=0.0328 (dir=0.1641,res=-0.0000,hall=-0.0000) route_px=234 rescue_px=0 hall_px=0 FG/HBG/EBG=32/256/1280 fallback=0 rel=0.940/0.920/0.955 wmean=1.000 grad_preclip=28.15
[E54] batch=050/250 pseudo=4 loss=3.9461 seg=0.2400 semseg=0.1580 mard=1.9753 lambda=0.043560 box_extra=0 mask_extra=0 DURR=0.0290 (dir=0.1451,res=-0.0000,hall=-0.0000) route_px=301 rescue_px=0 hall_px=0 FG/HBG/EBG=32/256/1280 fallback=0 rel=0.949/0.933/0.963 wmean=1.000 grad_preclip=48.48
[E54] batch=060/250 pseudo=4 loss=10.1356 seg=0.3528 semseg=1.2212 mard=2.0365 lambda=0.039073 box_extra=2 mask_extra=2 DURR=0.1710 (dir=0.1579,res=0.2788,hall=-0.0000) route_px=162 rescue_px=222 hall_px=0 FG/HBG/EBG=32/256/1280 fallback=0 rel=0.925/0.895/0.956 wmean=1.000 grad_preclip=59.37
[E54] batch=070/250 pseudo=5 loss=5.8333 seg=0.3332 semseg=0.3700 mard=2.0435 lambda=0.043118 box_extra=0 mask_extra=0 DURR=0.0179 (dir=0.0896,res=-0.0000,hall=-0.0000) route_px=631 rescue_px=0 hall_px=0 FG/HBG/EBG=40/256/1280 fallback=0 rel=0.949/0.916/0.974 wmean=1.000 grad_preclip=30.81
[E54] batch=080/250 pseudo=4 loss=8.7413 seg=0.6213 semseg=0.4659 mard=2.1279 lambda=0.030836 box_extra=0 mask_extra=0 DURR=0.0202 (dir=0.1011,res=-0.0000,hall=-0.0000) route_px=773 rescue_px=0 hall_px=0 FG/HBG/EBG=32/256/1280 fallback=0 rel=0.872/0.734/0.968 wmean=1.000 grad_preclip=54.32
[E54] batch=090/250 pseudo=4 loss=2.8287 seg=0.2553 semseg=0.1098 mard=1.9920 lambda=0.044752 box_extra=0 mask_extra=0 DURR=0.0356 (dir=0.1778,res=-0.0000,hall=-0.0000) route_px=156 rescue_px=0 hall_px=0 FG/HBG/EBG=32/256/1280 fallback=0 rel=0.958/0.951/0.965 wmean=1.000 grad_preclip=29.80
[E54] batch=100/250 pseudo=5 loss=18.9289 seg=1.3653 semseg=1.4294 mard=2.0067 lambda=0.028386 box_extra=0 mask_extra=0 DURR=0.0224 (dir=0.1121,res=-0.0000,hall=-0.0000) route_px=498 rescue_px=0 hall_px=0 FG/HBG/EBG=40/320/1216 fallback=0 rel=0.862/0.700/0.952 wmean=1.000 grad_preclip=61.39
[E54] batch=110/250 pseudo=3 loss=5.4199 seg=0.4828 semseg=0.8554 mard=2.0331 lambda=0.044841 box_extra=0 mask_extra=0 DURR=0.0102 (dir=0.0512,res=-0.0000,hall=-0.0000) route_px=325 rescue_px=0 hall_px=0 FG/HBG/EBG=24/192/960 fallback=0 rel=0.959/0.942/0.970 wmean=1.000 grad_preclip=29.54
[E54] batch=120/250 pseudo=4 loss=4.1926 seg=0.3164 semseg=0.1845 mard=2.0099 lambda=0.044541 box_extra=0 mask_extra=0 DURR=0.0184 (dir=0.0921,res=-0.0000,hall=-0.0000) route_px=260 rescue_px=0 hall_px=0 FG/HBG/EBG=32/256/1280 fallback=0 rel=0.957/0.939/0.974 wmean=1.000 grad_preclip=24.38
[E54] batch=130/250 pseudo=4 loss=7.4448 seg=0.5417 semseg=0.3602 mard=2.0656 lambda=0.034480 box_extra=0 mask_extra=0 DURR=0.0322 (dir=0.1608,res=-0.0000,hall=-0.0000) route_px=471 rescue_px=0 hall_px=0 FG/HBG/EBG=32/256/1280 fallback=0 rel=0.900/0.772/0.968 wmean=1.000 grad_preclip=38.12
[E54] batch=140/250 pseudo=5 loss=8.3736 seg=0.6511 semseg=0.4188 mard=2.0249 lambda=0.030188 box_extra=0 mask_extra=0 DURR=0.0073 (dir=0.0364,res=-0.0000,hall=-0.0000) route_px=274 rescue_px=0 hall_px=0 FG/HBG/EBG=40/256/1280 fallback=0 rel=0.871/0.722/0.962 wmean=1.000 grad_preclip=37.69
[E54] batch=150/250 pseudo=3 loss=3.2883 seg=0.2515 semseg=0.1224 mard=1.9465 lambda=0.041593 box_extra=0 mask_extra=0 DURR=0.0252 (dir=0.1258,res=-0.0000,hall=-0.0000) route_px=109 rescue_px=0 hall_px=0 FG/HBG/EBG=24/192/960 fallback=0 rel=0.942/0.923/0.958 wmean=1.000 grad_preclip=21.48
[E54] batch=160/250 pseudo=4 loss=11.0027 seg=0.4105 semseg=0.5636 mard=2.0063 lambda=0.041361 box_extra=0 mask_extra=0 DURR=0.0196 (dir=0.0980,res=-0.0000,hall=-0.0000) route_px=741 rescue_px=0 hall_px=0 FG/HBG/EBG=32/256/1280 fallback=0 rel=0.935/0.923/0.960 wmean=1.000 grad_preclip=77.34
[E54] batch=170/250 pseudo=4 loss=5.8962 seg=0.5259 semseg=0.2776 mard=2.0759 lambda=0.037476 box_extra=0 mask_extra=0 DURR=0.0211 (dir=0.1057,res=-0.0000,hall=-0.0000) route_px=510 rescue_px=0 hall_px=0 FG/HBG/EBG=32/256/1280 fallback=0 rel=0.907/0.831/0.969 wmean=1.000 grad_preclip=55.61
[E54] batch=180/250 pseudo=4 loss=6.6659 seg=0.3945 semseg=0.4221 mard=1.9956 lambda=0.043445 box_extra=0 mask_extra=0 DURR=0.0244 (dir=0.1218,res=-0.0000,hall=-0.0000) route_px=449 rescue_px=0 hall_px=0 FG/HBG/EBG=32/256/1280 fallback=0 rel=0.951/0.921/0.967 wmean=1.000 grad_preclip=27.63
[E54] batch=190/250 pseudo=3 loss=5.7370 seg=0.7577 semseg=0.2425 mard=2.0684 lambda=0.043030 box_extra=0 mask_extra=0 DURR=0.2719 (dir=0.1431,res=-0.0000,hall=1.2166) route_px=258 rescue_px=0 hall_px=1 FG/HBG/EBG=24/192/960 fallback=0 rel=0.942/0.900/0.964 wmean=1.000 grad_preclip=32.20
[E54] batch=200/250 pseudo=5 loss=4.4158 seg=0.3070 semseg=0.1860 mard=1.9743 lambda=0.038330 box_extra=0 mask_extra=0 DURR=0.0422 (dir=0.2111,res=-0.0000,hall=-0.0000) route_px=285 rescue_px=0 hall_px=0 FG/HBG/EBG=40/320/1216 fallback=0 rel=0.921/0.803/0.960 wmean=1.000 grad_preclip=29.39
[E54] batch=210/250 pseudo=5 loss=8.0170 seg=0.3498 semseg=0.1718 mard=1.9559 lambda=0.032809 box_extra=0 mask_extra=0 DURR=0.0282 (dir=0.1411,res=-0.0000,hall=-0.0000) route_px=406 rescue_px=0 hall_px=0 FG/HBG/EBG=40/256/1280 fallback=0 rel=0.888/0.693/0.962 wmean=1.000 grad_preclip=88.97
[E54] batch=220/250 pseudo=3 loss=9.8363 seg=0.7131 semseg=1.0969 mard=2.0729 lambda=0.041774 box_extra=0 mask_extra=0 DURR=0.0416 (dir=0.2081,res=-0.0000,hall=-0.0000) route_px=509 rescue_px=0 hall_px=0 FG/HBG/EBG=24/192/960 fallback=0 rel=0.939/0.925/0.956 wmean=1.000 grad_preclip=49.25
[E54] batch=230/250 pseudo=4 loss=3.7905 seg=0.2205 semseg=0.1050 mard=2.0886 lambda=0.045756 box_extra=0 mask_extra=0 DURR=0.0354 (dir=0.1769,res=-0.0000,hall=-0.0000) route_px=112 rescue_px=0 hall_px=0 FG/HBG/EBG=32/256/1280 fallback=0 rel=0.967/0.958/0.971 wmean=1.000 grad_preclip=26.35
[E54] batch=240/250 pseudo=3 loss=2.1601 seg=0.2469 semseg=0.0839 mard=1.9901 lambda=0.043572 box_extra=0 mask_extra=0 DURR=0.3739 (dir=0.1574,res=-0.0000,hall=1.7120) route_px=38 rescue_px=0 hall_px=14 FG/HBG/EBG=24/192/960 fallback=0 rel=0.949/0.928/0.961 wmean=1.000 grad_preclip=36.34
[E54] batch=250/250 pseudo=6 loss=5.4971 seg=0.4178 semseg=0.2232 mard=2.0267 lambda=0.035328 box_extra=0 mask_extra=0 DURR=0.0306 (dir=0.1532,res=-0.0000,hall=-0.0000) route_px=240 rescue_px=0 hall_px=0 FG/HBG/EBG=48/320/1216 fallback=0 rel=0.900/0.776/0.942 wmean=1.000 grad_preclip=24.22

[Epoch 54] DONE time=77.8s valid=250 skipped=0 pseudo=1030 anchors=997 box_extra=42 mask_extra=33 reject_rel=9 DURR=0.0589 (dir=0.1345,res=0.0120,hall=0.1300) empty=44 rescue=10/10 hall_trigger=14 loss=6.8748 seg=0.5210 semseg=0.4527 mard=2.0285 lambda_avg=0.038578 FG/HBG/EBG=33.0/253.2/1215.2 rel=0.919/0.677/0.976 wmean=1.000
[E55] batch=001/250 pseudo=5 loss=4.9806 seg=0.3931 semseg=0.2516 mard=2.0443 lambda=0.031812 box_extra=0 mask_extra=0 DURR=0.0234 (dir=0.1168,res=-0.0000,hall=-0.0000) route_px=473 rescue_px=0 hall_px=0 FG/HBG/EBG=40/320/1216 fallback=0 rel=0.882/0.789/0.943 wmean=1.000 grad_preclip=20.81
[E55] batch=010/250 pseudo=3 loss=8.2085 seg=0.6140 semseg=0.4461 mard=1.9837 lambda=0.034397 box_extra=0 mask_extra=0 DURR=0.6388 (dir=0.0795,res=-0.0000,hall=3.1143) route_px=172 rescue_px=0 hall_px=869 FG/HBG/EBG=24/192/960 fallback=0 rel=0.894/0.812/0.954 wmean=1.000 grad_preclip=31.15
[E55] batch=020/250 pseudo=4 loss=5.5930 seg=0.4125 semseg=0.2158 mard=2.0248 lambda=0.044443 box_extra=0 mask_extra=0 DURR=0.0119 (dir=0.0596,res=-0.0000,hall=-0.0000) route_px=549 rescue_px=0 hall_px=0 FG/HBG/EBG=32/256/1280 fallback=0 rel=0.948/0.914/0.965 wmean=1.000 grad_preclip=31.97
[E55] batch=030/250 pseudo=5 loss=6.5834 seg=0.2030 semseg=0.1224 mard=1.9950 lambda=0.036869 box_extra=0 mask_extra=0 DURR=0.0192 (dir=0.0959,res=-0.0000,hall=-0.0000) route_px=168 rescue_px=0 hall_px=0 FG/HBG/EBG=40/256/1280 fallback=0 rel=0.918/0.852/0.968 wmean=1.000 grad_preclip=29.12
[E55] batch=040/250 pseudo=4 loss=6.7699 seg=0.6383 semseg=0.2458 mard=2.0660 lambda=0.032691 box_extra=2 mask_extra=2 DURR=0.0544 (dir=0.2718,res=-0.0000,hall=-0.0000) route_px=318 rescue_px=0 hall_px=0 FG/HBG/EBG=32/256/1280 fallback=0 rel=0.879/0.813/0.966 wmean=1.000 grad_preclip=29.04
[E55] batch=050/250 pseudo=3 loss=1.5385 seg=0.1819 semseg=0.0850 mard=2.0495 lambda=0.046102 box_extra=1 mask_extra=0 DURR=0.0298 (dir=0.1490,res=-0.0000,hall=-0.0000) route_px=130 rescue_px=0 hall_px=0 FG/HBG/EBG=24/192/960 fallback=0 rel=0.968/0.962/0.971 wmean=1.000 grad_preclip=24.70
[E55] batch=060/250 pseudo=4 loss=10.2331 seg=0.6925 semseg=0.9036 mard=2.0847 lambda=0.032171 box_extra=0 mask_extra=0 DURR=0.0252 (dir=0.1259,res=-0.0000,hall=-0.0000) route_px=220 rescue_px=0 hall_px=0 FG/HBG/EBG=32/256/1280 fallback=0 rel=0.882/0.694/0.960 wmean=1.000 grad_preclip=60.38
[E55] batch=070/250 pseudo=4 loss=6.5241 seg=0.4395 semseg=0.5088 mard=2.0523 lambda=0.041818 box_extra=0 mask_extra=0 DURR=0.0125 (dir=0.0627,res=-0.0000,hall=-0.0000) route_px=526 rescue_px=0 hall_px=0 FG/HBG/EBG=32/256/1280 fallback=0 rel=0.941/0.922/0.965 wmean=1.000 grad_preclip=30.29
[E55] batch=080/250 pseudo=4 loss=13.9642 seg=1.1305 semseg=0.5676 mard=2.0198 lambda=0.032232 box_extra=0 mask_extra=0 DURR=0.0198 (dir=0.0991,res=-0.0000,hall=-0.0000) route_px=605 rescue_px=0 hall_px=0 FG/HBG/EBG=32/256/1280 fallback=0 rel=0.870/0.689/0.935 wmean=1.000 grad_preclip=35.20
[E55] batch=090/250 pseudo=4 loss=5.0843 seg=0.1438 semseg=0.0771 mard=1.9811 lambda=0.032994 box_extra=0 mask_extra=0 DURR=0.5238 (dir=0.0502,res=-0.0000,hall=2.5687) route_px=223 rescue_px=0 hall_px=306 FG/HBG/EBG=32/192/960 fallback=0 rel=0.896/0.745/0.970 wmean=1.000 grad_preclip=31.59
[E55] batch=100/250 pseudo=3 loss=8.3371 seg=0.6847 semseg=0.3656 mard=2.1032 lambda=0.035252 box_extra=1 mask_extra=0 DURR=0.4077 (dir=0.1367,res=-0.0000,hall=1.9019) route_px=358 rescue_px=0 hall_px=3 FG/HBG/EBG=24/192/960 fallback=0 rel=0.896/0.780/0.957 wmean=1.000 grad_preclip=40.80
[E55] batch=110/250 pseudo=4 loss=5.8840 seg=0.5549 semseg=0.3125 mard=2.0651 lambda=0.045365 box_extra=0 mask_extra=0 DURR=0.0120 (dir=0.0600,res=-0.0000,hall=-0.0000) route_px=400 rescue_px=0 hall_px=0 FG/HBG/EBG=32/256/1280 fallback=0 rel=0.962/0.945/0.971 wmean=1.000 grad_preclip=31.78
[E55] batch=120/250 pseudo=4 loss=5.5871 seg=0.5263 semseg=0.2698 mard=2.0150 lambda=0.041989 box_extra=0 mask_extra=0 DURR=0.0263 (dir=0.1317,res=-0.0000,hall=-0.0000) route_px=292 rescue_px=0 hall_px=0 FG/HBG/EBG=32/256/1280 fallback=0 rel=0.936/0.898/0.972 wmean=1.000 grad_preclip=24.96
[E55] batch=130/250 pseudo=4 loss=3.1764 seg=0.2768 semseg=0.1117 mard=2.0039 lambda=0.043765 box_extra=0 mask_extra=0 DURR=0.0260 (dir=0.1300,res=-0.0000,hall=-0.0000) route_px=129 rescue_px=0 hall_px=0 FG/HBG/EBG=32/256/1280 fallback=0 rel=0.953/0.935/0.968 wmean=1.000 grad_preclip=18.23
[E55] batch=140/250 pseudo=3 loss=5.9676 seg=0.5641 semseg=0.3575 mard=2.0042 lambda=0.029081 box_extra=1 mask_extra=0 DURR=1.1021 (dir=0.2360,res=-0.0000,hall=5.2743) route_px=40 rescue_px=0 hall_px=864 FG/HBG/EBG=24/192/960 fallback=0 rel=0.855/0.724/0.933 wmean=1.000 grad_preclip=55.95
[E55] batch=150/250 pseudo=4 loss=10.7779 seg=0.9489 semseg=0.5969 mard=2.0420 lambda=0.031907 box_extra=0 mask_extra=0 DURR=0.0252 (dir=0.1261,res=-0.0000,hall=-0.0000) route_px=690 rescue_px=0 hall_px=0 FG/HBG/EBG=32/256/1280 fallback=0 rel=0.875/0.720/0.966 wmean=1.000 grad_preclip=28.25
[E55] batch=160/250 pseudo=3 loss=2.3975 seg=0.2794 semseg=0.1126 mard=2.0375 lambda=0.043624 box_extra=0 mask_extra=0 DURR=0.0317 (dir=0.1586,res=-0.0000,hall=-0.0000) route_px=185 rescue_px=0 hall_px=0 FG/HBG/EBG=24/192/960 fallback=0 rel=0.949/0.931/0.968 wmean=1.000 grad_preclip=22.80
[E55] batch=170/250 pseudo=5 loss=10.4599 seg=0.3728 semseg=0.5934 mard=2.0179 lambda=0.031193 box_extra=1 mask_extra=1 DURR=0.0324 (dir=0.1618,res=-0.0000,hall=-0.0000) route_px=459 rescue_px=0 hall_px=0 FG/HBG/EBG=40/320/1216 fallback=0 rel=0.882/0.742/0.968 wmean=1.000 grad_preclip=35.13
[E55] batch=180/250 pseudo=4 loss=10.4375 seg=0.8131 semseg=0.5529 mard=2.0735 lambda=0.036287 box_extra=0 mask_extra=0 DURR=0.0164 (dir=0.0819,res=-0.0000,hall=-0.0000) route_px=193 rescue_px=0 hall_px=0 FG/HBG/EBG=32/256/1280 fallback=0 rel=0.907/0.793/0.969 wmean=1.000 grad_preclip=63.89
[E55] batch=190/250 pseudo=3 loss=3.7754 seg=0.3148 semseg=0.3463 mard=2.0484 lambda=0.033661 box_extra=0 mask_extra=0 DURR=0.0093 (dir=0.0467,res=-0.0000,hall=-0.0000) route_px=378 rescue_px=0 hall_px=0 FG/HBG/EBG=24/192/960 fallback=0 rel=0.896/0.789/0.958 wmean=1.000 grad_preclip=19.76
[E55] batch=200/250 pseudo=3 loss=3.9348 seg=0.3268 semseg=0.2818 mard=2.0896 lambda=0.041283 box_extra=1 mask_extra=0 DURR=0.0306 (dir=0.1530,res=-0.0000,hall=-0.0000) route_px=257 rescue_px=0 hall_px=0 FG/HBG/EBG=24/192/960 fallback=0 rel=0.943/0.893/0.970 wmean=1.000 grad_preclip=28.56
[E55] batch=210/250 pseudo=4 loss=13.1062 seg=0.7743 semseg=0.9088 mard=2.0821 lambda=0.036749 box_extra=0 mask_extra=0 DURR=0.0238 (dir=0.1189,res=-0.0000,hall=-0.0000) route_px=495 rescue_px=0 hall_px=0 FG/HBG/EBG=32/256/1280 fallback=0 rel=0.906/0.862/0.948 wmean=1.000 grad_preclip=40.54
[E55] batch=220/250 pseudo=4 loss=9.2613 seg=0.5831 semseg=0.7947 mard=2.0337 lambda=0.043708 box_extra=0 mask_extra=0 DURR=0.0503 (dir=0.2513,res=-0.0000,hall=-0.0000) route_px=136 rescue_px=0 hall_px=0 FG/HBG/EBG=32/256/1280 fallback=0 rel=0.943/0.907/0.966 wmean=1.000 grad_preclip=60.60
[E55] batch=230/250 pseudo=4 loss=7.0727 seg=0.5466 semseg=0.7140 mard=2.0643 lambda=0.034887 box_extra=0 mask_extra=0 DURR=0.0178 (dir=0.0889,res=-0.0000,hall=-0.0000) route_px=464 rescue_px=0 hall_px=0 FG/HBG/EBG=32/256/1280 fallback=0 rel=0.899/0.721/0.966 wmean=1.000 grad_preclip=27.02
[E55] batch=240/250 pseudo=4 loss=3.0929 seg=0.3025 semseg=0.1654 mard=2.0194 lambda=0.042739 box_extra=0 mask_extra=0 DURR=0.0306 (dir=0.1531,res=-0.0000,hall=-0.0000) route_px=242 rescue_px=0 hall_px=0 FG/HBG/EBG=32/256/1280 fallback=0 rel=0.945/0.905/0.964 wmean=1.000 grad_preclip=24.56
[E55] batch=250/250 pseudo=4 loss=6.0877 seg=0.3939 semseg=0.2196 mard=2.0055 lambda=0.032930 box_extra=0 mask_extra=0 DURR=0.0319 (dir=0.1596,res=-0.0000,hall=-0.0000) route_px=579 rescue_px=0 hall_px=0 FG/HBG/EBG=32/192/960 fallback=0 rel=0.890/0.717/0.968 wmean=1.000 grad_preclip=77.08

[Epoch 55] DONE time=77.6s valid=250 skipped=0 pseudo=1031 anchors=988 box_extra=60 mask_extra=43 reject_rel=17 DURR=0.0721 (dir=0.1333,res=0.0098,hall=0.2029) empty=53 rescue=9/9 hall_trigger=18 loss=6.5244 seg=0.5058 semseg=0.4135 mard=2.0302 lambda_avg=0.038435 FG/HBG/EBG=33.0/253.7/1200.9 rel=0.918/0.685/0.976 wmean=1.000
[E56] batch=001/250 pseudo=4 loss=14.6800 seg=0.6837 semseg=1.3795 mard=1.9999 lambda=0.030394 box_extra=0 mask_extra=0 DURR=0.0237 (dir=0.1186,res=-0.0000,hall=-0.0000) route_px=198 rescue_px=0 hall_px=0 FG/HBG/EBG=32/256/1280 fallback=0 rel=0.874/0.695/0.964 wmean=1.000 grad_preclip=43.26
[E56] batch=010/250 pseudo=3 loss=4.7378 seg=0.4892 semseg=0.1755 mard=2.1096 lambda=0.042848 box_extra=1 mask_extra=0 DURR=0.0257 (dir=0.1285,res=-0.0000,hall=-0.0000) route_px=389 rescue_px=0 hall_px=0 FG/HBG/EBG=24/192/960 fallback=0 rel=0.935/0.908/0.963 wmean=1.000 grad_preclip=24.41
[E56] batch=020/250 pseudo=4 loss=14.1259 seg=0.7868 semseg=0.9340 mard=2.0056 lambda=0.035840 box_extra=1 mask_extra=0 DURR=0.0351 (dir=0.1756,res=-0.0000,hall=-0.0000) route_px=115 rescue_px=0 hall_px=0 FG/HBG/EBG=32/256/1280 fallback=0 rel=0.904/0.734/0.966 wmean=1.000 grad_preclip=56.85
[E56] batch=030/250 pseudo=4 loss=5.3511 seg=0.5773 semseg=0.1944 mard=2.0205 lambda=0.040328 box_extra=0 mask_extra=0 DURR=0.0400 (dir=0.1999,res=-0.0000,hall=-0.0000) route_px=218 rescue_px=0 hall_px=0 FG/HBG/EBG=32/256/1280 fallback=0 rel=0.926/0.895/0.966 wmean=1.000 grad_preclip=34.12
[E56] batch=040/250 pseudo=4 loss=3.4533 seg=0.2557 semseg=0.1242 mard=1.9892 lambda=0.042369 box_extra=0 mask_extra=0 DURR=0.0300 (dir=0.1499,res=-0.0000,hall=-0.0000) route_px=225 rescue_px=0 hall_px=0 FG/HBG/EBG=32/256/1280 fallback=0 rel=0.945/0.904/0.959 wmean=1.000 grad_preclip=25.52
[E56] batch=050/250 pseudo=4 loss=9.6044 seg=0.8970 semseg=0.7450 mard=2.0337 lambda=0.036826 box_extra=0 mask_extra=0 DURR=0.0243 (dir=0.1216,res=-0.0000,hall=-0.0000) route_px=433 rescue_px=0 hall_px=0 FG/HBG/EBG=32/256/1280 fallback=0 rel=0.905/0.768/0.970 wmean=1.000 grad_preclip=47.47
[E56] batch=060/250 pseudo=5 loss=7.1212 seg=0.2920 semseg=0.1363 mard=2.0366 lambda=0.030186 box_extra=0 mask_extra=0 DURR=0.0387 (dir=0.1937,res=-0.0000,hall=-0.0000) route_px=344 rescue_px=0 hall_px=0 FG/HBG/EBG=40/256/1280 fallback=0 rel=0.875/0.772/0.947 wmean=1.000 grad_preclip=32.58
[E56] batch=070/250 pseudo=4 loss=4.6564 seg=0.4932 semseg=0.1532 mard=2.0705 lambda=0.044890 box_extra=0 mask_extra=0 DURR=0.0075 (dir=0.0376,res=-0.0000,hall=-0.0000) route_px=54 rescue_px=0 hall_px=0 FG/HBG/EBG=32/256/1280 fallback=0 rel=0.959/0.946/0.974 wmean=1.000 grad_preclip=31.24
[E56] batch=080/250 pseudo=4 loss=3.3766 seg=0.2457 semseg=0.2399 mard=2.0733 lambda=0.032639 box_extra=0 mask_extra=0 DURR=0.0404 (dir=0.2018,res=-0.0000,hall=-0.0000) route_px=170 rescue_px=0 hall_px=0 FG/HBG/EBG=32/256/1280 fallback=0 rel=0.893/0.802/0.956 wmean=1.000 grad_preclip=24.36
[E56] batch=090/250 pseudo=4 loss=18.0452 seg=0.8324 semseg=2.0276 mard=2.0741 lambda=0.042774 box_extra=0 mask_extra=0 DURR=0.0210 (dir=0.1051,res=-0.0000,hall=-0.0000) route_px=695 rescue_px=0 hall_px=0 FG/HBG/EBG=32/256/1280 fallback=0 rel=0.947/0.937/0.963 wmean=1.000 grad_preclip=69.13
[E56] batch=100/250 pseudo=6 loss=9.4883 seg=0.5710 semseg=0.8014 mard=1.9799 lambda=0.029180 box_extra=1 mask_extra=1 DURR=0.0260 (dir=0.1301,res=-0.0000,hall=-0.0000) route_px=297 rescue_px=0 hall_px=0 FG/HBG/EBG=48/384/1152 fallback=0 rel=0.859/0.690/0.965 wmean=1.000 grad_preclip=29.85
[E56] batch=110/250 pseudo=4 loss=4.2437 seg=0.2197 semseg=0.2422 mard=2.0742 lambda=0.040207 box_extra=0 mask_extra=0 DURR=0.0144 (dir=0.0721,res=-0.0000,hall=-0.0000) route_px=291 rescue_px=0 hall_px=0 FG/HBG/EBG=32/256/1280 fallback=0 rel=0.938/0.876/0.967 wmean=1.000 grad_preclip=32.17
[E56] batch=120/250 pseudo=5 loss=8.3917 seg=0.2861 semseg=0.1713 mard=1.9980 lambda=0.025514 box_extra=1 mask_extra=1 DURR=0.0121 (dir=0.0606,res=-0.0000,hall=-0.0000) route_px=197 rescue_px=0 hall_px=0 FG/HBG/EBG=40/256/1280 fallback=0 rel=0.850/0.706/0.960 wmean=1.000 grad_preclip=61.36
[E56] batch=130/250 pseudo=3 loss=3.8025 seg=0.3693 semseg=0.1985 mard=2.1001 lambda=0.044170 box_extra=0 mask_extra=0 DURR=0.0290 (dir=0.1450,res=-0.0000,hall=-0.0000) route_px=242 rescue_px=0 hall_px=0 FG/HBG/EBG=24/192/960 fallback=0 rel=0.957/0.947/0.970 wmean=1.000 grad_preclip=23.09
[E56] batch=140/250 pseudo=4 loss=5.4911 seg=0.3234 semseg=0.2181 mard=2.0826 lambda=0.042363 box_extra=0 mask_extra=0 DURR=0.0372 (dir=0.1859,res=-0.0000,hall=-0.0000) route_px=351 rescue_px=0 hall_px=0 FG/HBG/EBG=32/256/1280 fallback=0 rel=0.946/0.921/0.969 wmean=1.000 grad_preclip=31.51
[E56] batch=150/250 pseudo=5 loss=7.9144 seg=0.5331 semseg=0.5632 mard=2.0164 lambda=0.035036 box_extra=0 mask_extra=0 DURR=0.0212 (dir=0.1060,res=-0.0000,hall=-0.0000) route_px=485 rescue_px=0 hall_px=0 FG/HBG/EBG=40/320/1216 fallback=0 rel=0.902/0.740/0.964 wmean=1.000 grad_preclip=26.14
[E56] batch=160/250 pseudo=4 loss=6.9393 seg=0.5023 semseg=0.7629 mard=2.0626 lambda=0.035859 box_extra=1 mask_extra=1 DURR=0.2723 (dir=0.0944,res=-0.0000,hall=1.2671) route_px=640 rescue_px=0 hall_px=2 FG/HBG/EBG=32/256/896 fallback=0 rel=0.905/0.806/0.956 wmean=1.000 grad_preclip=46.87
[E56] batch=170/250 pseudo=6 loss=19.5648 seg=1.6877 semseg=0.7994 mard=2.0009 lambda=0.020175 box_extra=1 mask_extra=1 DURR=0.0131 (dir=0.0657,res=-0.0000,hall=-0.0000) route_px=314 rescue_px=0 hall_px=0 FG/HBG/EBG=48/384/1152 fallback=0 rel=0.807/0.706/0.927 wmean=1.000 grad_preclip=47.23
[E56] batch=180/250 pseudo=1 loss=2.5797 seg=0.5587 semseg=0.4402 mard=2.1408 lambda=0.036140 box_extra=0 mask_extra=0 DURR=0.0237 (dir=0.1186,res=-0.0000,hall=-0.0000) route_px=225 rescue_px=0 hall_px=0 FG/HBG/EBG=8/64/320 fallback=0 rel=0.908/0.908/0.908 wmean=1.000 grad_preclip=25.75
[E56] batch=190/250 pseudo=4 loss=5.8641 seg=0.5130 semseg=0.3733 mard=2.0469 lambda=0.038327 box_extra=1 mask_extra=1 DURR=0.0226 (dir=0.1131,res=-0.0000,hall=-0.0000) route_px=276 rescue_px=0 hall_px=0 FG/HBG/EBG=32/256/1280 fallback=0 rel=0.919/0.817/0.965 wmean=1.000 grad_preclip=23.11
[E56] batch=200/250 pseudo=6 loss=13.9278 seg=0.9380 semseg=0.8316 mard=2.0753 lambda=0.026633 box_extra=1 mask_extra=1 DURR=0.0481 (dir=0.2406,res=-0.0000,hall=-0.0000) route_px=592 rescue_px=0 hall_px=0 FG/HBG/EBG=48/320/1216 fallback=0 rel=0.848/0.676/0.948 wmean=1.000 grad_preclip=44.58
[E56] batch=210/250 pseudo=4 loss=11.2160 seg=0.5000 semseg=0.6591 mard=2.0047 lambda=0.042100 box_extra=0 mask_extra=0 DURR=0.0360 (dir=0.1800,res=-0.0000,hall=-0.0000) route_px=205 rescue_px=0 hall_px=0 FG/HBG/EBG=32/256/1280 fallback=0 rel=0.943/0.927/0.961 wmean=1.000 grad_preclip=48.79
[E56] batch=220/250 pseudo=6 loss=3.1203 seg=0.2229 semseg=0.1468 mard=1.9675 lambda=0.040332 box_extra=0 mask_extra=0 DURR=0.0310 (dir=0.1548,res=-0.0000,hall=-0.0000) route_px=204 rescue_px=0 hall_px=0 FG/HBG/EBG=48/320/1216 fallback=0 rel=0.932/0.836/0.964 wmean=1.000 grad_preclip=23.13
[E56] batch=230/250 pseudo=4 loss=2.9470 seg=0.3158 semseg=0.1223 mard=2.0010 lambda=0.042290 box_extra=0 mask_extra=0 DURR=0.0295 (dir=0.1473,res=-0.0000,hall=-0.0000) route_px=362 rescue_px=0 hall_px=0 FG/HBG/EBG=32/256/1280 fallback=0 rel=0.940/0.892/0.967 wmean=1.000 grad_preclip=30.89
[E56] batch=240/250 pseudo=4 loss=9.1448 seg=0.4601 semseg=0.7311 mard=2.0681 lambda=0.041303 box_extra=0 mask_extra=0 DURR=0.0516 (dir=0.2578,res=-0.0000,hall=-0.0000) route_px=157 rescue_px=0 hall_px=0 FG/HBG/EBG=32/256/1280 fallback=0 rel=0.939/0.909/0.963 wmean=1.000 grad_preclip=60.59
[E56] batch=250/250 pseudo=4 loss=2.7218 seg=0.2065 semseg=0.0683 mard=2.0804 lambda=0.041679 box_extra=0 mask_extra=0 DURR=0.0508 (dir=0.2541,res=-0.0000,hall=-0.0000) route_px=216 rescue_px=0 hall_px=0 FG/HBG/EBG=32/256/1280 fallback=0 rel=0.943/0.895/0.962 wmean=1.000 grad_preclip=27.27

[Epoch 56] DONE time=77.4s valid=250 skipped=0 pseudo=1031 anchors=990 box_extra=52 mask_extra=41 reject_rel=11 DURR=0.0543 (dir=0.1268,res=0.0078,hall=0.1255) empty=51 rescue=8/8 hall_trigger=12 loss=6.6315 seg=0.4922 semseg=0.4444 mard=2.0305 lambda_avg=0.038617 FG/HBG/EBG=33.0/252.9/1204.7 rel=0.919/0.676/0.976 wmean=1.000
[E57] batch=001/250 pseudo=3 loss=3.7299 seg=0.2615 semseg=0.2133 mard=2.0753 lambda=0.042248 box_extra=0 mask_extra=0 DURR=0.0307 (dir=0.1536,res=-0.0000,hall=-0.0000) route_px=429 rescue_px=0 hall_px=0 FG/HBG/EBG=24/192/960 fallback=0 rel=0.946/0.925/0.967 wmean=1.000 grad_preclip=30.89
[E57] batch=010/250 pseudo=4 loss=7.5852 seg=0.7935 semseg=0.2329 mard=2.0777 lambda=0.041471 box_extra=0 mask_extra=0 DURR=0.0338 (dir=0.1690,res=-0.0000,hall=-0.0000) route_px=312 rescue_px=0 hall_px=0 FG/HBG/EBG=32/256/1280 fallback=0 rel=0.933/0.906/0.951 wmean=1.000 grad_preclip=33.95
[E57] batch=020/250 pseudo=4 loss=12.2762 seg=1.1921 semseg=0.6284 mard=2.0220 lambda=0.029370 box_extra=1 mask_extra=1 DURR=0.0239 (dir=0.1194,res=-0.0000,hall=-0.0000) route_px=111 rescue_px=0 hall_px=0 FG/HBG/EBG=32/256/1280 fallback=0 rel=0.868/0.759/0.973 wmean=1.000 grad_preclip=25.38
[E57] batch=030/250 pseudo=4 loss=6.9554 seg=0.5364 semseg=0.4721 mard=2.0069 lambda=0.032705 box_extra=0 mask_extra=0 DURR=0.0076 (dir=0.0378,res=-0.0000,hall=-0.0000) route_px=615 rescue_px=0 hall_px=0 FG/HBG/EBG=32/256/1280 fallback=0 rel=0.890/0.819/0.957 wmean=1.000 grad_preclip=29.37
[E57] batch=040/250 pseudo=4 loss=8.2142 seg=0.2948 semseg=0.7617 mard=2.0378 lambda=0.034917 box_extra=1 mask_extra=1 DURR=0.0193 (dir=0.0965,res=-0.0000,hall=-0.0000) route_px=145 rescue_px=0 hall_px=0 FG/HBG/EBG=32/256/1280 fallback=0 rel=0.902/0.820/0.962 wmean=1.000 grad_preclip=41.53
[E57] batch=050/250 pseudo=3 loss=4.3371 seg=0.5450 semseg=0.2103 mard=2.0708 lambda=0.038599 box_extra=0 mask_extra=0 DURR=0.0199 (dir=0.0993,res=-0.0000,hall=-0.0000) route_px=217 rescue_px=0 hall_px=0 FG/HBG/EBG=24/192/960 fallback=0 rel=0.920/0.848/0.965 wmean=1.000 grad_preclip=42.24
[E57] batch=060/250 pseudo=4 loss=11.7531 seg=0.7501 semseg=0.9756 mard=2.0025 lambda=0.035563 box_extra=0 mask_extra=0 DURR=0.0237 (dir=0.1183,res=-0.0000,hall=-0.0000) route_px=518 rescue_px=0 hall_px=0 FG/HBG/EBG=32/256/1280 fallback=0 rel=0.908/0.844/0.956 wmean=1.000 grad_preclip=48.98
[E57] batch=070/250 pseudo=4 loss=6.4127 seg=0.4083 semseg=0.4569 mard=2.1048 lambda=0.038349 box_extra=1 mask_extra=1 DURR=0.0325 (dir=0.1627,res=-0.0000,hall=-0.0000) route_px=526 rescue_px=0 hall_px=0 FG/HBG/EBG=32/256/1280 fallback=0 rel=0.924/0.851/0.965 wmean=1.000 grad_preclip=25.86
[E57] batch=080/250 pseudo=3 loss=10.3433 seg=1.2504 semseg=0.7944 mard=1.9753 lambda=0.028449 box_extra=0 mask_extra=0 DURR=0.0108 (dir=0.0542,res=-0.0000,hall=-0.0000) route_px=515 rescue_px=0 hall_px=0 FG/HBG/EBG=24/192/960 fallback=0 rel=0.857/0.703/0.958 wmean=1.000 grad_preclip=48.36
[E57] batch=090/250 pseudo=4 loss=6.9956 seg=0.5344 semseg=0.3449 mard=2.0532 lambda=0.038159 box_extra=0 mask_extra=0 DURR=0.0138 (dir=0.0688,res=-0.0000,hall=-0.0000) route_px=451 rescue_px=0 hall_px=0 FG/HBG/EBG=32/256/1280 fallback=0 rel=0.916/0.832/0.974 wmean=1.000 grad_preclip=28.93
[E57] batch=100/250 pseudo=4 loss=2.3315 seg=0.1476 semseg=0.0665 mard=1.9922 lambda=0.045036 box_extra=0 mask_extra=0 DURR=0.0184 (dir=0.0918,res=-0.0000,hall=-0.0000) route_px=11 rescue_px=0 hall_px=0 FG/HBG/EBG=32/256/1280 fallback=0 rel=0.963/0.961/0.965 wmean=1.000 grad_preclip=64.21
[E57] batch=110/250 pseudo=4 loss=5.8562 seg=0.4135 semseg=0.3447 mard=2.0508 lambda=0.033447 box_extra=0 mask_extra=0 DURR=0.0156 (dir=0.0779,res=-0.0000,hall=-0.0000) route_px=464 rescue_px=0 hall_px=0 FG/HBG/EBG=32/256/1280 fallback=0 rel=0.896/0.774/0.961 wmean=1.000 grad_preclip=27.67
[E57] batch=120/250 pseudo=4 loss=5.0865 seg=0.4451 semseg=0.2257 mard=2.0293 lambda=0.044451 box_extra=0 mask_extra=0 DURR=0.0143 (dir=0.0716,res=-0.0000,hall=-0.0000) route_px=280 rescue_px=0 hall_px=0 FG/HBG/EBG=32/256/1280 fallback=0 rel=0.957/0.941/0.968 wmean=1.000 grad_preclip=38.71
[E57] batch=130/250 pseudo=4 loss=15.3596 seg=2.0025 semseg=0.9446 mard=2.0109 lambda=0.038465 box_extra=0 mask_extra=0 DURR=0.0322 (dir=0.1611,res=-0.0000,hall=-0.0000) route_px=634 rescue_px=0 hall_px=0 FG/HBG/EBG=32/256/1280 fallback=0 rel=0.914/0.879/0.936 wmean=1.000 grad_preclip=40.81
[E57] batch=140/250 pseudo=5 loss=5.5122 seg=0.4033 semseg=0.3703 mard=2.0616 lambda=0.029690 box_extra=0 mask_extra=0 DURR=0.0345 (dir=0.1727,res=-0.0000,hall=-0.0000) route_px=508 rescue_px=0 hall_px=0 FG/HBG/EBG=40/320/1216 fallback=0 rel=0.869/0.735/0.957 wmean=1.000 grad_preclip=30.01
[E57] batch=150/250 pseudo=4 loss=3.1716 seg=0.2961 semseg=0.1923 mard=2.0506 lambda=0.039581 box_extra=0 mask_extra=0 DURR=0.0232 (dir=0.1160,res=-0.0000,hall=-0.0000) route_px=350 rescue_px=0 hall_px=0 FG/HBG/EBG=32/256/1280 fallback=0 rel=0.927/0.898/0.970 wmean=1.000 grad_preclip=35.01
[E57] batch=160/250 pseudo=4 loss=6.3127 seg=0.3038 semseg=0.2487 mard=2.0102 lambda=0.035104 box_extra=0 mask_extra=0 DURR=0.0137 (dir=0.0685,res=-0.0000,hall=-0.0000) route_px=517 rescue_px=0 hall_px=0 FG/HBG/EBG=32/256/1280 fallback=0 rel=0.905/0.813/0.962 wmean=1.000 grad_preclip=32.26
[E57] batch=170/250 pseudo=5 loss=11.7840 seg=0.5677 semseg=0.5933 mard=2.0455 lambda=0.028372 box_extra=0 mask_extra=0 DURR=0.0264 (dir=0.1322,res=-0.0000,hall=-0.0000) route_px=425 rescue_px=0 hall_px=0 FG/HBG/EBG=40/256/1280 fallback=0 rel=0.860/0.725/0.969 wmean=1.000 grad_preclip=38.34
[E57] batch=180/250 pseudo=4 loss=4.0456 seg=0.3434 semseg=0.2951 mard=2.0275 lambda=0.042635 box_extra=0 mask_extra=0 DURR=0.0171 (dir=0.0854,res=-0.0000,hall=-0.0000) route_px=435 rescue_px=0 hall_px=0 FG/HBG/EBG=32/256/1280 fallback=0 rel=0.948/0.935/0.967 wmean=1.000 grad_preclip=28.69
[E57] batch=190/250 pseudo=6 loss=4.5479 seg=0.3439 semseg=0.2457 mard=2.0197 lambda=0.036905 box_extra=0 mask_extra=0 DURR=0.0118 (dir=0.0591,res=-0.0000,hall=-0.0000) route_px=49 rescue_px=0 hall_px=0 FG/HBG/EBG=48/320/1216 fallback=0 rel=0.913/0.694/0.971 wmean=1.000 grad_preclip=27.09
[E57] batch=200/250 pseudo=4 loss=5.9813 seg=0.4369 semseg=0.5166 mard=2.0213 lambda=0.036633 box_extra=0 mask_extra=0 DURR=0.0362 (dir=0.1809,res=-0.0000,hall=-0.0000) route_px=228 rescue_px=0 hall_px=0 FG/HBG/EBG=32/256/1280 fallback=0 rel=0.913/0.793/0.970 wmean=1.000 grad_preclip=49.77
[E57] batch=210/250 pseudo=6 loss=5.7524 seg=0.4605 semseg=0.3053 mard=2.0166 lambda=0.028584 box_extra=2 mask_extra=2 DURR=0.0130 (dir=0.0650,res=-0.0000,hall=-0.0000) route_px=329 rescue_px=0 hall_px=0 FG/HBG/EBG=48/384/1152 fallback=0 rel=0.862/0.771/0.926 wmean=1.000 grad_preclip=26.94
[E57] batch=220/250 pseudo=5 loss=9.5702 seg=0.6223 semseg=0.4146 mard=2.0682 lambda=0.024953 box_extra=0 mask_extra=0 DURR=0.0253 (dir=0.1267,res=-0.0000,hall=-0.0000) route_px=266 rescue_px=0 hall_px=0 FG/HBG/EBG=40/256/1280 fallback=0 rel=0.840/0.739/0.954 wmean=1.000 grad_preclip=65.48
[E57] batch=230/250 pseudo=3 loss=6.5238 seg=0.6186 semseg=0.5798 mard=2.1193 lambda=0.043665 box_extra=0 mask_extra=0 DURR=0.0357 (dir=0.1784,res=-0.0000,hall=-0.0000) route_px=259 rescue_px=0 hall_px=0 FG/HBG/EBG=24/192/960 fallback=0 rel=0.945/0.927/0.955 wmean=1.000 grad_preclip=43.63
[E57] batch=240/250 pseudo=4 loss=5.0493 seg=0.3152 semseg=0.3367 mard=2.0472 lambda=0.038344 box_extra=0 mask_extra=0 DURR=0.0413 (dir=0.2066,res=-0.0000,hall=-0.0000) route_px=107 rescue_px=0 hall_px=0 FG/HBG/EBG=32/256/1280 fallback=0 rel=0.922/0.814/0.964 wmean=1.000 grad_preclip=27.00
[E57] batch=250/250 pseudo=4 loss=6.3352 seg=0.4986 semseg=0.7709 mard=2.0092 lambda=0.042676 box_extra=0 mask_extra=0 DURR=0.0156 (dir=0.0782,res=-0.0000,hall=-0.0000) route_px=562 rescue_px=0 hall_px=0 FG/HBG/EBG=32/192/960 fallback=0 rel=0.943/0.921/0.958 wmean=1.000 grad_preclip=20.77

[Epoch 57] DONE time=77.7s valid=250 skipped=0 pseudo=1039 anchors=1001 box_extra=55 mask_extra=38 reject_rel=17 DURR=0.0489 (dir=0.1284,res=0.0062,hall=0.1008) empty=43 rescue=7/7 hall_trigger=8 loss=6.7915 seg=0.5043 semseg=0.4496 mard=2.0311 lambda_avg=0.038449 FG/HBG/EBG=33.2/255.0/1215.0 rel=0.919/0.677/0.978 wmean=1.000
[E58] batch=001/250 pseudo=2 loss=4.0847 seg=0.6545 semseg=0.7320 mard=2.0813 lambda=0.039386 box_extra=1 mask_extra=0 DURR=0.0206 (dir=0.1028,res=-0.0000,hall=-0.0000) route_px=429 rescue_px=0 hall_px=0 FG/HBG/EBG=16/128/640 fallback=0 rel=0.933/0.893/0.973 wmean=1.000 grad_preclip=19.87
[E58] batch=010/250 pseudo=4 loss=11.3100 seg=0.7684 semseg=0.9430 mard=2.0109 lambda=0.033715 box_extra=0 mask_extra=0 DURR=0.0318 (dir=0.1589,res=-0.0000,hall=-0.0000) route_px=366 rescue_px=0 hall_px=0 FG/HBG/EBG=32/256/1280 fallback=0 rel=0.889/0.725/0.962 wmean=1.000 grad_preclip=38.27
[E58] batch=020/250 pseudo=4 loss=6.6693 seg=0.4409 semseg=0.2492 mard=1.9575 lambda=0.041198 box_extra=0 mask_extra=0 DURR=0.0314 (dir=0.1570,res=-0.0000,hall=-0.0000) route_px=191 rescue_px=0 hall_px=0 FG/HBG/EBG=32/256/1280 fallback=0 rel=0.938/0.924/0.963 wmean=1.000 grad_preclip=42.62
[E58] batch=030/250 pseudo=4 loss=3.0816 seg=0.1804 semseg=0.0914 mard=2.0418 lambda=0.045067 box_extra=0 mask_extra=0 DURR=0.0232 (dir=0.1160,res=-0.0000,hall=-0.0000) route_px=170 rescue_px=0 hall_px=0 FG/HBG/EBG=32/256/1280 fallback=0 rel=0.961/0.947/0.966 wmean=1.000 grad_preclip=111.08
[E58] batch=040/250 pseudo=4 loss=3.8055 seg=0.2547 semseg=0.1138 mard=1.9821 lambda=0.043980 box_extra=0 mask_extra=0 DURR=0.0463 (dir=0.2313,res=-0.0000,hall=-0.0000) route_px=321 rescue_px=0 hall_px=0 FG/HBG/EBG=32/256/1280 fallback=0 rel=0.954/0.938/0.966 wmean=1.000 grad_preclip=28.40
[E58] batch=050/250 pseudo=5 loss=4.9045 seg=0.4981 semseg=0.2415 mard=1.9847 lambda=0.042792 box_extra=0 mask_extra=0 DURR=0.0130 (dir=0.0651,res=-0.0000,hall=-0.0000) route_px=208 rescue_px=0 hall_px=0 FG/HBG/EBG=40/320/1216 fallback=0 rel=0.947/0.923/0.967 wmean=1.000 grad_preclip=25.44
[E58] batch=060/250 pseudo=5 loss=6.1152 seg=0.3966 semseg=0.2466 mard=2.0232 lambda=0.037898 box_extra=0 mask_extra=0 DURR=0.0135 (dir=0.0673,res=-0.0000,hall=-0.0000) route_px=253 rescue_px=0 hall_px=0 FG/HBG/EBG=40/256/1280 fallback=0 rel=0.918/0.789/0.967 wmean=1.000 grad_preclip=25.07
[E58] batch=070/250 pseudo=6 loss=7.6310 seg=0.5782 semseg=0.9752 mard=2.0441 lambda=0.040955 box_extra=1 mask_extra=1 DURR=0.0220 (dir=0.1102,res=-0.0000,hall=-0.0000) route_px=451 rescue_px=0 hall_px=0 FG/HBG/EBG=48/384/1152 fallback=0 rel=0.935/0.887/0.967 wmean=1.000 grad_preclip=35.97
[E58] batch=080/250 pseudo=5 loss=10.9873 seg=0.7698 semseg=0.4874 mard=2.0617 lambda=0.035052 box_extra=1 mask_extra=1 DURR=0.0150 (dir=0.0750,res=-0.0000,hall=-0.0000) route_px=492 rescue_px=0 hall_px=0 FG/HBG/EBG=40/320/1216 fallback=0 rel=0.898/0.817/0.971 wmean=1.000 grad_preclip=30.20
[E58] batch=090/250 pseudo=4 loss=4.0508 seg=0.3170 semseg=0.1960 mard=2.0380 lambda=0.044950 box_extra=0 mask_extra=0 DURR=0.0392 (dir=0.1959,res=-0.0000,hall=-0.0000) route_px=164 rescue_px=0 hall_px=0 FG/HBG/EBG=32/256/1280 fallback=0 rel=0.961/0.949/0.975 wmean=1.000 grad_preclip=29.41
[E58] batch=100/250 pseudo=5 loss=9.9956 seg=0.6531 semseg=0.6737 mard=2.0792 lambda=0.031026 box_extra=0 mask_extra=0 DURR=0.0244 (dir=0.1218,res=-0.0000,hall=-0.0000) route_px=571 rescue_px=0 hall_px=0 FG/HBG/EBG=40/256/1280 fallback=0 rel=0.874/0.690/0.972 wmean=1.000 grad_preclip=94.01
[E58] batch=110/250 pseudo=4 loss=3.1665 seg=0.2272 semseg=0.1290 mard=1.9566 lambda=0.042666 box_extra=0 mask_extra=0 DURR=0.0272 (dir=0.1362,res=-0.0000,hall=-0.0000) route_px=103 rescue_px=0 hall_px=0 FG/HBG/EBG=32/256/1280 fallback=0 rel=0.944/0.907/0.964 wmean=1.000 grad_preclip=26.77
[E58] batch=120/250 pseudo=5 loss=4.5773 seg=0.3152 semseg=0.1568 mard=1.9901 lambda=0.036505 box_extra=2 mask_extra=2 DURR=0.1943 (dir=0.1863,res=0.3141,hall=-0.0000) route_px=176 rescue_px=142 hall_px=0 FG/HBG/EBG=40/320/1216 fallback=0 rel=0.913/0.815/0.961 wmean=1.000 grad_preclip=42.20
[E58] batch=130/250 pseudo=4 loss=3.4705 seg=0.2951 semseg=0.1066 mard=2.0391 lambda=0.044079 box_extra=0 mask_extra=0 DURR=0.0260 (dir=0.1300,res=-0.0000,hall=-0.0000) route_px=208 rescue_px=0 hall_px=0 FG/HBG/EBG=32/256/1280 fallback=0 rel=0.956/0.950/0.964 wmean=1.000 grad_preclip=36.35
[E58] batch=140/250 pseudo=6 loss=4.5080 seg=0.4004 semseg=0.2003 mard=2.0773 lambda=0.034495 box_extra=0 mask_extra=0 DURR=0.0213 (dir=0.1065,res=-0.0000,hall=-0.0000) route_px=292 rescue_px=0 hall_px=0 FG/HBG/EBG=48/256/1280 fallback=0 rel=0.899/0.732/0.961 wmean=1.000 grad_preclip=25.96
[E58] batch=150/250 pseudo=4 loss=3.2179 seg=0.2162 semseg=0.0849 mard=2.0171 lambda=0.044429 box_extra=0 mask_extra=0 DURR=0.0251 (dir=0.1256,res=-0.0000,hall=-0.0000) route_px=72 rescue_px=0 hall_px=0 FG/HBG/EBG=32/256/1280 fallback=0 rel=0.957/0.939/0.966 wmean=1.000 grad_preclip=66.46
[E58] batch=160/250 pseudo=4 loss=5.3506 seg=0.5126 semseg=0.3525 mard=2.0654 lambda=0.041464 box_extra=0 mask_extra=0 DURR=0.0285 (dir=0.1423,res=-0.0000,hall=-0.0000) route_px=567 rescue_px=0 hall_px=0 FG/HBG/EBG=32/256/1280 fallback=0 rel=0.942/0.918/0.969 wmean=1.000 grad_preclip=32.76
[E58] batch=170/250 pseudo=4 loss=7.4011 seg=0.7155 semseg=0.3721 mard=1.9754 lambda=0.042795 box_extra=0 mask_extra=0 DURR=0.0247 (dir=0.1237,res=-0.0000,hall=-0.0000) route_px=430 rescue_px=0 hall_px=0 FG/HBG/EBG=32/256/1280 fallback=0 rel=0.944/0.915/0.959 wmean=1.000 grad_preclip=31.62
[E58] batch=180/250 pseudo=4 loss=6.7667 seg=0.3863 semseg=0.4922 mard=2.0345 lambda=0.042607 box_extra=0 mask_extra=0 DURR=0.0151 (dir=0.0757,res=-0.0000,hall=-0.0000) route_px=702 rescue_px=0 hall_px=0 FG/HBG/EBG=32/256/1280 fallback=0 rel=0.946/0.916/0.970 wmean=1.000 grad_preclip=96.36
[E58] batch=190/250 pseudo=5 loss=6.2348 seg=0.4276 semseg=0.3117 mard=1.9690 lambda=0.035273 box_extra=0 mask_extra=0 DURR=0.0144 (dir=0.0719,res=-0.0000,hall=-0.0000) route_px=260 rescue_px=0 hall_px=0 FG/HBG/EBG=40/256/1280 fallback=0 rel=0.903/0.710/0.962 wmean=1.000 grad_preclip=80.05
[E58] batch=200/250 pseudo=4 loss=8.8323 seg=1.1083 semseg=0.5626 mard=2.0933 lambda=0.035275 box_extra=0 mask_extra=0 DURR=0.0218 (dir=0.1090,res=-0.0000,hall=-0.0000) route_px=264 rescue_px=0 hall_px=0 FG/HBG/EBG=32/256/1280 fallback=0 rel=0.902/0.711/0.972 wmean=1.000 grad_preclip=31.83
[E58] batch=210/250 pseudo=4 loss=2.8363 seg=0.1825 semseg=0.1033 mard=1.9623 lambda=0.043434 box_extra=0 mask_extra=0 DURR=0.0310 (dir=0.1548,res=-0.0000,hall=-0.0000) route_px=169 rescue_px=0 hall_px=0 FG/HBG/EBG=32/256/1280 fallback=0 rel=0.949/0.938/0.957 wmean=1.000 grad_preclip=66.70
[E58] batch=220/250 pseudo=4 loss=9.2124 seg=0.5324 semseg=0.5422 mard=2.0786 lambda=0.030878 box_extra=0 mask_extra=0 DURR=0.0446 (dir=0.2232,res=-0.0000,hall=-0.0000) route_px=824 rescue_px=0 hall_px=0 FG/HBG/EBG=32/256/1280 fallback=0 rel=0.878/0.709/0.957 wmean=1.000 grad_preclip=35.75
[E58] batch=230/250 pseudo=4 loss=14.1028 seg=2.0761 semseg=0.9301 mard=2.0148 lambda=0.036777 box_extra=0 mask_extra=0 DURR=0.6506 (dir=0.2438,res=-0.0000,hall=3.0090) route_px=389 rescue_px=0 hall_px=597 FG/HBG/EBG=32/256/896 fallback=0 rel=0.913/0.802/0.958 wmean=1.000 grad_preclip=59.94
[E58] batch=240/250 pseudo=4 loss=4.0692 seg=0.4440 semseg=0.1804 mard=2.1159 lambda=0.040249 box_extra=0 mask_extra=0 DURR=0.0425 (dir=0.2124,res=-0.0000,hall=-0.0000) route_px=288 rescue_px=0 hall_px=0 FG/HBG/EBG=32/256/1280 fallback=0 rel=0.932/0.903/0.963 wmean=1.000 grad_preclip=27.73
[E58] batch=250/250 pseudo=5 loss=7.0461 seg=0.4670 semseg=0.4338 mard=2.0251 lambda=0.027893 box_extra=0 mask_extra=0 DURR=0.0253 (dir=0.1267,res=-0.0000,hall=-0.0000) route_px=622 rescue_px=0 hall_px=0 FG/HBG/EBG=40/256/1280 fallback=0 rel=0.861/0.702/0.938 wmean=1.000 grad_preclip=26.54

[Epoch 58] DONE time=77.7s valid=250 skipped=0 pseudo=1040 anchors=1001 box_extra=53 mask_extra=39 reject_rel=14 DURR=0.0554 (dir=0.1302,res=0.0097,hall=0.1226) empty=41 rescue=12/12 hall_trigger=12 loss=6.7561 seg=0.5116 semseg=0.4314 mard=2.0317 lambda_avg=0.038147 FG/HBG/EBG=33.3/254.5/1218.6 rel=0.917/0.589/0.976 wmean=1.000
[E59] batch=001/250 pseudo=4 loss=2.6513 seg=0.2362 semseg=0.1140 mard=2.0515 lambda=0.044849 box_extra=0 mask_extra=0 DURR=0.0231 (dir=0.1155,res=-0.0000,hall=-0.0000) route_px=158 rescue_px=0 hall_px=0 FG/HBG/EBG=32/256/1280 fallback=0 rel=0.958/0.953/0.965 wmean=1.000 grad_preclip=23.46
[E59] batch=010/250 pseudo=5 loss=3.8378 seg=0.2380 semseg=0.2894 mard=2.0005 lambda=0.042460 box_extra=0 mask_extra=0 DURR=0.0327 (dir=0.1637,res=-0.0000,hall=-0.0000) route_px=194 rescue_px=0 hall_px=0 FG/HBG/EBG=40/320/1216 fallback=0 rel=0.943/0.899/0.962 wmean=1.000 grad_preclip=59.15
[E59] batch=020/250 pseudo=2 loss=2.2114 seg=0.2343 semseg=0.0992 mard=2.0093 lambda=0.034733 box_extra=0 mask_extra=0 DURR=0.7841 (dir=0.0812,res=-0.0000,hall=3.8395) route_px=163 rescue_px=0 hall_px=1725 FG/HBG/EBG=16/128/640 fallback=0 rel=0.903/0.848/0.959 wmean=1.000 grad_preclip=21.28
[E59] batch=030/250 pseudo=4 loss=16.7048 seg=1.9022 semseg=1.2012 mard=2.0713 lambda=0.037387 box_extra=0 mask_extra=0 DURR=0.0097 (dir=0.0485,res=-0.0000,hall=-0.0000) route_px=904 rescue_px=0 hall_px=0 FG/HBG/EBG=32/256/1280 fallback=0 rel=0.909/0.794/0.964 wmean=1.000 grad_preclip=31.46
[E59] batch=040/250 pseudo=4 loss=5.9421 seg=0.7746 semseg=0.1971 mard=2.0330 lambda=0.039222 box_extra=0 mask_extra=0 DURR=0.0436 (dir=0.2180,res=-0.0000,hall=-0.0000) route_px=271 rescue_px=0 hall_px=0 FG/HBG/EBG=32/256/1280 fallback=0 rel=0.923/0.835/0.970 wmean=1.000 grad_preclip=57.16
[E59] batch=050/250 pseudo=7 loss=6.9592 seg=0.4685 semseg=0.3909 mard=1.9803 lambda=0.028246 box_extra=2 mask_extra=1 DURR=0.0203 (dir=0.1016,res=-0.0000,hall=-0.0000) route_px=250 rescue_px=0 hall_px=0 FG/HBG/EBG=56/256/1280 fallback=0 rel=0.859/0.689/0.958 wmean=1.000 grad_preclip=28.21
[E59] batch=060/250 pseudo=5 loss=7.5145 seg=0.4779 semseg=0.5440 mard=2.0484 lambda=0.031585 box_extra=0 mask_extra=0 DURR=0.0205 (dir=0.1024,res=-0.0000,hall=-0.0000) route_px=551 rescue_px=0 hall_px=0 FG/HBG/EBG=40/256/1280 fallback=0 rel=0.880/0.720/0.965 wmean=1.000 grad_preclip=30.38
[E59] batch=070/250 pseudo=3 loss=5.0861 seg=0.5817 semseg=0.3101 mard=2.0360 lambda=0.037385 box_extra=1 mask_extra=0 DURR=0.0206 (dir=0.1031,res=-0.0000,hall=-0.0000) route_px=421 rescue_px=0 hall_px=0 FG/HBG/EBG=24/192/960 fallback=0 rel=0.904/0.862/0.936 wmean=1.000 grad_preclip=27.49
[E59] batch=080/250 pseudo=4 loss=11.9476 seg=0.5996 semseg=1.0604 mard=2.0385 lambda=0.035776 box_extra=0 mask_extra=0 DURR=0.0056 (dir=0.0280,res=-0.0000,hall=-0.0000) route_px=682 rescue_px=0 hall_px=0 FG/HBG/EBG=32/256/1280 fallback=0 rel=0.901/0.792/0.961 wmean=1.000 grad_preclip=44.83
[E59] batch=090/250 pseudo=5 loss=6.6691 seg=0.6016 semseg=0.2389 mard=2.0176 lambda=0.036063 box_extra=1 mask_extra=1 DURR=0.0247 (dir=0.1234,res=-0.0000,hall=-0.0000) route_px=354 rescue_px=0 hall_px=0 FG/HBG/EBG=40/320/1216 fallback=0 rel=0.899/0.817/0.958 wmean=1.000 grad_preclip=21.10
[E59] batch=100/250 pseudo=4 loss=10.2329 seg=0.7056 semseg=0.5906 mard=2.0404 lambda=0.034971 box_extra=0 mask_extra=0 DURR=0.0113 (dir=0.0567,res=-0.0000,hall=-0.0000) route_px=550 rescue_px=0 hall_px=0 FG/HBG/EBG=32/256/1280 fallback=0 rel=0.901/0.829/0.972 wmean=1.000 grad_preclip=22.75
[E59] batch=110/250 pseudo=6 loss=19.1678 seg=0.9213 semseg=1.2049 mard=1.9798 lambda=0.021967 box_extra=0 mask_extra=0 DURR=0.0326 (dir=0.1631,res=-0.0000,hall=-0.0000) route_px=383 rescue_px=0 hall_px=0 FG/HBG/EBG=48/320/1216 fallback=0 rel=0.821/0.684/0.952 wmean=1.000 grad_preclip=48.07
[E59] batch=120/250 pseudo=4 loss=5.8491 seg=0.4488 semseg=0.3266 mard=1.9688 lambda=0.034450 box_extra=0 mask_extra=0 DURR=0.0488 (dir=0.2439,res=-0.0000,hall=-0.0000) route_px=317 rescue_px=0 hall_px=0 FG/HBG/EBG=32/256/1280 fallback=0 rel=0.899/0.749/0.953 wmean=1.000 grad_preclip=21.31
[E59] batch=130/250 pseudo=4 loss=1.7667 seg=0.1321 semseg=0.0708 mard=2.0680 lambda=0.046025 box_extra=0 mask_extra=0 DURR=0.0315 (dir=0.1574,res=-0.0000,hall=-0.0000) route_px=128 rescue_px=0 hall_px=0 FG/HBG/EBG=32/256/1280 fallback=0 rel=0.969/0.955/0.976 wmean=1.000 grad_preclip=31.06
[E59] batch=140/250 pseudo=4 loss=2.3290 seg=0.2398 semseg=0.1007 mard=1.9749 lambda=0.045276 box_extra=0 mask_extra=0 DURR=0.0217 (dir=0.1083,res=-0.0000,hall=-0.0000) route_px=88 rescue_px=0 hall_px=0 FG/HBG/EBG=32/256/1280 fallback=0 rel=0.960/0.953/0.966 wmean=1.000 grad_preclip=32.27
[E59] batch=150/250 pseudo=4 loss=3.2861 seg=0.2823 semseg=0.1469 mard=2.0532 lambda=0.042521 box_extra=0 mask_extra=0 DURR=0.0334 (dir=0.1671,res=-0.0000,hall=-0.0000) route_px=277 rescue_px=0 hall_px=0 FG/HBG/EBG=32/256/1280 fallback=0 rel=0.945/0.908/0.971 wmean=1.000 grad_preclip=26.72
[E59] batch=160/250 pseudo=4 loss=5.1902 seg=0.3734 semseg=0.2263 mard=2.0735 lambda=0.043717 box_extra=0 mask_extra=0 DURR=0.0109 (dir=0.0547,res=-0.0000,hall=-0.0000) route_px=484 rescue_px=0 hall_px=0 FG/HBG/EBG=32/256/1280 fallback=0 rel=0.950/0.914/0.971 wmean=1.000 grad_preclip=25.78
[E59] batch=170/250 pseudo=4 loss=11.2475 seg=1.2242 semseg=0.5365 mard=2.1084 lambda=0.041341 box_extra=0 mask_extra=0 DURR=0.0461 (dir=0.2307,res=-0.0000,hall=-0.0000) route_px=669 rescue_px=0 hall_px=0 FG/HBG/EBG=32/256/1280 fallback=0 rel=0.928/0.909/0.944 wmean=1.000 grad_preclip=36.67
[E59] batch=180/250 pseudo=4 loss=10.2246 seg=0.6254 semseg=1.0011 mard=2.0653 lambda=0.040833 box_extra=0 mask_extra=0 DURR=0.0182 (dir=0.0909,res=-0.0000,hall=-0.0000) route_px=544 rescue_px=0 hall_px=0 FG/HBG/EBG=32/256/1280 fallback=0 rel=0.933/0.876/0.960 wmean=1.000 grad_preclip=26.30
[E59] batch=190/250 pseudo=4 loss=7.4028 seg=0.2741 semseg=0.9671 mard=1.9905 lambda=0.038665 box_extra=0 mask_extra=0 DURR=0.0488 (dir=0.2440,res=-0.0000,hall=-0.0000) route_px=226 rescue_px=0 hall_px=0 FG/HBG/EBG=32/256/1280 fallback=0 rel=0.922/0.829/0.962 wmean=1.000 grad_preclip=79.63
[E59] batch=200/250 pseudo=4 loss=8.3413 seg=0.7791 semseg=0.6370 mard=2.0602 lambda=0.031186 box_extra=0 mask_extra=0 DURR=0.0102 (dir=0.0512,res=-0.0000,hall=-0.0000) route_px=574 rescue_px=0 hall_px=0 FG/HBG/EBG=32/192/960 fallback=0 rel=0.870/0.701/0.946 wmean=1.000 grad_preclip=32.79
[E59] batch=210/250 pseudo=6 loss=10.4464 seg=0.6701 semseg=0.9341 mard=2.0039 lambda=0.029878 box_extra=0 mask_extra=0 DURR=0.0227 (dir=0.1134,res=-0.0000,hall=-0.0000) route_px=359 rescue_px=0 hall_px=0 FG/HBG/EBG=48/320/1216 fallback=0 rel=0.869/0.802/0.951 wmean=1.000 grad_preclip=30.38
[E59] batch=220/250 pseudo=4 loss=5.4862 seg=0.3635 semseg=0.5580 mard=2.0646 lambda=0.044980 box_extra=0 mask_extra=0 DURR=0.0147 (dir=0.0734,res=-0.0000,hall=-0.0000) route_px=490 rescue_px=0 hall_px=0 FG/HBG/EBG=32/256/1280 fallback=0 rel=0.960/0.933/0.971 wmean=1.000 grad_preclip=29.09
[E59] batch=230/250 pseudo=4 loss=3.2505 seg=0.2374 semseg=0.1333 mard=2.0668 lambda=0.043692 box_extra=0 mask_extra=0 DURR=0.0140 (dir=0.0700,res=-0.0000,hall=-0.0000) route_px=152 rescue_px=0 hall_px=0 FG/HBG/EBG=32/256/1280 fallback=0 rel=0.954/0.940/0.961 wmean=1.000 grad_preclip=26.28
[E59] batch=240/250 pseudo=4 loss=3.3998 seg=0.2542 semseg=0.1055 mard=2.0130 lambda=0.043594 box_extra=0 mask_extra=0 DURR=0.0453 (dir=0.2264,res=-0.0000,hall=-0.0000) route_px=143 rescue_px=0 hall_px=0 FG/HBG/EBG=32/256/1280 fallback=0 rel=0.949/0.914/0.974 wmean=1.000 grad_preclip=58.17
[E59] batch=250/250 pseudo=4 loss=1.6049 seg=0.1341 semseg=0.0711 mard=2.0274 lambda=0.045750 box_extra=0 mask_extra=0 DURR=0.0151 (dir=0.0754,res=-0.0000,hall=-0.0000) route_px=32 rescue_px=0 hall_px=0 FG/HBG/EBG=32/256/1280 fallback=0 rel=0.967/0.963/0.969 wmean=1.000 grad_preclip=19.40

[Epoch 59] DONE time=77.2s valid=250 skipped=0 pseudo=1019 anchors=984 box_extra=46 mask_extra=35 reject_rel=11 DURR=0.0679 (dir=0.1304,res=0.0100,hall=0.1839) empty=52 rescue=11/11 hall_trigger=14 loss=6.5150 seg=0.5159 semseg=0.4281 mard=2.0301 lambda_avg=0.038627 FG/HBG/EBG=32.6/252.4/1203.7 rel=0.920/0.684/0.976 wmean=1.000
[E60] batch=001/250 pseudo=4 loss=3.0801 seg=0.2476 semseg=0.1715 mard=2.0594 lambda=0.040753 box_extra=0 mask_extra=0 DURR=0.0349 (dir=0.1747,res=-0.0000,hall=-0.0000) route_px=218 rescue_px=0 hall_px=0 FG/HBG/EBG=32/256/1280 fallback=0 rel=0.940/0.900/0.965 wmean=1.000 grad_preclip=36.21
[E60] batch=010/250 pseudo=4 loss=4.7392 seg=0.3893 semseg=0.2746 mard=2.0468 lambda=0.043064 box_extra=0 mask_extra=0 DURR=0.0301 (dir=0.1503,res=-0.0000,hall=-0.0000) route_px=201 rescue_px=0 hall_px=0 FG/HBG/EBG=32/256/1280 fallback=0 rel=0.949/0.915/0.966 wmean=1.000 grad_preclip=26.19
[E60] batch=020/250 pseudo=4 loss=9.6869 seg=0.9617 semseg=0.4813 mard=1.9979 lambda=0.034644 box_extra=0 mask_extra=0 DURR=0.0188 (dir=0.0939,res=-0.0000,hall=-0.0000) route_px=543 rescue_px=0 hall_px=0 FG/HBG/EBG=32/256/1280 fallback=0 rel=0.894/0.734/0.965 wmean=1.000 grad_preclip=38.01
[E60] batch=030/250 pseudo=4 loss=6.7766 seg=0.5757 semseg=0.3960 mard=2.0610 lambda=0.037035 box_extra=0 mask_extra=0 DURR=0.0122 (dir=0.0611,res=-0.0000,hall=-0.0000) route_px=173 rescue_px=0 hall_px=0 FG/HBG/EBG=32/256/1280 fallback=0 rel=0.917/0.788/0.964 wmean=1.000 grad_preclip=42.25
[E60] batch=040/250 pseudo=4 loss=6.9151 seg=0.6650 semseg=0.5480 mard=2.0004 lambda=0.038082 box_extra=0 mask_extra=0 DURR=0.0200 (dir=0.1000,res=-0.0000,hall=-0.0000) route_px=379 rescue_px=0 hall_px=0 FG/HBG/EBG=32/256/1280 fallback=0 rel=0.917/0.894/0.935 wmean=1.000 grad_preclip=25.62
[E60] batch=050/250 pseudo=4 loss=5.1534 seg=0.3960 semseg=0.2475 mard=2.0301 lambda=0.032727 box_extra=0 mask_extra=0 DURR=0.0089 (dir=0.0445,res=-0.0000,hall=-0.0000) route_px=319 rescue_px=0 hall_px=0 FG/HBG/EBG=32/256/1280 fallback=0 rel=0.888/0.748/0.961 wmean=1.000 grad_preclip=24.45
[E60] batch=060/250 pseudo=6 loss=7.2816 seg=0.3767 semseg=0.1699 mard=2.0560 lambda=0.029329 box_extra=0 mask_extra=0 DURR=0.0339 (dir=0.1693,res=-0.0000,hall=-0.0000) route_px=374 rescue_px=0 hall_px=0 FG/HBG/EBG=48/320/1216 fallback=0 rel=0.870/0.760/0.949 wmean=1.000 grad_preclip=29.68
[E60] batch=070/250 pseudo=4 loss=4.7784 seg=0.3336 semseg=0.2902 mard=2.0459 lambda=0.035748 box_extra=1 mask_extra=1 DURR=0.0167 (dir=0.0833,res=-0.0000,hall=-0.0000) route_px=462 rescue_px=0 hall_px=0 FG/HBG/EBG=32/256/1280 fallback=0 rel=0.909/0.856/0.959 wmean=1.000 grad_preclip=23.97
[E60] batch=080/250 pseudo=4 loss=5.3300 seg=0.4514 semseg=0.2850 mard=2.0165 lambda=0.038337 box_extra=1 mask_extra=1 DURR=0.0122 (dir=0.0608,res=-0.0000,hall=-0.0000) route_px=309 rescue_px=0 hall_px=0 FG/HBG/EBG=32/256/1280 fallback=0 rel=0.919/0.815/0.966 wmean=1.000 grad_preclip=26.88
[E60] batch=090/250 pseudo=2 loss=18.0871 seg=3.1193 semseg=3.5639 mard=2.0300 lambda=0.018304 box_extra=0 mask_extra=0 DURR=0.0037 (dir=0.0184,res=-0.0000,hall=-0.0000) route_px=359 rescue_px=0 hall_px=0 FG/HBG/EBG=16/128/640 fallback=0 rel=0.795/0.716/0.874 wmean=1.000 grad_preclip=31.51
[E60] batch=100/250 pseudo=4 loss=5.7247 seg=0.3844 semseg=0.3412 mard=2.0726 lambda=0.041990 box_extra=0 mask_extra=0 DURR=0.0336 (dir=0.1680,res=-0.0000,hall=-0.0000) route_px=128 rescue_px=0 hall_px=0 FG/HBG/EBG=32/256/1280 fallback=0 rel=0.942/0.877/0.970 wmean=1.000 grad_preclip=32.96
[E60] batch=110/250 pseudo=5 loss=4.3469 seg=0.3542 semseg=0.3465 mard=2.0270 lambda=0.034542 box_extra=0 mask_extra=0 DURR=0.0135 (dir=0.0676,res=-0.0000,hall=-0.0000) route_px=312 rescue_px=0 hall_px=0 FG/HBG/EBG=40/320/1216 fallback=0 rel=0.898/0.810/0.955 wmean=1.000 grad_preclip=23.55
[E60] batch=120/250 pseudo=4 loss=3.5054 seg=0.3241 semseg=0.1398 mard=1.9940 lambda=0.044200 box_extra=0 mask_extra=0 DURR=0.0195 (dir=0.0974,res=-0.0000,hall=-0.0000) route_px=195 rescue_px=0 hall_px=0 FG/HBG/EBG=32/256/1280 fallback=0 rel=0.952/0.926/0.965 wmean=1.000 grad_preclip=25.85
[E60] batch=130/250 pseudo=4 loss=8.0766 seg=0.5448 semseg=0.8342 mard=1.9865 lambda=0.030768 box_extra=0 mask_extra=0 DURR=0.0215 (dir=0.1077,res=-0.0000,hall=-0.0000) route_px=272 rescue_px=0 hall_px=0 FG/HBG/EBG=32/256/1280 fallback=0 rel=0.869/0.687/0.959 wmean=1.000 grad_preclip=38.40
[E60] batch=140/250 pseudo=4 loss=9.7101 seg=0.7820 semseg=0.4769 mard=2.0222 lambda=0.038011 box_extra=0 mask_extra=0 DURR=0.0071 (dir=0.0353,res=-0.0000,hall=-0.0000) route_px=188 rescue_px=0 hall_px=0 FG/HBG/EBG=32/256/1280 fallback=0 rel=0.914/0.861/0.957 wmean=1.000 grad_preclip=51.80
[E60] batch=150/250 pseudo=4 loss=8.8104 seg=0.9135 semseg=0.4156 mard=1.9829 lambda=0.040958 box_extra=0 mask_extra=0 DURR=0.0448 (dir=0.2238,res=-0.0000,hall=-0.0000) route_px=545 rescue_px=0 hall_px=0 FG/HBG/EBG=32/256/1280 fallback=0 rel=0.937/0.916/0.970 wmean=1.000 grad_preclip=33.01
[E60] batch=160/250 pseudo=4 loss=6.7482 seg=0.5188 semseg=0.8163 mard=1.9967 lambda=0.029542 box_extra=1 mask_extra=0 DURR=0.0119 (dir=0.0594,res=-0.0000,hall=-0.0000) route_px=609 rescue_px=0 hall_px=0 FG/HBG/EBG=32/256/896 fallback=0 rel=0.869/0.688/0.947 wmean=1.000 grad_preclip=33.36
[E60] batch=170/250 pseudo=4 loss=2.0565 seg=0.1865 semseg=0.0784 mard=2.0885 lambda=0.043292 box_extra=0 mask_extra=0 DURR=0.0351 (dir=0.1756,res=-0.0000,hall=-0.0000) route_px=129 rescue_px=0 hall_px=0 FG/HBG/EBG=32/256/1280 fallback=0 rel=0.951/0.915/0.969 wmean=1.000 grad_preclip=22.73
[E60] batch=180/250 pseudo=4 loss=1.7064 seg=0.1497 semseg=0.0644 mard=2.0017 lambda=0.045285 box_extra=0 mask_extra=0 DURR=0.0072 (dir=0.0360,res=-0.0000,hall=-0.0000) route_px=30 rescue_px=0 hall_px=0 FG/HBG/EBG=32/256/1280 fallback=0 rel=0.962/0.956/0.968 wmean=1.000 grad_preclip=24.83
[E60] batch=190/250 pseudo=5 loss=9.7266 seg=0.6724 semseg=0.4822 mard=2.0701 lambda=0.032047 box_extra=1 mask_extra=1 DURR=0.0433 (dir=0.2165,res=-0.0000,hall=-0.0000) route_px=418 rescue_px=0 hall_px=0 FG/HBG/EBG=40/256/1280 fallback=0 rel=0.883/0.766/0.953 wmean=1.000 grad_preclip=46.53
[E60] batch=200/250 pseudo=4 loss=3.4409 seg=0.2378 semseg=0.1429 mard=2.0002 lambda=0.042509 box_extra=0 mask_extra=0 DURR=0.0381 (dir=0.1907,res=-0.0000,hall=-0.0000) route_px=429 rescue_px=0 hall_px=0 FG/HBG/EBG=32/256/1280 fallback=0 rel=0.948/0.926/0.967 wmean=1.000 grad_preclip=33.06
[E60] batch=210/250 pseudo=4 loss=6.1751 seg=0.4612 semseg=0.3206 mard=2.0076 lambda=0.041734 box_extra=1 mask_extra=1 DURR=0.1817 (dir=0.1484,res=0.3040,hall=-0.0000) route_px=144 rescue_px=104 hall_px=0 FG/HBG/EBG=32/256/1280 fallback=0 rel=0.938/0.895/0.964 wmean=1.000 grad_preclip=28.39
[E60] batch=220/250 pseudo=3 loss=2.3316 seg=0.2543 semseg=0.1834 mard=1.9751 lambda=0.040396 box_extra=0 mask_extra=0 DURR=0.0061 (dir=0.0307,res=-0.0000,hall=-0.0000) route_px=105 rescue_px=0 hall_px=0 FG/HBG/EBG=24/192/960 fallback=0 rel=0.934/0.882/0.964 wmean=1.000 grad_preclip=22.60
[E60] batch=230/250 pseudo=3 loss=8.9609 seg=1.5109 semseg=0.4772 mard=2.0159 lambda=0.038057 box_extra=0 mask_extra=0 DURR=0.5558 (dir=0.1121,res=-0.0000,hall=2.6670) route_px=511 rescue_px=0 hall_px=1070 FG/HBG/EBG=24/192/960 fallback=0 rel=0.920/0.892/0.942 wmean=1.000 grad_preclip=30.73
[E60] batch=240/250 pseudo=4 loss=12.6869 seg=0.6889 semseg=1.3996 mard=2.0736 lambda=0.041873 box_extra=0 mask_extra=0 DURR=0.0140 (dir=0.0698,res=-0.0000,hall=-0.0000) route_px=996 rescue_px=0 hall_px=0 FG/HBG/EBG=32/256/1280 fallback=0 rel=0.936/0.903/0.966 wmean=1.000 grad_preclip=44.60
[E60] batch=250/250 pseudo=4 loss=2.9609 seg=0.2415 semseg=0.0883 mard=1.9749 lambda=0.040579 box_extra=1 mask_extra=1 DURR=0.1598 (dir=0.2064,res=0.2370,hall=-0.0000) route_px=131 rescue_px=119 hall_px=0 FG/HBG/EBG=32/256/1280 fallback=0 rel=0.934/0.896/0.971 wmean=1.000 grad_preclip=28.63

[Epoch 60] DONE time=77.7s valid=250 skipped=0 pseudo=1035 anchors=990 box_extra=64 mask_extra=45 reject_rel=19 DURR=0.0608 (dir=0.1319,res=0.0123,hall=0.1412) empty=46 rescue=11/11 hall_trigger=12 loss=7.0011 seg=0.5228 semseg=0.4730 mard=2.0293 lambda_avg=0.038231 FG/HBG/EBG=33.1/254.5/1210.9 rel=0.917/0.687/0.978 wmean=1.000
[SAVE] /home/dang/MedRT-SFOD/runs/seg/dense_sfseg/kvasir_durr_v1_segmard_v2_60ep/checkpoints/dense_sfseg_epoch_60.pt
========================================================================================
MEDRT-SFSEG INITIAL TEACHER vs FINAL STUDENT TRACE
========================================================================================
Teacher      : /home/dang/MedRT-SFOD/runs/seg/stage1/frozen/yolo26s_seg_kvasir_adabn.pt
Student      : /home/dang/MedRT-SFOD/runs/seg/dense_sfseg/kvasir_durr_v1_segmard_v2_60ep/checkpoints/dense_sfseg_epoch_60.pt
Ultralytics  : /home/dang/MedRT-SFOD/ultralytics/__init__.py
Images       : 1000
Teacher view : deterministic clean letterbox
GT usage     : post-training analysis only
Retraining   : NO
Output       : /home/dang/MedRT-SFOD/runs/seg/dense_sfseg/kvasir_durr_v1_segmard_v2_60ep/final_teacher_student_trace

[0001/1000] cju0qkwl35piu0993l0dewei2.jpg | O2O=0.7987 Fused=0.7987 Student=0.7824 FusionΔ=+0.0000 SelfTrainΔ=-0.0163
[0002/1000] cju0qoxqj9q6s0835b43399p4.jpg | O2O=0.9237 Fused=0.9237 Student=0.9360 FusionΔ=+0.0000 SelfTrainΔ=+0.0123
[0003/1000] cju0qx73cjw570799j4n5cjze.jpg | O2O=0.0000 Fused=0.0000 Student=0.4159 FusionΔ=+0.0000 SelfTrainΔ=+0.4159
[0004/1000] cju0roawvklrq0799vmjorwfv.jpg | O2O=0.0000 Fused=0.2833 Student=0.2843 FusionΔ=+0.2833 SelfTrainΔ=+0.0010
[0005/1000] cju0rx1idathl0835detmsp84.jpg | O2O=0.8146 Fused=0.8146 Student=0.8075 FusionΔ=+0.0000 SelfTrainΔ=-0.0072
[0006/1000] cju0s2a9ekvms080138tjjpxr.jpg | O2O=0.9309 Fused=0.9309 Student=0.9223 FusionΔ=+0.0000 SelfTrainΔ=-0.0086
[0007/1000] cju0s690hkp960855tjuaqvv0.jpg | O2O=0.9435 Fused=0.9435 Student=0.9140 FusionΔ=+0.0000 SelfTrainΔ=-0.0294
[0008/1000] cju0sr5ghl0nd08789uzf1raf.jpg | O2O=0.6773 Fused=0.6773 Student=0.7031 FusionΔ=+0.0000 SelfTrainΔ=+0.0258
[0009/1000] cju0sxqiclckk08551ycbwhno.jpg | O2O=0.4334 Fused=0.4334 Student=0.4095 FusionΔ=+0.0000 SelfTrainΔ=-0.0239
[0010/1000] cju0t4oil7vzk099370nun5h9.jpg | O2O=0.9561 Fused=0.9561 Student=0.9390 FusionΔ=+0.0000 SelfTrainΔ=-0.0171
[0011/1000] cju0tl3uz8blh0993wxvn7ly3.jpg | O2O=0.8233 Fused=0.8233 Student=0.8696 FusionΔ=+0.0000 SelfTrainΔ=+0.0463
[0012/1000] cju0u2g7pmnux0801vkk47ivj.jpg | O2O=0.9289 Fused=0.9289 Student=0.9292 FusionΔ=+0.0000 SelfTrainΔ=+0.0003
[0013/1000] cju0u82z3cuma0835wlxrnrjv.jpg | O2O=0.9396 Fused=0.9396 Student=0.9366 FusionΔ=+0.0000 SelfTrainΔ=-0.0030
[0014/1000] cju0ue769mxii08019zqgdbxn.jpg | O2O=0.9485 Fused=0.9485 Student=0.9297 FusionΔ=+0.0000 SelfTrainΔ=-0.0188
[0015/1000] cju0vtox5ain6099360pu62rp.jpg | O2O=0.9263 Fused=0.9263 Student=0.8929 FusionΔ=+0.0000 SelfTrainΔ=-0.0334
[0016/1000] cju13cgqmnhwn0988yrainhcp.jpg | O2O=0.9697 Fused=0.9697 Student=0.9555 FusionΔ=+0.0000 SelfTrainΔ=-0.0142
[0017/1000] cju13fwthn9mq0835gacxgy01.jpg | O2O=0.9645 Fused=0.9645 Student=0.9622 FusionΔ=+0.0000 SelfTrainΔ=-0.0023
[0018/1000] cju13hp5rnbjx0835bf0jowgx.jpg | O2O=0.9565 Fused=0.9565 Student=0.9486 FusionΔ=+0.0000 SelfTrainΔ=-0.0079
[0019/1000] cju14g8o4xui30878gkgbrvqj.jpg | O2O=0.9494 Fused=0.9494 Student=0.9296 FusionΔ=+0.0000 SelfTrainΔ=-0.0199
[0020/1000] cju14hjh2ob2o0835ouz3r5aa.jpg | O2O=0.8621 Fused=0.8621 Student=0.8946 FusionΔ=+0.0000 SelfTrainΔ=+0.0326
[0021/1000] cju14pxbaoksp0835qzorx6g6.jpg | O2O=0.9560 Fused=0.9560 Student=0.8952 FusionΔ=+0.0000 SelfTrainΔ=-0.0608
[0022/1000] cju15czxqp3lv0835jvhgzurz.jpg | O2O=0.0000 Fused=0.0000 Student=0.8655 FusionΔ=+0.0000 SelfTrainΔ=+0.8655
[0023/1000] cju15jr8jz8sb0855ukmkswkz.jpg | O2O=0.8503 Fused=0.8503 Student=0.8536 FusionΔ=+0.0000 SelfTrainΔ=+0.0033
[0024/1000] cju15l5ubz9yh0855b3ivdpse.jpg | O2O=0.0000 Fused=0.0000 Student=0.8155 FusionΔ=+0.0000 SelfTrainΔ=+0.8155
[0025/1000] cju15mhjczc8z0801kit5c6di.jpg | O2O=0.9168 Fused=0.9168 Student=0.9074 FusionΔ=+0.0000 SelfTrainΔ=-0.0094
[0026/1000] cju15ptjtppz40988odsm9azx.jpg | O2O=0.0000 Fused=0.0000 Student=0.5693 FusionΔ=+0.0000 SelfTrainΔ=+0.5693
[0027/1000] cju15wdt3zla10801odjiw7sy.jpg | O2O=0.9464 Fused=0.9464 Student=0.9336 FusionΔ=+0.0000 SelfTrainΔ=-0.0127
[0028/1000] cju160wshltz10993i1gmqxbe.jpg | O2O=0.0000 Fused=0.8995 Student=0.8917 FusionΔ=+0.8995 SelfTrainΔ=-0.0078
[0029/1000] cju16ach3m1da0993r1dq3sn2.jpg | O2O=0.9814 Fused=0.9814 Student=0.9632 FusionΔ=+0.0000 SelfTrainΔ=-0.0182
[0030/1000] cju16b6ynq8e40988m8vx0xnj.jpg | O2O=0.9079 Fused=0.9079 Student=0.8953 FusionΔ=+0.0000 SelfTrainΔ=-0.0126
[0031/1000] cju16d65tzw9d0799ouslsw25.jpg | O2O=0.9413 Fused=0.9413 Student=0.9372 FusionΔ=+0.0000 SelfTrainΔ=-0.0041
[0032/1000] cju16fpvhzypl0799p9phnlx6.jpg | O2O=0.9309 Fused=0.9309 Student=0.9162 FusionΔ=+0.0000 SelfTrainΔ=-0.0147
[0033/1000] cju16jgnyzp970878melv7r25.jpg | O2O=0.9344 Fused=0.9344 Student=0.9428 FusionΔ=+0.0000 SelfTrainΔ=+0.0084
[0034/1000] cju16whaj0e7n0855q7b6cjkm.jpg | O2O=0.8326 Fused=0.8326 Student=0.2349 FusionΔ=+0.0000 SelfTrainΔ=-0.5977
[0035/1000] cju171py4qiha0835u8sl59ds.jpg | O2O=0.4365 Fused=0.4365 Student=0.4309 FusionΔ=+0.0000 SelfTrainΔ=-0.0056
[0036/1000] cju175facms5f0993a5tjikvt.jpg | O2O=0.8321 Fused=0.8321 Student=0.8006 FusionΔ=+0.0000 SelfTrainΔ=-0.0315
[0037/1000] cju17bz250pgd0799u1hqkj5u.jpg | O2O=0.5268 Fused=0.5268 Student=0.9506 FusionΔ=+0.0000 SelfTrainΔ=+0.4238
[0038/1000] cju17g6ykn1cs0993dww6qdi8.jpg | O2O=0.7264 Fused=0.7264 Student=0.7493 FusionΔ=+0.0000 SelfTrainΔ=+0.0229
[0039/1000] cju17hw9hr9c5098800fu4u8e.jpg | O2O=0.8786 Fused=0.8786 Student=0.9177 FusionΔ=+0.0000 SelfTrainΔ=+0.0391
[0040/1000] cju17otoe119u0799nqcbl8n1.jpg | O2O=0.0000 Fused=0.3453 Student=0.3322 FusionΔ=+0.3453 SelfTrainΔ=-0.0131
[0041/1000] cju17r8il13910799dr2wme2e.jpg | O2O=0.9278 Fused=0.9278 Student=0.4459 FusionΔ=+0.0000 SelfTrainΔ=-0.4819
[0042/1000] cju17v6ih0u7808783zcbg1jy.jpg | O2O=0.0000 Fused=0.8703 Student=0.9258 FusionΔ=+0.8703 SelfTrainΔ=+0.0556
[0043/1000] cju17x0j4nfc10993y31pvlgs.jpg | O2O=0.0000 Fused=0.0000 Student=0.0000 FusionΔ=+0.0000 SelfTrainΔ=+0.0000
[0044/1000] cju17z0qongpa0993de4boim4.jpg | O2O=0.9503 Fused=0.9503 Student=0.9547 FusionΔ=+0.0000 SelfTrainΔ=+0.0045
[0045/1000] cju1819curo000988pd5xcqme.jpg | O2O=0.9338 Fused=0.9338 Student=0.9234 FusionΔ=+0.0000 SelfTrainΔ=-0.0104
[0046/1000] cju183od81ff608017ekzif89.jpg | O2O=0.9343 Fused=0.9343 Student=0.9196 FusionΔ=+0.0000 SelfTrainΔ=-0.0147
[0047/1000] cju1871y11d6r0799k6cw4yze.jpg | O2O=0.9637 Fused=0.9637 Student=0.9537 FusionΔ=+0.0000 SelfTrainΔ=-0.0100
[0048/1000] cju18849rrsgr0988p90hkygb.jpg | O2O=0.9592 Fused=0.9592 Student=0.9446 FusionΔ=+0.0000 SelfTrainΔ=-0.0146
[0049/1000] cju18gzrq18zw0878wbf4ftw6.jpg | O2O=0.7755 Fused=0.7755 Student=0.7874 FusionΔ=+0.0000 SelfTrainΔ=+0.0119
[0050/1000] cju18ibp219ub08783i6o98g7.jpg | O2O=0.8519 Fused=0.8519 Student=0.8589 FusionΔ=+0.0000 SelfTrainΔ=+0.0070
[0051/1000] cju18kevfrojc0835bn90f1in.jpg | O2O=0.9144 Fused=0.9144 Student=0.9288 FusionΔ=+0.0000 SelfTrainΔ=+0.0144
[0052/1000] cju1alwgo30z60855fm3y23sm.jpg | O2O=0.6445 Fused=0.6445 Student=0.6436 FusionΔ=+0.0000 SelfTrainΔ=-0.0009
[0053/1000] cju1amqw6p8pw0993d9gc5crl.jpg | O2O=0.9068 Fused=0.9068 Student=0.9045 FusionΔ=+0.0000 SelfTrainΔ=-0.0023
[0054/1000] cju1aqqv02qwz0878a5cyhr67.jpg | O2O=0.9519 Fused=0.9519 Student=0.9472 FusionΔ=+0.0000 SelfTrainΔ=-0.0046
[0055/1000] cju1ats0y372e08011yazcsxm.jpg | O2O=0.0000 Fused=0.0000 Student=0.0000 FusionΔ=+0.0000 SelfTrainΔ=+0.0000
[0056/1000] cju1b0y2e396p08558ois175d.jpg | O2O=0.0000 Fused=0.0000 Student=0.6414 FusionΔ=+0.0000 SelfTrainΔ=+0.6414
[0057/1000] cju1b3zgj3d8e0801kpolea6c.jpg | O2O=0.2082 Fused=0.2082 Student=0.2209 FusionΔ=+0.0000 SelfTrainΔ=+0.0127
[0058/1000] cju1b75x63ddl0799sdp0i2j3.jpg | O2O=0.9518 Fused=0.9518 Student=0.9537 FusionΔ=+0.0000 SelfTrainΔ=+0.0019
[0059/1000] cju1bhnfitmge0835ynls0l6b.jpg | O2O=0.9496 Fused=0.9496 Student=0.9355 FusionΔ=+0.0000 SelfTrainΔ=-0.0141
[0060/1000] cju1bm8063nmh07996rsjjemq.jpg | O2O=0.3225 Fused=0.3225 Student=0.3203 FusionΔ=+0.0000 SelfTrainΔ=-0.0022
[0061/1000] cju1brhsj3rls0855a1vgdlen.jpg | O2O=0.9224 Fused=0.9224 Student=0.9171 FusionΔ=+0.0000 SelfTrainΔ=-0.0053
[0062/1000] cju1c0qb4tzi308355wtsnp0y.jpg | O2O=0.9034 Fused=0.9034 Student=0.9162 FusionΔ=+0.0000 SelfTrainΔ=+0.0128
[0063/1000] cju1c3218411b08014g9f6gig.jpg | O2O=0.9033 Fused=0.9033 Student=0.8974 FusionΔ=+0.0000 SelfTrainΔ=-0.0059
[0064/1000] cju1c4fcu40hl07992b8gj0c8.jpg | O2O=0.9409 Fused=0.9409 Student=0.9399 FusionΔ=+0.0000 SelfTrainΔ=-0.0010
[0065/1000] cju1c6yfz42md08550zgoz3pw.jpg | O2O=0.8939 Fused=0.8939 Student=0.8813 FusionΔ=+0.0000 SelfTrainΔ=-0.0126
[0066/1000] cju1c8ffau5770835g0g343o8.jpg | O2O=0.9200 Fused=0.9200 Student=0.9331 FusionΔ=+0.0000 SelfTrainΔ=+0.0131
[0067/1000] cju1cbokpuiw70988j4lq1fpi.jpg | O2O=0.9170 Fused=0.9170 Student=0.9132 FusionΔ=+0.0000 SelfTrainΔ=-0.0038
[0068/1000] cju1cdxvz48hw0801i0fjwcnk.jpg | O2O=0.9400 Fused=0.9400 Student=0.9351 FusionΔ=+0.0000 SelfTrainΔ=-0.0049
[0069/1000] cju1cfhyg48bb0799cl5pr2jh.jpg | O2O=0.9725 Fused=0.9725 Student=0.9670 FusionΔ=+0.0000 SelfTrainΔ=-0.0055
[0070/1000] cju1cj3f0qi5n0993ut8f49rj.jpg | O2O=0.7417 Fused=0.7417 Student=0.8180 FusionΔ=+0.0000 SelfTrainΔ=+0.0764
[0071/1000] cju1cnnziug1l0835yh4ropyg.jpg | O2O=0.9486 Fused=0.9486 Student=0.9486 FusionΔ=+0.0000 SelfTrainΔ=-0.0000
[0072/1000] cju1cqc7n4gpy0855jt246k68.jpg | O2O=0.9285 Fused=0.9285 Student=0.9070 FusionΔ=+0.0000 SelfTrainΔ=-0.0215
[0073/1000] cju1csmlc4ht10799b8ymmghg.jpg | O2O=0.9599 Fused=0.9599 Student=0.9615 FusionΔ=+0.0000 SelfTrainΔ=+0.0015
[0074/1000] cju1cu1u2474n0878tt7v4tdr.jpg | O2O=0.9009 Fused=0.9009 Student=0.8390 FusionΔ=+0.0000 SelfTrainΔ=-0.0619
[0075/1000] cju1cvkfwqrec0993wbp1jlzm.jpg | O2O=0.8407 Fused=0.8407 Student=0.8061 FusionΔ=+0.0000 SelfTrainΔ=-0.0346
[0076/1000] cju1cyjb5qtie0993njqne9m3.jpg | O2O=0.0000 Fused=0.0000 Student=0.0095 FusionΔ=+0.0000 SelfTrainΔ=+0.0095
[0077/1000] cju1d31sp4d4k0878r3fr02ul.jpg | O2O=0.9482 Fused=0.9482 Student=0.9549 FusionΔ=+0.0000 SelfTrainΔ=+0.0067
[0078/1000] cju1d50a94qf50855wsowacrc.jpg | O2O=0.9653 Fused=0.9653 Student=0.9057 FusionΔ=+0.0000 SelfTrainΔ=-0.0596
[0079/1000] cju1d96gsv62d09881b3wecw2.jpg | O2O=0.8862 Fused=0.8862 Student=0.8912 FusionΔ=+0.0000 SelfTrainΔ=+0.0050
[0080/1000] cju1ddr6p4k5z08780uuuzit2.jpg | O2O=0.9207 Fused=0.9207 Student=0.9036 FusionΔ=+0.0000 SelfTrainΔ=-0.0171
[0081/1000] cju1dfeupuzlw0835gnxip369.jpg | O2O=0.9323 Fused=0.9323 Student=0.9333 FusionΔ=+0.0000 SelfTrainΔ=+0.0010
[0082/1000] cju1dg44i4z3w0801nyz4p6zf.jpg | O2O=0.0000 Fused=0.0000 Student=0.0000 FusionΔ=+0.0000 SelfTrainΔ=+0.0000
[0083/1000] cju1dhfok4mhe0878jlgrag0h.jpg | O2O=0.9275 Fused=0.9275 Student=0.9203 FusionΔ=+0.0000 SelfTrainΔ=-0.0072
[0084/1000] cju1dia8hvc6v098827mgffnm.jpg | O2O=0.9097 Fused=0.9097 Student=0.9004 FusionΔ=+0.0000 SelfTrainΔ=-0.0092
[0085/1000] cju1djtprvd7b0988thwwrg09.jpg | O2O=0.9363 Fused=0.9363 Student=0.9465 FusionΔ=+0.0000 SelfTrainΔ=+0.0102
[0086/1000] cju1dnz61vfp40988e78bkjga.jpg | O2O=0.8149 Fused=0.8149 Student=0.8315 FusionΔ=+0.0000 SelfTrainΔ=+0.0166
[0087/1000] cju1dq3x1vgx109889c7wyirg.jpg | O2O=0.9466 Fused=0.9466 Student=0.9453 FusionΔ=+0.0000 SelfTrainΔ=-0.0013
[0088/1000] cju1drnhbrb9409935wi7vkhg.jpg | O2O=0.1146 Fused=0.1146 Student=0.1143 FusionΔ=+0.0000 SelfTrainΔ=-0.0003
[0089/1000] cju1efbr0rqxz09931z0lf4vf.jpg | O2O=0.7629 Fused=0.7629 Student=0.7508 FusionΔ=+0.0000 SelfTrainΔ=-0.0121
[0090/1000] cju1egh885m1l0855ci1lt37c.jpg | O2O=0.9069 Fused=0.9069 Student=0.8345 FusionΔ=+0.0000 SelfTrainΔ=-0.0725
[0091/1000] cju1egx9pvz2n0988eoy8jp23.jpg | O2O=0.0000 Fused=0.0000 Student=0.0000 FusionΔ=+0.0000 SelfTrainΔ=+0.0000
[0092/1000] cju1ejj7dvqfa0835ra184v5m.jpg | O2O=0.9308 Fused=0.9308 Student=0.9101 FusionΔ=+0.0000 SelfTrainΔ=-0.0207
[0093/1000] cju1erep75us208553i4ofwwe.jpg | O2O=0.9225 Fused=0.9225 Student=0.9483 FusionΔ=+0.0000 SelfTrainΔ=+0.0258
[0094/1000] cju1euant5l960878iqj5vvto.jpg | O2O=0.7878 Fused=0.7878 Student=0.9030 FusionΔ=+0.0000 SelfTrainΔ=+0.1153
[0095/1000] cju1euuc65wm00799m4sjdnnn.jpg | O2O=0.9106 Fused=0.9106 Student=0.9058 FusionΔ=+0.0000 SelfTrainΔ=-0.0048
[0096/1000] cju1ewnoh5z030855vpex9uzt.jpg | O2O=0.9630 Fused=0.9630 Student=0.9637 FusionΔ=+0.0000 SelfTrainΔ=+0.0007
[0097/1000] cju1expq45zst0855rjqwwj4m.jpg | O2O=0.9270 Fused=0.9270 Student=0.9473 FusionΔ=+0.0000 SelfTrainΔ=+0.0203
[0098/1000] cju1f15k3w4ct0835cmde6ypo.jpg | O2O=0.8709 Fused=0.8709 Student=0.8702 FusionΔ=+0.0000 SelfTrainΔ=-0.0007
[0099/1000] cju1f320ewfyu0988ndz6blh5.jpg | O2O=0.9104 Fused=0.9104 Student=0.9087 FusionΔ=+0.0000 SelfTrainΔ=-0.0018
[0100/1000] cju1f5x1164xv08555654c24r.jpg | O2O=0.9342 Fused=0.9342 Student=0.9408 FusionΔ=+0.0000 SelfTrainΔ=+0.0066
[0101/1000] cju1f79yhsb5w0993txub59ol.jpg | O2O=0.9071 Fused=0.9071 Student=0.9181 FusionΔ=+0.0000 SelfTrainΔ=+0.0109
[0102/1000] cju1f8w0t65en0799m9oacq0q.jpg | O2O=0.9322 Fused=0.9322 Student=0.9473 FusionΔ=+0.0000 SelfTrainΔ=+0.0151
[0103/1000] cju1fb9236a110801yvg0fwju.jpg | O2O=0.8557 Fused=0.8557 Student=0.9002 FusionΔ=+0.0000 SelfTrainΔ=+0.0444
[0104/1000] cju1ffnjn6ctm08015perkg37.jpg | O2O=0.9421 Fused=0.9421 Student=0.9367 FusionΔ=+0.0000 SelfTrainΔ=-0.0054
[0105/1000] cju1fj6axwfp30835ukhuzhw9.jpg | O2O=0.7829 Fused=0.7829 Student=0.7809 FusionΔ=+0.0000 SelfTrainΔ=-0.0019
[0106/1000] cju1fjsb4sipq09931lvd8e41.jpg | O2O=0.5941 Fused=0.5941 Student=0.5555 FusionΔ=+0.0000 SelfTrainΔ=-0.0386
[0107/1000] cju1fm3id6gl50801r3fok20c.jpg | O2O=0.9286 Fused=0.9286 Student=0.9084 FusionΔ=+0.0000 SelfTrainΔ=-0.0202
[0108/1000] cju1fmsyf6gxb0801cimx2gle.jpg | O2O=0.9496 Fused=0.9496 Student=0.9510 FusionΔ=+0.0000 SelfTrainΔ=+0.0014
[0109/1000] cju1fr4etsmrr09933u4t4aql.jpg | O2O=0.9687 Fused=0.9687 Student=0.9579 FusionΔ=+0.0000 SelfTrainΔ=-0.0108
[0110/1000] cju1ftaji6isw0855108yqcse.jpg | O2O=0.9049 Fused=0.9049 Student=0.7941 FusionΔ=+0.0000 SelfTrainΔ=-0.1108
[0111/1000] cju1fuoa4wmc50835qfd11sp9.jpg | O2O=0.9690 Fused=0.9690 Student=0.9753 FusionΔ=+0.0000 SelfTrainΔ=+0.0064
[0112/1000] cju1fyb1d69et0878muzdak9u.jpg | O2O=0.9291 Fused=0.9291 Student=0.9626 FusionΔ=+0.0000 SelfTrainΔ=+0.0335
[0113/1000] cju1g20bdwq6u0835e16xugcd.jpg | O2O=0.9656 Fused=0.9656 Student=0.9407 FusionΔ=+0.0000 SelfTrainΔ=-0.0249
[0114/1000] cju1g4nsb6ngy0799l4ezm8ab.jpg | O2O=0.9624 Fused=0.9624 Student=0.9518 FusionΔ=+0.0000 SelfTrainΔ=-0.0107
[0115/1000] cju1gghyjwxt80835vx0wgxw0.jpg | O2O=0.9369 Fused=0.9369 Student=0.9335 FusionΔ=+0.0000 SelfTrainΔ=-0.0034
[0116/1000] cju1gi7jlwyld0835cdf6g6qz.jpg | O2O=0.9466 Fused=0.9466 Student=0.9301 FusionΔ=+0.0000 SelfTrainΔ=-0.0165
[0117/1000] cju1gkndf6yi10801o1qnje19.jpg | O2O=0.0000 Fused=0.0000 Student=0.6729 FusionΔ=+0.0000 SelfTrainΔ=+0.6729
[0118/1000] cju1gv7106qd008784gk603mg.jpg | O2O=0.9705 Fused=0.9705 Student=0.9468 FusionΔ=+0.0000 SelfTrainΔ=-0.0237
[0119/1000] cju1h5w4wxajx0835mc954kxy.jpg | O2O=0.8756 Fused=0.8756 Student=0.8749 FusionΔ=+0.0000 SelfTrainΔ=-0.0007
[0120/1000] cju1h89h6xbnx08352k2790o9.jpg | O2O=0.9383 Fused=0.9383 Student=0.9359 FusionΔ=+0.0000 SelfTrainΔ=-0.0024
[0121/1000] cju1haab178i70799tk9z8y8x.jpg | O2O=0.9692 Fused=0.9692 Student=0.9634 FusionΔ=+0.0000 SelfTrainΔ=-0.0058
[0122/1000] cju1hhj6mxfp90835n3wofrap.jpg | O2O=0.9151 Fused=0.9151 Student=0.9041 FusionΔ=+0.0000 SelfTrainΔ=-0.0110
[0123/1000] cju1hirfi7ekp0855q0vgm9qq.jpg | O2O=0.8675 Fused=0.8675 Student=0.8728 FusionΔ=+0.0000 SelfTrainΔ=+0.0053
[0124/1000] cju1hmff8tkp809931jps6fbr.jpg | O2O=0.6995 Fused=0.6995 Student=0.7170 FusionΔ=+0.0000 SelfTrainΔ=+0.0175
[0125/1000] cju1hp9i2xu8e0988u2dazk7m.jpg | O2O=0.9741 Fused=0.9741 Student=0.9566 FusionΔ=+0.0000 SelfTrainΔ=-0.0175
[0126/1000] cju1hs0za7jha0855vj0mdrjt.jpg | O2O=0.9612 Fused=0.9612 Student=0.9594 FusionΔ=+0.0000 SelfTrainΔ=-0.0018
[0127/1000] cju1hyolc7aqu0878rrkfn1lr.jpg | O2O=0.9256 Fused=0.9256 Student=0.9276 FusionΔ=+0.0000 SelfTrainΔ=+0.0021
[0128/1000] cju2hdr06v2bq0799mbm3bks1.jpg | O2O=0.2288 Fused=0.2288 Student=0.4047 FusionΔ=+0.0000 SelfTrainΔ=+0.1759
[0129/1000] cju2hewssldzx0835ep795xu0.jpg | O2O=0.9539 Fused=0.9539 Student=0.9483 FusionΔ=+0.0000 SelfTrainΔ=-0.0056
[0130/1000] cju2hfqnmhisa0993gpleeldd.jpg | O2O=0.6474 Fused=0.6474 Student=0.6394 FusionΔ=+0.0000 SelfTrainΔ=-0.0080
[0131/1000] cju2hgsptlfam0835o3b59h1o.jpg | O2O=0.9060 Fused=0.9060 Student=0.9102 FusionΔ=+0.0000 SelfTrainΔ=+0.0043
[0132/1000] cju2hjrqcvi2j0801bx1i6gxg.jpg | O2O=0.6978 Fused=0.6978 Student=0.6981 FusionΔ=+0.0000 SelfTrainΔ=+0.0003
[0133/1000] cju2hlm19vjjf0801o69qnber.jpg | O2O=0.9434 Fused=0.9434 Student=0.9421 FusionΔ=+0.0000 SelfTrainΔ=-0.0013
[0134/1000] cju2hos57llxm08359g92p6jj.jpg | O2O=0.8352 Fused=0.8352 Student=0.8414 FusionΔ=+0.0000 SelfTrainΔ=+0.0062
[0135/1000] cju2hqt33lmra0988fr5ijv8j.jpg | O2O=0.9647 Fused=0.9647 Student=0.9591 FusionΔ=+0.0000 SelfTrainΔ=-0.0057
[0136/1000] cju2htabevq9108015qjei0x7.jpg | O2O=0.6269 Fused=0.6269 Student=0.8004 FusionΔ=+0.0000 SelfTrainΔ=+0.1736
[0137/1000] cju2hugv9vget0799hhk7ksvg.jpg | O2O=0.8937 Fused=0.8937 Student=0.8135 FusionΔ=+0.0000 SelfTrainΔ=-0.0801
[0138/1000] cju2hw5gjlr5h0988so2qqres.jpg | O2O=0.9677 Fused=0.9677 Student=0.9585 FusionΔ=+0.0000 SelfTrainΔ=-0.0093
[0139/1000] cju2hx006vidl0799igm81vmh.jpg | O2O=0.9206 Fused=0.9206 Student=0.9300 FusionΔ=+0.0000 SelfTrainΔ=+0.0094
[0140/1000] cju2i03ptvkiu0799xbbd4det.jpg | O2O=0.9509 Fused=0.9509 Student=0.9511 FusionΔ=+0.0000 SelfTrainΔ=+0.0001
[0141/1000] cju2i3hzclw3o0988rrgh911i.jpg | O2O=0.9220 Fused=0.9220 Student=0.9208 FusionΔ=+0.0000 SelfTrainΔ=-0.0013
[0142/1000] cju2i6acqvo6l0799u20fift8.jpg | O2O=0.9740 Fused=0.9740 Student=0.9625 FusionΔ=+0.0000 SelfTrainΔ=-0.0115
[0143/1000] cju2i8br1vqtd08784u6vmcjk.jpg | O2O=0.9761 Fused=0.9761 Student=0.9490 FusionΔ=+0.0000 SelfTrainΔ=-0.0271
[0144/1000] cju2iatlki5u309930zmgkv6h.jpg | O2O=0.6153 Fused=0.6153 Student=0.6137 FusionΔ=+0.0000 SelfTrainΔ=-0.0016
[0145/1000] cju2igw4gvxds0878808qj398.jpg | O2O=0.1597 Fused=0.1597 Student=0.1549 FusionΔ=+0.0000 SelfTrainΔ=-0.0048
[0146/1000] cju2ij9uiic2l09933ljiv6gm.jpg | O2O=0.0000 Fused=0.0000 Student=0.0000 FusionΔ=+0.0000 SelfTrainΔ=+0.0000
[0147/1000] cju2lberzkdzm09938cl40pog.jpg | O2O=0.9073 Fused=0.9073 Student=0.9568 FusionΔ=+0.0000 SelfTrainΔ=+0.0495
[0148/1000] cju2lcyfgkf5809932fn9gucn.jpg | O2O=0.9452 Fused=0.9452 Student=0.9339 FusionΔ=+0.0000 SelfTrainΔ=-0.0113
[0149/1000] cju2lejzcy4pc0878c9rlonot.jpg | O2O=0.9760 Fused=0.9760 Student=0.9692 FusionΔ=+0.0000 SelfTrainΔ=-0.0068
[0150/1000] cju2lyynuymli0855g7fxgbhe.jpg | O2O=0.0302 Fused=0.0302 Student=0.0300 FusionΔ=+0.0000 SelfTrainΔ=-0.0002
[0151/1000] cju2lz8vqktne0993fuym6drw.jpg | O2O=0.9549 Fused=0.9549 Student=0.9291 FusionΔ=+0.0000 SelfTrainΔ=-0.0258
[0152/1000] cju2m56cryvqd0801gtn2yp8t.jpg | O2O=0.9513 Fused=0.9513 Student=0.9516 FusionΔ=+0.0000 SelfTrainΔ=+0.0003
[0153/1000] cju2m71z2ywwv080131bcrsd3.jpg | O2O=0.9305 Fused=0.9305 Student=0.9063 FusionΔ=+0.0000 SelfTrainΔ=-0.0242
[0154/1000] cju2ma647l0nj0993ot4deq2q.jpg | O2O=0.7249 Fused=0.7249 Student=0.7249 FusionΔ=+0.0000 SelfTrainΔ=+0.0001
[0155/1000] cju2mfjndoz700988b9lc3zeq.jpg | O2O=0.9484 Fused=0.9484 Student=0.9267 FusionΔ=+0.0000 SelfTrainΔ=-0.0217
[0156/1000] cju2mh8t6p07008350e01tx2a.jpg | O2O=0.9468 Fused=0.9468 Student=0.9523 FusionΔ=+0.0000 SelfTrainΔ=+0.0055
[0157/1000] cju2nbdpmlmcj0993s1cht0dz.jpg | O2O=0.3708 Fused=0.3708 Student=0.3603 FusionΔ=+0.0000 SelfTrainΔ=-0.0105
[0158/1000] cju2nd7l7z98o0799gfjvyfmw.jpg | O2O=0.9509 Fused=0.9509 Student=0.9597 FusionΔ=+0.0000 SelfTrainΔ=+0.0088
[0159/1000] cju2nfnvxzdkd0878399axlco.jpg | O2O=0.8531 Fused=0.8531 Student=0.8424 FusionΔ=+0.0000 SelfTrainΔ=-0.0107
[0160/1000] cju2nguelpmlj0835rojdn097.jpg | O2O=0.9700 Fused=0.9700 Student=0.9702 FusionΔ=+0.0000 SelfTrainΔ=+0.0003
[0161/1000] cju2nnqrqzp580855z8mhzgd6.jpg | O2O=0.0000 Fused=0.0000 Student=0.6143 FusionΔ=+0.0000 SelfTrainΔ=+0.6143
[0162/1000] cju2np2k9zi3v079992ypxqkn.jpg | O2O=0.0000 Fused=0.0000 Student=0.8237 FusionΔ=+0.0000 SelfTrainΔ=+0.8237
[0163/1000] cju2nqapmzvk20801f9us40dx.jpg | O2O=0.8662 Fused=0.9591 Student=0.8646 FusionΔ=+0.0929 SelfTrainΔ=-0.0945
[0164/1000] cju2nsmwjlzyl0993jl80chvz.jpg | O2O=0.9602 Fused=0.9602 Student=0.9584 FusionΔ=+0.0000 SelfTrainΔ=-0.0019
[0165/1000] cju2ntxtdzlvu0799xl3j9pan.jpg | O2O=0.8934 Fused=0.8934 Student=0.9048 FusionΔ=+0.0000 SelfTrainΔ=+0.0115
[0166/1000] cju2nyc5f02m40801ojqbtiea.jpg | O2O=0.9636 Fused=0.9636 Student=0.9175 FusionΔ=+0.0000 SelfTrainΔ=-0.0461
[0167/1000] cju2oi8sq0i2y0801mektzvw8.jpg | O2O=0.1834 Fused=0.1834 Student=0.1888 FusionΔ=+0.0000 SelfTrainΔ=+0.0054
[0168/1000] cju2okvco06xc0799kxe5n1qh.jpg | O2O=0.8982 Fused=0.8982 Student=0.9362 FusionΔ=+0.0000 SelfTrainΔ=+0.0380
[0169/1000] cju2omjpeqj5a0988pjdlb8l1.jpg | O2O=0.0000 Fused=0.9596 Student=0.9570 FusionΔ=+0.9596 SelfTrainΔ=-0.0025
[0170/1000] cju2oo0wh0bqy0878biujeyhe.jpg | O2O=0.9717 Fused=0.9717 Student=0.9560 FusionΔ=+0.0000 SelfTrainΔ=-0.0157
[0171/1000] cju2oq5570avm079959o20op1.jpg | O2O=0.9620 Fused=0.9620 Student=0.9440 FusionΔ=+0.0000 SelfTrainΔ=-0.0180
[0172/1000] cju2osuru0ki00855txo0n3uu.jpg | O2O=0.9766 Fused=0.9766 Student=0.9737 FusionΔ=+0.0000 SelfTrainΔ=-0.0029
[0173/1000] cju2otvvv0l7z0855x7we8cb0.jpg | O2O=0.9483 Fused=0.9483 Student=0.9330 FusionΔ=+0.0000 SelfTrainΔ=-0.0154
[0174/1000] cju2ouil2mssu0993hvxsed6d.jpg | O2O=0.8055 Fused=0.8055 Student=0.8197 FusionΔ=+0.0000 SelfTrainΔ=+0.0141
[0175/1000] cju2p0eveqtdc0835gpi3p93i.jpg | O2O=0.9596 Fused=0.9596 Student=0.9637 FusionΔ=+0.0000 SelfTrainΔ=+0.0041
[0176/1000] cju2p4ddkmzxj0993p94o62av.jpg | O2O=0.9570 Fused=0.9570 Student=0.9665 FusionΔ=+0.0000 SelfTrainΔ=+0.0095
[0177/1000] cju2p91qir00k08350ddfif0w.jpg | O2O=0.9669 Fused=0.9669 Student=0.9723 FusionΔ=+0.0000 SelfTrainΔ=+0.0055
[0178/1000] cju2pag1f0s4r0878h52uq83s.jpg | O2O=0.9297 Fused=0.9297 Student=0.9337 FusionΔ=+0.0000 SelfTrainΔ=+0.0041
[0179/1000] cju2phaksnahz0993yxogjcpv.jpg | O2O=0.9037 Fused=0.9037 Student=0.9248 FusionΔ=+0.0000 SelfTrainΔ=+0.0212
[0180/1000] cju2pjb9v0ywn0878j5g5n69j.jpg | O2O=0.9569 Fused=0.9569 Student=0.9618 FusionΔ=+0.0000 SelfTrainΔ=+0.0049
[0181/1000] cju2pkwt3r8b90988v2ywq1px.jpg | O2O=0.9351 Fused=0.9351 Student=0.9197 FusionΔ=+0.0000 SelfTrainΔ=-0.0155
[0182/1000] cju2pmhtr17a00855cvpelzb0.jpg | O2O=0.9739 Fused=0.9739 Student=0.9466 FusionΔ=+0.0000 SelfTrainΔ=-0.0272
[0183/1000] cju2qdj95ru8g09886gfi9rsz.jpg | O2O=0.4415 Fused=0.4415 Student=0.2926 FusionΔ=+0.0000 SelfTrainΔ=-0.1489
[0184/1000] cju2qfie4rvz508357kad9z5o.jpg | O2O=0.0000 Fused=0.5560 Student=0.5600 FusionΔ=+0.5560 SelfTrainΔ=+0.0041
[0185/1000] cju2qh5le1ock0878oahaql7d.jpg | O2O=0.9565 Fused=0.9565 Student=0.9315 FusionΔ=+0.0000 SelfTrainΔ=-0.0250
[0186/1000] cju2qn2fzs1vy0988l243cvzy.jpg | O2O=0.9696 Fused=0.9696 Student=0.9556 FusionΔ=+0.0000 SelfTrainΔ=-0.0140
[0187/1000] cju2qozsk20cq0855ugrg3cri.jpg | O2O=0.9445 Fused=0.9445 Student=0.9419 FusionΔ=+0.0000 SelfTrainΔ=-0.0025
[0188/1000] cju2qqn5ys4uo0988ewrt2ip2.jpg | O2O=0.2057 Fused=0.2057 Student=0.2130 FusionΔ=+0.0000 SelfTrainΔ=+0.0073
[0189/1000] cju2qs32r1vys07999conmbvx.jpg | O2O=0.9127 Fused=0.9127 Student=0.9227 FusionΔ=+0.0000 SelfTrainΔ=+0.0100
[0190/1000] cju2qtee81yd708787bsjr75d.jpg | O2O=0.7306 Fused=0.7306 Student=0.7243 FusionΔ=+0.0000 SelfTrainΔ=-0.0063
[0191/1000] cju2qu37qobl50993aw7ghcfq.jpg | O2O=0.9267 Fused=0.9267 Student=0.9057 FusionΔ=+0.0000 SelfTrainΔ=-0.0211
[0192/1000] cju2qvuj1s9ok0835tp2k4ozh.jpg | O2O=0.4379 Fused=0.4379 Student=0.4500 FusionΔ=+0.0000 SelfTrainΔ=+0.0121
[0193/1000] cju2qxxko229x08786gvxxhur.jpg | O2O=0.1447 Fused=0.1447 Student=0.1445 FusionΔ=+0.0000 SelfTrainΔ=-0.0003
[0194/1000] cju2qz06823a40878ojcz9ccx.jpg | O2O=0.8135 Fused=0.8135 Student=0.8114 FusionΔ=+0.0000 SelfTrainΔ=-0.0022
[0195/1000] cju2r11x7sdgx0988o8ule0wl.jpg | O2O=0.9727 Fused=0.9727 Student=0.9770 FusionΔ=+0.0000 SelfTrainΔ=+0.0043
[0196/1000] cju2r2obh2bjm08553kng0rh7.jpg | O2O=0.9599 Fused=0.9599 Student=0.9377 FusionΔ=+0.0000 SelfTrainΔ=-0.0222
[0197/1000] cju2r6mt2om21099352pny5gw.jpg | O2O=0.4304 Fused=0.4304 Student=0.4216 FusionΔ=+0.0000 SelfTrainΔ=-0.0088
[0198/1000] cju2r7h21sj9608354gzks3ae.jpg | O2O=0.6527 Fused=0.6527 Student=0.6614 FusionΔ=+0.0000 SelfTrainΔ=+0.0087
[0199/1000] cju2r91dg2k090801bh0xzbxk.jpg | O2O=0.9637 Fused=0.9637 Student=0.9664 FusionΔ=+0.0000 SelfTrainΔ=+0.0026
[0200/1000] cju2raxlosl630988jdbfy9b0.jpg | O2O=0.7895 Fused=0.7895 Student=0.8016 FusionΔ=+0.0000 SelfTrainΔ=+0.0121
[0201/1000] cju2rga4psq9n09881z519xx0.jpg | O2O=0.9460 Fused=0.9460 Student=0.9516 FusionΔ=+0.0000 SelfTrainΔ=+0.0055
[0202/1000] cju2ricdv2iys0878sv1adh0u.jpg | O2O=0.3942 Fused=0.3942 Student=0.4086 FusionΔ=+0.0000 SelfTrainΔ=+0.0144
[0203/1000] cju2rkjfwoxys0993x768l1j2.jpg | O2O=0.6824 Fused=0.6824 Student=0.6710 FusionΔ=+0.0000 SelfTrainΔ=-0.0114
[0204/1000] cju2rlqdnoz9k0993cpjae3x0.jpg | O2O=0.8588 Fused=0.8588 Student=0.8636 FusionΔ=+0.0000 SelfTrainΔ=+0.0047
[0205/1000] cju2rmd2rsw9g09888hh1efu0.jpg | O2O=0.8116 Fused=0.8116 Student=0.0000 FusionΔ=+0.0000 SelfTrainΔ=-0.8116
[0206/1000] cju2rn0hasxri0835nfy3buay.jpg | O2O=0.7912 Fused=0.7912 Student=0.6971 FusionΔ=+0.0000 SelfTrainΔ=-0.0941
[0207/1000] cju2rnkt22xep0801as160g9t.jpg | O2O=0.8587 Fused=0.8587 Student=0.8504 FusionΔ=+0.0000 SelfTrainΔ=-0.0083
[0208/1000] cju2ro5jqsy680988pi6qsujw.jpg | O2O=0.0000 Fused=0.0000 Student=0.0000 FusionΔ=+0.0000 SelfTrainΔ=+0.0000
[0209/1000] cju2rpa30t07b0835im0erql0.jpg | O2O=0.9678 Fused=0.9678 Student=0.9512 FusionΔ=+0.0000 SelfTrainΔ=-0.0166
[0210/1000] cju2rqo702wpx0855fn7d5cxh.jpg | O2O=0.9193 Fused=0.9193 Student=0.9040 FusionΔ=+0.0000 SelfTrainΔ=-0.0153
[0211/1000] cju2rxm8rpbaf0993o3qr2oph.jpg | O2O=0.9354 Fused=0.9354 Student=0.9299 FusionΔ=+0.0000 SelfTrainΔ=-0.0055
[0212/1000] cju2rz4k434s70855wwx3ddtx.jpg | O2O=0.8983 Fused=0.8983 Student=0.8888 FusionΔ=+0.0000 SelfTrainΔ=-0.0094
[0213/1000] cju2rzpsmtb0f0835jabkbao1.jpg | O2O=0.8979 Fused=0.8979 Student=0.8951 FusionΔ=+0.0000 SelfTrainΔ=-0.0028
[0214/1000] cju2s16zp317h0799gr67jqc2.jpg | O2O=0.0000 Fused=0.0000 Student=0.8890 FusionΔ=+0.0000 SelfTrainΔ=+0.8890
[0215/1000] cju2s2527pfyr0993l3h1149a.jpg | O2O=0.9285 Fused=0.9285 Student=0.9140 FusionΔ=+0.0000 SelfTrainΔ=-0.0145
[0216/1000] cju2s9g11pnra0993gn4eh793.jpg | O2O=0.4841 Fused=0.4841 Student=0.4682 FusionΔ=+0.0000 SelfTrainΔ=-0.0159
[0217/1000] cju2saez63gxl08559ucjq3kt.jpg | O2O=0.9633 Fused=0.9633 Student=0.9525 FusionΔ=+0.0000 SelfTrainΔ=-0.0108
[0218/1000] cju2sevf53lkx08558h5bpaig.jpg | O2O=0.8507 Fused=0.8507 Student=0.8362 FusionΔ=+0.0000 SelfTrainΔ=-0.0145
[0219/1000] cju2sggy13na70855tbeoqgha.jpg | O2O=0.8656 Fused=0.8656 Student=0.8768 FusionΔ=+0.0000 SelfTrainΔ=+0.0113
[0220/1000] cju2spdagu1l50835da1f46fr.jpg | O2O=0.9301 Fused=0.9301 Student=0.9353 FusionΔ=+0.0000 SelfTrainΔ=+0.0052
[0221/1000] cju2srvy5440s0801y1ba9akr.jpg | O2O=0.0000 Fused=0.8765 Student=0.0000 FusionΔ=+0.8765 SelfTrainΔ=-0.8765
[0222/1000] cju2sszfq3uye0878sucelzk2.jpg | O2O=0.1903 Fused=0.1903 Student=0.1915 FusionΔ=+0.0000 SelfTrainΔ=+0.0012
[0223/1000] cju2suk42469908015ngmq6f2.jpg | O2O=0.9566 Fused=0.9566 Student=0.9461 FusionΔ=+0.0000 SelfTrainΔ=-0.0106
[0224/1000] cju2sxf3iqbpv09937iksn8ep.jpg | O2O=0.9485 Fused=0.9485 Student=0.9490 FusionΔ=+0.0000 SelfTrainΔ=+0.0006
[0225/1000] cju2syxa93yw40799x2iuwabz.jpg | O2O=0.9165 Fused=0.9165 Student=0.9186 FusionΔ=+0.0000 SelfTrainΔ=+0.0021
[0226/1000] cju2t16vuucaq0835xcpsivn2.jpg | O2O=0.9473 Fused=0.9473 Student=0.8892 FusionΔ=+0.0000 SelfTrainΔ=-0.0581
[0227/1000] cju2t2ivz43i10878zeg8r1br.jpg | O2O=0.8827 Fused=0.8827 Student=0.8886 FusionΔ=+0.0000 SelfTrainΔ=+0.0059
[0228/1000] cju2t3ibkuecr0835o7si16zv.jpg | O2O=0.9303 Fused=0.9303 Student=0.9338 FusionΔ=+0.0000 SelfTrainΔ=+0.0035
[0229/1000] cju2t62nq45jl0799odpufwx6.jpg | O2O=0.9650 Fused=0.9650 Student=0.9627 FusionΔ=+0.0000 SelfTrainΔ=-0.0023
[0230/1000] cju2t9tdwuk700835kv0ljmtl.jpg | O2O=0.8731 Fused=0.8731 Student=0.8796 FusionΔ=+0.0000 SelfTrainΔ=+0.0065
[0231/1000] cju2ti1du4idn0878giuozonw.jpg | O2O=0.8055 Fused=0.8055 Student=0.8027 FusionΔ=+0.0000 SelfTrainΔ=-0.0028
[0232/1000] cju2tjrog4jy30878pawyazqc.jpg | O2O=0.9480 Fused=0.9480 Student=0.9364 FusionΔ=+0.0000 SelfTrainΔ=-0.0116
[0233/1000] cju2top2ruxxy0988p1svx36g.jpg | O2O=0.0000 Fused=0.0189 Student=0.0000 FusionΔ=+0.0189 SelfTrainΔ=-0.0189
[0234/1000] cju2tpfa5uyx408359datxqqj.jpg | O2O=0.9542 Fused=0.9542 Student=0.9597 FusionΔ=+0.0000 SelfTrainΔ=+0.0055
[0235/1000] cju2tqfgw4oat0799rn0g5b2z.jpg | O2O=0.9649 Fused=0.9649 Student=0.9507 FusionΔ=+0.0000 SelfTrainΔ=-0.0142
[0236/1000] cju2trbpkv0c00988hxla5dzz.jpg | O2O=0.9635 Fused=0.9635 Student=0.9496 FusionΔ=+0.0000 SelfTrainΔ=-0.0139
[0237/1000] cju2trtjf4qjd0878a2zle9v9.jpg | O2O=0.4090 Fused=0.4090 Student=0.4002 FusionΔ=+0.0000 SelfTrainΔ=-0.0088
[0238/1000] cju2tvrvm53ws0801a0jfjdxg.jpg | O2O=0.0000 Fused=0.0000 Student=0.0001 FusionΔ=+0.0000 SelfTrainΔ=+0.0001
[0239/1000] cju2txjfzv60w098839dcimys.jpg | O2O=0.8723 Fused=0.8723 Student=0.8691 FusionΔ=+0.0000 SelfTrainΔ=-0.0032
[0240/1000] cju2tzypl4wss0799ow05oxb9.jpg | O2O=0.8948 Fused=0.8948 Student=0.7734 FusionΔ=+0.0000 SelfTrainΔ=-0.1214
[0241/1000] cju2u2b9o4zvp08788qb9nqxj.jpg | O2O=0.6853 Fused=0.6853 Student=0.6710 FusionΔ=+0.0000 SelfTrainΔ=-0.0142
[0242/1000] cju2u4pymvc720988wsxrmi84.jpg | O2O=0.8341 Fused=0.8341 Student=0.8499 FusionΔ=+0.0000 SelfTrainΔ=+0.0158
[0243/1000] cju2u73dj53oz0878486k8k4b.jpg | O2O=0.9606 Fused=0.9606 Student=0.9561 FusionΔ=+0.0000 SelfTrainΔ=-0.0046
[0244/1000] cju2ueb6j5ado0878vf5md13o.jpg | O2O=0.0000 Fused=0.0000 Student=0.0000 FusionΔ=+0.0000 SelfTrainΔ=+0.0000
[0245/1000] cju2ulk385h170799rlklxob0.jpg | O2O=0.7811 Fused=0.7811 Student=0.7680 FusionΔ=+0.0000 SelfTrainΔ=-0.0131
[0246/1000] cju2uokeg5jm20799xwgsyz89.jpg | O2O=0.6731 Fused=0.6731 Student=0.6726 FusionΔ=+0.0000 SelfTrainΔ=-0.0005
[0247/1000] cju2upu4evw7g08358guwozxv.jpg | O2O=0.9429 Fused=0.9429 Student=0.9239 FusionΔ=+0.0000 SelfTrainΔ=-0.0191
[0248/1000] cju2urqpwvxw70835rvndvtsi.jpg | O2O=0.9286 Fused=0.9286 Student=0.8542 FusionΔ=+0.0000 SelfTrainΔ=-0.0745
[0249/1000] cju2uwz9f5yf1085506cfamfx.jpg | O2O=0.9110 Fused=0.9110 Student=0.0000 FusionΔ=+0.0000 SelfTrainΔ=-0.9110
[0250/1000] cju2uy8ox62jo0801g88hh42z.jpg | O2O=0.9435 Fused=0.9435 Student=0.9468 FusionΔ=+0.0000 SelfTrainΔ=+0.0033
[0251/1000] cju2uzabhs6er0993x3aaf87p.jpg | O2O=0.4921 Fused=0.4921 Student=0.4805 FusionΔ=+0.0000 SelfTrainΔ=-0.0116
[0252/1000] cju2wtwj87kys0855kx6mddzw.jpg | O2O=0.0000 Fused=0.1253 Student=0.5747 FusionΔ=+0.1253 SelfTrainΔ=+0.4494
[0253/1000] cju2wve9v7esz0878mxsdcy04.jpg | O2O=0.9368 Fused=0.9368 Student=0.9222 FusionΔ=+0.0000 SelfTrainΔ=-0.0146
[0254/1000] cju2wx0gh7fpz0878wwyd9ep8.jpg | O2O=0.9505 Fused=0.9505 Student=0.9392 FusionΔ=+0.0000 SelfTrainΔ=-0.0113
[0255/1000] cju2wxv0hxs2f09884w48v8fi.jpg | O2O=0.0000 Fused=0.0000 Student=0.0000 FusionΔ=+0.0000 SelfTrainΔ=+0.0000
[0256/1000] cju2wzu8wxtgu09880ku9x1pg.jpg | O2O=0.9701 Fused=0.9701 Student=0.9708 FusionΔ=+0.0000 SelfTrainΔ=+0.0007
[0257/1000] cju2x7vw87mu30878hye2ca0m.jpg | O2O=0.8767 Fused=0.9373 Student=0.9337 FusionΔ=+0.0606 SelfTrainΔ=-0.0036
[0258/1000] cju2xa3i4y0160988i679zsqd.jpg | O2O=0.9658 Fused=0.9658 Student=0.9393 FusionΔ=+0.0000 SelfTrainΔ=-0.0264
[0259/1000] cju2xbk0080y80801eghyddi2.jpg | O2O=0.9620 Fused=0.9620 Student=0.9332 FusionΔ=+0.0000 SelfTrainΔ=-0.0288
[0260/1000] cju2xd75m82720801q4s4ik3n.jpg | O2O=0.9767 Fused=0.9767 Student=0.9698 FusionΔ=+0.0000 SelfTrainΔ=-0.0069
[0261/1000] cju2xf8e5y2wm08359vcgk09b.jpg | O2O=0.9581 Fused=0.9581 Student=0.9525 FusionΔ=+0.0000 SelfTrainΔ=-0.0056
[0262/1000] cju2xjz2ju8pe0993ysv9wg17.jpg | O2O=0.9634 Fused=0.9634 Student=0.9639 FusionΔ=+0.0000 SelfTrainΔ=+0.0005
[0263/1000] cju2xlcqxy9c60988vjacdznb.jpg | O2O=0.0000 Fused=0.0000 Student=0.7314 FusionΔ=+0.0000 SelfTrainΔ=+0.7314
[0264/1000] cju2xs6na81t20878pt6nkfip.jpg | O2O=0.0000 Fused=0.0000 Student=0.2859 FusionΔ=+0.0000 SelfTrainΔ=+0.2859
[0265/1000] cju2xwm1s84l50799i60mq0pu.jpg | O2O=0.9311 Fused=0.9163 Student=0.9072 FusionΔ=-0.0148 SelfTrainΔ=-0.0090
[0266/1000] cju2xyd9vyi7m098831qcucse.jpg | O2O=0.9748 Fused=0.9748 Student=0.9710 FusionΔ=+0.0000 SelfTrainΔ=-0.0038
[0267/1000] cju2y0z6g87p10878fpk5d3rq.jpg | O2O=0.9304 Fused=0.9304 Student=0.9303 FusionΔ=+0.0000 SelfTrainΔ=-0.0001
[0268/1000] cju2y26c588bo07993ksd8eoz.jpg | O2O=0.9415 Fused=0.9415 Student=0.9083 FusionΔ=+0.0000 SelfTrainΔ=-0.0332
[0269/1000] cju2y40d8ulqo0993q0adtgtb.jpg | O2O=0.0000 Fused=0.0000 Student=0.8657 FusionΔ=+0.0000 SelfTrainΔ=+0.8657
[0270/1000] cju2y5zas8m7f0801d34g5owq.jpg | O2O=0.8308 Fused=0.8308 Student=0.8327 FusionΔ=+0.0000 SelfTrainΔ=+0.0020
[0271/1000] cju2y8s56ymqr083541ggdsml.jpg | O2O=0.9018 Fused=0.9018 Student=0.8706 FusionΔ=+0.0000 SelfTrainΔ=-0.0313
[0272/1000] cju2yb31a8e8u0878wdashg7o.jpg | O2O=0.9635 Fused=0.9635 Student=0.9411 FusionΔ=+0.0000 SelfTrainΔ=-0.0223
[0273/1000] cju2ycp1u8g2r0799jslnp7cz.jpg | O2O=0.8141 Fused=0.8141 Student=0.7908 FusionΔ=+0.0000 SelfTrainΔ=-0.0232
[0274/1000] cju2yg5ht8i4p087800js8hp4.jpg | O2O=0.9490 Fused=0.9490 Student=0.9351 FusionΔ=+0.0000 SelfTrainΔ=-0.0139
[0275/1000] cju2yi9tz8vky0801yqip0xyl.jpg | O2O=0.0000 Fused=0.0000 Student=0.0000 FusionΔ=+0.0000 SelfTrainΔ=+0.0000
[0276/1000] cju2yljr0yzhw0988ecf271ly.jpg | O2O=0.9063 Fused=0.9063 Student=0.9197 FusionΔ=+0.0000 SelfTrainΔ=+0.0133
[0277/1000] cju2yo1j1v0qz09934o0e683p.jpg | O2O=0.7838 Fused=0.7838 Student=0.7633 FusionΔ=+0.0000 SelfTrainΔ=-0.0205
[0278/1000] cju2ysg748ru80878sp6j0gm0.jpg | O2O=0.7011 Fused=0.7011 Student=0.6870 FusionΔ=+0.0000 SelfTrainΔ=-0.0141
[0279/1000] cju2yv4imv6cz099314jveiib.jpg | O2O=0.8694 Fused=0.8694 Student=0.8739 FusionΔ=+0.0000 SelfTrainΔ=+0.0045
[0280/1000] cju2yw4s7z7p20988lmf2gdgd.jpg | O2O=0.9488 Fused=0.9488 Student=0.9404 FusionΔ=+0.0000 SelfTrainΔ=-0.0084
[0281/1000] cju2yyhsp933j0855hp32e012.jpg | O2O=0.9738 Fused=0.9738 Student=0.9656 FusionΔ=+0.0000 SelfTrainΔ=-0.0082
[0282/1000] cju2z1nxlzaj40835wj81s1iy.jpg | O2O=0.9259 Fused=0.9259 Student=0.8646 FusionΔ=+0.0000 SelfTrainΔ=-0.0614
[0283/1000] cju2z2x3nvd3c099350zgty7w.jpg | O2O=0.9379 Fused=0.9379 Student=0.9240 FusionΔ=+0.0000 SelfTrainΔ=-0.0139
[0284/1000] cju2z45kuzf6d0988nz2c819m.jpg | O2O=0.9300 Fused=0.9300 Student=0.9297 FusionΔ=+0.0000 SelfTrainΔ=-0.0003
[0285/1000] cju2z6ez69g4u0801qwt088lw.jpg | O2O=0.2496 Fused=0.2496 Student=0.2541 FusionΔ=+0.0000 SelfTrainΔ=+0.0045
[0286/1000] cju2z9vlp9j0w0801oag91sy9.jpg | O2O=0.9461 Fused=0.9461 Student=0.9353 FusionΔ=+0.0000 SelfTrainΔ=-0.0109
[0287/1000] cju2zblxw9848087853csbrx1.jpg | O2O=0.9624 Fused=0.9624 Student=0.9400 FusionΔ=+0.0000 SelfTrainΔ=-0.0224
[0288/1000] cju2zdhsczmn50988z64qwg2q.jpg | O2O=0.7367 Fused=0.7367 Student=0.7700 FusionΔ=+0.0000 SelfTrainΔ=+0.0333
[0289/1000] cju2zdvjn9h7r08553cp4eed5.jpg | O2O=0.9340 Fused=0.9340 Student=0.9174 FusionΔ=+0.0000 SelfTrainΔ=-0.0166
[0290/1000] cju2zgbj9zmrw0835nnlzxj4c.jpg | O2O=0.9239 Fused=0.9239 Student=0.8941 FusionΔ=+0.0000 SelfTrainΔ=-0.0299
[0291/1000] cju2zi4l09f5807991s8do2b2.jpg | O2O=0.9456 Fused=0.9456 Student=0.9227 FusionΔ=+0.0000 SelfTrainΔ=-0.0229
[0292/1000] cju2zjcvj9qma0801dk71hhi0.jpg | O2O=0.3596 Fused=0.3596 Student=0.3597 FusionΔ=+0.0000 SelfTrainΔ=+0.0001
[0293/1000] cju2zkpdl9h7t0799ix60teqg.jpg | O2O=0.9355 Fused=0.9355 Student=0.9147 FusionΔ=+0.0000 SelfTrainΔ=-0.0208
[0294/1000] cju2zm0axztpe0988r8s9twjr.jpg | O2O=0.9360 Fused=0.9360 Student=0.9382 FusionΔ=+0.0000 SelfTrainΔ=+0.0022
[0295/1000] cju2zo0fwzv580988qlijd2xa.jpg | O2O=0.7738 Fused=0.7738 Student=0.7621 FusionΔ=+0.0000 SelfTrainΔ=-0.0117
[0296/1000] cju2zp89k9q1g0855k1x0f1xa.jpg | O2O=0.9279 Fused=0.9279 Student=0.9191 FusionΔ=+0.0000 SelfTrainΔ=-0.0087
[0297/1000] cju2zpw4q9vzr0801p0lysjdl.jpg | O2O=0.8977 Fused=0.8977 Student=0.8900 FusionΔ=+0.0000 SelfTrainΔ=-0.0076
[0298/1000] cju2zr3c3vwb00993jn06bbaz.jpg | O2O=0.9242 Fused=0.9242 Student=0.9197 FusionΔ=+0.0000 SelfTrainΔ=-0.0044
[0299/1000] cju2zrojo9kcd0878ld2epejq.jpg | O2O=0.9055 Fused=0.9055 Student=0.8593 FusionΔ=+0.0000 SelfTrainΔ=-0.0462
[0300/1000] cju2zwg05a0oy0801yr73ig7g.jpg | O2O=0.9587 Fused=0.9587 Student=0.9577 FusionΔ=+0.0000 SelfTrainΔ=-0.0009
[0301/1000] cju2zxja9w1eh09933609ho9z.jpg | O2O=0.9373 Fused=0.9373 Student=0.9277 FusionΔ=+0.0000 SelfTrainΔ=-0.0096
[0302/1000] cju2zy1e49pqk0878t6ncqn12.jpg | O2O=0.0000 Fused=0.0000 Student=0.0000 FusionΔ=+0.0000 SelfTrainΔ=+0.0000
[0303/1000] cju300m3s04fg0988uzupuf7z.jpg | O2O=0.9570 Fused=0.9570 Student=0.9489 FusionΔ=+0.0000 SelfTrainΔ=-0.0081
[0304/1000] cju302fqq9spc0878rrygyzzz.jpg | O2O=0.0000 Fused=0.0000 Student=0.7148 FusionΔ=+0.0000 SelfTrainΔ=+0.7148
[0305/1000] cju303j5r062k098835zxfds5.jpg | O2O=0.9719 Fused=0.9719 Student=0.9636 FusionΔ=+0.0000 SelfTrainΔ=-0.0083
[0306/1000] cju30525w04r10835ygp257sb.jpg | O2O=0.9378 Fused=0.9378 Student=0.9178 FusionΔ=+0.0000 SelfTrainΔ=-0.0200
[0307/1000] cju306x7w05nb0835cunv799x.jpg | O2O=0.9593 Fused=0.9593 Student=0.9528 FusionΔ=+0.0000 SelfTrainΔ=-0.0065
[0308/1000] cju30ajhw09sx0988qyahx9s8.jpg | O2O=0.3091 Fused=0.3091 Student=0.2997 FusionΔ=+0.0000 SelfTrainΔ=-0.0094
[0309/1000] cju30bmab08bi0835mvlr6e0r.jpg | O2O=0.9379 Fused=0.9379 Student=0.9189 FusionΔ=+0.0000 SelfTrainΔ=-0.0190
[0310/1000] cju30df2j09dd08351ayx2t6w.jpg | O2O=0.9675 Fused=0.9675 Student=0.9430 FusionΔ=+0.0000 SelfTrainΔ=-0.0245
[0311/1000] cju30ftgja7170855xl9bkdm0.jpg | O2O=0.4338 Fused=0.4338 Student=0.4339 FusionΔ=+0.0000 SelfTrainΔ=+0.0001
[0312/1000] cju30gxjq0djk0988jytm49rs.jpg | O2O=0.9551 Fused=0.9551 Student=0.9412 FusionΔ=+0.0000 SelfTrainΔ=-0.0139
[0313/1000] cju30ia8da2bq0799klnehml2.jpg | O2O=0.7206 Fused=0.7206 Student=0.7238 FusionΔ=+0.0000 SelfTrainΔ=+0.0032
[0314/1000] cju30j1rgadut0801vuyrsnt8.jpg | O2O=0.8905 Fused=0.8905 Student=0.9068 FusionΔ=+0.0000 SelfTrainΔ=+0.0163
[0315/1000] cju30k2z40ds308353kdew70n.jpg | O2O=0.9554 Fused=0.9554 Student=0.9345 FusionΔ=+0.0000 SelfTrainΔ=-0.0209
[0316/1000] cju30lncba3ny0878jwnous8n.jpg | O2O=0.9486 Fused=0.9486 Student=0.9428 FusionΔ=+0.0000 SelfTrainΔ=-0.0057
[0317/1000] cju30mm25a53s0799qa5wiqe8.jpg | O2O=0.8941 Fused=0.8941 Student=0.9108 FusionΔ=+0.0000 SelfTrainΔ=+0.0167
[0318/1000] cju30nyxe0gfb0835p256yoju.jpg | O2O=0.5900 Fused=0.5900 Student=0.5750 FusionΔ=+0.0000 SelfTrainΔ=-0.0150
[0319/1000] cju30ov1oah920801mi8thuyg.jpg | O2O=0.3240 Fused=0.3240 Student=0.3135 FusionΔ=+0.0000 SelfTrainΔ=-0.0105
[0320/1000] cju30qbm1ad3x0855znuhpz9u.jpg | O2O=0.9729 Fused=0.9729 Student=0.9766 FusionΔ=+0.0000 SelfTrainΔ=+0.0037
[0321/1000] cju30u1hbakn808019g15nb8b.jpg | O2O=0.9192 Fused=0.9192 Student=0.9108 FusionΔ=+0.0000 SelfTrainΔ=-0.0083
[0322/1000] cju30xqmh0ni00835ix3batv1.jpg | O2O=0.7498 Fused=0.7498 Student=0.7458 FusionΔ=+0.0000 SelfTrainΔ=-0.0040
[0323/1000] cju30ywtc0oar0835bp2en7ec.jpg | O2O=0.9643 Fused=0.9643 Student=0.9700 FusionΔ=+0.0000 SelfTrainΔ=+0.0057
[0324/1000] cju310f6val1v0855xo8tc3gu.jpg | O2O=0.0839 Fused=0.0839 Student=0.0832 FusionΔ=+0.0000 SelfTrainΔ=-0.0007
[0325/1000] cju3128yi0rpu0988o4oo5n8n.jpg | O2O=0.9406 Fused=0.9406 Student=0.9218 FusionΔ=+0.0000 SelfTrainΔ=-0.0188
[0326/1000] cju31rb7vb6110801p9rhacuw.jpg | O2O=0.8701 Fused=0.8701 Student=0.8435 FusionΔ=+0.0000 SelfTrainΔ=-0.0266
[0327/1000] cju31t8xd17bk0835rnb893jk.jpg | O2O=0.6520 Fused=0.6520 Student=0.6922 FusionΔ=+0.0000 SelfTrainΔ=+0.0402
[0328/1000] cju31ugmfb3dz0855xtqshki6.jpg | O2O=0.9629 Fused=0.9629 Student=0.9653 FusionΔ=+0.0000 SelfTrainΔ=+0.0024
[0329/1000] cju31w6goazci0799n014ly1q.jpg | O2O=0.9357 Fused=0.9357 Student=0.9223 FusionΔ=+0.0000 SelfTrainΔ=-0.0134
[0330/1000] cju31y80qbawn0801twwm2l5s.jpg | O2O=0.9779 Fused=0.9779 Student=0.9693 FusionΔ=+0.0000 SelfTrainΔ=-0.0086
[0331/1000] cju320gyvbch60801v2amdi2g.jpg | O2O=0.5399 Fused=0.5399 Student=0.5298 FusionΔ=+0.0000 SelfTrainΔ=-0.0101
[0332/1000] cju323ypb1fbb0988gx5rzudb.jpg | O2O=0.8375 Fused=0.8375 Student=0.8542 FusionΔ=+0.0000 SelfTrainΔ=+0.0167
[0333/1000] cju324q101fhe08350wae9cif.jpg | O2O=0.9457 Fused=0.9457 Student=0.9293 FusionΔ=+0.0000 SelfTrainΔ=-0.0164
[0334/1000] cju326h4v1gxw08352px40p7r.jpg | O2O=0.8402 Fused=0.8402 Student=0.8203 FusionΔ=+0.0000 SelfTrainΔ=-0.0200
[0335/1000] cju3280wv1ir009882jze27tc.jpg | O2O=0.9670 Fused=0.9670 Student=0.9634 FusionΔ=+0.0000 SelfTrainΔ=-0.0035
[0336/1000] cju32a52lb9rc0799xi40qs00.jpg | O2O=0.8783 Fused=0.8783 Student=0.8491 FusionΔ=+0.0000 SelfTrainΔ=-0.0292
[0337/1000] cju32csyfblyh080170aa3x5p.jpg | O2O=0.9405 Fused=0.9405 Student=0.9242 FusionΔ=+0.0000 SelfTrainΔ=-0.0164
[0338/1000] cju32fhnhbds40799broyoptc.jpg | O2O=0.8972 Fused=0.8972 Student=0.8691 FusionΔ=+0.0000 SelfTrainΔ=-0.0281
[0339/1000] cju32gzs6xo8x0993r8tedbpb.jpg | O2O=0.8936 Fused=0.8936 Student=0.8826 FusionΔ=+0.0000 SelfTrainΔ=-0.0110
[0340/1000] cju32jcdabepz0878d0cznmfe.jpg | O2O=0.9664 Fused=0.9664 Student=0.9420 FusionΔ=+0.0000 SelfTrainΔ=-0.0244
[0341/1000] cju32l161bi1v07990vm376in.jpg | O2O=0.7754 Fused=0.7754 Student=0.7894 FusionΔ=+0.0000 SelfTrainΔ=+0.0140
[0342/1000] cju32phw2bv130801yj7bkouq.jpg | O2O=0.6740 Fused=0.6740 Student=0.6552 FusionΔ=+0.0000 SelfTrainΔ=-0.0189
[0343/1000] cju32pzh9bpw10855q4vaxfhe.jpg | O2O=0.9401 Fused=0.9401 Student=0.9316 FusionΔ=+0.0000 SelfTrainΔ=-0.0085
[0344/1000] cju32qr9tbvsj08013pkpjenq.jpg | O2O=0.9077 Fused=0.9077 Student=0.9082 FusionΔ=+0.0000 SelfTrainΔ=+0.0005
[0345/1000] cju32srle1xfq083575i3fl75.jpg | O2O=0.9324 Fused=0.9324 Student=0.9248 FusionΔ=+0.0000 SelfTrainΔ=-0.0076
[0346/1000] cju32upim1z7u0988l883nqp6.jpg | O2O=0.9476 Fused=0.9476 Student=0.9509 FusionΔ=+0.0000 SelfTrainΔ=+0.0033
[0347/1000] cju32zhbnc1oy0801iyv1ix6p.jpg | O2O=0.9002 Fused=0.9002 Student=0.8805 FusionΔ=+0.0000 SelfTrainΔ=-0.0197
[0348/1000] cju330ofbc2l30801th5g3hw6.jpg | O2O=0.9184 Fused=0.9184 Student=0.9198 FusionΔ=+0.0000 SelfTrainΔ=+0.0014
[0349/1000] cju33231uy4gi0993qc7b1jch.jpg | O2O=0.8344 Fused=0.8344 Student=0.4436 FusionΔ=+0.0000 SelfTrainΔ=-0.3908
[0350/1000] cju334jzo261t0835yqudnfs1.jpg | O2O=0.9775 Fused=0.9775 Student=0.9755 FusionΔ=+0.0000 SelfTrainΔ=-0.0020
[0351/1000] cju336l68y7if0993wf092166.jpg | O2O=0.8704 Fused=0.8704 Student=0.9026 FusionΔ=+0.0000 SelfTrainΔ=+0.0322
[0352/1000] cju3381d8bz3h07991xtl7ra0.jpg | O2O=0.9119 Fused=0.9119 Student=0.8978 FusionΔ=+0.0000 SelfTrainΔ=-0.0141
[0353/1000] cju33belnbyhm0878yxl42233.jpg | O2O=0.8804 Fused=0.8804 Student=0.8804 FusionΔ=+0.0000 SelfTrainΔ=-0.0000
[0354/1000] cju33eqwbcch208012jikwdky.jpg | O2O=0.8858 Fused=0.8858 Student=0.8649 FusionΔ=+0.0000 SelfTrainΔ=-0.0209
[0355/1000] cju33jon3ygbj0993pu22a4k6.jpg | O2O=0.9280 Fused=0.9280 Student=0.9098 FusionΔ=+0.0000 SelfTrainΔ=-0.0182
[0356/1000] cju33mirdc8mj0799k33wzoes.jpg | O2O=0.9632 Fused=0.9632 Student=0.9604 FusionΔ=+0.0000 SelfTrainΔ=-0.0028
[0357/1000] cju33o12x2jm50988944mxq0v.jpg | O2O=0.8931 Fused=0.8931 Student=0.8873 FusionΔ=+0.0000 SelfTrainΔ=-0.0058
[0358/1000] cju33qpdvc9g0087825jhf3s9.jpg | O2O=0.9088 Fused=0.9088 Student=0.9034 FusionΔ=+0.0000 SelfTrainΔ=-0.0054
[0359/1000] cju33w4sdcivk0855x879zht7.jpg | O2O=0.9616 Fused=0.9616 Student=0.9628 FusionΔ=+0.0000 SelfTrainΔ=+0.0012
[0360/1000] cju33x0f22peh0988g0ln7w5v.jpg | O2O=0.8286 Fused=0.8286 Student=0.8313 FusionΔ=+0.0000 SelfTrainΔ=+0.0028
[0361/1000] cju33yemn2qb20988wfjxximx.jpg | O2O=0.9238 Fused=0.9238 Student=0.9259 FusionΔ=+0.0000 SelfTrainΔ=+0.0021
[0362/1000] cju33za6l2qy70988jhrlp2ev.jpg | O2O=0.6371 Fused=0.6371 Student=0.6376 FusionΔ=+0.0000 SelfTrainΔ=+0.0005
[0363/1000] cju34aozyyy830993bn16u32n.jpg | O2O=0.6263 Fused=0.6263 Student=0.9353 FusionΔ=+0.0000 SelfTrainΔ=+0.3090
[0364/1000] cju34c1xfyz920993itxkkfad.jpg | O2O=0.7229 Fused=0.7229 Student=0.7148 FusionΔ=+0.0000 SelfTrainΔ=-0.0081
[0365/1000] cju34ds2531520988qjpqt6e3.jpg | O2O=0.8763 Fused=0.8763 Student=0.6977 FusionΔ=+0.0000 SelfTrainΔ=-0.1785
[0366/1000] cju34eqjpcpm508788b3lhp97.jpg | O2O=0.9585 Fused=0.9585 Student=0.9426 FusionΔ=+0.0000 SelfTrainΔ=-0.0160
[0367/1000] cju34fojcctcf0799ebolbvkn.jpg | O2O=0.8916 Fused=0.8916 Student=0.8886 FusionΔ=+0.0000 SelfTrainΔ=-0.0030
[0368/1000] cju34i3qvcyog0855qiejxx5w.jpg | O2O=0.9169 Fused=0.9169 Student=0.9255 FusionΔ=+0.0000 SelfTrainΔ=+0.0086
[0369/1000] cju34m7h536wq0988xz7gx79v.jpg | O2O=0.7647 Fused=0.7647 Student=0.7287 FusionΔ=+0.0000 SelfTrainΔ=-0.0360
[0370/1000] cju34o6dbd2lo0855aqlcy1hs.jpg | O2O=0.9294 Fused=0.9294 Student=0.8662 FusionΔ=+0.0000 SelfTrainΔ=-0.0633
[0371/1000] cju34ouumcznz07996gg1xq7v.jpg | O2O=0.9674 Fused=0.9674 Student=0.9583 FusionΔ=+0.0000 SelfTrainΔ=-0.0092
[0372/1000] cju34repocy5208780gswillm.jpg | O2O=0.8804 Fused=0.8804 Student=0.8715 FusionΔ=+0.0000 SelfTrainΔ=-0.0088
[0373/1000] cju34sh43d8zm08019xbwhc0o.jpg | O2O=0.8940 Fused=0.8940 Student=0.9259 FusionΔ=+0.0000 SelfTrainΔ=+0.0318
[0374/1000] cju34uhepd3dd0799hs8782ad.jpg | O2O=0.9299 Fused=0.9299 Student=0.9318 FusionΔ=+0.0000 SelfTrainΔ=+0.0019
[0375/1000] cju34xspwzenf0993cyzajv9n.jpg | O2O=0.9604 Fused=0.9604 Student=0.9469 FusionΔ=+0.0000 SelfTrainΔ=-0.0135
[0376/1000] cju34ymm8d6700799uop0cw33.jpg | O2O=0.9331 Fused=0.9331 Student=0.8951 FusionΔ=+0.0000 SelfTrainΔ=-0.0380
[0377/1000] cju34zivp3fq80988opxbaqyn.jpg | O2O=0.9243 Fused=0.9243 Student=0.9067 FusionΔ=+0.0000 SelfTrainΔ=-0.0176
[0378/1000] cju3518w2d838079939fqztbc.jpg | O2O=0.9618 Fused=0.9618 Student=0.9521 FusionΔ=+0.0000 SelfTrainΔ=-0.0097
[0379/1000] cju3521y5d5mq0878t3ezsu4p.jpg | O2O=0.9235 Fused=0.9235 Student=0.9024 FusionΔ=+0.0000 SelfTrainΔ=-0.0211
[0380/1000] cju353d1eda8c07992afde611.jpg | O2O=0.9481 Fused=0.9481 Student=0.9676 FusionΔ=+0.0000 SelfTrainΔ=+0.0195
[0381/1000] cju35740hzm0g0993zl5ic246.jpg | O2O=0.7899 Fused=0.7899 Student=0.7274 FusionΔ=+0.0000 SelfTrainΔ=-0.0625
[0382/1000] cju357rxxdaz30878y2esjpjt.jpg | O2O=0.8840 Fused=0.8840 Student=0.8538 FusionΔ=+0.0000 SelfTrainΔ=-0.0303
[0383/1000] cju358pwtdby20878cg7nm0np.jpg | O2O=0.9365 Fused=0.9365 Student=0.9283 FusionΔ=+0.0000 SelfTrainΔ=-0.0082
[0384/1000] cju35a77vdj4n08556jj2lgmc.jpg | O2O=0.8823 Fused=0.8823 Student=0.9662 FusionΔ=+0.0000 SelfTrainΔ=+0.0839
[0385/1000] cju35atpxdjot0855q46aqrd0.jpg | O2O=0.9398 Fused=0.9398 Student=0.9046 FusionΔ=+0.0000 SelfTrainΔ=-0.0352
[0386/1000] cju35c4wzdhow0799h6eq4sgs.jpg | O2O=0.9248 Fused=0.9248 Student=0.9499 FusionΔ=+0.0000 SelfTrainΔ=+0.0251
[0387/1000] cju35eg0tdmjt085525sb4bua.jpg | O2O=0.9165 Fused=0.9165 Student=0.9388 FusionΔ=+0.0000 SelfTrainΔ=+0.0223
[0388/1000] cju35fxqyzt5p0993vusm54qz.jpg | O2O=0.9475 Fused=0.9475 Student=0.9440 FusionΔ=+0.0000 SelfTrainΔ=-0.0035
[0389/1000] cju35i2e63uxr0835h7zgkg9k.jpg | O2O=0.7824 Fused=0.7824 Student=0.7903 FusionΔ=+0.0000 SelfTrainΔ=+0.0079
[0390/1000] cju35k2fr3vc50988c85qkrwg.jpg | O2O=0.8356 Fused=0.8356 Student=0.8526 FusionΔ=+0.0000 SelfTrainΔ=+0.0170
[0391/1000] cju35ldepdtlm0801yv79y8vu.jpg | O2O=0.8634 Fused=0.8634 Student=0.8656 FusionΔ=+0.0000 SelfTrainΔ=+0.0022
[0392/1000] cju35mdz73x890835eynq1h9v.jpg | O2O=0.9460 Fused=0.9460 Student=0.9371 FusionΔ=+0.0000 SelfTrainΔ=-0.0088
[0393/1000] cju35oyvd3y850988km12hdz1.jpg | O2O=0.9165 Fused=0.9165 Student=0.8967 FusionΔ=+0.0000 SelfTrainΔ=-0.0198
[0394/1000] cju3tp94kfstl08181awh6z49.jpg | O2O=0.6850 Fused=0.6850 Student=0.7327 FusionΔ=+0.0000 SelfTrainΔ=+0.0478
[0395/1000] cju3tsh4lfsok0987w6x3a0v1.jpg | O2O=0.6195 Fused=0.6195 Student=0.6070 FusionΔ=+0.0000 SelfTrainΔ=-0.0125
[0396/1000] cju3ttznuftyf09875t11850w.jpg | O2O=0.6049 Fused=0.6049 Student=0.5383 FusionΔ=+0.0000 SelfTrainΔ=-0.0666
[0397/1000] cju3tvffffx5f0818t5ov22al.jpg | O2O=0.6368 Fused=0.6368 Student=0.9223 FusionΔ=+0.0000 SelfTrainΔ=+0.2855
[0398/1000] cju3tx1qyg0c907552fglumhc.jpg | O2O=0.9548 Fused=0.9548 Student=0.9575 FusionΔ=+0.0000 SelfTrainΔ=+0.0027
[0399/1000] cju3u1c8tfyqx08503iedc3mx.jpg | O2O=0.3692 Fused=0.3692 Student=0.3655 FusionΔ=+0.0000 SelfTrainΔ=-0.0037
[0400/1000] cju3u39fog1bo0871lxjrabks.jpg | O2O=0.9812 Fused=0.9812 Student=0.9597 FusionΔ=+0.0000 SelfTrainΔ=-0.0216
[0401/1000] cju3u4lxmg59o0755rz42b9en.jpg | O2O=0.9593 Fused=0.9593 Student=0.9718 FusionΔ=+0.0000 SelfTrainΔ=+0.0125
[0402/1000] cju3u815rg4ek0850vvhtcvcm.jpg | O2O=0.1052 Fused=0.1052 Student=0.6990 FusionΔ=+0.0000 SelfTrainΔ=+0.5938
[0403/1000] cju3ua8u0g9rg0801uayhdxhu.jpg | O2O=0.9734 Fused=0.9734 Student=0.9561 FusionΔ=+0.0000 SelfTrainΔ=-0.0172
[0404/1000] cju3uhb79gcgr0871orbrbi3x.jpg | O2O=0.1411 Fused=0.2382 Student=0.3305 FusionΔ=+0.0972 SelfTrainΔ=+0.0922
[0405/1000] cju3ul8dogf1z09872y2ecowp.jpg | O2O=0.9464 Fused=0.9464 Student=0.9406 FusionΔ=+0.0000 SelfTrainΔ=-0.0058
[0406/1000] cju3umoh1geet0817cmpef5am.jpg | O2O=0.9637 Fused=0.9637 Student=0.9652 FusionΔ=+0.0000 SelfTrainΔ=+0.0015
[0407/1000] cju3uwz6ogsp10801h2r3bj5l.jpg | O2O=0.5146 Fused=0.5146 Student=0.5141 FusionΔ=+0.0000 SelfTrainΔ=-0.0005
[0408/1000] cju3uz4o6gr9z0850lhxyxvsj.jpg | O2O=0.9422 Fused=0.9422 Student=0.9406 FusionΔ=+0.0000 SelfTrainΔ=-0.0016
[0409/1000] cju3v0fl3gwce0755qkjhzmd4.jpg | O2O=0.9242 Fused=0.9242 Student=0.0000 FusionΔ=+0.0000 SelfTrainΔ=-0.9242
[0410/1000] cju3v11mrgwwb0755u242ygye.jpg | O2O=0.8275 Fused=0.8275 Student=0.8090 FusionΔ=+0.0000 SelfTrainΔ=-0.0186
[0411/1000] cju3v3ac9gyz30755hfqwyp1i.jpg | O2O=0.9063 Fused=0.9063 Student=0.9101 FusionΔ=+0.0000 SelfTrainΔ=+0.0038
[0412/1000] cju3v56bwgy8v0871w14pz8fx.jpg | O2O=0.6130 Fused=0.8909 Student=0.9376 FusionΔ=+0.2779 SelfTrainΔ=+0.0467
[0413/1000] cju3v664kh0px0818y4y7wolf.jpg | O2O=0.7203 Fused=0.7203 Student=0.7163 FusionΔ=+0.0000 SelfTrainΔ=-0.0041
[0414/1000] cju3v72v5h1qz0818fggilwtq.jpg | O2O=0.9420 Fused=0.9420 Student=0.9534 FusionΔ=+0.0000 SelfTrainΔ=+0.0114
[0415/1000] cju3wstckialg0871xs0vevsj.jpg | O2O=0.0074 Fused=0.0074 Student=0.0121 FusionΔ=+0.0000 SelfTrainΔ=+0.0047
[0416/1000] cju3x2s11ibzi0817kk284k0j.jpg | O2O=0.8905 Fused=0.8905 Student=0.8751 FusionΔ=+0.0000 SelfTrainΔ=-0.0154
[0417/1000] cju3x4blzieu30850x10uuvbm.jpg | O2O=0.8814 Fused=0.8814 Student=0.8771 FusionΔ=+0.0000 SelfTrainΔ=-0.0043
[0418/1000] cju3x5u2tiihx0818914gzxy1.jpg | O2O=0.9774 Fused=0.9774 Student=0.9397 FusionΔ=+0.0000 SelfTrainΔ=-0.0377
[0419/1000] cju3x7xsaijq80818f0psavav.jpg | O2O=0.9667 Fused=0.9667 Student=0.9691 FusionΔ=+0.0000 SelfTrainΔ=+0.0024
[0420/1000] cju3x9lttikfb0818a0g104zn.jpg | O2O=0.9231 Fused=0.9231 Student=0.9020 FusionΔ=+0.0000 SelfTrainΔ=-0.0211
[0421/1000] cju3xeexgii1j0817zs68tb4g.jpg | O2O=0.4978 Fused=0.4978 Student=0.4903 FusionΔ=+0.0000 SelfTrainΔ=-0.0075
[0422/1000] cju3xga12iixg0817dijbvjxw.jpg | O2O=0.7061 Fused=0.7061 Student=0.7918 FusionΔ=+0.0000 SelfTrainΔ=+0.0857
[0423/1000] cju3xhpvvimda0987ygrpzni2.jpg | O2O=0.9377 Fused=0.9377 Student=0.9216 FusionΔ=+0.0000 SelfTrainΔ=-0.0161
[0424/1000] cju3xiic0ilzp0850lusrb42j.jpg | O2O=0.0000 Fused=0.0000 Student=0.8978 FusionΔ=+0.0000 SelfTrainΔ=+0.8978
[0425/1000] cju3xjqtpikx50817tppy6g84.jpg | O2O=0.9467 Fused=0.9467 Student=0.9349 FusionΔ=+0.0000 SelfTrainΔ=-0.0118
[0426/1000] cju3xl264ingx0850rcf0rshj.jpg | O2O=0.9198 Fused=0.9198 Student=0.9452 FusionΔ=+0.0000 SelfTrainΔ=+0.0254
[0427/1000] cju3xtufwiv9c0818djsc4cqd.jpg | O2O=0.9417 Fused=0.9417 Student=0.9334 FusionΔ=+0.0000 SelfTrainΔ=-0.0083
[0428/1000] cju3xuj20ivgp0818mij8bjrd.jpg | O2O=0.8994 Fused=0.8994 Student=0.9219 FusionΔ=+0.0000 SelfTrainΔ=+0.0224
[0429/1000] cju3xvoo2iqlc0817eku2r3wl.jpg | O2O=0.9469 Fused=0.9469 Student=0.9438 FusionΔ=+0.0000 SelfTrainΔ=-0.0030
[0430/1000] cju3xwpgviwlx0871rwm15q7v.jpg | O2O=0.8936 Fused=0.8936 Student=0.8881 FusionΔ=+0.0000 SelfTrainΔ=-0.0055
[0431/1000] cju3xzvnzj0hd0755xprz39nj.jpg | O2O=0.0368 Fused=0.0368 Student=0.0432 FusionΔ=+0.0000 SelfTrainΔ=+0.0063
[0432/1000] cju3y0pjrj1c30755nxekxccj.jpg | O2O=0.9403 Fused=0.9403 Student=0.9387 FusionΔ=+0.0000 SelfTrainΔ=-0.0016
[0433/1000] cju3y21quj0ir0818kgjagr15.jpg | O2O=0.8330 Fused=0.8330 Student=0.7926 FusionΔ=+0.0000 SelfTrainΔ=-0.0404
[0434/1000] cju3y54kwj3nr0801biidlb4e.jpg | O2O=0.7763 Fused=0.7763 Student=0.8216 FusionΔ=+0.0000 SelfTrainΔ=+0.0452
[0435/1000] cju3y79ofj3va0871uqfb1mzo.jpg | O2O=0.7980 Fused=0.7980 Student=0.9610 FusionΔ=+0.0000 SelfTrainΔ=+0.1630
[0436/1000] cju3y9difj6th0801kd1rqm3w.jpg | O2O=0.9795 Fused=0.9795 Student=0.9754 FusionΔ=+0.0000 SelfTrainΔ=-0.0041
[0437/1000] cju3ya7goj6at0818v2l5ay7f.jpg | O2O=0.4822 Fused=0.9134 Student=0.4825 FusionΔ=+0.4311 SelfTrainΔ=-0.4308
[0438/1000] cju3yb47cj1xq0817zfotbni4.jpg | O2O=0.0000 Fused=0.0000 Student=0.0024 FusionΔ=+0.0000 SelfTrainΔ=+0.0024
[0439/1000] cju3yht87j83m08507yk1u1fg.jpg | O2O=0.4215 Fused=0.4215 Student=0.4861 FusionΔ=+0.0000 SelfTrainΔ=+0.0646
[0440/1000] cju3ykamdj9u208503pygyuc8.jpg | O2O=0.0000 Fused=0.0000 Student=0.0000 FusionΔ=+0.0000 SelfTrainΔ=+0.0000
[0441/1000] cju40jl7skiuo0817p0smlgg8.jpg | O2O=0.2999 Fused=0.2999 Student=0.0000 FusionΔ=+0.0000 SelfTrainΔ=-0.2999
[0442/1000] cju40m0rjkpw80871z6n6yg1u.jpg | O2O=0.8961 Fused=0.8961 Student=0.8761 FusionΔ=+0.0000 SelfTrainΔ=-0.0200
[0443/1000] cju40poe4kt9s0755f9cnm3h5.jpg | O2O=0.0000 Fused=0.0000 Student=0.9028 FusionΔ=+0.0000 SelfTrainΔ=+0.9028
[0444/1000] cju40r6jrksyk0871wg98zgho.jpg | O2O=0.3118 Fused=0.3118 Student=0.3212 FusionΔ=+0.0000 SelfTrainΔ=+0.0093
[0445/1000] cju40sdwukv3k0755y99ug1k8.jpg | O2O=0.9599 Fused=0.9599 Student=0.9405 FusionΔ=+0.0000 SelfTrainΔ=-0.0194
[0446/1000] cju40taxlkrho0987smigg0x0.jpg | O2O=0.8312 Fused=0.8312 Student=0.8427 FusionΔ=+0.0000 SelfTrainΔ=+0.0116
[0447/1000] cju40u30gkuzc0871rq7t666d.jpg | O2O=0.9213 Fused=0.9213 Student=0.9015 FusionΔ=+0.0000 SelfTrainΔ=-0.0198
[0448/1000] cju40w3hbkwpn08015rbs3wko.jpg | O2O=0.0306 Fused=0.0306 Student=0.5671 FusionΔ=+0.0000 SelfTrainΔ=+0.5365
[0449/1000] cju40wto5kxwi0755it190f2k.jpg | O2O=0.9119 Fused=0.9119 Student=0.8268 FusionΔ=+0.0000 SelfTrainΔ=-0.0851
[0450/1000] cju410dnfl0960755y8lu8d79.jpg | O2O=0.6266 Fused=0.6266 Student=0.6206 FusionΔ=+0.0000 SelfTrainΔ=-0.0060
[0451/1000] cju412uwlkva50850d1ps1ww7.jpg | O2O=0.9410 Fused=0.9410 Student=0.9596 FusionΔ=+0.0000 SelfTrainΔ=+0.0186
[0452/1000] cju414lf2l1lt0801rl3hjllj.jpg | O2O=0.5058 Fused=0.5058 Student=0.4978 FusionΔ=+0.0000 SelfTrainΔ=-0.0081
[0453/1000] cju418rckl3ur08012psrx1r1.jpg | O2O=0.9478 Fused=0.9478 Student=0.9299 FusionΔ=+0.0000 SelfTrainΔ=-0.0178
[0454/1000] cju41kd7yl4nm0850gil5qqwh.jpg | O2O=0.9548 Fused=0.9548 Student=0.9557 FusionΔ=+0.0000 SelfTrainΔ=+0.0009
[0455/1000] cju41lojblbs307555jdci937.jpg | O2O=0.9483 Fused=0.9483 Student=0.9370 FusionΔ=+0.0000 SelfTrainΔ=-0.0113
[0456/1000] cju41nz76lcxu0755cya2qefx.jpg | O2O=0.7324 Fused=0.7324 Student=0.6867 FusionΔ=+0.0000 SelfTrainΔ=-0.0458
[0457/1000] cju41p90plcsx08018cnzpndc.jpg | O2O=0.9068 Fused=0.9068 Student=0.9290 FusionΔ=+0.0000 SelfTrainΔ=+0.0223
[0458/1000] cju41r6v2lcww0871ps8k8pf5.jpg | O2O=0.0000 Fused=0.0000 Student=0.8405 FusionΔ=+0.0000 SelfTrainΔ=+0.8405
[0459/1000] cju41s6nbleqy0755e2mslg0b.jpg | O2O=0.0000 Fused=0.9267 Student=0.9535 FusionΔ=+0.9267 SelfTrainΔ=+0.0268
[0460/1000] cju41z76wlgbz0801qdetlvby.jpg | O2O=0.8032 Fused=0.8032 Student=0.7913 FusionΔ=+0.0000 SelfTrainΔ=-0.0119
[0461/1000] cju422cm8lfxn0818ojicxejb.jpg | O2O=0.9605 Fused=0.9605 Student=0.9501 FusionΔ=+0.0000 SelfTrainΔ=-0.0104
[0462/1000] cju424hy5lckr085073fva1ok.jpg | O2O=0.9697 Fused=0.9697 Student=0.9544 FusionΔ=+0.0000 SelfTrainΔ=-0.0153
[0463/1000] cju426tomlhll0818fc0i7nvh.jpg | O2O=0.9506 Fused=0.9506 Student=0.9379 FusionΔ=+0.0000 SelfTrainΔ=-0.0127
[0464/1000] cju428k5fldt108177s6g6f45.jpg | O2O=0.9499 Fused=0.9499 Student=0.9621 FusionΔ=+0.0000 SelfTrainΔ=+0.0122
[0465/1000] cju42dwedlmk60871jbgu4ehi.jpg | O2O=0.9672 Fused=0.9672 Student=0.9450 FusionΔ=+0.0000 SelfTrainΔ=-0.0221
[0466/1000] cju42g865lorv07552ytz6xxa.jpg | O2O=0.9268 Fused=0.9268 Student=0.9384 FusionΔ=+0.0000 SelfTrainΔ=+0.0116
[0467/1000] cju42m60jlpcm08186kqppzqv.jpg | O2O=0.9621 Fused=0.9621 Student=0.9591 FusionΔ=+0.0000 SelfTrainΔ=-0.0030
[0468/1000] cju42nm68lpyo0818xvvqmupq.jpg | O2O=0.5969 Fused=0.5969 Student=0.8392 FusionΔ=+0.0000 SelfTrainΔ=+0.2423
[0469/1000] cju42py9mlqyd0818u3d1d7ga.jpg | O2O=0.8530 Fused=0.8530 Student=0.8465 FusionΔ=+0.0000 SelfTrainΔ=-0.0065
[0470/1000] cju42qet0lsq90871e50xbnuv.jpg | O2O=0.0000 Fused=0.8165 Student=0.0000 FusionΔ=+0.8165 SelfTrainΔ=-0.8165
[0471/1000] cju42romflni20817etb9a0fl.jpg | O2O=0.9138 Fused=0.9138 Student=0.9148 FusionΔ=+0.0000 SelfTrainΔ=+0.0010
[0472/1000] cju42tauqlo5p08171l3cuo4b.jpg | O2O=0.9223 Fused=0.9223 Student=0.9167 FusionΔ=+0.0000 SelfTrainΔ=-0.0057
[0473/1000] cju42u5bjlvi10801dc13sskp.jpg | O2O=0.9218 Fused=0.9218 Student=0.9279 FusionΔ=+0.0000 SelfTrainΔ=+0.0061
[0474/1000] cju42wamblrqn098798r2yyok.jpg | O2O=0.9111 Fused=0.9111 Student=0.9079 FusionΔ=+0.0000 SelfTrainΔ=-0.0031
[0475/1000] cju42xpi8lw4w0871ve317a1p.jpg | O2O=0.9482 Fused=0.9482 Student=0.9417 FusionΔ=+0.0000 SelfTrainΔ=-0.0066
[0476/1000] cju430pm2lz0y0755jkhcc3d1.jpg | O2O=0.8060 Fused=0.8060 Student=0.8048 FusionΔ=+0.0000 SelfTrainΔ=-0.0012
[0477/1000] cju439oazm2fu0871ma0vvrft.jpg | O2O=0.0698 Fused=0.0698 Student=0.0652 FusionΔ=+0.0000 SelfTrainΔ=-0.0045
[0478/1000] cju43b8daly4408170e5ev06g.jpg | O2O=0.9621 Fused=0.9621 Student=0.9609 FusionΔ=+0.0000 SelfTrainΔ=-0.0011
[0479/1000] cju43c92lm5cj0755lorsorfg.jpg | O2O=0.7719 Fused=0.7719 Student=0.7828 FusionΔ=+0.0000 SelfTrainΔ=+0.0109
[0480/1000] cju43eigtm6ev0801mv0m96t1.jpg | O2O=0.0000 Fused=0.0000 Student=0.8836 FusionΔ=+0.0000 SelfTrainΔ=+0.8836
[0481/1000] cju43gfosm63n08714rpih8pe.jpg | O2O=0.9246 Fused=0.9246 Student=0.9171 FusionΔ=+0.0000 SelfTrainΔ=-0.0075
[0482/1000] cju43h43am1dy08176gwfhmnt.jpg | O2O=0.9179 Fused=0.9179 Student=0.9328 FusionΔ=+0.0000 SelfTrainΔ=+0.0148
[0483/1000] cju43in5fm22c08175rxziqrk.jpg | O2O=0.9183 Fused=0.9183 Student=0.3665 FusionΔ=+0.0000 SelfTrainΔ=-0.5518
[0484/1000] cju43jcqim2cp08172dvjvyui.jpg | O2O=0.9194 Fused=0.9194 Student=0.9140 FusionΔ=+0.0000 SelfTrainΔ=-0.0054
[0485/1000] cju43kj2pm34f0850l28ahpni.jpg | O2O=0.8801 Fused=0.8801 Student=0.8895 FusionΔ=+0.0000 SelfTrainΔ=+0.0094
[0486/1000] cju43lcnum9y10755bjs7z87f.jpg | O2O=0.9279 Fused=0.9279 Student=0.9371 FusionΔ=+0.0000 SelfTrainΔ=+0.0092
[0487/1000] cju43mkj9m8wb0871qiadahub.jpg | O2O=0.9302 Fused=0.9302 Student=0.9233 FusionΔ=+0.0000 SelfTrainΔ=-0.0068
[0488/1000] cju43o6n7m9nk087191ijwqq9.jpg | O2O=0.9468 Fused=0.9468 Student=0.9257 FusionΔ=+0.0000 SelfTrainΔ=-0.0212
[0489/1000] cju45jpvfn6c809873pv1i34s.jpg | O2O=0.9017 Fused=0.9017 Student=0.9005 FusionΔ=+0.0000 SelfTrainΔ=-0.0012
[0490/1000] cju45lbgznahl08180xz1h7u6.jpg | O2O=0.9377 Fused=0.9377 Student=0.9571 FusionΔ=+0.0000 SelfTrainΔ=+0.0193
[0491/1000] cju45n0oxn5vu08500yfrt9jn.jpg | O2O=0.9625 Fused=0.9625 Student=0.9388 FusionΔ=+0.0000 SelfTrainΔ=-0.0237
[0492/1000] cju45ofd9ne1j0801ri8dup7t.jpg | O2O=0.6794 Fused=0.6794 Student=0.6922 FusionΔ=+0.0000 SelfTrainΔ=+0.0128
[0493/1000] cju45pm27n80u08174kyow1gj.jpg | O2O=0.9505 Fused=0.9505 Student=0.9468 FusionΔ=+0.0000 SelfTrainΔ=-0.0037
[0494/1000] cju45qbf3n9sa0987oonbkly9.jpg | O2O=0.4227 Fused=0.4227 Student=0.4249 FusionΔ=+0.0000 SelfTrainΔ=+0.0022
[0495/1000] cju45rj7ln8980850a7821fov.jpg | O2O=0.9364 Fused=0.9364 Student=0.9317 FusionΔ=+0.0000 SelfTrainΔ=-0.0047
[0496/1000] cju45t5ddnbio0987qtqzx762.jpg | O2O=0.9695 Fused=0.9695 Student=0.9509 FusionΔ=+0.0000 SelfTrainΔ=-0.0186
[0497/1000] cju45ty6zn9oz0850qy4qnck1.jpg | O2O=0.9583 Fused=0.9583 Student=0.9401 FusionΔ=+0.0000 SelfTrainΔ=-0.0182
[0498/1000] cju45v0pungu40871acnwtmu5.jpg | O2O=0.9610 Fused=0.9610 Student=0.9518 FusionΔ=+0.0000 SelfTrainΔ=-0.0092
[0499/1000] cju5b9oyda4yr0850g9viziyv.jpg | O2O=0.4086 Fused=0.4086 Student=0.3752 FusionΔ=+0.0000 SelfTrainΔ=-0.0334
[0500/1000] cju5bbtwsa8cl0987wgfsqpao.jpg | O2O=0.9293 Fused=0.9293 Student=0.9337 FusionΔ=+0.0000 SelfTrainΔ=+0.0044
[0501/1000] cju5bdwa3aatx0818b79i18zf.jpg | O2O=0.9508 Fused=0.9508 Student=0.9183 FusionΔ=+0.0000 SelfTrainΔ=-0.0325
[0502/1000] cju5bf6hxa6m50817rbwettgu.jpg | O2O=0.9454 Fused=0.9454 Student=0.9217 FusionΔ=+0.0000 SelfTrainΔ=-0.0237
[0503/1000] cju5bhv81abur0850ean02atv.jpg | O2O=0.0000 Fused=0.9348 Student=0.9348 FusionΔ=+0.9348 SelfTrainΔ=-0.0001
[0504/1000] cju5bj926aiec07559rshy4wa.jpg | O2O=0.9330 Fused=0.9330 Student=0.9151 FusionΔ=+0.0000 SelfTrainΔ=-0.0179
[0505/1000] cju5bmhdcafs909878qfzrqzi.jpg | O2O=0.0161 Fused=0.0161 Student=0.5682 FusionΔ=+0.0000 SelfTrainΔ=+0.5521
[0506/1000] cju5boicjagt20871b1fotkh4.jpg | O2O=0.9686 Fused=0.9686 Student=0.9663 FusionΔ=+0.0000 SelfTrainΔ=-0.0023
[0507/1000] cju5buy2bal250818ipl6fqwv.jpg | O2O=0.3290 Fused=0.3290 Student=0.3390 FusionΔ=+0.0000 SelfTrainΔ=+0.0100
[0508/1000] cju5bwhapakm90987c1v4z46a.jpg | O2O=0.9167 Fused=0.9167 Student=0.9189 FusionΔ=+0.0000 SelfTrainΔ=+0.0022
[0509/1000] cju5bycdkalkb09875f7bfrvx.jpg | O2O=0.4480 Fused=0.4480 Student=0.4263 FusionΔ=+0.0000 SelfTrainΔ=-0.0217
[0510/1000] cju5c5xc7algd0817pb1ej5yo.jpg | O2O=0.9469 Fused=0.9469 Student=0.9405 FusionΔ=+0.0000 SelfTrainΔ=-0.0064
[0511/1000] cju5c7oijaqmq09878qwgqv8n.jpg | O2O=0.9643 Fused=0.9643 Student=0.9594 FusionΔ=+0.0000 SelfTrainΔ=-0.0049
[0512/1000] cju5ca9hcatkc0801jzwe7tfx.jpg | O2O=0.5362 Fused=0.5362 Student=0.5142 FusionΔ=+0.0000 SelfTrainΔ=-0.0219
[0513/1000] cju5ccpvqash50850kb4bs22k.jpg | O2O=0.9448 Fused=0.9448 Student=0.9358 FusionΔ=+0.0000 SelfTrainΔ=-0.0090
[0514/1000] cju5cetivauok0987ok3e5bre.jpg | O2O=0.9038 Fused=0.9038 Student=0.9034 FusionΔ=+0.0000 SelfTrainΔ=-0.0003
[0515/1000] cju5chrxxawka0871qcj171yz.jpg | O2O=0.9778 Fused=0.9778 Student=0.9736 FusionΔ=+0.0000 SelfTrainΔ=-0.0042
[0516/1000] cju5cjh3xattc0817j2vbulzi.jpg | O2O=0.6233 Fused=0.6233 Student=0.5844 FusionΔ=+0.0000 SelfTrainΔ=-0.0389
[0517/1000] cju5cky5xb0ay0801oxet697t.jpg | O2O=0.8756 Fused=0.8756 Student=0.8734 FusionΔ=+0.0000 SelfTrainΔ=-0.0022
[0518/1000] cju5clr68b48r0755cmuvponm.jpg | O2O=0.9472 Fused=0.9472 Student=0.9464 FusionΔ=+0.0000 SelfTrainΔ=-0.0009
[0519/1000] cju5cu8qkb84x08186jwo8yin.jpg | O2O=0.9413 Fused=0.9413 Student=0.9080 FusionΔ=+0.0000 SelfTrainΔ=-0.0333
[0520/1000] cju5ddda9bkkt0850enzwatb1.jpg | O2O=0.0000 Fused=0.0000 Student=0.8491 FusionΔ=+0.0000 SelfTrainΔ=+0.8491
[0521/1000] cju5eftctcdbj08712gdp989f.jpg | O2O=0.7504 Fused=0.7504 Student=0.0684 FusionΔ=+0.0000 SelfTrainΔ=-0.6819
[0522/1000] cju5ekty5ckzf07550c9u3ckk.jpg | O2O=0.9580 Fused=0.9580 Student=0.9544 FusionΔ=+0.0000 SelfTrainΔ=-0.0036
[0523/1000] cju5enq1tcn1i0755hnkon787.jpg | O2O=0.5255 Fused=0.5255 Student=0.5271 FusionΔ=+0.0000 SelfTrainΔ=+0.0016
[0524/1000] cju5eq8c8ck690850vix98hv3.jpg | O2O=0.6237 Fused=0.6237 Student=0.5688 FusionΔ=+0.0000 SelfTrainΔ=-0.0549
[0525/1000] cju5es375cnzy0801nkq35ffs.jpg | O2O=0.9269 Fused=0.9269 Student=0.9318 FusionΔ=+0.0000 SelfTrainΔ=+0.0049
[0526/1000] cju5ew4h9cqaf0818rrczkmqh.jpg | O2O=0.8241 Fused=0.8241 Student=0.8817 FusionΔ=+0.0000 SelfTrainΔ=+0.0576
[0527/1000] cju5eyfe9cpk90987laa7tsl3.jpg | O2O=0.9542 Fused=0.9542 Student=0.9435 FusionΔ=+0.0000 SelfTrainΔ=-0.0107
[0528/1000] cju5f0dezct4q08183ydw11dx.jpg | O2O=0.8761 Fused=0.8761 Student=0.8706 FusionΔ=+0.0000 SelfTrainΔ=-0.0055
[0529/1000] cju5f26ebcuai0818xlwh6116.jpg | O2O=0.9563 Fused=0.9563 Student=0.9299 FusionΔ=+0.0000 SelfTrainΔ=-0.0263
[0530/1000] cju5f8hxdcxxn08188obby0ea.jpg | O2O=0.9574 Fused=0.9574 Student=0.9580 FusionΔ=+0.0000 SelfTrainΔ=+0.0006
[0531/1000] cju5fb86jd1jp0755b1ukbhq5.jpg | O2O=0.2105 Fused=0.2105 Student=0.2096 FusionΔ=+0.0000 SelfTrainΔ=-0.0008
[0532/1000] cju5fi0yxd3ei0801v7u0yudn.jpg | O2O=0.9137 Fused=0.9137 Student=0.0000 FusionΔ=+0.0000 SelfTrainΔ=-0.9137
[0533/1000] cju5fs6j6d8350801vglraq4u.jpg | O2O=0.8311 Fused=0.8311 Student=0.8085 FusionΔ=+0.0000 SelfTrainΔ=-0.0227
[0534/1000] cju5ft6mcd5q40987rhjgbrr6.jpg | O2O=0.9647 Fused=0.9647 Student=0.9374 FusionΔ=+0.0000 SelfTrainΔ=-0.0274
[0535/1000] cju5fu081d8gc0818l3yylujk.jpg | O2O=0.9143 Fused=0.9143 Student=0.9263 FusionΔ=+0.0000 SelfTrainΔ=+0.0119
[0536/1000] cju5fw37edaae0801vkwvocn7.jpg | O2O=0.9582 Fused=0.9582 Student=0.9607 FusionΔ=+0.0000 SelfTrainΔ=+0.0025
[0537/1000] cju5fydrud94708507vo6oy21.jpg | O2O=0.0000 Fused=0.0000 Student=0.0000 FusionΔ=+0.0000 SelfTrainΔ=+0.0000
[0538/1000] cju5g163vd6mt0817uccuga6u.jpg | O2O=0.9490 Fused=0.9490 Student=0.9515 FusionΔ=+0.0000 SelfTrainΔ=+0.0024
[0539/1000] cju5gucasds9d0801019axylx.jpg | O2O=0.9148 Fused=0.9148 Student=0.9141 FusionΔ=+0.0000 SelfTrainΔ=-0.0007
[0540/1000] cju5h57xedz5h0755mjpc8694.jpg | O2O=0.7735 Fused=0.7735 Student=0.7919 FusionΔ=+0.0000 SelfTrainΔ=+0.0184
[0541/1000] cju5hi52odyf90817prvcwg45.jpg | O2O=0.9685 Fused=0.9685 Student=0.9500 FusionΔ=+0.0000 SelfTrainΔ=-0.0184
[0542/1000] cju5hjxaae3i40850h5z2laf5.jpg | O2O=0.6486 Fused=0.6486 Student=0.6291 FusionΔ=+0.0000 SelfTrainΔ=-0.0195
[0543/1000] cju5hl8nee8a40755fm8qjj0o.jpg | O2O=0.9408 Fused=0.9408 Student=0.9357 FusionΔ=+0.0000 SelfTrainΔ=-0.0051
[0544/1000] cju5hqz50e7o90850e0prlpa0.jpg | O2O=0.9335 Fused=0.9335 Student=0.9406 FusionΔ=+0.0000 SelfTrainΔ=+0.0072
[0545/1000] cju5ht88gedbu0755xrcuddcx.jpg | O2O=0.3538 Fused=0.3538 Student=0.3522 FusionΔ=+0.0000 SelfTrainΔ=-0.0016
[0546/1000] cju5huurrecm70801y680y13m.jpg | O2O=0.9588 Fused=0.9588 Student=0.9383 FusionΔ=+0.0000 SelfTrainΔ=-0.0205
[0547/1000] cju5hwonqedw10801vsd3w6kk.jpg | O2O=0.9236 Fused=0.9236 Student=0.9210 FusionΔ=+0.0000 SelfTrainΔ=-0.0026
[0548/1000] cju5hyi9yegob0755ho3do8en.jpg | O2O=0.8743 Fused=0.8743 Student=0.8783 FusionΔ=+0.0000 SelfTrainΔ=+0.0039
[0549/1000] cju5i39mreass0817au8p22zy.jpg | O2O=0.0000 Fused=0.0000 Student=0.9395 FusionΔ=+0.0000 SelfTrainΔ=+0.9395
[0550/1000] cju5i5oh2efg60987ez6cpf72.jpg | O2O=0.9062 Fused=0.9062 Student=0.9548 FusionΔ=+0.0000 SelfTrainΔ=+0.0485
[0551/1000] cju5jx7jzf7c90871c2i9aiov.jpg | O2O=0.8030 Fused=0.8030 Student=0.7892 FusionΔ=+0.0000 SelfTrainΔ=-0.0138
[0552/1000] cju5jz5fff8c50871hbe6108f.jpg | O2O=0.9606 Fused=0.9606 Student=0.9438 FusionΔ=+0.0000 SelfTrainΔ=-0.0168
[0553/1000] cju5k3j3uf6de0817hszzfr7n.jpg | O2O=0.8749 Fused=0.8749 Student=0.8845 FusionΔ=+0.0000 SelfTrainΔ=+0.0095
[0554/1000] cju5k503sfa5f0871lx0rpu5y.jpg | O2O=0.9576 Fused=0.9576 Student=0.9560 FusionΔ=+0.0000 SelfTrainΔ=-0.0016
[0555/1000] cju5k7r0yf98c09878csbxb4d.jpg | O2O=0.9258 Fused=0.9258 Student=0.9135 FusionΔ=+0.0000 SelfTrainΔ=-0.0123
[0556/1000] cju5klveuff6w0871wbibgh3m.jpg | O2O=0.9188 Fused=0.9188 Student=0.9275 FusionΔ=+0.0000 SelfTrainΔ=+0.0087
[0557/1000] cju5knbbqfipk080128cggukq.jpg | O2O=0.0000 Fused=0.0000 Student=0.0000 FusionΔ=+0.0000 SelfTrainΔ=+0.0000
[0558/1000] cju5kre09fhka0850h7b1898j.jpg | O2O=0.9537 Fused=0.9537 Student=0.9403 FusionΔ=+0.0000 SelfTrainΔ=-0.0134
[0559/1000] cju5ktjwofed70817eg58ef7u.jpg | O2O=0.8419 Fused=0.8419 Student=0.8727 FusionΔ=+0.0000 SelfTrainΔ=+0.0307
[0560/1000] cju5nxkujgscq0817l9gss626.jpg | O2O=0.9120 Fused=0.9120 Student=0.8009 FusionΔ=+0.0000 SelfTrainΔ=-0.1111
[0561/1000] cju5nyu31gv8e0871zpk74a2n.jpg | O2O=0.9116 Fused=0.9116 Student=0.8965 FusionΔ=+0.0000 SelfTrainΔ=-0.0151
[0562/1000] cju5o1vu9gz8a0818eyy92bns.jpg | O2O=0.3433 Fused=0.3433 Student=0.3383 FusionΔ=+0.0000 SelfTrainΔ=-0.0050
[0563/1000] cju5o4pk9h0720755lgp9jq8m.jpg | O2O=0.9702 Fused=0.9702 Student=0.9488 FusionΔ=+0.0000 SelfTrainΔ=-0.0214
[0564/1000] cju5tenjojp1j0755ms4949h2.jpg | O2O=0.9702 Fused=0.9702 Student=0.9562 FusionΔ=+0.0000 SelfTrainΔ=-0.0140
[0565/1000] cju5tgbzhjllu08174ca41eus.jpg | O2O=0.4618 Fused=0.4618 Student=0.4457 FusionΔ=+0.0000 SelfTrainΔ=-0.0162
[0566/1000] cju5thdbrjp1108715xdfx356.jpg | O2O=0.8637 Fused=0.8637 Student=0.8511 FusionΔ=+0.0000 SelfTrainΔ=-0.0125
[0567/1000] cju5u4pywk81x0817vn9pe14z.jpg | O2O=0.9205 Fused=0.9205 Student=0.9273 FusionΔ=+0.0000 SelfTrainΔ=+0.0068
[0568/1000] cju5u6wf0kh1t0755bg1ssixv.jpg | O2O=0.9682 Fused=0.9682 Student=0.9645 FusionΔ=+0.0000 SelfTrainΔ=-0.0037
[0569/1000] cju5u8gz4kj5b07552e2wpkwp.jpg | O2O=0.7949 Fused=0.7949 Student=0.8857 FusionΔ=+0.0000 SelfTrainΔ=+0.0908
[0570/1000] cju5udcufki0s09874ll1dbr5.jpg | O2O=0.9231 Fused=0.9231 Student=0.9290 FusionΔ=+0.0000 SelfTrainΔ=+0.0059
[0571/1000] cju5ufn3skquf0818dhapnhba.jpg | O2O=0.9168 Fused=0.9168 Student=0.9165 FusionΔ=+0.0000 SelfTrainΔ=-0.0002
[0572/1000] cju5uget8krjy0818kvywd0zu.jpg | O2O=0.9002 Fused=0.9002 Student=0.8912 FusionΔ=+0.0000 SelfTrainΔ=-0.0090
[0573/1000] cju5uhrdwkmsu0817ervv91l8.jpg | O2O=0.0000 Fused=0.2849 Student=0.2655 FusionΔ=+0.2849 SelfTrainΔ=-0.0195
[0574/1000] cju5ukkg6kv7u08011x2b6zl5.jpg | O2O=0.9064 Fused=0.9064 Student=0.8926 FusionΔ=+0.0000 SelfTrainΔ=-0.0139
[0575/1000] cju5uxjnol2r509871qv2yeia.jpg | O2O=0.5124 Fused=0.5124 Student=0.4873 FusionΔ=+0.0000 SelfTrainΔ=-0.0250
[0576/1000] cju5uzmaol56l0817flxh4w9p.jpg | O2O=0.8843 Fused=0.8843 Student=0.8841 FusionΔ=+0.0000 SelfTrainΔ=-0.0002
[0577/1000] cju5v8pgplg6k0755rvi2t63h.jpg | O2O=0.9240 Fused=0.9240 Student=0.9176 FusionΔ=+0.0000 SelfTrainΔ=-0.0064
[0578/1000] cju5vbo6jldrt0871jf6f1700.jpg | O2O=0.9465 Fused=0.9465 Student=0.9303 FusionΔ=+0.0000 SelfTrainΔ=-0.0162
[0579/1000] cju5vcmrqla7i0817x4sp4pqw.jpg | O2O=0.9221 Fused=0.9221 Student=0.9216 FusionΔ=+0.0000 SelfTrainΔ=-0.0005
[0580/1000] cju5vgawslbe30987ndeepc1b.jpg | O2O=0.9280 Fused=0.9280 Student=0.9244 FusionΔ=+0.0000 SelfTrainΔ=-0.0036
[0581/1000] cju5vi4nxlc530817uoqm2m7a.jpg | O2O=0.9758 Fused=0.9758 Student=0.9583 FusionΔ=+0.0000 SelfTrainΔ=-0.0174
[0582/1000] cju5von04litr08718j8po40a.jpg | O2O=0.7417 Fused=0.7417 Student=0.7582 FusionΔ=+0.0000 SelfTrainΔ=+0.0165
[0583/1000] cju5vutu7ll8w0871dfp92n9p.jpg | O2O=0.7068 Fused=0.7068 Student=0.7034 FusionΔ=+0.0000 SelfTrainΔ=-0.0033
[0584/1000] cju5vwbr4lhqn0987a1pji0ux.jpg | O2O=0.9208 Fused=0.9208 Student=0.9316 FusionΔ=+0.0000 SelfTrainΔ=+0.0108
[0585/1000] cju5vxuc5loxw0818u8xgf45p.jpg | O2O=0.9489 Fused=0.9489 Student=0.9424 FusionΔ=+0.0000 SelfTrainΔ=-0.0065
[0586/1000] cju5vzjoslpj708186z2fusmz.jpg | O2O=0.9487 Fused=0.9487 Student=0.9543 FusionΔ=+0.0000 SelfTrainΔ=+0.0056
[0587/1000] cju5w7xn0lrkq0801f9k0htgx.jpg | O2O=0.9315 Fused=0.9315 Student=0.9132 FusionΔ=+0.0000 SelfTrainΔ=-0.0183
[0588/1000] cju5waeduln160817w0agirve.jpg | O2O=0.9222 Fused=0.9222 Student=0.9280 FusionΔ=+0.0000 SelfTrainΔ=+0.0058
[0589/1000] cju5wcc90lu020850mjrxppv6.jpg | O2O=0.9374 Fused=0.9374 Student=0.9458 FusionΔ=+0.0000 SelfTrainΔ=+0.0084
[0590/1000] cju5wi6bqlxy90755bu227nvb.jpg | O2O=0.9341 Fused=0.9341 Student=0.9054 FusionΔ=+0.0000 SelfTrainΔ=-0.0287
[0591/1000] cju5wj0faly5008187n6530af.jpg | O2O=0.9257 Fused=0.9257 Student=0.9188 FusionΔ=+0.0000 SelfTrainΔ=-0.0069
[0592/1000] cju5wkonqlrl409877y8zvnub.jpg | O2O=0.9707 Fused=0.9707 Student=0.9610 FusionΔ=+0.0000 SelfTrainΔ=-0.0097
[0593/1000] cju5wmvsdlx1j0871npgj8j4b.jpg | O2O=0.9441 Fused=0.9441 Student=0.9294 FusionΔ=+0.0000 SelfTrainΔ=-0.0146
[0594/1000] cju5woy82m07m08505dmjg7g1.jpg | O2O=0.9422 Fused=0.9422 Student=0.9561 FusionΔ=+0.0000 SelfTrainΔ=+0.0139
[0595/1000] cju5wphwwlu3m0987hh3ltg88.jpg | O2O=0.9291 Fused=0.9291 Student=0.9263 FusionΔ=+0.0000 SelfTrainΔ=-0.0027
[0596/1000] cju5wqonpm0e60801z88ewmy1.jpg | O2O=0.9082 Fused=0.9082 Student=0.9104 FusionΔ=+0.0000 SelfTrainΔ=+0.0022
[0597/1000] cju5wrapcm2290818jsh26ppb.jpg | O2O=0.9557 Fused=0.9557 Student=0.9494 FusionΔ=+0.0000 SelfTrainΔ=-0.0062
[0598/1000] cju5wrrs0m2af0818vmnajbtw.jpg | O2O=0.8960 Fused=0.8960 Student=0.8829 FusionΔ=+0.0000 SelfTrainΔ=-0.0131
[0599/1000] cju5wtdu4m0im0871mix0yvc0.jpg | O2O=0.9609 Fused=0.9609 Student=0.9534 FusionΔ=+0.0000 SelfTrainΔ=-0.0075
[0600/1000] cju5wuhm1lwm40987vugqn3vv.jpg | O2O=0.9446 Fused=0.9446 Student=0.9308 FusionΔ=+0.0000 SelfTrainΔ=-0.0138
[0601/1000] cju5x00l6m5j608503k78ptee.jpg | O2O=0.0000 Fused=0.8165 Student=0.8609 FusionΔ=+0.8165 SelfTrainΔ=+0.0444
[0602/1000] cju5x15djm7ae0755h8czf6nt.jpg | O2O=0.9480 Fused=0.9480 Student=0.9289 FusionΔ=+0.0000 SelfTrainΔ=-0.0191
[0603/1000] cju5x28nzm7t907558ocq4bt7.jpg | O2O=0.0000 Fused=0.0000 Student=0.0000 FusionΔ=+0.0000 SelfTrainΔ=+0.0000
[0604/1000] cju5x7iskmad90818frchyfwd.jpg | O2O=0.6358 Fused=0.6358 Student=0.6181 FusionΔ=+0.0000 SelfTrainΔ=-0.0177
[0605/1000] cju5xjn5mm78b09871spyqhhr.jpg | O2O=0.6441 Fused=0.6441 Student=0.6483 FusionΔ=+0.0000 SelfTrainΔ=+0.0042
[0606/1000] cju5xkwzxmf0z0818gk4xabdm.jpg | O2O=0.0000 Fused=0.2717 Student=0.2707 FusionΔ=+0.2717 SelfTrainΔ=-0.0010
[0607/1000] cju5xneamme2p0801qdf7fdwv.jpg | O2O=0.9355 Fused=0.9355 Student=0.9269 FusionΔ=+0.0000 SelfTrainΔ=-0.0085
[0608/1000] cju5xopi0md7q0871r1sjc1av.jpg | O2O=0.9352 Fused=0.9352 Student=0.9239 FusionΔ=+0.0000 SelfTrainΔ=-0.0113
[0609/1000] cju5xq3tdm9fn0987pbedxdg5.jpg | O2O=0.6891 Fused=0.6891 Student=0.6809 FusionΔ=+0.0000 SelfTrainΔ=-0.0082
[0610/1000] cju5y4hgqmk0i08180rjhbwvp.jpg | O2O=0.9665 Fused=0.9665 Student=0.9597 FusionΔ=+0.0000 SelfTrainΔ=-0.0068
[0611/1000] cju5y7buemcw80987p0r30g9f.jpg | O2O=0.9688 Fused=0.9688 Student=0.9729 FusionΔ=+0.0000 SelfTrainΔ=+0.0041
[0612/1000] cju5y84q3mdv50817eyp82xf3.jpg | O2O=0.8675 Fused=0.8675 Student=0.8676 FusionΔ=+0.0000 SelfTrainΔ=+0.0001
[0613/1000] cju5yclrymlgj0818k426ud6z.jpg | O2O=0.9172 Fused=0.9172 Student=0.9329 FusionΔ=+0.0000 SelfTrainΔ=+0.0157
[0614/1000] cju5yeqiwmkgl0801fzv2douc.jpg | O2O=0.3663 Fused=0.3663 Student=0.3705 FusionΔ=+0.0000 SelfTrainΔ=+0.0043
[0615/1000] cju5ygh1zmmdi0755uod5e17i.jpg | O2O=0.8559 Fused=0.8559 Student=0.8536 FusionΔ=+0.0000 SelfTrainΔ=-0.0023
[0616/1000] cju5yhgznmkzb0801cji2vi8j.jpg | O2O=0.8220 Fused=0.8220 Student=0.8278 FusionΔ=+0.0000 SelfTrainΔ=+0.0058
[0617/1000] cju5yimthmlv80850zhoc90c2.jpg | O2O=0.9293 Fused=0.9293 Student=0.9296 FusionΔ=+0.0000 SelfTrainΔ=+0.0003
[0618/1000] cju5yjq1pmlgc0801z0t24bly.jpg | O2O=0.8915 Fused=0.8915 Student=0.8630 FusionΔ=+0.0000 SelfTrainΔ=-0.0285
[0619/1000] cju5ymyd8mmdc0801ry3by1xr.jpg | O2O=0.8916 Fused=0.8916 Student=0.8942 FusionΔ=+0.0000 SelfTrainΔ=+0.0025
[0620/1000] cju6ur9l9v9jq0755paud9uka.jpg | O2O=0.8889 Fused=0.8889 Student=0.8889 FusionΔ=+0.0000 SelfTrainΔ=+0.0000
[0621/1000] cju6us80mv1b50871ebyq2wxa.jpg | O2O=0.8123 Fused=0.8123 Student=0.8258 FusionΔ=+0.0000 SelfTrainΔ=+0.0135
[0622/1000] cju6ut4l8va6y0755tyw3vfqq.jpg | O2O=0.8730 Fused=0.8730 Student=0.8717 FusionΔ=+0.0000 SelfTrainΔ=-0.0013
[0623/1000] cju6uy20suzbl0987rzuhz7z9.jpg | O2O=0.0000 Fused=0.9666 Student=0.9525 FusionΔ=+0.9666 SelfTrainΔ=-0.0141
[0624/1000] cju6uzxk0v83p0801rcwnexdu.jpg | O2O=0.0000 Fused=0.9343 Student=0.9022 FusionΔ=+0.9343 SelfTrainΔ=-0.0321
[0625/1000] cju6v1m1xv07w09870ah3njy1.jpg | O2O=0.9068 Fused=0.9068 Student=0.9002 FusionΔ=+0.0000 SelfTrainΔ=-0.0066
[0626/1000] cju6v3bb2v7xo085090blubyw.jpg | O2O=0.5118 Fused=0.5118 Student=0.4953 FusionΔ=+0.0000 SelfTrainΔ=-0.0165
[0627/1000] cju6v4szov55u0871qmqz3v8n.jpg | O2O=0.7661 Fused=0.7661 Student=0.9388 FusionΔ=+0.0000 SelfTrainΔ=+0.1727
[0628/1000] cju6v5ilsv8hk0850rb5sgh6o.jpg | O2O=0.8479 Fused=0.8479 Student=0.8615 FusionΔ=+0.0000 SelfTrainΔ=+0.0136
[0629/1000] cju6v6g6kvdw007552x6mb0po.jpg | O2O=0.9594 Fused=0.9594 Student=0.9455 FusionΔ=+0.0000 SelfTrainΔ=-0.0139
[0630/1000] cju6vgdmivcvb08018fra5lnv.jpg | O2O=0.9597 Fused=0.9597 Student=0.9551 FusionΔ=+0.0000 SelfTrainΔ=-0.0046
[0631/1000] cju6vifjlv55z0987un6y4zdo.jpg | O2O=0.2463 Fused=0.2463 Student=0.2491 FusionΔ=+0.0000 SelfTrainΔ=+0.0028
[0632/1000] cju6vqarjv7yo0987q4b1btk1.jpg | O2O=0.6147 Fused=0.6147 Student=0.6319 FusionΔ=+0.0000 SelfTrainΔ=+0.0172
[0633/1000] cju6vrs1ov8cr098788h8gs6j.jpg | O2O=0.9183 Fused=0.9183 Student=0.9093 FusionΔ=+0.0000 SelfTrainΔ=-0.0091
[0634/1000] cju6vta3kvazg0817qbeppjtm.jpg | O2O=0.9635 Fused=0.9635 Student=0.9631 FusionΔ=+0.0000 SelfTrainΔ=-0.0004
[0635/1000] cju6vucxvvlda0755j7msqnya.jpg | O2O=0.8574 Fused=0.8574 Student=0.8574 FusionΔ=+0.0000 SelfTrainΔ=-0.0001
[0636/1000] cju6vvb8svhed0801jjcquh5e.jpg | O2O=0.8544 Fused=0.8544 Student=0.8640 FusionΔ=+0.0000 SelfTrainΔ=+0.0096
[0637/1000] cju6vvxsev9y30987kespucdg.jpg | O2O=0.9498 Fused=0.9498 Student=0.9352 FusionΔ=+0.0000 SelfTrainΔ=-0.0147
[0638/1000] cju6w733bveoz0817e600tw72.jpg | O2O=0.9299 Fused=0.9299 Student=0.9296 FusionΔ=+0.0000 SelfTrainΔ=-0.0003
[0639/1000] cju6wi3akvn8r0801px8eligc.jpg | O2O=0.7780 Fused=0.7780 Student=0.8103 FusionΔ=+0.0000 SelfTrainΔ=+0.0323
[0640/1000] cju6wjm81vgsc0987enk9n3pr.jpg | O2O=0.9603 Fused=0.9603 Student=0.9841 FusionΔ=+0.0000 SelfTrainΔ=+0.0238
[0641/1000] cju6wll7wvo3y08502pagos8m.jpg | O2O=0.9622 Fused=0.9622 Student=0.9519 FusionΔ=+0.0000 SelfTrainΔ=-0.0103
[0642/1000] cju6wn57mvooj0850rp78hhy7.jpg | O2O=0.3742 Fused=0.3742 Student=0.8245 FusionΔ=+0.0000 SelfTrainΔ=+0.4503
[0643/1000] cju6wt9jvvn500871hjn3t3g0.jpg | O2O=0.9473 Fused=0.9473 Student=0.9289 FusionΔ=+0.0000 SelfTrainΔ=-0.0185
[0644/1000] cju6wuojavt740818b5qcv3iw.jpg | O2O=0.5149 Fused=0.5149 Student=0.5243 FusionΔ=+0.0000 SelfTrainΔ=+0.0094
[0645/1000] cju6x0yqbvxqt0755dhxislgb.jpg | O2O=0.8779 Fused=0.8779 Student=0.8512 FusionΔ=+0.0000 SelfTrainΔ=-0.0266
[0646/1000] cju6x35ervu2808015c7eoqe4.jpg | O2O=0.9512 Fused=0.9512 Student=0.9441 FusionΔ=+0.0000 SelfTrainΔ=-0.0071
[0647/1000] cju6x4t13vyw60755gtcf9ndu.jpg | O2O=0.0000 Fused=0.9114 Student=0.9040 FusionΔ=+0.9114 SelfTrainΔ=-0.0074
[0648/1000] cju6x97w4vwua0850x0997r0a.jpg | O2O=0.9371 Fused=0.9371 Student=0.9216 FusionΔ=+0.0000 SelfTrainΔ=-0.0155
[0649/1000] cju6xa0qmvzun0818xjukgncj.jpg | O2O=0.7989 Fused=0.7989 Student=0.8182 FusionΔ=+0.0000 SelfTrainΔ=+0.0193
[0650/1000] cju6xifswvwbo0987nibtdr50.jpg | O2O=0.8785 Fused=0.8785 Student=0.9155 FusionΔ=+0.0000 SelfTrainΔ=+0.0370
[0651/1000] cju6xlygpw7bs0818n691jsq4.jpg | O2O=0.1335 Fused=0.1335 Student=0.1360 FusionΔ=+0.0000 SelfTrainΔ=+0.0025
[0652/1000] cju6xmqd9w0250817l5kxfnsk.jpg | O2O=0.9723 Fused=0.9723 Student=0.9571 FusionΔ=+0.0000 SelfTrainΔ=-0.0152
[0653/1000] cju6ywm40wdbo0987pbftsvtg.jpg | O2O=0.9452 Fused=0.9452 Student=0.9479 FusionΔ=+0.0000 SelfTrainΔ=+0.0027
[0654/1000] cju6yxyt0wh080871sqpepu47.jpg | O2O=0.9476 Fused=0.9476 Student=0.9329 FusionΔ=+0.0000 SelfTrainΔ=-0.0147
[0655/1000] cju6yywx1whbb0871ksgfgf9f.jpg | O2O=0.9392 Fused=0.9392 Student=0.9162 FusionΔ=+0.0000 SelfTrainΔ=-0.0230
[0656/1000] cju6z1bzbwfq50817b2alatvr.jpg | O2O=0.0000 Fused=0.0000 Student=0.0000 FusionΔ=+0.0000 SelfTrainΔ=+0.0000
[0657/1000] cju6z2616wqbk07555bvnuyr1.jpg | O2O=0.8997 Fused=0.8997 Student=0.8774 FusionΔ=+0.0000 SelfTrainΔ=-0.0223
[0658/1000] cju6z600qwh4z081700qimgl9.jpg | O2O=0.9167 Fused=0.9167 Student=0.9088 FusionΔ=+0.0000 SelfTrainΔ=-0.0079
[0659/1000] cju6z7e4bwgdd0987ogkzq9kt.jpg | O2O=0.8685 Fused=0.8685 Student=0.8854 FusionΔ=+0.0000 SelfTrainΔ=+0.0169
[0660/1000] cju6z9a9kwsl007552s49rx6i.jpg | O2O=0.0000 Fused=0.0000 Student=0.8985 FusionΔ=+0.0000 SelfTrainΔ=+0.8985
[0661/1000] cju76erapykj30871x5eaxh4q.jpg | O2O=0.9691 Fused=0.9691 Student=0.9428 FusionΔ=+0.0000 SelfTrainΔ=-0.0263
[0662/1000] cju76l27oyrw907551ri2a7fl.jpg | O2O=0.9565 Fused=0.9565 Student=0.9504 FusionΔ=+0.0000 SelfTrainΔ=-0.0061
[0663/1000] cju76lsehyia10987u54vn8rb.jpg | O2O=0.9217 Fused=0.9217 Student=0.9261 FusionΔ=+0.0000 SelfTrainΔ=+0.0045
[0664/1000] cju76o55nymqd0871h31sph9w.jpg | O2O=0.8676 Fused=0.8676 Student=0.8664 FusionΔ=+0.0000 SelfTrainΔ=-0.0012
[0665/1000] cju77196iyshb0850ycbto50a.jpg | O2O=0.9545 Fused=0.9545 Student=0.9602 FusionΔ=+0.0000 SelfTrainΔ=+0.0057
[0666/1000] cju772304yw5t0818vbw8kkjf.jpg | O2O=0.8949 Fused=0.8949 Student=0.8959 FusionΔ=+0.0000 SelfTrainΔ=+0.0010
[0667/1000] cju773hsyyosz0817pk1e7sjq.jpg | O2O=0.9628 Fused=0.9628 Student=0.9381 FusionΔ=+0.0000 SelfTrainΔ=-0.0247
[0668/1000] cju774fmayxif0818u2g79usw.jpg | O2O=0.9480 Fused=0.9480 Student=0.8977 FusionΔ=+0.0000 SelfTrainΔ=-0.0503
[0669/1000] cju7787c5yy3l080159mwqsnj.jpg | O2O=0.8920 Fused=0.8920 Student=0.8885 FusionΔ=+0.0000 SelfTrainΔ=-0.0035
[0670/1000] cju77afzlz3kp07550x5nafzs.jpg | O2O=0.2208 Fused=0.2208 Student=0.2224 FusionΔ=+0.0000 SelfTrainΔ=+0.0015
[0671/1000] cju77b3wyz4160755qis4ljsb.jpg | O2O=0.8890 Fused=0.8890 Student=0.8894 FusionΔ=+0.0000 SelfTrainΔ=+0.0003
[0672/1000] cju77bvg0yv4r0987yh60xmjo.jpg | O2O=0.9472 Fused=0.9472 Student=0.9422 FusionΔ=+0.0000 SelfTrainΔ=-0.0051
[0673/1000] cju77g99iyxc00817zqi2ppor.jpg | O2O=0.8940 Fused=0.8940 Student=0.8721 FusionΔ=+0.0000 SelfTrainΔ=-0.0219
[0674/1000] cju77idwfz36d0871tzfzz51i.jpg | O2O=0.9656 Fused=0.9656 Student=0.9547 FusionΔ=+0.0000 SelfTrainΔ=-0.0109
[0675/1000] cju77j66ez52p08019xygi0co.jpg | O2O=0.8865 Fused=0.8865 Student=0.8830 FusionΔ=+0.0000 SelfTrainΔ=-0.0035
[0676/1000] cju77k828z46w0871r0avuoo9.jpg | O2O=0.9278 Fused=0.9278 Student=0.9122 FusionΔ=+0.0000 SelfTrainΔ=-0.0156
[0677/1000] cju77q10sz9ug0801449wu1nu.jpg | O2O=0.6500 Fused=0.6500 Student=0.6209 FusionΔ=+0.0000 SelfTrainΔ=-0.0290
[0678/1000] cju77re6fz5bb0817vp9redjg.jpg | O2O=0.9460 Fused=0.9460 Student=0.9462 FusionΔ=+0.0000 SelfTrainΔ=+0.0002
[0679/1000] cju77t0razbvm080106o56289.jpg | O2O=0.0000 Fused=0.5882 Student=0.5911 FusionΔ=+0.5882 SelfTrainΔ=+0.0029
[0680/1000] cju77u1sjz77b0817ft44r3fk.jpg | O2O=0.9465 Fused=0.9465 Student=0.9240 FusionΔ=+0.0000 SelfTrainΔ=-0.0225
[0681/1000] cju77vvcwzcm50850lzoykuva.jpg | O2O=0.9553 Fused=0.9553 Student=0.9059 FusionΔ=+0.0000 SelfTrainΔ=-0.0494
[0682/1000] cju783tmkzkqu081803g7q5vk.jpg | O2O=0.9708 Fused=0.9708 Student=0.9695 FusionΔ=+0.0000 SelfTrainΔ=-0.0013
[0683/1000] cju784jpdzeae0987q5ypq883.jpg | O2O=0.9261 Fused=0.9261 Student=0.9128 FusionΔ=+0.0000 SelfTrainΔ=-0.0132
[0684/1000] cju785htizjzo08017tvlhtg4.jpg | O2O=0.9343 Fused=0.9343 Student=0.9237 FusionΔ=+0.0000 SelfTrainΔ=-0.0106
[0685/1000] cju787jnjzjuj0871p94nck9g.jpg | O2O=0.9710 Fused=0.9710 Student=0.9599 FusionΔ=+0.0000 SelfTrainΔ=-0.0112
[0686/1000] cju7adqyj1jcx08712r1ro5gx.jpg | O2O=0.9780 Fused=0.9780 Student=0.9623 FusionΔ=+0.0000 SelfTrainΔ=-0.0158
[0687/1000] cju7ae7bq1f820987toc8si1d.jpg | O2O=0.8901 Fused=0.8901 Student=0.9003 FusionΔ=+0.0000 SelfTrainΔ=+0.0102
[0688/1000] cju7aez2x1jtj0871ztezs3oi.jpg | O2O=0.9243 Fused=0.9243 Student=0.9149 FusionΔ=+0.0000 SelfTrainΔ=-0.0093
[0689/1000] cju7afqon1ip40850ue2308b6.jpg | O2O=0.9189 Fused=0.9189 Student=0.9002 FusionΔ=+0.0000 SelfTrainΔ=-0.0186
[0690/1000] cju7agj961l2r0818z29iq8yn.jpg | O2O=0.8390 Fused=0.8390 Student=0.8223 FusionΔ=+0.0000 SelfTrainΔ=-0.0167
[0691/1000] cju7ahtkb1jr90801jck4kbds.jpg | O2O=0.9581 Fused=0.9581 Student=0.9436 FusionΔ=+0.0000 SelfTrainΔ=-0.0145
[0692/1000] cju7aifyo1p3n07552nxjx51f.jpg | O2O=0.9481 Fused=0.9481 Student=0.9235 FusionΔ=+0.0000 SelfTrainΔ=-0.0245
[0693/1000] cju7ajnbo1gvm098749rdouk0.jpg | O2O=0.9778 Fused=0.9778 Student=0.9786 FusionΔ=+0.0000 SelfTrainΔ=+0.0008
[0694/1000] cju7aklv31h4309871m29l4e7.jpg | O2O=0.9640 Fused=0.9640 Student=0.9483 FusionΔ=+0.0000 SelfTrainΔ=-0.0157
[0695/1000] cju7alcgr1lsr0871riqk84z7.jpg | O2O=0.8780 Fused=0.8780 Student=0.8974 FusionΔ=+0.0000 SelfTrainΔ=+0.0194
[0696/1000] cju7amjna1ly40871ugiokehb.jpg | O2O=0.9500 Fused=0.9500 Student=0.9290 FusionΔ=+0.0000 SelfTrainΔ=-0.0210
[0697/1000] cju7ap09p1kz10850ldccjebj.jpg | O2O=0.8236 Fused=0.8236 Student=0.8207 FusionΔ=+0.0000 SelfTrainΔ=-0.0030
[0698/1000] cju7apr0c1qqm0755s7msqot4.jpg | O2O=0.9543 Fused=0.9543 Student=0.9377 FusionΔ=+0.0000 SelfTrainΔ=-0.0166
[0699/1000] cju7aqkue1i2k09879uzcpt8r.jpg | O2O=0.9056 Fused=0.9056 Student=0.8611 FusionΔ=+0.0000 SelfTrainΔ=-0.0445
[0700/1000] cju7arvfe1ldu0850erdmphgj.jpg | O2O=0.9513 Fused=0.9513 Student=0.9559 FusionΔ=+0.0000 SelfTrainΔ=+0.0045
[0701/1000] cju7atnm31if40817pqclnjer.jpg | O2O=0.8996 Fused=0.8996 Student=0.8727 FusionΔ=+0.0000 SelfTrainΔ=-0.0269
[0702/1000] cju7avvi51iox0817ym55y6tt.jpg | O2O=0.0000 Fused=0.0000 Student=0.4653 FusionΔ=+0.0000 SelfTrainΔ=+0.4653
[0703/1000] cju7awzmu1ncs0871hziy65zx.jpg | O2O=0.9560 Fused=0.9560 Student=0.9550 FusionΔ=+0.0000 SelfTrainΔ=-0.0011
[0704/1000] cju7azuu31mia0801pf9ib5ed.jpg | O2O=0.9587 Fused=0.9587 Student=0.9499 FusionΔ=+0.0000 SelfTrainΔ=-0.0088
[0705/1000] cju7b10ce1mnm08011c5bwyr4.jpg | O2O=0.7938 Fused=0.7938 Student=0.7775 FusionΔ=+0.0000 SelfTrainΔ=-0.0164
[0706/1000] cju7b1ygu1msd0801hywhy0mc.jpg | O2O=0.0000 Fused=0.0000 Student=0.0000 FusionΔ=+0.0000 SelfTrainΔ=+0.0000
[0707/1000] cju7b2l561oas0871decgslaf.jpg | O2O=0.9622 Fused=0.9622 Student=0.9555 FusionΔ=+0.0000 SelfTrainΔ=-0.0068
[0708/1000] cju7b3f5h1sm40755i572jden.jpg | O2O=0.9509 Fused=0.9509 Student=0.9216 FusionΔ=+0.0000 SelfTrainΔ=-0.0293
[0709/1000] cju7b4mtw1n9n080186209f3d.jpg | O2O=0.9230 Fused=0.9230 Student=0.9229 FusionΔ=+0.0000 SelfTrainΔ=-0.0001
[0710/1000] cju7b5afm1nfw0801xqm8bf8q.jpg | O2O=0.9053 Fused=0.9053 Student=0.9015 FusionΔ=+0.0000 SelfTrainΔ=-0.0038
[0711/1000] cju7b9vcs1luz0987ta60j1dy.jpg | O2O=0.9273 Fused=0.9273 Student=0.9257 FusionΔ=+0.0000 SelfTrainΔ=-0.0016
[0712/1000] cju7bb3ss1uoo0755pmhyco7t.jpg | O2O=0.8611 Fused=0.8611 Student=0.9122 FusionΔ=+0.0000 SelfTrainΔ=+0.0510
[0713/1000] cju7bc95p1mdm0817yqj5jc6j.jpg | O2O=0.0000 Fused=0.0000 Student=0.7267 FusionΔ=+0.0000 SelfTrainΔ=+0.7267
[0714/1000] cju7bd1qu1mx409877xjxibox.jpg | O2O=0.9337 Fused=0.9337 Student=0.9263 FusionΔ=+0.0000 SelfTrainΔ=-0.0074
[0715/1000] cju7bduyq1rjf08719giru9ho.jpg | O2O=0.9491 Fused=0.9491 Student=0.9316 FusionΔ=+0.0000 SelfTrainΔ=-0.0175
[0716/1000] cju7bf1lp1shi081835vs84lc.jpg | O2O=0.8902 Fused=0.8902 Student=0.8745 FusionΔ=+0.0000 SelfTrainΔ=-0.0157
[0717/1000] cju7bfx651qr80801cs7epotb.jpg | O2O=0.0000 Fused=0.8790 Student=0.8413 FusionΔ=+0.8790 SelfTrainΔ=-0.0377
[0718/1000] cju7bgnvb1sf808717qa799ir.jpg | O2O=0.9595 Fused=0.9595 Student=0.9592 FusionΔ=+0.0000 SelfTrainΔ=-0.0003
[0719/1000] cju7bmi1v1pnj0987pa52jjok.jpg | O2O=0.9378 Fused=0.9378 Student=0.9038 FusionΔ=+0.0000 SelfTrainΔ=-0.0340
[0720/1000] cju7cl8zm1xcu0817ado0jpas.jpg | O2O=0.8885 Fused=0.8885 Student=0.9117 FusionΔ=+0.0000 SelfTrainΔ=+0.0233
[0721/1000] cju7cp6dw244p0818gncdol4m.jpg | O2O=0.8758 Fused=0.8758 Student=0.8726 FusionΔ=+0.0000 SelfTrainΔ=-0.0032
[0722/1000] cju7cq6su27qv075574dir0r3.jpg | O2O=0.7750 Fused=0.7750 Student=0.8604 FusionΔ=+0.0000 SelfTrainΔ=+0.0854
[0723/1000] cju7crgxa28550755wbsgqkel.jpg | O2O=0.9132 Fused=0.9132 Student=0.8939 FusionΔ=+0.0000 SelfTrainΔ=-0.0193
[0724/1000] cju7csvlb22fr0850lvm45n3x.jpg | O2O=0.3145 Fused=0.3145 Student=0.3068 FusionΔ=+0.0000 SelfTrainΔ=-0.0078
[0725/1000] cju7ctvqn25dy08186g442m1r.jpg | O2O=0.0000 Fused=0.0000 Student=0.5735 FusionΔ=+0.0000 SelfTrainΔ=+0.5735
[0726/1000] cju7cue9b232j0801qdzk1ykj.jpg | O2O=0.8859 Fused=0.8859 Student=0.8684 FusionΔ=+0.0000 SelfTrainΔ=-0.0176
[0727/1000] cju7cufm7298k0755j09uf3of.jpg | O2O=0.9114 Fused=0.9114 Student=0.8996 FusionΔ=+0.0000 SelfTrainΔ=-0.0119
[0728/1000] cju7d1tvt25bu08019dvw3uff.jpg | O2O=0.9229 Fused=0.9229 Student=0.9183 FusionΔ=+0.0000 SelfTrainΔ=-0.0045
[0729/1000] cju7d2q1k27nf08715zshsckt.jpg | O2O=0.6244 Fused=0.6244 Student=0.9028 FusionΔ=+0.0000 SelfTrainΔ=+0.2784
[0730/1000] cju7d3oc82cho0755dajlwldz.jpg | O2O=0.9518 Fused=0.9518 Student=0.9405 FusionΔ=+0.0000 SelfTrainΔ=-0.0113
[0731/1000] cju7d4jk723eu0817bqz2n39m.jpg | O2O=0.9633 Fused=0.9633 Student=0.9429 FusionΔ=+0.0000 SelfTrainΔ=-0.0203
[0732/1000] cju7d5m0p23kn09871rk7pu3v.jpg | O2O=0.7497 Fused=0.7497 Student=0.7307 FusionΔ=+0.0000 SelfTrainΔ=-0.0190
[0733/1000] cju7d6ux323ze0987xos3srkx.jpg | O2O=0.0000 Fused=0.0000 Student=0.6253 FusionΔ=+0.0000 SelfTrainΔ=+0.6253
[0734/1000] cju7d7aut2a2p0818z4uxc6cd.jpg | O2O=0.8799 Fused=0.8799 Student=0.8561 FusionΔ=+0.0000 SelfTrainΔ=-0.0238
[0735/1000] cju7d7tly27h408016fyp5nr7.jpg | O2O=0.9443 Fused=0.9443 Student=0.9481 FusionΔ=+0.0000 SelfTrainΔ=+0.0038
[0736/1000] cju7d8m3b2e210755l8fj1yph.jpg | O2O=0.0000 Fused=0.0000 Student=0.1573 FusionΔ=+0.0000 SelfTrainΔ=+0.1573
[0737/1000] cju7d9seq29zd0871nzl2uu5m.jpg | O2O=0.8022 Fused=0.8022 Student=0.7865 FusionΔ=+0.0000 SelfTrainΔ=-0.0158
[0738/1000] cju7da88w2eod0755wejzynvt.jpg | O2O=0.8966 Fused=0.8966 Student=0.8906 FusionΔ=+0.0000 SelfTrainΔ=-0.0060
[0739/1000] cju7db7lp2f400755tntd1ohf.jpg | O2O=0.3917 Fused=0.3917 Student=0.3457 FusionΔ=+0.0000 SelfTrainΔ=-0.0461
[0740/1000] cju7dbppn28nx085097654msi.jpg | O2O=0.0000 Fused=0.9548 Student=0.9512 FusionΔ=+0.9548 SelfTrainΔ=-0.0036
[0741/1000] cju7dda8w2br20818zhsuz8s7.jpg | O2O=0.5733 Fused=0.5733 Student=0.5789 FusionΔ=+0.0000 SelfTrainΔ=+0.0057
[0742/1000] cju7ddtz729960801uazp1knc.jpg | O2O=0.9376 Fused=0.9376 Student=0.9395 FusionΔ=+0.0000 SelfTrainΔ=+0.0019
[0743/1000] cju7deifq2fzn0755lc8idyh8.jpg | O2O=0.9491 Fused=0.9491 Student=0.9345 FusionΔ=+0.0000 SelfTrainΔ=-0.0147
[0744/1000] cju7dff9529h208503w60lbil.jpg | O2O=0.4759 Fused=0.4759 Student=0.4447 FusionΔ=+0.0000 SelfTrainΔ=-0.0312
[0745/1000] cju7dglf226g50987ohbthl19.jpg | O2O=0.2292 Fused=0.2292 Student=0.2513 FusionΔ=+0.0000 SelfTrainΔ=+0.0221
[0746/1000] cju7dhpsc2dnn0818025m6857.jpg | O2O=0.0000 Fused=0.8490 Student=0.8392 FusionΔ=+0.8490 SelfTrainΔ=-0.0099
[0747/1000] cju7dizi82h2i0755doucgnt3.jpg | O2O=0.9582 Fused=0.9582 Student=0.9611 FusionΔ=+0.0000 SelfTrainΔ=+0.0029
[0748/1000] cju7dlk532dsh0871zvr6qz0r.jpg | O2O=0.8843 Fused=0.8843 Student=0.8739 FusionΔ=+0.0000 SelfTrainΔ=-0.0104
[0749/1000] cju7dmlgf2ebw0871ieqas5fh.jpg | O2O=0.8005 Fused=0.8005 Student=0.7900 FusionΔ=+0.0000 SelfTrainΔ=-0.0104
[0750/1000] cju7dn24o296i09871qfxb8s2.jpg | O2O=0.4241 Fused=0.4241 Student=0.4177 FusionΔ=+0.0000 SelfTrainΔ=-0.0064
[0751/1000] cju7do8c72dbo0801vxfzxdc4.jpg | O2O=0.9115 Fused=0.9115 Student=0.9204 FusionΔ=+0.0000 SelfTrainΔ=+0.0089
[0752/1000] cju7dp3dw2k4n0755zhe003ad.jpg | O2O=0.9238 Fused=0.9238 Student=0.9270 FusionΔ=+0.0000 SelfTrainΔ=+0.0032
[0753/1000] cju7dqcwi2dz00850gcmr2ert.jpg | O2O=0.8777 Fused=0.8777 Student=0.9127 FusionΔ=+0.0000 SelfTrainΔ=+0.0350
[0754/1000] cju7druhp2gp308715i6km7be.jpg | O2O=0.1714 Fused=0.1714 Student=0.1578 FusionΔ=+0.0000 SelfTrainΔ=-0.0136
[0755/1000] cju7dsrtb2f8i085064kwugfk.jpg | O2O=0.9419 Fused=0.9419 Student=0.9381 FusionΔ=+0.0000 SelfTrainΔ=-0.0038
[0756/1000] cju7dtb1e2j0t0818deq51ib3.jpg | O2O=0.9016 Fused=0.9016 Student=0.9150 FusionΔ=+0.0000 SelfTrainΔ=+0.0134
[0757/1000] cju7dubap2g0w0801fgl42mg9.jpg | O2O=0.0000 Fused=0.0000 Student=0.0000 FusionΔ=+0.0000 SelfTrainΔ=+0.0000
[0758/1000] cju7dvl5m2n4t0755hlnnjjet.jpg | O2O=0.8908 Fused=0.8908 Student=0.9020 FusionΔ=+0.0000 SelfTrainΔ=+0.0112
[0759/1000] cju7dwe282dc309876rco45ts.jpg | O2O=0.5067 Fused=0.5067 Student=0.4976 FusionΔ=+0.0000 SelfTrainΔ=-0.0091
[0760/1000] cju7dxffn2eam0817qxosfwch.jpg | O2O=0.6253 Fused=0.6253 Student=0.6334 FusionΔ=+0.0000 SelfTrainΔ=+0.0081
[0761/1000] cju7dymur2od30755eg8yv2ht.jpg | O2O=0.5989 Fused=0.5989 Student=0.5672 FusionΔ=+0.0000 SelfTrainΔ=-0.0317
[0762/1000] cju7dz5yy2i7z0801ausi7rna.jpg | O2O=0.3525 Fused=0.3525 Student=0.3460 FusionΔ=+0.0000 SelfTrainΔ=-0.0065
[0763/1000] cju7ea4om2l910801bohqjccy.jpg | O2O=0.9476 Fused=0.9476 Student=0.9353 FusionΔ=+0.0000 SelfTrainΔ=-0.0123
[0764/1000] cju7ebe962hr409872ovibahw.jpg | O2O=0.9237 Fused=0.9237 Student=0.9384 FusionΔ=+0.0000 SelfTrainΔ=+0.0147
[0765/1000] cju7ecl9i2i060987xawjp4l0.jpg | O2O=0.8755 Fused=0.8755 Student=0.8771 FusionΔ=+0.0000 SelfTrainΔ=+0.0016
[0766/1000] cju7eea9b2m0z0801ynqv1fqu.jpg | O2O=0.6536 Fused=0.6536 Student=0.6572 FusionΔ=+0.0000 SelfTrainΔ=+0.0035
[0767/1000] cju7efffp2ivf0817etg3jehl.jpg | O2O=0.8708 Fused=0.8708 Student=0.8482 FusionΔ=+0.0000 SelfTrainΔ=-0.0226
[0768/1000] cju7ehljc2or70871261br8ai.jpg | O2O=0.1879 Fused=0.1879 Student=0.7185 FusionΔ=+0.0000 SelfTrainΔ=+0.5306
[0769/1000] cju7ejm2l2ncl0801wq6y84nw.jpg | O2O=0.6833 Fused=0.6833 Student=0.6843 FusionΔ=+0.0000 SelfTrainΔ=+0.0010
[0770/1000] cju7ekbo32pft0871fv7kzwb9.jpg | O2O=0.9164 Fused=0.9164 Student=0.8897 FusionΔ=+0.0000 SelfTrainΔ=-0.0267
[0771/1000] cju7el6xv2k520817qxx9wdr5.jpg | O2O=0.8669 Fused=0.8669 Student=0.8465 FusionΔ=+0.0000 SelfTrainΔ=-0.0205
[0772/1000] cju7emdni2py40871ivhxjtut.jpg | O2O=0.9365 Fused=0.9365 Student=0.0000 FusionΔ=+0.0000 SelfTrainΔ=-0.9365
[0773/1000] cju7eotqi2qea0871y8yc7tqh.jpg | O2O=0.1925 Fused=0.1925 Student=0.1922 FusionΔ=+0.0000 SelfTrainΔ=-0.0003
[0774/1000] cju7epwj82koz098713apjnzo.jpg | O2O=0.7681 Fused=0.7681 Student=0.9169 FusionΔ=+0.0000 SelfTrainΔ=+0.1488
[0775/1000] cju7er4kc2opa0801anuxc0eb.jpg | O2O=0.9425 Fused=0.9425 Student=0.9632 FusionΔ=+0.0000 SelfTrainΔ=+0.0207
[0776/1000] cju7es23b2vcp0755gpbm9s7v.jpg | O2O=0.0000 Fused=0.0000 Student=0.6740 FusionΔ=+0.0000 SelfTrainΔ=+0.6740
[0777/1000] cju7et17a2vjk0755e743npl1.jpg | O2O=0.8769 Fused=0.8769 Student=0.8458 FusionΔ=+0.0000 SelfTrainΔ=-0.0311
[0778/1000] cju7etr3y2p4t0801cdzjj8ab.jpg | O2O=0.8371 Fused=0.8371 Student=0.8342 FusionΔ=+0.0000 SelfTrainΔ=-0.0029
[0779/1000] cju7eueum2oqn0850rodmx8zo.jpg | O2O=0.9168 Fused=0.9168 Student=0.9129 FusionΔ=+0.0000 SelfTrainΔ=-0.0039
[0780/1000] cju7ev2b12owa08500bpfpwyw.jpg | O2O=0.8660 Fused=0.8660 Student=0.8477 FusionΔ=+0.0000 SelfTrainΔ=-0.0183
[0781/1000] cju7evxt12m730987rxivne3x.jpg | O2O=0.8740 Fused=0.8740 Student=0.8838 FusionΔ=+0.0000 SelfTrainΔ=+0.0098
[0782/1000] cju7ey10f2rvf0871bwbi9x82.jpg | O2O=0.9471 Fused=0.9471 Student=0.9231 FusionΔ=+0.0000 SelfTrainΔ=-0.0240
[0783/1000] cju7ez7r22qbc08015xfoz2wb.jpg | O2O=0.5935 Fused=0.5935 Student=0.7205 FusionΔ=+0.0000 SelfTrainΔ=+0.1270
[0784/1000] cju7ezs7g2mxm098787atbran.jpg | O2O=0.9463 Fused=0.9463 Student=0.9303 FusionΔ=+0.0000 SelfTrainΔ=-0.0160
[0785/1000] cju7f0ec32txj08184asb8w5f.jpg | O2O=0.9453 Fused=0.9453 Student=0.9498 FusionΔ=+0.0000 SelfTrainΔ=+0.0045
[0786/1000] cju7f4sc62xqj075597xpmuoy.jpg | O2O=0.9604 Fused=0.9604 Student=0.9501 FusionΔ=+0.0000 SelfTrainΔ=-0.0103
[0787/1000] cju7f5ghb2r5s0801chwkxxh9.jpg | O2O=0.9491 Fused=0.9491 Student=0.9591 FusionΔ=+0.0000 SelfTrainΔ=+0.0100
[0788/1000] cju7f6cqy2ur20818t1saazbm.jpg | O2O=0.0000 Fused=0.8449 Student=0.8523 FusionΔ=+0.8449 SelfTrainΔ=+0.0074
[0789/1000] cju7f900s2o0k08175gl1giid.jpg | O2O=0.9637 Fused=0.9637 Student=0.6375 FusionΔ=+0.0000 SelfTrainΔ=-0.3262
[0790/1000] cju7f9umg2olj0987fj5y285w.jpg | O2O=0.9707 Fused=0.9707 Student=0.9740 FusionΔ=+0.0000 SelfTrainΔ=+0.0032
[0791/1000] cju7fazv92ywx0755xov2erga.jpg | O2O=0.8941 Fused=0.8941 Student=0.9403 FusionΔ=+0.0000 SelfTrainΔ=+0.0462
[0792/1000] cju7fbndk2sl608015ravktum.jpg | O2O=0.9400 Fused=0.9400 Student=0.9304 FusionΔ=+0.0000 SelfTrainΔ=-0.0096
[0793/1000] cju7fcgbe2z3p07550vaflqdb.jpg | O2O=0.9570 Fused=0.9570 Student=0.9407 FusionΔ=+0.0000 SelfTrainΔ=-0.0163
[0794/1000] cju7fd6yt2p740987wkr8exo1.jpg | O2O=0.9250 Fused=0.9250 Student=0.9188 FusionΔ=+0.0000 SelfTrainΔ=-0.0062
[0795/1000] cju7fen322ou10817ziqkob4k.jpg | O2O=0.8519 Fused=0.8519 Student=0.8676 FusionΔ=+0.0000 SelfTrainΔ=+0.0157
[0796/1000] cju7ff97z2ow40817u2r83my5.jpg | O2O=0.7356 Fused=0.7356 Student=0.7784 FusionΔ=+0.0000 SelfTrainΔ=+0.0429
[0797/1000] cju7flevb2wii08188otgs9p2.jpg | O2O=0.0000 Fused=0.0000 Student=0.0000 FusionΔ=+0.0000 SelfTrainΔ=+0.0000
[0798/1000] cju7fmvpk2q170987v6i3ola8.jpg | O2O=0.5918 Fused=0.5918 Student=0.5649 FusionΔ=+0.0000 SelfTrainΔ=-0.0269
[0799/1000] cju7fnfv02tt90801djnix9m8.jpg | O2O=0.8639 Fused=0.8639 Student=0.9060 FusionΔ=+0.0000 SelfTrainΔ=+0.0421
[0800/1000] cju7fob3x301u0755x985pmmq.jpg | O2O=0.9642 Fused=0.9642 Student=0.9473 FusionΔ=+0.0000 SelfTrainΔ=-0.0169
[0801/1000] cju7fpfzq2wyf0818xxd1oziv.jpg | O2O=0.8391 Fused=0.8391 Student=0.8400 FusionΔ=+0.0000 SelfTrainΔ=+0.0009
[0802/1000] cju7fq7mm2pw508176uk5ugtx.jpg | O2O=0.9459 Fused=0.9459 Student=0.9410 FusionΔ=+0.0000 SelfTrainΔ=-0.0049
[0803/1000] cju7frtqu2xa20818wq8r9fzf.jpg | O2O=0.8120 Fused=0.8120 Student=0.8369 FusionΔ=+0.0000 SelfTrainΔ=+0.0249
[0804/1000] cju7g7ba42z310987bqzbi2bq.jpg | O2O=0.5517 Fused=0.5517 Student=0.5333 FusionΔ=+0.0000 SelfTrainΔ=-0.0184
[0805/1000] cju83h9ysjwe808716nt35oah.jpg | O2O=0.9134 Fused=0.9134 Student=0.9197 FusionΔ=+0.0000 SelfTrainΔ=+0.0063
[0806/1000] cju83ipu3jwpx0801z5pvguf8.jpg | O2O=0.9009 Fused=0.9009 Student=0.8756 FusionΔ=+0.0000 SelfTrainΔ=-0.0253
[0807/1000] cju83k8fyjsxr0817d6nxs6r4.jpg | O2O=0.9552 Fused=0.9552 Student=0.9636 FusionΔ=+0.0000 SelfTrainΔ=+0.0084
[0808/1000] cju83kxitjv340987z09m0ezy.jpg | O2O=0.9030 Fused=0.9030 Student=0.8966 FusionΔ=+0.0000 SelfTrainΔ=-0.0065
[0809/1000] cju83mki1jv5w0817kubxm31r.jpg | O2O=0.0116 Fused=0.0116 Student=0.0044 FusionΔ=+0.0000 SelfTrainΔ=-0.0072
[0810/1000] cju83nwu1jxte0987h1krpfmv.jpg | O2O=0.9322 Fused=0.9322 Student=0.9440 FusionΔ=+0.0000 SelfTrainΔ=+0.0118
[0811/1000] cju83qd0yjyht0817ktkfl268.jpg | O2O=0.7824 Fused=0.7824 Student=0.7920 FusionΔ=+0.0000 SelfTrainΔ=+0.0096
[0812/1000] cju83rcnzkbsj0755x5anfrcg.jpg | O2O=0.9592 Fused=0.9592 Student=0.9467 FusionΔ=+0.0000 SelfTrainΔ=-0.0125
[0813/1000] cju83syhdk6gs0801rf1rekdl.jpg | O2O=0.9612 Fused=0.9612 Student=0.9528 FusionΔ=+0.0000 SelfTrainΔ=-0.0084
[0814/1000] cju83u9ftk3ni0987qnhlcinv.jpg | O2O=0.9244 Fused=0.9244 Student=0.9127 FusionΔ=+0.0000 SelfTrainΔ=-0.0117
[0815/1000] cju83vvmik9wa08710yeh7cuk.jpg | O2O=0.9518 Fused=0.9518 Student=0.9472 FusionΔ=+0.0000 SelfTrainΔ=-0.0046
[0816/1000] cju83wwn1k55e0850kw6i2d81.jpg | O2O=0.9608 Fused=0.9608 Student=0.9652 FusionΔ=+0.0000 SelfTrainΔ=+0.0044
[0817/1000] cju83yddek68q0850d2x7zfkm.jpg | O2O=0.8892 Fused=0.8892 Student=0.9005 FusionΔ=+0.0000 SelfTrainΔ=+0.0113
[0818/1000] cju8402x1kcy70801t6kz6bdi.jpg | O2O=0.9418 Fused=0.9418 Student=0.9574 FusionΔ=+0.0000 SelfTrainΔ=+0.0156
[0819/1000] cju8418jhkf7d0818ga2v0xq0.jpg | O2O=0.9001 Fused=0.9001 Student=0.9150 FusionΔ=+0.0000 SelfTrainΔ=+0.0149
[0820/1000] cju8432cmkgq90871cxe4iptl.jpg | O2O=0.8811 Fused=0.8811 Student=0.8643 FusionΔ=+0.0000 SelfTrainΔ=-0.0168
[0821/1000] cju843yjskhq30818qre4rwm2.jpg | O2O=0.9198 Fused=0.9198 Student=0.9244 FusionΔ=+0.0000 SelfTrainΔ=+0.0046
[0822/1000] cju846ec0kj7z08012o10klrb.jpg | O2O=0.6523 Fused=0.6523 Student=0.8950 FusionΔ=+0.0000 SelfTrainΔ=+0.2427
[0823/1000] cju847pxykriq0755268ktrk2.jpg | O2O=0.5424 Fused=0.5424 Student=0.5412 FusionΔ=+0.0000 SelfTrainΔ=-0.0012
[0824/1000] cju849c23kgnk0817cgv2hw1e.jpg | O2O=0.9094 Fused=0.9094 Student=0.9101 FusionΔ=+0.0000 SelfTrainΔ=+0.0006
[0825/1000] cju84aoa3ktwn0755pfl4gfwd.jpg | O2O=0.0000 Fused=0.0000 Student=0.7498 FusionΔ=+0.0000 SelfTrainΔ=+0.7498
[0826/1000] cju84dsvaklpx098750hp83x4.jpg | O2O=0.1968 Fused=0.1968 Student=0.3940 FusionΔ=+0.0000 SelfTrainΔ=+0.1972
[0827/1000] cju84ffdzkrjn08183jh1fxmb.jpg | O2O=0.9200 Fused=0.9200 Student=0.9157 FusionΔ=+0.0000 SelfTrainΔ=-0.0043
[0828/1000] cju84gpefknwm098714oq8q61.jpg | O2O=0.9672 Fused=0.9672 Student=0.9630 FusionΔ=+0.0000 SelfTrainΔ=-0.0042
[0829/1000] cju84hibuktj80871u519o71q.jpg | O2O=0.9549 Fused=0.9549 Student=0.9564 FusionΔ=+0.0000 SelfTrainΔ=+0.0015
[0830/1000] cju84ih17kp5l09876bkooocl.jpg | O2O=0.9567 Fused=0.9567 Student=0.9376 FusionΔ=+0.0000 SelfTrainΔ=-0.0190
[0831/1000] cju84jdl9kv0i0871eog9b3i9.jpg | O2O=0.8663 Fused=0.8663 Student=0.8919 FusionΔ=+0.0000 SelfTrainΔ=+0.0256
[0832/1000] cju84kplnl1y30755ropua1b0.jpg | O2O=0.3214 Fused=0.3214 Student=0.3212 FusionΔ=+0.0000 SelfTrainΔ=-0.0002
[0833/1000] cju8567gdlcbq0801dwwyo2jt.jpg | O2O=0.9712 Fused=0.9712 Student=0.9760 FusionΔ=+0.0001 SelfTrainΔ=+0.0048
[0834/1000] cju857ad0l88m0817qx4cwxnf.jpg | O2O=0.9503 Fused=0.9503 Student=0.9537 FusionΔ=+0.0000 SelfTrainΔ=+0.0034
[0835/1000] cju858eswlepn0871pzvdrhj1.jpg | O2O=0.9690 Fused=0.9690 Student=0.9546 FusionΔ=+0.0000 SelfTrainΔ=-0.0144
[0836/1000] cju85a8h8llwm07559wxg4t5w.jpg | O2O=0.9401 Fused=0.9401 Student=0.9464 FusionΔ=+0.0000 SelfTrainΔ=+0.0063
[0837/1000] cju85bf1algsq0871y9gtlq97.jpg | O2O=0.2436 Fused=0.2436 Student=0.2439 FusionΔ=+0.0000 SelfTrainΔ=+0.0003
[0838/1000] cju85c2d4ln1b0755zz1z3onx.jpg | O2O=0.9182 Fused=0.9182 Student=0.9069 FusionΔ=+0.0000 SelfTrainΔ=-0.0112
[0839/1000] cju85citjlnfm0755i4rk5tqj.jpg | O2O=0.9113 Fused=0.9113 Student=0.9115 FusionΔ=+0.0000 SelfTrainΔ=+0.0002
[0840/1000] cju85dx63lic408017f0l0400.jpg | O2O=0.8758 Fused=0.8758 Student=0.8705 FusionΔ=+0.0000 SelfTrainΔ=-0.0053
[0841/1000] cju85fc11ljr40818edpb0inh.jpg | O2O=0.0000 Fused=0.0000 Student=0.7812 FusionΔ=+0.0000 SelfTrainΔ=+0.7812
[0842/1000] cju85hguellg50818kwu3s8d1.jpg | O2O=0.7806 Fused=0.7806 Student=0.9204 FusionΔ=+0.0000 SelfTrainΔ=+0.1398
[0843/1000] cju85ia1slh220987y7c20sm2.jpg | O2O=0.9491 Fused=0.9491 Student=0.9544 FusionΔ=+0.0000 SelfTrainΔ=+0.0053
[0844/1000] cju85je7vlht70817c9jcjwi4.jpg | O2O=0.8595 Fused=0.8595 Student=0.8818 FusionΔ=+0.0000 SelfTrainΔ=+0.0223
[0845/1000] cju85l4yjlops0801fvmnwptf.jpg | O2O=0.7598 Fused=0.7598 Student=0.7557 FusionΔ=+0.0000 SelfTrainΔ=-0.0041
[0846/1000] cju85mpuglq8k0818d2it6hzb.jpg | O2O=0.9210 Fused=0.9210 Student=0.9353 FusionΔ=+0.0000 SelfTrainΔ=+0.0143
[0847/1000] cju85nr8elly209872w9n5m0s.jpg | O2O=0.9438 Fused=0.9438 Student=0.9484 FusionΔ=+0.0000 SelfTrainΔ=+0.0046
[0848/1000] cju85omszllp30850b6rm9mi3.jpg | O2O=0.9561 Fused=0.9561 Student=0.9254 FusionΔ=+0.0000 SelfTrainΔ=-0.0307
[0849/1000] cju85plp7lmkw0850rx42jdpf.jpg | O2O=0.0000 Fused=0.0000 Student=0.0000 FusionΔ=+0.0000 SelfTrainΔ=+0.0000
[0850/1000] cju85qefyln6v0850szeb9byi.jpg | O2O=0.8927 Fused=0.8927 Student=0.9631 FusionΔ=+0.0000 SelfTrainΔ=+0.0704
[0851/1000] cju85rkbnlo1c08503uxcpax1.jpg | O2O=0.9646 Fused=0.9646 Student=0.9474 FusionΔ=+0.0000 SelfTrainΔ=-0.0172
[0852/1000] cju87kbcen2av0987usezo8kn.jpg | O2O=0.0075 Fused=0.0075 Student=0.0071 FusionΔ=+0.0000 SelfTrainΔ=-0.0004
[0853/1000] cju87li0zn3yb0817kbwgjiz8.jpg | O2O=0.0000 Fused=0.0000 Student=0.0000 FusionΔ=+0.0000 SelfTrainΔ=+0.0000
[0854/1000] cju87mrypnb1e0818scv1mxxg.jpg | O2O=0.9359 Fused=0.9359 Student=0.9344 FusionΔ=+0.0000 SelfTrainΔ=-0.0015
[0855/1000] cju87nkyrnb970801q84m47yt.jpg | O2O=0.7057 Fused=0.7057 Student=0.7199 FusionΔ=+0.0000 SelfTrainΔ=+0.0142
[0856/1000] cju87ox0kncom0801b98hqnd2.jpg | O2O=0.9460 Fused=0.9460 Student=0.9301 FusionΔ=+0.0000 SelfTrainΔ=-0.0159
[0857/1000] cju87q6yoneim0871dl4phvkd.jpg | O2O=0.6219 Fused=0.6344 Student=0.6137 FusionΔ=+0.0126 SelfTrainΔ=-0.0207
[0858/1000] cju87r56lnkyp0755hz30leew.jpg | O2O=0.9473 Fused=0.9473 Student=0.9237 FusionΔ=+0.0000 SelfTrainΔ=-0.0236
[0859/1000] cju87tyddnnad0755bj0wxahe.jpg | O2O=0.9238 Fused=0.9238 Student=0.9278 FusionΔ=+0.0000 SelfTrainΔ=+0.0041
[0860/1000] cju87vqa0ndwg0850onjdz7ol.jpg | O2O=0.3496 Fused=0.3496 Student=0.3773 FusionΔ=+0.0000 SelfTrainΔ=+0.0277
[0861/1000] cju87xn2snfmv0987sc3d9xnq.jpg | O2O=0.0000 Fused=0.0000 Student=0.8990 FusionΔ=+0.0000 SelfTrainΔ=+0.8990
[0862/1000] cju87z6o6nh73085045bzsx6o.jpg | O2O=0.8367 Fused=0.8367 Student=0.8744 FusionΔ=+0.0000 SelfTrainΔ=+0.0377
[0863/1000] cju87zv8lni0o0850hbbecbq6.jpg | O2O=0.8962 Fused=0.8962 Student=0.8989 FusionΔ=+0.0000 SelfTrainΔ=+0.0027
[0864/1000] cju8828oxnool0801qno9luhr.jpg | O2O=0.9683 Fused=0.9683 Student=0.9602 FusionΔ=+0.0000 SelfTrainΔ=-0.0081
[0865/1000] cju884985nlmx0817vzpax3y4.jpg | O2O=0.8998 Fused=0.8998 Student=0.8927 FusionΔ=+0.0000 SelfTrainΔ=-0.0071
[0866/1000] cju885ikhnmkn09878s2lqtuh.jpg | O2O=0.9204 Fused=0.9204 Student=0.9320 FusionΔ=+0.0000 SelfTrainΔ=+0.0116
[0867/1000] cju886ryxnsl50801r93jai7q.jpg | O2O=0.9520 Fused=0.9520 Student=0.9362 FusionΔ=+0.0000 SelfTrainΔ=-0.0158
[0868/1000] cju887ftknop008177nnjt46y.jpg | O2O=0.9047 Fused=0.9047 Student=0.8835 FusionΔ=+0.0000 SelfTrainΔ=-0.0213
[0869/1000] cju888fr7nveu0818r9uwtiit.jpg | O2O=0.9548 Fused=0.9548 Student=0.9477 FusionΔ=+0.0000 SelfTrainΔ=-0.0071
[0870/1000] cju88aq6vo1ij0755c2ey7z7n.jpg | O2O=0.9637 Fused=0.9637 Student=0.9586 FusionΔ=+0.0000 SelfTrainΔ=-0.0051
[0871/1000] cju88cddensj00987788yotmg.jpg | O2O=0.9425 Fused=0.9425 Student=0.9260 FusionΔ=+0.0000 SelfTrainΔ=-0.0165
[0872/1000] cju88evxanv9r08176zkeovec.jpg | O2O=0.1937 Fused=0.1937 Student=0.2006 FusionΔ=+0.0000 SelfTrainΔ=+0.0069
[0873/1000] cju88fpm4o0tl0871w1i6a4ds.jpg | O2O=0.9261 Fused=0.9261 Student=0.9186 FusionΔ=+0.0000 SelfTrainΔ=-0.0075
[0874/1000] cju88gx09o2vk0818610zody3.jpg | O2O=0.9585 Fused=0.9585 Student=0.9545 FusionΔ=+0.0000 SelfTrainΔ=-0.0039
[0875/1000] cju88itqbny720987hxizbj5y.jpg | O2O=0.0960 Fused=0.0960 Student=0.0000 FusionΔ=+0.0000 SelfTrainΔ=-0.0960
[0876/1000] cju88k75inzyb0850ccv5x3vk.jpg | O2O=0.9568 Fused=0.9568 Student=0.9307 FusionΔ=+0.0000 SelfTrainΔ=-0.0261
[0877/1000] cju88l66no10s0850rsda7ej1.jpg | O2O=0.0000 Fused=0.0000 Student=0.4358 FusionΔ=+0.0000 SelfTrainΔ=+0.4358
[0878/1000] cju88msmoo3470817m441j4sg.jpg | O2O=0.8874 Fused=0.8874 Student=0.8849 FusionΔ=+0.0000 SelfTrainΔ=-0.0024
[0879/1000] cju88nroho44508500129f1nh.jpg | O2O=0.8860 Fused=0.8860 Student=0.8857 FusionΔ=+0.0000 SelfTrainΔ=-0.0003
[0880/1000] cju88oh0po9gq0801nge4tgr1.jpg | O2O=0.9393 Fused=0.9393 Student=0.9367 FusionΔ=+0.0000 SelfTrainΔ=-0.0026
[0881/1000] cju88q6h6obpd0871ckmiabbo.jpg | O2O=0.1650 Fused=0.1650 Student=0.1692 FusionΔ=+0.0000 SelfTrainΔ=+0.0042
[0882/1000] cju88rl5eo94l0850kf5wtrm1.jpg | O2O=0.3346 Fused=0.3346 Student=0.3497 FusionΔ=+0.0000 SelfTrainΔ=+0.0152
[0883/1000] cju88t4fvokxf07558ymyh281.jpg | O2O=0.9290 Fused=0.9290 Student=0.9251 FusionΔ=+0.0000 SelfTrainΔ=-0.0039
[0884/1000] cju88trl3ogi208716qvti51b.jpg | O2O=0.8706 Fused=0.8706 Student=0.8890 FusionΔ=+0.0000 SelfTrainΔ=+0.0184
[0885/1000] cju88v2f9oi8w0871hx9auh01.jpg | O2O=0.9052 Fused=0.9052 Student=0.9063 FusionΔ=+0.0000 SelfTrainΔ=+0.0010
[0886/1000] cju88vx2uoocy075531lc63n3.jpg | O2O=0.9216 Fused=0.9216 Student=0.8972 FusionΔ=+0.0000 SelfTrainΔ=-0.0244
[0887/1000] cju88y1mwoln50871emyfny1g.jpg | O2O=0.0000 Fused=0.0000 Student=0.6073 FusionΔ=+0.0000 SelfTrainΔ=+0.6073
[0888/1000] cju88z8bson4h0871nnd7fdxo.jpg | O2O=0.9592 Fused=0.9592 Student=0.9431 FusionΔ=+0.0000 SelfTrainΔ=-0.0161
[0889/1000] cju890guyoiti098753yg6cdu.jpg | O2O=0.6985 Fused=0.6985 Student=0.6958 FusionΔ=+0.0000 SelfTrainΔ=-0.0027
[0890/1000] cju8914beokbf0850isxpocrk.jpg | O2O=0.9112 Fused=0.9112 Student=0.8950 FusionΔ=+0.0000 SelfTrainΔ=-0.0163
[0891/1000] cju892fesoq2g0801n0e0jyia.jpg | O2O=0.9153 Fused=0.9153 Student=0.9149 FusionΔ=+0.0000 SelfTrainΔ=-0.0003
[0892/1000] cju893jmdompz0817xn3g1w4h.jpg | O2O=0.9536 Fused=0.9536 Student=0.9431 FusionΔ=+0.0000 SelfTrainΔ=-0.0105
[0893/1000] cju89y9h0puti0818i5yw29e6.jpg | O2O=0.9614 Fused=0.9614 Student=0.9610 FusionΔ=+0.0000 SelfTrainΔ=-0.0004
[0894/1000] cju89z6pqpqfx0817mfv8ixjc.jpg | O2O=0.0000 Fused=0.0000 Student=0.0000 FusionΔ=+0.0000 SelfTrainΔ=+0.0000
[0895/1000] cju8a1jtvpt9m081712iwkca7.jpg | O2O=0.0000 Fused=0.0000 Student=0.0000 FusionΔ=+0.0000 SelfTrainΔ=+0.0000
[0896/1000] cju8a2itsq4dv0755ntlovpxe.jpg | O2O=0.9067 Fused=0.9067 Student=0.9304 FusionΔ=+0.0000 SelfTrainΔ=+0.0237
[0897/1000] cju8a3nhbpwnb0850d37fo2na.jpg | O2O=0.9398 Fused=0.9398 Student=0.9423 FusionΔ=+0.0000 SelfTrainΔ=+0.0025
[0898/1000] cju8a56vxpy780850r45yu4wk.jpg | O2O=0.9085 Fused=0.9085 Student=0.8886 FusionΔ=+0.0000 SelfTrainΔ=-0.0199
[0899/1000] cju8a84g0q76m0818hwiggkod.jpg | O2O=0.5139 Fused=0.5139 Student=0.5361 FusionΔ=+0.0000 SelfTrainΔ=+0.0222
[0900/1000] cju8abobpqbir08189u01huru.jpg | O2O=0.9070 Fused=0.9070 Student=0.9390 FusionΔ=+0.0000 SelfTrainΔ=+0.0320
[0901/1000] cju8adb60qbiu080188mxpf8d.jpg | O2O=0.9004 Fused=0.9004 Student=0.8926 FusionΔ=+0.0000 SelfTrainΔ=-0.0078
[0902/1000] cju8aeei7q8k308173n9y4klv.jpg | O2O=0.9251 Fused=0.9251 Student=0.9177 FusionΔ=+0.0000 SelfTrainΔ=-0.0074
[0903/1000] cju8aj01yqeqm0850lhdz3xdw.jpg | O2O=0.9551 Fused=0.9551 Student=0.9383 FusionΔ=+0.0000 SelfTrainΔ=-0.0169
[0904/1000] cju8alhigqn2h0801zksudldd.jpg | O2O=0.9647 Fused=0.9647 Student=0.9491 FusionΔ=+0.0000 SelfTrainΔ=-0.0156
[0905/1000] cju8amfdtqi4x09871tygrgqe.jpg | O2O=0.9421 Fused=0.9421 Student=0.9247 FusionΔ=+0.0000 SelfTrainΔ=-0.0174
[0906/1000] cju8ando2qqdo0818ck7i1be1.jpg | O2O=0.9277 Fused=0.9277 Student=0.9222 FusionΔ=+0.0000 SelfTrainΔ=-0.0054
[0907/1000] cju8apjewqrk00801k5d71gky.jpg | O2O=0.9680 Fused=0.9680 Student=0.9296 FusionΔ=+0.0000 SelfTrainΔ=-0.0384
[0908/1000] cju8aqq8uqmoq0987hphto9gg.jpg | O2O=0.9623 Fused=0.9623 Student=0.9549 FusionΔ=+0.0000 SelfTrainΔ=-0.0074
[0909/1000] cju8arof2qpf20850ifr1bnqj.jpg | O2O=0.7381 Fused=0.7381 Student=0.7361 FusionΔ=+0.0000 SelfTrainΔ=-0.0020
[0910/1000] cju8ashhnquqr0801rwduzt7d.jpg | O2O=0.9346 Fused=0.9346 Student=0.9373 FusionΔ=+0.0000 SelfTrainΔ=+0.0026
[0911/1000] cju8at3s1qqqx0850hcq8nmnq.jpg | O2O=0.9360 Fused=0.9360 Student=0.9370 FusionΔ=+0.0000 SelfTrainΔ=+0.0010
[0912/1000] cju8auylgqx0z0871u4o4db7o.jpg | O2O=0.4114 Fused=0.4114 Student=0.3640 FusionΔ=+0.0000 SelfTrainΔ=-0.0474
[0913/1000] cju8aw9n1qyg10801jkjlmors.jpg | O2O=0.7181 Fused=0.7181 Student=0.7702 FusionΔ=+0.0000 SelfTrainΔ=+0.0521
[0914/1000] cju8axq24r4an0755yhv9d4ly.jpg | O2O=0.9311 Fused=0.9311 Student=0.9306 FusionΔ=+0.0000 SelfTrainΔ=-0.0004
[0915/1000] cju8ayeq7r1fb0818z1junacy.jpg | O2O=0.8559 Fused=0.8559 Student=0.8599 FusionΔ=+0.0000 SelfTrainΔ=+0.0040
[0916/1000] cju8azmhcr66e0755t61atz72.jpg | O2O=0.9631 Fused=0.9631 Student=0.9538 FusionΔ=+0.0000 SelfTrainΔ=-0.0093
[0917/1000] cju8b0jr0r2oi0801jiquetd5.jpg | O2O=0.9406 Fused=0.9406 Student=0.9497 FusionΔ=+0.0000 SelfTrainΔ=+0.0091
[0918/1000] cju8b1v3br45u087189kku66u.jpg | O2O=0.9742 Fused=0.9742 Student=0.9632 FusionΔ=+0.0000 SelfTrainΔ=-0.0111
[0919/1000] cju8b2rmgr52s0801p54eyflx.jpg | O2O=0.6055 Fused=0.6055 Student=0.5805 FusionΔ=+0.0000 SelfTrainΔ=-0.0250
[0920/1000] cju8b3ka8r64u0801fh18hk7l.jpg | O2O=0.7808 Fused=0.7808 Student=0.7923 FusionΔ=+0.0000 SelfTrainΔ=+0.0115
[0921/1000] cju8b4ja9r2s808509d45ma86.jpg | O2O=0.8918 Fused=0.8918 Student=0.9118 FusionΔ=+0.0000 SelfTrainΔ=+0.0200
[0922/1000] cju8b542nr81x0871uxnkm9ih.jpg | O2O=0.7167 Fused=0.7167 Student=0.6993 FusionΔ=+0.0000 SelfTrainΔ=-0.0174
[0923/1000] cju8b5p40r2c60987ofa0mu03.jpg | O2O=0.8664 Fused=0.8664 Student=0.8743 FusionΔ=+0.0000 SelfTrainΔ=+0.0079
[0924/1000] cju8b6rp0r5st0850184f79xt.jpg | O2O=0.5833 Fused=0.5833 Student=0.5239 FusionΔ=+0.0000 SelfTrainΔ=-0.0594
[0925/1000] cju8b7aqtr4a00987coba14b7.jpg | O2O=0.9222 Fused=0.9222 Student=0.8551 FusionΔ=+0.0000 SelfTrainΔ=-0.0671
[0926/1000] cju8b8yair65w09878pyqtr96.jpg | O2O=0.9010 Fused=0.9010 Student=0.9197 FusionΔ=+0.0000 SelfTrainΔ=+0.0187
[0927/1000] cju8bafgqrf4x0818twisk3ea.jpg | O2O=0.8350 Fused=0.8350 Student=0.8374 FusionΔ=+0.0000 SelfTrainΔ=+0.0025
[0928/1000] cju8bbznkrf5g0871jncffynk.jpg | O2O=0.5193 Fused=0.5193 Student=0.5015 FusionΔ=+0.0000 SelfTrainΔ=-0.0178
[0929/1000] cju8bff9nrfi10850fmfzbf8v.jpg | O2O=0.9541 Fused=0.9541 Student=0.9490 FusionΔ=+0.0000 SelfTrainΔ=-0.0051
[0930/1000] cju8bgdmqrksy0801tozdmraa.jpg | O2O=0.9420 Fused=0.9420 Student=0.9415 FusionΔ=+0.0000 SelfTrainΔ=-0.0005
[0931/1000] cju8bh8surexp0987o5pzklk1.jpg | O2O=0.9300 Fused=0.9300 Student=0.9291 FusionΔ=+0.0000 SelfTrainΔ=-0.0008
[0932/1000] cju8bi8q7rlmn0871abc5ch8k.jpg | O2O=0.7622 Fused=0.7622 Student=0.7333 FusionΔ=+0.0000 SelfTrainΔ=-0.0290
[0933/1000] cju8bj2ssrmlm0871gc2ug2rs.jpg | O2O=0.8779 Fused=0.8779 Student=0.8521 FusionΔ=+0.0000 SelfTrainΔ=-0.0257
[0934/1000] cju8bk8oirjhw0817hgkua2w8.jpg | O2O=0.9435 Fused=0.9435 Student=0.9704 FusionΔ=+0.0000 SelfTrainΔ=+0.0269
[0935/1000] cju8bljw9rqk20801kr54akrl.jpg | O2O=0.8045 Fused=0.8045 Student=0.7870 FusionΔ=+0.0000 SelfTrainΔ=-0.0175
[0936/1000] cju8bm24yrrdp081829mbo8ic.jpg | O2O=0.9461 Fused=0.9461 Student=0.9306 FusionΔ=+0.0000 SelfTrainΔ=-0.0155
[0937/1000] cju8bn7m2rmm70817hgxpb1uq.jpg | O2O=0.4927 Fused=0.4927 Student=0.4890 FusionΔ=+0.0000 SelfTrainΔ=-0.0037
[0938/1000] cju8bop5jrsid08716i24fqda.jpg | O2O=0.9479 Fused=0.9479 Student=0.9347 FusionΔ=+0.0000 SelfTrainΔ=-0.0131
[0939/1000] cju8bpctzrqkr0850zeldv9kt.jpg | O2O=0.9301 Fused=0.9301 Student=0.9200 FusionΔ=+0.0000 SelfTrainΔ=-0.0101
[0940/1000] cju8bqxxurs6i0850mu7mtef9.jpg | O2O=0.9510 Fused=0.9510 Student=0.9453 FusionΔ=+0.0000 SelfTrainΔ=-0.0056
[0941/1000] cju8brv16rx7f0818uf5n89pv.jpg | O2O=0.9321 Fused=0.9321 Student=0.9414 FusionΔ=+0.0000 SelfTrainΔ=+0.0093
[0942/1000] cju8bssulrrcy0987h1vq5060.jpg | O2O=0.9579 Fused=0.9579 Student=0.9285 FusionΔ=+0.0000 SelfTrainΔ=-0.0294
[0943/1000] cju8buos5rz9b08715lfr0f4f.jpg | O2O=0.8569 Fused=0.8569 Student=0.8447 FusionΔ=+0.0000 SelfTrainΔ=-0.0122
[0944/1000] cju8bw697rwg308177tg8huas.jpg | O2O=0.5762 Fused=0.5762 Student=0.5290 FusionΔ=+0.0000 SelfTrainΔ=-0.0472
[0945/1000] cju8bysfgrzkl081786jwac09.jpg | O2O=0.9756 Fused=0.9756 Student=0.9588 FusionΔ=+0.0000 SelfTrainΔ=-0.0168
[0946/1000] cju8bzzy2s66m08016z6mouqt.jpg | O2O=0.9195 Fused=0.9195 Student=0.9289 FusionΔ=+0.0000 SelfTrainΔ=+0.0094
[0947/1000] cju8c1a0ws7o208181c6lbsom.jpg | O2O=0.0000 Fused=0.0000 Student=0.7632 FusionΔ=+0.0000 SelfTrainΔ=+0.7632
[0948/1000] cju8c2rqzs5t80850d0zky5dy.jpg | O2O=0.0076 Fused=0.0076 Student=0.7134 FusionΔ=+0.0000 SelfTrainΔ=+0.7058
[0949/1000] cju8c3xs7sauj0801ieyzezr5.jpg | O2O=0.9523 Fused=0.9523 Student=0.0000 FusionΔ=+0.0000 SelfTrainΔ=-0.9523
[0950/1000] cju8c5223s8j80850b4kealt4.jpg | O2O=0.3793 Fused=0.3793 Student=0.3753 FusionΔ=+0.0000 SelfTrainΔ=-0.0040
[0951/1000] cju8c5mxls96t0850wvkvsity.jpg | O2O=0.9412 Fused=0.9412 Student=0.9315 FusionΔ=+0.0000 SelfTrainΔ=-0.0097
[0952/1000] cju8c5zcbsdfz0801o5t6jag1.jpg | O2O=0.8744 Fused=0.8744 Student=0.8552 FusionΔ=+0.0000 SelfTrainΔ=-0.0192
[0953/1000] cju8c6hnxsdvr0801wn0vrsa6.jpg | O2O=0.4951 Fused=0.4951 Student=0.5116 FusionΔ=+0.0000 SelfTrainΔ=+0.0165
[0954/1000] cju8c82iosagu0817l74s4m5g.jpg | O2O=0.8821 Fused=0.8821 Student=0.8872 FusionΔ=+0.0000 SelfTrainΔ=+0.0051
[0955/1000] cju8c9akjsdjj0850s67uzlxq.jpg | O2O=0.9704 Fused=0.9704 Student=0.9542 FusionΔ=+0.0000 SelfTrainΔ=-0.0162
[0956/1000] cju8ca4geseia0850i2ru11hw.jpg | O2O=0.9539 Fused=0.9539 Student=0.8847 FusionΔ=+0.0000 SelfTrainΔ=-0.0692
[0957/1000] cju8cattbsivm0818p446wgel.jpg | O2O=0.0000 Fused=0.0000 Student=0.1427 FusionΔ=+0.0000 SelfTrainΔ=+0.1427
[0958/1000] cju8cbsyssiqj0871gr4jedjp.jpg | O2O=0.9657 Fused=0.9657 Student=0.9612 FusionΔ=+0.0000 SelfTrainΔ=-0.0045
[0959/1000] cju8cdeazsm8h0801jxifmzur.jpg | O2O=0.9664 Fused=0.9664 Student=0.9650 FusionΔ=+0.0000 SelfTrainΔ=-0.0014
[0960/1000] cju8ceacrsqkr0755hdz145es.jpg | O2O=0.8828 Fused=0.8828 Student=0.8747 FusionΔ=+0.0000 SelfTrainΔ=-0.0082
[0961/1000] cju8cgi2kspp308011nxdtjp6.jpg | O2O=0.8660 Fused=0.8660 Student=0.8673 FusionΔ=+0.0000 SelfTrainΔ=+0.0013
[0962/1000] cju8chdlqsu620755azjty1tj.jpg | O2O=0.9552 Fused=0.9552 Student=0.9314 FusionΔ=+0.0000 SelfTrainΔ=-0.0238
[0963/1000] cju8chxndsre008015uisl4si.jpg | O2O=0.9059 Fused=0.9059 Student=0.9005 FusionΔ=+0.0000 SelfTrainΔ=-0.0054
[0964/1000] cju8cj10qsrau0871o2dr6ai1.jpg | O2O=0.9383 Fused=0.9383 Student=0.9160 FusionΔ=+0.0000 SelfTrainΔ=-0.0223
[0965/1000] cju8clorgsuwn08714toqb7v6.jpg | O2O=0.9519 Fused=0.9519 Student=0.9431 FusionΔ=+0.0000 SelfTrainΔ=-0.0088
[0966/1000] cju8cwy02t9eq08185qn12c02.jpg | O2O=0.8567 Fused=0.8567 Student=0.8280 FusionΔ=+0.0000 SelfTrainΔ=-0.0287
[0967/1000] cju8czvnztbf40871b4m7t78w.jpg | O2O=0.9484 Fused=0.9484 Student=0.8997 FusionΔ=+0.0000 SelfTrainΔ=-0.0487
[0968/1000] cju8d2q30tfhs0801n7lx77xl.jpg | O2O=0.9695 Fused=0.9695 Student=0.9667 FusionΔ=+0.0000 SelfTrainΔ=-0.0027
[0969/1000] cju8d4jgatgpj0871q2ophhkm.jpg | O2O=0.9652 Fused=0.9652 Student=0.9444 FusionΔ=+0.0000 SelfTrainΔ=-0.0208
[0970/1000] cju8dic9mtppa0987swn23wbc.jpg | O2O=0.9674 Fused=0.9674 Student=0.9477 FusionΔ=+0.0000 SelfTrainΔ=-0.0197
[0971/1000] cju8djdqztu6408506pzhlo18.jpg | O2O=0.9320 Fused=0.9320 Student=0.9208 FusionΔ=+0.0000 SelfTrainΔ=-0.0113
[0972/1000] cju8dk7eztzup08182yxko5zh.jpg | O2O=0.9209 Fused=0.9209 Student=0.9251 FusionΔ=+0.0000 SelfTrainΔ=+0.0041
[0973/1000] cju8dm2cau2km0818jsv9eeq2.jpg | O2O=0.8232 Fused=0.8232 Student=0.8855 FusionΔ=+0.0000 SelfTrainΔ=+0.0622
[0974/1000] cju8dn0c3u2v50801k8rvq02f.jpg | O2O=0.9852 Fused=0.9852 Student=0.9837 FusionΔ=+0.0000 SelfTrainΔ=-0.0015
[0975/1000] cju8doa16u5gh0818w1ywda3q.jpg | O2O=0.0000 Fused=0.0000 Student=0.3258 FusionΔ=+0.0000 SelfTrainΔ=+0.3258
[0976/1000] cju8dpa89u6l80818dj6lldh9.jpg | O2O=0.0000 Fused=0.0000 Student=0.6551 FusionΔ=+0.0000 SelfTrainΔ=+0.6551
[0977/1000] cju8dqkrqu83i0818ev74qpxq.jpg | O2O=0.0000 Fused=0.0000 Student=0.6000 FusionΔ=+0.0000 SelfTrainΔ=+0.6000
[0978/1000] cjyzjzssvd8pq0838f4nolj5l.jpg | O2O=0.7542 Fused=0.7542 Student=0.7662 FusionΔ=+0.0000 SelfTrainΔ=+0.0120
[0979/1000] cjyzk8qieoboa0848ogj51wwm.jpg | O2O=0.6330 Fused=0.6330 Student=0.7000 FusionΔ=+0.0000 SelfTrainΔ=+0.0670
[0980/1000] cjyzkmjy8evns070165gf9dmq.jpg | O2O=0.8964 Fused=0.8964 Student=0.9088 FusionΔ=+0.0000 SelfTrainΔ=+0.0124
[0981/1000] cjyzkpsbjdsjq07211dfi4sru.jpg | O2O=0.0000 Fused=0.0000 Student=0.9377 FusionΔ=+0.0000 SelfTrainΔ=+0.9377
[0982/1000] cjyzl833ndne80838pzuq6ila.jpg | O2O=0.7976 Fused=0.7976 Student=0.7946 FusionΔ=+0.0000 SelfTrainΔ=-0.0030
[0983/1000] cjyzlw7f9faqr070129au64sq.jpg | O2O=0.9298 Fused=0.9298 Student=0.9193 FusionΔ=+0.0000 SelfTrainΔ=-0.0105
[0984/1000] cjyztzaqtrv430848l8xgcerw.jpg | O2O=0.8926 Fused=0.8926 Student=0.8960 FusionΔ=+0.0000 SelfTrainΔ=+0.0034
[0985/1000] cjyzu3reghjya0794w7pwoi50.jpg | O2O=0.8156 Fused=0.8156 Student=0.8164 FusionΔ=+0.0000 SelfTrainΔ=+0.0008
[0986/1000] cjyzu9th0qt4r0a46pyl4zik0.jpg | O2O=0.8983 Fused=0.8983 Student=0.9002 FusionΔ=+0.0000 SelfTrainΔ=+0.0018
[0987/1000] cjyzufihqquiw0a46jatrbwln.jpg | O2O=0.7063 Fused=0.7063 Student=0.6400 FusionΔ=+0.0000 SelfTrainΔ=-0.0664
[0988/1000] cjyzuio1qgh040763k56deohv.jpg | O2O=0.9327 Fused=0.9327 Student=0.9365 FusionΔ=+0.0000 SelfTrainΔ=+0.0038
[0989/1000] cjyzul1qggwwj07216mhiv5sy.jpg | O2O=0.9074 Fused=0.9074 Student=0.9112 FusionΔ=+0.0000 SelfTrainΔ=+0.0038
[0990/1000] cjyzurzvohqnr0794es1itzek.jpg | O2O=0.9723 Fused=0.9723 Student=0.9749 FusionΔ=+0.0000 SelfTrainΔ=+0.0026
[0991/1000] cjz14qsk2wci60794un9ozwmw.jpg | O2O=0.9737 Fused=0.9737 Student=0.9728 FusionΔ=+0.0000 SelfTrainΔ=-0.0009
[0992/1000] ck2395w2mb4vu07480otsu6tw.jpg | O2O=0.9663 Fused=0.9663 Student=0.9701 FusionΔ=+0.0000 SelfTrainΔ=+0.0037
[0993/1000] ck2bxiswtxuw80838qkisqjwz.jpg | O2O=0.4503 Fused=0.4503 Student=0.4530 FusionΔ=+0.0000 SelfTrainΔ=+0.0027
[0994/1000] ck2bxknhjvs1x0794iogrq49k.jpg | O2O=0.9446 Fused=0.9446 Student=0.9167 FusionΔ=+0.0000 SelfTrainΔ=-0.0279
[0995/1000] ck2bxlujamu330725szlc2jdu.jpg | O2O=0.8008 Fused=0.8008 Student=0.8016 FusionΔ=+0.0000 SelfTrainΔ=+0.0008
[0996/1000] ck2bxpfgxu2mk0748gsh7xelu.jpg | O2O=0.6606 Fused=0.6606 Student=0.6548 FusionΔ=+0.0000 SelfTrainΔ=-0.0059
[0997/1000] ck2bxqz3evvg20794iiyv5v2m.jpg | O2O=0.2378 Fused=0.2378 Student=0.2388 FusionΔ=+0.0000 SelfTrainΔ=+0.0010
[0998/1000] ck2bxskgxxzfv08386xkqtqdy.jpg | O2O=0.9470 Fused=0.9470 Student=0.9173 FusionΔ=+0.0000 SelfTrainΔ=-0.0298
[0999/1000] ck2bxw18mmz1k0725litqq2mc.jpg | O2O=0.1816 Fused=0.1816 Student=0.1780 FusionΔ=+0.0000 SelfTrainΔ=-0.0036
[1000/1000] ck2da7fwcjfis07218r1rvm95.jpg | O2O=0.9487 Fused=0.9487 Student=0.9512 FusionΔ=+0.0000 SelfTrainΔ=+0.0025

========================================================================================
TRACE SUMMARY
========================================================================================
Initial Teacher O2O Dice  : 0.766401
Initial Teacher Fused Dice: 0.783272
Final Student Dice        : 0.799462
Mean fusion Δ Dice        : +0.016872
Mean self-training Δ Dice : +0.016190
Teacher Fused ASD         : 66.928799 px
Final Student ASD         : 42.886996 px
Teacher Fused HD95        : 104.740235 px
Final Student HD95        : 84.478528 px
Saved panels              : /home/dang/MedRT-SFOD/runs/seg/dense_sfseg/kvasir_durr_v1_segmard_v2_60ep/final_teacher_student_trace/panels
Saved CSV                 : /home/dang/MedRT-SFOD/runs/seg/dense_sfseg/kvasir_durr_v1_segmard_v2_60ep/final_teacher_student_trace/per_image_trace.csv
Saved summary             : /home/dang/MedRT-SFOD/runs/seg/dense_sfseg/kvasir_durr_v1_segmard_v2_60ep/final_teacher_student_trace/summary.json
[PASS] Completed without retraining

[POST-TRACE] Training is frozen. Running evaluation-only Teacher/Student visualization...
[POST-TRACE] Saved: /home/dang/MedRT-SFOD/runs/seg/dense_sfseg/kvasir_durr_v1_segmard_v2_60ep/final_teacher_student_trace

[PASS] Dense SFSeg run completed
