nohup: ignoring input
==============================================================================
MEDRT-SFSEG STAGE-2 | DURR-v1 + SegMARD-v2
==============================================================================
target images : 1000
labels used   : NO
GT masks used : NO
epochs        : 60
batch         : 4

DURR          : ON
signed route  : match 0.5 | band 5 | min|Δ| 0.02
O2M rescue    : conf 0.8 | stab 0.8 | support 0
hall suppress : P_s>= 0.8 | area> 0.1 | safe Teacher P< 0.1
DURR lambdas  : 0.1 0.2 0.1
SegMARD-v2    : hard-bg-ratio 0.5 | reliability weighting False
[E01] batch=001/250 pseudo=5 loss=18.5204 sfseg=18.5204 seg=1.1552 mard=2.1037 λM=0.0000 DURR(dir/res/hall)=3.0918/0.0000/0.0000 λD=0.000 route=836 E/S=351/485 rescue=0 empty=0 hall=0/0 FG/HBG/EBG=40/256/1280 grad=238.09
[E01] batch=010/250 pseudo=4 loss=7.2407 sfseg=7.2390 seg=0.6453 mard=2.0142 λM=0.0003 DURR(dir/res/hall)=1.4075/0.0000/0.0000 λD=0.007 route=276 E/S=115/161 rescue=0 empty=0 hall=0/0 FG/HBG/EBG=32/256/1280 grad=59.72
[E01] batch=020/250 pseudo=4 loss=17.6603 sfseg=17.6555 seg=1.9613 mard=2.0242 λM=0.0004 DURR(dir/res/hall)=2.6727/0.0000/0.0000 λD=0.015 route=147 E/S=40/107 rescue=0 empty=1 hall=0/0 FG/HBG/EBG=32/192/960 grad=172.97
[E01] batch=030/250 pseudo=4 loss=5.5759 sfseg=5.5705 seg=0.5985 mard=1.9751 λM=0.0009 DURR(dir/res/hall)=1.5797/0.0000/0.0000 λD=0.023 route=217 E/S=78/139 rescue=0 empty=0 hall=0/0 FG/HBG/EBG=32/256/1280 grad=45.33
[E01] batch=040/250 pseudo=6 loss=20.2705 sfseg=20.2615 seg=1.6730 mard=2.0207 λM=0.0011 DURR(dir/res/hall)=2.1422/0.0000/0.0000 λD=0.031 route=360 E/S=52/308 rescue=0 empty=0 hall=0/0 FG/HBG/EBG=48/320/1216 grad=83.84
[E01] batch=050/250 pseudo=4 loss=12.4255 sfseg=12.4161 seg=1.7071 mard=2.0634 λM=0.0015 DURR(dir/res/hall)=1.5941/0.0000/0.0000 λD=0.039 route=206 E/S=66/140 rescue=0 empty=0 hall=0/0 FG/HBG/EBG=32/256/1280 grad=204.11
[E01] batch=060/250 pseudo=4 loss=4.4318 sfseg=4.4212 seg=0.4639 mard=1.9863 λM=0.0019 DURR(dir/res/hall)=1.4573/0.0000/0.0000 λD=0.047 route=152 E/S=70/82 rescue=0 empty=0 hall=0/0 FG/HBG/EBG=32/256/1280 grad=30.56
[E01] batch=070/250 pseudo=5 loss=10.6320 sfseg=10.6152 seg=0.7336 mard=1.9482 λM=0.0022 DURR(dir/res/hall)=2.2823/0.0000/0.0000 λD=0.055 route=102 E/S=30/72 rescue=0 empty=0 hall=0/0 FG/HBG/EBG=40/256/1280 grad=188.68
[E01] batch=080/250 pseudo=4 loss=10.2774 sfseg=10.2566 seg=1.1859 mard=2.0652 λM=0.0026 DURR(dir/res/hall)=2.3914/0.0186/0.0000 λD=0.063 route=183 E/S=144/39 rescue=1 empty=0 hall=0/0 FG/HBG/EBG=32/256/1280 grad=142.34
[E01] batch=090/250 pseudo=4 loss=9.3534 sfseg=9.3372 seg=0.7888 mard=2.0144 λM=0.0025 DURR(dir/res/hall)=1.5603/0.0000/0.0000 λD=0.071 route=413 E/S=130/283 rescue=0 empty=0 hall=0/0 FG/HBG/EBG=32/256/1280 grad=164.90
[E01] batch=100/250 pseudo=4 loss=6.3007 sfseg=6.2811 seg=0.4121 mard=1.9676 λM=0.0026 DURR(dir/res/hall)=1.8436/0.0000/0.0000 λD=0.079 route=121 E/S=58/63 rescue=0 empty=0 hall=0/0 FG/HBG/EBG=32/256/1280 grad=70.75
[E01] batch=110/250 pseudo=3 loss=5.2595 sfseg=5.1876 seg=0.4980 mard=2.0168 λM=0.0039 DURR(dir/res/hall)=1.8913/0.0000/5.4615 λD=0.087 route=73 E/S=23/50 rescue=0 empty=1 hall=1/89 FG/HBG/EBG=24/192/960 grad=37.32
[E01] batch=120/250 pseudo=4 loss=8.1686 sfseg=8.1507 seg=1.0204 mard=1.9891 λM=0.0041 DURR(dir/res/hall)=1.0270/0.0000/0.0000 λD=0.095 route=597 E/S=279/318 rescue=0 empty=0 hall=0/0 FG/HBG/EBG=32/256/1280 grad=61.72
[E01] batch=130/250 pseudo=4 loss=22.7964 sfseg=22.7720 seg=2.5248 mard=2.0846 λM=0.0028 DURR(dir/res/hall)=1.8017/0.0000/0.0000 λD=0.103 route=250 E/S=101/149 rescue=0 empty=0 hall=0/0 FG/HBG/EBG=32/256/1280 grad=206.78
[E01] batch=140/250 pseudo=4 loss=5.4936 sfseg=5.4715 seg=0.5019 mard=2.0622 λM=0.0046 DURR(dir/res/hall)=1.1245/0.0000/0.0000 λD=0.111 route=342 E/S=83/259 rescue=0 empty=0 hall=0/0 FG/HBG/EBG=32/256/1280 grad=32.19
[E01] batch=150/250 pseudo=2 loss=2.2570 sfseg=2.2322 seg=0.4746 mard=2.0520 λM=0.0053 DURR(dir/res/hall)=1.1632/0.0000/0.0000 λD=0.119 route=52 E/S=8/44 rescue=0 empty=2 hall=0/0 FG/HBG/EBG=16/128/640 grad=26.91
[E01] batch=160/250 pseudo=5 loss=8.5114 sfseg=8.4883 seg=0.7846 mard=2.0351 λM=0.0042 DURR(dir/res/hall)=1.1388/0.0000/0.0000 λD=0.127 route=193 E/S=79/114 rescue=0 empty=0 hall=0/0 FG/HBG/EBG=40/256/1280 grad=56.77
[E01] batch=170/250 pseudo=4 loss=9.6182 sfseg=9.5890 seg=1.5243 mard=2.0028 λM=0.0049 DURR(dir/res/hall)=1.4353/0.0000/0.0000 λD=0.135 route=474 E/S=186/288 rescue=0 empty=1 hall=0/0 FG/HBG/EBG=32/192/960 grad=113.68
[E01] batch=180/250 pseudo=4 loss=13.8224 sfseg=13.7538 seg=1.1673 mard=2.0882 λM=0.0058 DURR(dir/res/hall)=3.9324/0.0000/0.0000 λD=0.143 route=615 E/S=150/465 rescue=0 empty=0 hall=0/0 FG/HBG/EBG=32/256/1280 grad=141.61
[E01] batch=190/250 pseudo=4 loss=5.7611 sfseg=5.7310 seg=0.4787 mard=2.0118 λM=0.0066 DURR(dir/res/hall)=1.1173/0.0000/0.0000 λD=0.151 route=352 E/S=136/216 rescue=0 empty=0 hall=0/0 FG/HBG/EBG=32/256/1280 grad=40.44
[E01] batch=200/250 pseudo=4 loss=11.2667 sfseg=11.2416 seg=0.9892 mard=2.0598 λM=0.0056 DURR(dir/res/hall)=0.8523/0.0000/0.0000 λD=0.159 route=134 E/S=58/76 rescue=0 empty=0 hall=0/0 FG/HBG/EBG=32/256/1280 grad=157.54
[E01] batch=210/250 pseudo=5 loss=8.0030 sfseg=7.9630 seg=0.5511 mard=2.0552 λM=0.0061 DURR(dir/res/hall)=1.6386/0.0000/0.0000 λD=0.167 route=202 E/S=82/120 rescue=0 empty=0 hall=0/0 FG/HBG/EBG=40/320/1216 grad=118.50
[E01] batch=220/250 pseudo=4 loss=11.3847 sfseg=11.3226 seg=0.6763 mard=2.0128 λM=0.0054 DURR(dir/res/hall)=2.9230/0.0000/0.0000 λD=0.175 route=587 E/S=131/456 rescue=0 empty=0 hall=0/0 FG/HBG/EBG=32/256/1280 grad=83.83
[E01] batch=230/250 pseudo=3 loss=16.9338 sfseg=16.9083 seg=1.4094 mard=2.0209 λM=0.0058 DURR(dir/res/hall)=0.7513/0.0000/0.0004 λD=0.183 route=107 E/S=57/50 rescue=0 empty=1 hall=1/0 FG/HBG/EBG=24/192/960 grad=166.37
[E01] batch=240/250 pseudo=4 loss=5.7043 sfseg=5.6666 seg=0.5030 mard=2.0577 λM=0.0076 DURR(dir/res/hall)=1.1574/0.0000/0.0000 λD=0.191 route=283 E/S=136/147 rescue=0 empty=0 hall=0/0 FG/HBG/EBG=32/256/1280 grad=48.27
[E01] batch=250/250 pseudo=3 loss=16.1858 sfseg=16.1344 seg=1.8112 mard=2.0330 λM=0.0070 DURR(dir/res/hall)=1.8704/0.0000/0.0002 λD=0.199 route=582 E/S=77/505 rescue=0 empty=1 hall=1/0 FG/HBG/EBG=24/192/960 grad=272.25

[Epoch 01] DONE time=68.8s valid=250 skipped=0 pseudo=1032 anchors=986 mask_extra=46 reject_rel=16 DURRmatch=949/4573 rescue=12 teacher_empty=47 hall=16/4069 loss=10.8137 sfseg=10.7868 mard=2.0264 dir=1.7047 res=0.0280 hallL=0.1954 route E/S=26790/47158
[E02] batch=001/250 pseudo=4 loss=5.8428 sfseg=5.8016 seg=0.5301 mard=2.0048 λM=0.0068 DURR(dir/res/hall)=1.3750/0.0000/0.0000 λD=0.200 route=329 E/S=223/106 rescue=0 empty=0 hall=0/0 FG/HBG/EBG=32/256/1280 grad=54.59
[E02] batch=010/250 pseudo=5 loss=9.0671 sfseg=9.0156 seg=0.6348 mard=1.9851 λM=0.0058 DURR(dir/res/hall)=1.9278/0.0000/0.0000 λD=0.207 route=283 E/S=129/154 rescue=0 empty=0 hall=0/0 FG/HBG/EBG=40/320/1216 grad=143.89
[E02] batch=020/250 pseudo=5 loss=4.8147 sfseg=4.7706 seg=0.3815 mard=2.0207 λM=0.0082 DURR(dir/res/hall)=1.2784/0.0000/0.0000 λD=0.215 route=196 E/S=109/87 rescue=0 empty=0 hall=0/0 FG/HBG/EBG=40/320/1216 grad=34.64
[E02] batch=030/250 pseudo=6 loss=8.4438 sfseg=8.4017 seg=0.6905 mard=2.0486 λM=0.0079 DURR(dir/res/hall)=1.0718/0.0424/0.0000 λD=0.223 route=196 E/S=57/139 rescue=1 empty=0 hall=0/0 FG/HBG/EBG=48/320/1216 grad=47.71
[E02] batch=040/250 pseudo=4 loss=3.7660 sfseg=3.7176 seg=0.3642 mard=1.9923 λM=0.0103 DURR(dir/res/hall)=1.2071/0.0000/0.0000 λD=0.231 route=181 E/S=60/121 rescue=0 empty=0 hall=0/0 FG/HBG/EBG=32/256/1280 grad=51.36
[E02] batch=050/250 pseudo=4 loss=12.3730 sfseg=12.3231 seg=0.6315 mard=2.0144 λM=0.0102 DURR(dir/res/hall)=1.2297/0.0000/0.0000 λD=0.239 route=155 E/S=46/109 rescue=0 empty=0 hall=0/0 FG/HBG/EBG=32/256/1280 grad=334.35
[E02] batch=060/250 pseudo=5 loss=7.1370 sfseg=7.0609 seg=0.6718 mard=2.0101 λM=0.0083 DURR(dir/res/hall)=2.4015/0.0000/0.0000 λD=0.247 route=164 E/S=35/129 rescue=0 empty=0 hall=0/0 FG/HBG/EBG=40/256/1280 grad=67.65
[E02] batch=070/250 pseudo=3 loss=23.8842 sfseg=23.8140 seg=2.4644 mard=2.0093 λM=0.0106 DURR(dir/res/hall)=1.9121/0.0000/0.0000 λD=0.255 route=189 E/S=96/93 rescue=0 empty=1 hall=0/0 FG/HBG/EBG=24/192/960 grad=548.52
[E02] batch=080/250 pseudo=4 loss=11.6376 sfseg=11.5754 seg=0.7126 mard=1.9820 λM=0.0092 DURR(dir/res/hall)=1.6743/0.0000/0.0000 λD=0.263 route=338 E/S=128/210 rescue=0 empty=0 hall=0/0 FG/HBG/EBG=32/256/1280 grad=155.35
[E02] batch=090/250 pseudo=4 loss=4.3931 sfseg=4.3328 seg=0.3633 mard=2.0226 λM=0.0120 DURR(dir/res/hall)=1.3270/0.0000/0.0000 λD=0.271 route=303 E/S=248/55 rescue=0 empty=0 hall=0/0 FG/HBG/EBG=32/256/1280 grad=59.17
[E02] batch=100/250 pseudo=4 loss=13.2713 sfseg=13.1997 seg=1.6219 mard=2.0523 λM=0.0111 DURR(dir/res/hall)=1.7473/0.0000/0.0000 λD=0.279 route=527 E/S=75/452 rescue=0 empty=0 hall=0/0 FG/HBG/EBG=32/256/1280 grad=210.51
[E02] batch=110/250 pseudo=4 loss=6.7330 sfseg=6.6693 seg=0.5644 mard=2.0248 λM=0.0102 DURR(dir/res/hall)=1.5003/0.0000/0.0000 λD=0.287 route=134 E/S=53/81 rescue=0 empty=0 hall=0/0 FG/HBG/EBG=32/256/1280 grad=87.25
[E02] batch=120/250 pseudo=5 loss=15.5784 sfseg=15.5203 seg=0.7505 mard=2.0321 λM=0.0109 DURR(dir/res/hall)=1.2172/0.0000/0.0000 λD=0.295 route=159 E/S=58/101 rescue=0 empty=0 hall=0/0 FG/HBG/EBG=40/320/1216 grad=104.23
[E02] batch=130/250 pseudo=4 loss=7.5483 sfseg=7.4939 seg=0.5985 mard=2.0850 λM=0.0099 DURR(dir/res/hall)=1.1132/0.0000/0.0000 λD=0.303 route=166 E/S=56/110 rescue=0 empty=0 hall=0/0 FG/HBG/EBG=32/256/1280 grad=143.41
[E02] batch=140/250 pseudo=4 loss=12.6207 sfseg=12.5537 seg=1.5590 mard=1.9713 λM=0.0135 DURR(dir/res/hall)=1.2930/0.0000/0.0000 λD=0.311 route=185 E/S=67/118 rescue=0 empty=0 hall=0/0 FG/HBG/EBG=32/256/1280 grad=174.00
[E02] batch=150/250 pseudo=4 loss=13.1120 sfseg=13.0519 seg=0.7268 mard=2.0709 λM=0.0123 DURR(dir/res/hall)=1.0866/0.0000/0.0000 λD=0.319 route=249 E/S=126/123 rescue=0 empty=0 hall=0/0 FG/HBG/EBG=32/256/1280 grad=175.38
[E02] batch=160/250 pseudo=6 loss=8.4931 sfseg=8.3991 seg=0.7086 mard=1.9562 λM=0.0095 DURR(dir/res/hall)=2.3038/0.0000/0.0000 λD=0.327 route=528 E/S=108/420 rescue=0 empty=0 hall=0/0 FG/HBG/EBG=48/256/1280 grad=66.97
[E02] batch=170/250 pseudo=4 loss=3.9525 sfseg=3.8829 seg=0.3239 mard=2.0781 λM=0.0133 DURR(dir/res/hall)=1.2500/0.0000/0.0000 λD=0.335 route=135 E/S=96/39 rescue=0 empty=0 hall=0/0 FG/HBG/EBG=32/256/1280 grad=26.53
[E02] batch=180/250 pseudo=4 loss=7.1055 sfseg=7.0500 seg=0.6898 mard=2.0175 λM=0.0143 DURR(dir/res/hall)=0.7744/0.0000/0.0000 λD=0.343 route=274 E/S=121/153 rescue=0 empty=0 hall=0/0 FG/HBG/EBG=32/256/1280 grad=63.73
[E02] batch=190/250 pseudo=4 loss=10.6389 sfseg=10.5733 seg=1.0336 mard=1.9976 λM=0.0114 DURR(dir/res/hall)=1.2185/0.0000/0.0000 λD=0.351 route=741 E/S=408/333 rescue=0 empty=0 hall=0/0 FG/HBG/EBG=32/256/1280 grad=150.89
[E02] batch=200/250 pseudo=5 loss=9.2609 sfseg=9.1964 seg=0.9815 mard=1.9917 λM=0.0138 DURR(dir/res/hall)=1.0340/0.0000/0.0000 λD=0.359 route=227 E/S=98/129 rescue=0 empty=0 hall=0/0 FG/HBG/EBG=40/320/1216 grad=64.60
[E02] batch=210/250 pseudo=5 loss=11.7731 sfseg=11.7015 seg=1.0204 mard=1.9928 λM=0.0143 DURR(dir/res/hall)=1.1769/0.0000/0.0000 λD=0.367 route=834 E/S=84/750 rescue=0 empty=0 hall=0/0 FG/HBG/EBG=40/256/1280 grad=133.03
[E02] batch=220/250 pseudo=5 loss=9.7194 sfseg=9.6444 seg=0.9180 mard=2.0576 λM=0.0152 DURR(dir/res/hall)=1.1639/0.0000/0.0000 λD=0.375 route=491 E/S=106/385 rescue=0 empty=0 hall=0/0 FG/HBG/EBG=40/320/1216 grad=138.91
[E02] batch=230/250 pseudo=3 loss=3.4897 sfseg=3.3991 seg=0.4558 mard=2.0488 λM=0.0156 DURR(dir/res/hall)=1.5309/0.0000/0.0000 λD=0.383 route=122 E/S=46/76 rescue=0 empty=1 hall=0/0 FG/HBG/EBG=24/192/960 grad=36.97
[E02] batch=240/250 pseudo=3 loss=2.8743 sfseg=2.7966 seg=0.3300 mard=2.1174 λM=0.0141 DURR(dir/res/hall)=1.2200/0.0000/0.0001 λD=0.391 route=357 E/S=33/324 rescue=0 empty=1 hall=1/0 FG/HBG/EBG=24/192/960 grad=17.79
[E02] batch=250/250 pseudo=4 loss=13.1710 sfseg=13.0519 seg=0.5559 mard=1.9770 λM=0.0141 DURR(dir/res/hall)=2.2873/0.0000/0.0000 λD=0.399 route=229 E/S=129/100 rescue=0 empty=0 hall=0/0 FG/HBG/EBG=32/256/1280 grad=83.65

[Epoch 02] DONE time=67.0s valid=250 skipped=0 pseudo=1019 anchors=975 mask_extra=44 reject_rel=20 DURRmatch=953/4624 rescue=9 teacher_empty=53 hall=22/7360 loss=9.3879 sfseg=9.3105 mard=2.0260 dir=1.5008 res=0.0116 hallL=0.2889 route E/S=25197/49673
[E03] batch=001/250 pseudo=4 loss=5.6222 sfseg=5.5441 seg=0.6087 mard=1.9677 λM=0.0174 DURR(dir/res/hall)=1.0964/0.0000/0.0000 λD=0.400 route=94 E/S=40/54 rescue=0 empty=0 hall=0/0 FG/HBG/EBG=32/256/1280 grad=119.44
[E03] batch=010/250 pseudo=4 loss=13.7569 sfseg=13.6782 seg=0.7466 mard=2.0285 λM=0.0141 DURR(dir/res/hall)=1.2283/0.0000/0.0000 λD=0.407 route=112 E/S=56/56 rescue=0 empty=0 hall=0/0 FG/HBG/EBG=32/256/1280 grad=82.83
[E03] batch=020/250 pseudo=4 loss=10.0297 sfseg=9.9132 seg=0.9009 mard=2.1014 λM=0.0170 DURR(dir/res/hall)=1.9464/0.0000/0.0000 λD=0.415 route=525 E/S=115/410 rescue=0 empty=0 hall=0/0 FG/HBG/EBG=32/256/1280 grad=121.38
[E03] batch=030/250 pseudo=5 loss=43.2806 sfseg=43.1634 seg=2.3747 mard=2.0616 λM=0.0128 DURR(dir/res/hall)=2.1421/0.0000/0.0000 λD=0.423 route=671 E/S=220/451 rescue=0 empty=0 hall=0/0 FG/HBG/EBG=40/256/1280 grad=303.31
[E03] batch=040/250 pseudo=4 loss=17.0153 sfseg=16.8738 seg=2.6273 mard=2.0157 λM=0.0190 DURR(dir/res/hall)=2.3922/0.0000/0.0000 λD=0.431 route=287 E/S=79/208 rescue=0 empty=0 hall=0/0 FG/HBG/EBG=32/256/1280 grad=150.90
[E03] batch=050/250 pseudo=4 loss=6.6792 sfseg=6.5763 seg=0.5124 mard=1.9537 λM=0.0179 DURR(dir/res/hall)=1.5491/0.0000/0.0000 λD=0.439 route=278 E/S=100/178 rescue=0 empty=0 hall=0/0 FG/HBG/EBG=32/256/1280 grad=66.86
[E03] batch=060/250 pseudo=2 loss=10.3449 sfseg=10.0196 seg=1.9171 mard=2.0057 λM=0.0118 DURR(dir/res/hall)=1.4343/0.0000/5.3130 λD=0.447 route=360 E/S=29/331 rescue=0 empty=2 hall=1/296 FG/HBG/EBG=16/128/640 grad=150.74
[E03] batch=070/250 pseudo=4 loss=23.6812 sfseg=23.5519 seg=1.5453 mard=2.0230 λM=0.0159 DURR(dir/res/hall)=2.1314/0.0000/0.0000 λD=0.455 route=343 E/S=45/298 rescue=0 empty=0 hall=0/0 FG/HBG/EBG=32/256/1280 grad=178.36
[E03] batch=080/250 pseudo=4 loss=9.4819 sfseg=9.3709 seg=0.5712 mard=1.9903 λM=0.0164 DURR(dir/res/hall)=1.6948/0.0000/0.0000 λD=0.463 route=318 E/S=127/191 rescue=0 empty=0 hall=0/0 FG/HBG/EBG=32/256/1280 grad=70.18
[E03] batch=090/250 pseudo=4 loss=9.5820 sfseg=9.4949 seg=1.3431 mard=2.0433 λM=0.0189 DURR(dir/res/hall)=1.0275/0.0000/0.0000 λD=0.471 route=226 E/S=43/183 rescue=0 empty=0 hall=0/0 FG/HBG/EBG=32/256/1280 grad=146.19
[E03] batch=100/250 pseudo=4 loss=8.2561 sfseg=8.1620 seg=0.6422 mard=2.0456 λM=0.0198 DURR(dir/res/hall)=1.1160/0.0000/0.0000 λD=0.479 route=611 E/S=111/500 rescue=0 empty=0 hall=0/0 FG/HBG/EBG=32/256/1280 grad=66.62
[E03] batch=110/250 pseudo=4 loss=12.9611 sfseg=12.8875 seg=0.5353 mard=2.0009 λM=0.0175 DURR(dir/res/hall)=0.7946/0.0000/0.0000 λD=0.487 route=152 E/S=70/82 rescue=0 empty=0 hall=0/0 FG/HBG/EBG=32/256/1280 grad=154.82
[E03] batch=120/250 pseudo=4 loss=5.3625 sfseg=5.2544 seg=0.4557 mard=2.0100 λM=0.0187 DURR(dir/res/hall)=1.4230/0.0000/0.0000 λD=0.495 route=305 E/S=85/220 rescue=0 empty=0 hall=0/0 FG/HBG/EBG=32/256/1280 grad=38.44
[E03] batch=130/250 pseudo=4 loss=4.1829 sfseg=4.0580 seg=0.3967 mard=2.0347 λM=0.0221 DURR(dir/res/hall)=1.5895/0.0000/0.0000 λD=0.503 route=165 E/S=132/33 rescue=0 empty=0 hall=0/0 FG/HBG/EBG=32/256/1280 grad=40.88
[E03] batch=140/250 pseudo=4 loss=4.3202 sfseg=4.2422 seg=0.3837 mard=1.9555 λM=0.0175 DURR(dir/res/hall)=0.8562/0.0000/0.0000 λD=0.511 route=132 E/S=68/64 rescue=0 empty=0 hall=0/0 FG/HBG/EBG=32/256/1280 grad=25.99
[E03] batch=150/250 pseudo=4 loss=4.6748 sfseg=4.5708 seg=0.4482 mard=2.0401 λM=0.0225 DURR(dir/res/hall)=1.1198/0.0000/0.0000 λD=0.519 route=246 E/S=105/141 rescue=0 empty=0 hall=0/0 FG/HBG/EBG=32/256/1280 grad=45.87
[E03] batch=160/250 pseudo=5 loss=12.0261 sfseg=11.9450 seg=0.6463 mard=2.0591 λM=0.0161 DURR(dir/res/hall)=0.9116/0.0000/0.0000 λD=0.527 route=144 E/S=85/59 rescue=0 empty=0 hall=0/0 FG/HBG/EBG=40/320/1216 grad=69.08
[E03] batch=170/250 pseudo=2 loss=1.4170 sfseg=1.2944 seg=0.2292 mard=1.9925 λM=0.0245 DURR(dir/res/hall)=1.3791/0.0000/0.0000 λD=0.535 route=53 E/S=53/0 rescue=0 empty=2 hall=0/0 FG/HBG/EBG=16/128/640 grad=17.91
[E03] batch=180/250 pseudo=4 loss=12.3515 sfseg=12.2769 seg=0.9413 mard=1.9841 λM=0.0219 DURR(dir/res/hall)=0.5709/0.0000/0.0000 λD=0.543 route=181 E/S=60/121 rescue=0 empty=0 hall=0/0 FG/HBG/EBG=32/256/1280 grad=115.19
[E03] batch=190/250 pseudo=4 loss=32.4715 sfseg=32.3512 seg=1.1959 mard=2.0207 λM=0.0219 DURR(dir/res/hall)=1.3805/0.0000/0.0000 λD=0.551 route=346 E/S=127/219 rescue=0 empty=0 hall=0/0 FG/HBG/EBG=32/256/1280 grad=201.03
[E03] batch=200/250 pseudo=5 loss=8.5414 sfseg=8.4309 seg=0.3752 mard=1.9822 λM=0.0214 DURR(dir/res/hall)=1.2179/0.0000/0.0000 λD=0.559 route=244 E/S=79/165 rescue=0 empty=0 hall=0/0 FG/HBG/EBG=40/256/1280 grad=90.19
[E03] batch=210/250 pseudo=4 loss=5.3019 sfseg=5.1793 seg=0.5360 mard=2.0954 λM=0.0251 DURR(dir/res/hall)=1.2336/0.0000/0.0000 λD=0.567 route=145 E/S=89/56 rescue=0 empty=0 hall=0/0 FG/HBG/EBG=32/256/1280 grad=43.11
[E03] batch=220/250 pseudo=4 loss=4.9974 sfseg=4.8892 seg=0.3289 mard=1.9924 λM=0.0257 DURR(dir/res/hall)=0.9914/0.0000/0.0000 λD=0.575 route=169 E/S=52/117 rescue=0 empty=0 hall=0/0 FG/HBG/EBG=32/256/1280 grad=39.38
[E03] batch=230/250 pseudo=4 loss=13.6063 sfseg=13.4660 seg=1.0145 mard=2.0089 λM=0.0177 DURR(dir/res/hall)=1.7942/0.0000/0.0000 λD=0.583 route=403 E/S=98/305 rescue=0 empty=0 hall=0/0 FG/HBG/EBG=32/256/1280 grad=47.10
[E03] batch=240/250 pseudo=4 loss=7.4903 sfseg=7.3622 seg=0.6160 mard=1.9915 λM=0.0246 DURR(dir/res/hall)=1.3393/0.0000/0.0000 λD=0.591 route=426 E/S=176/250 rescue=0 empty=0 hall=0/0 FG/HBG/EBG=32/256/1280 grad=39.76
[E03] batch=250/250 pseudo=3 loss=5.6578 sfseg=5.2614 seg=0.7257 mard=2.0517 λM=0.0230 DURR(dir/res/hall)=1.0172/0.0000/4.8098 λD=0.599 route=321 E/S=66/255 rescue=0 empty=1 hall=1/697 FG/HBG/EBG=24/192/960 grad=49.90

[Epoch 03] DONE time=67.2s valid=250 skipped=0 pseudo=1023 anchors=982 mask_extra=41 reject_rel=18 DURRmatch=952/4606 rescue=13 teacher_empty=51 hall=16/5101 loss=10.4899 sfseg=10.3683 mard=2.0282 dir=1.3981 res=0.0089 hallL=0.2293 route E/S=25973/49677
[E04] batch=001/250 pseudo=3 loss=4.5621 sfseg=4.4341 seg=0.4733 mard=2.0713 λM=0.0272 DURR(dir/res/hall)=1.1969/0.0000/0.0000 λD=0.600 route=170 E/S=70/100 rescue=0 empty=1 hall=0/0 FG/HBG/EBG=24/192/960 grad=30.94
[E04] batch=010/250 pseudo=4 loss=8.1962 sfseg=8.0544 seg=0.9373 mard=2.0344 λM=0.0254 DURR(dir/res/hall)=1.4855/0.0000/0.0000 λD=0.607 route=252 E/S=143/109 rescue=0 empty=0 hall=0/0 FG/HBG/EBG=32/256/1280 grad=56.63
[E04] batch=020/250 pseudo=4 loss=4.3941 sfseg=4.2495 seg=0.3542 mard=2.0575 λM=0.0264 DURR(dir/res/hall)=1.4668/0.0000/0.0000 λD=0.615 route=202 E/S=96/106 rescue=0 empty=0 hall=0/0 FG/HBG/EBG=32/256/1280 grad=24.35
[E04] batch=030/250 pseudo=3 loss=6.2882 sfseg=6.1814 seg=0.3085 mard=2.0493 λM=0.0245 DURR(dir/res/hall)=0.9095/0.0000/0.0000 λD=0.623 route=224 E/S=82/142 rescue=0 empty=1 hall=0/0 FG/HBG/EBG=24/192/960 grad=49.79
[E04] batch=040/250 pseudo=4 loss=6.7076 sfseg=6.5253 seg=0.8124 mard=2.1187 λM=0.0222 DURR(dir/res/hall)=2.1420/0.0000/0.0000 λD=0.631 route=214 E/S=115/99 rescue=0 empty=1 hall=0/0 FG/HBG/EBG=32/192/960 grad=35.96
[E04] batch=050/250 pseudo=4 loss=14.2327 sfseg=14.1499 seg=1.5426 mard=2.0206 λM=0.0220 DURR(dir/res/hall)=0.5997/0.0000/0.0000 λD=0.639 route=87 E/S=24/63 rescue=0 empty=0 hall=0/0 FG/HBG/EBG=32/256/1280 grad=178.46
[E04] batch=060/250 pseudo=3 loss=7.8340 sfseg=7.7166 seg=1.0379 mard=2.0608 λM=0.0290 DURR(dir/res/hall)=0.8913/0.0000/0.0000 λD=0.647 route=218 E/S=127/91 rescue=0 empty=1 hall=0/0 FG/HBG/EBG=24/192/960 grad=129.72
[E04] batch=070/250 pseudo=4 loss=11.9182 sfseg=11.8238 seg=1.1098 mard=1.9723 λM=0.0224 DURR(dir/res/hall)=0.7685/0.0000/0.0000 λD=0.655 route=195 E/S=104/91 rescue=0 empty=0 hall=0/0 FG/HBG/EBG=32/256/1280 grad=122.97
[E04] batch=080/250 pseudo=4 loss=6.2324 sfseg=6.0750 seg=0.4429 mard=2.0240 λM=0.0290 DURR(dir/res/hall)=1.4867/0.0000/0.0000 λD=0.663 route=228 E/S=42/186 rescue=0 empty=0 hall=0/0 FG/HBG/EBG=32/256/1280 grad=81.95
[E04] batch=090/250 pseudo=4 loss=13.1920 sfseg=13.1045 seg=0.4437 mard=1.9645 λM=0.0170 DURR(dir/res/hall)=0.8062/0.0000/0.0000 λD=0.671 route=247 E/S=34/213 rescue=0 empty=0 hall=0/0 FG/HBG/EBG=32/256/1280 grad=76.11
[E04] batch=100/250 pseudo=3 loss=14.5207 sfseg=14.3693 seg=1.7955 mard=2.0256 λM=0.0254 DURR(dir/res/hall)=1.4699/0.0000/0.0000 λD=0.679 route=362 E/S=102/260 rescue=0 empty=1 hall=0/0 FG/HBG/EBG=24/192/960 grad=97.58
[E04] batch=110/250 pseudo=6 loss=6.5290 sfseg=6.4123 seg=0.6484 mard=2.0451 λM=0.0250 DURR(dir/res/hall)=0.9538/0.0000/0.0000 λD=0.687 route=344 E/S=95/249 rescue=0 empty=0 hall=0/0 FG/HBG/EBG=48/320/1216 grad=31.33
[E04] batch=120/250 pseudo=4 loss=14.3072 sfseg=14.1701 seg=1.0728 mard=2.0794 λM=0.0293 DURR(dir/res/hall)=1.0960/0.0000/0.0000 λD=0.695 route=200 E/S=126/74 rescue=0 empty=0 hall=0/0 FG/HBG/EBG=32/256/1280 grad=166.90
[E04] batch=130/250 pseudo=4 loss=6.3530 sfseg=6.2144 seg=0.5493 mard=2.0077 λM=0.0309 DURR(dir/res/hall)=1.0872/0.0000/0.0000 λD=0.703 route=239 E/S=92/147 rescue=0 empty=0 hall=0/0 FG/HBG/EBG=32/256/1280 grad=102.05
[E04] batch=140/250 pseudo=3 loss=5.4914 sfseg=5.1691 seg=1.0062 mard=1.9863 λM=0.0206 DURR(dir/res/hall)=0.9238/0.0000/3.0331 λD=0.711 route=105 E/S=64/41 rescue=0 empty=2 hall=1/115 FG/HBG/EBG=24/192/576 grad=122.45
[E04] batch=150/250 pseudo=4 loss=13.1142 sfseg=12.9616 seg=1.5089 mard=2.0584 λM=0.0264 DURR(dir/res/hall)=1.3525/0.0074/0.0000 λD=0.719 route=91 E/S=73/18 rescue=1 empty=0 hall=0/0 FG/HBG/EBG=32/256/1280 grad=86.88
[E04] batch=160/250 pseudo=2 loss=2.5575 sfseg=2.0590 seg=0.3335 mard=2.0642 λM=0.0324 DURR(dir/res/hall)=0.7678/0.0000/5.1678 λD=0.727 route=35 E/S=21/14 rescue=0 empty=2 hall=1/1742 FG/HBG/EBG=16/128/640 grad=31.31
[E04] batch=170/250 pseudo=4 loss=13.3241 sfseg=13.2190 seg=0.4651 mard=2.0201 λM=0.0302 DURR(dir/res/hall)=0.6000/0.0000/0.0000 λD=0.735 route=242 E/S=128/114 rescue=0 empty=0 hall=0/0 FG/HBG/EBG=32/256/1280 grad=95.97
[E04] batch=180/250 pseudo=5 loss=12.8114 sfseg=12.6574 seg=0.9138 mard=1.9369 λM=0.0218 DURR(dir/res/hall)=1.5025/0.0000/0.0000 λD=0.743 route=448 E/S=141/307 rescue=0 empty=0 hall=0/0 FG/HBG/EBG=40/320/1216 grad=127.89
[E04] batch=190/250 pseudo=3 loss=2.2131 sfseg=2.0895 seg=0.2494 mard=2.0000 λM=0.0330 DURR(dir/res/hall)=0.7659/0.0000/0.0000 λD=0.751 route=81 E/S=18/63 rescue=0 empty=1 hall=0/0 FG/HBG/EBG=24/192/960 grad=23.34
[E04] batch=200/250 pseudo=4 loss=6.2467 sfseg=6.1104 seg=0.4434 mard=2.0683 λM=0.0326 DURR(dir/res/hall)=0.9082/0.0000/0.0000 λD=0.759 route=359 E/S=90/269 rescue=0 empty=0 hall=0/0 FG/HBG/EBG=32/256/1280 grad=50.70
[E04] batch=210/250 pseudo=4 loss=8.9533 sfseg=8.6687 seg=0.6431 mard=2.0764 λM=0.0287 DURR(dir/res/hall)=2.9330/0.0000/0.0000 λD=0.767 route=411 E/S=99/312 rescue=0 empty=0 hall=0/0 FG/HBG/EBG=32/256/1280 grad=70.02
[E04] batch=220/250 pseudo=5 loss=10.7072 sfseg=10.5146 seg=0.5351 mard=2.0908 λM=0.0266 DURR(dir/res/hall)=1.7674/0.0000/0.0000 λD=0.775 route=434 E/S=178/256 rescue=0 empty=0 hall=0/0 FG/HBG/EBG=40/256/1280 grad=82.50
[E04] batch=230/250 pseudo=4 loss=6.7039 sfseg=6.5644 seg=0.4799 mard=2.0015 λM=0.0302 DURR(dir/res/hall)=1.0089/0.0000/0.0000 λD=0.783 route=599 E/S=186/413 rescue=0 empty=0 hall=0/0 FG/HBG/EBG=32/256/1280 grad=55.51
[E04] batch=240/250 pseudo=5 loss=20.3758 sfseg=20.2065 seg=2.4069 mard=1.9992 λM=0.0315 DURR(dir/res/hall)=1.3452/0.0000/0.0000 λD=0.791 route=499 E/S=219/280 rescue=0 empty=0 hall=0/0 FG/HBG/EBG=40/256/1280 grad=137.41
[E04] batch=250/250 pseudo=5 loss=6.6645 sfseg=6.5216 seg=0.4575 mard=1.9967 λM=0.0298 DURR(dir/res/hall)=1.0439/0.0000/0.0000 λD=0.799 route=432 E/S=128/304 rescue=0 empty=0 hall=0/0 FG/HBG/EBG=40/320/1216 grad=77.97

[Epoch 04] DONE time=67.1s valid=250 skipped=0 pseudo=1034 anchors=996 mask_extra=38 reject_rel=16 DURRmatch=972/4668 rescue=12 teacher_empty=50 hall=14/3565 loss=10.1480 sfseg=9.9830 mard=2.0260 dir=1.3857 res=0.0140 hallL=0.1702 route E/S=26849/49587
[E05] batch=001/250 pseudo=5 loss=15.7255 sfseg=15.5421 seg=1.5463 mard=2.0782 λM=0.0300 DURR(dir/res/hall)=1.5133/0.0000/0.0000 λD=0.800 route=552 E/S=234/318 rescue=0 empty=0 hall=0/0 FG/HBG/EBG=40/256/1280 grad=176.48
[E05] batch=010/250 pseudo=5 loss=15.4376 sfseg=15.3151 seg=2.0964 mard=2.0167 λM=0.0241 DURR(dir/res/hall)=0.9167/0.0000/0.0000 λD=0.807 route=361 E/S=192/169 rescue=0 empty=0 hall=0/0 FG/HBG/EBG=40/256/1280 grad=175.20
[E05] batch=020/250 pseudo=4 loss=5.2560 sfseg=5.0883 seg=0.5541 mard=1.9857 λM=0.0305 DURR(dir/res/hall)=1.3143/0.0000/0.0000 λD=0.815 route=385 E/S=182/203 rescue=0 empty=0 hall=0/0 FG/HBG/EBG=32/256/1280 grad=59.60
[E05] batch=030/250 pseudo=4 loss=29.1691 sfseg=28.9455 seg=1.9688 mard=2.0393 λM=0.0287 DURR(dir/res/hall)=2.0041/0.0000/0.0000 λD=0.823 route=454 E/S=48/406 rescue=0 empty=0 hall=0/0 FG/HBG/EBG=32/256/1280 grad=125.51
[E05] batch=040/250 pseudo=4 loss=14.8346 sfseg=14.6523 seg=1.3698 mard=2.0059 λM=0.0344 DURR(dir/res/hall)=1.3628/0.0000/0.0000 λD=0.831 route=251 E/S=138/113 rescue=0 empty=0 hall=0/0 FG/HBG/EBG=32/256/1280 grad=133.45
[E05] batch=050/250 pseudo=5 loss=3.7463 sfseg=3.5837 seg=0.2681 mard=2.0469 λM=0.0375 DURR(dir/res/hall)=1.0233/0.0000/0.0000 λD=0.839 route=149 E/S=65/84 rescue=0 empty=0 hall=0/0 FG/HBG/EBG=40/320/1216 grad=23.59
[E05] batch=060/250 pseudo=4 loss=15.4329 sfseg=15.2851 seg=1.1771 mard=2.0128 λM=0.0332 DURR(dir/res/hall)=0.9559/0.0000/0.0000 λD=0.847 route=206 E/S=119/87 rescue=0 empty=0 hall=0/0 FG/HBG/EBG=32/256/1280 grad=172.51
[E05] batch=070/250 pseudo=4 loss=2.6348 sfseg=2.4916 seg=0.2121 mard=2.0176 λM=0.0341 DURR(dir/res/hall)=0.8706/0.0000/0.0000 λD=0.855 route=149 E/S=49/100 rescue=0 empty=0 hall=0/0 FG/HBG/EBG=32/256/1280 grad=27.93
[E05] batch=080/250 pseudo=6 loss=16.4121 sfseg=16.2207 seg=1.0742 mard=2.0227 λM=0.0362 DURR(dir/res/hall)=1.3686/0.0000/0.0000 λD=0.863 route=286 E/S=68/218 rescue=0 empty=0 hall=0/0 FG/HBG/EBG=48/320/1216 grad=280.53
[E05] batch=090/250 pseudo=3 loss=8.2517 sfseg=7.7160 seg=0.9462 mard=2.0121 λM=0.0377 DURR(dir/res/hall)=2.1593/0.0000/3.1190 λD=0.871 route=238 E/S=126/112 rescue=0 empty=1 hall=1/15 FG/HBG/EBG=24/192/960 grad=67.13
[E05] batch=100/250 pseudo=3 loss=5.5495 sfseg=5.2935 seg=0.4445 mard=2.0078 λM=0.0354 DURR(dir/res/hall)=2.1032/0.0000/0.0000 λD=0.879 route=469 E/S=95/374 rescue=0 empty=1 hall=0/0 FG/HBG/EBG=24/192/960 grad=61.12
[E05] batch=110/250 pseudo=4 loss=16.4399 sfseg=16.2221 seg=1.4569 mard=2.0662 λM=0.0355 DURR(dir/res/hall)=1.6288/0.0000/0.0000 λD=0.887 route=632 E/S=495/137 rescue=0 empty=0 hall=0/0 FG/HBG/EBG=32/256/1280 grad=204.91
[E05] batch=120/250 pseudo=5 loss=5.7167 sfseg=5.5524 seg=0.4259 mard=2.0248 λM=0.0323 DURR(dir/res/hall)=1.1055/0.0000/0.0000 λD=0.895 route=219 E/S=136/83 rescue=0 empty=0 hall=0/0 FG/HBG/EBG=40/320/1216 grad=57.04
[E05] batch=130/250 pseudo=3 loss=4.3195 sfseg=4.1151 seg=0.4514 mard=1.9904 λM=0.0374 DURR(dir/res/hall)=1.4399/0.0000/0.0000 λD=0.903 route=74 E/S=18/56 rescue=0 empty=1 hall=0/0 FG/HBG/EBG=24/192/960 grad=40.05
[E05] batch=140/250 pseudo=3 loss=3.8047 sfseg=3.6085 seg=0.4216 mard=2.0149 λM=0.0417 DURR(dir/res/hall)=1.2302/0.0000/0.0000 λD=0.911 route=115 E/S=98/17 rescue=0 empty=1 hall=0/0 FG/HBG/EBG=24/192/960 grad=56.32
[E05] batch=150/250 pseudo=4 loss=10.9635 sfseg=10.7849 seg=0.7012 mard=2.0296 λM=0.0315 DURR(dir/res/hall)=1.2469/0.0000/0.0000 λD=0.919 route=335 E/S=43/292 rescue=0 empty=0 hall=0/0 FG/HBG/EBG=32/256/1280 grad=72.97
[E05] batch=160/250 pseudo=5 loss=14.7482 sfseg=14.5210 seg=0.6489 mard=1.9784 λM=0.0314 DURR(dir/res/hall)=1.7812/0.0000/0.0000 λD=0.927 route=481 E/S=144/337 rescue=0 empty=0 hall=0/0 FG/HBG/EBG=40/256/1280 grad=184.71
[E05] batch=170/250 pseudo=3 loss=5.2117 sfseg=5.0324 seg=0.6104 mard=1.9821 λM=0.0391 DURR(dir/res/hall)=1.0886/0.0000/0.0000 λD=0.935 route=111 E/S=24/87 rescue=0 empty=1 hall=0/0 FG/HBG/EBG=24/192/960 grad=70.31
[E05] batch=180/250 pseudo=4 loss=9.5589 sfseg=9.3891 seg=0.9728 mard=2.0289 λM=0.0284 DURR(dir/res/hall)=1.1888/0.0000/0.0000 λD=0.943 route=271 E/S=166/105 rescue=0 empty=0 hall=0/0 FG/HBG/EBG=32/256/1280 grad=103.51
[E05] batch=190/250 pseudo=4 loss=5.1533 sfseg=4.9700 seg=0.4456 mard=2.0313 λM=0.0416 DURR(dir/res/hall)=1.0381/0.0000/0.0000 λD=0.951 route=93 E/S=4/89 rescue=0 empty=0 hall=0/0 FG/HBG/EBG=32/256/1280 grad=95.99
[E05] batch=200/250 pseudo=3 loss=3.7826 sfseg=3.1963 seg=0.2817 mard=2.0243 λM=0.0331 DURR(dir/res/hall)=1.2728/0.0000/4.1405 λD=0.959 route=314 E/S=53/261 rescue=0 empty=1 hall=1/1080 FG/HBG/EBG=24/192/960 grad=29.72
[E05] batch=210/250 pseudo=4 loss=3.8836 sfseg=3.7195 seg=0.2724 mard=2.0878 λM=0.0379 DURR(dir/res/hall)=0.8783/0.0000/0.0000 λD=0.967 route=118 E/S=36/82 rescue=0 empty=0 hall=0/0 FG/HBG/EBG=32/256/1280 grad=28.03
[E05] batch=220/250 pseudo=4 loss=10.3990 sfseg=10.2443 seg=0.5867 mard=2.0456 λM=0.0286 DURR(dir/res/hall)=0.9880/0.0000/0.0000 λD=0.975 route=335 E/S=183/152 rescue=0 empty=0 hall=0/0 FG/HBG/EBG=32/256/1280 grad=78.13
[E05] batch=230/250 pseudo=5 loss=8.2012 sfseg=8.0619 seg=0.5104 mard=2.0515 λM=0.0249 DURR(dir/res/hall)=0.8960/0.0000/0.0000 λD=0.983 route=335 E/S=140/195 rescue=0 empty=0 hall=0/0 FG/HBG/EBG=40/320/1216 grad=162.45
[E05] batch=240/250 pseudo=4 loss=3.7464 sfseg=3.5507 seg=0.2376 mard=2.0440 λM=0.0435 DURR(dir/res/hall)=1.0779/0.0000/0.0000 λD=0.991 route=250 E/S=32/218 rescue=0 empty=0 hall=0/0 FG/HBG/EBG=32/256/1280 grad=32.44
[E05] batch=250/250 pseudo=3 loss=5.0808 sfseg=4.8911 seg=0.3636 mard=2.0807 λM=0.0268 DURR(dir/res/hall)=1.3417/0.0000/0.0000 λD=0.999 route=127 E/S=84/43 rescue=0 empty=1 hall=0/0 FG/HBG/EBG=24/192/960 grad=55.79

[Epoch 05] DONE time=66.9s valid=250 skipped=0 pseudo=1024 anchors=984 mask_extra=40 reject_rel=14 DURRmatch=958/4650 rescue=10 teacher_empty=42 hall=14/5151 loss=9.5937 sfseg=9.3853 mard=2.0267 dir=1.3568 res=0.0099 hallL=0.1656 route E/S=26427/50254
[E06] batch=001/250 pseudo=4 loss=24.4440 sfseg=24.2147 seg=1.3710 mard=2.0188 λM=0.0335 DURR(dir/res/hall)=1.6171/0.0000/0.0000 λD=1.000 route=467 E/S=171/296 rescue=0 empty=1 hall=0/0 FG/HBG/EBG=32/256/896 grad=292.70
[E06] batch=010/250 pseudo=4 loss=3.6084 sfseg=3.4223 seg=0.3378 mard=2.0489 λM=0.0438 DURR(dir/res/hall)=0.9641/0.0000/0.0000 λD=1.000 route=176 E/S=109/67 rescue=0 empty=0 hall=0/0 FG/HBG/EBG=32/256/1280 grad=28.70
[E06] batch=020/250 pseudo=4 loss=9.5083 sfseg=9.2993 seg=0.7347 mard=2.0164 λM=0.0428 DURR(dir/res/hall)=1.2267/0.0000/0.0000 λD=1.000 route=161 E/S=49/112 rescue=0 empty=0 hall=0/0 FG/HBG/EBG=32/256/1280 grad=165.36
[E06] batch=030/250 pseudo=3 loss=2.5641 sfseg=2.0428 seg=0.3203 mard=2.0957 λM=0.0394 DURR(dir/res/hall)=1.2962/0.0000/3.0909 λD=1.000 route=98 E/S=31/67 rescue=0 empty=1 hall=1/17 FG/HBG/EBG=24/192/960 grad=37.46
[E06] batch=040/250 pseudo=4 loss=5.2017 sfseg=5.0253 seg=0.2760 mard=2.0424 λM=0.0402 DURR(dir/res/hall)=0.9424/0.0000/0.0000 λD=1.000 route=279 E/S=65/214 rescue=0 empty=0 hall=0/0 FG/HBG/EBG=32/256/1280 grad=31.35
[E06] batch=050/250 pseudo=5 loss=4.8643 sfseg=4.6683 seg=0.3966 mard=2.0549 λM=0.0447 DURR(dir/res/hall)=1.0415/0.0000/0.0000 λD=1.000 route=271 E/S=58/213 rescue=0 empty=0 hall=0/0 FG/HBG/EBG=40/320/1216 grad=44.98
[E06] batch=060/250 pseudo=5 loss=9.5565 sfseg=9.3700 seg=0.8976 mard=1.9984 λM=0.0283 DURR(dir/res/hall)=1.2987/0.0000/0.0000 λD=1.000 route=677 E/S=105/572 rescue=0 empty=0 hall=0/0 FG/HBG/EBG=40/256/1280 grad=44.25
[E06] batch=070/250 pseudo=4 loss=5.5133 sfseg=5.2759 seg=0.3533 mard=2.1004 λM=0.0455 DURR(dir/res/hall)=1.4180/0.0000/0.0000 λD=1.000 route=223 E/S=59/164 rescue=0 empty=0 hall=0/0 FG/HBG/EBG=32/256/1280 grad=93.27
[E06] batch=080/250 pseudo=4 loss=11.3878 sfseg=11.0801 seg=1.0882 mard=2.0896 λM=0.0440 DURR(dir/res/hall)=2.1568/0.0000/0.0000 λD=1.000 route=120 E/S=75/45 rescue=0 empty=0 hall=0/0 FG/HBG/EBG=32/256/1280 grad=154.90
[E06] batch=090/250 pseudo=5 loss=7.8154 sfseg=7.6147 seg=0.6612 mard=2.0738 λM=0.0387 DURR(dir/res/hall)=1.2035/0.0000/0.0000 λD=1.000 route=471 E/S=73/398 rescue=0 empty=0 hall=0/0 FG/HBG/EBG=40/320/1216 grad=60.88
[E06] batch=100/250 pseudo=5 loss=14.7197 sfseg=14.5027 seg=1.8309 mard=1.9959 λM=0.0258 DURR(dir/res/hall)=1.6556/0.0000/0.0000 λD=1.000 route=1015 E/S=197/818 rescue=0 empty=0 hall=0/0 FG/HBG/EBG=40/256/1280 grad=129.61
[E06] batch=110/250 pseudo=4 loss=7.9291 sfseg=7.2831 seg=0.5928 mard=2.1045 λM=0.0296 DURR(dir/res/hall)=1.8463/0.2036/3.5835 λD=1.000 route=100 E/S=100/0 rescue=1 empty=1 hall=1/1 FG/HBG/EBG=32/192/960 grad=73.97
[E06] batch=120/250 pseudo=4 loss=9.1223 sfseg=8.8243 seg=0.6288 mard=2.0030 λM=0.0347 DURR(dir/res/hall)=2.2856/0.0000/0.0000 λD=1.000 route=424 E/S=39/385 rescue=0 empty=0 hall=0/0 FG/HBG/EBG=32/256/1280 grad=94.49
[E06] batch=130/250 pseudo=3 loss=6.9497 sfseg=6.2455 seg=0.7597 mard=2.0169 λM=0.0296 DURR(dir/res/hall)=1.5883/0.0000/4.8556 λD=1.000 route=115 E/S=75/40 rescue=0 empty=1 hall=1/529 FG/HBG/EBG=24/192/960 grad=113.88
[E06] batch=140/250 pseudo=4 loss=6.5228 sfseg=6.3483 seg=0.5084 mard=1.9841 λM=0.0382 DURR(dir/res/hall)=0.9868/0.0000/0.0000 λD=1.000 route=230 E/S=121/109 rescue=0 empty=0 hall=0/0 FG/HBG/EBG=32/256/1280 grad=64.57
[E06] batch=150/250 pseudo=6 loss=15.4230 sfseg=15.1844 seg=1.2954 mard=2.0355 λM=0.0359 DURR(dir/res/hall)=1.6550/0.0000/0.0000 λD=1.000 route=349 E/S=115/234 rescue=0 empty=0 hall=0/0 FG/HBG/EBG=48/320/1216 grad=90.38
[E06] batch=160/250 pseudo=4 loss=4.7431 sfseg=4.5060 seg=0.3753 mard=1.9562 λM=0.0422 DURR(dir/res/hall)=1.5459/0.0000/0.0000 λD=1.000 route=228 E/S=51/177 rescue=0 empty=0 hall=0/0 FG/HBG/EBG=32/256/1280 grad=26.38
[E06] batch=170/250 pseudo=4 loss=6.8361 sfseg=6.6634 seg=0.4455 mard=2.0415 λM=0.0357 DURR(dir/res/hall)=0.9996/0.0000/0.0000 λD=1.000 route=323 E/S=170/153 rescue=0 empty=0 hall=0/0 FG/HBG/EBG=32/256/1280 grad=73.48
[E06] batch=180/250 pseudo=4 loss=4.5437 sfseg=4.3376 seg=0.3662 mard=1.9621 λM=0.0426 DURR(dir/res/hall)=1.2254/0.0000/0.0000 λD=1.000 route=130 E/S=70/60 rescue=0 empty=0 hall=0/0 FG/HBG/EBG=32/256/1280 grad=30.46
[E06] batch=190/250 pseudo=4 loss=6.2890 sfseg=6.0608 seg=0.3512 mard=1.9816 λM=0.0450 DURR(dir/res/hall)=1.3902/0.0000/0.0000 λD=1.000 route=129 E/S=58/71 rescue=0 empty=0 hall=0/0 FG/HBG/EBG=32/256/1280 grad=152.65
[E06] batch=200/250 pseudo=4 loss=3.3280 sfseg=3.1364 seg=0.2984 mard=1.9871 λM=0.0441 DURR(dir/res/hall)=1.0390/0.0000/0.0000 λD=1.000 route=84 E/S=25/59 rescue=0 empty=0 hall=0/0 FG/HBG/EBG=32/256/1280 grad=24.17
[E06] batch=210/250 pseudo=5 loss=10.8742 sfseg=10.7173 seg=0.7496 mard=2.0405 λM=0.0257 DURR(dir/res/hall)=1.0450/0.0000/0.0000 λD=1.000 route=359 E/S=80/279 rescue=0 empty=0 hall=0/0 FG/HBG/EBG=40/320/1216 grad=67.98
[E06] batch=220/250 pseudo=4 loss=4.6740 sfseg=4.4433 seg=0.3865 mard=2.0666 λM=0.0446 DURR(dir/res/hall)=1.3847/0.0000/0.0000 λD=1.000 route=240 E/S=51/189 rescue=0 empty=0 hall=0/0 FG/HBG/EBG=32/256/1280 grad=38.25
[E06] batch=230/250 pseudo=5 loss=6.3629 sfseg=6.1458 seg=0.4014 mard=1.9977 λM=0.0348 DURR(dir/res/hall)=1.4750/0.0000/0.0000 λD=1.000 route=492 E/S=251/241 rescue=0 empty=0 hall=0/0 FG/HBG/EBG=40/256/1280 grad=38.29
[E06] batch=240/250 pseudo=4 loss=3.6457 sfseg=3.3640 seg=0.2781 mard=2.0485 λM=0.0447 DURR(dir/res/hall)=1.9015/0.0000/0.0000 λD=1.000 route=43 E/S=22/21 rescue=0 empty=0 hall=0/0 FG/HBG/EBG=32/256/1280 grad=29.85
[E06] batch=250/250 pseudo=5 loss=10.3071 sfseg=10.0002 seg=1.0343 mard=1.9905 λM=0.0349 DURR(dir/res/hall)=1.1210/0.6271/0.0000 λD=1.000 route=387 E/S=63/324 rescue=1 empty=0 hall=0/0 FG/HBG/EBG=40/256/1280 grad=99.38

[Epoch 06] DONE time=66.9s valid=250 skipped=0 pseudo=1022 anchors=973 mask_extra=49 reject_rel=19 DURRmatch=945/4564 rescue=11 teacher_empty=56 hall=21/6832 loss=9.2995 sfseg=9.0575 mard=2.0261 dir=1.3667 res=0.0266 hallL=0.2187 route E/S=24484/48800
[E07] batch=001/250 pseudo=4 loss=4.8262 sfseg=4.6599 seg=0.2438 mard=2.0056 λM=0.0426 DURR(dir/res/hall)=0.8086/0.0000/0.0000 λD=1.000 route=157 E/S=68/89 rescue=0 empty=0 hall=0/0 FG/HBG/EBG=32/256/1280 grad=32.14
[E07] batch=010/250 pseudo=4 loss=11.8693 sfseg=11.6567 seg=0.9217 mard=2.0567 λM=0.0403 DURR(dir/res/hall)=1.2967/0.0000/0.0000 λD=1.000 route=576 E/S=16/560 rescue=0 empty=0 hall=0/0 FG/HBG/EBG=32/256/1280 grad=190.78
[E07] batch=020/250 pseudo=4 loss=10.4294 sfseg=10.2558 seg=0.9659 mard=2.1097 λM=0.0416 DURR(dir/res/hall)=0.8587/0.0000/0.0000 λD=1.000 route=347 E/S=133/214 rescue=0 empty=0 hall=0/0 FG/HBG/EBG=32/256/1280 grad=114.86
[E07] batch=030/250 pseudo=4 loss=5.2138 sfseg=5.0515 seg=0.3524 mard=1.9999 λM=0.0394 DURR(dir/res/hall)=0.8353/0.0000/0.0000 λD=1.000 route=138 E/S=52/86 rescue=0 empty=0 hall=0/0 FG/HBG/EBG=32/256/1280 grad=29.27
[E07] batch=040/250 pseudo=3 loss=4.1591 sfseg=3.9933 seg=0.4411 mard=2.0465 λM=0.0336 DURR(dir/res/hall)=0.9703/0.0000/0.0011 λD=1.000 route=265 E/S=112/153 rescue=0 empty=1 hall=1/0 FG/HBG/EBG=24/192/960 grad=28.93
[E07] batch=050/250 pseudo=4 loss=8.1484 sfseg=7.9389 seg=0.8736 mard=2.0222 λM=0.0431 DURR(dir/res/hall)=1.2240/0.0000/0.0000 λD=1.000 route=214 E/S=49/165 rescue=0 empty=0 hall=0/0 FG/HBG/EBG=32/256/1280 grad=83.83
[E07] batch=060/250 pseudo=4 loss=17.4109 sfseg=17.2069 seg=0.7654 mard=2.0373 λM=0.0416 DURR(dir/res/hall)=1.1927/0.0000/0.0000 λD=1.000 route=354 E/S=101/253 rescue=0 empty=0 hall=0/0 FG/HBG/EBG=32/256/1280 grad=190.67
[E07] batch=070/250 pseudo=2 loss=5.9432 sfseg=5.2641 seg=0.7525 mard=2.0387 λM=0.0346 DURR(dir/res/hall)=0.9881/0.0000/5.0972 λD=1.000 route=190 E/S=123/67 rescue=0 empty=2 hall=1/894 FG/HBG/EBG=16/128/640 grad=68.27
[E07] batch=080/250 pseudo=4 loss=6.0491 sfseg=5.8316 seg=0.6415 mard=2.0393 λM=0.0441 DURR(dir/res/hall)=1.2766/0.0000/0.0000 λD=1.000 route=244 E/S=81/163 rescue=0 empty=0 hall=0/0 FG/HBG/EBG=32/256/1280 grad=40.09
[E07] batch=090/250 pseudo=5 loss=6.4009 sfseg=6.2334 seg=0.5507 mard=1.9800 λM=0.0339 DURR(dir/res/hall)=1.0048/0.0000/0.0000 λD=1.000 route=226 E/S=46/180 rescue=0 empty=0 hall=0/0 FG/HBG/EBG=40/320/1216 grad=61.34
[E07] batch=100/250 pseudo=4 loss=3.6087 sfseg=3.3702 seg=0.2690 mard=1.9773 λM=0.0454 DURR(dir/res/hall)=1.4873/0.0000/0.0000 λD=1.000 route=60 E/S=36/24 rescue=0 empty=0 hall=0/0 FG/HBG/EBG=32/256/1280 grad=27.37
[E07] batch=110/250 pseudo=4 loss=20.5193 sfseg=20.1355 seg=0.5970 mard=2.0525 λM=0.0394 DURR(dir/res/hall)=3.0300/0.0000/0.0000 λD=1.000 route=395 E/S=76/319 rescue=0 empty=0 hall=0/0 FG/HBG/EBG=32/256/1280 grad=108.84
[E07] batch=120/250 pseudo=4 loss=9.8836 sfseg=9.7226 seg=0.7404 mard=2.0801 λM=0.0346 DURR(dir/res/hall)=0.8910/0.0000/0.0000 λD=1.000 route=616 E/S=286/330 rescue=0 empty=0 hall=0/0 FG/HBG/EBG=32/256/1280 grad=58.14
[E07] batch=130/250 pseudo=4 loss=10.1524 sfseg=9.8402 seg=0.4097 mard=1.9803 λM=0.0387 DURR(dir/res/hall)=2.2969/0.0294/0.0000 λD=1.000 route=104 E/S=70/34 rescue=1 empty=0 hall=0/0 FG/HBG/EBG=32/256/1280 grad=82.74
[E07] batch=140/250 pseudo=5 loss=8.9562 sfseg=8.7663 seg=0.5776 mard=1.9884 λM=0.0341 DURR(dir/res/hall)=1.2206/0.0000/0.0000 λD=1.000 route=228 E/S=112/116 rescue=0 empty=0 hall=0/0 FG/HBG/EBG=40/256/1280 grad=223.25
[E07] batch=150/250 pseudo=4 loss=6.1260 sfseg=5.8503 seg=0.3860 mard=2.0770 λM=0.0412 DURR(dir/res/hall)=0.9741/0.4640/0.0000 λD=1.000 route=231 E/S=167/64 rescue=1 empty=0 hall=0/0 FG/HBG/EBG=32/256/1280 grad=103.45
[E07] batch=160/250 pseudo=4 loss=7.7402 sfseg=7.5631 seg=0.6298 mard=2.0178 λM=0.0353 DURR(dir/res/hall)=1.0087/0.0243/0.0000 λD=1.000 route=223 E/S=31/192 rescue=1 empty=0 hall=0/0 FG/HBG/EBG=32/256/1280 grad=80.32
[E07] batch=170/250 pseudo=4 loss=14.2193 sfseg=14.0415 seg=1.4871 mard=2.0376 λM=0.0317 DURR(dir/res/hall)=1.1325/0.0000/0.0000 λD=1.000 route=629 E/S=426/203 rescue=0 empty=0 hall=0/0 FG/HBG/EBG=32/256/1280 grad=154.41
[E07] batch=180/250 pseudo=4 loss=18.6410 sfseg=18.3649 seg=1.9458 mard=2.0135 λM=0.0303 DURR(dir/res/hall)=2.1503/0.0000/0.0000 λD=1.000 route=530 E/S=348/182 rescue=0 empty=0 hall=0/0 FG/HBG/EBG=32/256/1280 grad=332.38
[E07] batch=190/250 pseudo=3 loss=3.0151 sfseg=2.8139 seg=0.2806 mard=2.0711 λM=0.0457 DURR(dir/res/hall)=1.0643/0.0000/0.0000 λD=1.000 route=185 E/S=67/118 rescue=0 empty=1 hall=0/0 FG/HBG/EBG=24/192/960 grad=23.24
[E07] batch=200/250 pseudo=4 loss=4.9687 sfseg=4.7798 seg=0.3810 mard=2.0124 λM=0.0425 DURR(dir/res/hall)=1.0208/0.0069/0.0000 λD=1.000 route=60 E/S=23/37 rescue=1 empty=0 hall=0/0 FG/HBG/EBG=32/256/1280 grad=44.33
[E07] batch=210/250 pseudo=4 loss=14.1287 sfseg=13.8966 seg=0.8817 mard=1.9881 λM=0.0414 DURR(dir/res/hall)=1.4987/0.0000/0.0000 λD=1.000 route=257 E/S=60/197 rescue=0 empty=0 hall=0/0 FG/HBG/EBG=32/256/1280 grad=137.64
[E07] batch=220/250 pseudo=4 loss=6.2563 sfseg=6.0727 seg=0.3420 mard=2.0204 λM=0.0438 DURR(dir/res/hall)=0.9498/0.0000/0.0000 λD=1.000 route=217 E/S=93/124 rescue=0 empty=0 hall=0/0 FG/HBG/EBG=32/256/1280 grad=69.47
[E07] batch=230/250 pseudo=5 loss=5.4076 sfseg=5.2196 seg=0.3540 mard=2.1112 λM=0.0307 DURR(dir/res/hall)=1.2316/0.0000/0.0000 λD=1.000 route=318 E/S=17/301 rescue=0 empty=0 hall=0/0 FG/HBG/EBG=40/256/1280 grad=39.09
[E07] batch=240/250 pseudo=4 loss=15.6284 sfseg=15.4471 seg=1.2415 mard=2.0325 λM=0.0295 DURR(dir/res/hall)=1.2123/0.0000/0.0000 λD=1.000 route=422 E/S=208/214 rescue=0 empty=0 hall=0/0 FG/HBG/EBG=32/256/1280 grad=116.13
[E07] batch=250/250 pseudo=4 loss=7.7742 sfseg=7.5236 seg=0.6896 mard=2.0329 λM=0.0420 DURR(dir/res/hall)=1.6517/0.0000/0.0000 λD=1.000 route=209 E/S=71/138 rescue=0 empty=0 hall=0/0 FG/HBG/EBG=32/256/1280 grad=69.92

[Epoch 07] DONE time=67.2s valid=250 skipped=0 pseudo=1037 anchors=997 mask_extra=40 reject_rel=18 DURRmatch=971/4648 rescue=13 teacher_empty=47 hall=18/6531 loss=9.1007 sfseg=8.8624 mard=2.0237 dir=1.3122 res=0.0365 hallL=0.2248 route E/S=27558/50201
[E08] batch=001/250 pseudo=4 loss=7.2486 sfseg=7.0841 seg=0.6900 mard=2.0069 λM=0.0416 DURR(dir/res/hall)=0.8108/0.0000/0.0000 λD=1.000 route=283 E/S=49/234 rescue=0 empty=0 hall=0/0 FG/HBG/EBG=32/256/1280 grad=99.60
[E08] batch=010/250 pseudo=4 loss=6.7515 sfseg=6.5699 seg=0.4343 mard=2.0165 λM=0.0362 DURR(dir/res/hall)=1.0855/0.0000/0.0000 λD=1.000 route=334 E/S=174/160 rescue=0 empty=0 hall=0/0 FG/HBG/EBG=32/256/1280 grad=54.31
[E08] batch=020/250 pseudo=4 loss=15.2848 sfseg=15.1211 seg=0.8725 mard=1.9730 λM=0.0353 DURR(dir/res/hall)=0.9410/0.0000/0.0000 λD=1.000 route=202 E/S=122/80 rescue=0 empty=0 hall=0/0 FG/HBG/EBG=32/256/1280 grad=88.94
[E08] batch=030/250 pseudo=3 loss=5.7823 sfseg=5.5238 seg=0.4610 mard=2.0881 λM=0.0445 DURR(dir/res/hall)=1.6552/0.0000/0.0000 λD=1.000 route=221 E/S=119/102 rescue=0 empty=1 hall=0/0 FG/HBG/EBG=24/192/960 grad=51.72
[E08] batch=040/250 pseudo=4 loss=7.5005 sfseg=7.3044 seg=0.7927 mard=2.0643 λM=0.0446 DURR(dir/res/hall)=1.0405/0.0000/0.0000 λD=1.000 route=243 E/S=62/181 rescue=0 empty=0 hall=0/0 FG/HBG/EBG=32/256/1280 grad=191.91
[E08] batch=050/250 pseudo=4 loss=19.0814 sfseg=18.7929 seg=1.4117 mard=1.9970 λM=0.0441 DURR(dir/res/hall)=2.0028/0.0000/0.0000 λD=1.000 route=460 E/S=86/374 rescue=0 empty=0 hall=0/0 FG/HBG/EBG=32/256/1280 grad=332.20
[E08] batch=060/250 pseudo=5 loss=17.9573 sfseg=17.7710 seg=0.9609 mard=2.0378 λM=0.0402 DURR(dir/res/hall)=1.0443/0.0000/0.0000 λD=1.000 route=294 E/S=67/227 rescue=0 empty=0 hall=0/0 FG/HBG/EBG=40/320/1216 grad=124.90
[E08] batch=070/250 pseudo=3 loss=8.2945 sfseg=7.6675 seg=0.9061 mard=2.0219 λM=0.0350 DURR(dir/res/hall)=0.9428/0.0000/4.6198 λD=1.000 route=271 E/S=167/104 rescue=0 empty=1 hall=1/642 FG/HBG/EBG=24/192/960 grad=116.25
[E08] batch=080/250 pseudo=4 loss=9.1326 sfseg=8.9378 seg=0.7442 mard=2.0032 λM=0.0441 DURR(dir/res/hall)=1.0643/0.0000/0.0000 λD=1.000 route=172 E/S=34/138 rescue=0 empty=0 hall=0/0 FG/HBG/EBG=32/256/1280 grad=185.65
[E08] batch=090/250 pseudo=4 loss=5.0293 sfseg=4.8527 seg=0.4730 mard=2.0394 λM=0.0433 DURR(dir/res/hall)=0.8390/0.0216/0.0000 λD=1.000 route=28 E/S=19/9 rescue=1 empty=0 hall=0/0 FG/HBG/EBG=32/256/1280 grad=73.14
[E08] batch=100/250 pseudo=4 loss=4.8303 sfseg=4.6421 seg=0.4775 mard=2.0968 λM=0.0410 DURR(dir/res/hall)=1.0220/0.0000/0.0000 λD=1.000 route=251 E/S=180/71 rescue=0 empty=0 hall=0/0 FG/HBG/EBG=32/256/1280 grad=52.32
[E08] batch=110/250 pseudo=4 loss=3.0176 sfseg=2.7981 seg=0.1680 mard=2.0880 λM=0.0463 DURR(dir/res/hall)=1.2291/0.0000/0.0000 λD=1.000 route=230 E/S=66/164 rescue=0 empty=0 hall=0/0 FG/HBG/EBG=32/256/1280 grad=30.79
[E08] batch=120/250 pseudo=4 loss=13.6986 sfseg=13.4464 seg=1.0699 mard=2.0749 λM=0.0396 DURR(dir/res/hall)=1.6994/0.0000/0.0000 λD=1.000 route=404 E/S=70/334 rescue=0 empty=0 hall=0/0 FG/HBG/EBG=32/256/1280 grad=441.43
[E08] batch=130/250 pseudo=5 loss=15.8466 sfseg=15.6387 seg=1.4139 mard=2.0840 λM=0.0314 DURR(dir/res/hall)=1.4238/0.0000/0.0000 λD=1.000 route=944 E/S=101/843 rescue=0 empty=0 hall=0/0 FG/HBG/EBG=40/256/1280 grad=77.16
[E08] batch=140/250 pseudo=5 loss=10.8393 sfseg=10.2430 seg=1.1895 mard=2.0300 λM=0.0378 DURR(dir/res/hall)=0.9812/2.1075/0.0000 λD=1.000 route=259 E/S=88/171 rescue=1 empty=0 hall=0/0 FG/HBG/EBG=40/320/1216 grad=43.48
[E08] batch=150/250 pseudo=4 loss=5.7649 sfseg=5.6257 seg=0.4991 mard=2.0020 λM=0.0418 DURR(dir/res/hall)=0.5556/0.0000/0.0000 λD=1.000 route=278 E/S=53/225 rescue=0 empty=0 hall=0/0 FG/HBG/EBG=32/256/1280 grad=49.32
[E08] batch=160/250 pseudo=4 loss=11.9707 sfseg=11.6856 seg=0.6667 mard=2.0409 λM=0.0431 DURR(dir/res/hall)=1.9703/0.0000/0.0000 λD=1.000 route=294 E/S=192/102 rescue=0 empty=0 hall=0/0 FG/HBG/EBG=32/256/1280 grad=172.97
[E08] batch=170/250 pseudo=4 loss=4.9177 sfseg=4.7174 seg=0.4112 mard=1.9998 λM=0.0424 DURR(dir/res/hall)=1.1549/0.0000/0.0000 λD=1.000 route=209 E/S=116/93 rescue=0 empty=0 hall=0/0 FG/HBG/EBG=32/256/1280 grad=29.64
[E08] batch=180/250 pseudo=5 loss=7.6046 sfseg=7.3835 seg=0.5391 mard=1.9787 λM=0.0385 DURR(dir/res/hall)=1.4486/0.0000/0.0000 λD=1.000 route=790 E/S=239/551 rescue=0 empty=0 hall=0/0 FG/HBG/EBG=40/256/1280 grad=38.96
[E08] batch=190/250 pseudo=4 loss=10.9194 sfseg=10.7461 seg=0.5750 mard=2.0369 λM=0.0370 DURR(dir/res/hall)=0.9785/0.0000/0.0000 λD=1.000 route=383 E/S=122/261 rescue=0 empty=0 hall=0/0 FG/HBG/EBG=32/256/1280 grad=101.81
[E08] batch=200/250 pseudo=4 loss=15.2667 sfseg=15.0704 seg=0.7757 mard=2.0494 λM=0.0395 DURR(dir/res/hall)=1.1545/0.0000/0.0000 λD=1.000 route=145 E/S=14/131 rescue=0 empty=0 hall=0/0 FG/HBG/EBG=32/256/1280 grad=412.15
[E08] batch=210/250 pseudo=3 loss=2.7040 sfseg=2.5288 seg=0.2643 mard=2.0385 λM=0.0419 DURR(dir/res/hall)=0.8979/0.0000/0.0000 λD=1.000 route=45 E/S=18/27 rescue=0 empty=1 hall=0/0 FG/HBG/EBG=24/192/960 grad=36.91
[E08] batch=220/250 pseudo=5 loss=11.1996 sfseg=10.9549 seg=0.6244 mard=1.9811 λM=0.0402 DURR(dir/res/hall)=1.6512/0.0000/0.0000 λD=1.000 route=272 E/S=68/204 rescue=0 empty=0 hall=0/0 FG/HBG/EBG=40/320/1216 grad=61.21
[E08] batch=230/250 pseudo=3 loss=7.6919 sfseg=7.3965 seg=0.6666 mard=2.0666 λM=0.0301 DURR(dir/res/hall)=2.3312/0.0000/0.0000 λD=1.000 route=374 E/S=202/172 rescue=0 empty=1 hall=0/0 FG/HBG/EBG=24/192/960 grad=54.33
[E08] batch=240/250 pseudo=5 loss=6.6500 sfseg=6.4814 seg=0.3947 mard=2.0300 λM=0.0388 DURR(dir/res/hall)=0.8993/0.0000/0.0000 λD=1.000 route=402 E/S=131/271 rescue=0 empty=0 hall=0/0 FG/HBG/EBG=40/320/1216 grad=36.07
[E08] batch=250/250 pseudo=5 loss=5.0787 sfseg=4.8444 seg=0.3046 mard=2.1064 λM=0.0347 DURR(dir/res/hall)=1.6131/0.0000/0.0000 λD=1.000 route=437 E/S=217/220 rescue=0 empty=0 hall=0/0 FG/HBG/EBG=40/320/1216 grad=26.00

[Epoch 08] DONE time=66.8s valid=250 skipped=0 pseudo=1024 anchors=983 mask_extra=41 reject_rel=19 DURRmatch=956/4611 rescue=15 teacher_empty=49 hall=15/7441 loss=9.1533 sfseg=8.9096 mard=2.0250 dir=1.3452 res=0.0459 hallL=0.2194 route E/S=26620/49882
[E09] batch=001/250 pseudo=3 loss=6.3293 sfseg=6.0893 seg=0.6528 mard=2.0545 λM=0.0430 DURR(dir/res/hall)=1.5161/0.0000/0.0000 λD=1.000 route=257 E/S=71/186 rescue=0 empty=1 hall=0/0 FG/HBG/EBG=24/192/960 grad=58.13
[E09] batch=010/250 pseudo=4 loss=8.9255 sfseg=8.7186 seg=0.5651 mard=2.0006 λM=0.0354 DURR(dir/res/hall)=1.3611/0.0000/0.0000 λD=1.000 route=535 E/S=159/376 rescue=0 empty=0 hall=0/0 FG/HBG/EBG=32/256/1280 grad=81.90
[E09] batch=020/250 pseudo=4 loss=12.2514 sfseg=12.0605 seg=0.8313 mard=2.0398 λM=0.0402 DURR(dir/res/hall)=1.0878/0.0000/0.0000 λD=1.000 route=212 E/S=99/113 rescue=0 empty=0 hall=0/0 FG/HBG/EBG=32/256/1280 grad=52.83
[E09] batch=030/250 pseudo=3 loss=6.3153 sfseg=6.0436 seg=0.3872 mard=2.0072 λM=0.0428 DURR(dir/res/hall)=1.8573/0.0000/0.0001 λD=1.000 route=70 E/S=20/50 rescue=0 empty=1 hall=1/0 FG/HBG/EBG=24/192/960 grad=65.87
[E09] batch=040/250 pseudo=4 loss=7.4368 sfseg=7.2419 seg=0.4252 mard=2.0550 λM=0.0403 DURR(dir/res/hall)=1.1196/0.0000/0.0000 λD=1.000 route=270 E/S=127/143 rescue=0 empty=0 hall=0/0 FG/HBG/EBG=32/256/1280 grad=72.01
[E09] batch=050/250 pseudo=4 loss=9.8615 sfseg=9.6167 seg=0.6910 mard=2.1050 λM=0.0368 DURR(dir/res/hall)=1.6735/0.0000/0.0000 λD=1.000 route=530 E/S=162/368 rescue=0 empty=0 hall=0/0 FG/HBG/EBG=32/256/1280 grad=107.97
[E09] batch=060/250 pseudo=3 loss=3.3050 sfseg=3.1173 seg=0.3136 mard=2.0012 λM=0.0438 DURR(dir/res/hall)=1.0015/0.0000/0.0000 λD=1.000 route=108 E/S=62/46 rescue=0 empty=1 hall=0/0 FG/HBG/EBG=24/192/960 grad=69.88
[E09] batch=070/250 pseudo=5 loss=15.4686 sfseg=15.2795 seg=1.1544 mard=2.0103 λM=0.0365 DURR(dir/res/hall)=1.1574/0.0000/0.0000 λD=1.000 route=156 E/S=28/128 rescue=0 empty=0 hall=0/0 FG/HBG/EBG=40/320/1216 grad=201.96
[E09] batch=080/250 pseudo=4 loss=3.4914 sfseg=3.2622 seg=0.2682 mard=2.0693 λM=0.0452 DURR(dir/res/hall)=1.3573/0.0000/0.0000 λD=1.000 route=88 E/S=64/24 rescue=0 empty=0 hall=0/0 FG/HBG/EBG=32/256/1280 grad=25.37
[E09] batch=090/250 pseudo=3 loss=3.6442 sfseg=3.2857 seg=0.3271 mard=1.9839 λM=0.0443 DURR(dir/res/hall)=2.7054/0.0000/0.0000 λD=1.000 route=42 E/S=0/42 rescue=0 empty=1 hall=0/0 FG/HBG/EBG=24/192/960 grad=30.89
[E09] batch=100/250 pseudo=4 loss=8.7468 sfseg=8.5283 seg=0.8151 mard=1.9754 λM=0.0353 DURR(dir/res/hall)=1.4871/0.0000/0.0000 λD=1.000 route=306 E/S=78/228 rescue=0 empty=1 hall=0/0 FG/HBG/EBG=32/256/896 grad=43.45
[E09] batch=110/250 pseudo=5 loss=5.1603 sfseg=5.0044 seg=0.2661 mard=2.0149 λM=0.0363 DURR(dir/res/hall)=0.7557/0.0356/0.0000 λD=1.000 route=156 E/S=58/98 rescue=1 empty=0 hall=0/0 FG/HBG/EBG=40/320/1216 grad=62.10
[E09] batch=120/250 pseudo=4 loss=5.3331 sfseg=5.1248 seg=0.3352 mard=2.0619 λM=0.0455 DURR(dir/res/hall)=1.1460/0.0000/0.0000 λD=1.000 route=371 E/S=114/257 rescue=0 empty=0 hall=0/0 FG/HBG/EBG=32/256/1280 grad=42.05
[E09] batch=130/250 pseudo=5 loss=3.6042 sfseg=3.3995 seg=0.2661 mard=1.9961 λM=0.0443 DURR(dir/res/hall)=1.1618/0.0000/0.0000 λD=1.000 route=148 E/S=26/122 rescue=0 empty=0 hall=0/0 FG/HBG/EBG=40/320/1216 grad=31.09
[E09] batch=140/250 pseudo=5 loss=8.5078 sfseg=8.3154 seg=0.6059 mard=2.0809 λM=0.0400 DURR(dir/res/hall)=1.0919/0.0000/0.0000 λD=1.000 route=867 E/S=152/715 rescue=0 empty=0 hall=0/0 FG/HBG/EBG=40/320/1216 grad=125.93
[E09] batch=150/250 pseudo=4 loss=4.0729 sfseg=3.8947 seg=0.3167 mard=1.9972 λM=0.0415 DURR(dir/res/hall)=0.9534/0.0000/0.0000 λD=1.000 route=148 E/S=77/71 rescue=0 empty=0 hall=0/0 FG/HBG/EBG=32/256/1280 grad=35.36
[E09] batch=160/250 pseudo=4 loss=12.8961 sfseg=12.6810 seg=0.7795 mard=1.9959 λM=0.0360 DURR(dir/res/hall)=1.4322/0.0000/0.0000 λD=1.000 route=349 E/S=42/307 rescue=0 empty=0 hall=0/0 FG/HBG/EBG=32/256/1280 grad=69.51
[E09] batch=170/250 pseudo=5 loss=8.5214 sfseg=8.2981 seg=0.7543 mard=2.0568 λM=0.0446 DURR(dir/res/hall)=1.3158/0.0000/0.0000 λD=1.000 route=545 E/S=140/405 rescue=0 empty=0 hall=0/0 FG/HBG/EBG=40/320/1216 grad=80.06
[E09] batch=180/250 pseudo=5 loss=6.3627 sfseg=6.1581 seg=0.4335 mard=2.0056 λM=0.0426 DURR(dir/res/hall)=1.1913/0.0000/0.0000 λD=1.000 route=293 E/S=109/184 rescue=0 empty=0 hall=0/0 FG/HBG/EBG=40/256/1280 grad=55.26
[E09] batch=190/250 pseudo=4 loss=7.0716 sfseg=6.8816 seg=0.6311 mard=2.0434 λM=0.0436 DURR(dir/res/hall)=1.0098/0.0000/0.0000 λD=1.000 route=342 E/S=136/206 rescue=0 empty=0 hall=0/0 FG/HBG/EBG=32/256/1280 grad=109.86
[E09] batch=200/250 pseudo=4 loss=23.8477 sfseg=23.5767 seg=1.2315 mard=2.0035 λM=0.0413 DURR(dir/res/hall)=1.8823/0.0000/0.0000 λD=1.000 route=484 E/S=59/425 rescue=0 empty=0 hall=0/0 FG/HBG/EBG=32/256/1280 grad=88.01
[E09] batch=210/250 pseudo=3 loss=3.0194 sfseg=2.8412 seg=0.2802 mard=2.0104 λM=0.0388 DURR(dir/res/hall)=1.0005/0.0000/0.0000 λD=1.000 route=202 E/S=113/89 rescue=0 empty=1 hall=0/0 FG/HBG/EBG=24/192/960 grad=23.01
[E09] batch=220/250 pseudo=5 loss=19.6428 sfseg=19.4832 seg=0.8780 mard=1.9461 λM=0.0329 DURR(dir/res/hall)=0.9555/0.0000/0.0000 λD=1.000 route=96 E/S=78/18 rescue=0 empty=0 hall=0/0 FG/HBG/EBG=40/320/1216 grad=110.15
[E09] batch=230/250 pseudo=4 loss=17.5561 sfseg=17.2893 seg=2.0664 mard=2.0232 λM=0.0420 DURR(dir/res/hall)=1.8192/0.0000/0.0000 λD=1.000 route=475 E/S=81/394 rescue=0 empty=0 hall=0/0 FG/HBG/EBG=32/256/1280 grad=113.69
[E09] batch=240/250 pseudo=4 loss=9.5473 sfseg=9.3369 seg=0.7466 mard=2.0645 λM=0.0439 DURR(dir/res/hall)=1.1967/0.0000/0.0000 λD=1.000 route=413 E/S=189/224 rescue=0 empty=0 hall=0/0 FG/HBG/EBG=32/256/1280 grad=116.44
[E09] batch=250/250 pseudo=5 loss=12.2354 sfseg=11.9354 seg=0.5084 mard=2.0550 λM=0.0357 DURR(dir/res/hall)=2.2672/0.0000/0.0000 λD=1.000 route=240 E/S=124/116 rescue=0 empty=0 hall=0/0 FG/HBG/EBG=40/256/1280 grad=116.02

[Epoch 09] DONE time=67.1s valid=250 skipped=0 pseudo=1022 anchors=977 mask_extra=45 reject_rel=15 DURRmatch=954/4597 rescue=13 teacher_empty=53 hall=22/5737 loss=8.9217 sfseg=8.6818 mard=2.0278 dir=1.3305 res=0.0121 hallL=0.2560 route E/S=25204/50201
[E10] batch=001/250 pseudo=4 loss=3.7490 sfseg=3.5743 seg=0.2671 mard=2.0117 λM=0.0416 DURR(dir/res/hall)=0.9089/0.0000/0.0000 λD=1.000 route=157 E/S=119/38 rescue=0 empty=0 hall=0/0 FG/HBG/EBG=32/256/1280 grad=29.07
[E10] batch=010/250 pseudo=4 loss=5.1356 sfseg=4.9158 seg=0.5298 mard=2.0174 λM=0.0442 DURR(dir/res/hall)=1.3062/0.0000/0.0000 λD=1.000 route=237 E/S=162/75 rescue=0 empty=0 hall=0/0 FG/HBG/EBG=32/256/1280 grad=46.74
[E10] batch=020/250 pseudo=5 loss=9.5563 sfseg=9.3857 seg=0.4529 mard=2.0187 λM=0.0345 DURR(dir/res/hall)=1.0093/0.0000/0.0000 λD=1.000 route=330 E/S=79/251 rescue=0 empty=0 hall=0/0 FG/HBG/EBG=40/320/1216 grad=107.46
[E10] batch=030/250 pseudo=4 loss=13.3697 sfseg=13.1868 seg=1.0790 mard=2.0300 λM=0.0429 DURR(dir/res/hall)=0.9570/0.0000/0.0000 λD=1.000 route=301 E/S=58/243 rescue=0 empty=0 hall=0/0 FG/HBG/EBG=32/256/1280 grad=76.83
[E10] batch=040/250 pseudo=4 loss=30.8917 sfseg=30.6670 seg=1.7745 mard=2.1003 λM=0.0380 DURR(dir/res/hall)=1.4488/0.0000/0.0000 λD=1.000 route=897 E/S=301/596 rescue=0 empty=0 hall=0/0 FG/HBG/EBG=32/256/1280 grad=271.65
[E10] batch=050/250 pseudo=5 loss=14.5785 sfseg=14.4021 seg=0.6656 mard=2.0290 λM=0.0289 DURR(dir/res/hall)=1.1776/0.0000/0.0000 λD=1.000 route=442 E/S=105/337 rescue=0 empty=0 hall=0/0 FG/HBG/EBG=40/320/1216 grad=97.25
[E10] batch=060/250 pseudo=5 loss=14.3362 sfseg=14.0536 seg=1.0356 mard=2.0592 λM=0.0344 DURR(dir/res/hall)=0.6451/0.7363/0.0000 λD=1.000 route=228 E/S=13/215 rescue=1 empty=0 hall=0/0 FG/HBG/EBG=40/320/1216 grad=123.55
[E10] batch=070/250 pseudo=4 loss=3.7260 sfseg=3.5422 seg=0.2164 mard=2.0185 λM=0.0436 DURR(dir/res/hall)=0.9585/0.0000/0.0000 λD=1.000 route=187 E/S=50/137 rescue=0 empty=0 hall=0/0 FG/HBG/EBG=32/256/1280 grad=43.84
[E10] batch=080/250 pseudo=4 loss=7.6614 sfseg=7.4613 seg=0.3510 mard=2.0818 λM=0.0416 DURR(dir/res/hall)=1.1350/0.0000/0.0000 λD=1.000 route=300 E/S=135/165 rescue=0 empty=0 hall=0/0 FG/HBG/EBG=32/256/1280 grad=154.47
[E10] batch=090/250 pseudo=3 loss=7.6394 sfseg=7.0595 seg=0.5594 mard=2.0454 λM=0.0383 DURR(dir/res/hall)=0.9279/0.0000/4.0866 λD=1.000 route=463 E/S=180/283 rescue=0 empty=1 hall=1/704 FG/HBG/EBG=24/192/960 grad=43.98
[E10] batch=100/250 pseudo=5 loss=15.2278 sfseg=15.0704 seg=0.7710 mard=2.0652 λM=0.0223 DURR(dir/res/hall)=1.1135/0.0000/0.0000 λD=1.000 route=380 E/S=103/277 rescue=0 empty=0 hall=0/0 FG/HBG/EBG=40/256/1280 grad=105.18
[E10] batch=110/250 pseudo=5 loss=6.0890 sfseg=5.8626 seg=0.3811 mard=1.9979 λM=0.0368 DURR(dir/res/hall)=1.5294/0.0000/0.0000 λD=1.000 route=97 E/S=38/59 rescue=0 empty=0 hall=0/0 FG/HBG/EBG=40/256/1280 grad=42.58
[E10] batch=120/250 pseudo=4 loss=2.8766 sfseg=2.7106 seg=0.2297 mard=2.0681 λM=0.0439 DURR(dir/res/hall)=0.7517/0.0000/0.0000 λD=1.000 route=131 E/S=67/64 rescue=0 empty=0 hall=0/0 FG/HBG/EBG=32/256/1280 grad=20.52
[E10] batch=130/250 pseudo=4 loss=8.6205 sfseg=8.3495 seg=0.5894 mard=1.9937 λM=0.0449 DURR(dir/res/hall)=1.8149/0.0000/0.0000 λD=1.000 route=192 E/S=99/93 rescue=0 empty=0 hall=0/0 FG/HBG/EBG=32/256/1280 grad=89.28
[E10] batch=140/250 pseudo=4 loss=11.7717 sfseg=11.5585 seg=1.1791 mard=2.0983 λM=0.0415 DURR(dir/res/hall)=1.2605/0.0000/0.0000 λD=1.000 route=348 E/S=187/161 rescue=0 empty=0 hall=0/0 FG/HBG/EBG=32/256/1280 grad=81.17
[E10] batch=150/250 pseudo=4 loss=6.9925 sfseg=6.7156 seg=0.6027 mard=2.0130 λM=0.0405 DURR(dir/res/hall)=1.9539/0.0000/0.0000 λD=1.000 route=274 E/S=107/167 rescue=0 empty=0 hall=0/0 FG/HBG/EBG=32/256/1280 grad=47.96
[E10] batch=160/250 pseudo=4 loss=12.4220 sfseg=12.2360 seg=0.6108 mard=2.0131 λM=0.0389 DURR(dir/res/hall)=1.0761/0.0000/0.0000 λD=1.000 route=262 E/S=69/193 rescue=0 empty=0 hall=0/0 FG/HBG/EBG=32/256/1280 grad=155.01
[E10] batch=170/250 pseudo=3 loss=2.4023 sfseg=2.2399 seg=0.1992 mard=2.1383 λM=0.0455 DURR(dir/res/hall)=0.6500/0.0000/0.0000 λD=1.000 route=150 E/S=35/115 rescue=0 empty=1 hall=0/0 FG/HBG/EBG=24/192/960 grad=28.77
[E10] batch=180/250 pseudo=5 loss=6.5195 sfseg=6.3091 seg=0.5367 mard=2.0023 λM=0.0426 DURR(dir/res/hall)=1.2504/0.0000/0.0000 λD=1.000 route=132 E/S=44/88 rescue=0 empty=0 hall=0/0 FG/HBG/EBG=40/256/1280 grad=66.21
[E10] batch=190/250 pseudo=4 loss=9.4476 sfseg=9.2569 seg=0.6773 mard=2.0399 λM=0.0375 DURR(dir/res/hall)=1.1421/0.0000/0.0000 λD=1.000 route=471 E/S=36/435 rescue=0 empty=0 hall=0/0 FG/HBG/EBG=32/256/1280 grad=132.28
[E10] batch=200/250 pseudo=4 loss=9.9745 sfseg=9.8283 seg=0.6315 mard=2.0231 λM=0.0323 DURR(dir/res/hall)=0.8090/0.0000/0.0000 λD=1.000 route=120 E/S=38/82 rescue=0 empty=0 hall=0/0 FG/HBG/EBG=32/256/1280 grad=139.18
[E10] batch=210/250 pseudo=5 loss=11.4875 sfseg=11.3034 seg=1.2668 mard=2.0179 λM=0.0331 DURR(dir/res/hall)=1.1728/0.0000/0.0000 λD=1.000 route=533 E/S=160/373 rescue=0 empty=0 hall=0/0 FG/HBG/EBG=40/256/1280 grad=232.65
[E10] batch=220/250 pseudo=5 loss=10.4732 sfseg=10.3233 seg=0.6721 mard=2.0668 λM=0.0345 DURR(dir/res/hall)=0.7863/0.0000/0.0000 λD=1.000 route=549 E/S=188/361 rescue=0 empty=0 hall=0/0 FG/HBG/EBG=40/256/1280 grad=97.46
[E10] batch=230/250 pseudo=5 loss=5.5657 sfseg=5.3356 seg=0.4180 mard=2.0047 λM=0.0429 DURR(dir/res/hall)=1.4422/0.0000/0.0000 λD=1.000 route=291 E/S=68/223 rescue=0 empty=0 hall=0/0 FG/HBG/EBG=40/256/1280 grad=97.76
[E10] batch=240/250 pseudo=4 loss=8.2600 sfseg=7.9900 seg=0.5344 mard=2.0922 λM=0.0381 DURR(dir/res/hall)=1.9021/0.0000/0.0000 λD=1.000 route=343 E/S=114/229 rescue=0 empty=0 hall=0/0 FG/HBG/EBG=32/256/1280 grad=56.68
[E10] batch=250/250 pseudo=4 loss=5.3442 sfseg=5.1818 seg=0.4786 mard=2.0072 λM=0.0411 DURR(dir/res/hall)=0.7988/0.0000/0.0000 λD=1.000 route=290 E/S=138/152 rescue=0 empty=0 hall=0/0 FG/HBG/EBG=32/256/1280 grad=42.16

[Epoch 10] DONE time=66.9s valid=250 skipped=0 pseudo=1035 anchors=994 mask_extra=41 reject_rel=22 DURRmatch=966/4656 rescue=14 teacher_empty=47 hall=18/5774 loss=8.7316 sfseg=8.5009 mard=2.0268 dir=1.3100 res=0.0119 hallL=0.1965 route E/S=26818/49103
[SAVE Student] /home/dang/MedRT-SFOD/runs/seg/dense_sfseg/kvasir_durr_v1_segmard_v2_60ep/checkpoints/durr_student_epoch_10.pt
[SAVE Teacher] /home/dang/MedRT-SFOD/runs/seg/dense_sfseg/kvasir_durr_v1_segmard_v2_60ep/checkpoints/durr_teacher_ema_epoch_10.pt
[E11] batch=001/250 pseudo=4 loss=20.9821 sfseg=20.7617 seg=2.3831 mard=2.0089 λM=0.0422 DURR(dir/res/hall)=1.3573/0.0000/0.0000 λD=1.000 route=320 E/S=143/177 rescue=0 empty=0 hall=0/0 FG/HBG/EBG=32/256/1280 grad=138.03
[E11] batch=010/250 pseudo=5 loss=11.1169 sfseg=10.8497 seg=0.6233 mard=2.0437 λM=0.0383 DURR(dir/res/hall)=1.4102/0.2401/0.0000 λD=1.000 route=518 E/S=127/391 rescue=1 empty=0 hall=0/0 FG/HBG/EBG=40/256/1280 grad=77.40
[E11] batch=020/250 pseudo=4 loss=3.1600 sfseg=2.8924 seg=0.2249 mard=1.9743 λM=0.0449 DURR(dir/res/hall)=1.7903/0.0000/0.0000 λD=1.000 route=89 E/S=57/32 rescue=0 empty=0 hall=0/0 FG/HBG/EBG=32/256/1280 grad=22.21
[E11] batch=030/250 pseudo=4 loss=16.1909 sfseg=15.9810 seg=0.9231 mard=2.0393 λM=0.0421 DURR(dir/res/hall)=1.2390/0.0000/0.0000 λD=1.000 route=219 E/S=90/129 rescue=0 empty=0 hall=0/0 FG/HBG/EBG=32/256/1280 grad=159.28
[E11] batch=040/250 pseudo=4 loss=4.7287 sfseg=4.5722 seg=0.4870 mard=2.0206 λM=0.0350 DURR(dir/res/hall)=0.8570/0.0000/0.0000 λD=1.000 route=233 E/S=4/229 rescue=0 empty=1 hall=0/0 FG/HBG/EBG=32/192/960 grad=29.06
[E11] batch=050/250 pseudo=5 loss=12.6112 sfseg=12.4083 seg=0.9529 mard=2.0547 λM=0.0312 DURR(dir/res/hall)=1.3865/0.0000/0.0000 λD=1.000 route=412 E/S=151/261 rescue=0 empty=0 hall=0/0 FG/HBG/EBG=40/256/1280 grad=76.23
[E11] batch=060/250 pseudo=4 loss=6.1417 sfseg=5.9464 seg=0.6045 mard=2.0197 λM=0.0445 DURR(dir/res/hall)=1.0542/0.0000/0.0000 λD=1.000 route=108 E/S=41/67 rescue=0 empty=0 hall=0/0 FG/HBG/EBG=32/256/1280 grad=109.44
[E11] batch=070/250 pseudo=5 loss=15.1743 sfseg=15.0030 seg=0.7000 mard=2.0497 λM=0.0305 DURR(dir/res/hall)=0.9516/0.0689/0.0000 λD=1.000 route=387 E/S=59/328 rescue=1 empty=0 hall=0/0 FG/HBG/EBG=40/256/1280 grad=254.82
[E11] batch=080/250 pseudo=4 loss=5.3890 sfseg=5.2124 seg=0.2456 mard=2.0310 λM=0.0387 DURR(dir/res/hall)=0.9430/0.0186/0.0000 λD=1.000 route=41 E/S=16/25 rescue=1 empty=0 hall=0/0 FG/HBG/EBG=32/256/1280 grad=66.50
[E11] batch=090/250 pseudo=4 loss=8.3395 sfseg=8.1221 seg=0.7000 mard=1.9928 λM=0.0344 DURR(dir/res/hall)=1.4878/0.0000/0.0000 λD=1.000 route=57 E/S=30/27 rescue=0 empty=0 hall=0/0 FG/HBG/EBG=32/256/1280 grad=220.33
[E11] batch=100/250 pseudo=4 loss=7.0280 sfseg=6.7848 seg=0.5536 mard=2.0424 λM=0.0429 DURR(dir/res/hall)=1.5560/0.0000/0.0000 λD=1.000 route=189 E/S=34/155 rescue=0 empty=0 hall=0/0 FG/HBG/EBG=32/256/1280 grad=63.63
[E11] batch=110/250 pseudo=4 loss=3.7550 sfseg=3.5605 seg=0.3076 mard=2.0456 λM=0.0439 DURR(dir/res/hall)=1.0464/0.0000/0.0000 λD=1.000 route=190 E/S=63/127 rescue=0 empty=0 hall=0/0 FG/HBG/EBG=32/256/1280 grad=34.30
[E11] batch=120/250 pseudo=4 loss=5.2836 sfseg=5.1068 seg=0.3198 mard=1.9767 λM=0.0375 DURR(dir/res/hall)=1.0257/0.0000/0.0000 λD=1.000 route=251 E/S=198/53 rescue=0 empty=0 hall=0/0 FG/HBG/EBG=32/256/1280 grad=62.27
[E11] batch=130/250 pseudo=4 loss=5.4732 sfseg=5.2591 seg=0.3872 mard=1.9848 λM=0.0357 DURR(dir/res/hall)=1.4322/0.0000/0.0000 λD=1.000 route=228 E/S=110/118 rescue=0 empty=0 hall=0/0 FG/HBG/EBG=32/256/1280 grad=51.22
[E11] batch=140/250 pseudo=4 loss=5.9484 sfseg=5.7700 seg=0.5689 mard=2.0178 λM=0.0413 DURR(dir/res/hall)=0.9513/0.0000/0.0000 λD=1.000 route=469 E/S=167/302 rescue=0 empty=0 hall=0/0 FG/HBG/EBG=32/256/1280 grad=80.31
[E11] batch=150/250 pseudo=3 loss=5.4601 sfseg=4.7754 seg=0.3953 mard=1.9597 λM=0.0418 DURR(dir/res/hall)=1.3362/0.0000/4.6911 λD=1.000 route=135 E/S=32/103 rescue=0 empty=1 hall=1/589 FG/HBG/EBG=24/192/960 grad=86.65
[E11] batch=160/250 pseudo=4 loss=5.6282 sfseg=5.4267 seg=0.4264 mard=1.9878 λM=0.0440 DURR(dir/res/hall)=1.1407/0.0000/0.0000 λD=1.000 route=200 E/S=67/133 rescue=0 empty=0 hall=0/0 FG/HBG/EBG=32/256/1280 grad=49.41
[E11] batch=170/250 pseudo=5 loss=9.5341 sfseg=9.3712 seg=0.8048 mard=2.0283 λM=0.0290 DURR(dir/res/hall)=1.0409/0.0000/0.0000 λD=1.000 route=575 E/S=246/329 rescue=0 empty=0 hall=0/0 FG/HBG/EBG=40/256/1280 grad=75.54
[E11] batch=180/250 pseudo=4 loss=3.7824 sfseg=3.6000 seg=0.2839 mard=2.0768 λM=0.0454 DURR(dir/res/hall)=0.8810/0.0000/0.0000 λD=1.000 route=87 E/S=19/68 rescue=0 empty=0 hall=0/0 FG/HBG/EBG=32/256/1280 grad=78.80
[E11] batch=190/250 pseudo=3 loss=5.4088 sfseg=5.1862 seg=1.0862 mard=1.9908 λM=0.0456 DURR(dir/res/hall)=1.3184/0.0000/0.0000 λD=1.000 route=99 E/S=13/86 rescue=0 empty=1 hall=0/0 FG/HBG/EBG=24/192/960 grad=84.59
[E11] batch=200/250 pseudo=5 loss=6.4162 sfseg=6.2168 seg=0.4916 mard=2.0843 λM=0.0359 DURR(dir/res/hall)=1.2454/0.0000/0.0000 λD=1.000 route=187 E/S=82/105 rescue=0 empty=0 hall=0/0 FG/HBG/EBG=40/256/1280 grad=30.37
[E11] batch=210/250 pseudo=5 loss=7.0878 sfseg=6.9185 seg=0.4032 mard=2.0346 λM=0.0316 DURR(dir/res/hall)=1.0490/0.0000/0.0000 λD=1.000 route=130 E/S=79/51 rescue=0 empty=0 hall=0/0 FG/HBG/EBG=40/256/1280 grad=64.30
[E11] batch=220/250 pseudo=5 loss=9.8349 sfseg=9.6446 seg=0.4564 mard=2.0731 λM=0.0335 DURR(dir/res/hall)=1.2096/0.0000/0.0000 λD=1.000 route=144 E/S=108/36 rescue=0 empty=0 hall=0/0 FG/HBG/EBG=40/320/1216 grad=101.82
[E11] batch=230/250 pseudo=5 loss=14.6971 sfseg=14.4807 seg=1.7528 mard=2.0908 λM=0.0308 DURR(dir/res/hall)=1.5193/0.0000/0.0000 λD=1.000 route=326 E/S=182/144 rescue=0 empty=1 hall=0/0 FG/HBG/EBG=40/256/896 grad=62.46
[E11] batch=240/250 pseudo=4 loss=5.7973 sfseg=5.5815 seg=0.2885 mard=1.9917 λM=0.0394 DURR(dir/res/hall)=1.3727/0.0000/0.0000 λD=1.000 route=324 E/S=85/239 rescue=0 empty=0 hall=0/0 FG/HBG/EBG=32/256/1280 grad=30.58
[E11] batch=250/250 pseudo=4 loss=5.9412 sfseg=5.6702 seg=0.6037 mard=1.9468 λM=0.0366 DURR(dir/res/hall)=1.9973/0.0000/0.0000 λD=1.000 route=69 E/S=19/50 rescue=0 empty=0 hall=0/0 FG/HBG/EBG=32/256/1280 grad=35.42

[Epoch 11] DONE time=67.4s valid=250 skipped=0 pseudo=1029 anchors=992 mask_extra=37 reject_rel=18 DURRmatch=960/4645 rescue=11 teacher_empty=51 hall=23/7223 loss=9.0497 sfseg=8.8017 mard=2.0258 dir=1.3799 res=0.0314 hallL=0.2506 route E/S=26818/52384
[E12] batch=001/250 pseudo=3 loss=3.9889 sfseg=3.7758 seg=0.4618 mard=2.1118 λM=0.0454 DURR(dir/res/hall)=1.1721/0.0000/0.0000 λD=1.000 route=88 E/S=37/51 rescue=0 empty=1 hall=0/0 FG/HBG/EBG=24/192/960 grad=59.93
[E12] batch=010/250 pseudo=3 loss=2.3577 sfseg=2.1138 seg=0.2033 mard=2.0128 λM=0.0389 DURR(dir/res/hall)=1.6566/0.0000/0.0000 λD=1.000 route=58 E/S=41/17 rescue=0 empty=1 hall=1/0 FG/HBG/EBG=24/192/960 grad=33.18
[E12] batch=020/250 pseudo=4 loss=14.6974 sfseg=14.5229 seg=1.3937 mard=2.0004 λM=0.0330 DURR(dir/res/hall)=1.0855/0.0000/0.0000 λD=1.000 route=207 E/S=97/110 rescue=0 empty=0 hall=0/0 FG/HBG/EBG=32/256/1280 grad=353.98
[E12] batch=030/250 pseudo=4 loss=6.0911 sfseg=5.8449 seg=0.3072 mard=2.0970 λM=0.0444 DURR(dir/res/hall)=1.5310/0.0000/0.0000 λD=1.000 route=127 E/S=48/79 rescue=0 empty=0 hall=0/0 FG/HBG/EBG=32/256/1280 grad=42.67
[E12] batch=040/250 pseudo=4 loss=21.0639 sfseg=20.9208 seg=1.1748 mard=2.0650 λM=0.0248 DURR(dir/res/hall)=0.9185/0.0000/0.0000 λD=1.000 route=21 E/S=19/2 rescue=0 empty=0 hall=0/0 FG/HBG/EBG=32/256/1280 grad=130.64
[E12] batch=050/250 pseudo=4 loss=4.4642 sfseg=4.3115 seg=0.4192 mard=2.0208 λM=0.0404 DURR(dir/res/hall)=0.7094/0.0000/0.0003 λD=1.000 route=179 E/S=21/158 rescue=0 empty=1 hall=1/0 FG/HBG/EBG=32/256/896 grad=43.14
[E12] batch=060/250 pseudo=3 loss=4.8331 sfseg=4.5629 seg=0.5324 mard=1.9887 λM=0.0402 DURR(dir/res/hall)=1.1377/0.3825/0.0000 λD=1.000 route=68 E/S=55/13 rescue=1 empty=1 hall=0/0 FG/HBG/EBG=24/192/960 grad=32.75
[E12] batch=070/250 pseudo=5 loss=10.9934 sfseg=10.8326 seg=0.4544 mard=2.0177 λM=0.0292 DURR(dir/res/hall)=1.0195/0.0000/0.0000 λD=1.000 route=257 E/S=81/176 rescue=0 empty=0 hall=0/0 FG/HBG/EBG=40/320/1216 grad=181.23
[E12] batch=080/250 pseudo=3 loss=6.7084 sfseg=6.0095 seg=0.6809 mard=2.0256 λM=0.0390 DURR(dir/res/hall)=1.1430/0.0000/5.0560 λD=1.000 route=123 E/S=18/105 rescue=0 empty=1 hall=1/790 FG/HBG/EBG=24/192/960 grad=59.79
[E12] batch=090/250 pseudo=4 loss=16.7481 sfseg=16.5485 seg=0.5277 mard=2.0025 λM=0.0340 DURR(dir/res/hall)=1.3150/0.0000/0.0000 λD=1.000 route=344 E/S=65/279 rescue=0 empty=0 hall=0/0 FG/HBG/EBG=32/256/1280 grad=93.58
[E12] batch=100/250 pseudo=4 loss=8.4986 sfseg=8.2163 seg=0.4666 mard=1.9274 λM=0.0432 DURR(dir/res/hall)=1.9897/0.0000/0.0000 λD=1.000 route=157 E/S=48/109 rescue=0 empty=0 hall=0/0 FG/HBG/EBG=32/256/1280 grad=70.89
[E12] batch=110/250 pseudo=4 loss=3.7622 sfseg=3.5702 seg=0.2320 mard=2.0200 λM=0.0450 DURR(dir/res/hall)=1.0117/0.0000/0.0000 λD=1.000 route=263 E/S=37/226 rescue=0 empty=0 hall=0/0 FG/HBG/EBG=32/256/1280 grad=69.95
[E12] batch=120/250 pseudo=4 loss=12.8281 sfseg=12.6502 seg=1.1025 mard=2.0201 λM=0.0388 DURR(dir/res/hall)=0.9955/0.0000/0.0000 λD=1.000 route=553 E/S=140/413 rescue=0 empty=0 hall=0/0 FG/HBG/EBG=32/256/1280 grad=116.34
[E12] batch=130/250 pseudo=4 loss=3.7814 sfseg=3.5479 seg=0.3463 mard=2.0210 λM=0.0437 DURR(dir/res/hall)=1.4525/0.0000/0.0000 λD=1.000 route=82 E/S=17/65 rescue=0 empty=0 hall=0/0 FG/HBG/EBG=32/256/1280 grad=26.18
[E12] batch=140/250 pseudo=5 loss=3.7468 sfseg=3.5400 seg=0.2987 mard=2.0317 λM=0.0435 DURR(dir/res/hall)=1.1833/0.0000/0.0000 λD=1.000 route=285 E/S=76/209 rescue=0 empty=0 hall=0/0 FG/HBG/EBG=40/320/1216 grad=29.41
[E12] batch=150/250 pseudo=4 loss=6.1303 sfseg=5.9762 seg=0.4863 mard=2.0349 λM=0.0316 DURR(dir/res/hall)=0.8981/0.0000/0.0000 λD=1.000 route=469 E/S=144/325 rescue=0 empty=0 hall=0/0 FG/HBG/EBG=32/256/1280 grad=34.90
[E12] batch=160/250 pseudo=5 loss=19.0540 sfseg=18.8959 seg=0.5234 mard=2.0030 λM=0.0258 DURR(dir/res/hall)=1.0647/0.0000/0.0000 λD=1.000 route=425 E/S=91/334 rescue=0 empty=0 hall=0/0 FG/HBG/EBG=40/320/1216 grad=188.58
[E12] batch=170/250 pseudo=4 loss=4.4491 sfseg=4.2555 seg=0.4098 mard=2.0279 λM=0.0433 DURR(dir/res/hall)=1.0583/0.0000/0.0000 λD=1.000 route=177 E/S=98/79 rescue=0 empty=0 hall=0/0 FG/HBG/EBG=32/256/1280 grad=42.35
[E12] batch=180/250 pseudo=4 loss=5.0979 sfseg=4.9194 seg=0.2841 mard=2.0202 λM=0.0430 DURR(dir/res/hall)=0.9168/0.0000/0.0000 λD=1.000 route=473 E/S=98/375 rescue=0 empty=0 hall=0/0 FG/HBG/EBG=32/256/1280 grad=30.57
[E12] batch=190/250 pseudo=4 loss=5.5361 sfseg=5.3290 seg=0.3708 mard=1.9854 λM=0.0404 DURR(dir/res/hall)=1.2678/0.0000/0.0000 λD=1.000 route=195 E/S=83/112 rescue=0 empty=0 hall=0/0 FG/HBG/EBG=32/256/1280 grad=98.65
[E12] batch=200/250 pseudo=4 loss=5.8305 sfseg=5.6416 seg=0.4667 mard=2.0143 λM=0.0441 DURR(dir/res/hall)=0.9999/0.0000/0.0000 λD=1.000 route=276 E/S=54/222 rescue=0 empty=0 hall=0/0 FG/HBG/EBG=32/256/1280 grad=77.96
[E12] batch=210/250 pseudo=4 loss=4.0851 sfseg=3.8924 seg=0.2261 mard=2.0296 λM=0.0428 DURR(dir/res/hall)=1.0583/0.0000/0.0000 λD=1.000 route=135 E/S=76/59 rescue=0 empty=0 hall=0/0 FG/HBG/EBG=32/256/1280 grad=34.40
[E12] batch=220/250 pseudo=4 loss=3.3752 sfseg=3.1794 seg=0.2805 mard=2.0116 λM=0.0407 DURR(dir/res/hall)=1.1392/0.0000/0.0000 λD=1.000 route=341 E/S=108/233 rescue=0 empty=0 hall=0/0 FG/HBG/EBG=32/256/1280 grad=24.43
[E12] batch=230/250 pseudo=3 loss=13.9256 sfseg=13.7263 seg=0.6701 mard=2.0102 λM=0.0423 DURR(dir/res/hall)=1.0937/0.0239/0.0000 λD=1.000 route=128 E/S=12/116 rescue=1 empty=1 hall=0/0 FG/HBG/EBG=24/192/960 grad=114.79
[E12] batch=240/250 pseudo=4 loss=10.3611 sfseg=10.1405 seg=0.7486 mard=2.0691 λM=0.0415 DURR(dir/res/hall)=1.3479/0.0000/0.0000 λD=1.000 route=419 E/S=256/163 rescue=0 empty=0 hall=0/0 FG/HBG/EBG=32/256/1280 grad=44.91
[E12] batch=250/250 pseudo=4 loss=5.5765 sfseg=5.3511 seg=0.5351 mard=2.0381 λM=0.0432 DURR(dir/res/hall)=1.2460/0.0639/0.0000 λD=1.000 route=182 E/S=24/158 rescue=1 empty=0 hall=0/0 FG/HBG/EBG=32/256/1280 grad=56.37

[Epoch 12] DONE time=67.8s valid=250 skipped=0 pseudo=1024 anchors=981 mask_extra=43 reject_rel=22 DURRmatch=948/4594 rescue=11 teacher_empty=48 hall=17/2864 loss=8.4392 sfseg=8.2149 mard=2.0266 dir=1.2929 res=0.0083 hallL=0.1552 route E/S=24625/48865
[E13] batch=001/250 pseudo=4 loss=13.3068 sfseg=13.1021 seg=0.5695 mard=2.0481 λM=0.0424 DURR(dir/res/hall)=1.1782/0.0000/0.0000 λD=1.000 route=639 E/S=97/542 rescue=0 empty=0 hall=0/0 FG/HBG/EBG=32/256/1280 grad=201.29
[E13] batch=010/250 pseudo=3 loss=4.6925 sfseg=4.5088 seg=0.3531 mard=2.0753 λM=0.0416 DURR(dir/res/hall)=0.9733/0.0000/0.0000 λD=1.000 route=275 E/S=160/115 rescue=0 empty=1 hall=0/0 FG/HBG/EBG=24/192/960 grad=58.18
[E13] batch=020/250 pseudo=7 loss=13.2180 sfseg=13.0112 seg=1.4247 mard=1.9964 λM=0.0278 DURR(dir/res/hall)=1.5138/0.0000/0.0000 λD=1.000 route=938 E/S=558/380 rescue=0 empty=0 hall=0/0 FG/HBG/EBG=56/320/1216 grad=131.43
[E13] batch=030/250 pseudo=4 loss=5.3674 sfseg=5.1944 seg=0.6309 mard=2.0955 λM=0.0438 DURR(dir/res/hall)=0.7072/0.0530/0.0000 λD=1.000 route=106 E/S=20/86 rescue=1 empty=0 hall=0/0 FG/HBG/EBG=32/256/1280 grad=50.74
[E13] batch=040/250 pseudo=5 loss=6.5149 sfseg=6.3688 seg=0.4840 mard=2.0269 λM=0.0348 DURR(dir/res/hall)=0.7560/0.0000/0.0000 λD=1.000 route=193 E/S=55/138 rescue=0 empty=0 hall=0/0 FG/HBG/EBG=40/256/1280 grad=97.84
[E13] batch=050/250 pseudo=5 loss=9.3172 sfseg=9.1357 seg=0.6515 mard=2.0019 λM=0.0386 DURR(dir/res/hall)=1.0424/0.0000/0.0000 λD=1.000 route=548 E/S=243/305 rescue=0 empty=0 hall=0/0 FG/HBG/EBG=40/320/1216 grad=94.24
[E13] batch=060/250 pseudo=4 loss=5.3406 sfseg=5.1766 seg=0.3839 mard=2.0819 λM=0.0373 DURR(dir/res/hall)=0.8644/0.0000/0.0000 λD=1.000 route=403 E/S=242/161 rescue=0 empty=0 hall=0/0 FG/HBG/EBG=32/256/1280 grad=49.56
[E13] batch=070/250 pseudo=4 loss=4.0178 sfseg=3.7930 seg=0.2038 mard=2.0223 λM=0.0443 DURR(dir/res/hall)=1.3514/0.0000/0.0000 λD=1.000 route=176 E/S=52/124 rescue=0 empty=0 hall=0/0 FG/HBG/EBG=32/256/1280 grad=73.85
[E13] batch=080/250 pseudo=4 loss=5.7724 sfseg=5.5162 seg=0.2263 mard=2.0031 λM=0.0439 DURR(dir/res/hall)=1.6814/0.0000/0.0000 λD=1.000 route=250 E/S=54/196 rescue=0 empty=0 hall=0/0 FG/HBG/EBG=32/256/1280 grad=68.68
[E13] batch=090/250 pseudo=5 loss=10.7636 sfseg=10.5076 seg=0.9098 mard=2.0972 λM=0.0296 DURR(dir/res/hall)=1.9405/0.0000/0.0000 λD=1.000 route=579 E/S=148/431 rescue=0 empty=0 hall=0/0 FG/HBG/EBG=40/256/1280 grad=68.03
[E13] batch=100/250 pseudo=3 loss=3.0355 sfseg=2.6275 seg=0.2896 mard=2.0281 λM=0.0442 DURR(dir/res/hall)=0.7744/0.0000/2.4091 λD=1.000 route=234 E/S=115/119 rescue=0 empty=1 hall=1/75 FG/HBG/EBG=24/192/960 grad=26.49
[E13] batch=110/250 pseudo=4 loss=3.9456 sfseg=3.7168 seg=0.2810 mard=1.9536 λM=0.0430 DURR(dir/res/hall)=1.4470/0.0000/0.0000 λD=1.000 route=158 E/S=59/99 rescue=0 empty=0 hall=0/0 FG/HBG/EBG=32/256/1280 grad=23.79
[E13] batch=120/250 pseudo=4 loss=4.5042 sfseg=4.2992 seg=0.3751 mard=2.0018 λM=0.0393 DURR(dir/res/hall)=1.2631/0.0000/0.0000 λD=1.000 route=161 E/S=98/63 rescue=0 empty=0 hall=0/0 FG/HBG/EBG=32/256/1280 grad=27.71
[E13] batch=130/250 pseudo=4 loss=5.6330 sfseg=5.3403 seg=0.5529 mard=2.0199 λM=0.0431 DURR(dir/res/hall)=2.0574/0.0000/0.0000 λD=1.000 route=206 E/S=74/132 rescue=0 empty=0 hall=0/0 FG/HBG/EBG=32/256/1280 grad=110.70
[E13] batch=140/250 pseudo=4 loss=3.0879 sfseg=2.9293 seg=0.2734 mard=2.0690 λM=0.0454 DURR(dir/res/hall)=0.6466/0.0000/0.0000 λD=1.000 route=90 E/S=9/81 rescue=0 empty=0 hall=0/0 FG/HBG/EBG=32/256/1280 grad=24.89
[E13] batch=150/250 pseudo=5 loss=13.4368 sfseg=13.2591 seg=0.8579 mard=2.0143 λM=0.0211 DURR(dir/res/hall)=1.3510/0.0000/0.0000 λD=1.000 route=278 E/S=163/115 rescue=0 empty=0 hall=0/0 FG/HBG/EBG=40/256/1280 grad=134.62
[E13] batch=160/250 pseudo=5 loss=13.1529 sfseg=12.9544 seg=1.2245 mard=2.0461 λM=0.0401 DURR(dir/res/hall)=1.1648/0.0000/0.0000 λD=1.000 route=477 E/S=239/238 rescue=0 empty=0 hall=0/0 FG/HBG/EBG=40/256/1280 grad=154.90
[E13] batch=170/250 pseudo=4 loss=4.3230 sfseg=4.1451 seg=0.3241 mard=2.0074 λM=0.0447 DURR(dir/res/hall)=0.8814/0.0000/0.0000 λD=1.000 route=344 E/S=109/235 rescue=0 empty=0 hall=0/0 FG/HBG/EBG=32/256/1280 grad=38.07
[E13] batch=180/250 pseudo=4 loss=5.6970 sfseg=5.4644 seg=0.3880 mard=2.0456 λM=0.0305 DURR(dir/res/hall)=1.7016/0.0000/0.0000 λD=1.000 route=160 E/S=120/40 rescue=0 empty=0 hall=0/0 FG/HBG/EBG=32/256/1280 grad=158.47
[E13] batch=190/250 pseudo=4 loss=4.9205 sfseg=4.7709 seg=0.2616 mard=2.0104 λM=0.0335 DURR(dir/res/hall)=0.8230/0.0000/0.0000 λD=1.000 route=284 E/S=46/238 rescue=0 empty=0 hall=0/0 FG/HBG/EBG=32/256/1280 grad=60.67
[E13] batch=200/250 pseudo=3 loss=2.6573 sfseg=2.4799 seg=0.2570 mard=2.0037 λM=0.0447 DURR(dir/res/hall)=0.8783/0.0000/0.0000 λD=1.000 route=117 E/S=66/51 rescue=0 empty=1 hall=0/0 FG/HBG/EBG=24/192/960 grad=25.09
[E13] batch=210/250 pseudo=4 loss=7.3866 sfseg=7.1475 seg=1.0775 mard=2.0203 λM=0.0303 DURR(dir/res/hall)=1.7792/0.0000/0.0000 λD=1.000 route=172 E/S=87/85 rescue=0 empty=1 hall=0/0 FG/HBG/EBG=32/256/896 grad=76.51
[E13] batch=220/250 pseudo=5 loss=6.0280 sfseg=5.7864 seg=0.5034 mard=2.0640 λM=0.0420 DURR(dir/res/hall)=1.5483/0.0000/0.0000 λD=1.000 route=224 E/S=79/145 rescue=0 empty=0 hall=0/0 FG/HBG/EBG=40/320/1216 grad=35.76
[E13] batch=230/250 pseudo=4 loss=6.5523 sfseg=6.3909 seg=0.4090 mard=2.0279 λM=0.0432 DURR(dir/res/hall)=0.7389/0.0000/0.0000 λD=1.000 route=157 E/S=90/67 rescue=0 empty=0 hall=0/0 FG/HBG/EBG=32/256/1280 grad=54.69
[E13] batch=240/250 pseudo=4 loss=6.4883 sfseg=6.3049 seg=0.4994 mard=2.0073 λM=0.0437 DURR(dir/res/hall)=0.9563/0.0000/0.0000 λD=1.000 route=362 E/S=161/201 rescue=0 empty=0 hall=0/0 FG/HBG/EBG=32/256/1280 grad=41.05
[E13] batch=250/250 pseudo=4 loss=4.8932 sfseg=4.7167 seg=0.5267 mard=2.0307 λM=0.0455 DURR(dir/res/hall)=0.8418/0.0000/0.0000 λD=1.000 route=112 E/S=46/66 rescue=0 empty=0 hall=0/0 FG/HBG/EBG=32/256/1280 grad=181.99

[Epoch 13] DONE time=67.4s valid=250 skipped=0 pseudo=1033 anchors=991 mask_extra=42 reject_rel=21 DURRmatch=964/4647 rescue=10 teacher_empty=48 hall=16/6207 loss=8.1970 sfseg=7.9623 mard=2.0281 dir=1.2939 res=0.0374 hallL=0.2054 route E/S=27463/50462
[E14] batch=001/250 pseudo=4 loss=19.9510 sfseg=19.7037 seg=1.9415 mard=1.9987 λM=0.0348 DURR(dir/res/hall)=1.7767/0.0000/0.0000 λD=1.000 route=294 E/S=125/169 rescue=0 empty=0 hall=0/0 FG/HBG/EBG=32/256/1280 grad=214.47
[E14] batch=010/250 pseudo=5 loss=6.3895 sfseg=6.2037 seg=0.5711 mard=2.0358 λM=0.0427 DURR(dir/res/hall)=0.9887/0.0000/0.0000 λD=1.000 route=179 E/S=71/108 rescue=0 empty=0 hall=0/0 FG/HBG/EBG=40/256/1280 grad=48.12
[E14] batch=020/250 pseudo=4 loss=6.2534 sfseg=6.0651 seg=0.3597 mard=1.9839 λM=0.0414 DURR(dir/res/hall)=1.0620/0.0000/0.0000 λD=1.000 route=182 E/S=114/68 rescue=0 empty=0 hall=0/0 FG/HBG/EBG=32/256/1280 grad=98.83
[E14] batch=030/250 pseudo=3 loss=4.2114 sfseg=4.0312 seg=0.3966 mard=1.9510 λM=0.0273 DURR(dir/res/hall)=1.2680/0.0000/0.0000 λD=1.000 route=193 E/S=9/184 rescue=0 empty=1 hall=0/0 FG/HBG/EBG=24/192/960 grad=37.12
[E14] batch=040/250 pseudo=4 loss=3.3148 sfseg=3.1861 seg=0.3027 mard=2.0536 λM=0.0298 DURR(dir/res/hall)=0.6749/0.0000/0.0000 λD=1.000 route=47 E/S=39/8 rescue=0 empty=1 hall=0/0 FG/HBG/EBG=32/192/960 grad=40.28
[E14] batch=050/250 pseudo=3 loss=2.6377 sfseg=2.3781 seg=0.3039 mard=2.1033 λM=0.0437 DURR(dir/res/hall)=1.6765/0.0000/0.0000 λD=1.000 route=135 E/S=25/110 rescue=0 empty=1 hall=0/0 FG/HBG/EBG=24/192/960 grad=17.96
[E14] batch=060/250 pseudo=4 loss=7.4328 sfseg=7.2555 seg=0.3062 mard=2.0320 λM=0.0356 DURR(dir/res/hall)=1.0488/0.0000/0.0000 λD=1.000 route=180 E/S=69/111 rescue=0 empty=0 hall=0/0 FG/HBG/EBG=32/256/1280 grad=90.46
[E14] batch=070/250 pseudo=4 loss=3.9300 sfseg=3.7114 seg=0.1696 mard=2.0517 λM=0.0442 DURR(dir/res/hall)=1.2790/0.0000/0.0000 λD=1.000 route=127 E/S=70/57 rescue=0 empty=0 hall=0/0 FG/HBG/EBG=32/256/1280 grad=42.27
[E14] batch=080/250 pseudo=4 loss=8.9959 sfseg=8.8242 seg=0.5987 mard=2.0121 λM=0.0349 DURR(dir/res/hall)=1.0148/0.0000/0.0000 λD=1.000 route=417 E/S=29/388 rescue=0 empty=0 hall=0/0 FG/HBG/EBG=32/256/1280 grad=43.48
[E14] batch=090/250 pseudo=4 loss=14.5587 sfseg=14.3918 seg=0.8748 mard=1.9982 λM=0.0393 DURR(dir/res/hall)=0.8836/0.0000/0.0000 λD=1.000 route=179 E/S=42/137 rescue=0 empty=0 hall=0/0 FG/HBG/EBG=32/256/1280 grad=100.72
[E14] batch=100/250 pseudo=5 loss=4.9573 sfseg=4.7155 seg=0.2990 mard=2.0042 λM=0.0386 DURR(dir/res/hall)=1.6452/0.0000/0.0000 λD=1.000 route=258 E/S=87/171 rescue=0 empty=0 hall=0/0 FG/HBG/EBG=40/320/1216 grad=52.60
[E14] batch=110/250 pseudo=4 loss=7.3062 sfseg=7.0303 seg=0.2687 mard=2.0258 λM=0.0389 DURR(dir/res/hall)=1.9711/0.0000/0.0000 λD=1.000 route=260 E/S=159/101 rescue=0 empty=1 hall=0/0 FG/HBG/EBG=32/192/960 grad=97.85
[E14] batch=120/250 pseudo=4 loss=7.8750 sfseg=7.6437 seg=0.5335 mard=1.9868 λM=0.0436 DURR(dir/res/hall)=1.4459/0.0000/0.0000 λD=1.000 route=303 E/S=72/231 rescue=0 empty=0 hall=0/0 FG/HBG/EBG=32/256/1280 grad=58.65
[E14] batch=130/250 pseudo=4 loss=5.9650 sfseg=5.7546 seg=0.4278 mard=1.9918 λM=0.0442 DURR(dir/res/hall)=1.2244/0.0000/0.0000 λD=1.000 route=109 E/S=24/85 rescue=0 empty=0 hall=0/0 FG/HBG/EBG=32/256/1280 grad=177.71
[E14] batch=140/250 pseudo=5 loss=9.4049 sfseg=9.2404 seg=1.0325 mard=1.9967 λM=0.0315 DURR(dir/res/hall)=1.0167/0.0000/0.0000 λD=1.000 route=269 E/S=155/114 rescue=0 empty=0 hall=0/0 FG/HBG/EBG=40/320/1216 grad=131.27
[E14] batch=150/250 pseudo=4 loss=5.4639 sfseg=5.3425 seg=0.3978 mard=1.9992 λM=0.0346 DURR(dir/res/hall)=0.5229/0.0000/0.0000 λD=1.000 route=174 E/S=62/112 rescue=0 empty=0 hall=0/0 FG/HBG/EBG=32/256/1280 grad=43.02
[E14] batch=160/250 pseudo=4 loss=12.1188 sfseg=11.9143 seg=0.5327 mard=2.0078 λM=0.0375 DURR(dir/res/hall)=1.2909/0.0000/0.0000 λD=1.000 route=297 E/S=188/109 rescue=0 empty=0 hall=0/0 FG/HBG/EBG=32/256/1280 grad=71.76
[E14] batch=170/250 pseudo=4 loss=7.2898 sfseg=7.1411 seg=0.4201 mard=2.0197 λM=0.0402 DURR(dir/res/hall)=0.6735/0.0000/0.0000 λD=1.000 route=97 E/S=13/84 rescue=0 empty=0 hall=0/0 FG/HBG/EBG=32/256/1280 grad=69.79
[E14] batch=180/250 pseudo=4 loss=8.3233 sfseg=8.1292 seg=0.7713 mard=1.9745 λM=0.0434 DURR(dir/res/hall)=1.0829/0.0000/0.0000 λD=1.000 route=344 E/S=75/269 rescue=0 empty=0 hall=0/0 FG/HBG/EBG=32/256/1280 grad=69.49
[E14] batch=190/250 pseudo=4 loss=5.3218 sfseg=5.1499 seg=0.5272 mard=2.0551 λM=0.0437 DURR(dir/res/hall)=0.8206/0.0000/0.0000 λD=1.000 route=234 E/S=42/192 rescue=0 empty=0 hall=0/0 FG/HBG/EBG=32/256/1280 grad=82.13
[E14] batch=200/250 pseudo=4 loss=11.0042 sfseg=10.8233 seg=0.6312 mard=2.0218 λM=0.0379 DURR(dir/res/hall)=1.0431/0.0000/0.0000 λD=1.000 route=199 E/S=102/97 rescue=0 empty=0 hall=0/0 FG/HBG/EBG=32/256/1280 grad=190.82
[E14] batch=210/250 pseudo=3 loss=18.2964 sfseg=18.1561 seg=2.9458 mard=2.0214 λM=0.0301 DURR(dir/res/hall)=0.7939/0.0000/0.0000 λD=1.000 route=49 E/S=13/36 rescue=0 empty=1 hall=0/0 FG/HBG/EBG=24/192/960 grad=138.93
[E14] batch=220/250 pseudo=4 loss=6.6654 sfseg=6.0122 seg=0.6350 mard=2.0331 λM=0.0336 DURR(dir/res/hall)=1.2289/0.0000/4.6200 λD=1.000 route=596 E/S=101/495 rescue=0 empty=1 hall=1/638 FG/HBG/EBG=32/192/960 grad=54.18
[E14] batch=230/250 pseudo=4 loss=3.9895 sfseg=3.7843 seg=0.3315 mard=2.0542 λM=0.0435 DURR(dir/res/hall)=1.1588/0.0000/0.0000 λD=1.000 route=160 E/S=94/66 rescue=0 empty=0 hall=0/0 FG/HBG/EBG=32/256/1280 grad=109.88
[E14] batch=240/250 pseudo=4 loss=7.6863 sfseg=7.5398 seg=0.6287 mard=2.0299 λM=0.0333 DURR(dir/res/hall)=0.7896/0.0000/0.0000 λD=1.000 route=119 E/S=37/82 rescue=0 empty=0 hall=0/0 FG/HBG/EBG=32/256/1280 grad=136.49
[E14] batch=250/250 pseudo=4 loss=9.9426 sfseg=9.6995 seg=0.5909 mard=1.9985 λM=0.0349 DURR(dir/res/hall)=1.7334/0.0000/0.0000 λD=1.000 route=353 E/S=213/140 rescue=0 empty=0 hall=0/0 FG/HBG/EBG=32/256/1280 grad=55.86

[Epoch 14] DONE time=67.4s valid=250 skipped=0 pseudo=1031 anchors=995 mask_extra=36 reject_rel=20 DURRmatch=965/4663 rescue=11 teacher_empty=52 hall=21/4738 loss=8.3880 sfseg=8.1548 mard=2.0251 dir=1.3016 res=0.0228 hallL=0.2073 route E/S=25324/51596
[E15] batch=001/250 pseudo=4 loss=17.7777 sfseg=17.5960 seg=1.0950 mard=1.9897 λM=0.0354 DURR(dir/res/hall)=1.1114/0.0000/0.0000 λD=1.000 route=680 E/S=168/512 rescue=0 empty=0 hall=0/0 FG/HBG/EBG=32/256/1280 grad=105.38
[E15] batch=010/250 pseudo=4 loss=9.2415 sfseg=9.0003 seg=0.6174 mard=2.0179 λM=0.0383 DURR(dir/res/hall)=1.2759/0.1820/0.0000 λD=1.000 route=500 E/S=20/480 rescue=2 empty=0 hall=0/0 FG/HBG/EBG=32/256/1280 grad=72.68
[E15] batch=020/250 pseudo=3 loss=4.8624 sfseg=4.6792 seg=0.5569 mard=1.9949 λM=0.0420 DURR(dir/res/hall)=0.9937/0.0000/0.0000 λD=1.000 route=254 E/S=73/181 rescue=0 empty=1 hall=0/0 FG/HBG/EBG=24/192/960 grad=35.15
[E15] batch=030/250 pseudo=4 loss=5.7209 sfseg=5.5286 seg=0.4489 mard=2.0077 λM=0.0370 DURR(dir/res/hall)=1.1797/0.0000/0.0000 λD=1.000 route=259 E/S=149/110 rescue=0 empty=0 hall=0/0 FG/HBG/EBG=32/256/1280 grad=57.06
[E15] batch=040/250 pseudo=4 loss=3.8110 sfseg=3.6414 seg=0.3000 mard=2.0098 λM=0.0409 DURR(dir/res/hall)=0.8734/0.0000/0.0000 λD=1.000 route=125 E/S=35/90 rescue=0 empty=0 hall=0/0 FG/HBG/EBG=32/256/1280 grad=27.59
[E15] batch=050/250 pseudo=4 loss=10.2897 sfseg=10.0636 seg=0.6766 mard=1.9834 λM=0.0357 DURR(dir/res/hall)=1.5535/0.0000/0.0000 λD=1.000 route=305 E/S=138/167 rescue=0 empty=0 hall=0/0 FG/HBG/EBG=32/256/1280 grad=211.97
[E15] batch=060/250 pseudo=4 loss=3.0092 sfseg=2.8487 seg=0.2022 mard=2.0554 λM=0.0456 DURR(dir/res/hall)=0.6666/0.0000/0.0000 λD=1.000 route=315 E/S=59/256 rescue=0 empty=0 hall=0/0 FG/HBG/EBG=32/256/1280 grad=22.73
[E15] batch=070/250 pseudo=4 loss=6.9789 sfseg=6.8070 seg=0.4744 mard=2.0176 λM=0.0401 DURR(dir/res/hall)=0.9096/0.0000/0.0000 λD=1.000 route=321 E/S=113/208 rescue=0 empty=0 hall=0/0 FG/HBG/EBG=32/256/1280 grad=38.02
[E15] batch=080/250 pseudo=4 loss=12.8715 sfseg=12.6392 seg=1.0926 mard=2.0052 λM=0.0300 DURR(dir/res/hall)=1.7214/0.0000/0.0000 λD=1.000 route=543 E/S=422/121 rescue=0 empty=0 hall=0/0 FG/HBG/EBG=32/256/1280 grad=57.76
[E15] batch=090/250 pseudo=4 loss=3.5503 sfseg=3.3454 seg=0.2541 mard=2.0300 λM=0.0424 DURR(dir/res/hall)=1.1867/0.0000/0.0000 λD=1.000 route=147 E/S=107/40 rescue=0 empty=0 hall=0/0 FG/HBG/EBG=32/256/1280 grad=24.55
[E15] batch=100/250 pseudo=6 loss=12.4018 sfseg=12.1719 seg=0.5323 mard=2.0261 λM=0.0282 DURR(dir/res/hall)=1.7273/0.0000/0.0000 λD=1.000 route=395 E/S=83/312 rescue=0 empty=0 hall=0/0 FG/HBG/EBG=48/256/1280 grad=103.92
[E15] batch=110/250 pseudo=3 loss=3.1957 sfseg=2.9933 seg=0.3365 mard=2.0175 λM=0.0430 DURR(dir/res/hall)=1.1566/0.0000/0.0000 λD=1.000 route=188 E/S=67/121 rescue=0 empty=1 hall=0/0 FG/HBG/EBG=24/192/960 grad=37.41
[E15] batch=120/250 pseudo=5 loss=5.3932 sfseg=5.2211 seg=0.5240 mard=1.9860 λM=0.0390 DURR(dir/res/hall)=0.9454/0.0000/0.0000 λD=1.000 route=173 E/S=38/135 rescue=0 empty=0 hall=0/0 FG/HBG/EBG=40/320/1216 grad=43.95
[E15] batch=130/250 pseudo=5 loss=14.5022 sfseg=14.2767 seg=1.2863 mard=2.0386 λM=0.0307 DURR(dir/res/hall)=1.6290/0.0000/0.0000 λD=1.000 route=197 E/S=75/122 rescue=0 empty=0 hall=0/0 FG/HBG/EBG=40/256/1280 grad=56.11
[E15] batch=140/250 pseudo=4 loss=7.7378 sfseg=7.5544 seg=0.5376 mard=2.0202 λM=0.0304 DURR(dir/res/hall)=1.2207/0.0000/0.0000 λD=1.000 route=341 E/S=96/245 rescue=0 empty=0 hall=0/0 FG/HBG/EBG=32/256/1280 grad=59.41
[E15] batch=150/250 pseudo=5 loss=6.5407 sfseg=6.3196 seg=0.4813 mard=2.0105 λM=0.0367 DURR(dir/res/hall)=1.1703/0.1510/0.0000 λD=1.000 route=144 E/S=52/92 rescue=1 empty=0 hall=0/0 FG/HBG/EBG=40/320/1216 grad=31.58
[E15] batch=160/250 pseudo=4 loss=22.7736 sfseg=22.5191 seg=2.8668 mard=2.0347 λM=0.0307 DURR(dir/res/hall)=1.9212/0.0000/0.0000 λD=1.000 route=235 E/S=146/89 rescue=0 empty=0 hall=0/0 FG/HBG/EBG=32/256/1280 grad=102.86
[E15] batch=170/250 pseudo=4 loss=10.2264 sfseg=10.0267 seg=0.8211 mard=2.0301 λM=0.0401 DURR(dir/res/hall)=1.1818/0.0000/0.0000 λD=1.000 route=338 E/S=98/240 rescue=0 empty=0 hall=0/0 FG/HBG/EBG=32/256/1280 grad=72.90
[E15] batch=180/250 pseudo=4 loss=3.2300 sfseg=2.9434 seg=0.2450 mard=1.9974 λM=0.0444 DURR(dir/res/hall)=1.9790/0.0000/0.0000 λD=1.000 route=119 E/S=98/21 rescue=0 empty=0 hall=0/0 FG/HBG/EBG=32/256/1280 grad=22.65
[E15] batch=190/250 pseudo=4 loss=4.5184 sfseg=4.3465 seg=0.4394 mard=1.9930 λM=0.0449 DURR(dir/res/hall)=0.8248/0.0000/0.0000 λD=1.000 route=245 E/S=23/222 rescue=0 empty=0 hall=0/0 FG/HBG/EBG=32/256/1280 grad=47.52
[E15] batch=200/250 pseudo=7 loss=12.2236 sfseg=12.0107 seg=1.0317 mard=1.9829 λM=0.0334 DURR(dir/res/hall)=1.4654/0.0000/0.0000 λD=1.000 route=353 E/S=82/271 rescue=0 empty=0 hall=0/0 FG/HBG/EBG=56/256/1280 grad=95.09
[E15] batch=210/250 pseudo=4 loss=12.9339 sfseg=12.6784 seg=0.8176 mard=1.9630 λM=0.0375 DURR(dir/res/hall)=1.8191/0.0000/0.0000 λD=1.000 route=210 E/S=81/129 rescue=0 empty=0 hall=0/0 FG/HBG/EBG=32/256/1280 grad=73.38
[E15] batch=220/250 pseudo=4 loss=5.8780 sfseg=5.6258 seg=0.2840 mard=2.0656 λM=0.0394 DURR(dir/res/hall)=1.7076/0.0000/0.0000 λD=1.000 route=230 E/S=139/91 rescue=0 empty=0 hall=0/0 FG/HBG/EBG=32/256/1280 grad=76.57
[E15] batch=230/250 pseudo=4 loss=5.2249 sfseg=5.0217 seg=0.3030 mard=2.0590 λM=0.0444 DURR(dir/res/hall)=1.1184/0.0000/0.0000 λD=1.000 route=319 E/S=72/247 rescue=0 empty=0 hall=0/0 FG/HBG/EBG=32/256/1280 grad=43.33
[E15] batch=240/250 pseudo=3 loss=5.2452 sfseg=5.0279 seg=0.3560 mard=2.0579 λM=0.0410 DURR(dir/res/hall)=1.3290/0.0000/0.0000 λD=1.000 route=190 E/S=86/104 rescue=0 empty=1 hall=0/0 FG/HBG/EBG=24/192/960 grad=36.37
[E15] batch=250/250 pseudo=4 loss=8.6299 sfseg=8.3142 seg=0.2847 mard=2.0105 λM=0.0434 DURR(dir/res/hall)=2.2846/0.0000/0.0000 λD=1.000 route=130 E/S=61/69 rescue=0 empty=0 hall=0/0 FG/HBG/EBG=32/256/1280 grad=44.98

[Epoch 15] DONE time=66.7s valid=250 skipped=0 pseudo=1031 anchors=981 mask_extra=50 reject_rel=20 DURRmatch=951/4577 rescue=14 teacher_empty=48 hall=15/4834 loss=8.4129 sfseg=8.1850 mard=2.0257 dir=1.3034 res=0.0307 hallL=0.1373 route E/S=26584/49555
[E16] batch=001/250 pseudo=3 loss=6.3964 sfseg=5.8535 seg=0.3023 mard=2.0167 λM=0.0337 DURR(dir/res/hall)=1.8140/0.0000/2.9351 λD=1.000 route=155 E/S=70/85 rescue=0 empty=1 hall=1/136 FG/HBG/EBG=24/192/960 grad=177.98
[E16] batch=010/250 pseudo=5 loss=3.8220 sfseg=3.6554 seg=0.2815 mard=2.0002 λM=0.0394 DURR(dir/res/hall)=0.8770/0.0000/0.0000 λD=1.000 route=226 E/S=113/113 rescue=0 empty=0 hall=0/0 FG/HBG/EBG=40/320/1216 grad=21.48
[E16] batch=020/250 pseudo=4 loss=10.1735 sfseg=10.0038 seg=0.7965 mard=2.0399 λM=0.0393 DURR(dir/res/hall)=0.8951/0.0000/0.0000 λD=1.000 route=550 E/S=198/352 rescue=0 empty=0 hall=0/0 FG/HBG/EBG=32/256/1280 grad=57.64
[E16] batch=030/250 pseudo=4 loss=13.7052 sfseg=13.4505 seg=1.1388 mard=2.0290 λM=0.0422 DURR(dir/res/hall)=1.6911/0.0000/0.0000 λD=1.000 route=327 E/S=52/275 rescue=0 empty=0 hall=0/0 FG/HBG/EBG=32/256/1280 grad=131.59
[E16] batch=040/250 pseudo=4 loss=4.0546 sfseg=3.8538 seg=0.3036 mard=2.0026 λM=0.0428 DURR(dir/res/hall)=1.1525/0.0000/0.0000 λD=1.000 route=220 E/S=67/153 rescue=0 empty=0 hall=0/0 FG/HBG/EBG=32/256/1280 grad=45.82
[E16] batch=050/250 pseudo=5 loss=5.5203 sfseg=5.4040 seg=0.3618 mard=2.0178 λM=0.0321 DURR(dir/res/hall)=0.5158/0.0000/0.0000 λD=1.000 route=458 E/S=146/312 rescue=0 empty=0 hall=0/0 FG/HBG/EBG=40/256/1280 grad=40.63
[E16] batch=060/250 pseudo=5 loss=14.1350 sfseg=13.9060 seg=0.9911 mard=2.0536 λM=0.0400 DURR(dir/res/hall)=1.4686/0.0000/0.0000 λD=1.000 route=646 E/S=198/448 rescue=0 empty=0 hall=0/0 FG/HBG/EBG=40/320/1216 grad=140.12
[E16] batch=070/250 pseudo=3 loss=4.4737 sfseg=4.2789 seg=0.3165 mard=2.0097 λM=0.0358 DURR(dir/res/hall)=1.2284/0.0000/0.0000 λD=1.000 route=249 E/S=88/161 rescue=0 empty=1 hall=0/0 FG/HBG/EBG=24/192/960 grad=28.62
[E16] batch=080/250 pseudo=4 loss=21.9038 sfseg=21.6369 seg=1.3163 mard=2.0267 λM=0.0317 DURR(dir/res/hall)=2.0259/0.0000/0.0000 λD=1.000 route=588 E/S=348/240 rescue=0 empty=0 hall=0/0 FG/HBG/EBG=32/256/1280 grad=243.38
[E16] batch=090/250 pseudo=4 loss=4.7527 sfseg=4.5402 seg=0.4262 mard=2.0835 λM=0.0446 DURR(dir/res/hall)=1.1957/0.0000/0.0000 λD=1.000 route=233 E/S=141/92 rescue=0 empty=0 hall=0/0 FG/HBG/EBG=32/256/1280 grad=52.41
[E16] batch=100/250 pseudo=4 loss=19.6135 sfseg=19.3926 seg=2.2936 mard=2.0239 λM=0.0414 DURR(dir/res/hall)=1.3708/0.0000/0.0000 λD=1.000 route=415 E/S=143/272 rescue=0 empty=0 hall=0/0 FG/HBG/EBG=32/256/1280 grad=242.65
[E16] batch=110/250 pseudo=5 loss=8.0414 sfseg=7.7949 seg=0.4270 mard=1.9913 λM=0.0391 DURR(dir/res/hall)=1.5806/0.0532/0.0000 λD=1.000 route=291 E/S=87/204 rescue=1 empty=0 hall=0/0 FG/HBG/EBG=40/320/1216 grad=81.26
[E16] batch=120/250 pseudo=4 loss=6.9160 sfseg=6.7462 seg=0.5323 mard=2.0630 λM=0.0399 DURR(dir/res/hall)=0.8736/0.0000/0.0000 λD=1.000 route=231 E/S=133/98 rescue=0 empty=0 hall=0/0 FG/HBG/EBG=32/256/1280 grad=141.79
[E16] batch=130/250 pseudo=4 loss=10.2727 sfseg=9.9755 seg=0.6735 mard=2.0196 λM=0.0399 DURR(dir/res/hall)=2.1658/0.0000/0.0000 λD=1.000 route=629 E/S=155/474 rescue=0 empty=0 hall=0/0 FG/HBG/EBG=32/256/1280 grad=67.23
[E16] batch=140/250 pseudo=4 loss=16.9005 sfseg=16.6944 seg=1.2176 mard=2.0476 λM=0.0416 DURR(dir/res/hall)=1.2110/0.0000/0.0000 λD=1.000 route=231 E/S=105/126 rescue=0 empty=0 hall=0/0 FG/HBG/EBG=32/256/1280 grad=115.23
[E16] batch=150/250 pseudo=6 loss=24.0097 sfseg=23.8396 seg=1.5110 mard=2.0553 λM=0.0317 DURR(dir/res/hall)=1.0490/0.0000/0.0000 λD=1.000 route=636 E/S=169/467 rescue=0 empty=0 hall=0/0 FG/HBG/EBG=48/320/1216 grad=121.19
[E16] batch=160/250 pseudo=4 loss=14.1316 sfseg=13.8997 seg=0.9331 mard=2.1260 λM=0.0448 DURR(dir/res/hall)=1.3657/0.0000/0.0000 λD=1.000 route=554 E/S=271/283 rescue=0 empty=0 hall=0/0 FG/HBG/EBG=32/256/1280 grad=87.12
[E16] batch=170/250 pseudo=3 loss=4.2734 sfseg=4.0756 seg=0.4644 mard=2.0718 λM=0.0413 DURR(dir/res/hall)=1.1212/0.0000/0.0001 λD=1.000 route=294 E/S=27/267 rescue=0 empty=1 hall=1/0 FG/HBG/EBG=24/192/960 grad=40.07
[E16] batch=180/250 pseudo=3 loss=8.1971 sfseg=7.4336 seg=1.0247 mard=1.9770 λM=0.0421 DURR(dir/res/hall)=1.6021/0.0000/5.2009 λD=1.000 route=270 E/S=137/133 rescue=0 empty=1 hall=1/817 FG/HBG/EBG=24/192/960 grad=112.62
[E16] batch=190/250 pseudo=4 loss=4.3215 sfseg=4.1409 seg=0.3301 mard=1.9936 λM=0.0440 DURR(dir/res/hall)=0.9294/0.0000/0.0000 λD=1.000 route=162 E/S=70/92 rescue=0 empty=0 hall=0/0 FG/HBG/EBG=32/256/1280 grad=41.53
[E16] batch=200/250 pseudo=3 loss=4.8772 sfseg=4.1710 seg=0.2839 mard=1.9839 λM=0.0418 DURR(dir/res/hall)=2.4157/0.0000/3.8157 λD=1.000 route=236 E/S=111/125 rescue=0 empty=1 hall=1/6 FG/HBG/EBG=24/192/960 grad=25.97
[E16] batch=210/250 pseudo=5 loss=9.1890 sfseg=8.9664 seg=0.8820 mard=2.0236 λM=0.0381 DURR(dir/res/hall)=1.4551/0.0000/0.0000 λD=1.000 route=489 E/S=185/304 rescue=0 empty=0 hall=0/0 FG/HBG/EBG=40/256/1280 grad=108.98
[E16] batch=220/250 pseudo=5 loss=8.8316 sfseg=8.6639 seg=0.6888 mard=2.0180 λM=0.0341 DURR(dir/res/hall)=0.9897/0.0000/0.0000 λD=1.000 route=264 E/S=148/116 rescue=0 empty=0 hall=0/0 FG/HBG/EBG=40/256/1280 grad=106.56
[E16] batch=230/250 pseudo=4 loss=12.8389 sfseg=12.6331 seg=0.7545 mard=2.0335 λM=0.0382 DURR(dir/res/hall)=1.2800/0.0000/0.0000 λD=1.000 route=548 E/S=233/315 rescue=0 empty=0 hall=0/0 FG/HBG/EBG=32/256/1280 grad=104.10
[E16] batch=240/250 pseudo=4 loss=5.6285 sfseg=5.4332 seg=0.4283 mard=2.0232 λM=0.0411 DURR(dir/res/hall)=1.1201/0.0000/0.0000 λD=1.000 route=214 E/S=125/89 rescue=0 empty=0 hall=0/0 FG/HBG/EBG=32/256/1280 grad=42.49
[E16] batch=250/250 pseudo=3 loss=3.3375 sfseg=3.0447 seg=0.2933 mard=2.0231 λM=0.0427 DURR(dir/res/hall)=2.0312/0.0164/0.0003 λD=1.000 route=43 E/S=13/30 rescue=1 empty=1 hall=1/0 FG/HBG/EBG=24/192/960 grad=27.02

[Epoch 16] DONE time=67.3s valid=250 skipped=0 pseudo=1019 anchors=984 mask_extra=35 reject_rel=18 DURRmatch=953/4583 rescue=10 teacher_empty=54 hall=22/8353 loss=8.0415 sfseg=7.8094 mard=2.0278 dir=1.2620 res=0.0022 hallL=0.2683 route E/S=26757/49263
[E17] batch=001/250 pseudo=5 loss=10.9488 sfseg=10.7183 seg=1.1208 mard=2.0353 λM=0.0374 DURR(dir/res/hall)=0.8670/0.3385/0.0000 λD=1.000 route=204 E/S=74/130 rescue=1 empty=0 hall=0/0 FG/HBG/EBG=40/320/1216 grad=83.52
[E17] batch=010/250 pseudo=5 loss=7.5084 sfseg=7.3251 seg=0.3734 mard=2.0817 λM=0.0315 DURR(dir/res/hall)=1.1777/0.0000/0.0000 λD=1.000 route=315 E/S=74/241 rescue=0 empty=0 hall=0/0 FG/HBG/EBG=40/256/1280 grad=44.32
[E17] batch=020/250 pseudo=4 loss=3.4318 sfseg=3.2462 seg=0.2281 mard=2.0587 λM=0.0448 DURR(dir/res/hall)=0.9340/0.0000/0.0000 λD=1.000 route=80 E/S=15/65 rescue=0 empty=0 hall=0/0 FG/HBG/EBG=32/256/1280 grad=25.73
[E17] batch=030/250 pseudo=4 loss=3.6671 sfseg=3.5164 seg=0.2815 mard=2.0413 λM=0.0379 DURR(dir/res/hall)=0.7332/0.0000/0.0000 λD=1.000 route=187 E/S=39/148 rescue=0 empty=0 hall=0/0 FG/HBG/EBG=32/256/1280 grad=36.36
[E17] batch=040/250 pseudo=5 loss=4.9301 sfseg=4.7815 seg=0.2789 mard=2.0406 λM=0.0317 DURR(dir/res/hall)=0.8387/0.0000/0.0000 λD=1.000 route=176 E/S=22/154 rescue=0 empty=0 hall=0/0 FG/HBG/EBG=40/320/1216 grad=154.54
[E17] batch=050/250 pseudo=4 loss=12.9949 sfseg=12.7059 seg=0.4443 mard=2.0357 λM=0.0352 DURR(dir/res/hall)=2.1730/0.0000/0.0000 λD=1.000 route=128 E/S=82/46 rescue=0 empty=0 hall=0/0 FG/HBG/EBG=32/256/1280 grad=88.78
[E17] batch=060/250 pseudo=4 loss=5.9353 sfseg=5.7567 seg=0.5104 mard=2.0460 λM=0.0344 DURR(dir/res/hall)=1.0816/0.0000/0.0000 λD=1.000 route=304 E/S=175/129 rescue=0 empty=0 hall=0/0 FG/HBG/EBG=32/256/1280 grad=68.12
[E17] batch=070/250 pseudo=5 loss=7.8087 sfseg=7.6085 seg=0.5654 mard=2.0006 λM=0.0398 DURR(dir/res/hall)=1.2059/0.0000/0.0000 λD=1.000 route=478 E/S=132/346 rescue=0 empty=0 hall=0/0 FG/HBG/EBG=40/256/1280 grad=77.96
[E17] batch=080/250 pseudo=4 loss=10.0912 sfseg=9.8430 seg=0.3173 mard=2.0087 λM=0.0445 DURR(dir/res/hall)=1.5888/0.0000/0.0000 λD=1.000 route=226 E/S=68/158 rescue=0 empty=0 hall=0/0 FG/HBG/EBG=32/256/1280 grad=132.89
[E17] batch=090/250 pseudo=5 loss=4.3185 sfseg=4.1125 seg=0.3442 mard=2.0510 λM=0.0427 DURR(dir/res/hall)=1.1840/0.0000/0.0000 λD=1.000 route=136 E/S=69/67 rescue=0 empty=0 hall=0/0 FG/HBG/EBG=40/320/1216 grad=31.32
[E17] batch=100/250 pseudo=4 loss=5.6362 sfseg=5.3841 seg=0.4729 mard=2.0524 λM=0.0422 DURR(dir/res/hall)=1.6553/0.0000/0.0000 λD=1.000 route=324 E/S=125/199 rescue=0 empty=0 hall=0/0 FG/HBG/EBG=32/256/1280 grad=38.25
[E17] batch=110/250 pseudo=5 loss=8.6982 sfseg=8.5085 seg=0.5892 mard=2.0463 λM=0.0320 DURR(dir/res/hall)=1.2412/0.0000/0.0000 λD=1.000 route=589 E/S=102/487 rescue=0 empty=0 hall=0/0 FG/HBG/EBG=40/320/1216 grad=83.01
[E17] batch=120/250 pseudo=4 loss=7.4679 sfseg=7.1744 seg=0.3525 mard=1.9761 λM=0.0390 DURR(dir/res/hall)=2.1633/0.0000/0.0000 λD=1.000 route=437 E/S=162/275 rescue=0 empty=0 hall=0/0 FG/HBG/EBG=32/256/1280 grad=98.03
[E17] batch=130/250 pseudo=4 loss=4.5662 sfseg=4.3650 seg=0.2893 mard=2.0396 λM=0.0434 DURR(dir/res/hall)=1.1280/0.0000/0.0000 λD=1.000 route=146 E/S=105/41 rescue=0 empty=0 hall=0/0 FG/HBG/EBG=32/256/1280 grad=64.39
[E17] batch=140/250 pseudo=4 loss=11.4958 sfseg=11.3368 seg=0.6896 mard=2.0377 λM=0.0384 DURR(dir/res/hall)=0.8077/0.0000/0.0000 λD=1.000 route=178 E/S=92/86 rescue=0 empty=0 hall=0/0 FG/HBG/EBG=32/256/1280 grad=258.56
[E17] batch=150/250 pseudo=4 loss=13.4040 sfseg=13.1033 seg=0.5739 mard=2.0761 λM=0.0449 DURR(dir/res/hall)=2.0749/0.0000/0.0000 λD=1.000 route=338 E/S=125/213 rescue=0 empty=0 hall=0/0 FG/HBG/EBG=32/256/1280 grad=218.58
[E17] batch=160/250 pseudo=4 loss=18.9186 sfseg=18.4966 seg=0.5428 mard=2.0386 λM=0.0282 DURR(dir/res/hall)=3.6442/0.0000/0.0000 λD=1.000 route=440 E/S=268/172 rescue=0 empty=0 hall=0/0 FG/HBG/EBG=32/256/1280 grad=224.56
[E17] batch=170/250 pseudo=5 loss=4.5307 sfseg=4.3801 seg=0.3581 mard=1.9696 λM=0.0385 DURR(dir/res/hall)=0.7475/0.0000/0.0000 λD=1.000 route=140 E/S=40/100 rescue=0 empty=0 hall=0/0 FG/HBG/EBG=40/320/1216 grad=25.61
[E17] batch=180/250 pseudo=5 loss=6.5086 sfseg=6.3338 seg=0.3737 mard=2.0641 λM=0.0347 DURR(dir/res/hall)=1.0315/0.0000/0.0000 λD=1.000 route=388 E/S=299/89 rescue=0 empty=0 hall=0/0 FG/HBG/EBG=40/256/1280 grad=81.51
[E17] batch=190/250 pseudo=6 loss=6.0996 sfseg=5.9495 seg=0.4725 mard=2.0307 λM=0.0305 DURR(dir/res/hall)=0.8818/0.0000/0.0000 λD=1.000 route=323 E/S=97/226 rescue=0 empty=0 hall=0/0 FG/HBG/EBG=48/320/1216 grad=31.14
[E17] batch=200/250 pseudo=4 loss=6.0369 sfseg=5.8733 seg=0.6261 mard=2.0716 λM=0.0323 DURR(dir/res/hall)=0.9669/0.0000/0.0000 λD=1.000 route=243 E/S=170/73 rescue=0 empty=1 hall=0/0 FG/HBG/EBG=32/256/896 grad=66.15
[E17] batch=210/250 pseudo=5 loss=17.3561 sfseg=17.0829 seg=1.4384 mard=2.0656 λM=0.0314 DURR(dir/res/hall)=2.0833/0.0000/0.0000 λD=1.000 route=324 E/S=131/193 rescue=0 empty=0 hall=0/0 FG/HBG/EBG=40/256/1280 grad=163.93
[E17] batch=220/250 pseudo=3 loss=3.4938 sfseg=3.3242 seg=0.3845 mard=2.0515 λM=0.0290 DURR(dir/res/hall)=1.1013/0.0000/0.0000 λD=1.000 route=188 E/S=17/171 rescue=0 empty=1 hall=0/0 FG/HBG/EBG=24/192/960 grad=40.73
[E17] batch=230/250 pseudo=4 loss=13.7464 sfseg=13.5234 seg=1.4348 mard=2.0651 λM=0.0362 DURR(dir/res/hall)=1.4819/0.0000/0.0000 λD=1.000 route=490 E/S=163/327 rescue=0 empty=0 hall=0/0 FG/HBG/EBG=32/256/1280 grad=75.14
[E17] batch=240/250 pseudo=4 loss=4.4835 sfseg=4.2641 seg=0.3290 mard=2.0728 λM=0.0450 DURR(dir/res/hall)=1.2611/0.0000/0.0000 λD=1.000 route=129 E/S=51/78 rescue=0 empty=0 hall=0/0 FG/HBG/EBG=32/256/1280 grad=63.77
[E17] batch=250/250 pseudo=5 loss=8.0484 sfseg=7.8782 seg=0.6243 mard=1.9833 λM=0.0375 DURR(dir/res/hall)=0.9585/0.0000/0.0000 λD=1.000 route=431 E/S=150/281 rescue=0 empty=0 hall=0/0 FG/HBG/EBG=40/256/1280 grad=56.73

[Epoch 17] DONE time=67.0s valid=250 skipped=0 pseudo=1032 anchors=986 mask_extra=46 reject_rel=18 DURRmatch=955/4621 rescue=15 teacher_empty=51 hall=18/5526 loss=8.1349 sfseg=7.9040 mard=2.0264 dir=1.3100 res=0.0098 hallL=0.1990 route E/S=25531/50870
[E18] batch=001/250 pseudo=6 loss=5.5390 sfseg=5.3073 seg=0.3590 mard=2.0142 λM=0.0390 DURR(dir/res/hall)=1.4773/0.0267/0.0000 λD=1.000 route=181 E/S=65/116 rescue=1 empty=0 hall=0/0 FG/HBG/EBG=48/384/1152 grad=21.35
[E18] batch=010/250 pseudo=3 loss=5.9396 sfseg=5.6724 seg=0.6775 mard=2.1285 λM=0.0443 DURR(dir/res/hall)=1.7282/0.0000/0.0000 λD=1.000 route=462 E/S=131/331 rescue=0 empty=1 hall=0/0 FG/HBG/EBG=24/192/960 grad=50.94
[E18] batch=020/250 pseudo=4 loss=9.7742 sfseg=9.5309 seg=0.3833 mard=2.0698 λM=0.0396 DURR(dir/res/hall)=1.6131/0.0000/0.0000 λD=1.000 route=423 E/S=86/337 rescue=0 empty=0 hall=0/0 FG/HBG/EBG=32/256/1280 grad=70.35
[E18] batch=030/250 pseudo=4 loss=5.6902 sfseg=5.5162 seg=0.4705 mard=1.9763 λM=0.0369 DURR(dir/res/hall)=1.0107/0.0000/0.0000 λD=1.000 route=132 E/S=25/107 rescue=0 empty=0 hall=0/0 FG/HBG/EBG=32/256/1280 grad=30.99
[E18] batch=040/250 pseudo=4 loss=22.7770 sfseg=22.5529 seg=1.4870 mard=2.0593 λM=0.0396 DURR(dir/res/hall)=1.4243/0.0000/0.0000 λD=1.000 route=359 E/S=56/303 rescue=0 empty=0 hall=0/0 FG/HBG/EBG=32/256/1280 grad=219.66
[E18] batch=050/250 pseudo=4 loss=23.0064 sfseg=22.8036 seg=1.0970 mard=2.0797 λM=0.0307 DURR(dir/res/hall)=1.3889/0.0000/0.0000 λD=1.000 route=345 E/S=163/182 rescue=0 empty=0 hall=0/0 FG/HBG/EBG=32/256/1280 grad=119.01
[E18] batch=060/250 pseudo=5 loss=7.1323 sfseg=6.9265 seg=0.5649 mard=1.9395 λM=0.0384 DURR(dir/res/hall)=1.3134/0.0000/0.0000 λD=1.000 route=408 E/S=203/205 rescue=0 empty=0 hall=0/0 FG/HBG/EBG=40/320/1216 grad=77.70
[E18] batch=070/250 pseudo=4 loss=3.1872 sfseg=3.0038 seg=0.2427 mard=2.0745 λM=0.0425 DURR(dir/res/hall)=0.9516/0.0000/0.0000 λD=1.000 route=288 E/S=19/269 rescue=0 empty=0 hall=0/0 FG/HBG/EBG=32/256/1280 grad=30.77
[E18] batch=080/250 pseudo=5 loss=4.9951 sfseg=4.8178 seg=0.2649 mard=2.0185 λM=0.0334 DURR(dir/res/hall)=1.0986/0.0000/0.0000 λD=1.000 route=306 E/S=117/189 rescue=0 empty=0 hall=0/0 FG/HBG/EBG=40/256/1280 grad=31.40
[E18] batch=090/250 pseudo=3 loss=2.4943 sfseg=2.3115 seg=0.2188 mard=2.0101 λM=0.0434 DURR(dir/res/hall)=0.9548/0.0000/0.0000 λD=1.000 route=68 E/S=13/55 rescue=0 empty=1 hall=0/0 FG/HBG/EBG=24/192/960 grad=18.70
[E18] batch=100/250 pseudo=4 loss=6.9810 sfseg=6.7804 seg=0.6220 mard=2.1118 λM=0.0421 DURR(dir/res/hall)=1.1162/0.0000/0.0000 λD=1.000 route=379 E/S=112/267 rescue=0 empty=0 hall=0/0 FG/HBG/EBG=32/256/1280 grad=71.74
[E18] batch=110/250 pseudo=4 loss=6.5731 sfseg=6.3018 seg=0.5252 mard=2.0096 λM=0.0436 DURR(dir/res/hall)=1.8360/0.0000/0.0000 λD=1.000 route=196 E/S=94/102 rescue=0 empty=0 hall=0/0 FG/HBG/EBG=32/256/1280 grad=84.45
[E18] batch=120/250 pseudo=4 loss=9.0156 sfseg=8.8301 seg=0.4945 mard=1.9974 λM=0.0341 DURR(dir/res/hall)=1.1751/0.0000/0.0000 λD=1.000 route=278 E/S=95/183 rescue=0 empty=0 hall=0/0 FG/HBG/EBG=32/256/1280 grad=79.29
[E18] batch=130/250 pseudo=5 loss=3.5474 sfseg=3.3143 seg=0.2526 mard=2.0468 λM=0.0373 DURR(dir/res/hall)=1.5685/0.0000/0.0000 λD=1.000 route=304 E/S=100/204 rescue=0 empty=0 hall=0/0 FG/HBG/EBG=40/320/1216 grad=21.71
[E18] batch=140/250 pseudo=6 loss=14.1054 sfseg=13.7238 seg=0.6034 mard=2.0156 λM=0.0349 DURR(dir/res/hall)=2.9893/0.0618/0.0000 λD=1.000 route=261 E/S=196/65 rescue=1 empty=0 hall=0/0 FG/HBG/EBG=48/320/1216 grad=84.73
[E18] batch=150/250 pseudo=3 loss=3.0376 sfseg=2.8749 seg=0.2552 mard=1.9925 λM=0.0410 DURR(dir/res/hall)=0.8096/0.0000/0.0000 λD=1.000 route=93 E/S=17/76 rescue=0 empty=1 hall=0/0 FG/HBG/EBG=24/192/960 grad=21.27
[E18] batch=160/250 pseudo=3 loss=7.2958 sfseg=7.0764 seg=0.2928 mard=2.0788 λM=0.0338 DURR(dir/res/hall)=1.4917/0.0000/0.0000 λD=1.000 route=298 E/S=84/214 rescue=0 empty=1 hall=0/0 FG/HBG/EBG=24/192/960 grad=61.73
[E18] batch=170/250 pseudo=4 loss=6.1658 sfseg=5.9876 seg=0.4428 mard=2.0640 λM=0.0375 DURR(dir/res/hall)=1.0090/0.0000/0.0000 λD=1.000 route=359 E/S=111/248 rescue=0 empty=0 hall=0/0 FG/HBG/EBG=32/256/1280 grad=44.74
[E18] batch=180/250 pseudo=3 loss=5.6152 sfseg=5.4245 seg=0.4237 mard=2.0184 λM=0.0424 DURR(dir/res/hall)=1.0509/0.0000/0.0000 λD=1.000 route=234 E/S=78/156 rescue=0 empty=1 hall=0/0 FG/HBG/EBG=24/192/960 grad=46.59
[E18] batch=190/250 pseudo=4 loss=11.4191 sfseg=11.2144 seg=0.9313 mard=2.0660 λM=0.0307 DURR(dir/res/hall)=1.4134/0.0000/0.0000 λD=1.000 route=347 E/S=248/99 rescue=0 empty=0 hall=0/0 FG/HBG/EBG=32/256/1280 grad=50.39
[E18] batch=200/250 pseudo=4 loss=6.7752 sfseg=6.5563 seg=0.5983 mard=2.0699 λM=0.0409 DURR(dir/res/hall)=1.3439/0.0000/0.0000 λD=1.000 route=160 E/S=29/131 rescue=0 empty=0 hall=0/0 FG/HBG/EBG=32/256/1280 grad=92.17
[E18] batch=210/250 pseudo=4 loss=3.0713 sfseg=2.8546 seg=0.2220 mard=2.0070 λM=0.0445 DURR(dir/res/hall)=1.2745/0.0000/0.0000 λD=1.000 route=274 E/S=146/128 rescue=0 empty=0 hall=0/0 FG/HBG/EBG=32/256/1280 grad=22.06
[E18] batch=220/250 pseudo=5 loss=10.1460 sfseg=9.9763 seg=1.2201 mard=1.9444 λM=0.0348 DURR(dir/res/hall)=0.9770/0.0217/0.0000 λD=1.000 route=398 E/S=134/264 rescue=1 empty=0 hall=0/0 FG/HBG/EBG=40/320/1216 grad=262.45
[E18] batch=230/250 pseudo=4 loss=5.2432 sfseg=5.0657 seg=0.4749 mard=2.0560 λM=0.0431 DURR(dir/res/hall)=0.8881/0.0000/0.0000 λD=1.000 route=385 E/S=74/311 rescue=0 empty=0 hall=0/0 FG/HBG/EBG=32/256/1280 grad=36.58
[E18] batch=240/250 pseudo=4 loss=3.0723 sfseg=2.9005 seg=0.1934 mard=2.0023 λM=0.0420 DURR(dir/res/hall)=0.8762/0.0000/0.0000 λD=1.000 route=191 E/S=78/113 rescue=0 empty=0 hall=0/0 FG/HBG/EBG=32/256/1280 grad=30.56
[E18] batch=250/250 pseudo=4 loss=8.8483 sfseg=8.5604 seg=0.9346 mard=2.0284 λM=0.0422 DURR(dir/res/hall)=2.0225/0.0000/0.0000 λD=1.000 route=191 E/S=43/148 rescue=0 empty=0 hall=0/0 FG/HBG/EBG=32/256/1280 grad=87.85

[Epoch 18] DONE time=66.7s valid=250 skipped=0 pseudo=1032 anchors=994 mask_extra=38 reject_rel=21 DURRmatch=960/4629 rescue=10 teacher_empty=48 hall=19/6290 loss=8.3234 sfseg=8.0903 mard=2.0277 dir=1.3244 res=0.0026 hallL=0.2282 route E/S=26437/50299
[E19] batch=001/250 pseudo=4 loss=8.5220 sfseg=8.3288 seg=0.3441 mard=2.0648 λM=0.0393 DURR(dir/res/hall)=1.1213/0.0000/0.0000 λD=1.000 route=153 E/S=74/79 rescue=0 empty=0 hall=0/0 FG/HBG/EBG=32/256/1280 grad=43.79
[E19] batch=010/250 pseudo=3 loss=5.8071 sfseg=5.6068 seg=0.3167 mard=2.0016 λM=0.0391 DURR(dir/res/hall)=1.2208/0.0000/0.0000 λD=1.000 route=114 E/S=47/67 rescue=0 empty=1 hall=0/0 FG/HBG/EBG=24/192/960 grad=152.12
[E19] batch=020/250 pseudo=4 loss=7.4101 sfseg=7.2211 seg=0.4990 mard=2.0240 λM=0.0420 DURR(dir/res/hall)=1.0409/0.0000/0.0000 λD=1.000 route=440 E/S=101/339 rescue=0 empty=0 hall=0/0 FG/HBG/EBG=32/256/1280 grad=73.75
[E19] batch=030/250 pseudo=3 loss=3.2863 sfseg=3.1442 seg=0.4066 mard=2.0599 λM=0.0462 DURR(dir/res/hall)=0.4691/0.0000/0.0000 λD=1.000 route=80 E/S=12/68 rescue=0 empty=1 hall=0/0 FG/HBG/EBG=24/192/960 grad=27.94
[E19] batch=040/250 pseudo=6 loss=30.0342 sfseg=29.8256 seg=1.5680 mard=1.9839 λM=0.0307 DURR(dir/res/hall)=1.4770/0.0000/0.0000 λD=1.000 route=151 E/S=29/122 rescue=0 empty=0 hall=0/0 FG/HBG/EBG=48/384/1152 grad=117.03
[E19] batch=050/250 pseudo=4 loss=4.3947 sfseg=4.1671 seg=0.3151 mard=2.0288 λM=0.0442 DURR(dir/res/hall)=1.3783/0.0000/0.0000 λD=1.000 route=180 E/S=107/73 rescue=0 empty=0 hall=0/0 FG/HBG/EBG=32/256/1280 grad=34.08
[E19] batch=060/250 pseudo=5 loss=5.5570 sfseg=5.3754 seg=0.3912 mard=2.0298 λM=0.0431 DURR(dir/res/hall)=0.9404/0.0000/0.0000 λD=1.000 route=343 E/S=171/172 rescue=0 empty=0 hall=0/0 FG/HBG/EBG=40/320/1216 grad=36.95
[E19] batch=070/250 pseudo=4 loss=7.0422 sfseg=6.8695 seg=0.5537 mard=2.0611 λM=0.0350 DURR(dir/res/hall)=1.0057/0.0000/0.0000 λD=1.000 route=125 E/S=62/63 rescue=0 empty=0 hall=0/0 FG/HBG/EBG=32/256/1280 grad=73.97
[E19] batch=080/250 pseudo=4 loss=3.5915 sfseg=3.3577 seg=0.2091 mard=2.0565 λM=0.0428 DURR(dir/res/hall)=1.4577/0.0000/0.0000 λD=1.000 route=241 E/S=125/116 rescue=0 empty=0 hall=0/0 FG/HBG/EBG=32/256/1280 grad=25.96
[E19] batch=090/250 pseudo=4 loss=7.0526 sfseg=6.8475 seg=0.6480 mard=2.0483 λM=0.0419 DURR(dir/res/hall)=1.1933/0.0000/0.0000 λD=1.000 route=182 E/S=122/60 rescue=0 empty=0 hall=0/0 FG/HBG/EBG=32/256/1280 grad=69.02
[E19] batch=100/250 pseudo=4 loss=2.8685 sfseg=2.6983 seg=0.2402 mard=1.9748 λM=0.0447 DURR(dir/res/hall)=0.8196/0.0000/0.0000 λD=1.000 route=142 E/S=86/56 rescue=0 empty=0 hall=0/0 FG/HBG/EBG=32/256/1280 grad=31.16
[E19] batch=110/250 pseudo=3 loss=3.9267 sfseg=3.4028 seg=0.5579 mard=2.0977 λM=0.0379 DURR(dir/res/hall)=0.7850/0.0000/3.6582 λD=1.000 route=250 E/S=142/108 rescue=0 empty=1 hall=1/6 FG/HBG/EBG=24/192/960 grad=34.09
[E19] batch=120/250 pseudo=4 loss=5.1898 sfseg=4.8337 seg=0.2929 mard=2.0482 λM=0.0451 DURR(dir/res/hall)=2.6364/0.0000/0.0000 λD=1.000 route=181 E/S=83/98 rescue=0 empty=0 hall=0/0 FG/HBG/EBG=32/256/1280 grad=34.86
[E19] batch=130/250 pseudo=4 loss=5.1213 sfseg=4.9340 seg=0.3931 mard=2.0143 λM=0.0370 DURR(dir/res/hall)=1.1268/0.0000/0.0000 λD=1.000 route=368 E/S=56/312 rescue=0 empty=0 hall=0/0 FG/HBG/EBG=32/256/1280 grad=41.75
[E19] batch=140/250 pseudo=3 loss=7.2011 sfseg=6.6119 seg=0.7648 mard=2.0314 λM=0.0265 DURR(dir/res/hall)=1.0031/0.0000/4.3514 λD=1.000 route=211 E/S=74/137 rescue=0 empty=1 hall=1/652 FG/HBG/EBG=24/192/960 grad=27.15
[E19] batch=150/250 pseudo=5 loss=9.8100 sfseg=9.6563 seg=0.8859 mard=2.0207 λM=0.0286 DURR(dir/res/hall)=0.9418/0.0090/0.0000 λD=1.000 route=338 E/S=174/164 rescue=1 empty=0 hall=0/0 FG/HBG/EBG=40/256/1280 grad=62.28
[E19] batch=160/250 pseudo=4 loss=6.7280 sfseg=6.5279 seg=0.5837 mard=2.0488 λM=0.0433 DURR(dir/res/hall)=1.1139/0.0000/0.0000 λD=1.000 route=138 E/S=41/97 rescue=0 empty=0 hall=0/0 FG/HBG/EBG=32/256/1280 grad=47.59
[E19] batch=170/250 pseudo=4 loss=16.2020 sfseg=15.9650 seg=0.9305 mard=2.0123 λM=0.0286 DURR(dir/res/hall)=1.7938/0.0000/0.0000 λD=1.000 route=539 E/S=92/447 rescue=0 empty=0 hall=0/0 FG/HBG/EBG=32/256/1280 grad=63.85
[E19] batch=180/250 pseudo=4 loss=14.0946 sfseg=13.8514 seg=0.9109 mard=2.0018 λM=0.0410 DURR(dir/res/hall)=1.6117/0.0000/0.0000 λD=1.000 route=355 E/S=157/198 rescue=0 empty=0 hall=0/0 FG/HBG/EBG=32/256/1280 grad=98.48
[E19] batch=190/250 pseudo=4 loss=5.6482 sfseg=5.4784 seg=0.4485 mard=2.0059 λM=0.0433 DURR(dir/res/hall)=0.8290/0.0000/0.0000 λD=1.000 route=341 E/S=127/214 rescue=0 empty=0 hall=0/0 FG/HBG/EBG=32/256/1280 grad=33.64
[E19] batch=200/250 pseudo=5 loss=8.3549 sfseg=8.1401 seg=0.9531 mard=2.1030 λM=0.0362 DURR(dir/res/hall)=1.3868/0.0000/0.0000 λD=1.000 route=576 E/S=156/420 rescue=0 empty=0 hall=0/0 FG/HBG/EBG=40/256/1280 grad=39.35
[E19] batch=210/250 pseudo=4 loss=7.3368 sfseg=7.0882 seg=0.3741 mard=2.0103 λM=0.0443 DURR(dir/res/hall)=1.5968/0.0000/0.0000 λD=1.000 route=388 E/S=205/183 rescue=0 empty=0 hall=0/0 FG/HBG/EBG=32/256/1280 grad=31.13
[E19] batch=220/250 pseudo=4 loss=16.2257 sfseg=15.9030 seg=1.0576 mard=2.0183 λM=0.0362 DURR(dir/res/hall)=2.4959/0.0000/0.0000 λD=1.000 route=440 E/S=55/385 rescue=0 empty=0 hall=0/0 FG/HBG/EBG=32/256/1280 grad=154.10
[E19] batch=230/250 pseudo=5 loss=5.5364 sfseg=5.3191 seg=0.2750 mard=2.0321 λM=0.0390 DURR(dir/res/hall)=1.3805/0.0000/0.0000 λD=1.000 route=72 E/S=45/27 rescue=0 empty=0 hall=0/0 FG/HBG/EBG=40/256/1280 grad=25.57
[E19] batch=240/250 pseudo=5 loss=11.8447 sfseg=11.1403 seg=0.9004 mard=1.9798 λM=0.0273 DURR(dir/res/hall)=1.6962/0.0000/4.8058 λD=1.000 route=598 E/S=261/337 rescue=0 empty=1 hall=1/696 FG/HBG/EBG=40/256/896 grad=69.40
[E19] batch=250/250 pseudo=5 loss=5.0404 sfseg=4.8334 seg=0.3673 mard=2.0721 λM=0.0304 DURR(dir/res/hall)=1.4412/0.0000/0.0000 λD=1.000 route=298 E/S=55/243 rescue=0 empty=0 hall=0/0 FG/HBG/EBG=40/256/1280 grad=35.32

[Epoch 19] DONE time=67.2s valid=250 skipped=0 pseudo=1030 anchors=997 mask_extra=33 reject_rel=16 DURRmatch=967/4663 rescue=13 teacher_empty=49 hall=20/5530 loss=7.7548 sfseg=7.5241 mard=2.0301 dir=1.2535 res=0.0116 hallL=0.2450 route E/S=25606/50944
[E20] batch=001/250 pseudo=4 loss=12.7047 sfseg=12.3859 seg=0.4963 mard=2.0401 λM=0.0405 DURR(dir/res/hall)=2.3613/0.0000/0.0000 λD=1.000 route=188 E/S=77/111 rescue=0 empty=0 hall=0/0 FG/HBG/EBG=32/256/1280 grad=137.92
[E20] batch=010/250 pseudo=3 loss=4.0682 sfseg=3.8513 seg=0.4466 mard=2.0176 λM=0.0439 DURR(dir/res/hall)=1.2833/0.0000/0.0000 λD=1.000 route=328 E/S=47/281 rescue=0 empty=1 hall=0/0 FG/HBG/EBG=24/192/960 grad=27.55
[E20] batch=020/250 pseudo=4 loss=3.7450 sfseg=3.5575 seg=0.2961 mard=1.9910 λM=0.0440 DURR(dir/res/hall)=0.9995/0.0000/0.0000 λD=1.000 route=150 E/S=86/64 rescue=0 empty=0 hall=0/0 FG/HBG/EBG=32/256/1280 grad=23.26
[E20] batch=030/250 pseudo=3 loss=4.8184 sfseg=4.6155 seg=0.3826 mard=2.0930 λM=0.0423 DURR(dir/res/hall)=1.1435/0.0000/0.0000 λD=1.000 route=144 E/S=89/55 rescue=0 empty=1 hall=0/0 FG/HBG/EBG=24/192/960 grad=72.58
[E20] batch=040/250 pseudo=4 loss=9.3983 sfseg=9.1501 seg=0.5580 mard=2.0023 λM=0.0370 DURR(dir/res/hall)=1.7415/0.0000/0.0000 λD=1.000 route=113 E/S=75/38 rescue=0 empty=0 hall=0/0 FG/HBG/EBG=32/256/1280 grad=54.41
[E20] batch=050/250 pseudo=4 loss=5.9477 sfseg=5.1767 seg=0.5302 mard=1.9851 λM=0.0367 DURR(dir/res/hall)=1.5751/0.0000/5.4053 λD=1.000 route=420 E/S=74/346 rescue=0 empty=1 hall=1/618 FG/HBG/EBG=32/192/960 grad=27.94
[E20] batch=060/250 pseudo=5 loss=4.4407 sfseg=4.2392 seg=0.2275 mard=1.9854 λM=0.0441 DURR(dir/res/hall)=1.1395/0.0000/0.0000 λD=1.000 route=224 E/S=57/167 rescue=0 empty=0 hall=0/0 FG/HBG/EBG=40/320/1216 grad=27.18
[E20] batch=070/250 pseudo=6 loss=6.9093 sfseg=6.7027 seg=0.5138 mard=2.0095 λM=0.0283 DURR(dir/res/hall)=1.4967/0.0000/0.0000 λD=1.000 route=566 E/S=161/405 rescue=0 empty=0 hall=0/0 FG/HBG/EBG=48/384/1152 grad=29.86
[E20] batch=080/250 pseudo=3 loss=3.6813 sfseg=3.5047 seg=0.3709 mard=1.9987 λM=0.0438 DURR(dir/res/hall)=0.8901/0.0000/0.0000 λD=1.000 route=261 E/S=141/120 rescue=0 empty=1 hall=0/0 FG/HBG/EBG=24/192/960 grad=24.90
[E20] batch=090/250 pseudo=5 loss=7.4211 sfseg=7.1579 seg=0.5671 mard=1.9974 λM=0.0335 DURR(dir/res/hall)=1.9633/0.0000/0.0000 λD=1.000 route=177 E/S=123/54 rescue=0 empty=0 hall=0/0 FG/HBG/EBG=40/320/1216 grad=34.05
[E20] batch=100/250 pseudo=4 loss=8.9099 sfseg=8.6885 seg=0.9484 mard=2.0381 λM=0.0380 DURR(dir/res/hall)=1.4400/0.0000/0.0000 λD=1.000 route=510 E/S=100/410 rescue=0 empty=0 hall=0/0 FG/HBG/EBG=32/256/1280 grad=94.39
[E20] batch=110/250 pseudo=5 loss=27.2365 sfseg=27.0382 seg=3.0427 mard=2.0009 λM=0.0323 DURR(dir/res/hall)=1.3361/0.0000/0.0000 λD=1.000 route=759 E/S=338/421 rescue=0 empty=0 hall=0/0 FG/HBG/EBG=40/256/1280 grad=409.96
[E20] batch=120/250 pseudo=4 loss=6.7916 sfseg=6.5727 seg=0.3202 mard=1.9896 λM=0.0322 DURR(dir/res/hall)=1.5480/0.0000/0.0000 λD=1.000 route=462 E/S=83/379 rescue=0 empty=0 hall=0/0 FG/HBG/EBG=32/256/1280 grad=27.98
[E20] batch=130/250 pseudo=4 loss=20.8419 sfseg=20.6255 seg=3.3442 mard=2.0517 λM=0.0352 DURR(dir/res/hall)=1.4404/0.0000/0.0000 λD=1.000 route=572 E/S=33/539 rescue=0 empty=0 hall=0/0 FG/HBG/EBG=32/256/1280 grad=229.40
[E20] batch=140/250 pseudo=4 loss=4.4214 sfseg=4.2035 seg=0.3836 mard=2.0554 λM=0.0403 DURR(dir/res/hall)=1.3507/0.0000/0.0000 λD=1.000 route=71 E/S=35/36 rescue=0 empty=0 hall=0/0 FG/HBG/EBG=32/256/1280 grad=50.78
[E20] batch=150/250 pseudo=5 loss=9.8703 sfseg=9.6865 seg=0.4717 mard=2.0711 λM=0.0380 DURR(dir/res/hall)=1.0509/0.0000/0.0000 λD=1.000 route=423 E/S=143/280 rescue=0 empty=0 hall=0/0 FG/HBG/EBG=40/320/1216 grad=77.87
[E20] batch=160/250 pseudo=4 loss=7.6015 sfseg=7.3816 seg=0.8904 mard=2.0673 λM=0.0415 DURR(dir/res/hall)=1.3421/0.0000/0.0000 λD=1.000 route=541 E/S=155/386 rescue=0 empty=0 hall=0/0 FG/HBG/EBG=32/256/1280 grad=46.19
[E20] batch=170/250 pseudo=4 loss=10.1297 sfseg=9.9456 seg=0.5718 mard=2.0209 λM=0.0315 DURR(dir/res/hall)=1.1893/0.0068/0.0000 λD=1.000 route=587 E/S=207/380 rescue=1 empty=0 hall=0/0 FG/HBG/EBG=32/256/1280 grad=64.58
[E20] batch=180/250 pseudo=3 loss=3.9426 sfseg=3.7210 seg=0.3887 mard=1.9912 λM=0.0443 DURR(dir/res/hall)=1.3329/0.0000/0.0000 λD=1.000 route=100 E/S=52/48 rescue=0 empty=1 hall=0/0 FG/HBG/EBG=24/192/960 grad=66.68
[E20] batch=190/250 pseudo=4 loss=9.8348 sfseg=9.6157 seg=0.9899 mard=2.0043 λM=0.0380 DURR(dir/res/hall)=1.4293/0.0000/0.0000 λD=1.000 route=200 E/S=151/49 rescue=0 empty=0 hall=0/0 FG/HBG/EBG=32/256/1280 grad=49.65
[E20] batch=200/250 pseudo=6 loss=10.4474 sfseg=10.2452 seg=0.7716 mard=1.9966 λM=0.0391 DURR(dir/res/hall)=1.2425/0.0000/0.0000 λD=1.000 route=411 E/S=125/286 rescue=0 empty=0 hall=0/0 FG/HBG/EBG=48/384/1152 grad=75.16
[E20] batch=210/250 pseudo=4 loss=5.8554 sfseg=5.6938 seg=0.3288 mard=2.0472 λM=0.0389 DURR(dir/res/hall)=0.8184/0.0000/0.0000 λD=1.000 route=281 E/S=83/198 rescue=0 empty=0 hall=0/0 FG/HBG/EBG=32/256/1280 grad=40.53
[E20] batch=220/250 pseudo=3 loss=2.6873 sfseg=2.4844 seg=0.2429 mard=1.9926 λM=0.0437 DURR(dir/res/hall)=1.1586/0.0000/0.0000 λD=1.000 route=94 E/S=52/42 rescue=0 empty=1 hall=0/0 FG/HBG/EBG=24/192/960 grad=26.70
[E20] batch=230/250 pseudo=4 loss=6.0588 sfseg=5.8685 seg=0.4959 mard=2.0686 λM=0.0389 DURR(dir/res/hall)=1.0990/0.0000/0.0000 λD=1.000 route=257 E/S=156/101 rescue=0 empty=0 hall=0/0 FG/HBG/EBG=32/256/1280 grad=42.10
[E20] batch=240/250 pseudo=2 loss=3.9333 sfseg=3.1844 seg=0.4504 mard=2.0563 λM=0.0442 DURR(dir/res/hall)=1.1080/0.0000/5.4732 λD=1.000 route=76 E/S=3/73 rescue=0 empty=2 hall=1/483 FG/HBG/EBG=16/128/640 grad=32.62
[E20] batch=250/250 pseudo=4 loss=8.5524 sfseg=8.2787 seg=0.4400 mard=1.9922 λM=0.0442 DURR(dir/res/hall)=1.8574/0.0000/0.0000 λD=1.000 route=334 E/S=54/280 rescue=0 empty=0 hall=0/0 FG/HBG/EBG=32/256/1280 grad=54.59

[Epoch 20] DONE time=67.0s valid=250 skipped=0 pseudo=1032 anchors=999 mask_extra=33 reject_rel=18 DURRmatch=963/4661 rescue=9 teacher_empty=48 hall=15/4166 loss=7.6968 sfseg=7.4726 mard=2.0284 dir=1.2997 res=0.0024 hallL=0.1533 route E/S=26460/50550
[SAVE Student] /home/dang/MedRT-SFOD/runs/seg/dense_sfseg/kvasir_durr_v1_segmard_v2_60ep/checkpoints/durr_student_epoch_20.pt
[SAVE Teacher] /home/dang/MedRT-SFOD/runs/seg/dense_sfseg/kvasir_durr_v1_segmard_v2_60ep/checkpoints/durr_teacher_ema_epoch_20.pt
[E21] batch=001/250 pseudo=4 loss=16.0170 sfseg=15.8183 seg=0.5423 mard=2.0274 λM=0.0452 DURR(dir/res/hall)=1.0714/0.0000/0.0000 λD=1.000 route=345 E/S=48/297 rescue=0 empty=0 hall=0/0 FG/HBG/EBG=32/256/1280 grad=128.76
[E21] batch=010/250 pseudo=4 loss=5.3950 sfseg=5.2072 seg=0.5460 mard=2.0553 λM=0.0389 DURR(dir/res/hall)=1.0787/0.0000/0.0000 λD=1.000 route=416 E/S=61/355 rescue=0 empty=0 hall=0/0 FG/HBG/EBG=32/256/1280 grad=43.94
[E21] batch=020/250 pseudo=4 loss=5.6075 sfseg=5.4473 seg=0.4069 mard=2.0624 λM=0.0442 DURR(dir/res/hall)=0.6914/0.0000/0.0000 λD=1.000 route=316 E/S=163/153 rescue=0 empty=0 hall=0/0 FG/HBG/EBG=32/256/1280 grad=64.19
[E21] batch=030/250 pseudo=3 loss=4.3940 sfseg=3.8123 seg=0.3925 mard=1.9726 λM=0.0308 DURR(dir/res/hall)=1.2528/0.0000/3.9574 λD=1.000 route=225 E/S=168/57 rescue=0 empty=1 hall=1/739 FG/HBG/EBG=24/192/960 grad=25.30
[E21] batch=040/250 pseudo=4 loss=12.1623 sfseg=11.9523 seg=1.2150 mard=1.9967 λM=0.0283 DURR(dir/res/hall)=1.5357/0.0000/0.0000 λD=1.000 route=299 E/S=266/33 rescue=0 empty=1 hall=1/0 FG/HBG/EBG=32/192/960 grad=157.13
[E21] batch=050/250 pseudo=3 loss=3.4829 sfseg=3.2998 seg=0.2816 mard=1.9850 λM=0.0313 DURR(dir/res/hall)=1.2094/0.0000/0.0000 λD=1.000 route=31 E/S=27/4 rescue=0 empty=1 hall=0/0 FG/HBG/EBG=24/192/960 grad=21.92
[E21] batch=060/250 pseudo=4 loss=4.4758 sfseg=4.2708 seg=0.3227 mard=2.0249 λM=0.0449 DURR(dir/res/hall)=1.1412/0.0000/0.0000 λD=1.000 route=168 E/S=90/78 rescue=0 empty=0 hall=0/0 FG/HBG/EBG=32/256/1280 grad=28.41
[E21] batch=070/250 pseudo=7 loss=10.7235 sfseg=10.5213 seg=0.4335 mard=1.9527 λM=0.0387 DURR(dir/res/hall)=1.2672/0.0000/0.0000 λD=1.000 route=276 E/S=114/162 rescue=0 empty=0 hall=0/0 FG/HBG/EBG=56/320/1216 grad=62.21
[E21] batch=080/250 pseudo=4 loss=6.5995 sfseg=6.4449 seg=0.4577 mard=2.0196 λM=0.0398 DURR(dir/res/hall)=0.7428/0.0000/0.0000 λD=1.000 route=397 E/S=191/206 rescue=0 empty=0 hall=0/0 FG/HBG/EBG=32/256/1280 grad=59.70
[E21] batch=090/250 pseudo=5 loss=7.0786 sfseg=6.9203 seg=0.6435 mard=1.9696 λM=0.0371 DURR(dir/res/hall)=0.8514/0.0000/0.0000 λD=1.000 route=363 E/S=99/264 rescue=0 empty=0 hall=0/0 FG/HBG/EBG=40/320/1216 grad=48.12
[E21] batch=100/250 pseudo=4 loss=5.0693 sfseg=4.9271 seg=0.3824 mard=2.0172 λM=0.0327 DURR(dir/res/hall)=0.7614/0.0000/0.0000 λD=1.000 route=409 E/S=131/278 rescue=0 empty=0 hall=0/0 FG/HBG/EBG=32/256/1280 grad=30.52
[E21] batch=110/250 pseudo=4 loss=6.4632 sfseg=6.2843 seg=0.3209 mard=2.0448 λM=0.0413 DURR(dir/res/hall)=0.9451/0.0000/0.0000 λD=1.000 route=454 E/S=139/315 rescue=0 empty=0 hall=0/0 FG/HBG/EBG=32/256/1280 grad=98.98
[E21] batch=120/250 pseudo=3 loss=3.3866 sfseg=3.1904 seg=0.4087 mard=2.0693 λM=0.0433 DURR(dir/res/hall)=1.0658/0.0000/0.0000 λD=1.000 route=117 E/S=67/50 rescue=0 empty=1 hall=0/0 FG/HBG/EBG=24/192/960 grad=31.39
[E21] batch=130/250 pseudo=4 loss=7.2666 sfseg=7.0543 seg=0.5367 mard=1.9865 λM=0.0434 DURR(dir/res/hall)=1.2599/0.0000/0.0000 λD=1.000 route=129 E/S=33/96 rescue=0 empty=0 hall=0/0 FG/HBG/EBG=32/256/1280 grad=93.15
[E21] batch=140/250 pseudo=4 loss=8.0826 sfseg=7.7526 seg=0.8734 mard=1.9855 λM=0.0395 DURR(dir/res/hall)=1.4423/0.5373/0.0000 λD=1.000 route=103 E/S=18/85 rescue=1 empty=0 hall=0/0 FG/HBG/EBG=32/256/1280 grad=38.10
[E21] batch=150/250 pseudo=5 loss=3.6519 sfseg=3.4179 seg=0.2445 mard=1.9799 λM=0.0374 DURR(dir/res/hall)=1.5985/0.0000/0.0000 λD=1.000 route=158 E/S=54/104 rescue=0 empty=0 hall=0/0 FG/HBG/EBG=40/320/1216 grad=21.18
[E21] batch=160/250 pseudo=3 loss=3.0326 sfseg=2.8169 seg=0.3035 mard=2.0166 λM=0.0425 DURR(dir/res/hall)=1.2999/0.0000/0.0000 λD=1.000 route=203 E/S=89/114 rescue=0 empty=1 hall=0/0 FG/HBG/EBG=24/192/960 grad=26.95
[E21] batch=170/250 pseudo=4 loss=4.3782 sfseg=4.2032 seg=0.3712 mard=2.0597 λM=0.0445 DURR(dir/res/hall)=0.8347/0.0000/0.0000 λD=1.000 route=330 E/S=175/155 rescue=0 empty=0 hall=0/0 FG/HBG/EBG=32/256/1280 grad=40.82
[E21] batch=180/250 pseudo=5 loss=3.2276 sfseg=3.0214 seg=0.2047 mard=1.9994 λM=0.0430 DURR(dir/res/hall)=1.2030/0.0000/0.0000 λD=1.000 route=189 E/S=103/86 rescue=0 empty=0 hall=0/0 FG/HBG/EBG=40/320/1216 grad=27.34
[E21] batch=190/250 pseudo=4 loss=3.6268 sfseg=3.4262 seg=0.2545 mard=2.0773 λM=0.0445 DURR(dir/res/hall)=1.0812/0.0000/0.0000 λD=1.000 route=206 E/S=58/148 rescue=0 empty=0 hall=0/0 FG/HBG/EBG=32/256/1280 grad=30.06
[E21] batch=200/250 pseudo=4 loss=18.5571 sfseg=18.3255 seg=1.8466 mard=2.0088 λM=0.0423 DURR(dir/res/hall)=1.4650/0.0000/0.0000 λD=1.000 route=363 E/S=212/151 rescue=0 empty=0 hall=0/0 FG/HBG/EBG=32/256/1280 grad=125.93
[E21] batch=210/250 pseudo=3 loss=5.1998 sfseg=5.0016 seg=0.5628 mard=2.0348 λM=0.0390 DURR(dir/res/hall)=0.9948/0.0971/0.0000 λD=1.000 route=118 E/S=36/82 rescue=1 empty=1 hall=0/0 FG/HBG/EBG=24/192/960 grad=33.19
[E21] batch=220/250 pseudo=4 loss=9.4514 sfseg=9.2119 seg=0.8152 mard=2.0471 λM=0.0348 DURR(dir/res/hall)=1.6830/0.0000/0.0000 λD=1.000 route=450 E/S=298/152 rescue=0 empty=0 hall=0/0 FG/HBG/EBG=32/256/1280 grad=80.01
[E21] batch=230/250 pseudo=5 loss=21.3957 sfseg=21.1392 seg=1.0716 mard=2.0389 λM=0.0391 DURR(dir/res/hall)=1.7684/0.0000/0.0000 λD=1.000 route=607 E/S=129/478 rescue=0 empty=0 hall=0/0 FG/HBG/EBG=40/320/1216 grad=144.96
[E21] batch=240/250 pseudo=7 loss=7.4691 sfseg=7.2711 seg=0.7214 mard=2.0181 λM=0.0335 DURR(dir/res/hall)=1.3035/0.0000/0.0000 λD=1.000 route=114 E/S=45/69 rescue=0 empty=0 hall=0/0 FG/HBG/EBG=56/256/1280 grad=49.23
[E21] batch=250/250 pseudo=5 loss=9.4789 sfseg=9.3060 seg=0.4990 mard=1.9827 λM=0.0304 DURR(dir/res/hall)=1.1263/0.0000/0.0000 λD=1.000 route=501 E/S=240/261 rescue=0 empty=0 hall=0/0 FG/HBG/EBG=40/256/1280 grad=74.60

[Epoch 21] DONE time=67.2s valid=250 skipped=0 pseudo=1018 anchors=980 mask_extra=38 reject_rel=19 DURRmatch=956/4653 rescue=12 teacher_empty=51 hall=15/6100 loss=7.7885 sfseg=7.5604 mard=2.0255 dir=1.2586 res=0.0078 hallL=0.2184 route E/S=27710/47593
[E22] batch=001/250 pseudo=4 loss=2.9595 sfseg=2.7703 seg=0.2083 mard=1.9944 λM=0.0429 DURR(dir/res/hall)=1.0366/0.0000/0.0000 λD=1.000 route=197 E/S=59/138 rescue=0 empty=0 hall=0/0 FG/HBG/EBG=32/256/1280 grad=21.39
[E22] batch=010/250 pseudo=5 loss=6.9804 sfseg=6.7911 seg=0.6080 mard=2.0696 λM=0.0302 DURR(dir/res/hall)=1.2676/0.0000/0.0000 λD=1.000 route=398 E/S=105/293 rescue=0 empty=0 hall=0/0 FG/HBG/EBG=40/256/1280 grad=50.35
[E22] batch=020/250 pseudo=4 loss=10.8985 sfseg=10.7170 seg=1.0391 mard=2.0366 λM=0.0434 DURR(dir/res/hall)=0.9307/0.0000/0.0000 λD=1.000 route=284 E/S=222/62 rescue=0 empty=0 hall=0/0 FG/HBG/EBG=32/256/1280 grad=73.85
[E22] batch=030/250 pseudo=4 loss=16.0427 sfseg=15.9298 seg=0.5646 mard=2.0138 λM=0.0307 DURR(dir/res/hall)=0.5117/0.0000/0.0000 λD=1.000 route=201 E/S=59/142 rescue=0 empty=0 hall=0/0 FG/HBG/EBG=32/256/1280 grad=326.00
[E22] batch=040/250 pseudo=3 loss=8.2129 sfseg=7.9568 seg=0.6745 mard=2.0036 λM=0.0378 DURR(dir/res/hall)=1.8030/0.0000/0.0000 λD=1.000 route=82 E/S=29/53 rescue=0 empty=1 hall=0/0 FG/HBG/EBG=24/192/960 grad=129.05
[E22] batch=050/250 pseudo=4 loss=8.2989 sfseg=8.1262 seg=0.5312 mard=2.0059 λM=0.0345 DURR(dir/res/hall)=1.0357/0.0000/0.0000 λD=1.000 route=366 E/S=157/209 rescue=0 empty=0 hall=0/0 FG/HBG/EBG=32/256/1280 grad=44.89
[E22] batch=060/250 pseudo=3 loss=4.8361 sfseg=4.6417 seg=0.3085 mard=1.9715 λM=0.0433 DURR(dir/res/hall)=1.0902/0.0000/0.0000 λD=1.000 route=127 E/S=39/88 rescue=0 empty=1 hall=0/0 FG/HBG/EBG=24/192/960 grad=114.51
[E22] batch=070/250 pseudo=4 loss=9.0886 sfseg=8.8933 seg=0.4791 mard=2.0505 λM=0.0386 DURR(dir/res/hall)=1.1613/0.0000/0.0000 λD=1.000 route=253 E/S=41/212 rescue=0 empty=0 hall=0/0 FG/HBG/EBG=32/256/1280 grad=94.80
[E22] batch=080/250 pseudo=4 loss=5.1550 sfseg=4.9850 seg=0.3307 mard=2.0401 λM=0.0419 DURR(dir/res/hall)=0.8453/0.0000/0.0000 λD=1.000 route=190 E/S=125/65 rescue=0 empty=0 hall=0/0 FG/HBG/EBG=32/256/1280 grad=44.24
[E22] batch=090/250 pseudo=4 loss=7.9114 sfseg=7.6814 seg=0.6738 mard=2.0622 λM=0.0424 DURR(dir/res/hall)=1.4266/0.0000/0.0000 λD=1.000 route=341 E/S=96/245 rescue=0 empty=0 hall=0/0 FG/HBG/EBG=32/256/1280 grad=35.45
[E22] batch=100/250 pseudo=4 loss=6.8172 sfseg=6.6437 seg=0.3469 mard=2.0479 λM=0.0381 DURR(dir/res/hall)=0.9552/0.0000/0.0000 λD=1.000 route=305 E/S=214/91 rescue=0 empty=0 hall=0/0 FG/HBG/EBG=32/256/1280 grad=43.81
[E22] batch=110/250 pseudo=4 loss=6.7699 sfseg=6.5662 seg=0.7581 mard=2.0847 λM=0.0396 DURR(dir/res/hall)=1.2104/0.0000/0.0000 λD=1.000 route=324 E/S=167/157 rescue=0 empty=0 hall=0/0 FG/HBG/EBG=32/256/1280 grad=67.02
[E22] batch=120/250 pseudo=4 loss=5.6224 sfseg=5.3680 seg=0.2815 mard=2.0111 λM=0.0441 DURR(dir/res/hall)=1.6561/0.0000/0.0000 λD=1.000 route=376 E/S=83/293 rescue=0 empty=0 hall=0/0 FG/HBG/EBG=32/256/1280 grad=48.69
[E22] batch=130/250 pseudo=4 loss=3.1405 sfseg=2.9263 seg=0.2379 mard=2.0181 λM=0.0437 DURR(dir/res/hall)=1.2591/0.0000/0.0000 λD=1.000 route=155 E/S=80/75 rescue=0 empty=0 hall=0/0 FG/HBG/EBG=32/256/1280 grad=22.49
[E22] batch=140/250 pseudo=4 loss=12.2081 sfseg=11.9919 seg=1.1511 mard=2.0137 λM=0.0348 DURR(dir/res/hall)=1.4610/0.0000/0.0000 λD=1.000 route=460 E/S=128/332 rescue=0 empty=0 hall=0/0 FG/HBG/EBG=32/256/1280 grad=129.81
[E22] batch=150/250 pseudo=5 loss=4.4091 sfseg=4.2480 seg=0.2155 mard=2.0233 λM=0.0359 DURR(dir/res/hall)=0.8846/0.0000/0.0000 λD=1.000 route=161 E/S=34/127 rescue=0 empty=0 hall=0/0 FG/HBG/EBG=40/256/1280 grad=100.37
[E22] batch=160/250 pseudo=4 loss=13.2403 sfseg=13.0683 seg=1.5028 mard=2.0047 λM=0.0348 DURR(dir/res/hall)=1.0214/0.0000/0.0000 λD=1.000 route=146 E/S=125/21 rescue=0 empty=0 hall=0/0 FG/HBG/EBG=32/256/1280 grad=63.04
[E22] batch=170/250 pseudo=4 loss=20.7253 sfseg=20.4406 seg=1.4122 mard=2.0172 λM=0.0427 DURR(dir/res/hall)=1.9858/0.0000/0.0000 λD=1.000 route=234 E/S=137/97 rescue=0 empty=0 hall=0/0 FG/HBG/EBG=32/256/1280 grad=53.33
[E22] batch=180/250 pseudo=5 loss=11.1647 sfseg=10.9199 seg=0.4267 mard=2.0185 λM=0.0353 DURR(dir/res/hall)=1.7366/0.0000/0.0000 λD=1.000 route=224 E/S=106/118 rescue=0 empty=0 hall=0/0 FG/HBG/EBG=40/320/1216 grad=115.79
[E22] batch=190/250 pseudo=5 loss=16.2879 sfseg=16.0950 seg=1.2312 mard=2.0205 λM=0.0333 DURR(dir/res/hall)=1.2573/0.0000/0.0000 λD=1.000 route=1349 E/S=169/1180 rescue=0 empty=0 hall=0/0 FG/HBG/EBG=40/256/1280 grad=112.60
[E22] batch=200/250 pseudo=3 loss=2.9029 sfseg=2.6119 seg=0.2108 mard=2.1026 λM=0.0454 DURR(dir/res/hall)=1.9555/0.0000/0.0000 λD=1.000 route=150 E/S=32/118 rescue=0 empty=1 hall=0/0 FG/HBG/EBG=24/192/960 grad=28.59
[E22] batch=210/250 pseudo=4 loss=7.1981 sfseg=6.9837 seg=0.5980 mard=2.0335 λM=0.0376 DURR(dir/res/hall)=1.3782/0.0000/0.0000 λD=1.000 route=724 E/S=170/554 rescue=0 empty=0 hall=0/0 FG/HBG/EBG=32/256/1280 grad=51.87
[E22] batch=220/250 pseudo=3 loss=3.9779 sfseg=3.2007 seg=0.3003 mard=2.0362 λM=0.0431 DURR(dir/res/hall)=1.4255/0.0000/5.4689 λD=1.000 route=69 E/S=40/29 rescue=0 empty=2 hall=1/776 FG/HBG/EBG=24/128/640 grad=47.17
[E22] batch=230/250 pseudo=3 loss=5.6770 sfseg=5.4153 seg=0.6327 mard=2.0079 λM=0.0413 DURR(dir/res/hall)=1.7875/0.0000/0.0000 λD=1.000 route=252 E/S=81/171 rescue=0 empty=1 hall=0/0 FG/HBG/EBG=24/192/960 grad=28.34
[E22] batch=240/250 pseudo=4 loss=5.7757 sfseg=5.5822 seg=0.4989 mard=2.0122 λM=0.0374 DURR(dir/res/hall)=1.1825/0.0000/0.0000 λD=1.000 route=241 E/S=151/90 rescue=0 empty=0 hall=0/0 FG/HBG/EBG=32/256/1280 grad=58.47
[E22] batch=250/250 pseudo=4 loss=10.6886 sfseg=10.4491 seg=0.6861 mard=2.0495 λM=0.0351 DURR(dir/res/hall)=1.6758/0.0000/0.0000 λD=1.000 route=299 E/S=164/135 rescue=0 empty=0 hall=0/0 FG/HBG/EBG=32/256/1280 grad=109.30

[Epoch 22] DONE time=67.1s valid=250 skipped=0 pseudo=1031 anchors=987 mask_extra=44 reject_rel=15 DURRmatch=959/4616 rescue=12 teacher_empty=52 hall=18/4233 loss=7.7776 sfseg=7.5494 mard=2.0300 dir=1.2572 res=0.0168 hallL=0.2073 route E/S=25078/49867
[E23] batch=001/250 pseudo=4 loss=3.7678 sfseg=3.6060 seg=0.3744 mard=2.0945 λM=0.0441 DURR(dir/res/hall)=0.6936/0.0000/0.0000 λD=1.000 route=279 E/S=117/162 rescue=0 empty=0 hall=0/0 FG/HBG/EBG=32/256/1280 grad=23.90
[E23] batch=010/250 pseudo=4 loss=5.1037 sfseg=4.9365 seg=0.4597 mard=1.9946 λM=0.0434 DURR(dir/res/hall)=0.8061/0.0000/0.0000 λD=1.000 route=98 E/S=55/43 rescue=0 empty=0 hall=0/0 FG/HBG/EBG=32/256/1280 grad=56.35
[E23] batch=020/250 pseudo=4 loss=12.5395 sfseg=12.3869 seg=0.9964 mard=2.0709 λM=0.0244 DURR(dir/res/hall)=1.0203/0.0000/0.0000 λD=1.000 route=181 E/S=49/132 rescue=0 empty=0 hall=0/0 FG/HBG/EBG=32/256/1280 grad=65.76
[E23] batch=030/250 pseudo=4 loss=4.4773 sfseg=4.1777 seg=0.2929 mard=2.0146 λM=0.0444 DURR(dir/res/hall)=2.1028/0.0000/0.0000 λD=1.000 route=280 E/S=64/216 rescue=0 empty=0 hall=0/0 FG/HBG/EBG=32/256/1280 grad=30.41
[E23] batch=040/250 pseudo=4 loss=7.5608 sfseg=7.3150 seg=0.7496 mard=2.1273 λM=0.0418 DURR(dir/res/hall)=1.5682/0.0000/0.0000 λD=1.000 route=331 E/S=78/253 rescue=0 empty=0 hall=0/0 FG/HBG/EBG=32/256/1280 grad=33.77
[E23] batch=050/250 pseudo=4 loss=3.5252 sfseg=3.3133 seg=0.1959 mard=2.0141 λM=0.0439 DURR(dir/res/hall)=1.2338/0.0000/0.0000 λD=1.000 route=193 E/S=161/32 rescue=0 empty=0 hall=0/0 FG/HBG/EBG=32/256/1280 grad=37.49
[E23] batch=060/250 pseudo=4 loss=3.8684 sfseg=3.6442 seg=0.2942 mard=2.0138 λM=0.0446 DURR(dir/res/hall)=1.3438/0.0000/0.0000 λD=1.000 route=115 E/S=51/64 rescue=0 empty=0 hall=0/0 FG/HBG/EBG=32/256/1280 grad=27.85
[E23] batch=070/250 pseudo=4 loss=12.5000 sfseg=12.2779 seg=1.0036 mard=1.9675 λM=0.0353 DURR(dir/res/hall)=1.5265/0.0000/0.0000 λD=1.000 route=835 E/S=109/726 rescue=0 empty=0 hall=0/0 FG/HBG/EBG=32/256/1280 grad=95.60
[E23] batch=080/250 pseudo=4 loss=8.2434 sfseg=8.0219 seg=0.7690 mard=2.0765 λM=0.0379 DURR(dir/res/hall)=1.4270/0.0000/0.0000 λD=1.000 route=373 E/S=199/174 rescue=0 empty=0 hall=0/0 FG/HBG/EBG=32/256/1280 grad=86.47
[E23] batch=090/250 pseudo=5 loss=19.8911 sfseg=19.6659 seg=2.8720 mard=2.0304 λM=0.0386 DURR(dir/res/hall)=1.4666/0.0000/0.0000 λD=1.000 route=548 E/S=234/314 rescue=0 empty=0 hall=0/0 FG/HBG/EBG=40/320/1216 grad=110.73
[E23] batch=100/250 pseudo=6 loss=8.5706 sfseg=8.4102 seg=0.6996 mard=1.9456 λM=0.0311 DURR(dir/res/hall)=0.9989/0.0000/0.0000 λD=1.000 route=832 E/S=123/709 rescue=0 empty=0 hall=0/0 FG/HBG/EBG=48/320/1216 grad=93.86
[E23] batch=110/250 pseudo=3 loss=2.7476 sfseg=2.1229 seg=0.1665 mard=2.0177 λM=0.0450 DURR(dir/res/hall)=0.6579/0.0000/4.6821 λD=1.000 route=126 E/S=86/40 rescue=0 empty=1 hall=1/638 FG/HBG/EBG=24/192/960 grad=22.44
[E23] batch=120/250 pseudo=4 loss=7.0359 sfseg=6.8788 seg=0.5983 mard=2.0422 λM=0.0277 DURR(dir/res/hall)=1.0058/0.0000/0.0000 λD=1.000 route=403 E/S=190/213 rescue=0 empty=0 hall=0/0 FG/HBG/EBG=32/256/1280 grad=35.49
[E23] batch=130/250 pseudo=4 loss=17.9440 sfseg=17.7224 seg=1.5596 mard=1.9920 λM=0.0339 DURR(dir/res/hall)=1.5404/0.0000/0.0000 λD=1.000 route=259 E/S=104/155 rescue=0 empty=0 hall=0/0 FG/HBG/EBG=32/256/1280 grad=172.50
[E23] batch=140/250 pseudo=4 loss=4.2984 sfseg=4.0835 seg=0.2264 mard=2.0234 λM=0.0438 DURR(dir/res/hall)=1.2620/0.0000/0.0000 λD=1.000 route=461 E/S=82/379 rescue=0 empty=0 hall=0/0 FG/HBG/EBG=32/256/1280 grad=28.50
[E23] batch=150/250 pseudo=4 loss=21.3664 sfseg=21.2704 seg=1.4012 mard=2.0035 λM=0.0346 DURR(dir/res/hall)=0.2296/0.0181/0.0000 λD=1.000 route=42 E/S=14/28 rescue=1 empty=0 hall=0/0 FG/HBG/EBG=32/256/1280 grad=110.80
[E23] batch=160/250 pseudo=3 loss=14.1587 sfseg=13.9536 seg=1.9986 mard=2.0756 λM=0.0305 DURR(dir/res/hall)=1.4186/0.0000/0.0000 λD=1.000 route=556 E/S=363/193 rescue=0 empty=1 hall=0/0 FG/HBG/EBG=24/192/960 grad=47.18
[E23] batch=170/250 pseudo=3 loss=5.9280 sfseg=5.6462 seg=0.6747 mard=2.0731 λM=0.0426 DURR(dir/res/hall)=1.9345/0.0000/0.0000 λD=1.000 route=179 E/S=93/86 rescue=0 empty=1 hall=0/0 FG/HBG/EBG=24/192/960 grad=86.76
[E23] batch=180/250 pseudo=4 loss=13.6995 sfseg=13.4320 seg=1.8189 mard=2.1160 λM=0.0435 DURR(dir/res/hall)=1.7547/0.0000/0.0000 λD=1.000 route=245 E/S=49/196 rescue=0 empty=0 hall=0/0 FG/HBG/EBG=32/256/1280 grad=213.89
[E23] batch=190/250 pseudo=5 loss=13.9596 sfseg=13.7740 seg=0.7418 mard=1.9895 λM=0.0321 DURR(dir/res/hall)=1.2165/0.0000/0.0000 λD=1.000 route=434 E/S=122/312 rescue=0 empty=0 hall=0/0 FG/HBG/EBG=40/256/1280 grad=80.61
[E23] batch=200/250 pseudo=4 loss=13.5042 sfseg=13.2861 seg=1.0968 mard=2.0483 λM=0.0419 DURR(dir/res/hall)=1.3219/0.0000/0.0000 λD=1.000 route=440 E/S=112/328 rescue=0 empty=0 hall=0/0 FG/HBG/EBG=32/256/1280 grad=48.58
[E23] batch=210/250 pseudo=5 loss=7.7046 sfseg=7.4503 seg=0.5701 mard=2.0089 λM=0.0330 DURR(dir/res/hall)=1.8810/0.0000/0.0000 λD=1.000 route=212 E/S=125/87 rescue=0 empty=0 hall=0/0 FG/HBG/EBG=40/320/1216 grad=61.88
[E23] batch=220/250 pseudo=3 loss=6.0902 sfseg=5.8750 seg=0.5620 mard=1.9805 λM=0.0367 DURR(dir/res/hall)=1.4257/0.0000/0.0000 λD=1.000 route=430 E/S=136/294 rescue=0 empty=1 hall=0/0 FG/HBG/EBG=24/192/960 grad=46.83
[E23] batch=230/250 pseudo=4 loss=2.8847 sfseg=2.6791 seg=0.2129 mard=2.0176 λM=0.0457 DURR(dir/res/hall)=1.1336/0.0000/0.0000 λD=1.000 route=211 E/S=40/171 rescue=0 empty=0 hall=0/0 FG/HBG/EBG=32/256/1280 grad=18.49
[E23] batch=240/250 pseudo=3 loss=9.4053 sfseg=8.7221 seg=0.7448 mard=2.0409 λM=0.0429 DURR(dir/res/hall)=2.0273/0.0000/3.9302 λD=1.000 route=75 E/S=19/56 rescue=0 empty=1 hall=1/624 FG/HBG/EBG=24/192/960 grad=76.04
[E23] batch=250/250 pseudo=4 loss=5.7840 sfseg=5.5660 seg=0.4155 mard=2.0559 λM=0.0428 DURR(dir/res/hall)=1.2996/0.0000/0.0000 λD=1.000 route=357 E/S=46/311 rescue=0 empty=0 hall=0/0 FG/HBG/EBG=32/256/1280 grad=65.21

[Epoch 23] DONE time=67.1s valid=250 skipped=0 pseudo=1022 anchors=980 mask_extra=42 reject_rel=16 DURRmatch=953/4607 rescue=12 teacher_empty=47 hall=22/7453 loss=7.6035 sfseg=7.3684 mard=2.0274 dir=1.2497 res=0.0058 hallL=0.3064 route E/S=25745/49445
[E24] batch=001/250 pseudo=4 loss=3.3353 sfseg=3.1485 seg=0.2589 mard=2.0236 λM=0.0443 DURR(dir/res/hall)=0.8925/0.0403/0.0000 λD=1.000 route=325 E/S=210/115 rescue=1 empty=0 hall=0/0 FG/HBG/EBG=32/256/1280 grad=21.58
[E24] batch=010/250 pseudo=4 loss=4.1257 sfseg=3.9724 seg=0.3389 mard=2.0092 λM=0.0416 DURR(dir/res/hall)=0.6973/0.0000/0.0000 λD=1.000 route=169 E/S=73/96 rescue=0 empty=0 hall=0/0 FG/HBG/EBG=32/256/1280 grad=30.71
[E24] batch=020/250 pseudo=4 loss=4.0188 sfseg=3.8124 seg=0.3268 mard=2.0061 λM=0.0440 DURR(dir/res/hall)=1.1812/0.0000/0.0000 λD=1.000 route=212 E/S=79/133 rescue=0 empty=0 hall=0/0 FG/HBG/EBG=32/256/1280 grad=23.89
[E24] batch=030/250 pseudo=4 loss=17.3013 sfseg=17.1449 seg=0.8737 mard=2.0214 λM=0.0363 DURR(dir/res/hall)=0.8300/0.0000/0.0000 λD=1.000 route=176 E/S=53/123 rescue=0 empty=0 hall=0/0 FG/HBG/EBG=32/256/1280 grad=100.94
[E24] batch=040/250 pseudo=4 loss=4.8449 sfseg=4.6688 seg=0.3122 mard=2.0862 λM=0.0407 DURR(dir/res/hall)=0.9112/0.0000/0.0000 λD=1.000 route=276 E/S=75/201 rescue=0 empty=0 hall=0/0 FG/HBG/EBG=32/256/1280 grad=31.33
[E24] batch=050/250 pseudo=4 loss=9.4911 sfseg=9.2274 seg=0.9343 mard=2.0360 λM=0.0407 DURR(dir/res/hall)=1.8091/0.0000/0.0000 λD=1.000 route=585 E/S=363/222 rescue=0 empty=0 hall=0/0 FG/HBG/EBG=32/256/1280 grad=62.22
[E24] batch=060/250 pseudo=4 loss=5.4656 sfseg=5.3061 seg=0.4813 mard=2.1099 λM=0.0355 DURR(dir/res/hall)=0.8455/0.0000/0.0000 λD=1.000 route=464 E/S=25/439 rescue=0 empty=0 hall=0/0 FG/HBG/EBG=32/256/1280 grad=33.52
[E24] batch=070/250 pseudo=4 loss=3.8847 sfseg=3.6157 seg=0.2479 mard=2.0066 λM=0.0433 DURR(dir/res/hall)=1.8226/0.0000/0.0000 λD=1.000 route=168 E/S=74/94 rescue=0 empty=0 hall=0/0 FG/HBG/EBG=32/256/1280 grad=27.68
[E24] batch=080/250 pseudo=3 loss=4.5190 sfseg=4.3137 seg=0.2668 mard=2.0796 λM=0.0465 DURR(dir/res/hall)=1.0857/0.0000/0.0000 λD=1.000 route=253 E/S=106/147 rescue=0 empty=1 hall=0/0 FG/HBG/EBG=24/192/960 grad=30.19
[E24] batch=090/250 pseudo=6 loss=14.7580 sfseg=14.4881 seg=0.8792 mard=2.0441 λM=0.0330 DURR(dir/res/hall)=2.0260/0.0000/0.0000 λD=1.000 route=182 E/S=52/130 rescue=0 empty=0 hall=0/0 FG/HBG/EBG=48/320/1216 grad=204.90
[E24] batch=100/250 pseudo=4 loss=6.3063 sfseg=6.0840 seg=0.6087 mard=2.0266 λM=0.0419 DURR(dir/res/hall)=1.3728/0.0000/0.0000 λD=1.000 route=242 E/S=133/109 rescue=0 empty=0 hall=0/0 FG/HBG/EBG=32/256/1280 grad=46.83
[E24] batch=110/250 pseudo=3 loss=7.9466 sfseg=7.3290 seg=0.5612 mard=2.0090 λM=0.0200 DURR(dir/res/hall)=1.1232/0.0000/4.6515 λD=1.000 route=443 E/S=248/195 rescue=0 empty=1 hall=1/801 FG/HBG/EBG=24/192/960 grad=83.40
[E24] batch=120/250 pseudo=4 loss=8.2776 sfseg=7.9873 seg=0.3953 mard=2.0623 λM=0.0433 DURR(dir/res/hall)=2.0107/0.0000/0.0000 λD=1.000 route=416 E/S=74/342 rescue=0 empty=0 hall=0/0 FG/HBG/EBG=32/256/1280 grad=102.34
[E24] batch=130/250 pseudo=4 loss=6.7458 sfseg=6.5528 seg=0.4512 mard=2.0044 λM=0.0377 DURR(dir/res/hall)=1.1745/0.0000/0.0000 λD=1.000 route=152 E/S=35/117 rescue=0 empty=0 hall=0/0 FG/HBG/EBG=32/256/1280 grad=76.26
[E24] batch=140/250 pseudo=4 loss=9.3477 sfseg=9.1607 seg=0.8512 mard=2.0063 λM=0.0408 DURR(dir/res/hall)=1.0517/0.0000/0.0000 λD=1.000 route=557 E/S=52/505 rescue=0 empty=0 hall=0/0 FG/HBG/EBG=32/256/1280 grad=80.80
[E24] batch=150/250 pseudo=4 loss=9.5115 sfseg=9.2984 seg=0.4233 mard=2.0607 λM=0.0411 DURR(dir/res/hall)=1.2844/0.0000/0.0000 λD=1.000 route=755 E/S=374/381 rescue=0 empty=0 hall=0/0 FG/HBG/EBG=32/256/1280 grad=65.25
[E24] batch=160/250 pseudo=4 loss=6.3760 sfseg=6.1830 seg=0.4373 mard=2.0036 λM=0.0363 DURR(dir/res/hall)=1.2016/0.0000/0.0000 λD=1.000 route=192 E/S=116/76 rescue=0 empty=0 hall=0/0 FG/HBG/EBG=32/256/1280 grad=76.48
[E24] batch=170/250 pseudo=4 loss=6.2999 sfseg=6.0480 seg=0.5038 mard=2.0318 λM=0.0430 DURR(dir/res/hall)=1.6458/0.0000/0.0000 λD=1.000 route=188 E/S=43/145 rescue=0 empty=0 hall=0/0 FG/HBG/EBG=32/256/1280 grad=46.19
[E24] batch=180/250 pseudo=4 loss=21.1533 sfseg=20.9200 seg=1.2030 mard=2.0828 λM=0.0361 DURR(dir/res/hall)=1.5807/0.0000/0.0000 λD=1.000 route=871 E/S=456/415 rescue=0 empty=0 hall=0/0 FG/HBG/EBG=32/256/1280 grad=375.78
[E24] batch=190/250 pseudo=4 loss=5.1971 sfseg=5.0102 seg=0.4833 mard=2.0293 λM=0.0357 DURR(dir/res/hall)=1.1460/0.0000/0.0000 λD=1.000 route=53 E/S=41/12 rescue=0 empty=0 hall=0/0 FG/HBG/EBG=32/256/1280 grad=34.66
[E24] batch=200/250 pseudo=4 loss=4.4964 sfseg=4.3003 seg=0.4950 mard=2.0801 λM=0.0438 DURR(dir/res/hall)=1.0502/0.0000/0.0000 λD=1.000 route=442 E/S=211/231 rescue=0 empty=0 hall=0/0 FG/HBG/EBG=32/256/1280 grad=68.85
[E24] batch=210/250 pseudo=4 loss=4.5048 sfseg=4.3157 seg=0.4527 mard=2.0143 λM=0.0449 DURR(dir/res/hall)=0.9864/0.0000/0.0000 λD=1.000 route=99 E/S=27/72 rescue=0 empty=0 hall=0/0 FG/HBG/EBG=32/256/1280 grad=32.18
[E24] batch=220/250 pseudo=3 loss=18.3915 sfseg=18.0964 seg=1.0387 mard=2.0711 λM=0.0240 DURR(dir/res/hall)=2.4539/0.0000/0.0007 λD=1.000 route=531 E/S=174/357 rescue=0 empty=1 hall=1/0 FG/HBG/EBG=24/192/960 grad=168.16
[E24] batch=230/250 pseudo=4 loss=8.4197 sfseg=8.2155 seg=0.8035 mard=2.0220 λM=0.0333 DURR(dir/res/hall)=1.3680/0.0000/0.0000 λD=1.000 route=116 E/S=46/70 rescue=0 empty=0 hall=0/0 FG/HBG/EBG=32/256/1280 grad=55.22
[E24] batch=240/250 pseudo=4 loss=5.0265 sfseg=4.8624 seg=0.3890 mard=2.0483 λM=0.0346 DURR(dir/res/hall)=0.9314/0.0000/0.0000 λD=1.000 route=293 E/S=163/130 rescue=0 empty=0 hall=0/0 FG/HBG/EBG=32/256/1280 grad=33.53
[E24] batch=250/250 pseudo=4 loss=4.8747 sfseg=4.6613 seg=0.3603 mard=2.0061 λM=0.0407 DURR(dir/res/hall)=1.3184/0.0000/0.0000 λD=1.000 route=255 E/S=102/153 rescue=0 empty=0 hall=0/0 FG/HBG/EBG=32/256/1280 grad=26.36

[Epoch 24] DONE time=67.2s valid=250 skipped=0 pseudo=1032 anchors=994 mask_extra=38 reject_rel=17 DURRmatch=966/4672 rescue=11 teacher_empty=46 hall=16/6077 loss=7.4574 sfseg=7.2326 mard=2.0295 dir=1.2746 res=0.0038 hallL=0.1855 route E/S=25763/50818
[E25] batch=001/250 pseudo=4 loss=5.5603 sfseg=5.3437 seg=0.5208 mard=2.0105 λM=0.0372 DURR(dir/res/hall)=1.4186/0.0000/0.0000 λD=1.000 route=125 E/S=48/77 rescue=0 empty=0 hall=0/0 FG/HBG/EBG=32/256/1280 grad=41.89
[E25] batch=010/250 pseudo=4 loss=2.8146 sfseg=2.6101 seg=0.2186 mard=2.0063 λM=0.0460 DURR(dir/res/hall)=1.1220/0.0000/0.0000 λD=1.000 route=242 E/S=71/171 rescue=0 empty=0 hall=0/0 FG/HBG/EBG=32/256/1280 grad=25.33
[E25] batch=020/250 pseudo=3 loss=4.3883 sfseg=4.2438 seg=0.3850 mard=2.0283 λM=0.0391 DURR(dir/res/hall)=0.6527/0.0000/0.0000 λD=1.000 route=55 E/S=24/31 rescue=0 empty=1 hall=0/0 FG/HBG/EBG=24/192/960 grad=25.38
[E25] batch=030/250 pseudo=4 loss=3.5028 sfseg=3.3430 seg=0.2681 mard=2.0552 λM=0.0359 DURR(dir/res/hall)=0.8618/0.0000/0.0000 λD=1.000 route=167 E/S=27/140 rescue=0 empty=0 hall=0/0 FG/HBG/EBG=32/256/1280 grad=26.61
[E25] batch=040/250 pseudo=5 loss=4.8691 sfseg=4.6381 seg=0.2973 mard=2.0227 λM=0.0429 DURR(dir/res/hall)=1.4438/0.0000/0.0000 λD=1.000 route=252 E/S=129/123 rescue=0 empty=0 hall=0/0 FG/HBG/EBG=40/256/1280 grad=44.67
[E25] batch=050/250 pseudo=3 loss=17.6096 sfseg=17.0703 seg=2.3528 mard=1.9685 λM=0.0328 DURR(dir/res/hall)=1.7073/0.0000/3.0399 λD=1.000 route=477 E/S=284/193 rescue=0 empty=1 hall=1/16 FG/HBG/EBG=24/192/960 grad=75.66
[E25] batch=060/250 pseudo=4 loss=8.2739 sfseg=8.0453 seg=0.6144 mard=2.0025 λM=0.0410 DURR(dir/res/hall)=1.4657/0.0000/0.0000 λD=1.000 route=230 E/S=62/168 rescue=0 empty=0 hall=0/0 FG/HBG/EBG=32/256/1280 grad=55.25
[E25] batch=070/250 pseudo=4 loss=13.7557 sfseg=13.4278 seg=1.1342 mard=2.0144 λM=0.0370 DURR(dir/res/hall)=2.5346/0.0000/0.0000 λD=1.000 route=160 E/S=90/70 rescue=0 empty=0 hall=0/0 FG/HBG/EBG=32/256/1280 grad=147.84
[E25] batch=080/250 pseudo=4 loss=4.5941 sfseg=4.4203 seg=0.5234 mard=2.0082 λM=0.0409 DURR(dir/res/hall)=0.9158/0.0000/0.0000 λD=1.000 route=347 E/S=93/254 rescue=0 empty=0 hall=0/0 FG/HBG/EBG=32/256/1280 grad=42.55
[E25] batch=090/250 pseudo=4 loss=4.2326 sfseg=3.9892 seg=0.1957 mard=2.0401 λM=0.0350 DURR(dir/res/hall)=1.7189/0.0000/0.0000 λD=1.000 route=418 E/S=200/218 rescue=0 empty=0 hall=0/0 FG/HBG/EBG=32/256/1280 grad=35.06
[E25] batch=100/250 pseudo=5 loss=9.6331 sfseg=9.3823 seg=0.4276 mard=2.0634 λM=0.0348 DURR(dir/res/hall)=1.7888/0.0000/0.0000 λD=1.000 route=312 E/S=40/272 rescue=0 empty=0 hall=0/0 FG/HBG/EBG=40/320/1216 grad=65.93
[E25] batch=110/250 pseudo=4 loss=6.6688 sfseg=6.5148 seg=0.4804 mard=2.0038 λM=0.0335 DURR(dir/res/hall)=0.8677/0.0000/0.0000 λD=1.000 route=289 E/S=101/188 rescue=0 empty=0 hall=0/0 FG/HBG/EBG=32/256/1280 grad=34.45
[E25] batch=120/250 pseudo=4 loss=6.4790 sfseg=6.2722 seg=0.4300 mard=2.0873 λM=0.0429 DURR(dir/res/hall)=1.1734/0.0000/0.0000 λD=1.000 route=229 E/S=78/151 rescue=0 empty=0 hall=0/0 FG/HBG/EBG=32/256/1280 grad=34.33
[E25] batch=130/250 pseudo=3 loss=2.7124 sfseg=2.1987 seg=0.3301 mard=2.0195 λM=0.0450 DURR(dir/res/hall)=1.0867/0.0000/3.1405 λD=1.000 route=95 E/S=20/75 rescue=0 empty=1 hall=1/49 FG/HBG/EBG=24/192/960 grad=23.31
[E25] batch=140/250 pseudo=5 loss=8.0989 sfseg=7.9314 seg=0.4659 mard=2.0338 λM=0.0334 DURR(dir/res/hall)=0.9388/0.0281/0.0000 λD=1.000 route=469 E/S=103/366 rescue=1 empty=0 hall=0/0 FG/HBG/EBG=40/256/1280 grad=46.22
[E25] batch=150/250 pseudo=6 loss=19.9782 sfseg=19.7461 seg=0.8774 mard=2.0364 λM=0.0273 DURR(dir/res/hall)=1.7644/0.0000/0.0000 λD=1.000 route=252 E/S=122/130 rescue=0 empty=0 hall=0/0 FG/HBG/EBG=48/320/1216 grad=67.30
[E25] batch=160/250 pseudo=4 loss=10.1490 sfseg=9.9493 seg=0.8270 mard=2.0331 λM=0.0400 DURR(dir/res/hall)=1.1850/0.0000/0.0000 λD=1.000 route=436 E/S=78/358 rescue=0 empty=0 hall=0/0 FG/HBG/EBG=32/256/1280 grad=95.78
[E25] batch=170/250 pseudo=4 loss=6.1058 sfseg=5.9465 seg=0.4363 mard=2.0589 λM=0.0364 DURR(dir/res/hall)=0.8433/0.0000/0.0000 λD=1.000 route=586 E/S=146/440 rescue=0 empty=0 hall=0/0 FG/HBG/EBG=32/256/1280 grad=43.02
[E25] batch=180/250 pseudo=3 loss=2.9090 sfseg=2.7383 seg=0.1808 mard=1.9647 λM=0.0344 DURR(dir/res/hall)=1.0313/0.0000/0.0004 λD=1.000 route=142 E/S=69/73 rescue=0 empty=1 hall=1/0 FG/HBG/EBG=24/192/960 grad=42.02
[E25] batch=190/250 pseudo=5 loss=15.0171 sfseg=14.8401 seg=0.8147 mard=2.0590 λM=0.0322 DURR(dir/res/hall)=1.1070/0.0000/0.0000 λD=1.000 route=267 E/S=112/155 rescue=0 empty=0 hall=0/0 FG/HBG/EBG=40/320/1216 grad=112.56
[E25] batch=200/250 pseudo=4 loss=6.6197 sfseg=6.4254 seg=0.4421 mard=1.9859 λM=0.0422 DURR(dir/res/hall)=1.1046/0.0000/0.0000 λD=1.000 route=412 E/S=169/243 rescue=0 empty=0 hall=0/0 FG/HBG/EBG=32/256/1280 grad=71.52
[E25] batch=210/250 pseudo=3 loss=2.2099 sfseg=1.9369 seg=0.2459 mard=1.9752 λM=0.0460 DURR(dir/res/hall)=1.8224/0.0000/0.0000 λD=1.000 route=104 E/S=12/92 rescue=0 empty=1 hall=0/0 FG/HBG/EBG=24/192/960 grad=19.83
[E25] batch=220/250 pseudo=5 loss=9.7478 sfseg=9.5447 seg=0.5501 mard=2.0090 λM=0.0416 DURR(dir/res/hall)=1.1967/0.0000/0.0000 λD=1.000 route=394 E/S=71/323 rescue=0 empty=0 hall=0/0 FG/HBG/EBG=40/256/1280 grad=42.61
[E25] batch=230/250 pseudo=4 loss=5.7102 sfseg=5.5233 seg=0.4605 mard=2.0113 λM=0.0369 DURR(dir/res/hall)=1.1266/0.0000/0.0000 λD=1.000 route=44 E/S=14/30 rescue=0 empty=0 hall=0/0 FG/HBG/EBG=32/256/1280 grad=30.41
[E25] batch=240/250 pseudo=4 loss=12.6468 sfseg=12.4571 seg=0.9334 mard=2.0776 λM=0.0349 DURR(dir/res/hall)=1.1705/0.0000/0.0000 λD=1.000 route=340 E/S=29/311 rescue=0 empty=0 hall=0/0 FG/HBG/EBG=32/256/1280 grad=95.44
[E25] batch=250/250 pseudo=4 loss=3.3610 sfseg=3.1466 seg=0.2805 mard=2.0040 λM=0.0440 DURR(dir/res/hall)=1.2625/0.0000/0.0000 λD=1.000 route=152 E/S=43/109 rescue=0 empty=0 hall=0/0 FG/HBG/EBG=32/256/1280 grad=25.72

[Epoch 25] DONE time=67.1s valid=250 skipped=0 pseudo=1018 anchors=977 mask_extra=41 reject_rel=24 DURRmatch=950/4596 rescue=10 teacher_empty=55 hall=24/5855 loss=7.4883 sfseg=7.2559 mard=2.0295 dir=1.2705 res=0.0040 hallL=0.2582 route E/S=25656/49625
[E26] batch=001/250 pseudo=4 loss=5.5496 sfseg=5.3600 seg=0.5092 mard=2.0286 λM=0.0429 DURR(dir/res/hall)=1.0260/0.0000/0.0000 λD=1.000 route=363 E/S=149/214 rescue=0 empty=0 hall=0/0 FG/HBG/EBG=32/256/1280 grad=28.94
[E26] batch=010/250 pseudo=4 loss=4.2183 sfseg=4.0251 seg=0.2274 mard=2.0059 λM=0.0427 DURR(dir/res/hall)=1.0760/0.0000/0.0000 λD=1.000 route=101 E/S=50/51 rescue=0 empty=0 hall=0/0 FG/HBG/EBG=32/256/1280 grad=51.70
[E26] batch=020/250 pseudo=3 loss=7.8940 sfseg=7.1164 seg=0.5454 mard=2.0213 λM=0.0131 DURR(dir/res/hall)=2.4851/0.0000/5.0264 λD=1.000 route=555 E/S=84/471 rescue=0 empty=1 hall=1/731 FG/HBG/EBG=24/192/960 grad=48.78
[E26] batch=030/250 pseudo=4 loss=4.5309 sfseg=4.3478 seg=0.3330 mard=1.9875 λM=0.0437 DURR(dir/res/hall)=0.9624/0.0000/0.0000 λD=1.000 route=224 E/S=23/201 rescue=0 empty=0 hall=0/0 FG/HBG/EBG=32/256/1280 grad=26.37
[E26] batch=040/250 pseudo=7 loss=9.6884 sfseg=9.4701 seg=0.7962 mard=2.0559 λM=0.0307 DURR(dir/res/hall)=1.5524/0.0000/0.0000 λD=1.000 route=729 E/S=171/558 rescue=0 empty=0 hall=0/0 FG/HBG/EBG=56/448/1088 grad=37.63
[E26] batch=050/250 pseudo=4 loss=4.4220 sfseg=4.2033 seg=0.3938 mard=2.0081 λM=0.0444 DURR(dir/res/hall)=1.2948/0.0000/0.0000 λD=1.000 route=232 E/S=65/167 rescue=0 empty=0 hall=0/0 FG/HBG/EBG=32/256/1280 grad=32.69
[E26] batch=060/250 pseudo=5 loss=3.6547 sfseg=3.4961 seg=0.2513 mard=2.0142 λM=0.0354 DURR(dir/res/hall)=0.8733/0.0000/0.0000 λD=1.000 route=148 E/S=104/44 rescue=0 empty=0 hall=0/0 FG/HBG/EBG=40/320/1216 grad=30.21
[E26] batch=070/250 pseudo=3 loss=2.7683 sfseg=2.0617 seg=0.2621 mard=1.9967 λM=0.0451 DURR(dir/res/hall)=0.9619/0.0000/5.2040 λD=1.000 route=122 E/S=46/76 rescue=0 empty=1 hall=1/618 FG/HBG/EBG=24/192/960 grad=25.34
[E26] batch=080/250 pseudo=4 loss=10.2163 sfseg=10.0244 seg=0.6323 mard=1.9739 λM=0.0352 DURR(dir/res/hall)=1.2239/0.0000/0.0000 λD=1.000 route=273 E/S=78/195 rescue=0 empty=0 hall=0/0 FG/HBG/EBG=32/256/1280 grad=58.96
[E26] batch=090/250 pseudo=4 loss=17.2437 sfseg=17.0720 seg=2.1851 mard=1.9941 λM=0.0320 DURR(dir/res/hall)=1.0786/0.0000/0.0000 λD=1.000 route=428 E/S=171/257 rescue=0 empty=0 hall=0/0 FG/HBG/EBG=32/256/1280 grad=113.72
[E26] batch=100/250 pseudo=4 loss=5.6838 sfseg=5.4807 seg=0.5957 mard=1.9915 λM=0.0447 DURR(dir/res/hall)=1.1401/0.0000/0.0000 λD=1.000 route=171 E/S=65/106 rescue=0 empty=0 hall=0/0 FG/HBG/EBG=32/256/1280 grad=79.12
[E26] batch=110/250 pseudo=4 loss=8.9379 sfseg=8.5771 seg=0.6539 mard=2.0329 λM=0.0380 DURR(dir/res/hall)=1.7491/0.5431/0.0000 λD=1.000 route=472 E/S=68/404 rescue=1 empty=0 hall=0/0 FG/HBG/EBG=32/256/1280 grad=36.12
[E26] batch=120/250 pseudo=3 loss=2.3692 sfseg=2.1628 seg=0.2213 mard=2.1082 λM=0.0431 DURR(dir/res/hall)=1.1551/0.0000/0.0000 λD=1.000 route=172 E/S=106/66 rescue=0 empty=1 hall=0/0 FG/HBG/EBG=24/192/960 grad=18.29
[E26] batch=130/250 pseudo=4 loss=7.6012 sfseg=7.4287 seg=0.6284 mard=2.0197 λM=0.0341 DURR(dir/res/hall)=1.0358/0.0000/0.0000 λD=1.000 route=658 E/S=32/626 rescue=0 empty=0 hall=0/0 FG/HBG/EBG=32/256/1280 grad=33.27
[E26] batch=140/250 pseudo=4 loss=14.2346 sfseg=13.9096 seg=1.5978 mard=2.0576 λM=0.0342 DURR(dir/res/hall)=2.5472/0.0000/0.0000 λD=1.000 route=1124 E/S=550/574 rescue=0 empty=0 hall=0/0 FG/HBG/EBG=32/256/1280 grad=65.55
[E26] batch=150/250 pseudo=4 loss=3.5520 sfseg=3.3925 seg=0.2677 mard=2.0268 λM=0.0443 DURR(dir/res/hall)=0.6971/0.0000/0.0000 λD=1.000 route=158 E/S=25/133 rescue=0 empty=0 hall=0/0 FG/HBG/EBG=32/256/1280 grad=28.27
[E26] batch=160/250 pseudo=4 loss=13.5049 sfseg=13.3035 seg=0.5873 mard=1.9591 λM=0.0378 DURR(dir/res/hall)=1.2743/0.0000/0.0000 λD=1.000 route=98 E/S=44/54 rescue=0 empty=0 hall=0/0 FG/HBG/EBG=32/256/1280 grad=82.93
[E26] batch=170/250 pseudo=4 loss=3.6381 sfseg=3.4287 seg=0.2518 mard=1.9849 λM=0.0395 DURR(dir/res/hall)=1.2743/0.0180/0.0000 λD=1.000 route=161 E/S=17/144 rescue=1 empty=0 hall=0/0 FG/HBG/EBG=32/256/1280 grad=32.64
[E26] batch=180/250 pseudo=4 loss=2.7794 sfseg=2.5943 seg=0.2433 mard=2.0316 λM=0.0423 DURR(dir/res/hall)=0.9915/0.0000/0.0000 λD=1.000 route=261 E/S=121/140 rescue=0 empty=0 hall=0/0 FG/HBG/EBG=32/256/1280 grad=21.16
[E26] batch=190/250 pseudo=4 loss=5.1992 sfseg=4.9619 seg=0.4736 mard=2.0390 λM=0.0406 DURR(dir/res/hall)=1.5443/0.0000/0.0000 λD=1.000 route=64 E/S=50/14 rescue=0 empty=0 hall=0/0 FG/HBG/EBG=32/256/1280 grad=30.51
[E26] batch=200/250 pseudo=4 loss=6.9644 sfseg=6.7601 seg=0.3927 mard=2.1155 λM=0.0423 DURR(dir/res/hall)=1.1468/0.0000/0.0000 λD=1.000 route=177 E/S=52/125 rescue=0 empty=0 hall=0/0 FG/HBG/EBG=32/256/1280 grad=88.28
[E26] batch=210/250 pseudo=5 loss=22.7254 sfseg=22.4433 seg=1.4335 mard=2.0300 λM=0.0294 DURR(dir/res/hall)=2.2239/0.0000/0.0000 λD=1.000 route=190 E/S=126/64 rescue=0 empty=0 hall=0/0 FG/HBG/EBG=40/320/1216 grad=138.15
[E26] batch=220/250 pseudo=4 loss=15.4646 sfseg=15.3069 seg=1.7262 mard=2.0757 λM=0.0369 DURR(dir/res/hall)=0.8097/0.0000/0.0000 λD=1.000 route=213 E/S=98/115 rescue=0 empty=0 hall=0/0 FG/HBG/EBG=32/256/1280 grad=125.28
[E26] batch=230/250 pseudo=4 loss=4.8089 sfseg=4.6512 seg=0.2971 mard=2.1228 λM=0.0435 DURR(dir/res/hall)=0.6528/0.0000/0.0000 λD=1.000 route=189 E/S=132/57 rescue=0 empty=0 hall=0/0 FG/HBG/EBG=32/256/1280 grad=30.48
[E26] batch=240/250 pseudo=4 loss=4.7440 sfseg=4.5331 seg=0.3142 mard=2.0920 λM=0.0443 DURR(dir/res/hall)=1.1828/0.0000/0.0000 λD=1.000 route=237 E/S=85/152 rescue=0 empty=0 hall=0/0 FG/HBG/EBG=32/256/1280 grad=31.19
[E26] batch=250/250 pseudo=4 loss=10.8716 sfseg=10.6345 seg=0.9008 mard=2.0626 λM=0.0357 DURR(dir/res/hall)=1.6349/0.0000/0.0000 λD=1.000 route=375 E/S=160/215 rescue=0 empty=0 hall=0/0 FG/HBG/EBG=32/256/1280 grad=51.56

[Epoch 26] DONE time=67.0s valid=250 skipped=0 pseudo=1033 anchors=982 mask_extra=51 reject_rel=21 DURRmatch=950/4567 rescue=15 teacher_empty=48 hall=20/6887 loss=7.6451 sfseg=7.4141 mard=2.0311 dir=1.2543 res=0.0173 hallL=0.2441 route E/S=25634/48286
[E27] batch=001/250 pseudo=5 loss=5.5463 sfseg=5.3399 seg=0.3854 mard=2.0700 λM=0.0386 DURR(dir/res/hall)=1.2658/0.0000/0.0000 λD=1.000 route=150 E/S=64/86 rescue=0 empty=0 hall=0/0 FG/HBG/EBG=40/320/1216 grad=31.21
[E27] batch=010/250 pseudo=4 loss=13.5665 sfseg=13.3178 seg=1.1240 mard=1.9557 λM=0.0351 DURR(dir/res/hall)=1.8016/0.0000/0.0000 λD=1.000 route=251 E/S=35/216 rescue=0 empty=0 hall=0/0 FG/HBG/EBG=32/256/1280 grad=49.43
[E27] batch=020/250 pseudo=5 loss=8.6410 sfseg=8.4303 seg=0.3918 mard=1.9668 λM=0.0369 DURR(dir/res/hall)=1.3829/0.0000/0.0000 λD=1.000 route=572 E/S=79/493 rescue=0 empty=0 hall=0/0 FG/HBG/EBG=40/256/1280 grad=67.95
[E27] batch=030/250 pseudo=4 loss=8.3007 sfseg=8.1193 seg=0.9865 mard=2.0023 λM=0.0429 DURR(dir/res/hall)=0.9544/0.0000/0.0000 λD=1.000 route=370 E/S=101/269 rescue=0 empty=0 hall=0/0 FG/HBG/EBG=32/256/1280 grad=66.70
[E27] batch=040/250 pseudo=4 loss=7.8807 sfseg=7.6803 seg=1.0070 mard=1.9935 λM=0.0397 DURR(dir/res/hall)=1.2130/0.0000/0.0000 λD=1.000 route=204 E/S=39/165 rescue=0 empty=0 hall=0/0 FG/HBG/EBG=32/256/1280 grad=97.44
[E27] batch=050/250 pseudo=5 loss=20.2473 sfseg=20.0609 seg=1.4581 mard=2.0307 λM=0.0233 DURR(dir/res/hall)=1.3915/0.0000/0.0000 λD=1.000 route=449 E/S=221/228 rescue=0 empty=0 hall=0/0 FG/HBG/EBG=40/256/1280 grad=194.61
[E27] batch=060/250 pseudo=4 loss=3.9259 sfseg=3.7409 seg=0.2703 mard=2.0156 λM=0.0444 DURR(dir/res/hall)=0.9547/0.0000/0.0000 λD=1.000 route=114 E/S=42/72 rescue=0 empty=0 hall=0/0 FG/HBG/EBG=32/256/1280 grad=27.54
[E27] batch=070/250 pseudo=4 loss=7.2117 sfseg=7.0482 seg=0.5586 mard=2.0958 λM=0.0352 DURR(dir/res/hall)=0.8971/0.0000/0.0000 λD=1.000 route=169 E/S=24/145 rescue=0 empty=0 hall=0/0 FG/HBG/EBG=32/256/1280 grad=90.48
[E27] batch=080/250 pseudo=4 loss=8.9622 sfseg=8.7779 seg=0.5199 mard=2.0026 λM=0.0354 DURR(dir/res/hall)=1.1328/0.0000/0.0000 λD=1.000 route=210 E/S=110/100 rescue=0 empty=0 hall=0/0 FG/HBG/EBG=32/256/1280 grad=157.89
[E27] batch=090/250 pseudo=5 loss=8.9180 sfseg=8.7259 seg=0.5505 mard=1.9610 λM=0.0396 DURR(dir/res/hall)=1.1459/0.0000/0.0000 λD=1.000 route=158 E/S=109/49 rescue=0 empty=0 hall=0/0 FG/HBG/EBG=40/256/1280 grad=109.65
[E27] batch=100/250 pseudo=4 loss=7.6185 sfseg=7.4299 seg=0.5836 mard=2.0343 λM=0.0385 DURR(dir/res/hall)=1.1038/0.0000/0.0000 λD=1.000 route=155 E/S=49/106 rescue=0 empty=0 hall=0/0 FG/HBG/EBG=32/256/1280 grad=154.56
[E27] batch=110/250 pseudo=4 loss=7.7709 sfseg=7.5442 seg=0.4167 mard=2.1020 λM=0.0364 DURR(dir/res/hall)=1.5018/0.0000/0.0000 λD=1.000 route=499 E/S=112/387 rescue=0 empty=0 hall=0/0 FG/HBG/EBG=32/256/1280 grad=78.82
[E27] batch=120/250 pseudo=4 loss=4.9481 sfseg=4.7609 seg=0.4336 mard=1.9932 λM=0.0438 DURR(dir/res/hall)=0.9989/0.0000/0.0000 λD=1.000 route=211 E/S=44/167 rescue=0 empty=0 hall=0/0 FG/HBG/EBG=32/256/1280 grad=46.41
[E27] batch=130/250 pseudo=4 loss=3.1990 sfseg=2.9688 seg=0.2753 mard=2.0034 λM=0.0417 DURR(dir/res/hall)=1.3093/0.0790/0.0000 λD=1.000 route=44 E/S=16/28 rescue=1 empty=0 hall=0/0 FG/HBG/EBG=32/256/1280 grad=19.85
[E27] batch=140/250 pseudo=4 loss=17.6219 sfseg=17.3927 seg=1.3679 mard=2.0451 λM=0.0285 DURR(dir/res/hall)=1.7083/0.0000/0.0000 λD=1.000 route=399 E/S=164/235 rescue=0 empty=0 hall=0/0 FG/HBG/EBG=32/256/1280 grad=88.75
[E27] batch=150/250 pseudo=5 loss=10.8363 sfseg=10.6326 seg=0.9450 mard=2.0302 λM=0.0415 DURR(dir/res/hall)=1.1950/0.0000/0.0000 λD=1.000 route=238 E/S=85/153 rescue=0 empty=0 hall=0/0 FG/HBG/EBG=40/320/1216 grad=59.08
[E27] batch=160/250 pseudo=5 loss=7.9338 sfseg=7.7549 seg=0.6785 mard=2.0184 λM=0.0302 DURR(dir/res/hall)=1.1792/0.0000/0.0000 λD=1.000 route=450 E/S=159/291 rescue=0 empty=0 hall=0/0 FG/HBG/EBG=40/320/1216 grad=70.44
[E27] batch=170/250 pseudo=4 loss=10.6675 sfseg=10.4105 seg=0.2646 mard=1.9755 λM=0.0378 DURR(dir/res/hall)=1.8237/0.0000/0.0000 λD=1.000 route=62 E/S=0/62 rescue=0 empty=0 hall=0/0 FG/HBG/EBG=32/256/1280 grad=67.85
[E27] batch=180/250 pseudo=4 loss=14.1334 sfseg=13.8947 seg=0.6858 mard=2.0915 λM=0.0360 DURR(dir/res/hall)=1.6331/0.0000/0.0000 λD=1.000 route=574 E/S=195/379 rescue=0 empty=0 hall=0/0 FG/HBG/EBG=32/256/1280 grad=162.68
[E27] batch=190/250 pseudo=4 loss=8.0682 sfseg=7.9220 seg=0.8503 mard=2.0869 λM=0.0396 DURR(dir/res/hall)=0.6350/0.0000/0.0000 λD=1.000 route=441 E/S=234/207 rescue=0 empty=0 hall=0/0 FG/HBG/EBG=32/256/1280 grad=44.71
[E27] batch=200/250 pseudo=4 loss=10.5010 sfseg=10.3464 seg=0.5977 mard=2.0682 λM=0.0396 DURR(dir/res/hall)=0.7262/0.0000/0.0000 λD=1.000 route=220 E/S=103/117 rescue=0 empty=0 hall=0/0 FG/HBG/EBG=32/256/1280 grad=163.25
[E27] batch=210/250 pseudo=5 loss=12.6545 sfseg=12.4655 seg=1.5793 mard=2.0476 λM=0.0233 DURR(dir/res/hall)=1.4142/0.0000/0.0000 λD=1.000 route=964 E/S=472/492 rescue=0 empty=0 hall=0/0 FG/HBG/EBG=40/256/1280 grad=54.18
[E27] batch=220/250 pseudo=5 loss=12.8959 sfseg=12.7097 seg=1.8667 mard=1.9806 λM=0.0407 DURR(dir/res/hall)=1.0556/0.0000/0.0000 λD=1.000 route=362 E/S=60/302 rescue=0 empty=0 hall=0/0 FG/HBG/EBG=40/320/1216 grad=85.09
[E27] batch=230/250 pseudo=4 loss=4.8099 sfseg=4.6455 seg=0.2700 mard=2.0131 λM=0.0315 DURR(dir/res/hall)=1.0085/0.0000/0.0000 λD=1.000 route=425 E/S=124/301 rescue=0 empty=0 hall=0/0 FG/HBG/EBG=32/256/1280 grad=41.57
[E27] batch=240/250 pseudo=4 loss=10.3291 sfseg=10.1097 seg=1.0052 mard=2.0548 λM=0.0372 DURR(dir/res/hall)=1.4292/0.0000/0.0000 λD=1.000 route=156 E/S=60/96 rescue=0 empty=0 hall=0/0 FG/HBG/EBG=32/256/1280 grad=46.16
[E27] batch=250/250 pseudo=4 loss=15.5154 sfseg=14.9264 seg=1.0198 mard=2.0808 λM=0.0333 DURR(dir/res/hall)=0.9654/2.1166/0.0000 λD=1.000 route=417 E/S=53/364 rescue=1 empty=0 hall=0/0 FG/HBG/EBG=32/256/1280 grad=91.05

[Epoch 27] DONE time=67.2s valid=250 skipped=0 pseudo=1031 anchors=990 mask_extra=41 reject_rel=20 DURRmatch=956/4619 rescue=16 teacher_empty=50 hall=19/4448 loss=7.8417 sfseg=7.6147 mard=2.0285 dir=1.2764 res=0.0166 hallL=0.1780 route E/S=25930/48553
[E28] batch=001/250 pseudo=7 loss=8.9431 sfseg=8.7616 seg=0.6346 mard=1.9874 λM=0.0346 DURR(dir/res/hall)=1.1275/0.0000/0.0000 λD=1.000 route=353 E/S=74/279 rescue=0 empty=0 hall=0/0 FG/HBG/EBG=56/384/1152 grad=51.11
[E28] batch=010/250 pseudo=4 loss=4.1427 sfseg=3.9359 seg=0.2346 mard=2.0162 λM=0.0340 DURR(dir/res/hall)=1.3817/0.0000/0.0000 λD=1.000 route=179 E/S=37/142 rescue=0 empty=0 hall=0/0 FG/HBG/EBG=32/256/1280 grad=26.79
[E28] batch=020/250 pseudo=6 loss=7.2741 sfseg=7.0224 seg=0.4812 mard=2.0116 λM=0.0353 DURR(dir/res/hall)=1.8075/0.0000/0.0000 λD=1.000 route=366 E/S=296/70 rescue=0 empty=0 hall=0/0 FG/HBG/EBG=48/384/1152 grad=30.76
[E28] batch=030/250 pseudo=4 loss=7.1566 sfseg=6.9620 seg=0.8917 mard=2.0942 λM=0.0443 DURR(dir/res/hall)=1.0181/0.0000/0.0000 λD=1.000 route=338 E/S=75/263 rescue=0 empty=0 hall=0/0 FG/HBG/EBG=32/256/1280 grad=53.11
[E28] batch=040/250 pseudo=4 loss=8.2473 sfseg=8.0754 seg=0.4573 mard=2.0029 λM=0.0425 DURR(dir/res/hall)=0.8665/0.0000/0.0000 λD=1.000 route=249 E/S=169/80 rescue=0 empty=0 hall=0/0 FG/HBG/EBG=32/256/1280 grad=103.10
[E28] batch=050/250 pseudo=4 loss=7.8444 sfseg=7.6834 seg=0.7226 mard=2.0278 λM=0.0413 DURR(dir/res/hall)=0.7724/0.0000/0.0000 λD=1.000 route=384 E/S=181/203 rescue=0 empty=0 hall=0/0 FG/HBG/EBG=32/256/1280 grad=40.69
[E28] batch=060/250 pseudo=3 loss=3.9644 sfseg=3.5289 seg=0.4758 mard=2.0627 λM=0.0435 DURR(dir/res/hall)=1.4219/0.0000/2.0359 λD=1.000 route=188 E/S=106/82 rescue=0 empty=1 hall=1/1 FG/HBG/EBG=24/192/960 grad=27.38
[E28] batch=070/250 pseudo=5 loss=10.7286 sfseg=10.4865 seg=0.5657 mard=2.0998 λM=0.0347 DURR(dir/res/hall)=1.6923/0.0000/0.0000 λD=1.000 route=579 E/S=164/415 rescue=0 empty=0 hall=0/0 FG/HBG/EBG=40/256/1280 grad=253.66
[E28] batch=080/250 pseudo=5 loss=6.8324 sfseg=6.5849 seg=0.5681 mard=2.0916 λM=0.0350 DURR(dir/res/hall)=1.7426/0.0000/0.0000 λD=1.000 route=386 E/S=312/74 rescue=0 empty=0 hall=0/0 FG/HBG/EBG=40/320/1216 grad=41.98
[E28] batch=090/250 pseudo=7 loss=3.6517 sfseg=3.4574 seg=0.2175 mard=1.9416 λM=0.0351 DURR(dir/res/hall)=1.2623/0.0000/0.0000 λD=1.000 route=184 E/S=20/164 rescue=0 empty=0 hall=0/0 FG/HBG/EBG=56/320/1216 grad=27.43
[E28] batch=100/250 pseudo=4 loss=5.2186 sfseg=5.0244 seg=0.4850 mard=2.0178 λM=0.0400 DURR(dir/res/hall)=1.0474/0.0442/0.0000 λD=1.000 route=185 E/S=70/115 rescue=1 empty=0 hall=0/0 FG/HBG/EBG=32/256/1280 grad=38.21
[E28] batch=110/250 pseudo=4 loss=9.5205 sfseg=9.3163 seg=0.7438 mard=2.0301 λM=0.0369 DURR(dir/res/hall)=1.2945/0.0000/0.0000 λD=1.000 route=568 E/S=148/420 rescue=0 empty=0 hall=0/0 FG/HBG/EBG=32/256/1280 grad=44.12
[E28] batch=120/250 pseudo=4 loss=9.5485 sfseg=9.3606 seg=0.5139 mard=2.0514 λM=0.0383 DURR(dir/res/hall)=1.0924/0.0000/0.0000 λD=1.000 route=419 E/S=83/336 rescue=0 empty=0 hall=0/0 FG/HBG/EBG=32/256/1280 grad=120.27
[E28] batch=130/250 pseudo=5 loss=7.9057 sfseg=7.7037 seg=0.4994 mard=2.0499 λM=0.0370 DURR(dir/res/hall)=0.9265/0.1676/0.0000 λD=1.000 route=399 E/S=138/261 rescue=1 empty=0 hall=0/0 FG/HBG/EBG=40/320/1216 grad=122.25
[E28] batch=140/250 pseudo=4 loss=12.0416 sfseg=11.7687 seg=1.4346 mard=2.0684 λM=0.0408 DURR(dir/res/hall)=1.8850/0.0000/0.0000 λD=1.000 route=296 E/S=159/137 rescue=0 empty=0 hall=0/0 FG/HBG/EBG=32/256/1280 grad=37.34
[E28] batch=150/250 pseudo=5 loss=9.1528 sfseg=8.9242 seg=0.4891 mard=1.9704 λM=0.0331 DURR(dir/res/hall)=1.5530/0.0398/0.0000 λD=1.000 route=84 E/S=43/41 rescue=1 empty=1 hall=0/0 FG/HBG/EBG=40/192/960 grad=36.44
[E28] batch=160/250 pseudo=4 loss=5.4714 sfseg=5.1959 seg=0.3918 mard=2.0334 λM=0.0345 DURR(dir/res/hall)=2.0536/0.0000/0.0000 λD=1.000 route=416 E/S=105/311 rescue=0 empty=0 hall=0/0 FG/HBG/EBG=32/256/1280 grad=32.93
[E28] batch=170/250 pseudo=7 loss=9.5588 sfseg=9.2430 seg=0.2977 mard=1.9789 λM=0.0345 DURR(dir/res/hall)=2.4744/0.0000/0.0000 λD=1.000 route=290 E/S=149/141 rescue=0 empty=0 hall=0/0 FG/HBG/EBG=56/448/1088 grad=56.67
[E28] batch=180/250 pseudo=4 loss=6.8988 sfseg=6.7254 seg=0.4534 mard=2.0268 λM=0.0388 DURR(dir/res/hall)=0.9464/0.0000/0.0000 λD=1.000 route=178 E/S=43/135 rescue=0 empty=0 hall=0/0 FG/HBG/EBG=32/256/1280 grad=39.44
[E28] batch=190/250 pseudo=3 loss=5.2504 sfseg=5.0096 seg=0.7628 mard=2.0398 λM=0.0386 DURR(dir/res/hall)=1.6198/0.0000/0.0000 λD=1.000 route=172 E/S=90/82 rescue=0 empty=1 hall=0/0 FG/HBG/EBG=24/192/960 grad=53.29
[E28] batch=200/250 pseudo=4 loss=3.1981 sfseg=3.0506 seg=0.2582 mard=2.0450 λM=0.0428 DURR(dir/res/hall)=0.5541/0.0234/0.0000 λD=1.000 route=99 E/S=38/61 rescue=1 empty=0 hall=0/0 FG/HBG/EBG=32/256/1280 grad=24.50
[E28] batch=210/250 pseudo=4 loss=4.5029 sfseg=4.2713 seg=0.2922 mard=2.0826 λM=0.0436 DURR(dir/res/hall)=1.4084/0.0000/0.0000 λD=1.000 route=356 E/S=137/219 rescue=0 empty=0 hall=0/0 FG/HBG/EBG=32/256/1280 grad=27.29
[E28] batch=220/250 pseudo=4 loss=11.7273 sfseg=11.5047 seg=1.0375 mard=2.0378 λM=0.0405 DURR(dir/res/hall)=1.4001/0.0000/0.0000 λD=1.000 route=273 E/S=110/163 rescue=0 empty=0 hall=0/0 FG/HBG/EBG=32/256/1280 grad=69.78
[E28] batch=230/250 pseudo=5 loss=9.4382 sfseg=9.2315 seg=0.5714 mard=2.0264 λM=0.0383 DURR(dir/res/hall)=1.2908/0.0000/0.0000 λD=1.000 route=330 E/S=114/216 rescue=0 empty=0 hall=0/0 FG/HBG/EBG=40/320/1216 grad=55.82
[E28] batch=240/250 pseudo=2 loss=6.4929 sfseg=5.6675 seg=0.6098 mard=2.0709 λM=0.0389 DURR(dir/res/hall)=1.9816/0.0000/5.4673 λD=1.000 route=566 E/S=135/431 rescue=0 empty=2 hall=1/814 FG/HBG/EBG=16/128/640 grad=38.59
[E28] batch=250/250 pseudo=4 loss=19.1561 sfseg=18.9332 seg=0.9662 mard=2.0011 λM=0.0353 DURR(dir/res/hall)=1.5220/0.0000/0.0000 λD=1.000 route=188 E/S=68/120 rescue=0 empty=0 hall=0/0 FG/HBG/EBG=32/256/1280 grad=159.24

[Epoch 28] DONE time=67.1s valid=250 skipped=0 pseudo=1029 anchors=987 mask_extra=42 reject_rel=17 DURRmatch=948/4611 rescue=12 teacher_empty=55 hall=19/5182 loss=7.3420 sfseg=7.1141 mard=2.0292 dir=1.2710 res=0.0108 hallL=0.2075 route E/S=25600/47897
[E29] batch=001/250 pseudo=4 loss=8.1716 sfseg=7.9852 seg=0.3631 mard=2.0274 λM=0.0417 DURR(dir/res/hall)=1.0192/0.0000/0.0000 λD=1.000 route=341 E/S=131/210 rescue=0 empty=0 hall=0/0 FG/HBG/EBG=32/256/1280 grad=56.52
[E29] batch=010/250 pseudo=3 loss=5.9217 sfseg=5.7103 seg=0.7301 mard=2.1054 λM=0.0426 DURR(dir/res/hall)=1.2180/0.0000/0.0000 λD=1.000 route=564 E/S=176/388 rescue=0 empty=1 hall=0/0 FG/HBG/EBG=24/192/960 grad=32.56
[E29] batch=020/250 pseudo=4 loss=3.8345 sfseg=3.6711 seg=0.4252 mard=2.0338 λM=0.0396 DURR(dir/res/hall)=0.8288/0.0000/0.0000 λD=1.000 route=269 E/S=23/246 rescue=0 empty=0 hall=0/0 FG/HBG/EBG=32/256/1280 grad=23.39
[E29] batch=030/250 pseudo=4 loss=5.1123 sfseg=4.8928 seg=0.3624 mard=2.0154 λM=0.0396 DURR(dir/res/hall)=1.3036/0.0467/0.0000 λD=1.000 route=133 E/S=18/115 rescue=1 empty=0 hall=0/0 FG/HBG/EBG=32/256/1280 grad=30.63
[E29] batch=040/250 pseudo=4 loss=4.9475 sfseg=4.7861 seg=0.3000 mard=2.1121 λM=0.0419 DURR(dir/res/hall)=0.7295/0.0000/0.0000 λD=1.000 route=435 E/S=161/274 rescue=0 empty=0 hall=0/0 FG/HBG/EBG=32/256/1280 grad=29.86
[E29] batch=050/250 pseudo=5 loss=19.7297 sfseg=19.5080 seg=1.1781 mard=2.0276 λM=0.0307 DURR(dir/res/hall)=1.5946/0.0000/0.0000 λD=1.000 route=362 E/S=222/140 rescue=0 empty=0 hall=0/0 FG/HBG/EBG=40/256/1280 grad=71.27
[E29] batch=060/250 pseudo=5 loss=10.2170 sfseg=10.0507 seg=0.9500 mard=1.9752 λM=0.0320 DURR(dir/res/hall)=1.0308/0.0000/0.0000 λD=1.000 route=665 E/S=226/439 rescue=0 empty=0 hall=0/0 FG/HBG/EBG=40/320/1216 grad=47.62
[E29] batch=070/250 pseudo=5 loss=9.9231 sfseg=9.7483 seg=0.5518 mard=2.0354 λM=0.0295 DURR(dir/res/hall)=1.1471/0.0000/0.0000 λD=1.000 route=288 E/S=123/165 rescue=0 empty=0 hall=0/0 FG/HBG/EBG=40/320/1216 grad=45.35
[E29] batch=080/250 pseudo=4 loss=16.2654 sfseg=16.0214 seg=0.7602 mard=2.0587 λM=0.0296 DURR(dir/res/hall)=1.8299/0.0000/0.0000 λD=1.000 route=342 E/S=49/293 rescue=0 empty=0 hall=0/0 FG/HBG/EBG=32/256/1280 grad=130.52
[E29] batch=090/250 pseudo=5 loss=10.2147 sfseg=9.9921 seg=0.9024 mard=2.0379 λM=0.0356 DURR(dir/res/hall)=1.4998/0.0000/0.0000 λD=1.000 route=361 E/S=277/84 rescue=0 empty=0 hall=0/0 FG/HBG/EBG=40/320/1216 grad=59.90
[E29] batch=100/250 pseudo=4 loss=2.6050 sfseg=2.4053 seg=0.1979 mard=2.0588 λM=0.0408 DURR(dir/res/hall)=1.1572/0.0000/0.0000 λD=1.000 route=137 E/S=46/91 rescue=0 empty=0 hall=0/0 FG/HBG/EBG=32/256/1280 grad=23.96
[E29] batch=110/250 pseudo=3 loss=12.0901 sfseg=11.8271 seg=1.9337 mard=2.0489 λM=0.0363 DURR(dir/res/hall)=1.8869/0.0000/0.0000 λD=1.000 route=446 E/S=96/350 rescue=0 empty=1 hall=0/0 FG/HBG/EBG=24/192/960 grad=57.04
[E29] batch=120/250 pseudo=7 loss=11.8593 sfseg=11.6359 seg=0.6767 mard=2.0362 λM=0.0279 DURR(dir/res/hall)=1.6661/0.0000/0.0000 λD=1.000 route=337 E/S=119/218 rescue=0 empty=0 hall=0/0 FG/HBG/EBG=56/256/1280 grad=70.66
[E29] batch=130/250 pseudo=5 loss=7.5503 sfseg=7.4145 seg=0.6018 mard=2.0306 λM=0.0322 DURR(dir/res/hall)=0.7041/0.0000/0.0000 λD=1.000 route=100 E/S=82/18 rescue=0 empty=0 hall=0/0 FG/HBG/EBG=40/320/1216 grad=27.33
[E29] batch=140/250 pseudo=5 loss=8.0169 sfseg=7.8101 seg=0.4337 mard=2.0213 λM=0.0393 DURR(dir/res/hall)=1.2735/0.0000/0.0000 λD=1.000 route=202 E/S=96/106 rescue=0 empty=0 hall=0/0 FG/HBG/EBG=40/256/1280 grad=66.70
[E29] batch=150/250 pseudo=4 loss=2.5436 sfseg=2.4008 seg=0.2101 mard=2.0349 λM=0.0457 DURR(dir/res/hall)=0.4990/0.0000/0.0000 λD=1.000 route=100 E/S=44/56 rescue=0 empty=0 hall=0/0 FG/HBG/EBG=32/256/1280 grad=21.94
[E29] batch=160/250 pseudo=2 loss=2.3041 sfseg=1.9391 seg=0.2920 mard=2.0644 λM=0.0458 DURR(dir/res/hall)=0.8363/0.0000/1.8684 λD=1.000 route=27 E/S=11/16 rescue=0 empty=2 hall=1/1 FG/HBG/EBG=16/128/640 grad=24.79
[E29] batch=170/250 pseudo=4 loss=13.8941 sfseg=13.6590 seg=1.5684 mard=1.9857 λM=0.0338 DURR(dir/res/hall)=1.6785/0.0000/0.0000 λD=1.000 route=827 E/S=81/746 rescue=0 empty=0 hall=0/0 FG/HBG/EBG=32/256/1280 grad=66.04
[E29] batch=180/250 pseudo=5 loss=6.0607 sfseg=5.9420 seg=0.4122 mard=2.0358 λM=0.0322 DURR(dir/res/hall)=0.5320/0.0000/0.0000 λD=1.000 route=584 E/S=302/282 rescue=0 empty=0 hall=0/0 FG/HBG/EBG=40/256/1280 grad=42.76
[E29] batch=190/250 pseudo=3 loss=10.2858 sfseg=10.0772 seg=0.3027 mard=1.9693 λM=0.0366 DURR(dir/res/hall)=1.3647/0.0000/0.0000 λD=1.000 route=65 E/S=30/35 rescue=0 empty=1 hall=0/0 FG/HBG/EBG=24/192/960 grad=66.24
[E29] batch=200/250 pseudo=4 loss=12.0993 sfseg=11.8838 seg=0.7437 mard=2.0644 λM=0.0341 DURR(dir/res/hall)=1.4516/0.0000/0.0000 λD=1.000 route=318 E/S=203/115 rescue=0 empty=0 hall=0/0 FG/HBG/EBG=32/256/1280 grad=77.70
[E29] batch=210/250 pseudo=4 loss=5.9430 sfseg=5.7508 seg=0.4827 mard=2.0491 λM=0.0449 DURR(dir/res/hall)=1.0011/0.0000/0.0000 λD=1.000 route=245 E/S=85/160 rescue=0 empty=0 hall=0/0 FG/HBG/EBG=32/256/1280 grad=67.08
[E29] batch=220/250 pseudo=4 loss=7.5050 sfseg=7.3359 seg=0.6583 mard=2.0407 λM=0.0370 DURR(dir/res/hall)=0.9353/0.0000/0.0000 λD=1.000 route=287 E/S=49/238 rescue=0 empty=0 hall=0/0 FG/HBG/EBG=32/256/1280 grad=51.43
[E29] batch=230/250 pseudo=4 loss=6.1996 sfseg=6.0225 seg=0.4621 mard=2.0073 λM=0.0433 DURR(dir/res/hall)=0.7789/0.0609/0.0000 λD=1.000 route=127 E/S=43/84 rescue=1 empty=0 hall=0/0 FG/HBG/EBG=32/256/1280 grad=50.66
[E29] batch=240/250 pseudo=5 loss=11.1241 sfseg=10.9394 seg=0.7566 mard=2.0286 λM=0.0314 DURR(dir/res/hall)=1.2112/0.0000/0.0000 λD=1.000 route=559 E/S=93/466 rescue=0 empty=0 hall=0/0 FG/HBG/EBG=40/320/1216 grad=61.06
[E29] batch=250/250 pseudo=4 loss=8.8433 sfseg=8.6476 seg=0.6155 mard=1.9802 λM=0.0430 DURR(dir/res/hall)=1.1045/0.0000/0.0000 λD=1.000 route=241 E/S=133/108 rescue=0 empty=0 hall=0/0 FG/HBG/EBG=32/256/1280 grad=59.32

[Epoch 29] DONE time=67.3s valid=250 skipped=0 pseudo=1029 anchors=984 mask_extra=45 reject_rel=26 DURRmatch=954/4613 rescue=13 teacher_empty=51 hall=16/4322 loss=7.5578 sfseg=7.3362 mard=2.0296 dir=1.2636 res=0.0073 hallL=0.1538 route E/S=26176/48008
[E30] batch=001/250 pseudo=2 loss=5.4192 sfseg=5.2422 seg=0.3932 mard=2.0222 λM=0.0417 DURR(dir/res/hall)=0.9282/0.0000/0.0001 λD=1.000 route=159 E/S=41/118 rescue=0 empty=2 hall=1/0 FG/HBG/EBG=16/128/640 grad=75.12
[E30] batch=010/250 pseudo=4 loss=23.1640 sfseg=22.5567 seg=1.9887 mard=2.0794 λM=0.0307 DURR(dir/res/hall)=1.5878/0.3694/3.1087 λD=1.000 route=340 E/S=100/240 rescue=1 empty=1 hall=1/43 FG/HBG/EBG=32/192/960 grad=183.03
[E30] batch=020/250 pseudo=4 loss=4.8033 sfseg=4.5342 seg=0.3144 mard=1.9947 λM=0.0450 DURR(dir/res/hall)=1.7941/0.0000/0.0000 λD=1.000 route=94 E/S=32/62 rescue=0 empty=0 hall=0/0 FG/HBG/EBG=32/256/1280 grad=40.84
[E30] batch=030/250 pseudo=4 loss=3.7631 sfseg=3.5769 seg=0.3202 mard=2.0215 λM=0.0364 DURR(dir/res/hall)=1.1259/0.0000/0.0000 λD=1.000 route=129 E/S=17/112 rescue=0 empty=0 hall=0/0 FG/HBG/EBG=32/256/1280 grad=24.25
[E30] batch=040/250 pseudo=4 loss=4.6998 sfseg=4.5236 seg=0.4263 mard=2.0006 λM=0.0436 DURR(dir/res/hall)=0.8899/0.0000/0.0000 λD=1.000 route=315 E/S=117/198 rescue=0 empty=0 hall=0/0 FG/HBG/EBG=32/256/1280 grad=21.14
[E30] batch=050/250 pseudo=4 loss=2.5360 sfseg=2.3676 seg=0.1975 mard=2.0377 λM=0.0452 DURR(dir/res/hall)=0.7623/0.0000/0.0000 λD=1.000 route=113 E/S=29/84 rescue=0 empty=0 hall=0/0 FG/HBG/EBG=32/256/1280 grad=27.99
[E30] batch=060/250 pseudo=4 loss=13.8065 sfseg=13.6528 seg=0.9694 mard=1.9953 λM=0.0365 DURR(dir/res/hall)=0.8092/0.0000/0.0000 λD=1.000 route=425 E/S=232/193 rescue=0 empty=0 hall=0/0 FG/HBG/EBG=32/256/1280 grad=144.83
[E30] batch=070/250 pseudo=5 loss=7.4729 sfseg=7.3369 seg=0.2562 mard=2.0229 λM=0.0272 DURR(dir/res/hall)=0.8094/0.0000/0.0000 λD=1.000 route=225 E/S=146/79 rescue=0 empty=0 hall=0/0 FG/HBG/EBG=40/256/1280 grad=39.93
[E30] batch=080/250 pseudo=3 loss=4.1414 sfseg=3.9285 seg=0.4371 mard=2.0457 λM=0.0426 DURR(dir/res/hall)=1.2574/0.0000/0.0000 λD=1.000 route=242 E/S=78/164 rescue=0 empty=1 hall=0/0 FG/HBG/EBG=24/192/960 grad=23.54
[E30] batch=090/250 pseudo=4 loss=7.6071 sfseg=7.3715 seg=0.5598 mard=2.0101 λM=0.0402 DURR(dir/res/hall)=1.5492/0.0000/0.0000 λD=1.000 route=411 E/S=279/132 rescue=0 empty=0 hall=0/0 FG/HBG/EBG=32/256/1280 grad=68.89
[E30] batch=100/250 pseudo=4 loss=7.0304 sfseg=6.8315 seg=0.4691 mard=2.0724 λM=0.0372 DURR(dir/res/hall)=1.2163/0.0000/0.0000 λD=1.000 route=376 E/S=141/235 rescue=0 empty=0 hall=0/0 FG/HBG/EBG=32/256/1280 grad=42.75
[E30] batch=110/250 pseudo=4 loss=4.8807 sfseg=4.6787 seg=0.3444 mard=2.0529 λM=0.0446 DURR(dir/res/hall)=1.1038/0.0000/0.0000 λD=1.000 route=208 E/S=45/163 rescue=0 empty=0 hall=0/0 FG/HBG/EBG=32/256/1280 grad=51.99
[E30] batch=120/250 pseudo=5 loss=7.7001 sfseg=7.3248 seg=0.3179 mard=2.0954 λM=0.0308 DURR(dir/res/hall)=3.1072/0.0000/0.0000 λD=1.000 route=180 E/S=102/78 rescue=0 empty=0 hall=0/0 FG/HBG/EBG=40/320/1216 grad=34.64
[E30] batch=130/250 pseudo=4 loss=2.7466 sfseg=2.5543 seg=0.2047 mard=1.9781 λM=0.0433 DURR(dir/res/hall)=1.0665/0.0000/0.0000 λD=1.000 route=88 E/S=48/40 rescue=0 empty=0 hall=0/0 FG/HBG/EBG=32/256/1280 grad=18.59
[E30] batch=140/250 pseudo=4 loss=3.1433 sfseg=2.9342 seg=0.1529 mard=2.0416 λM=0.0403 DURR(dir/res/hall)=1.2683/0.0000/0.0000 λD=1.000 route=141 E/S=48/93 rescue=0 empty=0 hall=0/0 FG/HBG/EBG=32/256/1280 grad=37.58
[E30] batch=150/250 pseudo=4 loss=3.1857 sfseg=2.9507 seg=0.2090 mard=2.0588 λM=0.0440 DURR(dir/res/hall)=1.4429/0.0000/0.0000 λD=1.000 route=117 E/S=51/66 rescue=0 empty=0 hall=0/0 FG/HBG/EBG=32/256/1280 grad=20.66
[E30] batch=160/250 pseudo=4 loss=6.9302 sfseg=6.7481 seg=0.2336 mard=2.0145 λM=0.0354 DURR(dir/res/hall)=1.1091/0.0000/0.0000 λD=1.000 route=216 E/S=103/113 rescue=0 empty=0 hall=0/0 FG/HBG/EBG=32/256/1280 grad=46.40
[E30] batch=170/250 pseudo=4 loss=10.8843 sfseg=10.5949 seg=0.7324 mard=1.9966 λM=0.0402 DURR(dir/res/hall)=2.0921/0.0000/0.0000 λD=1.000 route=314 E/S=66/248 rescue=0 empty=0 hall=0/0 FG/HBG/EBG=32/256/1280 grad=185.33
[E30] batch=180/250 pseudo=5 loss=11.7369 sfseg=11.6344 seg=0.8776 mard=2.0197 λM=0.0283 DURR(dir/res/hall)=0.4549/0.0000/0.0000 λD=1.000 route=451 E/S=101/350 rescue=0 empty=0 hall=0/0 FG/HBG/EBG=40/256/1280 grad=86.23
[E30] batch=190/250 pseudo=4 loss=5.7012 sfseg=5.4437 seg=0.4983 mard=2.0683 λM=0.0448 DURR(dir/res/hall)=1.6488/0.0000/0.0000 λD=1.000 route=267 E/S=98/169 rescue=0 empty=0 hall=0/0 FG/HBG/EBG=32/256/1280 grad=40.07
[E30] batch=200/250 pseudo=4 loss=9.0347 sfseg=8.7977 seg=0.6826 mard=2.0307 λM=0.0436 DURR(dir/res/hall)=1.4849/0.0000/0.0000 λD=1.000 route=267 E/S=128/139 rescue=0 empty=0 hall=0/0 FG/HBG/EBG=32/256/1280 grad=82.89
[E30] batch=210/250 pseudo=4 loss=3.7116 sfseg=3.4008 seg=0.2159 mard=2.0291 λM=0.0448 DURR(dir/res/hall)=2.1999/0.0000/0.0000 λD=1.000 route=95 E/S=76/19 rescue=0 empty=0 hall=0/0 FG/HBG/EBG=32/256/1280 grad=28.34
[E30] batch=220/250 pseudo=3 loss=3.2220 sfseg=3.0156 seg=0.2299 mard=1.9956 λM=0.0425 DURR(dir/res/hall)=1.2166/0.0000/0.0000 λD=1.000 route=82 E/S=24/58 rescue=0 empty=1 hall=0/0 FG/HBG/EBG=24/192/960 grad=49.10
[E30] batch=230/250 pseudo=4 loss=3.3121 sfseg=3.0921 seg=0.2183 mard=2.0547 λM=0.0417 DURR(dir/res/hall)=1.3442/0.0000/0.0000 λD=1.000 route=231 E/S=127/104 rescue=0 empty=0 hall=0/0 FG/HBG/EBG=32/256/1280 grad=25.47
[E30] batch=240/250 pseudo=6 loss=13.1090 sfseg=12.8869 seg=0.5605 mard=1.9933 λM=0.0295 DURR(dir/res/hall)=1.6323/0.0000/0.0000 λD=1.000 route=238 E/S=111/127 rescue=0 empty=0 hall=0/0 FG/HBG/EBG=48/256/1280 grad=32.39
[E30] batch=250/250 pseudo=4 loss=7.2674 sfseg=7.0987 seg=0.7872 mard=2.0395 λM=0.0389 DURR(dir/res/hall)=0.8924/0.0000/0.0000 λD=1.000 route=337 E/S=82/255 rescue=0 empty=0 hall=0/0 FG/HBG/EBG=32/256/1280 grad=71.13

[Epoch 30] DONE time=66.8s valid=250 skipped=0 pseudo=1031 anchors=989 mask_extra=42 reject_rel=24 DURRmatch=954/4615 rescue=15 teacher_empty=46 hall=20/6826 loss=7.3702 sfseg=7.1417 mard=2.0306 dir=1.2202 res=0.0370 hallL=0.2032 route E/S=26580/49041
[SAVE Student] /home/dang/MedRT-SFOD/runs/seg/dense_sfseg/kvasir_durr_v1_segmard_v2_60ep/checkpoints/durr_student_epoch_30.pt
[SAVE Teacher] /home/dang/MedRT-SFOD/runs/seg/dense_sfseg/kvasir_durr_v1_segmard_v2_60ep/checkpoints/durr_teacher_ema_epoch_30.pt
[E31] batch=001/250 pseudo=4 loss=3.4653 sfseg=3.2839 seg=0.1774 mard=2.0376 λM=0.0448 DURR(dir/res/hall)=0.9009/0.0000/0.0000 λD=1.000 route=73 E/S=22/51 rescue=0 empty=0 hall=0/0 FG/HBG/EBG=32/256/1280 grad=30.11
[E31] batch=010/250 pseudo=4 loss=9.5713 sfseg=9.3518 seg=0.6357 mard=2.0527 λM=0.0328 DURR(dir/res/hall)=1.5216/0.0000/0.0000 λD=1.000 route=272 E/S=83/189 rescue=0 empty=0 hall=0/0 FG/HBG/EBG=32/256/1280 grad=62.70
[E31] batch=020/250 pseudo=4 loss=7.7331 sfseg=7.4889 seg=0.3530 mard=2.0742 λM=0.0426 DURR(dir/res/hall)=1.5577/0.0000/0.0000 λD=1.000 route=291 E/S=209/82 rescue=0 empty=0 hall=0/0 FG/HBG/EBG=32/256/1280 grad=87.36
[E31] batch=030/250 pseudo=4 loss=13.9807 sfseg=13.7087 seg=1.2183 mard=1.9704 λM=0.0362 DURR(dir/res/hall)=2.0062/0.0000/0.0000 λD=1.000 route=459 E/S=295/164 rescue=0 empty=0 hall=0/0 FG/HBG/EBG=32/256/1280 grad=95.59
[E31] batch=040/250 pseudo=5 loss=19.6605 sfseg=19.4838 seg=1.2322 mard=2.0178 λM=0.0321 DURR(dir/res/hall)=1.1194/0.0000/0.0000 λD=1.000 route=373 E/S=102/271 rescue=0 empty=0 hall=0/0 FG/HBG/EBG=40/256/1280 grad=162.73
[E31] batch=050/250 pseudo=3 loss=4.6279 sfseg=4.4502 seg=0.4668 mard=2.0116 λM=0.0411 DURR(dir/res/hall)=0.9502/0.0000/0.0000 λD=1.000 route=260 E/S=33/227 rescue=0 empty=1 hall=0/0 FG/HBG/EBG=24/192/960 grad=40.85
[E31] batch=060/250 pseudo=3 loss=3.3133 sfseg=2.8694 seg=0.2183 mard=2.0990 λM=0.0424 DURR(dir/res/hall)=1.3594/0.0000/2.1888 λD=1.000 route=91 E/S=64/27 rescue=0 empty=1 hall=1/1 FG/HBG/EBG=24/192/960 grad=25.53
[E31] batch=070/250 pseudo=6 loss=7.4462 sfseg=7.1936 seg=0.3024 mard=1.9758 λM=0.0318 DURR(dir/res/hall)=1.8983/0.0000/0.0000 λD=1.000 route=366 E/S=95/271 rescue=0 empty=0 hall=0/0 FG/HBG/EBG=48/320/1216 grad=27.47
[E31] batch=080/250 pseudo=3 loss=3.8581 sfseg=3.7227 seg=0.5694 mard=2.0786 λM=0.0447 DURR(dir/res/hall)=0.4251/0.0000/0.0000 λD=1.000 route=121 E/S=32/89 rescue=0 empty=1 hall=0/0 FG/HBG/EBG=24/192/960 grad=29.88
[E31] batch=090/250 pseudo=3 loss=2.7998 sfseg=2.6195 seg=0.2527 mard=2.0337 λM=0.0430 DURR(dir/res/hall)=0.9271/0.0000/0.0000 λD=1.000 route=214 E/S=41/173 rescue=0 empty=1 hall=0/0 FG/HBG/EBG=24/192/960 grad=21.11
[E31] batch=100/250 pseudo=3 loss=7.0678 sfseg=6.3381 seg=0.6495 mard=2.0014 λM=0.0435 DURR(dir/res/hall)=0.9874/0.0000/5.4383 λD=1.000 route=297 E/S=96/201 rescue=0 empty=1 hall=1/622 FG/HBG/EBG=24/192/960 grad=43.72
[E31] batch=110/250 pseudo=5 loss=11.9954 sfseg=11.6913 seg=0.6284 mard=1.9649 λM=0.0380 DURR(dir/res/hall)=2.2958/0.0000/0.0000 λD=1.000 route=240 E/S=73/167 rescue=0 empty=0 hall=0/0 FG/HBG/EBG=40/320/1216 grad=168.64
[E31] batch=120/250 pseudo=4 loss=7.3960 sfseg=7.1599 seg=0.4950 mard=2.0681 λM=0.0343 DURR(dir/res/hall)=1.5600/0.0465/0.0000 λD=1.000 route=314 E/S=151/163 rescue=1 empty=0 hall=0/0 FG/HBG/EBG=32/256/1280 grad=47.49
[E31] batch=130/250 pseudo=4 loss=5.3684 sfseg=5.1874 seg=0.3429 mard=2.0725 λM=0.0434 DURR(dir/res/hall)=0.9104/0.0000/0.0000 λD=1.000 route=185 E/S=85/100 rescue=0 empty=0 hall=0/0 FG/HBG/EBG=32/256/1280 grad=37.41
[E31] batch=140/250 pseudo=4 loss=3.4019 sfseg=3.1702 seg=0.2432 mard=1.9693 λM=0.0436 DURR(dir/res/hall)=1.4587/0.0000/0.0000 λD=1.000 route=115 E/S=52/63 rescue=0 empty=0 hall=0/0 FG/HBG/EBG=32/256/1280 grad=22.18
[E31] batch=150/250 pseudo=4 loss=3.6030 sfseg=3.4480 seg=0.2292 mard=1.9754 λM=0.0385 DURR(dir/res/hall)=0.7889/0.0000/0.0000 λD=1.000 route=137 E/S=46/91 rescue=0 empty=0 hall=0/0 FG/HBG/EBG=32/256/1280 grad=56.14
[E31] batch=160/250 pseudo=4 loss=4.1599 sfseg=3.9622 seg=0.2849 mard=1.9914 λM=0.0366 DURR(dir/res/hall)=1.2488/0.0000/0.0000 λD=1.000 route=139 E/S=40/99 rescue=0 empty=0 hall=0/0 FG/HBG/EBG=32/256/1280 grad=37.96
[E31] batch=170/250 pseudo=4 loss=9.5979 sfseg=9.4079 seg=1.0669 mard=2.0366 λM=0.0439 DURR(dir/res/hall)=1.0066/0.0000/0.0000 λD=1.000 route=281 E/S=148/133 rescue=0 empty=0 hall=0/0 FG/HBG/EBG=32/256/1280 grad=60.08
[E31] batch=180/250 pseudo=4 loss=5.3991 sfseg=5.2260 seg=0.4479 mard=2.0531 λM=0.0409 DURR(dir/res/hall)=0.8914/0.0000/0.0000 λD=1.000 route=412 E/S=89/323 rescue=0 empty=0 hall=0/0 FG/HBG/EBG=32/256/1280 grad=32.22
[E31] batch=190/250 pseudo=4 loss=6.3477 sfseg=6.1392 seg=0.3743 mard=1.9960 λM=0.0352 DURR(dir/res/hall)=1.3820/0.0000/0.0000 λD=1.000 route=217 E/S=170/47 rescue=0 empty=0 hall=0/0 FG/HBG/EBG=32/256/1280 grad=31.31
[E31] batch=200/250 pseudo=5 loss=4.0484 sfseg=3.7981 seg=0.2960 mard=1.9595 λM=0.0424 DURR(dir/res/hall)=1.6713/0.0000/0.0000 λD=1.000 route=170 E/S=35/135 rescue=0 empty=0 hall=0/0 FG/HBG/EBG=40/320/1216 grad=63.14
[E31] batch=210/250 pseudo=4 loss=13.8683 sfseg=13.6552 seg=0.9394 mard=1.9822 λM=0.0401 DURR(dir/res/hall)=1.3356/0.0000/0.0000 λD=1.000 route=133 E/S=54/79 rescue=0 empty=0 hall=0/0 FG/HBG/EBG=32/256/1280 grad=138.94
[E31] batch=220/250 pseudo=4 loss=13.9241 sfseg=13.7026 seg=1.1084 mard=2.0441 λM=0.0427 DURR(dir/res/hall)=1.3409/0.0000/0.0000 λD=1.000 route=268 E/S=103/165 rescue=0 empty=0 hall=0/0 FG/HBG/EBG=32/256/1280 grad=204.45
[E31] batch=230/250 pseudo=4 loss=12.1597 sfseg=11.9910 seg=0.7522 mard=2.0620 λM=0.0325 DURR(dir/res/hall)=1.0175/0.0000/0.0000 λD=1.000 route=317 E/S=95/222 rescue=0 empty=0 hall=0/0 FG/HBG/EBG=32/256/1280 grad=61.46
[E31] batch=240/250 pseudo=4 loss=4.7079 sfseg=4.5484 seg=0.3734 mard=2.0472 λM=0.0427 DURR(dir/res/hall)=0.7219/0.0000/0.0000 λD=1.000 route=305 E/S=55/250 rescue=0 empty=0 hall=0/0 FG/HBG/EBG=32/256/1280 grad=31.07
[E31] batch=250/250 pseudo=5 loss=7.7255 sfseg=7.5081 seg=0.4714 mard=2.0414 λM=0.0373 DURR(dir/res/hall)=1.4132/0.0000/0.0000 λD=1.000 route=164 E/S=52/112 rescue=0 empty=0 hall=0/0 FG/HBG/EBG=40/320/1216 grad=118.42

[Epoch 31] DONE time=67.1s valid=250 skipped=0 pseudo=1027 anchors=985 mask_extra=42 reject_rel=22 DURRmatch=948/4607 rescue=13 teacher_empty=50 hall=21/6986 loss=7.4085 sfseg=7.1740 mard=2.0289 dir=1.2578 res=0.0258 hallL=0.2455 route E/S=25498/48733
[E32] batch=001/250 pseudo=3 loss=7.1825 sfseg=6.9685 seg=0.7402 mard=2.0282 λM=0.0427 DURR(dir/res/hall)=1.2729/0.0000/0.0000 λD=1.000 route=261 E/S=50/211 rescue=0 empty=1 hall=0/0 FG/HBG/EBG=24/192/960 grad=63.85
[E32] batch=010/250 pseudo=4 loss=5.7013 sfseg=5.5208 seg=0.4593 mard=2.0282 λM=0.0411 DURR(dir/res/hall)=0.9727/0.0000/0.0000 λD=1.000 route=301 E/S=73/228 rescue=0 empty=0 hall=0/0 FG/HBG/EBG=32/256/1280 grad=41.87
[E32] batch=020/250 pseudo=4 loss=6.0166 sfseg=5.8446 seg=0.5258 mard=2.0287 λM=0.0359 DURR(dir/res/hall)=0.9927/0.0000/0.0000 λD=1.000 route=340 E/S=47/293 rescue=0 empty=0 hall=0/0 FG/HBG/EBG=32/256/1280 grad=46.13
[E32] batch=030/250 pseudo=4 loss=7.4992 sfseg=7.2999 seg=0.4146 mard=2.0067 λM=0.0395 DURR(dir/res/hall)=1.2012/0.0000/0.0000 λD=1.000 route=272 E/S=191/81 rescue=0 empty=0 hall=0/0 FG/HBG/EBG=32/256/1280 grad=122.85
[E32] batch=040/250 pseudo=4 loss=4.8011 sfseg=4.5501 seg=0.3347 mard=2.0169 λM=0.0424 DURR(dir/res/hall)=1.6541/0.0000/0.0000 λD=1.000 route=671 E/S=100/571 rescue=0 empty=0 hall=0/0 FG/HBG/EBG=32/256/1280 grad=31.25
[E32] batch=050/250 pseudo=3 loss=11.7450 sfseg=11.3048 seg=1.4247 mard=2.0279 λM=0.0423 DURR(dir/res/hall)=1.3042/0.0000/2.2408 λD=1.000 route=510 E/S=50/460 rescue=0 empty=1 hall=1/6 FG/HBG/EBG=24/192/960 grad=81.24
[E32] batch=060/250 pseudo=4 loss=6.0545 sfseg=5.7972 seg=0.2475 mard=2.0026 λM=0.0313 DURR(dir/res/hall)=1.9462/0.0000/0.0000 λD=1.000 route=320 E/S=110/210 rescue=0 empty=0 hall=0/0 FG/HBG/EBG=32/256/1280 grad=24.97
[E32] batch=070/250 pseudo=5 loss=7.5450 sfseg=7.3728 seg=0.4952 mard=1.9620 λM=0.0390 DURR(dir/res/hall)=0.9574/0.0000/0.0000 λD=1.000 route=164 E/S=76/88 rescue=0 empty=0 hall=0/0 FG/HBG/EBG=40/320/1216 grad=95.26
[E32] batch=080/250 pseudo=4 loss=3.7809 sfseg=3.6061 seg=0.3232 mard=1.9939 λM=0.0454 DURR(dir/res/hall)=0.8434/0.0000/0.0000 λD=1.000 route=204 E/S=98/106 rescue=0 empty=0 hall=0/0 FG/HBG/EBG=32/256/1280 grad=36.57
[E32] batch=090/250 pseudo=4 loss=19.5062 sfseg=19.3213 seg=1.1885 mard=2.0217 λM=0.0308 DURR(dir/res/hall)=1.2264/0.0000/0.0000 λD=1.000 route=342 E/S=16/326 rescue=0 empty=0 hall=0/0 FG/HBG/EBG=32/256/1280 grad=119.48
[E32] batch=100/250 pseudo=4 loss=8.8786 sfseg=8.6824 seg=0.4555 mard=2.0551 λM=0.0329 DURR(dir/res/hall)=1.2853/0.0000/0.0000 λD=1.000 route=423 E/S=290/133 rescue=0 empty=0 hall=0/0 FG/HBG/EBG=32/256/1280 grad=97.84
[E32] batch=110/250 pseudo=4 loss=10.2879 sfseg=10.0195 seg=0.4915 mard=2.0279 λM=0.0414 DURR(dir/res/hall)=1.8451/0.0000/0.0000 λD=1.000 route=156 E/S=37/119 rescue=0 empty=0 hall=0/0 FG/HBG/EBG=32/256/1280 grad=120.88
[E32] batch=120/250 pseudo=4 loss=12.7122 sfseg=12.4258 seg=0.8190 mard=2.0810 λM=0.0311 DURR(dir/res/hall)=2.2164/0.0000/0.0000 λD=1.000 route=703 E/S=492/211 rescue=0 empty=0 hall=0/0 FG/HBG/EBG=32/256/1280 grad=78.48
[E32] batch=130/250 pseudo=3 loss=4.2269 sfseg=4.0282 seg=0.3743 mard=2.0122 λM=0.0423 DURR(dir/res/hall)=1.1366/0.0000/0.0000 λD=1.000 route=186 E/S=32/154 rescue=0 empty=1 hall=0/0 FG/HBG/EBG=24/192/960 grad=22.72
[E32] batch=140/250 pseudo=4 loss=10.6181 sfseg=10.4392 seg=0.9650 mard=2.0735 λM=0.0324 DURR(dir/res/hall)=1.1173/0.0000/0.0000 λD=1.000 route=575 E/S=139/436 rescue=0 empty=0 hall=0/0 FG/HBG/EBG=32/256/1280 grad=72.80
[E32] batch=150/250 pseudo=4 loss=4.0007 sfseg=3.8203 seg=0.3166 mard=1.9843 λM=0.0447 DURR(dir/res/hall)=0.9181/0.0000/0.0000 λD=1.000 route=218 E/S=19/199 rescue=0 empty=0 hall=0/0 FG/HBG/EBG=32/256/1280 grad=38.26
[E32] batch=160/250 pseudo=4 loss=6.7850 sfseg=6.6044 seg=0.3574 mard=2.0612 λM=0.0424 DURR(dir/res/hall)=0.9328/0.0000/0.0000 λD=1.000 route=551 E/S=222/329 rescue=0 empty=0 hall=0/0 FG/HBG/EBG=32/256/1280 grad=62.36
[E32] batch=170/250 pseudo=4 loss=10.3202 sfseg=10.0838 seg=0.7573 mard=2.0714 λM=0.0313 DURR(dir/res/hall)=1.7152/0.0000/0.0000 λD=1.000 route=396 E/S=36/360 rescue=0 empty=0 hall=0/0 FG/HBG/EBG=32/256/1280 grad=71.84
[E32] batch=180/250 pseudo=3 loss=8.1464 sfseg=7.5206 seg=1.3057 mard=2.1222 λM=0.0369 DURR(dir/res/hall)=1.4083/0.0000/4.0680 λD=1.000 route=441 E/S=178/263 rescue=0 empty=2 hall=1/1329 FG/HBG/EBG=24/192/576 grad=66.70
[E32] batch=190/250 pseudo=5 loss=11.5852 sfseg=11.4012 seg=0.6944 mard=2.0225 λM=0.0321 DURR(dir/res/hall)=1.1903/0.0000/0.0000 λD=1.000 route=224 E/S=98/126 rescue=0 empty=0 hall=0/0 FG/HBG/EBG=40/256/1280 grad=137.68
[E32] batch=200/250 pseudo=4 loss=7.7609 sfseg=7.0008 seg=1.0775 mard=2.0089 λM=0.0429 DURR(dir/res/hall)=2.0900/0.0000/4.6497 λD=1.000 route=162 E/S=47/115 rescue=0 empty=1 hall=1/543 FG/HBG/EBG=32/256/896 grad=47.82
[E32] batch=210/250 pseudo=4 loss=2.8700 sfseg=2.6449 seg=0.1918 mard=2.0640 λM=0.0457 DURR(dir/res/hall)=1.3084/0.0000/0.0000 λD=1.000 route=140 E/S=6/134 rescue=0 empty=0 hall=0/0 FG/HBG/EBG=32/256/1280 grad=23.58
[E32] batch=220/250 pseudo=4 loss=11.5185 sfseg=11.3433 seg=0.4394 mard=2.0320 λM=0.0379 DURR(dir/res/hall)=0.9813/0.0000/0.0000 λD=1.000 route=274 E/S=66/208 rescue=0 empty=0 hall=0/0 FG/HBG/EBG=32/256/1280 grad=110.34
[E32] batch=230/250 pseudo=5 loss=6.8101 sfseg=6.5989 seg=0.4296 mard=2.0351 λM=0.0410 DURR(dir/res/hall)=1.2780/0.0000/0.0000 λD=1.000 route=125 E/S=51/74 rescue=0 empty=0 hall=0/0 FG/HBG/EBG=40/256/1280 grad=66.24
[E32] batch=240/250 pseudo=4 loss=14.9008 sfseg=14.7081 seg=1.2306 mard=2.0394 λM=0.0413 DURR(dir/res/hall)=1.0842/0.0000/0.0000 λD=1.000 route=677 E/S=66/611 rescue=0 empty=0 hall=0/0 FG/HBG/EBG=32/256/1280 grad=63.25
[E32] batch=250/250 pseudo=4 loss=4.9265 sfseg=4.7326 seg=0.3574 mard=2.0296 λM=0.0383 DURR(dir/res/hall)=1.1610/0.0000/0.0000 λD=1.000 route=117 E/S=107/10 rescue=0 empty=0 hall=0/0 FG/HBG/EBG=32/256/1280 grad=24.72

[Epoch 32] DONE time=66.9s valid=250 skipped=0 pseudo=1028 anchors=982 mask_extra=46 reject_rel=22 DURRmatch=943/4585 rescue=12 teacher_empty=50 hall=18/5903 loss=7.5027 sfseg=7.2741 mard=2.0308 dir=1.2643 res=0.0165 hallL=0.2026 route E/S=25517/47404
[E33] batch=001/250 pseudo=4 loss=8.0797 sfseg=7.7939 seg=0.7602 mard=2.0515 λM=0.0439 DURR(dir/res/hall)=1.9563/0.0000/0.0000 λD=1.000 route=378 E/S=168/210 rescue=0 empty=0 hall=0/0 FG/HBG/EBG=32/256/1280 grad=61.20
[E33] batch=010/250 pseudo=4 loss=3.5095 sfseg=3.3315 seg=0.2672 mard=2.0446 λM=0.0440 DURR(dir/res/hall)=0.8799/0.0000/0.0000 λD=1.000 route=148 E/S=26/122 rescue=0 empty=0 hall=0/0 FG/HBG/EBG=32/256/1280 grad=44.96
[E33] batch=020/250 pseudo=4 loss=9.3254 sfseg=9.0252 seg=0.3612 mard=2.0042 λM=0.0419 DURR(dir/res/hall)=2.1620/0.0000/0.0000 λD=1.000 route=178 E/S=88/90 rescue=0 empty=0 hall=0/0 FG/HBG/EBG=32/256/1280 grad=44.67
[E33] batch=030/250 pseudo=4 loss=5.2724 sfseg=5.0336 seg=0.2488 mard=2.0212 λM=0.0417 DURR(dir/res/hall)=1.5453/0.0000/0.0000 λD=1.000 route=229 E/S=97/132 rescue=0 empty=0 hall=0/0 FG/HBG/EBG=32/256/1280 grad=79.26
[E33] batch=040/250 pseudo=5 loss=6.6547 sfseg=6.4933 seg=0.4369 mard=2.1048 λM=0.0405 DURR(dir/res/hall)=0.7614/0.0000/0.0000 λD=1.000 route=398 E/S=227/171 rescue=0 empty=0 hall=0/0 FG/HBG/EBG=40/320/1216 grad=36.34
[E33] batch=050/250 pseudo=4 loss=2.7359 sfseg=2.5558 seg=0.2222 mard=2.0834 λM=0.0449 DURR(dir/res/hall)=0.8663/0.0000/0.0000 λD=1.000 route=188 E/S=22/166 rescue=0 empty=0 hall=0/0 FG/HBG/EBG=32/256/1280 grad=20.92
[E33] batch=060/250 pseudo=4 loss=3.5591 sfseg=3.3312 seg=0.2706 mard=2.0232 λM=0.0415 DURR(dir/res/hall)=1.3571/0.0408/0.0000 λD=1.000 route=273 E/S=48/225 rescue=1 empty=0 hall=0/0 FG/HBG/EBG=32/256/1280 grad=23.12
[E33] batch=070/250 pseudo=4 loss=4.7174 sfseg=4.5466 seg=0.3565 mard=2.0246 λM=0.0432 DURR(dir/res/hall)=0.8334/0.0000/0.0000 λD=1.000 route=299 E/S=161/138 rescue=0 empty=0 hall=0/0 FG/HBG/EBG=32/256/1280 grad=30.15
[E33] batch=080/250 pseudo=5 loss=5.0870 sfseg=4.9189 seg=0.3586 mard=2.0182 λM=0.0348 DURR(dir/res/hall)=0.9787/0.0000/0.0000 λD=1.000 route=187 E/S=63/124 rescue=0 empty=0 hall=0/0 FG/HBG/EBG=40/320/1216 grad=24.57
[E33] batch=090/250 pseudo=5 loss=7.5035 sfseg=7.2313 seg=0.3125 mard=1.9834 λM=0.0365 DURR(dir/res/hall)=1.9974/0.0000/0.0000 λD=1.000 route=174 E/S=75/99 rescue=0 empty=0 hall=0/0 FG/HBG/EBG=40/256/1280 grad=67.91
[E33] batch=100/250 pseudo=4 loss=7.4484 sfseg=7.1443 seg=0.7893 mard=2.0022 λM=0.0422 DURR(dir/res/hall)=2.1960/0.0000/0.0000 λD=1.000 route=197 E/S=139/58 rescue=0 empty=0 hall=0/0 FG/HBG/EBG=32/256/1280 grad=78.61
[E33] batch=110/250 pseudo=3 loss=2.3925 sfseg=2.2037 seg=0.2731 mard=2.0134 λM=0.0454 DURR(dir/res/hall)=0.9725/0.0000/0.0000 λD=1.000 route=116 E/S=17/99 rescue=0 empty=1 hall=0/0 FG/HBG/EBG=24/192/960 grad=20.11
[E33] batch=120/250 pseudo=4 loss=8.8750 sfseg=8.6438 seg=0.3793 mard=2.0159 λM=0.0458 DURR(dir/res/hall)=1.3890/0.0000/0.0000 λD=1.000 route=133 E/S=40/93 rescue=0 empty=0 hall=0/0 FG/HBG/EBG=32/256/1280 grad=44.72
[E33] batch=130/250 pseudo=4 loss=6.2225 sfseg=5.9780 seg=0.4206 mard=2.0195 λM=0.0355 DURR(dir/res/hall)=1.7275/0.0000/0.0000 λD=1.000 route=409 E/S=88/321 rescue=0 empty=0 hall=0/0 FG/HBG/EBG=32/256/1280 grad=34.69
[E33] batch=140/250 pseudo=4 loss=3.4632 sfseg=3.3176 seg=0.2814 mard=2.0235 λM=0.0427 DURR(dir/res/hall)=0.5926/0.0000/0.0000 λD=1.000 route=228 E/S=66/162 rescue=0 empty=0 hall=0/0 FG/HBG/EBG=32/256/1280 grad=25.70
[E33] batch=150/250 pseudo=4 loss=11.6413 sfseg=11.4260 seg=0.8725 mard=1.9830 λM=0.0319 DURR(dir/res/hall)=1.1784/0.1708/0.0000 λD=1.000 route=142 E/S=113/29 rescue=1 empty=0 hall=0/0 FG/HBG/EBG=32/256/1280 grad=70.66
[E33] batch=160/250 pseudo=4 loss=4.9339 sfseg=4.7729 seg=0.4971 mard=1.9988 λM=0.0404 DURR(dir/res/hall)=0.8030/0.0000/0.0000 λD=1.000 route=233 E/S=124/109 rescue=0 empty=0 hall=0/0 FG/HBG/EBG=32/256/1280 grad=32.60
[E33] batch=170/250 pseudo=5 loss=11.7815 sfseg=11.3859 seg=1.2292 mard=1.9884 λM=0.0376 DURR(dir/res/hall)=3.2075/0.0000/0.0000 λD=1.000 route=141 E/S=21/120 rescue=0 empty=0 hall=0/0 FG/HBG/EBG=40/256/1280 grad=96.54
[E33] batch=180/250 pseudo=3 loss=4.8862 sfseg=4.6364 seg=0.4149 mard=2.1089 λM=0.0428 DURR(dir/res/hall)=1.5962/0.0000/0.0000 λD=1.000 route=432 E/S=11/421 rescue=0 empty=1 hall=0/0 FG/HBG/EBG=24/192/960 grad=18.90
[E33] batch=190/250 pseudo=4 loss=3.7210 sfseg=3.5374 seg=0.2792 mard=2.0238 λM=0.0362 DURR(dir/res/hall)=1.1040/0.0000/0.0000 λD=1.000 route=272 E/S=176/96 rescue=0 empty=0 hall=0/0 FG/HBG/EBG=32/256/1280 grad=25.11
[E33] batch=200/250 pseudo=4 loss=8.0456 sfseg=7.7211 seg=0.8703 mard=2.0365 λM=0.0405 DURR(dir/res/hall)=2.4210/0.0000/0.0000 λD=1.000 route=315 E/S=54/261 rescue=0 empty=0 hall=0/0 FG/HBG/EBG=32/256/1280 grad=124.29
[E33] batch=210/250 pseudo=3 loss=1.9867 sfseg=1.7242 seg=0.1976 mard=2.1374 λM=0.0463 DURR(dir/res/hall)=1.6350/0.0000/0.0000 λD=1.000 route=101 E/S=73/28 rescue=0 empty=1 hall=0/0 FG/HBG/EBG=24/192/960 grad=18.68
[E33] batch=220/250 pseudo=5 loss=6.1484 sfseg=5.9763 seg=0.4295 mard=1.9565 λM=0.0421 DURR(dir/res/hall)=0.8985/0.0000/0.0000 λD=1.000 route=158 E/S=42/116 rescue=0 empty=0 hall=0/0 FG/HBG/EBG=40/256/1280 grad=48.55
[E33] batch=230/250 pseudo=4 loss=3.5606 sfseg=3.3900 seg=0.2268 mard=2.0062 λM=0.0438 DURR(dir/res/hall)=0.8266/0.0000/0.0000 λD=1.000 route=153 E/S=103/50 rescue=0 empty=0 hall=0/0 FG/HBG/EBG=32/256/1280 grad=23.46
[E33] batch=240/250 pseudo=5 loss=4.6265 sfseg=4.4386 seg=0.3760 mard=2.0238 λM=0.0422 DURR(dir/res/hall)=1.0241/0.0000/0.0000 λD=1.000 route=162 E/S=57/105 rescue=0 empty=0 hall=0/0 FG/HBG/EBG=40/320/1216 grad=31.73
[E33] batch=250/250 pseudo=4 loss=2.9540 sfseg=2.7881 seg=0.2915 mard=1.9968 λM=0.0408 DURR(dir/res/hall)=0.8450/0.0000/0.0000 λD=1.000 route=255 E/S=55/200 rescue=0 empty=1 hall=0/0 FG/HBG/EBG=32/256/896 grad=20.94

[Epoch 33] DONE time=66.9s valid=250 skipped=0 pseudo=1020 anchors=977 mask_extra=43 reject_rel=24 DURRmatch=947/4573 rescue=11 teacher_empty=54 hall=23/6193 loss=7.2413 sfseg=7.0165 mard=2.0314 dir=1.2164 res=0.0198 hallL=0.2050 route E/S=25756/47706
[E34] batch=001/250 pseudo=4 loss=4.8273 sfseg=4.6099 seg=0.3817 mard=2.0677 λM=0.0421 DURR(dir/res/hall)=0.8045/0.2490/0.0000 λD=1.000 route=158 E/S=69/89 rescue=1 empty=0 hall=0/0 FG/HBG/EBG=32/256/1280 grad=36.96
[E34] batch=010/250 pseudo=3 loss=7.4652 sfseg=7.2765 seg=0.5124 mard=2.0326 λM=0.0317 DURR(dir/res/hall)=1.2428/0.0000/0.0000 λD=1.000 route=325 E/S=32/293 rescue=0 empty=1 hall=0/0 FG/HBG/EBG=24/192/960 grad=68.13
[E34] batch=020/250 pseudo=4 loss=5.1163 sfseg=4.8986 seg=0.3975 mard=1.9858 λM=0.0350 DURR(dir/res/hall)=1.4819/0.0000/0.0000 λD=1.000 route=80 E/S=9/71 rescue=0 empty=0 hall=0/0 FG/HBG/EBG=32/256/1280 grad=38.53
[E34] batch=030/250 pseudo=4 loss=3.6984 sfseg=3.4690 seg=0.2875 mard=2.0295 λM=0.0443 DURR(dir/res/hall)=1.3940/0.0000/0.0000 λD=1.000 route=189 E/S=62/127 rescue=0 empty=0 hall=0/0 FG/HBG/EBG=32/256/1280 grad=22.05
[E34] batch=040/250 pseudo=4 loss=9.4165 sfseg=9.1536 seg=0.4287 mard=1.9980 λM=0.0384 DURR(dir/res/hall)=1.8613/0.0000/0.0000 λD=1.000 route=286 E/S=119/167 rescue=0 empty=0 hall=0/0 FG/HBG/EBG=32/256/1280 grad=134.65
[E34] batch=050/250 pseudo=4 loss=4.2666 sfseg=4.0780 seg=0.2620 mard=1.9789 λM=0.0395 DURR(dir/res/hall)=1.1036/0.0000/0.0000 λD=1.000 route=122 E/S=55/67 rescue=0 empty=0 hall=0/0 FG/HBG/EBG=32/256/1280 grad=28.28
[E34] batch=060/250 pseudo=4 loss=7.9652 sfseg=7.7758 seg=0.7088 mard=1.9808 λM=0.0359 DURR(dir/res/hall)=1.1823/0.0000/0.0000 λD=1.000 route=499 E/S=43/456 rescue=0 empty=0 hall=0/0 FG/HBG/EBG=32/256/1280 grad=51.10
[E34] batch=070/250 pseudo=4 loss=5.0847 sfseg=4.8858 seg=0.3245 mard=2.1158 λM=0.0451 DURR(dir/res/hall)=1.0344/0.0000/0.0000 λD=1.000 route=208 E/S=48/160 rescue=0 empty=0 hall=0/0 FG/HBG/EBG=32/256/1280 grad=34.13
[E34] batch=080/250 pseudo=4 loss=7.8430 sfseg=7.6188 seg=0.6287 mard=2.0426 λM=0.0424 DURR(dir/res/hall)=1.3761/0.0000/0.0000 λD=1.000 route=525 E/S=298/227 rescue=0 empty=0 hall=0/0 FG/HBG/EBG=32/256/1280 grad=56.94
[E34] batch=090/250 pseudo=3 loss=3.1324 sfseg=2.9861 seg=0.4318 mard=2.0305 λM=0.0406 DURR(dir/res/hall)=0.6386/0.0000/0.0000 λD=1.000 route=219 E/S=119/100 rescue=0 empty=1 hall=0/0 FG/HBG/EBG=24/192/960 grad=23.48
[E34] batch=100/250 pseudo=4 loss=9.5761 sfseg=9.3052 seg=0.7192 mard=2.0715 λM=0.0403 DURR(dir/res/hall)=1.8740/0.0000/0.0000 λD=1.000 route=495 E/S=102/393 rescue=0 empty=0 hall=0/0 FG/HBG/EBG=32/256/1280 grad=121.61
[E34] batch=110/250 pseudo=4 loss=3.9322 sfseg=3.7054 seg=0.2013 mard=1.9817 λM=0.0430 DURR(dir/res/hall)=1.4152/0.0000/0.0000 λD=1.000 route=129 E/S=48/81 rescue=0 empty=0 hall=0/0 FG/HBG/EBG=32/256/1280 grad=28.95
[E34] batch=120/250 pseudo=4 loss=6.0209 sfseg=5.7562 seg=0.2066 mard=2.0503 λM=0.0443 DURR(dir/res/hall)=1.7393/0.0000/0.0000 λD=1.000 route=237 E/S=92/145 rescue=0 empty=0 hall=0/0 FG/HBG/EBG=32/256/1280 grad=37.68
[E34] batch=130/250 pseudo=4 loss=7.5089 sfseg=7.2611 seg=0.3877 mard=2.0065 λM=0.0386 DURR(dir/res/hall)=1.7028/0.0000/0.0000 λD=1.000 route=370 E/S=145/225 rescue=0 empty=0 hall=0/0 FG/HBG/EBG=32/256/1280 grad=44.69
[E34] batch=140/250 pseudo=6 loss=5.6453 sfseg=5.4295 seg=0.2632 mard=2.0353 λM=0.0310 DURR(dir/res/hall)=1.5264/0.0000/0.0000 λD=1.000 route=252 E/S=188/64 rescue=0 empty=0 hall=0/0 FG/HBG/EBG=48/256/1280 grad=27.92
[E34] batch=150/250 pseudo=4 loss=5.6761 sfseg=5.4627 seg=0.6240 mard=2.0634 λM=0.0329 DURR(dir/res/hall)=1.4544/0.0000/0.0000 λD=1.000 route=582 E/S=392/190 rescue=0 empty=1 hall=0/0 FG/HBG/EBG=32/192/960 grad=36.80
[E34] batch=160/250 pseudo=4 loss=5.2741 sfseg=5.0936 seg=0.4785 mard=2.0465 λM=0.0455 DURR(dir/res/hall)=0.8735/0.0000/0.0000 λD=1.000 route=207 E/S=80/127 rescue=0 empty=0 hall=0/0 FG/HBG/EBG=32/256/1280 grad=31.28
[E34] batch=170/250 pseudo=4 loss=18.2229 sfseg=18.0071 seg=0.6300 mard=2.0253 λM=0.0416 DURR(dir/res/hall)=0.4713/0.4222/0.0000 λD=1.000 route=53 E/S=10/43 rescue=1 empty=0 hall=0/0 FG/HBG/EBG=32/256/1280 grad=105.28
[E34] batch=180/250 pseudo=4 loss=4.4385 sfseg=4.2397 seg=0.2938 mard=1.9760 λM=0.0429 DURR(dir/res/hall)=1.1395/0.0000/0.0000 λD=1.000 route=223 E/S=81/142 rescue=0 empty=0 hall=0/0 FG/HBG/EBG=32/256/1280 grad=36.52
[E34] batch=190/250 pseudo=4 loss=4.1423 sfseg=3.9742 seg=0.2104 mard=1.9783 λM=0.0367 DURR(dir/res/hall)=0.9553/0.0000/0.0000 λD=1.000 route=176 E/S=88/88 rescue=0 empty=0 hall=0/0 FG/HBG/EBG=32/256/1280 grad=25.30
[E34] batch=200/250 pseudo=6 loss=16.2919 sfseg=16.0707 seg=1.3823 mard=2.0860 λM=0.0315 DURR(dir/res/hall)=1.5536/0.0000/0.0000 λD=1.000 route=799 E/S=431/368 rescue=0 empty=0 hall=0/0 FG/HBG/EBG=48/320/1216 grad=138.73
[E34] batch=210/250 pseudo=4 loss=5.0239 sfseg=4.8451 seg=0.3514 mard=2.0069 λM=0.0427 DURR(dir/res/hall)=0.9315/0.0000/0.0000 λD=1.000 route=292 E/S=161/131 rescue=0 empty=0 hall=0/0 FG/HBG/EBG=32/256/1280 grad=22.53
[E34] batch=220/250 pseudo=4 loss=2.4978 sfseg=2.2675 seg=0.1560 mard=2.0412 λM=0.0443 DURR(dir/res/hall)=1.3991/0.0000/0.0000 λD=1.000 route=114 E/S=37/77 rescue=0 empty=0 hall=0/0 FG/HBG/EBG=32/256/1280 grad=23.95
[E34] batch=230/250 pseudo=3 loss=4.1406 sfseg=3.9809 seg=0.4238 mard=2.0144 λM=0.0411 DURR(dir/res/hall)=0.7691/0.0000/0.0000 λD=1.000 route=215 E/S=155/60 rescue=0 empty=1 hall=0/0 FG/HBG/EBG=24/192/960 grad=39.62
[E34] batch=240/250 pseudo=4 loss=4.8467 sfseg=4.6086 seg=0.3212 mard=2.0327 λM=0.0432 DURR(dir/res/hall)=1.5017/0.0000/0.0000 λD=1.000 route=495 E/S=132/363 rescue=0 empty=0 hall=0/0 FG/HBG/EBG=32/256/1280 grad=24.95
[E34] batch=250/250 pseudo=5 loss=9.2668 sfseg=9.0788 seg=0.6358 mard=1.9794 λM=0.0334 DURR(dir/res/hall)=1.2184/0.0000/0.0000 λD=1.000 route=145 E/S=28/117 rescue=0 empty=0 hall=0/0 FG/HBG/EBG=40/320/1216 grad=63.41

[Epoch 34] DONE time=67.1s valid=250 skipped=0 pseudo=1033 anchors=986 mask_extra=47 reject_rel=18 DURRmatch=959/4627 rescue=14 teacher_empty=46 hall=11/3337 loss=7.2768 sfseg=7.0606 mard=2.0287 dir=1.2310 res=0.0172 hallL=0.1171 route E/S=26314/50337
[E35] batch=001/250 pseudo=4 loss=6.2794 sfseg=6.0715 seg=0.5195 mard=1.9919 λM=0.0375 DURR(dir/res/hall)=0.9644/0.1840/0.0000 λD=1.000 route=70 E/S=20/50 rescue=1 empty=0 hall=0/0 FG/HBG/EBG=32/256/1280 grad=31.95
[E35] batch=010/250 pseudo=5 loss=8.0585 sfseg=7.8121 seg=0.5059 mard=2.0409 λM=0.0318 DURR(dir/res/hall)=1.8148/0.0000/0.0000 λD=1.000 route=595 E/S=153/442 rescue=0 empty=0 hall=0/0 FG/HBG/EBG=40/256/1280 grad=33.22
[E35] batch=020/250 pseudo=6 loss=12.3150 sfseg=11.9702 seg=0.5331 mard=2.0151 λM=0.0344 DURR(dir/res/hall)=2.7543/0.0000/0.0000 λD=1.000 route=236 E/S=78/158 rescue=0 empty=0 hall=0/0 FG/HBG/EBG=48/384/1152 grad=46.81
[E35] batch=030/250 pseudo=4 loss=4.8770 sfseg=4.6612 seg=0.5094 mard=2.0658 λM=0.0452 DURR(dir/res/hall)=1.2251/0.0000/0.0000 λD=1.000 route=281 E/S=42/239 rescue=0 empty=0 hall=0/0 FG/HBG/EBG=32/256/1280 grad=52.37
[E35] batch=040/250 pseudo=5 loss=7.9562 sfseg=7.8114 seg=0.6351 mard=1.9898 λM=0.0400 DURR(dir/res/hall)=0.6522/0.0000/0.0000 λD=1.000 route=367 E/S=156/211 rescue=0 empty=0 hall=0/0 FG/HBG/EBG=40/256/1280 grad=40.25
[E35] batch=050/250 pseudo=3 loss=5.8657 sfseg=5.6065 seg=0.5003 mard=2.0162 λM=0.0379 DURR(dir/res/hall)=1.8277/0.0000/0.0000 λD=1.000 route=201 E/S=150/51 rescue=0 empty=1 hall=0/0 FG/HBG/EBG=24/192/960 grad=32.51
[E35] batch=060/250 pseudo=4 loss=3.5855 sfseg=3.4066 seg=0.3039 mard=2.0099 λM=0.0450 DURR(dir/res/hall)=0.8855/0.0000/0.0000 λD=1.000 route=342 E/S=117/225 rescue=0 empty=0 hall=0/0 FG/HBG/EBG=32/256/1280 grad=21.94
[E35] batch=070/250 pseudo=4 loss=13.4291 sfseg=13.2653 seg=1.1068 mard=2.0090 λM=0.0373 DURR(dir/res/hall)=0.8880/0.0000/0.0000 λD=1.000 route=861 E/S=212/649 rescue=0 empty=0 hall=0/0 FG/HBG/EBG=32/256/1280 grad=70.07
[E35] batch=080/250 pseudo=4 loss=7.8218 sfseg=7.6559 seg=0.6174 mard=1.9944 λM=0.0349 DURR(dir/res/hall)=0.9638/0.0000/0.0000 λD=1.000 route=177 E/S=55/122 rescue=0 empty=0 hall=0/0 FG/HBG/EBG=32/256/1280 grad=50.15
[E35] batch=090/250 pseudo=4 loss=5.1473 sfseg=4.9565 seg=0.3349 mard=2.0230 λM=0.0393 DURR(dir/res/hall)=1.1139/0.0000/0.0000 λD=1.000 route=374 E/S=133/241 rescue=0 empty=0 hall=0/0 FG/HBG/EBG=32/256/1280 grad=24.77
[E35] batch=100/250 pseudo=4 loss=6.0181 sfseg=5.7939 seg=0.4229 mard=1.9878 λM=0.0438 DURR(dir/res/hall)=1.3711/0.0000/0.0000 λD=1.000 route=170 E/S=79/91 rescue=0 empty=0 hall=0/0 FG/HBG/EBG=32/256/1280 grad=72.39
[E35] batch=110/250 pseudo=5 loss=6.7761 sfseg=6.6120 seg=0.3512 mard=2.0847 λM=0.0324 DURR(dir/res/hall)=0.9671/0.0000/0.0000 λD=1.000 route=308 E/S=61/247 rescue=0 empty=0 hall=0/0 FG/HBG/EBG=40/256/1280 grad=25.06
[E35] batch=120/250 pseudo=4 loss=3.1114 sfseg=2.9193 seg=0.3215 mard=2.0670 λM=0.0455 DURR(dir/res/hall)=0.9805/0.0000/0.0000 λD=1.000 route=299 E/S=65/234 rescue=0 empty=0 hall=0/0 FG/HBG/EBG=32/256/1280 grad=21.04
[E35] batch=130/250 pseudo=5 loss=12.5969 sfseg=12.2226 seg=0.8053 mard=1.9987 λM=0.0391 DURR(dir/res/hall)=2.3177/0.3222/0.0000 λD=1.000 route=249 E/S=65/184 rescue=1 empty=0 hall=0/0 FG/HBG/EBG=40/320/1216 grad=103.46
[E35] batch=140/250 pseudo=5 loss=6.8098 sfseg=6.6139 seg=0.7139 mard=1.9973 λM=0.0433 DURR(dir/res/hall)=1.0948/0.0000/0.0000 λD=1.000 route=214 E/S=78/136 rescue=0 empty=0 hall=0/0 FG/HBG/EBG=40/320/1216 grad=38.81
[E35] batch=150/250 pseudo=4 loss=5.7655 sfseg=5.5160 seg=0.4354 mard=2.0163 λM=0.0399 DURR(dir/res/hall)=1.6902/0.0000/0.0000 λD=1.000 route=528 E/S=306/222 rescue=0 empty=0 hall=0/0 FG/HBG/EBG=32/256/1280 grad=36.51
[E35] batch=160/250 pseudo=4 loss=4.2329 sfseg=4.0348 seg=0.3958 mard=2.0127 λM=0.0441 DURR(dir/res/hall)=1.0931/0.0000/0.0000 λD=1.000 route=146 E/S=46/100 rescue=0 empty=0 hall=0/0 FG/HBG/EBG=32/256/1280 grad=29.86
[E35] batch=170/250 pseudo=3 loss=5.7272 sfseg=5.4103 seg=0.5519 mard=2.0848 λM=0.0428 DURR(dir/res/hall)=2.2777/0.0000/0.0000 λD=1.000 route=122 E/S=37/85 rescue=0 empty=1 hall=0/0 FG/HBG/EBG=24/192/960 grad=30.04
[E35] batch=180/250 pseudo=5 loss=6.0662 sfseg=5.8143 seg=0.5508 mard=1.9682 λM=0.0434 DURR(dir/res/hall)=1.6645/0.0000/0.0000 λD=1.000 route=79 E/S=15/64 rescue=0 empty=0 hall=0/0 FG/HBG/EBG=40/256/1280 grad=50.30
[E35] batch=190/250 pseudo=5 loss=5.7858 sfseg=5.6199 seg=0.4645 mard=2.0081 λM=0.0346 DURR(dir/res/hall)=0.9632/0.0000/0.0000 λD=1.000 route=212 E/S=101/111 rescue=0 empty=0 hall=0/0 FG/HBG/EBG=40/320/1216 grad=28.66
[E35] batch=200/250 pseudo=5 loss=9.8085 sfseg=9.6478 seg=0.5817 mard=2.0297 λM=0.0340 DURR(dir/res/hall)=0.9164/0.0000/0.0000 λD=1.000 route=470 E/S=321/149 rescue=0 empty=0 hall=0/0 FG/HBG/EBG=40/320/1216 grad=63.87
[E35] batch=210/250 pseudo=2 loss=4.6175 sfseg=4.3418 seg=0.8160 mard=2.0430 λM=0.0431 DURR(dir/res/hall)=1.8754/0.0000/0.0016 λD=1.000 route=143 E/S=25/118 rescue=0 empty=2 hall=1/0 FG/HBG/EBG=16/128/640 grad=25.55
[E35] batch=220/250 pseudo=6 loss=8.7489 sfseg=8.5419 seg=0.4949 mard=2.0850 λM=0.0320 DURR(dir/res/hall)=1.4023/0.0000/0.0000 λD=1.000 route=669 E/S=191/478 rescue=0 empty=0 hall=0/0 FG/HBG/EBG=48/320/1216 grad=34.78
[E35] batch=230/250 pseudo=4 loss=13.2454 sfseg=13.0567 seg=0.7176 mard=2.0245 λM=0.0349 DURR(dir/res/hall)=1.1807/0.0000/0.0000 λD=1.000 route=209 E/S=124/85 rescue=0 empty=0 hall=0/0 FG/HBG/EBG=32/256/1280 grad=79.15
[E35] batch=240/250 pseudo=3 loss=8.8158 sfseg=8.6932 seg=0.6303 mard=2.1028 λM=0.0311 DURR(dir/res/hall)=0.5727/0.0000/0.0000 λD=1.000 route=166 E/S=42/124 rescue=0 empty=1 hall=0/0 FG/HBG/EBG=24/192/960 grad=96.79
[E35] batch=250/250 pseudo=4 loss=12.2356 sfseg=12.0425 seg=1.3379 mard=1.9791 λM=0.0369 DURR(dir/res/hall)=1.2004/0.0000/0.0000 λD=1.000 route=365 E/S=188/177 rescue=0 empty=0 hall=0/0 FG/HBG/EBG=32/256/1280 grad=66.53

[Epoch 35] DONE time=66.7s valid=250 skipped=0 pseudo=1030 anchors=987 mask_extra=43 reject_rel=21 DURRmatch=956/4624 rescue=14 teacher_empty=43 hall=12/2405 loss=7.3538 sfseg=7.1439 mard=2.0279 dir=1.2110 res=0.0088 hallL=0.0877 route E/S=25796/48469
[E36] batch=001/250 pseudo=4 loss=4.7837 sfseg=4.5919 seg=0.4467 mard=2.0344 λM=0.0441 DURR(dir/res/hall)=1.0198/0.0000/0.0000 λD=1.000 route=206 E/S=94/112 rescue=0 empty=0 hall=0/0 FG/HBG/EBG=32/256/1280 grad=32.93
[E36] batch=010/250 pseudo=4 loss=5.6489 sfseg=5.4454 seg=0.5226 mard=2.0210 λM=0.0431 DURR(dir/res/hall)=1.1634/0.0000/0.0000 λD=1.000 route=308 E/S=89/219 rescue=0 empty=0 hall=0/0 FG/HBG/EBG=32/256/1280 grad=59.08
[E36] batch=020/250 pseudo=5 loss=4.5995 sfseg=4.4052 seg=0.2074 mard=2.0141 λM=0.0359 DURR(dir/res/hall)=1.2194/0.0000/0.0000 λD=1.000 route=167 E/S=75/92 rescue=0 empty=0 hall=0/0 FG/HBG/EBG=40/256/1280 grad=72.93
[E36] batch=030/250 pseudo=4 loss=7.0924 sfseg=6.9176 seg=0.4726 mard=2.1107 λM=0.0359 DURR(dir/res/hall)=0.9904/0.0000/0.0000 λD=1.000 route=386 E/S=71/315 rescue=0 empty=0 hall=0/0 FG/HBG/EBG=32/256/1280 grad=40.50
[E36] batch=040/250 pseudo=4 loss=4.0866 sfseg=3.9178 seg=0.2887 mard=2.0469 λM=0.0338 DURR(dir/res/hall)=0.9963/0.0000/0.0000 λD=1.000 route=404 E/S=29/375 rescue=0 empty=0 hall=0/0 FG/HBG/EBG=32/256/1280 grad=29.67
[E36] batch=050/250 pseudo=4 loss=10.0705 sfseg=9.8702 seg=0.5674 mard=2.0486 λM=0.0335 DURR(dir/res/hall)=1.3172/0.0000/0.0000 λD=1.000 route=705 E/S=278/427 rescue=0 empty=0 hall=0/0 FG/HBG/EBG=32/256/1280 grad=55.16
[E36] batch=060/250 pseudo=4 loss=4.3024 sfseg=4.1341 seg=0.4100 mard=1.9771 λM=0.0397 DURR(dir/res/hall)=0.8975/0.0000/0.0000 λD=1.000 route=192 E/S=103/89 rescue=0 empty=0 hall=0/0 FG/HBG/EBG=32/256/1280 grad=27.59
[E36] batch=070/250 pseudo=4 loss=3.9278 sfseg=3.7637 seg=0.1997 mard=2.0167 λM=0.0406 DURR(dir/res/hall)=0.8217/0.0000/0.0000 λD=1.000 route=465 E/S=198/267 rescue=0 empty=0 hall=0/0 FG/HBG/EBG=32/256/1280 grad=25.74
[E36] batch=080/250 pseudo=4 loss=15.7526 sfseg=15.5767 seg=0.6038 mard=2.0234 λM=0.0414 DURR(dir/res/hall)=0.8663/0.0280/0.0000 λD=1.000 route=160 E/S=102/58 rescue=1 empty=0 hall=0/0 FG/HBG/EBG=32/256/1280 grad=61.68
[E36] batch=090/250 pseudo=4 loss=5.6539 sfseg=5.4615 seg=0.4018 mard=1.9952 λM=0.0447 DURR(dir/res/hall)=1.0333/0.0000/0.0000 λD=1.000 route=478 E/S=137/341 rescue=0 empty=0 hall=0/0 FG/HBG/EBG=32/256/1280 grad=27.56
[E36] batch=100/250 pseudo=4 loss=8.5678 sfseg=8.3906 seg=0.7023 mard=2.0145 λM=0.0363 DURR(dir/res/hall)=1.0418/0.0000/0.0000 λD=1.000 route=735 E/S=176/559 rescue=0 empty=0 hall=0/0 FG/HBG/EBG=32/256/1280 grad=43.58
[E36] batch=110/250 pseudo=4 loss=5.6583 sfseg=5.4038 seg=0.3547 mard=1.9810 λM=0.0396 DURR(dir/res/hall)=1.5514/0.1047/0.0000 λD=1.000 route=53 E/S=26/27 rescue=2 empty=0 hall=0/0 FG/HBG/EBG=32/256/1280 grad=33.66
[E36] batch=120/250 pseudo=4 loss=3.0772 sfseg=2.9148 seg=0.2063 mard=2.0570 λM=0.0395 DURR(dir/res/hall)=0.8112/0.0000/0.0000 λD=1.000 route=118 E/S=50/68 rescue=0 empty=0 hall=0/0 FG/HBG/EBG=32/256/1280 grad=19.12
[E36] batch=130/250 pseudo=5 loss=4.0075 sfseg=3.7865 seg=0.2779 mard=1.9587 λM=0.0403 DURR(dir/res/hall)=1.4208/0.0000/0.0000 λD=1.000 route=124 E/S=84/40 rescue=0 empty=0 hall=0/0 FG/HBG/EBG=40/256/1280 grad=26.79
[E36] batch=140/250 pseudo=5 loss=5.1193 sfseg=4.9574 seg=0.4242 mard=1.9922 λM=0.0354 DURR(dir/res/hall)=0.9138/0.0000/0.0000 λD=1.000 route=139 E/S=39/100 rescue=0 empty=0 hall=0/0 FG/HBG/EBG=40/320/1216 grad=27.49
[E36] batch=150/250 pseudo=3 loss=15.5924 sfseg=15.4611 seg=0.7063 mard=1.9940 λM=0.0242 DURR(dir/res/hall)=0.8311/0.0000/0.0000 λD=1.000 route=194 E/S=0/194 rescue=0 empty=1 hall=0/0 FG/HBG/EBG=24/192/960 grad=103.06
[E36] batch=160/250 pseudo=4 loss=19.8229 sfseg=19.6209 seg=2.1162 mard=2.0205 λM=0.0312 DURR(dir/res/hall)=1.3902/0.0000/0.0000 λD=1.000 route=476 E/S=152/324 rescue=0 empty=0 hall=0/0 FG/HBG/EBG=32/256/1280 grad=112.28
[E36] batch=170/250 pseudo=4 loss=4.9239 sfseg=4.7581 seg=0.3398 mard=2.0487 λM=0.0433 DURR(dir/res/hall)=0.7700/0.0000/0.0000 λD=1.000 route=243 E/S=110/133 rescue=0 empty=0 hall=0/0 FG/HBG/EBG=32/256/1280 grad=42.56
[E36] batch=180/250 pseudo=7 loss=7.1492 sfseg=6.9765 seg=0.3996 mard=1.9616 λM=0.0379 DURR(dir/res/hall)=0.9833/0.0000/0.0000 λD=1.000 route=285 E/S=100/185 rescue=0 empty=0 hall=0/0 FG/HBG/EBG=56/320/1216 grad=21.07
[E36] batch=190/250 pseudo=4 loss=6.1724 sfseg=5.9525 seg=0.3146 mard=2.0071 λM=0.0437 DURR(dir/res/hall)=1.3211/0.0000/0.0000 λD=1.000 route=254 E/S=101/153 rescue=0 empty=0 hall=0/0 FG/HBG/EBG=32/256/1280 grad=40.12
[E36] batch=200/250 pseudo=4 loss=6.7873 sfseg=6.6059 seg=0.6661 mard=2.0365 λM=0.0377 DURR(dir/res/hall)=1.0448/0.0000/0.0005 λD=1.000 route=547 E/S=100/447 rescue=0 empty=1 hall=1/0 FG/HBG/EBG=32/192/960 grad=34.10
[E36] batch=210/250 pseudo=3 loss=7.9037 sfseg=7.7449 seg=0.9073 mard=2.0327 λM=0.0300 DURR(dir/res/hall)=0.9787/0.0000/0.0000 λD=1.000 route=270 E/S=165/105 rescue=0 empty=1 hall=0/0 FG/HBG/EBG=24/192/960 grad=73.99
[E36] batch=220/250 pseudo=5 loss=7.6721 sfseg=7.5044 seg=0.6728 mard=2.0271 λM=0.0286 DURR(dir/res/hall)=1.0971/0.0000/0.0000 λD=1.000 route=691 E/S=246/445 rescue=0 empty=0 hall=0/0 FG/HBG/EBG=40/320/1216 grad=37.76
[E36] batch=230/250 pseudo=4 loss=4.5561 sfseg=4.3337 seg=0.3846 mard=1.9693 λM=0.0451 DURR(dir/res/hall)=1.3363/0.0000/0.0000 λD=1.000 route=311 E/S=33/278 rescue=0 empty=0 hall=0/0 FG/HBG/EBG=32/256/1280 grad=32.87
[E36] batch=240/250 pseudo=3 loss=3.8171 sfseg=3.5836 seg=0.3335 mard=2.0079 λM=0.0449 DURR(dir/res/hall)=1.4328/0.0000/0.0000 λD=1.000 route=330 E/S=31/299 rescue=0 empty=1 hall=0/0 FG/HBG/EBG=24/192/960 grad=23.94
[E36] batch=250/250 pseudo=4 loss=3.0560 sfseg=2.8190 seg=0.1450 mard=2.0262 λM=0.0459 DURR(dir/res/hall)=1.4404/0.0000/0.0000 λD=1.000 route=97 E/S=48/49 rescue=0 empty=0 hall=0/0 FG/HBG/EBG=32/256/1280 grad=25.77

[Epoch 36] DONE time=67.2s valid=250 skipped=0 pseudo=1029 anchors=989 mask_extra=40 reject_rel=16 DURRmatch=957/4644 rescue=14 teacher_empty=45 hall=17/6279 loss=7.2700 sfseg=7.0465 mard=2.0270 dir=1.2136 res=0.0114 hallL=0.2189 route E/S=26418/49732
[E37] batch=001/250 pseudo=4 loss=8.8906 sfseg=8.6763 seg=0.6208 mard=2.0077 λM=0.0363 DURR(dir/res/hall)=1.4132/0.0000/0.0000 λD=1.000 route=609 E/S=209/400 rescue=0 empty=0 hall=0/0 FG/HBG/EBG=32/256/1280 grad=64.58
[E37] batch=010/250 pseudo=6 loss=5.1463 sfseg=4.9229 seg=0.3781 mard=1.9763 λM=0.0350 DURR(dir/res/hall)=1.5423/0.0000/0.0000 λD=1.000 route=219 E/S=89/130 rescue=0 empty=0 hall=0/0 FG/HBG/EBG=48/384/1152 grad=31.20
[E37] batch=020/250 pseudo=5 loss=6.3816 sfseg=6.1373 seg=0.3137 mard=2.0292 λM=0.0347 DURR(dir/res/hall)=1.7395/0.0000/0.0000 λD=1.000 route=136 E/S=24/112 rescue=0 empty=0 hall=0/0 FG/HBG/EBG=40/256/1280 grad=84.39
[E37] batch=030/250 pseudo=4 loss=9.2546 sfseg=9.0365 seg=0.5694 mard=2.0419 λM=0.0375 DURR(dir/res/hall)=1.4146/0.0000/0.0000 λD=1.000 route=464 E/S=223/241 rescue=0 empty=0 hall=0/0 FG/HBG/EBG=32/256/1280 grad=42.95
[E37] batch=040/250 pseudo=4 loss=6.0292 sfseg=5.8336 seg=0.4387 mard=2.0124 λM=0.0417 DURR(dir/res/hall)=1.1171/0.0000/0.0000 λD=1.000 route=352 E/S=225/127 rescue=0 empty=0 hall=0/0 FG/HBG/EBG=32/256/1280 grad=25.22
[E37] batch=050/250 pseudo=4 loss=4.0722 sfseg=3.8792 seg=0.3735 mard=1.9915 λM=0.0442 DURR(dir/res/hall)=1.0492/0.0000/0.0000 λD=1.000 route=219 E/S=41/178 rescue=0 empty=0 hall=0/0 FG/HBG/EBG=32/256/1280 grad=24.86
[E37] batch=060/250 pseudo=5 loss=6.1205 sfseg=5.9382 seg=0.5168 mard=1.9748 λM=0.0371 DURR(dir/res/hall)=1.0915/0.0000/0.0000 λD=1.000 route=134 E/S=27/107 rescue=0 empty=0 hall=0/0 FG/HBG/EBG=40/320/1216 grad=53.26
[E37] batch=070/250 pseudo=4 loss=11.6853 sfseg=11.4828 seg=0.9485 mard=2.0843 λM=0.0426 DURR(dir/res/hall)=1.1367/0.0000/0.0000 λD=1.000 route=559 E/S=75/484 rescue=0 empty=0 hall=0/0 FG/HBG/EBG=32/256/1280 grad=55.04
[E37] batch=080/250 pseudo=3 loss=4.5727 sfseg=4.3716 seg=0.3612 mard=2.0342 λM=0.0439 DURR(dir/res/hall)=1.1170/0.0000/0.0000 λD=1.000 route=330 E/S=264/66 rescue=0 empty=1 hall=0/0 FG/HBG/EBG=24/192/960 grad=22.14
[E37] batch=090/250 pseudo=5 loss=7.7370 sfseg=7.5779 seg=0.4441 mard=1.9910 λM=0.0354 DURR(dir/res/hall)=0.8856/0.0000/0.0000 λD=1.000 route=345 E/S=165/180 rescue=0 empty=0 hall=0/0 FG/HBG/EBG=40/256/1280 grad=30.66
[E37] batch=100/250 pseudo=4 loss=25.4935 sfseg=25.0184 seg=3.1268 mard=2.0609 λM=0.0296 DURR(dir/res/hall)=4.1407/0.0000/0.0000 λD=1.000 route=367 E/S=302/65 rescue=0 empty=0 hall=0/0 FG/HBG/EBG=32/256/1280 grad=152.78
[E37] batch=110/250 pseudo=5 loss=11.1243 sfseg=10.9121 seg=0.7485 mard=2.1184 λM=0.0414 DURR(dir/res/hall)=1.2450/0.0000/0.0000 λD=1.000 route=506 E/S=103/403 rescue=0 empty=0 hall=0/0 FG/HBG/EBG=40/320/1216 grad=58.28
[E37] batch=120/250 pseudo=2 loss=2.6749 sfseg=1.9902 seg=0.4649 mard=2.0947 λM=0.0439 DURR(dir/res/hall)=1.8031/0.0000/4.1252 λD=1.000 route=118 E/S=16/102 rescue=0 empty=2 hall=2/622 FG/HBG/EBG=16/128/640 grad=20.63
[E37] batch=130/250 pseudo=5 loss=4.1458 sfseg=3.9549 seg=0.2808 mard=2.0513 λM=0.0439 DURR(dir/res/hall)=1.0095/0.0000/0.0000 λD=1.000 route=320 E/S=29/291 rescue=0 empty=0 hall=0/0 FG/HBG/EBG=40/256/1280 grad=34.13
[E37] batch=140/250 pseudo=4 loss=14.7543 sfseg=14.5666 seg=0.8845 mard=2.0259 λM=0.0402 DURR(dir/res/hall)=1.0634/0.0000/0.0000 λD=1.000 route=504 E/S=114/390 rescue=0 empty=0 hall=0/0 FG/HBG/EBG=32/256/1280 grad=58.01
[E37] batch=150/250 pseudo=5 loss=9.2154 sfseg=9.0305 seg=0.5281 mard=2.0374 λM=0.0328 DURR(dir/res/hall)=1.1791/0.0000/0.0000 λD=1.000 route=418 E/S=135/283 rescue=0 empty=0 hall=0/0 FG/HBG/EBG=40/320/1216 grad=33.35
[E37] batch=160/250 pseudo=4 loss=8.6124 sfseg=8.3872 seg=0.7391 mard=2.0601 λM=0.0395 DURR(dir/res/hall)=1.4387/0.0000/0.0000 λD=1.000 route=222 E/S=161/61 rescue=0 empty=0 hall=0/0 FG/HBG/EBG=32/256/1280 grad=37.87
[E37] batch=170/250 pseudo=5 loss=5.9668 sfseg=5.7670 seg=0.4395 mard=2.0427 λM=0.0346 DURR(dir/res/hall)=1.2906/0.0000/0.0000 λD=1.000 route=572 E/S=29/543 rescue=0 empty=0 hall=0/0 FG/HBG/EBG=40/320/1216 grad=33.94
[E37] batch=180/250 pseudo=4 loss=8.8546 sfseg=8.6749 seg=0.5789 mard=2.0558 λM=0.0370 DURR(dir/res/hall)=1.0349/0.0000/0.0000 λD=1.000 route=359 E/S=142/217 rescue=0 empty=0 hall=0/0 FG/HBG/EBG=32/256/1280 grad=65.04
[E37] batch=190/250 pseudo=3 loss=13.6785 sfseg=13.1473 seg=0.8883 mard=2.0332 λM=0.0370 DURR(dir/res/hall)=1.0937/0.0000/3.4652 λD=1.000 route=163 E/S=120/43 rescue=0 empty=1 hall=1/736 FG/HBG/EBG=24/192/960 grad=54.03
[E37] batch=200/250 pseudo=4 loss=6.3519 sfseg=6.0760 seg=0.3236 mard=2.0656 λM=0.0403 DURR(dir/res/hall)=1.9259/0.0000/0.0000 λD=1.000 route=538 E/S=123/415 rescue=0 empty=0 hall=0/0 FG/HBG/EBG=32/256/1280 grad=38.41
[E37] batch=210/250 pseudo=3 loss=7.5647 sfseg=7.2810 seg=0.7864 mard=2.0628 λM=0.0431 DURR(dir/res/hall)=1.9478/0.0000/0.0000 λD=1.000 route=109 E/S=63/46 rescue=0 empty=1 hall=0/0 FG/HBG/EBG=24/192/960 grad=62.61
[E37] batch=220/250 pseudo=2 loss=6.7774 sfseg=6.5614 seg=0.4663 mard=2.0177 λM=0.0217 DURR(dir/res/hall)=1.7210/0.0000/0.0000 λD=1.000 route=406 E/S=109/297 rescue=0 empty=2 hall=0/0 FG/HBG/EBG=16/128/640 grad=27.21
[E37] batch=230/250 pseudo=3 loss=10.6000 sfseg=10.3626 seg=1.0823 mard=1.9745 λM=0.0323 DURR(dir/res/hall)=1.7353/0.0000/0.0000 λD=1.000 route=419 E/S=285/134 rescue=0 empty=1 hall=0/0 FG/HBG/EBG=24/192/960 grad=151.41
[E37] batch=240/250 pseudo=4 loss=3.4320 sfseg=3.2658 seg=0.2779 mard=2.1188 λM=0.0438 DURR(dir/res/hall)=0.7343/0.0000/0.0000 λD=1.000 route=228 E/S=116/112 rescue=0 empty=0 hall=0/0 FG/HBG/EBG=32/256/1280 grad=22.65
[E37] batch=250/250 pseudo=4 loss=4.9190 sfseg=4.7499 seg=0.2828 mard=2.0228 λM=0.0415 DURR(dir/res/hall)=0.8510/0.0000/0.0000 λD=1.000 route=216 E/S=19/197 rescue=0 empty=0 hall=0/0 FG/HBG/EBG=32/256/1280 grad=69.13

[Epoch 37] DONE time=67.0s valid=250 skipped=0 pseudo=1031 anchors=987 mask_extra=44 reject_rel=17 DURRmatch=956/4623 rescue=12 teacher_empty=52 hall=19/6368 loss=7.1738 sfseg=6.9431 mard=2.0308 dir=1.2292 res=0.0279 hallL=0.2385 route E/S=25466/50958
[E38] batch=001/250 pseudo=2 loss=4.9518 sfseg=4.2411 seg=0.6270 mard=2.0002 λM=0.0403 DURR(dir/res/hall)=1.1651/0.0000/5.1355 λD=1.000 route=187 E/S=34/153 rescue=0 empty=2 hall=1/307 FG/HBG/EBG=16/128/640 grad=31.41
[E38] batch=010/250 pseudo=4 loss=3.9493 sfseg=3.7836 seg=0.4229 mard=1.9700 λM=0.0360 DURR(dir/res/hall)=0.9479/0.0000/0.0000 λD=1.000 route=165 E/S=41/124 rescue=0 empty=1 hall=0/0 FG/HBG/EBG=32/256/896 grad=34.54
[E38] batch=020/250 pseudo=4 loss=5.9008 sfseg=5.7257 seg=0.4355 mard=2.0180 λM=0.0428 DURR(dir/res/hall)=0.8866/0.0000/0.0000 λD=1.000 route=226 E/S=27/199 rescue=0 empty=0 hall=0/0 FG/HBG/EBG=32/256/1280 grad=47.84
[E38] batch=030/250 pseudo=4 loss=9.3343 sfseg=9.1620 seg=0.8099 mard=2.0367 λM=0.0357 DURR(dir/res/hall)=0.9964/0.0000/0.0000 λD=1.000 route=512 E/S=414/98 rescue=0 empty=0 hall=0/0 FG/HBG/EBG=32/256/1280 grad=49.64
[E38] batch=040/250 pseudo=4 loss=5.2750 sfseg=5.1005 seg=0.3177 mard=2.0177 λM=0.0428 DURR(dir/res/hall)=0.8810/0.0000/0.0000 λD=1.000 route=270 E/S=122/148 rescue=0 empty=0 hall=0/0 FG/HBG/EBG=32/256/1280 grad=36.32
[E38] batch=050/250 pseudo=4 loss=6.9505 sfseg=6.7558 seg=0.4075 mard=2.0302 λM=0.0416 DURR(dir/res/hall)=1.1028/0.0000/0.0000 λD=1.000 route=298 E/S=88/210 rescue=0 empty=0 hall=0/0 FG/HBG/EBG=32/256/1280 grad=46.57
[E38] batch=060/250 pseudo=4 loss=6.5243 sfseg=6.3674 seg=0.4681 mard=2.0047 λM=0.0316 DURR(dir/res/hall)=0.9344/0.0000/0.0000 λD=1.000 route=533 E/S=86/447 rescue=0 empty=0 hall=0/0 FG/HBG/EBG=32/256/1280 grad=40.79
[E38] batch=070/250 pseudo=4 loss=6.2176 sfseg=6.0518 seg=0.5135 mard=2.0250 λM=0.0444 DURR(dir/res/hall)=0.7580/0.0000/0.0000 λD=1.000 route=290 E/S=167/123 rescue=0 empty=0 hall=0/0 FG/HBG/EBG=32/256/1280 grad=40.03
[E38] batch=080/250 pseudo=6 loss=4.4968 sfseg=4.2870 seg=0.3634 mard=2.0174 λM=0.0350 DURR(dir/res/hall)=1.3916/0.0000/0.0000 λD=1.000 route=373 E/S=82/291 rescue=0 empty=0 hall=0/0 FG/HBG/EBG=48/384/1152 grad=19.00
[E38] batch=090/250 pseudo=4 loss=6.1275 sfseg=5.9054 seg=0.4884 mard=2.0386 λM=0.0445 DURR(dir/res/hall)=1.3132/0.0000/0.0000 λD=1.000 route=116 E/S=81/35 rescue=0 empty=0 hall=0/0 FG/HBG/EBG=32/256/1280 grad=49.30
[E38] batch=100/250 pseudo=4 loss=5.0562 sfseg=4.8389 seg=0.5318 mard=2.0254 λM=0.0451 DURR(dir/res/hall)=1.2595/0.0000/0.0000 λD=1.000 route=121 E/S=41/80 rescue=0 empty=0 hall=0/0 FG/HBG/EBG=32/256/1280 grad=39.70
[E38] batch=110/250 pseudo=3 loss=6.7728 sfseg=6.4961 seg=0.4229 mard=2.1263 λM=0.0383 DURR(dir/res/hall)=1.9521/0.0000/0.0003 λD=1.000 route=346 E/S=120/226 rescue=0 empty=1 hall=1/0 FG/HBG/EBG=24/192/960 grad=55.69
[E38] batch=120/250 pseudo=3 loss=7.4863 sfseg=7.2603 seg=0.7951 mard=2.0380 λM=0.0410 DURR(dir/res/hall)=1.4229/0.0000/0.0000 λD=1.000 route=381 E/S=237/144 rescue=0 empty=1 hall=0/0 FG/HBG/EBG=24/192/960 grad=28.31
[E38] batch=130/250 pseudo=4 loss=4.7848 sfseg=4.6105 seg=0.2988 mard=2.0219 λM=0.0385 DURR(dir/res/hall)=0.9649/0.0000/0.0000 λD=1.000 route=221 E/S=116/105 rescue=0 empty=0 hall=0/0 FG/HBG/EBG=32/256/1280 grad=27.24
[E38] batch=140/250 pseudo=3 loss=3.3823 sfseg=3.2321 seg=0.2324 mard=1.9870 λM=0.0403 DURR(dir/res/hall)=0.7011/0.0000/0.0000 λD=1.000 route=337 E/S=78/259 rescue=0 empty=1 hall=0/0 FG/HBG/EBG=24/192/960 grad=29.15
[E38] batch=150/250 pseudo=4 loss=2.8644 sfseg=2.6862 seg=0.2688 mard=2.0164 λM=0.0451 DURR(dir/res/hall)=0.8724/0.0000/0.0000 λD=1.000 route=223 E/S=31/192 rescue=0 empty=0 hall=0/0 FG/HBG/EBG=32/256/1280 grad=26.58
[E38] batch=160/250 pseudo=3 loss=3.8525 sfseg=3.3151 seg=0.3776 mard=2.0006 λM=0.0375 DURR(dir/res/hall)=0.8277/0.0000/3.7950 λD=1.000 route=270 E/S=17/253 rescue=0 empty=1 hall=1/657 FG/HBG/EBG=24/192/960 grad=39.72
[E38] batch=170/250 pseudo=5 loss=14.1103 sfseg=13.8816 seg=0.3937 mard=2.0535 λM=0.0293 DURR(dir/res/hall)=1.6854/0.0000/0.0000 λD=1.000 route=508 E/S=154/354 rescue=0 empty=0 hall=0/0 FG/HBG/EBG=40/256/1280 grad=120.63
[E38] batch=180/250 pseudo=4 loss=6.5048 sfseg=6.3295 seg=0.5592 mard=2.0763 λM=0.0438 DURR(dir/res/hall)=0.8431/0.0000/0.0000 λD=1.000 route=373 E/S=30/343 rescue=0 empty=0 hall=0/0 FG/HBG/EBG=32/256/1280 grad=43.55
[E38] batch=190/250 pseudo=4 loss=4.2044 sfseg=4.0048 seg=0.2492 mard=1.9639 λM=0.0439 DURR(dir/res/hall)=1.1350/0.0000/0.0000 λD=1.000 route=254 E/S=64/190 rescue=0 empty=0 hall=0/0 FG/HBG/EBG=32/256/1280 grad=48.31
[E38] batch=200/250 pseudo=5 loss=4.9602 sfseg=4.7417 seg=0.4267 mard=2.0684 λM=0.0428 DURR(dir/res/hall)=1.2992/0.0000/0.0000 λD=1.000 route=249 E/S=53/196 rescue=0 empty=0 hall=0/0 FG/HBG/EBG=40/256/1280 grad=37.44
[E38] batch=210/250 pseudo=4 loss=10.8471 sfseg=10.6264 seg=0.5161 mard=2.0255 λM=0.0377 DURR(dir/res/hall)=1.4444/0.0000/0.0000 λD=1.000 route=186 E/S=20/166 rescue=0 empty=0 hall=0/0 FG/HBG/EBG=32/256/1280 grad=86.62
[E38] batch=220/250 pseudo=4 loss=7.9923 sfseg=7.7668 seg=0.3458 mard=1.9997 λM=0.0366 DURR(dir/res/hall)=1.5227/0.0000/0.0000 λD=1.000 route=305 E/S=100/205 rescue=0 empty=0 hall=0/0 FG/HBG/EBG=32/256/1280 grad=32.41
[E38] batch=230/250 pseudo=3 loss=8.3997 sfseg=7.7208 seg=0.8004 mard=2.0564 λM=0.0395 DURR(dir/res/hall)=1.5511/0.0000/4.4268 λD=1.000 route=555 E/S=241/314 rescue=0 empty=1 hall=1/809 FG/HBG/EBG=24/192/960 grad=40.50
[E38] batch=240/250 pseudo=4 loss=3.0647 sfseg=2.8829 seg=0.2571 mard=2.1064 λM=0.0444 DURR(dir/res/hall)=0.8820/0.0000/0.0000 λD=1.000 route=271 E/S=74/197 rescue=0 empty=0 hall=0/0 FG/HBG/EBG=32/256/1280 grad=20.54
[E38] batch=250/250 pseudo=4 loss=4.2747 sfseg=4.0796 seg=0.3326 mard=1.9867 λM=0.0424 DURR(dir/res/hall)=1.1088/0.0000/0.0000 λD=1.000 route=223 E/S=106/117 rescue=0 empty=0 hall=0/0 FG/HBG/EBG=32/256/1280 grad=27.93

[Epoch 38] DONE time=67.3s valid=250 skipped=0 pseudo=1033 anchors=991 mask_extra=42 reject_rel=17 DURRmatch=963/4666 rescue=12 teacher_empty=46 hall=19/4552 loss=6.9869 sfseg=6.7693 mard=2.0308 dir=1.1772 res=0.0174 hallL=0.1861 route E/S=25527/50939
[E39] batch=001/250 pseudo=4 loss=7.8108 sfseg=7.5670 seg=0.7874 mard=2.0101 λM=0.0395 DURR(dir/res/hall)=1.6450/0.0000/0.0000 λD=1.000 route=522 E/S=239/283 rescue=0 empty=0 hall=0/0 FG/HBG/EBG=32/256/1280 grad=58.63
[E39] batch=010/250 pseudo=4 loss=6.7096 sfseg=6.4885 seg=0.6319 mard=2.0816 λM=0.0358 DURR(dir/res/hall)=1.4664/0.0000/0.0000 λD=1.000 route=392 E/S=197/195 rescue=0 empty=1 hall=0/0 FG/HBG/EBG=32/192/960 grad=62.72
[E39] batch=020/250 pseudo=5 loss=6.2749 sfseg=6.0808 seg=0.5458 mard=2.0887 λM=0.0389 DURR(dir/res/hall)=1.1275/0.0000/0.0000 λD=1.000 route=319 E/S=180/139 rescue=0 empty=0 hall=0/0 FG/HBG/EBG=40/320/1216 grad=24.62
[E39] batch=030/250 pseudo=5 loss=6.5424 sfseg=6.3621 seg=0.5878 mard=1.9810 λM=0.0296 DURR(dir/res/hall)=1.2171/0.0000/0.0000 λD=1.000 route=235 E/S=49/186 rescue=0 empty=0 hall=0/0 FG/HBG/EBG=40/320/1216 grad=30.29
[E39] batch=040/250 pseudo=4 loss=4.3148 sfseg=4.1421 seg=0.4290 mard=2.0704 λM=0.0439 DURR(dir/res/hall)=0.8181/0.0000/0.0000 λD=1.000 route=269 E/S=61/208 rescue=0 empty=0 hall=0/0 FG/HBG/EBG=32/256/1280 grad=29.97
[E39] batch=050/250 pseudo=4 loss=4.8516 sfseg=4.5165 seg=0.2293 mard=1.9922 λM=0.0398 DURR(dir/res/hall)=2.5586/0.0000/0.0000 λD=1.000 route=135 E/S=87/48 rescue=0 empty=0 hall=0/0 FG/HBG/EBG=32/256/1280 grad=34.56
[E39] batch=060/250 pseudo=4 loss=4.3950 sfseg=4.1386 seg=0.2840 mard=2.0278 λM=0.0419 DURR(dir/res/hall)=1.7125/0.0000/0.0000 λD=1.000 route=191 E/S=20/171 rescue=0 empty=0 hall=0/0 FG/HBG/EBG=32/256/1280 grad=24.98
[E39] batch=070/250 pseudo=5 loss=9.2577 sfseg=9.0376 seg=0.4484 mard=2.0249 λM=0.0395 DURR(dir/res/hall)=1.4007/0.0000/0.0000 λD=1.000 route=350 E/S=192/158 rescue=0 empty=0 hall=0/0 FG/HBG/EBG=40/320/1216 grad=57.43
[E39] batch=080/250 pseudo=4 loss=3.7179 sfseg=3.5411 seg=0.2397 mard=2.0924 λM=0.0448 DURR(dir/res/hall)=0.8302/0.0000/0.0000 λD=1.000 route=158 E/S=91/67 rescue=0 empty=0 hall=0/0 FG/HBG/EBG=32/256/1280 grad=24.83
[E39] batch=090/250 pseudo=3 loss=3.1703 sfseg=2.5770 seg=0.2271 mard=2.0569 λM=0.0444 DURR(dir/res/hall)=1.0375/0.0000/3.9829 λD=1.000 route=103 E/S=50/53 rescue=0 empty=1 hall=1/1091 FG/HBG/EBG=24/192/960 grad=23.22
[E39] batch=100/250 pseudo=6 loss=9.8973 sfseg=9.7443 seg=0.6847 mard=1.9673 λM=0.0352 DURR(dir/res/hall)=0.8371/0.0000/0.0000 λD=1.000 route=221 E/S=25/196 rescue=0 empty=0 hall=0/0 FG/HBG/EBG=48/384/1152 grad=226.58
[E39] batch=110/250 pseudo=4 loss=10.7611 sfseg=10.5716 seg=0.7107 mard=2.0394 λM=0.0373 DURR(dir/res/hall)=1.1341/0.0000/0.0000 λD=1.000 route=280 E/S=177/103 rescue=0 empty=0 hall=0/0 FG/HBG/EBG=32/256/1280 grad=59.32
[E39] batch=120/250 pseudo=4 loss=15.2073 sfseg=14.9216 seg=0.7737 mard=2.0037 λM=0.0397 DURR(dir/res/hall)=2.0613/0.0000/0.0000 λD=1.000 route=430 E/S=75/355 rescue=0 empty=0 hall=0/0 FG/HBG/EBG=32/256/1280 grad=61.65
[E39] batch=130/250 pseudo=4 loss=4.2314 sfseg=4.0387 seg=0.2922 mard=2.0452 λM=0.0418 DURR(dir/res/hall)=1.0708/0.0000/0.0000 λD=1.000 route=195 E/S=106/89 rescue=0 empty=0 hall=0/0 FG/HBG/EBG=32/256/1280 grad=40.76
[E39] batch=140/250 pseudo=4 loss=8.8386 sfseg=8.6623 seg=0.8302 mard=2.0905 λM=0.0324 DURR(dir/res/hall)=1.0861/0.0000/0.0000 λD=1.000 route=261 E/S=166/95 rescue=0 empty=0 hall=0/0 FG/HBG/EBG=32/256/1280 grad=43.89
[E39] batch=150/250 pseudo=5 loss=10.5812 sfseg=10.3045 seg=0.4068 mard=2.0507 λM=0.0444 DURR(dir/res/hall)=1.8561/0.0000/0.0000 λD=1.000 route=406 E/S=128/278 rescue=0 empty=0 hall=0/0 FG/HBG/EBG=40/320/1216 grad=68.69
[E39] batch=160/250 pseudo=3 loss=4.2835 sfseg=3.6080 seg=0.4407 mard=2.0575 λM=0.0397 DURR(dir/res/hall)=1.4895/0.0000/4.4479 λD=1.000 route=319 E/S=123/196 rescue=0 empty=1 hall=1/728 FG/HBG/EBG=24/192/960 grad=25.58
[E39] batch=170/250 pseudo=3 loss=7.0608 sfseg=6.3924 seg=0.8051 mard=2.0226 λM=0.0373 DURR(dir/res/hall)=1.1201/0.0000/4.8090 λD=1.000 route=191 E/S=44/147 rescue=0 empty=1 hall=1/654 FG/HBG/EBG=24/192/960 grad=33.60
[E39] batch=180/250 pseudo=4 loss=4.9986 sfseg=4.4810 seg=0.4154 mard=2.0089 λM=0.0320 DURR(dir/res/hall)=0.7358/0.0000/3.7979 λD=1.000 route=270 E/S=78/192 rescue=0 empty=1 hall=1/244 FG/HBG/EBG=32/192/960 grad=31.23
[E39] batch=190/250 pseudo=3 loss=7.1444 sfseg=6.4932 seg=0.5994 mard=2.0367 λM=0.0411 DURR(dir/res/hall)=2.0285/0.0000/3.6462 λD=1.000 route=255 E/S=123/132 rescue=0 empty=1 hall=1/845 FG/HBG/EBG=24/192/960 grad=26.98
[E39] batch=200/250 pseudo=4 loss=4.2598 sfseg=4.0652 seg=0.2305 mard=2.0434 λM=0.0428 DURR(dir/res/hall)=1.0721/0.0000/0.0000 λD=1.000 route=205 E/S=93/112 rescue=0 empty=0 hall=0/0 FG/HBG/EBG=32/256/1280 grad=25.05
[E39] batch=210/250 pseudo=4 loss=9.7055 sfseg=9.5249 seg=0.9106 mard=2.0043 λM=0.0247 DURR(dir/res/hall)=1.3114/0.0000/0.0000 λD=1.000 route=459 E/S=72/387 rescue=0 empty=0 hall=0/0 FG/HBG/EBG=32/256/1280 grad=68.31
[E39] batch=220/250 pseudo=4 loss=5.2727 sfseg=5.1099 seg=0.3885 mard=1.9973 λM=0.0415 DURR(dir/res/hall)=0.7982/0.0000/0.0000 λD=1.000 route=204 E/S=45/159 rescue=0 empty=0 hall=0/0 FG/HBG/EBG=32/256/1280 grad=34.29
[E39] batch=230/250 pseudo=4 loss=6.4069 sfseg=6.2243 seg=0.8085 mard=2.0293 λM=0.0427 DURR(dir/res/hall)=0.9606/0.0000/0.0000 λD=1.000 route=233 E/S=68/165 rescue=0 empty=0 hall=0/0 FG/HBG/EBG=32/256/1280 grad=73.79
[E39] batch=240/250 pseudo=4 loss=4.8171 sfseg=4.6851 seg=0.3915 mard=2.0326 λM=0.0315 DURR(dir/res/hall)=0.6782/0.0000/0.0000 λD=1.000 route=196 E/S=108/88 rescue=0 empty=0 hall=0/0 FG/HBG/EBG=32/256/1280 grad=49.94
[E39] batch=250/250 pseudo=4 loss=5.7891 sfseg=5.5611 seg=0.4342 mard=2.0442 λM=0.0421 DURR(dir/res/hall)=1.4196/0.0000/0.0000 λD=1.000 route=335 E/S=177/158 rescue=0 empty=0 hall=0/0 FG/HBG/EBG=32/256/1280 grad=48.19

[Epoch 39] DONE time=67.3s valid=250 skipped=0 pseudo=1024 anchors=985 mask_extra=39 reject_rel=26 DURRmatch=959/4645 rescue=11 teacher_empty=53 hall=22/7406 loss=6.7856 sfseg=6.5641 mard=2.0297 dir=1.2020 res=0.0074 hallL=0.2180 route E/S=25246/49935
[E40] batch=001/250 pseudo=5 loss=9.4946 sfseg=9.3410 seg=0.4945 mard=2.0384 λM=0.0277 DURR(dir/res/hall)=0.9721/0.0000/0.0000 λD=1.000 route=519 E/S=201/318 rescue=0 empty=0 hall=0/0 FG/HBG/EBG=40/256/1280 grad=52.62
[E40] batch=010/250 pseudo=3 loss=3.1119 sfseg=2.5293 seg=0.2393 mard=2.0297 λM=0.0417 DURR(dir/res/hall)=0.9136/0.0000/4.0649 λD=1.000 route=199 E/S=128/71 rescue=0 empty=1 hall=1/677 FG/HBG/EBG=24/192/960 grad=24.58
[E40] batch=020/250 pseudo=7 loss=5.7910 sfseg=5.6720 seg=0.5359 mard=2.0039 λM=0.0221 DURR(dir/res/hall)=0.7470/0.0000/0.0000 λD=1.000 route=239 E/S=94/145 rescue=0 empty=0 hall=0/0 FG/HBG/EBG=56/448/1088 grad=22.21
[E40] batch=030/250 pseudo=4 loss=5.1680 sfseg=4.9754 seg=0.4059 mard=2.0814 λM=0.0447 DURR(dir/res/hall)=0.9955/0.0000/0.0000 λD=1.000 route=275 E/S=74/201 rescue=0 empty=0 hall=0/0 FG/HBG/EBG=32/256/1280 grad=49.48
[E40] batch=040/250 pseudo=4 loss=7.8259 sfseg=7.5712 seg=0.3121 mard=1.9633 λM=0.0335 DURR(dir/res/hall)=1.8882/0.0000/0.0000 λD=1.000 route=316 E/S=133/183 rescue=0 empty=0 hall=0/0 FG/HBG/EBG=32/256/1280 grad=41.33
[E40] batch=050/250 pseudo=6 loss=11.3723 sfseg=11.1935 seg=0.8584 mard=2.0418 λM=0.0323 DURR(dir/res/hall)=1.1281/0.0000/0.0000 λD=1.000 route=507 E/S=303/204 rescue=0 empty=0 hall=0/0 FG/HBG/EBG=48/384/1152 grad=82.09
[E40] batch=060/250 pseudo=4 loss=6.4038 sfseg=6.2619 seg=0.4233 mard=2.0524 λM=0.0394 DURR(dir/res/hall)=0.6095/0.0000/0.0000 λD=1.000 route=215 E/S=4/211 rescue=0 empty=0 hall=0/0 FG/HBG/EBG=32/256/1280 grad=31.40
[E40] batch=070/250 pseudo=3 loss=9.2771 sfseg=9.0497 seg=0.7237 mard=2.0074 λM=0.0363 DURR(dir/res/hall)=1.5451/0.0000/0.0000 λD=1.000 route=550 E/S=184/366 rescue=0 empty=1 hall=0/0 FG/HBG/EBG=24/192/960 grad=67.28
[E40] batch=080/250 pseudo=5 loss=6.6549 sfseg=6.5020 seg=0.5030 mard=1.9981 λM=0.0348 DURR(dir/res/hall)=0.8328/0.0000/0.0000 λD=1.000 route=519 E/S=92/427 rescue=0 empty=0 hall=0/0 FG/HBG/EBG=40/320/1216 grad=41.16
[E40] batch=090/250 pseudo=5 loss=9.5929 sfseg=9.3134 seg=0.8129 mard=2.0648 λM=0.0390 DURR(dir/res/hall)=1.9896/0.0000/0.0000 λD=1.000 route=566 E/S=43/523 rescue=0 empty=0 hall=0/0 FG/HBG/EBG=40/320/1216 grad=49.69
[E40] batch=100/250 pseudo=5 loss=5.2816 sfseg=5.0922 seg=0.3511 mard=2.0182 λM=0.0396 DURR(dir/res/hall)=1.0943/0.0000/0.0000 λD=1.000 route=337 E/S=109/228 rescue=0 empty=0 hall=0/0 FG/HBG/EBG=40/256/1280 grad=22.01
[E40] batch=110/250 pseudo=4 loss=8.7632 sfseg=8.5553 seg=0.3521 mard=2.0105 λM=0.0379 DURR(dir/res/hall)=1.3166/0.0000/0.0000 λD=1.000 route=99 E/S=46/53 rescue=0 empty=0 hall=0/0 FG/HBG/EBG=32/256/1280 grad=34.94
[E40] batch=120/250 pseudo=4 loss=13.8469 sfseg=13.7493 seg=1.4717 mard=2.1009 λM=0.0272 DURR(dir/res/hall)=0.4052/0.0000/0.0000 λD=1.000 route=191 E/S=113/78 rescue=0 empty=0 hall=0/0 FG/HBG/EBG=32/256/1280 grad=135.64
[E40] batch=130/250 pseudo=3 loss=6.0056 sfseg=5.7888 seg=0.7241 mard=2.0296 λM=0.0432 DURR(dir/res/hall)=1.2921/0.0000/0.0000 λD=1.000 route=295 E/S=74/221 rescue=0 empty=1 hall=0/0 FG/HBG/EBG=24/192/960 grad=28.23
[E40] batch=140/250 pseudo=4 loss=6.0752 sfseg=5.7745 seg=0.4991 mard=1.9657 λM=0.0407 DURR(dir/res/hall)=2.2064/0.0000/0.0000 λD=1.000 route=203 E/S=145/58 rescue=0 empty=0 hall=0/0 FG/HBG/EBG=32/256/1280 grad=25.55
[E40] batch=150/250 pseudo=3 loss=3.1881 sfseg=2.6061 seg=0.2425 mard=2.0019 λM=0.0444 DURR(dir/res/hall)=1.5976/0.0000/3.3350 λD=1.000 route=137 E/S=94/43 rescue=0 empty=1 hall=1/367 FG/HBG/EBG=24/192/960 grad=24.96
[E40] batch=160/250 pseudo=4 loss=7.9205 sfseg=7.7011 seg=0.5678 mard=2.0222 λM=0.0384 DURR(dir/res/hall)=1.1457/0.1360/0.0000 λD=1.000 route=222 E/S=147/75 rescue=1 empty=0 hall=0/0 FG/HBG/EBG=32/256/1280 grad=31.25
[E40] batch=170/250 pseudo=4 loss=8.0263 sfseg=7.8331 seg=0.5437 mard=1.9358 λM=0.0369 DURR(dir/res/hall)=1.2165/0.0000/0.0000 λD=1.000 route=659 E/S=71/588 rescue=0 empty=0 hall=0/0 FG/HBG/EBG=32/256/1280 grad=32.70
[E40] batch=180/250 pseudo=4 loss=9.9852 sfseg=9.8202 seg=0.3590 mard=1.9808 λM=0.0373 DURR(dir/res/hall)=0.9107/0.0000/0.0000 λD=1.000 route=540 E/S=196/344 rescue=0 empty=0 hall=0/0 FG/HBG/EBG=32/256/1280 grad=70.72
[E40] batch=190/250 pseudo=3 loss=10.8513 sfseg=10.6609 seg=0.7160 mard=2.0245 λM=0.0338 DURR(dir/res/hall)=1.2182/0.0000/0.0002 λD=1.000 route=542 E/S=96/446 rescue=0 empty=1 hall=1/0 FG/HBG/EBG=24/192/960 grad=43.09
[E40] batch=200/250 pseudo=3 loss=5.9797 sfseg=5.2736 seg=0.7902 mard=1.9847 λM=0.0393 DURR(dir/res/hall)=1.8497/0.0000/4.4317 λD=1.000 route=108 E/S=14/94 rescue=0 empty=1 hall=1/750 FG/HBG/EBG=24/192/960 grad=29.20
[E40] batch=210/250 pseudo=5 loss=10.5400 sfseg=10.3738 seg=0.3422 mard=2.0023 λM=0.0367 DURR(dir/res/hall)=0.9275/0.0000/0.0000 λD=1.000 route=170 E/S=77/93 rescue=0 empty=0 hall=0/0 FG/HBG/EBG=40/256/1280 grad=103.10
[E40] batch=220/250 pseudo=4 loss=4.7105 sfseg=4.5313 seg=0.4110 mard=2.0206 λM=0.0397 DURR(dir/res/hall)=0.9886/0.0000/0.0000 λD=1.000 route=180 E/S=72/108 rescue=0 empty=0 hall=0/0 FG/HBG/EBG=32/256/1280 grad=25.86
[E40] batch=230/250 pseudo=4 loss=12.7236 sfseg=12.5292 seg=1.5050 mard=2.0130 λM=0.0436 DURR(dir/res/hall)=1.0670/0.0000/0.0000 λD=1.000 route=509 E/S=61/448 rescue=0 empty=0 hall=0/0 FG/HBG/EBG=32/256/1280 grad=163.64
[E40] batch=240/250 pseudo=4 loss=3.9394 sfseg=3.7110 seg=0.2100 mard=2.0539 λM=0.0440 DURR(dir/res/hall)=1.3803/0.0000/0.0000 λD=1.000 route=232 E/S=87/145 rescue=0 empty=0 hall=0/0 FG/HBG/EBG=32/256/1280 grad=21.52
[E40] batch=250/250 pseudo=4 loss=10.9400 sfseg=10.7369 seg=0.9246 mard=2.0197 λM=0.0397 DURR(dir/res/hall)=1.2304/0.0000/0.0000 λD=1.000 route=568 E/S=70/498 rescue=0 empty=0 hall=0/0 FG/HBG/EBG=32/256/1280 grad=52.40

[Epoch 40] DONE time=67.0s valid=250 skipped=0 pseudo=1025 anchors=980 mask_extra=45 reject_rel=22 DURRmatch=948/4587 rescue=14 teacher_empty=44 hall=21/5808 loss=6.8809 sfseg=6.6590 mard=2.0273 dir=1.1877 res=0.0159 hallL=0.2134 route E/S=24892/48681
[SAVE Student] /home/dang/MedRT-SFOD/runs/seg/dense_sfseg/kvasir_durr_v1_segmard_v2_60ep/checkpoints/durr_student_epoch_40.pt
[SAVE Teacher] /home/dang/MedRT-SFOD/runs/seg/dense_sfseg/kvasir_durr_v1_segmard_v2_60ep/checkpoints/durr_teacher_ema_epoch_40.pt
[E41] batch=001/250 pseudo=4 loss=12.2928 sfseg=12.0793 seg=0.9593 mard=2.0954 λM=0.0391 DURR(dir/res/hall)=1.3156/0.0000/0.0000 λD=1.000 route=352 E/S=149/203 rescue=0 empty=0 hall=0/0 FG/HBG/EBG=32/256/1280 grad=64.21
[E41] batch=010/250 pseudo=4 loss=4.0744 sfseg=3.8778 seg=0.2377 mard=2.0385 λM=0.0402 DURR(dir/res/hall)=1.1478/0.0000/0.0000 λD=1.000 route=452 E/S=123/329 rescue=0 empty=0 hall=0/0 FG/HBG/EBG=32/256/1280 grad=28.69
[E41] batch=020/250 pseudo=4 loss=8.5291 sfseg=8.3156 seg=0.7491 mard=2.0316 λM=0.0428 DURR(dir/res/hall)=1.2648/0.0000/0.0000 λD=1.000 route=283 E/S=149/134 rescue=0 empty=0 hall=0/0 FG/HBG/EBG=32/256/1280 grad=107.00
[E41] batch=030/250 pseudo=3 loss=10.0019 sfseg=9.7967 seg=0.7814 mard=2.0654 λM=0.0262 DURR(dir/res/hall)=1.5105/0.0000/0.0000 λD=1.000 route=192 E/S=119/73 rescue=0 empty=1 hall=0/0 FG/HBG/EBG=24/192/960 grad=149.17
[E41] batch=040/250 pseudo=3 loss=3.1978 sfseg=3.0392 seg=0.2788 mard=2.0934 λM=0.0437 DURR(dir/res/hall)=0.6719/0.0000/0.0000 λD=1.000 route=97 E/S=62/35 rescue=0 empty=1 hall=0/0 FG/HBG/EBG=24/192/960 grad=21.27
[E41] batch=050/250 pseudo=4 loss=4.4297 sfseg=4.2123 seg=0.2304 mard=2.0130 λM=0.0437 DURR(dir/res/hall)=1.2935/0.0000/0.0000 λD=1.000 route=169 E/S=84/85 rescue=0 empty=0 hall=0/0 FG/HBG/EBG=32/256/1280 grad=31.79
[E41] batch=060/250 pseudo=4 loss=5.1638 sfseg=4.9753 seg=0.3498 mard=2.0429 λM=0.0419 DURR(dir/res/hall)=1.0296/0.0000/0.0000 λD=1.000 route=232 E/S=87/145 rescue=0 empty=0 hall=0/0 FG/HBG/EBG=32/256/1280 grad=61.59
[E41] batch=070/250 pseudo=5 loss=7.1654 sfseg=6.9833 seg=0.7102 mard=2.0230 λM=0.0334 DURR(dir/res/hall)=1.1463/0.0000/0.0000 λD=1.000 route=325 E/S=65/260 rescue=0 empty=0 hall=0/0 FG/HBG/EBG=40/256/1280 grad=48.27
[E41] batch=080/250 pseudo=4 loss=10.1333 sfseg=9.9646 seg=0.8067 mard=2.0932 λM=0.0306 DURR(dir/res/hall)=1.0456/0.0000/0.0000 λD=1.000 route=890 E/S=256/634 rescue=0 empty=0 hall=0/0 FG/HBG/EBG=32/256/1280 grad=47.49
[E41] batch=090/250 pseudo=4 loss=6.8003 sfseg=6.6434 seg=0.5639 mard=2.0328 λM=0.0304 DURR(dir/res/hall)=0.9519/0.0000/0.0000 λD=1.000 route=197 E/S=147/50 rescue=0 empty=1 hall=0/0 FG/HBG/EBG=32/256/896 grad=49.15
[E41] batch=100/250 pseudo=4 loss=5.3993 sfseg=5.2113 seg=0.3565 mard=2.0654 λM=0.0331 DURR(dir/res/hall)=1.1964/0.0000/0.0000 λD=1.000 route=258 E/S=51/207 rescue=0 empty=0 hall=0/0 FG/HBG/EBG=32/256/1280 grad=33.67
[E41] batch=110/250 pseudo=5 loss=11.7216 sfseg=11.5349 seg=0.5544 mard=2.0286 λM=0.0362 DURR(dir/res/hall)=1.1321/0.0000/0.0000 λD=1.000 route=266 E/S=191/75 rescue=0 empty=0 hall=0/0 FG/HBG/EBG=40/256/1280 grad=58.01
[E41] batch=120/250 pseudo=3 loss=2.8527 sfseg=2.6593 seg=0.2914 mard=1.9998 λM=0.0438 DURR(dir/res/hall)=1.0582/0.0000/0.0000 λD=1.000 route=114 E/S=42/72 rescue=0 empty=1 hall=0/0 FG/HBG/EBG=24/192/960 grad=15.85
[E41] batch=130/250 pseudo=3 loss=6.8866 sfseg=6.6836 seg=0.3224 mard=2.0674 λM=0.0422 DURR(dir/res/hall)=1.1581/0.0000/0.0000 λD=1.000 route=439 E/S=163/276 rescue=0 empty=1 hall=0/0 FG/HBG/EBG=24/192/960 grad=60.56
[E41] batch=140/250 pseudo=4 loss=15.3975 sfseg=15.2519 seg=1.0933 mard=1.9483 λM=0.0296 DURR(dir/res/hall)=0.8783/0.0000/0.0000 λD=1.000 route=342 E/S=44/298 rescue=0 empty=0 hall=0/0 FG/HBG/EBG=32/256/1280 grad=183.89
[E41] batch=150/250 pseudo=4 loss=2.6168 sfseg=2.4270 seg=0.2041 mard=2.0285 λM=0.0455 DURR(dir/res/hall)=0.9740/0.0000/0.0000 λD=1.000 route=169 E/S=37/132 rescue=0 empty=0 hall=0/0 FG/HBG/EBG=32/256/1280 grad=18.47
[E41] batch=160/250 pseudo=4 loss=2.5982 sfseg=2.4223 seg=0.1682 mard=2.0615 λM=0.0445 DURR(dir/res/hall)=0.8418/0.0000/0.0000 λD=1.000 route=167 E/S=83/84 rescue=0 empty=0 hall=0/0 FG/HBG/EBG=32/256/1280 grad=29.59
[E41] batch=170/250 pseudo=4 loss=3.2686 sfseg=3.1032 seg=0.2519 mard=2.0603 λM=0.0376 DURR(dir/res/hall)=0.8807/0.0000/0.0000 λD=1.000 route=387 E/S=78/309 rescue=0 empty=0 hall=0/0 FG/HBG/EBG=32/256/1280 grad=26.00
[E41] batch=180/250 pseudo=4 loss=6.7481 sfseg=6.5777 seg=0.6135 mard=2.0378 λM=0.0400 DURR(dir/res/hall)=0.8892/0.0000/0.0000 λD=1.000 route=265 E/S=120/145 rescue=0 empty=0 hall=0/0 FG/HBG/EBG=32/256/1280 grad=60.15
[E41] batch=190/250 pseudo=5 loss=6.4660 sfseg=6.3185 seg=0.4322 mard=2.0786 λM=0.0292 DURR(dir/res/hall)=0.8698/0.0000/0.0000 λD=1.000 route=147 E/S=14/133 rescue=0 empty=0 hall=0/0 FG/HBG/EBG=40/320/1216 grad=56.18
[E41] batch=200/250 pseudo=3 loss=4.9521 sfseg=4.7291 seg=0.5696 mard=2.0740 λM=0.0440 DURR(dir/res/hall)=1.3167/0.0000/0.0000 λD=1.000 route=186 E/S=43/143 rescue=0 empty=1 hall=0/0 FG/HBG/EBG=24/192/960 grad=38.23
[E41] batch=210/250 pseudo=5 loss=6.6861 sfseg=6.4375 seg=0.4219 mard=2.0765 λM=0.0343 DURR(dir/res/hall)=1.7730/0.0000/0.0000 λD=1.000 route=502 E/S=149/353 rescue=0 empty=0 hall=0/0 FG/HBG/EBG=40/256/1280 grad=28.94
[E41] batch=220/250 pseudo=5 loss=7.7026 sfseg=7.5836 seg=0.7577 mard=2.0148 λM=0.0321 DURR(dir/res/hall)=0.5442/0.0000/0.0000 λD=1.000 route=177 E/S=69/108 rescue=0 empty=0 hall=0/0 FG/HBG/EBG=40/256/1280 grad=59.05
[E41] batch=230/250 pseudo=3 loss=6.4407 sfseg=6.2508 seg=1.1315 mard=2.0265 λM=0.0400 DURR(dir/res/hall)=0.8087/0.1387/0.0022 λD=1.000 route=86 E/S=51/35 rescue=1 empty=1 hall=1/0 FG/HBG/EBG=24/192/960 grad=27.92
[E41] batch=240/250 pseudo=4 loss=6.8407 sfseg=6.6760 seg=0.4281 mard=2.0112 λM=0.0379 DURR(dir/res/hall)=0.8847/0.0000/0.0000 λD=1.000 route=336 E/S=157/179 rescue=0 empty=0 hall=0/0 FG/HBG/EBG=32/256/1280 grad=26.39
[E41] batch=250/250 pseudo=4 loss=5.7405 sfseg=5.5516 seg=0.4920 mard=2.0554 λM=0.0424 DURR(dir/res/hall)=0.9880/0.0146/0.0000 λD=1.000 route=189 E/S=86/103 rescue=1 empty=0 hall=0/0 FG/HBG/EBG=32/256/1280 grad=34.86

[Epoch 41] DONE time=67.2s valid=250 skipped=0 pseudo=1022 anchors=981 mask_extra=41 reject_rel=22 DURRmatch=951/4637 rescue=13 teacher_empty=53 hall=19/5165 loss=7.0359 sfseg=6.8205 mard=2.0315 dir=1.1713 res=0.0073 hallL=0.1833 route E/S=25621/47939
[E42] batch=001/250 pseudo=4 loss=3.7763 sfseg=3.5770 seg=0.2520 mard=2.0261 λM=0.0437 DURR(dir/res/hall)=1.1065/0.0000/0.0000 λD=1.000 route=213 E/S=88/125 rescue=0 empty=0 hall=0/0 FG/HBG/EBG=32/256/1280 grad=26.04
[E42] batch=010/250 pseudo=3 loss=3.8640 sfseg=3.6418 seg=0.4223 mard=1.9904 λM=0.0367 DURR(dir/res/hall)=1.4919/0.0000/0.0000 λD=1.000 route=165 E/S=62/103 rescue=0 empty=1 hall=0/0 FG/HBG/EBG=24/192/960 grad=26.62
[E42] batch=020/250 pseudo=5 loss=10.6135 sfseg=10.4167 seg=0.4700 mard=2.0439 λM=0.0293 DURR(dir/res/hall)=1.3686/0.0000/0.0000 λD=1.000 route=514 E/S=206/308 rescue=0 empty=0 hall=0/0 FG/HBG/EBG=40/256/1280 grad=82.42
[E42] batch=030/250 pseudo=4 loss=19.4015 sfseg=19.2427 seg=0.6636 mard=2.0586 λM=0.0431 DURR(dir/res/hall)=0.7003/0.0000/0.0000 λD=1.000 route=396 E/S=126/270 rescue=0 empty=0 hall=0/0 FG/HBG/EBG=32/256/1280 grad=94.59
[E42] batch=040/250 pseudo=3 loss=8.1314 sfseg=7.9736 seg=0.9612 mard=2.0984 λM=0.0328 DURR(dir/res/hall)=0.8911/0.0000/0.0000 λD=1.000 route=481 E/S=184/297 rescue=0 empty=1 hall=0/0 FG/HBG/EBG=24/192/960 grad=45.57
[E42] batch=050/250 pseudo=4 loss=3.6354 sfseg=3.4296 seg=0.3301 mard=1.9870 λM=0.0439 DURR(dir/res/hall)=1.1864/0.0000/0.0000 λD=1.000 route=192 E/S=79/113 rescue=0 empty=0 hall=0/0 FG/HBG/EBG=32/256/1280 grad=25.21
[E42] batch=060/250 pseudo=4 loss=9.2019 sfseg=8.9711 seg=0.2836 mard=2.0565 λM=0.0411 DURR(dir/res/hall)=1.4635/0.0000/0.0000 λD=1.000 route=438 E/S=357/81 rescue=0 empty=0 hall=0/0 FG/HBG/EBG=32/256/1280 grad=39.84
[E42] batch=070/250 pseudo=4 loss=12.7139 sfseg=12.5565 seg=0.9470 mard=2.0633 λM=0.0318 DURR(dir/res/hall)=0.9183/0.0000/0.0000 λD=1.000 route=168 E/S=59/109 rescue=0 empty=0 hall=0/0 FG/HBG/EBG=32/256/1280 grad=39.49
[E42] batch=080/250 pseudo=4 loss=6.9305 sfseg=6.6503 seg=0.6762 mard=2.0606 λM=0.0365 DURR(dir/res/hall)=2.0513/0.0000/0.0000 λD=1.000 route=384 E/S=41/343 rescue=0 empty=0 hall=0/0 FG/HBG/EBG=32/256/1280 grad=24.22
[E42] batch=090/250 pseudo=3 loss=11.1283 sfseg=10.6169 seg=0.6456 mard=2.0268 λM=0.0281 DURR(dir/res/hall)=0.9119/0.0000/3.6315 λD=1.000 route=441 E/S=18/423 rescue=0 empty=1 hall=1/1134 FG/HBG/EBG=24/192/960 grad=67.47
[E42] batch=100/250 pseudo=6 loss=23.3913 sfseg=23.2032 seg=0.8611 mard=2.0450 λM=0.0208 DURR(dir/res/hall)=1.4562/0.0000/0.0000 λD=1.000 route=740 E/S=355/385 rescue=0 empty=0 hall=0/0 FG/HBG/EBG=48/256/1280 grad=50.92
[E42] batch=110/250 pseudo=4 loss=4.7524 sfseg=4.5421 seg=0.4764 mard=2.0098 λM=0.0418 DURR(dir/res/hall)=1.2624/0.0000/0.0000 λD=1.000 route=468 E/S=99/369 rescue=0 empty=0 hall=0/0 FG/HBG/EBG=32/256/1280 grad=32.44
[E42] batch=120/250 pseudo=4 loss=16.6176 sfseg=16.4415 seg=1.1996 mard=2.0031 λM=0.0263 DURR(dir/res/hall)=1.2350/0.0000/0.0000 λD=1.000 route=61 E/S=6/55 rescue=0 empty=0 hall=0/0 FG/HBG/EBG=32/256/1280 grad=67.12
[E42] batch=130/250 pseudo=5 loss=7.9268 sfseg=7.7254 seg=0.4163 mard=2.0159 λM=0.0320 DURR(dir/res/hall)=1.3679/0.0000/0.0000 λD=1.000 route=378 E/S=73/305 rescue=0 empty=0 hall=0/0 FG/HBG/EBG=40/320/1216 grad=34.49
[E42] batch=140/250 pseudo=3 loss=2.3613 sfseg=2.1868 seg=0.2081 mard=2.0775 λM=0.0294 DURR(dir/res/hall)=1.1345/0.0000/0.0003 λD=1.000 route=183 E/S=60/123 rescue=0 empty=1 hall=1/0 FG/HBG/EBG=24/192/960 grad=18.19
[E42] batch=150/250 pseudo=4 loss=2.9929 sfseg=2.8062 seg=0.1473 mard=2.0278 λM=0.0440 DURR(dir/res/hall)=0.9749/0.0000/0.0000 λD=1.000 route=235 E/S=92/143 rescue=0 empty=0 hall=0/0 FG/HBG/EBG=32/256/1280 grad=31.90
[E42] batch=160/250 pseudo=4 loss=2.9755 sfseg=2.8153 seg=0.2312 mard=2.0381 λM=0.0368 DURR(dir/res/hall)=0.8512/0.0000/0.0000 λD=1.000 route=228 E/S=82/146 rescue=0 empty=0 hall=0/0 FG/HBG/EBG=32/256/1280 grad=24.66
[E42] batch=170/250 pseudo=4 loss=14.1358 sfseg=13.9300 seg=0.5279 mard=2.0162 λM=0.0359 DURR(dir/res/hall)=1.3350/0.0000/0.0000 λD=1.000 route=520 E/S=230/290 rescue=0 empty=0 hall=0/0 FG/HBG/EBG=32/256/1280 grad=75.02
[E42] batch=180/250 pseudo=4 loss=15.1625 sfseg=14.8597 seg=0.7800 mard=2.0730 λM=0.0433 DURR(dir/res/hall)=2.1296/0.0000/0.0000 λD=1.000 route=415 E/S=77/338 rescue=0 empty=0 hall=0/0 FG/HBG/EBG=32/256/1280 grad=117.30
[E42] batch=190/250 pseudo=4 loss=7.0572 sfseg=6.8622 seg=0.6558 mard=2.0123 λM=0.0442 DURR(dir/res/hall)=1.0613/0.0000/0.0000 λD=1.000 route=211 E/S=36/175 rescue=0 empty=0 hall=0/0 FG/HBG/EBG=32/256/1280 grad=43.57
[E42] batch=200/250 pseudo=6 loss=8.2163 sfseg=8.0203 seg=0.2585 mard=2.0280 λM=0.0341 DURR(dir/res/hall)=1.2695/0.0000/0.0000 λD=1.000 route=373 E/S=139/234 rescue=0 empty=0 hall=0/0 FG/HBG/EBG=48/320/1216 grad=29.75
[E42] batch=210/250 pseudo=4 loss=6.2446 sfseg=6.0375 seg=0.5112 mard=2.0275 λM=0.0410 DURR(dir/res/hall)=1.2396/0.0000/0.0000 λD=1.000 route=450 E/S=78/372 rescue=0 empty=0 hall=0/0 FG/HBG/EBG=32/256/1280 grad=25.95
[E42] batch=220/250 pseudo=4 loss=6.7236 sfseg=6.4689 seg=0.5730 mard=2.0539 λM=0.0377 DURR(dir/res/hall)=1.7721/0.0000/0.0000 λD=1.000 route=380 E/S=94/286 rescue=0 empty=0 hall=0/0 FG/HBG/EBG=32/256/1280 grad=35.47
[E42] batch=230/250 pseudo=4 loss=14.0312 sfseg=13.8397 seg=1.4669 mard=2.0881 λM=0.0366 DURR(dir/res/hall)=1.1520/0.0000/0.0000 λD=1.000 route=648 E/S=218/430 rescue=0 empty=0 hall=0/0 FG/HBG/EBG=32/256/1280 grad=65.62
[E42] batch=240/250 pseudo=4 loss=6.7409 sfseg=6.4930 seg=0.5087 mard=2.0026 λM=0.0374 DURR(dir/res/hall)=1.7303/0.0000/0.0000 λD=1.000 route=416 E/S=201/215 rescue=0 empty=0 hall=0/0 FG/HBG/EBG=32/256/1280 grad=26.04
[E42] batch=250/250 pseudo=4 loss=5.5243 sfseg=5.3397 seg=0.3362 mard=2.0031 λM=0.0416 DURR(dir/res/hall)=1.0124/0.0000/0.0000 λD=1.000 route=189 E/S=68/121 rescue=0 empty=0 hall=0/0 FG/HBG/EBG=32/256/1280 grad=25.41

[Epoch 42] DONE time=66.9s valid=250 skipped=0 pseudo=1039 anchors=1001 mask_extra=38 reject_rel=19 DURRmatch=974/4702 rescue=13 teacher_empty=47 hall=16/4610 loss=7.1205 sfseg=6.9092 mard=2.0292 dir=1.1837 res=0.0088 hallL=0.1375 route E/S=26107/48366
[E43] batch=001/250 pseudo=4 loss=5.5200 sfseg=5.3645 seg=0.3849 mard=2.0739 λM=0.0410 DURR(dir/res/hall)=0.7048/0.0000/0.0000 λD=1.000 route=409 E/S=98/311 rescue=0 empty=0 hall=0/0 FG/HBG/EBG=32/256/1280 grad=42.51
[E43] batch=010/250 pseudo=4 loss=4.2310 sfseg=4.0550 seg=0.4319 mard=2.0156 λM=0.0448 DURR(dir/res/hall)=0.8573/0.0000/0.0000 λD=1.000 route=320 E/S=54/266 rescue=0 empty=0 hall=0/0 FG/HBG/EBG=32/256/1280 grad=27.54
[E43] batch=020/250 pseudo=4 loss=2.0628 sfseg=1.9080 seg=0.1815 mard=2.0399 λM=0.0429 DURR(dir/res/hall)=0.6730/0.0000/0.0000 λD=1.000 route=113 E/S=28/85 rescue=0 empty=0 hall=0/0 FG/HBG/EBG=32/256/1280 grad=19.23
[E43] batch=030/250 pseudo=4 loss=6.8556 sfseg=6.6941 seg=0.3296 mard=2.0189 λM=0.0288 DURR(dir/res/hall)=1.0334/0.0000/0.0000 λD=1.000 route=130 E/S=39/91 rescue=0 empty=0 hall=0/0 FG/HBG/EBG=32/256/1280 grad=42.54
[E43] batch=040/250 pseudo=4 loss=3.0179 sfseg=2.8473 seg=0.2843 mard=2.1075 λM=0.0412 DURR(dir/res/hall)=0.8379/0.0000/0.0000 λD=1.000 route=353 E/S=150/203 rescue=0 empty=1 hall=0/0 FG/HBG/EBG=32/192/960 grad=20.52
[E43] batch=050/250 pseudo=4 loss=5.0890 sfseg=4.8792 seg=0.4516 mard=2.0358 λM=0.0421 DURR(dir/res/hall)=1.2420/0.0000/0.0000 λD=1.000 route=421 E/S=85/336 rescue=0 empty=0 hall=0/0 FG/HBG/EBG=32/256/1280 grad=29.56
[E43] batch=060/250 pseudo=4 loss=4.6300 sfseg=4.4620 seg=0.3919 mard=2.0463 λM=0.0450 DURR(dir/res/hall)=0.7585/0.0000/0.0000 λD=1.000 route=286 E/S=89/197 rescue=0 empty=0 hall=0/0 FG/HBG/EBG=32/256/1280 grad=22.85
[E43] batch=070/250 pseudo=2 loss=4.5593 sfseg=3.9911 seg=0.2983 mard=1.9935 λM=0.0431 DURR(dir/res/hall)=1.6651/0.0000/3.1571 λD=1.000 route=127 E/S=75/52 rescue=0 empty=2 hall=1/13 FG/HBG/EBG=16/128/640 grad=63.11
[E43] batch=080/250 pseudo=3 loss=3.2312 sfseg=2.5612 seg=0.2815 mard=2.0806 λM=0.0452 DURR(dir/res/hall)=1.0483/0.0000/4.7106 λD=1.000 route=224 E/S=90/134 rescue=0 empty=1 hall=1/649 FG/HBG/EBG=24/192/960 grad=20.39
[E43] batch=090/250 pseudo=4 loss=7.6275 sfseg=7.3821 seg=0.4704 mard=2.0070 λM=0.0389 DURR(dir/res/hall)=1.6739/0.0000/0.0000 λD=1.000 route=502 E/S=194/308 rescue=0 empty=0 hall=0/0 FG/HBG/EBG=32/256/1280 grad=40.41
[E43] batch=100/250 pseudo=5 loss=7.1308 sfseg=6.9624 seg=0.6270 mard=2.0769 λM=0.0418 DURR(dir/res/hall)=0.8159/0.0000/0.0000 λD=1.000 route=455 E/S=55/400 rescue=0 empty=0 hall=0/0 FG/HBG/EBG=40/256/1280 grad=42.21
[E43] batch=110/250 pseudo=4 loss=3.7410 sfseg=3.5589 seg=0.3838 mard=2.0086 λM=0.0435 DURR(dir/res/hall)=0.9460/0.0000/0.0000 λD=1.000 route=351 E/S=187/164 rescue=0 empty=0 hall=0/0 FG/HBG/EBG=32/256/1280 grad=24.97
[E43] batch=120/250 pseudo=4 loss=3.0625 sfseg=2.8776 seg=0.2284 mard=2.0485 λM=0.0429 DURR(dir/res/hall)=0.9693/0.0000/0.0000 λD=1.000 route=364 E/S=85/279 rescue=0 empty=0 hall=0/0 FG/HBG/EBG=32/256/1280 grad=30.05
[E43] batch=130/250 pseudo=4 loss=2.7344 sfseg=2.5587 seg=0.2019 mard=2.0473 λM=0.0449 DURR(dir/res/hall)=0.8373/0.0000/0.0000 λD=1.000 route=229 E/S=23/206 rescue=0 empty=0 hall=0/0 FG/HBG/EBG=32/256/1280 grad=23.25
[E43] batch=140/250 pseudo=3 loss=3.9358 sfseg=3.6738 seg=0.2484 mard=1.9861 λM=0.0380 DURR(dir/res/hall)=1.8653/0.0000/0.0002 λD=1.000 route=98 E/S=83/15 rescue=0 empty=1 hall=1/0 FG/HBG/EBG=24/192/960 grad=35.47
[E43] batch=150/250 pseudo=4 loss=7.6206 sfseg=7.4395 seg=0.2486 mard=2.0312 λM=0.0383 DURR(dir/res/hall)=1.0328/0.0000/0.0000 λD=1.000 route=196 E/S=32/164 rescue=0 empty=0 hall=0/0 FG/HBG/EBG=32/256/1280 grad=51.36
[E43] batch=160/250 pseudo=4 loss=23.8451 sfseg=23.3874 seg=2.0065 mard=2.0929 λM=0.0308 DURR(dir/res/hall)=3.9336/0.0000/0.0000 λD=1.000 route=389 E/S=320/69 rescue=0 empty=0 hall=0/0 FG/HBG/EBG=32/256/1280 grad=179.23
[E43] batch=170/250 pseudo=2 loss=0.9328 sfseg=0.7438 seg=0.1243 mard=2.0650 λM=0.0458 DURR(dir/res/hall)=0.9408/0.0000/0.0036 λD=1.000 route=72 E/S=16/56 rescue=0 empty=2 hall=1/0 FG/HBG/EBG=16/128/640 grad=9.33
[E43] batch=180/250 pseudo=4 loss=7.5392 sfseg=7.3406 seg=0.7971 mard=2.0244 λM=0.0410 DURR(dir/res/hall)=1.1566/0.0000/0.0000 λD=1.000 route=317 E/S=204/113 rescue=0 empty=0 hall=0/0 FG/HBG/EBG=32/256/1280 grad=35.47
[E43] batch=190/250 pseudo=5 loss=7.2971 sfseg=7.0917 seg=0.4189 mard=2.0219 λM=0.0377 DURR(dir/res/hall)=1.2925/0.0000/0.0000 λD=1.000 route=474 E/S=142/332 rescue=0 empty=0 hall=0/0 FG/HBG/EBG=40/256/1280 grad=34.14
[E43] batch=200/250 pseudo=5 loss=3.4094 sfseg=3.1936 seg=0.3254 mard=1.9998 λM=0.0405 DURR(dir/res/hall)=1.3483/0.0000/0.0000 λD=1.000 route=215 E/S=50/165 rescue=0 empty=0 hall=0/0 FG/HBG/EBG=40/320/1216 grad=22.59
[E43] batch=210/250 pseudo=3 loss=16.2949 sfseg=16.1107 seg=1.7177 mard=2.0417 λM=0.0231 DURR(dir/res/hall)=1.3712/0.0000/0.0000 λD=1.000 route=1003 E/S=263/740 rescue=0 empty=1 hall=0/0 FG/HBG/EBG=24/192/960 grad=46.25
[E43] batch=220/250 pseudo=6 loss=7.9030 sfseg=7.7484 seg=0.4761 mard=2.1246 λM=0.0300 DURR(dir/res/hall)=0.9088/0.0000/0.0000 λD=1.000 route=412 E/S=69/343 rescue=0 empty=0 hall=0/0 FG/HBG/EBG=48/320/1216 grad=33.43
[E43] batch=230/250 pseudo=4 loss=7.3358 sfseg=7.1289 seg=0.7162 mard=2.0300 λM=0.0455 DURR(dir/res/hall)=1.1450/0.0000/0.0000 λD=1.000 route=339 E/S=92/247 rescue=0 empty=0 hall=0/0 FG/HBG/EBG=32/256/1280 grad=64.43
[E43] batch=240/250 pseudo=5 loss=7.6931 sfseg=7.4876 seg=0.6563 mard=2.0531 λM=0.0401 DURR(dir/res/hall)=1.2326/0.0000/0.0000 λD=1.000 route=494 E/S=184/310 rescue=0 empty=0 hall=0/0 FG/HBG/EBG=40/320/1216 grad=24.85
[E43] batch=250/250 pseudo=5 loss=8.4673 sfseg=8.2141 seg=0.5532 mard=2.0234 λM=0.0363 DURR(dir/res/hall)=1.7968/0.0000/0.0000 λD=1.000 route=504 E/S=95/409 rescue=0 empty=0 hall=0/0 FG/HBG/EBG=40/256/1280 grad=42.67

[Epoch 43] DONE time=67.3s valid=250 skipped=0 pseudo=1030 anchors=986 mask_extra=44 reject_rel=17 DURRmatch=960/4633 rescue=13 teacher_empty=45 hall=19/7087 loss=7.0935 sfseg=6.8705 mard=2.0324 dir=1.1734 res=0.0217 hallL=0.2269 route E/S=27011/49193
[E44] batch=001/250 pseudo=4 loss=12.6127 sfseg=12.4218 seg=0.8153 mard=2.0850 λM=0.0317 DURR(dir/res/hall)=1.2485/0.0000/0.0000 λD=1.000 route=116 E/S=66/50 rescue=0 empty=0 hall=0/0 FG/HBG/EBG=32/256/1280 grad=139.17
[E44] batch=010/250 pseudo=4 loss=8.9915 sfseg=8.7833 seg=0.4679 mard=2.0074 λM=0.0390 DURR(dir/res/hall)=1.2995/0.0000/0.0000 λD=1.000 route=522 E/S=73/449 rescue=0 empty=0 hall=0/0 FG/HBG/EBG=32/256/1280 grad=42.50
[E44] batch=020/250 pseudo=4 loss=4.1956 sfseg=4.0303 seg=0.3274 mard=2.0145 λM=0.0342 DURR(dir/res/hall)=0.9635/0.0000/0.0000 λD=1.000 route=190 E/S=115/75 rescue=0 empty=0 hall=0/0 FG/HBG/EBG=32/256/1280 grad=31.17
[E44] batch=030/250 pseudo=3 loss=2.8772 sfseg=2.7143 seg=0.2781 mard=2.0063 λM=0.0425 DURR(dir/res/hall)=0.7755/0.0000/0.0001 λD=1.000 route=225 E/S=59/166 rescue=0 empty=1 hall=1/0 FG/HBG/EBG=24/192/960 grad=20.75
[E44] batch=040/250 pseudo=4 loss=6.8040 sfseg=6.6358 seg=0.5869 mard=2.0251 λM=0.0397 DURR(dir/res/hall)=0.8788/0.0000/0.0000 λD=1.000 route=564 E/S=186/378 rescue=0 empty=0 hall=0/0 FG/HBG/EBG=32/256/1280 grad=40.39
[E44] batch=050/250 pseudo=4 loss=4.9257 sfseg=4.7775 seg=0.3784 mard=1.9748 λM=0.0361 DURR(dir/res/hall)=0.7686/0.0000/0.0000 λD=1.000 route=215 E/S=60/155 rescue=0 empty=0 hall=0/0 FG/HBG/EBG=32/256/1280 grad=31.68
[E44] batch=060/250 pseudo=4 loss=5.9210 sfseg=5.7244 seg=0.3923 mard=1.9892 λM=0.0341 DURR(dir/res/hall)=1.2878/0.0000/0.0000 λD=1.000 route=391 E/S=296/95 rescue=0 empty=0 hall=0/0 FG/HBG/EBG=32/256/1280 grad=31.74
[E44] batch=070/250 pseudo=5 loss=6.1350 sfseg=5.9721 seg=0.3927 mard=2.1205 λM=0.0371 DURR(dir/res/hall)=0.8423/0.0000/0.0000 λD=1.000 route=278 E/S=123/155 rescue=0 empty=0 hall=0/0 FG/HBG/EBG=40/256/1280 grad=38.09
[E44] batch=080/250 pseudo=4 loss=3.5004 sfseg=3.2318 seg=0.2893 mard=1.9971 λM=0.0439 DURR(dir/res/hall)=1.8099/0.0000/0.0000 λD=1.000 route=169 E/S=64/105 rescue=0 empty=0 hall=0/0 FG/HBG/EBG=32/256/1280 grad=25.12
[E44] batch=090/250 pseudo=4 loss=10.7814 sfseg=10.5402 seg=0.7434 mard=2.0492 λM=0.0419 DURR(dir/res/hall)=1.5549/0.0000/0.0000 λD=1.000 route=738 E/S=147/591 rescue=0 empty=0 hall=0/0 FG/HBG/EBG=32/256/1280 grad=33.87
[E44] batch=100/250 pseudo=4 loss=6.9163 sfseg=6.7068 seg=0.5237 mard=2.0285 λM=0.0425 DURR(dir/res/hall)=1.2327/0.0000/0.0000 λD=1.000 route=395 E/S=104/291 rescue=0 empty=0 hall=0/0 FG/HBG/EBG=32/256/1280 grad=31.98
[E44] batch=110/250 pseudo=4 loss=6.3890 sfseg=6.2210 seg=0.4918 mard=2.0128 λM=0.0379 DURR(dir/res/hall)=0.9179/0.0000/0.0000 λD=1.000 route=345 E/S=225/120 rescue=0 empty=0 hall=0/0 FG/HBG/EBG=32/256/1280 grad=37.16
[E44] batch=120/250 pseudo=4 loss=4.2402 sfseg=3.9686 seg=0.3702 mard=2.0413 λM=0.0452 DURR(dir/res/hall)=1.7931/0.0000/0.0000 λD=1.000 route=184 E/S=108/76 rescue=0 empty=0 hall=0/0 FG/HBG/EBG=32/256/1280 grad=23.96
[E44] batch=130/250 pseudo=3 loss=2.3729 sfseg=1.8253 seg=0.1728 mard=2.0562 λM=0.0460 DURR(dir/res/hall)=1.0492/0.0000/3.4812 λD=1.000 route=75 E/S=0/75 rescue=0 empty=1 hall=1/824 FG/HBG/EBG=24/192/960 grad=22.55
[E44] batch=140/250 pseudo=2 loss=2.0062 sfseg=1.6116 seg=0.2675 mard=1.9452 λM=0.0440 DURR(dir/res/hall)=1.0279/0.0000/2.0625 λD=1.000 route=49 E/S=0/49 rescue=0 empty=2 hall=1/3 FG/HBG/EBG=16/128/640 grad=64.72
[E44] batch=150/250 pseudo=4 loss=10.1109 sfseg=9.9094 seg=0.6278 mard=2.1257 λM=0.0418 DURR(dir/res/hall)=1.1252/0.0000/0.0000 λD=1.000 route=791 E/S=240/551 rescue=0 empty=0 hall=0/0 FG/HBG/EBG=32/256/1280 grad=44.64
[E44] batch=160/250 pseudo=3 loss=3.3648 sfseg=3.1784 seg=0.3588 mard=1.9782 λM=0.0439 DURR(dir/res/hall)=0.9949/0.0000/0.0000 λD=1.000 route=92 E/S=55/37 rescue=0 empty=1 hall=0/0 FG/HBG/EBG=24/192/960 grad=23.22
[E44] batch=170/250 pseudo=3 loss=3.6588 sfseg=3.4219 seg=0.4635 mard=2.0752 λM=0.0439 DURR(dir/res/hall)=1.4582/0.0000/0.0000 λD=1.000 route=129 E/S=24/105 rescue=0 empty=1 hall=0/0 FG/HBG/EBG=24/192/960 grad=40.38
[E44] batch=180/250 pseudo=4 loss=7.8373 sfseg=7.6606 seg=0.3885 mard=2.0148 λM=0.0424 DURR(dir/res/hall)=0.9116/0.0000/0.0000 λD=1.000 route=317 E/S=70/247 rescue=0 empty=0 hall=0/0 FG/HBG/EBG=32/256/1280 grad=95.20
[E44] batch=190/250 pseudo=4 loss=3.5997 sfseg=3.4119 seg=0.2497 mard=2.0098 λM=0.0427 DURR(dir/res/hall)=1.0198/0.0000/0.0000 λD=1.000 route=208 E/S=79/129 rescue=0 empty=0 hall=0/0 FG/HBG/EBG=32/256/1280 grad=23.20
[E44] batch=200/250 pseudo=3 loss=3.4870 sfseg=3.3327 seg=0.3421 mard=2.0280 λM=0.0382 DURR(dir/res/hall)=0.7677/0.0000/0.0000 λD=1.000 route=175 E/S=62/113 rescue=0 empty=1 hall=0/0 FG/HBG/EBG=24/192/960 grad=38.62
[E44] batch=210/250 pseudo=5 loss=17.9384 sfseg=17.7792 seg=1.5161 mard=2.0079 λM=0.0303 DURR(dir/res/hall)=0.9837/0.0000/0.0000 λD=1.000 route=349 E/S=178/171 rescue=0 empty=0 hall=0/0 FG/HBG/EBG=40/256/1280 grad=64.61
[E44] batch=220/250 pseudo=3 loss=5.9774 sfseg=5.3229 seg=0.9270 mard=2.0461 λM=0.0369 DURR(dir/res/hall)=0.9272/0.0000/4.8614 λD=1.000 route=577 E/S=421/156 rescue=0 empty=1 hall=1/840 FG/HBG/EBG=24/192/960 grad=25.79
[E44] batch=230/250 pseudo=4 loss=4.0461 sfseg=3.8244 seg=0.4010 mard=1.9941 λM=0.0425 DURR(dir/res/hall)=1.3695/0.0000/0.0000 λD=1.000 route=207 E/S=82/125 rescue=0 empty=0 hall=0/0 FG/HBG/EBG=32/256/1280 grad=29.59
[E44] batch=240/250 pseudo=3 loss=13.8062 sfseg=13.4917 seg=2.2544 mard=1.9907 λM=0.0339 DURR(dir/res/hall)=2.4712/0.0000/0.0000 λD=1.000 route=123 E/S=35/88 rescue=0 empty=1 hall=0/0 FG/HBG/EBG=24/192/960 grad=165.58
[E44] batch=250/250 pseudo=5 loss=7.6104 sfseg=7.4647 seg=0.4989 mard=2.0042 λM=0.0335 DURR(dir/res/hall)=0.7856/0.0000/0.0000 λD=1.000 route=236 E/S=20/216 rescue=0 empty=0 hall=0/0 FG/HBG/EBG=40/320/1216 grad=34.22

[Epoch 44] DONE time=67.1s valid=250 skipped=0 pseudo=1022 anchors=981 mask_extra=41 reject_rel=23 DURRmatch=951/4622 rescue=15 teacher_empty=54 hall=18/4135 loss=6.7899 sfseg=6.5759 mard=2.0284 dir=1.1811 res=0.0213 hallL=0.1340 route E/S=26153/48722
[E45] batch=001/250 pseudo=2 loss=2.7516 sfseg=2.5978 seg=0.3622 mard=2.1071 λM=0.0284 DURR(dir/res/hall)=0.9393/0.0000/0.0000 λD=1.000 route=229 E/S=75/154 rescue=0 empty=2 hall=0/0 FG/HBG/EBG=16/128/640 grad=18.47
[E45] batch=010/250 pseudo=5 loss=9.0055 sfseg=8.7180 seg=0.7317 mard=1.9991 λM=0.0280 DURR(dir/res/hall)=2.3153/0.0000/0.0000 λD=1.000 route=383 E/S=67/316 rescue=0 empty=0 hall=0/0 FG/HBG/EBG=40/320/1216 grad=36.10
[E45] batch=020/250 pseudo=4 loss=9.6187 sfseg=9.4291 seg=0.5828 mard=2.0360 λM=0.0323 DURR(dir/res/hall)=1.2381/0.0000/0.0000 λD=1.000 route=660 E/S=119/541 rescue=0 empty=0 hall=0/0 FG/HBG/EBG=32/256/1280 grad=37.77
[E45] batch=030/250 pseudo=5 loss=6.9927 sfseg=6.7963 seg=0.4151 mard=1.9967 λM=0.0332 DURR(dir/res/hall)=1.2999/0.0000/0.0000 λD=1.000 route=532 E/S=203/329 rescue=0 empty=0 hall=0/0 FG/HBG/EBG=40/256/1280 grad=30.83
[E45] batch=040/250 pseudo=3 loss=3.0953 sfseg=2.8979 seg=0.2851 mard=2.0562 λM=0.0442 DURR(dir/res/hall)=1.0645/0.0000/0.0000 λD=1.000 route=122 E/S=81/41 rescue=0 empty=1 hall=0/0 FG/HBG/EBG=24/192/960 grad=21.96
[E45] batch=050/250 pseudo=3 loss=5.8506 sfseg=5.6929 seg=0.3861 mard=2.0952 λM=0.0196 DURR(dir/res/hall)=1.1670/0.0000/0.0000 λD=1.000 route=258 E/S=79/179 rescue=0 empty=1 hall=0/0 FG/HBG/EBG=24/192/960 grad=36.55
[E45] batch=060/250 pseudo=6 loss=14.3862 sfseg=14.1133 seg=0.7287 mard=2.0163 λM=0.0361 DURR(dir/res/hall)=2.0001/0.0000/0.0000 λD=1.000 route=206 E/S=55/151 rescue=0 empty=0 hall=0/0 FG/HBG/EBG=48/384/1152 grad=54.39
[E45] batch=070/250 pseudo=4 loss=10.9424 sfseg=10.7698 seg=1.3005 mard=2.0117 λM=0.0258 DURR(dir/res/hall)=1.2069/0.0000/0.0000 λD=1.000 route=860 E/S=628/232 rescue=0 empty=1 hall=0/0 FG/HBG/EBG=32/192/960 grad=82.18
[E45] batch=080/250 pseudo=3 loss=3.0094 sfseg=2.3535 seg=0.2207 mard=1.9869 λM=0.0431 DURR(dir/res/hall)=1.0782/0.0000/4.6242 λD=1.000 route=123 E/S=9/114 rescue=0 empty=1 hall=1/602 FG/HBG/EBG=24/192/960 grad=29.88
[E45] batch=090/250 pseudo=4 loss=3.7717 sfseg=3.6162 seg=0.3081 mard=2.1117 λM=0.0457 DURR(dir/res/hall)=0.5903/0.0000/0.0000 λD=1.000 route=202 E/S=89/113 rescue=0 empty=0 hall=0/0 FG/HBG/EBG=32/256/1280 grad=27.19
[E45] batch=100/250 pseudo=4 loss=2.8201 sfseg=2.5831 seg=0.1920 mard=2.0247 λM=0.0427 DURR(dir/res/hall)=1.5059/0.0000/0.0000 λD=1.000 route=144 E/S=51/93 rescue=0 empty=0 hall=0/0 FG/HBG/EBG=32/256/1280 grad=22.72
[E45] batch=110/250 pseudo=4 loss=3.2767 sfseg=3.0923 seg=0.3377 mard=2.0143 λM=0.0367 DURR(dir/res/hall)=1.1056/0.0000/0.0000 λD=1.000 route=174 E/S=77/97 rescue=0 empty=0 hall=0/0 FG/HBG/EBG=32/256/1280 grad=27.83
[E45] batch=120/250 pseudo=6 loss=6.2330 sfseg=6.0857 seg=0.3692 mard=2.0583 λM=0.0271 DURR(dir/res/hall)=0.9154/0.0000/0.0000 λD=1.000 route=326 E/S=197/129 rescue=0 empty=0 hall=0/0 FG/HBG/EBG=48/384/1152 grad=24.69
[E45] batch=130/250 pseudo=3 loss=1.8943 sfseg=1.7278 seg=0.1980 mard=1.9993 λM=0.0449 DURR(dir/res/hall)=0.7671/0.0000/0.0000 λD=1.000 route=166 E/S=29/137 rescue=0 empty=1 hall=0/0 FG/HBG/EBG=24/192/960 grad=19.71
[E45] batch=140/250 pseudo=4 loss=6.8757 sfseg=6.6546 seg=0.5135 mard=2.0872 λM=0.0415 DURR(dir/res/hall)=1.3448/0.0000/0.0000 λD=1.000 route=268 E/S=105/163 rescue=0 empty=0 hall=0/0 FG/HBG/EBG=32/256/1280 grad=56.88
[E45] batch=150/250 pseudo=4 loss=5.7496 sfseg=5.5929 seg=0.3828 mard=2.0127 λM=0.0410 DURR(dir/res/hall)=0.7415/0.0000/0.0000 λD=1.000 route=569 E/S=166/403 rescue=0 empty=0 hall=0/0 FG/HBG/EBG=32/256/1280 grad=35.37
[E45] batch=160/250 pseudo=7 loss=5.5371 sfseg=5.3487 seg=0.3392 mard=1.9910 λM=0.0348 DURR(dir/res/hall)=1.1903/0.0000/0.0000 λD=1.000 route=484 E/S=130/354 rescue=0 empty=0 hall=0/0 FG/HBG/EBG=56/384/1152 grad=21.04
[E45] batch=170/250 pseudo=3 loss=5.3606 sfseg=4.9654 seg=0.4765 mard=2.1062 λM=0.0438 DURR(dir/res/hall)=0.6544/0.0000/2.3755 λD=1.000 route=178 E/S=107/71 rescue=0 empty=1 hall=1/2 FG/HBG/EBG=24/192/960 grad=35.97
[E45] batch=180/250 pseudo=4 loss=3.8200 sfseg=3.6466 seg=0.2755 mard=2.0187 λM=0.0398 DURR(dir/res/hall)=0.9295/0.0000/0.0000 λD=1.000 route=177 E/S=76/101 rescue=0 empty=0 hall=0/0 FG/HBG/EBG=32/256/1280 grad=30.37
[E45] batch=190/250 pseudo=4 loss=3.6281 sfseg=3.4866 seg=0.3503 mard=2.0599 λM=0.0440 DURR(dir/res/hall)=0.5078/0.0000/0.0000 λD=1.000 route=88 E/S=26/62 rescue=0 empty=0 hall=0/0 FG/HBG/EBG=32/256/1280 grad=31.40
[E45] batch=200/250 pseudo=5 loss=3.5072 sfseg=3.3573 seg=0.2292 mard=2.0720 λM=0.0412 DURR(dir/res/hall)=0.6445/0.0000/0.0000 λD=1.000 route=214 E/S=22/192 rescue=0 empty=0 hall=0/0 FG/HBG/EBG=40/320/1216 grad=31.79
[E45] batch=210/250 pseudo=4 loss=7.9873 sfseg=7.8099 seg=0.4016 mard=2.0753 λM=0.0382 DURR(dir/res/hall)=0.9814/0.0000/0.0000 λD=1.000 route=551 E/S=465/86 rescue=0 empty=0 hall=0/0 FG/HBG/EBG=32/256/1280 grad=69.71
[E45] batch=220/250 pseudo=4 loss=6.7450 sfseg=6.4109 seg=0.4624 mard=2.0174 λM=0.0421 DURR(dir/res/hall)=2.4908/0.0000/0.0000 λD=1.000 route=358 E/S=314/44 rescue=0 empty=0 hall=0/0 FG/HBG/EBG=32/256/1280 grad=52.23
[E45] batch=230/250 pseudo=4 loss=3.5520 sfseg=3.3530 seg=0.2618 mard=2.0684 λM=0.0448 DURR(dir/res/hall)=1.0631/0.0000/0.0000 λD=1.000 route=198 E/S=55/143 rescue=0 empty=0 hall=0/0 FG/HBG/EBG=32/256/1280 grad=26.92
[E45] batch=240/250 pseudo=4 loss=6.5461 sfseg=6.3665 seg=0.2594 mard=2.0127 λM=0.0345 DURR(dir/res/hall)=1.1019/0.0000/0.0000 λD=1.000 route=95 E/S=22/73 rescue=0 empty=0 hall=0/0 FG/HBG/EBG=32/256/1280 grad=29.27
[E45] batch=250/250 pseudo=4 loss=2.9635 sfseg=2.7504 seg=0.2506 mard=2.0174 λM=0.0449 DURR(dir/res/hall)=1.2261/0.0000/0.0000 λD=1.000 route=221 E/S=56/165 rescue=0 empty=0 hall=0/0 FG/HBG/EBG=32/256/1280 grad=27.09

[Epoch 45] DONE time=67.2s valid=250 skipped=0 pseudo=1025 anchors=994 mask_extra=31 reject_rel=15 DURRmatch=967/4670 rescue=6 teacher_empty=53 hall=21/6149 loss=6.7528 sfseg=6.5337 mard=2.0318 dir=1.1834 res=0.0021 hallL=0.2200 route E/S=27063/49678
[E46] batch=001/250 pseudo=4 loss=4.7361 sfseg=4.5812 seg=0.3688 mard=2.0308 λM=0.0380 DURR(dir/res/hall)=0.7782/0.0000/0.0000 λD=1.000 route=409 E/S=148/261 rescue=0 empty=0 hall=0/0 FG/HBG/EBG=32/256/1280 grad=26.18
[E46] batch=010/250 pseudo=4 loss=4.3238 sfseg=4.1686 seg=0.2868 mard=2.0455 λM=0.0426 DURR(dir/res/hall)=0.6798/0.0000/0.0000 λD=1.000 route=223 E/S=20/203 rescue=0 empty=0 hall=0/0 FG/HBG/EBG=32/256/1280 grad=47.81
[E46] batch=020/250 pseudo=4 loss=9.1474 sfseg=8.9511 seg=0.4634 mard=2.0252 λM=0.0423 DURR(dir/res/hall)=1.1050/0.0000/0.0000 λD=1.000 route=358 E/S=128/230 rescue=0 empty=0 hall=0/0 FG/HBG/EBG=32/256/1280 grad=48.30
[E46] batch=030/250 pseudo=4 loss=15.1797 sfseg=15.0262 seg=0.8356 mard=2.0266 λM=0.0302 DURR(dir/res/hall)=0.9229/0.0000/0.0000 λD=1.000 route=440 E/S=81/359 rescue=0 empty=0 hall=0/0 FG/HBG/EBG=32/256/1280 grad=44.18
[E46] batch=040/250 pseudo=5 loss=7.9765 sfseg=7.7919 seg=0.7143 mard=2.0349 λM=0.0385 DURR(dir/res/hall)=1.0629/0.0000/0.0000 λD=1.000 route=187 E/S=99/88 rescue=0 empty=0 hall=0/0 FG/HBG/EBG=40/320/1216 grad=29.04
[E46] batch=050/250 pseudo=4 loss=9.3345 sfseg=9.1435 seg=0.6422 mard=2.0125 λM=0.0390 DURR(dir/res/hall)=1.1258/0.0000/0.0000 λD=1.000 route=405 E/S=140/265 rescue=0 empty=0 hall=0/0 FG/HBG/EBG=32/256/1280 grad=45.35
[E46] batch=060/250 pseudo=4 loss=15.2181 sfseg=14.9215 seg=0.6070 mard=1.9898 λM=0.0414 DURR(dir/res/hall)=2.1418/0.0000/0.0000 λD=1.000 route=231 E/S=36/195 rescue=0 empty=0 hall=0/0 FG/HBG/EBG=32/256/1280 grad=49.60
[E46] batch=070/250 pseudo=5 loss=8.9327 sfseg=8.7451 seg=0.6345 mard=2.0506 λM=0.0347 DURR(dir/res/hall)=1.1649/0.0000/0.0000 λD=1.000 route=603 E/S=183/420 rescue=0 empty=0 hall=0/0 FG/HBG/EBG=40/256/1280 grad=41.33
[E46] batch=080/250 pseudo=4 loss=9.5194 sfseg=9.3500 seg=0.9186 mard=2.0500 λM=0.0189 DURR(dir/res/hall)=1.3054/0.0000/0.0000 λD=1.000 route=537 E/S=331/206 rescue=0 empty=0 hall=0/0 FG/HBG/EBG=32/256/1280 grad=45.21
[E46] batch=090/250 pseudo=4 loss=18.0622 sfseg=17.8862 seg=0.9564 mard=2.0070 λM=0.0344 DURR(dir/res/hall)=0.9476/0.0604/0.0000 λD=1.000 route=396 E/S=260/136 rescue=1 empty=0 hall=0/0 FG/HBG/EBG=32/256/1280 grad=106.04
[E46] batch=100/250 pseudo=4 loss=3.8688 sfseg=3.6982 seg=0.2057 mard=2.0375 λM=0.0430 DURR(dir/res/hall)=0.8306/0.0000/0.0000 λD=1.000 route=263 E/S=25/238 rescue=0 empty=0 hall=0/0 FG/HBG/EBG=32/256/1280 grad=26.95
[E46] batch=110/250 pseudo=5 loss=13.6704 sfseg=13.5050 seg=0.6100 mard=2.0223 λM=0.0367 DURR(dir/res/hall)=0.8071/0.0529/0.0000 λD=1.000 route=194 E/S=37/157 rescue=1 empty=0 hall=0/0 FG/HBG/EBG=40/320/1216 grad=112.04
[E46] batch=120/250 pseudo=3 loss=4.5665 sfseg=4.4145 seg=0.5519 mard=2.0627 λM=0.0378 DURR(dir/res/hall)=0.7399/0.0000/0.0000 λD=1.000 route=191 E/S=93/98 rescue=0 empty=1 hall=0/0 FG/HBG/EBG=24/192/960 grad=53.51
[E46] batch=130/250 pseudo=4 loss=8.0379 sfseg=7.8584 seg=0.2521 mard=2.0431 λM=0.0401 DURR(dir/res/hall)=0.9753/0.0000/0.0000 λD=1.000 route=116 E/S=57/59 rescue=0 empty=0 hall=0/0 FG/HBG/EBG=32/256/1280 grad=45.45
[E46] batch=140/250 pseudo=4 loss=7.4766 sfseg=7.3170 seg=0.4523 mard=2.0220 λM=0.0417 DURR(dir/res/hall)=0.7537/0.0000/0.0000 λD=1.000 route=269 E/S=161/108 rescue=0 empty=0 hall=0/0 FG/HBG/EBG=32/256/1280 grad=60.16
[E46] batch=150/250 pseudo=4 loss=3.3252 sfseg=3.1471 seg=0.2286 mard=1.9509 λM=0.0434 DURR(dir/res/hall)=0.9353/0.0000/0.0000 λD=1.000 route=52 E/S=28/24 rescue=0 empty=0 hall=0/0 FG/HBG/EBG=32/256/1280 grad=31.92
[E46] batch=160/250 pseudo=4 loss=4.0053 sfseg=3.8599 seg=0.3884 mard=2.1011 λM=0.0386 DURR(dir/res/hall)=0.6415/0.0000/0.0000 λD=1.000 route=389 E/S=132/257 rescue=0 empty=0 hall=0/0 FG/HBG/EBG=32/256/1280 grad=28.99
[E46] batch=170/250 pseudo=4 loss=3.2282 sfseg=3.0583 seg=0.2762 mard=2.0410 λM=0.0439 DURR(dir/res/hall)=0.8019/0.0000/0.0000 λD=1.000 route=264 E/S=80/184 rescue=0 empty=0 hall=0/0 FG/HBG/EBG=32/256/1280 grad=61.25
[E46] batch=180/250 pseudo=3 loss=10.5751 sfseg=10.3579 seg=0.5865 mard=2.0328 λM=0.0324 DURR(dir/res/hall)=1.5140/0.0000/0.0000 λD=1.000 route=411 E/S=49/362 rescue=0 empty=1 hall=0/0 FG/HBG/EBG=24/192/960 grad=41.68
[E46] batch=190/250 pseudo=4 loss=5.3693 sfseg=5.1149 seg=0.4401 mard=2.0392 λM=0.0432 DURR(dir/res/hall)=1.6623/0.0000/0.0000 λD=1.000 route=359 E/S=97/262 rescue=0 empty=0 hall=0/0 FG/HBG/EBG=32/256/1280 grad=39.15
[E46] batch=200/250 pseudo=4 loss=8.1665 sfseg=7.9767 seg=0.3888 mard=2.0805 λM=0.0336 DURR(dir/res/hall)=1.1996/0.0000/0.0000 λD=1.000 route=130 E/S=43/87 rescue=0 empty=0 hall=0/0 FG/HBG/EBG=32/256/1280 grad=39.67
[E46] batch=210/250 pseudo=4 loss=2.4616 sfseg=2.2752 seg=0.1965 mard=2.0182 λM=0.0442 DURR(dir/res/hall)=0.9735/0.0000/0.0000 λD=1.000 route=194 E/S=136/58 rescue=0 empty=0 hall=0/0 FG/HBG/EBG=32/256/1280 grad=20.66
[E46] batch=220/250 pseudo=4 loss=2.9739 sfseg=2.7678 seg=0.2435 mard=2.0063 λM=0.0436 DURR(dir/res/hall)=1.1863/0.0000/0.0000 λD=1.000 route=197 E/S=37/160 rescue=0 empty=0 hall=0/0 FG/HBG/EBG=32/256/1280 grad=26.37
[E46] batch=230/250 pseudo=4 loss=4.6977 sfseg=4.4383 seg=0.3117 mard=2.0282 λM=0.0410 DURR(dir/res/hall)=1.7616/0.0000/0.0000 λD=1.000 route=364 E/S=225/139 rescue=0 empty=0 hall=0/0 FG/HBG/EBG=32/256/1280 grad=25.45
[E46] batch=240/250 pseudo=4 loss=2.8956 sfseg=2.6966 seg=0.2082 mard=1.9760 λM=0.0427 DURR(dir/res/hall)=1.1463/0.0000/0.0000 λD=1.000 route=186 E/S=99/87 rescue=0 empty=0 hall=0/0 FG/HBG/EBG=32/256/1280 grad=22.58
[E46] batch=250/250 pseudo=4 loss=6.5568 sfseg=6.3890 seg=0.6323 mard=2.0261 λM=0.0313 DURR(dir/res/hall)=1.0437/0.0000/0.0000 λD=1.000 route=618 E/S=490/128 rescue=0 empty=0 hall=0/0 FG/HBG/EBG=32/256/1280 grad=41.18

[Epoch 46] DONE time=67.0s valid=250 skipped=0 pseudo=1025 anchors=988 mask_extra=37 reject_rel=15 DURRmatch=960/4637 rescue=12 teacher_empty=47 hall=14/3091 loss=6.8588 sfseg=6.6500 mard=2.0304 dir=1.1661 res=0.0059 hallL=0.1326 route E/S=25595/47771
[E47] batch=001/250 pseudo=4 loss=3.4734 sfseg=3.2905 seg=0.3050 mard=2.0534 λM=0.0417 DURR(dir/res/hall)=0.9716/0.0000/0.0000 λD=1.000 route=348 E/S=120/228 rescue=0 empty=0 hall=0/0 FG/HBG/EBG=32/256/1280 grad=24.44
[E47] batch=010/250 pseudo=4 loss=5.6736 sfseg=5.4841 seg=0.5179 mard=1.9685 λM=0.0420 DURR(dir/res/hall)=1.0234/0.0228/0.0000 λD=1.000 route=89 E/S=32/57 rescue=1 empty=0 hall=0/0 FG/HBG/EBG=32/256/1280 grad=31.47
[E47] batch=020/250 pseudo=4 loss=5.6924 sfseg=5.5154 seg=0.4085 mard=2.0748 λM=0.0377 DURR(dir/res/hall)=0.9865/0.0000/0.0000 λD=1.000 route=360 E/S=221/139 rescue=0 empty=0 hall=0/0 FG/HBG/EBG=32/256/1280 grad=29.88
[E47] batch=030/250 pseudo=3 loss=11.7724 sfseg=11.6000 seg=0.9096 mard=2.1179 λM=0.0440 DURR(dir/res/hall)=0.7913/0.0000/0.0000 λD=1.000 route=178 E/S=120/58 rescue=0 empty=1 hall=0/0 FG/HBG/EBG=24/192/960 grad=94.57
[E47] batch=040/250 pseudo=4 loss=7.6733 sfseg=7.4996 seg=0.5508 mard=1.9914 λM=0.0263 DURR(dir/res/hall)=1.2132/0.0000/0.0000 λD=1.000 route=471 E/S=135/336 rescue=0 empty=0 hall=0/0 FG/HBG/EBG=32/256/1280 grad=53.05
[E47] batch=050/250 pseudo=4 loss=10.6682 sfseg=10.4808 seg=1.2148 mard=2.0028 λM=0.0315 DURR(dir/res/hall)=1.2440/0.0000/0.0000 λD=1.000 route=511 E/S=81/430 rescue=0 empty=1 hall=0/0 FG/HBG/EBG=32/192/960 grad=132.09
[E47] batch=060/250 pseudo=4 loss=2.7021 sfseg=2.5072 seg=0.1927 mard=2.0751 λM=0.0430 DURR(dir/res/hall)=1.0568/0.0000/0.0000 λD=1.000 route=192 E/S=67/125 rescue=0 empty=0 hall=0/0 FG/HBG/EBG=32/256/1280 grad=22.20
[E47] batch=070/250 pseudo=5 loss=21.9282 sfseg=21.7472 seg=0.9774 mard=2.0378 λM=0.0246 DURR(dir/res/hall)=1.3077/0.0000/0.0000 λD=1.000 route=623 E/S=87/536 rescue=0 empty=0 hall=0/0 FG/HBG/EBG=40/320/1216 grad=92.77
[E47] batch=080/250 pseudo=4 loss=4.4146 sfseg=4.2400 seg=0.3543 mard=2.0026 λM=0.0397 DURR(dir/res/hall)=0.9515/0.0000/0.0000 λD=1.000 route=240 E/S=154/86 rescue=0 empty=0 hall=0/0 FG/HBG/EBG=32/256/1280 grad=37.80
[E47] batch=090/250 pseudo=4 loss=8.8973 sfseg=8.6690 seg=1.0886 mard=1.9850 λM=0.0333 DURR(dir/res/hall)=1.6216/0.0000/0.0000 λD=1.000 route=802 E/S=248/554 rescue=0 empty=0 hall=0/0 FG/HBG/EBG=32/256/1280 grad=35.69
[E47] batch=100/250 pseudo=5 loss=6.0770 sfseg=5.8743 seg=0.4948 mard=2.0003 λM=0.0270 DURR(dir/res/hall)=1.4855/0.0000/0.0000 λD=1.000 route=288 E/S=142/146 rescue=0 empty=0 hall=0/0 FG/HBG/EBG=40/320/1216 grad=33.70
[E47] batch=110/250 pseudo=4 loss=6.0758 sfseg=5.8690 seg=0.6761 mard=1.9647 λM=0.0435 DURR(dir/res/hall)=1.2135/0.0000/0.0000 λD=1.000 route=203 E/S=25/178 rescue=0 empty=0 hall=0/0 FG/HBG/EBG=32/256/1280 grad=31.45
[E47] batch=120/250 pseudo=4 loss=16.9409 sfseg=16.7766 seg=1.5221 mard=2.0824 λM=0.0329 DURR(dir/res/hall)=0.9587/0.0000/0.0000 λD=1.000 route=262 E/S=104/158 rescue=0 empty=0 hall=0/0 FG/HBG/EBG=32/256/1280 grad=159.35
[E47] batch=130/250 pseudo=4 loss=12.5650 sfseg=12.3735 seg=1.1790 mard=2.0152 λM=0.0444 DURR(dir/res/hall)=1.0209/0.0000/0.0000 λD=1.000 route=212 E/S=26/186 rescue=0 empty=0 hall=0/0 FG/HBG/EBG=32/256/1280 grad=40.26
[E47] batch=140/250 pseudo=4 loss=12.9631 sfseg=12.8002 seg=0.8336 mard=2.0549 λM=0.0347 DURR(dir/res/hall)=0.9171/0.0000/0.0000 λD=1.000 route=297 E/S=138/159 rescue=0 empty=0 hall=0/0 FG/HBG/EBG=32/256/1280 grad=127.44
[E47] batch=150/250 pseudo=5 loss=6.7896 sfseg=6.5958 seg=0.3148 mard=2.0397 λM=0.0360 DURR(dir/res/hall)=1.2036/0.0000/0.0000 λD=1.000 route=173 E/S=51/122 rescue=0 empty=0 hall=0/0 FG/HBG/EBG=40/256/1280 grad=22.73
[E47] batch=160/250 pseudo=4 loss=4.9546 sfseg=4.3894 seg=0.6478 mard=2.0138 λM=0.0434 DURR(dir/res/hall)=1.6511/0.0000/3.1261 λD=1.000 route=323 E/S=12/311 rescue=0 empty=1 hall=1/202 FG/HBG/EBG=32/256/896 grad=37.60
[E47] batch=170/250 pseudo=4 loss=3.3048 sfseg=3.1259 seg=0.2303 mard=2.0440 λM=0.0451 DURR(dir/res/hall)=0.8677/0.0000/0.0000 λD=1.000 route=242 E/S=80/162 rescue=0 empty=0 hall=0/0 FG/HBG/EBG=32/256/1280 grad=29.74
[E47] batch=180/250 pseudo=6 loss=6.7668 sfseg=6.5889 seg=0.4657 mard=2.0551 λM=0.0289 DURR(dir/res/hall)=1.1843/0.0000/0.0000 λD=1.000 route=400 E/S=288/112 rescue=0 empty=0 hall=0/0 FG/HBG/EBG=48/384/1152 grad=42.29
[E47] batch=190/250 pseudo=5 loss=3.3003 sfseg=3.1472 seg=0.2975 mard=2.1018 λM=0.0369 DURR(dir/res/hall)=0.7552/0.0000/0.0000 λD=1.000 route=134 E/S=34/100 rescue=0 empty=0 hall=0/0 FG/HBG/EBG=40/320/1216 grad=20.02
[E47] batch=200/250 pseudo=4 loss=3.1442 sfseg=2.9696 seg=0.2661 mard=2.0448 λM=0.0454 DURR(dir/res/hall)=0.8179/0.0000/0.0000 λD=1.000 route=196 E/S=21/175 rescue=0 empty=0 hall=0/0 FG/HBG/EBG=32/256/1280 grad=31.25
[E47] batch=210/250 pseudo=4 loss=12.1805 sfseg=11.9802 seg=0.5727 mard=1.9907 λM=0.0390 DURR(dir/res/hall)=1.2267/0.0000/0.0000 λD=1.000 route=142 E/S=40/102 rescue=0 empty=0 hall=0/0 FG/HBG/EBG=32/256/1280 grad=55.48
[E47] batch=220/250 pseudo=4 loss=9.2425 sfseg=9.0896 seg=0.3977 mard=2.0214 λM=0.0367 DURR(dir/res/hall)=0.7861/0.0000/0.0000 λD=1.000 route=351 E/S=42/309 rescue=0 empty=0 hall=0/0 FG/HBG/EBG=32/256/1280 grad=45.05
[E47] batch=230/250 pseudo=5 loss=13.9703 sfseg=13.8191 seg=0.3782 mard=2.0171 λM=0.0304 DURR(dir/res/hall)=0.8991/0.0000/0.0000 λD=1.000 route=133 E/S=40/93 rescue=0 empty=0 hall=0/0 FG/HBG/EBG=40/320/1216 grad=58.44
[E47] batch=240/250 pseudo=4 loss=6.7619 sfseg=6.5603 seg=0.4244 mard=2.0691 λM=0.0347 DURR(dir/res/hall)=1.2983/0.0000/0.0000 λD=1.000 route=490 E/S=311/179 rescue=0 empty=0 hall=0/0 FG/HBG/EBG=32/256/1280 grad=32.41
[E47] batch=250/250 pseudo=6 loss=11.9588 sfseg=11.7771 seg=0.7402 mard=2.0584 λM=0.0351 DURR(dir/res/hall)=1.0929/0.0000/0.0000 λD=1.000 route=516 E/S=271/245 rescue=0 empty=0 hall=0/0 FG/HBG/EBG=48/320/1216 grad=46.02

[Epoch 47] DONE time=66.8s valid=250 skipped=0 pseudo=1040 anchors=1003 mask_extra=37 reject_rel=11 DURRmatch=972/4675 rescue=10 teacher_empty=44 hall=12/4400 loss=7.1633 sfseg=6.9567 mard=2.0277 dir=1.1786 res=0.0082 hallL=0.0964 route E/S=27435/51108
[E48] batch=001/250 pseudo=4 loss=10.1949 sfseg=10.0318 seg=0.8228 mard=2.0736 λM=0.0336 DURR(dir/res/hall)=0.9340/0.0000/0.0000 λD=1.000 route=207 E/S=184/23 rescue=0 empty=0 hall=0/0 FG/HBG/EBG=32/256/1280 grad=38.97
[E48] batch=010/250 pseudo=4 loss=9.3653 sfseg=9.1967 seg=0.6458 mard=2.0554 λM=0.0411 DURR(dir/res/hall)=0.8422/0.0000/0.0000 λD=1.000 route=203 E/S=22/181 rescue=0 empty=0 hall=0/0 FG/HBG/EBG=32/256/1280 grad=37.22
[E48] batch=020/250 pseudo=5 loss=19.7033 sfseg=19.4847 seg=1.4956 mard=2.0176 λM=0.0335 DURR(dir/res/hall)=1.5097/0.0000/0.0000 λD=1.000 route=783 E/S=223/560 rescue=0 empty=0 hall=0/0 FG/HBG/EBG=40/256/1280 grad=91.23
[E48] batch=030/250 pseudo=4 loss=5.9884 sfseg=5.8078 seg=0.4374 mard=2.0842 λM=0.0433 DURR(dir/res/hall)=0.9033/0.0000/0.0000 λD=1.000 route=492 E/S=103/389 rescue=0 empty=0 hall=0/0 FG/HBG/EBG=32/256/1280 grad=59.61
[E48] batch=040/250 pseudo=5 loss=8.4015 sfseg=8.2507 seg=0.4448 mard=2.0139 λM=0.0373 DURR(dir/res/hall)=0.7569/0.0000/0.0000 λD=1.000 route=354 E/S=207/147 rescue=0 empty=0 hall=0/0 FG/HBG/EBG=40/320/1216 grad=37.26
[E48] batch=050/250 pseudo=4 loss=7.3351 sfseg=7.1603 seg=0.4795 mard=2.0434 λM=0.0433 DURR(dir/res/hall)=0.8638/0.0000/0.0000 λD=1.000 route=300 E/S=71/229 rescue=0 empty=0 hall=0/0 FG/HBG/EBG=32/256/1280 grad=32.72
[E48] batch=060/250 pseudo=4 loss=3.7599 sfseg=3.5918 seg=0.2973 mard=2.0166 λM=0.0451 DURR(dir/res/hall)=0.7720/0.0000/0.0000 λD=1.000 route=236 E/S=57/179 rescue=0 empty=0 hall=0/0 FG/HBG/EBG=32/256/1280 grad=25.13
[E48] batch=070/250 pseudo=3 loss=9.7481 sfseg=9.5546 seg=0.9733 mard=2.0610 λM=0.0386 DURR(dir/res/hall)=1.1399/0.0000/0.0000 λD=1.000 route=188 E/S=65/123 rescue=0 empty=1 hall=0/0 FG/HBG/EBG=24/192/960 grad=68.43
[E48] batch=080/250 pseudo=4 loss=3.7462 sfseg=3.4246 seg=0.2087 mard=2.0275 λM=0.0375 DURR(dir/res/hall)=2.3061/0.0747/0.0000 λD=1.000 route=82 E/S=13/69 rescue=1 empty=0 hall=0/0 FG/HBG/EBG=32/256/1280 grad=37.76
[E48] batch=090/250 pseudo=4 loss=5.0186 sfseg=4.7903 seg=0.2339 mard=2.0143 λM=0.0438 DURR(dir/res/hall)=1.4017/0.0000/0.0000 λD=1.000 route=233 E/S=155/78 rescue=0 empty=0 hall=0/0 FG/HBG/EBG=32/256/1280 grad=26.45
[E48] batch=100/250 pseudo=3 loss=10.5350 sfseg=10.1235 seg=0.8475 mard=2.0881 λM=0.0218 DURR(dir/res/hall)=1.4136/0.0000/2.2458 λD=1.000 route=475 E/S=348/127 rescue=0 empty=1 hall=1/5 FG/HBG/EBG=24/192/960 grad=39.61
[E48] batch=110/250 pseudo=4 loss=8.2247 sfseg=8.0352 seg=0.8066 mard=2.0713 λM=0.0441 DURR(dir/res/hall)=0.9828/0.0000/0.0000 λD=1.000 route=232 E/S=49/183 rescue=0 empty=0 hall=0/0 FG/HBG/EBG=32/256/1280 grad=45.07
[E48] batch=120/250 pseudo=5 loss=5.8487 sfseg=5.6740 seg=0.5919 mard=1.9911 λM=0.0431 DURR(dir/res/hall)=0.8875/0.0000/0.0000 λD=1.000 route=328 E/S=34/294 rescue=0 empty=0 hall=0/0 FG/HBG/EBG=40/320/1216 grad=36.25
[E48] batch=130/250 pseudo=4 loss=9.1902 sfseg=9.0111 seg=0.8398 mard=1.9962 λM=0.0390 DURR(dir/res/hall)=1.0134/0.0000/0.0000 λD=1.000 route=261 E/S=91/170 rescue=0 empty=0 hall=0/0 FG/HBG/EBG=32/256/1280 grad=35.29
[E48] batch=140/250 pseudo=2 loss=13.1233 sfseg=12.8382 seg=0.3061 mard=2.0444 λM=0.0431 DURR(dir/res/hall)=1.9699/0.0000/0.0000 λD=1.000 route=200 E/S=46/154 rescue=0 empty=2 hall=0/0 FG/HBG/EBG=16/128/640 grad=46.16
[E48] batch=150/250 pseudo=3 loss=5.0116 sfseg=4.7599 seg=0.3915 mard=2.0880 λM=0.0416 DURR(dir/res/hall)=1.6482/0.0000/0.0000 λD=1.000 route=589 E/S=116/473 rescue=0 empty=1 hall=0/0 FG/HBG/EBG=24/192/960 grad=21.51
[E48] batch=160/250 pseudo=4 loss=12.5455 sfseg=12.3147 seg=1.2473 mard=2.0010 λM=0.0384 DURR(dir/res/hall)=1.5397/0.0000/0.0000 λD=1.000 route=720 E/S=408/312 rescue=0 empty=0 hall=0/0 FG/HBG/EBG=32/256/1280 grad=58.34
[E48] batch=170/250 pseudo=4 loss=4.3130 sfseg=4.1374 seg=0.3248 mard=2.0062 λM=0.0426 DURR(dir/res/hall)=0.9004/0.0000/0.0000 λD=1.000 route=367 E/S=65/302 rescue=0 empty=0 hall=0/0 FG/HBG/EBG=32/256/1280 grad=33.39
[E48] batch=180/250 pseudo=4 loss=6.0347 sfseg=5.8634 seg=0.4347 mard=2.0561 λM=0.0398 DURR(dir/res/hall)=0.8950/0.0000/0.0000 λD=1.000 route=404 E/S=147/257 rescue=0 empty=0 hall=0/0 FG/HBG/EBG=32/256/1280 grad=43.10
[E48] batch=190/250 pseudo=4 loss=3.6252 sfseg=3.4377 seg=0.1972 mard=1.9909 λM=0.0383 DURR(dir/res/hall)=1.1128/0.0000/0.0000 λD=1.000 route=247 E/S=160/87 rescue=0 empty=0 hall=0/0 FG/HBG/EBG=32/256/1280 grad=51.61
[E48] batch=200/250 pseudo=4 loss=5.9300 sfseg=5.7405 seg=0.4284 mard=2.0431 λM=0.0414 DURR(dir/res/hall)=1.0487/0.0000/0.0000 λD=1.000 route=224 E/S=104/120 rescue=0 empty=0 hall=0/0 FG/HBG/EBG=32/256/1280 grad=67.07
[E48] batch=210/250 pseudo=4 loss=5.3945 sfseg=5.1981 seg=0.3841 mard=2.0555 λM=0.0423 DURR(dir/res/hall)=1.0951/0.0000/0.0000 λD=1.000 route=216 E/S=87/129 rescue=0 empty=0 hall=0/0 FG/HBG/EBG=32/256/1280 grad=38.99
[E48] batch=220/250 pseudo=4 loss=8.0577 sfseg=7.8988 seg=0.6982 mard=2.0959 λM=0.0386 DURR(dir/res/hall)=0.7801/0.0000/0.0000 λD=1.000 route=239 E/S=46/193 rescue=0 empty=0 hall=0/0 FG/HBG/EBG=32/256/1280 grad=62.12
[E48] batch=230/250 pseudo=5 loss=3.2008 sfseg=3.0285 seg=0.2592 mard=1.9923 λM=0.0436 DURR(dir/res/hall)=0.8551/0.0000/0.0000 λD=1.000 route=126 E/S=20/106 rescue=0 empty=0 hall=0/0 FG/HBG/EBG=40/320/1216 grad=18.99
[E48] batch=240/250 pseudo=7 loss=5.7228 sfseg=5.5536 seg=0.5211 mard=1.9916 λM=0.0281 DURR(dir/res/hall)=1.1340/0.0000/0.0000 λD=1.000 route=131 E/S=42/89 rescue=0 empty=0 hall=0/0 FG/HBG/EBG=56/256/1280 grad=23.26
[E48] batch=250/250 pseudo=4 loss=3.3499 sfseg=3.1838 seg=0.2678 mard=2.0190 λM=0.0409 DURR(dir/res/hall)=0.8356/0.0000/0.0000 λD=1.000 route=120 E/S=61/59 rescue=0 empty=0 hall=0/0 FG/HBG/EBG=32/256/1280 grad=30.93

[Epoch 48] DONE time=67.0s valid=250 skipped=0 pseudo=1033 anchors=992 mask_extra=41 reject_rel=15 DURRmatch=964/4664 rescue=10 teacher_empty=43 hall=14/5675 loss=6.9202 sfseg=6.7069 mard=2.0299 dir=1.1754 res=0.0042 hallL=0.1621 route E/S=26390/47017
[E49] batch=001/250 pseudo=5 loss=7.1111 sfseg=6.9928 seg=0.4285 mard=2.0804 λM=0.0324 DURR(dir/res/hall)=0.5084/0.0000/0.0000 λD=1.000 route=489 E/S=103/386 rescue=0 empty=0 hall=0/0 FG/HBG/EBG=40/256/1280 grad=38.93
[E49] batch=010/250 pseudo=4 loss=3.6283 sfseg=3.4536 seg=0.2605 mard=2.0240 λM=0.0447 DURR(dir/res/hall)=0.8425/0.0000/0.0000 λD=1.000 route=154 E/S=21/133 rescue=0 empty=0 hall=0/0 FG/HBG/EBG=32/256/1280 grad=66.98
[E49] batch=020/250 pseudo=4 loss=3.8352 sfseg=3.6442 seg=0.3706 mard=2.0804 λM=0.0442 DURR(dir/res/hall)=0.9902/0.0000/0.0000 λD=1.000 route=257 E/S=14/243 rescue=0 empty=0 hall=0/0 FG/HBG/EBG=32/256/1280 grad=25.72
[E49] batch=030/250 pseudo=4 loss=4.9866 sfseg=4.7894 seg=0.4621 mard=2.0022 λM=0.0451 DURR(dir/res/hall)=1.0679/0.0000/0.0000 λD=1.000 route=454 E/S=85/369 rescue=0 empty=0 hall=0/0 FG/HBG/EBG=32/256/1280 grad=24.59
[E49] batch=040/250 pseudo=3 loss=3.7138 sfseg=3.4886 seg=0.2239 mard=2.0607 λM=0.0396 DURR(dir/res/hall)=1.4360/0.0000/0.0000 λD=1.000 route=159 E/S=26/133 rescue=0 empty=1 hall=0/0 FG/HBG/EBG=24/192/960 grad=44.48
[E49] batch=050/250 pseudo=5 loss=11.0597 sfseg=10.8609 seg=0.6850 mard=2.0332 λM=0.0341 DURR(dir/res/hall)=1.2953/0.0000/0.0000 λD=1.000 route=546 E/S=157/389 rescue=0 empty=0 hall=0/0 FG/HBG/EBG=40/320/1216 grad=32.56
[E49] batch=060/250 pseudo=4 loss=5.9248 sfseg=5.6753 seg=0.3335 mard=2.0350 λM=0.0446 DURR(dir/res/hall)=1.5872/0.0000/0.0000 λD=1.000 route=488 E/S=147/341 rescue=0 empty=0 hall=0/0 FG/HBG/EBG=32/256/1280 grad=32.43
[E49] batch=070/250 pseudo=3 loss=4.0256 sfseg=3.4859 seg=0.4572 mard=1.9629 λM=0.0393 DURR(dir/res/hall)=1.4508/0.0000/3.1756 λD=1.000 route=168 E/S=132/36 rescue=0 empty=1 hall=1/243 FG/HBG/EBG=24/192/960 grad=23.31
[E49] batch=080/250 pseudo=4 loss=7.9609 sfseg=7.6078 seg=0.2827 mard=1.9807 λM=0.0341 DURR(dir/res/hall)=2.8562/0.0000/0.0000 λD=1.000 route=252 E/S=81/171 rescue=0 empty=0 hall=0/0 FG/HBG/EBG=32/256/1280 grad=68.50
[E49] batch=090/250 pseudo=4 loss=3.7380 sfseg=3.5307 seg=0.3412 mard=2.0461 λM=0.0452 DURR(dir/res/hall)=1.1480/0.0000/0.0000 λD=1.000 route=143 E/S=68/75 rescue=0 empty=0 hall=0/0 FG/HBG/EBG=32/256/1280 grad=19.75
[E49] batch=100/250 pseudo=4 loss=5.4919 sfseg=5.3447 seg=0.5454 mard=2.0658 λM=0.0398 DURR(dir/res/hall)=0.6508/0.0000/0.0000 λD=1.000 route=277 E/S=67/210 rescue=0 empty=0 hall=0/0 FG/HBG/EBG=32/256/1280 grad=25.58
[E49] batch=110/250 pseudo=3 loss=9.7572 sfseg=9.5730 seg=0.4005 mard=2.0177 λM=0.0359 DURR(dir/res/hall)=1.1178/0.0000/0.0000 λD=1.000 route=402 E/S=60/342 rescue=0 empty=1 hall=0/0 FG/HBG/EBG=24/192/960 grad=60.93
[E49] batch=120/250 pseudo=4 loss=4.7141 sfseg=4.4697 seg=0.3901 mard=2.0083 λM=0.0442 DURR(dir/res/hall)=1.5568/0.0000/0.0000 λD=1.000 route=128 E/S=26/102 rescue=0 empty=0 hall=0/0 FG/HBG/EBG=32/256/1280 grad=32.22
[E49] batch=130/250 pseudo=6 loss=7.8628 sfseg=7.6890 seg=0.3294 mard=1.9996 λM=0.0369 DURR(dir/res/hall)=1.0000/0.0000/0.0000 λD=1.000 route=415 E/S=194/221 rescue=0 empty=0 hall=0/0 FG/HBG/EBG=48/256/1280 grad=29.84
[E49] batch=140/250 pseudo=3 loss=1.5906 sfseg=1.3624 seg=0.1907 mard=2.0565 λM=0.0459 DURR(dir/res/hall)=1.3377/0.0000/0.0000 λD=1.000 route=175 E/S=8/167 rescue=0 empty=1 hall=0/0 FG/HBG/EBG=24/192/960 grad=13.29
[E49] batch=150/250 pseudo=4 loss=2.7379 sfseg=2.1576 seg=0.2256 mard=2.0101 λM=0.0426 DURR(dir/res/hall)=1.1275/0.0000/3.8205 λD=1.000 route=90 E/S=33/57 rescue=0 empty=1 hall=1/747 FG/HBG/EBG=32/192/960 grad=20.35
[E49] batch=160/250 pseudo=4 loss=5.8874 sfseg=5.6943 seg=0.4036 mard=2.0625 λM=0.0442 DURR(dir/res/hall)=1.0204/0.0000/0.0000 λD=1.000 route=307 E/S=144/163 rescue=0 empty=0 hall=0/0 FG/HBG/EBG=32/256/1280 grad=35.79
[E49] batch=170/250 pseudo=4 loss=3.8232 sfseg=3.6189 seg=0.3595 mard=1.9804 λM=0.0427 DURR(dir/res/hall)=1.1977/0.0000/0.0000 λD=1.000 route=177 E/S=81/96 rescue=0 empty=0 hall=0/0 FG/HBG/EBG=32/256/1280 grad=23.55
[E49] batch=180/250 pseudo=4 loss=4.3944 sfseg=4.1792 seg=0.3061 mard=1.9862 λM=0.0424 DURR(dir/res/hall)=1.3092/0.0000/0.0000 λD=1.000 route=152 E/S=73/79 rescue=0 empty=0 hall=0/0 FG/HBG/EBG=32/256/1280 grad=17.73
[E49] batch=190/250 pseudo=4 loss=8.0756 sfseg=7.8850 seg=0.4574 mard=2.0718 λM=0.0343 DURR(dir/res/hall)=1.1964/0.0000/0.0000 λD=1.000 route=487 E/S=191/296 rescue=0 empty=0 hall=0/0 FG/HBG/EBG=32/256/1280 grad=34.82
[E49] batch=200/250 pseudo=4 loss=4.5989 sfseg=4.3895 seg=0.2655 mard=1.9830 λM=0.0333 DURR(dir/res/hall)=1.4337/0.0000/0.0000 λD=1.000 route=281 E/S=138/143 rescue=0 empty=0 hall=0/0 FG/HBG/EBG=32/256/1280 grad=27.66
[E49] batch=210/250 pseudo=3 loss=2.1986 sfseg=1.9764 seg=0.1666 mard=2.1227 λM=0.0453 DURR(dir/res/hall)=1.2602/0.0000/0.0000 λD=1.000 route=80 E/S=62/18 rescue=0 empty=1 hall=0/0 FG/HBG/EBG=24/192/960 grad=21.33
[E49] batch=220/250 pseudo=4 loss=8.5179 sfseg=8.3526 seg=0.3868 mard=2.0130 λM=0.0345 DURR(dir/res/hall)=0.9591/0.0000/0.0000 λD=1.000 route=526 E/S=115/411 rescue=0 empty=0 hall=0/0 FG/HBG/EBG=32/256/1280 grad=46.18
[E49] batch=230/250 pseudo=4 loss=4.8052 sfseg=4.6392 seg=0.2408 mard=1.9887 λM=0.0436 DURR(dir/res/hall)=0.7930/0.0000/0.0000 λD=1.000 route=435 E/S=179/256 rescue=0 empty=0 hall=0/0 FG/HBG/EBG=32/256/1280 grad=24.56
[E49] batch=240/250 pseudo=4 loss=6.2929 sfseg=6.1166 seg=0.5067 mard=2.0091 λM=0.0418 DURR(dir/res/hall)=0.9227/0.0000/0.0000 λD=1.000 route=367 E/S=108/259 rescue=0 empty=0 hall=0/0 FG/HBG/EBG=32/256/1280 grad=38.10
[E49] batch=250/250 pseudo=4 loss=6.3194 sfseg=5.9860 seg=0.2837 mard=1.9969 λM=0.0390 DURR(dir/res/hall)=2.5547/0.0000/0.0000 λD=1.000 route=188 E/S=129/59 rescue=0 empty=0 hall=0/0 FG/HBG/EBG=32/256/1280 grad=26.16

[Epoch 49] DONE time=67.2s valid=250 skipped=0 pseudo=1026 anchors=992 mask_extra=34 reject_rel=19 DURRmatch=965/4677 rescue=12 teacher_empty=48 hall=20/6533 loss=6.9489 sfseg=6.7299 mard=2.0305 dir=1.1586 res=0.0079 hallL=0.2358 route E/S=24402/51728
[E50] batch=001/250 pseudo=4 loss=4.4684 sfseg=4.3048 seg=0.3450 mard=2.0749 λM=0.0367 DURR(dir/res/hall)=0.8733/0.0000/0.0000 λD=1.000 route=252 E/S=133/119 rescue=0 empty=0 hall=0/0 FG/HBG/EBG=32/256/1280 grad=27.38
[E50] batch=010/250 pseudo=4 loss=3.3396 sfseg=3.1659 seg=0.2837 mard=2.0784 λM=0.0403 DURR(dir/res/hall)=0.8995/0.0000/0.0000 λD=1.000 route=254 E/S=128/126 rescue=0 empty=0 hall=0/0 FG/HBG/EBG=32/256/1280 grad=25.04
[E50] batch=020/250 pseudo=5 loss=6.0795 sfseg=5.9013 seg=0.4980 mard=2.0099 λM=0.0305 DURR(dir/res/hall)=1.1690/0.0000/0.0000 λD=1.000 route=286 E/S=133/153 rescue=0 empty=0 hall=0/0 FG/HBG/EBG=40/256/1280 grad=35.11
[E50] batch=030/250 pseudo=4 loss=5.3032 sfseg=5.0955 seg=0.2813 mard=2.0385 λM=0.0431 DURR(dir/res/hall)=1.1990/0.0000/0.0000 λD=1.000 route=145 E/S=85/60 rescue=0 empty=0 hall=0/0 FG/HBG/EBG=32/256/1280 grad=48.47
[E50] batch=040/250 pseudo=4 loss=12.8200 sfseg=12.6203 seg=1.7972 mard=2.0077 λM=0.0334 DURR(dir/res/hall)=1.3259/0.0000/0.0000 λD=1.000 route=435 E/S=336/99 rescue=0 empty=0 hall=0/0 FG/HBG/EBG=32/256/1280 grad=44.11
[E50] batch=050/250 pseudo=5 loss=6.5525 sfseg=6.3945 seg=0.3681 mard=1.9987 λM=0.0349 DURR(dir/res/hall)=0.8833/0.0000/0.0000 λD=1.000 route=410 E/S=114/296 rescue=0 empty=0 hall=0/0 FG/HBG/EBG=40/256/1280 grad=34.59
[E50] batch=060/250 pseudo=4 loss=3.5557 sfseg=3.3017 seg=0.2524 mard=1.9858 λM=0.0448 DURR(dir/res/hall)=1.6513/0.0000/0.0000 λD=1.000 route=72 E/S=52/20 rescue=0 empty=0 hall=0/0 FG/HBG/EBG=32/256/1280 grad=71.15
[E50] batch=070/250 pseudo=3 loss=34.0565 sfseg=33.2453 seg=4.1164 mard=2.0961 λM=0.0368 DURR(dir/res/hall)=2.6675/0.0000/4.6736 λD=1.000 route=450 E/S=95/355 rescue=0 empty=1 hall=1/473 FG/HBG/EBG=24/192/960 grad=62.68
[E50] batch=080/250 pseudo=4 loss=4.9620 sfseg=4.7658 seg=0.4547 mard=2.0151 λM=0.0429 DURR(dir/res/hall)=1.0969/0.0000/0.0000 λD=1.000 route=375 E/S=70/305 rescue=0 empty=0 hall=0/0 FG/HBG/EBG=32/256/1280 grad=26.29
[E50] batch=090/250 pseudo=4 loss=3.4211 sfseg=3.2461 seg=0.2592 mard=2.0413 λM=0.0449 DURR(dir/res/hall)=0.8348/0.0000/0.0000 λD=1.000 route=262 E/S=131/131 rescue=0 empty=0 hall=0/0 FG/HBG/EBG=32/256/1280 grad=31.98
[E50] batch=100/250 pseudo=4 loss=3.1170 sfseg=2.9424 seg=0.2721 mard=1.9734 λM=0.0425 DURR(dir/res/hall)=0.9066/0.0000/0.0000 λD=1.000 route=147 E/S=32/115 rescue=0 empty=0 hall=0/0 FG/HBG/EBG=32/256/1280 grad=25.97
[E50] batch=110/250 pseudo=3 loss=3.0320 sfseg=2.6346 seg=0.3509 mard=1.9623 λM=0.0421 DURR(dir/res/hall)=1.0189/0.0000/2.1286 λD=1.000 route=102 E/S=25/77 rescue=0 empty=1 hall=1/5 FG/HBG/EBG=24/192/960 grad=22.74
[E50] batch=120/250 pseudo=4 loss=11.6769 sfseg=11.5139 seg=0.8910 mard=1.9889 λM=0.0330 DURR(dir/res/hall)=0.9731/0.0000/0.0000 λD=1.000 route=352 E/S=56/296 rescue=0 empty=0 hall=0/0 FG/HBG/EBG=32/256/1280 grad=31.20
[E50] batch=130/250 pseudo=4 loss=7.8084 sfseg=7.5922 seg=0.5127 mard=2.0224 λM=0.0429 DURR(dir/res/hall)=1.2930/0.0000/0.0000 λD=1.000 route=593 E/S=141/452 rescue=0 empty=0 hall=0/0 FG/HBG/EBG=32/256/1280 grad=29.99
[E50] batch=140/250 pseudo=4 loss=2.7744 sfseg=2.6009 seg=0.1973 mard=2.0306 λM=0.0417 DURR(dir/res/hall)=0.8882/0.0000/0.0000 λD=1.000 route=277 E/S=156/121 rescue=0 empty=0 hall=0/0 FG/HBG/EBG=32/256/1280 grad=19.45
[E50] batch=150/250 pseudo=4 loss=6.5672 sfseg=6.3683 seg=0.5523 mard=2.0142 λM=0.0439 DURR(dir/res/hall)=1.1056/0.0000/0.0000 λD=1.000 route=496 E/S=128/368 rescue=0 empty=0 hall=0/0 FG/HBG/EBG=32/256/1280 grad=31.21
[E50] batch=160/250 pseudo=4 loss=4.9060 sfseg=4.6821 seg=0.4311 mard=2.0441 λM=0.0436 DURR(dir/res/hall)=1.3485/0.0000/0.0000 λD=1.000 route=244 E/S=174/70 rescue=0 empty=0 hall=0/0 FG/HBG/EBG=32/256/1280 grad=27.64
[E50] batch=170/250 pseudo=4 loss=6.7787 sfseg=6.5419 seg=0.3765 mard=2.0351 λM=0.0427 DURR(dir/res/hall)=1.4998/0.0000/0.0000 λD=1.000 route=221 E/S=99/122 rescue=0 empty=0 hall=0/0 FG/HBG/EBG=32/256/1280 grad=55.58
[E50] batch=180/250 pseudo=3 loss=1.7213 sfseg=1.5192 seg=0.1736 mard=2.1146 λM=0.0452 DURR(dir/res/hall)=1.0637/0.0000/0.0000 λD=1.000 route=267 E/S=58/209 rescue=0 empty=1 hall=0/0 FG/HBG/EBG=24/192/960 grad=19.39
[E50] batch=190/250 pseudo=4 loss=5.2784 sfseg=5.1006 seg=0.5600 mard=1.9711 λM=0.0439 DURR(dir/res/hall)=0.9134/0.0000/0.0000 λD=1.000 route=402 E/S=116/286 rescue=0 empty=0 hall=0/0 FG/HBG/EBG=32/256/1280 grad=27.87
[E50] batch=200/250 pseudo=3 loss=2.4409 sfseg=2.2527 seg=0.2926 mard=2.0032 λM=0.0425 DURR(dir/res/hall)=1.0303/0.0000/0.0000 λD=1.000 route=127 E/S=86/41 rescue=0 empty=1 hall=0/0 FG/HBG/EBG=24/192/960 grad=26.42
[E50] batch=210/250 pseudo=5 loss=18.7560 sfseg=18.5748 seg=0.9137 mard=2.0034 λM=0.0263 DURR(dir/res/hall)=1.2853/0.0000/0.0000 λD=1.000 route=574 E/S=198/376 rescue=0 empty=0 hall=0/0 FG/HBG/EBG=40/320/1216 grad=51.89
[E50] batch=220/250 pseudo=4 loss=4.0532 sfseg=3.8908 seg=0.3264 mard=2.0772 λM=0.0440 DURR(dir/res/hall)=0.7108/0.0000/0.0000 λD=1.000 route=139 E/S=62/77 rescue=0 empty=0 hall=0/0 FG/HBG/EBG=32/256/1280 grad=31.07
[E50] batch=230/250 pseudo=5 loss=3.8271 sfseg=3.6433 seg=0.2475 mard=2.0139 λM=0.0409 DURR(dir/res/hall)=1.0145/0.0000/0.0000 λD=1.000 route=155 E/S=59/96 rescue=0 empty=0 hall=0/0 FG/HBG/EBG=40/320/1216 grad=28.69
[E50] batch=240/250 pseudo=3 loss=7.1373 sfseg=6.7760 seg=0.5767 mard=2.0736 λM=0.0390 DURR(dir/res/hall)=2.8039/0.0000/0.0000 λD=1.000 route=489 E/S=339/150 rescue=0 empty=1 hall=0/0 FG/HBG/EBG=24/192/960 grad=29.84
[E50] batch=250/250 pseudo=4 loss=2.7692 sfseg=2.5992 seg=0.2365 mard=2.0473 λM=0.0380 DURR(dir/res/hall)=0.9229/0.0000/0.0000 λD=1.000 route=229 E/S=38/191 rescue=0 empty=0 hall=0/0 FG/HBG/EBG=32/256/1280 grad=22.45

[Epoch 50] DONE time=66.9s valid=250 skipped=0 pseudo=1019 anchors=982 mask_extra=37 reject_rel=17 DURRmatch=962/4663 rescue=10 teacher_empty=49 hall=18/6158 loss=6.8497 sfseg=6.6394 mard=2.0274 dir=1.1116 res=0.0034 hallL=0.1942 route E/S=26428/49421
[SAVE Student] /home/dang/MedRT-SFOD/runs/seg/dense_sfseg/kvasir_durr_v1_segmard_v2_60ep/checkpoints/durr_student_epoch_50.pt
[SAVE Teacher] /home/dang/MedRT-SFOD/runs/seg/dense_sfseg/kvasir_durr_v1_segmard_v2_60ep/checkpoints/durr_teacher_ema_epoch_50.pt
[E51] batch=001/250 pseudo=6 loss=6.1547 sfseg=5.9813 seg=0.4938 mard=2.0420 λM=0.0348 DURR(dir/res/hall)=1.0220/0.0000/0.0000 λD=1.000 route=338 E/S=61/277 rescue=0 empty=0 hall=0/0 FG/HBG/EBG=48/320/1216 grad=33.52
[E51] batch=010/250 pseudo=4 loss=8.9569 sfseg=8.7518 seg=0.3755 mard=2.0723 λM=0.0387 DURR(dir/res/hall)=1.2483/0.0000/0.0000 λD=1.000 route=480 E/S=148/332 rescue=0 empty=0 hall=0/0 FG/HBG/EBG=32/256/1280 grad=31.88
[E51] batch=020/250 pseudo=5 loss=5.6514 sfseg=5.4511 seg=0.2553 mard=2.0530 λM=0.0280 DURR(dir/res/hall)=1.4282/0.0000/0.0000 λD=1.000 route=268 E/S=74/194 rescue=0 empty=1 hall=0/0 FG/HBG/EBG=40/256/896 grad=19.14
[E51] batch=030/250 pseudo=4 loss=4.4224 sfseg=4.1587 seg=0.2359 mard=2.0036 λM=0.0416 DURR(dir/res/hall)=1.8038/0.0000/0.0000 λD=1.000 route=124 E/S=78/46 rescue=0 empty=0 hall=0/0 FG/HBG/EBG=32/256/1280 grad=45.93
[E51] batch=040/250 pseudo=4 loss=2.9319 sfseg=2.6479 seg=0.2666 mard=2.0140 λM=0.0443 DURR(dir/res/hall)=1.9485/0.0000/0.0000 λD=1.000 route=90 E/S=15/75 rescue=0 empty=0 hall=0/0 FG/HBG/EBG=32/256/1280 grad=23.35
[E51] batch=050/250 pseudo=4 loss=5.5385 sfseg=5.2996 seg=0.3039 mard=1.9941 λM=0.0410 DURR(dir/res/hall)=1.5705/0.0000/0.0000 λD=1.000 route=178 E/S=100/78 rescue=0 empty=0 hall=0/0 FG/HBG/EBG=32/256/1280 grad=31.10
[E51] batch=060/250 pseudo=4 loss=5.1736 sfseg=4.9640 seg=0.3641 mard=2.0331 λM=0.0435 DURR(dir/res/hall)=1.2115/0.0000/0.0000 λD=1.000 route=143 E/S=62/81 rescue=0 empty=0 hall=0/0 FG/HBG/EBG=32/256/1280 grad=33.96
[E51] batch=070/250 pseudo=4 loss=16.7556 sfseg=16.5295 seg=0.9391 mard=2.0177 λM=0.0326 DURR(dir/res/hall)=1.6021/0.0000/0.0000 λD=1.000 route=735 E/S=267/468 rescue=0 empty=0 hall=0/0 FG/HBG/EBG=32/256/1280 grad=71.56
[E51] batch=080/250 pseudo=4 loss=5.4609 sfseg=5.2515 seg=0.4236 mard=2.0203 λM=0.0380 DURR(dir/res/hall)=1.3273/0.0000/0.0000 λD=1.000 route=254 E/S=166/88 rescue=0 empty=0 hall=0/0 FG/HBG/EBG=32/256/1280 grad=79.43
[E51] batch=090/250 pseudo=7 loss=6.3799 sfseg=6.1717 seg=0.2970 mard=2.0199 λM=0.0433 DURR(dir/res/hall)=1.2069/0.0000/0.0000 λD=1.000 route=362 E/S=109/253 rescue=0 empty=0 hall=0/0 FG/HBG/EBG=56/384/1152 grad=22.23
[E51] batch=100/250 pseudo=4 loss=4.7207 sfseg=4.5414 seg=0.3919 mard=2.0378 λM=0.0364 DURR(dir/res/hall)=1.0517/0.0000/0.0000 λD=1.000 route=403 E/S=225/178 rescue=0 empty=0 hall=0/0 FG/HBG/EBG=32/256/1280 grad=36.22
[E51] batch=110/250 pseudo=4 loss=28.9042 sfseg=28.0213 seg=3.1972 mard=2.0416 λM=0.0335 DURR(dir/res/hall)=3.5239/0.0000/4.6199 λD=1.000 route=643 E/S=67/576 rescue=0 empty=1 hall=1/738 FG/HBG/EBG=32/256/896 grad=84.14
[E51] batch=120/250 pseudo=4 loss=7.0036 sfseg=6.7482 seg=0.4520 mard=2.0206 λM=0.0376 DURR(dir/res/hall)=1.7934/0.0000/0.0000 λD=1.000 route=144 E/S=69/75 rescue=0 empty=0 hall=0/0 FG/HBG/EBG=32/256/1280 grad=26.96
[E51] batch=130/250 pseudo=4 loss=13.5473 sfseg=13.3931 seg=0.6052 mard=2.0009 λM=0.0276 DURR(dir/res/hall)=0.9897/0.0000/0.0000 λD=1.000 route=366 E/S=198/168 rescue=0 empty=0 hall=0/0 FG/HBG/EBG=32/256/1280 grad=74.37
[E51] batch=140/250 pseudo=4 loss=11.4155 sfseg=11.1879 seg=0.5609 mard=2.0472 λM=0.0327 DURR(dir/res/hall)=1.6075/0.0000/0.0000 λD=1.000 route=602 E/S=218/384 rescue=0 empty=0 hall=0/0 FG/HBG/EBG=32/256/1280 grad=51.42
[E51] batch=150/250 pseudo=4 loss=6.8236 sfseg=6.6498 seg=0.5405 mard=2.0628 λM=0.0347 DURR(dir/res/hall)=1.0217/0.0000/0.0000 λD=1.000 route=310 E/S=51/259 rescue=0 empty=0 hall=0/0 FG/HBG/EBG=32/256/1280 grad=42.66
[E51] batch=160/250 pseudo=4 loss=14.9360 sfseg=14.7509 seg=0.7252 mard=2.0230 λM=0.0299 DURR(dir/res/hall)=1.2451/0.0000/0.0000 λD=1.000 route=260 E/S=119/141 rescue=0 empty=0 hall=0/0 FG/HBG/EBG=32/256/1280 grad=51.42
[E51] batch=170/250 pseudo=4 loss=10.6819 sfseg=10.3480 seg=0.8979 mard=2.0726 λM=0.0345 DURR(dir/res/hall)=2.6243/0.0000/0.0000 λD=1.000 route=174 E/S=83/91 rescue=0 empty=0 hall=0/0 FG/HBG/EBG=32/256/1280 grad=40.42
[E51] batch=180/250 pseudo=4 loss=7.2861 sfseg=7.0984 seg=0.2943 mard=1.9776 λM=0.0362 DURR(dir/res/hall)=1.1611/0.0000/0.0000 λD=1.000 route=116 E/S=40/76 rescue=0 empty=0 hall=0/0 FG/HBG/EBG=32/256/1280 grad=100.48
[E51] batch=190/250 pseudo=5 loss=8.5026 sfseg=8.3435 seg=0.4659 mard=2.0226 λM=0.0254 DURR(dir/res/hall)=1.0768/0.0000/0.0000 λD=1.000 route=475 E/S=54/421 rescue=0 empty=0 hall=0/0 FG/HBG/EBG=40/320/1216 grad=30.45
[E51] batch=200/250 pseudo=4 loss=2.2056 sfseg=2.0034 seg=0.1595 mard=2.0339 λM=0.0449 DURR(dir/res/hall)=1.1088/0.0000/0.0000 λD=1.000 route=115 E/S=65/50 rescue=0 empty=0 hall=0/0 FG/HBG/EBG=32/256/1280 grad=27.55
[E51] batch=210/250 pseudo=4 loss=3.6626 sfseg=3.4795 seg=0.2092 mard=2.0650 λM=0.0450 DURR(dir/res/hall)=0.9025/0.0000/0.0000 λD=1.000 route=300 E/S=131/169 rescue=0 empty=0 hall=0/0 FG/HBG/EBG=32/256/1280 grad=66.87
[E51] batch=220/250 pseudo=4 loss=7.7928 sfseg=7.5863 seg=0.2527 mard=1.9967 λM=0.0366 DURR(dir/res/hall)=1.3332/0.0000/0.0000 λD=1.000 route=164 E/S=61/103 rescue=0 empty=0 hall=0/0 FG/HBG/EBG=32/256/1280 grad=35.45
[E51] batch=230/250 pseudo=4 loss=8.0714 sfseg=7.9162 seg=0.3492 mard=2.0155 λM=0.0409 DURR(dir/res/hall)=0.7268/0.0000/0.0000 λD=1.000 route=222 E/S=80/142 rescue=0 empty=0 hall=0/0 FG/HBG/EBG=32/256/1280 grad=27.68
[E51] batch=240/250 pseudo=4 loss=7.8926 sfseg=7.6616 seg=0.4612 mard=2.0307 λM=0.0355 DURR(dir/res/hall)=1.5899/0.0000/0.0000 λD=1.000 route=478 E/S=89/389 rescue=0 empty=0 hall=0/0 FG/HBG/EBG=32/256/1280 grad=64.17
[E51] batch=250/250 pseudo=4 loss=4.7064 sfseg=4.5507 seg=0.3810 mard=1.9961 λM=0.0426 DURR(dir/res/hall)=0.7066/0.0000/0.0000 λD=1.000 route=284 E/S=13/271 rescue=0 empty=0 hall=0/0 FG/HBG/EBG=32/256/1280 grad=29.11

[Epoch 51] DONE time=66.9s valid=250 skipped=0 pseudo=1030 anchors=994 mask_extra=36 reject_rel=13 DURRmatch=966/4677 rescue=13 teacher_empty=43 hall=16/5391 loss=7.3008 sfseg=7.0831 mard=2.0285 dir=1.1988 res=0.0132 hallL=0.1718 route E/S=26443/50960
[E52] batch=001/250 pseudo=4 loss=5.9637 sfseg=5.7672 seg=0.2215 mard=2.0751 λM=0.0343 DURR(dir/res/hall)=1.2515/0.0000/0.0000 λD=1.000 route=292 E/S=77/215 rescue=0 empty=0 hall=0/0 FG/HBG/EBG=32/256/1280 grad=31.99
[E52] batch=010/250 pseudo=5 loss=17.1539 sfseg=16.9521 seg=1.6985 mard=1.9797 λM=0.0315 DURR(dir/res/hall)=1.3947/0.0000/0.0000 λD=1.000 route=417 E/S=115/302 rescue=0 empty=0 hall=0/0 FG/HBG/EBG=40/320/1216 grad=33.46
[E52] batch=020/250 pseudo=4 loss=1.8915 sfseg=1.7371 seg=0.1528 mard=2.0538 λM=0.0441 DURR(dir/res/hall)=0.6391/0.0000/0.0000 λD=1.000 route=92 E/S=16/76 rescue=0 empty=0 hall=0/0 FG/HBG/EBG=32/256/1280 grad=26.82
[E52] batch=030/250 pseudo=4 loss=3.9276 sfseg=3.6909 seg=0.1754 mard=1.9872 λM=0.0417 DURR(dir/res/hall)=1.5385/0.0000/0.0000 λD=1.000 route=99 E/S=60/39 rescue=0 empty=0 hall=0/0 FG/HBG/EBG=32/256/1280 grad=23.32
[E52] batch=040/250 pseudo=4 loss=8.1319 sfseg=7.9220 seg=0.4279 mard=2.0561 λM=0.0376 DURR(dir/res/hall)=1.3256/0.0000/0.0000 λD=1.000 route=516 E/S=116/400 rescue=0 empty=0 hall=0/0 FG/HBG/EBG=32/256/1280 grad=36.19
[E52] batch=050/250 pseudo=4 loss=5.1436 sfseg=4.9650 seg=0.3832 mard=2.0270 λM=0.0407 DURR(dir/res/hall)=0.9608/0.0000/0.0000 λD=1.000 route=314 E/S=131/183 rescue=0 empty=0 hall=0/0 FG/HBG/EBG=32/256/1280 grad=20.77
[E52] batch=060/250 pseudo=3 loss=7.5625 sfseg=7.3730 seg=0.3699 mard=2.0373 λM=0.0354 DURR(dir/res/hall)=1.1738/0.0000/0.0000 λD=1.000 route=307 E/S=58/249 rescue=0 empty=1 hall=0/0 FG/HBG/EBG=24/192/960 grad=38.65
[E52] batch=070/250 pseudo=4 loss=7.0655 sfseg=6.9009 seg=0.6650 mard=2.0032 λM=0.0363 DURR(dir/res/hall)=0.9186/0.0000/0.0000 λD=1.000 route=295 E/S=47/248 rescue=0 empty=0 hall=0/0 FG/HBG/EBG=32/256/1280 grad=38.51
[E52] batch=080/250 pseudo=4 loss=2.0460 sfseg=1.8892 seg=0.1615 mard=2.0247 λM=0.0423 DURR(dir/res/hall)=0.7119/0.0000/0.0000 λD=1.000 route=135 E/S=86/49 rescue=0 empty=0 hall=0/0 FG/HBG/EBG=32/256/1280 grad=30.51
[E52] batch=090/250 pseudo=6 loss=3.1313 sfseg=2.8982 seg=0.2184 mard=2.0157 λM=0.0358 DURR(dir/res/hall)=1.6106/0.0000/0.0000 λD=1.000 route=146 E/S=30/116 rescue=0 empty=0 hall=0/0 FG/HBG/EBG=48/256/1280 grad=36.35
[E52] batch=100/250 pseudo=4 loss=4.8142 sfseg=4.6102 seg=0.4526 mard=2.0079 λM=0.0401 DURR(dir/res/hall)=1.2340/0.0000/0.0000 λD=1.000 route=234 E/S=58/176 rescue=0 empty=0 hall=0/0 FG/HBG/EBG=32/256/1280 grad=39.14
[E52] batch=110/250 pseudo=6 loss=6.6034 sfseg=6.3909 seg=0.4743 mard=2.0340 λM=0.0401 DURR(dir/res/hall)=1.3097/0.0000/0.0000 λD=1.000 route=271 E/S=114/157 rescue=0 empty=0 hall=0/0 FG/HBG/EBG=48/256/1280 grad=49.47
[E52] batch=120/250 pseudo=3 loss=4.6823 sfseg=4.0064 seg=0.4749 mard=2.0614 λM=0.0442 DURR(dir/res/hall)=1.3622/0.0000/4.4859 λD=1.000 route=92 E/S=8/84 rescue=0 empty=1 hall=1/622 FG/HBG/EBG=24/192/960 grad=42.51
[E52] batch=130/250 pseudo=4 loss=8.3142 sfseg=8.1245 seg=0.4915 mard=2.0030 λM=0.0387 DURR(dir/res/hall)=1.1210/0.0000/0.0000 λD=1.000 route=619 E/S=247/372 rescue=0 empty=0 hall=0/0 FG/HBG/EBG=32/256/1280 grad=28.87
[E52] batch=140/250 pseudo=4 loss=3.3579 sfseg=3.1800 seg=0.2334 mard=2.0283 λM=0.0440 DURR(dir/res/hall)=0.8860/0.0000/0.0000 λD=1.000 route=112 E/S=51/61 rescue=0 empty=0 hall=0/0 FG/HBG/EBG=32/256/1280 grad=22.87
[E52] batch=150/250 pseudo=5 loss=4.5963 sfseg=4.4259 seg=0.3859 mard=1.9743 λM=0.0391 DURR(dir/res/hall)=0.9316/0.0000/0.0000 λD=1.000 route=170 E/S=54/116 rescue=0 empty=0 hall=0/0 FG/HBG/EBG=40/320/1216 grad=24.01
[E52] batch=160/250 pseudo=4 loss=3.6381 sfseg=3.4563 seg=0.2016 mard=2.0123 λM=0.0375 DURR(dir/res/hall)=1.0631/0.0000/0.0000 λD=1.000 route=196 E/S=103/93 rescue=0 empty=0 hall=0/0 FG/HBG/EBG=32/256/1280 grad=43.44
[E52] batch=170/250 pseudo=4 loss=3.9403 sfseg=3.7477 seg=0.2194 mard=2.0643 λM=0.0452 DURR(dir/res/hall)=0.9941/0.0000/0.0000 λD=1.000 route=184 E/S=70/114 rescue=0 empty=0 hall=0/0 FG/HBG/EBG=32/256/1280 grad=99.16
[E52] batch=180/250 pseudo=6 loss=7.4412 sfseg=7.2427 seg=0.5708 mard=2.0168 λM=0.0345 DURR(dir/res/hall)=1.2892/0.0000/0.0000 λD=1.000 route=619 E/S=81/538 rescue=0 empty=0 hall=0/0 FG/HBG/EBG=48/384/1152 grad=21.03
[E52] batch=190/250 pseudo=5 loss=6.3067 sfseg=6.0695 seg=0.5246 mard=2.0940 λM=0.0393 DURR(dir/res/hall)=1.5481/0.0000/0.0000 λD=1.000 route=512 E/S=222/290 rescue=0 empty=0 hall=0/0 FG/HBG/EBG=40/256/1280 grad=23.57
[E52] batch=200/250 pseudo=4 loss=3.0337 sfseg=2.8093 seg=0.1784 mard=2.0332 λM=0.0455 DURR(dir/res/hall)=1.3187/0.0000/0.0000 λD=1.000 route=135 E/S=69/66 rescue=0 empty=0 hall=0/0 FG/HBG/EBG=32/256/1280 grad=30.08
[E52] batch=210/250 pseudo=2 loss=3.7349 sfseg=3.5214 seg=0.3467 mard=2.0107 λM=0.0380 DURR(dir/res/hall)=1.3699/0.0000/0.0008 λD=1.000 route=86 E/S=28/58 rescue=0 empty=2 hall=1/0 FG/HBG/EBG=16/128/640 grad=19.30
[E52] batch=220/250 pseudo=4 loss=12.3009 sfseg=12.0979 seg=0.7124 mard=2.0148 λM=0.0448 DURR(dir/res/hall)=1.1279/0.0000/0.0000 λD=1.000 route=294 E/S=45/249 rescue=0 empty=0 hall=0/0 FG/HBG/EBG=32/256/1280 grad=56.41
[E52] batch=230/250 pseudo=4 loss=8.1238 sfseg=7.8882 seg=0.9758 mard=2.0686 λM=0.0435 DURR(dir/res/hall)=1.4574/0.0000/0.0000 λD=1.000 route=244 E/S=86/158 rescue=0 empty=0 hall=0/0 FG/HBG/EBG=32/256/1280 grad=33.38
[E52] batch=240/250 pseudo=4 loss=3.3298 sfseg=3.1741 seg=0.2012 mard=1.9785 λM=0.0376 DURR(dir/res/hall)=0.8130/0.0000/0.0000 λD=1.000 route=223 E/S=71/152 rescue=0 empty=0 hall=0/0 FG/HBG/EBG=32/256/1280 grad=41.26
[E52] batch=250/250 pseudo=5 loss=4.0727 sfseg=3.8689 seg=0.3350 mard=2.0289 λM=0.0416 DURR(dir/res/hall)=1.1934/0.0000/0.0000 λD=1.000 route=118 E/S=33/85 rescue=0 empty=0 hall=0/0 FG/HBG/EBG=40/256/1280 grad=30.15

[Epoch 52] DONE time=67.0s valid=250 skipped=0 pseudo=1029 anchors=989 mask_extra=40 reject_rel=12 DURRmatch=956/4644 rescue=12 teacher_empty=41 hall=12/4579 loss=7.0595 sfseg=6.8524 mard=2.0305 dir=1.1594 res=0.0036 hallL=0.1192 route E/S=25794/49979
[E53] batch=001/250 pseudo=4 loss=5.4156 sfseg=5.1782 seg=0.4236 mard=2.0094 λM=0.0331 DURR(dir/res/hall)=1.7087/0.0000/0.0000 λD=1.000 route=249 E/S=83/166 rescue=0 empty=0 hall=0/0 FG/HBG/EBG=32/256/1280 grad=33.01
[E53] batch=010/250 pseudo=4 loss=7.6021 sfseg=7.4176 seg=0.6481 mard=1.9977 λM=0.0423 DURR(dir/res/hall)=1.0008/0.0000/0.0000 λD=1.000 route=460 E/S=161/299 rescue=0 empty=0 hall=0/0 FG/HBG/EBG=32/256/1280 grad=51.41
[E53] batch=020/250 pseudo=4 loss=9.2420 sfseg=9.0742 seg=0.4562 mard=2.0308 λM=0.0371 DURR(dir/res/hall)=0.9251/0.0000/0.0000 λD=1.000 route=642 E/S=113/529 rescue=0 empty=0 hall=0/0 FG/HBG/EBG=32/256/1280 grad=58.07
[E53] batch=030/250 pseudo=4 loss=3.8814 sfseg=3.6168 seg=0.2502 mard=2.0063 λM=0.0452 DURR(dir/res/hall)=1.7404/0.0000/0.0000 λD=1.000 route=82 E/S=52/30 rescue=0 empty=0 hall=0/0 FG/HBG/EBG=32/256/1280 grad=46.44
[E53] batch=040/250 pseudo=5 loss=9.1136 sfseg=8.9170 seg=0.6881 mard=2.0579 λM=0.0379 DURR(dir/res/hall)=1.1852/0.0000/0.0000 λD=1.000 route=175 E/S=80/95 rescue=0 empty=0 hall=0/0 FG/HBG/EBG=40/256/1280 grad=60.10
[E53] batch=050/250 pseudo=3 loss=5.8456 sfseg=5.6517 seg=0.6020 mard=2.0868 λM=0.0434 DURR(dir/res/hall)=1.0332/0.0000/0.0000 λD=1.000 route=260 E/S=93/167 rescue=0 empty=1 hall=0/0 FG/HBG/EBG=24/192/960 grad=40.94
[E53] batch=060/250 pseudo=4 loss=4.4150 sfseg=4.2482 seg=0.2855 mard=1.9682 λM=0.0366 DURR(dir/res/hall)=0.9486/0.0000/0.0000 λD=1.000 route=311 E/S=241/70 rescue=0 empty=0 hall=0/0 FG/HBG/EBG=32/256/1280 grad=36.16
[E53] batch=070/250 pseudo=4 loss=7.0178 sfseg=6.8500 seg=0.5846 mard=2.0364 λM=0.0338 DURR(dir/res/hall)=0.9893/0.0000/0.0000 λD=1.000 route=192 E/S=75/117 rescue=0 empty=0 hall=0/0 FG/HBG/EBG=32/256/1280 grad=31.46
[E53] batch=080/250 pseudo=4 loss=4.6242 sfseg=4.4245 seg=0.3058 mard=2.0646 λM=0.0437 DURR(dir/res/hall)=1.0946/0.0000/0.0000 λD=1.000 route=166 E/S=96/70 rescue=0 empty=0 hall=0/0 FG/HBG/EBG=32/256/1280 grad=24.66
[E53] batch=090/250 pseudo=4 loss=4.8030 sfseg=4.5518 seg=0.3477 mard=1.9779 λM=0.0381 DURR(dir/res/hall)=1.7583/0.0000/0.0000 λD=1.000 route=85 E/S=70/15 rescue=0 empty=0 hall=0/0 FG/HBG/EBG=32/256/1280 grad=38.33
[E53] batch=100/250 pseudo=3 loss=2.9118 sfseg=2.7156 seg=0.2600 mard=1.9779 λM=0.0376 DURR(dir/res/hall)=1.2189/0.0000/0.0000 λD=1.000 route=118 E/S=64/54 rescue=0 empty=1 hall=0/0 FG/HBG/EBG=24/192/960 grad=25.96
[E53] batch=110/250 pseudo=4 loss=6.1224 sfseg=5.9266 seg=0.5524 mard=2.0901 λM=0.0412 DURR(dir/res/hall)=1.0979/0.0000/0.0000 λD=1.000 route=294 E/S=130/164 rescue=0 empty=0 hall=0/0 FG/HBG/EBG=32/256/1280 grad=32.78
[E53] batch=120/250 pseudo=4 loss=8.7205 sfseg=8.4995 seg=0.2602 mard=2.0645 λM=0.0305 DURR(dir/res/hall)=1.5809/0.0000/0.0000 λD=1.000 route=304 E/S=115/189 rescue=0 empty=0 hall=0/0 FG/HBG/EBG=32/256/1280 grad=113.82
[E53] batch=130/250 pseudo=4 loss=9.1402 sfseg=8.9619 seg=1.1094 mard=2.0678 λM=0.0411 DURR(dir/res/hall)=0.9326/0.0000/0.0000 λD=1.000 route=437 E/S=83/354 rescue=0 empty=0 hall=0/0 FG/HBG/EBG=32/256/1280 grad=42.01
[E53] batch=140/250 pseudo=4 loss=6.4839 sfseg=6.2568 seg=0.6225 mard=2.0358 λM=0.0395 DURR(dir/res/hall)=1.0382/0.2138/0.0000 λD=1.000 route=155 E/S=39/116 rescue=1 empty=0 hall=0/0 FG/HBG/EBG=32/256/1280 grad=30.49
[E53] batch=150/250 pseudo=4 loss=2.0416 sfseg=1.8685 seg=0.1350 mard=2.0066 λM=0.0452 DURR(dir/res/hall)=0.8248/0.0000/0.0000 λD=1.000 route=178 E/S=87/91 rescue=0 empty=0 hall=0/0 FG/HBG/EBG=32/256/1280 grad=24.71
[E53] batch=160/250 pseudo=6 loss=9.7967 sfseg=9.5923 seg=1.0619 mard=2.0376 λM=0.0338 DURR(dir/res/hall)=1.3550/0.0000/0.0000 λD=1.000 route=356 E/S=191/165 rescue=0 empty=0 hall=0/0 FG/HBG/EBG=48/384/1152 grad=29.12
[E53] batch=170/250 pseudo=3 loss=3.3400 sfseg=3.1614 seg=0.3724 mard=2.1474 λM=0.0455 DURR(dir/res/hall)=0.8089/0.0000/0.0000 λD=1.000 route=177 E/S=45/132 rescue=0 empty=1 hall=0/0 FG/HBG/EBG=24/192/960 grad=22.28
[E53] batch=180/250 pseudo=3 loss=5.2072 sfseg=5.0797 seg=0.5948 mard=2.0783 λM=0.0248 DURR(dir/res/hall)=0.7584/0.0000/0.0000 λD=1.000 route=430 E/S=27/403 rescue=0 empty=1 hall=1/0 FG/HBG/EBG=24/192/960 grad=28.54
[E53] batch=190/250 pseudo=4 loss=2.6923 sfseg=2.4883 seg=0.1840 mard=2.0671 λM=0.0455 DURR(dir/res/hall)=1.0980/0.0000/0.0000 λD=1.000 route=222 E/S=49/173 rescue=0 empty=0 hall=0/0 FG/HBG/EBG=32/256/1280 grad=17.17
[E53] batch=200/250 pseudo=4 loss=4.4940 sfseg=4.2820 seg=0.3593 mard=1.9693 λM=0.0434 DURR(dir/res/hall)=1.2663/0.0000/0.0000 λD=1.000 route=90 E/S=15/75 rescue=0 empty=0 hall=0/0 FG/HBG/EBG=32/256/1280 grad=28.91
[E53] batch=210/250 pseudo=4 loss=4.0265 sfseg=3.8661 seg=0.2704 mard=2.0128 λM=0.0397 DURR(dir/res/hall)=0.8045/0.0000/0.0000 λD=1.000 route=444 E/S=173/271 rescue=0 empty=0 hall=0/0 FG/HBG/EBG=32/256/1280 grad=67.49
[E53] batch=220/250 pseudo=4 loss=6.3667 sfseg=6.1793 seg=0.3961 mard=2.0623 λM=0.0371 DURR(dir/res/hall)=1.1096/0.0000/0.0000 λD=1.000 route=470 E/S=154/316 rescue=0 empty=0 hall=0/0 FG/HBG/EBG=32/256/1280 grad=74.10
[E53] batch=230/250 pseudo=4 loss=4.3620 sfseg=4.0367 seg=0.2014 mard=2.0102 λM=0.0393 DURR(dir/res/hall)=2.4634/0.0000/0.0000 λD=1.000 route=163 E/S=52/111 rescue=0 empty=0 hall=0/0 FG/HBG/EBG=32/256/1280 grad=26.86
[E53] batch=240/250 pseudo=5 loss=19.2862 sfseg=19.0690 seg=1.3627 mard=2.0072 λM=0.0298 DURR(dir/res/hall)=1.5742/0.0000/0.0000 λD=1.000 route=1233 E/S=277/956 rescue=0 empty=0 hall=0/0 FG/HBG/EBG=40/256/1280 grad=71.16
[E53] batch=250/250 pseudo=2 loss=3.1540 sfseg=2.9244 seg=0.4841 mard=1.9900 λM=0.0363 DURR(dir/res/hall)=1.5729/0.0000/0.0000 λD=1.000 route=121 E/S=60/61 rescue=0 empty=2 hall=0/0 FG/HBG/EBG=16/128/640 grad=26.65

[Epoch 53] DONE time=67.2s valid=250 skipped=0 pseudo=1021 anchors=978 mask_extra=43 reject_rel=13 DURRmatch=950/4631 rescue=15 teacher_empty=49 hall=19/6130 loss=6.5191 sfseg=6.3075 mard=2.0299 dir=1.1110 res=0.0108 hallL=0.1993 route E/S=24468/47943
[E54] batch=001/250 pseudo=3 loss=3.4369 sfseg=3.2953 seg=0.3622 mard=2.0553 λM=0.0441 DURR(dir/res/hall)=0.5086/0.0000/0.0000 λD=1.000 route=159 E/S=14/145 rescue=0 empty=1 hall=0/0 FG/HBG/EBG=24/192/960 grad=21.63
[E54] batch=010/250 pseudo=4 loss=4.5511 sfseg=4.3715 seg=0.2695 mard=2.0318 λM=0.0419 DURR(dir/res/hall)=0.9451/0.0000/0.0000 λD=1.000 route=272 E/S=157/115 rescue=0 empty=0 hall=0/0 FG/HBG/EBG=32/256/1280 grad=27.48
[E54] batch=020/250 pseudo=4 loss=9.8749 sfseg=9.6491 seg=0.4908 mard=2.0338 λM=0.0374 DURR(dir/res/hall)=1.4959/0.0000/0.0000 λD=1.000 route=768 E/S=270/498 rescue=0 empty=0 hall=0/0 FG/HBG/EBG=32/256/1280 grad=53.42
[E54] batch=030/250 pseudo=2 loss=4.6649 sfseg=4.4634 seg=1.3326 mard=2.0540 λM=0.0324 DURR(dir/res/hall)=1.3484/0.0000/0.0000 λD=1.000 route=391 E/S=265/126 rescue=0 empty=2 hall=0/0 FG/HBG/EBG=16/128/640 grad=20.82
[E54] batch=040/250 pseudo=4 loss=4.2258 sfseg=4.0522 seg=0.2883 mard=2.0160 λM=0.0415 DURR(dir/res/hall)=0.8991/0.0000/0.0000 λD=1.000 route=183 E/S=87/96 rescue=0 empty=0 hall=0/0 FG/HBG/EBG=32/256/1280 grad=29.04
[E54] batch=050/250 pseudo=4 loss=3.6767 sfseg=3.4520 seg=0.2232 mard=1.9848 λM=0.0436 DURR(dir/res/hall)=1.3815/0.0000/0.0000 λD=1.000 route=374 E/S=150/224 rescue=0 empty=0 hall=0/0 FG/HBG/EBG=32/256/1280 grad=45.27
[E54] batch=060/250 pseudo=4 loss=10.5740 sfseg=10.3965 seg=0.3434 mard=1.9738 λM=0.0390 DURR(dir/res/hall)=0.8327/0.0859/0.0000 λD=1.000 route=80 E/S=10/70 rescue=2 empty=0 hall=0/0 FG/HBG/EBG=32/256/1280 grad=57.38
[E54] batch=070/250 pseudo=5 loss=5.4582 sfseg=5.2600 seg=0.3165 mard=2.1099 λM=0.0431 DURR(dir/res/hall)=1.0718/0.0000/0.0000 λD=1.000 route=582 E/S=149/433 rescue=0 empty=0 hall=0/0 FG/HBG/EBG=40/256/1280 grad=39.35
[E54] batch=080/250 pseudo=4 loss=8.9010 sfseg=8.7363 seg=0.6187 mard=2.0828 λM=0.0303 DURR(dir/res/hall)=1.0162/0.0000/0.0000 λD=1.000 route=959 E/S=61/898 rescue=0 empty=0 hall=0/0 FG/HBG/EBG=32/256/1280 grad=41.21
[E54] batch=090/250 pseudo=4 loss=2.7222 sfseg=2.5405 seg=0.2468 mard=2.0482 λM=0.0447 DURR(dir/res/hall)=0.9011/0.0000/0.0000 λD=1.000 route=144 E/S=45/99 rescue=0 empty=0 hall=0/0 FG/HBG/EBG=32/256/1280 grad=17.11
[E54] batch=100/250 pseudo=4 loss=21.2083 sfseg=21.0448 seg=1.5210 mard=1.9962 λM=0.0354 DURR(dir/res/hall)=0.9281/0.0000/0.0000 λD=1.000 route=459 E/S=223/236 rescue=0 empty=0 hall=0/0 FG/HBG/EBG=32/256/1280 grad=81.33
[E54] batch=110/250 pseudo=3 loss=6.9758 sfseg=6.6747 seg=0.4375 mard=2.0907 λM=0.0448 DURR(dir/res/hall)=2.0743/0.0000/0.0000 λD=1.000 route=321 E/S=58/263 rescue=0 empty=1 hall=0/0 FG/HBG/EBG=24/192/960 grad=62.46
[E54] batch=120/250 pseudo=4 loss=4.4143 sfseg=4.2211 seg=0.3264 mard=2.0443 λM=0.0445 DURR(dir/res/hall)=1.0217/0.0000/0.0000 λD=1.000 route=212 E/S=62/150 rescue=0 empty=0 hall=0/0 FG/HBG/EBG=32/256/1280 grad=25.26
[E54] batch=130/250 pseudo=4 loss=7.2685 sfseg=7.0461 seg=0.4897 mard=1.9966 λM=0.0346 DURR(dir/res/hall)=1.5333/0.0000/0.0000 λD=1.000 route=269 E/S=96/173 rescue=0 empty=0 hall=0/0 FG/HBG/EBG=32/256/1280 grad=33.27
[E54] batch=140/250 pseudo=5 loss=8.5855 sfseg=8.4364 seg=0.6434 mard=2.0187 λM=0.0310 DURR(dir/res/hall)=0.8650/0.0000/0.0000 λD=1.000 route=350 E/S=108/242 rescue=0 empty=0 hall=0/0 FG/HBG/EBG=40/256/1280 grad=35.59
[E54] batch=150/250 pseudo=3 loss=3.7575 sfseg=3.2218 seg=0.2474 mard=1.9745 λM=0.0415 DURR(dir/res/hall)=1.0890/0.0000/3.4476 λD=1.000 route=134 E/S=74/60 rescue=0 empty=1 hall=1/714 FG/HBG/EBG=24/192/960 grad=23.30
[E54] batch=160/250 pseudo=4 loss=10.7479 sfseg=10.5725 seg=0.3892 mard=1.9821 λM=0.0413 DURR(dir/res/hall)=0.9346/0.0000/0.0000 λD=1.000 route=599 E/S=115/484 rescue=0 empty=0 hall=0/0 FG/HBG/EBG=32/256/1280 grad=41.26
[E54] batch=170/250 pseudo=4 loss=6.0672 sfseg=5.8997 seg=0.5187 mard=2.0773 λM=0.0376 DURR(dir/res/hall)=0.8933/0.0000/0.0000 λD=1.000 route=513 E/S=148/365 rescue=0 empty=0 hall=0/0 FG/HBG/EBG=32/256/1280 grad=40.79
[E54] batch=180/250 pseudo=4 loss=6.7929 sfseg=6.5903 seg=0.3779 mard=2.0652 λM=0.0434 DURR(dir/res/hall)=1.1290/0.0000/0.0000 λD=1.000 route=333 E/S=151/182 rescue=0 empty=0 hall=0/0 FG/HBG/EBG=32/256/1280 grad=30.41
[E54] batch=190/250 pseudo=3 loss=5.5682 sfseg=5.0948 seg=0.6675 mard=2.0433 λM=0.0430 DURR(dir/res/hall)=0.9077/0.0000/2.9476 λD=1.000 route=187 E/S=143/44 rescue=0 empty=1 hall=1/93 FG/HBG/EBG=24/192/960 grad=34.33
[E54] batch=200/250 pseudo=5 loss=4.2055 sfseg=4.0311 seg=0.2879 mard=2.0369 λM=0.0384 DURR(dir/res/hall)=0.9622/0.0000/0.0000 λD=1.000 route=195 E/S=98/97 rescue=0 empty=0 hall=0/0 FG/HBG/EBG=40/320/1216 grad=25.59
[E54] batch=210/250 pseudo=5 loss=5.0638 sfseg=4.8766 seg=0.3458 mard=1.9763 λM=0.0326 DURR(dir/res/hall)=1.2270/0.0000/0.0000 λD=1.000 route=268 E/S=130/138 rescue=0 empty=0 hall=0/0 FG/HBG/EBG=40/256/1280 grad=72.61
[E54] batch=220/250 pseudo=3 loss=6.6016 sfseg=6.3537 seg=0.5703 mard=2.0871 λM=0.0418 DURR(dir/res/hall)=1.6060/0.0000/0.0000 λD=1.000 route=282 E/S=83/199 rescue=0 empty=1 hall=0/0 FG/HBG/EBG=24/192/960 grad=36.43
[E54] batch=230/250 pseudo=4 loss=3.6847 sfseg=3.4865 seg=0.2167 mard=2.0437 λM=0.0458 DURR(dir/res/hall)=1.0461/0.0000/0.0000 λD=1.000 route=146 E/S=49/97 rescue=0 empty=0 hall=0/0 FG/HBG/EBG=32/256/1280 grad=26.71
[E54] batch=240/250 pseudo=3 loss=2.2095 sfseg=2.0424 seg=0.2989 mard=1.9892 λM=0.0436 DURR(dir/res/hall)=0.8020/0.0000/0.0025 λD=1.000 route=48 E/S=15/33 rescue=0 empty=1 hall=1/0 FG/HBG/EBG=24/192/960 grad=18.03
[E54] batch=250/250 pseudo=6 loss=5.3688 sfseg=5.1748 seg=0.3929 mard=2.0026 λM=0.0354 DURR(dir/res/hall)=1.2319/0.0000/0.0000 λD=1.000 route=262 E/S=109/153 rescue=0 empty=0 hall=0/0 FG/HBG/EBG=48/320/1216 grad=37.16

[Epoch 54] DONE time=67.0s valid=250 skipped=0 pseudo=1030 anchors=996 mask_extra=34 reject_rel=9 DURRmatch=963/4677 rescue=10 teacher_empty=44 hall=14/3321 loss=7.0024 sfseg=6.7959 mard=2.0296 dir=1.1352 res=0.0071 hallL=0.1307 route E/S=25848/51604
[E55] batch=001/250 pseudo=5 loss=5.3190 sfseg=5.1633 seg=0.3633 mard=2.0221 λM=0.0321 DURR(dir/res/hall)=0.9073/0.0000/0.0000 λD=1.000 route=576 E/S=188/388 rescue=0 empty=0 hall=0/0 FG/HBG/EBG=40/320/1216 grad=51.59
[E55] batch=010/250 pseudo=3 loss=7.3108 sfseg=6.6829 seg=0.5873 mard=2.0698 λM=0.0359 DURR(dir/res/hall)=0.8769/0.0000/4.6591 λD=1.000 route=336 E/S=126/210 rescue=0 empty=1 hall=1/448 FG/HBG/EBG=24/192/960 grad=26.14
[E55] batch=020/250 pseudo=4 loss=5.8352 sfseg=5.6508 seg=0.4045 mard=2.0261 λM=0.0445 DURR(dir/res/hall)=0.9440/0.0000/0.0000 λD=1.000 route=336 E/S=64/272 rescue=0 empty=0 hall=0/0 FG/HBG/EBG=32/256/1280 grad=32.68
[E55] batch=030/250 pseudo=5 loss=6.8631 sfseg=6.6487 seg=0.1925 mard=1.9987 λM=0.0368 DURR(dir/res/hall)=1.4073/0.0000/0.0000 λD=1.000 route=214 E/S=107/107 rescue=0 empty=0 hall=0/0 FG/HBG/EBG=40/256/1280 grad=28.12
[E55] batch=040/250 pseudo=4 loss=6.9600 sfseg=6.8080 seg=0.6599 mard=2.0141 λM=0.0326 DURR(dir/res/hall)=0.8639/0.0000/0.0000 λD=1.000 route=234 E/S=12/222 rescue=0 empty=0 hall=0/0 FG/HBG/EBG=32/256/1280 grad=28.86
[E55] batch=050/250 pseudo=3 loss=1.7288 sfseg=1.5636 seg=0.1789 mard=2.1276 λM=0.0461 DURR(dir/res/hall)=0.6707/0.0000/0.0000 λD=1.000 route=167 E/S=27/140 rescue=0 empty=1 hall=0/0 FG/HBG/EBG=24/192/960 grad=24.30
[E55] batch=060/250 pseudo=4 loss=11.5964 sfseg=11.4584 seg=0.8140 mard=2.0295 λM=0.0322 DURR(dir/res/hall)=0.7271/0.0000/0.0000 λD=1.000 route=123 E/S=64/59 rescue=0 empty=0 hall=0/0 FG/HBG/EBG=32/256/1280 grad=60.21
[E55] batch=070/250 pseudo=4 loss=7.1000 sfseg=6.9121 seg=0.4536 mard=2.0691 λM=0.0418 DURR(dir/res/hall)=1.0133/0.0000/0.0000 λD=1.000 route=504 E/S=138/366 rescue=0 empty=0 hall=0/0 FG/HBG/EBG=32/256/1280 grad=36.44
[E55] batch=080/250 pseudo=4 loss=13.0838 sfseg=12.9200 seg=1.1872 mard=2.0224 λM=0.0321 DURR(dir/res/hall)=0.9881/0.0000/0.0000 λD=1.000 route=642 E/S=330/312 rescue=0 empty=0 hall=0/0 FG/HBG/EBG=32/256/1280 grad=29.63
[E55] batch=090/250 pseudo=4 loss=4.5575 sfseg=4.0895 seg=0.1574 mard=2.0188 λM=0.0331 DURR(dir/res/hall)=0.5303/0.0000/3.4816 λD=1.000 route=95 E/S=22/73 rescue=0 empty=1 hall=1/448 FG/HBG/EBG=32/192/960 grad=28.41
[E55] batch=100/250 pseudo=3 loss=7.1431 sfseg=6.9775 seg=0.6851 mard=2.1001 λM=0.0354 DURR(dir/res/hall)=0.9119/0.0000/0.0000 λD=1.000 route=493 E/S=140/353 rescue=0 empty=1 hall=1/0 FG/HBG/EBG=24/192/960 grad=103.18
[E55] batch=110/250 pseudo=4 loss=5.7265 sfseg=5.5479 seg=0.5309 mard=2.0322 λM=0.0454 DURR(dir/res/hall)=0.8651/0.0000/0.0000 λD=1.000 route=439 E/S=195/244 rescue=0 empty=0 hall=0/0 FG/HBG/EBG=32/256/1280 grad=29.43
[E55] batch=120/250 pseudo=4 loss=5.6969 sfseg=5.5235 seg=0.5100 mard=2.0048 λM=0.0421 DURR(dir/res/hall)=0.8901/0.0000/0.0000 λD=1.000 route=228 E/S=107/121 rescue=0 empty=0 hall=0/0 FG/HBG/EBG=32/256/1280 grad=23.62
[E55] batch=130/250 pseudo=4 loss=3.2396 sfseg=3.0512 seg=0.2670 mard=1.9932 λM=0.0438 DURR(dir/res/hall)=1.0111/0.0000/0.0000 λD=1.000 route=140 E/S=85/55 rescue=0 empty=0 hall=0/0 FG/HBG/EBG=32/256/1280 grad=18.44
[E55] batch=140/250 pseudo=3 loss=4.2421 sfseg=3.5615 seg=0.5059 mard=2.0473 λM=0.0285 DURR(dir/res/hall)=1.6408/0.0000/4.5819 λD=1.000 route=83 E/S=29/54 rescue=0 empty=1 hall=1/656 FG/HBG/EBG=24/192/960 grad=36.80
[E55] batch=150/250 pseudo=4 loss=10.9827 sfseg=10.7967 seg=0.9757 mard=2.0365 λM=0.0314 DURR(dir/res/hall)=1.2221/0.0000/0.0000 λD=1.000 route=705 E/S=155/550 rescue=0 empty=0 hall=0/0 FG/HBG/EBG=32/256/1280 grad=26.58
[E55] batch=160/250 pseudo=3 loss=2.6395 sfseg=2.4507 seg=0.2853 mard=2.0025 λM=0.0436 DURR(dir/res/hall)=1.0144/0.0000/0.0000 λD=1.000 route=158 E/S=24/134 rescue=0 empty=1 hall=0/0 FG/HBG/EBG=24/192/960 grad=22.99
[E55] batch=170/250 pseudo=5 loss=9.6420 sfseg=9.4550 seg=0.3304 mard=2.0596 λM=0.0309 DURR(dir/res/hall)=1.2335/0.0000/0.0000 λD=1.000 route=402 E/S=98/304 rescue=0 empty=0 hall=0/0 FG/HBG/EBG=40/320/1216 grad=30.90
[E55] batch=180/250 pseudo=4 loss=10.4379 sfseg=10.2555 seg=0.8671 mard=2.0176 λM=0.0361 DURR(dir/res/hall)=1.0966/0.0000/0.0000 λD=1.000 route=496 E/S=257/239 rescue=0 empty=0 hall=0/0 FG/HBG/EBG=32/256/1280 grad=51.98
[E55] batch=190/250 pseudo=3 loss=4.6831 sfseg=4.5869 seg=0.3321 mard=2.0049 λM=0.0337 DURR(dir/res/hall)=0.2864/0.0000/0.0000 λD=1.000 route=281 E/S=178/103 rescue=0 empty=1 hall=0/0 FG/HBG/EBG=24/192/960 grad=35.30
[E55] batch=200/250 pseudo=3 loss=5.9733 sfseg=5.7297 seg=0.4637 mard=2.0532 λM=0.0416 DURR(dir/res/hall)=1.5822/0.0000/0.0000 λD=1.000 route=224 E/S=68/156 rescue=0 empty=1 hall=0/0 FG/HBG/EBG=24/192/960 grad=43.26
[E55] batch=210/250 pseudo=4 loss=13.0932 sfseg=12.9033 seg=0.7368 mard=2.0595 λM=0.0367 DURR(dir/res/hall)=1.1436/0.0000/0.0000 λD=1.000 route=369 E/S=123/246 rescue=0 empty=0 hall=0/0 FG/HBG/EBG=32/256/1280 grad=57.80
[E55] batch=220/250 pseudo=4 loss=9.1613 sfseg=8.9275 seg=0.5763 mard=2.0049 λM=0.0437 DURR(dir/res/hall)=1.4615/0.0000/0.0000 λD=1.000 route=207 E/S=94/113 rescue=0 empty=0 hall=0/0 FG/HBG/EBG=32/256/1280 grad=59.73
[E55] batch=230/250 pseudo=4 loss=7.2310 sfseg=7.0858 seg=0.5177 mard=2.0038 λM=0.0363 DURR(dir/res/hall)=0.7257/0.0000/0.0000 λD=1.000 route=500 E/S=133/367 rescue=0 empty=0 hall=0/0 FG/HBG/EBG=32/256/1280 grad=29.84
[E55] batch=240/250 pseudo=4 loss=3.2336 sfseg=3.0668 seg=0.2922 mard=2.0254 λM=0.0428 DURR(dir/res/hall)=0.8016/0.0000/0.0000 λD=1.000 route=234 E/S=93/141 rescue=0 empty=0 hall=0/0 FG/HBG/EBG=32/256/1280 grad=20.44
[E55] batch=250/250 pseudo=4 loss=6.5129 sfseg=6.3538 seg=0.3932 mard=1.9743 λM=0.0334 DURR(dir/res/hall)=0.9310/0.0000/0.0000 λD=1.000 route=599 E/S=111/488 rescue=0 empty=1 hall=0/0 FG/HBG/EBG=32/192/960 grad=78.24

[Epoch 55] DONE time=67.1s valid=250 skipped=0 pseudo=1030 anchors=988 mask_extra=42 reject_rel=17 DURRmatch=954/4597 rescue=10 teacher_empty=51 hall=20/6422 loss=6.6858 sfseg=6.4730 mard=2.0305 dir=1.1300 res=0.0061 hallL=0.2055 route E/S=26116/48186
[E56] batch=001/250 pseudo=4 loss=14.6375 sfseg=14.4655 seg=0.6488 mard=2.0064 λM=0.0302 DURR(dir/res/hall)=1.1149/0.0000/0.0000 λD=1.000 route=100 E/S=49/51 rescue=0 empty=0 hall=0/0 FG/HBG/EBG=32/256/1280 grad=50.70
[E56] batch=010/250 pseudo=3 loss=5.4248 sfseg=5.2079 seg=0.5235 mard=2.0598 λM=0.0429 DURR(dir/res/hall)=1.2865/0.0000/0.0000 λD=1.000 route=299 E/S=64/235 rescue=0 empty=1 hall=0/0 FG/HBG/EBG=24/192/960 grad=26.49
[E56] batch=020/250 pseudo=4 loss=13.5188 sfseg=13.3909 seg=0.7231 mard=1.9894 λM=0.0357 DURR(dir/res/hall)=0.5678/0.0000/0.0000 λD=1.000 route=115 E/S=45/70 rescue=0 empty=0 hall=0/0 FG/HBG/EBG=32/256/1280 grad=61.70
[E56] batch=030/250 pseudo=4 loss=5.8576 sfseg=5.7112 seg=0.6635 mard=2.0078 λM=0.0401 DURR(dir/res/hall)=0.6600/0.0000/0.0000 λD=1.000 route=285 E/S=69/216 rescue=0 empty=0 hall=0/0 FG/HBG/EBG=32/256/1280 grad=36.08
[E56] batch=040/250 pseudo=4 loss=3.5059 sfseg=3.3175 seg=0.2398 mard=2.0311 λM=0.0425 DURR(dir/res/hall)=1.0209/0.0000/0.0000 λD=1.000 route=136 E/S=73/63 rescue=0 empty=0 hall=0/0 FG/HBG/EBG=32/256/1280 grad=23.41
[E56] batch=050/250 pseudo=4 loss=11.6136 sfseg=11.3815 seg=0.9236 mard=2.0092 λM=0.0369 DURR(dir/res/hall)=1.5788/0.0000/0.0000 λD=1.000 route=445 E/S=293/152 rescue=0 empty=0 hall=0/0 FG/HBG/EBG=32/256/1280 grad=56.29
[E56] batch=060/250 pseudo=5 loss=7.2174 sfseg=7.0412 seg=0.2871 mard=2.0044 λM=0.0298 DURR(dir/res/hall)=1.1653/0.0000/0.0000 λD=1.000 route=188 E/S=62/126 rescue=0 empty=0 hall=0/0 FG/HBG/EBG=40/256/1280 grad=32.31
[E56] batch=070/250 pseudo=4 loss=4.6925 sfseg=4.4976 seg=0.4774 mard=2.0360 λM=0.0449 DURR(dir/res/hall)=1.0346/0.0000/0.0000 λD=1.000 route=217 E/S=64/153 rescue=0 empty=0 hall=0/0 FG/HBG/EBG=32/256/1280 grad=30.14
[E56] batch=080/250 pseudo=4 loss=3.7796 sfseg=3.5992 seg=0.2225 mard=2.0704 λM=0.0326 DURR(dir/res/hall)=1.1286/0.0000/0.0000 λD=1.000 route=301 E/S=228/73 rescue=0 empty=0 hall=0/0 FG/HBG/EBG=32/256/1280 grad=25.12
[E56] batch=090/250 pseudo=4 loss=17.6663 sfseg=17.4390 seg=0.7926 mard=2.0516 λM=0.0428 DURR(dir/res/hall)=1.3952/0.0000/0.0000 λD=1.000 route=662 E/S=198/464 rescue=0 empty=0 hall=0/0 FG/HBG/EBG=32/256/1280 grad=64.63
[E56] batch=100/250 pseudo=6 loss=9.6126 sfseg=9.4251 seg=0.5556 mard=1.9782 λM=0.0292 DURR(dir/res/hall)=1.2970/0.0000/0.0000 λD=1.000 route=259 E/S=108/151 rescue=0 empty=0 hall=0/0 FG/HBG/EBG=48/384/1152 grad=29.95
[E56] batch=110/250 pseudo=4 loss=4.2735 sfseg=4.0897 seg=0.2067 mard=2.0402 λM=0.0404 DURR(dir/res/hall)=1.0135/0.0000/0.0000 λD=1.000 route=426 E/S=85/341 rescue=0 empty=0 hall=0/0 FG/HBG/EBG=32/256/1280 grad=30.49
[E56] batch=120/250 pseudo=4 loss=3.9096 sfseg=3.7712 seg=0.2954 mard=2.0312 λM=0.0323 DURR(dir/res/hall)=0.7283/0.0000/0.0000 λD=1.000 route=178 E/S=71/107 rescue=0 empty=0 hall=0/0 FG/HBG/EBG=32/256/1280 grad=24.08
[E56] batch=130/250 pseudo=4 loss=7.1244 sfseg=6.9418 seg=0.4999 mard=2.0274 λM=0.0336 DURR(dir/res/hall)=1.1458/0.0000/0.0000 λD=1.000 route=275 E/S=12/263 rescue=0 empty=0 hall=0/0 FG/HBG/EBG=32/256/1280 grad=38.87
[E56] batch=140/250 pseudo=4 loss=5.7158 sfseg=5.5181 seg=0.3089 mard=2.0757 λM=0.0424 DURR(dir/res/hall)=1.0981/0.0000/0.0000 λD=1.000 route=293 E/S=80/213 rescue=0 empty=0 hall=0/0 FG/HBG/EBG=32/256/1280 grad=32.68
[E56] batch=150/250 pseudo=5 loss=7.5383 sfseg=7.3356 seg=0.5094 mard=2.0178 λM=0.0359 DURR(dir/res/hall)=1.3024/0.0000/0.0000 λD=1.000 route=374 E/S=134/240 rescue=0 empty=0 hall=0/0 FG/HBG/EBG=40/320/1216 grad=25.38
[E56] batch=160/250 pseudo=4 loss=7.2927 sfseg=7.0084 seg=0.5129 mard=1.9995 λM=0.0360 DURR(dir/res/hall)=2.1217/0.0000/0.0005 λD=1.000 route=536 E/S=43/493 rescue=0 empty=1 hall=1/0 FG/HBG/EBG=32/256/896 grad=37.13
[E56] batch=170/250 pseudo=6 loss=19.5906 sfseg=19.3395 seg=1.7319 mard=1.9991 λM=0.0205 DURR(dir/res/hall)=2.1010/0.0000/0.0000 λD=1.000 route=386 E/S=138/248 rescue=0 empty=0 hall=0/0 FG/HBG/EBG=48/384/1152 grad=47.56
[E56] batch=180/250 pseudo=1 loss=4.2818 sfseg=3.7749 seg=0.8272 mard=2.1030 λM=0.0361 DURR(dir/res/hall)=1.1042/0.0000/3.2069 λD=1.000 route=209 E/S=100/109 rescue=0 empty=3 hall=1/41 FG/HBG/EBG=8/64/320 grad=29.03
[E56] batch=190/250 pseudo=4 loss=5.8950 sfseg=5.7598 seg=0.5117 mard=2.0230 λM=0.0384 DURR(dir/res/hall)=0.5760/0.0000/0.0000 λD=1.000 route=161 E/S=75/86 rescue=0 empty=0 hall=0/0 FG/HBG/EBG=32/256/1280 grad=20.57
[E56] batch=200/250 pseudo=6 loss=13.5727 sfseg=13.3660 seg=0.9216 mard=2.0365 λM=0.0272 DURR(dir/res/hall)=1.5128/0.0000/0.0000 λD=1.000 route=703 E/S=106/597 rescue=0 empty=0 hall=0/0 FG/HBG/EBG=48/320/1216 grad=36.39
[E56] batch=210/250 pseudo=4 loss=11.0284 sfseg=10.8046 seg=0.4945 mard=2.0301 λM=0.0421 DURR(dir/res/hall)=1.3824/0.0000/0.0000 λD=1.000 route=252 E/S=114/138 rescue=0 empty=0 hall=0/0 FG/HBG/EBG=32/256/1280 grad=37.94
[E56] batch=220/250 pseudo=6 loss=3.2187 sfseg=3.0017 seg=0.2097 mard=2.0154 λM=0.0404 DURR(dir/res/hall)=1.3570/0.0000/0.0000 λD=1.000 route=278 E/S=95/183 rescue=0 empty=0 hall=0/0 FG/HBG/EBG=48/320/1216 grad=23.19
[E56] batch=230/250 pseudo=4 loss=3.1148 sfseg=2.9468 seg=0.3118 mard=2.0043 λM=0.0423 DURR(dir/res/hall)=0.8322/0.0000/0.0000 λD=1.000 route=319 E/S=25/294 rescue=0 empty=0 hall=0/0 FG/HBG/EBG=32/256/1280 grad=33.69
[E56] batch=240/250 pseudo=4 loss=7.3339 sfseg=7.0938 seg=0.3968 mard=2.0121 λM=0.0413 DURR(dir/res/hall)=1.5684/0.0000/0.0000 λD=1.000 route=265 E/S=90/175 rescue=0 empty=0 hall=0/0 FG/HBG/EBG=32/256/1280 grad=52.03
[E56] batch=250/250 pseudo=4 loss=2.8587 sfseg=2.6667 seg=0.1941 mard=2.0290 λM=0.0398 DURR(dir/res/hall)=1.1113/0.0000/0.0000 λD=1.000 route=79 E/S=16/63 rescue=0 empty=0 hall=0/0 FG/HBG/EBG=32/256/1280 grad=32.24

[Epoch 56] DONE time=67.4s valid=250 skipped=0 pseudo=1030 anchors=993 mask_extra=37 reject_rel=11 DURRmatch=966/4680 rescue=8 teacher_empty=51 hall=19/5820 loss=6.7080 sfseg=6.4975 mard=2.0272 dir=1.1530 res=0.0045 hallL=0.1611 route E/S=25397/49333
[E57] batch=001/250 pseudo=3 loss=4.7840 sfseg=4.6086 seg=0.2683 mard=2.0612 λM=0.0423 DURR(dir/res/hall)=0.8823/0.0000/0.0000 λD=1.000 route=221 E/S=28/193 rescue=0 empty=1 hall=0/0 FG/HBG/EBG=24/192/960 grad=25.80
[E57] batch=010/250 pseudo=4 loss=7.7818 sfseg=7.5857 seg=0.8506 mard=2.0691 λM=0.0415 DURR(dir/res/hall)=1.1025/0.0000/0.0000 λD=1.000 route=300 E/S=55/245 rescue=0 empty=0 hall=0/0 FG/HBG/EBG=32/256/1280 grad=34.58
[E57] batch=020/250 pseudo=4 loss=12.4671 sfseg=12.2983 seg=1.2085 mard=2.0492 λM=0.0298 DURR(dir/res/hall)=1.0764/0.0000/0.0000 λD=1.000 route=149 E/S=71/78 rescue=0 empty=0 hall=0/0 FG/HBG/EBG=32/256/1280 grad=25.51
[E57] batch=030/250 pseudo=4 loss=7.4769 sfseg=7.3166 seg=0.5297 mard=1.9812 λM=0.0307 DURR(dir/res/hall)=0.9939/0.0000/0.0000 λD=1.000 route=395 E/S=124/271 rescue=0 empty=0 hall=0/0 FG/HBG/EBG=32/256/1280 grad=90.55
[E57] batch=040/250 pseudo=4 loss=7.9172 sfseg=7.7759 seg=0.2782 mard=1.9966 λM=0.0349 DURR(dir/res/hall)=0.7163/0.0000/0.0000 λD=1.000 route=173 E/S=86/87 rescue=0 empty=0 hall=0/0 FG/HBG/EBG=32/256/1280 grad=40.99
[E57] batch=050/250 pseudo=3 loss=4.1972 sfseg=4.0163 seg=0.5191 mard=1.9670 λM=0.0379 DURR(dir/res/hall)=1.0631/0.0000/0.0000 λD=1.000 route=97 E/S=55/42 rescue=0 empty=1 hall=0/0 FG/HBG/EBG=24/192/960 grad=28.74
[E57] batch=060/250 pseudo=4 loss=12.0360 sfseg=11.7907 seg=0.7768 mard=2.0126 λM=0.0356 DURR(dir/res/hall)=1.7380/0.0000/0.0000 λD=1.000 route=531 E/S=174/357 rescue=0 empty=0 hall=0/0 FG/HBG/EBG=32/256/1280 grad=50.80
[E57] batch=070/250 pseudo=4 loss=6.7033 sfseg=6.5337 seg=0.4110 mard=2.0454 λM=0.0384 DURR(dir/res/hall)=0.9114/0.0000/0.0000 λD=1.000 route=432 E/S=35/397 rescue=0 empty=0 hall=0/0 FG/HBG/EBG=32/256/1280 grad=25.87
[E57] batch=080/250 pseudo=3 loss=10.3490 sfseg=10.2167 seg=1.2580 mard=2.0023 λM=0.0286 DURR(dir/res/hall)=0.7488/0.0000/0.0000 λD=1.000 route=737 E/S=118/619 rescue=0 empty=1 hall=0/0 FG/HBG/EBG=24/192/960 grad=27.14
[E57] batch=090/250 pseudo=4 loss=7.1470 sfseg=6.9850 seg=0.5289 mard=2.0263 λM=0.0383 DURR(dir/res/hall)=0.8448/0.0000/0.0000 λD=1.000 route=417 E/S=257/160 rescue=0 empty=0 hall=0/0 FG/HBG/EBG=32/256/1280 grad=29.29
[E57] batch=100/250 pseudo=4 loss=1.8940 sfseg=1.7113 seg=0.1419 mard=2.0428 λM=0.0450 DURR(dir/res/hall)=0.9073/0.0000/0.0000 λD=1.000 route=57 E/S=13/44 rescue=0 empty=0 hall=0/0 FG/HBG/EBG=32/256/1280 grad=29.81
[E57] batch=110/250 pseudo=4 loss=5.8089 sfseg=5.6445 seg=0.3809 mard=2.0610 λM=0.0332 DURR(dir/res/hall)=0.9588/0.0000/0.0000 λD=1.000 route=514 E/S=172/342 rescue=0 empty=0 hall=0/0 FG/HBG/EBG=32/256/1280 grad=22.56
[E57] batch=120/250 pseudo=4 loss=4.9163 sfseg=4.7357 seg=0.4468 mard=2.0435 λM=0.0445 DURR(dir/res/hall)=0.8975/0.0000/0.0000 λD=1.000 route=242 E/S=89/153 rescue=0 empty=0 hall=0/0 FG/HBG/EBG=32/256/1280 grad=43.19
[E57] batch=130/250 pseudo=4 loss=15.8915 sfseg=15.6446 seg=1.9957 mard=1.9860 λM=0.0384 DURR(dir/res/hall)=1.7051/0.0000/0.0000 λD=1.000 route=547 E/S=172/375 rescue=0 empty=0 hall=0/0 FG/HBG/EBG=32/256/1280 grad=50.47
[E57] batch=140/250 pseudo=5 loss=5.7325 sfseg=5.5781 seg=0.4103 mard=2.0568 λM=0.0298 DURR(dir/res/hall)=0.9316/0.0000/0.0000 λD=1.000 route=309 E/S=161/148 rescue=0 empty=0 hall=0/0 FG/HBG/EBG=40/320/1216 grad=31.23
[E57] batch=150/250 pseudo=4 loss=3.6661 sfseg=3.4779 seg=0.2813 mard=2.0864 λM=0.0392 DURR(dir/res/hall)=1.0646/0.0000/0.0000 λD=1.000 route=319 E/S=96/223 rescue=0 empty=0 hall=0/0 FG/HBG/EBG=32/256/1280 grad=55.25
[E57] batch=160/250 pseudo=5 loss=5.7244 sfseg=5.4976 seg=0.2882 mard=2.0099 λM=0.0280 DURR(dir/res/hall)=1.7044/0.0000/0.0000 λD=1.000 route=640 E/S=390/250 rescue=0 empty=0 hall=0/0 FG/HBG/EBG=40/256/1280 grad=30.80
[E57] batch=170/250 pseudo=5 loss=12.0536 sfseg=11.8824 seg=0.5569 mard=2.0696 λM=0.0282 DURR(dir/res/hall)=1.1281/0.0000/0.0000 λD=1.000 route=450 E/S=81/369 rescue=0 empty=0 hall=0/0 FG/HBG/EBG=40/256/1280 grad=39.04
[E57] batch=180/250 pseudo=4 loss=4.1476 sfseg=3.9683 seg=0.3312 mard=1.9915 λM=0.0427 DURR(dir/res/hall)=0.9433/0.0000/0.0000 λD=1.000 route=317 E/S=109/208 rescue=0 empty=0 hall=0/0 FG/HBG/EBG=32/256/1280 grad=30.63
[E57] batch=190/250 pseudo=6 loss=4.5829 sfseg=4.4330 seg=0.3300 mard=2.0245 λM=0.0368 DURR(dir/res/hall)=0.7540/0.0000/0.0000 λD=1.000 route=153 E/S=45/108 rescue=0 empty=0 hall=0/0 FG/HBG/EBG=48/320/1216 grad=28.24
[E57] batch=200/250 pseudo=4 loss=6.2115 sfseg=6.0603 seg=0.4105 mard=2.0342 λM=0.0367 DURR(dir/res/hall)=0.7652/0.0000/0.0000 λD=1.000 route=238 E/S=115/123 rescue=0 empty=0 hall=0/0 FG/HBG/EBG=32/256/1280 grad=51.76
[E57] batch=210/250 pseudo=6 loss=5.9371 sfseg=5.8287 seg=0.4598 mard=2.0192 λM=0.0287 DURR(dir/res/hall)=0.5044/0.0000/0.0000 λD=1.000 route=367 E/S=79/288 rescue=0 empty=0 hall=0/0 FG/HBG/EBG=48/384/1152 grad=26.24
[E57] batch=220/250 pseudo=5 loss=9.9079 sfseg=9.7500 seg=0.6334 mard=2.1049 λM=0.0258 DURR(dir/res/hall)=1.0356/0.0000/0.0000 λD=1.000 route=211 E/S=60/151 rescue=0 empty=0 hall=0/0 FG/HBG/EBG=40/256/1280 grad=58.55
[E57] batch=230/250 pseudo=3 loss=7.0991 sfseg=6.8962 seg=0.5622 mard=2.0197 λM=0.0436 DURR(dir/res/hall)=1.1473/0.0000/0.0000 λD=1.000 route=199 E/S=56/143 rescue=0 empty=1 hall=0/0 FG/HBG/EBG=24/192/960 grad=44.88
[E57] batch=240/250 pseudo=4 loss=4.9994 sfseg=4.8084 seg=0.3093 mard=2.0100 λM=0.0383 DURR(dir/res/hall)=1.1412/0.0000/0.0000 λD=1.000 route=105 E/S=43/62 rescue=0 empty=0 hall=0/0 FG/HBG/EBG=32/256/1280 grad=30.08
[E57] batch=250/250 pseudo=4 loss=8.8256 sfseg=8.1731 seg=0.5959 mard=2.0309 λM=0.0428 DURR(dir/res/hall)=1.1844/0.0000/4.4723 λD=1.000 route=468 E/S=142/326 rescue=0 empty=1 hall=1/644 FG/HBG/EBG=32/192/960 grad=38.78

[Epoch 57] DONE time=67.1s valid=250 skipped=0 pseudo=1040 anchors=1005 mask_extra=35 reject_rel=19 DURRmatch=974/4705 rescue=6 teacher_empty=43 hall=19/5929 loss=6.8705 sfseg=6.6645 mard=2.0324 dir=1.1027 res=0.0021 hallL=0.1721 route E/S=25840/49953
[E58] batch=001/250 pseudo=2 loss=6.5627 sfseg=6.2806 seg=0.9583 mard=2.1016 λM=0.0399 DURR(dir/res/hall)=1.9814/0.0000/0.0008 λD=1.000 route=451 E/S=103/348 rescue=0 empty=2 hall=1/0 FG/HBG/EBG=16/128/640 grad=20.77
[E58] batch=010/250 pseudo=4 loss=11.6918 sfseg=11.4993 seg=0.7712 mard=2.0598 λM=0.0339 DURR(dir/res/hall)=1.2272/0.0000/0.0000 λD=1.000 route=250 E/S=84/166 rescue=0 empty=0 hall=0/0 FG/HBG/EBG=32/256/1280 grad=46.97
[E58] batch=020/250 pseudo=4 loss=7.1928 sfseg=7.0290 seg=0.4281 mard=1.9604 λM=0.0412 DURR(dir/res/hall)=0.8300/0.0000/0.0000 λD=1.000 route=163 E/S=74/89 rescue=0 empty=0 hall=0/0 FG/HBG/EBG=32/256/1280 grad=88.34
[E58] batch=030/250 pseudo=4 loss=2.3182 sfseg=2.1523 seg=0.1762 mard=2.1001 λM=0.0451 DURR(dir/res/hall)=0.7123/0.0000/0.0000 λD=1.000 route=138 E/S=74/64 rescue=0 empty=0 hall=0/0 FG/HBG/EBG=32/256/1280 grad=31.85
[E58] batch=040/250 pseudo=4 loss=3.7524 sfseg=3.5528 seg=0.2314 mard=2.0436 λM=0.0440 DURR(dir/res/hall)=1.0964/0.0000/0.0000 λD=1.000 route=129 E/S=77/52 rescue=0 empty=0 hall=0/0 FG/HBG/EBG=32/256/1280 grad=26.81
[E58] batch=050/250 pseudo=5 loss=4.7711 sfseg=4.5601 seg=0.4553 mard=1.9964 λM=0.0428 DURR(dir/res/hall)=1.2556/0.0000/0.0000 λD=1.000 route=298 E/S=128/170 rescue=0 empty=0 hall=0/0 FG/HBG/EBG=40/320/1216 grad=26.37
[E58] batch=060/250 pseudo=5 loss=5.8351 sfseg=5.6608 seg=0.3605 mard=1.9986 λM=0.0382 DURR(dir/res/hall)=0.9793/0.0000/0.0000 λD=1.000 route=436 E/S=273/163 rescue=0 empty=0 hall=0/0 FG/HBG/EBG=40/256/1280 grad=28.60
[E58] batch=070/250 pseudo=6 loss=7.2933 sfseg=7.0688 seg=0.5634 mard=2.0682 λM=0.0409 DURR(dir/res/hall)=1.3994/0.0000/0.0000 λD=1.000 route=340 E/S=101/239 rescue=0 empty=0 hall=0/0 FG/HBG/EBG=48/384/1152 grad=31.98
[E58] batch=080/250 pseudo=5 loss=11.0041 sfseg=10.8303 seg=0.7530 mard=2.0666 λM=0.0351 DURR(dir/res/hall)=1.0131/0.0000/0.0000 λD=1.000 route=349 E/S=59/290 rescue=0 empty=0 hall=0/0 FG/HBG/EBG=40/320/1216 grad=29.63
[E58] batch=090/250 pseudo=4 loss=3.9553 sfseg=3.7659 seg=0.3045 mard=2.0240 λM=0.0450 DURR(dir/res/hall)=0.9845/0.0000/0.0000 λD=1.000 route=181 E/S=89/92 rescue=0 empty=0 hall=0/0 FG/HBG/EBG=32/256/1280 grad=24.90
[E58] batch=100/250 pseudo=5 loss=7.3996 sfseg=7.2346 seg=0.6053 mard=2.0346 λM=0.0310 DURR(dir/res/hall)=1.0192/0.0000/0.0000 λD=1.000 route=505 E/S=307/198 rescue=0 empty=0 hall=0/0 FG/HBG/EBG=40/256/1280 grad=41.91
[E58] batch=110/250 pseudo=4 loss=3.3106 sfseg=3.1422 seg=0.2225 mard=1.9960 λM=0.0427 DURR(dir/res/hall)=0.8329/0.0000/0.0000 λD=1.000 route=135 E/S=29/106 rescue=0 empty=0 hall=0/0 FG/HBG/EBG=32/256/1280 grad=25.10
[E58] batch=120/250 pseudo=5 loss=4.3598 sfseg=4.1597 seg=0.3108 mard=2.0686 λM=0.0365 DURR(dir/res/hall)=0.9112/0.1674/0.0000 λD=1.000 route=199 E/S=28/171 rescue=1 empty=0 hall=0/0 FG/HBG/EBG=40/320/1216 grad=28.91
[E58] batch=130/250 pseudo=4 loss=3.6985 sfseg=3.5158 seg=0.3016 mard=2.0187 λM=0.0442 DURR(dir/res/hall)=0.9343/0.0000/0.0000 λD=1.000 route=304 E/S=24/280 rescue=0 empty=0 hall=0/0 FG/HBG/EBG=32/256/1280 grad=38.60
[E58] batch=140/250 pseudo=6 loss=4.7998 sfseg=4.6393 seg=0.3868 mard=2.0523 λM=0.0346 DURR(dir/res/hall)=0.8943/0.0000/0.0000 λD=1.000 route=296 E/S=124/172 rescue=0 empty=0 hall=0/0 FG/HBG/EBG=48/256/1280 grad=33.56
[E58] batch=150/250 pseudo=4 loss=3.3185 sfseg=3.1301 seg=0.2088 mard=2.0311 λM=0.0444 DURR(dir/res/hall)=0.9817/0.0000/0.0000 λD=1.000 route=124 E/S=44/80 rescue=0 empty=0 hall=0/0 FG/HBG/EBG=32/256/1280 grad=59.39
[E58] batch=160/250 pseudo=4 loss=4.9751 sfseg=4.7926 seg=0.4605 mard=2.0632 λM=0.0416 DURR(dir/res/hall)=0.9675/0.0000/0.0000 λD=1.000 route=374 E/S=87/287 rescue=0 empty=0 hall=0/0 FG/HBG/EBG=32/256/1280 grad=34.57
[E58] batch=170/250 pseudo=4 loss=7.2086 sfseg=7.0060 seg=0.6964 mard=2.0428 λM=0.0428 DURR(dir/res/hall)=1.1524/0.0000/0.0000 λD=1.000 route=216 E/S=78/138 rescue=0 empty=0 hall=0/0 FG/HBG/EBG=32/256/1280 grad=28.30
[E58] batch=180/250 pseudo=4 loss=6.2998 sfseg=6.1032 seg=0.3826 mard=2.0498 λM=0.0426 DURR(dir/res/hall)=1.0931/0.0000/0.0000 λD=1.000 route=565 E/S=236/329 rescue=0 empty=0 hall=0/0 FG/HBG/EBG=32/256/1280 grad=17.87
[E58] batch=190/250 pseudo=5 loss=7.5068 sfseg=7.2960 seg=0.4225 mard=1.9829 λM=0.0358 DURR(dir/res/hall)=1.3975/0.0000/0.0000 λD=1.000 route=90 E/S=34/56 rescue=0 empty=0 hall=0/0 FG/HBG/EBG=40/256/1280 grad=95.00
[E58] batch=200/250 pseudo=3 loss=3.8373 sfseg=3.6460 seg=0.4911 mard=2.0970 λM=0.0457 DURR(dir/res/hall)=0.9539/0.0000/0.0001 λD=1.000 route=172 E/S=57/115 rescue=0 empty=1 hall=1/0 FG/HBG/EBG=24/192/960 grad=24.62
[E58] batch=210/250 pseudo=4 loss=2.6073 sfseg=2.4074 seg=0.1721 mard=2.0303 λM=0.0434 DURR(dir/res/hall)=1.1177/0.0000/0.0000 λD=1.000 route=201 E/S=110/91 rescue=0 empty=0 hall=0/0 FG/HBG/EBG=32/256/1280 grad=27.42
[E58] batch=220/250 pseudo=4 loss=9.4040 sfseg=9.2023 seg=0.5145 mard=2.0391 λM=0.0308 DURR(dir/res/hall)=1.3893/0.0000/0.0000 λD=1.000 route=997 E/S=90/907 rescue=0 empty=0 hall=0/0 FG/HBG/EBG=32/256/1280 grad=34.42
[E58] batch=230/250 pseudo=4 loss=11.8356 sfseg=11.6026 seg=1.7302 mard=2.0171 λM=0.0369 DURR(dir/res/hall)=1.5867/0.0000/0.0000 λD=1.000 route=276 E/S=23/253 rescue=0 empty=1 hall=0/0 FG/HBG/EBG=32/256/896 grad=52.10
[E58] batch=240/250 pseudo=4 loss=4.7109 sfseg=4.5305 seg=0.4609 mard=2.1095 λM=0.0404 DURR(dir/res/hall)=0.9521/0.0000/0.0000 λD=1.000 route=318 E/S=170/148 rescue=0 empty=0 hall=0/0 FG/HBG/EBG=32/256/1280 grad=48.92
[E58] batch=250/250 pseudo=5 loss=7.1916 sfseg=6.9817 seg=0.4499 mard=1.9902 λM=0.0282 DURR(dir/res/hall)=1.5392/0.0000/0.0000 λD=1.000 route=745 E/S=391/354 rescue=0 empty=0 hall=0/0 FG/HBG/EBG=40/256/1280 grad=56.84

[Epoch 58] DONE time=66.9s valid=250 skipped=0 pseudo=1038 anchors=998 mask_extra=40 reject_rel=14 DURRmatch=966/4667 rescue=12 teacher_empty=42 hall=14/4974 loss=6.8509 sfseg=6.6463 mard=2.0270 dir=1.1229 res=0.0055 hallL=0.1370 route E/S=26883/49633
[E59] batch=001/250 pseudo=4 loss=2.7321 sfseg=2.5508 seg=0.2321 mard=2.0104 λM=0.0449 DURR(dir/res/hall)=0.9121/0.0000/0.0000 λD=1.000 route=254 E/S=84/170 rescue=0 empty=0 hall=0/0 FG/HBG/EBG=32/256/1280 grad=23.29
[E59] batch=010/250 pseudo=5 loss=3.7768 sfseg=3.5811 seg=0.2331 mard=2.0269 λM=0.0424 DURR(dir/res/hall)=1.0970/0.0000/0.0000 λD=1.000 route=189 E/S=106/83 rescue=0 empty=0 hall=0/0 FG/HBG/EBG=40/320/1216 grad=26.69
[E59] batch=020/250 pseudo=2 loss=2.0127 sfseg=1.4411 seg=0.2582 mard=2.0543 λM=0.0340 DURR(dir/res/hall)=0.8874/0.0000/4.1309 λD=1.000 route=152 E/S=114/38 rescue=0 empty=2 hall=1/1509 FG/HBG/EBG=16/128/640 grad=19.05
[E59] batch=030/250 pseudo=4 loss=17.1682 sfseg=16.9322 seg=1.9668 mard=2.0777 λM=0.0375 DURR(dir/res/hall)=1.5807/0.0000/0.0000 λD=1.000 route=814 E/S=213/601 rescue=0 empty=0 hall=0/0 FG/HBG/EBG=32/256/1280 grad=32.99
[E59] batch=040/250 pseudo=4 loss=5.9912 sfseg=5.8304 seg=0.7517 mard=2.0602 λM=0.0393 DURR(dir/res/hall)=0.8001/0.0000/0.0000 λD=1.000 route=185 E/S=33/152 rescue=0 empty=0 hall=0/0 FG/HBG/EBG=32/256/1280 grad=52.97
[E59] batch=050/250 pseudo=7 loss=7.2479 sfseg=7.1104 seg=0.4637 mard=1.9984 λM=0.0283 DURR(dir/res/hall)=0.8107/0.0000/0.0000 λD=1.000 route=244 E/S=139/105 rescue=0 empty=0 hall=0/0 FG/HBG/EBG=56/256/1280 grad=29.10
[E59] batch=060/250 pseudo=5 loss=7.3868 sfseg=7.2277 seg=0.4577 mard=2.0151 λM=0.0313 DURR(dir/res/hall)=0.9592/0.0000/0.0000 λD=1.000 route=517 E/S=164/353 rescue=0 empty=0 hall=0/0 FG/HBG/EBG=40/256/1280 grad=30.63
[E59] batch=070/250 pseudo=3 loss=4.9127 sfseg=4.7592 seg=0.5712 mard=2.0035 λM=0.0374 DURR(dir/res/hall)=0.7859/0.0000/0.0000 λD=1.000 route=306 E/S=78/228 rescue=0 empty=1 hall=0/0 FG/HBG/EBG=24/192/960 grad=37.05
[E59] batch=080/250 pseudo=4 loss=11.1850 sfseg=10.9993 seg=0.5879 mard=1.9956 λM=0.0359 DURR(dir/res/hall)=1.1395/0.0000/0.0000 λD=1.000 route=528 E/S=123/405 rescue=0 empty=0 hall=0/0 FG/HBG/EBG=32/256/1280 grad=38.63
[E59] batch=090/250 pseudo=5 loss=7.0912 sfseg=6.8648 seg=0.5636 mard=2.0033 λM=0.0361 DURR(dir/res/hall)=1.5412/0.0000/0.0000 λD=1.000 route=290 E/S=77/213 rescue=0 empty=0 hall=0/0 FG/HBG/EBG=40/320/1216 grad=26.42
[E59] batch=100/250 pseudo=4 loss=10.2539 sfseg=10.0716 seg=0.6904 mard=2.0473 λM=0.0350 DURR(dir/res/hall)=1.1072/0.0000/0.0000 λD=1.000 route=484 E/S=66/418 rescue=0 empty=0 hall=0/0 FG/HBG/EBG=32/256/1280 grad=22.30
[E59] batch=110/250 pseudo=4 loss=19.2925 sfseg=19.0847 seg=0.8011 mard=2.0203 λM=0.0331 DURR(dir/res/hall)=1.4086/0.0000/0.0000 λD=1.000 route=298 E/S=158/140 rescue=0 empty=0 hall=0/0 FG/HBG/EBG=32/256/1280 grad=49.45
[E59] batch=120/250 pseudo=4 loss=5.8679 sfseg=5.6701 seg=0.4492 mard=1.9610 λM=0.0362 DURR(dir/res/hall)=1.2674/0.0000/0.0000 λD=1.000 route=196 E/S=80/116 rescue=0 empty=0 hall=0/0 FG/HBG/EBG=32/256/1280 grad=24.11
[E59] batch=130/250 pseudo=4 loss=1.8198 sfseg=1.6320 seg=0.1237 mard=2.1031 λM=0.0460 DURR(dir/res/hall)=0.9103/0.0000/0.0000 λD=1.000 route=192 E/S=21/171 rescue=0 empty=0 hall=0/0 FG/HBG/EBG=32/256/1280 grad=30.01
[E59] batch=140/250 pseudo=4 loss=2.2979 sfseg=2.1390 seg=0.2204 mard=1.9970 λM=0.0453 DURR(dir/res/hall)=0.6836/0.0000/0.0000 λD=1.000 route=122 E/S=59/63 rescue=0 empty=0 hall=0/0 FG/HBG/EBG=32/256/1280 grad=29.11
[E59] batch=150/250 pseudo=4 loss=3.3396 sfseg=3.1659 seg=0.2672 mard=2.0368 λM=0.0426 DURR(dir/res/hall)=0.8703/0.0000/0.0000 λD=1.000 route=268 E/S=131/137 rescue=0 empty=0 hall=0/0 FG/HBG/EBG=32/256/1280 grad=26.70
[E59] batch=160/250 pseudo=4 loss=5.4238 sfseg=5.2870 seg=0.3801 mard=2.0232 λM=0.0437 DURR(dir/res/hall)=0.4835/0.0000/0.0000 λD=1.000 route=463 E/S=41/422 rescue=0 empty=0 hall=0/0 FG/HBG/EBG=32/256/1280 grad=27.39
[E59] batch=170/250 pseudo=4 loss=11.2317 sfseg=11.0495 seg=1.2330 mard=2.0289 λM=0.0413 DURR(dir/res/hall)=0.9839/0.0000/0.0000 λD=1.000 route=528 E/S=186/342 rescue=0 empty=0 hall=0/0 FG/HBG/EBG=32/256/1280 grad=32.20
[E59] batch=180/250 pseudo=4 loss=10.4004 sfseg=10.1454 seg=0.6195 mard=2.0061 λM=0.0407 DURR(dir/res/hall)=1.7334/0.0000/0.0000 λD=1.000 route=491 E/S=144/347 rescue=0 empty=0 hall=0/0 FG/HBG/EBG=32/256/1280 grad=32.26
[E59] batch=190/250 pseudo=4 loss=8.0940 sfseg=7.9108 seg=0.2648 mard=2.0416 λM=0.0387 DURR(dir/res/hall)=1.0415/0.0000/0.0000 λD=1.000 route=250 E/S=36/214 rescue=0 empty=0 hall=0/0 FG/HBG/EBG=32/256/1280 grad=43.86
[E59] batch=200/250 pseudo=4 loss=10.1533 sfseg=9.9625 seg=0.9645 mard=2.0517 λM=0.0315 DURR(dir/res/hall)=1.2628/0.0000/0.0000 λD=1.000 route=384 E/S=147/237 rescue=0 empty=1 hall=1/0 FG/HBG/EBG=32/192/960 grad=31.84
[E59] batch=210/250 pseudo=6 loss=10.1899 sfseg=10.0240 seg=0.6529 mard=2.0084 λM=0.0299 DURR(dir/res/hall)=1.0589/0.0000/0.0000 λD=1.000 route=444 E/S=233/211 rescue=0 empty=0 hall=0/0 FG/HBG/EBG=48/320/1216 grad=29.56
[E59] batch=220/250 pseudo=4 loss=5.5447 sfseg=5.3112 seg=0.3559 mard=2.0500 λM=0.0450 DURR(dir/res/hall)=1.4129/0.0000/0.0000 λD=1.000 route=535 E/S=90/445 rescue=0 empty=0 hall=0/0 FG/HBG/EBG=32/256/1280 grad=29.09
[E59] batch=230/250 pseudo=4 loss=3.3752 sfseg=3.1649 seg=0.2315 mard=2.0217 λM=0.0438 DURR(dir/res/hall)=1.2173/0.0000/0.0000 λD=1.000 route=144 E/S=71/73 rescue=0 empty=0 hall=0/0 FG/HBG/EBG=32/256/1280 grad=22.92
[E59] batch=240/250 pseudo=4 loss=3.1521 sfseg=2.9757 seg=0.2494 mard=2.0092 λM=0.0436 DURR(dir/res/hall)=0.8891/0.0000/0.0000 λD=1.000 route=118 E/S=81/37 rescue=0 empty=0 hall=0/0 FG/HBG/EBG=32/256/1280 grad=30.00
[E59] batch=250/250 pseudo=4 loss=1.7188 sfseg=1.5302 seg=0.1306 mard=2.0378 λM=0.0458 DURR(dir/res/hall)=0.9540/0.0000/0.0000 λD=1.000 route=80 E/S=29/51 rescue=0 empty=0 hall=0/0 FG/HBG/EBG=32/256/1280 grad=18.97

[Epoch 59] DONE time=67.0s valid=250 skipped=0 pseudo=1021 anchors=987 mask_extra=34 reject_rel=12 DURRmatch=955/4632 rescue=11 teacher_empty=49 hall=15/4834 loss=6.7198 sfseg=6.5143 mard=2.0281 dir=1.1292 res=0.0048 hallL=0.1339 route E/S=24904/50338
[E60] batch=001/250 pseudo=4 loss=2.9471 sfseg=2.7742 seg=0.2389 mard=2.1068 λM=0.0409 DURR(dir/res/hall)=0.8687/0.0000/0.0000 λD=1.000 route=236 E/S=102/134 rescue=0 empty=0 hall=0/0 FG/HBG/EBG=32/256/1280 grad=20.92
[E60] batch=010/250 pseudo=4 loss=4.8626 sfseg=4.6777 seg=0.3478 mard=2.0309 λM=0.0433 DURR(dir/res/hall)=0.9685/0.0000/0.0000 λD=1.000 route=198 E/S=135/63 rescue=0 empty=0 hall=0/0 FG/HBG/EBG=32/256/1280 grad=26.91
[E60] batch=020/250 pseudo=4 loss=9.2549 sfseg=9.0685 seg=0.9463 mard=2.0252 λM=0.0343 DURR(dir/res/hall)=1.1681/0.0000/0.0000 λD=1.000 route=825 E/S=106/719 rescue=0 empty=0 hall=0/0 FG/HBG/EBG=32/256/1280 grad=35.49
[E60] batch=030/250 pseudo=4 loss=6.2113 sfseg=6.0719 seg=0.5412 mard=2.0060 λM=0.0375 DURR(dir/res/hall)=0.6417/0.0000/0.0000 λD=1.000 route=248 E/S=191/57 rescue=0 empty=0 hall=0/0 FG/HBG/EBG=32/256/1280 grad=29.03
[E60] batch=040/250 pseudo=4 loss=7.0964 sfseg=6.8789 seg=0.6584 mard=2.0437 λM=0.0380 DURR(dir/res/hall)=1.3975/0.0000/0.0000 λD=1.000 route=260 E/S=105/155 rescue=0 empty=0 hall=0/0 FG/HBG/EBG=32/256/1280 grad=25.60
[E60] batch=050/250 pseudo=4 loss=5.1988 sfseg=4.9942 seg=0.3663 mard=2.0214 λM=0.0331 DURR(dir/res/hall)=1.3771/0.0000/0.0000 λD=1.000 route=519 E/S=157/362 rescue=0 empty=0 hall=0/0 FG/HBG/EBG=32/256/1280 grad=22.51
[E60] batch=060/250 pseudo=6 loss=7.2922 sfseg=7.0848 seg=0.3555 mard=2.0151 λM=0.0276 DURR(dir/res/hall)=1.5178/0.0000/0.0000 λD=1.000 route=230 E/S=111/119 rescue=0 empty=0 hall=0/0 FG/HBG/EBG=48/320/1216 grad=29.42
[E60] batch=070/250 pseudo=4 loss=4.9250 sfseg=4.7715 seg=0.3340 mard=2.0113 λM=0.0358 DURR(dir/res/hall)=0.8140/0.0000/0.0000 λD=1.000 route=499 E/S=160/339 rescue=0 empty=0 hall=0/0 FG/HBG/EBG=32/256/1280 grad=25.21
[E60] batch=080/250 pseudo=4 loss=5.6864 sfseg=5.4995 seg=0.4483 mard=1.9875 λM=0.0384 DURR(dir/res/hall)=1.1056/0.0000/0.0000 λD=1.000 route=225 E/S=102/123 rescue=0 empty=0 hall=0/0 FG/HBG/EBG=32/256/1280 grad=25.90
[E60] batch=090/250 pseudo=2 loss=18.4751 sfseg=18.3657 seg=2.5916 mard=2.1149 λM=0.0164 DURR(dir/res/hall)=0.7464/0.0000/0.0000 λD=1.000 route=537 E/S=229/308 rescue=0 empty=2 hall=0/0 FG/HBG/EBG=16/128/640 grad=26.85
[E60] batch=100/250 pseudo=4 loss=5.9561 sfseg=5.7822 seg=0.3746 mard=2.0621 λM=0.0420 DURR(dir/res/hall)=0.8728/0.0000/0.0000 λD=1.000 route=177 E/S=98/79 rescue=0 empty=0 hall=0/0 FG/HBG/EBG=32/256/1280 grad=33.08
[E60] batch=110/250 pseudo=5 loss=4.3269 sfseg=4.1571 seg=0.3442 mard=2.0106 λM=0.0345 DURR(dir/res/hall)=1.0040/0.0000/0.0000 λD=1.000 route=454 E/S=101/353 rescue=0 empty=0 hall=0/0 FG/HBG/EBG=40/320/1216 grad=23.90
[E60] batch=120/250 pseudo=4 loss=3.5221 sfseg=3.3573 seg=0.3043 mard=1.9883 λM=0.0442 DURR(dir/res/hall)=0.7687/0.0000/0.0000 λD=1.000 route=120 E/S=47/73 rescue=0 empty=0 hall=0/0 FG/HBG/EBG=32/256/1280 grad=26.55
[E60] batch=130/250 pseudo=4 loss=8.0782 sfseg=7.8579 seg=0.5392 mard=2.0472 λM=0.0308 DURR(dir/res/hall)=1.5731/0.0000/0.0000 λD=1.000 route=423 E/S=167/256 rescue=0 empty=0 hall=0/0 FG/HBG/EBG=32/256/1280 grad=35.64
[E60] batch=140/250 pseudo=4 loss=9.8345 sfseg=9.6904 seg=0.8282 mard=1.9907 λM=0.0380 DURR(dir/res/hall)=0.6857/0.0000/0.0000 λD=1.000 route=280 E/S=143/137 rescue=0 empty=0 hall=0/0 FG/HBG/EBG=32/256/1280 grad=43.78
[E60] batch=150/250 pseudo=4 loss=9.8543 sfseg=9.6236 seg=0.9313 mard=2.0509 λM=0.0410 DURR(dir/res/hall)=1.4661/0.0000/0.0000 λD=1.000 route=416 E/S=113/303 rescue=0 empty=0 hall=0/0 FG/HBG/EBG=32/256/1280 grad=48.78
[E60] batch=160/250 pseudo=4 loss=9.8729 sfseg=9.6438 seg=0.6020 mard=2.0249 λM=0.0296 DURR(dir/res/hall)=1.6910/0.0000/0.0000 λD=1.000 route=521 E/S=188/333 rescue=0 empty=1 hall=0/0 FG/HBG/EBG=32/256/896 grad=58.03
[E60] batch=170/250 pseudo=4 loss=2.1302 sfseg=1.9399 seg=0.1759 mard=2.0307 λM=0.0435 DURR(dir/res/hall)=1.0200/0.0000/0.0000 λD=1.000 route=95 E/S=37/58 rescue=0 empty=0 hall=0/0 FG/HBG/EBG=32/256/1280 grad=22.71
[E60] batch=180/250 pseudo=4 loss=1.8491 sfseg=1.6529 seg=0.1482 mard=1.9920 λM=0.0453 DURR(dir/res/hall)=1.0595/0.0000/0.0000 λD=1.000 route=112 E/S=35/77 rescue=0 empty=0 hall=0/0 FG/HBG/EBG=32/256/1280 grad=25.83
[E60] batch=190/250 pseudo=5 loss=9.9941 sfseg=9.7989 seg=0.6769 mard=2.0792 λM=0.0319 DURR(dir/res/hall)=1.2880/0.0000/0.0000 λD=1.000 route=465 E/S=136/329 rescue=0 empty=0 hall=0/0 FG/HBG/EBG=40/256/1280 grad=31.30
[E60] batch=200/250 pseudo=4 loss=3.5142 sfseg=3.2343 seg=0.2292 mard=2.0490 λM=0.0425 DURR(dir/res/hall)=1.9278/0.0000/0.0000 λD=1.000 route=335 E/S=121/214 rescue=0 empty=0 hall=0/0 FG/HBG/EBG=32/256/1280 grad=32.86
[E60] batch=210/250 pseudo=4 loss=6.1661 sfseg=6.0029 seg=0.4651 mard=1.9915 λM=0.0417 DURR(dir/res/hall)=0.6306/0.0851/0.0000 λD=1.000 route=137 E/S=70/67 rescue=1 empty=0 hall=0/0 FG/HBG/EBG=32/256/1280 grad=23.86
[E60] batch=220/250 pseudo=3 loss=2.5911 sfseg=2.3933 seg=0.2392 mard=1.9937 λM=0.0405 DURR(dir/res/hall)=1.1716/0.0000/0.0000 λD=1.000 route=216 E/S=116/100 rescue=0 empty=1 hall=0/0 FG/HBG/EBG=24/192/960 grad=22.66
[E60] batch=230/250 pseudo=3 loss=8.5016 sfseg=8.3112 seg=1.4161 mard=2.0615 λM=0.0381 DURR(dir/res/hall)=1.1174/0.0000/0.0000 λD=1.000 route=484 E/S=86/398 rescue=0 empty=1 hall=0/0 FG/HBG/EBG=24/192/960 grad=25.91
[E60] batch=240/250 pseudo=4 loss=12.6072 sfseg=12.3419 seg=0.6786 mard=2.0800 λM=0.0419 DURR(dir/res/hall)=1.7804/0.0000/0.0000 λD=1.000 route=738 E/S=189/549 rescue=0 empty=0 hall=0/0 FG/HBG/EBG=32/256/1280 grad=41.17
[E60] batch=250/250 pseudo=4 loss=3.2955 sfseg=3.0802 seg=0.2401 mard=2.0110 λM=0.0405 DURR(dir/res/hall)=1.3079/0.0151/0.0000 λD=1.000 route=122 E/S=24/98 rescue=1 empty=0 hall=0/0 FG/HBG/EBG=32/256/1280 grad=52.11

[Epoch 60] DONE time=67.0s valid=250 skipped=0 pseudo=1032 anchors=989 mask_extra=43 reject_rel=20 DURRmatch=958/4643 rescue=12 teacher_empty=47 hall=14/2690 loss=7.0280 sfseg=6.8299 mard=2.0286 dir=1.0958 res=0.0047 hallL=0.0970 route E/S=25894/49741
[SAVE Student] /home/dang/MedRT-SFOD/runs/seg/dense_sfseg/kvasir_durr_v1_segmard_v2_60ep/checkpoints/durr_student_epoch_60.pt
[SAVE Teacher] /home/dang/MedRT-SFOD/runs/seg/dense_sfseg/kvasir_durr_v1_segmard_v2_60ep/checkpoints/durr_teacher_ema_epoch_60.pt
[AUTO ANALYSIS] 1/1000
[AUTO ANALYSIS] 50/1000
[AUTO ANALYSIS] 100/1000
[AUTO ANALYSIS] 150/1000
[AUTO ANALYSIS] 200/1000
[AUTO ANALYSIS] 250/1000
[AUTO ANALYSIS] 300/1000
[AUTO ANALYSIS] 350/1000
[AUTO ANALYSIS] 400/1000
[AUTO ANALYSIS] 450/1000
[AUTO ANALYSIS] 500/1000
[AUTO ANALYSIS] 550/1000
[AUTO ANALYSIS] 600/1000
[AUTO ANALYSIS] 650/1000
[AUTO ANALYSIS] 700/1000
[AUTO ANALYSIS] 750/1000
[AUTO ANALYSIS] 800/1000
[AUTO ANALYSIS] 850/1000
[AUTO ANALYSIS] 900/1000
[AUTO ANALYSIS] 950/1000
[AUTO ANALYSIS] 1000/1000
[AUTO VAL] final Student official mask metrics...
Ultralytics 8.4.46 🚀 Python-3.12.3 torch-2.5.1+cu121 CUDA:0 (NVIDIA GeForce RTX 4060 Ti, 15985MiB)
[34m[1mval: [0mFast image access ✅ (ping: 0.0±0.0 ms, read: 1272.8±155.5 MB/s, size: 29.2 KB)
[K[34m[1mval: [0mScanning /home/dang/MedRT-SFOD/dataset/Kvasir-SEG-YOLO26/labels/val.cache... 200 images, 0 backgrounds, 0 corrupt: 100% ━━━━━━━━━━━━ 200/200 46.6Mit/s 0.0s
[K                 Class     Images  Instances      Box(P          R      mAP50  mAP50-95)     Mask(P          R      mAP50  mAP50-95): 4% ──────────── 1/25 1.3s/it 0.4s<31.8s[K                 Class     Images  Instances      Box(P          R      mAP50  mAP50-95)     Mask(P          R      mAP50  mAP50-95): 8% ╸─────────── 2/25 1.5it/s 0.7s<15.7s[K                 Class     Images  Instances      Box(P          R      mAP50  mAP50-95)     Mask(P          R      mAP50  mAP50-95): 12% ━─────────── 3/25 2.4it/s 0.9s<9.3s[K                 Class     Images  Instances      Box(P          R      mAP50  mAP50-95)     Mask(P          R      mAP50  mAP50-95): 16% ━╸────────── 4/25 3.4it/s 1.1s<6.2s[K                 Class     Images  Instances      Box(P          R      mAP50  mAP50-95)     Mask(P          R      mAP50  mAP50-95): 20% ━━────────── 5/25 5.1it/s 1.2s<3.9s[K                 Class     Images  Instances      Box(P          R      mAP50  mAP50-95)     Mask(P          R      mAP50  mAP50-95): 28% ━━━───────── 7/25 7.6it/s 1.4s<2.4s[K                 Class     Images  Instances      Box(P          R      mAP50  mAP50-95)     Mask(P          R      mAP50  mAP50-95): 36% ━━━━──────── 9/25 8.8it/s 1.5s<1.8s[K                 Class     Images  Instances      Box(P          R      mAP50  mAP50-95)     Mask(P          R      mAP50  mAP50-95): 44% ━━━━━─────── 11/25 10.2it/s 1.7s<1.4s[K                 Class     Images  Instances      Box(P          R      mAP50  mAP50-95)     Mask(P          R      mAP50  mAP50-95): 52% ━━━━━━────── 13/25 11.2it/s 1.8s<1.1s[K                 Class     Images  Instances      Box(P          R      mAP50  mAP50-95)     Mask(P          R      mAP50  mAP50-95): 60% ━━━━━━━───── 15/25 11.9it/s 2.0s<0.8s[K                 Class     Images  Instances      Box(P          R      mAP50  mAP50-95)     Mask(P          R      mAP50  mAP50-95): 68% ━━━━━━━━──── 17/25 11.1it/s 2.2s<0.7s[K                 Class     Images  Instances      Box(P          R      mAP50  mAP50-95)     Mask(P          R      mAP50  mAP50-95): 76% ━━━━━━━━━─── 19/25 11.6it/s 2.4s<0.5s[K                 Class     Images  Instances      Box(P          R      mAP50  mAP50-95)     Mask(P          R      mAP50  mAP50-95): 80% ━━━━━━━━━╸── 20/25 10.5it/s 2.5s<0.5s[K                 Class     Images  Instances      Box(P          R      mAP50  mAP50-95)     Mask(P          R      mAP50  mAP50-95): 88% ━━━━━━━━━━╸─ 22/25 11.0it/s 2.7s<0.3s[K                 Class     Images  Instances      Box(P          R      mAP50  mAP50-95)     Mask(P          R      mAP50  mAP50-95): 96% ━━━━━━━━━━━╸ 24/25 10.7it/s 2.9s<0.1s[K                 Class     Images  Instances      Box(P          R      mAP50  mAP50-95)     Mask(P          R      mAP50  mAP50-95): 100% ━━━━━━━━━━━━ 25/25 8.3it/s 3.0s
                   all        200        216      0.827      0.732      0.713      0.466      0.846      0.759       0.75      0.511
Speed: 2.6ms preprocess, 7.5ms inference, 0.0ms loss, 0.6ms postprocess per image
Results saved to [1m/home/dang/MedRT-SFOD/runs/segment/val-2[0m
[AUTO ANALYSIS SAVED] /home/dang/MedRT-SFOD/runs/seg/dense_sfseg/kvasir_durr_v1_segmard_v2_60ep/final_analysis
[TABLE 1] /home/dang/MedRT-SFOD/runs/seg/dense_sfseg/kvasir_durr_v1_segmard_v2_60ep/final_analysis/table1_quality_progression.md
[TABLE 2] /home/dang/MedRT-SFOD/runs/seg/dense_sfseg/kvasir_durr_v1_segmard_v2_60ep/final_analysis/table2_adaptation_diagnostics.md

[PASS] DURR Stage-2 completed
[NOTE] Both final Student and final EMA Teacher checkpoints were saved automatically.
