nohup: ignoring input
==============================================================================
MEDRT-SFSEG STAGE-2 | DURR-v1 + SegMARD-v2
==============================================================================
target images : 1000
labels used   : NO
GT masks used : NO
epochs        : 60
batch         : 4

DURR          : ON
signed route  : match 0.5 | band 5 | min|Δ| 0.02
O2M rescue    : conf 0.8 | stab 0.8 | support 0
hall suppress : P_s>= 0.8 | area> 0.1 | safe Teacher P< 0.1
DURR lambdas  : 0.1 0.2 0.1
SegMARD-v2    : hard-bg-ratio 0.0 | reliability weighting False
[E01] batch=001/250 pseudo=5 loss=18.5204 sfseg=18.5204 seg=1.1552 mard=2.0374 λM=0.0000 DURR(dir/res/hall)=3.0918/0.0000/0.0000 λD=0.000 route=836 E/S=351/485 rescue=0 empty=0 hall=0/0 FG/HBG/EBG=40/0/1536 grad=238.09
[E01] batch=010/250 pseudo=4 loss=7.2403 sfseg=7.2393 seg=0.6452 mard=2.0241 λM=0.0000 DURR(dir/res/hall)=1.4074/0.0000/0.0000 λD=0.007 route=276 E/S=115/161 rescue=0 empty=0 hall=0/0 FG/HBG/EBG=32/0/1536 grad=59.68
[E01] batch=020/250 pseudo=4 loss=17.6660 sfseg=17.6619 seg=1.9615 mard=2.0271 λM=0.0000 DURR(dir/res/hall)=2.6726/0.0000/0.0000 λD=0.015 route=147 E/S=40/107 rescue=0 empty=1 hall=0/0 FG/HBG/EBG=32/0/1152 grad=172.95
[E01] batch=030/250 pseudo=4 loss=5.5802 sfseg=5.5765 seg=0.5985 mard=2.0433 λM=0.0000 DURR(dir/res/hall)=1.5800/0.0000/0.0000 λD=0.023 route=217 E/S=78/139 rescue=0 empty=0 hall=0/0 FG/HBG/EBG=32/0/1536 grad=45.40
[E01] batch=040/250 pseudo=6 loss=20.2676 sfseg=20.2609 seg=1.6727 mard=1.9772 λM=0.0000 DURR(dir/res/hall)=2.1422/0.0000/0.0000 λD=0.031 route=360 E/S=52/308 rescue=0 empty=0 hall=0/0 FG/HBG/EBG=48/0/1536 grad=83.88
[E01] batch=050/250 pseudo=4 loss=12.4286 sfseg=12.4223 seg=1.7085 mard=2.0291 λM=0.0000 DURR(dir/res/hall)=1.5954/0.0000/0.0000 λD=0.039 route=206 E/S=66/140 rescue=0 empty=0 hall=0/0 FG/HBG/EBG=32/0/1536 grad=203.93
[E01] batch=060/250 pseudo=4 loss=4.4298 sfseg=4.4229 seg=0.4640 mard=2.0399 λM=0.0000 DURR(dir/res/hall)=1.4574/0.0000/0.0000 λD=0.047 route=152 E/S=70/82 rescue=0 empty=0 hall=0/0 FG/HBG/EBG=32/0/1536 grad=30.61
[E01] batch=070/250 pseudo=5 loss=10.6022 sfseg=10.5896 seg=0.7326 mard=2.0012 λM=0.0000 DURR(dir/res/hall)=2.2735/0.0000/0.0000 λD=0.055 route=102 E/S=30/72 rescue=0 empty=0 hall=0/0 FG/HBG/EBG=40/0/1536 grad=189.44
[E01] batch=080/250 pseudo=4 loss=10.2793 sfseg=10.2639 seg=1.1867 mard=2.0074 λM=0.0000 DURR(dir/res/hall)=2.3919/0.0185/0.0000 λD=0.063 route=183 E/S=144/39 rescue=1 empty=0 hall=0/0 FG/HBG/EBG=32/0/1536 grad=142.48
[E01] batch=090/250 pseudo=4 loss=9.3473 sfseg=9.3361 seg=0.7918 mard=2.0364 λM=0.0000 DURR(dir/res/hall)=1.5636/0.0000/0.0000 λD=0.071 route=413 E/S=130/283 rescue=0 empty=0 hall=0/0 FG/HBG/EBG=32/0/1536 grad=165.65
[E01] batch=100/250 pseudo=4 loss=6.2815 sfseg=6.2669 seg=0.4119 mard=2.1019 λM=0.0000 DURR(dir/res/hall)=1.8449/0.0000/0.0000 λD=0.079 route=121 E/S=58/63 rescue=0 empty=0 hall=0/0 FG/HBG/EBG=32/0/1536 grad=70.39
[E01] batch=110/250 pseudo=3 loss=5.2587 sfseg=5.1948 seg=0.4984 mard=2.0529 λM=0.0000 DURR(dir/res/hall)=1.8924/0.0000/5.4282 λD=0.087 route=73 E/S=23/50 rescue=0 empty=1 hall=1/89 FG/HBG/EBG=24/0/1152 grad=37.38
[E01] batch=120/250 pseudo=4 loss=8.1516 sfseg=8.1418 seg=1.0170 mard=2.0310 λM=0.0000 DURR(dir/res/hall)=1.0268/0.0000/0.0000 λD=0.095 route=597 E/S=279/318 rescue=0 empty=0 hall=0/0 FG/HBG/EBG=32/0/1536 grad=61.22
[E01] batch=130/250 pseudo=4 loss=22.7486 sfseg=22.7301 seg=2.5163 mard=2.0270 λM=0.0000 DURR(dir/res/hall)=1.7942/0.0000/0.0000 λD=0.103 route=250 E/S=101/149 rescue=0 empty=0 hall=0/0 FG/HBG/EBG=32/0/1536 grad=208.52
[E01] batch=140/250 pseudo=4 loss=5.4993 sfseg=5.4868 seg=0.5014 mard=2.0669 λM=0.0000 DURR(dir/res/hall)=1.1243/0.0000/0.0000 λD=0.111 route=342 E/S=83/259 rescue=0 empty=0 hall=0/0 FG/HBG/EBG=32/0/1536 grad=32.04
[E01] batch=150/250 pseudo=2 loss=2.2635 sfseg=2.2496 seg=0.4761 mard=2.0079 λM=0.0000 DURR(dir/res/hall)=1.1640/0.0000/0.0000 λD=0.119 route=52 E/S=8/44 rescue=0 empty=2 hall=0/0 FG/HBG/EBG=16/0/768 grad=26.99
[E01] batch=160/250 pseudo=5 loss=8.4828 sfseg=8.4684 seg=0.7841 mard=2.0071 λM=0.0000 DURR(dir/res/hall)=1.1385/0.0000/0.0000 λD=0.127 route=193 E/S=79/114 rescue=0 empty=0 hall=0/0 FG/HBG/EBG=40/0/1536 grad=56.59
[E01] batch=170/250 pseudo=4 loss=9.6003 sfseg=9.5810 seg=1.5253 mard=2.0493 λM=0.0000 DURR(dir/res/hall)=1.4304/0.0000/0.0000 λD=0.135 route=474 E/S=186/288 rescue=0 empty=1 hall=0/0 FG/HBG/EBG=32/0/1152 grad=112.63
[E01] batch=180/250 pseudo=4 loss=13.9959 sfseg=13.9394 seg=1.1986 mard=2.0182 λM=0.0000 DURR(dir/res/hall)=3.9449/0.0000/0.0000 λD=0.143 route=615 E/S=150/465 rescue=0 empty=0 hall=0/0 FG/HBG/EBG=32/0/1536 grad=139.44
[E01] batch=190/250 pseudo=4 loss=5.7202 sfseg=5.7033 seg=0.4767 mard=2.0314 λM=0.0000 DURR(dir/res/hall)=1.1173/0.0000/0.0000 λD=0.151 route=352 E/S=136/216 rescue=0 empty=0 hall=0/0 FG/HBG/EBG=32/0/1536 grad=39.82
[E01] batch=200/250 pseudo=4 loss=11.1786 sfseg=11.1651 seg=0.9806 mard=2.0347 λM=0.0000 DURR(dir/res/hall)=0.8499/0.0000/0.0000 λD=0.159 route=134 E/S=58/76 rescue=0 empty=0 hall=0/0 FG/HBG/EBG=32/0/1536 grad=153.66
[E01] batch=210/250 pseudo=5 loss=8.1580 sfseg=8.1306 seg=0.5577 mard=2.0406 λM=0.0000 DURR(dir/res/hall)=1.6427/0.0000/0.0000 λD=0.167 route=202 E/S=82/120 rescue=0 empty=0 hall=0/0 FG/HBG/EBG=40/0/1536 grad=127.75
[E01] batch=220/250 pseudo=4 loss=11.3727 sfseg=11.3213 seg=0.6771 mard=1.9972 λM=0.0000 DURR(dir/res/hall)=2.9344/0.0000/0.0000 λD=0.175 route=587 E/S=131/456 rescue=0 empty=0 hall=0/0 FG/HBG/EBG=32/0/1536 grad=83.58
[E01] batch=230/250 pseudo=3 loss=16.8727 sfseg=16.8594 seg=1.4075 mard=2.0850 λM=0.0000 DURR(dir/res/hall)=0.7271/0.0000/0.0004 λD=0.183 route=107 E/S=57/50 rescue=0 empty=1 hall=1/0 FG/HBG/EBG=24/0/1152 grad=163.40
[E01] batch=240/250 pseudo=4 loss=5.7213 sfseg=5.6991 seg=0.5046 mard=2.0250 λM=0.0000 DURR(dir/res/hall)=1.1611/0.0000/0.0000 λD=0.191 route=283 E/S=136/147 rescue=0 empty=0 hall=0/0 FG/HBG/EBG=32/0/1536 grad=48.11
[E01] batch=250/250 pseudo=3 loss=16.2234 sfseg=16.1860 seg=1.8231 mard=2.0191 λM=0.0000 DURR(dir/res/hall)=1.8757/0.0000/0.0002 λD=0.199 route=582 E/S=77/505 rescue=0 empty=1 hall=1/0 FG/HBG/EBG=24/0/1152 grad=271.95

[Epoch 01] DONE time=68.9s valid=250 skipped=0 pseudo=1032 anchors=986 mask_extra=46 reject_rel=16 DURRmatch=949/4573 rescue=12 teacher_empty=47 hall=16/4093 loss=10.8060 sfseg=10.7867 mard=2.0305 dir=1.7045 res=0.0280 hallL=0.1954 route E/S=26790/47158
[E02] batch=001/250 pseudo=4 loss=5.8537 sfseg=5.8270 seg=0.5342 mard=2.0889 λM=0.0000 DURR(dir/res/hall)=1.3308/0.0000/0.0000 λD=0.200 route=329 E/S=223/106 rescue=0 empty=0 hall=0/0 FG/HBG/EBG=32/0/1536 grad=55.49
[E02] batch=010/250 pseudo=5 loss=8.9326 sfseg=8.8926 seg=0.6236 mard=2.0070 λM=0.0000 DURR(dir/res/hall)=1.9319/0.0000/0.0000 λD=0.207 route=283 E/S=129/154 rescue=0 empty=0 hall=0/0 FG/HBG/EBG=40/0/1536 grad=137.73
[E02] batch=020/250 pseudo=5 loss=4.8181 sfseg=4.7907 seg=0.3806 mard=2.0575 λM=0.0000 DURR(dir/res/hall)=1.2758/0.0000/0.0000 λD=0.215 route=196 E/S=109/87 rescue=0 empty=0 hall=0/0 FG/HBG/EBG=40/0/1536 grad=33.93
[E02] batch=030/250 pseudo=6 loss=8.4663 sfseg=8.4405 seg=0.6966 mard=2.0202 λM=0.0000 DURR(dir/res/hall)=1.0745/0.0424/0.0000 λD=0.223 route=197 E/S=58/139 rescue=1 empty=0 hall=0/0 FG/HBG/EBG=48/0/1536 grad=46.29
[E02] batch=040/250 pseudo=4 loss=3.7443 sfseg=3.7165 seg=0.3623 mard=2.0883 λM=0.0000 DURR(dir/res/hall)=1.2009/0.0000/0.0000 λD=0.231 route=181 E/S=60/121 rescue=0 empty=0 hall=0/0 FG/HBG/EBG=32/0/1536 grad=47.15
[E02] batch=050/250 pseudo=4 loss=11.9235 sfseg=11.8942 seg=0.5981 mard=2.0232 λM=0.0000 DURR(dir/res/hall)=1.2276/0.0000/0.0000 λD=0.239 route=155 E/S=46/109 rescue=0 empty=0 hall=0/0 FG/HBG/EBG=32/0/1536 grad=317.47
[E02] batch=060/250 pseudo=5 loss=7.0884 sfseg=7.0290 seg=0.6669 mard=2.0163 λM=0.0000 DURR(dir/res/hall)=2.4043/0.0000/0.0000 λD=0.247 route=164 E/S=35/129 rescue=0 empty=0 hall=0/0 FG/HBG/EBG=40/0/1536 grad=65.84
[E02] batch=070/250 pseudo=3 loss=23.9298 sfseg=23.8806 seg=2.4662 mard=2.0283 λM=0.0000 DURR(dir/res/hall)=1.9267/0.0000/0.0000 λD=0.255 route=189 E/S=96/93 rescue=0 empty=1 hall=0/0 FG/HBG/EBG=24/0/1152 grad=584.46
[E02] batch=080/250 pseudo=4 loss=11.2953 sfseg=11.2515 seg=0.7094 mard=2.0037 λM=0.0000 DURR(dir/res/hall)=1.6642/0.0000/0.0000 λD=0.263 route=338 E/S=128/210 rescue=0 empty=0 hall=0/0 FG/HBG/EBG=32/0/1536 grad=146.79
[E02] batch=090/250 pseudo=4 loss=4.4049 sfseg=4.3690 seg=0.3656 mard=2.0518 λM=0.0000 DURR(dir/res/hall)=1.3260/0.0000/0.0000 λD=0.271 route=303 E/S=248/55 rescue=0 empty=0 hall=0/0 FG/HBG/EBG=32/0/1536 grad=64.03
[E02] batch=100/250 pseudo=4 loss=12.9923 sfseg=12.9461 seg=1.6015 mard=2.0454 λM=0.0000 DURR(dir/res/hall)=1.6546/0.0000/0.0000 λD=0.279 route=527 E/S=75/452 rescue=0 empty=0 hall=0/0 FG/HBG/EBG=32/0/1536 grad=207.94
[E02] batch=110/250 pseudo=4 loss=6.6826 sfseg=6.6387 seg=0.5584 mard=2.0273 λM=0.0000 DURR(dir/res/hall)=1.5273/0.0000/0.0000 λD=0.287 route=134 E/S=53/81 rescue=0 empty=0 hall=0/0 FG/HBG/EBG=32/0/1536 grad=87.73
[E02] batch=120/250 pseudo=5 loss=15.5425 sfseg=15.5068 seg=0.7491 mard=1.9953 λM=0.0000 DURR(dir/res/hall)=1.2084/0.0000/0.0000 λD=0.295 route=159 E/S=58/101 rescue=0 empty=0 hall=0/0 FG/HBG/EBG=40/0/1536 grad=103.61
[E02] batch=130/250 pseudo=4 loss=7.5051 sfseg=7.4707 seg=0.5972 mard=2.0250 λM=0.0000 DURR(dir/res/hall)=1.1359/0.0000/0.0000 λD=0.303 route=163 E/S=53/110 rescue=0 empty=0 hall=0/0 FG/HBG/EBG=32/0/1536 grad=144.56
[E02] batch=140/250 pseudo=4 loss=12.9127 sfseg=12.8718 seg=1.6080 mard=2.0835 λM=0.0000 DURR(dir/res/hall)=1.3145/0.0000/0.0000 λD=0.311 route=185 E/S=67/118 rescue=0 empty=0 hall=0/0 FG/HBG/EBG=32/0/1536 grad=173.02
[E02] batch=150/250 pseudo=4 loss=12.9401 sfseg=12.9057 seg=0.7170 mard=2.0283 λM=0.0000 DURR(dir/res/hall)=1.0777/0.0000/0.0000 λD=0.319 route=248 E/S=126/122 rescue=0 empty=0 hall=0/0 FG/HBG/EBG=32/0/1536 grad=150.72
[E02] batch=160/250 pseudo=6 loss=8.5065 sfseg=8.4315 seg=0.7055 mard=2.0080 λM=0.0000 DURR(dir/res/hall)=2.2913/0.0000/0.0000 λD=0.327 route=528 E/S=108/420 rescue=0 empty=0 hall=0/0 FG/HBG/EBG=48/0/1536 grad=69.77
[E02] batch=170/250 pseudo=4 loss=3.9933 sfseg=3.9513 seg=0.3225 mard=2.0378 λM=0.0000 DURR(dir/res/hall)=1.2511/0.0000/0.0000 λD=0.335 route=135 E/S=96/39 rescue=0 empty=0 hall=0/0 FG/HBG/EBG=32/0/1536 grad=27.91
[E02] batch=180/250 pseudo=4 loss=7.1561 sfseg=7.1296 seg=0.6889 mard=2.0050 λM=0.0000 DURR(dir/res/hall)=0.7713/0.0000/0.0000 λD=0.343 route=274 E/S=121/153 rescue=0 empty=0 hall=0/0 FG/HBG/EBG=32/0/1536 grad=68.75
[E02] batch=190/250 pseudo=4 loss=10.7017 sfseg=10.6587 seg=1.0736 mard=2.0483 λM=0.0000 DURR(dir/res/hall)=1.2248/0.0000/0.0000 λD=0.351 route=741 E/S=408/333 rescue=0 empty=0 hall=0/0 FG/HBG/EBG=32/0/1536 grad=161.74
[E02] batch=200/250 pseudo=5 loss=9.2257 sfseg=9.1879 seg=0.9955 mard=2.0220 λM=0.0000 DURR(dir/res/hall)=1.0521/0.0000/0.0000 λD=0.359 route=227 E/S=98/129 rescue=0 empty=0 hall=0/0 FG/HBG/EBG=40/0/1536 grad=70.76
[E02] batch=210/250 pseudo=5 loss=11.8401 sfseg=11.7970 seg=1.0243 mard=2.0449 λM=0.0000 DURR(dir/res/hall)=1.1757/0.0000/0.0000 λD=0.367 route=834 E/S=84/750 rescue=0 empty=0 hall=0/0 FG/HBG/EBG=40/0/1536 grad=136.51
[E02] batch=220/250 pseudo=5 loss=9.9686 sfseg=9.9258 seg=0.9156 mard=2.0769 λM=0.0000 DURR(dir/res/hall)=1.1390/0.0000/0.0000 λD=0.375 route=490 E/S=106/384 rescue=0 empty=0 hall=0/0 FG/HBG/EBG=40/0/1536 grad=143.12
[E02] batch=230/250 pseudo=3 loss=3.3990 sfseg=3.3400 seg=0.4459 mard=2.0346 λM=0.0000 DURR(dir/res/hall)=1.5412/0.0000/0.0000 λD=0.383 route=122 E/S=46/76 rescue=0 empty=1 hall=0/0 FG/HBG/EBG=24/0/1152 grad=33.63
[E02] batch=240/250 pseudo=3 loss=2.8319 sfseg=2.7839 seg=0.3297 mard=2.0516 λM=0.0000 DURR(dir/res/hall)=1.2249/0.0000/0.0001 λD=0.391 route=356 E/S=33/323 rescue=0 empty=1 hall=1/0 FG/HBG/EBG=24/0/1152 grad=15.78
[E02] batch=250/250 pseudo=4 loss=13.2625 sfseg=13.1702 seg=0.5625 mard=1.9921 λM=0.0000 DURR(dir/res/hall)=2.3136/0.0000/0.0000 λD=0.399 route=229 E/S=129/100 rescue=0 empty=0 hall=0/0 FG/HBG/EBG=32/0/1536 grad=83.17

[Epoch 02] DONE time=66.4s valid=250 skipped=0 pseudo=1019 anchors=975 mask_extra=44 reject_rel=20 DURRmatch=953/4624 rescue=9 teacher_empty=53 hall=22/7385 loss=9.3661 sfseg=9.3121 mard=2.0302 dir=1.5037 res=0.0119 hallL=0.2901 route E/S=25215/49640
[E03] batch=001/250 pseudo=4 loss=5.6237 sfseg=5.5796 seg=0.6150 mard=2.0023 λM=0.0000 DURR(dir/res/hall)=1.1039/0.0000/0.0000 λD=0.400 route=94 E/S=40/54 rescue=0 empty=0 hall=0/0 FG/HBG/EBG=32/0/1536 grad=125.83
[E03] batch=010/250 pseudo=4 loss=13.6763 sfseg=13.6263 seg=0.7460 mard=2.0174 λM=0.0000 DURR(dir/res/hall)=1.2276/0.0000/0.0000 λD=0.407 route=112 E/S=56/56 rescue=0 empty=0 hall=0/0 FG/HBG/EBG=32/0/1536 grad=83.03
[E03] batch=020/250 pseudo=4 loss=9.8367 sfseg=9.7563 seg=0.9036 mard=2.0324 λM=0.0000 DURR(dir/res/hall)=1.9369/0.0000/0.0000 λD=0.415 route=525 E/S=115/410 rescue=0 empty=0 hall=0/0 FG/HBG/EBG=32/0/1536 grad=114.77
[E03] batch=030/250 pseudo=5 loss=43.6571 sfseg=43.5605 seg=2.3860 mard=2.0200 λM=0.0000 DURR(dir/res/hall)=2.2843/0.0000/0.0000 λD=0.423 route=672 E/S=220/452 rescue=0 empty=0 hall=0/0 FG/HBG/EBG=40/0/1536 grad=300.01
[E03] batch=040/250 pseudo=4 loss=17.0496 sfseg=16.9468 seg=2.6219 mard=2.0663 λM=0.0000 DURR(dir/res/hall)=2.3847/0.0000/0.0000 λD=0.431 route=287 E/S=79/208 rescue=0 empty=0 hall=0/0 FG/HBG/EBG=32/0/1536 grad=153.40
[E03] batch=050/250 pseudo=4 loss=6.7072 sfseg=6.6393 seg=0.5152 mard=2.0420 λM=0.0000 DURR(dir/res/hall)=1.5458/0.0000/0.0000 λD=0.439 route=278 E/S=100/178 rescue=0 empty=0 hall=0/0 FG/HBG/EBG=32/0/1536 grad=67.42
[E03] batch=060/250 pseudo=2 loss=10.2166 sfseg=9.9157 seg=1.8885 mard=1.9831 λM=0.0000 DURR(dir/res/hall)=1.4052/0.0000/5.3239 λD=0.447 route=361 E/S=29/332 rescue=0 empty=2 hall=1/295 FG/HBG/EBG=16/0/768 grad=141.67
[E03] batch=070/250 pseudo=4 loss=23.2576 sfseg=23.1613 seg=1.5345 mard=2.0660 λM=0.0000 DURR(dir/res/hall)=2.1160/0.0000/0.0000 λD=0.455 route=343 E/S=45/298 rescue=0 empty=0 hall=0/0 FG/HBG/EBG=32/0/1536 grad=191.41
[E03] batch=080/250 pseudo=4 loss=9.4376 sfseg=9.3596 seg=0.5671 mard=1.9996 λM=0.0000 DURR(dir/res/hall)=1.6831/0.0000/0.0000 λD=0.463 route=319 E/S=128/191 rescue=0 empty=0 hall=0/0 FG/HBG/EBG=32/0/1536 grad=69.26
[E03] batch=090/250 pseudo=4 loss=9.5515 sfseg=9.5026 seg=1.3510 mard=2.0624 λM=0.0000 DURR(dir/res/hall)=1.0373/0.0000/0.0000 λD=0.471 route=226 E/S=43/183 rescue=0 empty=0 hall=0/0 FG/HBG/EBG=32/0/1536 grad=145.17
[E03] batch=100/250 pseudo=4 loss=8.1493 sfseg=8.0951 seg=0.6375 mard=2.0859 λM=0.0000 DURR(dir/res/hall)=1.1305/0.0000/0.0000 λD=0.479 route=611 E/S=111/500 rescue=0 empty=0 hall=0/0 FG/HBG/EBG=32/0/1536 grad=57.81
[E03] batch=110/250 pseudo=4 loss=12.6996 sfseg=12.6610 seg=0.5418 mard=1.9877 λM=0.0000 DURR(dir/res/hall)=0.7922/0.0000/0.0000 λD=0.487 route=152 E/S=70/82 rescue=0 empty=0 hall=0/0 FG/HBG/EBG=32/0/1536 grad=148.73
[E03] batch=120/250 pseudo=4 loss=5.3297 sfseg=5.2608 seg=0.4512 mard=2.0031 λM=0.0000 DURR(dir/res/hall)=1.3922/0.0000/0.0000 λD=0.495 route=305 E/S=85/220 rescue=0 empty=0 hall=0/0 FG/HBG/EBG=32/0/1536 grad=37.41
[E03] batch=130/250 pseudo=4 loss=4.1045 sfseg=4.0255 seg=0.3881 mard=2.0289 λM=0.0000 DURR(dir/res/hall)=1.5691/0.0000/0.0000 λD=0.503 route=165 E/S=132/33 rescue=0 empty=0 hall=0/0 FG/HBG/EBG=32/0/1536 grad=41.31
[E03] batch=140/250 pseudo=4 loss=4.2941 sfseg=4.2504 seg=0.3851 mard=1.9976 λM=0.0000 DURR(dir/res/hall)=0.8546/0.0000/0.0000 λD=0.511 route=132 E/S=68/64 rescue=0 empty=0 hall=0/0 FG/HBG/EBG=32/0/1536 grad=25.55
[E03] batch=150/250 pseudo=4 loss=4.5417 sfseg=4.4838 seg=0.4481 mard=2.0230 λM=0.0000 DURR(dir/res/hall)=1.1140/0.0000/0.0000 λD=0.519 route=246 E/S=105/141 rescue=0 empty=0 hall=0/0 FG/HBG/EBG=32/0/1536 grad=27.52
[E03] batch=160/250 pseudo=5 loss=11.8761 sfseg=11.8283 seg=0.6411 mard=2.0080 λM=0.0000 DURR(dir/res/hall)=0.9081/0.0000/0.0000 λD=0.527 route=144 E/S=85/59 rescue=0 empty=0 hall=0/0 FG/HBG/EBG=40/0/1536 grad=68.35
[E03] batch=170/250 pseudo=2 loss=1.3622 sfseg=1.2885 seg=0.2287 mard=2.0463 λM=0.0000 DURR(dir/res/hall)=1.3760/0.0000/0.0000 λD=0.535 route=53 E/S=53/0 rescue=0 empty=2 hall=0/0 FG/HBG/EBG=16/0/768 grad=19.03
[E03] batch=180/250 pseudo=4 loss=12.1335 sfseg=12.1033 seg=0.9280 mard=2.0161 λM=0.0000 DURR(dir/res/hall)=0.5571/0.0000/0.0000 λD=0.543 route=181 E/S=60/121 rescue=0 empty=0 hall=0/0 FG/HBG/EBG=32/0/1536 grad=106.25
[E03] batch=190/250 pseudo=4 loss=32.7913 sfseg=32.7151 seg=1.2073 mard=2.0319 λM=0.0000 DURR(dir/res/hall)=1.3822/0.0000/0.0000 λD=0.551 route=345 E/S=126/219 rescue=0 empty=0 hall=0/0 FG/HBG/EBG=32/0/1536 grad=203.26
[E03] batch=200/250 pseudo=5 loss=8.5195 sfseg=8.4511 seg=0.3741 mard=2.0535 λM=0.0000 DURR(dir/res/hall)=1.2234/0.0000/0.0000 λD=0.559 route=244 E/S=79/165 rescue=0 empty=0 hall=0/0 FG/HBG/EBG=40/0/1536 grad=90.28
[E03] batch=210/250 pseudo=4 loss=5.3886 sfseg=5.3187 seg=0.5434 mard=2.0674 λM=0.0000 DURR(dir/res/hall)=1.2323/0.0000/0.0000 λD=0.567 route=145 E/S=89/56 rescue=0 empty=0 hall=0/0 FG/HBG/EBG=32/0/1536 grad=47.97
[E03] batch=220/250 pseudo=4 loss=4.9311 sfseg=4.8756 seg=0.3273 mard=2.0124 λM=0.0000 DURR(dir/res/hall)=0.9642/0.0000/0.0000 λD=0.575 route=169 E/S=50/119 rescue=0 empty=0 hall=0/0 FG/HBG/EBG=32/0/1536 grad=37.58
[E03] batch=230/250 pseudo=4 loss=13.4479 sfseg=13.3438 seg=1.0119 mard=2.0176 λM=0.0000 DURR(dir/res/hall)=1.7844/0.0000/0.0000 λD=0.583 route=403 E/S=98/305 rescue=0 empty=0 hall=0/0 FG/HBG/EBG=32/0/1536 grad=46.34
[E03] batch=240/250 pseudo=4 loss=7.5008 sfseg=7.4207 seg=0.6176 mard=2.0651 λM=0.0000 DURR(dir/res/hall)=1.3544/0.0000/0.0000 λD=0.591 route=426 E/S=176/250 rescue=0 empty=0 hall=0/0 FG/HBG/EBG=32/0/1536 grad=40.02
[E03] batch=250/250 pseudo=3 loss=5.6382 sfseg=5.2859 seg=0.7247 mard=2.0239 λM=0.0000 DURR(dir/res/hall)=1.0253/0.0000/4.8552 λD=0.599 route=321 E/S=66/255 rescue=0 empty=1 hall=1/693 FG/HBG/EBG=24/0/1152 grad=49.64

[Epoch 03] DONE time=66.6s valid=250 skipped=0 pseudo=1023 anchors=982 mask_extra=41 reject_rel=18 DURRmatch=952/4606 rescue=13 teacher_empty=51 hall=16/5055 loss=10.4301 sfseg=10.3479 mard=2.0326 dir=1.3972 res=0.0089 hallL=0.2294 route E/S=25967/49670
[E04] batch=001/250 pseudo=3 loss=4.5089 sfseg=4.4366 seg=0.4803 mard=2.0266 λM=0.0000 DURR(dir/res/hall)=1.2047/0.0000/0.0000 λD=0.600 route=170 E/S=70/100 rescue=0 empty=1 hall=0/0 FG/HBG/EBG=24/0/1152 grad=30.18
[E04] batch=010/250 pseudo=4 loss=8.1555 sfseg=8.0661 seg=0.9412 mard=1.9957 λM=0.0000 DURR(dir/res/hall)=1.4728/0.0000/0.0000 λD=0.607 route=252 E/S=143/109 rescue=0 empty=0 hall=0/0 FG/HBG/EBG=32/0/1536 grad=58.74
[E04] batch=020/250 pseudo=4 loss=4.3667 sfseg=4.2768 seg=0.3544 mard=2.0561 λM=0.0000 DURR(dir/res/hall)=1.4628/0.0000/0.0000 λD=0.615 route=202 E/S=96/106 rescue=0 empty=0 hall=0/0 FG/HBG/EBG=32/0/1536 grad=24.60
[E04] batch=030/250 pseudo=3 loss=6.2808 sfseg=6.2220 seg=0.3093 mard=2.0514 λM=0.0000 DURR(dir/res/hall)=0.9425/0.0000/0.0000 λD=0.623 route=224 E/S=82/142 rescue=0 empty=1 hall=0/0 FG/HBG/EBG=24/0/1152 grad=50.94
[E04] batch=040/250 pseudo=4 loss=6.6470 sfseg=6.5139 seg=0.8128 mard=2.0590 λM=0.0000 DURR(dir/res/hall)=2.1090/0.0000/0.0000 λD=0.631 route=214 E/S=115/99 rescue=0 empty=1 hall=0/0 FG/HBG/EBG=32/0/1152 grad=35.81
[E04] batch=050/250 pseudo=4 loss=14.0393 sfseg=14.0011 seg=1.5111 mard=1.9937 λM=0.0000 DURR(dir/res/hall)=0.5982/0.0000/0.0000 λD=0.639 route=87 E/S=24/63 rescue=0 empty=0 hall=0/0 FG/HBG/EBG=32/0/1536 grad=181.30
[E04] batch=060/250 pseudo=3 loss=8.1268 sfseg=8.0686 seg=1.0623 mard=2.0355 λM=0.0000 DURR(dir/res/hall)=0.8988/0.0000/0.0000 λD=0.647 route=218 E/S=127/91 rescue=0 empty=1 hall=0/0 FG/HBG/EBG=24/0/1152 grad=136.84
[E04] batch=070/250 pseudo=4 loss=11.7619 sfseg=11.7107 seg=1.0829 mard=1.9867 λM=0.0000 DURR(dir/res/hall)=0.7812/0.0000/0.0000 λD=0.655 route=196 E/S=105/91 rescue=0 empty=0 hall=0/0 FG/HBG/EBG=32/0/1536 grad=118.42
[E04] batch=080/250 pseudo=4 loss=5.9075 sfseg=5.8097 seg=0.4224 mard=2.0103 λM=0.0000 DURR(dir/res/hall)=1.4755/0.0000/0.0000 λD=0.663 route=228 E/S=42/186 rescue=0 empty=0 hall=0/0 FG/HBG/EBG=32/0/1536 grad=81.46
[E04] batch=090/250 pseudo=4 loss=13.1093 sfseg=13.0549 seg=0.4447 mard=2.0418 λM=0.0000 DURR(dir/res/hall)=0.8100/0.0000/0.0000 λD=0.671 route=247 E/S=34/213 rescue=0 empty=0 hall=0/0 FG/HBG/EBG=32/0/1536 grad=76.34
[E04] batch=100/250 pseudo=3 loss=14.6529 sfseg=14.5526 seg=1.8299 mard=2.0084 λM=0.0000 DURR(dir/res/hall)=1.4769/0.0000/0.0000 λD=0.679 route=362 E/S=102/260 rescue=0 empty=1 hall=0/0 FG/HBG/EBG=24/0/1152 grad=100.59
[E04] batch=110/250 pseudo=6 loss=6.4354 sfseg=6.3702 seg=0.6502 mard=2.0090 λM=0.0000 DURR(dir/res/hall)=0.9494/0.0000/0.0000 λD=0.687 route=344 E/S=95/249 rescue=0 empty=0 hall=0/0 FG/HBG/EBG=48/0/1536 grad=31.34
[E04] batch=120/250 pseudo=4 loss=14.6517 sfseg=14.5756 seg=1.0721 mard=2.0155 λM=0.0000 DURR(dir/res/hall)=1.0944/0.0000/0.0000 λD=0.695 route=200 E/S=126/74 rescue=0 empty=0 hall=0/0 FG/HBG/EBG=32/0/1536 grad=238.04
[E04] batch=130/250 pseudo=4 loss=6.3613 sfseg=6.2842 seg=0.5515 mard=2.0463 λM=0.0000 DURR(dir/res/hall)=1.0962/0.0000/0.0000 λD=0.703 route=239 E/S=92/147 rescue=0 empty=0 hall=0/0 FG/HBG/EBG=32/0/1536 grad=102.92
[E04] batch=140/250 pseudo=3 loss=5.9671 sfseg=5.6888 seg=1.0030 mard=2.0456 λM=0.0000 DURR(dir/res/hall)=0.9265/0.0000/2.9871 λD=0.711 route=105 E/S=64/41 rescue=0 empty=2 hall=1/113 FG/HBG/EBG=24/0/768 grad=157.17
[E04] batch=150/250 pseudo=4 loss=12.9806 sfseg=12.8832 seg=1.5010 mard=2.0843 λM=0.0000 DURR(dir/res/hall)=1.3403/0.0073/0.0000 λD=0.719 route=91 E/S=73/18 rescue=1 empty=0 hall=0/0 FG/HBG/EBG=32/0/1536 grad=87.82
[E04] batch=160/250 pseudo=2 loss=2.5877 sfseg=2.1552 seg=0.3581 mard=2.0881 λM=0.0000 DURR(dir/res/hall)=0.8080/0.0000/5.1391 λD=0.727 route=35 E/S=21/14 rescue=0 empty=2 hall=1/1746 FG/HBG/EBG=16/0/768 grad=34.92
[E04] batch=170/250 pseudo=4 loss=13.3230 sfseg=13.2791 seg=0.4664 mard=2.0232 λM=0.0000 DURR(dir/res/hall)=0.5968/0.0000/0.0000 λD=0.735 route=243 E/S=129/114 rescue=0 empty=0 hall=0/0 FG/HBG/EBG=32/0/1536 grad=96.48
[E04] batch=180/250 pseudo=5 loss=12.9499 sfseg=12.8379 seg=0.9301 mard=2.0093 λM=0.0000 DURR(dir/res/hall)=1.5072/0.0000/0.0000 λD=0.743 route=448 E/S=141/307 rescue=0 empty=0 hall=0/0 FG/HBG/EBG=40/0/1536 grad=125.92
[E04] batch=190/250 pseudo=3 loss=2.1518 sfseg=2.0941 seg=0.2499 mard=2.0096 λM=0.0000 DURR(dir/res/hall)=0.7684/0.0000/0.0000 λD=0.751 route=81 E/S=18/63 rescue=0 empty=1 hall=0/0 FG/HBG/EBG=24/0/1152 grad=23.85
[E04] batch=200/250 pseudo=4 loss=6.2202 sfseg=6.1508 seg=0.4458 mard=2.0190 λM=0.0000 DURR(dir/res/hall)=0.9141/0.0000/0.0000 λD=0.759 route=359 E/S=90/269 rescue=0 empty=0 hall=0/0 FG/HBG/EBG=32/0/1536 grad=48.14
[E04] batch=210/250 pseudo=4 loss=8.8894 sfseg=8.6672 seg=0.6368 mard=2.0720 λM=0.0000 DURR(dir/res/hall)=2.8964/0.0000/0.0000 λD=0.767 route=411 E/S=99/312 rescue=0 empty=0 hall=0/0 FG/HBG/EBG=32/0/1536 grad=71.43
[E04] batch=220/250 pseudo=5 loss=10.6472 sfseg=10.5099 seg=0.5543 mard=2.0732 λM=0.0000 DURR(dir/res/hall)=1.7709/0.0000/0.0000 λD=0.775 route=436 E/S=180/256 rescue=0 empty=0 hall=0/0 FG/HBG/EBG=40/0/1536 grad=81.51
[E04] batch=230/250 pseudo=4 loss=6.5036 sfseg=6.4273 seg=0.4667 mard=2.0132 λM=0.0000 DURR(dir/res/hall)=0.9747/0.0000/0.0000 λD=0.783 route=599 E/S=186/413 rescue=0 empty=0 hall=0/0 FG/HBG/EBG=32/0/1536 grad=50.96
[E04] batch=240/250 pseudo=5 loss=19.8313 sfseg=19.7248 seg=2.3771 mard=2.0210 λM=0.0000 DURR(dir/res/hall)=1.3471/0.0000/0.0000 λD=0.791 route=502 E/S=222/280 rescue=0 empty=0 hall=0/0 FG/HBG/EBG=40/0/1536 grad=132.12
[E04] batch=250/250 pseudo=5 loss=6.7750 sfseg=6.6922 seg=0.4622 mard=2.0440 λM=0.0000 DURR(dir/res/hall)=1.0364/0.0000/0.0000 λD=0.799 route=432 E/S=128/304 rescue=0 empty=0 hall=0/0 FG/HBG/EBG=40/0/1536 grad=83.36

[Epoch 04] DONE time=66.5s valid=250 skipped=0 pseudo=1034 anchors=996 mask_extra=38 reject_rel=16 DURRmatch=972/4668 rescue=12 teacher_empty=50 hall=14/3556 loss=10.0764 sfseg=9.9659 mard=2.0336 dir=1.3848 res=0.0137 hallL=0.1731 route E/S=26858/49613
[E05] batch=001/250 pseudo=5 loss=15.6795 sfseg=15.5574 seg=1.5389 mard=2.0317 λM=0.0000 DURR(dir/res/hall)=1.5257/0.0000/0.0000 λD=0.800 route=552 E/S=234/318 rescue=0 empty=0 hall=0/0 FG/HBG/EBG=40/0/1536 grad=174.43
[E05] batch=010/250 pseudo=5 loss=15.0009 sfseg=14.9241 seg=2.0376 mard=2.0497 λM=0.0000 DURR(dir/res/hall)=0.9504/0.0000/0.0000 λD=0.807 route=362 E/S=192/170 rescue=0 empty=0 hall=0/0 FG/HBG/EBG=40/0/1536 grad=178.28
[E05] batch=020/250 pseudo=4 loss=5.2179 sfseg=5.1108 seg=0.5598 mard=2.0371 λM=0.0000 DURR(dir/res/hall)=1.3129/0.0000/0.0000 λD=0.815 route=385 E/S=182/203 rescue=0 empty=0 hall=0/0 FG/HBG/EBG=32/0/1536 grad=59.18
[E05] batch=030/250 pseudo=4 loss=29.0985 sfseg=28.9336 seg=1.9760 mard=2.0296 λM=0.0000 DURR(dir/res/hall)=2.0039/0.0000/0.0000 λD=0.823 route=454 E/S=48/406 rescue=0 empty=0 hall=0/0 FG/HBG/EBG=32/0/1536 grad=126.36
[E05] batch=040/250 pseudo=4 loss=14.9049 sfseg=14.7966 seg=1.3784 mard=2.1060 λM=0.0000 DURR(dir/res/hall)=1.3022/0.0000/0.0000 λD=0.831 route=262 E/S=150/112 rescue=0 empty=0 hall=0/0 FG/HBG/EBG=32/0/1536 grad=128.74
[E05] batch=050/250 pseudo=5 loss=3.6781 sfseg=3.5932 seg=0.2681 mard=2.1217 λM=0.0000 DURR(dir/res/hall)=1.0121/0.0000/0.0000 λD=0.839 route=149 E/S=65/84 rescue=0 empty=0 hall=0/0 FG/HBG/EBG=40/0/1536 grad=23.13
[E05] batch=060/250 pseudo=4 loss=15.4949 sfseg=15.4122 seg=1.2130 mard=1.9813 λM=0.0000 DURR(dir/res/hall)=0.9762/0.0000/0.0000 λD=0.847 route=207 E/S=120/87 rescue=0 empty=0 hall=0/0 FG/HBG/EBG=32/0/1536 grad=178.84
[E05] batch=070/250 pseudo=4 loss=2.5370 sfseg=2.4625 seg=0.2120 mard=2.0661 λM=0.0000 DURR(dir/res/hall)=0.8714/0.0000/0.0000 λD=0.855 route=148 E/S=48/100 rescue=0 empty=0 hall=0/0 FG/HBG/EBG=32/0/1536 grad=28.05
[E05] batch=080/250 pseudo=6 loss=16.8860 sfseg=16.7626 seg=1.0807 mard=2.0493 λM=0.0000 DURR(dir/res/hall)=1.4301/0.0000/0.0000 λD=0.863 route=287 E/S=68/219 rescue=0 empty=0 hall=0/0 FG/HBG/EBG=48/0/1536 grad=205.81
[E05] batch=090/250 pseudo=3 loss=8.5534 sfseg=8.0952 seg=0.9926 mard=2.0887 λM=0.0000 DURR(dir/res/hall)=2.2124/0.0000/3.0464 λD=0.871 route=238 E/S=126/112 rescue=0 empty=1 hall=1/15 FG/HBG/EBG=24/0/1152 grad=61.52
[E05] batch=100/250 pseudo=3 loss=5.6232 sfseg=5.4416 seg=0.4521 mard=2.0427 λM=0.0000 DURR(dir/res/hall)=2.0658/0.0000/0.0000 λD=0.879 route=469 E/S=95/374 rescue=0 empty=1 hall=0/0 FG/HBG/EBG=24/0/1152 grad=68.51
[E05] batch=110/250 pseudo=4 loss=14.8771 sfseg=14.7424 seg=1.2786 mard=2.0395 λM=0.0000 DURR(dir/res/hall)=1.5183/0.0000/0.0000 λD=0.887 route=632 E/S=495/137 rescue=0 empty=0 hall=0/0 FG/HBG/EBG=32/0/1536 grad=250.76
[E05] batch=120/250 pseudo=5 loss=5.4514 sfseg=5.3543 seg=0.4162 mard=2.0060 λM=0.0000 DURR(dir/res/hall)=1.0849/0.0000/0.0000 λD=0.895 route=219 E/S=136/83 rescue=0 empty=0 hall=0/0 FG/HBG/EBG=40/0/1536 grad=47.36
[E05] batch=130/250 pseudo=3 loss=4.2774 sfseg=4.1497 seg=0.4531 mard=2.0533 λM=0.0000 DURR(dir/res/hall)=1.4139/0.0000/0.0000 λD=0.903 route=74 E/S=18/56 rescue=0 empty=1 hall=0/0 FG/HBG/EBG=24/0/1152 grad=40.77
[E05] batch=140/250 pseudo=3 loss=3.6603 sfseg=3.5473 seg=0.4225 mard=2.0573 λM=0.0000 DURR(dir/res/hall)=1.2396/0.0000/0.0000 λD=0.911 route=115 E/S=98/17 rescue=0 empty=1 hall=0/0 FG/HBG/EBG=24/0/1152 grad=54.88
[E05] batch=150/250 pseudo=4 loss=10.8194 sfseg=10.7052 seg=0.6878 mard=1.9905 λM=0.0000 DURR(dir/res/hall)=1.2431/0.0000/0.0000 λD=0.919 route=335 E/S=43/292 rescue=0 empty=0 hall=0/0 FG/HBG/EBG=32/0/1536 grad=77.29
[E05] batch=160/250 pseudo=5 loss=14.8031 sfseg=14.6377 seg=0.6624 mard=2.0241 λM=0.0000 DURR(dir/res/hall)=1.7833/0.0000/0.0000 λD=0.927 route=481 E/S=144/337 rescue=0 empty=0 hall=0/0 FG/HBG/EBG=40/0/1536 grad=183.85
[E05] batch=170/250 pseudo=3 loss=4.9874 sfseg=4.8778 seg=0.5839 mard=2.0566 λM=0.0000 DURR(dir/res/hall)=1.1722/0.0000/0.0000 λD=0.935 route=111 E/S=24/87 rescue=0 empty=1 hall=0/0 FG/HBG/EBG=24/0/1152 grad=65.70
[E05] batch=180/250 pseudo=4 loss=9.5376 sfseg=9.4244 seg=0.9819 mard=2.0540 λM=0.0000 DURR(dir/res/hall)=1.1999/0.0000/0.0000 λD=0.943 route=270 E/S=165/105 rescue=0 empty=0 hall=0/0 FG/HBG/EBG=32/0/1536 grad=107.58
[E05] batch=190/250 pseudo=4 loss=5.1895 sfseg=5.0905 seg=0.4523 mard=1.9947 λM=0.0000 DURR(dir/res/hall)=1.0410/0.0000/0.0000 λD=0.951 route=93 E/S=4/89 rescue=0 empty=0 hall=0/0 FG/HBG/EBG=32/0/1536 grad=102.14
[E05] batch=200/250 pseudo=3 loss=3.7750 sfseg=3.2531 seg=0.2826 mard=2.0812 λM=0.0000 DURR(dir/res/hall)=1.2847/0.0000/4.1559 λD=0.959 route=314 E/S=53/261 rescue=0 empty=1 hall=1/1076 FG/HBG/EBG=24/0/1152 grad=29.78
[E05] batch=210/250 pseudo=4 loss=3.7523 sfseg=3.6678 seg=0.2699 mard=2.0182 λM=0.0000 DURR(dir/res/hall)=0.8745/0.0000/0.0000 λD=0.967 route=118 E/S=36/82 rescue=0 empty=0 hall=0/0 FG/HBG/EBG=32/0/1536 grad=26.74
[E05] batch=220/250 pseudo=4 loss=10.4204 sfseg=10.3242 seg=0.5867 mard=2.0533 λM=0.0000 DURR(dir/res/hall)=0.9857/0.0000/0.0000 λD=0.975 route=335 E/S=183/152 rescue=0 empty=0 hall=0/0 FG/HBG/EBG=32/0/1536 grad=78.52
[E05] batch=230/250 pseudo=5 loss=8.5322 sfseg=8.4480 seg=0.5586 mard=2.0264 λM=0.0000 DURR(dir/res/hall)=0.8561/0.0000/0.0000 λD=0.983 route=335 E/S=140/195 rescue=0 empty=0 hall=0/0 FG/HBG/EBG=40/0/1536 grad=163.25
[E05] batch=240/250 pseudo=4 loss=3.6281 sfseg=3.5222 seg=0.2467 mard=2.0055 λM=0.0000 DURR(dir/res/hall)=1.0688/0.0000/0.0000 λD=0.991 route=250 E/S=32/218 rescue=0 empty=0 hall=0/0 FG/HBG/EBG=32/0/1536 grad=32.76
[E05] batch=250/250 pseudo=3 loss=4.9807 sfseg=4.8467 seg=0.3623 mard=2.0196 λM=0.0000 DURR(dir/res/hall)=1.3405/0.0000/0.0000 λD=0.999 route=127 E/S=84/43 rescue=0 empty=1 hall=0/0 FG/HBG/EBG=24/0/1152 grad=52.52

[Epoch 05] DONE time=66.2s valid=250 skipped=0 pseudo=1024 anchors=984 mask_extra=40 reject_rel=14 DURRmatch=958/4650 rescue=10 teacher_empty=42 hall=14/5194 loss=9.5069 sfseg=9.3690 mard=2.0335 dir=1.3559 res=0.0109 hallL=0.1605 route E/S=26422/50300
[E06] batch=001/250 pseudo=4 loss=24.7668 sfseg=24.6059 seg=1.3555 mard=2.0225 λM=0.0000 DURR(dir/res/hall)=1.6099/0.0000/0.0000 λD=1.000 route=467 E/S=171/296 rescue=0 empty=1 hall=0/0 FG/HBG/EBG=32/0/1152 grad=281.81
[E06] batch=010/250 pseudo=4 loss=3.5956 sfseg=3.4975 seg=0.3489 mard=2.0312 λM=0.0000 DURR(dir/res/hall)=0.9806/0.0000/0.0000 λD=1.000 route=176 E/S=109/67 rescue=0 empty=0 hall=0/0 FG/HBG/EBG=32/0/1536 grad=32.94
[E06] batch=020/250 pseudo=4 loss=9.1688 sfseg=9.0467 seg=0.7272 mard=2.0940 λM=0.0000 DURR(dir/res/hall)=1.2210/0.0000/0.0000 λD=1.000 route=163 E/S=57/106 rescue=0 empty=0 hall=0/0 FG/HBG/EBG=32/0/1536 grad=138.28
[E06] batch=030/250 pseudo=3 loss=2.4380 sfseg=2.0288 seg=0.3193 mard=2.0587 λM=0.0000 DURR(dir/res/hall)=1.2787/0.0000/2.8124 λD=1.000 route=98 E/S=31/67 rescue=0 empty=1 hall=1/17 FG/HBG/EBG=24/0/1152 grad=37.81
[E06] batch=040/250 pseudo=4 loss=5.0530 sfseg=4.9571 seg=0.2653 mard=2.0349 λM=0.0000 DURR(dir/res/hall)=0.9592/0.0000/0.0000 λD=1.000 route=279 E/S=65/214 rescue=0 empty=0 hall=0/0 FG/HBG/EBG=32/0/1536 grad=32.95
[E06] batch=050/250 pseudo=5 loss=4.7999 sfseg=4.6932 seg=0.3989 mard=2.0708 λM=0.0000 DURR(dir/res/hall)=1.0676/0.0000/0.0000 λD=1.000 route=270 E/S=58/212 rescue=0 empty=0 hall=0/0 FG/HBG/EBG=40/0/1536 grad=44.97
[E06] batch=060/250 pseudo=5 loss=9.5361 sfseg=9.4057 seg=0.9093 mard=2.0066 λM=0.0000 DURR(dir/res/hall)=1.3040/0.0000/0.0000 λD=1.000 route=677 E/S=105/572 rescue=0 empty=0 hall=0/0 FG/HBG/EBG=40/0/1536 grad=45.35
[E06] batch=070/250 pseudo=4 loss=5.1875 sfseg=5.0505 seg=0.3510 mard=2.0205 λM=0.0000 DURR(dir/res/hall)=1.3700/0.0000/0.0000 λD=1.000 route=223 E/S=59/164 rescue=0 empty=0 hall=0/0 FG/HBG/EBG=32/0/1536 grad=93.62
[E06] batch=080/250 pseudo=4 loss=11.4639 sfseg=11.2476 seg=1.1133 mard=2.0201 λM=0.0000 DURR(dir/res/hall)=2.1628/0.0000/0.0000 λD=1.000 route=121 E/S=75/46 rescue=0 empty=0 hall=0/0 FG/HBG/EBG=32/0/1536 grad=152.76
[E06] batch=090/250 pseudo=5 loss=7.7688 sfseg=7.6479 seg=0.6691 mard=2.0841 λM=0.0000 DURR(dir/res/hall)=1.2084/0.0000/0.0000 λD=1.000 route=471 E/S=73/398 rescue=0 empty=0 hall=0/0 FG/HBG/EBG=40/0/1536 grad=61.50
[E06] batch=100/250 pseudo=5 loss=14.3758 sfseg=14.2119 seg=1.7337 mard=2.0339 λM=0.0000 DURR(dir/res/hall)=1.6392/0.0000/0.0000 λD=1.000 route=1014 E/S=197/817 rescue=0 empty=0 hall=0/0 FG/HBG/EBG=40/0/1536 grad=133.36
[E06] batch=110/250 pseudo=4 loss=7.7503 sfseg=7.1704 seg=0.5686 mard=2.0457 λM=0.0000 DURR(dir/res/hall)=1.8366/0.1941/3.5750 λD=1.000 route=100 E/S=100/0 rescue=1 empty=1 hall=1/1 FG/HBG/EBG=32/0/1152 grad=61.72
[E06] batch=120/250 pseudo=4 loss=9.2348 sfseg=9.0040 seg=0.6326 mard=2.0399 λM=0.0000 DURR(dir/res/hall)=2.3083/0.0000/0.0000 λD=1.000 route=424 E/S=39/385 rescue=0 empty=0 hall=0/0 FG/HBG/EBG=32/0/1536 grad=98.96
[E06] batch=130/250 pseudo=3 loss=6.9709 sfseg=6.3223 seg=0.7890 mard=2.0058 λM=0.0000 DURR(dir/res/hall)=1.6075/0.0000/4.8791 λD=1.000 route=113 E/S=73/40 rescue=0 empty=1 hall=1/528 FG/HBG/EBG=24/0/1152 grad=114.51
[E06] batch=140/250 pseudo=4 loss=6.3681 sfseg=6.2701 seg=0.5067 mard=2.0272 λM=0.0000 DURR(dir/res/hall)=0.9801/0.0000/0.0000 λD=1.000 route=230 E/S=121/109 rescue=0 empty=0 hall=0/0 FG/HBG/EBG=32/0/1536 grad=64.66
[E06] batch=150/250 pseudo=6 loss=15.2064 sfseg=15.0408 seg=1.2709 mard=2.0049 λM=0.0000 DURR(dir/res/hall)=1.6561/0.0000/0.0000 λD=1.000 route=347 E/S=114/233 rescue=0 empty=0 hall=0/0 FG/HBG/EBG=48/0/1536 grad=86.96
[E06] batch=160/250 pseudo=4 loss=4.6839 sfseg=4.5279 seg=0.3777 mard=2.0032 λM=0.0000 DURR(dir/res/hall)=1.5593/0.0000/0.0000 λD=1.000 route=228 E/S=51/177 rescue=0 empty=0 hall=0/0 FG/HBG/EBG=32/0/1536 grad=26.26
[E06] batch=170/250 pseudo=4 loss=6.6483 sfseg=6.5474 seg=0.4430 mard=2.0138 λM=0.0000 DURR(dir/res/hall)=1.0091/0.0000/0.0000 λD=1.000 route=323 E/S=170/153 rescue=0 empty=0 hall=0/0 FG/HBG/EBG=32/0/1536 grad=69.08
[E06] batch=180/250 pseudo=4 loss=4.4388 sfseg=4.3171 seg=0.3693 mard=2.0223 λM=0.0000 DURR(dir/res/hall)=1.2174/0.0000/0.0000 λD=1.000 route=130 E/S=70/60 rescue=0 empty=0 hall=0/0 FG/HBG/EBG=32/0/1536 grad=30.43
[E06] batch=190/250 pseudo=4 loss=6.2846 sfseg=6.1457 seg=0.3546 mard=2.0400 λM=0.0000 DURR(dir/res/hall)=1.3890/0.0000/0.0000 λD=1.000 route=129 E/S=58/71 rescue=0 empty=0 hall=0/0 FG/HBG/EBG=32/0/1536 grad=155.60
[E06] batch=200/250 pseudo=4 loss=3.2512 sfseg=3.1474 seg=0.3015 mard=2.0034 λM=0.0000 DURR(dir/res/hall)=1.0383/0.0000/0.0000 λD=1.000 route=84 E/S=25/59 rescue=0 empty=0 hall=0/0 FG/HBG/EBG=32/0/1536 grad=25.61
[E06] batch=210/250 pseudo=5 loss=10.8864 sfseg=10.7821 seg=0.7275 mard=2.0141 λM=0.0000 DURR(dir/res/hall)=1.0427/0.0000/0.0000 λD=1.000 route=359 E/S=80/279 rescue=0 empty=0 hall=0/0 FG/HBG/EBG=40/0/1536 grad=79.05
[E06] batch=220/250 pseudo=4 loss=4.5197 sfseg=4.3824 seg=0.3837 mard=2.0817 λM=0.0000 DURR(dir/res/hall)=1.3728/0.0000/0.0000 λD=1.000 route=240 E/S=51/189 rescue=0 empty=0 hall=0/0 FG/HBG/EBG=32/0/1536 grad=40.01
[E06] batch=230/250 pseudo=5 loss=6.2081 sfseg=6.0606 seg=0.3900 mard=2.0469 λM=0.0000 DURR(dir/res/hall)=1.4753/0.0000/0.0000 λD=1.000 route=493 E/S=251/242 rescue=0 empty=0 hall=0/0 FG/HBG/EBG=40/0/1536 grad=38.26
[E06] batch=240/250 pseudo=4 loss=3.5498 sfseg=3.3605 seg=0.2751 mard=2.0957 λM=0.0000 DURR(dir/res/hall)=1.8929/0.0000/0.0000 λD=1.000 route=43 E/S=22/21 rescue=0 empty=0 hall=0/0 FG/HBG/EBG=32/0/1536 grad=29.14
[E06] batch=250/250 pseudo=5 loss=10.3080 sfseg=10.0671 seg=1.0398 mard=2.0090 λM=0.0000 DURR(dir/res/hall)=1.1308/0.6387/0.0000 λD=1.000 route=387 E/S=63/324 rescue=1 empty=0 hall=0/0 FG/HBG/EBG=40/0/1536 grad=101.11

[Epoch 06] DONE time=66.5s valid=250 skipped=0 pseudo=1022 anchors=973 mask_extra=49 reject_rel=19 DURRmatch=945/4564 rescue=11 teacher_empty=56 hall=21/6840 loss=9.2098 sfseg=9.0461 mard=2.0323 dir=1.3670 res=0.0258 hallL=0.2185 route E/S=24480/48794
[E07] batch=001/250 pseudo=4 loss=4.7101 sfseg=4.6291 seg=0.2466 mard=2.0467 λM=0.0000 DURR(dir/res/hall)=0.8101/0.0000/0.0000 λD=1.000 route=157 E/S=68/89 rescue=0 empty=0 hall=0/0 FG/HBG/EBG=32/0/1536 grad=33.54
[E07] batch=010/250 pseudo=4 loss=11.7682 sfseg=11.6383 seg=0.9093 mard=2.0623 λM=0.0000 DURR(dir/res/hall)=1.2996/0.0000/0.0000 λD=1.000 route=576 E/S=16/560 rescue=0 empty=0 hall=0/0 FG/HBG/EBG=32/0/1536 grad=199.56
[E07] batch=020/250 pseudo=4 loss=10.5980 sfseg=10.5132 seg=0.9726 mard=2.0245 λM=0.0000 DURR(dir/res/hall)=0.8480/0.0000/0.0000 λD=1.000 route=347 E/S=133/214 rescue=0 empty=0 hall=0/0 FG/HBG/EBG=32/0/1536 grad=119.65
[E07] batch=030/250 pseudo=4 loss=5.1732 sfseg=5.0898 seg=0.3519 mard=2.0370 λM=0.0000 DURR(dir/res/hall)=0.8343/0.0000/0.0000 λD=1.000 route=138 E/S=52/86 rescue=0 empty=0 hall=0/0 FG/HBG/EBG=32/0/1536 grad=28.52
[E07] batch=040/250 pseudo=3 loss=4.2178 sfseg=4.1204 seg=0.4433 mard=2.0649 λM=0.0000 DURR(dir/res/hall)=0.9725/0.0000/0.0011 λD=1.000 route=265 E/S=112/153 rescue=0 empty=1 hall=1/0 FG/HBG/EBG=24/0/1152 grad=29.78
[E07] batch=050/250 pseudo=4 loss=8.3710 sfseg=8.2473 seg=0.9267 mard=2.0204 λM=0.0000 DURR(dir/res/hall)=1.2372/0.0000/0.0000 λD=1.000 route=214 E/S=49/165 rescue=0 empty=0 hall=0/0 FG/HBG/EBG=32/0/1536 grad=89.62
[E07] batch=060/250 pseudo=4 loss=17.8936 sfseg=17.7719 seg=0.7868 mard=2.0038 λM=0.0000 DURR(dir/res/hall)=1.2172/0.0000/0.0000 λD=1.000 route=354 E/S=101/253 rescue=0 empty=0 hall=0/0 FG/HBG/EBG=32/0/1536 grad=196.46
[E07] batch=070/250 pseudo=2 loss=5.7191 sfseg=5.1198 seg=0.7184 mard=2.0019 λM=0.0000 DURR(dir/res/hall)=0.9748/0.0000/5.0179 λD=1.000 route=190 E/S=123/67 rescue=0 empty=2 hall=1/930 FG/HBG/EBG=16/0/768 grad=68.14
[E07] batch=080/250 pseudo=4 loss=5.7798 sfseg=5.6529 seg=0.6191 mard=2.0279 λM=0.0000 DURR(dir/res/hall)=1.2694/0.0000/0.0000 λD=1.000 route=244 E/S=81/163 rescue=0 empty=0 hall=0/0 FG/HBG/EBG=32/0/1536 grad=38.45
[E07] batch=090/250 pseudo=5 loss=6.3416 sfseg=6.2415 seg=0.5517 mard=2.0087 λM=0.0000 DURR(dir/res/hall)=1.0014/0.0000/0.0000 λD=1.000 route=226 E/S=46/180 rescue=0 empty=0 hall=0/0 FG/HBG/EBG=40/0/1536 grad=59.35
[E07] batch=100/250 pseudo=4 loss=3.5634 sfseg=3.4139 seg=0.2695 mard=2.0043 λM=0.0000 DURR(dir/res/hall)=1.4946/0.0000/0.0000 λD=1.000 route=60 E/S=36/24 rescue=0 empty=0 hall=0/0 FG/HBG/EBG=32/0/1536 grad=28.44
[E07] batch=110/250 pseudo=4 loss=20.6903 sfseg=20.3856 seg=0.6054 mard=2.0205 λM=0.0000 DURR(dir/res/hall)=3.0473/0.0000/0.0000 λD=1.000 route=394 E/S=76/318 rescue=0 empty=0 hall=0/0 FG/HBG/EBG=32/0/1536 grad=112.89
[E07] batch=120/250 pseudo=4 loss=9.7953 sfseg=9.7069 seg=0.7417 mard=2.0332 λM=0.0000 DURR(dir/res/hall)=0.8842/0.0000/0.0000 λD=1.000 route=615 E/S=285/330 rescue=0 empty=0 hall=0/0 FG/HBG/EBG=32/0/1536 grad=58.67
[E07] batch=130/250 pseudo=4 loss=10.2212 sfseg=9.9874 seg=0.4172 mard=1.9996 λM=0.0000 DURR(dir/res/hall)=2.2804/0.0288/0.0000 λD=1.000 route=104 E/S=70/34 rescue=1 empty=0 hall=0/0 FG/HBG/EBG=32/0/1536 grad=80.62
[E07] batch=140/250 pseudo=5 loss=9.4737 sfseg=9.3481 seg=0.6149 mard=2.0550 λM=0.0000 DURR(dir/res/hall)=1.2566/0.0000/0.0000 λD=1.000 route=228 E/S=112/116 rescue=0 empty=0 hall=0/0 FG/HBG/EBG=40/0/1536 grad=238.34
[E07] batch=150/250 pseudo=4 loss=5.9329 sfseg=5.7522 seg=0.3733 mard=2.0739 λM=0.0000 DURR(dir/res/hall)=0.9765/0.4152/0.0000 λD=1.000 route=231 E/S=167/64 rescue=1 empty=0 hall=0/0 FG/HBG/EBG=32/0/1536 grad=92.61
[E07] batch=160/250 pseudo=4 loss=7.6332 sfseg=7.5272 seg=0.6334 mard=1.9969 λM=0.0000 DURR(dir/res/hall)=1.0131/0.0232/0.0000 λD=1.000 route=223 E/S=31/192 rescue=1 empty=0 hall=0/0 FG/HBG/EBG=32/0/1536 grad=77.84
[E07] batch=170/250 pseudo=4 loss=14.2636 sfseg=14.1517 seg=1.4593 mard=2.0188 λM=0.0000 DURR(dir/res/hall)=1.1194/0.0000/0.0000 λD=1.000 route=630 E/S=427/203 rescue=0 empty=0 hall=0/0 FG/HBG/EBG=32/0/1536 grad=150.13
[E07] batch=180/250 pseudo=4 loss=18.5713 sfseg=18.3566 seg=1.9434 mard=2.0451 λM=0.0000 DURR(dir/res/hall)=2.1465/0.0000/0.0000 λD=1.000 route=530 E/S=348/182 rescue=0 empty=0 hall=0/0 FG/HBG/EBG=32/0/1536 grad=329.86
[E07] batch=190/250 pseudo=3 loss=2.8948 sfseg=2.7873 seg=0.2773 mard=2.0532 λM=0.0000 DURR(dir/res/hall)=1.0748/0.0000/0.0000 λD=1.000 route=184 E/S=67/117 rescue=0 empty=1 hall=0/0 FG/HBG/EBG=24/0/1152 grad=23.27
[E07] batch=200/250 pseudo=4 loss=4.8479 sfseg=4.7431 seg=0.3808 mard=2.0039 λM=0.0000 DURR(dir/res/hall)=1.0334/0.0075/0.0000 λD=1.000 route=60 E/S=23/37 rescue=1 empty=0 hall=0/0 FG/HBG/EBG=32/0/1536 grad=43.74
[E07] batch=210/250 pseudo=4 loss=13.5246 sfseg=13.3789 seg=0.8516 mard=2.0576 λM=0.0000 DURR(dir/res/hall)=1.4566/0.0000/0.0000 λD=1.000 route=257 E/S=60/197 rescue=0 empty=0 hall=0/0 FG/HBG/EBG=32/0/1536 grad=141.89
[E07] batch=220/250 pseudo=4 loss=6.2804 sfseg=6.1853 seg=0.3468 mard=2.0594 λM=0.0000 DURR(dir/res/hall)=0.9509/0.0000/0.0000 λD=1.000 route=217 E/S=93/124 rescue=0 empty=0 hall=0/0 FG/HBG/EBG=32/0/1536 grad=72.00
[E07] batch=230/250 pseudo=5 loss=4.8253 sfseg=4.7024 seg=0.3501 mard=2.0813 λM=0.0000 DURR(dir/res/hall)=1.2290/0.0000/0.0000 λD=1.000 route=318 E/S=17/301 rescue=0 empty=0 hall=0/0 FG/HBG/EBG=40/0/1536 grad=46.47
[E07] batch=240/250 pseudo=4 loss=15.9580 sfseg=15.8349 seg=1.2895 mard=2.0561 λM=0.0000 DURR(dir/res/hall)=1.2302/0.0000/0.0000 λD=1.000 route=422 E/S=208/214 rescue=0 empty=0 hall=0/0 FG/HBG/EBG=32/0/1536 grad=116.12
[E07] batch=250/250 pseudo=4 loss=7.4517 sfseg=7.2883 seg=0.6504 mard=2.0141 λM=0.0000 DURR(dir/res/hall)=1.6342/0.0000/0.0000 λD=1.000 route=209 E/S=71/138 rescue=0 empty=0 hall=0/0 FG/HBG/EBG=32/0/1536 grad=68.66

[Epoch 07] DONE time=66.8s valid=250 skipped=0 pseudo=1037 anchors=997 mask_extra=40 reject_rel=19 DURRmatch=971/4649 rescue=13 teacher_empty=47 hall=20/6733 loss=9.0202 sfseg=8.8561 mard=2.0306 dir=1.3109 res=0.0362 hallL=0.2578 route E/S=27578/50170
[E08] batch=001/250 pseudo=4 loss=6.9903 sfseg=6.9093 seg=0.7024 mard=2.1012 λM=0.0000 DURR(dir/res/hall)=0.8100/0.0000/0.0000 λD=1.000 route=284 E/S=49/235 rescue=0 empty=0 hall=0/0 FG/HBG/EBG=32/0/1536 grad=96.16
[E08] batch=010/250 pseudo=4 loss=6.6949 sfseg=6.5872 seg=0.4363 mard=2.0180 λM=0.0000 DURR(dir/res/hall)=1.0774/0.0000/0.0000 λD=1.000 route=335 E/S=174/161 rescue=0 empty=0 hall=0/0 FG/HBG/EBG=32/0/1536 grad=55.58
[E08] batch=020/250 pseudo=4 loss=15.4445 sfseg=15.3520 seg=0.9238 mard=2.0481 λM=0.0000 DURR(dir/res/hall)=0.9248/0.0000/0.0000 λD=1.000 route=202 E/S=122/80 rescue=0 empty=0 hall=0/0 FG/HBG/EBG=32/0/1536 grad=93.15
[E08] batch=030/250 pseudo=3 loss=5.6793 sfseg=5.5385 seg=0.4707 mard=2.0193 λM=0.0000 DURR(dir/res/hall)=1.4079/0.0000/0.0000 λD=1.000 route=221 E/S=119/102 rescue=0 empty=1 hall=0/0 FG/HBG/EBG=24/0/1152 grad=53.86
[E08] batch=040/250 pseudo=4 loss=6.1732 sfseg=6.0682 seg=0.4943 mard=2.0301 λM=0.0000 DURR(dir/res/hall)=1.0504/0.0000/0.0000 λD=1.000 route=242 E/S=62/180 rescue=0 empty=0 hall=0/0 FG/HBG/EBG=32/0/1536 grad=102.66
[E08] batch=050/250 pseudo=4 loss=18.8743 sfseg=18.6870 seg=1.4357 mard=1.9899 λM=0.0000 DURR(dir/res/hall)=1.8727/0.0000/0.0000 λD=1.000 route=461 E/S=86/375 rescue=0 empty=0 hall=0/0 FG/HBG/EBG=32/0/1536 grad=350.88
[E08] batch=060/250 pseudo=5 loss=16.9182 sfseg=16.8182 seg=0.7932 mard=1.9780 λM=0.0000 DURR(dir/res/hall)=0.9999/0.0000/0.0000 λD=1.000 route=294 E/S=67/227 rescue=0 empty=0 hall=0/0 FG/HBG/EBG=40/0/1536 grad=195.44
[E08] batch=070/250 pseudo=3 loss=7.9198 sfseg=7.3655 seg=0.8580 mard=2.0215 λM=0.0000 DURR(dir/res/hall)=0.9250/0.0000/4.6186 λD=1.000 route=271 E/S=167/104 rescue=0 empty=1 hall=1/635 FG/HBG/EBG=24/0/1152 grad=118.83
[E08] batch=080/250 pseudo=4 loss=8.7342 sfseg=8.6290 seg=0.7332 mard=2.0242 λM=0.0000 DURR(dir/res/hall)=1.0522/0.0000/0.0000 λD=1.000 route=173 E/S=34/139 rescue=0 empty=0 hall=0/0 FG/HBG/EBG=32/0/1536 grad=179.84
[E08] batch=090/250 pseudo=4 loss=4.9865 sfseg=4.8996 seg=0.4955 mard=2.0128 λM=0.0000 DURR(dir/res/hall)=0.8232/0.0231/0.0000 λD=1.000 route=28 E/S=19/9 rescue=1 empty=0 hall=0/0 FG/HBG/EBG=32/0/1536 grad=71.04
[E08] batch=100/250 pseudo=4 loss=4.7570 sfseg=4.6553 seg=0.4838 mard=2.0166 λM=0.0000 DURR(dir/res/hall)=1.0165/0.0000/0.0000 λD=1.000 route=251 E/S=180/71 rescue=0 empty=0 hall=0/0 FG/HBG/EBG=32/0/1536 grad=51.71
[E08] batch=110/250 pseudo=4 loss=2.8682 sfseg=2.7463 seg=0.1642 mard=2.0628 λM=0.0000 DURR(dir/res/hall)=1.2190/0.0000/0.0000 λD=1.000 route=231 E/S=67/164 rescue=0 empty=0 hall=0/0 FG/HBG/EBG=32/0/1536 grad=31.55
[E08] batch=120/250 pseudo=4 loss=12.8661 sfseg=12.6997 seg=1.0700 mard=2.0033 λM=0.0000 DURR(dir/res/hall)=1.6637/0.0000/0.0000 λD=1.000 route=405 E/S=70/335 rescue=0 empty=0 hall=0/0 FG/HBG/EBG=32/0/1536 grad=375.00
[E08] batch=130/250 pseudo=5 loss=15.9322 sfseg=15.7887 seg=1.4340 mard=2.0174 λM=0.0000 DURR(dir/res/hall)=1.4347/0.0000/0.0000 λD=1.000 route=944 E/S=101/843 rescue=0 empty=0 hall=0/0 FG/HBG/EBG=40/0/1536 grad=77.96
[E08] batch=140/250 pseudo=5 loss=10.8619 sfseg=10.3381 seg=1.1996 mard=2.0169 λM=0.0000 DURR(dir/res/hall)=0.9778/2.1301/0.0000 λD=1.000 route=259 E/S=88/171 rescue=1 empty=0 hall=0/0 FG/HBG/EBG=40/0/1536 grad=44.40
[E08] batch=150/250 pseudo=4 loss=5.7145 sfseg=5.6587 seg=0.5037 mard=2.0416 λM=0.0000 DURR(dir/res/hall)=0.5588/0.0000/0.0000 λD=1.000 route=277 E/S=53/224 rescue=0 empty=0 hall=0/0 FG/HBG/EBG=32/0/1536 grad=46.93
[E08] batch=160/250 pseudo=4 loss=11.7381 sfseg=11.5436 seg=0.6558 mard=2.0380 λM=0.0000 DURR(dir/res/hall)=1.9448/0.0000/0.0000 λD=1.000 route=294 E/S=192/102 rescue=0 empty=0 hall=0/0 FG/HBG/EBG=32/0/1536 grad=173.42
[E08] batch=170/250 pseudo=4 loss=4.8877 sfseg=4.7708 seg=0.4144 mard=2.0609 λM=0.0000 DURR(dir/res/hall)=1.1693/0.0000/0.0000 λD=1.000 route=209 E/S=116/93 rescue=0 empty=0 hall=0/0 FG/HBG/EBG=32/0/1536 grad=30.50
[E08] batch=180/250 pseudo=5 loss=7.5811 sfseg=7.4368 seg=0.5340 mard=1.9891 λM=0.0000 DURR(dir/res/hall)=1.4427/0.0000/0.0000 λD=1.000 route=790 E/S=239/551 rescue=0 empty=0 hall=0/0 FG/HBG/EBG=40/0/1536 grad=41.97
[E08] batch=190/250 pseudo=4 loss=10.8434 sfseg=10.7460 seg=0.5766 mard=1.9934 λM=0.0000 DURR(dir/res/hall)=0.9745/0.0000/0.0000 λD=1.000 route=383 E/S=122/261 rescue=0 empty=0 hall=0/0 FG/HBG/EBG=32/0/1536 grad=106.73
[E08] batch=200/250 pseudo=4 loss=14.9084 sfseg=14.7949 seg=0.7686 mard=2.0184 λM=0.0000 DURR(dir/res/hall)=1.1351/0.0000/0.0000 λD=1.000 route=145 E/S=14/131 rescue=0 empty=0 hall=0/0 FG/HBG/EBG=32/0/1536 grad=428.98
[E08] batch=210/250 pseudo=3 loss=2.5565 sfseg=2.4650 seg=0.2642 mard=2.0224 λM=0.0000 DURR(dir/res/hall)=0.9155/0.0000/0.0000 λD=1.000 route=45 E/S=17/28 rescue=0 empty=1 hall=0/0 FG/HBG/EBG=24/0/1152 grad=33.16
[E08] batch=220/250 pseudo=5 loss=10.9981 sfseg=10.8336 seg=0.6151 mard=2.0239 λM=0.0000 DURR(dir/res/hall)=1.6459/0.0000/0.0000 λD=1.000 route=272 E/S=68/204 rescue=0 empty=0 hall=0/0 FG/HBG/EBG=40/0/1536 grad=58.58
[E08] batch=230/250 pseudo=3 loss=7.6707 sfseg=7.4384 seg=0.6608 mard=2.0283 λM=0.0000 DURR(dir/res/hall)=2.3234/0.0000/0.0000 λD=1.000 route=375 E/S=202/173 rescue=0 empty=1 hall=0/0 FG/HBG/EBG=24/0/1152 grad=57.10
[E08] batch=240/250 pseudo=5 loss=6.5072 sfseg=6.4173 seg=0.3861 mard=2.0114 λM=0.0000 DURR(dir/res/hall)=0.8982/0.0000/0.0000 λD=1.000 route=402 E/S=131/271 rescue=0 empty=0 hall=0/0 FG/HBG/EBG=40/0/1536 grad=36.60
[E08] batch=250/250 pseudo=5 loss=4.9980 sfseg=4.8374 seg=0.3015 mard=2.0294 λM=0.0000 DURR(dir/res/hall)=1.6069/0.0000/0.0000 λD=1.000 route=437 E/S=217/220 rescue=0 empty=0 hall=0/0 FG/HBG/EBG=40/0/1536 grad=26.74

[Epoch 08] DONE time=66.3s valid=250 skipped=0 pseudo=1024 anchors=983 mask_extra=41 reject_rel=19 DURRmatch=956/4611 rescue=15 teacher_empty=49 hall=15/7466 loss=9.0194 sfseg=8.8535 mard=2.0314 dir=1.3406 res=0.0487 hallL=0.2210 route E/S=26570/49918
[E09] batch=001/250 pseudo=3 loss=6.3732 sfseg=6.2196 seg=0.6977 mard=1.9968 λM=0.0000 DURR(dir/res/hall)=1.5359/0.0000/0.0000 λD=1.000 route=257 E/S=71/186 rescue=0 empty=1 hall=0/0 FG/HBG/EBG=24/0/1152 grad=74.09
[E09] batch=010/250 pseudo=4 loss=8.6806 sfseg=8.5456 seg=0.5524 mard=2.0303 λM=0.0000 DURR(dir/res/hall)=1.3498/0.0000/0.0000 λD=1.000 route=534 E/S=158/376 rescue=0 empty=0 hall=0/0 FG/HBG/EBG=32/0/1536 grad=76.23
[E09] batch=020/250 pseudo=4 loss=12.2243 sfseg=12.1139 seg=0.8346 mard=2.0228 λM=0.0000 DURR(dir/res/hall)=1.1039/0.0000/0.0000 λD=1.000 route=212 E/S=99/113 rescue=0 empty=0 hall=0/0 FG/HBG/EBG=32/0/1536 grad=53.39
[E09] batch=030/250 pseudo=3 loss=6.2741 sfseg=6.0880 seg=0.3904 mard=2.0419 λM=0.0000 DURR(dir/res/hall)=1.8609/0.0000/0.0001 λD=1.000 route=70 E/S=20/50 rescue=0 empty=1 hall=1/0 FG/HBG/EBG=24/0/1152 grad=67.43
[E09] batch=040/250 pseudo=4 loss=7.5012 sfseg=7.3883 seg=0.4306 mard=2.0502 λM=0.0000 DURR(dir/res/hall)=1.1288/0.0000/0.0000 λD=1.000 route=270 E/S=127/143 rescue=0 empty=0 hall=0/0 FG/HBG/EBG=32/0/1536 grad=73.14
[E09] batch=050/250 pseudo=4 loss=10.0033 sfseg=9.8364 seg=0.7140 mard=2.0233 λM=0.0000 DURR(dir/res/hall)=1.6686/0.0000/0.0000 λD=1.000 route=529 E/S=162/367 rescue=0 empty=0 hall=0/0 FG/HBG/EBG=32/0/1536 grad=108.38
[E09] batch=060/250 pseudo=3 loss=3.4172 sfseg=3.3137 seg=0.3127 mard=1.9805 λM=0.0000 DURR(dir/res/hall)=1.0347/0.0000/0.0000 λD=1.000 route=108 E/S=62/46 rescue=0 empty=1 hall=0/0 FG/HBG/EBG=24/0/1152 grad=101.58
[E09] batch=070/250 pseudo=5 loss=15.3255 sfseg=15.2079 seg=1.1658 mard=1.9942 λM=0.0000 DURR(dir/res/hall)=1.1753/0.0000/0.0000 λD=1.000 route=156 E/S=28/128 rescue=0 empty=0 hall=0/0 FG/HBG/EBG=40/0/1536 grad=205.25
[E09] batch=080/250 pseudo=4 loss=3.3618 sfseg=3.2274 seg=0.2627 mard=2.0267 λM=0.0000 DURR(dir/res/hall)=1.3443/0.0000/0.0000 λD=1.000 route=88 E/S=64/24 rescue=0 empty=0 hall=0/0 FG/HBG/EBG=32/0/1536 grad=26.64
[E09] batch=090/250 pseudo=3 loss=3.5101 sfseg=3.2411 seg=0.3247 mard=2.0860 λM=0.0000 DURR(dir/res/hall)=2.6904/0.0000/0.0000 λD=1.000 route=42 E/S=0/42 rescue=0 empty=1 hall=0/0 FG/HBG/EBG=24/0/1152 grad=31.64
[E09] batch=100/250 pseudo=4 loss=8.6876 sfseg=8.5343 seg=0.7974 mard=2.0004 λM=0.0000 DURR(dir/res/hall)=1.5327/0.0000/0.0000 λD=1.000 route=306 E/S=78/228 rescue=0 empty=1 hall=0/0 FG/HBG/EBG=32/0/1152 grad=42.29
[E09] batch=110/250 pseudo=5 loss=5.2150 sfseg=5.1325 seg=0.2667 mard=2.0187 λM=0.0000 DURR(dir/res/hall)=0.7570/0.0339/0.0000 λD=1.000 route=156 E/S=58/98 rescue=1 empty=0 hall=0/0 FG/HBG/EBG=40/0/1536 grad=65.48
[E09] batch=120/250 pseudo=4 loss=5.2042 sfseg=5.0883 seg=0.3383 mard=2.0120 λM=0.0000 DURR(dir/res/hall)=1.1585/0.0000/0.0000 λD=1.000 route=371 E/S=114/257 rescue=0 empty=0 hall=0/0 FG/HBG/EBG=32/0/1536 grad=42.55
[E09] batch=130/250 pseudo=5 loss=3.3588 sfseg=3.2422 seg=0.2661 mard=2.0351 λM=0.0000 DURR(dir/res/hall)=1.1662/0.0000/0.0000 λD=1.000 route=148 E/S=26/122 rescue=0 empty=0 hall=0/0 FG/HBG/EBG=40/0/1536 grad=24.36
[E09] batch=140/250 pseudo=5 loss=8.5126 sfseg=8.3961 seg=0.6165 mard=2.0394 λM=0.0000 DURR(dir/res/hall)=1.1651/0.0000/0.0000 λD=1.000 route=867 E/S=152/715 rescue=0 empty=0 hall=0/0 FG/HBG/EBG=40/0/1536 grad=120.56
[E09] batch=150/250 pseudo=4 loss=3.9169 sfseg=3.8226 seg=0.3101 mard=2.0717 λM=0.0000 DURR(dir/res/hall)=0.9433/0.0000/0.0000 λD=1.000 route=148 E/S=77/71 rescue=0 empty=0 hall=0/0 FG/HBG/EBG=32/0/1536 grad=32.74
[E09] batch=160/250 pseudo=4 loss=13.0219 sfseg=12.8765 seg=0.8044 mard=2.0036 λM=0.0000 DURR(dir/res/hall)=1.4544/0.0000/0.0000 λD=1.000 route=350 E/S=43/307 rescue=0 empty=0 hall=0/0 FG/HBG/EBG=32/0/1536 grad=61.44
[E09] batch=170/250 pseudo=5 loss=8.3596 sfseg=8.2271 seg=0.7570 mard=2.0190 λM=0.0000 DURR(dir/res/hall)=1.3253/0.0000/0.0000 λD=1.000 route=546 E/S=141/405 rescue=0 empty=0 hall=0/0 FG/HBG/EBG=40/0/1536 grad=78.63
[E09] batch=180/250 pseudo=5 loss=6.2754 sfseg=6.1556 seg=0.4349 mard=2.0220 λM=0.0000 DURR(dir/res/hall)=1.1972/0.0000/0.0000 λD=1.000 route=293 E/S=109/184 rescue=0 empty=0 hall=0/0 FG/HBG/EBG=40/0/1536 grad=44.93
[E09] batch=190/250 pseudo=4 loss=6.7709 sfseg=6.6692 seg=0.5805 mard=2.0250 λM=0.0000 DURR(dir/res/hall)=1.0175/0.0000/0.0000 λD=1.000 route=343 E/S=136/207 rescue=0 empty=0 hall=0/0 FG/HBG/EBG=32/0/1536 grad=112.19
[E09] batch=200/250 pseudo=4 loss=23.6402 sfseg=23.4523 seg=1.2216 mard=2.0076 λM=0.0000 DURR(dir/res/hall)=1.8792/0.0000/0.0000 λD=1.000 route=484 E/S=59/425 rescue=0 empty=0 hall=0/0 FG/HBG/EBG=32/0/1536 grad=84.75
[E09] batch=210/250 pseudo=3 loss=2.8657 sfseg=2.7658 seg=0.2669 mard=1.9888 λM=0.0000 DURR(dir/res/hall)=0.9990/0.0000/0.0000 λD=1.000 route=202 E/S=113/89 rescue=0 empty=1 hall=0/0 FG/HBG/EBG=24/0/1152 grad=21.38
[E09] batch=220/250 pseudo=5 loss=19.2880 sfseg=19.1925 seg=0.8792 mard=2.0030 λM=0.0000 DURR(dir/res/hall)=0.9554/0.0000/0.0000 λD=1.000 route=96 E/S=78/18 rescue=0 empty=0 hall=0/0 FG/HBG/EBG=40/0/1536 grad=107.18
[E09] batch=230/250 pseudo=4 loss=17.4054 sfseg=17.2267 seg=2.0676 mard=2.0051 λM=0.0000 DURR(dir/res/hall)=1.7864/0.0000/0.0000 λD=1.000 route=475 E/S=81/394 rescue=0 empty=0 hall=0/0 FG/HBG/EBG=32/0/1536 grad=115.85
[E09] batch=240/250 pseudo=4 loss=10.0472 sfseg=9.9257 seg=0.7778 mard=2.0629 λM=0.0000 DURR(dir/res/hall)=1.2151/0.0000/0.0000 λD=1.000 route=413 E/S=189/224 rescue=0 empty=0 hall=0/0 FG/HBG/EBG=32/0/1536 grad=135.24
[E09] batch=250/250 pseudo=5 loss=11.7777 sfseg=11.5545 seg=0.4948 mard=2.0214 λM=0.0000 DURR(dir/res/hall)=2.2328/0.0000/0.0000 λD=1.000 route=240 E/S=124/116 rescue=0 empty=0 hall=0/0 FG/HBG/EBG=40/0/1536 grad=114.54

[Epoch 09] DONE time=66.7s valid=250 skipped=0 pseudo=1022 anchors=977 mask_extra=45 reject_rel=15 DURRmatch=954/4597 rescue=13 teacher_empty=53 hall=21/5209 loss=8.8245 sfseg=8.6649 mard=2.0301 dir=1.3344 res=0.0121 hallL=0.2377 route E/S=25188/50229
[E10] batch=001/250 pseudo=4 loss=3.7880 sfseg=3.6972 seg=0.2719 mard=2.0200 λM=0.0000 DURR(dir/res/hall)=0.9079/0.0000/0.0000 λD=1.000 route=157 E/S=119/38 rescue=0 empty=0 hall=0/0 FG/HBG/EBG=32/0/1536 grad=35.65
[E10] batch=010/250 pseudo=4 loss=4.9713 sfseg=4.8410 seg=0.5214 mard=2.0380 λM=0.0000 DURR(dir/res/hall)=1.3030/0.0000/0.0000 λD=1.000 route=237 E/S=162/75 rescue=0 empty=0 hall=0/0 FG/HBG/EBG=32/0/1536 grad=45.09
[E10] batch=020/250 pseudo=5 loss=9.8122 sfseg=9.7103 seg=0.4606 mard=1.9942 λM=0.0000 DURR(dir/res/hall)=1.0196/0.0000/0.0000 λD=1.000 route=332 E/S=79/253 rescue=0 empty=0 hall=0/0 FG/HBG/EBG=40/0/1536 grad=115.20
[E10] batch=030/250 pseudo=4 loss=13.5315 sfseg=13.4330 seg=1.0981 mard=2.0464 λM=0.0000 DURR(dir/res/hall)=0.9853/0.0000/0.0000 λD=1.000 route=303 E/S=58/245 rescue=0 empty=0 hall=0/0 FG/HBG/EBG=32/0/1536 grad=77.22
[E10] batch=040/250 pseudo=4 loss=29.7291 sfseg=29.5879 seg=1.7853 mard=2.0338 λM=0.0000 DURR(dir/res/hall)=1.4118/0.0000/0.0000 λD=1.000 route=896 E/S=301/595 rescue=0 empty=0 hall=0/0 FG/HBG/EBG=32/0/1536 grad=331.00
[E10] batch=050/250 pseudo=5 loss=14.5585 sfseg=14.4376 seg=0.6642 mard=2.0225 λM=0.0000 DURR(dir/res/hall)=1.2085/0.0000/0.0000 λD=1.000 route=442 E/S=105/337 rescue=0 empty=0 hall=0/0 FG/HBG/EBG=40/0/1536 grad=101.23
[E10] batch=060/250 pseudo=5 loss=14.0593 sfseg=13.8555 seg=1.0036 mard=2.0267 λM=0.0000 DURR(dir/res/hall)=0.6435/0.6974/0.0000 λD=1.000 route=228 E/S=13/215 rescue=1 empty=0 hall=0/0 FG/HBG/EBG=40/0/1536 grad=118.68
[E10] batch=070/250 pseudo=4 loss=3.5974 sfseg=3.5018 seg=0.2155 mard=2.0645 λM=0.0000 DURR(dir/res/hall)=0.9557/0.0000/0.0000 λD=1.000 route=187 E/S=50/137 rescue=0 empty=0 hall=0/0 FG/HBG/EBG=32/0/1536 grad=42.86
[E10] batch=080/250 pseudo=4 loss=7.8206 sfseg=7.6881 seg=0.3784 mard=2.0121 λM=0.0000 DURR(dir/res/hall)=1.3247/0.0000/0.0000 λD=1.000 route=300 E/S=135/165 rescue=0 empty=0 hall=0/0 FG/HBG/EBG=32/0/1536 grad=174.01
[E10] batch=090/250 pseudo=3 loss=8.0267 sfseg=7.5368 seg=0.5732 mard=2.0033 λM=0.0000 DURR(dir/res/hall)=0.9168/0.0000/3.9823 λD=1.000 route=463 E/S=180/283 rescue=0 empty=1 hall=1/752 FG/HBG/EBG=24/0/1152 grad=52.61
[E10] batch=100/250 pseudo=5 loss=14.9936 sfseg=14.8750 seg=0.7530 mard=2.0158 λM=0.0000 DURR(dir/res/hall)=1.1861/0.0000/0.0000 λD=1.000 route=381 E/S=104/277 rescue=0 empty=0 hall=0/0 FG/HBG/EBG=40/0/1536 grad=118.18
[E10] batch=110/250 pseudo=5 loss=6.0744 sfseg=5.9191 seg=0.3853 mard=2.0395 λM=0.0000 DURR(dir/res/hall)=1.5529/0.0000/0.0000 λD=1.000 route=97 E/S=38/59 rescue=0 empty=0 hall=0/0 FG/HBG/EBG=40/0/1536 grad=42.13
[E10] batch=120/250 pseudo=4 loss=2.7528 sfseg=2.6775 seg=0.2303 mard=2.0418 λM=0.0000 DURR(dir/res/hall)=0.7532/0.0000/0.0000 λD=1.000 route=131 E/S=67/64 rescue=0 empty=0 hall=0/0 FG/HBG/EBG=32/0/1536 grad=19.81
[E10] batch=130/250 pseudo=4 loss=8.6179 sfseg=8.4325 seg=0.5953 mard=2.0238 λM=0.0000 DURR(dir/res/hall)=1.8542/0.0000/0.0000 λD=1.000 route=192 E/S=99/93 rescue=0 empty=0 hall=0/0 FG/HBG/EBG=32/0/1536 grad=90.59
[E10] batch=140/250 pseudo=4 loss=11.5335 sfseg=11.4061 seg=1.1727 mard=2.0394 λM=0.0000 DURR(dir/res/hall)=1.2741/0.0000/0.0000 λD=1.000 route=348 E/S=187/161 rescue=0 empty=0 hall=0/0 FG/HBG/EBG=32/0/1536 grad=81.75
[E10] batch=150/250 pseudo=4 loss=6.8437 sfseg=6.6542 seg=0.5793 mard=2.0299 λM=0.0000 DURR(dir/res/hall)=1.8945/0.0000/0.0000 λD=1.000 route=274 E/S=107/167 rescue=0 empty=0 hall=0/0 FG/HBG/EBG=32/0/1536 grad=51.69
[E10] batch=160/250 pseudo=4 loss=12.0359 sfseg=11.9281 seg=0.5859 mard=2.0399 λM=0.0000 DURR(dir/res/hall)=1.0786/0.0000/0.0000 λD=1.000 route=269 E/S=69/200 rescue=0 empty=0 hall=0/0 FG/HBG/EBG=32/0/1536 grad=150.31
[E10] batch=170/250 pseudo=3 loss=2.3671 sfseg=2.3018 seg=0.2074 mard=2.0878 λM=0.0000 DURR(dir/res/hall)=0.6524/0.0000/0.0000 λD=1.000 route=150 E/S=35/115 rescue=0 empty=1 hall=0/0 FG/HBG/EBG=24/0/1152 grad=28.89
[E10] batch=180/250 pseudo=5 loss=6.4873 sfseg=6.3605 seg=0.5318 mard=2.0495 λM=0.0000 DURR(dir/res/hall)=1.2681/0.0000/0.0000 λD=1.000 route=132 E/S=44/88 rescue=0 empty=0 hall=0/0 FG/HBG/EBG=40/0/1536 grad=63.80
[E10] batch=190/250 pseudo=4 loss=9.5257 sfseg=9.4129 seg=0.6853 mard=2.0136 λM=0.0000 DURR(dir/res/hall)=1.1275/0.0000/0.0000 λD=1.000 route=471 E/S=36/435 rescue=0 empty=0 hall=0/0 FG/HBG/EBG=32/0/1536 grad=135.80
[E10] batch=200/250 pseudo=4 loss=10.4324 sfseg=10.3501 seg=0.7252 mard=2.0000 λM=0.0000 DURR(dir/res/hall)=0.8224/0.0000/0.0000 λD=1.000 route=120 E/S=38/82 rescue=0 empty=0 hall=0/0 FG/HBG/EBG=32/0/1536 grad=135.82
[E10] batch=210/250 pseudo=5 loss=12.7248 sfseg=12.6021 seg=1.4586 mard=2.0291 λM=0.0000 DURR(dir/res/hall)=1.2272/0.0000/0.0000 λD=1.000 route=532 E/S=157/375 rescue=0 empty=0 hall=0/0 FG/HBG/EBG=40/0/1536 grad=291.64
[E10] batch=220/250 pseudo=5 loss=10.3673 sfseg=10.2891 seg=0.6812 mard=2.0706 λM=0.0000 DURR(dir/res/hall)=0.7817/0.0000/0.0000 λD=1.000 route=549 E/S=188/361 rescue=0 empty=0 hall=0/0 FG/HBG/EBG=40/0/1536 grad=96.83
[E10] batch=230/250 pseudo=5 loss=5.3887 sfseg=5.2471 seg=0.3686 mard=2.0079 λM=0.0000 DURR(dir/res/hall)=1.4161/0.0000/0.0000 λD=1.000 route=291 E/S=68/223 rescue=0 empty=0 hall=0/0 FG/HBG/EBG=40/0/1536 grad=82.72
[E10] batch=240/250 pseudo=4 loss=8.0810 sfseg=7.8902 seg=0.5254 mard=2.0055 λM=0.0000 DURR(dir/res/hall)=1.9073/0.0000/0.0000 λD=1.000 route=343 E/S=114/229 rescue=0 empty=0 hall=0/0 FG/HBG/EBG=32/0/1536 grad=57.07
[E10] batch=250/250 pseudo=4 loss=5.1853 sfseg=5.1044 seg=0.4850 mard=2.0031 λM=0.0000 DURR(dir/res/hall)=0.8085/0.0000/0.0000 λD=1.000 route=290 E/S=138/152 rescue=0 empty=0 hall=0/0 FG/HBG/EBG=32/0/1536 grad=32.33

[Epoch 10] DONE time=66.5s valid=250 skipped=0 pseudo=1034 anchors=993 mask_extra=41 reject_rel=22 DURRmatch=965/4653 rescue=14 teacher_empty=47 hall=19/6245 loss=8.6586 sfseg=8.5053 mard=2.0305 dir=1.3089 res=0.0114 hallL=0.2019 route E/S=26765/49140
[SAVE Student] /home/dang/MedRT-SFOD/runs/seg/ablation/c2k_maskdhf_durr_v1_60ep/checkpoints/durr_student_epoch_10.pt
[SAVE Teacher] /home/dang/MedRT-SFOD/runs/seg/ablation/c2k_maskdhf_durr_v1_60ep/checkpoints/durr_teacher_ema_epoch_10.pt
[E11] batch=001/250 pseudo=4 loss=19.5765 sfseg=19.4380 seg=2.1444 mard=2.0320 λM=0.0000 DURR(dir/res/hall)=1.3846/0.0000/0.0000 λD=1.000 route=320 E/S=143/177 rescue=0 empty=0 hall=0/0 FG/HBG/EBG=32/0/1536 grad=142.07
[E11] batch=010/250 pseudo=5 loss=11.4185 sfseg=11.2167 seg=0.6410 mard=2.0793 λM=0.0000 DURR(dir/res/hall)=1.3923/0.3127/0.0000 λD=1.000 route=518 E/S=127/391 rescue=1 empty=0 hall=0/0 FG/HBG/EBG=40/0/1536 grad=91.37
[E11] batch=020/250 pseudo=4 loss=3.0351 sfseg=2.8569 seg=0.2241 mard=2.0206 λM=0.0000 DURR(dir/res/hall)=1.7818/0.0000/0.0000 λD=1.000 route=89 E/S=57/32 rescue=0 empty=0 hall=0/0 FG/HBG/EBG=32/0/1536 grad=21.61
[E11] batch=030/250 pseudo=4 loss=15.8993 sfseg=15.7741 seg=0.9479 mard=2.0344 λM=0.0000 DURR(dir/res/hall)=1.2515/0.0000/0.0000 λD=1.000 route=219 E/S=90/129 rescue=0 empty=0 hall=0/0 FG/HBG/EBG=32/0/1536 grad=173.03
[E11] batch=040/250 pseudo=4 loss=4.6520 sfseg=4.5651 seg=0.4906 mard=2.0500 λM=0.0000 DURR(dir/res/hall)=0.8688/0.0000/0.0000 λD=1.000 route=232 E/S=4/228 rescue=0 empty=1 hall=0/0 FG/HBG/EBG=32/0/1152 grad=32.57
[E11] batch=050/250 pseudo=5 loss=12.1233 sfseg=11.9846 seg=0.8861 mard=2.0148 λM=0.0000 DURR(dir/res/hall)=1.3869/0.0000/0.0000 λD=1.000 route=413 E/S=151/262 rescue=0 empty=0 hall=0/0 FG/HBG/EBG=40/0/1536 grad=76.24
[E11] batch=060/250 pseudo=4 loss=5.5789 sfseg=5.4723 seg=0.5297 mard=2.0474 λM=0.0000 DURR(dir/res/hall)=1.0654/0.0000/0.0000 λD=1.000 route=108 E/S=41/67 rescue=0 empty=0 hall=0/0 FG/HBG/EBG=32/0/1536 grad=101.96
[E11] batch=070/250 pseudo=5 loss=14.9993 sfseg=14.8891 seg=0.7401 mard=2.0045 λM=0.0000 DURR(dir/res/hall)=0.9693/0.0662/0.0000 λD=1.000 route=387 E/S=59/328 rescue=1 empty=0 hall=0/0 FG/HBG/EBG=40/0/1536 grad=250.88
[E11] batch=080/250 pseudo=4 loss=5.1711 sfseg=5.0736 seg=0.2430 mard=2.0167 λM=0.0000 DURR(dir/res/hall)=0.9393/0.0178/0.0000 λD=1.000 route=41 E/S=16/25 rescue=1 empty=0 hall=0/0 FG/HBG/EBG=32/0/1536 grad=64.19
[E11] batch=090/250 pseudo=4 loss=8.5157 sfseg=8.3663 seg=0.7110 mard=2.0128 λM=0.0000 DURR(dir/res/hall)=1.4934/0.0000/0.0000 λD=1.000 route=58 E/S=30/28 rescue=0 empty=0 hall=0/0 FG/HBG/EBG=32/0/1536 grad=198.24
[E11] batch=100/250 pseudo=4 loss=6.8809 sfseg=6.7257 seg=0.5442 mard=1.9996 λM=0.0000 DURR(dir/res/hall)=1.5521/0.0000/0.0000 λD=1.000 route=189 E/S=34/155 rescue=0 empty=0 hall=0/0 FG/HBG/EBG=32/0/1536 grad=64.99
[E11] batch=110/250 pseudo=4 loss=3.7568 sfseg=3.6531 seg=0.3117 mard=2.0204 λM=0.0000 DURR(dir/res/hall)=1.0374/0.0000/0.0000 λD=1.000 route=190 E/S=63/127 rescue=0 empty=0 hall=0/0 FG/HBG/EBG=32/0/1536 grad=35.24
[E11] batch=120/250 pseudo=4 loss=5.2547 sfseg=5.1536 seg=0.3235 mard=2.0212 λM=0.0000 DURR(dir/res/hall)=1.0106/0.0000/0.0000 λD=1.000 route=251 E/S=198/53 rescue=0 empty=0 hall=0/0 FG/HBG/EBG=32/0/1536 grad=72.03
[E11] batch=130/250 pseudo=4 loss=5.5579 sfseg=5.4151 seg=0.3884 mard=2.0186 λM=0.0000 DURR(dir/res/hall)=1.4280/0.0000/0.0000 λD=1.000 route=228 E/S=110/118 rescue=0 empty=0 hall=0/0 FG/HBG/EBG=32/0/1536 grad=52.39
[E11] batch=140/250 pseudo=4 loss=6.3163 sfseg=6.2176 seg=0.6436 mard=2.0159 λM=0.0000 DURR(dir/res/hall)=0.9873/0.0000/0.0000 λD=1.000 route=469 E/S=167/302 rescue=0 empty=0 hall=0/0 FG/HBG/EBG=32/0/1536 grad=91.75
[E11] batch=150/250 pseudo=3 loss=4.9953 sfseg=4.4135 seg=0.3768 mard=1.9946 λM=0.0000 DURR(dir/res/hall)=1.3277/0.0000/4.4897 λD=1.000 route=135 E/S=32/103 rescue=0 empty=1 hall=1/720 FG/HBG/EBG=24/0/1152 grad=62.24
[E11] batch=160/250 pseudo=4 loss=5.3229 sfseg=5.2094 seg=0.4349 mard=1.9945 λM=0.0000 DURR(dir/res/hall)=1.1348/0.0000/0.0000 λD=1.000 route=200 E/S=67/133 rescue=0 empty=0 hall=0/0 FG/HBG/EBG=32/0/1536 grad=39.58
[E11] batch=170/250 pseudo=5 loss=9.6745 sfseg=9.5685 seg=0.7816 mard=2.0694 λM=0.0000 DURR(dir/res/hall)=1.0604/0.0000/0.0000 λD=1.000 route=577 E/S=247/330 rescue=0 empty=0 hall=0/0 FG/HBG/EBG=40/0/1536 grad=79.00
[E11] batch=180/250 pseudo=4 loss=3.9544 sfseg=3.8633 seg=0.2982 mard=2.0305 λM=0.0000 DURR(dir/res/hall)=0.9109/0.0000/0.0000 λD=1.000 route=87 E/S=19/68 rescue=0 empty=0 hall=0/0 FG/HBG/EBG=32/0/1536 grad=76.26
[E11] batch=190/250 pseudo=3 loss=5.3330 sfseg=5.2021 seg=1.0993 mard=2.0263 λM=0.0000 DURR(dir/res/hall)=1.3093/0.0000/0.0000 λD=1.000 route=99 E/S=13/86 rescue=0 empty=1 hall=0/0 FG/HBG/EBG=24/0/1152 grad=84.77
[E11] batch=200/250 pseudo=5 loss=6.2030 sfseg=6.0762 seg=0.4914 mard=2.0653 λM=0.0000 DURR(dir/res/hall)=1.2678/0.0000/0.0000 λD=1.000 route=187 E/S=82/105 rescue=0 empty=0 hall=0/0 FG/HBG/EBG=40/0/1536 grad=28.01
[E11] batch=210/250 pseudo=5 loss=7.2498 sfseg=7.1451 seg=0.4048 mard=2.0127 λM=0.0000 DURR(dir/res/hall)=1.0467/0.0000/0.0000 λD=1.000 route=130 E/S=79/51 rescue=0 empty=0 hall=0/0 FG/HBG/EBG=40/0/1536 grad=73.20
[E11] batch=220/250 pseudo=5 loss=9.6981 sfseg=9.5752 seg=0.4601 mard=2.0723 λM=0.0000 DURR(dir/res/hall)=1.2287/0.0000/0.0000 λD=1.000 route=144 E/S=108/36 rescue=0 empty=0 hall=0/0 FG/HBG/EBG=40/0/1536 grad=110.71
[E11] batch=230/250 pseudo=5 loss=14.3665 sfseg=14.2079 seg=1.7023 mard=2.0821 λM=0.0000 DURR(dir/res/hall)=1.5862/0.0000/0.0000 λD=1.000 route=326 E/S=182/144 rescue=0 empty=1 hall=0/0 FG/HBG/EBG=40/0/1152 grad=63.40
[E11] batch=240/250 pseudo=4 loss=5.6515 sfseg=5.5135 seg=0.2841 mard=2.0080 λM=0.0000 DURR(dir/res/hall)=1.3798/0.0000/0.0000 λD=1.000 route=324 E/S=85/239 rescue=0 empty=0 hall=0/0 FG/HBG/EBG=32/0/1536 grad=30.90
[E11] batch=250/250 pseudo=4 loss=5.8055 sfseg=5.6055 seg=0.5973 mard=2.0448 λM=0.0000 DURR(dir/res/hall)=1.9995/0.0000/0.0000 λD=1.000 route=69 E/S=19/50 rescue=0 empty=0 hall=0/0 FG/HBG/EBG=32/0/1536 grad=32.97

[Epoch 11] DONE time=66.5s valid=250 skipped=0 pseudo=1029 anchors=992 mask_extra=37 reject_rel=18 DURRmatch=960/4644 rescue=11 teacher_empty=51 hall=24/7369 loss=8.9663 sfseg=8.7953 mard=2.0317 dir=1.3815 res=0.0327 hallL=0.2630 route E/S=26871/52348
[E12] batch=001/250 pseudo=3 loss=3.8708 sfseg=3.7523 seg=0.4517 mard=2.0469 λM=0.0000 DURR(dir/res/hall)=1.1851/0.0000/0.0000 λD=1.000 route=88 E/S=37/51 rescue=0 empty=1 hall=0/0 FG/HBG/EBG=24/0/1152 grad=65.07
[E12] batch=010/250 pseudo=3 loss=2.0108 sfseg=1.8442 seg=0.2043 mard=2.0467 λM=0.0000 DURR(dir/res/hall)=1.6667/0.0000/0.0000 λD=1.000 route=58 E/S=41/17 rescue=0 empty=1 hall=1/0 FG/HBG/EBG=24/0/1152 grad=17.68
[E12] batch=020/250 pseudo=4 loss=14.8215 sfseg=14.7110 seg=1.3854 mard=2.0543 λM=0.0000 DURR(dir/res/hall)=1.1051/0.0000/0.0000 λD=1.000 route=207 E/S=97/110 rescue=0 empty=0 hall=0/0 FG/HBG/EBG=32/0/1536 grad=354.23
[E12] batch=030/250 pseudo=4 loss=5.9929 sfseg=5.8386 seg=0.3040 mard=2.0116 λM=0.0000 DURR(dir/res/hall)=1.5434/0.0000/0.0000 λD=1.000 route=126 E/S=47/79 rescue=0 empty=0 hall=0/0 FG/HBG/EBG=32/0/1536 grad=58.03
[E12] batch=040/250 pseudo=4 loss=20.8720 sfseg=20.7768 seg=1.1656 mard=1.9982 λM=0.0000 DURR(dir/res/hall)=0.9527/0.0000/0.0000 λD=1.000 route=21 E/S=19/2 rescue=0 empty=0 hall=0/0 FG/HBG/EBG=32/0/1536 grad=126.40
[E12] batch=050/250 pseudo=4 loss=4.4008 sfseg=4.3305 seg=0.4205 mard=2.0140 λM=0.0000 DURR(dir/res/hall)=0.7029/0.0000/0.0004 λD=1.000 route=179 E/S=21/158 rescue=0 empty=1 hall=1/0 FG/HBG/EBG=32/0/1152 grad=43.70
[E12] batch=060/250 pseudo=3 loss=4.7880 sfseg=4.5986 seg=0.5349 mard=2.0314 λM=0.0000 DURR(dir/res/hall)=1.1349/0.3798/0.0000 λD=1.000 route=68 E/S=55/13 rescue=1 empty=1 hall=0/0 FG/HBG/EBG=24/0/1152 grad=26.98
[E12] batch=070/250 pseudo=5 loss=11.0267 sfseg=10.9220 seg=0.4453 mard=2.0159 λM=0.0000 DURR(dir/res/hall)=1.0469/0.0000/0.0000 λD=1.000 route=256 E/S=80/176 rescue=0 empty=0 hall=0/0 FG/HBG/EBG=40/0/1536 grad=171.43
[E12] batch=080/250 pseudo=3 loss=6.7611 sfseg=6.1505 seg=0.7069 mard=2.0046 λM=0.0000 DURR(dir/res/hall)=1.1391/0.0000/4.9662 λD=1.000 route=123 E/S=18/105 rescue=0 empty=1 hall=1/804 FG/HBG/EBG=24/0/1152 grad=71.25
[E12] batch=090/250 pseudo=4 loss=16.9958 sfseg=16.8625 seg=0.5433 mard=2.0055 λM=0.0000 DURR(dir/res/hall)=1.3335/0.0000/0.0000 λD=1.000 route=343 E/S=65/278 rescue=0 empty=0 hall=0/0 FG/HBG/EBG=32/0/1536 grad=93.15
[E12] batch=100/250 pseudo=4 loss=8.1307 sfseg=7.9366 seg=0.4699 mard=2.0003 λM=0.0000 DURR(dir/res/hall)=1.9414/0.0000/0.0000 λD=1.000 route=148 E/S=50/98 rescue=0 empty=0 hall=0/0 FG/HBG/EBG=32/0/1536 grad=63.15
[E12] batch=110/250 pseudo=4 loss=3.5897 sfseg=3.4898 seg=0.2338 mard=2.0030 λM=0.0000 DURR(dir/res/hall)=0.9996/0.0000/0.0000 λD=1.000 route=263 E/S=37/226 rescue=0 empty=0 hall=0/0 FG/HBG/EBG=32/0/1536 grad=62.97
[E12] batch=120/250 pseudo=4 loss=12.7417 sfseg=12.6412 seg=1.1043 mard=2.0276 λM=0.0000 DURR(dir/res/hall)=1.0048/0.0000/0.0000 λD=1.000 route=553 E/S=140/413 rescue=0 empty=0 hall=0/0 FG/HBG/EBG=32/0/1536 grad=112.81
[E12] batch=130/250 pseudo=4 loss=3.6464 sfseg=3.5015 seg=0.3355 mard=2.0487 λM=0.0000 DURR(dir/res/hall)=1.4498/0.0000/0.0000 λD=1.000 route=83 E/S=17/66 rescue=0 empty=0 hall=0/0 FG/HBG/EBG=32/0/1536 grad=25.20
[E12] batch=140/250 pseudo=5 loss=3.6062 sfseg=3.4869 seg=0.3027 mard=2.0096 λM=0.0000 DURR(dir/res/hall)=1.1923/0.0000/0.0000 λD=1.000 route=285 E/S=77/208 rescue=0 empty=0 hall=0/0 FG/HBG/EBG=40/0/1536 grad=27.69
[E12] batch=150/250 pseudo=4 loss=5.9909 sfseg=5.9010 seg=0.4923 mard=2.0135 λM=0.0000 DURR(dir/res/hall)=0.8987/0.0000/0.0000 λD=1.000 route=468 E/S=143/325 rescue=0 empty=0 hall=0/0 FG/HBG/EBG=32/0/1536 grad=34.71
[E12] batch=160/250 pseudo=5 loss=19.5668 sfseg=19.4616 seg=0.5637 mard=2.0068 λM=0.0000 DURR(dir/res/hall)=1.0524/0.0000/0.0000 λD=1.000 route=425 E/S=91/334 rescue=0 empty=0 hall=0/0 FG/HBG/EBG=40/0/1536 grad=206.41
[E12] batch=170/250 pseudo=4 loss=4.2891 sfseg=4.1852 seg=0.4054 mard=2.0323 λM=0.0000 DURR(dir/res/hall)=1.0387/0.0000/0.0000 λD=1.000 route=177 E/S=98/79 rescue=0 empty=0 hall=0/0 FG/HBG/EBG=32/0/1536 grad=36.83
[E12] batch=180/250 pseudo=4 loss=4.8522 sfseg=4.7600 seg=0.2825 mard=2.0424 λM=0.0000 DURR(dir/res/hall)=0.9220/0.0000/0.0000 λD=1.000 route=473 E/S=98/375 rescue=0 empty=0 hall=0/0 FG/HBG/EBG=32/0/1536 grad=26.63
[E12] batch=190/250 pseudo=4 loss=5.0330 sfseg=4.8987 seg=0.3577 mard=2.0395 λM=0.0000 DURR(dir/res/hall)=1.3433/0.0000/0.0000 λD=1.000 route=195 E/S=83/112 rescue=0 empty=0 hall=0/0 FG/HBG/EBG=32/0/1536 grad=70.78
[E12] batch=200/250 pseudo=4 loss=6.0631 sfseg=5.9540 seg=0.5067 mard=2.0079 λM=0.0000 DURR(dir/res/hall)=1.0912/0.0000/0.0000 λD=1.000 route=276 E/S=54/222 rescue=0 empty=0 hall=0/0 FG/HBG/EBG=32/0/1536 grad=84.29
[E12] batch=210/250 pseudo=4 loss=3.9971 sfseg=3.8916 seg=0.2297 mard=2.0079 λM=0.0000 DURR(dir/res/hall)=1.0547/0.0000/0.0000 λD=1.000 route=135 E/S=76/59 rescue=0 empty=0 hall=0/0 FG/HBG/EBG=32/0/1536 grad=35.70
[E12] batch=220/250 pseudo=4 loss=3.4694 sfseg=3.3556 seg=0.2868 mard=2.0158 λM=0.0000 DURR(dir/res/hall)=1.1379/0.0000/0.0000 λD=1.000 route=341 E/S=108/233 rescue=0 empty=0 hall=0/0 FG/HBG/EBG=32/0/1536 grad=30.31
[E12] batch=230/250 pseudo=3 loss=14.1831 sfseg=14.0681 seg=0.6933 mard=2.0262 λM=0.0000 DURR(dir/res/hall)=1.0997/0.0254/0.0000 λD=1.000 route=128 E/S=12/116 rescue=1 empty=1 hall=0/0 FG/HBG/EBG=24/0/1152 grad=119.89
[E12] batch=240/250 pseudo=4 loss=10.1831 sfseg=10.0518 seg=0.7375 mard=2.0346 λM=0.0000 DURR(dir/res/hall)=1.3137/0.0000/0.0000 λD=1.000 route=420 E/S=257/163 rescue=0 empty=0 hall=0/0 FG/HBG/EBG=32/0/1536 grad=43.99
[E12] batch=250/250 pseudo=4 loss=5.4311 sfseg=5.2958 seg=0.5308 mard=2.0131 λM=0.0000 DURR(dir/res/hall)=1.2335/0.0596/0.0000 λD=1.000 route=182 E/S=24/158 rescue=1 empty=0 hall=0/0 FG/HBG/EBG=32/0/1536 grad=53.53

[Epoch 12] DONE time=66.3s valid=250 skipped=0 pseudo=1024 anchors=981 mask_extra=43 reject_rel=22 DURRmatch=948/4594 rescue=11 teacher_empty=48 hall=18/2966 loss=8.3691 sfseg=8.2224 mard=2.0319 dir=1.2926 res=0.0083 hallL=0.1572 route E/S=24620/48814
[E13] batch=001/250 pseudo=4 loss=12.8895 sfseg=12.7734 seg=0.5667 mard=2.0585 λM=0.0000 DURR(dir/res/hall)=1.1603/0.0000/0.0000 λD=1.000 route=639 E/S=97/542 rescue=0 empty=0 hall=0/0 FG/HBG/EBG=32/0/1536 grad=195.01
[E13] batch=010/250 pseudo=3 loss=4.4547 sfseg=4.3504 seg=0.3669 mard=2.0867 λM=0.0000 DURR(dir/res/hall)=1.0434/0.0000/0.0000 λD=1.000 route=275 E/S=160/115 rescue=0 empty=1 hall=0/0 FG/HBG/EBG=24/0/1152 grad=51.31
[E13] batch=020/250 pseudo=7 loss=13.3619 sfseg=13.2059 seg=1.4629 mard=2.0132 λM=0.0000 DURR(dir/res/hall)=1.5602/0.0000/0.0000 λD=1.000 route=938 E/S=558/380 rescue=0 empty=0 hall=0/0 FG/HBG/EBG=56/0/1536 grad=119.77
[E13] batch=030/250 pseudo=4 loss=5.0619 sfseg=4.9822 seg=0.6048 mard=2.0515 λM=0.0000 DURR(dir/res/hall)=0.6969/0.0499/0.0000 λD=1.000 route=106 E/S=20/86 rescue=1 empty=0 hall=0/0 FG/HBG/EBG=32/0/1536 grad=50.31
[E13] batch=040/250 pseudo=5 loss=6.5537 sfseg=6.4780 seg=0.4815 mard=2.0070 λM=0.0000 DURR(dir/res/hall)=0.7570/0.0000/0.0000 λD=1.000 route=192 E/S=55/137 rescue=0 empty=0 hall=0/0 FG/HBG/EBG=40/0/1536 grad=108.71
[E13] batch=050/250 pseudo=5 loss=9.0439 sfseg=8.9453 seg=0.6571 mard=2.0306 λM=0.0000 DURR(dir/res/hall)=0.9859/0.0000/0.0000 λD=1.000 route=548 E/S=243/305 rescue=0 empty=0 hall=0/0 FG/HBG/EBG=40/0/1536 grad=68.73
[E13] batch=060/250 pseudo=4 loss=5.3256 sfseg=5.2390 seg=0.3912 mard=2.0185 λM=0.0000 DURR(dir/res/hall)=0.8667/0.0000/0.0000 λD=1.000 route=404 E/S=243/161 rescue=0 empty=0 hall=0/0 FG/HBG/EBG=32/0/1536 grad=54.01
[E13] batch=070/250 pseudo=4 loss=3.7650 sfseg=3.6304 seg=0.2054 mard=2.0681 λM=0.0000 DURR(dir/res/hall)=1.3458/0.0000/0.0000 λD=1.000 route=177 E/S=52/125 rescue=0 empty=0 hall=0/0 FG/HBG/EBG=32/0/1536 grad=69.40
[E13] batch=080/250 pseudo=4 loss=5.8604 sfseg=5.6911 seg=0.2342 mard=2.0633 λM=0.0000 DURR(dir/res/hall)=1.6923/0.0000/0.0000 λD=1.000 route=250 E/S=54/196 rescue=0 empty=0 hall=0/0 FG/HBG/EBG=32/0/1536 grad=64.06
[E13] batch=090/250 pseudo=5 loss=10.7654 sfseg=10.5726 seg=0.9171 mard=2.0728 λM=0.0000 DURR(dir/res/hall)=1.9273/0.0000/0.0000 λD=1.000 route=579 E/S=148/431 rescue=0 empty=0 hall=0/0 FG/HBG/EBG=40/0/1536 grad=74.35
[E13] batch=100/250 pseudo=3 loss=2.8561 sfseg=2.5160 seg=0.2855 mard=2.0385 λM=0.0000 DURR(dir/res/hall)=0.7599/0.0000/2.6412 λD=1.000 route=234 E/S=115/119 rescue=0 empty=1 hall=1/111 FG/HBG/EBG=24/0/1152 grad=23.58
[E13] batch=110/250 pseudo=4 loss=4.2373 sfseg=4.0917 seg=0.2799 mard=2.0097 λM=0.0000 DURR(dir/res/hall)=1.4563/0.0000/0.0000 λD=1.000 route=158 E/S=59/99 rescue=0 empty=0 hall=0/0 FG/HBG/EBG=32/0/1536 grad=43.68
[E13] batch=120/250 pseudo=4 loss=4.4789 sfseg=4.3531 seg=0.3787 mard=2.0120 λM=0.0000 DURR(dir/res/hall)=1.2584/0.0000/0.0000 λD=1.000 route=161 E/S=98/63 rescue=0 empty=0 hall=0/0 FG/HBG/EBG=32/0/1536 grad=28.06
[E13] batch=130/250 pseudo=4 loss=6.0892 sfseg=5.8751 seg=0.5947 mard=2.0535 λM=0.0000 DURR(dir/res/hall)=2.1406/0.0000/0.0000 λD=1.000 route=207 E/S=75/132 rescue=0 empty=0 hall=0/0 FG/HBG/EBG=32/0/1536 grad=133.36
[E13] batch=140/250 pseudo=4 loss=3.0146 sfseg=2.9483 seg=0.2731 mard=2.0464 λM=0.0000 DURR(dir/res/hall)=0.6624/0.0000/0.0000 λD=1.000 route=90 E/S=9/81 rescue=0 empty=0 hall=0/0 FG/HBG/EBG=32/0/1536 grad=25.25
[E13] batch=150/250 pseudo=5 loss=13.5661 sfseg=13.4286 seg=0.8897 mard=2.0376 λM=0.0000 DURR(dir/res/hall)=1.3754/0.0000/0.0000 λD=1.000 route=278 E/S=163/115 rescue=0 empty=0 hall=0/0 FG/HBG/EBG=40/0/1536 grad=144.20
[E13] batch=160/250 pseudo=5 loss=12.5516 sfseg=12.4394 seg=1.1869 mard=2.0410 λM=0.0000 DURR(dir/res/hall)=1.1217/0.0000/0.0000 λD=1.000 route=477 E/S=239/238 rescue=0 empty=0 hall=0/0 FG/HBG/EBG=40/0/1536 grad=175.62
[E13] batch=170/250 pseudo=4 loss=4.1329 sfseg=4.0454 seg=0.3110 mard=2.0275 λM=0.0000 DURR(dir/res/hall)=0.8746/0.0000/0.0000 λD=1.000 route=344 E/S=109/235 rescue=0 empty=0 hall=0/0 FG/HBG/EBG=32/0/1536 grad=34.75
[E13] batch=180/250 pseudo=4 loss=5.5870 sfseg=5.4183 seg=0.3845 mard=2.0681 λM=0.0000 DURR(dir/res/hall)=1.6868/0.0000/0.0000 λD=1.000 route=161 E/S=120/41 rescue=0 empty=0 hall=0/0 FG/HBG/EBG=32/0/1536 grad=158.22
[E13] batch=190/250 pseudo=4 loss=5.1534 sfseg=5.0688 seg=0.2677 mard=2.0304 λM=0.0000 DURR(dir/res/hall)=0.8461/0.0000/0.0000 λD=1.000 route=284 E/S=46/238 rescue=0 empty=0 hall=0/0 FG/HBG/EBG=32/0/1536 grad=59.01
[E13] batch=200/250 pseudo=3 loss=2.6172 sfseg=2.5263 seg=0.2568 mard=2.0368 λM=0.0000 DURR(dir/res/hall)=0.9085/0.0000/0.0000 λD=1.000 route=116 E/S=65/51 rescue=0 empty=1 hall=0/0 FG/HBG/EBG=24/0/1152 grad=26.99
[E13] batch=210/250 pseudo=4 loss=7.2823 sfseg=7.1072 seg=1.0725 mard=2.0028 λM=0.0000 DURR(dir/res/hall)=1.7512/0.0000/0.0000 λD=1.000 route=172 E/S=87/85 rescue=0 empty=1 hall=0/0 FG/HBG/EBG=32/0/1152 grad=75.43
[E13] batch=220/250 pseudo=5 loss=5.7811 sfseg=5.6280 seg=0.4902 mard=2.0605 λM=0.0000 DURR(dir/res/hall)=1.5311/0.0000/0.0000 λD=1.000 route=224 E/S=79/145 rescue=0 empty=0 hall=0/0 FG/HBG/EBG=40/0/1536 grad=38.17
[E13] batch=230/250 pseudo=4 loss=6.2269 sfseg=6.1516 seg=0.4108 mard=2.0456 λM=0.0000 DURR(dir/res/hall)=0.7523/0.0000/0.0000 λD=1.000 route=157 E/S=90/67 rescue=0 empty=0 hall=0/0 FG/HBG/EBG=32/0/1536 grad=69.99
[E13] batch=240/250 pseudo=4 loss=6.5266 sfseg=6.4311 seg=0.4995 mard=2.0543 λM=0.0000 DURR(dir/res/hall)=0.9551/0.0000/0.0000 λD=1.000 route=362 E/S=161/201 rescue=0 empty=0 hall=0/0 FG/HBG/EBG=32/0/1536 grad=43.05
[E13] batch=250/250 pseudo=4 loss=5.2104 sfseg=5.1280 seg=0.5813 mard=2.0465 λM=0.0000 DURR(dir/res/hall)=0.8244/0.0000/0.0000 λD=1.000 route=106 E/S=46/60 rescue=0 empty=0 hall=0/0 FG/HBG/EBG=32/0/1536 grad=189.41

[Epoch 13] DONE time=66.1s valid=250 skipped=0 pseudo=1033 anchors=991 mask_extra=42 reject_rel=21 DURRmatch=964/4648 rescue=10 teacher_empty=48 hall=16/6133 loss=8.1120 sfseg=7.9545 mard=2.0356 dir=1.2954 res=0.0374 hallL=0.2051 route E/S=27452/50510
[E14] batch=001/250 pseudo=4 loss=20.2063 sfseg=20.0236 seg=2.0488 mard=1.9811 λM=0.0000 DURR(dir/res/hall)=1.8270/0.0000/0.0000 λD=1.000 route=294 E/S=125/169 rescue=0 empty=0 hall=0/0 FG/HBG/EBG=32/0/1536 grad=214.08
[E14] batch=010/250 pseudo=5 loss=6.1916 sfseg=6.0934 seg=0.5743 mard=2.0524 λM=0.0000 DURR(dir/res/hall)=0.9820/0.0000/0.0000 λD=1.000 route=179 E/S=71/108 rescue=0 empty=0 hall=0/0 FG/HBG/EBG=40/0/1536 grad=46.52
[E14] batch=020/250 pseudo=4 loss=5.8620 sfseg=5.7561 seg=0.3534 mard=2.0150 λM=0.0000 DURR(dir/res/hall)=1.0582/0.0000/0.0000 λD=1.000 route=183 E/S=115/68 rescue=0 empty=0 hall=0/0 FG/HBG/EBG=32/0/1536 grad=80.52
[E14] batch=030/250 pseudo=3 loss=4.2463 sfseg=4.1216 seg=0.4024 mard=2.0173 λM=0.0000 DURR(dir/res/hall)=1.2470/0.0000/0.0000 λD=1.000 route=193 E/S=9/184 rescue=0 empty=1 hall=0/0 FG/HBG/EBG=24/0/1152 grad=35.50
[E14] batch=040/250 pseudo=4 loss=3.1239 sfseg=3.0559 seg=0.2995 mard=1.9977 λM=0.0000 DURR(dir/res/hall)=0.6797/0.0000/0.0000 λD=1.000 route=47 E/S=39/8 rescue=0 empty=1 hall=0/0 FG/HBG/EBG=32/0/1152 grad=32.33
[E14] batch=050/250 pseudo=3 loss=2.5828 sfseg=2.4122 seg=0.3043 mard=2.0349 λM=0.0000 DURR(dir/res/hall)=1.7058/0.0000/0.0000 λD=1.000 route=134 E/S=25/109 rescue=0 empty=1 hall=0/0 FG/HBG/EBG=24/0/1152 grad=19.36
[E14] batch=060/250 pseudo=4 loss=7.4933 sfseg=7.3878 seg=0.3119 mard=2.0738 λM=0.0000 DURR(dir/res/hall)=1.0557/0.0000/0.0000 λD=1.000 route=181 E/S=69/112 rescue=0 empty=0 hall=0/0 FG/HBG/EBG=32/0/1536 grad=92.87
[E14] batch=070/250 pseudo=4 loss=3.9522 sfseg=3.8172 seg=0.1713 mard=2.0126 λM=0.0000 DURR(dir/res/hall)=1.3501/0.0000/0.0000 λD=1.000 route=127 E/S=70/57 rescue=0 empty=0 hall=0/0 FG/HBG/EBG=32/0/1536 grad=43.92
[E14] batch=080/250 pseudo=4 loss=9.0543 sfseg=8.9507 seg=0.6141 mard=2.0265 λM=0.0000 DURR(dir/res/hall)=1.0356/0.0000/0.0000 λD=1.000 route=417 E/S=29/388 rescue=0 empty=0 hall=0/0 FG/HBG/EBG=32/0/1536 grad=43.18
[E14] batch=090/250 pseudo=4 loss=14.6836 sfseg=14.5961 seg=0.9009 mard=2.0383 λM=0.0000 DURR(dir/res/hall)=0.8749/0.0000/0.0000 λD=1.000 route=179 E/S=42/137 rescue=0 empty=0 hall=0/0 FG/HBG/EBG=32/0/1536 grad=102.38
[E14] batch=100/250 pseudo=5 loss=4.7532 sfseg=4.5893 seg=0.2936 mard=2.0368 λM=0.0000 DURR(dir/res/hall)=1.6387/0.0000/0.0000 λD=1.000 route=257 E/S=87/170 rescue=0 empty=0 hall=0/0 FG/HBG/EBG=40/0/1536 grad=48.77
[E14] batch=110/250 pseudo=4 loss=7.0664 sfseg=6.8716 seg=0.2665 mard=2.1004 λM=0.0000 DURR(dir/res/hall)=1.9479/0.0000/0.0000 λD=1.000 route=260 E/S=159/101 rescue=0 empty=1 hall=0/0 FG/HBG/EBG=32/0/1152 grad=94.95
[E14] batch=120/250 pseudo=4 loss=7.7544 sfseg=7.6149 seg=0.5374 mard=2.0403 λM=0.0000 DURR(dir/res/hall)=1.3949/0.0000/0.0000 λD=1.000 route=303 E/S=72/231 rescue=0 empty=0 hall=0/0 FG/HBG/EBG=32/0/1536 grad=65.73
[E14] batch=130/250 pseudo=4 loss=5.9331 sfseg=5.8104 seg=0.4332 mard=2.0288 λM=0.0000 DURR(dir/res/hall)=1.2275/0.0000/0.0000 λD=1.000 route=109 E/S=24/85 rescue=0 empty=0 hall=0/0 FG/HBG/EBG=32/0/1536 grad=204.04
[E14] batch=140/250 pseudo=5 loss=9.9821 sfseg=9.8671 seg=1.1605 mard=1.9996 λM=0.0000 DURR(dir/res/hall)=1.1499/0.0000/0.0000 λD=1.000 route=269 E/S=155/114 rescue=0 empty=0 hall=0/0 FG/HBG/EBG=40/0/1536 grad=144.55
[E14] batch=150/250 pseudo=4 loss=5.3380 sfseg=5.2856 seg=0.3897 mard=2.0270 λM=0.0000 DURR(dir/res/hall)=0.5239/0.0000/0.0000 λD=1.000 route=173 E/S=61/112 rescue=0 empty=0 hall=0/0 FG/HBG/EBG=32/0/1536 grad=55.05
[E14] batch=160/250 pseudo=4 loss=11.9128 sfseg=11.7816 seg=0.5261 mard=2.0656 λM=0.0000 DURR(dir/res/hall)=1.3120/0.0000/0.0000 λD=1.000 route=297 E/S=189/108 rescue=0 empty=0 hall=0/0 FG/HBG/EBG=32/0/1536 grad=69.62
[E14] batch=170/250 pseudo=4 loss=7.3517 sfseg=7.2846 seg=0.4160 mard=2.0466 λM=0.0000 DURR(dir/res/hall)=0.6708/0.0000/0.0000 λD=1.000 route=97 E/S=13/84 rescue=0 empty=0 hall=0/0 FG/HBG/EBG=32/0/1536 grad=69.51
[E14] batch=180/250 pseudo=4 loss=7.9003 sfseg=7.7921 seg=0.7407 mard=2.0531 λM=0.0000 DURR(dir/res/hall)=1.0819/0.0000/0.0000 λD=1.000 route=343 E/S=75/268 rescue=0 empty=0 hall=0/0 FG/HBG/EBG=32/0/1536 grad=62.02
[E14] batch=190/250 pseudo=4 loss=5.0944 sfseg=5.0130 seg=0.5080 mard=2.0088 λM=0.0000 DURR(dir/res/hall)=0.8132/0.0000/0.0000 λD=1.000 route=234 E/S=42/192 rescue=0 empty=0 hall=0/0 FG/HBG/EBG=32/0/1536 grad=88.43
[E14] batch=200/250 pseudo=4 loss=12.0127 sfseg=11.9105 seg=0.6853 mard=1.9952 λM=0.0000 DURR(dir/res/hall)=1.0220/0.0000/0.0000 λD=1.000 route=199 E/S=102/97 rescue=0 empty=0 hall=0/0 FG/HBG/EBG=32/0/1536 grad=251.96
[E14] batch=210/250 pseudo=3 loss=17.3227 sfseg=17.2460 seg=2.6490 mard=2.0866 λM=0.0000 DURR(dir/res/hall)=0.7668/0.0000/0.0000 λD=1.000 route=49 E/S=13/36 rescue=0 empty=1 hall=0/0 FG/HBG/EBG=24/0/1152 grad=102.15
[E14] batch=220/250 pseudo=4 loss=6.4881 sfseg=5.8932 seg=0.6141 mard=2.0463 λM=0.0000 DURR(dir/res/hall)=1.1721/0.0000/4.7768 λD=1.000 route=602 E/S=107/495 rescue=0 empty=1 hall=1/639 FG/HBG/EBG=32/0/1152 grad=49.21
[E14] batch=230/250 pseudo=4 loss=3.4348 sfseg=3.3166 seg=0.2992 mard=2.0835 λM=0.0000 DURR(dir/res/hall)=1.1816/0.0000/0.0000 λD=1.000 route=160 E/S=95/65 rescue=0 empty=0 hall=0/0 FG/HBG/EBG=32/0/1536 grad=108.31
[E14] batch=240/250 pseudo=4 loss=7.4004 sfseg=7.3210 seg=0.6144 mard=2.0372 λM=0.0000 DURR(dir/res/hall)=0.7935/0.0000/0.0000 λD=1.000 route=119 E/S=37/82 rescue=0 empty=0 hall=0/0 FG/HBG/EBG=32/0/1536 grad=144.41
[E14] batch=250/250 pseudo=4 loss=9.8580 sfseg=9.6887 seg=0.5926 mard=2.0250 λM=0.0000 DURR(dir/res/hall)=1.6930/0.0000/0.0000 λD=1.000 route=353 E/S=213/140 rescue=0 empty=0 hall=0/0 FG/HBG/EBG=32/0/1536 grad=54.62

[Epoch 14] DONE time=66.5s valid=250 skipped=0 pseudo=1031 anchors=996 mask_extra=35 reject_rel=20 DURRmatch=966/4668 rescue=11 teacher_empty=52 hall=19/4536 loss=8.3094 sfseg=8.1555 mard=2.0336 dir=1.3034 res=0.0216 hallL=0.1925 route E/S=25371/51629
[E15] batch=001/250 pseudo=4 loss=17.5435 sfseg=17.4300 seg=1.0611 mard=2.0504 λM=0.0000 DURR(dir/res/hall)=1.1347/0.0000/0.0000 λD=1.000 route=680 E/S=168/512 rescue=0 empty=0 hall=0/0 FG/HBG/EBG=32/0/1536 grad=108.70
[E15] batch=010/250 pseudo=4 loss=9.1614 sfseg=8.9957 seg=0.6218 mard=2.0015 λM=0.0000 DURR(dir/res/hall)=1.2873/0.1849/0.0000 λD=1.000 route=501 E/S=20/481 rescue=2 empty=0 hall=0/0 FG/HBG/EBG=32/0/1536 grad=71.23
[E15] batch=020/250 pseudo=3 loss=4.7793 sfseg=4.6796 seg=0.5593 mard=2.0438 λM=0.0000 DURR(dir/res/hall)=0.9969/0.0000/0.0000 λD=1.000 route=254 E/S=73/181 rescue=0 empty=1 hall=0/0 FG/HBG/EBG=24/0/1152 grad=35.38
[E15] batch=030/250 pseudo=4 loss=5.7549 sfseg=5.6395 seg=0.4606 mard=2.0150 λM=0.0000 DURR(dir/res/hall)=1.1539/0.0000/0.0000 λD=1.000 route=259 E/S=149/110 rescue=0 empty=0 hall=0/0 FG/HBG/EBG=32/0/1536 grad=60.92
[E15] batch=040/250 pseudo=4 loss=3.6794 sfseg=3.5926 seg=0.2957 mard=2.0443 λM=0.0000 DURR(dir/res/hall)=0.8682/0.0000/0.0000 λD=1.000 route=126 E/S=35/91 rescue=0 empty=0 hall=0/0 FG/HBG/EBG=32/0/1536 grad=26.32
[E15] batch=050/250 pseudo=4 loss=9.4658 sfseg=9.3293 seg=0.6856 mard=2.0051 λM=0.0000 DURR(dir/res/hall)=1.3647/0.0000/0.0000 λD=1.000 route=305 E/S=138/167 rescue=0 empty=0 hall=0/0 FG/HBG/EBG=32/0/1536 grad=205.36
[E15] batch=060/250 pseudo=4 loss=2.9728 sfseg=2.9062 seg=0.2038 mard=1.9988 λM=0.0000 DURR(dir/res/hall)=0.6662/0.0000/0.0000 λD=1.000 route=315 E/S=59/256 rescue=0 empty=0 hall=0/0 FG/HBG/EBG=32/0/1536 grad=24.04
[E15] batch=070/250 pseudo=4 loss=6.8897 sfseg=6.7997 seg=0.4670 mard=2.0029 λM=0.0000 DURR(dir/res/hall)=0.8999/0.0000/0.0000 λD=1.000 route=321 E/S=113/208 rescue=0 empty=0 hall=0/0 FG/HBG/EBG=32/0/1536 grad=37.03
[E15] batch=080/250 pseudo=4 loss=13.0299 sfseg=12.8577 seg=1.0913 mard=1.9989 λM=0.0000 DURR(dir/res/hall)=1.7225/0.0000/0.0000 λD=1.000 route=543 E/S=422/121 rescue=0 empty=0 hall=0/0 FG/HBG/EBG=32/0/1536 grad=59.68
[E15] batch=090/250 pseudo=4 loss=3.4142 sfseg=3.2975 seg=0.2545 mard=2.0457 λM=0.0000 DURR(dir/res/hall)=1.1670/0.0000/0.0000 λD=1.000 route=147 E/S=107/40 rescue=0 empty=0 hall=0/0 FG/HBG/EBG=32/0/1536 grad=23.52
[E15] batch=100/250 pseudo=6 loss=11.9429 sfseg=11.7857 seg=0.4977 mard=2.0656 λM=0.0000 DURR(dir/res/hall)=1.5720/0.0000/0.0000 λD=1.000 route=393 E/S=83/310 rescue=0 empty=0 hall=0/0 FG/HBG/EBG=48/0/1536 grad=98.64
[E15] batch=110/250 pseudo=3 loss=3.0280 sfseg=2.9075 seg=0.3255 mard=2.0245 λM=0.0000 DURR(dir/res/hall)=1.2051/0.0000/0.0000 λD=1.000 route=188 E/S=67/121 rescue=0 empty=1 hall=0/0 FG/HBG/EBG=24/0/1152 grad=39.25
[E15] batch=120/250 pseudo=5 loss=5.3756 sfseg=5.2794 seg=0.5361 mard=2.0502 λM=0.0000 DURR(dir/res/hall)=0.9619/0.0000/0.0000 λD=1.000 route=173 E/S=38/135 rescue=0 empty=0 hall=0/0 FG/HBG/EBG=40/0/1536 grad=43.97
[E15] batch=130/250 pseudo=5 loss=14.3549 sfseg=14.1928 seg=1.2633 mard=2.0090 λM=0.0000 DURR(dir/res/hall)=1.6208/0.0000/0.0000 λD=1.000 route=197 E/S=75/122 rescue=0 empty=0 hall=0/0 FG/HBG/EBG=40/0/1536 grad=53.48
[E15] batch=140/250 pseudo=4 loss=7.6376 sfseg=7.5175 seg=0.5404 mard=2.0363 λM=0.0000 DURR(dir/res/hall)=1.2015/0.0000/0.0000 λD=1.000 route=346 E/S=100/246 rescue=0 empty=0 hall=0/0 FG/HBG/EBG=32/0/1536 grad=63.50
[E15] batch=150/250 pseudo=5 loss=6.4566 sfseg=6.3078 seg=0.4811 mard=2.0217 λM=0.0000 DURR(dir/res/hall)=1.1566/0.1656/0.0000 λD=1.000 route=144 E/S=52/92 rescue=1 empty=0 hall=0/0 FG/HBG/EBG=40/0/1536 grad=32.50
[E15] batch=160/250 pseudo=4 loss=22.8147 sfseg=22.6255 seg=2.8540 mard=2.0435 λM=0.0000 DURR(dir/res/hall)=1.8922/0.0000/0.0000 λD=1.000 route=234 E/S=145/89 rescue=0 empty=0 hall=0/0 FG/HBG/EBG=32/0/1536 grad=101.67
[E15] batch=170/250 pseudo=4 loss=9.9610 sfseg=9.8443 seg=0.8115 mard=2.0512 λM=0.0000 DURR(dir/res/hall)=1.1675/0.0000/0.0000 λD=1.000 route=338 E/S=98/240 rescue=0 empty=0 hall=0/0 FG/HBG/EBG=32/0/1536 grad=71.45
[E15] batch=180/250 pseudo=4 loss=3.1584 sfseg=2.9598 seg=0.2457 mard=2.0167 λM=0.0000 DURR(dir/res/hall)=1.9859/0.0000/0.0000 λD=1.000 route=119 E/S=98/21 rescue=0 empty=0 hall=0/0 FG/HBG/EBG=32/0/1536 grad=22.70
[E15] batch=190/250 pseudo=4 loss=4.4974 sfseg=4.4153 seg=0.4518 mard=2.0491 λM=0.0000 DURR(dir/res/hall)=0.8208/0.0000/0.0000 λD=1.000 route=245 E/S=23/222 rescue=0 empty=0 hall=0/0 FG/HBG/EBG=32/0/1536 grad=43.54
[E15] batch=200/250 pseudo=7 loss=12.4465 sfseg=12.3010 seg=1.0658 mard=2.0058 λM=0.0000 DURR(dir/res/hall)=1.4559/0.0000/0.0000 λD=1.000 route=352 E/S=82/270 rescue=0 empty=0 hall=0/0 FG/HBG/EBG=56/0/1536 grad=100.43
[E15] batch=210/250 pseudo=4 loss=12.4895 sfseg=12.3068 seg=0.8194 mard=2.0215 λM=0.0000 DURR(dir/res/hall)=1.8268/0.0000/0.0000 λD=1.000 route=210 E/S=81/129 rescue=0 empty=0 hall=0/0 FG/HBG/EBG=32/0/1536 grad=74.30
[E15] batch=220/250 pseudo=4 loss=5.9997 sfseg=5.8252 seg=0.2875 mard=2.0646 λM=0.0000 DURR(dir/res/hall)=1.7451/0.0000/0.0000 λD=1.000 route=229 E/S=139/90 rescue=0 empty=0 hall=0/0 FG/HBG/EBG=32/0/1536 grad=89.44
[E15] batch=230/250 pseudo=4 loss=5.0407 sfseg=4.9322 seg=0.3079 mard=2.0580 λM=0.0000 DURR(dir/res/hall)=1.0850/0.0000/0.0000 λD=1.000 route=319 E/S=72/247 rescue=0 empty=0 hall=0/0 FG/HBG/EBG=32/0/1536 grad=43.55
[E15] batch=240/250 pseudo=3 loss=5.1339 sfseg=5.0038 seg=0.3477 mard=2.0494 λM=0.0000 DURR(dir/res/hall)=1.3011/0.0000/0.0000 λD=1.000 route=190 E/S=86/104 rescue=0 empty=1 hall=0/0 FG/HBG/EBG=24/0/1152 grad=35.64
[E15] batch=250/250 pseudo=4 loss=8.8462 sfseg=8.6186 seg=0.2864 mard=2.0908 λM=0.0000 DURR(dir/res/hall)=2.2757/0.0000/0.0000 λD=1.000 route=130 E/S=61/69 rescue=0 empty=0 hall=0/0 FG/HBG/EBG=32/0/1536 grad=46.88

[Epoch 15] DONE time=66.6s valid=250 skipped=0 pseudo=1030 anchors=981 mask_extra=49 reject_rel=21 DURRmatch=951/4576 rescue=14 teacher_empty=49 hall=16/4736 loss=8.3077 sfseg=8.1575 mard=2.0325 dir=1.3032 res=0.0307 hallL=0.1370 route E/S=26665/49521
[E16] batch=001/250 pseudo=3 loss=6.5491 sfseg=6.3699 seg=0.2984 mard=2.0056 λM=0.0000 DURR(dir/res/hall)=1.7920/0.0000/0.0000 λD=1.000 route=155 E/S=70/85 rescue=0 empty=1 hall=0/0 FG/HBG/EBG=24/0/1152 grad=190.40
[E16] batch=010/250 pseudo=5 loss=3.6111 sfseg=3.5238 seg=0.2773 mard=2.0126 λM=0.0000 DURR(dir/res/hall)=0.8727/0.0000/0.0000 λD=1.000 route=226 E/S=113/113 rescue=0 empty=0 hall=0/0 FG/HBG/EBG=40/0/1536 grad=20.61
[E16] batch=020/250 pseudo=4 loss=9.7704 sfseg=9.6796 seg=0.7674 mard=2.0519 λM=0.0000 DURR(dir/res/hall)=0.9080/0.0000/0.0000 λD=1.000 route=550 E/S=198/352 rescue=0 empty=0 hall=0/0 FG/HBG/EBG=32/0/1536 grad=55.10
[E16] batch=030/250 pseudo=4 loss=12.7825 sfseg=12.6176 seg=1.0595 mard=2.0244 λM=0.0000 DURR(dir/res/hall)=1.6497/0.0000/0.0000 λD=1.000 route=327 E/S=52/275 rescue=0 empty=0 hall=0/0 FG/HBG/EBG=32/0/1536 grad=125.12
[E16] batch=040/250 pseudo=4 loss=3.8327 sfseg=3.7191 seg=0.3034 mard=2.0250 λM=0.0000 DURR(dir/res/hall)=1.1367/0.0000/0.0000 λD=1.000 route=220 E/S=67/153 rescue=0 empty=0 hall=0/0 FG/HBG/EBG=32/0/1536 grad=41.36
[E16] batch=050/250 pseudo=5 loss=5.2607 sfseg=5.2100 seg=0.3590 mard=2.0506 λM=0.0000 DURR(dir/res/hall)=0.5068/0.0000/0.0000 λD=1.000 route=458 E/S=146/312 rescue=0 empty=0 hall=0/0 FG/HBG/EBG=40/0/1536 grad=34.38
[E16] batch=060/250 pseudo=5 loss=14.2880 sfseg=14.1455 seg=1.0133 mard=2.0419 λM=0.0000 DURR(dir/res/hall)=1.4251/0.0000/0.0000 λD=1.000 route=646 E/S=198/448 rescue=0 empty=0 hall=0/0 FG/HBG/EBG=40/0/1536 grad=144.30
[E16] batch=070/250 pseudo=3 loss=4.3554 sfseg=4.2340 seg=0.3135 mard=2.0819 λM=0.0000 DURR(dir/res/hall)=1.2142/0.0000/0.0000 λD=1.000 route=249 E/S=88/161 rescue=0 empty=1 hall=0/0 FG/HBG/EBG=24/0/1152 grad=30.10
[E16] batch=080/250 pseudo=4 loss=21.9346 sfseg=21.7291 seg=1.3070 mard=2.0209 λM=0.0000 DURR(dir/res/hall)=2.0558/0.0000/0.0000 λD=1.000 route=586 E/S=347/239 rescue=0 empty=0 hall=0/0 FG/HBG/EBG=32/0/1536 grad=241.74
[E16] batch=090/250 pseudo=4 loss=4.7338 sfseg=4.6153 seg=0.4488 mard=2.0327 λM=0.0000 DURR(dir/res/hall)=1.1845/0.0000/0.0000 λD=1.000 route=233 E/S=141/92 rescue=0 empty=0 hall=0/0 FG/HBG/EBG=32/0/1536 grad=56.47
[E16] batch=100/250 pseudo=4 loss=19.5002 sfseg=19.3646 seg=2.3376 mard=2.0547 λM=0.0000 DURR(dir/res/hall)=1.3563/0.0000/0.0000 λD=1.000 route=416 E/S=143/273 rescue=0 empty=0 hall=0/0 FG/HBG/EBG=32/0/1536 grad=239.49
[E16] batch=110/250 pseudo=5 loss=8.2643 sfseg=8.0948 seg=0.4329 mard=2.0559 λM=0.0000 DURR(dir/res/hall)=1.5900/0.0522/0.0000 λD=1.000 route=292 E/S=87/205 rescue=1 empty=0 hall=0/0 FG/HBG/EBG=40/0/1536 grad=78.18
[E16] batch=120/250 pseudo=4 loss=6.6432 sfseg=6.5560 seg=0.5310 mard=2.0294 λM=0.0000 DURR(dir/res/hall)=0.8724/0.0000/0.0000 λD=1.000 route=231 E/S=133/98 rescue=0 empty=0 hall=0/0 FG/HBG/EBG=32/0/1536 grad=132.18
[E16] batch=130/250 pseudo=4 loss=10.6474 sfseg=10.4335 seg=0.6787 mard=2.0119 λM=0.0000 DURR(dir/res/hall)=2.1390/0.0000/0.0000 λD=1.000 route=629 E/S=155/474 rescue=0 empty=0 hall=0/0 FG/HBG/EBG=32/0/1536 grad=80.07
[E16] batch=140/250 pseudo=4 loss=17.0747 sfseg=16.9531 seg=1.2855 mard=2.0157 λM=0.0000 DURR(dir/res/hall)=1.2161/0.0000/0.0000 λD=1.000 route=232 E/S=106/126 rescue=0 empty=0 hall=0/0 FG/HBG/EBG=32/0/1536 grad=113.26
[E16] batch=150/250 pseudo=6 loss=23.8384 sfseg=23.7308 seg=1.5629 mard=2.0469 λM=0.0000 DURR(dir/res/hall)=1.0767/0.0000/0.0000 λD=1.000 route=636 E/S=169/467 rescue=0 empty=0 hall=0/0 FG/HBG/EBG=48/0/1536 grad=134.47
[E16] batch=160/250 pseudo=4 loss=13.9234 sfseg=13.7889 seg=0.6488 mard=2.0659 λM=0.0000 DURR(dir/res/hall)=1.3445/0.0000/0.0000 λD=1.000 route=551 E/S=275/276 rescue=0 empty=0 hall=0/0 FG/HBG/EBG=32/0/1536 grad=87.83
[E16] batch=170/250 pseudo=3 loss=4.4296 sfseg=4.3190 seg=0.4363 mard=1.9988 λM=0.0000 DURR(dir/res/hall)=1.1053/0.0000/0.0001 λD=1.000 route=294 E/S=27/267 rescue=0 empty=1 hall=1/0 FG/HBG/EBG=24/0/1152 grad=45.00
[E16] batch=180/250 pseudo=3 loss=7.7215 sfseg=7.0282 seg=0.9233 mard=2.0123 λM=0.0000 DURR(dir/res/hall)=1.5731/0.0000/5.3602 λD=1.000 route=272 E/S=137/135 rescue=0 empty=1 hall=1/832 FG/HBG/EBG=24/0/1152 grad=114.34
[E16] batch=190/250 pseudo=4 loss=4.2979 sfseg=4.2036 seg=0.3326 mard=2.0213 λM=0.0000 DURR(dir/res/hall)=0.9425/0.0000/0.0000 λD=1.000 route=162 E/S=70/92 rescue=0 empty=0 hall=0/0 FG/HBG/EBG=32/0/1536 grad=43.43
[E16] batch=200/250 pseudo=3 loss=4.8072 sfseg=4.1694 seg=0.2854 mard=2.0237 λM=0.0000 DURR(dir/res/hall)=2.4061/0.0000/3.9716 λD=1.000 route=236 E/S=110/126 rescue=0 empty=1 hall=1/6 FG/HBG/EBG=24/0/1152 grad=27.87
[E16] batch=210/250 pseudo=5 loss=8.5900 sfseg=8.4512 seg=0.8097 mard=2.0168 λM=0.0000 DURR(dir/res/hall)=1.3876/0.0000/0.0000 λD=1.000 route=493 E/S=190/303 rescue=0 empty=0 hall=0/0 FG/HBG/EBG=40/0/1536 grad=107.29
[E16] batch=220/250 pseudo=5 loss=11.4711 sfseg=11.3721 seg=0.7284 mard=2.0861 λM=0.0000 DURR(dir/res/hall)=0.9895/0.0000/0.0000 λD=1.000 route=264 E/S=148/116 rescue=0 empty=0 hall=0/0 FG/HBG/EBG=40/0/1536 grad=120.37
[E16] batch=230/250 pseudo=4 loss=11.2054 sfseg=11.0805 seg=0.6205 mard=2.0173 λM=0.0000 DURR(dir/res/hall)=1.2492/0.0000/0.0000 λD=1.000 route=547 E/S=233/314 rescue=0 empty=0 hall=0/0 FG/HBG/EBG=32/0/1536 grad=115.07
[E16] batch=240/250 pseudo=4 loss=5.4373 sfseg=5.3251 seg=0.4099 mard=2.0519 λM=0.0000 DURR(dir/res/hall)=1.1217/0.0000/0.0000 λD=1.000 route=214 E/S=125/89 rescue=0 empty=0 hall=0/0 FG/HBG/EBG=32/0/1536 grad=41.62
[E16] batch=250/250 pseudo=3 loss=3.2072 sfseg=3.0131 seg=0.2913 mard=2.0622 λM=0.0000 DURR(dir/res/hall)=1.9071/0.0171/0.0003 λD=1.000 route=43 E/S=13/30 rescue=1 empty=1 hall=1/0 FG/HBG/EBG=24/0/1152 grad=26.01

[Epoch 16] DONE time=66.4s valid=250 skipped=0 pseudo=1019 anchors=982 mask_extra=37 reject_rel=19 DURRmatch=951/4572 rescue=12 teacher_empty=54 hall=21/8193 loss=7.9559 sfseg=7.8038 mard=2.0343 dir=1.2568 res=0.0028 hallL=0.2579 route E/S=26729/49268
[E17] batch=001/250 pseudo=5 loss=10.8934 sfseg=10.7356 seg=1.1007 mard=2.0398 λM=0.0000 DURR(dir/res/hall)=0.9013/0.3380/0.0000 λD=1.000 route=204 E/S=74/130 rescue=1 empty=0 hall=0/0 FG/HBG/EBG=40/0/1536 grad=83.44
[E17] batch=010/250 pseudo=5 loss=7.3167 sfseg=7.2015 seg=0.3687 mard=2.0206 λM=0.0000 DURR(dir/res/hall)=1.1519/0.0000/0.0000 λD=1.000 route=315 E/S=74/241 rescue=0 empty=0 hall=0/0 FG/HBG/EBG=40/0/1536 grad=43.26
[E17] batch=020/250 pseudo=4 loss=3.3781 sfseg=3.2864 seg=0.2268 mard=2.0967 λM=0.0000 DURR(dir/res/hall)=0.9163/0.0000/0.0000 λD=1.000 route=80 E/S=15/65 rescue=0 empty=0 hall=0/0 FG/HBG/EBG=32/0/1536 grad=36.40
[E17] batch=030/250 pseudo=4 loss=3.8328 sfseg=3.7587 seg=0.2862 mard=2.0673 λM=0.0000 DURR(dir/res/hall)=0.7410/0.0000/0.0000 λD=1.000 route=186 E/S=38/148 rescue=0 empty=0 hall=0/0 FG/HBG/EBG=32/0/1536 grad=35.33
[E17] batch=040/250 pseudo=5 loss=4.0971 sfseg=4.0138 seg=0.2709 mard=2.0596 λM=0.0000 DURR(dir/res/hall)=0.8328/0.0000/0.0000 λD=1.000 route=176 E/S=22/154 rescue=0 empty=0 hall=0/0 FG/HBG/EBG=40/0/1536 grad=85.05
[E17] batch=050/250 pseudo=4 loss=12.7697 sfseg=12.5533 seg=0.4245 mard=1.9831 λM=0.0000 DURR(dir/res/hall)=2.1637/0.0000/0.0000 λD=1.000 route=128 E/S=82/46 rescue=0 empty=0 hall=0/0 FG/HBG/EBG=32/0/1536 grad=92.18
[E17] batch=060/250 pseudo=4 loss=5.9016 sfseg=5.7851 seg=0.4866 mard=2.0365 λM=0.0000 DURR(dir/res/hall)=1.1645/0.0000/0.0000 λD=1.000 route=304 E/S=175/129 rescue=0 empty=0 hall=0/0 FG/HBG/EBG=32/0/1536 grad=81.36
[E17] batch=070/250 pseudo=5 loss=7.5914 sfseg=7.4683 seg=0.5598 mard=2.0030 λM=0.0000 DURR(dir/res/hall)=1.2312/0.0000/0.0000 λD=1.000 route=479 E/S=133/346 rescue=0 empty=0 hall=0/0 FG/HBG/EBG=40/0/1536 grad=81.20
[E17] batch=080/250 pseudo=4 loss=10.3657 sfseg=10.2051 seg=0.3360 mard=1.9902 λM=0.0000 DURR(dir/res/hall)=1.6053/0.0000/0.0000 λD=1.000 route=227 E/S=68/159 rescue=0 empty=0 hall=0/0 FG/HBG/EBG=32/0/1536 grad=132.31
[E17] batch=090/250 pseudo=5 loss=4.1474 sfseg=4.0292 seg=0.3341 mard=2.0358 λM=0.0000 DURR(dir/res/hall)=1.1825/0.0000/0.0000 λD=1.000 route=136 E/S=69/67 rescue=0 empty=0 hall=0/0 FG/HBG/EBG=40/0/1536 grad=30.32
[E17] batch=100/250 pseudo=4 loss=5.3444 sfseg=5.1782 seg=0.4347 mard=2.0039 λM=0.0000 DURR(dir/res/hall)=1.6618/0.0000/0.0000 λD=1.000 route=325 E/S=125/200 rescue=0 empty=0 hall=0/0 FG/HBG/EBG=32/0/1536 grad=35.31
[E17] batch=110/250 pseudo=5 loss=8.5225 sfseg=8.3972 seg=0.5973 mard=2.0325 λM=0.0000 DURR(dir/res/hall)=1.2528/0.0000/0.0000 λD=1.000 route=586 E/S=98/488 rescue=0 empty=0 hall=0/0 FG/HBG/EBG=40/0/1536 grad=73.71
[E17] batch=120/250 pseudo=4 loss=7.2543 sfseg=7.0420 seg=0.3661 mard=2.0383 λM=0.0000 DURR(dir/res/hall)=2.1220/0.0000/0.0000 λD=1.000 route=437 E/S=162/275 rescue=0 empty=0 hall=0/0 FG/HBG/EBG=32/0/1536 grad=107.05
[E17] batch=130/250 pseudo=4 loss=4.5600 sfseg=4.4437 seg=0.2960 mard=2.0621 λM=0.0000 DURR(dir/res/hall)=1.1632/0.0000/0.0000 λD=1.000 route=146 E/S=105/41 rescue=0 empty=0 hall=0/0 FG/HBG/EBG=32/0/1536 grad=76.68
[E17] batch=140/250 pseudo=4 loss=11.1085 sfseg=11.0270 seg=0.6679 mard=2.0637 λM=0.0000 DURR(dir/res/hall)=0.8142/0.0000/0.0000 λD=1.000 route=178 E/S=92/86 rescue=0 empty=0 hall=0/0 FG/HBG/EBG=32/0/1536 grad=275.04
[E17] batch=150/250 pseudo=4 loss=12.2973 sfseg=12.1216 seg=0.5433 mard=2.0420 λM=0.0000 DURR(dir/res/hall)=1.7570/0.0000/0.0000 λD=1.000 route=338 E/S=125/213 rescue=0 empty=0 hall=0/0 FG/HBG/EBG=32/0/1536 grad=206.30
[E17] batch=160/250 pseudo=4 loss=18.4552 sfseg=18.0924 seg=0.5210 mard=2.0105 λM=0.0000 DURR(dir/res/hall)=3.6273/0.0000/0.0000 λD=1.000 route=440 E/S=268/172 rescue=0 empty=0 hall=0/0 FG/HBG/EBG=32/0/1536 grad=237.04
[E17] batch=170/250 pseudo=5 loss=4.5600 sfseg=4.4788 seg=0.3616 mard=2.0245 λM=0.0000 DURR(dir/res/hall)=0.8123/0.0000/0.0000 λD=1.000 route=140 E/S=40/100 rescue=0 empty=0 hall=0/0 FG/HBG/EBG=40/0/1536 grad=26.96
[E17] batch=180/250 pseudo=5 loss=6.1697 sfseg=6.0662 seg=0.3944 mard=2.0643 λM=0.0000 DURR(dir/res/hall)=1.0350/0.0000/0.0000 λD=1.000 route=387 E/S=298/89 rescue=0 empty=0 hall=0/0 FG/HBG/EBG=40/0/1536 grad=76.29
[E17] batch=190/250 pseudo=6 loss=6.0145 sfseg=5.9262 seg=0.4699 mard=2.0161 λM=0.0000 DURR(dir/res/hall)=0.8828/0.0000/0.0000 λD=1.000 route=323 E/S=97/226 rescue=0 empty=0 hall=0/0 FG/HBG/EBG=48/0/1536 grad=31.23
[E17] batch=200/250 pseudo=4 loss=5.7185 sfseg=5.6178 seg=0.6070 mard=2.0708 λM=0.0000 DURR(dir/res/hall)=1.0069/0.0000/0.0000 λD=1.000 route=243 E/S=170/73 rescue=0 empty=1 hall=0/0 FG/HBG/EBG=32/0/1152 grad=61.27
[E17] batch=210/250 pseudo=5 loss=16.8825 sfseg=16.6767 seg=1.4129 mard=2.0341 λM=0.0000 DURR(dir/res/hall)=2.0578/0.0000/0.0000 λD=1.000 route=324 E/S=131/193 rescue=0 empty=0 hall=0/0 FG/HBG/EBG=40/0/1536 grad=159.32
[E17] batch=220/250 pseudo=3 loss=3.8566 sfseg=3.5692 seg=0.3872 mard=2.0161 λM=0.0000 DURR(dir/res/hall)=1.1207/0.0000/1.7543 λD=1.000 route=188 E/S=17/171 rescue=0 empty=1 hall=1/1 FG/HBG/EBG=24/0/1152 grad=51.11
[E17] batch=230/250 pseudo=4 loss=13.5390 sfseg=13.3881 seg=1.4135 mard=2.0331 λM=0.0000 DURR(dir/res/hall)=1.5097/0.0000/0.0000 λD=1.000 route=488 E/S=170/318 rescue=0 empty=0 hall=0/0 FG/HBG/EBG=32/0/1536 grad=76.34
[E17] batch=240/250 pseudo=4 loss=4.3698 sfseg=4.2441 seg=0.3204 mard=2.0471 λM=0.0000 DURR(dir/res/hall)=1.2572/0.0000/0.0000 λD=1.000 route=129 E/S=51/78 rescue=0 empty=0 hall=0/0 FG/HBG/EBG=32/0/1536 grad=59.64
[E17] batch=250/250 pseudo=5 loss=7.8536 sfseg=7.7568 seg=0.6225 mard=2.0409 λM=0.0000 DURR(dir/res/hall)=0.9687/0.0000/0.0000 λD=1.000 route=432 E/S=150/282 rescue=0 empty=0 hall=0/0 FG/HBG/EBG=40/0/1536 grad=51.87

[Epoch 17] DONE time=66.8s valid=250 skipped=0 pseudo=1032 anchors=986 mask_extra=46 reject_rel=18 DURRmatch=955/4621 rescue=15 teacher_empty=51 hall=19/5421 loss=8.0283 sfseg=7.8748 mard=2.0341 dir=1.3102 res=0.0097 hallL=0.2051 route E/S=25472/50916
[E18] batch=001/250 pseudo=6 loss=5.4943 sfseg=5.3387 seg=0.3598 mard=1.9903 λM=0.0000 DURR(dir/res/hall)=1.4974/0.0292/0.0000 λD=1.000 route=181 E/S=65/116 rescue=1 empty=0 hall=0/0 FG/HBG/EBG=48/0/1536 grad=21.74
[E18] batch=010/250 pseudo=3 loss=6.1100 sfseg=5.9348 seg=0.6878 mard=2.0331 λM=0.0000 DURR(dir/res/hall)=1.7519/0.0000/0.0000 λD=1.000 route=462 E/S=131/331 rescue=0 empty=1 hall=0/0 FG/HBG/EBG=24/0/1152 grad=62.38
[E18] batch=020/250 pseudo=4 loss=9.7301 sfseg=9.5741 seg=0.3926 mard=2.0005 λM=0.0000 DURR(dir/res/hall)=1.5595/0.0000/0.0000 λD=1.000 route=423 E/S=86/337 rescue=0 empty=0 hall=0/0 FG/HBG/EBG=32/0/1536 grad=71.94
[E18] batch=030/250 pseudo=4 loss=5.5448 sfseg=5.4441 seg=0.4614 mard=2.0216 λM=0.0000 DURR(dir/res/hall)=1.0071/0.0000/0.0000 λD=1.000 route=132 E/S=25/107 rescue=0 empty=0 hall=0/0 FG/HBG/EBG=32/0/1536 grad=38.13
[E18] batch=040/250 pseudo=4 loss=21.9305 sfseg=21.7908 seg=1.4225 mard=2.0281 λM=0.0000 DURR(dir/res/hall)=1.3971/0.0000/0.0000 λD=1.000 route=359 E/S=56/303 rescue=0 empty=0 hall=0/0 FG/HBG/EBG=32/0/1536 grad=236.65
[E18] batch=050/250 pseudo=4 loss=22.6457 sfseg=22.5100 seg=1.0620 mard=2.0193 λM=0.0000 DURR(dir/res/hall)=1.3566/0.0000/0.0000 λD=1.000 route=344 E/S=162/182 rescue=0 empty=0 hall=0/0 FG/HBG/EBG=32/0/1536 grad=115.59
[E18] batch=060/250 pseudo=5 loss=7.0612 sfseg=6.9290 seg=0.5888 mard=2.0057 λM=0.0000 DURR(dir/res/hall)=1.3219/0.0000/0.0000 λD=1.000 route=408 E/S=203/205 rescue=0 empty=0 hall=0/0 FG/HBG/EBG=40/0/1536 grad=82.82
[E18] batch=070/250 pseudo=4 loss=2.9398 sfseg=2.8457 seg=0.2347 mard=2.0925 λM=0.0000 DURR(dir/res/hall)=0.9410/0.0000/0.0000 λD=1.000 route=287 E/S=19/268 rescue=0 empty=0 hall=0/0 FG/HBG/EBG=32/0/1536 grad=25.58
[E18] batch=080/250 pseudo=5 loss=4.8326 sfseg=4.7231 seg=0.2635 mard=2.0252 λM=0.0000 DURR(dir/res/hall)=1.0955/0.0000/0.0000 λD=1.000 route=305 E/S=116/189 rescue=0 empty=0 hall=0/0 FG/HBG/EBG=40/0/1536 grad=26.96
[E18] batch=090/250 pseudo=3 loss=2.4326 sfseg=2.3382 seg=0.2224 mard=2.0744 λM=0.0000 DURR(dir/res/hall)=0.9440/0.0000/0.0000 λD=1.000 route=68 E/S=13/55 rescue=0 empty=1 hall=0/0 FG/HBG/EBG=24/0/1152 grad=18.90
[E18] batch=100/250 pseudo=4 loss=6.6886 sfseg=6.5775 seg=0.6019 mard=2.0991 λM=0.0000 DURR(dir/res/hall)=1.1109/0.0000/0.0000 λD=1.000 route=379 E/S=112/267 rescue=0 empty=0 hall=0/0 FG/HBG/EBG=32/0/1536 grad=63.54
[E18] batch=110/250 pseudo=4 loss=6.4911 sfseg=6.3055 seg=0.5457 mard=2.0254 λM=0.0000 DURR(dir/res/hall)=1.8563/0.0000/0.0000 λD=1.000 route=196 E/S=94/102 rescue=0 empty=0 hall=0/0 FG/HBG/EBG=32/0/1536 grad=83.05
[E18] batch=120/250 pseudo=4 loss=8.8422 sfseg=8.7311 seg=0.4852 mard=2.0648 λM=0.0000 DURR(dir/res/hall)=1.1109/0.0000/0.0000 λD=1.000 route=277 E/S=95/182 rescue=0 empty=0 hall=0/0 FG/HBG/EBG=32/0/1536 grad=77.42
[E18] batch=130/250 pseudo=5 loss=3.5149 sfseg=3.3574 seg=0.2533 mard=2.0049 λM=0.0000 DURR(dir/res/hall)=1.5747/0.0000/0.0000 λD=1.000 route=304 E/S=100/204 rescue=0 empty=0 hall=0/0 FG/HBG/EBG=40/0/1536 grad=23.86
[E18] batch=140/250 pseudo=6 loss=13.5081 sfseg=13.1963 seg=0.5457 mard=2.0386 λM=0.0000 DURR(dir/res/hall)=2.9938/0.0624/0.0000 λD=1.000 route=261 E/S=196/65 rescue=1 empty=0 hall=0/0 FG/HBG/EBG=48/0/1536 grad=77.63
[E18] batch=150/250 pseudo=3 loss=3.0085 sfseg=2.9242 seg=0.2556 mard=2.0922 λM=0.0000 DURR(dir/res/hall)=0.8433/0.0000/0.0000 λD=1.000 route=93 E/S=17/76 rescue=0 empty=1 hall=0/0 FG/HBG/EBG=24/0/1152 grad=23.97
[E18] batch=160/250 pseudo=3 loss=7.2036 sfseg=7.0534 seg=0.2965 mard=2.0154 λM=0.0000 DURR(dir/res/hall)=1.5012/0.0000/0.0000 λD=1.000 route=298 E/S=84/214 rescue=0 empty=1 hall=0/0 FG/HBG/EBG=24/0/1152 grad=48.53
[E18] batch=170/250 pseudo=4 loss=6.1412 sfseg=6.0406 seg=0.4495 mard=2.0009 λM=0.0000 DURR(dir/res/hall)=1.0052/0.0000/0.0000 λD=1.000 route=366 E/S=111/255 rescue=0 empty=0 hall=0/0 FG/HBG/EBG=32/0/1536 grad=45.15
[E18] batch=180/250 pseudo=3 loss=5.4632 sfseg=5.3583 seg=0.4283 mard=2.0836 λM=0.0000 DURR(dir/res/hall)=1.0496/0.0000/0.0000 λD=1.000 route=234 E/S=78/156 rescue=0 empty=1 hall=0/0 FG/HBG/EBG=24/0/1152 grad=45.75
[E18] batch=190/250 pseudo=4 loss=11.4258 sfseg=11.2878 seg=0.9179 mard=2.0129 λM=0.0000 DURR(dir/res/hall)=1.3798/0.0000/0.0000 λD=1.000 route=346 E/S=247/99 rescue=0 empty=0 hall=0/0 FG/HBG/EBG=32/0/1536 grad=49.72
[E18] batch=200/250 pseudo=4 loss=6.6604 sfseg=6.5230 seg=0.5829 mard=2.0239 λM=0.0000 DURR(dir/res/hall)=1.3734/0.0000/0.0000 λD=1.000 route=160 E/S=29/131 rescue=0 empty=0 hall=0/0 FG/HBG/EBG=32/0/1536 grad=99.73
[E18] batch=210/250 pseudo=4 loss=3.1300 sfseg=2.9997 seg=0.2243 mard=2.1101 λM=0.0000 DURR(dir/res/hall)=1.3032/0.0000/0.0000 λD=1.000 route=274 E/S=146/128 rescue=0 empty=0 hall=0/0 FG/HBG/EBG=32/0/1536 grad=27.46
[E18] batch=220/250 pseudo=5 loss=9.3510 sfseg=9.2468 seg=1.1350 mard=2.0042 λM=0.0000 DURR(dir/res/hall)=0.9991/0.0213/0.0000 λD=1.000 route=416 E/S=135/281 rescue=1 empty=0 hall=0/0 FG/HBG/EBG=40/0/1536 grad=215.19
[E18] batch=230/250 pseudo=4 loss=5.2073 sfseg=5.1180 seg=0.4571 mard=2.0788 λM=0.0000 DURR(dir/res/hall)=0.8930/0.0000/0.0000 λD=1.000 route=385 E/S=74/311 rescue=0 empty=0 hall=0/0 FG/HBG/EBG=32/0/1536 grad=36.51
[E18] batch=240/250 pseudo=4 loss=2.9143 sfseg=2.8262 seg=0.1942 mard=2.0212 λM=0.0000 DURR(dir/res/hall)=0.8812/0.0000/0.0000 λD=1.000 route=191 E/S=78/113 rescue=0 empty=0 hall=0/0 FG/HBG/EBG=32/0/1536 grad=28.42
[E18] batch=250/250 pseudo=4 loss=8.9168 sfseg=8.7130 seg=0.9209 mard=2.0626 λM=0.0000 DURR(dir/res/hall)=2.0383/0.0000/0.0000 λD=1.000 route=191 E/S=43/148 rescue=0 empty=0 hall=0/0 FG/HBG/EBG=32/0/1536 grad=102.99

[Epoch 18] DONE time=66.4s valid=250 skipped=0 pseudo=1032 anchors=993 mask_extra=39 reject_rel=21 DURRmatch=959/4623 rescue=11 teacher_empty=48 hall=19/6317 loss=8.2228 sfseg=8.0672 mard=2.0310 dir=1.3261 res=0.0027 hallL=0.2247 route E/S=26469/50299
[E19] batch=001/250 pseudo=4 loss=8.3514 sfseg=8.2386 seg=0.3365 mard=2.0036 λM=0.0000 DURR(dir/res/hall)=1.1281/0.0000/0.0000 λD=1.000 route=151 E/S=72/79 rescue=0 empty=0 hall=0/0 FG/HBG/EBG=32/0/1536 grad=41.76
[E19] batch=010/250 pseudo=3 loss=5.7297 sfseg=5.6101 seg=0.3130 mard=2.0406 λM=0.0000 DURR(dir/res/hall)=1.1963/0.0000/0.0000 λD=1.000 route=114 E/S=47/67 rescue=0 empty=1 hall=0/0 FG/HBG/EBG=24/0/1152 grad=155.19
[E19] batch=020/250 pseudo=4 loss=7.1468 sfseg=7.0418 seg=0.4866 mard=2.0432 λM=0.0000 DURR(dir/res/hall)=1.0497/0.0000/0.0000 λD=1.000 route=440 E/S=101/339 rescue=0 empty=0 hall=0/0 FG/HBG/EBG=32/0/1536 grad=70.98
[E19] batch=030/250 pseudo=3 loss=3.1403 sfseg=3.0933 seg=0.4060 mard=2.0389 λM=0.0000 DURR(dir/res/hall)=0.4706/0.0000/0.0000 λD=1.000 route=80 E/S=12/68 rescue=0 empty=1 hall=0/0 FG/HBG/EBG=24/0/1152 grad=27.82
[E19] batch=040/250 pseudo=6 loss=30.2837 sfseg=30.1331 seg=1.5756 mard=2.0207 λM=0.0000 DURR(dir/res/hall)=1.5052/0.0000/0.0000 λD=1.000 route=151 E/S=29/122 rescue=0 empty=0 hall=0/0 FG/HBG/EBG=48/0/1536 grad=138.82
[E19] batch=050/250 pseudo=4 loss=4.2364 sfseg=4.1004 seg=0.3140 mard=2.0479 λM=0.0000 DURR(dir/res/hall)=1.3599/0.0000/0.0000 λD=1.000 route=180 E/S=107/73 rescue=0 empty=0 hall=0/0 FG/HBG/EBG=32/0/1536 grad=35.11
[E19] batch=060/250 pseudo=5 loss=5.4020 sfseg=5.3074 seg=0.3918 mard=2.0074 λM=0.0000 DURR(dir/res/hall)=0.9458/0.0000/0.0000 λD=1.000 route=343 E/S=171/172 rescue=0 empty=0 hall=0/0 FG/HBG/EBG=40/0/1536 grad=34.30
[E19] batch=070/250 pseudo=4 loss=6.8694 sfseg=6.7898 seg=0.5508 mard=1.9889 λM=0.0000 DURR(dir/res/hall)=0.7955/0.0000/0.0000 λD=1.000 route=145 E/S=82/63 rescue=0 empty=0 hall=0/0 FG/HBG/EBG=32/0/1536 grad=64.14
[E19] batch=080/250 pseudo=4 loss=3.5958 sfseg=3.4499 seg=0.2118 mard=2.0103 λM=0.0000 DURR(dir/res/hall)=1.4589/0.0000/0.0000 λD=1.000 route=241 E/S=125/116 rescue=0 empty=0 hall=0/0 FG/HBG/EBG=32/0/1536 grad=26.81
[E19] batch=090/250 pseudo=4 loss=7.1757 sfseg=7.0568 seg=0.6634 mard=2.0429 λM=0.0000 DURR(dir/res/hall)=1.1889/0.0000/0.0000 λD=1.000 route=182 E/S=122/60 rescue=0 empty=0 hall=0/0 FG/HBG/EBG=32/0/1536 grad=72.11
[E19] batch=100/250 pseudo=4 loss=2.8005 sfseg=2.7178 seg=0.2439 mard=2.0439 λM=0.0000 DURR(dir/res/hall)=0.8269/0.0000/0.0000 λD=1.000 route=142 E/S=86/56 rescue=0 empty=0 hall=0/0 FG/HBG/EBG=32/0/1536 grad=31.03
[E19] batch=110/250 pseudo=3 loss=3.7539 sfseg=3.3083 seg=0.5452 mard=2.0471 λM=0.0000 DURR(dir/res/hall)=0.7774/0.0000/3.6786 λD=1.000 route=250 E/S=142/108 rescue=0 empty=1 hall=1/6 FG/HBG/EBG=24/0/1152 grad=28.93
[E19] batch=120/250 pseudo=4 loss=5.0635 sfseg=4.8027 seg=0.2912 mard=2.0254 λM=0.0000 DURR(dir/res/hall)=2.6079/0.0000/0.0000 λD=1.000 route=180 E/S=83/97 rescue=0 empty=0 hall=0/0 FG/HBG/EBG=32/0/1536 grad=33.81
[E19] batch=130/250 pseudo=4 loss=4.9285 sfseg=4.8177 seg=0.3928 mard=2.0476 λM=0.0000 DURR(dir/res/hall)=1.1075/0.0000/0.0000 λD=1.000 route=369 E/S=56/313 rescue=0 empty=0 hall=0/0 FG/HBG/EBG=32/0/1536 grad=43.97
[E19] batch=140/250 pseudo=3 loss=7.2118 sfseg=6.6887 seg=0.7670 mard=2.0826 λM=0.0000 DURR(dir/res/hall)=0.9665/0.0000/4.2649 λD=1.000 route=210 E/S=73/137 rescue=0 empty=1 hall=1/642 FG/HBG/EBG=24/0/1152 grad=29.30
[E19] batch=150/250 pseudo=5 loss=9.6076 sfseg=9.5130 seg=0.9009 mard=2.0400 λM=0.0000 DURR(dir/res/hall)=0.9251/0.0105/0.0000 λD=1.000 route=338 E/S=174/164 rescue=1 empty=0 hall=0/0 FG/HBG/EBG=40/0/1536 grad=62.60
[E19] batch=160/250 pseudo=4 loss=6.6201 sfseg=6.5077 seg=0.5816 mard=2.0865 λM=0.0000 DURR(dir/res/hall)=1.1231/0.0000/0.0000 λD=1.000 route=138 E/S=41/97 rescue=0 empty=0 hall=0/0 FG/HBG/EBG=32/0/1536 grad=47.40
[E19] batch=170/250 pseudo=4 loss=16.4239 sfseg=16.2405 seg=1.0164 mard=2.0232 λM=0.0000 DURR(dir/res/hall)=1.8339/0.0000/0.0000 λD=1.000 route=540 E/S=92/448 rescue=0 empty=0 hall=0/0 FG/HBG/EBG=32/0/1536 grad=61.49
[E19] batch=180/250 pseudo=4 loss=13.5115 sfseg=13.3533 seg=0.8937 mard=2.0237 λM=0.0000 DURR(dir/res/hall)=1.5819/0.0000/0.0000 λD=1.000 route=353 E/S=156/197 rescue=0 empty=0 hall=0/0 FG/HBG/EBG=32/0/1536 grad=92.74
[E19] batch=190/250 pseudo=4 loss=5.5587 sfseg=5.4755 seg=0.4459 mard=2.0250 λM=0.0000 DURR(dir/res/hall)=0.8319/0.0000/0.0000 λD=1.000 route=341 E/S=127/214 rescue=0 empty=0 hall=0/0 FG/HBG/EBG=32/0/1536 grad=34.59
[E19] batch=200/250 pseudo=5 loss=8.2733 sfseg=8.1349 seg=0.9502 mard=2.0520 λM=0.0000 DURR(dir/res/hall)=1.3836/0.0000/0.0000 λD=1.000 route=577 E/S=145/432 rescue=0 empty=0 hall=0/0 FG/HBG/EBG=40/0/1536 grad=37.27
[E19] batch=210/250 pseudo=4 loss=7.5278 sfseg=7.3666 seg=0.3714 mard=2.0661 λM=0.0000 DURR(dir/res/hall)=1.6118/0.0000/0.0000 λD=1.000 route=379 E/S=202/177 rescue=0 empty=0 hall=0/0 FG/HBG/EBG=32/0/1536 grad=35.30
[E19] batch=220/250 pseudo=4 loss=16.2301 sfseg=15.9777 seg=1.0759 mard=2.0535 λM=0.0000 DURR(dir/res/hall)=2.5245/0.0000/0.0000 λD=1.000 route=440 E/S=55/385 rescue=0 empty=0 hall=0/0 FG/HBG/EBG=32/0/1536 grad=149.01
[E19] batch=230/250 pseudo=5 loss=5.4175 sfseg=5.2806 seg=0.2766 mard=2.0629 λM=0.0000 DURR(dir/res/hall)=1.3695/0.0000/0.0000 λD=1.000 route=72 E/S=45/27 rescue=0 empty=0 hall=0/0 FG/HBG/EBG=40/0/1536 grad=26.40
[E19] batch=240/250 pseudo=5 loss=12.0211 sfseg=11.3743 seg=0.9049 mard=2.0661 λM=0.0000 DURR(dir/res/hall)=1.6819/0.0000/4.7861 λD=1.000 route=598 E/S=261/337 rescue=0 empty=1 hall=1/693 FG/HBG/EBG=40/0/1152 grad=71.91
[E19] batch=250/250 pseudo=5 loss=5.0867 sfseg=4.9532 seg=0.3558 mard=2.0030 λM=0.0000 DURR(dir/res/hall)=1.3344/0.0000/0.0000 λD=1.000 route=298 E/S=55/243 rescue=0 empty=0 hall=0/0 FG/HBG/EBG=40/0/1536 grad=37.84

[Epoch 19] DONE time=66.8s valid=250 skipped=0 pseudo=1030 anchors=997 mask_extra=33 reject_rel=15 DURRmatch=967/4666 rescue=13 teacher_empty=49 hall=22/5890 loss=7.6624 sfseg=7.5068 mard=2.0364 dir=1.2519 res=0.0106 hallL=0.2830 route E/S=25630/50945
[E20] batch=001/250 pseudo=4 loss=12.6454 sfseg=12.4081 seg=0.4767 mard=2.0654 λM=0.0000 DURR(dir/res/hall)=2.3729/0.0000/0.0000 λD=1.000 route=188 E/S=77/111 rescue=0 empty=0 hall=0/0 FG/HBG/EBG=32/0/1536 grad=132.32
[E20] batch=010/250 pseudo=3 loss=3.9843 sfseg=3.8551 seg=0.4469 mard=2.0276 λM=0.0000 DURR(dir/res/hall)=1.2920/0.0000/0.0000 λD=1.000 route=328 E/S=47/281 rescue=0 empty=1 hall=0/0 FG/HBG/EBG=24/0/1152 grad=26.68
[E20] batch=020/250 pseudo=4 loss=3.6539 sfseg=3.5531 seg=0.2992 mard=2.0096 λM=0.0000 DURR(dir/res/hall)=1.0079/0.0000/0.0000 λD=1.000 route=149 E/S=85/64 rescue=0 empty=0 hall=0/0 FG/HBG/EBG=32/0/1536 grad=26.18
[E20] batch=030/250 pseudo=3 loss=4.7763 sfseg=4.6650 seg=0.3855 mard=2.0095 λM=0.0000 DURR(dir/res/hall)=1.1124/0.0000/0.0000 λD=1.000 route=144 E/S=89/55 rescue=0 empty=1 hall=0/0 FG/HBG/EBG=24/0/1152 grad=76.27
[E20] batch=040/250 pseudo=4 loss=9.1539 sfseg=8.9788 seg=0.5579 mard=2.1064 λM=0.0000 DURR(dir/res/hall)=1.7504/0.0000/0.0000 λD=1.000 route=114 E/S=76/38 rescue=0 empty=0 hall=0/0 FG/HBG/EBG=32/0/1536 grad=51.39
[E20] batch=050/250 pseudo=4 loss=5.9089 sfseg=5.1996 seg=0.5349 mard=2.0225 λM=0.0000 DURR(dir/res/hall)=1.6050/0.0000/5.4883 λD=1.000 route=421 E/S=74/347 rescue=0 empty=1 hall=1/608 FG/HBG/EBG=32/0/1152 grad=28.24
[E20] batch=060/250 pseudo=5 loss=4.3503 sfseg=4.2370 seg=0.2265 mard=2.0305 λM=0.0000 DURR(dir/res/hall)=1.1332/0.0000/0.0000 λD=1.000 route=224 E/S=57/167 rescue=0 empty=0 hall=0/0 FG/HBG/EBG=40/0/1536 grad=28.13
[E20] batch=070/250 pseudo=6 loss=6.6902 sfseg=6.5403 seg=0.5166 mard=2.0316 λM=0.0000 DURR(dir/res/hall)=1.4987/0.0000/0.0000 λD=1.000 route=565 E/S=160/405 rescue=0 empty=0 hall=0/0 FG/HBG/EBG=48/0/1536 grad=30.73
[E20] batch=080/250 pseudo=3 loss=3.6193 sfseg=3.5257 seg=0.3763 mard=2.0329 λM=0.0000 DURR(dir/res/hall)=0.9357/0.0000/0.0000 λD=1.000 route=261 E/S=141/120 rescue=0 empty=1 hall=0/0 FG/HBG/EBG=24/0/1152 grad=25.14
[E20] batch=090/250 pseudo=5 loss=7.4249 sfseg=7.2265 seg=0.5675 mard=2.0000 λM=0.0000 DURR(dir/res/hall)=1.9846/0.0000/0.0000 λD=1.000 route=177 E/S=123/54 rescue=0 empty=0 hall=0/0 FG/HBG/EBG=40/0/1536 grad=37.35
[E20] batch=100/250 pseudo=4 loss=8.6704 sfseg=8.5264 seg=0.9476 mard=2.0332 λM=0.0000 DURR(dir/res/hall)=1.4392/0.0000/0.0000 λD=1.000 route=511 E/S=100/411 rescue=0 empty=0 hall=0/0 FG/HBG/EBG=32/0/1536 grad=91.75
[E20] batch=110/250 pseudo=5 loss=27.3223 sfseg=27.1881 seg=3.0449 mard=2.0095 λM=0.0000 DURR(dir/res/hall)=1.3414/0.0000/0.0000 λD=1.000 route=765 E/S=344/421 rescue=0 empty=0 hall=0/0 FG/HBG/EBG=40/0/1536 grad=414.46
[E20] batch=120/250 pseudo=4 loss=6.6462 sfseg=6.4910 seg=0.3196 mard=2.0228 λM=0.0000 DURR(dir/res/hall)=1.5527/0.0000/0.0000 λD=1.000 route=463 E/S=84/379 rescue=0 empty=0 hall=0/0 FG/HBG/EBG=32/0/1536 grad=25.45
[E20] batch=130/250 pseudo=4 loss=20.1909 sfseg=20.0491 seg=3.2862 mard=1.9920 λM=0.0000 DURR(dir/res/hall)=1.4179/0.0000/0.0000 λD=1.000 route=571 E/S=33/538 rescue=0 empty=0 hall=0/0 FG/HBG/EBG=32/0/1536 grad=234.02
[E20] batch=140/250 pseudo=4 loss=3.8406 sfseg=3.7414 seg=0.3622 mard=2.0444 λM=0.0000 DURR(dir/res/hall)=0.9921/0.0000/0.0000 λD=1.000 route=71 E/S=35/36 rescue=0 empty=0 hall=0/0 FG/HBG/EBG=32/0/1536 grad=30.15
[E20] batch=150/250 pseudo=5 loss=9.3303 sfseg=9.2306 seg=0.4640 mard=2.0282 λM=0.0000 DURR(dir/res/hall)=0.9972/0.0000/0.0000 λD=1.000 route=427 E/S=143/284 rescue=0 empty=0 hall=0/0 FG/HBG/EBG=40/0/1536 grad=60.93
[E20] batch=160/250 pseudo=4 loss=7.4695 sfseg=7.3350 seg=0.8840 mard=2.0376 λM=0.0000 DURR(dir/res/hall)=1.3449/0.0000/0.0000 λD=1.000 route=541 E/S=155/386 rescue=0 empty=0 hall=0/0 FG/HBG/EBG=32/0/1536 grad=43.54
[E20] batch=170/250 pseudo=4 loss=10.1613 sfseg=10.0404 seg=0.5865 mard=2.0011 λM=0.0000 DURR(dir/res/hall)=1.1966/0.0061/0.0000 λD=1.000 route=586 E/S=207/379 rescue=1 empty=0 hall=0/0 FG/HBG/EBG=32/0/1536 grad=61.10
[E20] batch=180/250 pseudo=3 loss=3.9862 sfseg=3.8530 seg=0.4109 mard=2.0052 λM=0.0000 DURR(dir/res/hall)=1.3322/0.0000/0.0000 λD=1.000 route=100 E/S=52/48 rescue=0 empty=1 hall=0/0 FG/HBG/EBG=24/0/1152 grad=70.11
[E20] batch=190/250 pseudo=4 loss=9.6429 sfseg=9.5012 seg=0.9798 mard=2.0536 λM=0.0000 DURR(dir/res/hall)=1.4171/0.0000/0.0000 λD=1.000 route=200 E/S=151/49 rescue=0 empty=0 hall=0/0 FG/HBG/EBG=32/0/1536 grad=49.78
[E20] batch=200/250 pseudo=6 loss=10.2181 sfseg=10.0939 seg=0.7699 mard=2.0108 λM=0.0000 DURR(dir/res/hall)=1.2424/0.0000/0.0000 λD=1.000 route=411 E/S=124/287 rescue=0 empty=0 hall=0/0 FG/HBG/EBG=48/0/1536 grad=72.43
[E20] batch=210/250 pseudo=4 loss=5.9997 sfseg=5.9083 seg=0.3252 mard=2.1022 λM=0.0000 DURR(dir/res/hall)=0.9140/0.0000/0.0000 λD=1.000 route=282 E/S=83/199 rescue=0 empty=0 hall=0/0 FG/HBG/EBG=32/0/1536 grad=54.01
[E20] batch=220/250 pseudo=3 loss=2.5311 sfseg=2.4201 seg=0.2431 mard=2.0089 λM=0.0000 DURR(dir/res/hall)=1.1099/0.0000/0.0000 λD=1.000 route=94 E/S=52/42 rescue=0 empty=1 hall=0/0 FG/HBG/EBG=24/0/1152 grad=26.55
[E20] batch=230/250 pseudo=4 loss=5.8770 sfseg=5.7675 seg=0.4909 mard=2.0127 λM=0.0000 DURR(dir/res/hall)=1.0946/0.0000/0.0000 λD=1.000 route=256 E/S=156/100 rescue=0 empty=0 hall=0/0 FG/HBG/EBG=32/0/1536 grad=36.53
[E20] batch=240/250 pseudo=2 loss=3.8299 sfseg=3.1813 seg=0.4628 mard=1.9793 λM=0.0000 DURR(dir/res/hall)=1.1019/0.0000/5.3848 λD=1.000 route=76 E/S=3/73 rescue=0 empty=2 hall=1/488 FG/HBG/EBG=16/0/768 grad=31.74
[E20] batch=250/250 pseudo=4 loss=8.3713 sfseg=8.1870 seg=0.4383 mard=2.0366 λM=0.0000 DURR(dir/res/hall)=1.8429/0.0000/0.0000 λD=1.000 route=334 E/S=54/280 rescue=0 empty=0 hall=0/0 FG/HBG/EBG=32/0/1536 grad=54.68

[Epoch 20] DONE time=66.5s valid=250 skipped=0 pseudo=1032 anchors=998 mask_extra=34 reject_rel=18 DURRmatch=962/4655 rescue=10 teacher_empty=48 hall=16/4117 loss=7.6030 sfseg=7.4571 mard=2.0332 dir=1.3013 res=0.0026 hallL=0.1526 route E/S=26415/50618
[SAVE Student] /home/dang/MedRT-SFOD/runs/seg/ablation/c2k_maskdhf_durr_v1_60ep/checkpoints/durr_student_epoch_20.pt
[SAVE Teacher] /home/dang/MedRT-SFOD/runs/seg/ablation/c2k_maskdhf_durr_v1_60ep/checkpoints/durr_teacher_ema_epoch_20.pt
[E21] batch=001/250 pseudo=4 loss=16.3627 sfseg=16.2549 seg=0.5536 mard=2.0583 λM=0.0000 DURR(dir/res/hall)=1.0787/0.0000/0.0000 λD=1.000 route=345 E/S=48/297 rescue=0 empty=0 hall=0/0 FG/HBG/EBG=32/0/1536 grad=127.23
[E21] batch=010/250 pseudo=4 loss=5.4404 sfseg=5.3330 seg=0.5493 mard=2.0468 λM=0.0000 DURR(dir/res/hall)=1.0742/0.0000/0.0000 λD=1.000 route=415 E/S=61/354 rescue=0 empty=0 hall=0/0 FG/HBG/EBG=32/0/1536 grad=42.85
[E21] batch=020/250 pseudo=4 loss=5.0512 sfseg=4.9830 seg=0.4004 mard=2.0193 λM=0.0000 DURR(dir/res/hall)=0.6826/0.0000/0.0000 λD=1.000 route=317 E/S=163/154 rescue=0 empty=0 hall=0/0 FG/HBG/EBG=32/0/1536 grad=63.57
[E21] batch=030/250 pseudo=3 loss=4.2908 sfseg=3.7701 seg=0.3886 mard=2.0292 λM=0.0000 DURR(dir/res/hall)=1.2554/0.0000/3.9514 λD=1.000 route=225 E/S=168/57 rescue=0 empty=1 hall=1/729 FG/HBG/EBG=24/0/1152 grad=25.44
[E21] batch=040/250 pseudo=4 loss=11.4958 sfseg=11.3440 seg=1.2057 mard=1.9909 λM=0.0000 DURR(dir/res/hall)=1.5183/0.0000/0.0000 λD=1.000 route=296 E/S=270/26 rescue=0 empty=1 hall=1/0 FG/HBG/EBG=32/0/1152 grad=130.80
[E21] batch=050/250 pseudo=3 loss=3.7109 sfseg=3.5904 seg=0.2838 mard=2.0282 λM=0.0000 DURR(dir/res/hall)=1.2054/0.0000/0.0000 λD=1.000 route=31 E/S=27/4 rescue=0 empty=1 hall=0/0 FG/HBG/EBG=24/0/1152 grad=37.55
[E21] batch=060/250 pseudo=4 loss=4.3179 sfseg=4.2050 seg=0.3230 mard=2.0311 λM=0.0000 DURR(dir/res/hall)=1.1291/0.0000/0.0000 λD=1.000 route=168 E/S=90/78 rescue=0 empty=0 hall=0/0 FG/HBG/EBG=32/0/1536 grad=27.44
[E21] batch=070/250 pseudo=7 loss=10.6939 sfseg=10.5674 seg=0.4271 mard=1.9801 λM=0.0000 DURR(dir/res/hall)=1.2648/0.0000/0.0000 λD=1.000 route=276 E/S=114/162 rescue=0 empty=0 hall=0/0 FG/HBG/EBG=56/0/1536 grad=55.05
[E21] batch=080/250 pseudo=4 loss=6.5637 sfseg=6.4853 seg=0.4534 mard=2.0499 λM=0.0000 DURR(dir/res/hall)=0.7846/0.0000/0.0000 λD=1.000 route=398 E/S=191/207 rescue=0 empty=0 hall=0/0 FG/HBG/EBG=32/0/1536 grad=41.89
[E21] batch=090/250 pseudo=5 loss=6.9416 sfseg=6.8571 seg=0.6408 mard=2.0381 λM=0.0000 DURR(dir/res/hall)=0.8450/0.0000/0.0000 λD=1.000 route=367 E/S=99/268 rescue=0 empty=0 hall=0/0 FG/HBG/EBG=40/0/1536 grad=49.12
[E21] batch=100/250 pseudo=4 loss=4.9601 sfseg=4.8842 seg=0.3798 mard=2.0504 λM=0.0000 DURR(dir/res/hall)=0.7587/0.0000/0.0000 λD=1.000 route=406 E/S=131/275 rescue=0 empty=0 hall=0/0 FG/HBG/EBG=32/0/1536 grad=37.92
[E21] batch=110/250 pseudo=4 loss=6.4376 sfseg=6.3425 seg=0.3202 mard=2.0710 λM=0.0000 DURR(dir/res/hall)=0.9510/0.0000/0.0000 λD=1.000 route=454 E/S=139/315 rescue=0 empty=0 hall=0/0 FG/HBG/EBG=32/0/1536 grad=104.45
[E21] batch=120/250 pseudo=3 loss=3.2890 sfseg=3.1830 seg=0.4060 mard=2.0296 λM=0.0000 DURR(dir/res/hall)=1.0600/0.0000/0.0000 λD=1.000 route=117 E/S=67/50 rescue=0 empty=1 hall=0/0 FG/HBG/EBG=24/0/1152 grad=32.08
[E21] batch=130/250 pseudo=4 loss=7.3923 sfseg=7.2644 seg=0.5403 mard=2.0895 λM=0.0000 DURR(dir/res/hall)=1.2789/0.0000/0.0000 λD=1.000 route=129 E/S=33/96 rescue=0 empty=0 hall=0/0 FG/HBG/EBG=32/0/1536 grad=93.20
[E21] batch=140/250 pseudo=4 loss=7.9795 sfseg=7.7258 seg=0.8764 mard=1.9981 λM=0.0000 DURR(dir/res/hall)=1.4397/0.5487/0.0000 λD=1.000 route=103 E/S=18/85 rescue=1 empty=0 hall=0/0 FG/HBG/EBG=32/0/1536 grad=37.89
[E21] batch=150/250 pseudo=5 loss=3.5539 sfseg=3.3941 seg=0.2454 mard=2.0356 λM=0.0000 DURR(dir/res/hall)=1.5983/0.0000/0.0000 λD=1.000 route=160 E/S=54/106 rescue=0 empty=0 hall=0/0 FG/HBG/EBG=40/0/1536 grad=21.39
[E21] batch=160/250 pseudo=3 loss=2.9200 sfseg=2.7913 seg=0.3041 mard=2.0340 λM=0.0000 DURR(dir/res/hall)=1.2878/0.0000/0.0000 λD=1.000 route=204 E/S=90/114 rescue=0 empty=1 hall=0/0 FG/HBG/EBG=24/0/1152 grad=27.29
[E21] batch=170/250 pseudo=4 loss=4.5367 sfseg=4.4532 seg=0.3794 mard=2.0373 λM=0.0000 DURR(dir/res/hall)=0.8350/0.0000/0.0000 λD=1.000 route=330 E/S=175/155 rescue=0 empty=0 hall=0/0 FG/HBG/EBG=32/0/1536 grad=55.08
[E21] batch=180/250 pseudo=5 loss=3.0763 sfseg=2.9576 seg=0.2044 mard=2.0373 λM=0.0000 DURR(dir/res/hall)=1.1876/0.0000/0.0000 λD=1.000 route=189 E/S=103/86 rescue=0 empty=0 hall=0/0 FG/HBG/EBG=40/0/1536 grad=26.93
[E21] batch=190/250 pseudo=4 loss=3.4915 sfseg=3.3837 seg=0.2562 mard=2.0091 λM=0.0000 DURR(dir/res/hall)=1.0782/0.0000/0.0000 λD=1.000 route=205 E/S=54/151 rescue=0 empty=0 hall=0/0 FG/HBG/EBG=32/0/1536 grad=28.91
[E21] batch=200/250 pseudo=4 loss=18.4693 sfseg=18.3219 seg=1.8395 mard=2.0408 λM=0.0000 DURR(dir/res/hall)=1.4737/0.0000/0.0000 λD=1.000 route=363 E/S=212/151 rescue=0 empty=0 hall=0/0 FG/HBG/EBG=32/0/1536 grad=125.94
[E21] batch=210/250 pseudo=3 loss=4.9132 sfseg=4.7262 seg=0.5279 mard=2.0208 λM=0.0000 DURR(dir/res/hall)=1.6664/0.1017/0.0000 λD=1.000 route=118 E/S=39/79 rescue=1 empty=1 hall=0/0 FG/HBG/EBG=24/0/1152 grad=35.15
[E21] batch=220/250 pseudo=4 loss=9.3291 sfseg=9.1582 seg=0.8389 mard=2.0445 λM=0.0000 DURR(dir/res/hall)=1.7085/0.0000/0.0000 λD=1.000 route=450 E/S=298/152 rescue=0 empty=0 hall=0/0 FG/HBG/EBG=32/0/1536 grad=70.65
[E21] batch=230/250 pseudo=5 loss=21.1987 sfseg=21.0137 seg=1.0821 mard=2.0187 λM=0.0000 DURR(dir/res/hall)=1.8501/0.0000/0.0000 λD=1.000 route=603 E/S=137/466 rescue=0 empty=0 hall=0/0 FG/HBG/EBG=40/0/1536 grad=155.49
[E21] batch=240/250 pseudo=7 loss=7.4244 sfseg=7.2957 seg=0.7161 mard=2.0142 λM=0.0000 DURR(dir/res/hall)=1.2872/0.0000/0.0000 λD=1.000 route=114 E/S=45/69 rescue=0 empty=0 hall=0/0 FG/HBG/EBG=56/0/1536 grad=43.20
[E21] batch=250/250 pseudo=5 loss=9.6823 sfseg=9.5792 seg=0.5237 mard=2.0129 λM=0.0000 DURR(dir/res/hall)=1.0305/0.0000/0.0000 λD=1.000 route=485 E/S=214/271 rescue=0 empty=0 hall=0/0 FG/HBG/EBG=40/0/1536 grad=83.27

[Epoch 21] DONE time=66.5s valid=250 skipped=0 pseudo=1018 anchors=979 mask_extra=39 reject_rel=18 DURRmatch=955/4648 rescue=13 teacher_empty=51 hall=15/6094 loss=7.6846 sfseg=7.5353 mard=2.0336 dir=1.2586 res=0.0086 hallL=0.2173 route E/S=27638/47588
[E22] batch=001/250 pseudo=4 loss=2.8823 sfseg=2.7793 seg=0.2089 mard=2.0197 λM=0.0000 DURR(dir/res/hall)=1.0301/0.0000/0.0000 λD=1.000 route=197 E/S=59/138 rescue=0 empty=0 hall=0/0 FG/HBG/EBG=32/0/1536 grad=21.40
[E22] batch=010/250 pseudo=5 loss=6.9048 sfseg=6.7770 seg=0.6164 mard=2.0925 λM=0.0000 DURR(dir/res/hall)=1.2781/0.0000/0.0000 λD=1.000 route=398 E/S=105/293 rescue=0 empty=0 hall=0/0 FG/HBG/EBG=40/0/1536 grad=50.24
[E22] batch=020/250 pseudo=4 loss=11.0440 sfseg=10.9497 seg=1.0387 mard=2.0272 λM=0.0000 DURR(dir/res/hall)=0.9436/0.0000/0.0000 λD=1.000 route=282 E/S=220/62 rescue=0 empty=0 hall=0/0 FG/HBG/EBG=32/0/1536 grad=73.23
[E22] batch=030/250 pseudo=4 loss=16.1135 sfseg=16.0623 seg=0.5625 mard=2.0857 λM=0.0000 DURR(dir/res/hall)=0.5121/0.0000/0.0000 λD=1.000 route=201 E/S=59/142 rescue=0 empty=0 hall=0/0 FG/HBG/EBG=32/0/1536 grad=335.09
[E22] batch=040/250 pseudo=3 loss=7.9741 sfseg=7.7904 seg=0.6885 mard=2.0227 λM=0.0000 DURR(dir/res/hall)=1.8368/0.0000/0.0000 λD=1.000 route=82 E/S=30/52 rescue=0 empty=1 hall=0/0 FG/HBG/EBG=24/0/1152 grad=128.65
[E22] batch=050/250 pseudo=4 loss=8.4507 sfseg=8.3465 seg=0.5433 mard=2.0587 λM=0.0000 DURR(dir/res/hall)=1.0421/0.0000/0.0000 λD=1.000 route=366 E/S=157/209 rescue=0 empty=0 hall=0/0 FG/HBG/EBG=32/0/1536 grad=50.40
[E22] batch=060/250 pseudo=3 loss=5.4831 sfseg=5.3723 seg=0.3257 mard=2.0242 λM=0.0000 DURR(dir/res/hall)=1.1082/0.0000/0.0000 λD=1.000 route=127 E/S=39/88 rescue=0 empty=1 hall=0/0 FG/HBG/EBG=24/0/1152 grad=135.01
[E22] batch=070/250 pseudo=4 loss=8.8240 sfseg=8.7084 seg=0.4802 mard=2.0597 λM=0.0000 DURR(dir/res/hall)=1.1557/0.0000/0.0000 λD=1.000 route=253 E/S=41/212 rescue=0 empty=0 hall=0/0 FG/HBG/EBG=32/0/1536 grad=88.21
[E22] batch=080/250 pseudo=4 loss=4.7234 sfseg=4.6382 seg=0.3321 mard=2.0059 λM=0.0000 DURR(dir/res/hall)=0.8518/0.0000/0.0000 λD=1.000 route=190 E/S=125/65 rescue=0 empty=0 hall=0/0 FG/HBG/EBG=32/0/1536 grad=33.36
[E22] batch=090/250 pseudo=4 loss=8.0047 sfseg=7.8632 seg=0.6607 mard=2.0252 λM=0.0000 DURR(dir/res/hall)=1.4142/0.0000/0.0000 λD=1.000 route=341 E/S=96/245 rescue=0 empty=0 hall=0/0 FG/HBG/EBG=32/0/1536 grad=42.73
[E22] batch=100/250 pseudo=4 loss=6.5067 sfseg=6.4107 seg=0.3442 mard=2.0231 λM=0.0000 DURR(dir/res/hall)=0.9597/0.0000/0.0000 λD=1.000 route=305 E/S=214/91 rescue=0 empty=0 hall=0/0 FG/HBG/EBG=32/0/1536 grad=42.90
[E22] batch=110/250 pseudo=4 loss=6.8359 sfseg=6.6983 seg=0.7760 mard=2.0289 λM=0.0000 DURR(dir/res/hall)=1.3757/0.0000/0.0000 λD=1.000 route=322 E/S=166/156 rescue=0 empty=0 hall=0/0 FG/HBG/EBG=32/0/1536 grad=38.86
[E22] batch=120/250 pseudo=4 loss=5.4459 sfseg=5.2793 seg=0.2861 mard=2.0652 λM=0.0000 DURR(dir/res/hall)=1.6660/0.0000/0.0000 λD=1.000 route=376 E/S=83/293 rescue=0 empty=0 hall=0/0 FG/HBG/EBG=32/0/1536 grad=48.48
[E22] batch=130/250 pseudo=4 loss=3.0514 sfseg=2.9251 seg=0.2358 mard=2.0020 λM=0.0000 DURR(dir/res/hall)=1.2631/0.0000/0.0000 λD=1.000 route=154 E/S=79/75 rescue=0 empty=0 hall=0/0 FG/HBG/EBG=32/0/1536 grad=25.41
[E22] batch=140/250 pseudo=4 loss=12.3373 sfseg=12.1879 seg=1.2272 mard=2.0206 λM=0.0000 DURR(dir/res/hall)=1.4942/0.0000/0.0000 λD=1.000 route=458 E/S=128/330 rescue=0 empty=0 hall=0/0 FG/HBG/EBG=32/0/1536 grad=116.80
[E22] batch=150/250 pseudo=5 loss=4.2837 sfseg=4.1940 seg=0.2148 mard=1.9975 λM=0.0000 DURR(dir/res/hall)=0.8970/0.0000/0.0000 λD=1.000 route=159 E/S=34/125 rescue=0 empty=0 hall=0/0 FG/HBG/EBG=40/0/1536 grad=101.53
[E22] batch=160/250 pseudo=4 loss=13.0309 sfseg=12.9277 seg=1.4884 mard=1.9838 λM=0.0000 DURR(dir/res/hall)=1.0318/0.0000/0.0000 λD=1.000 route=146 E/S=125/21 rescue=0 empty=0 hall=0/0 FG/HBG/EBG=32/0/1536 grad=62.45
[E22] batch=170/250 pseudo=4 loss=20.6302 sfseg=20.4299 seg=1.4085 mard=2.0286 λM=0.0000 DURR(dir/res/hall)=2.0026/0.0000/0.0000 λD=1.000 route=234 E/S=137/97 rescue=0 empty=0 hall=0/0 FG/HBG/EBG=32/0/1536 grad=54.56
[E22] batch=180/250 pseudo=5 loss=11.2095 sfseg=11.0306 seg=0.4232 mard=2.0443 λM=0.0000 DURR(dir/res/hall)=1.7888/0.0000/0.0000 λD=1.000 route=224 E/S=106/118 rescue=0 empty=0 hall=0/0 FG/HBG/EBG=40/0/1536 grad=115.87
[E22] batch=190/250 pseudo=5 loss=16.3057 sfseg=16.1789 seg=1.2374 mard=2.0124 λM=0.0000 DURR(dir/res/hall)=1.2684/0.0000/0.0000 λD=1.000 route=1349 E/S=169/1180 rescue=0 empty=0 hall=0/0 FG/HBG/EBG=40/0/1536 grad=112.98
[E22] batch=200/250 pseudo=3 loss=2.8279 sfseg=2.6326 seg=0.2109 mard=2.0770 λM=0.0000 DURR(dir/res/hall)=1.9527/0.0000/0.0000 λD=1.000 route=150 E/S=32/118 rescue=0 empty=1 hall=0/0 FG/HBG/EBG=24/0/1152 grad=28.58
[E22] batch=210/250 pseudo=4 loss=7.1196 sfseg=6.9813 seg=0.6011 mard=2.0228 λM=0.0000 DURR(dir/res/hall)=1.3826/0.0000/0.0000 λD=1.000 route=726 E/S=171/555 rescue=0 empty=0 hall=0/0 FG/HBG/EBG=32/0/1536 grad=51.83
[E22] batch=220/250 pseudo=3 loss=3.7666 sfseg=3.0710 seg=0.2919 mard=2.0561 λM=0.0000 DURR(dir/res/hall)=1.4315/0.0000/5.5251 λD=1.000 route=69 E/S=40/29 rescue=0 empty=2 hall=1/776 FG/HBG/EBG=24/0/768 grad=58.60
[E22] batch=230/250 pseudo=3 loss=5.5281 sfseg=5.3503 seg=0.6252 mard=2.0263 λM=0.0000 DURR(dir/res/hall)=1.7781/0.0000/0.0000 λD=1.000 route=252 E/S=81/171 rescue=0 empty=1 hall=0/0 FG/HBG/EBG=24/0/1152 grad=28.80
[E22] batch=240/250 pseudo=4 loss=5.7905 sfseg=5.6720 seg=0.4982 mard=1.9782 λM=0.0000 DURR(dir/res/hall)=1.1846/0.0000/0.0000 λD=1.000 route=241 E/S=151/90 rescue=0 empty=0 hall=0/0 FG/HBG/EBG=32/0/1536 grad=64.92
[E22] batch=250/250 pseudo=4 loss=10.2585 sfseg=10.0939 seg=0.6464 mard=2.0542 λM=0.0000 DURR(dir/res/hall)=1.6465/0.0000/0.0000 λD=1.000 route=299 E/S=164/135 rescue=0 empty=0 hall=0/0 FG/HBG/EBG=32/0/1536 grad=108.88

[Epoch 22] DONE time=66.1s valid=250 skipped=0 pseudo=1029 anchors=985 mask_extra=44 reject_rel=15 DURRmatch=957/4613 rescue=12 teacher_empty=52 hall=17/4248 loss=7.7164 sfseg=7.5663 mard=2.0361 dir=1.2587 res=0.0176 hallL=0.2076 route E/S=25016/49951
[E23] batch=001/250 pseudo=4 loss=3.6575 sfseg=3.5879 seg=0.3710 mard=2.0455 λM=0.0000 DURR(dir/res/hall)=0.6954/0.0000/0.0000 λD=1.000 route=279 E/S=117/162 rescue=0 empty=0 hall=0/0 FG/HBG/EBG=32/0/1536 grad=24.26
[E23] batch=010/250 pseudo=4 loss=5.0368 sfseg=4.9558 seg=0.4587 mard=2.0453 λM=0.0000 DURR(dir/res/hall)=0.8101/0.0000/0.0000 λD=1.000 route=98 E/S=55/43 rescue=0 empty=0 hall=0/0 FG/HBG/EBG=32/0/1536 grad=42.21
[E23] batch=020/250 pseudo=4 loss=12.4914 sfseg=12.3892 seg=1.0031 mard=2.0305 λM=0.0000 DURR(dir/res/hall)=1.0224/0.0000/0.0000 λD=1.000 route=181 E/S=49/132 rescue=0 empty=0 hall=0/0 FG/HBG/EBG=32/0/1536 grad=69.52
[E23] batch=030/250 pseudo=4 loss=4.4652 sfseg=4.2553 seg=0.2971 mard=2.0449 λM=0.0000 DURR(dir/res/hall)=2.0988/0.0000/0.0000 λD=1.000 route=280 E/S=64/216 rescue=0 empty=0 hall=0/0 FG/HBG/EBG=32/0/1536 grad=30.92
[E23] batch=040/250 pseudo=4 loss=7.5420 sfseg=7.3870 seg=0.7604 mard=2.0757 λM=0.0000 DURR(dir/res/hall)=1.5505/0.0000/0.0000 λD=1.000 route=331 E/S=78/253 rescue=0 empty=0 hall=0/0 FG/HBG/EBG=32/0/1536 grad=33.14
[E23] batch=050/250 pseudo=4 loss=3.1956 sfseg=3.0744 seg=0.1996 mard=2.0381 λM=0.0000 DURR(dir/res/hall)=1.2116/0.0000/0.0000 λD=1.000 route=193 E/S=161/32 rescue=0 empty=0 hall=0/0 FG/HBG/EBG=32/0/1536 grad=28.74
[E23] batch=060/250 pseudo=4 loss=3.7727 sfseg=3.6406 seg=0.2995 mard=2.0163 λM=0.0000 DURR(dir/res/hall)=1.3214/0.0000/0.0000 λD=1.000 route=114 E/S=51/63 rescue=0 empty=0 hall=0/0 FG/HBG/EBG=32/0/1536 grad=27.56
[E23] batch=070/250 pseudo=4 loss=12.7750 sfseg=12.6215 seg=1.0172 mard=2.0047 λM=0.0000 DURR(dir/res/hall)=1.5343/0.0000/0.0000 λD=1.000 route=834 E/S=109/725 rescue=0 empty=0 hall=0/0 FG/HBG/EBG=32/0/1536 grad=99.24
[E23] batch=080/250 pseudo=4 loss=8.0335 sfseg=7.8932 seg=0.7612 mard=2.0101 λM=0.0000 DURR(dir/res/hall)=1.4023/0.0000/0.0000 λD=1.000 route=374 E/S=200/174 rescue=0 empty=0 hall=0/0 FG/HBG/EBG=32/0/1536 grad=76.84
[E23] batch=090/250 pseudo=5 loss=19.7669 sfseg=19.6204 seg=2.8899 mard=2.0422 λM=0.0000 DURR(dir/res/hall)=1.4650/0.0000/0.0000 λD=1.000 route=549 E/S=234/315 rescue=0 empty=0 hall=0/0 FG/HBG/EBG=40/0/1536 grad=114.00
[E23] batch=100/250 pseudo=6 loss=8.6290 sfseg=8.5286 seg=0.6937 mard=2.0259 λM=0.0000 DURR(dir/res/hall)=1.0047/0.0000/0.0000 λD=1.000 route=831 E/S=123/708 rescue=0 empty=0 hall=0/0 FG/HBG/EBG=48/0/1536 grad=97.43
[E23] batch=110/250 pseudo=3 loss=2.6456 sfseg=2.1126 seg=0.1658 mard=2.1044 λM=0.0000 DURR(dir/res/hall)=0.6541/0.0000/4.6758 λD=1.000 route=126 E/S=86/40 rescue=0 empty=1 hall=1/641 FG/HBG/EBG=24/0/1152 grad=21.44
[E23] batch=120/250 pseudo=4 loss=7.0167 sfseg=6.9134 seg=0.5924 mard=2.0354 λM=0.0000 DURR(dir/res/hall)=1.0328/0.0000/0.0000 λD=1.000 route=403 E/S=190/213 rescue=0 empty=0 hall=0/0 FG/HBG/EBG=32/0/1536 grad=36.10
[E23] batch=130/250 pseudo=4 loss=18.0912 sfseg=17.9384 seg=1.5883 mard=2.0127 λM=0.0000 DURR(dir/res/hall)=1.5283/0.0000/0.0000 λD=1.000 route=259 E/S=104/155 rescue=0 empty=0 hall=0/0 FG/HBG/EBG=32/0/1536 grad=172.40
[E23] batch=140/250 pseudo=4 loss=4.5194 sfseg=4.3870 seg=0.2270 mard=2.0281 λM=0.0000 DURR(dir/res/hall)=1.3248/0.0000/0.0000 λD=1.000 route=461 E/S=81/380 rescue=0 empty=0 hall=0/0 FG/HBG/EBG=32/0/1536 grad=48.37
[E23] batch=150/250 pseudo=4 loss=21.2668 sfseg=21.2384 seg=1.2874 mard=2.0018 λM=0.0000 DURR(dir/res/hall)=0.2334/0.0256/0.0000 λD=1.000 route=42 E/S=14/28 rescue=1 empty=0 hall=0/0 FG/HBG/EBG=32/0/1536 grad=112.18
[E23] batch=160/250 pseudo=3 loss=14.1016 sfseg=13.9602 seg=1.9885 mard=2.0741 λM=0.0000 DURR(dir/res/hall)=1.4131/0.0000/0.0000 λD=1.000 route=556 E/S=363/193 rescue=0 empty=1 hall=0/0 FG/HBG/EBG=24/0/1152 grad=54.41
[E23] batch=170/250 pseudo=3 loss=5.6040 sfseg=5.4144 seg=0.6450 mard=2.0383 λM=0.0000 DURR(dir/res/hall)=1.8963/0.0000/0.0000 λD=1.000 route=179 E/S=93/86 rescue=0 empty=1 hall=0/0 FG/HBG/EBG=24/0/1152 grad=84.36
[E23] batch=180/250 pseudo=4 loss=13.9346 sfseg=13.7579 seg=1.9014 mard=2.0357 λM=0.0000 DURR(dir/res/hall)=1.7667/0.0000/0.0000 λD=1.000 route=245 E/S=49/196 rescue=0 empty=0 hall=0/0 FG/HBG/EBG=32/0/1536 grad=202.15
[E23] batch=190/250 pseudo=5 loss=13.7877 sfseg=13.6697 seg=0.7414 mard=2.0691 λM=0.0000 DURR(dir/res/hall)=1.1796/0.0000/0.0000 λD=1.000 route=446 E/S=122/324 rescue=0 empty=0 hall=0/0 FG/HBG/EBG=40/0/1536 grad=84.72
[E23] batch=200/250 pseudo=4 loss=13.4427 sfseg=13.3084 seg=1.1023 mard=2.0251 λM=0.0000 DURR(dir/res/hall)=1.3424/0.0000/0.0000 λD=1.000 route=440 E/S=112/328 rescue=0 empty=0 hall=0/0 FG/HBG/EBG=32/0/1536 grad=48.67
[E23] batch=210/250 pseudo=5 loss=7.3803 sfseg=7.1923 seg=0.5844 mard=2.0166 λM=0.0000 DURR(dir/res/hall)=1.8794/0.0000/0.0000 λD=1.000 route=212 E/S=125/87 rescue=0 empty=0 hall=0/0 FG/HBG/EBG=40/0/1536 grad=51.74
[E23] batch=220/250 pseudo=3 loss=5.9544 sfseg=5.8250 seg=0.5753 mard=2.0719 λM=0.0000 DURR(dir/res/hall)=1.2937/0.0000/0.0000 λD=1.000 route=410 E/S=93/317 rescue=0 empty=1 hall=0/0 FG/HBG/EBG=24/0/1152 grad=44.39
[E23] batch=230/250 pseudo=4 loss=2.7689 sfseg=2.6552 seg=0.2155 mard=2.0377 λM=0.0000 DURR(dir/res/hall)=1.1366/0.0000/0.0000 λD=1.000 route=211 E/S=40/171 rescue=0 empty=0 hall=0/0 FG/HBG/EBG=32/0/1536 grad=19.94
[E23] batch=240/250 pseudo=3 loss=9.2458 sfseg=9.0398 seg=0.7544 mard=2.0249 λM=0.0000 DURR(dir/res/hall)=2.0606/0.0000/0.0000 λD=1.000 route=75 E/S=19/56 rescue=0 empty=1 hall=0/0 FG/HBG/EBG=24/0/1152 grad=78.09
[E23] batch=250/250 pseudo=4 loss=5.7650 sfseg=5.6313 seg=0.4108 mard=2.0380 λM=0.0000 DURR(dir/res/hall)=1.3374/0.0000/0.0000 λD=1.000 route=348 E/S=46/302 rescue=0 empty=0 hall=0/0 FG/HBG/EBG=32/0/1536 grad=66.43

[Epoch 23] DONE time=66.5s valid=250 skipped=0 pseudo=1022 anchors=981 mask_extra=41 reject_rel=16 DURRmatch=954/4613 rescue=11 teacher_empty=47 hall=21/6851 loss=7.5507 sfseg=7.3957 mard=2.0396 dir=1.2524 res=0.0055 hallL=0.2858 route E/S=25672/49694
[E24] batch=001/250 pseudo=4 loss=3.2666 sfseg=3.1852 seg=0.2639 mard=2.0260 λM=0.0000 DURR(dir/res/hall)=0.8138/0.0000/0.0000 λD=1.000 route=335 E/S=209/126 rescue=0 empty=0 hall=0/0 FG/HBG/EBG=32/0/1536 grad=22.56
[E24] batch=010/250 pseudo=4 loss=3.9263 sfseg=3.8563 seg=0.3355 mard=2.0122 λM=0.0000 DURR(dir/res/hall)=0.7007/0.0000/0.0000 λD=1.000 route=169 E/S=73/96 rescue=0 empty=0 hall=0/0 FG/HBG/EBG=32/0/1536 grad=27.26
[E24] batch=020/250 pseudo=4 loss=4.0075 sfseg=3.8879 seg=0.3237 mard=2.0273 λM=0.0000 DURR(dir/res/hall)=1.1951/0.0000/0.0000 λD=1.000 route=212 E/S=79/133 rescue=0 empty=0 hall=0/0 FG/HBG/EBG=32/0/1536 grad=21.92
[E24] batch=030/250 pseudo=4 loss=18.0466 sfseg=17.9633 seg=0.8818 mard=2.0239 λM=0.0000 DURR(dir/res/hall)=0.8325/0.0000/0.0000 λD=1.000 route=176 E/S=53/123 rescue=0 empty=0 hall=0/0 FG/HBG/EBG=32/0/1536 grad=78.81
[E24] batch=040/250 pseudo=4 loss=4.8012 sfseg=4.7103 seg=0.3102 mard=2.0770 λM=0.0000 DURR(dir/res/hall)=0.9091/0.0000/0.0000 λD=1.000 route=276 E/S=75/201 rescue=0 empty=0 hall=0/0 FG/HBG/EBG=32/0/1536 grad=33.88
[E24] batch=050/250 pseudo=4 loss=9.2763 sfseg=9.0995 seg=0.9247 mard=2.0359 λM=0.0000 DURR(dir/res/hall)=1.7681/0.0000/0.0000 λD=1.000 route=584 E/S=365/219 rescue=0 empty=0 hall=0/0 FG/HBG/EBG=32/0/1536 grad=58.39
[E24] batch=060/250 pseudo=4 loss=5.3452 sfseg=5.2609 seg=0.4583 mard=2.0578 λM=0.0000 DURR(dir/res/hall)=0.8429/0.0000/0.0000 λD=1.000 route=467 E/S=25/442 rescue=0 empty=0 hall=0/0 FG/HBG/EBG=32/0/1536 grad=35.39
[E24] batch=070/250 pseudo=4 loss=3.8697 sfseg=3.6896 seg=0.2523 mard=2.0499 λM=0.0000 DURR(dir/res/hall)=1.8010/0.0000/0.0000 λD=1.000 route=168 E/S=74/94 rescue=0 empty=0 hall=0/0 FG/HBG/EBG=32/0/1536 grad=27.51
[E24] batch=080/250 pseudo=3 loss=4.4422 sfseg=4.3359 seg=0.2646 mard=2.0523 λM=0.0000 DURR(dir/res/hall)=1.0624/0.0000/0.0000 λD=1.000 route=252 E/S=106/146 rescue=0 empty=1 hall=0/0 FG/HBG/EBG=24/0/1152 grad=30.47
[E24] batch=090/250 pseudo=6 loss=14.6415 sfseg=14.4390 seg=0.8622 mard=2.0415 λM=0.0000 DURR(dir/res/hall)=2.0249/0.0000/0.0000 λD=1.000 route=182 E/S=52/130 rescue=0 empty=0 hall=0/0 FG/HBG/EBG=48/0/1536 grad=221.51
[E24] batch=100/250 pseudo=4 loss=6.2748 sfseg=6.1387 seg=0.6109 mard=2.0187 λM=0.0000 DURR(dir/res/hall)=1.3615/0.0000/0.0000 λD=1.000 route=242 E/S=133/109 rescue=0 empty=0 hall=0/0 FG/HBG/EBG=32/0/1536 grad=49.13
[E24] batch=110/250 pseudo=3 loss=8.0665 sfseg=7.4912 seg=0.5636 mard=2.0483 λM=0.0000 DURR(dir/res/hall)=1.1289/0.0000/4.6248 λD=1.000 route=443 E/S=248/195 rescue=0 empty=1 hall=1/794 FG/HBG/EBG=24/0/1152 grad=85.14
[E24] batch=120/250 pseudo=4 loss=6.8191 sfseg=6.6314 seg=0.3736 mard=2.0098 λM=0.0000 DURR(dir/res/hall)=1.8770/0.0000/0.0000 λD=1.000 route=416 E/S=74/342 rescue=0 empty=0 hall=0/0 FG/HBG/EBG=32/0/1536 grad=78.36
[E24] batch=130/250 pseudo=4 loss=7.2468 sfseg=7.1287 seg=0.3433 mard=2.0359 λM=0.0000 DURR(dir/res/hall)=1.1805/0.0000/0.0000 λD=1.000 route=152 E/S=35/117 rescue=0 empty=0 hall=0/0 FG/HBG/EBG=32/0/1536 grad=80.23
[E24] batch=140/250 pseudo=4 loss=9.3281 sfseg=9.2248 seg=0.8540 mard=2.0104 λM=0.0000 DURR(dir/res/hall)=1.0335/0.0000/0.0000 λD=1.000 route=557 E/S=52/505 rescue=0 empty=0 hall=0/0 FG/HBG/EBG=32/0/1536 grad=74.55
[E24] batch=150/250 pseudo=4 loss=9.5965 sfseg=9.4672 seg=0.4339 mard=2.0369 λM=0.0000 DURR(dir/res/hall)=1.2931/0.0000/0.0000 λD=1.000 route=745 E/S=363/382 rescue=0 empty=0 hall=0/0 FG/HBG/EBG=32/0/1536 grad=64.94
[E24] batch=160/250 pseudo=4 loss=6.2591 sfseg=6.1380 seg=0.4399 mard=2.0255 λM=0.0000 DURR(dir/res/hall)=1.2102/0.0000/0.0000 λD=1.000 route=192 E/S=116/76 rescue=0 empty=0 hall=0/0 FG/HBG/EBG=32/0/1536 grad=69.29
[E24] batch=170/250 pseudo=4 loss=6.2872 sfseg=6.1211 seg=0.5091 mard=2.0148 λM=0.0000 DURR(dir/res/hall)=1.6609/0.0000/0.0000 λD=1.000 route=188 E/S=43/145 rescue=0 empty=0 hall=0/0 FG/HBG/EBG=32/0/1536 grad=46.34
[E24] batch=180/250 pseudo=4 loss=20.6295 sfseg=20.4708 seg=1.2062 mard=2.0400 λM=0.0000 DURR(dir/res/hall)=1.5870/0.0000/0.0000 λD=1.000 route=871 E/S=456/415 rescue=0 empty=0 hall=0/0 FG/HBG/EBG=32/0/1536 grad=377.37
[E24] batch=190/250 pseudo=4 loss=5.2433 sfseg=5.1284 seg=0.4770 mard=2.0285 λM=0.0000 DURR(dir/res/hall)=1.1489/0.0000/0.0000 λD=1.000 route=53 E/S=41/12 rescue=0 empty=0 hall=0/0 FG/HBG/EBG=32/0/1536 grad=39.85
[E24] batch=200/250 pseudo=4 loss=4.0953 sfseg=3.9906 seg=0.4894 mard=2.0385 λM=0.0000 DURR(dir/res/hall)=1.0466/0.0000/0.0000 λD=1.000 route=442 E/S=211/231 rescue=0 empty=0 hall=0/0 FG/HBG/EBG=32/0/1536 grad=31.66
[E24] batch=210/250 pseudo=4 loss=4.4450 sfseg=4.3463 seg=0.4488 mard=1.9942 λM=0.0000 DURR(dir/res/hall)=0.9865/0.0000/0.0000 λD=1.000 route=98 E/S=26/72 rescue=0 empty=0 hall=0/0 FG/HBG/EBG=32/0/1536 grad=33.60
[E24] batch=220/250 pseudo=3 loss=17.4032 sfseg=17.1596 seg=1.0202 mard=2.0188 λM=0.0000 DURR(dir/res/hall)=2.4352/0.0000/0.0007 λD=1.000 route=531 E/S=174/357 rescue=0 empty=1 hall=1/0 FG/HBG/EBG=24/0/1152 grad=138.95
[E24] batch=230/250 pseudo=4 loss=8.4592 sfseg=8.3210 seg=0.7861 mard=2.0320 λM=0.0000 DURR(dir/res/hall)=1.3814/0.0000/0.0000 λD=1.000 route=116 E/S=46/70 rescue=0 empty=0 hall=0/0 FG/HBG/EBG=32/0/1536 grad=60.80
[E24] batch=240/250 pseudo=4 loss=5.0389 sfseg=4.9472 seg=0.3894 mard=2.0255 λM=0.0000 DURR(dir/res/hall)=0.9166/0.0000/0.0000 λD=1.000 route=295 E/S=164/131 rescue=0 empty=0 hall=0/0 FG/HBG/EBG=32/0/1536 grad=33.88
[E24] batch=250/250 pseudo=4 loss=4.8915 sfseg=4.7597 seg=0.3619 mard=2.0472 λM=0.0000 DURR(dir/res/hall)=1.3178/0.0000/0.0000 λD=1.000 route=255 E/S=102/153 rescue=0 empty=0 hall=0/0 FG/HBG/EBG=32/0/1536 grad=26.04

[Epoch 24] DONE time=66.6s valid=250 skipped=0 pseudo=1032 anchors=994 mask_extra=38 reject_rel=17 DURRmatch=966/4673 rescue=11 teacher_empty=46 hall=16/6096 loss=7.3909 sfseg=7.2442 mard=2.0366 dir=1.2731 res=0.0036 hallL=0.1860 route E/S=25793/50686
[E25] batch=001/250 pseudo=4 loss=5.5360 sfseg=5.3934 seg=0.5291 mard=2.0109 λM=0.0000 DURR(dir/res/hall)=1.4254/0.0000/0.0000 λD=1.000 route=125 E/S=48/77 rescue=0 empty=0 hall=0/0 FG/HBG/EBG=32/0/1536 grad=44.07
[E25] batch=010/250 pseudo=4 loss=2.6740 sfseg=2.5622 seg=0.2186 mard=2.0876 λM=0.0000 DURR(dir/res/hall)=1.1182/0.0000/0.0000 λD=1.000 route=242 E/S=71/171 rescue=0 empty=0 hall=0/0 FG/HBG/EBG=32/0/1536 grad=23.63
[E25] batch=020/250 pseudo=3 loss=4.3400 sfseg=4.2745 seg=0.3824 mard=2.0106 λM=0.0000 DURR(dir/res/hall)=0.6551/0.0000/0.0000 λD=1.000 route=55 E/S=24/31 rescue=0 empty=1 hall=0/0 FG/HBG/EBG=24/0/1152 grad=26.18
[E25] batch=030/250 pseudo=4 loss=3.3152 sfseg=3.2294 seg=0.2703 mard=2.0381 λM=0.0000 DURR(dir/res/hall)=0.8578/0.0000/0.0000 λD=1.000 route=167 E/S=27/140 rescue=0 empty=0 hall=0/0 FG/HBG/EBG=32/0/1536 grad=22.56
[E25] batch=040/250 pseudo=5 loss=4.7524 sfseg=4.6040 seg=0.2944 mard=2.0084 λM=0.0000 DURR(dir/res/hall)=1.4846/0.0000/0.0000 λD=1.000 route=252 E/S=129/123 rescue=0 empty=0 hall=0/0 FG/HBG/EBG=40/0/1536 grad=49.42
[E25] batch=050/250 pseudo=3 loss=17.9718 sfseg=17.4738 seg=2.3748 mard=2.0096 λM=0.0000 DURR(dir/res/hall)=1.7102/0.0000/3.2697 λD=1.000 route=478 E/S=285/193 rescue=0 empty=1 hall=1/15 FG/HBG/EBG=24/0/1152 grad=74.40
[E25] batch=060/250 pseudo=4 loss=8.0893 sfseg=7.9443 seg=0.6107 mard=2.0089 λM=0.0000 DURR(dir/res/hall)=1.4494/0.0000/0.0000 λD=1.000 route=230 E/S=62/168 rescue=0 empty=0 hall=0/0 FG/HBG/EBG=32/0/1536 grad=54.86
[E25] batch=070/250 pseudo=4 loss=14.5394 sfseg=14.2868 seg=1.1629 mard=2.0318 λM=0.0000 DURR(dir/res/hall)=2.5263/0.0000/0.0000 λD=1.000 route=160 E/S=90/70 rescue=0 empty=0 hall=0/0 FG/HBG/EBG=32/0/1536 grad=160.41
[E25] batch=080/250 pseudo=4 loss=4.5123 sfseg=4.4196 seg=0.5270 mard=2.0131 λM=0.0000 DURR(dir/res/hall)=0.9265/0.0000/0.0000 λD=1.000 route=347 E/S=93/254 rescue=0 empty=0 hall=0/0 FG/HBG/EBG=32/0/1536 grad=40.94
[E25] batch=090/250 pseudo=4 loss=4.1538 sfseg=3.9827 seg=0.1970 mard=2.0549 λM=0.0000 DURR(dir/res/hall)=1.7111/0.0000/0.0000 λD=1.000 route=418 E/S=200/218 rescue=0 empty=0 hall=0/0 FG/HBG/EBG=32/0/1536 grad=33.01
[E25] batch=100/250 pseudo=5 loss=9.6678 sfseg=9.4895 seg=0.4322 mard=1.9980 λM=0.0000 DURR(dir/res/hall)=1.7821/0.0000/0.0000 λD=1.000 route=311 E/S=39/272 rescue=0 empty=0 hall=0/0 FG/HBG/EBG=40/0/1536 grad=66.88
[E25] batch=110/250 pseudo=4 loss=6.5960 sfseg=6.5105 seg=0.4875 mard=2.0122 λM=0.0000 DURR(dir/res/hall)=0.8550/0.0000/0.0000 λD=1.000 route=290 E/S=101/189 rescue=0 empty=0 hall=0/0 FG/HBG/EBG=32/0/1536 grad=35.45
[E25] batch=120/250 pseudo=4 loss=6.2951 sfseg=6.1796 seg=0.4246 mard=2.0389 λM=0.0000 DURR(dir/res/hall)=1.1550/0.0000/0.0000 λD=1.000 route=228 E/S=78/150 rescue=0 empty=0 hall=0/0 FG/HBG/EBG=32/0/1536 grad=33.26
[E25] batch=130/250 pseudo=3 loss=2.6255 sfseg=2.2100 seg=0.3254 mard=2.0429 λM=0.0000 DURR(dir/res/hall)=1.0886/0.0000/3.0665 λD=1.000 route=95 E/S=20/75 rescue=0 empty=1 hall=1/48 FG/HBG/EBG=24/0/1152 grad=23.30
[E25] batch=140/250 pseudo=5 loss=7.9423 sfseg=7.8468 seg=0.4625 mard=2.0746 λM=0.0000 DURR(dir/res/hall)=0.8983/0.0283/0.0000 λD=1.000 route=469 E/S=103/366 rescue=1 empty=0 hall=0/0 FG/HBG/EBG=40/0/1536 grad=44.51
[E25] batch=150/250 pseudo=6 loss=19.9413 sfseg=19.7624 seg=0.8697 mard=2.0565 λM=0.0000 DURR(dir/res/hall)=1.7893/0.0000/0.0000 λD=1.000 route=253 E/S=123/130 rescue=0 empty=0 hall=0/0 FG/HBG/EBG=48/0/1536 grad=66.61
[E25] batch=160/250 pseudo=4 loss=10.0919 sfseg=9.9705 seg=0.8380 mard=2.0209 λM=0.0000 DURR(dir/res/hall)=1.2134/0.0000/0.0000 λD=1.000 route=437 E/S=78/359 rescue=0 empty=0 hall=0/0 FG/HBG/EBG=32/0/1536 grad=116.17
[E25] batch=170/250 pseudo=4 loss=5.9471 sfseg=5.8631 seg=0.4390 mard=2.0290 λM=0.0000 DURR(dir/res/hall)=0.8400/0.0000/0.0000 λD=1.000 route=586 E/S=146/440 rescue=0 empty=0 hall=0/0 FG/HBG/EBG=32/0/1536 grad=35.33
[E25] batch=180/250 pseudo=3 loss=2.4148 sfseg=2.3113 seg=0.1803 mard=2.0223 λM=0.0000 DURR(dir/res/hall)=1.0347/0.0000/0.0004 λD=1.000 route=142 E/S=69/73 rescue=0 empty=1 hall=1/0 FG/HBG/EBG=24/0/1152 grad=26.71
[E25] batch=190/250 pseudo=5 loss=14.4902 sfseg=14.3306 seg=0.7871 mard=2.0070 λM=0.0000 DURR(dir/res/hall)=1.5958/0.0000/0.0000 λD=1.000 route=246 E/S=112/134 rescue=0 empty=0 hall=0/0 FG/HBG/EBG=40/0/1536 grad=110.31
[E25] batch=200/250 pseudo=4 loss=6.3982 sfseg=6.2860 seg=0.4351 mard=2.0075 λM=0.0000 DURR(dir/res/hall)=1.1225/0.0000/0.0000 λD=1.000 route=412 E/S=169/243 rescue=0 empty=0 hall=0/0 FG/HBG/EBG=32/0/1536 grad=69.17
[E25] batch=210/250 pseudo=3 loss=2.1441 sfseg=1.9609 seg=0.2403 mard=2.0554 λM=0.0000 DURR(dir/res/hall)=1.8324/0.0000/0.0000 λD=1.000 route=104 E/S=12/92 rescue=0 empty=1 hall=0/0 FG/HBG/EBG=24/0/1152 grad=20.70
[E25] batch=220/250 pseudo=5 loss=9.6600 sfseg=9.5422 seg=0.5462 mard=2.0185 λM=0.0000 DURR(dir/res/hall)=1.1785/0.0000/0.0000 λD=1.000 route=394 E/S=71/323 rescue=0 empty=0 hall=0/0 FG/HBG/EBG=40/0/1536 grad=44.02
[E25] batch=230/250 pseudo=4 loss=5.7101 sfseg=5.5980 seg=0.4727 mard=2.0139 λM=0.0000 DURR(dir/res/hall)=1.1213/0.0000/0.0000 λD=1.000 route=44 E/S=14/30 rescue=0 empty=0 hall=0/0 FG/HBG/EBG=32/0/1536 grad=40.84
[E25] batch=240/250 pseudo=4 loss=12.1234 sfseg=12.0069 seg=0.9124 mard=1.9996 λM=0.0000 DURR(dir/res/hall)=1.1650/0.0000/0.0000 λD=1.000 route=340 E/S=29/311 rescue=0 empty=0 hall=0/0 FG/HBG/EBG=32/0/1536 grad=91.00
[E25] batch=250/250 pseudo=4 loss=3.2703 sfseg=3.1444 seg=0.2749 mard=2.0646 λM=0.0000 DURR(dir/res/hall)=1.2584/0.0000/0.0000 λD=1.000 route=152 E/S=43/109 rescue=0 empty=0 hall=0/0 FG/HBG/EBG=32/0/1536 grad=26.59

[Epoch 25] DONE time=66.5s valid=250 skipped=0 pseudo=1018 anchors=977 mask_extra=41 reject_rel=24 DURRmatch=950/4597 rescue=10 teacher_empty=55 hall=23/5742 loss=7.3913 sfseg=7.2391 mard=2.0346 dir=1.2732 res=0.0038 hallL=0.2416 route E/S=25686/49580
[E26] batch=001/250 pseudo=4 loss=5.4262 sfseg=5.3250 seg=0.5101 mard=2.0206 λM=0.0000 DURR(dir/res/hall)=1.0116/0.0000/0.0000 λD=1.000 route=363 E/S=149/214 rescue=0 empty=0 hall=0/0 FG/HBG/EBG=32/0/1536 grad=27.46
[E26] batch=010/250 pseudo=4 loss=3.9360 sfseg=3.8269 seg=0.2266 mard=2.0106 λM=0.0000 DURR(dir/res/hall)=1.0914/0.0000/0.0000 λD=1.000 route=101 E/S=50/51 rescue=0 empty=0 hall=0/0 FG/HBG/EBG=32/0/1536 grad=19.75
[E26] batch=020/250 pseudo=3 loss=7.8331 sfseg=7.0588 seg=0.5497 mard=2.1199 λM=0.0000 DURR(dir/res/hall)=2.6210/0.0370/5.0481 λD=1.000 route=545 E/S=84/461 rescue=1 empty=1 hall=1/732 FG/HBG/EBG=24/0/1152 grad=49.52
[E26] batch=030/250 pseudo=4 loss=4.3893 sfseg=4.2928 seg=0.3284 mard=2.0120 λM=0.0000 DURR(dir/res/hall)=0.9653/0.0000/0.0000 λD=1.000 route=224 E/S=23/201 rescue=0 empty=0 hall=0/0 FG/HBG/EBG=32/0/1536 grad=25.80
[E26] batch=040/250 pseudo=7 loss=9.5926 sfseg=9.4365 seg=0.7962 mard=2.0042 λM=0.0000 DURR(dir/res/hall)=1.5612/0.0000/0.0000 λD=1.000 route=728 E/S=171/557 rescue=0 empty=0 hall=0/0 FG/HBG/EBG=56/0/1536 grad=37.62
[E26] batch=050/250 pseudo=4 loss=4.6230 sfseg=4.4947 seg=0.3864 mard=2.0711 λM=0.0000 DURR(dir/res/hall)=1.2834/0.0000/0.0000 λD=1.000 route=232 E/S=65/167 rescue=0 empty=0 hall=0/0 FG/HBG/EBG=32/0/1536 grad=58.28
[E26] batch=060/250 pseudo=5 loss=3.4433 sfseg=3.3550 seg=0.2512 mard=2.0230 λM=0.0000 DURR(dir/res/hall)=0.8837/0.0000/0.0000 λD=1.000 route=149 E/S=104/45 rescue=0 empty=0 hall=0/0 FG/HBG/EBG=40/0/1536 grad=25.93
[E26] batch=070/250 pseudo=3 loss=2.5980 sfseg=1.9777 seg=0.2638 mard=2.0379 λM=0.0000 DURR(dir/res/hall)=0.9646/0.0000/5.2382 λD=1.000 route=122 E/S=46/76 rescue=0 empty=1 hall=1/624 FG/HBG/EBG=24/0/1152 grad=25.09
[E26] batch=080/250 pseudo=4 loss=10.1613 sfseg=10.0379 seg=0.6385 mard=2.0609 λM=0.0000 DURR(dir/res/hall)=1.2335/0.0000/0.0000 λD=1.000 route=273 E/S=78/195 rescue=0 empty=0 hall=0/0 FG/HBG/EBG=32/0/1536 grad=53.80
[E26] batch=090/250 pseudo=4 loss=16.9715 sfseg=16.8640 seg=2.1516 mard=2.0624 λM=0.0000 DURR(dir/res/hall)=1.0752/0.0000/0.0000 λD=1.000 route=426 E/S=171/255 rescue=0 empty=0 hall=0/0 FG/HBG/EBG=32/0/1536 grad=112.24
[E26] batch=100/250 pseudo=4 loss=5.6243 sfseg=5.5159 seg=0.6038 mard=2.0182 λM=0.0000 DURR(dir/res/hall)=1.0841/0.0000/0.0000 λD=1.000 route=197 E/S=65/132 rescue=0 empty=0 hall=0/0 FG/HBG/EBG=32/0/1536 grad=83.83
[E26] batch=110/250 pseudo=4 loss=8.9318 sfseg=8.6521 seg=0.6555 mard=2.0263 λM=0.0000 DURR(dir/res/hall)=1.7325/0.5320/0.0000 λD=1.000 route=473 E/S=68/405 rescue=1 empty=0 hall=0/0 FG/HBG/EBG=32/0/1536 grad=37.78
[E26] batch=120/250 pseudo=3 loss=2.3776 sfseg=2.2651 seg=0.2216 mard=2.0244 λM=0.0000 DURR(dir/res/hall)=1.1260/0.0000/0.0000 λD=1.000 route=172 E/S=106/66 rescue=0 empty=1 hall=0/0 FG/HBG/EBG=24/0/1152 grad=31.23
[E26] batch=130/250 pseudo=4 loss=7.6334 sfseg=7.5292 seg=0.6527 mard=2.0355 λM=0.0000 DURR(dir/res/hall)=1.0420/0.0000/0.0000 λD=1.000 route=658 E/S=32/626 rescue=0 empty=0 hall=0/0 FG/HBG/EBG=32/0/1536 grad=35.85
[E26] batch=140/250 pseudo=4 loss=13.7719 sfseg=13.5206 seg=1.5811 mard=2.0437 λM=0.0000 DURR(dir/res/hall)=2.5130/0.0000/0.0000 λD=1.000 route=1123 E/S=549/574 rescue=0 empty=0 hall=0/0 FG/HBG/EBG=32/0/1536 grad=60.66
[E26] batch=150/250 pseudo=4 loss=3.5657 sfseg=3.4957 seg=0.2733 mard=2.0421 λM=0.0000 DURR(dir/res/hall)=0.7006/0.0000/0.0000 λD=1.000 route=158 E/S=25/133 rescue=0 empty=0 hall=0/0 FG/HBG/EBG=32/0/1536 grad=29.43
[E26] batch=160/250 pseudo=4 loss=13.4081 sfseg=13.2794 seg=0.6353 mard=2.0666 λM=0.0000 DURR(dir/res/hall)=1.2867/0.0000/0.0000 λD=1.000 route=98 E/S=44/54 rescue=0 empty=0 hall=0/0 FG/HBG/EBG=32/0/1536 grad=85.09
[E26] batch=170/250 pseudo=4 loss=3.5331 sfseg=3.4015 seg=0.2501 mard=2.0093 λM=0.0000 DURR(dir/res/hall)=1.2794/0.0186/0.0000 λD=1.000 route=161 E/S=17/144 rescue=1 empty=0 hall=0/0 FG/HBG/EBG=32/0/1536 grad=32.45
[E26] batch=180/250 pseudo=4 loss=2.6365 sfseg=2.5377 seg=0.2401 mard=2.0463 λM=0.0000 DURR(dir/res/hall)=0.9874/0.0000/0.0000 λD=1.000 route=263 E/S=122/141 rescue=0 empty=0 hall=0/0 FG/HBG/EBG=32/0/1536 grad=20.08
[E26] batch=190/250 pseudo=4 loss=5.1273 sfseg=4.9749 seg=0.4801 mard=2.0463 λM=0.0000 DURR(dir/res/hall)=1.5239/0.0000/0.0000 λD=1.000 route=64 E/S=50/14 rescue=0 empty=0 hall=0/0 FG/HBG/EBG=32/0/1536 grad=31.62
[E26] batch=200/250 pseudo=4 loss=7.1627 sfseg=7.0472 seg=0.4032 mard=2.0553 λM=0.0000 DURR(dir/res/hall)=1.1549/0.0000/0.0000 λD=1.000 route=177 E/S=52/125 rescue=0 empty=0 hall=0/0 FG/HBG/EBG=32/0/1536 grad=90.60
[E26] batch=210/250 pseudo=5 loss=22.6169 sfseg=22.3950 seg=1.4364 mard=2.0229 λM=0.0000 DURR(dir/res/hall)=2.2188/0.0000/0.0000 λD=1.000 route=192 E/S=128/64 rescue=0 empty=0 hall=0/0 FG/HBG/EBG=40/0/1536 grad=142.20
[E26] batch=220/250 pseudo=4 loss=14.9640 sfseg=14.8838 seg=1.7093 mard=1.9979 λM=0.0000 DURR(dir/res/hall)=0.8016/0.0000/0.0000 λD=1.000 route=213 E/S=98/115 rescue=0 empty=0 hall=0/0 FG/HBG/EBG=32/0/1536 grad=122.93
[E26] batch=230/250 pseudo=4 loss=4.4946 sfseg=4.4309 seg=0.2927 mard=2.0174 λM=0.0000 DURR(dir/res/hall)=0.6367/0.0000/0.0000 λD=1.000 route=189 E/S=132/57 rescue=0 empty=0 hall=0/0 FG/HBG/EBG=32/0/1536 grad=27.64
[E26] batch=240/250 pseudo=4 loss=4.8741 sfseg=4.7596 seg=0.3234 mard=2.0065 λM=0.0000 DURR(dir/res/hall)=1.1451/0.0000/0.0000 λD=1.000 route=236 E/S=84/152 rescue=0 empty=0 hall=0/0 FG/HBG/EBG=32/0/1536 grad=36.11
[E26] batch=250/250 pseudo=4 loss=10.9279 sfseg=10.7626 seg=0.9040 mard=2.0151 λM=0.0000 DURR(dir/res/hall)=1.6535/0.0000/0.0000 λD=1.000 route=377 E/S=160/217 rescue=0 empty=0 hall=0/0 FG/HBG/EBG=32/0/1536 grad=54.97

[Epoch 26] DONE time=66.7s valid=250 skipped=0 pseudo=1033 anchors=980 mask_extra=53 reject_rel=21 DURRmatch=948/4558 rescue=17 teacher_empty=48 hall=22/7973 loss=7.5897 sfseg=7.4348 mard=2.0345 dir=1.2531 res=0.0183 hallL=0.2590 route E/S=25661/48301
[E27] batch=001/250 pseudo=5 loss=5.5174 sfseg=5.3906 seg=0.3870 mard=2.0232 λM=0.0000 DURR(dir/res/hall)=1.2677/0.0000/0.0000 λD=1.000 route=150 E/S=64/86 rescue=0 empty=0 hall=0/0 FG/HBG/EBG=40/0/1536 grad=36.82
[E27] batch=010/250 pseudo=4 loss=13.8205 sfseg=13.6415 seg=1.0621 mard=2.0022 λM=0.0000 DURR(dir/res/hall)=1.7894/0.0000/0.0000 λD=1.000 route=251 E/S=35/216 rescue=0 empty=0 hall=0/0 FG/HBG/EBG=32/0/1536 grad=52.04
[E27] batch=020/250 pseudo=5 loss=8.1233 sfseg=7.9967 seg=0.3942 mard=2.0312 λM=0.0000 DURR(dir/res/hall)=1.2659/0.0000/0.0000 λD=1.000 route=583 E/S=83/500 rescue=0 empty=0 hall=0/0 FG/HBG/EBG=40/0/1536 grad=38.01
[E27] batch=030/250 pseudo=4 loss=8.3213 sfseg=8.2256 seg=0.9934 mard=1.9850 λM=0.0000 DURR(dir/res/hall)=0.9572/0.0000/0.0000 λD=1.000 route=370 E/S=101/269 rescue=0 empty=0 hall=0/0 FG/HBG/EBG=32/0/1536 grad=71.78
[E27] batch=040/250 pseudo=4 loss=7.8254 sfseg=7.7036 seg=1.0164 mard=2.0825 λM=0.0000 DURR(dir/res/hall)=1.2172/0.0000/0.0000 λD=1.000 route=204 E/S=39/165 rescue=0 empty=0 hall=0/0 FG/HBG/EBG=32/0/1536 grad=116.31
[E27] batch=050/250 pseudo=5 loss=19.0804 sfseg=18.9403 seg=1.4114 mard=2.0089 λM=0.0000 DURR(dir/res/hall)=1.4011/0.0000/0.0000 λD=1.000 route=449 E/S=221/228 rescue=0 empty=0 hall=0/0 FG/HBG/EBG=40/0/1536 grad=198.89
[E27] batch=060/250 pseudo=4 loss=3.8213 sfseg=3.7253 seg=0.2676 mard=2.0624 λM=0.0000 DURR(dir/res/hall)=0.9604/0.0000/0.0000 λD=1.000 route=114 E/S=42/72 rescue=0 empty=0 hall=0/0 FG/HBG/EBG=32/0/1536 grad=27.61
[E27] batch=070/250 pseudo=4 loss=7.1433 sfseg=7.0533 seg=0.5463 mard=2.0395 λM=0.0000 DURR(dir/res/hall)=0.8993/0.0000/0.0000 λD=1.000 route=169 E/S=24/145 rescue=0 empty=0 hall=0/0 FG/HBG/EBG=32/0/1536 grad=103.83
[E27] batch=080/250 pseudo=4 loss=9.3781 sfseg=9.2622 seg=0.5254 mard=2.0343 λM=0.0000 DURR(dir/res/hall)=1.1593/0.0000/0.0000 λD=1.000 route=210 E/S=110/100 rescue=0 empty=0 hall=0/0 FG/HBG/EBG=32/0/1536 grad=159.15
[E27] batch=090/250 pseudo=5 loss=8.9841 sfseg=8.8678 seg=0.5629 mard=2.0057 λM=0.0000 DURR(dir/res/hall)=1.1629/0.0000/0.0000 λD=1.000 route=158 E/S=109/49 rescue=0 empty=0 hall=0/0 FG/HBG/EBG=40/0/1536 grad=108.74
[E27] batch=100/250 pseudo=4 loss=7.4280 sfseg=7.3181 seg=0.5725 mard=2.0925 λM=0.0000 DURR(dir/res/hall)=1.0989/0.0000/0.0000 λD=1.000 route=155 E/S=49/106 rescue=0 empty=0 hall=0/0 FG/HBG/EBG=32/0/1536 grad=164.73
[E27] batch=110/250 pseudo=4 loss=7.6065 sfseg=7.4559 seg=0.4089 mard=2.0325 λM=0.0000 DURR(dir/res/hall)=1.5058/0.0000/0.0000 λD=1.000 route=498 E/S=111/387 rescue=0 empty=0 hall=0/0 FG/HBG/EBG=32/0/1536 grad=78.83
[E27] batch=120/250 pseudo=4 loss=4.7463 sfseg=4.6464 seg=0.4197 mard=2.0698 λM=0.0000 DURR(dir/res/hall)=0.9993/0.0000/0.0000 λD=1.000 route=211 E/S=44/167 rescue=0 empty=0 hall=0/0 FG/HBG/EBG=32/0/1536 grad=51.41
[E27] batch=130/250 pseudo=4 loss=3.1437 sfseg=2.9966 seg=0.2764 mard=2.0235 λM=0.0000 DURR(dir/res/hall)=1.3179/0.0767/0.0000 λD=1.000 route=44 E/S=16/28 rescue=1 empty=0 hall=0/0 FG/HBG/EBG=32/0/1536 grad=20.70
[E27] batch=140/250 pseudo=4 loss=17.5759 sfseg=17.3922 seg=1.3646 mard=2.0252 λM=0.0000 DURR(dir/res/hall)=1.8363/0.0000/0.0000 λD=1.000 route=386 E/S=165/221 rescue=0 empty=0 hall=0/0 FG/HBG/EBG=32/0/1536 grad=90.02
[E27] batch=150/250 pseudo=5 loss=10.4113 sfseg=10.2921 seg=0.9379 mard=2.0108 λM=0.0000 DURR(dir/res/hall)=1.1924/0.0000/0.0000 λD=1.000 route=239 E/S=85/154 rescue=0 empty=0 hall=0/0 FG/HBG/EBG=40/0/1536 grad=56.29
[E27] batch=160/250 pseudo=5 loss=7.9906 sfseg=7.8736 seg=0.6788 mard=2.0260 λM=0.0000 DURR(dir/res/hall)=1.1705/0.0000/0.0000 λD=1.000 route=450 E/S=159/291 rescue=0 empty=0 hall=0/0 FG/HBG/EBG=40/0/1536 grad=70.72
[E27] batch=170/250 pseudo=4 loss=10.3634 sfseg=10.1826 seg=0.2662 mard=2.0385 λM=0.0000 DURR(dir/res/hall)=1.8076/0.0000/0.0000 λD=1.000 route=62 E/S=0/62 rescue=0 empty=0 hall=0/0 FG/HBG/EBG=32/0/1536 grad=58.68
[E27] batch=180/250 pseudo=4 loss=14.2685 sfseg=14.1047 seg=0.6958 mard=2.0510 λM=0.0000 DURR(dir/res/hall)=1.6382/0.0000/0.0000 λD=1.000 route=574 E/S=195/379 rescue=0 empty=0 hall=0/0 FG/HBG/EBG=32/0/1536 grad=165.37
[E27] batch=190/250 pseudo=4 loss=7.7705 sfseg=7.7075 seg=0.8431 mard=2.0279 λM=0.0000 DURR(dir/res/hall)=0.6307/0.0000/0.0000 λD=1.000 route=441 E/S=234/207 rescue=0 empty=0 hall=0/0 FG/HBG/EBG=32/0/1536 grad=43.51
[E27] batch=200/250 pseudo=4 loss=10.6781 sfseg=10.6053 seg=0.6026 mard=1.9890 λM=0.0000 DURR(dir/res/hall)=0.7274/0.0000/0.0000 λD=1.000 route=220 E/S=103/117 rescue=0 empty=0 hall=0/0 FG/HBG/EBG=32/0/1536 grad=159.17
[E27] batch=210/250 pseudo=5 loss=12.4945 sfseg=12.3542 seg=1.5568 mard=2.0367 λM=0.0000 DURR(dir/res/hall)=1.4033/0.0000/0.0000 λD=1.000 route=965 E/S=472/493 rescue=0 empty=0 hall=0/0 FG/HBG/EBG=40/0/1536 grad=56.06
[E27] batch=220/250 pseudo=5 loss=13.0304 sfseg=12.9228 seg=1.8946 mard=2.0490 λM=0.0000 DURR(dir/res/hall)=1.0755/0.0000/0.0000 λD=1.000 route=362 E/S=60/302 rescue=0 empty=0 hall=0/0 FG/HBG/EBG=40/0/1536 grad=96.76
[E27] batch=230/250 pseudo=4 loss=4.8144 sfseg=4.7135 seg=0.2694 mard=2.0376 λM=0.0000 DURR(dir/res/hall)=1.0098/0.0000/0.0000 λD=1.000 route=425 E/S=124/301 rescue=0 empty=0 hall=0/0 FG/HBG/EBG=32/0/1536 grad=35.57
[E27] batch=240/250 pseudo=4 loss=10.1859 sfseg=10.0428 seg=0.9872 mard=2.0216 λM=0.0000 DURR(dir/res/hall)=1.4303/0.0000/0.0000 λD=1.000 route=157 E/S=60/97 rescue=0 empty=0 hall=0/0 FG/HBG/EBG=32/0/1536 grad=46.51
[E27] batch=250/250 pseudo=4 loss=15.4467 sfseg=14.9270 seg=1.0203 mard=2.0411 λM=0.0000 DURR(dir/res/hall)=0.9858/2.1057/0.0000 λD=1.000 route=417 E/S=53/364 rescue=1 empty=0 hall=0/0 FG/HBG/EBG=32/0/1536 grad=90.45

[Epoch 27] DONE time=66.2s valid=250 skipped=0 pseudo=1030 anchors=989 mask_extra=41 reject_rel=20 DURRmatch=958/4624 rescue=16 teacher_empty=50 hall=17/3671 loss=7.7290 sfseg=7.5831 mard=2.0367 dir=1.2752 res=0.0155 hallL=0.1528 route E/S=25985/48632
[E28] batch=001/250 pseudo=7 loss=8.9685 sfseg=8.8561 seg=0.6289 mard=2.0348 λM=0.0000 DURR(dir/res/hall)=1.1239/0.0000/0.0000 λD=1.000 route=353 E/S=74/279 rescue=0 empty=0 hall=0/0 FG/HBG/EBG=56/0/1536 grad=69.18
[E28] batch=010/250 pseudo=4 loss=4.0393 sfseg=3.9014 seg=0.2323 mard=2.0822 λM=0.0000 DURR(dir/res/hall)=1.3793/0.0000/0.0000 λD=1.000 route=178 E/S=37/141 rescue=0 empty=0 hall=0/0 FG/HBG/EBG=32/0/1536 grad=23.76
[E28] batch=020/250 pseudo=6 loss=7.1886 sfseg=7.0071 seg=0.4819 mard=2.0422 λM=0.0000 DURR(dir/res/hall)=1.8155/0.0000/0.0000 λD=1.000 route=364 E/S=294/70 rescue=0 empty=0 hall=0/0 FG/HBG/EBG=48/0/1536 grad=29.98
[E28] batch=030/250 pseudo=4 loss=7.1897 sfseg=7.0795 seg=0.9065 mard=2.0266 λM=0.0000 DURR(dir/res/hall)=1.1017/0.0000/0.0000 λD=1.000 route=337 E/S=74/263 rescue=0 empty=0 hall=0/0 FG/HBG/EBG=32/0/1536 grad=55.41
[E28] batch=040/250 pseudo=4 loss=8.9519 sfseg=8.8268 seg=0.5633 mard=2.0470 λM=0.0000 DURR(dir/res/hall)=1.2515/0.0000/0.0000 λD=1.000 route=249 E/S=185/64 rescue=0 empty=0 hall=0/0 FG/HBG/EBG=32/0/1536 grad=128.97
[E28] batch=050/250 pseudo=4 loss=7.5469 sfseg=7.4695 seg=0.7059 mard=2.0245 λM=0.0000 DURR(dir/res/hall)=0.7734/0.0000/0.0000 λD=1.000 route=384 E/S=181/203 rescue=0 empty=0 hall=0/0 FG/HBG/EBG=32/0/1536 grad=40.49
[E28] batch=060/250 pseudo=3 loss=3.8686 sfseg=3.5253 seg=0.4659 mard=2.0819 λM=0.0000 DURR(dir/res/hall)=1.4426/0.0000/1.9905 λD=1.000 route=188 E/S=106/82 rescue=0 empty=1 hall=1/1 FG/HBG/EBG=24/0/1152 grad=27.17
[E28] batch=070/250 pseudo=5 loss=10.9905 sfseg=10.8195 seg=0.5611 mard=2.0110 λM=0.0000 DURR(dir/res/hall)=1.7095/0.0000/0.0000 λD=1.000 route=580 E/S=164/416 rescue=0 empty=0 hall=0/0 FG/HBG/EBG=40/0/1536 grad=239.92
[E28] batch=080/250 pseudo=5 loss=6.7929 sfseg=6.6172 seg=0.5706 mard=2.0082 λM=0.0000 DURR(dir/res/hall)=1.7571/0.0000/0.0000 λD=1.000 route=386 E/S=312/74 rescue=0 empty=0 hall=0/0 FG/HBG/EBG=40/0/1536 grad=41.88
[E28] batch=090/250 pseudo=7 loss=3.6235 sfseg=3.4965 seg=0.2182 mard=2.0312 λM=0.0000 DURR(dir/res/hall)=1.2703/0.0000/0.0000 λD=1.000 route=184 E/S=20/164 rescue=0 empty=0 hall=0/0 FG/HBG/EBG=56/0/1536 grad=29.59
[E28] batch=100/250 pseudo=4 loss=5.1056 sfseg=4.9918 seg=0.4868 mard=2.0102 λM=0.0000 DURR(dir/res/hall)=1.0583/0.0394/0.0000 λD=1.000 route=185 E/S=70/115 rescue=1 empty=0 hall=0/0 FG/HBG/EBG=32/0/1536 grad=37.87
[E28] batch=110/250 pseudo=4 loss=9.5487 sfseg=9.4198 seg=0.7570 mard=2.0314 λM=0.0000 DURR(dir/res/hall)=1.2891/0.0000/0.0000 λD=1.000 route=568 E/S=148/420 rescue=0 empty=0 hall=0/0 FG/HBG/EBG=32/0/1536 grad=47.65
[E28] batch=120/250 pseudo=4 loss=8.9577 sfseg=8.8527 seg=0.4962 mard=2.0462 λM=0.0000 DURR(dir/res/hall)=1.0499/0.0000/0.0000 λD=1.000 route=420 E/S=83/337 rescue=0 empty=0 hall=0/0 FG/HBG/EBG=32/0/1536 grad=118.55
[E28] batch=130/250 pseudo=5 loss=8.5414 sfseg=8.4186 seg=0.5313 mard=2.0130 λM=0.0000 DURR(dir/res/hall)=0.9175/0.1551/0.0000 λD=1.000 route=401 E/S=138/263 rescue=1 empty=0 hall=0/0 FG/HBG/EBG=40/0/1536 grad=146.13
[E28] batch=140/250 pseudo=4 loss=11.8196 sfseg=11.6335 seg=1.4436 mard=2.0069 λM=0.0000 DURR(dir/res/hall)=1.8610/0.0000/0.0000 λD=1.000 route=295 E/S=158/137 rescue=0 empty=0 hall=0/0 FG/HBG/EBG=32/0/1536 grad=29.87
[E28] batch=150/250 pseudo=5 loss=8.9041 sfseg=8.7386 seg=0.4790 mard=1.9990 λM=0.0000 DURR(dir/res/hall)=1.5718/0.0413/0.0000 λD=1.000 route=84 E/S=43/41 rescue=1 empty=1 hall=0/0 FG/HBG/EBG=40/0/1152 grad=36.52
[E28] batch=160/250 pseudo=4 loss=5.3313 sfseg=5.1258 seg=0.3933 mard=2.0299 λM=0.0000 DURR(dir/res/hall)=2.0551/0.0000/0.0000 λD=1.000 route=416 E/S=105/311 rescue=0 empty=0 hall=0/0 FG/HBG/EBG=32/0/1536 grad=29.20
[E28] batch=170/250 pseudo=7 loss=9.5798 sfseg=9.3331 seg=0.3000 mard=2.0094 λM=0.0000 DURR(dir/res/hall)=2.4663/0.0000/0.0000 λD=1.000 route=290 E/S=149/141 rescue=0 empty=0 hall=0/0 FG/HBG/EBG=56/0/1536 grad=56.54
[E28] batch=180/250 pseudo=4 loss=6.8870 sfseg=6.7927 seg=0.4505 mard=2.0231 λM=0.0000 DURR(dir/res/hall)=0.9422/0.0000/0.0000 λD=1.000 route=178 E/S=43/135 rescue=0 empty=0 hall=0/0 FG/HBG/EBG=32/0/1536 grad=46.01
[E28] batch=190/250 pseudo=3 loss=5.1339 sfseg=4.9749 seg=0.7457 mard=2.0331 λM=0.0000 DURR(dir/res/hall)=1.5892/0.0000/0.0000 λD=1.000 route=172 E/S=90/82 rescue=0 empty=1 hall=0/0 FG/HBG/EBG=24/0/1152 grad=52.17
[E28] batch=200/250 pseudo=4 loss=3.2054 sfseg=3.1437 seg=0.2628 mard=2.0223 λM=0.0000 DURR(dir/res/hall)=0.5693/0.0236/0.0000 λD=1.000 route=99 E/S=38/61 rescue=1 empty=0 hall=0/0 FG/HBG/EBG=32/0/1536 grad=23.92
[E28] batch=210/250 pseudo=4 loss=4.4639 sfseg=4.3212 seg=0.2967 mard=2.0583 λM=0.0000 DURR(dir/res/hall)=1.4262/0.0000/0.0000 λD=1.000 route=356 E/S=137/219 rescue=0 empty=0 hall=0/0 FG/HBG/EBG=32/0/1536 grad=27.05
[E28] batch=220/250 pseudo=4 loss=11.4383 sfseg=11.3070 seg=1.0274 mard=2.0266 λM=0.0000 DURR(dir/res/hall)=1.3129/0.0000/0.0000 λD=1.000 route=275 E/S=110/165 rescue=0 empty=0 hall=0/0 FG/HBG/EBG=32/0/1536 grad=70.32
[E28] batch=230/250 pseudo=5 loss=9.6622 sfseg=9.5320 seg=0.5947 mard=2.0236 λM=0.0000 DURR(dir/res/hall)=1.3024/0.0000/0.0000 λD=1.000 route=330 E/S=114/216 rescue=0 empty=0 hall=0/0 FG/HBG/EBG=40/0/1536 grad=55.28
[E28] batch=240/250 pseudo=2 loss=6.3724 sfseg=5.6335 seg=0.5974 mard=2.0517 λM=0.0000 DURR(dir/res/hall)=1.9290/0.0000/5.4600 λD=1.000 route=563 E/S=132/431 rescue=0 empty=2 hall=1/827 FG/HBG/EBG=16/0/768 grad=30.81
[E28] batch=250/250 pseudo=4 loss=19.3268 sfseg=19.1752 seg=0.9782 mard=2.0235 λM=0.0000 DURR(dir/res/hall)=1.5165/0.0000/0.0000 λD=1.000 route=188 E/S=68/120 rescue=0 empty=0 hall=0/0 FG/HBG/EBG=32/0/1536 grad=154.96

[Epoch 28] DONE time=66.0s valid=250 skipped=0 pseudo=1029 anchors=985 mask_extra=44 reject_rel=17 DURRmatch=946/4598 rescue=14 teacher_empty=55 hall=19/5222 loss=7.2560 sfseg=7.1051 mard=2.0366 dir=1.2752 res=0.0137 hallL=0.2068 route E/S=25492/47922
[E29] batch=001/250 pseudo=4 loss=7.9896 sfseg=7.8894 seg=0.3572 mard=2.0166 λM=0.0000 DURR(dir/res/hall)=1.0024/0.0000/0.0000 λD=1.000 route=341 E/S=131/210 rescue=0 empty=0 hall=0/0 FG/HBG/EBG=32/0/1536 grad=56.50
[E29] batch=010/250 pseudo=3 loss=5.9163 sfseg=5.7951 seg=0.7385 mard=2.0398 λM=0.0000 DURR(dir/res/hall)=1.2124/0.0000/0.0000 λD=1.000 route=564 E/S=176/388 rescue=0 empty=1 hall=0/0 FG/HBG/EBG=24/0/1152 grad=32.58
[E29] batch=020/250 pseudo=4 loss=3.7719 sfseg=3.6895 seg=0.4223 mard=2.0580 λM=0.0000 DURR(dir/res/hall)=0.8232/0.0000/0.0000 λD=1.000 route=269 E/S=23/246 rescue=0 empty=0 hall=0/0 FG/HBG/EBG=32/0/1536 grad=22.23
[E29] batch=030/250 pseudo=4 loss=5.1821 sfseg=5.0431 seg=0.3610 mard=2.0306 λM=0.0000 DURR(dir/res/hall)=1.2955/0.0473/0.0000 λD=1.000 route=133 E/S=18/115 rescue=1 empty=0 hall=0/0 FG/HBG/EBG=32/0/1536 grad=38.17
[E29] batch=040/250 pseudo=4 loss=4.9212 sfseg=4.8489 seg=0.3051 mard=2.0402 λM=0.0000 DURR(dir/res/hall)=0.7235/0.0000/0.0000 λD=1.000 route=435 E/S=161/274 rescue=0 empty=0 hall=0/0 FG/HBG/EBG=32/0/1536 grad=31.67
[E29] batch=050/250 pseudo=5 loss=19.7921 sfseg=19.6307 seg=1.1939 mard=1.9776 λM=0.0000 DURR(dir/res/hall)=1.6147/0.0000/0.0000 λD=1.000 route=365 E/S=225/140 rescue=0 empty=0 hall=0/0 FG/HBG/EBG=40/0/1536 grad=69.97
[E29] batch=060/250 pseudo=5 loss=10.2414 sfseg=10.1385 seg=0.9511 mard=2.0026 λM=0.0000 DURR(dir/res/hall)=1.0296/0.0000/0.0000 λD=1.000 route=666 E/S=226/440 rescue=0 empty=0 hall=0/0 FG/HBG/EBG=40/0/1536 grad=47.04
[E29] batch=070/250 pseudo=5 loss=10.1454 sfseg=10.0296 seg=0.5560 mard=2.0651 λM=0.0000 DURR(dir/res/hall)=1.1573/0.0000/0.0000 λD=1.000 route=288 E/S=123/165 rescue=0 empty=0 hall=0/0 FG/HBG/EBG=40/0/1536 grad=52.09
[E29] batch=080/250 pseudo=4 loss=15.9968 sfseg=15.8191 seg=0.7532 mard=2.0555 λM=0.0000 DURR(dir/res/hall)=1.7767/0.0000/0.0000 λD=1.000 route=341 E/S=49/292 rescue=0 empty=0 hall=0/0 FG/HBG/EBG=32/0/1536 grad=130.28
[E29] batch=090/250 pseudo=5 loss=9.9905 sfseg=9.8441 seg=0.8913 mard=1.9964 λM=0.0000 DURR(dir/res/hall)=1.4633/0.0000/0.0000 λD=1.000 route=361 E/S=277/84 rescue=0 empty=0 hall=0/0 FG/HBG/EBG=40/0/1536 grad=57.07
[E29] batch=100/250 pseudo=4 loss=2.5714 sfseg=2.4551 seg=0.1983 mard=2.0482 λM=0.0000 DURR(dir/res/hall)=1.1627/0.0000/0.0000 λD=1.000 route=137 E/S=46/91 rescue=0 empty=0 hall=0/0 FG/HBG/EBG=32/0/1536 grad=24.91
[E29] batch=110/250 pseudo=3 loss=12.0318 sfseg=11.8391 seg=1.9085 mard=2.0221 λM=0.0000 DURR(dir/res/hall)=1.9267/0.0000/0.0000 λD=1.000 route=446 E/S=96/350 rescue=0 empty=1 hall=0/0 FG/HBG/EBG=24/0/1152 grad=58.07
[E29] batch=120/250 pseudo=7 loss=11.7341 sfseg=11.5693 seg=0.6783 mard=2.0430 λM=0.0000 DURR(dir/res/hall)=1.6478/0.0000/0.0000 λD=1.000 route=338 E/S=119/219 rescue=0 empty=0 hall=0/0 FG/HBG/EBG=56/0/1536 grad=70.64
[E29] batch=130/250 pseudo=5 loss=7.4408 sfseg=7.3701 seg=0.6082 mard=2.0843 λM=0.0000 DURR(dir/res/hall)=0.7075/0.0000/0.0000 λD=1.000 route=100 E/S=82/18 rescue=0 empty=0 hall=0/0 FG/HBG/EBG=40/0/1536 grad=29.04
[E29] batch=140/250 pseudo=5 loss=7.3636 sfseg=7.2406 seg=0.4278 mard=2.0814 λM=0.0000 DURR(dir/res/hall)=1.2293/0.0000/0.0000 λD=1.000 route=205 E/S=99/106 rescue=0 empty=0 hall=0/0 FG/HBG/EBG=40/0/1536 grad=65.61
[E29] batch=150/250 pseudo=4 loss=2.2693 sfseg=2.2200 seg=0.2102 mard=2.0412 λM=0.0000 DURR(dir/res/hall)=0.4939/0.0000/0.0000 λD=1.000 route=100 E/S=44/56 rescue=0 empty=0 hall=0/0 FG/HBG/EBG=32/0/1536 grad=22.09
[E29] batch=160/250 pseudo=2 loss=2.2139 sfseg=1.9519 seg=0.2888 mard=2.0267 λM=0.0000 DURR(dir/res/hall)=0.8224/0.0000/1.7972 λD=1.000 route=27 E/S=11/16 rescue=0 empty=2 hall=1/1 FG/HBG/EBG=16/0/768 grad=24.60
[E29] batch=170/250 pseudo=4 loss=13.9593 sfseg=13.7961 seg=1.5699 mard=2.0247 λM=0.0000 DURR(dir/res/hall)=1.6318/0.0000/0.0000 λD=1.000 route=828 E/S=81/747 rescue=0 empty=0 hall=0/0 FG/HBG/EBG=32/0/1536 grad=63.50
[E29] batch=180/250 pseudo=5 loss=5.9477 sfseg=5.8945 seg=0.4154 mard=2.0522 λM=0.0000 DURR(dir/res/hall)=0.5315/0.0000/0.0000 λD=1.000 route=584 E/S=302/282 rescue=0 empty=0 hall=0/0 FG/HBG/EBG=40/0/1536 grad=34.57
[E29] batch=190/250 pseudo=3 loss=9.9237 sfseg=9.7870 seg=0.2971 mard=2.0061 λM=0.0000 DURR(dir/res/hall)=1.3669/0.0000/0.0000 λD=1.000 route=65 E/S=30/35 rescue=0 empty=1 hall=0/0 FG/HBG/EBG=24/0/1152 grad=61.12
[E29] batch=200/250 pseudo=4 loss=12.1851 sfseg=12.0400 seg=0.7603 mard=2.0149 λM=0.0000 DURR(dir/res/hall)=1.4506/0.0000/0.0000 λD=1.000 route=319 E/S=204/115 rescue=0 empty=0 hall=0/0 FG/HBG/EBG=32/0/1536 grad=76.26
[E29] batch=210/250 pseudo=4 loss=5.8722 sfseg=5.7729 seg=0.4772 mard=2.0409 λM=0.0000 DURR(dir/res/hall)=0.9930/0.0000/0.0000 λD=1.000 route=245 E/S=85/160 rescue=0 empty=0 hall=0/0 FG/HBG/EBG=32/0/1536 grad=65.35
[E29] batch=220/250 pseudo=4 loss=7.3293 sfseg=7.2158 seg=0.6457 mard=2.0119 λM=0.0000 DURR(dir/res/hall)=1.1340/0.0000/0.0000 λD=1.000 route=289 E/S=50/239 rescue=0 empty=0 hall=0/0 FG/HBG/EBG=32/0/1536 grad=51.57
[E29] batch=230/250 pseudo=4 loss=5.7649 sfseg=5.6755 seg=0.4478 mard=2.0600 λM=0.0000 DURR(dir/res/hall)=0.7729/0.0606/0.0000 λD=1.000 route=127 E/S=43/84 rescue=1 empty=0 hall=0/0 FG/HBG/EBG=32/0/1536 grad=43.19
[E29] batch=240/250 pseudo=5 loss=10.9572 sfseg=10.8361 seg=0.7456 mard=2.0043 λM=0.0000 DURR(dir/res/hall)=1.2108/0.0000/0.0000 λD=1.000 route=559 E/S=93/466 rescue=0 empty=0 hall=0/0 FG/HBG/EBG=40/0/1536 grad=60.45
[E29] batch=250/250 pseudo=4 loss=8.7619 sfseg=8.6508 seg=0.6155 mard=2.0639 λM=0.0000 DURR(dir/res/hall)=1.1110/0.0000/0.0000 λD=1.000 route=240 E/S=132/108 rescue=0 empty=0 hall=0/0 FG/HBG/EBG=32/0/1536 grad=58.37

[Epoch 29] DONE time=66.4s valid=250 skipped=0 pseudo=1029 anchors=984 mask_extra=45 reject_rel=26 DURRmatch=955/4618 rescue=14 teacher_empty=51 hall=16/4279 loss=7.4965 sfseg=7.3540 mard=2.0385 dir=1.2592 res=0.0074 hallL=0.1503 route E/S=26205/48121
[E30] batch=001/250 pseudo=2 loss=5.4636 sfseg=5.1905 seg=0.3958 mard=2.0351 λM=0.0000 DURR(dir/res/hall)=0.9311/0.0000/1.7995 λD=1.000 route=159 E/S=41/118 rescue=0 empty=2 hall=1/2 FG/HBG/EBG=16/0/768 grad=77.05
[E30] batch=010/250 pseudo=4 loss=23.4057 sfseg=22.8728 seg=2.0564 mard=2.0514 λM=0.0000 DURR(dir/res/hall)=1.5847/0.3569/3.0311 λD=1.000 route=341 E/S=100/241 rescue=1 empty=1 hall=1/51 FG/HBG/EBG=32/0/1152 grad=182.27
[E30] batch=020/250 pseudo=4 loss=4.8010 sfseg=4.6241 seg=0.3179 mard=2.0217 λM=0.0000 DURR(dir/res/hall)=1.7692/0.0000/0.0000 λD=1.000 route=94 E/S=32/62 rescue=0 empty=0 hall=0/0 FG/HBG/EBG=32/0/1536 grad=42.64
[E30] batch=030/250 pseudo=4 loss=3.7203 sfseg=3.6078 seg=0.3256 mard=2.0342 λM=0.0000 DURR(dir/res/hall)=1.1252/0.0000/0.0000 λD=1.000 route=129 E/S=17/112 rescue=0 empty=0 hall=0/0 FG/HBG/EBG=32/0/1536 grad=22.64
[E30] batch=040/250 pseudo=4 loss=4.6387 sfseg=4.5496 seg=0.4251 mard=2.0360 λM=0.0000 DURR(dir/res/hall)=0.8917/0.0000/0.0000 λD=1.000 route=316 E/S=117/199 rescue=0 empty=0 hall=0/0 FG/HBG/EBG=32/0/1536 grad=25.25
[E30] batch=050/250 pseudo=4 loss=2.4352 sfseg=2.3587 seg=0.1989 mard=2.0387 λM=0.0000 DURR(dir/res/hall)=0.7651/0.0000/0.0000 λD=1.000 route=113 E/S=29/84 rescue=0 empty=0 hall=0/0 FG/HBG/EBG=32/0/1536 grad=28.56
[E30] batch=060/250 pseudo=4 loss=13.7250 sfseg=13.6441 seg=0.9484 mard=2.0029 λM=0.0000 DURR(dir/res/hall)=0.8089/0.0000/0.0000 λD=1.000 route=425 E/S=232/193 rescue=0 empty=0 hall=0/0 FG/HBG/EBG=32/0/1536 grad=141.61
[E30] batch=070/250 pseudo=5 loss=7.3395 sfseg=7.2592 seg=0.2536 mard=2.0429 λM=0.0000 DURR(dir/res/hall)=0.8029/0.0000/0.0000 λD=1.000 route=225 E/S=146/79 rescue=0 empty=0 hall=0/0 FG/HBG/EBG=40/0/1536 grad=39.30
[E30] batch=080/250 pseudo=3 loss=4.0090 sfseg=3.8822 seg=0.4409 mard=2.0131 λM=0.0000 DURR(dir/res/hall)=1.2681/0.0000/0.0000 λD=1.000 route=243 E/S=78/165 rescue=0 empty=1 hall=0/0 FG/HBG/EBG=24/0/1152 grad=23.98
[E30] batch=090/250 pseudo=4 loss=6.8296 sfseg=6.6729 seg=0.5509 mard=2.0223 λM=0.0000 DURR(dir/res/hall)=1.5673/0.0000/0.0000 λD=1.000 route=411 E/S=279/132 rescue=0 empty=0 hall=0/0 FG/HBG/EBG=32/0/1536 grad=44.54
[E30] batch=100/250 pseudo=4 loss=7.0207 sfseg=6.8984 seg=0.4668 mard=2.0230 λM=0.0000 DURR(dir/res/hall)=1.2237/0.0000/0.0000 λD=1.000 route=389 E/S=150/239 rescue=0 empty=0 hall=0/0 FG/HBG/EBG=32/0/1536 grad=42.80
[E30] batch=110/250 pseudo=4 loss=4.7800 sfseg=4.6696 seg=0.3412 mard=2.0231 λM=0.0000 DURR(dir/res/hall)=1.1039/0.0000/0.0000 λD=1.000 route=208 E/S=45/163 rescue=0 empty=0 hall=0/0 FG/HBG/EBG=32/0/1536 grad=48.53
[E30] batch=120/250 pseudo=5 loss=7.8677 sfseg=7.5562 seg=0.3217 mard=2.0391 λM=0.0000 DURR(dir/res/hall)=3.1147/0.0000/0.0000 λD=1.000 route=180 E/S=102/78 rescue=0 empty=0 hall=0/0 FG/HBG/EBG=40/0/1536 grad=35.67
[E30] batch=130/250 pseudo=4 loss=2.7651 sfseg=2.6589 seg=0.2058 mard=2.0208 λM=0.0000 DURR(dir/res/hall)=1.0628/0.0000/0.0000 λD=1.000 route=89 E/S=48/41 rescue=0 empty=0 hall=0/0 FG/HBG/EBG=32/0/1536 grad=20.94
[E30] batch=140/250 pseudo=4 loss=2.9749 sfseg=2.8483 seg=0.1514 mard=2.0151 λM=0.0000 DURR(dir/res/hall)=1.2666/0.0000/0.0000 λD=1.000 route=141 E/S=48/93 rescue=0 empty=0 hall=0/0 FG/HBG/EBG=32/0/1536 grad=27.81
[E30] batch=150/250 pseudo=4 loss=3.0996 sfseg=2.9554 seg=0.2115 mard=2.0603 λM=0.0000 DURR(dir/res/hall)=1.4417/0.0000/0.0000 λD=1.000 route=117 E/S=51/66 rescue=0 empty=0 hall=0/0 FG/HBG/EBG=32/0/1536 grad=21.16
[E30] batch=160/250 pseudo=4 loss=7.0493 sfseg=6.9390 seg=0.2350 mard=2.0522 λM=0.0000 DURR(dir/res/hall)=1.1033/0.0000/0.0000 λD=1.000 route=216 E/S=103/113 rescue=0 empty=0 hall=0/0 FG/HBG/EBG=32/0/1536 grad=55.58
[E30] batch=170/250 pseudo=4 loss=10.9463 sfseg=10.7371 seg=0.7659 mard=2.0423 λM=0.0000 DURR(dir/res/hall)=2.0926/0.0000/0.0000 λD=1.000 route=314 E/S=66/248 rescue=0 empty=0 hall=0/0 FG/HBG/EBG=32/0/1536 grad=181.35
[E30] batch=180/250 pseudo=5 loss=11.7096 sfseg=11.6639 seg=0.8699 mard=2.0558 λM=0.0000 DURR(dir/res/hall)=0.4570/0.0000/0.0000 λD=1.000 route=451 E/S=101/350 rescue=0 empty=0 hall=0/0 FG/HBG/EBG=40/0/1536 grad=86.82
[E30] batch=190/250 pseudo=4 loss=5.5002 sfseg=5.3372 seg=0.4988 mard=2.0199 λM=0.0000 DURR(dir/res/hall)=1.6293/0.0000/0.0000 λD=1.000 route=267 E/S=98/169 rescue=0 empty=0 hall=0/0 FG/HBG/EBG=32/0/1536 grad=39.10
[E30] batch=200/250 pseudo=4 loss=8.9435 sfseg=8.7950 seg=0.6930 mard=2.0126 λM=0.0000 DURR(dir/res/hall)=1.4846/0.0000/0.0000 λD=1.000 route=267 E/S=128/139 rescue=0 empty=0 hall=0/0 FG/HBG/EBG=32/0/1536 grad=82.01
[E30] batch=210/250 pseudo=4 loss=3.6450 sfseg=3.4303 seg=0.2160 mard=2.0512 λM=0.0000 DURR(dir/res/hall)=2.1464/0.0000/0.0000 λD=1.000 route=95 E/S=68/27 rescue=0 empty=0 hall=0/0 FG/HBG/EBG=32/0/1536 grad=28.27
[E30] batch=220/250 pseudo=3 loss=3.3574 sfseg=3.2345 seg=0.2303 mard=2.0042 λM=0.0000 DURR(dir/res/hall)=1.2288/0.0000/0.0000 λD=1.000 route=82 E/S=24/58 rescue=0 empty=1 hall=0/0 FG/HBG/EBG=24/0/1152 grad=48.82
[E30] batch=230/250 pseudo=4 loss=3.1911 sfseg=3.0564 seg=0.2178 mard=1.9990 λM=0.0000 DURR(dir/res/hall)=1.3471/0.0000/0.0000 λD=1.000 route=231 E/S=127/104 rescue=0 empty=0 hall=0/0 FG/HBG/EBG=32/0/1536 grad=25.66
[E30] batch=240/250 pseudo=6 loss=13.1056 sfseg=12.9420 seg=0.5545 mard=2.0207 λM=0.0000 DURR(dir/res/hall)=1.6358/0.0000/0.0000 λD=1.000 route=238 E/S=111/127 rescue=0 empty=0 hall=0/0 FG/HBG/EBG=48/0/1536 grad=33.27
[E30] batch=250/250 pseudo=4 loss=7.5609 sfseg=7.4713 seg=0.8041 mard=1.9926 λM=0.0000 DURR(dir/res/hall)=0.8968/0.0000/0.0000 λD=1.000 route=337 E/S=82/255 rescue=0 empty=0 hall=0/0 FG/HBG/EBG=32/0/1536 grad=81.87

[Epoch 30] DONE time=66.2s valid=250 skipped=0 pseudo=1031 anchors=989 mask_extra=42 reject_rel=24 DURRmatch=954/4615 rescue=15 teacher_empty=46 hall=20/6761 loss=7.2850 sfseg=7.1350 mard=2.0373 dir=1.2172 res=0.0371 hallL=0.2090 route E/S=26535/49128
[SAVE Student] /home/dang/MedRT-SFOD/runs/seg/ablation/c2k_maskdhf_durr_v1_60ep/checkpoints/durr_student_epoch_30.pt
[SAVE Teacher] /home/dang/MedRT-SFOD/runs/seg/ablation/c2k_maskdhf_durr_v1_60ep/checkpoints/durr_teacher_ema_epoch_30.pt
[E31] batch=001/250 pseudo=4 loss=3.4153 sfseg=3.3261 seg=0.1797 mard=2.0277 λM=0.0000 DURR(dir/res/hall)=0.8926/0.0000/0.0000 λD=1.000 route=73 E/S=22/51 rescue=0 empty=0 hall=0/0 FG/HBG/EBG=32/0/1536 grad=30.67
[E31] batch=010/250 pseudo=4 loss=9.6658 sfseg=9.5136 seg=0.6261 mard=2.0109 λM=0.0000 DURR(dir/res/hall)=1.5227/0.0000/0.0000 λD=1.000 route=273 E/S=83/190 rescue=0 empty=0 hall=0/0 FG/HBG/EBG=32/0/1536 grad=72.08
[E31] batch=020/250 pseudo=4 loss=7.3634 sfseg=7.2090 seg=0.3515 mard=2.0709 λM=0.0000 DURR(dir/res/hall)=1.5449/0.0000/0.0000 λD=1.000 route=279 E/S=200/79 rescue=0 empty=0 hall=0/0 FG/HBG/EBG=32/0/1536 grad=84.86
[E31] batch=030/250 pseudo=4 loss=14.0396 sfseg=13.8375 seg=1.2197 mard=2.0035 λM=0.0000 DURR(dir/res/hall)=2.0210/0.0000/0.0000 λD=1.000 route=459 E/S=295/164 rescue=0 empty=0 hall=0/0 FG/HBG/EBG=32/0/1536 grad=93.53
[E31] batch=040/250 pseudo=5 loss=19.3321 sfseg=19.2207 seg=1.2019 mard=2.0593 λM=0.0000 DURR(dir/res/hall)=1.1135/0.0000/0.0000 λD=1.000 route=372 E/S=101/271 rescue=0 empty=0 hall=0/0 FG/HBG/EBG=40/0/1536 grad=167.56
[E31] batch=050/250 pseudo=3 loss=4.5105 sfseg=4.4153 seg=0.4669 mard=2.0328 λM=0.0000 DURR(dir/res/hall)=0.9515/0.0000/0.0000 λD=1.000 route=261 E/S=33/228 rescue=0 empty=1 hall=0/0 FG/HBG/EBG=24/0/1152 grad=30.05
[E31] batch=060/250 pseudo=3 loss=3.0811 sfseg=2.7289 seg=0.2206 mard=2.0383 λM=0.0000 DURR(dir/res/hall)=1.5526/0.0000/1.9692 λD=1.000 route=91 E/S=65/26 rescue=0 empty=1 hall=1/2 FG/HBG/EBG=24/0/1152 grad=26.27
[E31] batch=070/250 pseudo=6 loss=7.4477 sfseg=7.2584 seg=0.3012 mard=2.0050 λM=0.0000 DURR(dir/res/hall)=1.8923/0.0000/0.0000 λD=1.000 route=366 E/S=95/271 rescue=0 empty=0 hall=0/0 FG/HBG/EBG=48/0/1536 grad=26.98
[E31] batch=080/250 pseudo=3 loss=3.6845 sfseg=3.6406 seg=0.5421 mard=2.0291 λM=0.0000 DURR(dir/res/hall)=0.4385/0.0000/0.0000 λD=1.000 route=121 E/S=32/89 rescue=0 empty=1 hall=0/0 FG/HBG/EBG=24/0/1152 grad=28.32
[E31] batch=090/250 pseudo=3 loss=2.7310 sfseg=2.6447 seg=0.2513 mard=2.0509 λM=0.0000 DURR(dir/res/hall)=0.8632/0.0000/0.0000 λD=1.000 route=214 E/S=41/173 rescue=0 empty=1 hall=0/0 FG/HBG/EBG=24/0/1152 grad=21.61
[E31] batch=100/250 pseudo=3 loss=6.7540 sfseg=6.1112 seg=0.6499 mard=2.0201 λM=0.0000 DURR(dir/res/hall)=0.9886/0.0000/5.4399 λD=1.000 route=297 E/S=96/201 rescue=0 empty=1 hall=1/617 FG/HBG/EBG=24/0/1152 grad=39.09
[E31] batch=110/250 pseudo=5 loss=12.2961 sfseg=12.0692 seg=0.6480 mard=1.9908 λM=0.0000 DURR(dir/res/hall)=2.2686/0.0000/0.0000 λD=1.000 route=240 E/S=73/167 rescue=0 empty=0 hall=0/0 FG/HBG/EBG=40/0/1536 grad=167.19
[E31] batch=120/250 pseudo=4 loss=7.2695 sfseg=7.0997 seg=0.4936 mard=2.0792 λM=0.0000 DURR(dir/res/hall)=1.6045/0.0465/0.0000 λD=1.000 route=316 E/S=151/165 rescue=1 empty=0 hall=0/0 FG/HBG/EBG=32/0/1536 grad=45.16
[E31] batch=130/250 pseudo=4 loss=5.1023 sfseg=5.0116 seg=0.3363 mard=2.0416 λM=0.0000 DURR(dir/res/hall)=0.9066/0.0000/0.0000 λD=1.000 route=186 E/S=85/101 rescue=0 empty=0 hall=0/0 FG/HBG/EBG=32/0/1536 grad=36.41
[E31] batch=140/250 pseudo=4 loss=3.3100 sfseg=3.1652 seg=0.2426 mard=1.9888 λM=0.0000 DURR(dir/res/hall)=1.4481/0.0000/0.0000 λD=1.000 route=115 E/S=52/63 rescue=0 empty=0 hall=0/0 FG/HBG/EBG=32/0/1536 grad=22.21
[E31] batch=150/250 pseudo=4 loss=3.4079 sfseg=3.3280 seg=0.2269 mard=2.0786 λM=0.0000 DURR(dir/res/hall)=0.7987/0.0000/0.0000 λD=1.000 route=137 E/S=46/91 rescue=0 empty=0 hall=0/0 FG/HBG/EBG=32/0/1536 grad=43.41
[E31] batch=160/250 pseudo=4 loss=4.0602 sfseg=3.9399 seg=0.2745 mard=2.0442 λM=0.0000 DURR(dir/res/hall)=1.2037/0.0000/0.0000 λD=1.000 route=139 E/S=40/99 rescue=0 empty=0 hall=0/0 FG/HBG/EBG=32/0/1536 grad=32.59
[E31] batch=170/250 pseudo=4 loss=9.5824 sfseg=9.4814 seg=1.0945 mard=2.0526 λM=0.0000 DURR(dir/res/hall)=1.0104/0.0000/0.0000 λD=1.000 route=282 E/S=148/134 rescue=0 empty=0 hall=0/0 FG/HBG/EBG=32/0/1536 grad=53.05
[E31] batch=180/250 pseudo=4 loss=5.3245 sfseg=5.2364 seg=0.4415 mard=2.0229 λM=0.0000 DURR(dir/res/hall)=0.8815/0.0000/0.0000 λD=1.000 route=412 E/S=89/323 rescue=0 empty=0 hall=0/0 FG/HBG/EBG=32/0/1536 grad=31.60
[E31] batch=190/250 pseudo=4 loss=6.3137 sfseg=6.1748 seg=0.3762 mard=1.9929 λM=0.0000 DURR(dir/res/hall)=1.3886/0.0000/0.0000 λD=1.000 route=217 E/S=170/47 rescue=0 empty=0 hall=0/0 FG/HBG/EBG=32/0/1536 grad=32.25
[E31] batch=200/250 pseudo=5 loss=3.6730 sfseg=3.5072 seg=0.3046 mard=2.0552 λM=0.0000 DURR(dir/res/hall)=1.6582/0.0000/0.0000 λD=1.000 route=169 E/S=35/134 rescue=0 empty=0 hall=0/0 FG/HBG/EBG=40/0/1536 grad=39.40
[E31] batch=210/250 pseudo=4 loss=14.0144 sfseg=13.8813 seg=0.9564 mard=1.9853 λM=0.0000 DURR(dir/res/hall)=1.3313/0.0000/0.0000 λD=1.000 route=133 E/S=54/79 rescue=0 empty=0 hall=0/0 FG/HBG/EBG=32/0/1536 grad=141.57
[E31] batch=220/250 pseudo=4 loss=13.7058 sfseg=13.5659 seg=1.0844 mard=2.1050 λM=0.0000 DURR(dir/res/hall)=1.3985/0.0000/0.0000 λD=1.000 route=268 E/S=102/166 rescue=0 empty=0 hall=0/0 FG/HBG/EBG=32/0/1536 grad=187.16
[E31] batch=230/250 pseudo=3 loss=4.9541 sfseg=4.8647 seg=0.6059 mard=2.0344 λM=0.0000 DURR(dir/res/hall)=0.8940/0.0000/0.0000 λD=1.000 route=316 E/S=94/222 rescue=0 empty=1 hall=0/0 FG/HBG/EBG=24/0/1152 grad=27.66
[E31] batch=240/250 pseudo=4 loss=4.5994 sfseg=4.5277 seg=0.3643 mard=2.0456 λM=0.0000 DURR(dir/res/hall)=0.7170/0.0000/0.0000 λD=1.000 route=305 E/S=55/250 rescue=0 empty=0 hall=0/0 FG/HBG/EBG=32/0/1536 grad=31.24
[E31] batch=250/250 pseudo=5 loss=7.1222 sfseg=6.9815 seg=0.4459 mard=2.0116 λM=0.0000 DURR(dir/res/hall)=1.4070/0.0000/0.0000 λD=1.000 route=164 E/S=52/112 rescue=0 empty=0 hall=0/0 FG/HBG/EBG=40/0/1536 grad=135.25

[Epoch 31] DONE time=66.6s valid=250 skipped=0 pseudo=1028 anchors=987 mask_extra=41 reject_rel=22 DURRmatch=952/4619 rescue=13 teacher_empty=51 hall=23/7506 loss=7.3227 sfseg=7.1648 mard=2.0341 dir=1.2630 res=0.0265 hallL=0.2628 route E/S=25533/48827
[E32] batch=001/250 pseudo=3 loss=6.8589 sfseg=6.7324 seg=0.7426 mard=2.0298 λM=0.0000 DURR(dir/res/hall)=1.2648/0.0000/0.0000 λD=1.000 route=262 E/S=50/212 rescue=0 empty=1 hall=0/0 FG/HBG/EBG=24/0/1152 grad=65.97
[E32] batch=010/250 pseudo=4 loss=5.6446 sfseg=5.5472 seg=0.4552 mard=2.0040 λM=0.0000 DURR(dir/res/hall)=0.9745/0.0000/0.0000 λD=1.000 route=301 E/S=73/228 rescue=0 empty=0 hall=0/0 FG/HBG/EBG=32/0/1536 grad=40.18
[E32] batch=020/250 pseudo=4 loss=6.0097 sfseg=5.9158 seg=0.5192 mard=2.0867 λM=0.0000 DURR(dir/res/hall)=0.9388/0.0000/0.0000 λD=1.000 route=329 E/S=47/282 rescue=0 empty=0 hall=0/0 FG/HBG/EBG=32/0/1536 grad=47.52
[E32] batch=030/250 pseudo=4 loss=7.2720 sfseg=7.1522 seg=0.4139 mard=2.0165 λM=0.0000 DURR(dir/res/hall)=1.1980/0.0000/0.0000 λD=1.000 route=272 E/S=191/81 rescue=0 empty=0 hall=0/0 FG/HBG/EBG=32/0/1536 grad=126.70
[E32] batch=040/250 pseudo=4 loss=4.6484 sfseg=4.4821 seg=0.3263 mard=2.0345 λM=0.0000 DURR(dir/res/hall)=1.6630/0.0000/0.0000 λD=1.000 route=672 E/S=95/577 rescue=0 empty=0 hall=0/0 FG/HBG/EBG=32/0/1536 grad=29.74
[E32] batch=050/250 pseudo=3 loss=11.1852 sfseg=10.8294 seg=1.1828 mard=2.0811 λM=0.0000 DURR(dir/res/hall)=1.2951/0.0000/2.2633 λD=1.000 route=516 E/S=50/466 rescue=0 empty=1 hall=1/12 FG/HBG/EBG=24/0/1152 grad=87.06
[E32] batch=060/250 pseudo=4 loss=5.8845 sfseg=5.6885 seg=0.2412 mard=2.0280 λM=0.0000 DURR(dir/res/hall)=1.9602/0.0000/0.0000 λD=1.000 route=320 E/S=110/210 rescue=0 empty=0 hall=0/0 FG/HBG/EBG=32/0/1536 grad=24.82
[E32] batch=070/250 pseudo=5 loss=7.3228 sfseg=7.2275 seg=0.4883 mard=2.0116 λM=0.0000 DURR(dir/res/hall)=0.9522/0.0000/0.0000 λD=1.000 route=164 E/S=76/88 rescue=0 empty=0 hall=0/0 FG/HBG/EBG=40/0/1536 grad=91.97
[E32] batch=080/250 pseudo=4 loss=3.7197 sfseg=3.6341 seg=0.3271 mard=2.0148 λM=0.0000 DURR(dir/res/hall)=0.8553/0.0000/0.0000 λD=1.000 route=204 E/S=98/106 rescue=0 empty=0 hall=0/0 FG/HBG/EBG=32/0/1536 grad=38.09
[E32] batch=090/250 pseudo=4 loss=19.8647 sfseg=19.7417 seg=1.2703 mard=2.0882 λM=0.0000 DURR(dir/res/hall)=1.2302/0.0000/0.0000 λD=1.000 route=341 E/S=16/325 rescue=0 empty=0 hall=0/0 FG/HBG/EBG=32/0/1536 grad=135.80
[E32] batch=100/250 pseudo=4 loss=8.8464 sfseg=8.7164 seg=0.4733 mard=2.0419 λM=0.0000 DURR(dir/res/hall)=1.3003/0.0000/0.0000 λD=1.000 route=423 E/S=290/133 rescue=0 empty=0 hall=0/0 FG/HBG/EBG=32/0/1536 grad=98.55
[E32] batch=110/250 pseudo=4 loss=9.7498 sfseg=9.5594 seg=0.5108 mard=2.0445 λM=0.0000 DURR(dir/res/hall)=1.9037/0.0000/0.0000 λD=1.000 route=156 E/S=37/119 rescue=0 empty=0 hall=0/0 FG/HBG/EBG=32/0/1536 grad=127.84
[E32] batch=120/250 pseudo=4 loss=12.4264 sfseg=12.2059 seg=0.7833 mard=2.0801 λM=0.0000 DURR(dir/res/hall)=2.2051/0.0000/0.0000 λD=1.000 route=706 E/S=495/211 rescue=0 empty=0 hall=0/0 FG/HBG/EBG=32/0/1536 grad=67.51
[E32] batch=130/250 pseudo=3 loss=4.1511 sfseg=4.0383 seg=0.3779 mard=2.0678 λM=0.0000 DURR(dir/res/hall)=1.1283/0.0000/0.0000 λD=1.000 route=186 E/S=32/154 rescue=0 empty=1 hall=0/0 FG/HBG/EBG=24/0/1152 grad=22.70
[E32] batch=140/250 pseudo=4 loss=10.5089 sfseg=10.3977 seg=0.9615 mard=2.0507 λM=0.0000 DURR(dir/res/hall)=1.1122/0.0000/0.0000 λD=1.000 route=575 E/S=140/435 rescue=0 empty=0 hall=0/0 FG/HBG/EBG=32/0/1536 grad=71.53
[E32] batch=150/250 pseudo=4 loss=3.9691 sfseg=3.8768 seg=0.3189 mard=2.0739 λM=0.0000 DURR(dir/res/hall)=0.9236/0.0000/0.0000 λD=1.000 route=218 E/S=19/199 rescue=0 empty=0 hall=0/0 FG/HBG/EBG=32/0/1536 grad=60.59
[E32] batch=160/250 pseudo=4 loss=6.4785 sfseg=6.3851 seg=0.3490 mard=2.0435 λM=0.0000 DURR(dir/res/hall)=0.9346/0.0000/0.0000 λD=1.000 route=546 E/S=223/323 rescue=0 empty=0 hall=0/0 FG/HBG/EBG=32/0/1536 grad=59.39
[E32] batch=170/250 pseudo=4 loss=10.1555 sfseg=9.9840 seg=0.7471 mard=2.0550 λM=0.0000 DURR(dir/res/hall)=1.7145/0.0000/0.0000 λD=1.000 route=396 E/S=36/360 rescue=0 empty=0 hall=0/0 FG/HBG/EBG=32/0/1536 grad=73.16
[E32] batch=180/250 pseudo=3 loss=7.7167 sfseg=7.1694 seg=1.2964 mard=2.0398 λM=0.0000 DURR(dir/res/hall)=1.3897/0.0000/4.0834 λD=1.000 route=442 E/S=178/264 rescue=0 empty=2 hall=1/1319 FG/HBG/EBG=24/0/768 grad=61.34
[E32] batch=190/250 pseudo=5 loss=11.6496 sfseg=11.5289 seg=0.6964 mard=2.0379 λM=0.0000 DURR(dir/res/hall)=1.2068/0.0000/0.0000 λD=1.000 route=224 E/S=98/126 rescue=0 empty=0 hall=0/0 FG/HBG/EBG=40/0/1536 grad=142.93
[E32] batch=200/250 pseudo=4 loss=7.7160 sfseg=7.0459 seg=1.0755 mard=2.0541 λM=0.0000 DURR(dir/res/hall)=2.1012/0.0000/4.5994 λD=1.000 route=162 E/S=47/115 rescue=0 empty=1 hall=1/550 FG/HBG/EBG=32/0/1152 grad=45.47
[E32] batch=210/250 pseudo=4 loss=2.8014 sfseg=2.6719 seg=0.1913 mard=2.0575 λM=0.0000 DURR(dir/res/hall)=1.2948/0.0000/0.0000 λD=1.000 route=140 E/S=6/134 rescue=0 empty=0 hall=0/0 FG/HBG/EBG=32/0/1536 grad=24.64
[E32] batch=220/250 pseudo=4 loss=11.4177 sfseg=11.3221 seg=0.4361 mard=2.0774 λM=0.0000 DURR(dir/res/hall)=0.9558/0.0000/0.0000 λD=1.000 route=273 E/S=66/207 rescue=0 empty=0 hall=0/0 FG/HBG/EBG=32/0/1536 grad=110.19
[E32] batch=230/250 pseudo=5 loss=6.7733 sfseg=6.6455 seg=0.4195 mard=2.0570 λM=0.0000 DURR(dir/res/hall)=1.2777/0.0000/0.0000 λD=1.000 route=124 E/S=51/73 rescue=0 empty=0 hall=0/0 FG/HBG/EBG=40/0/1536 grad=76.73
[E32] batch=240/250 pseudo=4 loss=14.9930 sfseg=14.8834 seg=1.2396 mard=2.0387 λM=0.0000 DURR(dir/res/hall)=1.0961/0.0000/0.0000 λD=1.000 route=678 E/S=66/612 rescue=0 empty=0 hall=0/0 FG/HBG/EBG=32/0/1536 grad=64.56
[E32] batch=250/250 pseudo=4 loss=4.8389 sfseg=4.7230 seg=0.3552 mard=2.0427 λM=0.0000 DURR(dir/res/hall)=1.1590/0.0000/0.0000 λD=1.000 route=117 E/S=107/10 rescue=0 empty=0 hall=0/0 FG/HBG/EBG=32/0/1536 grad=26.34

[Epoch 32] DONE time=66.3s valid=250 skipped=0 pseudo=1028 anchors=981 mask_extra=47 reject_rel=22 DURRmatch=943/4585 rescue=13 teacher_empty=50 hall=18/5951 loss=7.3970 sfseg=7.2469 mard=2.0380 dir=1.2646 res=0.0168 hallL=0.2026 route E/S=25445/47471
[E33] batch=001/250 pseudo=4 loss=7.9396 sfseg=7.7451 seg=0.7452 mard=2.0166 λM=0.0000 DURR(dir/res/hall)=1.9445/0.0000/0.0000 λD=1.000 route=378 E/S=168/210 rescue=0 empty=0 hall=0/0 FG/HBG/EBG=32/0/1536 grad=59.14
[E33] batch=010/250 pseudo=4 loss=3.0559 sfseg=2.9696 seg=0.2666 mard=2.0700 λM=0.0000 DURR(dir/res/hall)=0.8633/0.0000/0.0000 λD=1.000 route=148 E/S=26/122 rescue=0 empty=0 hall=0/0 FG/HBG/EBG=32/0/1536 grad=23.34
[E33] batch=020/250 pseudo=4 loss=8.9874 sfseg=8.7722 seg=0.3604 mard=2.0953 λM=0.0000 DURR(dir/res/hall)=2.1525/0.0000/0.0000 λD=1.000 route=178 E/S=88/90 rescue=0 empty=0 hall=0/0 FG/HBG/EBG=32/0/1536 grad=45.37
[E33] batch=030/250 pseudo=4 loss=5.2313 sfseg=5.0763 seg=0.2495 mard=2.0355 λM=0.0000 DURR(dir/res/hall)=1.5505/0.0000/0.0000 λD=1.000 route=229 E/S=97/132 rescue=0 empty=0 hall=0/0 FG/HBG/EBG=32/0/1536 grad=83.23
[E33] batch=040/250 pseudo=5 loss=6.7588 sfseg=6.6825 seg=0.4449 mard=2.0063 λM=0.0000 DURR(dir/res/hall)=0.7625/0.0000/0.0000 λD=1.000 route=401 E/S=227/174 rescue=0 empty=0 hall=0/0 FG/HBG/EBG=40/0/1536 grad=49.65
[E33] batch=050/250 pseudo=4 loss=2.6383 sfseg=2.5515 seg=0.2213 mard=2.0107 λM=0.0000 DURR(dir/res/hall)=0.8676/0.0000/0.0000 λD=1.000 route=188 E/S=22/166 rescue=0 empty=0 hall=0/0 FG/HBG/EBG=32/0/1536 grad=21.12
[E33] batch=060/250 pseudo=4 loss=3.6158 sfseg=3.4760 seg=0.2745 mard=2.0364 λM=0.0000 DURR(dir/res/hall)=1.3170/0.0407/0.0000 λD=1.000 route=273 E/S=48/225 rescue=1 empty=0 hall=0/0 FG/HBG/EBG=32/0/1536 grad=25.12
[E33] batch=070/250 pseudo=4 loss=4.6427 sfseg=4.5539 seg=0.3600 mard=2.0258 λM=0.0000 DURR(dir/res/hall)=0.8888/0.0000/0.0000 λD=1.000 route=299 E/S=161/138 rescue=0 empty=0 hall=0/0 FG/HBG/EBG=32/0/1536 grad=28.30
[E33] batch=080/250 pseudo=5 loss=4.9539 sfseg=4.8561 seg=0.3553 mard=2.0067 λM=0.0000 DURR(dir/res/hall)=0.9776/0.0000/0.0000 λD=1.000 route=187 E/S=63/124 rescue=0 empty=0 hall=0/0 FG/HBG/EBG=40/0/1536 grad=24.42
[E33] batch=090/250 pseudo=5 loss=7.8275 sfseg=7.6261 seg=0.3181 mard=2.0576 λM=0.0000 DURR(dir/res/hall)=2.0143/0.0000/0.0000 λD=1.000 route=174 E/S=75/99 rescue=0 empty=0 hall=0/0 FG/HBG/EBG=40/0/1536 grad=71.07
[E33] batch=100/250 pseudo=4 loss=7.2656 sfseg=7.0469 seg=0.7710 mard=2.0479 λM=0.0000 DURR(dir/res/hall)=2.1865/0.0000/0.0000 λD=1.000 route=197 E/S=139/58 rescue=0 empty=0 hall=0/0 FG/HBG/EBG=32/0/1536 grad=79.89
[E33] batch=110/250 pseudo=3 loss=2.2959 sfseg=2.1934 seg=0.2705 mard=2.0553 λM=0.0000 DURR(dir/res/hall)=1.0251/0.0000/0.0000 λD=1.000 route=116 E/S=17/99 rescue=0 empty=1 hall=0/0 FG/HBG/EBG=24/0/1152 grad=20.22
[E33] batch=120/250 pseudo=4 loss=8.7659 sfseg=8.6284 seg=0.3727 mard=2.0380 λM=0.0000 DURR(dir/res/hall)=1.3751/0.0000/0.0000 λD=1.000 route=133 E/S=40/93 rescue=0 empty=0 hall=0/0 FG/HBG/EBG=32/0/1536 grad=49.50
[E33] batch=130/250 pseudo=4 loss=6.1021 sfseg=5.9261 seg=0.4224 mard=2.0539 λM=0.0000 DURR(dir/res/hall)=1.7591/0.0000/0.0000 λD=1.000 route=410 E/S=88/322 rescue=0 empty=0 hall=0/0 FG/HBG/EBG=32/0/1536 grad=40.07
[E33] batch=140/250 pseudo=4 loss=3.2198 sfseg=3.1602 seg=0.2846 mard=2.0426 λM=0.0000 DURR(dir/res/hall)=0.5961/0.0000/0.0000 λD=1.000 route=228 E/S=66/162 rescue=0 empty=0 hall=0/0 FG/HBG/EBG=32/0/1536 grad=25.85
[E33] batch=150/250 pseudo=4 loss=11.4979 sfseg=11.3479 seg=0.8620 mard=2.0296 λM=0.0000 DURR(dir/res/hall)=1.1801/0.1601/0.0000 λD=1.000 route=142 E/S=113/29 rescue=1 empty=0 hall=0/0 FG/HBG/EBG=32/0/1536 grad=68.17
[E33] batch=160/250 pseudo=4 loss=4.8082 sfseg=4.7277 seg=0.4861 mard=2.0095 λM=0.0000 DURR(dir/res/hall)=0.8054/0.0000/0.0000 λD=1.000 route=233 E/S=124/109 rescue=0 empty=0 hall=0/0 FG/HBG/EBG=32/0/1536 grad=32.18
[E33] batch=170/250 pseudo=5 loss=11.2223 sfseg=10.9055 seg=1.2132 mard=1.9982 λM=0.0000 DURR(dir/res/hall)=3.1679/0.0000/0.0000 λD=1.000 route=141 E/S=21/120 rescue=0 empty=0 hall=0/0 FG/HBG/EBG=40/0/1536 grad=75.08
[E33] batch=180/250 pseudo=3 loss=4.7889 sfseg=4.6320 seg=0.4166 mard=2.0681 λM=0.0000 DURR(dir/res/hall)=1.5686/0.0000/0.0000 λD=1.000 route=432 E/S=11/421 rescue=0 empty=1 hall=0/0 FG/HBG/EBG=24/0/1152 grad=18.87
[E33] batch=190/250 pseudo=4 loss=3.6739 sfseg=3.5608 seg=0.2814 mard=1.9853 λM=0.0000 DURR(dir/res/hall)=1.1313/0.0000/0.0000 λD=1.000 route=272 E/S=176/96 rescue=0 empty=0 hall=0/0 FG/HBG/EBG=32/0/1536 grad=24.61
[E33] batch=200/250 pseudo=4 loss=7.9499 sfseg=7.7138 seg=0.8540 mard=2.0363 λM=0.0000 DURR(dir/res/hall)=2.3615/0.0000/0.0000 λD=1.000 route=315 E/S=54/261 rescue=0 empty=0 hall=0/0 FG/HBG/EBG=32/0/1536 grad=122.08
[E33] batch=210/250 pseudo=3 loss=1.9189 sfseg=1.7578 seg=0.1987 mard=2.0450 λM=0.0000 DURR(dir/res/hall)=1.6111/0.0000/0.0000 λD=1.000 route=101 E/S=73/28 rescue=0 empty=1 hall=0/0 FG/HBG/EBG=24/0/1152 grad=18.99
[E33] batch=220/250 pseudo=5 loss=6.0087 sfseg=5.9187 seg=0.4256 mard=2.0005 λM=0.0000 DURR(dir/res/hall)=0.9000/0.0000/0.0000 λD=1.000 route=158 E/S=42/116 rescue=0 empty=0 hall=0/0 FG/HBG/EBG=40/0/1536 grad=47.12
[E33] batch=230/250 pseudo=4 loss=3.4281 sfseg=3.3452 seg=0.2247 mard=2.0339 λM=0.0000 DURR(dir/res/hall)=0.8292/0.0000/0.0000 λD=1.000 route=153 E/S=103/50 rescue=0 empty=0 hall=0/0 FG/HBG/EBG=32/0/1536 grad=23.49
[E33] batch=240/250 pseudo=5 loss=4.6337 sfseg=4.5306 seg=0.3800 mard=2.0216 λM=0.0000 DURR(dir/res/hall)=1.0307/0.0000/0.0000 λD=1.000 route=162 E/S=57/105 rescue=0 empty=0 hall=0/0 FG/HBG/EBG=40/0/1536 grad=33.49
[E33] batch=250/250 pseudo=4 loss=2.7901 sfseg=2.7059 seg=0.2859 mard=2.0307 λM=0.0000 DURR(dir/res/hall)=0.8423/0.0000/0.0000 λD=1.000 route=255 E/S=55/200 rescue=0 empty=1 hall=0/0 FG/HBG/EBG=32/0/1152 grad=19.60

[Epoch 33] DONE time=66.4s valid=250 skipped=0 pseudo=1020 anchors=978 mask_extra=42 reject_rel=23 DURRmatch=949/4583 rescue=11 teacher_empty=54 hall=24/6350 loss=7.1593 sfseg=7.0121 mard=2.0350 dir=1.2108 res=0.0203 hallL=0.2206 route E/S=25763/47790
[E34] batch=001/250 pseudo=4 loss=4.9170 sfseg=4.7827 seg=0.4048 mard=2.0291 λM=0.0000 DURR(dir/res/hall)=0.8392/0.2520/0.0000 λD=1.000 route=158 E/S=69/89 rescue=1 empty=0 hall=0/0 FG/HBG/EBG=32/0/1536 grad=40.45
[E34] batch=010/250 pseudo=3 loss=7.4768 sfseg=7.3518 seg=0.5157 mard=2.0283 λM=0.0000 DURR(dir/res/hall)=1.2500/0.0000/0.0000 λD=1.000 route=325 E/S=32/293 rescue=0 empty=1 hall=0/0 FG/HBG/EBG=24/0/1152 grad=65.17
[E34] batch=020/250 pseudo=4 loss=5.0076 sfseg=4.8609 seg=0.3910 mard=2.0069 λM=0.0000 DURR(dir/res/hall)=1.4671/0.0000/0.0000 λD=1.000 route=80 E/S=9/71 rescue=0 empty=0 hall=0/0 FG/HBG/EBG=32/0/1536 grad=39.10
[E34] batch=030/250 pseudo=4 loss=3.6065 sfseg=3.4684 seg=0.2861 mard=2.0513 λM=0.0000 DURR(dir/res/hall)=1.3813/0.0000/0.0000 λD=1.000 route=191 E/S=62/129 rescue=0 empty=0 hall=0/0 FG/HBG/EBG=32/0/1536 grad=25.17
[E34] batch=040/250 pseudo=4 loss=9.4403 sfseg=9.2536 seg=0.4325 mard=2.0452 λM=0.0000 DURR(dir/res/hall)=1.8674/0.0000/0.0000 λD=1.000 route=286 E/S=119/167 rescue=0 empty=0 hall=0/0 FG/HBG/EBG=32/0/1536 grad=136.52
[E34] batch=050/250 pseudo=4 loss=4.2990 sfseg=4.1871 seg=0.2660 mard=2.0401 λM=0.0000 DURR(dir/res/hall)=1.1188/0.0000/0.0000 λD=1.000 route=123 E/S=55/68 rescue=0 empty=0 hall=0/0 FG/HBG/EBG=32/0/1536 grad=30.42
[E34] batch=060/250 pseudo=4 loss=7.7680 sfseg=7.6493 seg=0.6968 mard=2.0343 λM=0.0000 DURR(dir/res/hall)=1.1874/0.0000/0.0000 λD=1.000 route=499 E/S=43/456 rescue=0 empty=0 hall=0/0 FG/HBG/EBG=32/0/1536 grad=49.24
[E34] batch=070/250 pseudo=4 loss=4.8738 sfseg=4.7719 seg=0.3199 mard=2.0495 λM=0.0000 DURR(dir/res/hall)=1.0187/0.0000/0.0000 λD=1.000 route=208 E/S=48/160 rescue=0 empty=0 hall=0/0 FG/HBG/EBG=32/0/1536 grad=34.45
[E34] batch=080/250 pseudo=4 loss=7.7126 sfseg=7.5752 seg=0.6355 mard=2.0660 λM=0.0000 DURR(dir/res/hall)=1.3745/0.0000/0.0000 λD=1.000 route=525 E/S=298/227 rescue=0 empty=0 hall=0/0 FG/HBG/EBG=32/0/1536 grad=51.76
[E34] batch=090/250 pseudo=3 loss=3.0974 sfseg=3.0340 seg=0.4321 mard=2.0613 λM=0.0000 DURR(dir/res/hall)=0.6342/0.0000/0.0000 λD=1.000 route=218 E/S=118/100 rescue=0 empty=1 hall=0/0 FG/HBG/EBG=24/0/1152 grad=23.92
[E34] batch=100/250 pseudo=4 loss=9.4315 sfseg=9.2411 seg=0.7188 mard=2.0601 λM=0.0000 DURR(dir/res/hall)=1.9039/0.0000/0.0000 λD=1.000 route=495 E/S=102/393 rescue=0 empty=0 hall=0/0 FG/HBG/EBG=32/0/1536 grad=123.16
[E34] batch=110/250 pseudo=4 loss=3.6346 sfseg=3.4943 seg=0.2016 mard=2.0449 λM=0.0000 DURR(dir/res/hall)=1.4033/0.0000/0.0000 λD=1.000 route=129 E/S=48/81 rescue=0 empty=0 hall=0/0 FG/HBG/EBG=32/0/1536 grad=24.27
[E34] batch=120/250 pseudo=4 loss=5.1021 sfseg=4.9331 seg=0.2094 mard=2.0361 λM=0.0000 DURR(dir/res/hall)=1.6900/0.0000/0.0000 λD=1.000 route=237 E/S=92/145 rescue=0 empty=0 hall=0/0 FG/HBG/EBG=32/0/1536 grad=33.13
[E34] batch=130/250 pseudo=4 loss=7.5070 sfseg=7.2926 seg=0.3803 mard=2.0269 λM=0.0000 DURR(dir/res/hall)=2.1447/0.0000/0.0000 λD=1.000 route=340 E/S=115/225 rescue=0 empty=0 hall=0/0 FG/HBG/EBG=32/0/1536 grad=49.00
[E34] batch=140/250 pseudo=6 loss=5.5046 sfseg=5.3518 seg=0.2625 mard=2.0381 λM=0.0000 DURR(dir/res/hall)=1.5278/0.0000/0.0000 λD=1.000 route=253 E/S=188/65 rescue=0 empty=0 hall=0/0 FG/HBG/EBG=48/0/1536 grad=27.42
[E34] batch=150/250 pseudo=4 loss=6.1218 sfseg=5.9797 seg=0.6461 mard=2.0411 λM=0.0000 DURR(dir/res/hall)=1.4215/0.0000/0.0000 λD=1.000 route=580 E/S=390/190 rescue=0 empty=1 hall=0/0 FG/HBG/EBG=32/0/1152 grad=67.35
[E34] batch=160/250 pseudo=4 loss=5.2570 sfseg=5.1698 seg=0.4938 mard=2.0142 λM=0.0000 DURR(dir/res/hall)=0.8720/0.0000/0.0000 λD=1.000 route=207 E/S=80/127 rescue=0 empty=0 hall=0/0 FG/HBG/EBG=32/0/1536 grad=32.85
[E34] batch=170/250 pseudo=4 loss=18.6047 sfseg=18.4388 seg=0.6562 mard=2.0797 λM=0.0000 DURR(dir/res/hall)=0.4576/0.6009/0.0000 λD=1.000 route=53 E/S=10/43 rescue=1 empty=0 hall=0/0 FG/HBG/EBG=32/0/1536 grad=97.46
[E34] batch=180/250 pseudo=4 loss=4.2605 sfseg=4.1455 seg=0.2894 mard=2.0335 λM=0.0000 DURR(dir/res/hall)=1.1498/0.0000/0.0000 λD=1.000 route=223 E/S=81/142 rescue=0 empty=0 hall=0/0 FG/HBG/EBG=32/0/1536 grad=36.40
[E34] batch=190/250 pseudo=4 loss=4.1088 sfseg=4.0149 seg=0.2108 mard=2.0307 λM=0.0000 DURR(dir/res/hall)=0.9386/0.0000/0.0000 λD=1.000 route=177 E/S=89/88 rescue=0 empty=0 hall=0/0 FG/HBG/EBG=32/0/1536 grad=25.37
[E34] batch=200/250 pseudo=6 loss=16.1290 sfseg=15.9733 seg=1.3587 mard=2.0166 λM=0.0000 DURR(dir/res/hall)=1.5567/0.0000/0.0000 λD=1.000 route=808 E/S=432/376 rescue=0 empty=0 hall=0/0 FG/HBG/EBG=48/0/1536 grad=133.32
[E34] batch=210/250 pseudo=4 loss=4.8859 sfseg=4.7934 seg=0.3452 mard=2.0359 λM=0.0000 DURR(dir/res/hall)=0.9257/0.0000/0.0000 λD=1.000 route=292 E/S=179/113 rescue=0 empty=0 hall=0/0 FG/HBG/EBG=32/0/1536 grad=22.70
[E34] batch=220/250 pseudo=4 loss=2.4505 sfseg=2.3071 seg=0.1546 mard=1.9960 λM=0.0000 DURR(dir/res/hall)=1.4340/0.0000/0.0000 λD=1.000 route=114 E/S=37/77 rescue=0 empty=0 hall=0/0 FG/HBG/EBG=32/0/1536 grad=27.42
[E34] batch=230/250 pseudo=3 loss=4.0360 sfseg=3.9591 seg=0.4240 mard=2.0502 λM=0.0000 DURR(dir/res/hall)=0.7691/0.0000/0.0000 λD=1.000 route=215 E/S=155/60 rescue=0 empty=1 hall=0/0 FG/HBG/EBG=24/0/1152 grad=39.45
[E34] batch=240/250 pseudo=4 loss=4.7617 sfseg=4.6112 seg=0.3210 mard=2.0299 λM=0.0000 DURR(dir/res/hall)=1.5049/0.0000/0.0000 λD=1.000 route=497 E/S=132/365 rescue=0 empty=0 hall=0/0 FG/HBG/EBG=32/0/1536 grad=25.28
[E34] batch=250/250 pseudo=5 loss=8.8964 sfseg=8.7742 seg=0.6443 mard=2.0774 λM=0.0000 DURR(dir/res/hall)=1.2222/0.0000/0.0000 λD=1.000 route=144 E/S=28/116 rescue=0 empty=0 hall=0/0 FG/HBG/EBG=40/0/1536 grad=63.62

[Epoch 34] DONE time=66.2s valid=250 skipped=0 pseudo=1032 anchors=984 mask_extra=48 reject_rel=18 DURRmatch=958/4621 rescue=15 teacher_empty=46 hall=11/3304 loss=7.1759 sfseg=7.0372 mard=2.0356 dir=1.2342 res=0.0182 hallL=0.1164 route E/S=26312/50389
[E35] batch=001/250 pseudo=4 loss=6.1597 sfseg=6.0284 seg=0.5150 mard=2.0852 λM=0.0000 DURR(dir/res/hall)=0.9625/0.1754/0.0000 λD=1.000 route=70 E/S=20/50 rescue=1 empty=0 hall=0/0 FG/HBG/EBG=32/0/1536 grad=26.97
[E35] batch=010/250 pseudo=5 loss=8.0351 sfseg=7.8551 seg=0.5063 mard=2.0487 λM=0.0000 DURR(dir/res/hall)=1.8004/0.0000/0.0000 λD=1.000 route=595 E/S=153/442 rescue=0 empty=0 hall=0/0 FG/HBG/EBG=40/0/1536 grad=34.45
[E35] batch=020/250 pseudo=6 loss=12.2187 sfseg=11.9408 seg=0.5549 mard=2.0404 λM=0.0000 DURR(dir/res/hall)=2.7789/0.0000/0.0000 λD=1.000 route=236 E/S=78/158 rescue=0 empty=0 hall=0/0 FG/HBG/EBG=48/0/1536 grad=50.49
[E35] batch=030/250 pseudo=4 loss=4.5546 sfseg=4.4347 seg=0.4805 mard=2.0650 λM=0.0000 DURR(dir/res/hall)=1.1989/0.0000/0.0000 λD=1.000 route=283 E/S=44/239 rescue=0 empty=0 hall=0/0 FG/HBG/EBG=32/0/1536 grad=44.26
[E35] batch=040/250 pseudo=5 loss=7.9634 sfseg=7.8993 seg=0.6428 mard=2.0192 λM=0.0000 DURR(dir/res/hall)=0.6406/0.0000/0.0000 λD=1.000 route=367 E/S=156/211 rescue=0 empty=0 hall=0/0 FG/HBG/EBG=40/0/1536 grad=40.55
[E35] batch=050/250 pseudo=3 loss=5.9528 sfseg=5.7701 seg=0.5204 mard=2.0929 λM=0.0000 DURR(dir/res/hall)=1.8266/0.0000/0.0000 λD=1.000 route=201 E/S=150/51 rescue=0 empty=1 hall=0/0 FG/HBG/EBG=24/0/1152 grad=34.54
[E35] batch=060/250 pseudo=4 loss=3.5279 sfseg=3.4392 seg=0.3062 mard=2.0692 λM=0.0000 DURR(dir/res/hall)=0.8874/0.0000/0.0000 λD=1.000 route=342 E/S=117/225 rescue=0 empty=0 hall=0/0 FG/HBG/EBG=32/0/1536 grad=21.80
[E35] batch=070/250 pseudo=4 loss=13.6873 sfseg=13.5966 seg=1.1557 mard=2.0546 λM=0.0000 DURR(dir/res/hall)=0.9073/0.0000/0.0000 λD=1.000 route=862 E/S=212/650 rescue=0 empty=0 hall=0/0 FG/HBG/EBG=32/0/1536 grad=84.08
[E35] batch=080/250 pseudo=4 loss=7.8307 sfseg=7.7343 seg=0.6199 mard=2.0419 λM=0.0000 DURR(dir/res/hall)=0.9644/0.0000/0.0000 λD=1.000 route=177 E/S=55/122 rescue=0 empty=0 hall=0/0 FG/HBG/EBG=32/0/1536 grad=54.08
[E35] batch=090/250 pseudo=4 loss=5.0514 sfseg=4.9414 seg=0.3366 mard=2.0289 λM=0.0000 DURR(dir/res/hall)=1.1005/0.0000/0.0000 λD=1.000 route=401 E/S=132/269 rescue=0 empty=0 hall=0/0 FG/HBG/EBG=32/0/1536 grad=25.33
[E35] batch=100/250 pseudo=4 loss=6.0969 sfseg=5.9596 seg=0.4320 mard=2.0693 λM=0.0000 DURR(dir/res/hall)=1.3736/0.0000/0.0000 λD=1.000 route=170 E/S=79/91 rescue=0 empty=0 hall=0/0 FG/HBG/EBG=32/0/1536 grad=72.29
[E35] batch=110/250 pseudo=5 loss=6.5721 sfseg=6.4760 seg=0.3461 mard=2.0616 λM=0.0000 DURR(dir/res/hall)=0.9617/0.0000/0.0000 λD=1.000 route=308 E/S=61/247 rescue=0 empty=0 hall=0/0 FG/HBG/EBG=40/0/1536 grad=73.62
[E35] batch=120/250 pseudo=4 loss=3.0737 sfseg=2.9757 seg=0.3189 mard=2.0912 λM=0.0000 DURR(dir/res/hall)=0.9801/0.0000/0.0000 λD=1.000 route=299 E/S=65/234 rescue=0 empty=0 hall=0/0 FG/HBG/EBG=32/0/1536 grad=24.03
[E35] batch=130/250 pseudo=5 loss=13.0847 sfseg=12.7907 seg=0.8341 mard=1.9990 λM=0.0000 DURR(dir/res/hall)=2.3276/0.3065/0.0000 λD=1.000 route=250 E/S=65/185 rescue=1 empty=0 hall=0/0 FG/HBG/EBG=40/0/1536 grad=100.81
[E35] batch=140/250 pseudo=5 loss=6.6356 sfseg=6.5251 seg=0.7047 mard=2.0171 λM=0.0000 DURR(dir/res/hall)=1.1053/0.0000/0.0000 λD=1.000 route=213 E/S=78/135 rescue=0 empty=0 hall=0/0 FG/HBG/EBG=40/0/1536 grad=39.31
[E35] batch=150/250 pseudo=4 loss=5.9728 sfseg=5.7868 seg=0.4363 mard=2.0079 λM=0.0000 DURR(dir/res/hall)=1.8600/0.0000/0.0000 λD=1.000 route=529 E/S=307/222 rescue=0 empty=0 hall=0/0 FG/HBG/EBG=32/0/1536 grad=37.69
[E35] batch=160/250 pseudo=4 loss=4.1979 sfseg=4.0883 seg=0.3953 mard=2.0990 λM=0.0000 DURR(dir/res/hall)=1.0961/0.0000/0.0000 λD=1.000 route=146 E/S=46/100 rescue=0 empty=0 hall=0/0 FG/HBG/EBG=32/0/1536 grad=29.49
[E35] batch=170/250 pseudo=3 loss=5.6050 sfseg=5.3802 seg=0.5420 mard=2.0297 λM=0.0000 DURR(dir/res/hall)=2.2487/0.0000/0.0000 λD=1.000 route=122 E/S=37/85 rescue=0 empty=1 hall=0/0 FG/HBG/EBG=24/0/1152 grad=29.60
[E35] batch=180/250 pseudo=5 loss=6.2387 sfseg=6.0714 seg=0.5641 mard=2.0559 λM=0.0000 DURR(dir/res/hall)=1.6725/0.0000/0.0000 λD=1.000 route=79 E/S=15/64 rescue=0 empty=0 hall=0/0 FG/HBG/EBG=40/0/1536 grad=42.88
[E35] batch=190/250 pseudo=5 loss=5.6912 sfseg=5.5961 seg=0.4605 mard=2.0387 λM=0.0000 DURR(dir/res/hall)=0.9507/0.0000/0.0000 λD=1.000 route=211 E/S=101/110 rescue=0 empty=0 hall=0/0 FG/HBG/EBG=40/0/1536 grad=27.30
[E35] batch=200/250 pseudo=5 loss=9.8823 sfseg=9.7904 seg=0.5943 mard=1.9880 λM=0.0000 DURR(dir/res/hall)=0.9190/0.0000/0.0000 λD=1.000 route=469 E/S=320/149 rescue=0 empty=0 hall=0/0 FG/HBG/EBG=40/0/1536 grad=66.18
[E35] batch=210/250 pseudo=2 loss=4.5659 sfseg=4.3805 seg=0.8283 mard=2.0270 λM=0.0000 DURR(dir/res/hall)=1.8518/0.0000/0.0016 λD=1.000 route=143 E/S=25/118 rescue=0 empty=2 hall=1/0 FG/HBG/EBG=16/0/768 grad=25.87
[E35] batch=220/250 pseudo=6 loss=8.5602 sfseg=8.4125 seg=0.4924 mard=2.0028 λM=0.0000 DURR(dir/res/hall)=1.4769/0.0000/0.0000 λD=1.000 route=663 E/S=180/483 rescue=0 empty=0 hall=0/0 FG/HBG/EBG=48/0/1536 grad=31.60
[E35] batch=230/250 pseudo=4 loss=13.3947 sfseg=13.2759 seg=0.7307 mard=2.0416 λM=0.0000 DURR(dir/res/hall)=1.1886/0.0000/0.0000 λD=1.000 route=208 E/S=124/84 rescue=0 empty=0 hall=0/0 FG/HBG/EBG=32/0/1536 grad=74.50
[E35] batch=240/250 pseudo=3 loss=9.0618 sfseg=9.0055 seg=0.6020 mard=2.0362 λM=0.0000 DURR(dir/res/hall)=0.5634/0.0000/0.0000 λD=1.000 route=166 E/S=42/124 rescue=0 empty=1 hall=0/0 FG/HBG/EBG=24/0/1152 grad=104.40
[E35] batch=250/250 pseudo=4 loss=11.9791 sfseg=11.8602 seg=1.3188 mard=2.0674 λM=0.0000 DURR(dir/res/hall)=1.1894/0.0000/0.0000 λD=1.000 route=366 E/S=188/178 rescue=0 empty=0 hall=0/0 FG/HBG/EBG=32/0/1536 grad=66.73

[Epoch 35] DONE time=66.2s valid=250 skipped=0 pseudo=1030 anchors=987 mask_extra=43 reject_rel=21 DURRmatch=956/4624 rescue=14 teacher_empty=43 hall=12/2399 loss=7.2718 sfseg=7.1398 mard=2.0393 dir=1.2138 res=0.0086 hallL=0.0886 route E/S=25825/48601
[E36] batch=001/250 pseudo=5 loss=7.6182 sfseg=7.5123 seg=0.4343 mard=2.0458 λM=0.0000 DURR(dir/res/hall)=1.0594/0.0000/0.0000 λD=1.000 route=240 E/S=95/145 rescue=0 empty=0 hall=0/0 FG/HBG/EBG=40/0/1536 grad=71.02
[E36] batch=010/250 pseudo=4 loss=5.5330 sfseg=5.4174 seg=0.5246 mard=2.0310 λM=0.0000 DURR(dir/res/hall)=1.1564/0.0000/0.0000 λD=1.000 route=309 E/S=89/220 rescue=0 empty=0 hall=0/0 FG/HBG/EBG=32/0/1536 grad=48.86
[E36] batch=020/250 pseudo=5 loss=4.3870 sfseg=4.2664 seg=0.2060 mard=2.0462 λM=0.0000 DURR(dir/res/hall)=1.2058/0.0000/0.0000 λD=1.000 route=167 E/S=75/92 rescue=0 empty=0 hall=0/0 FG/HBG/EBG=40/0/1536 grad=72.76
[E36] batch=030/250 pseudo=4 loss=6.9460 sfseg=6.8471 seg=0.4677 mard=2.0423 λM=0.0000 DURR(dir/res/hall)=0.9885/0.0000/0.0000 λD=1.000 route=387 E/S=71/316 rescue=0 empty=0 hall=0/0 FG/HBG/EBG=32/0/1536 grad=38.25
[E36] batch=040/250 pseudo=4 loss=4.0423 sfseg=3.9426 seg=0.2879 mard=2.0498 λM=0.0000 DURR(dir/res/hall)=0.9972/0.0000/0.0000 λD=1.000 route=404 E/S=29/375 rescue=0 empty=0 hall=0/0 FG/HBG/EBG=32/0/1536 grad=28.37
[E36] batch=050/250 pseudo=4 loss=9.8512 sfseg=9.7184 seg=0.5726 mard=2.1095 λM=0.0000 DURR(dir/res/hall)=1.3276/0.0000/0.0000 λD=1.000 route=705 E/S=278/427 rescue=0 empty=0 hall=0/0 FG/HBG/EBG=32/0/1536 grad=53.80
[E36] batch=060/250 pseudo=4 loss=4.1882 sfseg=4.0943 seg=0.3996 mard=2.0698 λM=0.0000 DURR(dir/res/hall)=0.9391/0.0000/0.0000 λD=1.000 route=193 E/S=103/90 rescue=0 empty=0 hall=0/0 FG/HBG/EBG=32/0/1536 grad=26.80
[E36] batch=070/250 pseudo=4 loss=3.8034 sfseg=3.7212 seg=0.1993 mard=2.0428 λM=0.0000 DURR(dir/res/hall)=0.8227/0.0000/0.0000 λD=1.000 route=467 E/S=198/269 rescue=0 empty=0 hall=0/0 FG/HBG/EBG=32/0/1536 grad=26.12
[E36] batch=080/250 pseudo=4 loss=17.3389 sfseg=17.2436 seg=0.6691 mard=2.0812 λM=0.0000 DURR(dir/res/hall)=0.8768/0.0379/0.0000 λD=1.000 route=159 E/S=102/57 rescue=1 empty=0 hall=0/0 FG/HBG/EBG=32/0/1536 grad=51.46
[E36] batch=090/250 pseudo=4 loss=5.5350 sfseg=5.4278 seg=0.4018 mard=2.0255 λM=0.0000 DURR(dir/res/hall)=1.0714/0.0000/0.0000 λD=1.000 route=489 E/S=151/338 rescue=0 empty=0 hall=0/0 FG/HBG/EBG=32/0/1536 grad=27.67
[E36] batch=100/250 pseudo=4 loss=8.5193 sfseg=8.4146 seg=0.7089 mard=2.0266 λM=0.0000 DURR(dir/res/hall)=1.0471/0.0000/0.0000 λD=1.000 route=733 E/S=174/559 rescue=0 empty=0 hall=0/0 FG/HBG/EBG=32/0/1536 grad=46.02
[E36] batch=110/250 pseudo=4 loss=5.6949 sfseg=5.5167 seg=0.3588 mard=2.0072 λM=0.0000 DURR(dir/res/hall)=1.5693/0.1062/0.0000 λD=1.000 route=53 E/S=26/27 rescue=2 empty=0 hall=0/0 FG/HBG/EBG=32/0/1536 grad=34.30
[E36] batch=120/250 pseudo=4 loss=3.0262 sfseg=2.9453 seg=0.2086 mard=2.0656 λM=0.0000 DURR(dir/res/hall)=0.8095/0.0000/0.0000 λD=1.000 route=118 E/S=50/68 rescue=0 empty=0 hall=0/0 FG/HBG/EBG=32/0/1536 grad=18.99
[E36] batch=130/250 pseudo=5 loss=4.0016 sfseg=3.8586 seg=0.2795 mard=2.0125 λM=0.0000 DURR(dir/res/hall)=1.4299/0.0000/0.0000 λD=1.000 route=124 E/S=84/40 rescue=0 empty=0 hall=0/0 FG/HBG/EBG=40/0/1536 grad=29.26
[E36] batch=140/250 pseudo=5 loss=5.2458 sfseg=5.1541 seg=0.4137 mard=2.0483 λM=0.0000 DURR(dir/res/hall)=0.9169/0.0000/0.0000 λD=1.000 route=139 E/S=39/100 rescue=0 empty=0 hall=0/0 FG/HBG/EBG=40/0/1536 grad=44.26
[E36] batch=150/250 pseudo=3 loss=15.9705 sfseg=15.8876 seg=0.6934 mard=2.0073 λM=0.0000 DURR(dir/res/hall)=0.8295/0.0000/0.0000 λD=1.000 route=194 E/S=0/194 rescue=0 empty=1 hall=0/0 FG/HBG/EBG=24/0/1152 grad=105.85
[E36] batch=160/250 pseudo=4 loss=19.5593 sfseg=19.4255 seg=2.0603 mard=2.0488 λM=0.0000 DURR(dir/res/hall)=1.3382/0.0000/0.0000 λD=1.000 route=477 E/S=152/325 rescue=0 empty=0 hall=0/0 FG/HBG/EBG=32/0/1536 grad=107.62
[E36] batch=170/250 pseudo=4 loss=4.9271 sfseg=4.8499 seg=0.3391 mard=2.0380 λM=0.0000 DURR(dir/res/hall)=0.7722/0.0000/0.0000 λD=1.000 route=242 E/S=110/132 rescue=0 empty=0 hall=0/0 FG/HBG/EBG=32/0/1536 grad=49.10
[E36] batch=180/250 pseudo=7 loss=6.9926 sfseg=6.8956 seg=0.3936 mard=2.0256 λM=0.0000 DURR(dir/res/hall)=0.9704/0.0000/0.0000 λD=1.000 route=284 E/S=91/193 rescue=0 empty=0 hall=0/0 FG/HBG/EBG=56/0/1536 grad=20.87
[E36] batch=190/250 pseudo=4 loss=5.9993 sfseg=5.8691 seg=0.3181 mard=2.0240 λM=0.0000 DURR(dir/res/hall)=1.3021/0.0000/0.0000 λD=1.000 route=262 E/S=101/161 rescue=0 empty=0 hall=0/0 FG/HBG/EBG=32/0/1536 grad=40.23
[E36] batch=200/250 pseudo=4 loss=6.7094 sfseg=6.6047 seg=0.6689 mard=2.0300 λM=0.0000 DURR(dir/res/hall)=1.0471/0.0000/0.0005 λD=1.000 route=551 E/S=104/447 rescue=0 empty=1 hall=1/0 FG/HBG/EBG=32/0/1152 grad=33.50
[E36] batch=210/250 pseudo=3 loss=7.8739 sfseg=7.7766 seg=0.9289 mard=2.1155 λM=0.0000 DURR(dir/res/hall)=0.9733/0.0000/0.0000 λD=1.000 route=270 E/S=165/105 rescue=0 empty=1 hall=0/0 FG/HBG/EBG=24/0/1152 grad=77.86
[E36] batch=220/250 pseudo=5 loss=7.5176 sfseg=7.4093 seg=0.6663 mard=2.0524 λM=0.0000 DURR(dir/res/hall)=1.0834/0.0000/0.0000 λD=1.000 route=691 E/S=246/445 rescue=0 empty=0 hall=0/0 FG/HBG/EBG=40/0/1536 grad=37.47
[E36] batch=230/250 pseudo=4 loss=4.4818 sfseg=4.3476 seg=0.3976 mard=2.0707 λM=0.0000 DURR(dir/res/hall)=1.3418/0.0000/0.0000 λD=1.000 route=311 E/S=34/277 rescue=0 empty=0 hall=0/0 FG/HBG/EBG=32/0/1536 grad=33.76
[E36] batch=240/250 pseudo=3 loss=3.7164 sfseg=3.5704 seg=0.3333 mard=2.0173 λM=0.0000 DURR(dir/res/hall)=1.4594/0.0000/0.0000 λD=1.000 route=330 E/S=31/299 rescue=0 empty=1 hall=0/0 FG/HBG/EBG=24/0/1152 grad=25.15
[E36] batch=250/250 pseudo=4 loss=2.9369 sfseg=2.7927 seg=0.1451 mard=2.0339 λM=0.0000 DURR(dir/res/hall)=1.4421/0.0000/0.0000 λD=1.000 route=96 E/S=48/48 rescue=0 empty=0 hall=0/0 FG/HBG/EBG=32/0/1536 grad=26.73

[Epoch 36] DONE time=66.7s valid=250 skipped=0 pseudo=1029 anchors=989 mask_extra=40 reject_rel=16 DURRmatch=958/4646 rescue=14 teacher_empty=45 hall=18/6733 loss=7.2114 sfseg=7.0639 mard=2.0364 dir=1.2121 res=0.0113 hallL=0.2400 route E/S=26361/49757
[E37] batch=001/250 pseudo=4 loss=9.0610 sfseg=8.9145 seg=0.6410 mard=2.0522 λM=0.0000 DURR(dir/res/hall)=1.4653/0.0000/0.0000 λD=1.000 route=608 E/S=209/399 rescue=0 empty=0 hall=0/0 FG/HBG/EBG=32/0/1536 grad=70.90
[E37] batch=010/250 pseudo=6 loss=5.1391 sfseg=4.9849 seg=0.3857 mard=1.9933 λM=0.0000 DURR(dir/res/hall)=1.5422/0.0000/0.0000 λD=1.000 route=219 E/S=89/130 rescue=0 empty=0 hall=0/0 FG/HBG/EBG=48/0/1536 grad=36.21
[E37] batch=020/250 pseudo=5 loss=5.9340 sfseg=5.7679 seg=0.3052 mard=2.0087 λM=0.0000 DURR(dir/res/hall)=1.6609/0.0000/0.0000 λD=1.000 route=136 E/S=24/112 rescue=0 empty=0 hall=0/0 FG/HBG/EBG=40/0/1536 grad=84.41
[E37] batch=030/250 pseudo=4 loss=8.8302 sfseg=8.6885 seg=0.5502 mard=2.0122 λM=0.0000 DURR(dir/res/hall)=1.4165/0.0000/0.0000 λD=1.000 route=463 E/S=222/241 rescue=0 empty=0 hall=0/0 FG/HBG/EBG=32/0/1536 grad=43.66
[E37] batch=040/250 pseudo=4 loss=5.9218 sfseg=5.8112 seg=0.4338 mard=2.0024 λM=0.0000 DURR(dir/res/hall)=1.1055/0.0000/0.0000 λD=1.000 route=351 E/S=225/126 rescue=0 empty=0 hall=0/0 FG/HBG/EBG=32/0/1536 grad=24.71
[E37] batch=050/250 pseudo=4 loss=4.0827 sfseg=3.9769 seg=0.3788 mard=2.0060 λM=0.0000 DURR(dir/res/hall)=1.0580/0.0000/0.0000 λD=1.000 route=219 E/S=41/178 rescue=0 empty=0 hall=0/0 FG/HBG/EBG=32/0/1536 grad=29.11
[E37] batch=060/250 pseudo=5 loss=5.9816 sfseg=5.8728 seg=0.5090 mard=2.0935 λM=0.0000 DURR(dir/res/hall)=1.0876/0.0000/0.0000 λD=1.000 route=134 E/S=27/107 rescue=0 empty=0 hall=0/0 FG/HBG/EBG=40/0/1536 grad=54.80
[E37] batch=070/250 pseudo=4 loss=11.0804 sfseg=10.9667 seg=0.9458 mard=2.0963 λM=0.0000 DURR(dir/res/hall)=1.1369/0.0000/0.0000 λD=1.000 route=559 E/S=75/484 rescue=0 empty=0 hall=0/0 FG/HBG/EBG=32/0/1536 grad=52.24
[E37] batch=080/250 pseudo=3 loss=4.4089 sfseg=4.2964 seg=0.3678 mard=2.0466 λM=0.0000 DURR(dir/res/hall)=1.1247/0.0000/0.0000 λD=1.000 route=330 E/S=264/66 rescue=0 empty=1 hall=0/0 FG/HBG/EBG=24/0/1152 grad=21.28
[E37] batch=090/250 pseudo=5 loss=7.6751 sfseg=7.5874 seg=0.4478 mard=2.0096 λM=0.0000 DURR(dir/res/hall)=0.8763/0.0000/0.0000 λD=1.000 route=344 E/S=165/179 rescue=0 empty=0 hall=0/0 FG/HBG/EBG=40/0/1536 grad=30.41
[E37] batch=100/250 pseudo=4 loss=25.7766 sfseg=25.3591 seg=3.2076 mard=2.0892 λM=0.0000 DURR(dir/res/hall)=4.1757/0.0000/0.0000 λD=1.000 route=367 E/S=302/65 rescue=0 empty=0 hall=0/0 FG/HBG/EBG=32/0/1536 grad=148.93
[E37] batch=110/250 pseudo=5 loss=10.8802 sfseg=10.7558 seg=0.7463 mard=2.0485 λM=0.0000 DURR(dir/res/hall)=1.2436/0.0000/0.0000 λD=1.000 route=508 E/S=104/404 rescue=0 empty=0 hall=0/0 FG/HBG/EBG=40/0/1536 grad=57.96
[E37] batch=120/250 pseudo=2 loss=2.6316 sfseg=2.0427 seg=0.4759 mard=2.0045 λM=0.0000 DURR(dir/res/hall)=1.7911/0.0000/4.0977 λD=1.000 route=118 E/S=16/102 rescue=0 empty=2 hall=2/621 FG/HBG/EBG=16/0/768 grad=21.05
[E37] batch=130/250 pseudo=5 loss=4.0289 sfseg=3.9282 seg=0.2789 mard=2.0124 λM=0.0000 DURR(dir/res/hall)=1.0076/0.0000/0.0000 λD=1.000 route=321 E/S=29/292 rescue=0 empty=0 hall=0/0 FG/HBG/EBG=40/0/1536 grad=33.72
[E37] batch=140/250 pseudo=4 loss=14.4635 sfseg=14.3581 seg=0.8859 mard=2.0428 λM=0.0000 DURR(dir/res/hall)=1.0535/0.0000/0.0000 λD=1.000 route=504 E/S=114/390 rescue=0 empty=0 hall=0/0 FG/HBG/EBG=32/0/1536 grad=58.54
[E37] batch=150/250 pseudo=5 loss=9.2115 sfseg=9.0938 seg=0.5311 mard=2.0699 λM=0.0000 DURR(dir/res/hall)=1.1774/0.0000/0.0000 λD=1.000 route=418 E/S=135/283 rescue=0 empty=0 hall=0/0 FG/HBG/EBG=40/0/1536 grad=34.41
[E37] batch=160/250 pseudo=4 loss=8.6201 sfseg=8.4796 seg=0.7455 mard=2.0092 λM=0.0000 DURR(dir/res/hall)=1.4048/0.0000/0.0000 λD=1.000 route=222 E/S=161/61 rescue=0 empty=0 hall=0/0 FG/HBG/EBG=32/0/1536 grad=37.15
[E37] batch=170/250 pseudo=5 loss=5.6219 sfseg=5.4948 seg=0.4415 mard=2.0080 λM=0.0000 DURR(dir/res/hall)=1.2709/0.0000/0.0000 λD=1.000 route=572 E/S=29/543 rescue=0 empty=0 hall=0/0 FG/HBG/EBG=40/0/1536 grad=27.86
[E37] batch=180/250 pseudo=4 loss=8.5532 sfseg=8.4531 seg=0.5813 mard=2.0306 λM=0.0000 DURR(dir/res/hall)=1.0007/0.0000/0.0000 λD=1.000 route=361 E/S=143/218 rescue=0 empty=0 hall=0/0 FG/HBG/EBG=32/0/1536 grad=42.54
[E37] batch=190/250 pseudo=3 loss=13.6044 sfseg=13.1482 seg=0.8371 mard=2.0403 λM=0.0000 DURR(dir/res/hall)=1.0789/0.0000/3.4825 λD=1.000 route=163 E/S=120/43 rescue=0 empty=1 hall=1/741 FG/HBG/EBG=24/0/1152 grad=55.03
[E37] batch=200/250 pseudo=4 loss=6.1038 sfseg=5.9151 seg=0.3209 mard=2.0442 λM=0.0000 DURR(dir/res/hall)=1.8875/0.0000/0.0000 λD=1.000 route=543 E/S=124/419 rescue=0 empty=0 hall=0/0 FG/HBG/EBG=32/0/1536 grad=34.18
[E37] batch=210/250 pseudo=3 loss=7.2771 sfseg=7.0857 seg=0.7667 mard=1.9885 λM=0.0000 DURR(dir/res/hall)=1.9131/0.0000/0.0000 λD=1.000 route=109 E/S=63/46 rescue=0 empty=1 hall=0/0 FG/HBG/EBG=24/0/1152 grad=60.86
[E37] batch=220/250 pseudo=2 loss=6.6950 sfseg=6.5222 seg=0.4720 mard=1.9940 λM=0.0000 DURR(dir/res/hall)=1.7281/0.0000/0.0000 λD=1.000 route=406 E/S=109/297 rescue=0 empty=2 hall=0/0 FG/HBG/EBG=16/0/768 grad=27.00
[E37] batch=230/250 pseudo=3 loss=10.7766 sfseg=10.6097 seg=1.0127 mard=2.0289 λM=0.0000 DURR(dir/res/hall)=1.6687/0.0000/0.0000 λD=1.000 route=420 E/S=286/134 rescue=0 empty=1 hall=0/0 FG/HBG/EBG=24/0/1152 grad=138.72
[E37] batch=240/250 pseudo=4 loss=3.3362 sfseg=3.2624 seg=0.2784 mard=2.0710 λM=0.0000 DURR(dir/res/hall)=0.7375/0.0000/0.0000 λD=1.000 route=227 E/S=115/112 rescue=0 empty=0 hall=0/0 FG/HBG/EBG=32/0/1536 grad=24.72
[E37] batch=250/250 pseudo=4 loss=4.6812 sfseg=4.5960 seg=0.2807 mard=2.0212 λM=0.0000 DURR(dir/res/hall)=0.8516/0.0000/0.0000 λD=1.000 route=216 E/S=19/197 rescue=0 empty=0 hall=0/0 FG/HBG/EBG=32/0/1536 grad=69.10

[Epoch 37] DONE time=66.3s valid=250 skipped=0 pseudo=1030 anchors=982 mask_extra=48 reject_rel=17 DURRmatch=951/4601 rescue=15 teacher_empty=52 hall=19/6392 loss=7.0969 sfseg=6.9446 mard=2.0353 dir=1.2298 res=0.0282 hallL=0.2373 route E/S=25422/50403
[E38] batch=001/250 pseudo=2 loss=5.1121 sfseg=4.4746 seg=0.6286 mard=2.0403 λM=0.0000 DURR(dir/res/hall)=1.1656/0.0000/5.2097 λD=1.000 route=186 E/S=34/152 rescue=0 empty=2 hall=1/306 FG/HBG/EBG=16/0/768 grad=72.38
[E38] batch=010/250 pseudo=4 loss=3.8690 sfseg=3.7732 seg=0.4294 mard=2.0829 λM=0.0000 DURR(dir/res/hall)=0.9582/0.0000/0.0000 λD=1.000 route=165 E/S=41/124 rescue=0 empty=1 hall=0/0 FG/HBG/EBG=32/0/1152 grad=35.11
[E38] batch=020/250 pseudo=4 loss=5.8319 sfseg=5.7401 seg=0.4349 mard=2.0245 λM=0.0000 DURR(dir/res/hall)=0.9181/0.0000/0.0000 λD=1.000 route=225 E/S=27/198 rescue=0 empty=0 hall=0/0 FG/HBG/EBG=32/0/1536 grad=48.93
[E38] batch=030/250 pseudo=4 loss=9.3548 sfseg=9.2532 seg=0.8206 mard=2.0271 λM=0.0000 DURR(dir/res/hall)=1.0151/0.0000/0.0000 λD=1.000 route=512 E/S=414/98 rescue=0 empty=0 hall=0/0 FG/HBG/EBG=32/0/1536 grad=45.70
[E38] batch=040/250 pseudo=4 loss=5.3276 sfseg=5.2393 seg=0.3345 mard=2.0643 λM=0.0000 DURR(dir/res/hall)=0.8823/0.0000/0.0000 λD=1.000 route=270 E/S=122/148 rescue=0 empty=0 hall=0/0 FG/HBG/EBG=32/0/1536 grad=40.27
[E38] batch=050/250 pseudo=4 loss=7.1632 sfseg=7.0491 seg=0.4178 mard=2.0398 λM=0.0000 DURR(dir/res/hall)=1.1406/0.0000/0.0000 λD=1.000 route=297 E/S=88/209 rescue=0 empty=0 hall=0/0 FG/HBG/EBG=32/0/1536 grad=45.64
[E38] batch=060/250 pseudo=4 loss=6.5157 sfseg=6.4082 seg=0.4869 mard=2.0743 λM=0.0000 DURR(dir/res/hall)=0.9134/0.0807/0.0000 λD=1.000 route=517 E/S=62/455 rescue=1 empty=0 hall=0/0 FG/HBG/EBG=32/0/1536 grad=26.13
[E38] batch=070/250 pseudo=4 loss=5.9157 sfseg=5.8401 seg=0.4960 mard=2.0351 λM=0.0000 DURR(dir/res/hall)=0.7555/0.0000/0.0000 λD=1.000 route=293 E/S=170/123 rescue=0 empty=0 hall=0/0 FG/HBG/EBG=32/0/1536 grad=34.82
[E38] batch=080/250 pseudo=6 loss=4.4940 sfseg=4.3526 seg=0.3641 mard=2.0383 λM=0.0000 DURR(dir/res/hall)=1.4132/0.0000/0.0000 λD=1.000 route=372 E/S=82/290 rescue=0 empty=0 hall=0/0 FG/HBG/EBG=48/0/1536 grad=19.97
[E38] batch=090/250 pseudo=4 loss=6.1289 sfseg=5.9976 seg=0.5035 mard=2.0308 λM=0.0000 DURR(dir/res/hall)=1.3127/0.0000/0.0000 λD=1.000 route=117 E/S=82/35 rescue=0 empty=0 hall=0/0 FG/HBG/EBG=32/0/1536 grad=51.67
[E38] batch=100/250 pseudo=4 loss=5.4095 sfseg=5.2827 seg=0.5693 mard=2.0912 λM=0.0000 DURR(dir/res/hall)=1.2686/0.0000/0.0000 λD=1.000 route=120 E/S=41/79 rescue=0 empty=0 hall=0/0 FG/HBG/EBG=32/0/1536 grad=63.61
[E38] batch=110/250 pseudo=3 loss=6.9216 sfseg=6.7198 seg=0.4396 mard=2.1005 λM=0.0000 DURR(dir/res/hall)=2.0171/0.0000/0.0003 λD=1.000 route=346 E/S=120/226 rescue=0 empty=1 hall=1/0 FG/HBG/EBG=24/0/1152 grad=57.81
[E38] batch=120/250 pseudo=3 loss=7.3683 sfseg=7.2277 seg=0.7852 mard=1.9908 λM=0.0000 DURR(dir/res/hall)=1.4064/0.0000/0.0000 λD=1.000 route=381 E/S=237/144 rescue=0 empty=1 hall=0/0 FG/HBG/EBG=24/0/1152 grad=27.22
[E38] batch=130/250 pseudo=4 loss=4.7311 sfseg=4.6346 seg=0.3029 mard=2.0485 λM=0.0000 DURR(dir/res/hall)=0.9646/0.0000/0.0000 λD=1.000 route=221 E/S=116/105 rescue=0 empty=0 hall=0/0 FG/HBG/EBG=32/0/1536 grad=25.49
[E38] batch=140/250 pseudo=3 loss=3.7769 sfseg=3.7078 seg=0.2309 mard=2.1088 λM=0.0000 DURR(dir/res/hall)=0.6915/0.0000/0.0000 λD=1.000 route=337 E/S=78/259 rescue=0 empty=1 hall=0/0 FG/HBG/EBG=24/0/1152 grad=80.94
[E38] batch=150/250 pseudo=4 loss=2.7320 sfseg=2.6450 seg=0.2663 mard=2.0837 λM=0.0000 DURR(dir/res/hall)=0.8705/0.0000/0.0000 λD=1.000 route=223 E/S=31/192 rescue=0 empty=0 hall=0/0 FG/HBG/EBG=32/0/1536 grad=26.66
[E38] batch=160/250 pseudo=3 loss=3.7418 sfseg=3.2792 seg=0.3731 mard=2.0562 λM=0.0000 DURR(dir/res/hall)=0.8216/0.0000/3.8040 λD=1.000 route=270 E/S=17/253 rescue=0 empty=1 hall=1/632 FG/HBG/EBG=24/0/1152 grad=40.18
[E38] batch=170/250 pseudo=5 loss=13.7990 sfseg=13.6307 seg=0.3909 mard=2.0066 λM=0.0000 DURR(dir/res/hall)=1.6838/0.0000/0.0000 λD=1.000 route=506 E/S=153/353 rescue=0 empty=0 hall=0/0 FG/HBG/EBG=40/0/1536 grad=123.61
[E38] batch=180/250 pseudo=4 loss=6.4962 sfseg=6.4116 seg=0.5582 mard=2.0325 λM=0.0000 DURR(dir/res/hall)=0.8460/0.0000/0.0000 λD=1.000 route=372 E/S=30/342 rescue=0 empty=0 hall=0/0 FG/HBG/EBG=32/0/1536 grad=55.30
[E38] batch=190/250 pseudo=4 loss=4.1896 sfseg=4.0771 seg=0.2493 mard=2.0823 λM=0.0000 DURR(dir/res/hall)=1.1255/0.0000/0.0000 λD=1.000 route=253 E/S=63/190 rescue=0 empty=0 hall=0/0 FG/HBG/EBG=32/0/1536 grad=49.45
[E38] batch=200/250 pseudo=5 loss=4.9106 sfseg=4.7811 seg=0.4186 mard=2.0276 λM=0.0000 DURR(dir/res/hall)=1.2953/0.0000/0.0000 λD=1.000 route=249 E/S=53/196 rescue=0 empty=0 hall=0/0 FG/HBG/EBG=40/0/1536 grad=37.52
[E38] batch=210/250 pseudo=4 loss=11.0283 sfseg=10.8833 seg=0.5331 mard=2.0934 λM=0.0000 DURR(dir/res/hall)=1.4502/0.0000/0.0000 λD=1.000 route=186 E/S=20/166 rescue=0 empty=0 hall=0/0 FG/HBG/EBG=32/0/1536 grad=86.66
[E38] batch=220/250 pseudo=4 loss=8.0778 sfseg=7.9237 seg=0.3479 mard=2.0030 λM=0.0000 DURR(dir/res/hall)=1.5414/0.0000/0.0000 λD=1.000 route=305 E/S=100/205 rescue=0 empty=0 hall=0/0 FG/HBG/EBG=32/0/1536 grad=34.32
[E38] batch=230/250 pseudo=3 loss=8.2837 sfseg=7.6851 seg=0.8041 mard=2.0312 λM=0.0000 DURR(dir/res/hall)=1.5544/0.0000/4.4318 λD=1.000 route=554 E/S=241/313 rescue=0 empty=1 hall=1/809 FG/HBG/EBG=24/0/1152 grad=38.70
[E38] batch=240/250 pseudo=4 loss=3.1497 sfseg=3.0612 seg=0.2583 mard=2.0636 λM=0.0000 DURR(dir/res/hall)=0.8848/0.0000/0.0000 λD=1.000 route=270 E/S=74/196 rescue=0 empty=0 hall=0/0 FG/HBG/EBG=32/0/1536 grad=28.25
[E38] batch=250/250 pseudo=4 loss=4.1601 sfseg=4.0492 seg=0.3312 mard=2.0146 λM=0.0000 DURR(dir/res/hall)=1.1089/0.0000/0.0000 λD=1.000 route=222 E/S=106/116 rescue=0 empty=0 hall=0/0 FG/HBG/EBG=32/0/1536 grad=28.30

[Epoch 38] DONE time=66.7s valid=250 skipped=0 pseudo=1031 anchors=989 mask_extra=42 reject_rel=19 DURRmatch=961/4653 rescue=13 teacher_empty=47 hall=19/3533 loss=6.8988 sfseg=6.7605 mard=2.0410 dir=1.1834 res=0.0181 hallL=0.1633 route E/S=25640/50750
[E39] batch=001/250 pseudo=4 loss=7.6675 sfseg=7.5042 seg=0.7620 mard=2.0065 λM=0.0000 DURR(dir/res/hall)=1.6326/0.0000/0.0000 λD=1.000 route=515 E/S=239/276 rescue=0 empty=0 hall=0/0 FG/HBG/EBG=32/0/1536 grad=52.82
[E39] batch=010/250 pseudo=4 loss=6.6031 sfseg=6.4545 seg=0.6316 mard=2.0209 λM=0.0000 DURR(dir/res/hall)=1.4859/0.0000/0.0000 λD=1.000 route=392 E/S=197/195 rescue=0 empty=1 hall=0/0 FG/HBG/EBG=32/0/1152 grad=62.83
[E39] batch=020/250 pseudo=5 loss=6.1730 sfseg=6.0596 seg=0.5423 mard=2.0936 λM=0.0000 DURR(dir/res/hall)=1.1337/0.0000/0.0000 λD=1.000 route=316 E/S=178/138 rescue=0 empty=0 hall=0/0 FG/HBG/EBG=40/0/1536 grad=24.43
[E39] batch=030/250 pseudo=5 loss=6.3499 sfseg=6.2302 seg=0.5789 mard=2.0490 λM=0.0000 DURR(dir/res/hall)=1.1980/0.0000/0.0000 λD=1.000 route=235 E/S=49/186 rescue=0 empty=0 hall=0/0 FG/HBG/EBG=40/0/1536 grad=34.36
[E39] batch=040/250 pseudo=4 loss=4.2768 sfseg=4.1949 seg=0.4335 mard=2.0817 λM=0.0000 DURR(dir/res/hall)=0.8190/0.0000/0.0000 λD=1.000 route=270 E/S=61/209 rescue=0 empty=0 hall=0/0 FG/HBG/EBG=32/0/1536 grad=29.75
[E39] batch=050/250 pseudo=4 loss=5.0403 sfseg=4.7832 seg=0.2331 mard=2.0862 λM=0.0000 DURR(dir/res/hall)=2.5702/0.0000/0.0000 λD=1.000 route=135 E/S=87/48 rescue=0 empty=0 hall=0/0 FG/HBG/EBG=32/0/1536 grad=57.53
[E39] batch=060/250 pseudo=4 loss=4.3244 sfseg=4.1517 seg=0.2853 mard=2.0077 λM=0.0000 DURR(dir/res/hall)=1.7270/0.0000/0.0000 λD=1.000 route=191 E/S=20/171 rescue=0 empty=0 hall=0/0 FG/HBG/EBG=32/0/1536 grad=25.23
[E39] batch=070/250 pseudo=5 loss=9.3112 sfseg=9.1686 seg=0.4532 mard=2.0437 λM=0.0000 DURR(dir/res/hall)=1.4258/0.0000/0.0000 λD=1.000 route=352 E/S=193/159 rescue=0 empty=0 hall=0/0 FG/HBG/EBG=40/0/1536 grad=59.61
[E39] batch=080/250 pseudo=4 loss=3.6211 sfseg=3.5383 seg=0.2403 mard=2.0471 λM=0.0000 DURR(dir/res/hall)=0.8286/0.0000/0.0000 λD=1.000 route=158 E/S=90/68 rescue=0 empty=0 hall=0/0 FG/HBG/EBG=32/0/1536 grad=25.01
[E39] batch=090/250 pseudo=3 loss=3.1354 sfseg=2.6325 seg=0.2311 mard=2.0376 λM=0.0000 DURR(dir/res/hall)=1.0420/0.0000/3.9875 λD=1.000 route=103 E/S=50/53 rescue=0 empty=1 hall=1/1100 FG/HBG/EBG=24/0/1152 grad=23.94
[E39] batch=100/250 pseudo=6 loss=10.7843 sfseg=10.6996 seg=0.7156 mard=2.0027 λM=0.0000 DURR(dir/res/hall)=0.8465/0.0000/0.0000 λD=1.000 route=222 E/S=25/197 rescue=0 empty=0 hall=0/0 FG/HBG/EBG=48/0/1536 grad=193.78
[E39] batch=110/250 pseudo=4 loss=10.6733 sfseg=10.5597 seg=0.7123 mard=2.0002 λM=0.0000 DURR(dir/res/hall)=1.1362/0.0000/0.0000 λD=1.000 route=280 E/S=177/103 rescue=0 empty=0 hall=0/0 FG/HBG/EBG=32/0/1536 grad=58.88
[E39] batch=120/250 pseudo=4 loss=15.4224 sfseg=15.2136 seg=0.7899 mard=2.0602 λM=0.0000 DURR(dir/res/hall)=2.0879/0.0000/0.0000 λD=1.000 route=430 E/S=75/355 rescue=0 empty=0 hall=0/0 FG/HBG/EBG=32/0/1536 grad=52.38
[E39] batch=130/250 pseudo=4 loss=3.6723 sfseg=3.5652 seg=0.2956 mard=2.0885 λM=0.0000 DURR(dir/res/hall)=1.0710/0.0000/0.0000 λD=1.000 route=196 E/S=107/89 rescue=0 empty=0 hall=0/0 FG/HBG/EBG=32/0/1536 grad=26.22
[E39] batch=140/250 pseudo=4 loss=8.9123 sfseg=8.8038 seg=0.8218 mard=2.0296 λM=0.0000 DURR(dir/res/hall)=1.0851/0.0000/0.0000 λD=1.000 route=262 E/S=167/95 rescue=0 empty=0 hall=0/0 FG/HBG/EBG=32/0/1536 grad=46.96
[E39] batch=150/250 pseudo=5 loss=10.3290 sfseg=10.1438 seg=0.4096 mard=2.0187 λM=0.0000 DURR(dir/res/hall)=1.8515/0.0000/0.0000 λD=1.000 route=407 E/S=129/278 rescue=0 empty=0 hall=0/0 FG/HBG/EBG=40/0/1536 grad=68.25
[E39] batch=160/250 pseudo=3 loss=4.2915 sfseg=3.6899 seg=0.4502 mard=2.0821 λM=0.0000 DURR(dir/res/hall)=1.5192/0.0000/4.4973 λD=1.000 route=320 E/S=123/197 rescue=0 empty=1 hall=1/671 FG/HBG/EBG=24/0/1152 grad=25.91
[E39] batch=170/250 pseudo=3 loss=6.9600 sfseg=6.3720 seg=0.8016 mard=2.0401 λM=0.0000 DURR(dir/res/hall)=1.1245/0.0000/4.7553 λD=1.000 route=192 E/S=44/148 rescue=0 empty=1 hall=1/663 FG/HBG/EBG=24/0/1152 grad=34.36
[E39] batch=180/250 pseudo=4 loss=4.8413 sfseg=4.3836 seg=0.4128 mard=2.0015 λM=0.0000 DURR(dir/res/hall)=0.7471/0.0000/3.8299 λD=1.000 route=267 E/S=77/190 rescue=0 empty=1 hall=1/246 FG/HBG/EBG=32/0/1152 grad=45.31
[E39] batch=190/250 pseudo=3 loss=7.1994 sfseg=6.6266 seg=0.5976 mard=2.0093 λM=0.0000 DURR(dir/res/hall)=2.0572/0.0000/3.6711 λD=1.000 route=255 E/S=123/132 rescue=0 empty=1 hall=1/847 FG/HBG/EBG=24/0/1152 grad=29.34
[E39] batch=200/250 pseudo=4 loss=4.2044 sfseg=4.0988 seg=0.2314 mard=2.0169 λM=0.0000 DURR(dir/res/hall)=1.0558/0.0000/0.0000 λD=1.000 route=205 E/S=93/112 rescue=0 empty=0 hall=0/0 FG/HBG/EBG=32/0/1536 grad=37.27
[E39] batch=210/250 pseudo=4 loss=9.4965 sfseg=9.3647 seg=0.9076 mard=1.9718 λM=0.0000 DURR(dir/res/hall)=1.3178/0.0000/0.0000 λD=1.000 route=460 E/S=72/388 rescue=0 empty=0 hall=0/0 FG/HBG/EBG=32/0/1536 grad=66.38
[E39] batch=220/250 pseudo=4 loss=5.2062 sfseg=5.1255 seg=0.3865 mard=2.0216 λM=0.0000 DURR(dir/res/hall)=0.8064/0.0000/0.0000 λD=1.000 route=202 E/S=43/159 rescue=0 empty=0 hall=0/0 FG/HBG/EBG=32/0/1536 grad=34.86
[E39] batch=230/250 pseudo=4 loss=6.0231 sfseg=5.9273 seg=0.7443 mard=2.0578 λM=0.0000 DURR(dir/res/hall)=0.9573/0.0000/0.0000 λD=1.000 route=233 E/S=68/165 rescue=0 empty=0 hall=0/0 FG/HBG/EBG=32/0/1536 grad=68.63
[E39] batch=240/250 pseudo=4 loss=4.8122 sfseg=4.7440 seg=0.3947 mard=2.0195 λM=0.0000 DURR(dir/res/hall)=0.6819/0.0000/0.0000 λD=1.000 route=197 E/S=109/88 rescue=0 empty=0 hall=0/0 FG/HBG/EBG=32/0/1536 grad=50.01
[E39] batch=250/250 pseudo=4 loss=5.5662 sfseg=5.4233 seg=0.4291 mard=2.0504 λM=0.0000 DURR(dir/res/hall)=1.4289/0.0000/0.0000 λD=1.000 route=335 E/S=177/158 rescue=0 empty=0 hall=0/0 FG/HBG/EBG=32/0/1536 grad=30.05

[Epoch 39] DONE time=66.6s valid=250 skipped=0 pseudo=1024 anchors=984 mask_extra=40 reject_rel=25 DURRmatch=958/4639 rescue=11 teacher_empty=53 hall=22/7406 loss=6.6849 sfseg=6.5410 mard=2.0356 dir=1.2057 res=0.0075 hallL=0.2178 route E/S=25206/49964
[E40] batch=001/250 pseudo=5 loss=9.5688 sfseg=9.4721 seg=0.4876 mard=2.0631 λM=0.0000 DURR(dir/res/hall)=0.9673/0.0000/0.0000 λD=1.000 route=519 E/S=201/318 rescue=0 empty=0 hall=0/0 FG/HBG/EBG=40/0/1536 grad=101.44
[E40] batch=010/250 pseudo=3 loss=3.0285 sfseg=2.5307 seg=0.2401 mard=2.0250 λM=0.0000 DURR(dir/res/hall)=0.9192/0.0000/4.0590 λD=1.000 route=199 E/S=128/71 rescue=0 empty=1 hall=1/669 FG/HBG/EBG=24/0/1152 grad=24.45
[E40] batch=020/250 pseudo=7 loss=5.7592 sfseg=5.6840 seg=0.5343 mard=1.9890 λM=0.0000 DURR(dir/res/hall)=0.7522/0.0000/0.0000 λD=1.000 route=239 E/S=94/145 rescue=0 empty=0 hall=0/0 FG/HBG/EBG=56/0/1536 grad=23.61
[E40] batch=030/250 pseudo=4 loss=4.9644 sfseg=4.8686 seg=0.3955 mard=2.0522 λM=0.0000 DURR(dir/res/hall)=0.9575/0.0000/0.0000 λD=1.000 route=275 E/S=74/201 rescue=0 empty=0 hall=0/0 FG/HBG/EBG=32/0/1536 grad=46.72
[E40] batch=040/250 pseudo=4 loss=7.6661 sfseg=7.4772 seg=0.3066 mard=2.0628 λM=0.0000 DURR(dir/res/hall)=1.8884/0.0000/0.0000 λD=1.000 route=316 E/S=133/183 rescue=0 empty=0 hall=0/0 FG/HBG/EBG=32/0/1536 grad=41.26
[E40] batch=050/250 pseudo=6 loss=11.4661 sfseg=11.3511 seg=0.8417 mard=2.0178 λM=0.0000 DURR(dir/res/hall)=1.1505/0.0000/0.0000 λD=1.000 route=505 E/S=301/204 rescue=0 empty=0 hall=0/0 FG/HBG/EBG=48/0/1536 grad=119.18
[E40] batch=060/250 pseudo=4 loss=6.3103 sfseg=6.2492 seg=0.4273 mard=1.9993 λM=0.0000 DURR(dir/res/hall)=0.6114/0.0000/0.0000 λD=1.000 route=215 E/S=4/211 rescue=0 empty=0 hall=0/0 FG/HBG/EBG=32/0/1536 grad=31.27
[E40] batch=070/250 pseudo=3 loss=9.1231 sfseg=8.9732 seg=0.7066 mard=1.9958 λM=0.0000 DURR(dir/res/hall)=1.4991/0.0000/0.0000 λD=1.000 route=550 E/S=184/366 rescue=0 empty=1 hall=0/0 FG/HBG/EBG=24/0/1152 grad=65.35
[E40] batch=080/250 pseudo=5 loss=6.4935 sfseg=6.4054 seg=0.4931 mard=2.0090 λM=0.0000 DURR(dir/res/hall)=0.8805/0.0000/0.0000 λD=1.000 route=511 E/S=81/430 rescue=0 empty=0 hall=0/0 FG/HBG/EBG=40/0/1536 grad=41.66
[E40] batch=090/250 pseudo=5 loss=9.7560 sfseg=9.5561 seg=0.8133 mard=2.0469 λM=0.0000 DURR(dir/res/hall)=1.9982/0.0000/0.0000 λD=1.000 route=565 E/S=41/524 rescue=0 empty=0 hall=0/0 FG/HBG/EBG=40/0/1536 grad=63.38
[E40] batch=100/250 pseudo=5 loss=5.2342 sfseg=5.1234 seg=0.3524 mard=2.0415 λM=0.0000 DURR(dir/res/hall)=1.1072/0.0000/0.0000 λD=1.000 route=337 E/S=109/228 rescue=0 empty=0 hall=0/0 FG/HBG/EBG=40/0/1536 grad=26.12
[E40] batch=110/250 pseudo=4 loss=8.5833 sfseg=8.4515 seg=0.3534 mard=2.0129 λM=0.0000 DURR(dir/res/hall)=1.3173/0.0000/0.0000 λD=1.000 route=100 E/S=46/54 rescue=0 empty=0 hall=0/0 FG/HBG/EBG=32/0/1536 grad=34.87
[E40] batch=120/250 pseudo=4 loss=14.1493 sfseg=14.1098 seg=1.4984 mard=2.0372 λM=0.0000 DURR(dir/res/hall)=0.3943/0.0000/0.0000 λD=1.000 route=192 E/S=114/78 rescue=0 empty=0 hall=0/0 FG/HBG/EBG=32/0/1536 grad=133.54
[E40] batch=130/250 pseudo=3 loss=5.8427 sfseg=5.7113 seg=0.7170 mard=2.0054 λM=0.0000 DURR(dir/res/hall)=1.3139/0.0000/0.0000 λD=1.000 route=295 E/S=74/221 rescue=0 empty=1 hall=0/0 FG/HBG/EBG=24/0/1152 grad=28.71
[E40] batch=140/250 pseudo=4 loss=6.0719 sfseg=5.8523 seg=0.5136 mard=2.0446 λM=0.0000 DURR(dir/res/hall)=2.1966/0.0000/0.0000 λD=1.000 route=205 E/S=146/59 rescue=0 empty=0 hall=0/0 FG/HBG/EBG=32/0/1536 grad=26.28
[E40] batch=150/250 pseudo=3 loss=2.4542 sfseg=2.2952 seg=0.2399 mard=2.0712 λM=0.0000 DURR(dir/res/hall)=1.5894/0.0000/0.0000 λD=1.000 route=137 E/S=94/43 rescue=0 empty=1 hall=0/0 FG/HBG/EBG=24/0/1152 grad=20.16
[E40] batch=160/250 pseudo=4 loss=7.8057 sfseg=7.6641 seg=0.5669 mard=2.0247 λM=0.0000 DURR(dir/res/hall)=1.1512/0.1325/0.0000 λD=1.000 route=222 E/S=147/75 rescue=1 empty=0 hall=0/0 FG/HBG/EBG=32/0/1536 grad=32.62
[E40] batch=170/250 pseudo=4 loss=8.0947 sfseg=7.9745 seg=0.5464 mard=2.0215 λM=0.0000 DURR(dir/res/hall)=1.2021/0.0000/0.0000 λD=1.000 route=659 E/S=70/589 rescue=0 empty=0 hall=0/0 FG/HBG/EBG=32/0/1536 grad=32.51
[E40] batch=180/250 pseudo=4 loss=9.7264 sfseg=9.6355 seg=0.3572 mard=2.0215 λM=0.0000 DURR(dir/res/hall)=0.9085/0.0000/0.0000 λD=1.000 route=540 E/S=196/344 rescue=0 empty=0 hall=0/0 FG/HBG/EBG=32/0/1536 grad=69.76
[E40] batch=190/250 pseudo=3 loss=11.0224 sfseg=10.9007 seg=0.7364 mard=2.0590 λM=0.0000 DURR(dir/res/hall)=1.2160/0.0000/0.0003 λD=1.000 route=541 E/S=96/445 rescue=0 empty=1 hall=1/0 FG/HBG/EBG=24/0/1152 grad=45.04
[E40] batch=200/250 pseudo=3 loss=5.8640 sfseg=5.2302 seg=0.7916 mard=2.0544 λM=0.0000 DURR(dir/res/hall)=1.8534/0.0000/4.4850 λD=1.000 route=108 E/S=14/94 rescue=0 empty=1 hall=1/755 FG/HBG/EBG=24/0/1152 grad=29.66
[E40] batch=210/250 pseudo=5 loss=10.0840 sfseg=9.9920 seg=0.3389 mard=2.0246 λM=0.0000 DURR(dir/res/hall)=0.9201/0.0000/0.0000 λD=1.000 route=170 E/S=77/93 rescue=0 empty=0 hall=0/0 FG/HBG/EBG=40/0/1536 grad=111.23
[E40] batch=220/250 pseudo=4 loss=4.6075 sfseg=4.5095 seg=0.4121 mard=2.0366 λM=0.0000 DURR(dir/res/hall)=0.9798/0.0000/0.0000 λD=1.000 route=182 E/S=74/108 rescue=0 empty=0 hall=0/0 FG/HBG/EBG=32/0/1536 grad=25.80
[E40] batch=230/250 pseudo=4 loss=11.9561 sfseg=11.8504 seg=1.3687 mard=2.0258 λM=0.0000 DURR(dir/res/hall)=1.0569/0.0000/0.0000 λD=1.000 route=506 E/S=58/448 rescue=0 empty=0 hall=0/0 FG/HBG/EBG=32/0/1536 grad=179.33
[E40] batch=240/250 pseudo=4 loss=3.8265 sfseg=3.6870 seg=0.2111 mard=2.0348 λM=0.0000 DURR(dir/res/hall)=1.3956/0.0000/0.0000 λD=1.000 route=233 E/S=88/145 rescue=0 empty=0 hall=0/0 FG/HBG/EBG=32/0/1536 grad=19.57
[E40] batch=250/250 pseudo=4 loss=10.6686 sfseg=10.5435 seg=0.9178 mard=2.0302 λM=0.0000 DURR(dir/res/hall)=1.2518/0.0000/0.0000 λD=1.000 route=567 E/S=70/497 rescue=0 empty=0 hall=0/0 FG/HBG/EBG=32/0/1536 grad=53.18

[Epoch 40] DONE time=66.4s valid=250 skipped=0 pseudo=1024 anchors=978 mask_extra=46 reject_rel=22 DURRmatch=947/4583 rescue=15 teacher_empty=44 hall=20/5446 loss=6.8130 sfseg=6.6703 mard=2.0382 dir=1.1906 res=0.0162 hallL=0.2035 route E/S=24883/48698
[SAVE Student] /home/dang/MedRT-SFOD/runs/seg/ablation/c2k_maskdhf_durr_v1_60ep/checkpoints/durr_student_epoch_40.pt
[SAVE Teacher] /home/dang/MedRT-SFOD/runs/seg/ablation/c2k_maskdhf_durr_v1_60ep/checkpoints/durr_teacher_ema_epoch_40.pt
[E41] batch=001/250 pseudo=4 loss=11.9749 sfseg=11.8412 seg=0.9496 mard=2.0633 λM=0.0000 DURR(dir/res/hall)=1.3366/0.0000/0.0000 λD=1.000 route=352 E/S=149/203 rescue=0 empty=0 hall=0/0 FG/HBG/EBG=32/0/1536 grad=63.96
[E41] batch=010/250 pseudo=4 loss=3.6838 sfseg=3.5689 seg=0.2365 mard=2.0339 λM=0.0000 DURR(dir/res/hall)=1.1493/0.0000/0.0000 λD=1.000 route=452 E/S=123/329 rescue=0 empty=0 hall=0/0 FG/HBG/EBG=32/0/1536 grad=30.95
[E41] batch=020/250 pseudo=4 loss=8.0562 sfseg=7.9289 seg=0.7681 mard=2.0696 λM=0.0000 DURR(dir/res/hall)=1.2730/0.0000/0.0000 λD=1.000 route=283 E/S=149/134 rescue=0 empty=0 hall=0/0 FG/HBG/EBG=32/0/1536 grad=66.90
[E41] batch=030/250 pseudo=3 loss=9.9601 sfseg=9.8088 seg=0.7965 mard=2.0266 λM=0.0000 DURR(dir/res/hall)=1.5123/0.0000/0.0000 λD=1.000 route=192 E/S=119/73 rescue=0 empty=1 hall=0/0 FG/HBG/EBG=24/0/1152 grad=130.31
[E41] batch=040/250 pseudo=3 loss=3.1119 sfseg=3.0461 seg=0.2800 mard=2.0325 λM=0.0000 DURR(dir/res/hall)=0.6581/0.0000/0.0000 λD=1.000 route=96 E/S=62/34 rescue=0 empty=1 hall=0/0 FG/HBG/EBG=24/0/1152 grad=21.45
[E41] batch=050/250 pseudo=4 loss=4.3435 sfseg=4.2160 seg=0.2283 mard=2.0583 λM=0.0000 DURR(dir/res/hall)=1.2754/0.0000/0.0000 λD=1.000 route=166 E/S=84/82 rescue=0 empty=0 hall=0/0 FG/HBG/EBG=32/0/1536 grad=31.40
[E41] batch=060/250 pseudo=4 loss=5.1502 sfseg=5.0465 seg=0.3527 mard=2.0296 λM=0.0000 DURR(dir/res/hall)=1.0365/0.0000/0.0000 λD=1.000 route=233 E/S=87/146 rescue=0 empty=0 hall=0/0 FG/HBG/EBG=32/0/1536 grad=61.61
[E41] batch=070/250 pseudo=5 loss=6.8533 sfseg=6.7385 seg=0.7277 mard=2.0196 λM=0.0000 DURR(dir/res/hall)=1.1480/0.0000/0.0000 λD=1.000 route=325 E/S=65/260 rescue=0 empty=0 hall=0/0 FG/HBG/EBG=40/0/1536 grad=39.75
[E41] batch=080/250 pseudo=4 loss=9.9321 sfseg=9.8272 seg=0.8242 mard=2.0687 λM=0.0000 DURR(dir/res/hall)=1.0490/0.0000/0.0000 λD=1.000 route=893 E/S=256/637 rescue=0 empty=0 hall=0/0 FG/HBG/EBG=32/0/1536 grad=54.43
[E41] batch=090/250 pseudo=4 loss=6.8496 sfseg=6.7557 seg=0.6073 mard=2.0443 λM=0.0000 DURR(dir/res/hall)=0.9384/0.0000/0.0000 λD=1.000 route=197 E/S=147/50 rescue=0 empty=1 hall=0/0 FG/HBG/EBG=32/0/1152 grad=43.95
[E41] batch=100/250 pseudo=4 loss=5.1312 sfseg=5.0142 seg=0.3431 mard=2.0722 λM=0.0000 DURR(dir/res/hall)=1.1695/0.0000/0.0000 λD=1.000 route=258 E/S=51/207 rescue=0 empty=0 hall=0/0 FG/HBG/EBG=32/0/1536 grad=27.68
[E41] batch=110/250 pseudo=5 loss=11.4598 sfseg=11.3441 seg=0.5408 mard=2.0228 λM=0.0000 DURR(dir/res/hall)=1.1561/0.0000/0.0000 λD=1.000 route=265 E/S=191/74 rescue=0 empty=0 hall=0/0 FG/HBG/EBG=40/0/1536 grad=60.14
[E41] batch=120/250 pseudo=3 loss=2.7899 sfseg=2.6830 seg=0.2892 mard=2.0387 λM=0.0000 DURR(dir/res/hall)=1.0692/0.0000/0.0000 λD=1.000 route=114 E/S=42/72 rescue=0 empty=1 hall=0/0 FG/HBG/EBG=24/0/1152 grad=19.55
[E41] batch=130/250 pseudo=3 loss=7.3230 sfseg=6.7056 seg=0.3281 mard=2.0240 λM=0.0000 DURR(dir/res/hall)=1.1436/0.0000/5.0301 λD=1.000 route=438 E/S=163/275 rescue=0 empty=1 hall=1/467 FG/HBG/EBG=24/0/1152 grad=67.14
[E41] batch=140/250 pseudo=4 loss=15.0199 sfseg=14.9324 seg=1.0850 mard=2.0170 λM=0.0000 DURR(dir/res/hall)=0.8750/0.0000/0.0000 λD=1.000 route=343 E/S=45/298 rescue=0 empty=0 hall=0/0 FG/HBG/EBG=32/0/1536 grad=186.92
[E41] batch=150/250 pseudo=4 loss=2.5325 sfseg=2.4346 seg=0.2028 mard=2.0321 λM=0.0000 DURR(dir/res/hall)=0.9790/0.0000/0.0000 λD=1.000 route=169 E/S=37/132 rescue=0 empty=0 hall=0/0 FG/HBG/EBG=32/0/1536 grad=18.63
[E41] batch=160/250 pseudo=4 loss=2.5726 sfseg=2.4881 seg=0.1716 mard=2.0728 λM=0.0000 DURR(dir/res/hall)=0.8445/0.0000/0.0000 λD=1.000 route=167 E/S=83/84 rescue=0 empty=0 hall=0/0 FG/HBG/EBG=32/0/1536 grad=38.12
[E41] batch=170/250 pseudo=4 loss=3.1846 sfseg=3.0961 seg=0.2527 mard=2.0404 λM=0.0000 DURR(dir/res/hall)=0.8852/0.0000/0.0000 λD=1.000 route=386 E/S=78/308 rescue=0 empty=0 hall=0/0 FG/HBG/EBG=32/0/1536 grad=25.57
[E41] batch=180/250 pseudo=4 loss=6.3776 sfseg=6.2897 seg=0.6052 mard=2.0335 λM=0.0000 DURR(dir/res/hall)=0.8790/0.0000/0.0000 λD=1.000 route=265 E/S=120/145 rescue=0 empty=0 hall=0/0 FG/HBG/EBG=32/0/1536 grad=57.90
[E41] batch=190/250 pseudo=5 loss=5.9612 sfseg=5.8744 seg=0.4090 mard=2.0661 λM=0.0000 DURR(dir/res/hall)=0.8681/0.0000/0.0000 λD=1.000 route=147 E/S=14/133 rescue=0 empty=0 hall=0/0 FG/HBG/EBG=40/0/1536 grad=24.51
[E41] batch=200/250 pseudo=3 loss=4.8260 sfseg=4.6960 seg=0.5690 mard=2.0695 λM=0.0000 DURR(dir/res/hall)=1.3005/0.0000/0.0000 λD=1.000 route=186 E/S=43/143 rescue=0 empty=1 hall=0/0 FG/HBG/EBG=24/0/1152 grad=38.71
[E41] batch=210/250 pseudo=5 loss=6.5983 sfseg=6.4207 seg=0.4195 mard=2.0966 λM=0.0000 DURR(dir/res/hall)=1.7758/0.0000/0.0000 λD=1.000 route=502 E/S=149/353 rescue=0 empty=0 hall=0/0 FG/HBG/EBG=40/0/1536 grad=28.90
[E41] batch=220/250 pseudo=5 loss=7.6088 sfseg=7.5541 seg=0.7641 mard=2.0304 λM=0.0000 DURR(dir/res/hall)=0.5472/0.0000/0.0000 λD=1.000 route=177 E/S=69/108 rescue=0 empty=0 hall=0/0 FG/HBG/EBG=40/0/1536 grad=58.85
[E41] batch=230/250 pseudo=3 loss=6.3253 sfseg=6.2154 seg=1.1288 mard=2.0887 λM=0.0000 DURR(dir/res/hall)=0.8091/0.1435/0.0023 λD=1.000 route=86 E/S=51/35 rescue=1 empty=1 hall=1/0 FG/HBG/EBG=24/0/1152 grad=28.07
[E41] batch=240/250 pseudo=4 loss=7.0199 sfseg=6.9318 seg=0.4265 mard=2.0451 λM=0.0000 DURR(dir/res/hall)=0.8808/0.0000/0.0000 λD=1.000 route=336 E/S=157/179 rescue=0 empty=0 hall=0/0 FG/HBG/EBG=32/0/1536 grad=28.50
[E41] batch=250/250 pseudo=4 loss=5.6606 sfseg=5.5558 seg=0.4891 mard=2.0133 λM=0.0000 DURR(dir/res/hall)=1.0186/0.0144/0.0000 λD=1.000 route=188 E/S=96/92 rescue=1 empty=0 hall=0/0 FG/HBG/EBG=32/0/1536 grad=35.83

[Epoch 41] DONE time=66.7s valid=250 skipped=0 pseudo=1022 anchors=979 mask_extra=43 reject_rel=22 DURRmatch=951/4633 rescue=14 teacher_empty=53 hall=20/5667 loss=6.9415 sfseg=6.8021 mard=2.0385 dir=1.1765 res=0.0073 hallL=0.2029 route E/S=25530/47880
[E42] batch=001/250 pseudo=4 loss=3.8013 sfseg=3.6898 seg=0.2507 mard=2.0387 λM=0.0000 DURR(dir/res/hall)=1.1142/0.0000/0.0000 λD=1.000 route=213 E/S=88/125 rescue=0 empty=0 hall=0/0 FG/HBG/EBG=32/0/1536 grad=26.40
[E42] batch=010/250 pseudo=3 loss=4.0516 sfseg=3.9014 seg=0.4169 mard=2.0032 λM=0.0000 DURR(dir/res/hall)=1.5026/0.0000/0.0000 λD=1.000 route=166 E/S=63/103 rescue=0 empty=1 hall=0/0 FG/HBG/EBG=24/0/1152 grad=59.54
[E42] batch=020/250 pseudo=5 loss=11.1705 sfseg=11.0323 seg=0.4709 mard=2.0096 λM=0.0000 DURR(dir/res/hall)=1.3816/0.0000/0.0000 λD=1.000 route=514 E/S=206/308 rescue=0 empty=0 hall=0/0 FG/HBG/EBG=40/0/1536 grad=90.21
[E42] batch=030/250 pseudo=4 loss=19.1113 sfseg=19.0405 seg=0.6486 mard=2.0566 λM=0.0000 DURR(dir/res/hall)=0.7078/0.0000/0.0000 λD=1.000 route=396 E/S=126/270 rescue=0 empty=0 hall=0/0 FG/HBG/EBG=32/0/1536 grad=99.17
[E42] batch=040/250 pseudo=3 loss=7.9564 sfseg=7.8673 seg=0.9418 mard=2.0531 λM=0.0000 DURR(dir/res/hall)=0.8904/0.0000/0.0000 λD=1.000 route=482 E/S=185/297 rescue=0 empty=1 hall=0/0 FG/HBG/EBG=24/0/1152 grad=44.43
[E42] batch=050/250 pseudo=4 loss=3.5860 sfseg=3.4673 seg=0.3316 mard=2.0414 λM=0.0000 DURR(dir/res/hall)=1.1867/0.0000/0.0000 λD=1.000 route=192 E/S=79/113 rescue=0 empty=0 hall=0/0 FG/HBG/EBG=32/0/1536 grad=23.60
[E42] batch=060/250 pseudo=4 loss=8.8761 sfseg=8.7291 seg=0.2815 mard=2.0285 λM=0.0000 DURR(dir/res/hall)=1.4698/0.0000/0.0000 λD=1.000 route=440 E/S=359/81 rescue=0 empty=0 hall=0/0 FG/HBG/EBG=32/0/1536 grad=44.24
[E42] batch=070/250 pseudo=4 loss=13.0496 sfseg=12.9579 seg=0.9429 mard=2.0446 λM=0.0000 DURR(dir/res/hall)=0.9170/0.0000/0.0000 λD=1.000 route=169 E/S=59/110 rescue=0 empty=0 hall=0/0 FG/HBG/EBG=32/0/1536 grad=55.93
[E42] batch=080/250 pseudo=4 loss=6.8314 sfseg=6.6257 seg=0.6692 mard=2.0731 λM=0.0000 DURR(dir/res/hall)=2.0570/0.0000/0.0000 λD=1.000 route=385 E/S=41/344 rescue=0 empty=0 hall=0/0 FG/HBG/EBG=32/0/1536 grad=25.74
[E42] batch=090/250 pseudo=3 loss=10.5327 sfseg=10.0792 seg=0.6343 mard=2.0538 λM=0.0000 DURR(dir/res/hall)=0.9043/0.0000/3.6302 λD=1.000 route=441 E/S=18/423 rescue=0 empty=1 hall=1/1129 FG/HBG/EBG=24/0/1152 grad=65.88
[E42] batch=100/250 pseudo=6 loss=23.2603 sfseg=23.1178 seg=0.8531 mard=2.0133 λM=0.0000 DURR(dir/res/hall)=1.4253/0.0000/0.0000 λD=1.000 route=736 E/S=358/378 rescue=0 empty=0 hall=0/0 FG/HBG/EBG=48/0/1536 grad=49.75
[E42] batch=110/250 pseudo=4 loss=4.3479 sfseg=4.2207 seg=0.4375 mard=2.0301 λM=0.0000 DURR(dir/res/hall)=1.2714/0.0000/0.0000 λD=1.000 route=469 E/S=90/379 rescue=0 empty=0 hall=0/0 FG/HBG/EBG=32/0/1536 grad=25.88
[E42] batch=120/250 pseudo=4 loss=16.6374 sfseg=16.5138 seg=1.1837 mard=2.0467 λM=0.0000 DURR(dir/res/hall)=1.2354/0.0000/0.0000 λD=1.000 route=61 E/S=6/55 rescue=0 empty=0 hall=0/0 FG/HBG/EBG=32/0/1536 grad=73.16
[E42] batch=130/250 pseudo=5 loss=7.7234 sfseg=7.5856 seg=0.4161 mard=2.0122 λM=0.0000 DURR(dir/res/hall)=1.3780/0.0000/0.0000 λD=1.000 route=379 E/S=73/306 rescue=0 empty=0 hall=0/0 FG/HBG/EBG=40/0/1536 grad=35.49
[E42] batch=140/250 pseudo=3 loss=2.3194 sfseg=2.2060 seg=0.2074 mard=1.9942 λM=0.0000 DURR(dir/res/hall)=1.1337/0.0000/0.0003 λD=1.000 route=183 E/S=60/123 rescue=0 empty=1 hall=1/0 FG/HBG/EBG=24/0/1152 grad=18.28
[E42] batch=150/250 pseudo=4 loss=2.9063 sfseg=2.8096 seg=0.1465 mard=2.0194 λM=0.0000 DURR(dir/res/hall)=0.9672/0.0000/0.0000 λD=1.000 route=236 E/S=92/144 rescue=0 empty=0 hall=0/0 FG/HBG/EBG=32/0/1536 grad=31.26
[E42] batch=160/250 pseudo=4 loss=2.9153 sfseg=2.8300 seg=0.2322 mard=2.0249 λM=0.0000 DURR(dir/res/hall)=0.8527/0.0000/0.0000 λD=1.000 route=228 E/S=82/146 rescue=0 empty=0 hall=0/0 FG/HBG/EBG=32/0/1536 grad=26.54
[E42] batch=170/250 pseudo=4 loss=14.3584 sfseg=14.2259 seg=0.5316 mard=2.0332 λM=0.0000 DURR(dir/res/hall)=1.3254/0.0000/0.0000 λD=1.000 route=520 E/S=230/290 rescue=0 empty=0 hall=0/0 FG/HBG/EBG=32/0/1536 grad=76.09
[E42] batch=180/250 pseudo=4 loss=15.1545 sfseg=14.9441 seg=0.7836 mard=2.0605 λM=0.0000 DURR(dir/res/hall)=2.1035/0.0000/0.0000 λD=1.000 route=416 E/S=59/357 rescue=0 empty=0 hall=0/0 FG/HBG/EBG=32/0/1536 grad=121.80
[E42] batch=190/250 pseudo=4 loss=7.0436 sfseg=6.9367 seg=0.6588 mard=2.0758 λM=0.0000 DURR(dir/res/hall)=1.0690/0.0000/0.0000 λD=1.000 route=212 E/S=36/176 rescue=0 empty=0 hall=0/0 FG/HBG/EBG=32/0/1536 grad=43.37
[E42] batch=200/250 pseudo=6 loss=8.1384 sfseg=8.0070 seg=0.2606 mard=2.0307 λM=0.0000 DURR(dir/res/hall)=1.3142/0.0000/0.0000 λD=1.000 route=377 E/S=139/238 rescue=0 empty=0 hall=0/0 FG/HBG/EBG=48/0/1536 grad=30.08
[E42] batch=210/250 pseudo=4 loss=6.4159 sfseg=6.2925 seg=0.5103 mard=2.0221 λM=0.0000 DURR(dir/res/hall)=1.2344/0.0000/0.0000 λD=1.000 route=450 E/S=78/372 rescue=0 empty=0 hall=0/0 FG/HBG/EBG=32/0/1536 grad=26.90
[E42] batch=220/250 pseudo=4 loss=6.6206 sfseg=6.4459 seg=0.5656 mard=2.0400 λM=0.0000 DURR(dir/res/hall)=1.7476/0.0000/0.0000 λD=1.000 route=380 E/S=94/286 rescue=0 empty=0 hall=0/0 FG/HBG/EBG=32/0/1536 grad=37.48
[E42] batch=230/250 pseudo=4 loss=13.8019 sfseg=13.6863 seg=1.4408 mard=2.0196 λM=0.0000 DURR(dir/res/hall)=1.1560/0.0000/0.0000 λD=1.000 route=648 E/S=218/430 rescue=0 empty=0 hall=0/0 FG/HBG/EBG=32/0/1536 grad=60.72
[E42] batch=240/250 pseudo=4 loss=6.6156 sfseg=6.4429 seg=0.5057 mard=1.9762 λM=0.0000 DURR(dir/res/hall)=1.7272/0.0000/0.0000 λD=1.000 route=418 E/S=201/217 rescue=0 empty=0 hall=0/0 FG/HBG/EBG=32/0/1536 grad=25.98
[E42] batch=250/250 pseudo=4 loss=5.4580 sfseg=5.3573 seg=0.3353 mard=2.0381 λM=0.0000 DURR(dir/res/hall)=1.0073/0.0000/0.0000 λD=1.000 route=189 E/S=68/121 rescue=0 empty=0 hall=0/0 FG/HBG/EBG=32/0/1536 grad=26.87

[Epoch 42] DONE time=66.7s valid=250 skipped=0 pseudo=1039 anchors=1001 mask_extra=38 reject_rel=19 DURRmatch=975/4702 rescue=13 teacher_empty=48 hall=17/5107 loss=6.9919 sfseg=6.8558 mard=2.0385 dir=1.1883 res=0.0085 hallL=0.1557 route E/S=26198/48437
[E43] batch=001/250 pseudo=4 loss=5.5007 sfseg=5.4302 seg=0.3872 mard=2.0780 λM=0.0000 DURR(dir/res/hall)=0.7044/0.0000/0.0000 λD=1.000 route=410 E/S=99/311 rescue=0 empty=0 hall=0/0 FG/HBG/EBG=32/0/1536 grad=37.03
[E43] batch=010/250 pseudo=4 loss=4.0908 sfseg=4.0048 seg=0.4308 mard=2.0725 λM=0.0000 DURR(dir/res/hall)=0.8593/0.0000/0.0000 λD=1.000 route=320 E/S=54/266 rescue=0 empty=0 hall=0/0 FG/HBG/EBG=32/0/1536 grad=27.26
[E43] batch=020/250 pseudo=4 loss=1.9466 sfseg=1.8792 seg=0.1816 mard=2.0242 λM=0.0000 DURR(dir/res/hall)=0.6740/0.0000/0.0000 λD=1.000 route=113 E/S=28/85 rescue=0 empty=0 hall=0/0 FG/HBG/EBG=32/0/1536 grad=21.59
[E43] batch=030/250 pseudo=4 loss=7.1804 sfseg=7.0613 seg=0.3298 mard=2.0150 λM=0.0000 DURR(dir/res/hall)=1.1905/0.0000/0.0000 λD=1.000 route=128 E/S=38/90 rescue=0 empty=0 hall=0/0 FG/HBG/EBG=32/0/1536 grad=71.96
[E43] batch=040/250 pseudo=4 loss=2.9778 sfseg=2.8936 seg=0.2808 mard=2.0339 λM=0.0000 DURR(dir/res/hall)=0.8414/0.0000/0.0000 λD=1.000 route=353 E/S=150/203 rescue=0 empty=1 hall=0/0 FG/HBG/EBG=32/0/1152 grad=22.20
[E43] batch=050/250 pseudo=4 loss=5.0587 sfseg=4.9338 seg=0.4555 mard=2.0333 λM=0.0000 DURR(dir/res/hall)=1.2493/0.0000/0.0000 λD=1.000 route=421 E/S=85/336 rescue=0 empty=0 hall=0/0 FG/HBG/EBG=32/0/1536 grad=30.15
[E43] batch=060/250 pseudo=4 loss=4.7124 sfseg=4.6346 seg=0.3996 mard=2.0249 λM=0.0000 DURR(dir/res/hall)=0.7782/0.0000/0.0000 λD=1.000 route=286 E/S=89/197 rescue=0 empty=0 hall=0/0 FG/HBG/EBG=32/0/1536 grad=38.85
[E43] batch=070/250 pseudo=2 loss=4.5876 sfseg=4.1007 seg=0.3295 mard=2.0224 λM=0.0000 DURR(dir/res/hall)=1.6961/0.0000/3.1730 λD=1.000 route=127 E/S=75/52 rescue=0 empty=2 hall=1/13 FG/HBG/EBG=16/0/768 grad=52.61
[E43] batch=080/250 pseudo=3 loss=3.1231 sfseg=2.5461 seg=0.2824 mard=2.1241 λM=0.0000 DURR(dir/res/hall)=1.0566/0.0000/4.7128 λD=1.000 route=224 E/S=90/134 rescue=0 empty=1 hall=1/649 FG/HBG/EBG=24/0/1152 grad=20.36
[E43] batch=090/250 pseudo=4 loss=7.6590 sfseg=7.4905 seg=0.4725 mard=2.0101 λM=0.0000 DURR(dir/res/hall)=1.6851/0.0000/0.0000 λD=1.000 route=503 E/S=195/308 rescue=0 empty=0 hall=0/0 FG/HBG/EBG=32/0/1536 grad=40.81
[E43] batch=100/250 pseudo=5 loss=6.8467 sfseg=6.7647 seg=0.6282 mard=2.0185 λM=0.0000 DURR(dir/res/hall)=0.8206/0.0000/0.0000 λD=1.000 route=455 E/S=55/400 rescue=0 empty=0 hall=0/0 FG/HBG/EBG=40/0/1536 grad=31.83
[E43] batch=110/250 pseudo=4 loss=3.8388 sfseg=3.7440 seg=0.3862 mard=2.0338 λM=0.0000 DURR(dir/res/hall)=0.9482/0.0000/0.0000 λD=1.000 route=351 E/S=187/164 rescue=0 empty=0 hall=0/0 FG/HBG/EBG=32/0/1536 grad=37.75
[E43] batch=120/250 pseudo=4 loss=2.9284 sfseg=2.8321 seg=0.2275 mard=2.0549 λM=0.0000 DURR(dir/res/hall)=0.9625/0.0000/0.0000 λD=1.000 route=368 E/S=89/279 rescue=0 empty=0 hall=0/0 FG/HBG/EBG=32/0/1536 grad=25.89
[E43] batch=130/250 pseudo=4 loss=2.6159 sfseg=2.5321 seg=0.2016 mard=2.0310 λM=0.0000 DURR(dir/res/hall)=0.8380/0.0000/0.0000 λD=1.000 route=229 E/S=23/206 rescue=0 empty=0 hall=0/0 FG/HBG/EBG=32/0/1536 grad=21.43
[E43] batch=140/250 pseudo=3 loss=3.7872 sfseg=3.6012 seg=0.2464 mard=2.0481 λM=0.0000 DURR(dir/res/hall)=1.8595/0.0000/0.0002 λD=1.000 route=98 E/S=83/15 rescue=0 empty=1 hall=1/0 FG/HBG/EBG=24/0/1152 grad=35.65
[E43] batch=150/250 pseudo=4 loss=7.5211 sfseg=7.4182 seg=0.2394 mard=2.0696 λM=0.0000 DURR(dir/res/hall)=1.0287/0.0000/0.0000 λD=1.000 route=196 E/S=32/164 rescue=0 empty=0 hall=0/0 FG/HBG/EBG=32/0/1536 grad=57.29
[E43] batch=160/250 pseudo=4 loss=24.4571 sfseg=24.0658 seg=1.9852 mard=2.0426 λM=0.0000 DURR(dir/res/hall)=3.9131/0.0000/0.0000 λD=1.000 route=391 E/S=321/70 rescue=0 empty=0 hall=0/0 FG/HBG/EBG=32/0/1536 grad=182.91
[E43] batch=170/250 pseudo=2 loss=0.8373 sfseg=0.7434 seg=0.1240 mard=2.1030 λM=0.0000 DURR(dir/res/hall)=0.9353/0.0000/0.0039 λD=1.000 route=72 E/S=16/56 rescue=0 empty=2 hall=1/0 FG/HBG/EBG=16/0/768 grad=9.34
[E43] batch=180/250 pseudo=4 loss=7.3880 sfseg=7.2711 seg=0.7894 mard=2.0267 λM=0.0000 DURR(dir/res/hall)=1.1687/0.0000/0.0000 λD=1.000 route=295 E/S=182/113 rescue=0 empty=0 hall=0/0 FG/HBG/EBG=32/0/1536 grad=35.91
[E43] batch=190/250 pseudo=5 loss=7.0747 sfseg=6.9471 seg=0.4217 mard=2.0193 λM=0.0000 DURR(dir/res/hall)=1.2758/0.0000/0.0000 λD=1.000 route=476 E/S=140/336 rescue=0 empty=0 hall=0/0 FG/HBG/EBG=40/0/1536 grad=33.02
[E43] batch=200/250 pseudo=5 loss=3.6243 sfseg=3.4905 seg=0.3220 mard=2.0837 λM=0.0000 DURR(dir/res/hall)=1.3379/0.0000/0.0000 λD=1.000 route=214 E/S=50/164 rescue=0 empty=0 hall=0/0 FG/HBG/EBG=40/0/1536 grad=36.84
[E43] batch=210/250 pseudo=3 loss=16.1358 sfseg=16.0009 seg=1.7083 mard=2.0396 λM=0.0000 DURR(dir/res/hall)=1.3490/0.0000/0.0000 λD=1.000 route=1000 E/S=259/741 rescue=0 empty=1 hall=0/0 FG/HBG/EBG=24/0/1152 grad=46.50
[E43] batch=220/250 pseudo=6 loss=7.9814 sfseg=7.8903 seg=0.4810 mard=2.0534 λM=0.0000 DURR(dir/res/hall)=0.9106/0.0000/0.0000 λD=1.000 route=412 E/S=69/343 rescue=0 empty=0 hall=0/0 FG/HBG/EBG=48/0/1536 grad=37.48
[E43] batch=230/250 pseudo=4 loss=7.0960 sfseg=6.9816 seg=0.7011 mard=2.0364 λM=0.0000 DURR(dir/res/hall)=1.1446/0.0000/0.0000 λD=1.000 route=339 E/S=92/247 rescue=0 empty=0 hall=0/0 FG/HBG/EBG=32/0/1536 grad=60.95
[E43] batch=240/250 pseudo=5 loss=7.5890 sfseg=7.4640 seg=0.6554 mard=1.9930 λM=0.0000 DURR(dir/res/hall)=1.2499/0.0000/0.0000 λD=1.000 route=494 E/S=184/310 rescue=0 empty=0 hall=0/0 FG/HBG/EBG=40/0/1536 grad=24.70
[E43] batch=250/250 pseudo=5 loss=8.3445 sfseg=8.1635 seg=0.5268 mard=2.0562 λM=0.0000 DURR(dir/res/hall)=1.8093/0.0000/0.0000 λD=1.000 route=504 E/S=95/409 rescue=0 empty=0 hall=0/0 FG/HBG/EBG=40/0/1536 grad=42.69

[Epoch 43] DONE time=66.4s valid=250 skipped=0 pseudo=1029 anchors=986 mask_extra=43 reject_rel=16 DURRmatch=960/4637 rescue=13 teacher_empty=45 hall=18/6629 loss=7.0017 sfseg=6.8589 mard=2.0406 dir=1.1758 res=0.0215 hallL=0.2093 route E/S=26891/49265
[E44] batch=001/250 pseudo=4 loss=12.9132 sfseg=12.7903 seg=0.7898 mard=2.0605 λM=0.0000 DURR(dir/res/hall)=1.2289/0.0000/0.0000 λD=1.000 route=116 E/S=66/50 rescue=0 empty=0 hall=0/0 FG/HBG/EBG=32/0/1536 grad=150.89
[E44] batch=010/250 pseudo=4 loss=8.8374 sfseg=8.7092 seg=0.4666 mard=2.0385 λM=0.0000 DURR(dir/res/hall)=1.2816/0.0000/0.0000 λD=1.000 route=522 E/S=73/449 rescue=0 empty=0 hall=0/0 FG/HBG/EBG=32/0/1536 grad=39.05
[E44] batch=020/250 pseudo=4 loss=3.9144 sfseg=3.8182 seg=0.3253 mard=2.0518 λM=0.0000 DURR(dir/res/hall)=0.9624/0.0000/0.0000 λD=1.000 route=190 E/S=115/75 rescue=0 empty=0 hall=0/0 FG/HBG/EBG=32/0/1536 grad=22.10
[E44] batch=030/250 pseudo=3 loss=2.9475 sfseg=2.8690 seg=0.2692 mard=2.0594 λM=0.0000 DURR(dir/res/hall)=0.7843/0.0000/0.0001 λD=1.000 route=225 E/S=59/166 rescue=0 empty=1 hall=1/0 FG/HBG/EBG=24/0/1152 grad=26.00
[E44] batch=040/250 pseudo=4 loss=6.2309 sfseg=6.1433 seg=0.5846 mard=2.0097 λM=0.0000 DURR(dir/res/hall)=0.8764/0.0000/0.0000 λD=1.000 route=566 E/S=186/380 rescue=0 empty=0 hall=0/0 FG/HBG/EBG=32/0/1536 grad=33.20
[E44] batch=050/250 pseudo=4 loss=5.0471 sfseg=4.9702 seg=0.3764 mard=2.0323 λM=0.0000 DURR(dir/res/hall)=0.7691/0.0000/0.0000 λD=1.000 route=215 E/S=60/155 rescue=0 empty=0 hall=0/0 FG/HBG/EBG=32/0/1536 grad=35.86
[E44] batch=060/250 pseudo=4 loss=5.8458 sfseg=5.7159 seg=0.3907 mard=2.0770 λM=0.0000 DURR(dir/res/hall)=1.2986/0.0000/0.0000 λD=1.000 route=391 E/S=296/95 rescue=0 empty=0 hall=0/0 FG/HBG/EBG=32/0/1536 grad=31.00
[E44] batch=070/250 pseudo=5 loss=5.9036 sfseg=5.8200 seg=0.3970 mard=2.0825 λM=0.0000 DURR(dir/res/hall)=0.8359/0.0000/0.0000 λD=1.000 route=278 E/S=123/155 rescue=0 empty=0 hall=0/0 FG/HBG/EBG=40/0/1536 grad=38.31
[E44] batch=080/250 pseudo=4 loss=3.4503 sfseg=3.2689 seg=0.2950 mard=2.0856 λM=0.0000 DURR(dir/res/hall)=1.8144/0.0000/0.0000 λD=1.000 route=169 E/S=64/105 rescue=0 empty=0 hall=0/0 FG/HBG/EBG=32/0/1536 grad=26.36
[E44] batch=090/250 pseudo=4 loss=10.7122 sfseg=10.5575 seg=0.7414 mard=2.0679 λM=0.0000 DURR(dir/res/hall)=1.5471/0.0000/0.0000 λD=1.000 route=736 E/S=147/589 rescue=0 empty=0 hall=0/0 FG/HBG/EBG=32/0/1536 grad=36.46
[E44] batch=100/250 pseudo=4 loss=6.8091 sfseg=6.6853 seg=0.5228 mard=2.0453 λM=0.0000 DURR(dir/res/hall)=1.2382/0.0000/0.0000 λD=1.000 route=395 E/S=104/291 rescue=0 empty=0 hall=0/0 FG/HBG/EBG=32/0/1536 grad=30.30
[E44] batch=110/250 pseudo=4 loss=6.3103 sfseg=6.2185 seg=0.4969 mard=2.0242 λM=0.0000 DURR(dir/res/hall)=0.9179/0.0000/0.0000 λD=1.000 route=346 E/S=225/121 rescue=0 empty=0 hall=0/0 FG/HBG/EBG=32/0/1536 grad=37.64
[E44] batch=120/250 pseudo=4 loss=4.1278 sfseg=3.9477 seg=0.3696 mard=2.0292 λM=0.0000 DURR(dir/res/hall)=1.8007/0.0000/0.0000 λD=1.000 route=184 E/S=108/76 rescue=0 empty=0 hall=0/0 FG/HBG/EBG=32/0/1536 grad=24.50
[E44] batch=130/250 pseudo=3 loss=2.3168 sfseg=1.8613 seg=0.1753 mard=2.0531 λM=0.0000 DURR(dir/res/hall)=1.0470/0.0000/3.5082 λD=1.000 route=75 E/S=0/75 rescue=0 empty=1 hall=1/825 FG/HBG/EBG=24/0/1152 grad=22.47
[E44] batch=140/250 pseudo=2 loss=1.9250 sfseg=1.6098 seg=0.2658 mard=1.9887 λM=0.0000 DURR(dir/res/hall)=1.0733/0.0000/2.0788 λD=1.000 route=57 E/S=0/57 rescue=0 empty=2 hall=1/2 FG/HBG/EBG=16/0/768 grad=67.82
[E44] batch=150/250 pseudo=4 loss=10.0257 sfseg=9.9129 seg=0.6284 mard=2.0309 λM=0.0000 DURR(dir/res/hall)=1.1271/0.0000/0.0000 λD=1.000 route=791 E/S=240/551 rescue=0 empty=0 hall=0/0 FG/HBG/EBG=32/0/1536 grad=43.64
[E44] batch=160/250 pseudo=3 loss=3.2868 sfseg=3.1876 seg=0.3662 mard=2.0119 λM=0.0000 DURR(dir/res/hall)=0.9916/0.0000/0.0000 λD=1.000 route=92 E/S=55/37 rescue=0 empty=1 hall=0/0 FG/HBG/EBG=24/0/1152 grad=21.82
[E44] batch=170/250 pseudo=3 loss=3.5418 sfseg=3.3953 seg=0.4595 mard=2.0727 λM=0.0000 DURR(dir/res/hall)=1.4656/0.0000/0.0000 λD=1.000 route=129 E/S=24/105 rescue=0 empty=1 hall=0/0 FG/HBG/EBG=24/0/1152 grad=36.94
[E44] batch=180/250 pseudo=4 loss=7.8023 sfseg=7.7098 seg=0.3958 mard=2.0097 λM=0.0000 DURR(dir/res/hall)=0.9249/0.0000/0.0000 λD=1.000 route=317 E/S=70/247 rescue=0 empty=0 hall=0/0 FG/HBG/EBG=32/0/1536 grad=108.85
[E44] batch=190/250 pseudo=4 loss=3.4739 sfseg=3.4010 seg=0.2479 mard=2.0773 λM=0.0000 DURR(dir/res/hall)=0.7291/0.0000/0.0000 λD=1.000 route=208 E/S=79/129 rescue=0 empty=0 hall=0/0 FG/HBG/EBG=32/0/1536 grad=25.80
[E44] batch=200/250 pseudo=3 loss=3.1364 sfseg=3.0593 seg=0.3808 mard=2.1218 λM=0.0000 DURR(dir/res/hall)=0.7713/0.0000/0.0000 λD=1.000 route=175 E/S=62/113 rescue=0 empty=1 hall=0/0 FG/HBG/EBG=24/0/1152 grad=25.82
[E44] batch=210/250 pseudo=5 loss=18.0063 sfseg=17.9077 seg=1.5009 mard=2.0808 λM=0.0000 DURR(dir/res/hall)=0.9859/0.0000/0.0000 λD=1.000 route=350 E/S=179/171 rescue=0 empty=0 hall=0/0 FG/HBG/EBG=40/0/1536 grad=66.61
[E44] batch=220/250 pseudo=3 loss=5.8009 sfseg=5.2249 seg=0.9007 mard=2.0287 λM=0.0000 DURR(dir/res/hall)=0.9185/0.0000/4.8419 λD=1.000 route=577 E/S=421/156 rescue=0 empty=1 hall=1/839 FG/HBG/EBG=24/0/1152 grad=22.68
[E44] batch=230/250 pseudo=4 loss=3.9714 sfseg=3.8346 seg=0.4019 mard=2.0756 λM=0.0000 DURR(dir/res/hall)=1.3674/0.0000/0.0000 λD=1.000 route=207 E/S=82/125 rescue=0 empty=0 hall=0/0 FG/HBG/EBG=32/0/1536 grad=28.46
[E44] batch=240/250 pseudo=3 loss=15.3602 sfseg=15.1050 seg=2.3542 mard=2.0282 λM=0.0000 DURR(dir/res/hall)=2.5520/0.0000/0.0000 λD=1.000 route=123 E/S=35/88 rescue=0 empty=1 hall=0/0 FG/HBG/EBG=24/0/1152 grad=203.40
[E44] batch=250/250 pseudo=5 loss=7.5049 sfseg=7.4261 seg=0.4957 mard=2.0584 λM=0.0000 DURR(dir/res/hall)=0.7880/0.0000/0.0000 λD=1.000 route=235 E/S=20/215 rescue=0 empty=0 hall=0/0 FG/HBG/EBG=40/0/1536 grad=35.47

[Epoch 44] DONE time=66.2s valid=250 skipped=0 pseudo=1022 anchors=981 mask_extra=41 reject_rel=23 DURRmatch=950/4617 rescue=15 teacher_empty=54 hall=17/4142 loss=6.7245 sfseg=6.5885 mard=2.0399 dir=1.1844 res=0.0214 hallL=0.1329 route E/S=26296/48614
[E45] batch=001/250 pseudo=2 loss=2.6660 sfseg=2.5723 seg=0.3606 mard=2.1077 λM=0.0000 DURR(dir/res/hall)=0.9374/0.0000/0.0000 λD=1.000 route=231 E/S=75/156 rescue=0 empty=2 hall=0/0 FG/HBG/EBG=16/0/768 grad=17.31
[E45] batch=010/250 pseudo=5 loss=9.0568 sfseg=8.8255 seg=0.7294 mard=2.0425 λM=0.0000 DURR(dir/res/hall)=2.3132/0.0000/0.0000 λD=1.000 route=385 E/S=67/318 rescue=0 empty=0 hall=0/0 FG/HBG/EBG=40/0/1536 grad=37.94
[E45] batch=020/250 pseudo=4 loss=9.5903 sfseg=9.4667 seg=0.5722 mard=2.0159 λM=0.0000 DURR(dir/res/hall)=1.2359/0.0000/0.0000 λD=1.000 route=658 E/S=117/541 rescue=0 empty=0 hall=0/0 FG/HBG/EBG=32/0/1536 grad=39.81
[E45] batch=030/250 pseudo=5 loss=6.9448 sfseg=6.8155 seg=0.4211 mard=2.0115 λM=0.0000 DURR(dir/res/hall)=1.2924/0.0000/0.0000 λD=1.000 route=533 E/S=202/331 rescue=0 empty=0 hall=0/0 FG/HBG/EBG=40/0/1536 grad=31.36
[E45] batch=040/250 pseudo=3 loss=2.8976 sfseg=2.7908 seg=0.2888 mard=2.0456 λM=0.0000 DURR(dir/res/hall)=1.0680/0.0000/0.0000 λD=1.000 route=123 E/S=82/41 rescue=0 empty=1 hall=0/0 FG/HBG/EBG=24/0/1152 grad=24.64
[E45] batch=050/250 pseudo=3 loss=5.5316 sfseg=5.4154 seg=0.3989 mard=2.0165 λM=0.0000 DURR(dir/res/hall)=1.1624/0.0000/0.0000 λD=1.000 route=257 E/S=79/178 rescue=0 empty=1 hall=0/0 FG/HBG/EBG=24/0/1152 grad=28.02
[E45] batch=060/250 pseudo=6 loss=14.2162 sfseg=14.0176 seg=0.9737 mard=2.0270 λM=0.0000 DURR(dir/res/hall)=1.9864/0.0000/0.0000 λD=1.000 route=206 E/S=55/151 rescue=0 empty=0 hall=0/0 FG/HBG/EBG=48/0/1536 grad=52.45
[E45] batch=070/250 pseudo=4 loss=10.7078 sfseg=10.5879 seg=1.2897 mard=2.0455 λM=0.0000 DURR(dir/res/hall)=1.1985/0.0000/0.0000 λD=1.000 route=859 E/S=627/232 rescue=0 empty=1 hall=0/0 FG/HBG/EBG=32/0/1152 grad=81.50
[E45] batch=080/250 pseudo=3 loss=2.8809 sfseg=2.3160 seg=0.2138 mard=2.0126 λM=0.0000 DURR(dir/res/hall)=1.0775/0.0000/4.5716 λD=1.000 route=123 E/S=9/114 rescue=0 empty=1 hall=1/598 FG/HBG/EBG=24/0/1152 grad=29.05
[E45] batch=090/250 pseudo=4 loss=3.6569 sfseg=3.5978 seg=0.3070 mard=2.0784 λM=0.0000 DURR(dir/res/hall)=0.5917/0.0000/0.0000 λD=1.000 route=203 E/S=90/113 rescue=0 empty=0 hall=0/0 FG/HBG/EBG=32/0/1536 grad=27.54
[E45] batch=100/250 pseudo=4 loss=2.7470 sfseg=2.5971 seg=0.1917 mard=2.0261 λM=0.0000 DURR(dir/res/hall)=1.4995/0.0000/0.0000 λD=1.000 route=144 E/S=51/93 rescue=0 empty=0 hall=0/0 FG/HBG/EBG=32/0/1536 grad=22.58
[E45] batch=110/250 pseudo=4 loss=3.1484 sfseg=3.0382 seg=0.3371 mard=2.1033 λM=0.0000 DURR(dir/res/hall)=1.1026/0.0000/0.0000 λD=1.000 route=174 E/S=77/97 rescue=0 empty=0 hall=0/0 FG/HBG/EBG=32/0/1536 grad=26.87
[E45] batch=120/250 pseudo=6 loss=6.4861 sfseg=6.3943 seg=0.3732 mard=2.0318 λM=0.0000 DURR(dir/res/hall)=0.9180/0.0000/0.0000 λD=1.000 route=326 E/S=197/129 rescue=0 empty=0 hall=0/0 FG/HBG/EBG=48/0/1536 grad=32.11
[E45] batch=130/250 pseudo=3 loss=1.8265 sfseg=1.7499 seg=0.1994 mard=2.0608 λM=0.0000 DURR(dir/res/hall)=0.7660/0.0000/0.0000 λD=1.000 route=166 E/S=29/137 rescue=0 empty=1 hall=0/0 FG/HBG/EBG=24/0/1152 grad=23.03
[E45] batch=140/250 pseudo=4 loss=6.7681 sfseg=6.6358 seg=0.4989 mard=2.0449 λM=0.0000 DURR(dir/res/hall)=1.3229/0.0000/0.0000 λD=1.000 route=268 E/S=105/163 rescue=0 empty=0 hall=0/0 FG/HBG/EBG=32/0/1536 grad=57.96
[E45] batch=150/250 pseudo=4 loss=5.6080 sfseg=5.5339 seg=0.3806 mard=2.0991 λM=0.0000 DURR(dir/res/hall)=0.7414/0.0000/0.0000 λD=1.000 route=569 E/S=164/405 rescue=0 empty=0 hall=0/0 FG/HBG/EBG=32/0/1536 grad=35.13
[E45] batch=160/250 pseudo=7 loss=5.4614 sfseg=5.3413 seg=0.3396 mard=2.0102 λM=0.0000 DURR(dir/res/hall)=1.2011/0.0000/0.0000 λD=1.000 route=493 E/S=133/360 rescue=0 empty=0 hall=0/0 FG/HBG/EBG=56/0/1536 grad=20.31
[E45] batch=170/250 pseudo=3 loss=5.1305 sfseg=4.8280 seg=0.4837 mard=2.0733 λM=0.0000 DURR(dir/res/hall)=0.6447/0.0000/2.3807 λD=1.000 route=178 E/S=105/73 rescue=0 empty=1 hall=1/2 FG/HBG/EBG=24/0/1152 grad=35.27
[E45] batch=180/250 pseudo=4 loss=3.6949 sfseg=3.6039 seg=0.2748 mard=2.0683 λM=0.0000 DURR(dir/res/hall)=0.9105/0.0000/0.0000 λD=1.000 route=183 E/S=83/100 rescue=0 empty=0 hall=0/0 FG/HBG/EBG=32/0/1536 grad=30.21
[E45] batch=190/250 pseudo=4 loss=3.5453 sfseg=3.4965 seg=0.3551 mard=2.0752 λM=0.0000 DURR(dir/res/hall)=0.4877/0.0000/0.0000 λD=1.000 route=87 E/S=26/61 rescue=0 empty=0 hall=0/0 FG/HBG/EBG=32/0/1536 grad=30.39
[E45] batch=200/250 pseudo=5 loss=3.3028 sfseg=3.2384 seg=0.2291 mard=2.0666 λM=0.0000 DURR(dir/res/hall)=0.6434/0.0000/0.0000 λD=1.000 route=214 E/S=22/192 rescue=0 empty=0 hall=0/0 FG/HBG/EBG=40/0/1536 grad=22.25
[E45] batch=210/250 pseudo=4 loss=8.2727 sfseg=8.1732 seg=0.4073 mard=2.0066 λM=0.0000 DURR(dir/res/hall)=0.9959/0.0000/0.0000 λD=1.000 route=551 E/S=465/86 rescue=0 empty=0 hall=0/0 FG/HBG/EBG=32/0/1536 grad=69.14
[E45] batch=220/250 pseudo=4 loss=7.0050 sfseg=6.7520 seg=0.4687 mard=2.0419 λM=0.0000 DURR(dir/res/hall)=2.5290/0.0000/0.0000 λD=1.000 route=358 E/S=314/44 rescue=0 empty=0 hall=0/0 FG/HBG/EBG=32/0/1536 grad=59.87
[E45] batch=230/250 pseudo=4 loss=3.4653 sfseg=3.3590 seg=0.2616 mard=2.0554 λM=0.0000 DURR(dir/res/hall)=1.0627/0.0000/0.0000 λD=1.000 route=197 E/S=55/142 rescue=0 empty=0 hall=0/0 FG/HBG/EBG=32/0/1536 grad=28.02
[E45] batch=240/250 pseudo=4 loss=6.4636 sfseg=6.3540 seg=0.2609 mard=2.0352 λM=0.0000 DURR(dir/res/hall)=1.0958/0.0000/0.0000 λD=1.000 route=95 E/S=22/73 rescue=0 empty=0 hall=0/0 FG/HBG/EBG=32/0/1536 grad=29.37
[E45] batch=250/250 pseudo=4 loss=2.8508 sfseg=2.7276 seg=0.2467 mard=2.0612 λM=0.0000 DURR(dir/res/hall)=1.2323/0.0000/0.0000 λD=1.000 route=221 E/S=56/165 rescue=0 empty=0 hall=0/0 FG/HBG/EBG=32/0/1536 grad=26.87

[Epoch 45] DONE time=66.4s valid=250 skipped=0 pseudo=1025 anchors=994 mask_extra=31 reject_rel=15 DURRmatch=967/4671 rescue=6 teacher_empty=53 hall=22/6663 loss=6.6576 sfseg=6.5152 mard=2.0410 dir=1.1835 res=0.0021 hallL=0.2363 route E/S=27064/49716
[E46] batch=001/250 pseudo=4 loss=4.6445 sfseg=4.5660 seg=0.3665 mard=2.0433 λM=0.0000 DURR(dir/res/hall)=0.7853/0.0000/0.0000 λD=1.000 route=409 E/S=148/261 rescue=0 empty=0 hall=0/0 FG/HBG/EBG=32/0/1536 grad=26.07
[E46] batch=010/250 pseudo=4 loss=3.5639 sfseg=3.4959 seg=0.2858 mard=2.0584 λM=0.0000 DURR(dir/res/hall)=0.6804/0.0000/0.0000 λD=1.000 route=223 E/S=20/203 rescue=0 empty=0 hall=0/0 FG/HBG/EBG=32/0/1536 grad=26.32
[E46] batch=020/250 pseudo=4 loss=8.9597 sfseg=8.8459 seg=0.4678 mard=2.0376 λM=0.0000 DURR(dir/res/hall)=1.1377/0.0000/0.0000 λD=1.000 route=357 E/S=128/229 rescue=0 empty=0 hall=0/0 FG/HBG/EBG=32/0/1536 grad=47.77
[E46] batch=030/250 pseudo=4 loss=15.4138 sfseg=15.3215 seg=0.8476 mard=2.0621 λM=0.0000 DURR(dir/res/hall)=0.9229/0.0000/0.0000 λD=1.000 route=440 E/S=81/359 rescue=0 empty=0 hall=0/0 FG/HBG/EBG=32/0/1536 grad=44.81
[E46] batch=040/250 pseudo=5 loss=7.9530 sfseg=7.8474 seg=0.7143 mard=2.0305 λM=0.0000 DURR(dir/res/hall)=1.0561/0.0000/0.0000 λD=1.000 route=187 E/S=99/88 rescue=0 empty=0 hall=0/0 FG/HBG/EBG=40/0/1536 grad=28.87
[E46] batch=050/250 pseudo=4 loss=9.5698 sfseg=9.4535 seg=0.6381 mard=2.0021 λM=0.0000 DURR(dir/res/hall)=1.1634/0.0000/0.0000 λD=1.000 route=406 E/S=140/266 rescue=0 empty=0 hall=0/0 FG/HBG/EBG=32/0/1536 grad=52.18
[E46] batch=060/250 pseudo=4 loss=15.1176 sfseg=14.9037 seg=0.6237 mard=2.0279 λM=0.0000 DURR(dir/res/hall)=2.1384/0.0000/0.0000 λD=1.000 route=231 E/S=36/195 rescue=0 empty=0 hall=0/0 FG/HBG/EBG=32/0/1536 grad=49.92
[E46] batch=070/250 pseudo=5 loss=9.0840 sfseg=8.9681 seg=0.6300 mard=2.0434 λM=0.0000 DURR(dir/res/hall)=1.1587/0.0000/0.0000 λD=1.000 route=603 E/S=183/420 rescue=0 empty=0 hall=0/0 FG/HBG/EBG=40/0/1536 grad=51.28
[E46] batch=080/250 pseudo=4 loss=9.3216 sfseg=9.1904 seg=0.9107 mard=2.0810 λM=0.0000 DURR(dir/res/hall)=1.3121/0.0000/0.0000 λD=1.000 route=535 E/S=330/205 rescue=0 empty=0 hall=0/0 FG/HBG/EBG=32/0/1536 grad=45.35
[E46] batch=090/250 pseudo=4 loss=18.7078 sfseg=18.5998 seg=0.9501 mard=2.0212 λM=0.0000 DURR(dir/res/hall)=0.9643/0.0582/0.0000 λD=1.000 route=396 E/S=260/136 rescue=1 empty=0 hall=0/0 FG/HBG/EBG=32/0/1536 grad=92.00
[E46] batch=100/250 pseudo=4 loss=3.7583 sfseg=3.6760 seg=0.2080 mard=2.0043 λM=0.0000 DURR(dir/res/hall)=0.8236/0.0000/0.0000 λD=1.000 route=263 E/S=25/238 rescue=0 empty=0 hall=0/0 FG/HBG/EBG=32/0/1536 grad=29.74
[E46] batch=110/250 pseudo=5 loss=13.3816 sfseg=13.2901 seg=0.6137 mard=2.0186 λM=0.0000 DURR(dir/res/hall)=0.8065/0.0541/0.0000 λD=1.000 route=194 E/S=37/157 rescue=1 empty=0 hall=0/0 FG/HBG/EBG=40/0/1536 grad=101.51
[E46] batch=120/250 pseudo=3 loss=4.2849 sfseg=4.2161 seg=0.5421 mard=2.0043 λM=0.0000 DURR(dir/res/hall)=0.6882/0.0000/0.0000 λD=1.000 route=191 E/S=93/98 rescue=0 empty=1 hall=0/0 FG/HBG/EBG=24/0/1152 grad=53.75
[E46] batch=130/250 pseudo=4 loss=8.4870 sfseg=8.3895 seg=0.2530 mard=2.0578 λM=0.0000 DURR(dir/res/hall)=0.9745/0.0000/0.0000 λD=1.000 route=116 E/S=57/59 rescue=0 empty=0 hall=0/0 FG/HBG/EBG=32/0/1536 grad=82.58
[E46] batch=140/250 pseudo=4 loss=7.2112 sfseg=7.1362 seg=0.4489 mard=2.0160 λM=0.0000 DURR(dir/res/hall)=0.7507/0.0000/0.0000 λD=1.000 route=268 E/S=162/106 rescue=0 empty=0 hall=0/0 FG/HBG/EBG=32/0/1536 grad=58.25
[E46] batch=150/250 pseudo=4 loss=3.2014 sfseg=3.1081 seg=0.2276 mard=2.0384 λM=0.0000 DURR(dir/res/hall)=0.9333/0.0000/0.0000 λD=1.000 route=52 E/S=28/24 rescue=0 empty=0 hall=0/0 FG/HBG/EBG=32/0/1536 grad=33.38
[E46] batch=160/250 pseudo=4 loss=4.2632 sfseg=4.1995 seg=0.3869 mard=2.0540 λM=0.0000 DURR(dir/res/hall)=0.6368/0.0000/0.0000 λD=1.000 route=390 E/S=132/258 rescue=0 empty=0 hall=0/0 FG/HBG/EBG=32/0/1536 grad=47.09
[E46] batch=170/250 pseudo=4 loss=2.6794 sfseg=2.5991 seg=0.2724 mard=2.0565 λM=0.0000 DURR(dir/res/hall)=0.8031/0.0000/0.0000 λD=1.000 route=265 E/S=80/185 rescue=0 empty=0 hall=0/0 FG/HBG/EBG=32/0/1536 grad=23.25
[E46] batch=180/250 pseudo=3 loss=11.5542 sfseg=11.4006 seg=0.5965 mard=2.0188 λM=0.0000 DURR(dir/res/hall)=1.5354/0.0000/0.0000 λD=1.000 route=411 E/S=49/362 rescue=0 empty=1 hall=0/0 FG/HBG/EBG=24/0/1152 grad=90.58
[E46] batch=190/250 pseudo=4 loss=5.2546 sfseg=5.0917 seg=0.4372 mard=2.0962 λM=0.0000 DURR(dir/res/hall)=1.6282/0.0000/0.0000 λD=1.000 route=359 E/S=98/261 rescue=0 empty=0 hall=0/0 FG/HBG/EBG=32/0/1536 grad=44.92
[E46] batch=200/250 pseudo=4 loss=8.3584 sfseg=8.2377 seg=0.4036 mard=2.0121 λM=0.0000 DURR(dir/res/hall)=1.2071/0.0000/0.0000 λD=1.000 route=130 E/S=43/87 rescue=0 empty=0 hall=0/0 FG/HBG/EBG=32/0/1536 grad=39.90
[E46] batch=210/250 pseudo=4 loss=2.4362 sfseg=2.3392 seg=0.1990 mard=2.0388 λM=0.0000 DURR(dir/res/hall)=0.9700/0.0000/0.0000 λD=1.000 route=194 E/S=136/58 rescue=0 empty=0 hall=0/0 FG/HBG/EBG=32/0/1536 grad=27.58
[E46] batch=220/250 pseudo=4 loss=2.8781 sfseg=2.7600 seg=0.2442 mard=2.0745 λM=0.0000 DURR(dir/res/hall)=1.1815/0.0000/0.0000 λD=1.000 route=197 E/S=37/160 rescue=0 empty=0 hall=0/0 FG/HBG/EBG=32/0/1536 grad=29.27
[E46] batch=230/250 pseudo=4 loss=4.6445 sfseg=4.4675 seg=0.3096 mard=2.0269 λM=0.0000 DURR(dir/res/hall)=1.7698/0.0000/0.0000 λD=1.000 route=364 E/S=225/139 rescue=0 empty=0 hall=0/0 FG/HBG/EBG=32/0/1536 grad=23.16
[E46] batch=240/250 pseudo=4 loss=2.8171 sfseg=2.7022 seg=0.2092 mard=2.0181 λM=0.0000 DURR(dir/res/hall)=1.1496/0.0000/0.0000 λD=1.000 route=186 E/S=99/87 rescue=0 empty=0 hall=0/0 FG/HBG/EBG=32/0/1536 grad=25.93
[E46] batch=250/250 pseudo=4 loss=6.4040 sfseg=6.3005 seg=0.6293 mard=2.0075 λM=0.0000 DURR(dir/res/hall)=1.0348/0.0000/0.0000 λD=1.000 route=618 E/S=490/128 rescue=0 empty=0 hall=0/0 FG/HBG/EBG=32/0/1536 grad=39.95

[Epoch 46] DONE time=66.2s valid=250 skipped=0 pseudo=1025 anchors=989 mask_extra=36 reject_rel=15 DURRmatch=961/4636 rescue=11 teacher_empty=47 hall=14/3125 loss=6.8146 sfseg=6.6837 mard=2.0371 dir=1.1681 res=0.0042 hallL=0.1328 route E/S=25791/47963
[E47] batch=001/250 pseudo=4 loss=3.4234 sfseg=3.3262 seg=0.3036 mard=2.0374 λM=0.0000 DURR(dir/res/hall)=0.9720/0.0000/0.0000 λD=1.000 route=349 E/S=121/228 rescue=0 empty=0 hall=0/0 FG/HBG/EBG=32/0/1536 grad=24.16
[E47] batch=010/250 pseudo=4 loss=5.1490 sfseg=5.0489 seg=0.4918 mard=2.0355 λM=0.0000 DURR(dir/res/hall)=0.9551/0.0232/0.0000 λD=1.000 route=90 E/S=33/57 rescue=1 empty=0 hall=0/0 FG/HBG/EBG=32/0/1536 grad=27.90
[E47] batch=020/250 pseudo=4 loss=5.6476 sfseg=5.5490 seg=0.4076 mard=2.0113 λM=0.0000 DURR(dir/res/hall)=0.9861/0.0000/0.0000 λD=1.000 route=359 E/S=221/138 rescue=0 empty=0 hall=0/0 FG/HBG/EBG=32/0/1536 grad=28.03
[E47] batch=030/250 pseudo=3 loss=11.1900 sfseg=11.1126 seg=0.8544 mard=2.0736 λM=0.0000 DURR(dir/res/hall)=0.7742/0.0000/0.0000 λD=1.000 route=178 E/S=120/58 rescue=0 empty=1 hall=0/0 FG/HBG/EBG=24/0/1152 grad=91.38
[E47] batch=040/250 pseudo=4 loss=7.5442 sfseg=7.4224 seg=0.5425 mard=2.0388 λM=0.0000 DURR(dir/res/hall)=1.2174/0.0000/0.0000 λD=1.000 route=470 E/S=135/335 rescue=0 empty=0 hall=0/0 FG/HBG/EBG=32/0/1536 grad=52.16
[E47] batch=050/250 pseudo=4 loss=11.6311 sfseg=11.5099 seg=1.1793 mard=2.0103 λM=0.0000 DURR(dir/res/hall)=1.2118/0.0000/0.0000 λD=1.000 route=510 E/S=80/430 rescue=0 empty=1 hall=0/0 FG/HBG/EBG=32/0/1152 grad=133.95
[E47] batch=060/250 pseudo=4 loss=2.5506 sfseg=2.4451 seg=0.1928 mard=2.0389 λM=0.0000 DURR(dir/res/hall)=1.0553/0.0000/0.0000 λD=1.000 route=192 E/S=67/125 rescue=0 empty=0 hall=0/0 FG/HBG/EBG=32/0/1536 grad=23.43
[E47] batch=070/250 pseudo=5 loss=21.3555 sfseg=21.2250 seg=0.9804 mard=2.0123 λM=0.0000 DURR(dir/res/hall)=1.3047/0.0000/0.0000 λD=1.000 route=623 E/S=87/536 rescue=0 empty=0 hall=0/0 FG/HBG/EBG=40/0/1536 grad=71.42
[E47] batch=080/250 pseudo=4 loss=4.4735 sfseg=4.3784 seg=0.3547 mard=2.0135 λM=0.0000 DURR(dir/res/hall)=0.9512/0.0000/0.0000 λD=1.000 route=241 E/S=155/86 rescue=0 empty=0 hall=0/0 FG/HBG/EBG=32/0/1536 grad=37.69
[E47] batch=090/250 pseudo=4 loss=8.8706 sfseg=8.7051 seg=1.1025 mard=2.0405 λM=0.0000 DURR(dir/res/hall)=1.6550/0.0000/0.0000 λD=1.000 route=799 E/S=247/552 rescue=0 empty=0 hall=0/0 FG/HBG/EBG=32/0/1536 grad=34.82
[E47] batch=100/250 pseudo=5 loss=5.9055 sfseg=5.7566 seg=0.4877 mard=2.0208 λM=0.0000 DURR(dir/res/hall)=1.4895/0.0000/0.0000 λD=1.000 route=288 E/S=142/146 rescue=0 empty=0 hall=0/0 FG/HBG/EBG=40/0/1536 grad=34.17
[E47] batch=110/250 pseudo=4 loss=5.9822 sfseg=5.8603 seg=0.6761 mard=2.0757 λM=0.0000 DURR(dir/res/hall)=1.2197/0.0000/0.0000 λD=1.000 route=204 E/S=25/179 rescue=0 empty=0 hall=0/0 FG/HBG/EBG=32/0/1536 grad=30.76
[E47] batch=120/250 pseudo=4 loss=17.3125 sfseg=17.2158 seg=1.5446 mard=2.0497 λM=0.0000 DURR(dir/res/hall)=0.9674/0.0000/0.0000 λD=1.000 route=262 E/S=104/158 rescue=0 empty=0 hall=0/0 FG/HBG/EBG=32/0/1536 grad=158.95
[E47] batch=130/250 pseudo=4 loss=12.5195 sfseg=12.4173 seg=1.1842 mard=2.0371 λM=0.0000 DURR(dir/res/hall)=1.0213/0.0000/0.0000 λD=1.000 route=212 E/S=26/186 rescue=0 empty=0 hall=0/0 FG/HBG/EBG=32/0/1536 grad=37.34
[E47] batch=140/250 pseudo=4 loss=12.8518 sfseg=12.7623 seg=0.8155 mard=2.0239 λM=0.0000 DURR(dir/res/hall)=0.8946/0.0000/0.0000 λD=1.000 route=297 E/S=138/159 rescue=0 empty=0 hall=0/0 FG/HBG/EBG=32/0/1536 grad=76.88
[E47] batch=150/250 pseudo=5 loss=6.7471 sfseg=6.6273 seg=0.3164 mard=2.0256 λM=0.0000 DURR(dir/res/hall)=1.1989/0.0000/0.0000 λD=1.000 route=173 E/S=51/122 rescue=0 empty=0 hall=0/0 FG/HBG/EBG=40/0/1536 grad=22.41
[E47] batch=160/250 pseudo=4 loss=4.8877 sfseg=4.4137 seg=0.6591 mard=2.0622 λM=0.0000 DURR(dir/res/hall)=1.6251/0.0000/3.1145 λD=1.000 route=323 E/S=12/311 rescue=0 empty=1 hall=1/202 FG/HBG/EBG=32/0/1152 grad=38.51
[E47] batch=170/250 pseudo=4 loss=3.2321 sfseg=3.1455 seg=0.2312 mard=2.0265 λM=0.0000 DURR(dir/res/hall)=0.8655/0.0000/0.0000 λD=1.000 route=243 E/S=80/163 rescue=0 empty=0 hall=0/0 FG/HBG/EBG=32/0/1536 grad=29.80
[E47] batch=180/250 pseudo=6 loss=7.0049 sfseg=6.8140 seg=0.4784 mard=1.9996 λM=0.0000 DURR(dir/res/hall)=1.9086/0.0000/0.0000 λD=1.000 route=130 E/S=48/82 rescue=0 empty=0 hall=0/0 FG/HBG/EBG=48/0/1536 grad=39.32
[E47] batch=190/250 pseudo=5 loss=3.2580 sfseg=3.1827 seg=0.2994 mard=2.0570 λM=0.0000 DURR(dir/res/hall)=0.7534/0.0000/0.0000 λD=1.000 route=134 E/S=34/100 rescue=0 empty=0 hall=0/0 FG/HBG/EBG=40/0/1536 grad=20.20
[E47] batch=200/250 pseudo=4 loss=3.1015 sfseg=3.0194 seg=0.2700 mard=2.0306 λM=0.0000 DURR(dir/res/hall)=0.8208/0.0000/0.0000 λD=1.000 route=196 E/S=21/175 rescue=0 empty=0 hall=0/0 FG/HBG/EBG=32/0/1536 grad=30.88
[E47] batch=210/250 pseudo=4 loss=12.6805 sfseg=12.5585 seg=1.5720 mard=2.0240 λM=0.0000 DURR(dir/res/hall)=1.2202/0.0000/0.0000 λD=1.000 route=142 E/S=40/102 rescue=0 empty=0 hall=0/0 FG/HBG/EBG=32/0/1536 grad=42.14
[E47] batch=220/250 pseudo=4 loss=9.1970 sfseg=9.1131 seg=0.3930 mard=2.0468 λM=0.0000 DURR(dir/res/hall)=0.8388/0.0000/0.0000 λD=1.000 route=351 E/S=42/309 rescue=0 empty=0 hall=0/0 FG/HBG/EBG=32/0/1536 grad=45.29
[E47] batch=230/250 pseudo=5 loss=14.0858 sfseg=13.9960 seg=0.4035 mard=2.0165 λM=0.0000 DURR(dir/res/hall)=0.8982/0.0000/0.0000 λD=1.000 route=132 E/S=40/92 rescue=0 empty=0 hall=0/0 FG/HBG/EBG=40/0/1536 grad=62.72
[E47] batch=240/250 pseudo=4 loss=6.5488 sfseg=6.4033 seg=0.4239 mard=2.0231 λM=0.0000 DURR(dir/res/hall)=1.4558/0.0000/0.0000 λD=1.000 route=490 E/S=310/180 rescue=0 empty=0 hall=0/0 FG/HBG/EBG=32/0/1536 grad=30.71
[E47] batch=250/250 pseudo=6 loss=12.0248 sfseg=11.9168 seg=0.7458 mard=2.0203 λM=0.0000 DURR(dir/res/hall)=1.0802/0.0000/0.0000 λD=1.000 route=518 E/S=273/245 rescue=0 empty=0 hall=0/0 FG/HBG/EBG=48/0/1536 grad=46.54

[Epoch 47] DONE time=66.2s valid=250 skipped=0 pseudo=1039 anchors=1001 mask_extra=38 reject_rel=11 DURRmatch=969/4670 rescue=10 teacher_empty=44 hall=12/4416 loss=7.0652 sfseg=6.9359 mard=2.0353 dir=1.1789 res=0.0088 hallL=0.0962 route E/S=27206/51027
[E48] batch=001/250 pseudo=4 loss=10.1144 sfseg=10.0219 seg=0.8426 mard=2.0674 λM=0.0000 DURR(dir/res/hall)=0.9242/0.0000/0.0000 λD=1.000 route=207 E/S=184/23 rescue=0 empty=0 hall=0/0 FG/HBG/EBG=32/0/1536 grad=38.06
[E48] batch=010/250 pseudo=4 loss=9.2586 sfseg=9.1744 seg=0.6810 mard=2.0428 λM=0.0000 DURR(dir/res/hall)=0.8427/0.0000/0.0000 λD=1.000 route=203 E/S=22/181 rescue=0 empty=0 hall=0/0 FG/HBG/EBG=32/0/1536 grad=30.55
[E48] batch=020/250 pseudo=5 loss=19.5453 sfseg=19.3923 seg=1.8402 mard=2.1036 λM=0.0000 DURR(dir/res/hall)=1.5306/0.0000/0.0000 λD=1.000 route=786 E/S=222/564 rescue=0 empty=0 hall=0/0 FG/HBG/EBG=40/0/1536 grad=89.87
[E48] batch=030/250 pseudo=4 loss=5.7868 sfseg=5.6959 seg=0.4444 mard=2.0174 λM=0.0000 DURR(dir/res/hall)=0.9084/0.0000/0.0000 λD=1.000 route=493 E/S=103/390 rescue=0 empty=0 hall=0/0 FG/HBG/EBG=32/0/1536 grad=44.53
[E48] batch=040/250 pseudo=5 loss=8.0449 sfseg=7.9697 seg=0.4407 mard=2.0440 λM=0.0000 DURR(dir/res/hall)=0.7515/0.0000/0.0000 λD=1.000 route=355 E/S=207/148 rescue=0 empty=0 hall=0/0 FG/HBG/EBG=40/0/1536 grad=41.01
[E48] batch=050/250 pseudo=4 loss=7.3512 sfseg=7.2646 seg=0.4848 mard=2.0637 λM=0.0000 DURR(dir/res/hall)=0.8667/0.0000/0.0000 λD=1.000 route=299 E/S=71/228 rescue=0 empty=0 hall=0/0 FG/HBG/EBG=32/0/1536 grad=32.19
[E48] batch=060/250 pseudo=4 loss=3.6717 sfseg=3.5944 seg=0.2968 mard=2.0567 λM=0.0000 DURR(dir/res/hall)=0.7731/0.0000/0.0000 λD=1.000 route=237 E/S=57/180 rescue=0 empty=0 hall=0/0 FG/HBG/EBG=32/0/1536 grad=33.95
[E48] batch=070/250 pseudo=3 loss=9.7645 sfseg=9.6505 seg=0.9871 mard=2.0391 λM=0.0000 DURR(dir/res/hall)=1.1397/0.0000/0.0000 λD=1.000 route=188 E/S=65/123 rescue=0 empty=1 hall=0/0 FG/HBG/EBG=24/0/1152 grad=68.32
[E48] batch=080/250 pseudo=4 loss=3.6557 sfseg=3.4098 seg=0.2078 mard=2.0327 λM=0.0000 DURR(dir/res/hall)=2.3121/0.0736/0.0000 λD=1.000 route=82 E/S=13/69 rescue=1 empty=0 hall=0/0 FG/HBG/EBG=32/0/1536 grad=34.65
[E48] batch=090/250 pseudo=4 loss=4.9395 sfseg=4.7993 seg=0.2330 mard=2.0248 λM=0.0000 DURR(dir/res/hall)=1.4020/0.0000/0.0000 λD=1.000 route=233 E/S=155/78 rescue=0 empty=0 hall=0/0 FG/HBG/EBG=32/0/1536 grad=25.77
[E48] batch=100/250 pseudo=3 loss=10.3949 sfseg=10.0257 seg=0.8376 mard=2.0982 λM=0.0000 DURR(dir/res/hall)=1.4048/0.0000/2.2874 λD=1.000 route=475 E/S=348/127 rescue=0 empty=1 hall=1/5 FG/HBG/EBG=24/0/1152 grad=38.87
[E48] batch=110/250 pseudo=4 loss=7.9919 sfseg=7.8931 seg=0.7891 mard=2.0200 λM=0.0000 DURR(dir/res/hall)=0.9879/0.0000/0.0000 λD=1.000 route=231 E/S=49/182 rescue=0 empty=0 hall=0/0 FG/HBG/EBG=32/0/1536 grad=44.99
[E48] batch=120/250 pseudo=5 loss=5.7169 sfseg=5.6284 seg=0.5920 mard=2.0385 λM=0.0000 DURR(dir/res/hall)=0.8846/0.0000/0.0000 λD=1.000 route=328 E/S=34/294 rescue=0 empty=0 hall=0/0 FG/HBG/EBG=40/0/1536 grad=32.64
[E48] batch=130/250 pseudo=4 loss=9.0357 sfseg=8.9341 seg=0.8289 mard=2.0439 λM=0.0000 DURR(dir/res/hall)=1.0159/0.0000/0.0000 λD=1.000 route=261 E/S=91/170 rescue=0 empty=0 hall=0/0 FG/HBG/EBG=32/0/1536 grad=35.18
[E48] batch=140/250 pseudo=2 loss=12.9734 sfseg=12.7777 seg=0.3074 mard=2.0664 λM=0.0000 DURR(dir/res/hall)=1.9570/0.0000/0.0000 λD=1.000 route=200 E/S=46/154 rescue=0 empty=2 hall=0/0 FG/HBG/EBG=16/0/768 grad=46.28
[E48] batch=150/250 pseudo=3 loss=5.0312 sfseg=4.8670 seg=0.3943 mard=2.0796 λM=0.0000 DURR(dir/res/hall)=1.6418/0.0000/0.0000 λD=1.000 route=588 E/S=116/472 rescue=0 empty=1 hall=0/0 FG/HBG/EBG=24/0/1152 grad=23.38
[E48] batch=160/250 pseudo=4 loss=12.7859 sfseg=12.6324 seg=1.2574 mard=2.0247 λM=0.0000 DURR(dir/res/hall)=1.5345/0.0000/0.0000 λD=1.000 route=722 E/S=410/312 rescue=0 empty=0 hall=0/0 FG/HBG/EBG=32/0/1536 grad=57.15
[E48] batch=170/250 pseudo=4 loss=4.1498 sfseg=4.0607 seg=0.3229 mard=2.0383 λM=0.0000 DURR(dir/res/hall)=0.8906/0.0000/0.0000 λD=1.000 route=367 E/S=65/302 rescue=0 empty=0 hall=0/0 FG/HBG/EBG=32/0/1536 grad=33.53
[E48] batch=180/250 pseudo=4 loss=5.9581 sfseg=5.8691 seg=0.4363 mard=2.0131 λM=0.0000 DURR(dir/res/hall)=0.8906/0.0000/0.0000 λD=1.000 route=405 E/S=147/258 rescue=0 empty=0 hall=0/0 FG/HBG/EBG=32/0/1536 grad=38.53
[E48] batch=190/250 pseudo=4 loss=3.2510 sfseg=3.1395 seg=0.1970 mard=1.9870 λM=0.0000 DURR(dir/res/hall)=1.1150/0.0000/0.0000 λD=1.000 route=247 E/S=160/87 rescue=0 empty=0 hall=0/0 FG/HBG/EBG=32/0/1536 grad=27.17
[E48] batch=200/250 pseudo=4 loss=6.1622 sfseg=6.0565 seg=0.5021 mard=2.0631 λM=0.0000 DURR(dir/res/hall)=1.0574/0.0000/0.0000 λD=1.000 route=224 E/S=104/120 rescue=0 empty=0 hall=0/0 FG/HBG/EBG=32/0/1536 grad=65.26
[E48] batch=210/250 pseudo=4 loss=5.2462 sfseg=5.1340 seg=0.3831 mard=2.0142 λM=0.0000 DURR(dir/res/hall)=1.1218/0.0000/0.0000 λD=1.000 route=208 E/S=87/121 rescue=0 empty=0 hall=0/0 FG/HBG/EBG=32/0/1536 grad=37.77
[E48] batch=220/250 pseudo=4 loss=7.9147 sfseg=7.8298 seg=0.6842 mard=2.0066 λM=0.0000 DURR(dir/res/hall)=0.8489/0.0000/0.0000 λD=1.000 route=238 E/S=46/192 rescue=0 empty=0 hall=0/0 FG/HBG/EBG=32/0/1536 grad=60.98
[E48] batch=230/250 pseudo=5 loss=3.1264 sfseg=3.0394 seg=0.2595 mard=2.0170 λM=0.0000 DURR(dir/res/hall)=0.8699/0.0000/0.0000 λD=1.000 route=126 E/S=20/106 rescue=0 empty=0 hall=0/0 FG/HBG/EBG=40/0/1536 grad=19.20
[E48] batch=240/250 pseudo=7 loss=6.1507 sfseg=6.0440 seg=0.5192 mard=2.0572 λM=0.0000 DURR(dir/res/hall)=1.0662/0.0000/0.0000 λD=1.000 route=131 E/S=42/89 rescue=0 empty=0 hall=0/0 FG/HBG/EBG=56/0/1536 grad=31.24
[E48] batch=250/250 pseudo=4 loss=3.2344 sfseg=3.1494 seg=0.2725 mard=2.0118 λM=0.0000 DURR(dir/res/hall)=0.8496/0.0000/0.0000 λD=1.000 route=120 E/S=61/59 rescue=0 empty=0 hall=0/0 FG/HBG/EBG=32/0/1536 grad=30.88

[Epoch 48] DONE time=66.4s valid=250 skipped=0 pseudo=1032 anchors=990 mask_extra=42 reject_rel=14 DURRmatch=962/4658 rescue=10 teacher_empty=44 hall=15/6150 loss=6.7955 sfseg=6.6595 mard=2.0375 dir=1.1725 res=0.0042 hallL=0.1791 route E/S=26187/46991
[E49] batch=001/250 pseudo=5 loss=6.3697 sfseg=6.3185 seg=0.4122 mard=2.0449 λM=0.0000 DURR(dir/res/hall)=0.5120/0.0000/0.0000 λD=1.000 route=489 E/S=103/386 rescue=0 empty=0 hall=0/0 FG/HBG/EBG=40/0/1536 grad=37.77
[E49] batch=010/250 pseudo=4 loss=3.0556 sfseg=2.9703 seg=0.2599 mard=2.0377 λM=0.0000 DURR(dir/res/hall)=0.8528/0.0000/0.0000 λD=1.000 route=154 E/S=21/133 rescue=0 empty=0 hall=0/0 FG/HBG/EBG=32/0/1536 grad=22.69
[E49] batch=020/250 pseudo=4 loss=3.7896 sfseg=3.6941 seg=0.3742 mard=2.0344 λM=0.0000 DURR(dir/res/hall)=0.9553/0.0000/0.0000 λD=1.000 route=261 E/S=14/247 rescue=0 empty=0 hall=0/0 FG/HBG/EBG=32/0/1536 grad=25.73
[E49] batch=030/250 pseudo=4 loss=4.8659 sfseg=4.7595 seg=0.4548 mard=2.0277 λM=0.0000 DURR(dir/res/hall)=1.0639/0.0000/0.0000 λD=1.000 route=426 E/S=60/366 rescue=0 empty=0 hall=0/0 FG/HBG/EBG=32/0/1536 grad=24.90
[E49] batch=040/250 pseudo=3 loss=3.2798 sfseg=3.1330 seg=0.2234 mard=2.0312 λM=0.0000 DURR(dir/res/hall)=1.4682/0.0000/0.0000 λD=1.000 route=158 E/S=25/133 rescue=0 empty=1 hall=0/0 FG/HBG/EBG=24/0/1152 grad=23.23
[E49] batch=050/250 pseudo=5 loss=11.0123 sfseg=10.8836 seg=0.6857 mard=2.0034 λM=0.0000 DURR(dir/res/hall)=1.2865/0.0000/0.0000 λD=1.000 route=546 E/S=157/389 rescue=0 empty=0 hall=0/0 FG/HBG/EBG=40/0/1536 grad=32.87
[E49] batch=060/250 pseudo=4 loss=5.8690 sfseg=5.7102 seg=0.3361 mard=2.0271 λM=0.0000 DURR(dir/res/hall)=1.5882/0.0000/0.0000 λD=1.000 route=491 E/S=152/339 rescue=0 empty=0 hall=0/0 FG/HBG/EBG=32/0/1536 grad=32.63
[E49] batch=070/250 pseudo=3 loss=3.9507 sfseg=3.4848 seg=0.4482 mard=2.0361 λM=0.0000 DURR(dir/res/hall)=1.4433/0.0000/3.2155 λD=1.000 route=168 E/S=132/36 rescue=0 empty=1 hall=1/243 FG/HBG/EBG=24/0/1152 grad=23.45
[E49] batch=080/250 pseudo=4 loss=7.5790 sfseg=7.1910 seg=0.2822 mard=2.0319 λM=0.0000 DURR(dir/res/hall)=3.8806/0.0000/0.0000 λD=1.000 route=231 E/S=59/172 rescue=0 empty=0 hall=0/0 FG/HBG/EBG=32/0/1536 grad=41.19
[E49] batch=090/250 pseudo=4 loss=3.7278 sfseg=3.5998 seg=0.3400 mard=2.0302 λM=0.0000 DURR(dir/res/hall)=1.2800/0.0000/0.0000 λD=1.000 route=161 E/S=92/69 rescue=0 empty=0 hall=0/0 FG/HBG/EBG=32/0/1536 grad=19.85
[E49] batch=100/250 pseudo=4 loss=5.4147 sfseg=5.3498 seg=0.5438 mard=2.0616 λM=0.0000 DURR(dir/res/hall)=0.6496/0.0000/0.0000 λD=1.000 route=277 E/S=67/210 rescue=0 empty=0 hall=0/0 FG/HBG/EBG=32/0/1536 grad=25.59
[E49] batch=110/250 pseudo=3 loss=9.5914 sfseg=9.4791 seg=0.3999 mard=2.0185 λM=0.0000 DURR(dir/res/hall)=1.1227/0.0000/0.0000 λD=1.000 route=401 E/S=60/341 rescue=0 empty=1 hall=0/0 FG/HBG/EBG=24/0/1152 grad=49.85
[E49] batch=120/250 pseudo=4 loss=4.6578 sfseg=4.5014 seg=0.3943 mard=2.0582 λM=0.0000 DURR(dir/res/hall)=1.5644/0.0000/0.0000 λD=1.000 route=126 E/S=26/100 rescue=0 empty=0 hall=0/0 FG/HBG/EBG=32/0/1536 grad=32.53
[E49] batch=130/250 pseudo=6 loss=8.0298 sfseg=7.9291 seg=0.3265 mard=1.9932 λM=0.0000 DURR(dir/res/hall)=1.0076/0.0000/0.0000 λD=1.000 route=415 E/S=192/223 rescue=0 empty=0 hall=0/0 FG/HBG/EBG=48/0/1536 grad=35.71
[E49] batch=140/250 pseudo=3 loss=1.5021 sfseg=1.3689 seg=0.1903 mard=2.0449 λM=0.0000 DURR(dir/res/hall)=1.3322/0.0000/0.0000 λD=1.000 route=174 E/S=8/166 rescue=0 empty=1 hall=0/0 FG/HBG/EBG=24/0/1152 grad=13.26
[E49] batch=150/250 pseudo=4 loss=2.7783 sfseg=2.2859 seg=0.2245 mard=2.0227 λM=0.0000 DURR(dir/res/hall)=1.1179/0.0000/3.8066 λD=1.000 route=89 E/S=32/57 rescue=0 empty=1 hall=1/746 FG/HBG/EBG=32/0/1152 grad=22.34
[E49] batch=160/250 pseudo=4 loss=5.8134 sfseg=5.7118 seg=0.4063 mard=2.0252 λM=0.0000 DURR(dir/res/hall)=1.0163/0.0000/0.0000 λD=1.000 route=308 E/S=144/164 rescue=0 empty=0 hall=0/0 FG/HBG/EBG=32/0/1536 grad=38.92
[E49] batch=170/250 pseudo=4 loss=3.7320 sfseg=3.6138 seg=0.3590 mard=2.0098 λM=0.0000 DURR(dir/res/hall)=1.1829/0.0000/0.0000 λD=1.000 route=175 E/S=83/92 rescue=0 empty=0 hall=0/0 FG/HBG/EBG=32/0/1536 grad=23.48
[E49] batch=180/250 pseudo=4 loss=4.3520 sfseg=4.2226 seg=0.3118 mard=2.0127 λM=0.0000 DURR(dir/res/hall)=1.2939/0.0000/0.0000 λD=1.000 route=152 E/S=73/79 rescue=0 empty=0 hall=0/0 FG/HBG/EBG=32/0/1536 grad=20.69
[E49] batch=190/250 pseudo=4 loss=8.0271 sfseg=7.9073 seg=0.4577 mard=2.0317 λM=0.0000 DURR(dir/res/hall)=1.1976/0.0000/0.0000 λD=1.000 route=485 E/S=188/297 rescue=0 empty=0 hall=0/0 FG/HBG/EBG=32/0/1536 grad=33.60
[E49] batch=200/250 pseudo=4 loss=4.6058 sfseg=4.4649 seg=0.2651 mard=2.0227 λM=0.0000 DURR(dir/res/hall)=1.4097/0.0000/0.0000 λD=1.000 route=281 E/S=138/143 rescue=0 empty=0 hall=0/0 FG/HBG/EBG=32/0/1536 grad=36.61
[E49] batch=210/250 pseudo=3 loss=2.1226 sfseg=1.9967 seg=0.1658 mard=2.0338 λM=0.0000 DURR(dir/res/hall)=1.2597/0.0000/0.0000 λD=1.000 route=80 E/S=62/18 rescue=0 empty=1 hall=0/0 FG/HBG/EBG=24/0/1152 grad=21.11
[E49] batch=220/250 pseudo=4 loss=8.5312 sfseg=8.4357 seg=0.3890 mard=2.0619 λM=0.0000 DURR(dir/res/hall)=0.9547/0.0000/0.0000 λD=1.000 route=526 E/S=115/411 rescue=0 empty=0 hall=0/0 FG/HBG/EBG=32/0/1536 grad=47.20
[E49] batch=230/250 pseudo=4 loss=4.6259 sfseg=4.5465 seg=0.2388 mard=2.0440 λM=0.0000 DURR(dir/res/hall)=0.7945/0.0000/0.0000 λD=1.000 route=435 E/S=179/256 rescue=0 empty=0 hall=0/0 FG/HBG/EBG=32/0/1536 grad=28.28
[E49] batch=240/250 pseudo=4 loss=6.1704 sfseg=6.0786 seg=0.5031 mard=2.0347 λM=0.0000 DURR(dir/res/hall)=0.9175/0.0000/0.0000 λD=1.000 route=367 E/S=108/259 rescue=0 empty=0 hall=0/0 FG/HBG/EBG=32/0/1536 grad=36.60
[E49] batch=250/250 pseudo=4 loss=6.1954 sfseg=5.9403 seg=0.2834 mard=2.0613 λM=0.0000 DURR(dir/res/hall)=2.5512/0.0000/0.0000 λD=1.000 route=188 E/S=129/59 rescue=0 empty=0 hall=0/0 FG/HBG/EBG=32/0/1536 grad=28.89

[Epoch 49] DONE time=66.7s valid=250 skipped=0 pseudo=1024 anchors=991 mask_extra=33 reject_rel=19 DURRmatch=967/4685 rescue=11 teacher_empty=49 hall=20/7078 loss=6.8286 sfseg=6.6870 mard=2.0368 dir=1.1636 res=0.0064 hallL=0.2397 route E/S=24400/52093
[E50] batch=001/250 pseudo=4 loss=4.4235 sfseg=4.3375 seg=0.3439 mard=2.0364 λM=0.0000 DURR(dir/res/hall)=0.8595/0.0000/0.0000 λD=1.000 route=251 E/S=132/119 rescue=0 empty=0 hall=0/0 FG/HBG/EBG=32/0/1536 grad=27.62
[E50] batch=010/250 pseudo=4 loss=3.3873 sfseg=3.2978 seg=0.2844 mard=2.0110 λM=0.0000 DURR(dir/res/hall)=0.8952/0.0000/0.0000 λD=1.000 route=254 E/S=128/126 rescue=0 empty=0 hall=0/0 FG/HBG/EBG=32/0/1536 grad=27.98
[E50] batch=020/250 pseudo=5 loss=6.1272 sfseg=6.0108 seg=0.4906 mard=2.0296 λM=0.0000 DURR(dir/res/hall)=1.1644/0.0000/0.0000 λD=1.000 route=285 E/S=133/152 rescue=0 empty=0 hall=0/0 FG/HBG/EBG=40/0/1536 grad=58.58
[E50] batch=030/250 pseudo=4 loss=5.8431 sfseg=5.7244 seg=0.2849 mard=2.0389 λM=0.0000 DURR(dir/res/hall)=1.1864/0.0000/0.0000 λD=1.000 route=145 E/S=85/60 rescue=0 empty=0 hall=0/0 FG/HBG/EBG=32/0/1536 grad=85.06
[E50] batch=040/250 pseudo=4 loss=12.6226 sfseg=12.4894 seg=1.7830 mard=2.0001 λM=0.0000 DURR(dir/res/hall)=1.3313/0.0000/0.0000 λD=1.000 route=436 E/S=338/98 rescue=0 empty=0 hall=0/0 FG/HBG/EBG=32/0/1536 grad=43.51
[E50] batch=050/250 pseudo=5 loss=6.5785 sfseg=6.4906 seg=0.3668 mard=2.0373 λM=0.0000 DURR(dir/res/hall)=0.8796/0.0000/0.0000 λD=1.000 route=410 E/S=114/296 rescue=0 empty=0 hall=0/0 FG/HBG/EBG=40/0/1536 grad=51.19
[E50] batch=060/250 pseudo=4 loss=2.8623 sfseg=2.6971 seg=0.2484 mard=2.0573 λM=0.0000 DURR(dir/res/hall)=1.6525/0.0000/0.0000 λD=1.000 route=72 E/S=52/20 rescue=0 empty=0 hall=0/0 FG/HBG/EBG=32/0/1536 grad=33.12
[E50] batch=070/250 pseudo=3 loss=34.9343 sfseg=34.2026 seg=4.1707 mard=1.9878 λM=0.0000 DURR(dir/res/hall)=2.6815/0.0000/4.6356 λD=1.000 route=450 E/S=95/355 rescue=0 empty=1 hall=1/470 FG/HBG/EBG=24/0/1152 grad=84.34
[E50] batch=080/250 pseudo=4 loss=4.9095 sfseg=4.8005 seg=0.4476 mard=2.0101 λM=0.0000 DURR(dir/res/hall)=1.0899/0.0000/0.0000 λD=1.000 route=375 E/S=70/305 rescue=0 empty=0 hall=0/0 FG/HBG/EBG=32/0/1536 grad=26.32
[E50] batch=090/250 pseudo=4 loss=3.3173 sfseg=3.2339 seg=0.2523 mard=2.0687 λM=0.0000 DURR(dir/res/hall)=0.8338/0.0000/0.0000 λD=1.000 route=262 E/S=131/131 rescue=0 empty=0 hall=0/0 FG/HBG/EBG=32/0/1536 grad=31.77
[E50] batch=100/250 pseudo=4 loss=3.0196 sfseg=2.9288 seg=0.2711 mard=2.0323 λM=0.0000 DURR(dir/res/hall)=0.9083/0.0000/0.0000 λD=1.000 route=148 E/S=32/116 rescue=0 empty=0 hall=0/0 FG/HBG/EBG=32/0/1536 grad=27.35
[E50] batch=110/250 pseudo=3 loss=2.9100 sfseg=2.6019 seg=0.3424 mard=2.0443 λM=0.0000 DURR(dir/res/hall)=1.0043/0.0000/2.0766 λD=1.000 route=102 E/S=25/77 rescue=0 empty=1 hall=1/6 FG/HBG/EBG=24/0/1152 grad=22.45
[E50] batch=120/250 pseudo=4 loss=11.7623 sfseg=11.6705 seg=0.8915 mard=2.0151 λM=0.0000 DURR(dir/res/hall)=0.9175/0.0000/0.0000 λD=1.000 route=352 E/S=56/296 rescue=0 empty=0 hall=0/0 FG/HBG/EBG=32/0/1536 grad=31.37
[E50] batch=130/250 pseudo=4 loss=7.7646 sfseg=7.6344 seg=0.5154 mard=2.0231 λM=0.0000 DURR(dir/res/hall)=1.3022/0.0000/0.0000 λD=1.000 route=612 E/S=142/470 rescue=0 empty=0 hall=0/0 FG/HBG/EBG=32/0/1536 grad=30.04
[E50] batch=140/250 pseudo=5 loss=4.8445 sfseg=4.7494 seg=0.2115 mard=2.1024 λM=0.0000 DURR(dir/res/hall)=0.9507/0.0000/0.0000 λD=1.000 route=319 E/S=170/149 rescue=0 empty=0 hall=0/0 FG/HBG/EBG=40/0/1536 grad=33.77
[E50] batch=150/250 pseudo=4 loss=6.4780 sfseg=6.3665 seg=0.5527 mard=2.0535 λM=0.0000 DURR(dir/res/hall)=1.1154/0.0000/0.0000 λD=1.000 route=496 E/S=128/368 rescue=0 empty=0 hall=0/0 FG/HBG/EBG=32/0/1536 grad=31.22
[E50] batch=160/250 pseudo=4 loss=5.0599 sfseg=4.9277 seg=0.4046 mard=2.0347 λM=0.0000 DURR(dir/res/hall)=1.3221/0.0000/0.0000 λD=1.000 route=244 E/S=174/70 rescue=0 empty=0 hall=0/0 FG/HBG/EBG=32/0/1536 grad=43.18
[E50] batch=170/250 pseudo=4 loss=6.5354 sfseg=6.3898 seg=0.3771 mard=2.0989 λM=0.0000 DURR(dir/res/hall)=1.4562/0.0000/0.0000 λD=1.000 route=221 E/S=99/122 rescue=0 empty=0 hall=0/0 FG/HBG/EBG=32/0/1536 grad=47.62
[E50] batch=180/250 pseudo=3 loss=1.5859 sfseg=1.4793 seg=0.1727 mard=2.0342 λM=0.0000 DURR(dir/res/hall)=1.0667/0.0000/0.0000 λD=1.000 route=268 E/S=58/210 rescue=0 empty=1 hall=0/0 FG/HBG/EBG=24/0/1152 grad=21.07
[E50] batch=190/250 pseudo=4 loss=5.2217 sfseg=5.1311 seg=0.5549 mard=2.0443 λM=0.0000 DURR(dir/res/hall)=0.9061/0.0000/0.0000 λD=1.000 route=403 E/S=116/287 rescue=0 empty=0 hall=0/0 FG/HBG/EBG=32/0/1536 grad=26.00
[E50] batch=200/250 pseudo=3 loss=2.9849 sfseg=2.8814 seg=0.2976 mard=2.0425 λM=0.0000 DURR(dir/res/hall)=1.0346/0.0000/0.0000 λD=1.000 route=127 E/S=86/41 rescue=0 empty=1 hall=0/0 FG/HBG/EBG=24/0/1152 grad=77.35
[E50] batch=210/250 pseudo=5 loss=18.5591 sfseg=18.4314 seg=0.8956 mard=2.0184 λM=0.0000 DURR(dir/res/hall)=1.2770/0.0000/0.0000 λD=1.000 route=571 E/S=198/373 rescue=0 empty=0 hall=0/0 FG/HBG/EBG=40/0/1536 grad=55.18
[E50] batch=220/250 pseudo=4 loss=3.9576 sfseg=3.8865 seg=0.3308 mard=2.0195 λM=0.0000 DURR(dir/res/hall)=0.7112/0.0000/0.0000 λD=1.000 route=139 E/S=62/77 rescue=0 empty=0 hall=0/0 FG/HBG/EBG=32/0/1536 grad=31.46
[E50] batch=230/250 pseudo=5 loss=3.8682 sfseg=3.7664 seg=0.2490 mard=2.0270 λM=0.0000 DURR(dir/res/hall)=1.0188/0.0000/0.0000 λD=1.000 route=154 E/S=59/95 rescue=0 empty=0 hall=0/0 FG/HBG/EBG=40/0/1536 grad=29.11
[E50] batch=240/250 pseudo=3 loss=8.2012 sfseg=7.9139 seg=0.5684 mard=2.0427 λM=0.0000 DURR(dir/res/hall)=2.8727/0.0000/0.0000 λD=1.000 route=485 E/S=336/149 rescue=0 empty=1 hall=0/0 FG/HBG/EBG=24/0/1152 grad=56.61
[E50] batch=250/250 pseudo=4 loss=2.6246 sfseg=2.5323 seg=0.2332 mard=2.0413 λM=0.0000 DURR(dir/res/hall)=0.9228/0.0000/0.0000 λD=1.000 route=229 E/S=38/191 rescue=0 empty=0 hall=0/0 FG/HBG/EBG=32/0/1536 grad=21.43

[Epoch 50] DONE time=66.3s valid=250 skipped=0 pseudo=1020 anchors=983 mask_extra=37 reject_rel=16 DURRmatch=963/4668 rescue=10 teacher_empty=49 hall=18/6147 loss=6.7954 sfseg=6.6646 mard=2.0387 dir=1.1080 res=0.0033 hallL=0.1934 route E/S=26429/49542
[SAVE Student] /home/dang/MedRT-SFOD/runs/seg/ablation/c2k_maskdhf_durr_v1_60ep/checkpoints/durr_student_epoch_50.pt
[SAVE Teacher] /home/dang/MedRT-SFOD/runs/seg/ablation/c2k_maskdhf_durr_v1_60ep/checkpoints/durr_teacher_ema_epoch_50.pt
[E51] batch=001/250 pseudo=6 loss=5.9906 sfseg=5.8891 seg=0.4981 mard=2.0831 λM=0.0000 DURR(dir/res/hall)=1.0157/0.0000/0.0000 λD=1.000 route=339 E/S=61/278 rescue=0 empty=0 hall=0/0 FG/HBG/EBG=48/0/1536 grad=31.81
[E51] batch=010/250 pseudo=4 loss=8.8796 sfseg=8.7555 seg=0.3826 mard=2.0130 λM=0.0000 DURR(dir/res/hall)=1.2410/0.0000/0.0000 λD=1.000 route=481 E/S=148/333 rescue=0 empty=0 hall=0/0 FG/HBG/EBG=32/0/1536 grad=31.34
[E51] batch=020/250 pseudo=5 loss=4.7546 sfseg=4.6138 seg=0.2431 mard=2.0089 λM=0.0000 DURR(dir/res/hall)=1.4079/0.0000/0.0000 λD=1.000 route=267 E/S=74/193 rescue=0 empty=1 hall=0/0 FG/HBG/EBG=40/0/1152 grad=55.83
[E51] batch=030/250 pseudo=4 loss=4.1328 sfseg=3.9533 seg=0.2339 mard=2.0137 λM=0.0000 DURR(dir/res/hall)=1.7950/0.0000/0.0000 λD=1.000 route=124 E/S=78/46 rescue=0 empty=0 hall=0/0 FG/HBG/EBG=32/0/1536 grad=44.84
[E51] batch=040/250 pseudo=4 loss=2.8445 sfseg=2.6512 seg=0.2644 mard=2.0449 λM=0.0000 DURR(dir/res/hall)=1.9332/0.0000/0.0000 λD=1.000 route=90 E/S=15/75 rescue=0 empty=0 hall=0/0 FG/HBG/EBG=32/0/1536 grad=19.46
[E51] batch=050/250 pseudo=4 loss=5.2893 sfseg=5.1333 seg=0.3067 mard=2.0333 λM=0.0000 DURR(dir/res/hall)=1.5601/0.0000/0.0000 λD=1.000 route=178 E/S=100/78 rescue=0 empty=0 hall=0/0 FG/HBG/EBG=32/0/1536 grad=29.35
[E51] batch=060/250 pseudo=4 loss=4.9694 sfseg=4.8488 seg=0.3685 mard=2.0355 λM=0.0000 DURR(dir/res/hall)=1.2054/0.0000/0.0000 λD=1.000 route=142 E/S=61/81 rescue=0 empty=0 hall=0/0 FG/HBG/EBG=32/0/1536 grad=29.46
[E51] batch=070/250 pseudo=4 loss=16.9432 sfseg=16.7861 seg=0.9227 mard=2.0097 λM=0.0000 DURR(dir/res/hall)=1.5709/0.0000/0.0000 λD=1.000 route=721 E/S=255/466 rescue=0 empty=0 hall=0/0 FG/HBG/EBG=32/0/1536 grad=69.86
[E51] batch=080/250 pseudo=4 loss=5.2432 sfseg=5.1111 seg=0.4248 mard=2.0364 λM=0.0000 DURR(dir/res/hall)=1.3213/0.0000/0.0000 λD=1.000 route=255 E/S=167/88 rescue=0 empty=0 hall=0/0 FG/HBG/EBG=32/0/1536 grad=49.80
[E51] batch=090/250 pseudo=7 loss=6.3765 sfseg=6.2540 seg=0.2989 mard=2.0191 λM=0.0000 DURR(dir/res/hall)=1.2245/0.0000/0.0000 λD=1.000 route=363 E/S=110/253 rescue=0 empty=0 hall=0/0 FG/HBG/EBG=56/0/1536 grad=28.42
[E51] batch=100/250 pseudo=4 loss=4.6336 sfseg=4.5307 seg=0.4030 mard=2.0902 λM=0.0000 DURR(dir/res/hall)=1.0282/0.0000/0.0000 λD=1.000 route=403 E/S=225/178 rescue=0 empty=0 hall=0/0 FG/HBG/EBG=32/0/1536 grad=33.98
[E51] batch=110/250 pseudo=4 loss=28.2201 sfseg=27.4058 seg=2.9358 mard=2.0179 λM=0.0000 DURR(dir/res/hall)=3.5371/0.0000/4.6057 λD=1.000 route=643 E/S=67/576 rescue=0 empty=1 hall=1/737 FG/HBG/EBG=32/0/1152 grad=82.03
[E51] batch=120/250 pseudo=4 loss=7.0033 sfseg=6.8119 seg=0.4530 mard=2.0209 λM=0.0000 DURR(dir/res/hall)=1.9141/0.0000/0.0000 λD=1.000 route=132 E/S=57/75 rescue=0 empty=0 hall=0/0 FG/HBG/EBG=32/0/1536 grad=26.14
[E51] batch=130/250 pseudo=4 loss=13.5364 sfseg=13.4345 seg=0.5861 mard=2.0651 λM=0.0000 DURR(dir/res/hall)=1.0195/0.0000/0.0000 λD=1.000 route=369 E/S=198/171 rescue=0 empty=0 hall=0/0 FG/HBG/EBG=32/0/1536 grad=57.25
[E51] batch=140/250 pseudo=4 loss=11.5206 sfseg=11.3664 seg=0.5626 mard=2.0244 λM=0.0000 DURR(dir/res/hall)=1.5417/0.0000/0.0000 λD=1.000 route=588 E/S=217/371 rescue=0 empty=0 hall=0/0 FG/HBG/EBG=32/0/1536 grad=52.89
[E51] batch=150/250 pseudo=4 loss=6.7159 sfseg=6.6134 seg=0.5417 mard=1.9889 λM=0.0000 DURR(dir/res/hall)=1.0243/0.0000/0.0000 λD=1.000 route=310 E/S=51/259 rescue=0 empty=0 hall=0/0 FG/HBG/EBG=32/0/1536 grad=44.57
[E51] batch=160/250 pseudo=4 loss=14.7141 sfseg=14.5889 seg=0.7307 mard=2.0281 λM=0.0000 DURR(dir/res/hall)=1.2517/0.0000/0.0000 λD=1.000 route=260 E/S=119/141 rescue=0 empty=0 hall=0/0 FG/HBG/EBG=32/0/1536 grad=49.91
[E51] batch=170/250 pseudo=4 loss=10.5314 sfseg=10.2684 seg=0.9007 mard=2.0197 λM=0.0000 DURR(dir/res/hall)=2.6301/0.0000/0.0000 λD=1.000 route=174 E/S=83/91 rescue=0 empty=0 hall=0/0 FG/HBG/EBG=32/0/1536 grad=39.24
[E51] batch=180/250 pseudo=4 loss=7.4702 sfseg=7.3523 seg=0.2958 mard=2.0046 λM=0.0000 DURR(dir/res/hall)=1.1793/0.0000/0.0000 λD=1.000 route=116 E/S=40/76 rescue=0 empty=0 hall=0/0 FG/HBG/EBG=32/0/1536 grad=99.48
[E51] batch=190/250 pseudo=5 loss=8.8009 sfseg=8.6930 seg=0.4635 mard=2.0337 λM=0.0000 DURR(dir/res/hall)=1.0790/0.0000/0.0000 λD=1.000 route=475 E/S=54/421 rescue=0 empty=0 hall=0/0 FG/HBG/EBG=40/0/1536 grad=39.34
[E51] batch=200/250 pseudo=4 loss=2.0731 sfseg=1.9619 seg=0.1588 mard=2.0597 λM=0.0000 DURR(dir/res/hall)=1.1121/0.0000/0.0000 λD=1.000 route=115 E/S=65/50 rescue=0 empty=0 hall=0/0 FG/HBG/EBG=32/0/1536 grad=27.65
[E51] batch=210/250 pseudo=4 loss=3.2087 sfseg=3.1200 seg=0.2045 mard=2.0345 λM=0.0000 DURR(dir/res/hall)=0.8879/0.0000/0.0000 λD=1.000 route=301 E/S=131/170 rescue=0 empty=0 hall=0/0 FG/HBG/EBG=32/0/1536 grad=39.43
[E51] batch=220/250 pseudo=4 loss=7.7212 sfseg=7.5919 seg=0.2498 mard=2.0380 λM=0.0000 DURR(dir/res/hall)=1.2932/0.0000/0.0000 λD=1.000 route=171 E/S=61/110 rescue=0 empty=0 hall=0/0 FG/HBG/EBG=32/0/1536 grad=35.86
[E51] batch=230/250 pseudo=4 loss=8.0242 sfseg=7.9529 seg=0.3559 mard=2.0545 λM=0.0000 DURR(dir/res/hall)=0.7134/0.0000/0.0000 λD=1.000 route=216 E/S=80/136 rescue=0 empty=0 hall=0/0 FG/HBG/EBG=32/0/1536 grad=27.75
[E51] batch=240/250 pseudo=4 loss=7.4448 sfseg=7.2857 seg=0.4643 mard=2.0400 λM=0.0000 DURR(dir/res/hall)=1.5917/0.0000/0.0000 λD=1.000 route=479 E/S=90/389 rescue=0 empty=0 hall=0/0 FG/HBG/EBG=32/0/1536 grad=32.12
[E51] batch=250/250 pseudo=4 loss=4.5545 sfseg=4.4838 seg=0.3777 mard=2.0121 λM=0.0000 DURR(dir/res/hall)=0.7075/0.0000/0.0000 λD=1.000 route=285 E/S=13/272 rescue=0 empty=0 hall=0/0 FG/HBG/EBG=32/0/1536 grad=28.98

[Epoch 51] DONE time=66.3s valid=250 skipped=0 pseudo=1031 anchors=996 mask_extra=35 reject_rel=12 DURRmatch=968/4688 rescue=12 teacher_empty=43 hall=16/5379 loss=7.2225 sfseg=7.0837 mard=2.0382 dir=1.1943 res=0.0113 hallL=0.1713 route E/S=26387/50983
[E52] batch=001/250 pseudo=4 loss=5.8286 sfseg=5.7038 seg=0.2204 mard=2.0425 λM=0.0000 DURR(dir/res/hall)=1.2470/0.0000/0.0000 λD=1.000 route=293 E/S=77/216 rescue=0 empty=0 hall=0/0 FG/HBG/EBG=32/0/1536 grad=33.64
[E52] batch=010/250 pseudo=5 loss=17.1736 sfseg=17.0335 seg=1.7144 mard=2.0348 λM=0.0000 DURR(dir/res/hall)=1.4008/0.0000/0.0000 λD=1.000 route=418 E/S=115/303 rescue=0 empty=0 hall=0/0 FG/HBG/EBG=40/0/1536 grad=32.58
[E52] batch=020/250 pseudo=5 loss=6.2886 sfseg=6.2235 seg=0.1457 mard=2.0590 λM=0.0000 DURR(dir/res/hall)=0.6508/0.0000/0.0000 λD=1.000 route=59 E/S=16/43 rescue=0 empty=0 hall=0/0 FG/HBG/EBG=40/0/1536 grad=47.44
[E52] batch=030/250 pseudo=4 loss=4.2241 sfseg=4.0972 seg=0.1818 mard=2.0179 λM=0.0000 DURR(dir/res/hall)=1.2682/0.0000/0.0000 λD=1.000 route=92 E/S=55/37 rescue=0 empty=0 hall=0/0 FG/HBG/EBG=32/0/1536 grad=28.42
[E52] batch=040/250 pseudo=4 loss=7.9598 sfseg=7.8289 seg=0.4298 mard=2.0362 λM=0.0000 DURR(dir/res/hall)=1.3091/0.0000/0.0000 λD=1.000 route=519 E/S=116/403 rescue=0 empty=0 hall=0/0 FG/HBG/EBG=32/0/1536 grad=36.75
[E52] batch=050/250 pseudo=4 loss=5.1086 sfseg=5.0126 seg=0.3829 mard=2.0318 λM=0.0000 DURR(dir/res/hall)=0.9599/0.0000/0.0000 λD=1.000 route=314 E/S=131/183 rescue=0 empty=0 hall=0/0 FG/HBG/EBG=32/0/1536 grad=21.03
[E52] batch=060/250 pseudo=3 loss=7.4937 sfseg=7.3758 seg=0.3745 mard=2.0049 λM=0.0000 DURR(dir/res/hall)=1.1786/0.0000/0.0000 λD=1.000 route=308 E/S=58/250 rescue=0 empty=1 hall=0/0 FG/HBG/EBG=24/0/1152 grad=30.40
[E52] batch=070/250 pseudo=4 loss=7.0617 sfseg=6.9702 seg=0.6620 mard=2.0752 λM=0.0000 DURR(dir/res/hall)=0.9145/0.0000/0.0000 λD=1.000 route=295 E/S=47/248 rescue=0 empty=0 hall=0/0 FG/HBG/EBG=32/0/1536 grad=39.52
[E52] batch=080/250 pseudo=4 loss=1.8922 sfseg=1.8190 seg=0.1640 mard=2.0105 λM=0.0000 DURR(dir/res/hall)=0.7317/0.0000/0.0000 λD=1.000 route=152 E/S=86/66 rescue=0 empty=0 hall=0/0 FG/HBG/EBG=32/0/1536 grad=25.70
[E52] batch=090/250 pseudo=6 loss=3.1985 sfseg=3.0369 seg=0.2215 mard=2.0077 λM=0.0000 DURR(dir/res/hall)=1.6159/0.0000/0.0000 λD=1.000 route=146 E/S=30/116 rescue=0 empty=0 hall=0/0 FG/HBG/EBG=48/0/1536 grad=34.46
[E52] batch=100/250 pseudo=4 loss=4.8512 sfseg=4.7281 seg=0.4521 mard=2.0610 λM=0.0000 DURR(dir/res/hall)=1.2313/0.0000/0.0000 λD=1.000 route=234 E/S=58/176 rescue=0 empty=0 hall=0/0 FG/HBG/EBG=32/0/1536 grad=45.54
[E52] batch=110/250 pseudo=6 loss=6.0208 sfseg=5.8936 seg=0.4821 mard=2.0229 λM=0.0000 DURR(dir/res/hall)=1.2723/0.0000/0.0000 λD=1.000 route=271 E/S=114/157 rescue=0 empty=0 hall=0/0 FG/HBG/EBG=48/0/1536 grad=31.65
[E52] batch=120/250 pseudo=3 loss=4.3942 sfseg=3.8216 seg=0.4575 mard=2.0198 λM=0.0000 DURR(dir/res/hall)=1.2949/0.0000/4.4311 λD=1.000 route=92 E/S=8/84 rescue=0 empty=1 hall=1/621 FG/HBG/EBG=24/0/1152 grad=42.38
[E52] batch=130/250 pseudo=4 loss=8.4134 sfseg=8.3056 seg=0.4976 mard=2.0317 λM=0.0000 DURR(dir/res/hall)=1.0782/0.0000/0.0000 λD=1.000 route=628 E/S=259/369 rescue=0 empty=0 hall=0/0 FG/HBG/EBG=32/0/1536 grad=28.65
[E52] batch=140/250 pseudo=4 loss=3.2326 sfseg=3.1445 seg=0.2312 mard=2.0621 λM=0.0000 DURR(dir/res/hall)=0.8814/0.0000/0.0000 λD=1.000 route=112 E/S=51/61 rescue=0 empty=0 hall=0/0 FG/HBG/EBG=32/0/1536 grad=22.92
[E52] batch=150/250 pseudo=5 loss=4.5560 sfseg=4.4630 seg=0.3892 mard=2.0227 λM=0.0000 DURR(dir/res/hall)=0.9297/0.0000/0.0000 λD=1.000 route=170 E/S=55/115 rescue=0 empty=0 hall=0/0 FG/HBG/EBG=40/0/1536 grad=23.98
[E52] batch=160/250 pseudo=4 loss=3.3774 sfseg=3.2713 seg=0.2016 mard=2.0326 λM=0.0000 DURR(dir/res/hall)=1.0615/0.0000/0.0000 λD=1.000 route=196 E/S=103/93 rescue=0 empty=0 hall=0/0 FG/HBG/EBG=32/0/1536 grad=39.82
[E52] batch=170/250 pseudo=4 loss=3.3471 sfseg=3.2481 seg=0.2182 mard=2.0735 λM=0.0000 DURR(dir/res/hall)=0.9901/0.0000/0.0000 λD=1.000 route=184 E/S=70/114 rescue=0 empty=0 hall=0/0 FG/HBG/EBG=32/0/1536 grad=60.26
[E52] batch=180/250 pseudo=6 loss=7.3802 sfseg=7.2545 seg=0.5722 mard=2.0311 λM=0.0000 DURR(dir/res/hall)=1.2571/0.0000/0.0000 λD=1.000 route=620 E/S=82/538 rescue=0 empty=0 hall=0/0 FG/HBG/EBG=48/0/1536 grad=23.59
[E52] batch=190/250 pseudo=5 loss=6.6505 sfseg=6.4965 seg=0.5228 mard=2.0209 λM=0.0000 DURR(dir/res/hall)=1.5400/0.0000/0.0000 λD=1.000 route=513 E/S=223/290 rescue=0 empty=0 hall=0/0 FG/HBG/EBG=40/0/1536 grad=60.63
[E52] batch=200/250 pseudo=4 loss=2.9266 sfseg=2.7951 seg=0.1788 mard=2.0298 λM=0.0000 DURR(dir/res/hall)=1.3147/0.0000/0.0000 λD=1.000 route=135 E/S=69/66 rescue=0 empty=0 hall=0/0 FG/HBG/EBG=32/0/1536 grad=29.06
[E52] batch=210/250 pseudo=2 loss=3.6918 sfseg=3.5542 seg=0.3492 mard=2.0426 λM=0.0000 DURR(dir/res/hall)=1.3748/0.0000/0.0008 λD=1.000 route=86 E/S=28/58 rescue=0 empty=2 hall=1/0 FG/HBG/EBG=16/0/768 grad=19.31
[E52] batch=220/250 pseudo=4 loss=12.0773 sfseg=11.9643 seg=0.7022 mard=2.0000 λM=0.0000 DURR(dir/res/hall)=1.1302/0.0000/0.0000 λD=1.000 route=294 E/S=45/249 rescue=0 empty=0 hall=0/0 FG/HBG/EBG=32/0/1536 grad=55.45
[E52] batch=230/250 pseudo=4 loss=8.0638 sfseg=7.9171 seg=0.9814 mard=2.0505 λM=0.0000 DURR(dir/res/hall)=1.4675/0.0000/0.0000 λD=1.000 route=244 E/S=86/158 rescue=0 empty=0 hall=0/0 FG/HBG/EBG=32/0/1536 grad=33.27
[E52] batch=240/250 pseudo=4 loss=2.5948 sfseg=2.5134 seg=0.2003 mard=2.0302 λM=0.0000 DURR(dir/res/hall)=0.8138/0.0000/0.0000 λD=1.000 route=223 E/S=71/152 rescue=0 empty=0 hall=0/0 FG/HBG/EBG=32/0/1536 grad=28.66
[E52] batch=250/250 pseudo=5 loss=4.0174 sfseg=3.8982 seg=0.3328 mard=1.9993 λM=0.0000 DURR(dir/res/hall)=1.1922/0.0000/0.0000 λD=1.000 route=118 E/S=33/85 rescue=0 empty=0 hall=0/0 FG/HBG/EBG=40/0/1536 grad=33.89

[Epoch 52] DONE time=66.4s valid=250 skipped=0 pseudo=1030 anchors=989 mask_extra=41 reject_rel=12 DURRmatch=956/4641 rescue=14 teacher_empty=41 hall=12/4577 loss=6.9834 sfseg=6.8523 mard=2.0397 dir=1.1596 res=0.0167 hallL=0.1182 route E/S=25856/49850
[E53] batch=001/250 pseudo=4 loss=5.3715 sfseg=5.1999 seg=0.4272 mard=2.0110 λM=0.0000 DURR(dir/res/hall)=1.7166/0.0000/0.0000 λD=1.000 route=249 E/S=82/167 rescue=0 empty=0 hall=0/0 FG/HBG/EBG=32/0/1536 grad=32.07
[E53] batch=010/250 pseudo=4 loss=7.4849 sfseg=7.3856 seg=0.6515 mard=2.0791 λM=0.0000 DURR(dir/res/hall)=0.9925/0.0000/0.0000 λD=1.000 route=460 E/S=161/299 rescue=0 empty=0 hall=0/0 FG/HBG/EBG=32/0/1536 grad=44.84
[E53] batch=020/250 pseudo=4 loss=9.4317 sfseg=9.3405 seg=0.4559 mard=2.0247 λM=0.0000 DURR(dir/res/hall)=0.9115/0.0000/0.0000 λD=1.000 route=641 E/S=112/529 rescue=0 empty=0 hall=0/0 FG/HBG/EBG=32/0/1536 grad=63.90
[E53] batch=030/250 pseudo=4 loss=3.8938 sfseg=3.7191 seg=0.2583 mard=2.0880 λM=0.0000 DURR(dir/res/hall)=1.7472/0.0000/0.0000 λD=1.000 route=82 E/S=52/30 rescue=0 empty=0 hall=0/0 FG/HBG/EBG=32/0/1536 grad=39.61
[E53] batch=040/250 pseudo=5 loss=8.8127 sfseg=8.6953 seg=0.6891 mard=2.0152 λM=0.0000 DURR(dir/res/hall)=1.1747/0.0000/0.0000 λD=1.000 route=176 E/S=80/96 rescue=0 empty=0 hall=0/0 FG/HBG/EBG=40/0/1536 grad=26.50
[E53] batch=050/250 pseudo=3 loss=5.5982 sfseg=5.4951 seg=0.5992 mard=2.0569 λM=0.0000 DURR(dir/res/hall)=1.0305/0.0000/0.0000 λD=1.000 route=261 E/S=93/168 rescue=0 empty=1 hall=0/0 FG/HBG/EBG=24/0/1152 grad=29.64
[E53] batch=060/250 pseudo=4 loss=3.9692 sfseg=3.8753 seg=0.2826 mard=2.0660 λM=0.0000 DURR(dir/res/hall)=0.9393/0.0000/0.0000 λD=1.000 route=311 E/S=241/70 rescue=0 empty=0 hall=0/0 FG/HBG/EBG=32/0/1536 grad=23.45
[E53] batch=070/250 pseudo=4 loss=6.9659 sfseg=6.8667 seg=0.5920 mard=2.0289 λM=0.0000 DURR(dir/res/hall)=0.9923/0.0000/0.0000 λD=1.000 route=192 E/S=75/117 rescue=0 empty=0 hall=0/0 FG/HBG/EBG=32/0/1536 grad=30.35
[E53] batch=080/250 pseudo=4 loss=4.4662 sfseg=4.3569 seg=0.3064 mard=2.0479 λM=0.0000 DURR(dir/res/hall)=1.0932/0.0000/0.0000 λD=1.000 route=166 E/S=96/70 rescue=0 empty=0 hall=0/0 FG/HBG/EBG=32/0/1536 grad=25.73
[E53] batch=090/250 pseudo=4 loss=4.6678 sfseg=4.4942 seg=0.3476 mard=2.0553 λM=0.0000 DURR(dir/res/hall)=1.7364/0.0000/0.0000 λD=1.000 route=85 E/S=70/15 rescue=0 empty=0 hall=0/0 FG/HBG/EBG=32/0/1536 grad=34.48
[E53] batch=100/250 pseudo=3 loss=3.0392 sfseg=2.9184 seg=0.2612 mard=2.0445 λM=0.0000 DURR(dir/res/hall)=1.2082/0.0000/0.0000 λD=1.000 route=118 E/S=64/54 rescue=0 empty=1 hall=0/0 FG/HBG/EBG=24/0/1152 grad=52.23
[E53] batch=110/250 pseudo=4 loss=5.8273 sfseg=5.7185 seg=0.5488 mard=2.0142 λM=0.0000 DURR(dir/res/hall)=1.0884/0.0000/0.0000 λD=1.000 route=295 E/S=130/165 rescue=0 empty=0 hall=0/0 FG/HBG/EBG=32/0/1536 grad=30.42
[E53] batch=120/250 pseudo=4 loss=8.9440 sfseg=8.7869 seg=0.2621 mard=2.0653 λM=0.0000 DURR(dir/res/hall)=1.5710/0.0000/0.0000 λD=1.000 route=304 E/S=115/189 rescue=0 empty=0 hall=0/0 FG/HBG/EBG=32/0/1536 grad=115.29
[E53] batch=130/250 pseudo=4 loss=8.9043 sfseg=8.8122 seg=1.1048 mard=2.0805 λM=0.0000 DURR(dir/res/hall)=0.9219/0.0000/0.0000 λD=1.000 route=437 E/S=83/354 rescue=0 empty=0 hall=0/0 FG/HBG/EBG=32/0/1536 grad=35.03
[E53] batch=140/250 pseudo=4 loss=6.3448 sfseg=6.1984 seg=0.6152 mard=2.0435 λM=0.0000 DURR(dir/res/hall)=1.0363/0.2138/0.0000 λD=1.000 route=155 E/S=39/116 rescue=1 empty=0 hall=0/0 FG/HBG/EBG=32/0/1536 grad=29.26
[E53] batch=150/250 pseudo=4 loss=1.9300 sfseg=1.8480 seg=0.1355 mard=2.0199 λM=0.0000 DURR(dir/res/hall)=0.8197/0.0000/0.0000 λD=1.000 route=178 E/S=87/91 rescue=0 empty=0 hall=0/0 FG/HBG/EBG=32/0/1536 grad=24.82
[E53] batch=160/250 pseudo=6 loss=9.5879 sfseg=9.4548 seg=1.0545 mard=1.9916 λM=0.0000 DURR(dir/res/hall)=1.3303/0.0000/0.0000 λD=1.000 route=360 E/S=195/165 rescue=0 empty=0 hall=0/0 FG/HBG/EBG=48/0/1536 grad=26.26
[E53] batch=170/250 pseudo=3 loss=3.2108 sfseg=3.1309 seg=0.3670 mard=2.1303 λM=0.0000 DURR(dir/res/hall)=0.7987/0.0000/0.0000 λD=1.000 route=177 E/S=45/132 rescue=0 empty=1 hall=0/0 FG/HBG/EBG=24/0/1152 grad=21.79
[E53] batch=180/250 pseudo=3 loss=5.0116 sfseg=4.9356 seg=0.5830 mard=2.0734 λM=0.0000 DURR(dir/res/hall)=0.7596/0.0000/0.0000 λD=1.000 route=431 E/S=27/404 rescue=0 empty=1 hall=1/0 FG/HBG/EBG=24/0/1152 grad=22.92
[E53] batch=190/250 pseudo=4 loss=2.5780 sfseg=2.4683 seg=0.1841 mard=2.0495 λM=0.0000 DURR(dir/res/hall)=1.0967/0.0000/0.0000 λD=1.000 route=222 E/S=49/173 rescue=0 empty=0 hall=0/0 FG/HBG/EBG=32/0/1536 grad=17.19
[E53] batch=200/250 pseudo=4 loss=4.3437 sfseg=4.2173 seg=0.3578 mard=2.0305 λM=0.0000 DURR(dir/res/hall)=1.2639/0.0000/0.0000 λD=1.000 route=90 E/S=15/75 rescue=0 empty=0 hall=0/0 FG/HBG/EBG=32/0/1536 grad=30.00
[E53] batch=210/250 pseudo=4 loss=3.4607 sfseg=3.3806 seg=0.2749 mard=2.0678 λM=0.0000 DURR(dir/res/hall)=0.8014/0.0000/0.0000 λD=1.000 route=444 E/S=173/271 rescue=0 empty=0 hall=0/0 FG/HBG/EBG=32/0/1536 grad=24.70
[E53] batch=220/250 pseudo=4 loss=5.8936 sfseg=5.7830 seg=0.3911 mard=2.0521 λM=0.0000 DURR(dir/res/hall)=1.1063/0.0000/0.0000 λD=1.000 route=470 E/S=154/316 rescue=0 empty=0 hall=0/0 FG/HBG/EBG=32/0/1536 grad=23.60
[E53] batch=230/250 pseudo=4 loss=4.3900 sfseg=4.1511 seg=0.1999 mard=2.0873 λM=0.0000 DURR(dir/res/hall)=2.3886/0.0000/0.0000 λD=1.000 route=162 E/S=52/110 rescue=0 empty=0 hall=0/0 FG/HBG/EBG=32/0/1536 grad=35.27
[E53] batch=240/250 pseudo=5 loss=18.9328 sfseg=18.7746 seg=1.3742 mard=2.0242 λM=0.0000 DURR(dir/res/hall)=1.5817/0.0000/0.0000 λD=1.000 route=1233 E/S=276/957 rescue=0 empty=0 hall=0/0 FG/HBG/EBG=40/0/1536 grad=64.14
[E53] batch=250/250 pseudo=2 loss=3.4265 sfseg=3.2702 seg=0.4820 mard=2.0172 λM=0.0000 DURR(dir/res/hall)=1.5631/0.0000/0.0000 λD=1.000 route=121 E/S=60/61 rescue=0 empty=2 hall=0/0 FG/HBG/EBG=16/0/768 grad=103.74

[Epoch 53] DONE time=66.7s valid=250 skipped=0 pseudo=1021 anchors=979 mask_extra=42 reject_rel=13 DURRmatch=950/4635 rescue=14 teacher_empty=49 hall=19/6085 loss=6.4543 sfseg=6.3219 mard=2.0387 dir=1.1076 res=0.0089 hallL=0.1982 route E/S=24397/48025
[E54] batch=001/250 pseudo=3 loss=3.2036 sfseg=3.1529 seg=0.3619 mard=2.0811 λM=0.0000 DURR(dir/res/hall)=0.5070/0.0000/0.0000 λD=1.000 route=161 E/S=15/146 rescue=0 empty=1 hall=0/0 FG/HBG/EBG=24/0/1152 grad=15.35
[E54] batch=010/250 pseudo=4 loss=4.8121 sfseg=4.7183 seg=0.2690 mard=2.0356 λM=0.0000 DURR(dir/res/hall)=0.9384/0.0000/0.0000 λD=1.000 route=272 E/S=157/115 rescue=0 empty=0 hall=0/0 FG/HBG/EBG=32/0/1536 grad=35.17
[E54] batch=020/250 pseudo=5 loss=9.4033 sfseg=9.2713 seg=0.4575 mard=2.0735 λM=0.0000 DURR(dir/res/hall)=1.3192/0.0000/0.0000 λD=1.000 route=845 E/S=399/446 rescue=0 empty=0 hall=0/0 FG/HBG/EBG=40/0/1536 grad=50.22
[E54] batch=030/250 pseudo=2 loss=4.6957 sfseg=4.5613 seg=1.3318 mard=2.0653 λM=0.0000 DURR(dir/res/hall)=1.3439/0.0000/0.0000 λD=1.000 route=392 E/S=266/126 rescue=0 empty=2 hall=0/0 FG/HBG/EBG=16/0/768 grad=22.31
[E54] batch=040/250 pseudo=4 loss=4.0870 sfseg=3.9979 seg=0.2888 mard=2.0092 λM=0.0000 DURR(dir/res/hall)=0.8916/0.0000/0.0000 λD=1.000 route=183 E/S=87/96 rescue=0 empty=0 hall=0/0 FG/HBG/EBG=32/0/1536 grad=28.25
[E54] batch=050/250 pseudo=4 loss=3.3923 sfseg=3.2531 seg=0.2216 mard=2.0338 λM=0.0000 DURR(dir/res/hall)=1.3927/0.0000/0.0000 λD=1.000 route=374 E/S=150/224 rescue=0 empty=0 hall=0/0 FG/HBG/EBG=32/0/1536 grad=32.07
[E54] batch=060/250 pseudo=4 loss=10.5210 sfseg=10.4221 seg=0.3406 mard=2.0358 λM=0.0000 DURR(dir/res/hall)=0.8274/0.0807/0.0000 λD=1.000 route=80 E/S=10/70 rescue=2 empty=0 hall=0/0 FG/HBG/EBG=32/0/1536 grad=57.53
[E54] batch=070/250 pseudo=5 loss=6.0797 sfseg=5.9718 seg=0.3315 mard=2.0302 λM=0.0000 DURR(dir/res/hall)=1.0791/0.0000/0.0000 λD=1.000 route=580 E/S=149/431 rescue=0 empty=0 hall=0/0 FG/HBG/EBG=40/0/1536 grad=31.72
[E54] batch=080/250 pseudo=4 loss=9.0934 sfseg=8.9918 seg=0.6188 mard=2.0451 λM=0.0000 DURR(dir/res/hall)=1.0155/0.0000/0.0000 λD=1.000 route=959 E/S=61/898 rescue=0 empty=0 hall=0/0 FG/HBG/EBG=32/0/1536 grad=62.26
[E54] batch=090/250 pseudo=4 loss=2.6349 sfseg=2.5440 seg=0.2466 mard=2.0760 λM=0.0000 DURR(dir/res/hall)=0.9091/0.0000/0.0000 λD=1.000 route=145 E/S=45/100 rescue=0 empty=0 hall=0/0 FG/HBG/EBG=32/0/1536 grad=17.17
[E54] batch=100/250 pseudo=4 loss=21.3292 sfseg=21.2369 seg=1.5290 mard=2.0322 λM=0.0000 DURR(dir/res/hall)=0.9229/0.0000/0.0000 λD=1.000 route=459 E/S=222/237 rescue=0 empty=0 hall=0/0 FG/HBG/EBG=32/0/1536 grad=88.45
[E54] batch=110/250 pseudo=3 loss=6.5660 sfseg=6.3568 seg=0.4398 mard=2.0109 λM=0.0000 DURR(dir/res/hall)=2.0923/0.0000/0.0000 λD=1.000 route=320 E/S=58/262 rescue=0 empty=1 hall=0/0 FG/HBG/EBG=24/0/1152 grad=31.19
[E54] batch=120/250 pseudo=4 loss=4.3039 sfseg=4.2030 seg=0.3228 mard=2.0306 λM=0.0000 DURR(dir/res/hall)=1.0091/0.0000/0.0000 λD=1.000 route=212 E/S=62/150 rescue=0 empty=0 hall=0/0 FG/HBG/EBG=32/0/1536 grad=25.29
[E54] batch=130/250 pseudo=4 loss=7.0025 sfseg=6.8503 seg=0.4725 mard=2.0788 λM=0.0000 DURR(dir/res/hall)=1.5216/0.0000/0.0000 λD=1.000 route=270 E/S=96/174 rescue=0 empty=0 hall=0/0 FG/HBG/EBG=32/0/1536 grad=31.44
[E54] batch=140/250 pseudo=5 loss=8.4406 sfseg=8.3567 seg=0.6347 mard=2.0697 λM=0.0000 DURR(dir/res/hall)=0.8388/0.0000/0.0000 λD=1.000 route=350 E/S=108/242 rescue=0 empty=0 hall=0/0 FG/HBG/EBG=40/0/1536 grad=36.60
[E54] batch=150/250 pseudo=3 loss=3.6777 sfseg=3.2314 seg=0.2495 mard=2.0422 λM=0.0000 DURR(dir/res/hall)=1.0797/0.0000/3.3833 λD=1.000 route=134 E/S=74/60 rescue=0 empty=1 hall=1/728 FG/HBG/EBG=24/0/1152 grad=23.20
[E54] batch=160/250 pseudo=4 loss=10.9960 sfseg=10.9031 seg=0.3879 mard=2.0149 λM=0.0000 DURR(dir/res/hall)=0.9290/0.0000/0.0000 λD=1.000 route=599 E/S=115/484 rescue=0 empty=0 hall=0/0 FG/HBG/EBG=32/0/1536 grad=45.77
[E54] batch=170/250 pseudo=4 loss=5.8487 sfseg=5.7599 seg=0.5187 mard=2.0582 λM=0.0000 DURR(dir/res/hall)=0.8875/0.0000/0.0000 λD=1.000 route=517 E/S=148/369 rescue=0 empty=0 hall=0/0 FG/HBG/EBG=32/0/1536 grad=32.71
[E54] batch=180/250 pseudo=4 loss=6.6584 sfseg=6.5477 seg=0.3738 mard=2.0247 λM=0.0000 DURR(dir/res/hall)=1.1073/0.0000/0.0000 λD=1.000 route=331 E/S=150/181 rescue=0 empty=0 hall=0/0 FG/HBG/EBG=32/0/1536 grad=32.14
[E54] batch=190/250 pseudo=3 loss=5.4672 sfseg=5.0941 seg=0.6725 mard=2.0296 λM=0.0000 DURR(dir/res/hall)=0.9046/0.0000/2.8263 λD=1.000 route=187 E/S=143/44 rescue=0 empty=1 hall=1/84 FG/HBG/EBG=24/0/1152 grad=35.25
[E54] batch=200/250 pseudo=5 loss=4.1670 sfseg=4.0714 seg=0.2879 mard=2.0828 λM=0.0000 DURR(dir/res/hall)=0.9557/0.0000/0.0000 λD=1.000 route=195 E/S=98/97 rescue=0 empty=0 hall=0/0 FG/HBG/EBG=40/0/1536 grad=26.07
[E54] batch=210/250 pseudo=5 loss=6.7494 sfseg=6.6273 seg=0.3424 mard=2.0508 λM=0.0000 DURR(dir/res/hall)=1.2204/0.0000/0.0000 λD=1.000 route=269 E/S=130/139 rescue=0 empty=0 hall=0/0 FG/HBG/EBG=40/0/1536 grad=90.99
[E54] batch=220/250 pseudo=3 loss=6.6088 sfseg=6.4476 seg=0.5683 mard=2.0350 λM=0.0000 DURR(dir/res/hall)=1.6124/0.0000/0.0000 λD=1.000 route=283 E/S=83/200 rescue=0 empty=1 hall=0/0 FG/HBG/EBG=24/0/1152 grad=36.34
[E54] batch=230/250 pseudo=4 loss=3.8336 sfseg=3.7302 seg=0.2166 mard=2.0373 λM=0.0000 DURR(dir/res/hall)=1.0339/0.0000/0.0000 λD=1.000 route=146 E/S=49/97 rescue=0 empty=0 hall=0/0 FG/HBG/EBG=32/0/1536 grad=39.00
[E54] batch=240/250 pseudo=3 loss=2.1190 sfseg=2.0382 seg=0.2959 mard=1.9824 λM=0.0000 DURR(dir/res/hall)=0.8053/0.0000/0.0024 λD=1.000 route=48 E/S=15/33 rescue=0 empty=1 hall=1/0 FG/HBG/EBG=24/0/1152 grad=18.10
[E54] batch=250/250 pseudo=6 loss=5.6099 sfseg=5.4864 seg=0.3962 mard=2.0389 λM=0.0000 DURR(dir/res/hall)=1.2353/0.0000/0.0000 λD=1.000 route=272 E/S=109/163 rescue=0 empty=0 hall=0/0 FG/HBG/EBG=48/0/1536 grad=30.66

[Epoch 54] DONE time=66.5s valid=250 skipped=0 pseudo=1031 anchors=997 mask_extra=34 reject_rel=9 DURRmatch=963/4674 rescue=10 teacher_empty=44 hall=15/3292 loss=6.9340 sfseg=6.8064 mard=2.0379 dir=1.1290 res=0.0090 hallL=0.1298 route E/S=25975/51366
[E55] batch=001/250 pseudo=5 loss=5.5286 sfseg=5.4379 seg=0.3638 mard=2.0145 λM=0.0000 DURR(dir/res/hall)=0.9073/0.0000/0.0000 λD=1.000 route=566 E/S=169/397 rescue=0 empty=0 hall=0/0 FG/HBG/EBG=40/0/1536 grad=76.43
[E55] batch=010/250 pseudo=3 loss=7.4176 sfseg=6.8631 seg=0.6298 mard=2.0290 λM=0.0000 DURR(dir/res/hall)=0.8684/0.0000/4.6774 λD=1.000 route=337 E/S=126/211 rescue=0 empty=1 hall=1/443 FG/HBG/EBG=24/0/1152 grad=27.44
[E55] batch=020/250 pseudo=4 loss=5.6799 sfseg=5.5848 seg=0.4083 mard=2.0211 λM=0.0000 DURR(dir/res/hall)=0.9507/0.0000/0.0000 λD=1.000 route=335 E/S=64/271 rescue=0 empty=0 hall=0/0 FG/HBG/EBG=32/0/1536 grad=29.32
[E55] batch=030/250 pseudo=5 loss=6.6381 sfseg=6.4974 seg=0.1920 mard=2.0531 λM=0.0000 DURR(dir/res/hall)=1.4066/0.0000/0.0000 λD=1.000 route=214 E/S=107/107 rescue=0 empty=0 hall=0/0 FG/HBG/EBG=40/0/1536 grad=27.75
[E55] batch=040/250 pseudo=4 loss=7.0385 sfseg=6.9526 seg=0.6625 mard=2.0285 λM=0.0000 DURR(dir/res/hall)=0.8592/0.0000/0.0000 λD=1.000 route=234 E/S=12/222 rescue=0 empty=0 hall=0/0 FG/HBG/EBG=32/0/1536 grad=35.51
[E55] batch=050/250 pseudo=3 loss=1.6609 sfseg=1.5934 seg=0.1800 mard=2.0816 λM=0.0000 DURR(dir/res/hall)=0.6752/0.0000/0.0000 λD=1.000 route=168 E/S=27/141 rescue=0 empty=1 hall=0/0 FG/HBG/EBG=24/0/1152 grad=24.35
[E55] batch=060/250 pseudo=4 loss=11.1038 sfseg=11.0309 seg=0.8467 mard=2.0311 λM=0.0000 DURR(dir/res/hall)=0.7286/0.0000/0.0000 λD=1.000 route=122 E/S=54/68 rescue=0 empty=0 hall=0/0 FG/HBG/EBG=32/0/1536 grad=46.81
[E55] batch=070/250 pseudo=4 loss=6.8305 sfseg=6.7299 seg=0.4357 mard=2.0480 λM=0.0000 DURR(dir/res/hall)=1.0056/0.0000/0.0000 λD=1.000 route=504 E/S=138/366 rescue=0 empty=0 hall=0/0 FG/HBG/EBG=32/0/1536 grad=34.23
[E55] batch=080/250 pseudo=4 loss=13.9843 sfseg=13.8854 seg=1.1312 mard=1.9999 λM=0.0000 DURR(dir/res/hall)=0.9888/0.0000/0.0000 λD=1.000 route=641 E/S=328/313 rescue=0 empty=0 hall=0/0 FG/HBG/EBG=32/0/1536 grad=33.09
[E55] batch=090/250 pseudo=4 loss=4.6438 sfseg=4.2497 seg=0.1576 mard=2.0338 λM=0.0000 DURR(dir/res/hall)=0.5291/0.0000/3.4116 λD=1.000 route=95 E/S=22/73 rescue=0 empty=1 hall=1/472 FG/HBG/EBG=32/0/1152 grad=27.78
[E55] batch=100/250 pseudo=3 loss=6.5218 sfseg=6.4312 seg=0.6684 mard=2.0399 λM=0.0000 DURR(dir/res/hall)=0.9065/0.0000/0.0000 λD=1.000 route=494 E/S=140/354 rescue=0 empty=1 hall=1/0 FG/HBG/EBG=24/0/1152 grad=27.42
[E55] batch=110/250 pseudo=4 loss=5.7396 sfseg=5.6533 seg=0.5308 mard=2.0408 λM=0.0000 DURR(dir/res/hall)=0.8625/0.0000/0.0000 λD=1.000 route=437 E/S=194/243 rescue=0 empty=0 hall=0/0 FG/HBG/EBG=32/0/1536 grad=32.03
[E55] batch=120/250 pseudo=4 loss=5.5643 sfseg=5.4754 seg=0.5088 mard=2.0125 λM=0.0000 DURR(dir/res/hall)=0.8885/0.0000/0.0000 λD=1.000 route=228 E/S=107/121 rescue=0 empty=0 hall=0/0 FG/HBG/EBG=32/0/1536 grad=23.99
[E55] batch=130/250 pseudo=4 loss=3.2056 sfseg=3.1043 seg=0.2724 mard=2.0476 λM=0.0000 DURR(dir/res/hall)=1.0137/0.0000/0.0000 λD=1.000 route=140 E/S=85/55 rescue=0 empty=0 hall=0/0 FG/HBG/EBG=32/0/1536 grad=18.15
[E55] batch=140/250 pseudo=3 loss=4.3289 sfseg=3.7060 seg=0.5091 mard=2.0005 λM=0.0000 DURR(dir/res/hall)=1.6283/0.0000/4.5999 λD=1.000 route=83 E/S=29/54 rescue=0 empty=1 hall=1/641 FG/HBG/EBG=24/0/1152 grad=36.69
[E55] batch=150/250 pseudo=4 loss=10.9185 sfseg=10.7975 seg=0.9785 mard=2.0352 λM=0.0000 DURR(dir/res/hall)=1.2099/0.0000/0.0000 λD=1.000 route=704 E/S=155/549 rescue=0 empty=0 hall=0/0 FG/HBG/EBG=32/0/1536 grad=26.42
[E55] batch=160/250 pseudo=3 loss=2.5577 sfseg=2.4559 seg=0.2886 mard=2.0499 λM=0.0000 DURR(dir/res/hall)=1.0175/0.0000/0.0000 λD=1.000 route=158 E/S=24/134 rescue=0 empty=1 hall=0/0 FG/HBG/EBG=24/0/1152 grad=22.95
[E55] batch=170/250 pseudo=5 loss=10.0847 sfseg=9.9624 seg=0.3273 mard=2.0935 λM=0.0000 DURR(dir/res/hall)=1.2226/0.0000/0.0000 λD=1.000 route=403 E/S=98/305 rescue=0 empty=0 hall=0/0 FG/HBG/EBG=40/0/1536 grad=58.74
[E55] batch=180/250 pseudo=4 loss=11.1013 sfseg=10.9935 seg=0.8903 mard=2.0254 λM=0.0000 DURR(dir/res/hall)=1.0778/0.0000/0.0000 λD=1.000 route=495 E/S=255/240 rescue=0 empty=0 hall=0/0 FG/HBG/EBG=32/0/1536 grad=53.97
[E55] batch=190/250 pseudo=3 loss=4.5266 sfseg=4.4980 seg=0.3302 mard=2.0246 λM=0.0000 DURR(dir/res/hall)=0.2863/0.0000/0.0000 λD=1.000 route=281 E/S=178/103 rescue=0 empty=1 hall=0/0 FG/HBG/EBG=24/0/1152 grad=37.38
[E55] batch=200/250 pseudo=3 loss=6.0768 sfseg=5.9169 seg=0.4672 mard=2.0418 λM=0.0000 DURR(dir/res/hall)=1.5990/0.0000/0.0000 λD=1.000 route=225 E/S=68/157 rescue=0 empty=1 hall=0/0 FG/HBG/EBG=24/0/1152 grad=43.49
[E55] batch=210/250 pseudo=4 loss=12.6313 sfseg=12.5194 seg=0.7364 mard=2.0528 λM=0.0000 DURR(dir/res/hall)=1.1181/0.0000/0.0000 λD=1.000 route=368 E/S=134/234 rescue=0 empty=0 hall=0/0 FG/HBG/EBG=32/0/1536 grad=49.06
[E55] batch=220/250 pseudo=4 loss=9.5332 sfseg=9.3867 seg=0.5840 mard=2.0806 λM=0.0000 DURR(dir/res/hall)=1.4653/0.0000/0.0000 λD=1.000 route=208 E/S=94/114 rescue=0 empty=0 hall=0/0 FG/HBG/EBG=32/0/1536 grad=59.47
[E55] batch=230/250 pseudo=4 loss=7.3731 sfseg=7.3005 seg=0.5171 mard=2.0786 λM=0.0000 DURR(dir/res/hall)=0.7257/0.0000/0.0000 λD=1.000 route=500 E/S=133/367 rescue=0 empty=0 hall=0/0 FG/HBG/EBG=32/0/1536 grad=34.97
[E55] batch=240/250 pseudo=4 loss=3.1657 sfseg=3.0831 seg=0.2964 mard=2.0689 λM=0.0000 DURR(dir/res/hall)=0.8254/0.0000/0.0000 λD=1.000 route=233 E/S=93/140 rescue=0 empty=0 hall=0/0 FG/HBG/EBG=32/0/1536 grad=27.10
[E55] batch=250/250 pseudo=4 loss=6.1463 sfseg=6.0533 seg=0.3910 mard=2.0193 λM=0.0000 DURR(dir/res/hall)=0.9296/0.0000/0.0000 λD=1.000 route=600 E/S=111/489 rescue=0 empty=1 hall=0/0 FG/HBG/EBG=32/0/1152 grad=77.56

[Epoch 55] DONE time=66.4s valid=250 skipped=0 pseudo=1031 anchors=989 mask_extra=42 reject_rel=17 DURRmatch=953/4595 rescue=10 teacher_empty=51 hall=20/6397 loss=6.6444 sfseg=6.5103 mard=2.0389 dir=1.1263 res=0.0052 hallL=0.2051 route E/S=25929/48110
[E56] batch=001/250 pseudo=4 loss=14.9548 sfseg=14.8414 seg=0.6755 mard=2.0450 λM=0.0000 DURR(dir/res/hall)=1.1345/0.0000/0.0000 λD=1.000 route=100 E/S=49/51 rescue=0 empty=0 hall=0/0 FG/HBG/EBG=32/0/1536 grad=41.43
[E56] batch=010/250 pseudo=3 loss=5.4168 sfseg=5.2878 seg=0.5309 mard=2.0221 λM=0.0000 DURR(dir/res/hall)=1.2899/0.0000/0.0000 λD=1.000 route=299 E/S=64/235 rescue=0 empty=1 hall=0/0 FG/HBG/EBG=24/0/1152 grad=26.58
[E56] batch=020/250 pseudo=4 loss=13.8086 sfseg=13.7514 seg=0.7429 mard=2.1087 λM=0.0000 DURR(dir/res/hall)=0.5721/0.0000/0.0000 λD=1.000 route=115 E/S=45/70 rescue=0 empty=0 hall=0/0 FG/HBG/EBG=32/0/1536 grad=60.16
[E56] batch=030/250 pseudo=4 loss=6.0671 sfseg=6.0023 seg=0.6506 mard=2.0437 λM=0.0000 DURR(dir/res/hall)=0.6475/0.0000/0.0000 λD=1.000 route=287 E/S=69/218 rescue=0 empty=0 hall=0/0 FG/HBG/EBG=32/0/1536 grad=47.19
[E56] batch=040/250 pseudo=4 loss=3.3908 sfseg=3.2892 seg=0.2377 mard=2.0780 λM=0.0000 DURR(dir/res/hall)=1.0156/0.0000/0.0000 λD=1.000 route=136 E/S=73/63 rescue=0 empty=0 hall=0/0 FG/HBG/EBG=32/0/1536 grad=23.33
[E56] batch=050/250 pseudo=4 loss=11.1856 sfseg=11.0281 seg=0.9256 mard=2.0437 λM=0.0000 DURR(dir/res/hall)=1.5748/0.0000/0.0000 λD=1.000 route=449 E/S=296/153 rescue=0 empty=0 hall=0/0 FG/HBG/EBG=32/0/1536 grad=54.48
[E56] batch=060/250 pseudo=5 loss=7.3195 sfseg=7.2036 seg=0.2835 mard=2.0521 λM=0.0000 DURR(dir/res/hall)=1.1592/0.0000/0.0000 λD=1.000 route=188 E/S=62/126 rescue=0 empty=0 hall=0/0 FG/HBG/EBG=40/0/1536 grad=35.30
[E56] batch=070/250 pseudo=4 loss=5.0948 sfseg=4.9923 seg=0.4716 mard=2.0335 λM=0.0000 DURR(dir/res/hall)=1.0255/0.0000/0.0000 λD=1.000 route=217 E/S=64/153 rescue=0 empty=0 hall=0/0 FG/HBG/EBG=32/0/1536 grad=73.76
[E56] batch=080/250 pseudo=4 loss=3.6675 sfseg=3.5540 seg=0.2257 mard=2.0194 λM=0.0000 DURR(dir/res/hall)=1.1356/0.0000/0.0000 λD=1.000 route=301 E/S=228/73 rescue=0 empty=0 hall=0/0 FG/HBG/EBG=32/0/1536 grad=26.62
[E56] batch=090/250 pseudo=4 loss=17.6154 sfseg=17.4751 seg=0.7915 mard=2.0207 λM=0.0000 DURR(dir/res/hall)=1.4031/0.0000/0.0000 λD=1.000 route=652 E/S=189/463 rescue=0 empty=0 hall=0/0 FG/HBG/EBG=32/0/1536 grad=66.35
[E56] batch=100/250 pseudo=6 loss=9.4691 sfseg=9.3417 seg=0.5511 mard=2.0050 λM=0.0000 DURR(dir/res/hall)=1.2737/0.0000/0.0000 λD=1.000 route=258 E/S=108/150 rescue=0 empty=0 hall=0/0 FG/HBG/EBG=48/0/1536 grad=29.94
[E56] batch=110/250 pseudo=4 loss=4.2343 sfseg=4.1327 seg=0.2088 mard=2.0438 λM=0.0000 DURR(dir/res/hall)=1.0162/0.0000/0.0000 λD=1.000 route=428 E/S=85/343 rescue=0 empty=0 hall=0/0 FG/HBG/EBG=32/0/1536 grad=29.61
[E56] batch=120/250 pseudo=5 loss=7.7878 sfseg=7.6953 seg=0.2754 mard=2.0152 λM=0.0000 DURR(dir/res/hall)=0.9255/0.0000/0.0000 λD=1.000 route=204 E/S=80/124 rescue=0 empty=0 hall=0/0 FG/HBG/EBG=40/0/1536 grad=37.74
[E56] batch=130/250 pseudo=4 loss=7.0014 sfseg=6.8880 seg=0.5058 mard=2.1058 λM=0.0000 DURR(dir/res/hall)=1.1338/0.0000/0.0000 λD=1.000 route=275 E/S=12/263 rescue=0 empty=0 hall=0/0 FG/HBG/EBG=32/0/1536 grad=28.59
[E56] batch=140/250 pseudo=4 loss=5.5062 sfseg=5.3971 seg=0.3063 mard=2.1016 λM=0.0000 DURR(dir/res/hall)=1.0913/0.0000/0.0000 λD=1.000 route=293 E/S=80/213 rescue=0 empty=0 hall=0/0 FG/HBG/EBG=32/0/1536 grad=28.28
[E56] batch=150/250 pseudo=5 loss=7.4232 sfseg=7.2937 seg=0.5070 mard=1.9999 λM=0.0000 DURR(dir/res/hall)=1.2952/0.0000/0.0000 λD=1.000 route=374 E/S=135/239 rescue=0 empty=0 hall=0/0 FG/HBG/EBG=40/0/1536 grad=25.13
[E56] batch=160/250 pseudo=4 loss=7.5893 sfseg=7.3771 seg=0.5093 mard=2.0070 λM=0.0000 DURR(dir/res/hall)=2.1213/0.0000/0.0006 λD=1.000 route=536 E/S=43/493 rescue=0 empty=1 hall=1/0 FG/HBG/EBG=32/0/1152 grad=55.00
[E56] batch=170/250 pseudo=6 loss=19.6575 sfseg=19.4477 seg=1.7118 mard=1.9927 λM=0.0000 DURR(dir/res/hall)=2.0978/0.0000/0.0000 λD=1.000 route=387 E/S=139/248 rescue=0 empty=0 hall=0/0 FG/HBG/EBG=48/0/1536 grad=47.52
[E56] batch=180/250 pseudo=1 loss=4.2508 sfseg=3.8211 seg=0.8307 mard=2.0100 λM=0.0000 DURR(dir/res/hall)=1.1121/0.0000/3.1848 λD=1.000 route=209 E/S=100/109 rescue=0 empty=3 hall=1/41 FG/HBG/EBG=8/0/384 grad=27.37
[E56] batch=190/250 pseudo=4 loss=5.8786 sfseg=5.8208 seg=0.5153 mard=2.0205 λM=0.0000 DURR(dir/res/hall)=0.5778/0.0000/0.0000 λD=1.000 route=161 E/S=75/86 rescue=0 empty=0 hall=0/0 FG/HBG/EBG=32/0/1536 grad=23.47
[E56] batch=200/250 pseudo=6 loss=13.8513 sfseg=13.7086 seg=0.8976 mard=2.0446 λM=0.0000 DURR(dir/res/hall)=1.4279/0.0000/0.0000 λD=1.000 route=679 E/S=95/584 rescue=0 empty=0 hall=0/0 FG/HBG/EBG=48/0/1536 grad=38.56
[E56] batch=210/250 pseudo=4 loss=11.0765 sfseg=10.9433 seg=0.5040 mard=2.0532 λM=0.0000 DURR(dir/res/hall)=1.3328/0.0000/0.0000 λD=1.000 route=260 E/S=122/138 rescue=0 empty=0 hall=0/0 FG/HBG/EBG=32/0/1536 grad=38.68
[E56] batch=220/250 pseudo=6 loss=3.0989 sfseg=2.9640 seg=0.2077 mard=2.0165 λM=0.0000 DURR(dir/res/hall)=1.3490/0.0000/0.0000 λD=1.000 route=277 E/S=95/182 rescue=0 empty=0 hall=0/0 FG/HBG/EBG=48/0/1536 grad=23.05
[E56] batch=230/250 pseudo=4 loss=3.0343 sfseg=2.9517 seg=0.3133 mard=2.0278 λM=0.0000 DURR(dir/res/hall)=0.8267/0.0000/0.0000 λD=1.000 route=319 E/S=25/294 rescue=0 empty=0 hall=0/0 FG/HBG/EBG=32/0/1536 grad=34.41
[E56] batch=240/250 pseudo=4 loss=7.5831 sfseg=7.4283 seg=0.3990 mard=2.0259 λM=0.0000 DURR(dir/res/hall)=1.5480/0.0000/0.0000 λD=1.000 route=265 E/S=90/175 rescue=0 empty=0 hall=0/0 FG/HBG/EBG=32/0/1536 grad=56.80
[E56] batch=250/250 pseudo=4 loss=2.8192 sfseg=2.7080 seg=0.1928 mard=1.9847 λM=0.0000 DURR(dir/res/hall)=1.1123/0.0000/0.0000 λD=1.000 route=79 E/S=16/63 rescue=0 empty=0 hall=0/0 FG/HBG/EBG=32/0/1536 grad=31.97

[Epoch 56] DONE time=66.7s valid=250 skipped=0 pseudo=1032 anchors=995 mask_extra=37 reject_rel=11 DURRmatch=968/4687 rescue=8 teacher_empty=51 hall=19/6016 loss=6.6442 sfseg=6.5118 mard=2.0373 dir=1.1502 res=0.0047 hallL=0.1640 route E/S=25504/49371
[E57] batch=001/250 pseudo=3 loss=4.8702 sfseg=4.7823 seg=0.2692 mard=2.0508 λM=0.0000 DURR(dir/res/hall)=0.8783/0.0000/0.0000 λD=1.000 route=221 E/S=28/193 rescue=0 empty=1 hall=0/0 FG/HBG/EBG=24/0/1152 grad=24.13
[E57] batch=010/250 pseudo=4 loss=7.7956 sfseg=7.6849 seg=0.8540 mard=2.0210 λM=0.0000 DURR(dir/res/hall)=1.1070/0.0000/0.0000 λD=1.000 route=300 E/S=55/245 rescue=0 empty=0 hall=0/0 FG/HBG/EBG=32/0/1536 grad=33.53
[E57] batch=020/250 pseudo=4 loss=12.3500 sfseg=12.2480 seg=1.2082 mard=2.0355 λM=0.0000 DURR(dir/res/hall)=1.0208/0.0000/0.0000 λD=1.000 route=149 E/S=71/78 rescue=0 empty=0 hall=0/0 FG/HBG/EBG=32/0/1536 grad=25.31
[E57] batch=030/250 pseudo=4 loss=7.1862 sfseg=7.0856 seg=0.5394 mard=2.0253 λM=0.0000 DURR(dir/res/hall)=1.0064/0.0000/0.0000 λD=1.000 route=397 E/S=124/273 rescue=0 empty=0 hall=0/0 FG/HBG/EBG=32/0/1536 grad=31.85
[E57] batch=040/250 pseudo=4 loss=8.4485 sfseg=8.3772 seg=0.2847 mard=2.0360 λM=0.0000 DURR(dir/res/hall)=0.7123/0.0000/0.0000 λD=1.000 route=175 E/S=86/89 rescue=0 empty=0 hall=0/0 FG/HBG/EBG=32/0/1536 grad=39.30
[E57] batch=050/250 pseudo=3 loss=4.2071 sfseg=4.1021 seg=0.5175 mard=2.0754 λM=0.0000 DURR(dir/res/hall)=1.0505/0.0000/0.0000 λD=1.000 route=97 E/S=55/42 rescue=0 empty=1 hall=0/0 FG/HBG/EBG=24/0/1152 grad=30.58
[E57] batch=060/250 pseudo=4 loss=11.8581 sfseg=11.6844 seg=0.7743 mard=2.0174 λM=0.0000 DURR(dir/res/hall)=1.7371/0.0000/0.0000 λD=1.000 route=531 E/S=174/357 rescue=0 empty=0 hall=0/0 FG/HBG/EBG=32/0/1536 grad=57.27
[E57] batch=070/250 pseudo=4 loss=6.6388 sfseg=6.5487 seg=0.4056 mard=2.0284 λM=0.0000 DURR(dir/res/hall)=0.9003/0.0000/0.0000 λD=1.000 route=432 E/S=35/397 rescue=0 empty=0 hall=0/0 FG/HBG/EBG=32/0/1536 grad=25.92
[E57] batch=080/250 pseudo=3 loss=10.7707 sfseg=10.6960 seg=1.2911 mard=2.0669 λM=0.0000 DURR(dir/res/hall)=0.7472/0.0000/0.0000 λD=1.000 route=727 E/S=109/618 rescue=0 empty=1 hall=0/0 FG/HBG/EBG=24/0/1152 grad=43.61
[E57] batch=090/250 pseudo=4 loss=7.0909 sfseg=7.0059 seg=0.5258 mard=2.0258 λM=0.0000 DURR(dir/res/hall)=0.8500/0.0000/0.0000 λD=1.000 route=419 E/S=257/162 rescue=0 empty=0 hall=0/0 FG/HBG/EBG=32/0/1536 grad=29.62
[E57] batch=100/250 pseudo=4 loss=2.1953 sfseg=2.1047 seg=0.1426 mard=2.0445 λM=0.0000 DURR(dir/res/hall)=0.9068/0.0000/0.0000 λD=1.000 route=57 E/S=13/44 rescue=0 empty=0 hall=0/0 FG/HBG/EBG=32/0/1536 grad=51.69
[E57] batch=110/250 pseudo=4 loss=5.8485 sfseg=5.7530 seg=0.3963 mard=2.0113 λM=0.0000 DURR(dir/res/hall)=0.9549/0.0000/0.0000 λD=1.000 route=515 E/S=173/342 rescue=0 empty=0 hall=0/0 FG/HBG/EBG=32/0/1536 grad=40.36
[E57] batch=120/250 pseudo=4 loss=4.9836 sfseg=4.8936 seg=0.4355 mard=2.0418 λM=0.0000 DURR(dir/res/hall)=0.9003/0.0000/0.0000 λD=1.000 route=242 E/S=89/153 rescue=0 empty=0 hall=0/0 FG/HBG/EBG=32/0/1536 grad=40.56
[E57] batch=130/250 pseudo=4 loss=15.4293 sfseg=15.2587 seg=1.9985 mard=2.0001 λM=0.0000 DURR(dir/res/hall)=1.7057/0.0000/0.0000 λD=1.000 route=547 E/S=172/375 rescue=0 empty=0 hall=0/0 FG/HBG/EBG=32/0/1536 grad=42.62
[E57] batch=140/250 pseudo=5 loss=5.5022 sfseg=5.4101 seg=0.4056 mard=2.0550 λM=0.0000 DURR(dir/res/hall)=0.9208/0.0000/0.0000 λD=1.000 route=316 E/S=154/162 rescue=0 empty=0 hall=0/0 FG/HBG/EBG=40/0/1536 grad=30.52
[E57] batch=150/250 pseudo=4 loss=3.0981 sfseg=2.9917 seg=0.2826 mard=2.0218 λM=0.0000 DURR(dir/res/hall)=1.0641/0.0000/0.0000 λD=1.000 route=319 E/S=96/223 rescue=0 empty=0 hall=0/0 FG/HBG/EBG=32/0/1536 grad=31.78
[E57] batch=160/250 pseudo=5 loss=8.3586 sfseg=8.1892 seg=0.2739 mard=2.0324 λM=0.0000 DURR(dir/res/hall)=1.6944/0.0000/0.0000 λD=1.000 route=640 E/S=390/250 rescue=0 empty=0 hall=0/0 FG/HBG/EBG=40/0/1536 grad=53.58
[E57] batch=170/250 pseudo=5 loss=11.7727 sfseg=11.6598 seg=0.5567 mard=2.0278 λM=0.0000 DURR(dir/res/hall)=1.1285/0.0000/0.0000 λD=1.000 route=450 E/S=81/369 rescue=0 empty=0 hall=0/0 FG/HBG/EBG=40/0/1536 grad=39.73
[E57] batch=180/250 pseudo=4 loss=4.0711 sfseg=3.9765 seg=0.3322 mard=2.0394 λM=0.0000 DURR(dir/res/hall)=0.9455/0.0000/0.0000 λD=1.000 route=319 E/S=110/209 rescue=0 empty=0 hall=0/0 FG/HBG/EBG=32/0/1536 grad=30.65
[E57] batch=190/250 pseudo=6 loss=4.5381 sfseg=4.4627 seg=0.3313 mard=2.0618 λM=0.0000 DURR(dir/res/hall)=0.7544/0.0000/0.0000 λD=1.000 route=151 E/S=45/106 rescue=0 empty=0 hall=0/0 FG/HBG/EBG=48/0/1536 grad=30.59
[E57] batch=200/250 pseudo=4 loss=6.4149 sfseg=6.3379 seg=0.4107 mard=2.0198 λM=0.0000 DURR(dir/res/hall)=0.7704/0.0000/0.0000 λD=1.000 route=238 E/S=115/123 rescue=0 empty=0 hall=0/0 FG/HBG/EBG=32/0/1536 grad=52.75
[E57] batch=210/250 pseudo=6 loss=5.9170 sfseg=5.8669 seg=0.4533 mard=1.9867 λM=0.0000 DURR(dir/res/hall)=0.5011/0.0000/0.0000 λD=1.000 route=366 E/S=80/286 rescue=0 empty=0 hall=0/0 FG/HBG/EBG=48/0/1536 grad=26.40
[E57] batch=220/250 pseudo=5 loss=9.6565 sfseg=9.5511 seg=0.6335 mard=2.0539 λM=0.0000 DURR(dir/res/hall)=1.0543/0.0000/0.0000 λD=1.000 route=212 E/S=60/152 rescue=0 empty=0 hall=0/0 FG/HBG/EBG=40/0/1536 grad=63.21
[E57] batch=230/250 pseudo=3 loss=7.0574 sfseg=6.9424 seg=0.5652 mard=2.0463 λM=0.0000 DURR(dir/res/hall)=1.1500/0.0000/0.0000 λD=1.000 route=199 E/S=56/143 rescue=0 empty=1 hall=0/0 FG/HBG/EBG=24/0/1152 grad=47.19
[E57] batch=240/250 pseudo=4 loss=4.9803 sfseg=4.8667 seg=0.3117 mard=2.0302 λM=0.0000 DURR(dir/res/hall)=1.1356/0.0000/0.0000 λD=1.000 route=105 E/S=43/62 rescue=0 empty=0 hall=0/0 FG/HBG/EBG=32/0/1536 grad=27.33
[E57] batch=250/250 pseudo=4 loss=8.5881 sfseg=8.0246 seg=0.6020 mard=2.0282 λM=0.0000 DURR(dir/res/hall)=1.1941/0.0000/4.4404 λD=1.000 route=485 E/S=143/342 rescue=0 empty=1 hall=1/642 FG/HBG/EBG=32/0/1152 grad=24.64

[Epoch 57] DONE time=66.4s valid=250 skipped=0 pseudo=1041 anchors=1006 mask_extra=35 reject_rel=18 DURRmatch=975/4704 rescue=6 teacher_empty=43 hall=19/5930 loss=6.8253 sfseg=6.6983 mard=2.0388 dir=1.0995 res=0.0022 hallL=0.1667 route E/S=25895/49958
[E58] batch=001/250 pseudo=2 loss=6.4543 sfseg=6.2551 seg=0.9528 mard=2.0357 λM=0.0000 DURR(dir/res/hall)=1.9915/0.0000/0.0008 λD=1.000 route=450 E/S=103/347 rescue=0 empty=2 hall=1/0 FG/HBG/EBG=16/0/768 grad=20.89
[E58] batch=010/250 pseudo=4 loss=11.4711 sfseg=11.3490 seg=0.7595 mard=2.0083 λM=0.0000 DURR(dir/res/hall)=1.2211/0.0000/0.0000 λD=1.000 route=250 E/S=84/166 rescue=0 empty=0 hall=0/0 FG/HBG/EBG=32/0/1536 grad=42.45
[E58] batch=020/250 pseudo=4 loss=7.1542 sfseg=7.0657 seg=0.4493 mard=2.0322 λM=0.0000 DURR(dir/res/hall)=0.8850/0.0000/0.0000 λD=1.000 route=162 E/S=74/88 rescue=0 empty=0 hall=0/0 FG/HBG/EBG=32/0/1536 grad=69.25
[E58] batch=030/250 pseudo=4 loss=2.2840 sfseg=2.2129 seg=0.1757 mard=2.0183 λM=0.0000 DURR(dir/res/hall)=0.7110/0.0000/0.0000 λD=1.000 route=138 E/S=74/64 rescue=0 empty=0 hall=0/0 FG/HBG/EBG=32/0/1536 grad=35.72
[E58] batch=040/250 pseudo=4 loss=4.0375 sfseg=3.9273 seg=0.2298 mard=2.0687 λM=0.0000 DURR(dir/res/hall)=1.1025/0.0000/0.0000 λD=1.000 route=130 E/S=77/53 rescue=0 empty=0 hall=0/0 FG/HBG/EBG=32/0/1536 grad=52.63
[E58] batch=050/250 pseudo=5 loss=4.6525 sfseg=4.5246 seg=0.4525 mard=2.0247 λM=0.0000 DURR(dir/res/hall)=1.2785/0.0000/0.0000 λD=1.000 route=298 E/S=128/170 rescue=0 empty=0 hall=0/0 FG/HBG/EBG=40/0/1536 grad=26.43
[E58] batch=060/250 pseudo=5 loss=6.0812 sfseg=5.9837 seg=0.3587 mard=2.0677 λM=0.0000 DURR(dir/res/hall)=0.9748/0.0000/0.0000 λD=1.000 route=436 E/S=273/163 rescue=0 empty=0 hall=0/0 FG/HBG/EBG=40/0/1536 grad=32.47
[E58] batch=070/250 pseudo=6 loss=7.3217 sfseg=7.1804 seg=0.5695 mard=2.1001 λM=0.0000 DURR(dir/res/hall)=1.4135/0.0000/0.0000 λD=1.000 route=334 E/S=97/237 rescue=0 empty=0 hall=0/0 FG/HBG/EBG=48/0/1536 grad=32.27
[E58] batch=080/250 pseudo=5 loss=10.9973 sfseg=10.8978 seg=0.7503 mard=2.0120 λM=0.0000 DURR(dir/res/hall)=0.9942/0.0000/0.0000 λD=1.000 route=353 E/S=59/294 rescue=0 empty=0 hall=0/0 FG/HBG/EBG=40/0/1536 grad=29.49
[E58] batch=090/250 pseudo=4 loss=3.8661 sfseg=3.7669 seg=0.3041 mard=2.0116 λM=0.0000 DURR(dir/res/hall)=0.9924/0.0000/0.0000 λD=1.000 route=182 E/S=89/93 rescue=0 empty=0 hall=0/0 FG/HBG/EBG=32/0/1536 grad=29.50
[E58] batch=100/250 pseudo=5 loss=7.3672 sfseg=7.2656 seg=0.6029 mard=2.0588 λM=0.0000 DURR(dir/res/hall)=1.0158/0.0000/0.0000 λD=1.000 route=504 E/S=306/198 rescue=0 empty=0 hall=0/0 FG/HBG/EBG=40/0/1536 grad=42.64
[E58] batch=110/250 pseudo=4 loss=3.2408 sfseg=3.1577 seg=0.2241 mard=2.0023 λM=0.0000 DURR(dir/res/hall)=0.8308/0.0000/0.0000 λD=1.000 route=135 E/S=29/106 rescue=0 empty=0 hall=0/0 FG/HBG/EBG=32/0/1536 grad=25.06
[E58] batch=120/250 pseudo=5 loss=4.2878 sfseg=4.1684 seg=0.3136 mard=2.0715 λM=0.0000 DURR(dir/res/hall)=0.8620/0.1658/0.0000 λD=1.000 route=199 E/S=28/171 rescue=1 empty=0 hall=0/0 FG/HBG/EBG=40/0/1536 grad=32.08
[E58] batch=130/250 pseudo=4 loss=3.7964 sfseg=3.7036 seg=0.2987 mard=2.0243 λM=0.0000 DURR(dir/res/hall)=0.9284/0.0000/0.0000 λD=1.000 route=304 E/S=24/280 rescue=0 empty=0 hall=0/0 FG/HBG/EBG=32/0/1536 grad=53.86
[E58] batch=140/250 pseudo=6 loss=4.6199 sfseg=4.5303 seg=0.3942 mard=2.0402 λM=0.0000 DURR(dir/res/hall)=0.8961/0.0000/0.0000 λD=1.000 route=297 E/S=125/172 rescue=0 empty=0 hall=0/0 FG/HBG/EBG=48/0/1536 grad=27.73
[E58] batch=150/250 pseudo=4 loss=3.0712 sfseg=2.9719 seg=0.2066 mard=2.0511 λM=0.0000 DURR(dir/res/hall)=0.9928/0.0000/0.0000 λD=1.000 route=124 E/S=44/80 rescue=0 empty=0 hall=0/0 FG/HBG/EBG=32/0/1536 grad=43.06
[E58] batch=160/250 pseudo=4 loss=4.9999 sfseg=4.9039 seg=0.4645 mard=2.0557 λM=0.0000 DURR(dir/res/hall)=0.9606/0.0000/0.0000 λD=1.000 route=374 E/S=87/287 rescue=0 empty=0 hall=0/0 FG/HBG/EBG=32/0/1536 grad=32.46
[E58] batch=170/250 pseudo=4 loss=7.1920 sfseg=7.0588 seg=0.6907 mard=2.0510 λM=0.0000 DURR(dir/res/hall)=1.3321/0.0000/0.0000 λD=1.000 route=218 E/S=79/139 rescue=0 empty=0 hall=0/0 FG/HBG/EBG=32/0/1536 grad=30.56
[E58] batch=180/250 pseudo=4 loss=6.2112 sfseg=6.1022 seg=0.3831 mard=2.0201 λM=0.0000 DURR(dir/res/hall)=1.0895/0.0000/0.0000 λD=1.000 route=565 E/S=236/329 rescue=0 empty=0 hall=0/0 FG/HBG/EBG=32/0/1536 grad=17.92
[E58] batch=190/250 pseudo=5 loss=9.5780 sfseg=9.4390 seg=0.4262 mard=2.0149 λM=0.0000 DURR(dir/res/hall)=1.3900/0.0000/0.0000 λD=1.000 route=90 E/S=34/56 rescue=0 empty=0 hall=0/0 FG/HBG/EBG=40/0/1536 grad=98.78
[E58] batch=200/250 pseudo=3 loss=3.6973 sfseg=3.6035 seg=0.4832 mard=2.0596 λM=0.0000 DURR(dir/res/hall)=0.9379/0.0000/0.0001 λD=1.000 route=174 E/S=58/116 rescue=0 empty=1 hall=1/0 FG/HBG/EBG=24/0/1152 grad=27.91
[E58] batch=210/250 pseudo=4 loss=2.3750 sfseg=2.2639 seg=0.1659 mard=2.0134 λM=0.0000 DURR(dir/res/hall)=1.1108/0.0000/0.0000 λD=1.000 route=201 E/S=110/91 rescue=0 empty=0 hall=0/0 FG/HBG/EBG=32/0/1536 grad=22.10
[E58] batch=220/250 pseudo=4 loss=9.5247 sfseg=9.3864 seg=0.5131 mard=2.0553 λM=0.0000 DURR(dir/res/hall)=1.3838/0.0000/0.0000 λD=1.000 route=993 E/S=88/905 rescue=0 empty=0 hall=0/0 FG/HBG/EBG=32/0/1536 grad=48.94
[E58] batch=230/250 pseudo=4 loss=11.7710 sfseg=11.6133 seg=1.7361 mard=1.9840 λM=0.0000 DURR(dir/res/hall)=1.5770/0.0000/0.0000 λD=1.000 route=278 E/S=23/255 rescue=0 empty=1 hall=0/0 FG/HBG/EBG=32/0/1152 grad=52.82
[E58] batch=240/250 pseudo=4 loss=4.3708 sfseg=4.2746 seg=0.4705 mard=2.0247 λM=0.0000 DURR(dir/res/hall)=0.9627/0.0000/0.0000 λD=1.000 route=319 E/S=171/148 rescue=0 empty=0 hall=0/0 FG/HBG/EBG=32/0/1536 grad=24.68
[E58] batch=250/250 pseudo=5 loss=7.2150 sfseg=7.0604 seg=0.4377 mard=2.0365 λM=0.0000 DURR(dir/res/hall)=1.5461/0.0000/0.0000 λD=1.000 route=747 E/S=392/355 rescue=0 empty=0 hall=0/0 FG/HBG/EBG=40/0/1536 grad=40.24

[Epoch 58] DONE time=66.2s valid=250 skipped=0 pseudo=1036 anchors=995 mask_extra=41 reject_rel=15 DURRmatch=964/4663 rescue=12 teacher_empty=44 hall=16/5701 loss=6.7817 sfseg=6.6538 mard=2.0382 dir=1.1193 res=0.0044 hallL=0.1514 route E/S=26766/49724
[E59] batch=001/250 pseudo=4 loss=2.6034 sfseg=2.5123 seg=0.2290 mard=2.0349 λM=0.0000 DURR(dir/res/hall)=0.9108/0.0000/0.0000 λD=1.000 route=254 E/S=84/170 rescue=0 empty=0 hall=0/0 FG/HBG/EBG=32/0/1536 grad=23.36
[E59] batch=010/250 pseudo=5 loss=4.0116 sfseg=3.9020 seg=0.2337 mard=2.0268 λM=0.0000 DURR(dir/res/hall)=1.0958/0.0000/0.0000 λD=1.000 route=189 E/S=106/83 rescue=0 empty=0 hall=0/0 FG/HBG/EBG=40/0/1536 grad=46.95
[E59] batch=020/250 pseudo=2 loss=1.9793 sfseg=1.4793 seg=0.2604 mard=2.0046 λM=0.0000 DURR(dir/res/hall)=0.8771/0.0000/4.1230 λD=1.000 route=152 E/S=114/38 rescue=0 empty=2 hall=1/1504 FG/HBG/EBG=16/0/768 grad=18.27
[E59] batch=030/250 pseudo=4 loss=16.9894 sfseg=16.8311 seg=1.9599 mard=2.0312 λM=0.0000 DURR(dir/res/hall)=1.5821/0.0000/0.0000 λD=1.000 route=814 E/S=214/600 rescue=0 empty=0 hall=0/0 FG/HBG/EBG=32/0/1536 grad=30.53
[E59] batch=040/250 pseudo=4 loss=5.5342 sfseg=5.4547 seg=0.7538 mard=2.0374 λM=0.0000 DURR(dir/res/hall)=0.7952/0.0000/0.0000 λD=1.000 route=185 E/S=33/152 rescue=0 empty=0 hall=0/0 FG/HBG/EBG=32/0/1536 grad=26.22
[E59] batch=050/250 pseudo=7 loss=7.1474 sfseg=7.0660 seg=0.4652 mard=2.0468 λM=0.0000 DURR(dir/res/hall)=0.8136/0.0000/0.0000 λD=1.000 route=243 E/S=139/104 rescue=0 empty=0 hall=0/0 FG/HBG/EBG=56/0/1536 grad=29.21
[E59] batch=060/250 pseudo=5 loss=7.3212 sfseg=7.2262 seg=0.4580 mard=2.0087 λM=0.0000 DURR(dir/res/hall)=0.9494/0.0000/0.0000 λD=1.000 route=516 E/S=163/353 rescue=0 empty=0 hall=0/0 FG/HBG/EBG=40/0/1536 grad=30.40
[E59] batch=070/250 pseudo=3 loss=4.9280 sfseg=4.8505 seg=0.5583 mard=2.0342 λM=0.0000 DURR(dir/res/hall)=0.7748/0.0000/0.0000 λD=1.000 route=304 E/S=78/226 rescue=0 empty=1 hall=0/0 FG/HBG/EBG=24/0/1152 grad=25.52
[E59] batch=080/250 pseudo=4 loss=11.1946 sfseg=11.1003 seg=0.5894 mard=1.9985 λM=0.0000 DURR(dir/res/hall)=0.9437/0.0000/0.0000 λD=1.000 route=591 E/S=126/465 rescue=0 empty=0 hall=0/0 FG/HBG/EBG=32/0/1536 grad=38.73
[E59] batch=090/250 pseudo=5 loss=7.0415 sfseg=6.8880 seg=0.5334 mard=1.9871 λM=0.0000 DURR(dir/res/hall)=1.5352/0.0000/0.0000 λD=1.000 route=291 E/S=77/214 rescue=0 empty=0 hall=0/0 FG/HBG/EBG=40/0/1536 grad=28.97
[E59] batch=100/250 pseudo=4 loss=10.2447 sfseg=10.1338 seg=0.7003 mard=2.0391 λM=0.0000 DURR(dir/res/hall)=1.1087/0.0000/0.0000 λD=1.000 route=485 E/S=66/419 rescue=0 empty=0 hall=0/0 FG/HBG/EBG=32/0/1536 grad=22.43
[E59] batch=110/250 pseudo=4 loss=19.2060 sfseg=19.0547 seg=0.7765 mard=2.0103 λM=0.0000 DURR(dir/res/hall)=1.5130/0.0000/0.0000 λD=1.000 route=307 E/S=166/141 rescue=0 empty=0 hall=0/0 FG/HBG/EBG=32/0/1536 grad=51.40
[E59] batch=120/250 pseudo=4 loss=6.0450 sfseg=5.9179 seg=0.4493 mard=2.0374 λM=0.0000 DURR(dir/res/hall)=1.2705/0.0000/0.0000 λD=1.000 route=196 E/S=80/116 rescue=0 empty=0 hall=0/0 FG/HBG/EBG=32/0/1536 grad=57.80
[E59] batch=130/250 pseudo=4 loss=1.7339 sfseg=1.6430 seg=0.1236 mard=2.0381 λM=0.0000 DURR(dir/res/hall)=0.9091/0.0000/0.0000 λD=1.000 route=192 E/S=21/171 rescue=0 empty=0 hall=0/0 FG/HBG/EBG=32/0/1536 grad=30.97
[E59] batch=140/250 pseudo=4 loss=2.2145 sfseg=2.1465 seg=0.2197 mard=2.0617 λM=0.0000 DURR(dir/res/hall)=0.6793/0.0000/0.0000 λD=1.000 route=122 E/S=59/63 rescue=0 empty=0 hall=0/0 FG/HBG/EBG=32/0/1536 grad=32.23
[E59] batch=150/250 pseudo=4 loss=3.2533 sfseg=3.1664 seg=0.2674 mard=2.0305 λM=0.0000 DURR(dir/res/hall)=0.8698/0.0000/0.0000 λD=1.000 route=268 E/S=131/137 rescue=0 empty=0 hall=0/0 FG/HBG/EBG=32/0/1536 grad=26.83
[E59] batch=160/250 pseudo=4 loss=5.3780 sfseg=5.3294 seg=0.3800 mard=2.0419 λM=0.0000 DURR(dir/res/hall)=0.4852/0.0000/0.0000 λD=1.000 route=463 E/S=41/422 rescue=0 empty=0 hall=0/0 FG/HBG/EBG=32/0/1536 grad=25.78
[E59] batch=170/250 pseudo=4 loss=11.0535 sfseg=10.9566 seg=1.2126 mard=2.0314 λM=0.0000 DURR(dir/res/hall)=0.9692/0.0000/0.0000 λD=1.000 route=528 E/S=186/342 rescue=0 empty=0 hall=0/0 FG/HBG/EBG=32/0/1536 grad=32.15
[E59] batch=180/250 pseudo=4 loss=10.2330 sfseg=10.0599 seg=0.6147 mard=2.0184 λM=0.0000 DURR(dir/res/hall)=1.7312/0.0000/0.0000 λD=1.000 route=491 E/S=144/347 rescue=0 empty=0 hall=0/0 FG/HBG/EBG=32/0/1536 grad=29.76
[E59] batch=190/250 pseudo=4 loss=7.8826 sfseg=7.7780 seg=0.2650 mard=2.1060 λM=0.0000 DURR(dir/res/hall)=1.0457/0.0000/0.0000 λD=1.000 route=251 E/S=36/215 rescue=0 empty=0 hall=0/0 FG/HBG/EBG=32/0/1536 grad=51.20
[E59] batch=200/250 pseudo=4 loss=10.4001 sfseg=10.2730 seg=0.9942 mard=2.0075 λM=0.0000 DURR(dir/res/hall)=1.2702/0.0000/0.0000 λD=1.000 route=384 E/S=146/238 rescue=0 empty=1 hall=1/0 FG/HBG/EBG=32/0/1152 grad=60.29
[E59] batch=210/250 pseudo=6 loss=10.1159 sfseg=10.0096 seg=0.6585 mard=2.0744 λM=0.0000 DURR(dir/res/hall)=1.0635/0.0000/0.0000 λD=1.000 route=444 E/S=233/211 rescue=0 empty=0 hall=0/0 FG/HBG/EBG=48/0/1536 grad=29.55
[E59] batch=220/250 pseudo=4 loss=5.5177 sfseg=5.3711 seg=0.3581 mard=2.0465 λM=0.0000 DURR(dir/res/hall)=1.4657/0.0000/0.0000 λD=1.000 route=532 E/S=90/442 rescue=0 empty=0 hall=0/0 FG/HBG/EBG=32/0/1536 grad=29.32
[E59] batch=230/250 pseudo=4 loss=3.2729 sfseg=3.1516 seg=0.2318 mard=2.0278 λM=0.0000 DURR(dir/res/hall)=1.2123/0.0000/0.0000 λD=1.000 route=145 E/S=71/74 rescue=0 empty=0 hall=0/0 FG/HBG/EBG=32/0/1536 grad=22.76
[E59] batch=240/250 pseudo=4 loss=3.0810 sfseg=2.9925 seg=0.2522 mard=2.0398 λM=0.0000 DURR(dir/res/hall)=0.8852/0.0000/0.0000 λD=1.000 route=118 E/S=81/37 rescue=0 empty=0 hall=0/0 FG/HBG/EBG=32/0/1536 grad=32.78
[E59] batch=250/250 pseudo=4 loss=1.6447 sfseg=1.5493 seg=0.1307 mard=2.0836 λM=0.0000 DURR(dir/res/hall)=0.9531/0.0000/0.0000 λD=1.000 route=80 E/S=29/51 rescue=0 empty=0 hall=0/0 FG/HBG/EBG=32/0/1536 grad=19.10

[Epoch 59] DONE time=66.4s valid=250 skipped=0 pseudo=1021 anchors=987 mask_extra=34 reject_rel=12 DURRmatch=954/4632 rescue=11 teacher_empty=49 hall=15/4830 loss=6.6396 sfseg=6.5125 mard=2.0372 dir=1.1270 res=0.0048 hallL=0.1345 route E/S=24631/50365
[E60] batch=001/250 pseudo=4 loss=3.1418 sfseg=3.0552 seg=0.2382 mard=2.0127 λM=0.0000 DURR(dir/res/hall)=0.8657/0.0000/0.0000 λD=1.000 route=236 E/S=102/134 rescue=0 empty=0 hall=0/0 FG/HBG/EBG=32/0/1536 grad=33.41
[E60] batch=010/250 pseudo=4 loss=5.0334 sfseg=4.9353 seg=0.3428 mard=2.0399 λM=0.0000 DURR(dir/res/hall)=0.9802/0.0000/0.0000 λD=1.000 route=197 E/S=134/63 rescue=0 empty=0 hall=0/0 FG/HBG/EBG=32/0/1536 grad=41.35
[E60] batch=020/250 pseudo=4 loss=9.9162 sfseg=9.7996 seg=0.9535 mard=2.0746 λM=0.0000 DURR(dir/res/hall)=1.1658/0.0000/0.0000 λD=1.000 route=823 E/S=106/717 rescue=0 empty=0 hall=0/0 FG/HBG/EBG=32/0/1536 grad=47.97
[E60] batch=030/250 pseudo=4 loss=6.1907 sfseg=6.1263 seg=0.5451 mard=2.0283 λM=0.0000 DURR(dir/res/hall)=0.6444/0.0000/0.0000 λD=1.000 route=248 E/S=191/57 rescue=0 empty=0 hall=0/0 FG/HBG/EBG=32/0/1536 grad=30.94
[E60] batch=040/250 pseudo=4 loss=7.0364 sfseg=6.8973 seg=0.6616 mard=2.0142 λM=0.0000 DURR(dir/res/hall)=1.3907/0.0000/0.0000 λD=1.000 route=260 E/S=105/155 rescue=0 empty=0 hall=0/0 FG/HBG/EBG=32/0/1536 grad=25.60
[E60] batch=050/250 pseudo=4 loss=5.1190 sfseg=4.9815 seg=0.3671 mard=2.0420 λM=0.0000 DURR(dir/res/hall)=1.3752/0.0000/0.0000 λD=1.000 route=518 E/S=157/361 rescue=0 empty=0 hall=0/0 FG/HBG/EBG=32/0/1536 grad=22.52
[E60] batch=060/250 pseudo=6 loss=7.3237 sfseg=7.1720 seg=0.3552 mard=2.0444 λM=0.0000 DURR(dir/res/hall)=1.5165/0.0000/0.0000 λD=1.000 route=230 E/S=111/119 rescue=0 empty=0 hall=0/0 FG/HBG/EBG=48/0/1536 grad=29.55
[E60] batch=070/250 pseudo=4 loss=4.9374 sfseg=4.8561 seg=0.3318 mard=2.0160 λM=0.0000 DURR(dir/res/hall)=0.8126/0.0000/0.0000 λD=1.000 route=501 E/S=160/341 rescue=0 empty=0 hall=0/0 FG/HBG/EBG=32/0/1536 grad=29.13
[E60] batch=080/250 pseudo=4 loss=5.6701 sfseg=5.5616 seg=0.4503 mard=2.0231 λM=0.0000 DURR(dir/res/hall)=1.0853/0.0000/0.0000 λD=1.000 route=225 E/S=102/123 rescue=0 empty=0 hall=0/0 FG/HBG/EBG=32/0/1536 grad=57.41
[E60] batch=090/250 pseudo=2 loss=18.8054 sfseg=18.7339 seg=2.1462 mard=2.0245 λM=0.0000 DURR(dir/res/hall)=0.7159/0.0000/0.0000 λD=1.000 route=536 E/S=229/307 rescue=0 empty=2 hall=0/0 FG/HBG/EBG=16/0/768 grad=26.52
[E60] batch=100/250 pseudo=4 loss=5.7928 sfseg=5.7056 seg=0.3760 mard=2.0123 λM=0.0000 DURR(dir/res/hall)=0.8719/0.0000/0.0000 λD=1.000 route=177 E/S=98/79 rescue=0 empty=0 hall=0/0 FG/HBG/EBG=32/0/1536 grad=32.84
[E60] batch=110/250 pseudo=5 loss=4.1804 sfseg=4.0810 seg=0.3409 mard=2.0200 λM=0.0000 DURR(dir/res/hall)=0.9934/0.0000/0.0000 λD=1.000 route=455 E/S=102/353 rescue=0 empty=0 hall=0/0 FG/HBG/EBG=40/0/1536 grad=25.59
[E60] batch=120/250 pseudo=4 loss=3.3298 sfseg=3.2534 seg=0.3016 mard=2.0025 λM=0.0000 DURR(dir/res/hall)=0.7649/0.0000/0.0000 λD=1.000 route=120 E/S=47/73 rescue=0 empty=0 hall=0/0 FG/HBG/EBG=32/0/1536 grad=27.37
[E60] batch=130/250 pseudo=4 loss=8.1316 sfseg=7.9752 seg=0.5471 mard=1.9903 λM=0.0000 DURR(dir/res/hall)=1.5642/0.0000/0.0000 λD=1.000 route=421 E/S=166/255 rescue=0 empty=0 hall=0/0 FG/HBG/EBG=32/0/1536 grad=39.20
[E60] batch=140/250 pseudo=4 loss=9.4429 sfseg=9.3737 seg=0.8133 mard=2.0290 λM=0.0000 DURR(dir/res/hall)=0.6918/0.0000/0.0000 λD=1.000 route=277 E/S=142/135 rescue=0 empty=0 hall=0/0 FG/HBG/EBG=32/0/1536 grad=32.10
[E60] batch=150/250 pseudo=4 loss=9.5274 sfseg=9.3833 seg=0.8889 mard=2.0617 λM=0.0000 DURR(dir/res/hall)=1.4403/0.0000/0.0000 λD=1.000 route=429 E/S=127/302 rescue=0 empty=0 hall=0/0 FG/HBG/EBG=32/0/1536 grad=58.62
[E60] batch=160/250 pseudo=4 loss=10.6483 sfseg=10.4249 seg=0.6162 mard=2.0431 λM=0.0000 DURR(dir/res/hall)=2.2343/0.0000/0.0000 λD=1.000 route=477 E/S=145/332 rescue=0 empty=1 hall=0/0 FG/HBG/EBG=32/0/1152 grad=74.68
[E60] batch=170/250 pseudo=4 loss=2.0485 sfseg=1.9469 seg=0.1762 mard=2.0208 λM=0.0000 DURR(dir/res/hall)=1.0158/0.0000/0.0000 λD=1.000 route=95 E/S=37/58 rescue=0 empty=0 hall=0/0 FG/HBG/EBG=32/0/1536 grad=22.75
[E60] batch=180/250 pseudo=4 loss=1.7542 sfseg=1.6481 seg=0.1472 mard=2.0243 λM=0.0000 DURR(dir/res/hall)=1.0614/0.0000/0.0000 λD=1.000 route=112 E/S=35/77 rescue=0 empty=0 hall=0/0 FG/HBG/EBG=32/0/1536 grad=25.87
[E60] batch=190/250 pseudo=5 loss=9.5003 sfseg=9.3730 seg=0.6742 mard=2.0338 λM=0.0000 DURR(dir/res/hall)=1.2737/0.0000/0.0000 λD=1.000 route=465 E/S=136/329 rescue=0 empty=0 hall=0/0 FG/HBG/EBG=40/0/1536 grad=18.50
[E60] batch=200/250 pseudo=4 loss=3.4269 sfseg=3.2350 seg=0.2283 mard=2.0532 λM=0.0000 DURR(dir/res/hall)=1.9187/0.0000/0.0000 λD=1.000 route=335 E/S=121/214 rescue=0 empty=0 hall=0/0 FG/HBG/EBG=32/0/1536 grad=33.04
[E60] batch=210/250 pseudo=4 loss=6.7864 sfseg=6.7064 seg=0.4655 mard=2.0413 λM=0.0000 DURR(dir/res/hall)=0.6287/0.0854/0.0000 λD=1.000 route=138 E/S=71/67 rescue=1 empty=0 hall=0/0 FG/HBG/EBG=32/0/1536 grad=145.52
[E60] batch=220/250 pseudo=3 loss=2.5264 sfseg=2.4087 seg=0.2386 mard=2.0420 λM=0.0000 DURR(dir/res/hall)=1.1767/0.0000/0.0000 λD=1.000 route=216 E/S=117/99 rescue=0 empty=1 hall=0/0 FG/HBG/EBG=24/0/1152 grad=22.68
[E60] batch=230/250 pseudo=3 loss=8.2730 sfseg=8.1622 seg=1.3985 mard=2.0001 λM=0.0000 DURR(dir/res/hall)=1.1081/0.0000/0.0000 λD=1.000 route=484 E/S=86/398 rescue=0 empty=1 hall=0/0 FG/HBG/EBG=24/0/1152 grad=23.84
[E60] batch=240/250 pseudo=4 loss=13.0446 sfseg=12.8651 seg=0.6808 mard=2.0295 λM=0.0000 DURR(dir/res/hall)=1.7945/0.0000/0.0000 λD=1.000 route=737 E/S=189/548 rescue=0 empty=0 hall=0/0 FG/HBG/EBG=32/0/1536 grad=45.27
[E60] batch=250/250 pseudo=4 loss=3.3284 sfseg=3.1949 seg=0.2395 mard=1.9915 λM=0.0000 DURR(dir/res/hall)=1.3049/0.0152/0.0000 λD=1.000 route=121 E/S=24/97 rescue=1 empty=0 hall=0/0 FG/HBG/EBG=32/0/1536 grad=51.71

[Epoch 60] DONE time=66.3s valid=250 skipped=0 pseudo=1031 anchors=989 mask_extra=42 reject_rel=20 DURRmatch=959/4646 rescue=11 teacher_empty=48 hall=15/3467 loss=6.9214 sfseg=6.7999 mard=2.0369 dir=1.0934 res=0.0045 hallL=0.1133 route E/S=25837/49827
[SAVE Student] /home/dang/MedRT-SFOD/runs/seg/ablation/c2k_maskdhf_durr_v1_60ep/checkpoints/durr_student_epoch_60.pt
[SAVE Teacher] /home/dang/MedRT-SFOD/runs/seg/ablation/c2k_maskdhf_durr_v1_60ep/checkpoints/durr_teacher_ema_epoch_60.pt
[AUTO ANALYSIS] 1/1000
[AUTO ANALYSIS] 50/1000
[AUTO ANALYSIS] 100/1000
[AUTO ANALYSIS] 150/1000
[AUTO ANALYSIS] 200/1000
[AUTO ANALYSIS] 250/1000
[AUTO ANALYSIS] 300/1000
[AUTO ANALYSIS] 350/1000
[AUTO ANALYSIS] 400/1000
[AUTO ANALYSIS] 450/1000
[AUTO ANALYSIS] 500/1000
[AUTO ANALYSIS] 550/1000
[AUTO ANALYSIS] 600/1000
[AUTO ANALYSIS] 650/1000
[AUTO ANALYSIS] 700/1000
[AUTO ANALYSIS] 750/1000
[AUTO ANALYSIS] 800/1000
[AUTO ANALYSIS] 850/1000
[AUTO ANALYSIS] 900/1000
[AUTO ANALYSIS] 950/1000
[AUTO ANALYSIS] 1000/1000
[AUTO ANALYSIS SAVED] /home/dang/MedRT-SFOD/runs/seg/ablation/c2k_maskdhf_durr_v1_60ep/final_analysis

[PASS] DURR Stage-2 completed
[NOTE] Both final Student and final EMA Teacher checkpoints were saved automatically.
