nohup: ignoring input
========================================================================
DENSE MEDRT-SFSEG STAGE-2
========================================================================
target images : 1000
labels used   : NO
GT masks used : NO
epochs        : 60
batch         : 4

DHF mode      : mask
Mask-DHF rel  : 0.753071
stability     : 0.4 0.6

MARD lambda0  : 0.05
MARD warmup   : 5.0
MARD mode     : mask
FG definition : inside Teacher pseudo segmentation mask
FG erosion    : 1
mask dilation : 1
hard BG ratio : 0.5
reliability wt: OFF
var/cov obj.   : unchanged
[E01] batch=001/250 pseudo=5 loss=18.5204 seg=1.1552 semseg=2.5412 mard=2.1037 lambda=0.000000 box_extra=0 mask_extra=0 FG/HBG/EBG=40/256/1280 fallback=0 rel=0.876/0.786/0.967 wmean=1.000 grad_preclip=238.09
[E01] batch=020/250 pseudo=4 loss=17.6682 seg=1.9600 semseg=1.3553 mard=2.0242 lambda=0.000400 box_extra=0 mask_extra=0 FG/HBG/EBG=32/192/960 fallback=0 rel=0.857/0.768/0.965 wmean=1.000 grad_preclip=172.87
[E01] batch=040/250 pseudo=6 loss=20.2724 seg=1.6738 semseg=1.4796 mard=2.0207 lambda=0.001117 box_extra=0 mask_extra=0 FG/HBG/EBG=48/320/1216 fallback=0 rel=0.903/0.836/0.957 wmean=1.000 grad_preclip=83.94
[E01] batch=060/250 pseudo=4 loss=4.4212 seg=0.4639 semseg=0.1128 mard=1.9863 lambda=0.001854 box_extra=0 mask_extra=0 FG/HBG/EBG=32/256/1280 fallback=0 rel=0.922/0.826/0.962 wmean=1.000 grad_preclip=30.34
[E01] batch=080/250 pseudo=4 loss=10.2837 seg=1.1885 semseg=0.4111 mard=2.0651 lambda=0.002648 box_extra=1 mask_extra=1 FG/HBG/EBG=32/256/1280 fallback=0 rel=0.939/0.917/0.965 wmean=1.000 grad_preclip=142.51
[E01] batch=100/250 pseudo=4 loss=6.2757 seg=0.4123 semseg=0.1676 mard=1.9677 lambda=0.002566 box_extra=0 mask_extra=0 FG/HBG/EBG=32/256/1280 fallback=0 rel=0.886/0.693/0.970 wmean=1.000 grad_preclip=70.45
[E01] batch=120/250 pseudo=4 loss=8.1629 seg=1.0216 semseg=0.2578 mard=1.9891 lambda=0.004084 box_extra=0 mask_extra=0 FG/HBG/EBG=32/256/1280 fallback=0 rel=0.943/0.903/0.967 wmean=1.000 grad_preclip=61.83
[E01] batch=140/250 pseudo=4 loss=5.4823 seg=0.5031 semseg=0.1957 mard=2.0621 lambda=0.004635 box_extra=0 mask_extra=0 FG/HBG/EBG=32/256/1280 fallback=0 rel=0.934/0.893/0.960 wmean=1.000 grad_preclip=32.04
[E01] batch=160/250 pseudo=5 loss=8.4987 seg=0.7830 semseg=0.2441 mard=2.0347 lambda=0.004196 box_extra=0 mask_extra=0 FG/HBG/EBG=40/256/1280 fallback=0 rel=0.884/0.703/0.948 wmean=1.000 grad_preclip=56.76
[E01] batch=180/250 pseudo=4 loss=13.6192 seg=1.1408 semseg=1.1692 mard=2.0885 lambda=0.005839 box_extra=0 mask_extra=0 FG/HBG/EBG=32/256/1280 fallback=0 rel=0.931/0.899/0.967 wmean=1.000 grad_preclip=138.95
[E01] batch=200/250 pseudo=4 loss=11.2609 seg=0.9893 semseg=0.5713 mard=2.0599 lambda=0.005599 box_extra=1 mask_extra=1 FG/HBG/EBG=32/256/1280 fallback=0 rel=0.901/0.822/0.964 wmean=1.000 grad_preclip=158.12
[E01] batch=220/250 pseudo=4 loss=11.3671 seg=0.6765 semseg=0.9370 mard=2.0122 lambda=0.005405 box_extra=0 mask_extra=0 FG/HBG/EBG=32/256/1280 fallback=0 rel=0.875/0.752/0.961 wmean=1.000 grad_preclip=84.27
[E01] batch=240/250 pseudo=4 loss=5.6633 seg=0.5010 semseg=0.2138 mard=2.0574 lambda=0.007553 box_extra=0 mask_extra=0 FG/HBG/EBG=32/256/1280 fallback=0 rel=0.927/0.840/0.963 wmean=1.000 grad_preclip=47.21
[E01] batch=250/250 pseudo=3 loss=16.5234 seg=1.8697 semseg=1.8141 mard=2.0325 lambda=0.006969 box_extra=0 mask_extra=0 FG/HBG/EBG=24/192/960 fallback=0 rel=0.895/0.805/0.962 wmean=1.000 grad_preclip=278.40

[Epoch 01] DONE time=61.8s valid=250 skipped=0 pseudo=1032 anchors=986 box_extra=62 mask_extra=46 reject_rel=16 loss=10.7982 seg=0.8622 semseg=0.8238 mard=2.0263 lambda_avg=0.003757 FG/HBG/EBG=33.0/254.2/1209.6 rel=0.917/0.669/0.978 wmean=1.000
[E02] batch=001/250 pseudo=4 loss=5.8081 seg=0.5334 semseg=0.1969 mard=2.0037 lambda=0.006805 box_extra=0 mask_extra=0 FG/HBG/EBG=32/256/1280 fallback=0 rel=0.896/0.747/0.958 wmean=1.000 grad_preclip=56.58
[E02] batch=020/250 pseudo=5 loss=4.8003 seg=0.3805 semseg=0.1707 mard=2.0218 lambda=0.008213 box_extra=0 mask_extra=0 FG/HBG/EBG=40/320/1216 fallback=0 rel=0.920/0.807/0.976 wmean=1.000 grad_preclip=33.57
[E02] batch=040/250 pseudo=4 loss=3.7219 seg=0.3600 semseg=0.1067 mard=1.9941 lambda=0.010312 box_extra=0 mask_extra=0 FG/HBG/EBG=32/256/1280 fallback=0 rel=0.956/0.939/0.964 wmean=1.000 grad_preclip=37.58
[E02] batch=060/250 pseudo=5 loss=7.0409 seg=0.6675 semseg=0.2125 mard=2.0113 lambda=0.008332 box_extra=0 mask_extra=0 FG/HBG/EBG=40/256/1280 fallback=0 rel=0.894/0.743/0.966 wmean=1.000 grad_preclip=63.77
[E02] batch=080/250 pseudo=4 loss=11.3352 seg=0.7039 semseg=0.6265 mard=1.9814 lambda=0.009166 box_extra=0 mask_extra=0 FG/HBG/EBG=32/256/1280 fallback=0 rel=0.901/0.780/0.960 wmean=1.000 grad_preclip=153.95
[E02] batch=100/250 pseudo=4 loss=13.2953 seg=1.6275 semseg=0.6168 mard=2.0522 lambda=0.011088 box_extra=0 mask_extra=0 FG/HBG/EBG=32/256/1280 fallback=0 rel=0.925/0.881/0.965 wmean=1.000 grad_preclip=212.02
[E02] batch=120/250 pseudo=5 loss=15.5443 seg=0.7367 semseg=1.9780 mard=2.0318 lambda=0.010936 box_extra=1 mask_extra=1 FG/HBG/EBG=40/320/1216 fallback=0 rel=0.909/0.780/0.955 wmean=1.000 grad_preclip=102.81
[E02] batch=140/250 pseudo=4 loss=12.7770 seg=1.6041 semseg=0.4066 mard=1.9710 lambda=0.013546 box_extra=0 mask_extra=0 FG/HBG/EBG=32/256/1280 fallback=0 rel=0.946/0.939/0.954 wmean=1.000 grad_preclip=170.56
[E02] batch=160/250 pseudo=6 loss=8.4383 seg=0.6988 semseg=0.4720 mard=1.9563 lambda=0.009480 box_extra=0 mask_extra=0 FG/HBG/EBG=48/256/1280 fallback=0 rel=0.858/0.709/0.958 wmean=1.000 grad_preclip=66.54
[E02] batch=180/250 pseudo=4 loss=7.0612 seg=0.6857 semseg=0.2909 mard=2.0204 lambda=0.014339 box_extra=0 mask_extra=0 FG/HBG/EBG=32/256/1280 fallback=0 rel=0.934/0.920/0.942 wmean=1.000 grad_preclip=64.10
[E02] batch=200/250 pseudo=5 loss=9.1550 seg=0.9708 semseg=0.3204 mard=1.9930 lambda=0.013766 box_extra=1 mask_extra=1 FG/HBG/EBG=40/320/1216 fallback=0 rel=0.915/0.797/0.966 wmean=1.000 grad_preclip=63.62
[E02] batch=220/250 pseudo=5 loss=9.4472 seg=0.9432 semseg=0.4618 mard=2.0570 lambda=0.015244 box_extra=0 mask_extra=0 FG/HBG/EBG=40/320/1216 fallback=0 rel=0.927/0.906/0.967 wmean=1.000 grad_preclip=130.28
[E02] batch=240/250 pseudo=3 loss=2.8150 seg=0.3284 semseg=0.1041 mard=2.1178 lambda=0.014135 box_extra=0 mask_extra=0 FG/HBG/EBG=24/192/960 fallback=0 rel=0.912/0.801/0.969 wmean=1.000 grad_preclip=18.25
[E02] batch=250/250 pseudo=4 loss=13.4183 seg=0.5517 semseg=1.3651 mard=1.9778 lambda=0.014062 box_extra=0 mask_extra=0 FG/HBG/EBG=32/256/1280 fallback=0 rel=0.904/0.841/0.953 wmean=1.000 grad_preclip=83.97

[Epoch 02] DONE time=60.0s valid=250 skipped=0 pseudo=1019 anchors=975 box_extra=64 mask_extra=44 reject_rel=20 loss=9.3379 seg=0.7585 semseg=0.6613 mard=2.0260 lambda_avg=0.011600 FG/HBG/EBG=32.6/252.2/1202.4 rel=0.919/0.682/0.976 wmean=1.000
[E03] batch=001/250 pseudo=4 loss=5.5979 seg=0.6147 semseg=0.1784 mard=1.9682 lambda=0.017403 box_extra=0 mask_extra=0 FG/HBG/EBG=32/256/1280 fallback=0 rel=0.947/0.942/0.957 wmean=1.000 grad_preclip=118.19
[E03] batch=020/250 pseudo=4 loss=9.7800 seg=0.8998 semseg=0.5646 mard=2.1044 lambda=0.016996 box_extra=0 mask_extra=0 FG/HBG/EBG=32/256/1280 fallback=0 rel=0.943/0.888/0.971 wmean=1.000 grad_preclip=114.52
[E03] batch=040/250 pseudo=4 loss=16.7305 seg=2.5890 semseg=0.5438 mard=2.0163 lambda=0.019019 box_extra=0 mask_extra=0 FG/HBG/EBG=32/256/1280 fallback=0 rel=0.951/0.930/0.960 wmean=1.000 grad_preclip=149.70
[E03] batch=060/250 pseudo=2 loss=9.7653 seg=1.8538 semseg=0.9810 mard=2.0130 lambda=0.011785 box_extra=0 mask_extra=0 FG/HBG/EBG=16/128/640 fallback=0 rel=0.836/0.777/0.896 wmean=1.000 grad_preclip=141.87
[E03] batch=080/250 pseudo=4 loss=9.5409 seg=0.5855 semseg=0.8249 mard=1.9885 lambda=0.016356 box_extra=0 mask_extra=0 FG/HBG/EBG=32/256/1280 fallback=0 rel=0.905/0.831/0.962 wmean=1.000 grad_preclip=76.15
[E03] batch=100/250 pseudo=4 loss=8.2063 seg=0.6477 semseg=0.4818 mard=2.0456 lambda=0.019825 box_extra=0 mask_extra=0 FG/HBG/EBG=32/256/1280 fallback=0 rel=0.935/0.911/0.959 wmean=1.000 grad_preclip=61.62
[E03] batch=120/250 pseudo=4 loss=5.2729 seg=0.4567 semseg=0.2171 mard=1.9978 lambda=0.018710 box_extra=0 mask_extra=0 FG/HBG/EBG=32/256/1280 fallback=0 rel=0.917/0.797/0.965 wmean=1.000 grad_preclip=36.61
[E03] batch=140/250 pseudo=4 loss=4.2310 seg=0.3849 semseg=0.1317 mard=1.9559 lambda=0.017507 box_extra=0 mask_extra=0 FG/HBG/EBG=32/256/1280 fallback=0 rel=0.893/0.701/0.964 wmean=1.000 grad_preclip=24.32
[E03] batch=160/250 pseudo=5 loss=11.7993 seg=0.6314 semseg=0.5251 mard=2.0595 lambda=0.016063 box_extra=0 mask_extra=0 FG/HBG/EBG=40/320/1216 fallback=0 rel=0.866/0.711/0.952 wmean=1.000 grad_preclip=47.30
[E03] batch=180/250 pseudo=4 loss=12.1813 seg=0.9220 semseg=0.5616 mard=1.9837 lambda=0.021930 box_extra=0 mask_extra=0 FG/HBG/EBG=32/256/1280 fallback=0 rel=0.927/0.900/0.952 wmean=1.000 grad_preclip=109.32
[E03] batch=200/250 pseudo=5 loss=8.3037 seg=0.3700 semseg=0.9029 mard=1.9820 lambda=0.021419 box_extra=0 mask_extra=0 FG/HBG/EBG=40/256/1280 fallback=0 rel=0.923/0.871/0.965 wmean=1.000 grad_preclip=76.75
[E03] batch=220/250 pseudo=4 loss=4.8662 seg=0.3275 semseg=0.2094 mard=1.9918 lambda=0.025689 box_extra=0 mask_extra=0 FG/HBG/EBG=32/256/1280 fallback=0 rel=0.960/0.952/0.964 wmean=1.000 grad_preclip=35.69
[E03] batch=240/250 pseudo=4 loss=7.4735 seg=0.6189 semseg=0.2588 mard=1.9914 lambda=0.024589 box_extra=0 mask_extra=0 FG/HBG/EBG=32/256/1280 fallback=0 rel=0.932/0.880/0.961 wmean=1.000 grad_preclip=42.52
[E03] batch=250/250 pseudo=3 loss=5.4300 seg=0.7563 semseg=0.2520 mard=2.0509 lambda=0.023043 box_extra=0 mask_extra=0 FG/HBG/EBG=24/192/960 fallback=0 rel=0.914/0.852/0.951 wmean=1.000 grad_preclip=58.47

[Epoch 03] DONE time=60.4s valid=250 skipped=0 pseudo=1023 anchors=982 box_extra=59 mask_extra=41 reject_rel=18 loss=10.3986 seg=0.8443 semseg=0.7716 mard=2.0282 lambda_avg=0.019378 FG/HBG/EBG=32.7/251.6/1206.0 rel=0.920/0.681/0.976 wmean=1.000
[E04] batch=001/250 pseudo=3 loss=4.5286 seg=0.4709 semseg=0.2306 mard=2.0726 lambda=0.027161 box_extra=0 mask_extra=0 FG/HBG/EBG=24/192/960 fallback=0 rel=0.963/0.956/0.970 wmean=1.000 grad_preclip=35.15
[E04] batch=020/250 pseudo=4 loss=4.3112 seg=0.3513 semseg=0.1466 mard=2.0563 lambda=0.026377 box_extra=0 mask_extra=0 FG/HBG/EBG=32/256/1280 fallback=0 rel=0.946/0.929/0.963 wmean=1.000 grad_preclip=24.17
[E04] batch=040/250 pseudo=4 loss=6.8108 seg=0.7866 semseg=0.2442 mard=2.1188 lambda=0.022226 box_extra=0 mask_extra=0 FG/HBG/EBG=32/192/960 fallback=0 rel=0.901/0.836/0.960 wmean=1.000 grad_preclip=37.73
[E04] batch=060/250 pseudo=3 loss=8.3074 seg=1.0899 semseg=0.5355 mard=2.0608 lambda=0.028971 box_extra=0 mask_extra=0 FG/HBG/EBG=24/192/960 fallback=0 rel=0.962/0.953/0.968 wmean=1.000 grad_preclip=141.10
[E04] batch=080/250 pseudo=4 loss=5.9136 seg=0.4190 semseg=0.1950 mard=2.0233 lambda=0.029043 box_extra=0 mask_extra=0 FG/HBG/EBG=32/256/1280 fallback=0 rel=0.957/0.936/0.969 wmean=1.000 grad_preclip=78.99
[E04] batch=100/250 pseudo=3 loss=14.6845 seg=1.8002 semseg=1.3026 mard=2.0251 lambda=0.025434 box_extra=0 mask_extra=0 FG/HBG/EBG=24/192/960 fallback=0 rel=0.907/0.864/0.957 wmean=1.000 grad_preclip=96.90
[E04] batch=120/250 pseudo=4 loss=14.8089 seg=1.1126 semseg=1.4313 mard=2.0777 lambda=0.029253 box_extra=0 mask_extra=0 FG/HBG/EBG=32/256/1280 fallback=0 rel=0.938/0.894/0.968 wmean=1.000 grad_preclip=209.36
[E04] batch=140/250 pseudo=3 loss=5.4374 seg=1.0607 semseg=0.3656 mard=1.9821 lambda=0.020591 box_extra=2 mask_extra=1 FG/HBG/EBG=24/192/576 fallback=0 rel=0.859/0.765/0.958 wmean=1.000 grad_preclip=132.67
[E04] batch=160/250 pseudo=2 loss=2.1051 seg=0.3458 semseg=0.1117 mard=2.0640 lambda=0.032390 box_extra=0 mask_extra=0 FG/HBG/EBG=16/128/640 fallback=0 rel=0.958/0.945/0.971 wmean=1.000 grad_preclip=27.77
[E04] batch=180/250 pseudo=4 loss=14.2177 seg=1.0406 semseg=0.7510 mard=2.0052 lambda=0.027278 box_extra=1 mask_extra=0 FG/HBG/EBG=32/256/1280 fallback=0 rel=0.911/0.851/0.949 wmean=1.000 grad_preclip=113.58
[E04] batch=200/250 pseudo=4 loss=6.2610 seg=0.4533 semseg=0.3362 mard=2.0537 lambda=0.032560 box_extra=0 mask_extra=0 FG/HBG/EBG=32/256/1280 fallback=0 rel=0.949/0.932/0.965 wmean=1.000 grad_preclip=50.36
[E04] batch=220/250 pseudo=5 loss=10.4433 seg=0.5449 semseg=1.0069 mard=2.0675 lambda=0.026583 box_extra=0 mask_extra=0 FG/HBG/EBG=40/256/1280 fallback=0 rel=0.901/0.803/0.964 wmean=1.000 grad_preclip=84.20
[E04] batch=240/250 pseudo=5 loss=20.0538 seg=2.3436 semseg=0.8296 mard=1.9910 lambda=0.031421 box_extra=0 mask_extra=0 FG/HBG/EBG=40/256/1280 fallback=0 rel=0.924/0.843/0.954 wmean=1.000 grad_preclip=137.47
[E04] batch=250/250 pseudo=5 loss=6.8124 seg=0.4706 semseg=0.6019 mard=2.0084 lambda=0.029768 box_extra=0 mask_extra=0 FG/HBG/EBG=40/320/1216 fallback=0 rel=0.912/0.782/0.959 wmean=1.000 grad_preclip=89.37

[Epoch 04] DONE time=59.9s valid=250 skipped=0 pseudo=1033 anchors=995 box_extra=55 mask_extra=38 reject_rel=17 loss=10.0754 seg=0.8082 semseg=0.7196 mard=2.0266 lambda_avg=0.026950 FG/HBG/EBG=33.1/252.9/1206.3 rel=0.918/0.596/0.978 wmean=1.000
[E05] batch=001/250 pseudo=5 loss=15.9206 seg=1.5560 semseg=1.0543 mard=2.1082 lambda=0.030002 box_extra=0 mask_extra=0 FG/HBG/EBG=40/256/1280 fallback=0 rel=0.921/0.884/0.954 wmean=1.000 grad_preclip=176.81
[E05] batch=020/250 pseudo=4 loss=5.1367 seg=0.5610 semseg=0.2161 mard=1.9839 lambda=0.030514 box_extra=0 mask_extra=0 FG/HBG/EBG=32/256/1280 fallback=0 rel=0.912/0.843/0.941 wmean=1.000 grad_preclip=55.89
[E05] batch=040/250 pseudo=4 loss=14.9411 seg=1.3820 semseg=0.9760 mard=2.0827 lambda=0.034378 box_extra=0 mask_extra=0 FG/HBG/EBG=32/256/1280 fallback=0 rel=0.936/0.887/0.968 wmean=1.000 grad_preclip=133.56
[E05] batch=060/250 pseudo=4 loss=14.6591 seg=1.4878 semseg=1.0808 mard=2.0035 lambda=0.033225 box_extra=0 mask_extra=0 FG/HBG/EBG=32/256/1280 fallback=0 rel=0.920/0.880/0.955 wmean=1.000 grad_preclip=185.60
[E05] batch=080/250 pseudo=6 loss=16.7529 seg=1.0867 semseg=1.8035 mard=2.0741 lambda=0.036251 box_extra=0 mask_extra=0 FG/HBG/EBG=48/320/1216 fallback=0 rel=0.939/0.919/0.949 wmean=1.000 grad_preclip=261.49
[E05] batch=100/250 pseudo=3 loss=5.2979 seg=0.4130 semseg=0.4946 mard=2.0628 lambda=0.035385 box_extra=0 mask_extra=0 FG/HBG/EBG=24/192/960 fallback=0 rel=0.929/0.863/0.964 wmean=1.000 grad_preclip=54.40
[E05] batch=120/250 pseudo=5 loss=5.7299 seg=0.4206 semseg=0.1664 mard=1.9742 lambda=0.032245 box_extra=0 mask_extra=0 FG/HBG/EBG=40/320/1216 fallback=0 rel=0.912/0.833/0.959 wmean=1.000 grad_preclip=50.05
[E05] batch=140/250 pseudo=3 loss=3.3677 seg=0.4029 semseg=0.1152 mard=1.9692 lambda=0.041708 box_extra=0 mask_extra=0 FG/HBG/EBG=24/192/960 fallback=0 rel=0.963/0.954/0.968 wmean=1.000 grad_preclip=45.17
[E05] batch=160/250 pseudo=5 loss=15.1939 seg=0.6929 semseg=1.5540 mard=1.9886 lambda=0.031386 box_extra=0 mask_extra=0 FG/HBG/EBG=40/256/1280 fallback=0 rel=0.899/0.841/0.964 wmean=1.000 grad_preclip=203.57
[E05] batch=180/250 pseudo=4 loss=9.3647 seg=0.9727 semseg=0.2796 mard=2.0547 lambda=0.028395 box_extra=0 mask_extra=0 FG/HBG/EBG=32/256/1280 fallback=0 rel=0.871/0.758/0.955 wmean=1.000 grad_preclip=110.22
[E05] batch=200/250 pseudo=3 loss=3.3032 seg=0.2807 semseg=0.1419 mard=2.0514 lambda=0.033136 box_extra=0 mask_extra=0 FG/HBG/EBG=24/192/960 fallback=0 rel=0.899/0.763/0.968 wmean=1.000 grad_preclip=30.00
[E05] batch=220/250 pseudo=4 loss=10.4643 seg=0.5926 semseg=0.4425 mard=2.0279 lambda=0.028584 box_extra=1 mask_extra=1 FG/HBG/EBG=32/256/1280 fallback=0 rel=0.871/0.788/0.964 wmean=1.000 grad_preclip=80.05
[E05] batch=240/250 pseudo=4 loss=3.7102 seg=0.2462 semseg=0.1445 mard=2.0749 lambda=0.043522 box_extra=0 mask_extra=0 FG/HBG/EBG=32/256/1280 fallback=0 rel=0.956/0.931/0.965 wmean=1.000 grad_preclip=31.65
[E05] batch=250/250 pseudo=3 loss=5.0573 seg=0.3737 semseg=0.2072 mard=2.0843 lambda=0.026749 box_extra=2 mask_extra=1 FG/HBG/EBG=24/192/960 fallback=0 rel=0.856/0.790/0.942 wmean=1.000 grad_preclip=54.23

[Epoch 05] DONE time=60.2s valid=250 skipped=0 pseudo=1024 anchors=984 box_extra=54 mask_extra=40 reject_rel=14 loss=9.4765 seg=0.7594 semseg=0.6791 mard=2.0276 lambda_avg=0.034631 FG/HBG/EBG=32.8/254.0/1217.5 rel=0.919/0.596/0.975 wmean=1.000
[E06] batch=001/250 pseudo=4 loss=25.5887 seg=1.3798 semseg=4.5546 mard=2.0721 lambda=0.033481 box_extra=1 mask_extra=1 FG/HBG/EBG=32/256/896 fallback=0 rel=0.890/0.822/0.968 wmean=1.000 grad_preclip=254.81
[E06] batch=020/250 pseudo=4 loss=9.4421 seg=0.7411 semseg=0.4065 mard=2.0180 lambda=0.042794 box_extra=0 mask_extra=0 FG/HBG/EBG=32/256/1280 fallback=0 rel=0.947/0.926/0.964 wmean=1.000 grad_preclip=164.67
[E06] batch=040/250 pseudo=4 loss=5.0609 seg=0.2737 semseg=0.4312 mard=2.0208 lambda=0.040220 box_extra=0 mask_extra=0 FG/HBG/EBG=32/256/1280 fallback=0 rel=0.936/0.895/0.956 wmean=1.000 grad_preclip=32.76
[E06] batch=060/250 pseudo=5 loss=9.8171 seg=0.8981 semseg=0.4760 mard=2.0516 lambda=0.028377 box_extra=0 mask_extra=0 FG/HBG/EBG=40/256/1280 fallback=0 rel=0.856/0.709/0.936 wmean=1.000 grad_preclip=52.22
[E06] batch=080/250 pseudo=4 loss=11.4523 seg=1.1369 semseg=1.0223 mard=2.1034 lambda=0.044041 box_extra=0 mask_extra=0 FG/HBG/EBG=32/256/1280 fallback=0 rel=0.956/0.932/0.972 wmean=1.000 grad_preclip=157.02
[E06] batch=100/250 pseudo=5 loss=13.9555 seg=1.7060 semseg=0.6937 mard=2.0292 lambda=0.025707 box_extra=0 mask_extra=0 FG/HBG/EBG=40/256/1280 fallback=0 rel=0.846/0.766/0.948 wmean=1.000 grad_preclip=131.63
[E06] batch=120/250 pseudo=4 loss=8.7505 seg=0.6085 semseg=0.5406 mard=2.0568 lambda=0.034692 box_extra=0 mask_extra=0 FG/HBG/EBG=32/256/1280 fallback=0 rel=0.900/0.718/0.964 wmean=1.000 grad_preclip=93.64
[E06] batch=140/250 pseudo=4 loss=6.3826 seg=0.5006 semseg=0.3538 mard=2.0089 lambda=0.038188 box_extra=0 mask_extra=0 FG/HBG/EBG=32/256/1280 fallback=0 rel=0.913/0.834/0.965 wmean=1.000 grad_preclip=68.12
[E06] batch=160/250 pseudo=4 loss=4.5621 seg=0.3758 semseg=0.1115 mard=1.9671 lambda=0.042177 box_extra=0 mask_extra=0 FG/HBG/EBG=32/256/1280 fallback=0 rel=0.939/0.920/0.955 wmean=1.000 grad_preclip=26.36
[E06] batch=180/250 pseudo=4 loss=4.4372 seg=0.3803 semseg=0.1971 mard=1.9854 lambda=0.042566 box_extra=0 mask_extra=0 FG/HBG/EBG=32/256/1280 fallback=0 rel=0.945/0.934/0.953 wmean=1.000 grad_preclip=31.14
[E06] batch=200/250 pseudo=4 loss=3.1920 seg=0.3067 semseg=0.0988 mard=1.9619 lambda=0.044123 box_extra=0 mask_extra=0 FG/HBG/EBG=32/256/1280 fallback=0 rel=0.954/0.937/0.971 wmean=1.000 grad_preclip=25.00
[E06] batch=220/250 pseudo=4 loss=4.4194 seg=0.3811 semseg=0.1116 mard=2.0360 lambda=0.044641 box_extra=0 mask_extra=0 FG/HBG/EBG=32/256/1280 fallback=0 rel=0.955/0.935/0.971 wmean=1.000 grad_preclip=36.12
[E06] batch=240/250 pseudo=4 loss=3.4119 seg=0.2705 semseg=0.0909 mard=2.0408 lambda=0.044671 box_extra=0 mask_extra=0 FG/HBG/EBG=32/256/1280 fallback=0 rel=0.958/0.953/0.962 wmean=1.000 grad_preclip=28.97
[E06] batch=250/250 pseudo=5 loss=10.4945 seg=1.0573 semseg=0.4489 mard=1.9520 lambda=0.034865 box_extra=2 mask_extra=2 FG/HBG/EBG=40/256/1280 fallback=0 rel=0.904/0.774/0.964 wmean=1.000 grad_preclip=95.86

[Epoch 06] DONE time=59.7s valid=250 skipped=0 pseudo=1022 anchors=973 box_extra=68 mask_extra=49 reject_rel=19 loss=9.1076 seg=0.7157 semseg=0.6753 mard=2.0271 lambda_avg=0.038548 FG/HBG/EBG=32.7/251.1/1198.8 rel=0.919/0.686/0.976 wmean=1.000
[E07] batch=001/250 pseudo=4 loss=4.6308 seg=0.2458 semseg=0.3147 mard=1.9877 lambda=0.042614 box_extra=0 mask_extra=0 FG/HBG/EBG=32/256/1280 fallback=0 rel=0.946/0.902/0.967 wmean=1.000 grad_preclip=30.48
[E07] batch=020/250 pseudo=4 loss=10.4947 seg=0.9917 semseg=0.5191 mard=2.0579 lambda=0.041585 box_extra=0 mask_extra=0 FG/HBG/EBG=32/256/1280 fallback=0 rel=0.936/0.860/0.964 wmean=1.000 grad_preclip=113.93
[E07] batch=040/250 pseudo=3 loss=3.9047 seg=0.4290 semseg=0.2140 mard=2.0252 lambda=0.033546 box_extra=1 mask_extra=0 FG/HBG/EBG=24/192/960 fallback=0 rel=0.888/0.741/0.968 wmean=1.000 grad_preclip=26.84
[E07] batch=060/250 pseudo=4 loss=18.6081 seg=0.8132 semseg=2.5239 mard=2.0413 lambda=0.041633 box_extra=0 mask_extra=0 FG/HBG/EBG=32/256/1280 fallback=0 rel=0.938/0.911/0.960 wmean=1.000 grad_preclip=210.64
[E07] batch=080/250 pseudo=4 loss=5.6423 seg=0.6068 semseg=0.1576 mard=2.0573 lambda=0.044067 box_extra=0 mask_extra=0 FG/HBG/EBG=32/256/1280 fallback=0 rel=0.951/0.928/0.966 wmean=1.000 grad_preclip=38.29
[E07] batch=100/250 pseudo=4 loss=3.3937 seg=0.2676 semseg=0.1183 mard=1.9891 lambda=0.045408 box_extra=0 mask_extra=0 FG/HBG/EBG=32/256/1280 fallback=0 rel=0.962/0.956/0.967 wmean=1.000 grad_preclip=27.72
[E07] batch=120/250 pseudo=4 loss=9.7594 seg=0.7259 semseg=0.3653 mard=2.0736 lambda=0.034586 box_extra=0 mask_extra=0 FG/HBG/EBG=32/256/1280 fallback=0 rel=0.895/0.839/0.951 wmean=1.000 grad_preclip=57.63
[E07] batch=140/250 pseudo=5 loss=9.4834 seg=0.6296 semseg=0.4444 mard=1.9872 lambda=0.034092 box_extra=0 mask_extra=0 FG/HBG/EBG=40/256/1280 fallback=0 rel=0.899/0.776/0.962 wmean=1.000 grad_preclip=224.24
[E07] batch=160/250 pseudo=4 loss=7.8386 seg=0.6884 semseg=0.2614 mard=1.9959 lambda=0.035320 box_extra=1 mask_extra=1 FG/HBG/EBG=32/256/1280 fallback=0 rel=0.899/0.844/0.937 wmean=1.000 grad_preclip=83.66
[E07] batch=180/250 pseudo=4 loss=18.5534 seg=1.9771 semseg=2.0903 mard=1.9820 lambda=0.030346 box_extra=0 mask_extra=0 FG/HBG/EBG=32/256/1280 fallback=0 rel=0.864/0.740/0.966 wmean=1.000 grad_preclip=397.38
[E07] batch=200/250 pseudo=4 loss=4.8354 seg=0.3840 semseg=0.1808 mard=2.0296 lambda=0.042487 box_extra=1 mask_extra=1 FG/HBG/EBG=32/256/1280 fallback=0 rel=0.940/0.921/0.961 wmean=1.000 grad_preclip=43.04
[E07] batch=220/250 pseudo=4 loss=6.3545 seg=0.3424 semseg=0.5590 mard=2.0597 lambda=0.043843 box_extra=0 mask_extra=0 FG/HBG/EBG=32/256/1280 fallback=0 rel=0.956/0.944/0.971 wmean=1.000 grad_preclip=67.50
[E07] batch=240/250 pseudo=4 loss=15.7770 seg=1.2995 semseg=0.8625 mard=2.0575 lambda=0.029293 box_extra=2 mask_extra=1 FG/HBG/EBG=32/256/1280 fallback=0 rel=0.868/0.838/0.952 wmean=1.000 grad_preclip=108.29
[E07] batch=250/250 pseudo=4 loss=7.5750 seg=0.6856 semseg=0.2731 mard=2.0672 lambda=0.041996 box_extra=0 mask_extra=0 FG/HBG/EBG=32/256/1280 fallback=0 rel=0.939/0.927/0.965 wmean=1.000 grad_preclip=70.18

[Epoch 07] DONE time=60.5s valid=250 skipped=0 pseudo=1037 anchors=997 box_extra=58 mask_extra=40 reject_rel=18 loss=8.9592 seg=0.7090 semseg=0.6042 mard=2.0279 lambda_avg=0.038170 FG/HBG/EBG=33.2/255.0/1208.8 rel=0.917/0.673/0.978 wmean=1.000
[E08] batch=001/250 pseudo=4 loss=7.2132 seg=0.7181 semseg=0.2318 mard=2.0209 lambda=0.041570 box_extra=0 mask_extra=0 FG/HBG/EBG=32/256/1280 fallback=0 rel=0.926/0.908/0.949 wmean=1.000 grad_preclip=118.91
[E08] batch=020/250 pseudo=4 loss=15.1149 seg=0.8493 semseg=1.3414 mard=1.9841 lambda=0.035251 box_extra=1 mask_extra=1 FG/HBG/EBG=32/256/1280 fallback=0 rel=0.904/0.785/0.951 wmean=1.000 grad_preclip=94.15
[E08] batch=040/250 pseudo=4 loss=6.9194 seg=0.5347 semseg=0.2632 mard=2.0044 lambda=0.044630 box_extra=0 mask_extra=0 FG/HBG/EBG=32/256/1280 fallback=0 rel=0.954/0.938/0.961 wmean=1.000 grad_preclip=186.63
[E08] batch=060/250 pseudo=5 loss=17.9732 seg=0.9548 semseg=1.9072 mard=2.0519 lambda=0.040161 box_extra=0 mask_extra=0 FG/HBG/EBG=40/320/1216 fallback=0 rel=0.931/0.847/0.973 wmean=1.000 grad_preclip=116.09
[E08] batch=080/250 pseudo=4 loss=9.5424 seg=0.7688 semseg=0.6616 mard=2.0225 lambda=0.044143 box_extra=0 mask_extra=0 FG/HBG/EBG=32/256/1280 fallback=0 rel=0.951/0.926/0.967 wmean=1.000 grad_preclip=161.85
[E08] batch=100/250 pseudo=4 loss=4.9335 seg=0.5148 semseg=0.2517 mard=2.0909 lambda=0.040993 box_extra=0 mask_extra=0 FG/HBG/EBG=32/256/1280 fallback=0 rel=0.929/0.835/0.963 wmean=1.000 grad_preclip=55.88
[E08] batch=120/250 pseudo=4 loss=14.0698 seg=1.0511 semseg=1.6308 mard=2.0108 lambda=0.039629 box_extra=0 mask_extra=0 FG/HBG/EBG=32/256/1280 fallback=0 rel=0.933/0.837/0.969 wmean=1.000 grad_preclip=474.32
[E08] batch=140/250 pseudo=5 loss=10.3914 seg=1.2071 semseg=0.5157 mard=2.0133 lambda=0.037785 box_extra=2 mask_extra=2 FG/HBG/EBG=40/320/1216 fallback=0 rel=0.916/0.859/0.963 wmean=1.000 grad_preclip=39.40
[E08] batch=160/250 pseudo=4 loss=11.7848 seg=0.6670 semseg=0.9162 mard=2.0421 lambda=0.043142 box_extra=0 mask_extra=0 FG/HBG/EBG=32/256/1280 fallback=0 rel=0.952/0.922/0.962 wmean=1.000 grad_preclip=177.52
[E08] batch=180/250 pseudo=5 loss=7.5121 seg=0.5794 semseg=0.3349 mard=2.0035 lambda=0.038489 box_extra=0 mask_extra=0 FG/HBG/EBG=40/256/1280 fallback=0 rel=0.923/0.860/0.959 wmean=1.000 grad_preclip=45.67
[E08] batch=200/250 pseudo=4 loss=13.8153 seg=0.7585 semseg=1.6159 mard=2.0325 lambda=0.039508 box_extra=0 mask_extra=0 FG/HBG/EBG=32/256/1280 fallback=0 rel=0.931/0.886/0.949 wmean=1.000 grad_preclip=449.02
[E08] batch=220/250 pseudo=5 loss=10.9982 seg=0.6202 semseg=1.1360 mard=1.9904 lambda=0.040154 box_extra=0 mask_extra=0 FG/HBG/EBG=40/320/1216 fallback=0 rel=0.928/0.910/0.946 wmean=1.000 grad_preclip=56.61
[E08] batch=240/250 pseudo=5 loss=6.4626 seg=0.3880 semseg=0.2578 mard=1.9849 lambda=0.038748 box_extra=0 mask_extra=0 FG/HBG/EBG=40/320/1216 fallback=0 rel=0.921/0.807/0.957 wmean=1.000 grad_preclip=35.01
[E08] batch=250/250 pseudo=5 loss=4.8619 seg=0.3023 semseg=0.1642 mard=2.0879 lambda=0.034628 box_extra=0 mask_extra=0 FG/HBG/EBG=40/320/1216 fallback=0 rel=0.899/0.770/0.969 wmean=1.000 grad_preclip=26.57

[Epoch 08] DONE time=60.2s valid=250 skipped=0 pseudo=1024 anchors=984 box_extra=59 mask_extra=40 reject_rel=19 loss=8.9865 seg=0.7120 semseg=0.6263 mard=2.0286 lambda_avg=0.038528 FG/HBG/EBG=32.8/253.2/1207.6 rel=0.919/0.686/0.978 wmean=1.000
[E09] batch=001/250 pseudo=3 loss=6.2794 seg=0.6826 semseg=0.2937 mard=2.0339 lambda=0.043013 box_extra=0 mask_extra=0 FG/HBG/EBG=24/192/960 fallback=0 rel=0.947/0.924/0.966 wmean=1.000 grad_preclip=60.49
[E09] batch=020/250 pseudo=4 loss=12.1278 seg=0.8376 semseg=0.7200 mard=1.9946 lambda=0.040237 box_extra=0 mask_extra=0 FG/HBG/EBG=32/256/1280 fallback=0 rel=0.928/0.852/0.966 wmean=1.000 grad_preclip=52.90
[E09] batch=040/250 pseudo=4 loss=7.6847 seg=0.4342 semseg=0.4519 mard=2.0543 lambda=0.040334 box_extra=0 mask_extra=0 FG/HBG/EBG=32/256/1280 fallback=0 rel=0.934/0.897/0.968 wmean=1.000 grad_preclip=79.90
[E09] batch=060/250 pseudo=3 loss=3.3768 seg=0.3133 semseg=0.2860 mard=1.9654 lambda=0.043763 box_extra=0 mask_extra=0 FG/HBG/EBG=24/192/960 fallback=0 rel=0.952/0.947/0.961 wmean=1.000 grad_preclip=99.10
[E09] batch=080/250 pseudo=4 loss=3.3348 seg=0.2668 semseg=0.1114 mard=2.0435 lambda=0.045162 box_extra=0 mask_extra=0 FG/HBG/EBG=32/256/1280 fallback=0 rel=0.961/0.949/0.968 wmean=1.000 grad_preclip=26.65
[E09] batch=100/250 pseudo=4 loss=8.5915 seg=0.8155 semseg=0.4972 mard=2.0090 lambda=0.035285 box_extra=0 mask_extra=0 FG/HBG/EBG=32/256/896 fallback=0 rel=0.885/0.746/0.942 wmean=1.000 grad_preclip=43.50
[E09] batch=120/250 pseudo=4 loss=5.0816 seg=0.3389 semseg=0.3563 mard=2.0308 lambda=0.045467 box_extra=0 mask_extra=0 FG/HBG/EBG=32/256/1280 fallback=0 rel=0.961/0.937/0.970 wmean=1.000 grad_preclip=41.08
[E09] batch=140/250 pseudo=5 loss=8.5596 seg=0.6163 semseg=0.4442 mard=2.0488 lambda=0.040021 box_extra=0 mask_extra=0 FG/HBG/EBG=40/320/1216 fallback=0 rel=0.928/0.858/0.969 wmean=1.000 grad_preclip=123.68
[E09] batch=160/250 pseudo=4 loss=12.7807 seg=0.7782 semseg=1.1743 mard=2.0333 lambda=0.035979 box_extra=0 mask_extra=0 FG/HBG/EBG=32/256/1280 fallback=0 rel=0.903/0.800/0.961 wmean=1.000 grad_preclip=74.70
[E09] batch=180/250 pseudo=5 loss=6.4021 seg=0.4420 semseg=0.2650 mard=2.0105 lambda=0.042623 box_extra=0 mask_extra=0 FG/HBG/EBG=40/256/1280 fallback=0 rel=0.946/0.922/0.966 wmean=1.000 grad_preclip=64.42
[E09] batch=200/250 pseudo=4 loss=24.1131 seg=1.2284 semseg=3.1157 mard=1.9814 lambda=0.041297 box_extra=0 mask_extra=0 FG/HBG/EBG=32/256/1280 fallback=0 rel=0.934/0.856/0.967 wmean=1.000 grad_preclip=92.77
[E09] batch=220/250 pseudo=5 loss=19.9139 seg=0.8864 semseg=2.6522 mard=1.9449 lambda=0.032933 box_extra=2 mask_extra=2 FG/HBG/EBG=40/320/1216 fallback=0 rel=0.882/0.780/0.964 wmean=1.000 grad_preclip=106.12
[E09] batch=240/250 pseudo=4 loss=8.8994 seg=0.7168 semseg=0.8167 mard=2.0223 lambda=0.043910 box_extra=0 mask_extra=0 FG/HBG/EBG=32/256/1280 fallback=0 rel=0.949/0.934/0.962 wmean=1.000 grad_preclip=91.93
[E09] batch=250/250 pseudo=5 loss=11.3790 seg=0.4912 semseg=0.9572 mard=2.0261 lambda=0.035653 box_extra=0 mask_extra=0 FG/HBG/EBG=40/256/1280 fallback=0 rel=0.910/0.804/0.970 wmean=1.000 grad_preclip=111.45

[Epoch 09] DONE time=60.2s valid=250 skipped=0 pseudo=1022 anchors=977 box_extra=60 mask_extra=45 reject_rel=15 loss=8.7782 seg=0.6598 semseg=0.6335 mard=2.0273 lambda_avg=0.038851 FG/HBG/EBG=32.7/252.7/1201.9 rel=0.920/0.684/0.975 wmean=1.000
[E10] batch=001/250 pseudo=4 loss=3.6137 seg=0.2670 semseg=0.1514 mard=2.0380 lambda=0.041627 box_extra=0 mask_extra=0 FG/HBG/EBG=32/256/1280 fallback=0 rel=0.941/0.897/0.963 wmean=1.000 grad_preclip=28.71
[E10] batch=020/250 pseudo=5 loss=10.2142 seg=0.4724 semseg=0.7310 mard=2.0288 lambda=0.034508 box_extra=1 mask_extra=1 FG/HBG/EBG=40/320/1216 fallback=0 rel=0.900/0.756/0.953 wmean=1.000 grad_preclip=124.09
[E10] batch=040/250 pseudo=4 loss=28.6719 seg=1.8043 semseg=3.0992 mard=2.0553 lambda=0.038001 box_extra=0 mask_extra=0 FG/HBG/EBG=32/256/1280 fallback=0 rel=0.925/0.871/0.958 wmean=1.000 grad_preclip=371.28
[E10] batch=060/250 pseudo=5 loss=13.4862 seg=0.9597 semseg=0.2699 mard=2.0754 lambda=0.034364 box_extra=2 mask_extra=2 FG/HBG/EBG=40/320/1216 fallback=0 rel=0.901/0.757/0.967 wmean=1.000 grad_preclip=100.20
[E10] batch=080/250 pseudo=4 loss=7.9624 seg=0.3999 semseg=0.4560 mard=2.0083 lambda=0.041574 box_extra=0 mask_extra=0 FG/HBG/EBG=32/256/1280 fallback=0 rel=0.942/0.922/0.974 wmean=1.000 grad_preclip=177.47
[E10] batch=100/250 pseudo=5 loss=14.6434 seg=0.7380 semseg=1.2323 mard=1.9909 lambda=0.022312 box_extra=0 mask_extra=0 FG/HBG/EBG=40/256/1280 fallback=0 rel=0.820/0.700/0.956 wmean=1.000 grad_preclip=127.15
[E10] batch=120/250 pseudo=4 loss=2.7782 seg=0.2254 semseg=0.0959 mard=2.0588 lambda=0.043978 box_extra=1 mask_extra=0 FG/HBG/EBG=32/256/1280 fallback=0 rel=0.955/0.947/0.962 wmean=1.000 grad_preclip=19.65
[E10] batch=140/250 pseudo=4 loss=11.4070 seg=1.1626 semseg=0.5240 mard=2.0439 lambda=0.041539 box_extra=0 mask_extra=0 FG/HBG/EBG=32/256/1280 fallback=0 rel=0.932/0.901/0.965 wmean=1.000 grad_preclip=78.74
[E10] batch=160/250 pseudo=4 loss=12.2029 seg=0.5998 semseg=1.0694 mard=2.0270 lambda=0.038942 box_extra=0 mask_extra=0 FG/HBG/EBG=32/256/1280 fallback=0 rel=0.926/0.844/0.963 wmean=1.000 grad_preclip=138.58
[E10] batch=180/250 pseudo=5 loss=6.3996 seg=0.5424 semseg=0.1870 mard=1.9970 lambda=0.042614 box_extra=0 mask_extra=0 FG/HBG/EBG=40/256/1280 fallback=0 rel=0.938/0.896/0.965 wmean=1.000 grad_preclip=64.29
[E10] batch=200/250 pseudo=4 loss=9.8788 seg=0.6751 semseg=0.6436 mard=2.0102 lambda=0.032321 box_extra=1 mask_extra=0 FG/HBG/EBG=32/256/1280 fallback=0 rel=0.883/0.714/0.965 wmean=1.000 grad_preclip=141.23
[E10] batch=220/250 pseudo=5 loss=10.3531 seg=0.7136 semseg=0.5625 mard=2.1114 lambda=0.034455 box_extra=0 mask_extra=0 FG/HBG/EBG=40/256/1280 fallback=0 rel=0.897/0.748/0.964 wmean=1.000 grad_preclip=85.16
[E10] batch=240/250 pseudo=4 loss=7.9687 seg=0.5351 semseg=0.2688 mard=2.0683 lambda=0.038176 box_extra=1 mask_extra=0 FG/HBG/EBG=32/256/1280 fallback=0 rel=0.917/0.822/0.952 wmean=1.000 grad_preclip=52.17
[E10] batch=250/250 pseudo=4 loss=4.9939 seg=0.4802 semseg=0.2001 mard=2.0214 lambda=0.041103 box_extra=0 mask_extra=0 FG/HBG/EBG=32/256/1280 fallback=0 rel=0.933/0.899/0.952 wmean=1.000 grad_preclip=31.16

[Epoch 10] DONE time=60.5s valid=250 skipped=0 pseudo=1034 anchors=994 box_extra=62 mask_extra=40 reject_rel=22 loss=8.5775 seg=0.6605 semseg=0.5961 mard=2.0233 lambda_avg=0.038314 FG/HBG/EBG=33.1/253.7/1210.1 rel=0.917/0.688/0.978 wmean=1.000
[SAVE] /home/dang/MedRT-SFOD/runs/seg/ablation/c2k_maskdhf_segmard_v2_60ep/checkpoints/dense_sfseg_epoch_10.pt
[E11] batch=001/250 pseudo=4 loss=19.9649 seg=2.2126 semseg=1.1571 mard=2.0573 lambda=0.042177 box_extra=0 mask_extra=0 FG/HBG/EBG=32/256/1280 fallback=0 rel=0.943/0.926/0.964 wmean=1.000 grad_preclip=144.41
[E11] batch=020/250 pseudo=4 loss=2.9253 seg=0.2229 semseg=0.1288 mard=1.9626 lambda=0.044863 box_extra=0 mask_extra=0 FG/HBG/EBG=32/256/1280 fallback=0 rel=0.960/0.958/0.965 wmean=1.000 grad_preclip=21.02
[E11] batch=040/250 pseudo=4 loss=4.6120 seg=0.4875 semseg=0.2060 mard=2.0082 lambda=0.035036 box_extra=2 mask_extra=2 FG/HBG/EBG=32/192/960 fallback=0 rel=0.900/0.806/0.961 wmean=1.000 grad_preclip=24.59
[E11] batch=060/250 pseudo=4 loss=6.0000 seg=0.5890 semseg=0.1797 mard=1.9947 lambda=0.044502 box_extra=0 mask_extra=0 FG/HBG/EBG=32/256/1280 fallback=0 rel=0.953/0.942/0.968 wmean=1.000 grad_preclip=109.01
[E11] batch=080/250 pseudo=4 loss=5.2896 seg=0.2439 semseg=0.3843 mard=2.0023 lambda=0.038678 box_extra=1 mask_extra=1 FG/HBG/EBG=32/256/1280 fallback=0 rel=0.927/0.881/0.971 wmean=1.000 grad_preclip=67.72
[E11] batch=100/250 pseudo=4 loss=6.8851 seg=0.5604 semseg=0.3025 mard=1.9897 lambda=0.042902 box_extra=0 mask_extra=0 FG/HBG/EBG=32/256/1280 fallback=0 rel=0.948/0.927/0.960 wmean=1.000 grad_preclip=60.07
[E11] batch=120/250 pseudo=4 loss=5.2025 seg=0.3170 semseg=0.2830 mard=2.0684 lambda=0.037557 box_extra=0 mask_extra=0 FG/HBG/EBG=32/256/1280 fallback=0 rel=0.914/0.811/0.952 wmean=1.000 grad_preclip=88.63
[E11] batch=140/250 pseudo=4 loss=5.7327 seg=0.5626 semseg=0.2014 mard=2.0479 lambda=0.041275 box_extra=0 mask_extra=0 FG/HBG/EBG=32/256/1280 fallback=0 rel=0.935/0.905/0.969 wmean=1.000 grad_preclip=80.31
[E11] batch=160/250 pseudo=4 loss=5.1855 seg=0.4361 semseg=0.3816 mard=2.0082 lambda=0.043964 box_extra=0 mask_extra=0 FG/HBG/EBG=32/256/1280 fallback=0 rel=0.955/0.913/0.971 wmean=1.000 grad_preclip=39.57
[E11] batch=180/250 pseudo=4 loss=3.8214 seg=0.2925 semseg=0.1679 mard=2.0053 lambda=0.045414 box_extra=0 mask_extra=0 FG/HBG/EBG=32/256/1280 fallback=0 rel=0.962/0.952/0.971 wmean=1.000 grad_preclip=76.18
[E11] batch=200/250 pseudo=5 loss=6.1692 seg=0.4958 semseg=0.1960 mard=2.0836 lambda=0.035898 box_extra=0 mask_extra=0 FG/HBG/EBG=40/256/1280 fallback=0 rel=0.908/0.806/0.958 wmean=1.000 grad_preclip=27.74
[E11] batch=220/250 pseudo=4 loss=12.2285 seg=0.4846 semseg=1.5824 mard=2.0834 lambda=0.041813 box_extra=0 mask_extra=0 FG/HBG/EBG=32/256/1280 fallback=0 rel=0.942/0.921/0.952 wmean=1.000 grad_preclip=107.21
[E11] batch=240/250 pseudo=4 loss=5.6586 seg=0.2891 semseg=0.2691 mard=2.0146 lambda=0.039398 box_extra=0 mask_extra=0 FG/HBG/EBG=32/256/1280 fallback=0 rel=0.930/0.911/0.965 wmean=1.000 grad_preclip=30.38
[E11] batch=250/250 pseudo=4 loss=5.7291 seg=0.5976 semseg=0.2601 mard=1.9887 lambda=0.036564 box_extra=1 mask_extra=1 FG/HBG/EBG=32/256/1280 fallback=0 rel=0.911/0.798/0.965 wmean=1.000 grad_preclip=32.86

[Epoch 11] DONE time=60.1s valid=250 skipped=0 pseudo=1028 anchors=991 box_extra=55 mask_extra=37 reject_rel=18 loss=8.8919 seg=0.6862 semseg=0.6226 mard=2.0246 lambda_avg=0.038832 FG/HBG/EBG=32.9/252.2/1205.5 rel=0.920/0.685/0.976 wmean=1.000
[E12] batch=001/250 pseudo=3 loss=3.7577 seg=0.4239 semseg=0.2142 mard=2.1051 lambda=0.045427 box_extra=0 mask_extra=0 FG/HBG/EBG=24/192/960 fallback=0 rel=0.961/0.957/0.964 wmean=1.000 grad_preclip=59.10
[E12] batch=020/250 pseudo=4 loss=14.2281 seg=1.2503 semseg=1.2349 mard=2.0434 lambda=0.032945 box_extra=0 mask_extra=0 FG/HBG/EBG=32/256/1280 fallback=0 rel=0.891/0.723/0.963 wmean=1.000 grad_preclip=345.08
[E12] batch=040/250 pseudo=4 loss=21.2929 seg=1.1891 semseg=1.8133 mard=2.0723 lambda=0.024841 box_extra=0 mask_extra=0 FG/HBG/EBG=32/256/1280 fallback=0 rel=0.837/0.697/0.967 wmean=1.000 grad_preclip=129.86
[E12] batch=060/250 pseudo=3 loss=4.4772 seg=0.5188 semseg=0.3914 mard=2.0728 lambda=0.040154 box_extra=1 mask_extra=1 FG/HBG/EBG=24/192/960 fallback=0 rel=0.934/0.888/0.968 wmean=1.000 grad_preclip=25.08
[E12] batch=080/250 pseudo=3 loss=6.1664 seg=0.6910 semseg=0.5843 mard=2.0790 lambda=0.038986 box_extra=1 mask_extra=1 FG/HBG/EBG=24/192/960 fallback=0 rel=0.920/0.836/0.973 wmean=1.000 grad_preclip=65.14
[E12] batch=100/250 pseudo=4 loss=8.1547 seg=0.4729 semseg=0.8647 mard=1.9263 lambda=0.043225 box_extra=0 mask_extra=0 FG/HBG/EBG=32/256/1280 fallback=0 rel=0.945/0.917/0.964 wmean=1.000 grad_preclip=63.51
[E12] batch=120/250 pseudo=4 loss=13.0410 seg=1.1174 semseg=0.8564 mard=2.0399 lambda=0.038758 box_extra=0 mask_extra=0 FG/HBG/EBG=32/256/1280 fallback=0 rel=0.924/0.842/0.968 wmean=1.000 grad_preclip=120.51
[E12] batch=140/250 pseudo=5 loss=3.5451 seg=0.2991 semseg=0.1813 mard=2.0000 lambda=0.043513 box_extra=0 mask_extra=0 FG/HBG/EBG=40/320/1216 fallback=0 rel=0.948/0.933/0.972 wmean=1.000 grad_preclip=27.27
[E12] batch=160/250 pseudo=5 loss=19.2797 seg=0.5467 semseg=2.4877 mard=1.9863 lambda=0.025763 box_extra=0 mask_extra=0 FG/HBG/EBG=40/320/1216 fallback=0 rel=0.845/0.703/0.967 wmean=1.000 grad_preclip=212.72
[E12] batch=180/250 pseudo=4 loss=4.8220 seg=0.2810 semseg=0.1947 mard=2.0333 lambda=0.042880 box_extra=0 mask_extra=0 FG/HBG/EBG=32/256/1280 fallback=0 rel=0.948/0.925/0.966 wmean=1.000 grad_preclip=28.21
[E12] batch=200/250 pseudo=4 loss=5.7301 seg=0.4623 semseg=0.2753 mard=2.0134 lambda=0.044125 box_extra=1 mask_extra=0 FG/HBG/EBG=32/256/1280 fallback=0 rel=0.951/0.922/0.965 wmean=1.000 grad_preclip=76.37
[E12] batch=220/250 pseudo=4 loss=3.2381 seg=0.2786 semseg=0.1084 mard=2.0321 lambda=0.040681 box_extra=0 mask_extra=0 FG/HBG/EBG=32/256/1280 fallback=0 rel=0.936/0.863/0.965 wmean=1.000 grad_preclip=25.25
[E12] batch=240/250 pseudo=4 loss=10.1802 seg=0.7435 semseg=0.4050 mard=2.0524 lambda=0.041493 box_extra=0 mask_extra=0 FG/HBG/EBG=32/256/1280 fallback=0 rel=0.937/0.891/0.963 wmean=1.000 grad_preclip=44.17
[E12] batch=250/250 pseudo=4 loss=5.3991 seg=0.5366 semseg=0.1705 mard=2.0942 lambda=0.043213 box_extra=1 mask_extra=1 FG/HBG/EBG=32/256/1280 fallback=0 rel=0.946/0.926/0.970 wmean=1.000 grad_preclip=55.46

[Epoch 12] DONE time=60.2s valid=250 skipped=0 pseudo=1023 anchors=980 box_extra=65 mask_extra=43 reject_rel=22 loss=8.2924 seg=0.6342 semseg=0.5677 mard=2.0260 lambda_avg=0.038466 FG/HBG/EBG=32.7/252.9/1209.3 rel=0.918/0.682/0.978 wmean=1.000
[E13] batch=001/250 pseudo=4 loss=12.7800 seg=0.5777 semseg=1.3857 mard=2.0601 lambda=0.042424 box_extra=0 mask_extra=0 FG/HBG/EBG=32/256/1280 fallback=0 rel=0.947/0.903/0.969 wmean=1.000 grad_preclip=201.22
[E13] batch=020/250 pseudo=7 loss=12.8143 seg=1.3625 semseg=0.8152 mard=2.0511 lambda=0.027799 box_extra=0 mask_extra=0 FG/HBG/EBG=56/320/1216 fallback=0 rel=0.852/0.732/0.951 wmean=1.000 grad_preclip=125.19
[E13] batch=040/250 pseudo=5 loss=6.3892 seg=0.5064 semseg=0.1896 mard=1.9951 lambda=0.034882 box_extra=0 mask_extra=0 FG/HBG/EBG=40/256/1280 fallback=0 rel=0.904/0.808/0.964 wmean=1.000 grad_preclip=96.99
[E13] batch=060/250 pseudo=4 loss=5.1731 seg=0.3775 semseg=0.2970 mard=2.1149 lambda=0.037239 box_extra=0 mask_extra=0 FG/HBG/EBG=32/256/1280 fallback=0 rel=0.915/0.772/0.965 wmean=1.000 grad_preclip=51.84
[E13] batch=080/250 pseudo=4 loss=5.6390 seg=0.2264 semseg=0.3765 mard=2.0015 lambda=0.043950 box_extra=0 mask_extra=0 FG/HBG/EBG=32/256/1280 fallback=0 rel=0.956/0.941/0.965 wmean=1.000 grad_preclip=72.22
[E13] batch=100/250 pseudo=3 loss=2.6214 seg=0.2887 semseg=0.1145 mard=2.0275 lambda=0.044168 box_extra=0 mask_extra=0 FG/HBG/EBG=24/192/960 fallback=0 rel=0.952/0.941/0.963 wmean=1.000 grad_preclip=22.78
[E13] batch=120/250 pseudo=4 loss=4.2803 seg=0.3827 semseg=0.1497 mard=1.9982 lambda=0.039294 box_extra=1 mask_extra=1 FG/HBG/EBG=32/256/1280 fallback=0 rel=0.923/0.823/0.964 wmean=1.000 grad_preclip=27.04
[E13] batch=140/250 pseudo=4 loss=3.0252 seg=0.2719 semseg=0.1135 mard=2.0220 lambda=0.045433 box_extra=0 mask_extra=0 FG/HBG/EBG=32/256/1280 fallback=0 rel=0.960/0.945/0.969 wmean=1.000 grad_preclip=25.71
[E13] batch=160/250 pseudo=5 loss=11.7194 seg=1.1208 semseg=0.4052 mard=1.9995 lambda=0.040098 box_extra=0 mask_extra=0 FG/HBG/EBG=40/256/1280 fallback=0 rel=0.927/0.841/0.961 wmean=1.000 grad_preclip=160.59
[E13] batch=180/250 pseudo=4 loss=5.6738 seg=0.4026 semseg=0.2401 mard=2.0496 lambda=0.030514 box_extra=0 mask_extra=0 FG/HBG/EBG=32/256/1280 fallback=0 rel=0.877/0.697/0.970 wmean=1.000 grad_preclip=161.61
[E13] batch=200/250 pseudo=3 loss=2.6384 seg=0.2555 semseg=0.1741 mard=1.9903 lambda=0.044697 box_extra=1 mask_extra=0 FG/HBG/EBG=24/192/960 fallback=0 rel=0.960/0.956/0.965 wmean=1.000 grad_preclip=26.47
[E13] batch=220/250 pseudo=5 loss=5.7315 seg=0.4925 semseg=0.1836 mard=2.0016 lambda=0.042017 box_extra=0 mask_extra=0 FG/HBG/EBG=40/320/1216 fallback=0 rel=0.934/0.900/0.966 wmean=1.000 grad_preclip=35.97
[E13] batch=240/250 pseudo=4 loss=6.5460 seg=0.4976 semseg=0.3352 mard=1.9888 lambda=0.043710 box_extra=0 mask_extra=0 FG/HBG/EBG=32/256/1280 fallback=0 rel=0.952/0.936/0.961 wmean=1.000 grad_preclip=35.50
[E13] batch=250/250 pseudo=4 loss=5.0755 seg=0.5654 semseg=0.2801 mard=2.1233 lambda=0.045486 box_extra=0 mask_extra=0 FG/HBG/EBG=32/256/1280 fallback=0 rel=0.964/0.963/0.968 wmean=1.000 grad_preclip=194.78

[Epoch 13] DONE time=60.2s valid=250 skipped=0 pseudo=1033 anchors=992 box_extra=62 mask_extra=41 reject_rel=21 loss=8.0305 seg=0.6009 semseg=0.5485 mard=2.0266 lambda_avg=0.038091 FG/HBG/EBG=33.1/254.7/1207.6 rel=0.916/0.673/0.978 wmean=1.000
[E14] batch=001/250 pseudo=4 loss=19.3282 seg=1.9001 semseg=1.4722 mard=1.9761 lambda=0.034823 box_extra=0 mask_extra=0 FG/HBG/EBG=32/256/1280 fallback=0 rel=0.904/0.837/0.965 wmean=1.000 grad_preclip=197.15
[E14] batch=020/250 pseudo=4 loss=5.2649 seg=0.3443 semseg=0.1402 mard=1.9887 lambda=0.041484 box_extra=0 mask_extra=0 FG/HBG/EBG=32/256/1280 fallback=0 rel=0.937/0.898/0.964 wmean=1.000 grad_preclip=48.99
[E14] batch=040/250 pseudo=4 loss=3.1527 seg=0.3027 semseg=0.1452 mard=2.0435 lambda=0.029751 box_extra=1 mask_extra=0 FG/HBG/EBG=32/192/960 fallback=0 rel=0.870/0.706/0.962 wmean=1.000 grad_preclip=36.12
[E14] batch=060/250 pseudo=4 loss=7.5155 seg=0.3049 semseg=0.7663 mard=2.0691 lambda=0.035612 box_extra=0 mask_extra=0 FG/HBG/EBG=32/256/1280 fallback=0 rel=0.909/0.783/0.968 wmean=1.000 grad_preclip=92.81
[E14] batch=080/250 pseudo=4 loss=8.6089 seg=0.5823 semseg=0.4295 mard=2.0395 lambda=0.034887 box_extra=1 mask_extra=1 FG/HBG/EBG=32/256/1280 fallback=0 rel=0.896/0.759/0.948 wmean=1.000 grad_preclip=40.40
[E14] batch=100/250 pseudo=5 loss=4.7724 seg=0.3063 semseg=0.3559 mard=2.0121 lambda=0.038560 box_extra=1 mask_extra=1 FG/HBG/EBG=40/320/1216 fallback=0 rel=0.926/0.809/0.960 wmean=1.000 grad_preclip=52.00
[E14] batch=120/250 pseudo=4 loss=7.3515 seg=0.5076 semseg=0.3298 mard=2.0077 lambda=0.043646 box_extra=0 mask_extra=0 FG/HBG/EBG=32/256/1280 fallback=0 rel=0.952/0.944/0.965 wmean=1.000 grad_preclip=56.62
[E14] batch=140/250 pseudo=5 loss=9.0545 seg=1.0030 semseg=0.5581 mard=2.0294 lambda=0.031476 box_extra=0 mask_extra=0 FG/HBG/EBG=40/320/1216 fallback=0 rel=0.879/0.693/0.965 wmean=1.000 grad_preclip=129.23
[E14] batch=160/250 pseudo=4 loss=12.1121 seg=0.5163 semseg=1.1178 mard=2.0388 lambda=0.037533 box_extra=0 mask_extra=0 FG/HBG/EBG=32/256/1280 fallback=0 rel=0.918/0.793/0.964 wmean=1.000 grad_preclip=71.90
[E14] batch=180/250 pseudo=4 loss=8.3239 seg=0.7664 semseg=0.2950 mard=1.9660 lambda=0.043438 box_extra=0 mask_extra=0 FG/HBG/EBG=32/256/1280 fallback=0 rel=0.944/0.917/0.963 wmean=1.000 grad_preclip=66.46
[E14] batch=200/250 pseudo=4 loss=10.7017 seg=0.6132 semseg=0.9202 mard=1.9701 lambda=0.037851 box_extra=0 mask_extra=0 FG/HBG/EBG=32/256/1280 fallback=0 rel=0.914/0.830/0.948 wmean=1.000 grad_preclip=185.90
[E14] batch=220/250 pseudo=4 loss=5.9721 seg=0.6109 semseg=0.3164 mard=2.0276 lambda=0.033670 box_extra=0 mask_extra=0 FG/HBG/EBG=32/192/960 fallback=0 rel=0.897/0.846/0.971 wmean=1.000 grad_preclip=50.71
[E14] batch=240/250 pseudo=4 loss=7.4355 seg=0.6100 semseg=0.6044 mard=2.0210 lambda=0.033257 box_extra=0 mask_extra=0 FG/HBG/EBG=32/256/1280 fallback=0 rel=0.882/0.675/0.963 wmean=1.000 grad_preclip=159.87
[E14] batch=250/250 pseudo=4 loss=9.2573 seg=0.5725 semseg=0.5124 mard=2.0658 lambda=0.034888 box_extra=0 mask_extra=0 FG/HBG/EBG=32/256/1280 fallback=0 rel=0.904/0.821/0.957 wmean=1.000 grad_preclip=51.49

[Epoch 14] DONE time=60.3s valid=250 skipped=0 pseudo=1030 anchors=994 box_extra=56 mask_extra=36 reject_rel=20 loss=8.2215 seg=0.6355 semseg=0.5641 mard=2.0278 lambda_avg=0.038397 FG/HBG/EBG=33.0/252.7/1203.5 rel=0.918/0.596/0.976 wmean=1.000
[E15] batch=001/250 pseudo=4 loss=17.3753 seg=1.0146 semseg=1.5991 mard=2.0392 lambda=0.035523 box_extra=0 mask_extra=0 FG/HBG/EBG=32/256/1280 fallback=0 rel=0.899/0.841/0.949 wmean=1.000 grad_preclip=109.04
[E15] batch=020/250 pseudo=3 loss=4.7622 seg=0.5608 semseg=0.2366 mard=2.0243 lambda=0.042033 box_extra=0 mask_extra=0 FG/HBG/EBG=24/192/960 fallback=0 rel=0.940/0.919/0.965 wmean=1.000 grad_preclip=36.03
[E15] batch=040/250 pseudo=4 loss=3.6589 seg=0.2984 semseg=0.1121 mard=2.0055 lambda=0.040752 box_extra=0 mask_extra=0 FG/HBG/EBG=32/256/1280 fallback=0 rel=0.937/0.879/0.974 wmean=1.000 grad_preclip=26.77
[E15] batch=060/250 pseudo=4 loss=2.9242 seg=0.2003 semseg=0.1236 mard=2.0598 lambda=0.045640 box_extra=0 mask_extra=0 FG/HBG/EBG=32/256/1280 fallback=0 rel=0.967/0.962/0.970 wmean=1.000 grad_preclip=23.11
[E15] batch=080/250 pseudo=4 loss=13.0766 seg=1.1031 semseg=0.7445 mard=2.0365 lambda=0.029957 box_extra=0 mask_extra=0 FG/HBG/EBG=32/256/1280 fallback=0 rel=0.867/0.769/0.962 wmean=1.000 grad_preclip=60.49
[E15] batch=100/250 pseudo=6 loss=11.6036 seg=0.4891 semseg=0.4960 mard=2.0169 lambda=0.028175 box_extra=0 mask_extra=0 FG/HBG/EBG=48/256/1280 fallback=0 rel=0.861/0.746/0.960 wmean=1.000 grad_preclip=85.02
[E15] batch=120/250 pseudo=5 loss=5.4138 seg=0.5195 semseg=0.1549 mard=2.0199 lambda=0.039035 box_extra=1 mask_extra=1 FG/HBG/EBG=40/320/1216 fallback=0 rel=0.919/0.807/0.974 wmean=1.000 grad_preclip=40.90
[E15] batch=140/250 pseudo=4 loss=7.6858 seg=0.5499 semseg=0.3449 mard=2.0156 lambda=0.030542 box_extra=0 mask_extra=0 FG/HBG/EBG=32/256/1280 fallback=0 rel=0.871/0.756/0.969 wmean=1.000 grad_preclip=52.38
[E15] batch=160/250 pseudo=4 loss=22.9705 seg=2.8453 semseg=1.4760 mard=1.9770 lambda=0.030998 box_extra=1 mask_extra=0 FG/HBG/EBG=32/256/1280 fallback=0 rel=0.869/0.767/0.956 wmean=1.000 grad_preclip=106.28
[E15] batch=180/250 pseudo=4 loss=3.0428 seg=0.2444 semseg=0.1015 mard=2.0063 lambda=0.044397 box_extra=0 mask_extra=0 FG/HBG/EBG=32/256/1280 fallback=0 rel=0.954/0.929/0.973 wmean=1.000 grad_preclip=21.79
[E15] batch=200/250 pseudo=7 loss=11.8958 seg=0.9950 semseg=0.4246 mard=2.0313 lambda=0.033441 box_extra=1 mask_extra=1 FG/HBG/EBG=56/256/1280 fallback=0 rel=0.890/0.810/0.968 wmean=1.000 grad_preclip=94.78
[E15] batch=220/250 pseudo=4 loss=6.0255 seg=0.2897 semseg=0.2919 mard=2.0421 lambda=0.039444 box_extra=0 mask_extra=0 FG/HBG/EBG=32/256/1280 fallback=0 rel=0.928/0.857/0.960 wmean=1.000 grad_preclip=94.02
[E15] batch=240/250 pseudo=3 loss=5.0573 seg=0.3474 semseg=0.2257 mard=2.0354 lambda=0.041028 box_extra=0 mask_extra=0 FG/HBG/EBG=24/192/960 fallback=0 rel=0.943/0.928/0.968 wmean=1.000 grad_preclip=33.89
[E15] batch=250/250 pseudo=4 loss=8.4625 seg=0.2838 semseg=0.6473 mard=2.0000 lambda=0.043431 box_extra=0 mask_extra=0 FG/HBG/EBG=32/256/1280 fallback=0 rel=0.953/0.942/0.965 wmean=1.000 grad_preclip=44.61

[Epoch 15] DONE time=60.3s valid=250 skipped=0 pseudo=1031 anchors=980 box_extra=70 mask_extra=51 reject_rel=19 loss=8.2568 seg=0.6314 semseg=0.5644 mard=2.0283 lambda_avg=0.038350 FG/HBG/EBG=33.0/254.0/1208.3 rel=0.918/0.695/0.975 wmean=1.000
[E16] batch=001/250 pseudo=3 loss=6.1097 seg=0.3029 semseg=0.6701 mard=2.0172 lambda=0.033729 box_extra=0 mask_extra=0 FG/HBG/EBG=24/192/960 fallback=0 rel=0.899/0.794/0.953 wmean=1.000 grad_preclip=200.00
[E16] batch=020/250 pseudo=4 loss=9.5338 seg=0.7520 semseg=0.5721 mard=2.1070 lambda=0.039298 box_extra=0 mask_extra=0 FG/HBG/EBG=32/256/1280 fallback=0 rel=0.922/0.834/0.965 wmean=1.000 grad_preclip=54.53
[E16] batch=040/250 pseudo=4 loss=3.6547 seg=0.2931 semseg=0.1227 mard=2.0174 lambda=0.042746 box_extra=0 mask_extra=0 FG/HBG/EBG=32/256/1280 fallback=0 rel=0.943/0.921/0.970 wmean=1.000 grad_preclip=38.26
[E16] batch=060/250 pseudo=5 loss=14.3425 seg=1.0223 semseg=1.3801 mard=2.0760 lambda=0.039979 box_extra=0 mask_extra=0 FG/HBG/EBG=40/320/1216 fallback=0 rel=0.934/0.901/0.970 wmean=1.000 grad_preclip=146.53
[E16] batch=080/250 pseudo=4 loss=21.8935 seg=1.2832 semseg=2.3409 mard=2.1002 lambda=0.031933 box_extra=0 mask_extra=0 FG/HBG/EBG=32/256/1280 fallback=0 rel=0.880/0.788/0.940 wmean=1.000 grad_preclip=248.48
[E16] batch=100/250 pseudo=4 loss=20.2912 seg=2.3727 semseg=1.2193 mard=2.0680 lambda=0.041418 box_extra=1 mask_extra=0 FG/HBG/EBG=32/256/1280 fallback=0 rel=0.935/0.896/0.958 wmean=1.000 grad_preclip=233.65
[E16] batch=120/250 pseudo=4 loss=7.3037 seg=0.5419 semseg=0.4941 mard=1.9755 lambda=0.039897 box_extra=0 mask_extra=0 FG/HBG/EBG=32/256/1280 fallback=0 rel=0.924/0.831/0.970 wmean=1.000 grad_preclip=172.43
[E16] batch=140/250 pseudo=4 loss=17.9487 seg=1.2692 semseg=1.2914 mard=1.9872 lambda=0.041532 box_extra=0 mask_extra=0 FG/HBG/EBG=32/256/1280 fallback=0 rel=0.932/0.907/0.948 wmean=1.000 grad_preclip=124.61
[E16] batch=160/250 pseudo=4 loss=13.9065 seg=0.8801 semseg=0.9736 mard=2.1262 lambda=0.044840 box_extra=0 mask_extra=0 FG/HBG/EBG=32/256/1280 fallback=0 rel=0.954/0.931/0.966 wmean=1.000 grad_preclip=87.96
[E16] batch=180/250 pseudo=3 loss=7.5514 seg=1.0159 semseg=0.8224 mard=1.9978 lambda=0.042089 box_extra=0 mask_extra=0 FG/HBG/EBG=24/192/960 fallback=0 rel=0.939/0.903/0.968 wmean=1.000 grad_preclip=110.56
[E16] batch=200/250 pseudo=3 loss=4.2364 seg=0.2848 semseg=0.2269 mard=2.0574 lambda=0.041847 box_extra=0 mask_extra=0 FG/HBG/EBG=24/192/960 fallback=0 rel=0.947/0.925/0.963 wmean=1.000 grad_preclip=22.40
[E16] batch=220/250 pseudo=5 loss=8.4368 seg=0.6803 semseg=0.5340 mard=2.0645 lambda=0.033999 box_extra=0 mask_extra=0 FG/HBG/EBG=40/256/1280 fallback=0 rel=0.899/0.831/0.962 wmean=1.000 grad_preclip=102.44
[E16] batch=240/250 pseudo=4 loss=5.3025 seg=0.4048 semseg=0.2052 mard=2.0348 lambda=0.041123 box_extra=0 mask_extra=0 FG/HBG/EBG=32/256/1280 fallback=0 rel=0.935/0.917/0.962 wmean=1.000 grad_preclip=39.91
[E16] batch=250/250 pseudo=3 loss=3.0213 seg=0.2827 semseg=0.0959 mard=2.0898 lambda=0.042697 box_extra=2 mask_extra=1 FG/HBG/EBG=24/192/960 fallback=0 rel=0.945/0.933/0.959 wmean=1.000 grad_preclip=23.51

[Epoch 16] DONE time=60.2s valid=250 skipped=0 pseudo=1019 anchors=983 box_extra=54 mask_extra=36 reject_rel=18 loss=7.8912 seg=0.6111 semseg=0.5210 mard=2.0299 lambda_avg=0.038825 FG/HBG/EBG=32.6/251.9/1201.2 rel=0.920/0.683/0.976 wmean=1.000
[E17] batch=001/250 pseudo=5 loss=10.9664 seg=1.1088 semseg=0.4402 mard=1.9974 lambda=0.037380 box_extra=2 mask_extra=2 FG/HBG/EBG=40/320/1216 fallback=0 rel=0.911/0.835/0.961 wmean=1.000 grad_preclip=81.73
[E17] batch=020/250 pseudo=4 loss=2.9824 seg=0.2252 semseg=0.0878 mard=2.0029 lambda=0.044782 box_extra=0 mask_extra=0 FG/HBG/EBG=32/256/1280 fallback=0 rel=0.956/0.946/0.969 wmean=1.000 grad_preclip=23.09
[E17] batch=040/250 pseudo=5 loss=4.3021 seg=0.2754 semseg=0.2238 mard=2.0435 lambda=0.031690 box_extra=0 mask_extra=0 FG/HBG/EBG=40/320/1216 fallback=0 rel=0.882/0.747/0.970 wmean=1.000 grad_preclip=103.37
[E17] batch=060/250 pseudo=4 loss=5.7350 seg=0.5073 semseg=0.2944 mard=2.0233 lambda=0.034569 box_extra=0 mask_extra=0 FG/HBG/EBG=32/256/1280 fallback=0 rel=0.897/0.714/0.973 wmean=1.000 grad_preclip=72.63
[E17] batch=080/250 pseudo=4 loss=11.0426 seg=0.3635 semseg=1.2730 mard=2.0487 lambda=0.044454 box_extra=0 mask_extra=0 FG/HBG/EBG=32/256/1280 fallback=0 rel=0.959/0.950/0.967 wmean=1.000 grad_preclip=120.37
[E17] batch=100/250 pseudo=4 loss=5.3692 seg=0.4519 semseg=0.2212 mard=2.0757 lambda=0.042158 box_extra=0 mask_extra=0 FG/HBG/EBG=32/256/1280 fallback=0 rel=0.946/0.926/0.960 wmean=1.000 grad_preclip=36.38
[E17] batch=120/250 pseudo=4 loss=6.6298 seg=0.3503 semseg=0.3835 mard=2.0036 lambda=0.039032 box_extra=0 mask_extra=0 FG/HBG/EBG=32/256/1280 fallback=0 rel=0.930/0.843/0.969 wmean=1.000 grad_preclip=82.59
[E17] batch=140/250 pseudo=4 loss=12.3650 seg=0.6908 semseg=1.4753 mard=2.0391 lambda=0.038352 box_extra=0 mask_extra=0 FG/HBG/EBG=32/256/1280 fallback=0 rel=0.919/0.830/0.958 wmean=1.000 grad_preclip=294.12
[E17] batch=160/250 pseudo=4 loss=18.5604 seg=0.5398 semseg=2.4622 mard=2.0059 lambda=0.028564 box_extra=0 mask_extra=0 FG/HBG/EBG=32/256/1280 fallback=0 rel=0.870/0.829/0.933 wmean=1.000 grad_preclip=224.92
[E17] batch=180/250 pseudo=5 loss=5.9689 seg=0.3779 semseg=0.1908 mard=2.0576 lambda=0.034722 box_extra=0 mask_extra=0 FG/HBG/EBG=40/256/1280 fallback=0 rel=0.906/0.796/0.968 wmean=1.000 grad_preclip=65.53
[E17] batch=200/250 pseudo=4 loss=5.9485 seg=0.6318 semseg=0.1795 mard=2.0456 lambda=0.032311 box_extra=0 mask_extra=0 FG/HBG/EBG=32/256/896 fallback=0 rel=0.881/0.687/0.959 wmean=1.000 grad_preclip=58.39
[E17] batch=220/250 pseudo=3 loss=3.3474 seg=0.3933 semseg=0.1525 mard=2.0397 lambda=0.029346 box_extra=0 mask_extra=0 FG/HBG/EBG=24/192/960 fallback=0 rel=0.875/0.825/0.927 wmean=1.000 grad_preclip=46.70
[E17] batch=240/250 pseudo=4 loss=4.1484 seg=0.3098 semseg=0.0892 mard=2.0320 lambda=0.044998 box_extra=0 mask_extra=0 FG/HBG/EBG=32/256/1280 fallback=0 rel=0.959/0.952/0.966 wmean=1.000 grad_preclip=62.19
[E17] batch=250/250 pseudo=5 loss=8.0091 seg=0.6234 semseg=0.4565 mard=2.0181 lambda=0.037447 box_extra=1 mask_extra=1 FG/HBG/EBG=40/256/1280 fallback=0 rel=0.914/0.811/0.963 wmean=1.000 grad_preclip=52.18

[Epoch 17] DONE time=60.2s valid=250 skipped=0 pseudo=1032 anchors=986 box_extra=63 mask_extra=46 reject_rel=17 loss=7.9679 seg=0.6090 semseg=0.5378 mard=2.0271 lambda_avg=0.038507 FG/HBG/EBG=33.0/253.7/1204.0 rel=0.918/0.682/0.976 wmean=1.000
[E18] batch=001/250 pseudo=6 loss=5.3383 seg=0.3554 semseg=0.1896 mard=2.0805 lambda=0.032168 box_extra=0 mask_extra=0 FG/HBG/EBG=48/384/1152 fallback=0 rel=0.878/0.702/0.970 wmean=1.000 grad_preclip=21.71
[E18] batch=020/250 pseudo=4 loss=9.8120 seg=0.3887 semseg=0.6306 mard=2.0318 lambda=0.039554 box_extra=0 mask_extra=0 FG/HBG/EBG=32/256/1280 fallback=0 rel=0.931/0.890/0.957 wmean=1.000 grad_preclip=72.59
[E18] batch=040/250 pseudo=4 loss=21.7399 seg=1.3503 semseg=1.9699 mard=2.0262 lambda=0.039647 box_extra=0 mask_extra=0 FG/HBG/EBG=32/256/1280 fallback=0 rel=0.924/0.839/0.959 wmean=1.000 grad_preclip=200.59
[E18] batch=060/250 pseudo=5 loss=6.8906 seg=0.5618 semseg=0.3255 mard=1.9793 lambda=0.038389 box_extra=0 mask_extra=0 FG/HBG/EBG=40/320/1216 fallback=0 rel=0.914/0.885/0.943 wmean=1.000 grad_preclip=77.39
[E18] batch=080/250 pseudo=5 loss=4.6222 seg=0.2605 semseg=0.1118 mard=1.9933 lambda=0.033760 box_extra=0 mask_extra=0 FG/HBG/EBG=40/256/1280 fallback=0 rel=0.898/0.800/0.965 wmean=1.000 grad_preclip=26.30
[E18] batch=100/250 pseudo=4 loss=7.2164 seg=0.6339 semseg=0.4108 mard=2.0649 lambda=0.042120 box_extra=0 mask_extra=0 FG/HBG/EBG=32/256/1280 fallback=0 rel=0.940/0.913/0.955 wmean=1.000 grad_preclip=88.53
[E18] batch=120/250 pseudo=4 loss=9.2807 seg=0.5010 semseg=0.4397 mard=1.9944 lambda=0.034115 box_extra=0 mask_extra=0 FG/HBG/EBG=32/256/1280 fallback=0 rel=0.893/0.797/0.944 wmean=1.000 grad_preclip=83.77
[E18] batch=140/250 pseudo=6 loss=13.1823 seg=0.5315 semseg=0.6211 mard=2.0198 lambda=0.034889 box_extra=1 mask_extra=1 FG/HBG/EBG=48/320/1216 fallback=0 rel=0.904/0.764/0.969 wmean=1.000 grad_preclip=74.87
[E18] batch=160/250 pseudo=3 loss=6.9986 seg=0.2983 semseg=0.4300 mard=2.0584 lambda=0.033804 box_extra=1 mask_extra=1 FG/HBG/EBG=24/192/960 fallback=0 rel=0.902/0.829/0.963 wmean=1.000 grad_preclip=45.80
[E18] batch=180/250 pseudo=3 loss=5.7609 seg=0.4299 semseg=0.3365 mard=2.0824 lambda=0.042404 box_extra=1 mask_extra=0 FG/HBG/EBG=24/192/960 fallback=0 rel=0.945/0.931/0.962 wmean=1.000 grad_preclip=50.58
[E18] batch=200/250 pseudo=4 loss=6.4031 seg=0.5804 semseg=0.2463 mard=2.0550 lambda=0.040879 box_extra=0 mask_extra=0 FG/HBG/EBG=32/256/1280 fallback=0 rel=0.938/0.857/0.970 wmean=1.000 grad_preclip=83.24
[E18] batch=220/250 pseudo=5 loss=10.1694 seg=1.2433 semseg=0.4762 mard=1.9993 lambda=0.034852 box_extra=2 mask_extra=1 FG/HBG/EBG=40/320/1216 fallback=0 rel=0.894/0.709/0.959 wmean=1.000 grad_preclip=306.80
[E18] batch=240/250 pseudo=4 loss=2.7874 seg=0.1899 semseg=0.0915 mard=2.0095 lambda=0.042055 box_extra=0 mask_extra=0 FG/HBG/EBG=32/256/1280 fallback=0 rel=0.945/0.925/0.961 wmean=1.000 grad_preclip=28.31
[E18] batch=250/250 pseudo=4 loss=8.7903 seg=0.9248 semseg=0.3976 mard=1.9650 lambda=0.042210 box_extra=0 mask_extra=0 FG/HBG/EBG=32/256/1280 fallback=0 rel=0.941/0.927/0.950 wmean=1.000 grad_preclip=98.54

[Epoch 18] DONE time=60.6s valid=250 skipped=0 pseudo=1033 anchors=996 box_extra=56 mask_extra=37 reject_rel=19 loss=8.1604 seg=0.5961 semseg=0.5646 mard=2.0263 lambda_avg=0.038079 FG/HBG/EBG=33.1/254.2/1209.6 rel=0.917/0.685/0.976 wmean=1.000
[E19] batch=001/250 pseudo=4 loss=8.6912 seg=0.3454 semseg=1.0554 mard=2.0374 lambda=0.039319 box_extra=0 mask_extra=0 FG/HBG/EBG=32/256/1280 fallback=0 rel=0.926/0.841/0.961 wmean=1.000 grad_preclip=46.16
[E19] batch=020/250 pseudo=4 loss=7.4106 seg=0.5019 semseg=0.3661 mard=2.0125 lambda=0.041921 box_extra=0 mask_extra=0 FG/HBG/EBG=32/256/1280 fallback=0 rel=0.935/0.897/0.959 wmean=1.000 grad_preclip=76.79
[E19] batch=040/250 pseudo=6 loss=31.9918 seg=1.7297 semseg=4.0411 mard=1.9836 lambda=0.030651 box_extra=1 mask_extra=1 FG/HBG/EBG=48/384/1152 fallback=0 rel=0.868/0.805/0.964 wmean=1.000 grad_preclip=212.37
[E19] batch=060/250 pseudo=5 loss=5.1236 seg=0.3806 semseg=0.2017 mard=2.0651 lambda=0.043097 box_extra=0 mask_extra=0 FG/HBG/EBG=40/320/1216 fallback=0 rel=0.945/0.912/0.966 wmean=1.000 grad_preclip=31.56
[E19] batch=080/250 pseudo=4 loss=3.5021 seg=0.2080 semseg=0.0935 mard=2.0066 lambda=0.042784 box_extra=0 mask_extra=0 FG/HBG/EBG=32/256/1280 fallback=0 rel=0.947/0.931/0.954 wmean=1.000 grad_preclip=27.66
[E19] batch=100/250 pseudo=4 loss=2.7400 seg=0.2410 semseg=0.0859 mard=2.0465 lambda=0.044726 box_extra=0 mask_extra=0 FG/HBG/EBG=32/256/1280 fallback=0 rel=0.961/0.956/0.968 wmean=1.000 grad_preclip=29.69
[E19] batch=120/250 pseudo=4 loss=5.2243 seg=0.2894 semseg=0.2395 mard=2.0562 lambda=0.045119 box_extra=0 mask_extra=0 FG/HBG/EBG=32/256/1280 fallback=0 rel=0.963/0.949/0.974 wmean=1.000 grad_preclip=45.02
[E19] batch=140/250 pseudo=3 loss=6.7225 seg=0.7857 semseg=0.3475 mard=2.0947 lambda=0.026483 box_extra=0 mask_extra=0 FG/HBG/EBG=24/192/960 fallback=0 rel=0.842/0.693/0.925 wmean=1.000 grad_preclip=27.79
[E19] batch=160/250 pseudo=4 loss=6.6724 seg=0.5923 semseg=0.2015 mard=1.9976 lambda=0.043287 box_extra=0 mask_extra=0 FG/HBG/EBG=32/256/1280 fallback=0 rel=0.943/0.934/0.952 wmean=1.000 grad_preclip=46.85
[E19] batch=180/250 pseudo=4 loss=13.5885 seg=0.8904 semseg=1.1354 mard=1.9995 lambda=0.040532 box_extra=0 mask_extra=0 FG/HBG/EBG=32/256/1280 fallback=0 rel=0.934/0.884/0.953 wmean=1.000 grad_preclip=96.36
[E19] batch=200/250 pseudo=5 loss=8.0863 seg=0.9459 semseg=0.2686 mard=2.0594 lambda=0.036221 box_extra=0 mask_extra=0 FG/HBG/EBG=40/256/1280 fallback=0 rel=0.900/0.809/0.957 wmean=1.000 grad_preclip=37.78
[E19] batch=220/250 pseudo=4 loss=15.5705 seg=1.0162 semseg=1.4464 mard=2.0183 lambda=0.036204 box_extra=0 mask_extra=0 FG/HBG/EBG=32/256/1280 fallback=0 rel=0.908/0.808/0.962 wmean=1.000 grad_preclip=149.96
[E19] batch=240/250 pseudo=5 loss=11.4356 seg=0.8939 semseg=1.1322 mard=1.9985 lambda=0.027345 box_extra=1 mask_extra=0 FG/HBG/EBG=40/256/896 fallback=0 rel=0.856/0.796/0.958 wmean=1.000 grad_preclip=73.15
[E19] batch=250/250 pseudo=5 loss=4.9808 seg=0.3589 semseg=0.2540 mard=2.0229 lambda=0.030297 box_extra=0 mask_extra=0 FG/HBG/EBG=40/256/1280 fallback=0 rel=0.874/0.714/0.955 wmean=1.000 grad_preclip=41.60

[Epoch 19] DONE time=60.0s valid=250 skipped=0 pseudo=1030 anchors=997 box_extra=48 mask_extra=33 reject_rel=15 loss=7.6120 seg=0.5604 semseg=0.5135 mard=2.0297 lambda_avg=0.038679 FG/HBG/EBG=33.0/254.0/1206.8 rel=0.919/0.687/0.975 wmean=1.000
[E20] batch=001/250 pseudo=4 loss=13.4271 seg=0.5317 semseg=0.9830 mard=1.9971 lambda=0.040531 box_extra=0 mask_extra=0 FG/HBG/EBG=32/256/1280 fallback=0 rel=0.931/0.885/0.957 wmean=1.000 grad_preclip=129.93
[E20] batch=020/250 pseudo=4 loss=3.7656 seg=0.3064 semseg=0.1154 mard=1.9905 lambda=0.043953 box_extra=0 mask_extra=0 FG/HBG/EBG=32/256/1280 fallback=0 rel=0.953/0.932/0.966 wmean=1.000 grad_preclip=34.08
[E20] batch=040/250 pseudo=4 loss=9.2868 seg=0.5532 semseg=0.7844 mard=2.0135 lambda=0.037265 box_extra=1 mask_extra=1 FG/HBG/EBG=32/256/1280 fallback=0 rel=0.914/0.829/0.963 wmean=1.000 grad_preclip=53.98
[E20] batch=060/250 pseudo=5 loss=4.1428 seg=0.2342 semseg=0.2165 mard=2.0178 lambda=0.044094 box_extra=0 mask_extra=0 FG/HBG/EBG=40/320/1216 fallback=0 rel=0.955/0.934/0.972 wmean=1.000 grad_preclip=26.50
[E20] batch=080/250 pseudo=3 loss=3.8380 seg=0.3774 semseg=0.1773 mard=1.9960 lambda=0.043804 box_extra=0 mask_extra=0 FG/HBG/EBG=24/192/960 fallback=0 rel=0.952/0.942/0.961 wmean=1.000 grad_preclip=55.81
[E20] batch=100/250 pseudo=4 loss=8.1507 seg=0.8745 semseg=0.4106 mard=2.0497 lambda=0.038081 box_extra=0 mask_extra=0 FG/HBG/EBG=32/256/1280 fallback=0 rel=0.923/0.824/0.966 wmean=1.000 grad_preclip=96.08
[E20] batch=120/250 pseudo=4 loss=6.9140 seg=0.3190 semseg=0.3097 mard=1.9807 lambda=0.032253 box_extra=0 mask_extra=0 FG/HBG/EBG=32/256/1280 fallback=0 rel=0.883/0.707/0.955 wmean=1.000 grad_preclip=26.91
[E20] batch=140/250 pseudo=4 loss=4.1994 seg=0.3916 semseg=0.1212 mard=1.9659 lambda=0.040173 box_extra=0 mask_extra=0 FG/HBG/EBG=32/256/1280 fallback=0 rel=0.930/0.837/0.969 wmean=1.000 grad_preclip=55.44
[E20] batch=160/250 pseudo=4 loss=7.3757 seg=0.8853 semseg=0.4104 mard=2.0266 lambda=0.041451 box_extra=0 mask_extra=0 FG/HBG/EBG=32/256/1280 fallback=0 rel=0.941/0.924/0.962 wmean=1.000 grad_preclip=40.89
[E20] batch=180/250 pseudo=3 loss=3.6651 seg=0.3885 semseg=0.1939 mard=1.9967 lambda=0.044333 box_extra=0 mask_extra=0 FG/HBG/EBG=24/192/960 fallback=0 rel=0.953/0.947/0.958 wmean=1.000 grad_preclip=63.39
[E20] batch=200/250 pseudo=6 loss=10.1076 seg=0.7742 semseg=0.7772 mard=2.0064 lambda=0.039076 box_extra=1 mask_extra=1 FG/HBG/EBG=48/384/1152 fallback=0 rel=0.922/0.858/0.967 wmean=1.000 grad_preclip=76.81
[E20] batch=220/250 pseudo=3 loss=2.5056 seg=0.2394 semseg=0.0931 mard=2.0581 lambda=0.043698 box_extra=0 mask_extra=0 FG/HBG/EBG=24/192/960 fallback=0 rel=0.952/0.936/0.964 wmean=1.000 grad_preclip=24.41
[E20] batch=240/250 pseudo=2 loss=3.3412 seg=0.4566 semseg=0.2537 mard=2.0771 lambda=0.044193 box_extra=0 mask_extra=0 FG/HBG/EBG=16/128/640 fallback=0 rel=0.952/0.946/0.959 wmean=1.000 grad_preclip=31.36
[E20] batch=250/250 pseudo=4 loss=8.4824 seg=0.4316 semseg=0.9366 mard=1.9739 lambda=0.044148 box_extra=0 mask_extra=0 FG/HBG/EBG=32/256/1280 fallback=0 rel=0.948/0.925/0.964 wmean=1.000 grad_preclip=50.47

[Epoch 20] DONE time=60.2s valid=250 skipped=0 pseudo=1031 anchors=998 box_extra=52 mask_extra=33 reject_rel=19 loss=7.5423 seg=0.5822 semseg=0.4871 mard=2.0260 lambda_avg=0.038689 FG/HBG/EBG=33.0/254.5/1207.8 rel=0.920/0.683/0.978 wmean=1.000
[SAVE] /home/dang/MedRT-SFOD/runs/seg/ablation/c2k_maskdhf_segmard_v2_60ep/checkpoints/dense_sfseg_epoch_20.pt
[E21] batch=001/250 pseudo=4 loss=16.4663 seg=0.5940 semseg=2.5805 mard=2.0598 lambda=0.045174 box_extra=0 mask_extra=0 FG/HBG/EBG=32/256/1280 fallback=0 rel=0.958/0.949/0.971 wmean=1.000 grad_preclip=156.78
[E21] batch=020/250 pseudo=4 loss=5.1357 seg=0.3950 semseg=0.1453 mard=2.0173 lambda=0.044243 box_extra=0 mask_extra=0 FG/HBG/EBG=32/256/1280 fallback=0 rel=0.952/0.934/0.960 wmean=1.000 grad_preclip=58.55
[E21] batch=040/250 pseudo=4 loss=11.8603 seg=1.2597 semseg=1.3361 mard=2.0531 lambda=0.028138 box_extra=0 mask_extra=0 FG/HBG/EBG=32/192/960 fallback=0 rel=0.855/0.759/0.945 wmean=1.000 grad_preclip=141.17
[E21] batch=060/250 pseudo=4 loss=4.3279 seg=0.3239 semseg=0.1501 mard=2.0222 lambda=0.044903 box_extra=0 mask_extra=0 FG/HBG/EBG=32/256/1280 fallback=0 rel=0.957/0.938/0.969 wmean=1.000 grad_preclip=27.90
[E21] batch=080/250 pseudo=4 loss=6.6277 seg=0.4641 semseg=0.3859 mard=2.0194 lambda=0.039738 box_extra=0 mask_extra=0 FG/HBG/EBG=32/256/1280 fallback=0 rel=0.925/0.870/0.959 wmean=1.000 grad_preclip=58.50
[E21] batch=100/250 pseudo=4 loss=4.8303 seg=0.3788 semseg=0.2187 mard=2.0505 lambda=0.032912 box_extra=0 mask_extra=0 FG/HBG/EBG=32/256/1280 fallback=0 rel=0.887/0.751/0.956 wmean=1.000 grad_preclip=28.52
[E21] batch=120/250 pseudo=3 loss=3.4947 seg=0.4139 semseg=0.1396 mard=1.9921 lambda=0.043419 box_extra=1 mask_extra=0 FG/HBG/EBG=24/192/960 fallback=0 rel=0.952/0.944/0.959 wmean=1.000 grad_preclip=42.31
[E21] batch=140/250 pseudo=4 loss=7.7797 seg=0.8862 semseg=0.2795 mard=1.9928 lambda=0.039471 box_extra=1 mask_extra=1 FG/HBG/EBG=32/256/1280 fallback=0 rel=0.922/0.870/0.954 wmean=1.000 grad_preclip=36.86
[E21] batch=160/250 pseudo=3 loss=2.8962 seg=0.3041 semseg=0.2021 mard=2.0130 lambda=0.042500 box_extra=0 mask_extra=0 FG/HBG/EBG=24/192/960 fallback=0 rel=0.946/0.917/0.962 wmean=1.000 grad_preclip=27.59
[E21] batch=180/250 pseudo=5 loss=2.9823 seg=0.2030 semseg=0.0994 mard=1.9928 lambda=0.042951 box_extra=0 mask_extra=0 FG/HBG/EBG=40/320/1216 fallback=0 rel=0.947/0.922/0.963 wmean=1.000 grad_preclip=27.01
[E21] batch=200/250 pseudo=4 loss=17.1979 seg=1.7029 semseg=0.8254 mard=2.0711 lambda=0.042346 box_extra=0 mask_extra=0 FG/HBG/EBG=32/256/1280 fallback=0 rel=0.940/0.902/0.964 wmean=1.000 grad_preclip=121.23
[E21] batch=220/250 pseudo=4 loss=9.7649 seg=0.8414 semseg=0.7266 mard=2.0084 lambda=0.035075 box_extra=0 mask_extra=0 FG/HBG/EBG=32/256/1280 fallback=0 rel=0.897/0.771/0.965 wmean=1.000 grad_preclip=91.97
[E21] batch=240/250 pseudo=7 loss=7.2423 seg=0.7209 semseg=0.1609 mard=2.0426 lambda=0.033479 box_extra=1 mask_extra=1 FG/HBG/EBG=56/256/1280 fallback=0 rel=0.889/0.811/0.968 wmean=1.000 grad_preclip=42.33
[E21] batch=250/250 pseudo=5 loss=9.7422 seg=0.5116 semseg=0.7018 mard=2.0304 lambda=0.030402 box_extra=0 mask_extra=0 FG/HBG/EBG=40/256/1280 fallback=0 rel=0.873/0.766/0.961 wmean=1.000 grad_preclip=84.17

[Epoch 21] DONE time=60.2s valid=250 skipped=0 pseudo=1018 anchors=980 box_extra=57 mask_extra=38 reject_rel=19 loss=7.6208 seg=0.5652 semseg=0.5413 mard=2.0249 lambda_avg=0.038901 FG/HBG/EBG=32.6/252.4/1205.2 rel=0.921/0.675/0.976 wmean=1.000
[E22] batch=001/250 pseudo=4 loss=2.9526 seg=0.2040 semseg=0.0954 mard=2.0394 lambda=0.042890 box_extra=0 mask_extra=0 FG/HBG/EBG=32/256/1280 fallback=0 rel=0.951/0.902/0.970 wmean=1.000 grad_preclip=29.07
[E22] batch=020/250 pseudo=4 loss=11.2986 seg=1.0369 semseg=0.6456 mard=1.9929 lambda=0.043408 box_extra=0 mask_extra=0 FG/HBG/EBG=32/256/1280 fallback=0 rel=0.949/0.918/0.969 wmean=1.000 grad_preclip=84.29
[E22] batch=040/250 pseudo=3 loss=7.9832 seg=0.6726 semseg=0.9612 mard=2.0158 lambda=0.037732 box_extra=0 mask_extra=0 FG/HBG/EBG=24/192/960 fallback=0 rel=0.904/0.889/0.935 wmean=1.000 grad_preclip=135.45
[E22] batch=060/250 pseudo=3 loss=4.7669 seg=0.3119 semseg=0.7264 mard=1.9882 lambda=0.043286 box_extra=0 mask_extra=0 FG/HBG/EBG=24/192/960 fallback=0 rel=0.949/0.931/0.969 wmean=1.000 grad_preclip=124.22
[E22] batch=080/250 pseudo=4 loss=4.7229 seg=0.3365 semseg=0.1300 mard=2.0741 lambda=0.041704 box_extra=0 mask_extra=0 FG/HBG/EBG=32/256/1280 fallback=0 rel=0.943/0.894/0.965 wmean=1.000 grad_preclip=33.84
[E22] batch=100/250 pseudo=4 loss=6.8242 seg=0.3473 semseg=0.3996 mard=2.0684 lambda=0.038089 box_extra=0 mask_extra=0 FG/HBG/EBG=32/256/1280 fallback=0 rel=0.920/0.790/0.972 wmean=1.000 grad_preclip=44.33
[E22] batch=120/250 pseudo=4 loss=5.3397 seg=0.2884 semseg=0.5035 mard=1.9929 lambda=0.044096 box_extra=0 mask_extra=0 FG/HBG/EBG=32/256/1280 fallback=0 rel=0.955/0.918/0.972 wmean=1.000 grad_preclip=51.59
[E22] batch=140/250 pseudo=4 loss=11.8511 seg=1.1102 semseg=1.0369 mard=2.0127 lambda=0.035011 box_extra=0 mask_extra=0 FG/HBG/EBG=32/256/1280 fallback=0 rel=0.899/0.754/0.965 wmean=1.000 grad_preclip=137.45
[E22] batch=160/250 pseudo=4 loss=13.2807 seg=1.5309 semseg=0.7823 mard=2.0037 lambda=0.035016 box_extra=0 mask_extra=0 FG/HBG/EBG=32/256/1280 fallback=0 rel=0.891/0.782/0.954 wmean=1.000 grad_preclip=58.66
[E22] batch=180/250 pseudo=5 loss=11.1693 seg=0.4336 semseg=0.8536 mard=2.0186 lambda=0.035282 box_extra=1 mask_extra=1 FG/HBG/EBG=40/320/1216 fallback=0 rel=0.904/0.760/0.967 wmean=1.000 grad_preclip=132.72
[E22] batch=200/250 pseudo=3 loss=2.6486 seg=0.2077 semseg=0.1104 mard=2.1034 lambda=0.045408 box_extra=0 mask_extra=0 FG/HBG/EBG=24/192/960 fallback=0 rel=0.964/0.953/0.974 wmean=1.000 grad_preclip=27.74
[E22] batch=220/250 pseudo=3 loss=3.0520 seg=0.2868 semseg=0.2656 mard=2.0364 lambda=0.043108 box_extra=0 mask_extra=0 FG/HBG/EBG=24/128/640 fallback=0 rel=0.944/0.936/0.950 wmean=1.000 grad_preclip=62.30
[E22] batch=240/250 pseudo=4 loss=5.4828 seg=0.4872 semseg=0.2097 mard=1.9966 lambda=0.037418 box_extra=0 mask_extra=0 FG/HBG/EBG=32/256/1280 fallback=0 rel=0.913/0.837/0.959 wmean=1.000 grad_preclip=41.90
[E22] batch=250/250 pseudo=4 loss=10.2836 seg=0.6420 semseg=0.8622 mard=2.0582 lambda=0.035396 box_extra=0 mask_extra=0 FG/HBG/EBG=32/256/1280 fallback=0 rel=0.906/0.811/0.964 wmean=1.000 grad_preclip=117.96

[Epoch 22] DONE time=60.0s valid=250 skipped=0 pseudo=1029 anchors=986 box_extra=58 mask_extra=43 reject_rel=15 loss=7.6404 seg=0.5506 semseg=0.5225 mard=2.0307 lambda_avg=0.038606 FG/HBG/EBG=32.9/253.2/1202.9 rel=0.919/0.681/0.975 wmean=1.000
[E23] batch=001/250 pseudo=4 loss=3.6641 seg=0.3756 semseg=0.1768 mard=2.0174 lambda=0.044134 box_extra=0 mask_extra=0 FG/HBG/EBG=32/256/1280 fallback=0 rel=0.952/0.936/0.964 wmean=1.000 grad_preclip=25.81
[E23] batch=020/250 pseudo=4 loss=13.0853 seg=1.0389 semseg=0.7664 mard=2.0132 lambda=0.024323 box_extra=0 mask_extra=0 FG/HBG/EBG=32/256/1280 fallback=0 rel=0.831/0.710/0.957 wmean=1.000 grad_preclip=71.27
[E23] batch=040/250 pseudo=4 loss=7.3654 seg=0.7479 semseg=0.2629 mard=2.0555 lambda=0.041858 box_extra=0 mask_extra=0 FG/HBG/EBG=32/256/1280 fallback=0 rel=0.943/0.884/0.971 wmean=1.000 grad_preclip=34.70
[E23] batch=060/250 pseudo=4 loss=3.6825 seg=0.2986 semseg=0.1323 mard=1.9779 lambda=0.044594 box_extra=0 mask_extra=0 FG/HBG/EBG=32/256/1280 fallback=0 rel=0.954/0.936/0.967 wmean=1.000 grad_preclip=27.97
[E23] batch=080/250 pseudo=4 loss=8.1080 seg=0.7946 semseg=0.3562 mard=2.0308 lambda=0.037966 box_extra=0 mask_extra=0 FG/HBG/EBG=32/256/1280 fallback=0 rel=0.918/0.813/0.972 wmean=1.000 grad_preclip=86.00
[E23] batch=100/250 pseudo=6 loss=8.0744 seg=0.6463 semseg=0.4446 mard=1.9282 lambda=0.031100 box_extra=0 mask_extra=0 FG/HBG/EBG=48/320/1216 fallback=0 rel=0.875/0.759/0.950 wmean=1.000 grad_preclip=89.62
[E23] batch=120/250 pseudo=4 loss=6.8984 seg=0.5866 semseg=0.2905 mard=2.0020 lambda=0.027618 box_extra=0 mask_extra=0 FG/HBG/EBG=32/256/1280 fallback=0 rel=0.857/0.768/0.940 wmean=1.000 grad_preclip=36.13
[E23] batch=140/250 pseudo=4 loss=4.0346 seg=0.2252 semseg=0.2013 mard=2.0920 lambda=0.043827 box_extra=0 mask_extra=0 FG/HBG/EBG=32/256/1280 fallback=0 rel=0.958/0.938/0.965 wmean=1.000 grad_preclip=24.47
[E23] batch=160/250 pseudo=3 loss=14.1898 seg=2.0271 semseg=1.4543 mard=2.0061 lambda=0.030912 box_extra=0 mask_extra=0 FG/HBG/EBG=24/192/960 fallback=0 rel=0.873/0.748/0.953 wmean=1.000 grad_preclip=57.24
[E23] batch=180/250 pseudo=4 loss=14.0673 seg=1.9108 semseg=0.4968 mard=2.0299 lambda=0.043492 box_extra=0 mask_extra=0 FG/HBG/EBG=32/256/1280 fallback=0 rel=0.951/0.916/0.974 wmean=1.000 grad_preclip=188.43
[E23] batch=200/250 pseudo=4 loss=13.3252 seg=1.0828 semseg=0.7993 mard=2.0275 lambda=0.042193 box_extra=0 mask_extra=0 FG/HBG/EBG=32/256/1280 fallback=0 rel=0.946/0.916/0.962 wmean=1.000 grad_preclip=48.95
[E23] batch=220/250 pseudo=3 loss=5.9322 seg=0.5709 semseg=0.3616 mard=2.0488 lambda=0.036692 box_extra=0 mask_extra=0 FG/HBG/EBG=24/192/960 fallback=0 rel=0.914/0.893/0.937 wmean=1.000 grad_preclip=54.51
[E23] batch=240/250 pseudo=3 loss=9.5477 seg=0.7619 semseg=1.4681 mard=2.0287 lambda=0.042844 box_extra=0 mask_extra=0 FG/HBG/EBG=24/192/960 fallback=0 rel=0.945/0.913/0.966 wmean=1.000 grad_preclip=77.79
[E23] batch=250/250 pseudo=4 loss=5.6689 seg=0.4101 semseg=0.2529 mard=2.0488 lambda=0.042825 box_extra=0 mask_extra=0 FG/HBG/EBG=32/256/1280 fallback=0 rel=0.944/0.906/0.968 wmean=1.000 grad_preclip=69.04

[Epoch 23] DONE time=60.2s valid=250 skipped=0 pseudo=1022 anchors=980 box_extra=58 mask_extra=42 reject_rel=16 loss=7.4496 seg=0.5936 semseg=0.4862 mard=2.0275 lambda_avg=0.038639 FG/HBG/EBG=32.7/252.4/1211.4 rel=0.920/0.687/0.978 wmean=1.000
[E24] batch=001/250 pseudo=4 loss=3.2348 seg=0.2647 semseg=0.1477 mard=2.0427 lambda=0.044256 box_extra=1 mask_extra=1 FG/HBG/EBG=32/256/1280 fallback=0 rel=0.954/0.937/0.971 wmean=1.000 grad_preclip=22.29
[E24] batch=020/250 pseudo=4 loss=3.7933 seg=0.3124 semseg=0.1777 mard=1.9799 lambda=0.043990 box_extra=0 mask_extra=0 FG/HBG/EBG=32/256/1280 fallback=0 rel=0.953/0.935/0.966 wmean=1.000 grad_preclip=21.91
[E24] batch=040/250 pseudo=4 loss=4.7073 seg=0.3070 semseg=0.1705 mard=2.0865 lambda=0.040740 box_extra=0 mask_extra=0 FG/HBG/EBG=32/256/1280 fallback=0 rel=0.936/0.874/0.967 wmean=1.000 grad_preclip=33.73
[E24] batch=060/250 pseudo=4 loss=5.2873 seg=0.4723 semseg=0.1728 mard=2.1037 lambda=0.035350 box_extra=0 mask_extra=0 FG/HBG/EBG=32/256/1280 fallback=0 rel=0.903/0.782/0.968 wmean=1.000 grad_preclip=33.09
[E24] batch=080/250 pseudo=3 loss=4.3840 seg=0.2678 semseg=0.2042 mard=2.0412 lambda=0.046514 box_extra=0 mask_extra=0 FG/HBG/EBG=24/192/960 fallback=0 rel=0.971/0.963/0.975 wmean=1.000 grad_preclip=30.04
[E24] batch=100/250 pseudo=4 loss=6.4165 seg=0.6306 semseg=0.2426 mard=2.0500 lambda=0.041927 box_extra=0 mask_extra=0 FG/HBG/EBG=32/256/1280 fallback=0 rel=0.938/0.926/0.956 wmean=1.000 grad_preclip=57.44
[E24] batch=120/250 pseudo=4 loss=6.9314 seg=0.3818 semseg=0.3671 mard=2.0736 lambda=0.043289 box_extra=0 mask_extra=0 FG/HBG/EBG=32/256/1280 fallback=0 rel=0.946/0.923/0.963 wmean=1.000 grad_preclip=74.83
[E24] batch=140/250 pseudo=4 loss=9.6911 seg=0.8364 semseg=0.4678 mard=2.0274 lambda=0.040734 box_extra=0 mask_extra=0 FG/HBG/EBG=32/256/1280 fallback=0 rel=0.932/0.888/0.960 wmean=1.000 grad_preclip=90.80
[E24] batch=160/250 pseudo=4 loss=5.8705 seg=0.4172 semseg=0.3054 mard=2.0491 lambda=0.036340 box_extra=0 mask_extra=0 FG/HBG/EBG=32/256/1280 fallback=0 rel=0.913/0.823/0.967 wmean=1.000 grad_preclip=62.67
[E24] batch=180/250 pseudo=4 loss=17.9795 seg=1.1730 semseg=1.6485 mard=2.0451 lambda=0.036139 box_extra=0 mask_extra=0 FG/HBG/EBG=32/256/1280 fallback=0 rel=0.895/0.805/0.970 wmean=1.000 grad_preclip=440.22
[E24] batch=200/250 pseudo=4 loss=4.0685 seg=0.4952 semseg=0.1302 mard=2.0759 lambda=0.043784 box_extra=0 mask_extra=0 FG/HBG/EBG=32/256/1280 fallback=0 rel=0.953/0.936/0.964 wmean=1.000 grad_preclip=34.11
[E24] batch=220/250 pseudo=3 loss=18.0627 seg=0.9925 semseg=2.3853 mard=2.0015 lambda=0.023812 box_extra=0 mask_extra=0 FG/HBG/EBG=24/192/960 fallback=0 rel=0.842/0.726/0.945 wmean=1.000 grad_preclip=140.58
[E24] batch=240/250 pseudo=4 loss=4.8800 seg=0.3952 semseg=0.2742 mard=2.0862 lambda=0.034771 box_extra=0 mask_extra=0 FG/HBG/EBG=32/256/1280 fallback=0 rel=0.908/0.795/0.965 wmean=1.000 grad_preclip=33.91
[E24] batch=250/250 pseudo=4 loss=4.7374 seg=0.3579 semseg=0.1779 mard=2.0206 lambda=0.040667 box_extra=0 mask_extra=0 FG/HBG/EBG=32/256/1280 fallback=0 rel=0.933/0.867/0.965 wmean=1.000 grad_preclip=28.79

[Epoch 24] DONE time=60.5s valid=250 skipped=0 pseudo=1032 anchors=995 box_extra=54 mask_extra=37 reject_rel=17 loss=7.3007 seg=0.5416 semseg=0.4869 mard=2.0254 lambda_avg=0.038390 FG/HBG/EBG=33.0/255.2/1210.1 rel=0.918/0.687/0.975 wmean=1.000
[E25] batch=001/250 pseudo=4 loss=5.4553 seg=0.5478 semseg=0.1985 mard=2.0288 lambda=0.037052 box_extra=1 mask_extra=1 FG/HBG/EBG=32/256/1280 fallback=0 rel=0.911/0.769/0.965 wmean=1.000 grad_preclip=39.36
[E25] batch=020/250 pseudo=3 loss=4.4974 seg=0.3889 semseg=0.5262 mard=1.9950 lambda=0.038964 box_extra=3 mask_extra=1 FG/HBG/EBG=24/192/960 fallback=0 rel=0.927/0.857/0.963 wmean=1.000 grad_preclip=28.08
[E25] batch=040/250 pseudo=5 loss=4.6913 seg=0.3006 semseg=0.1798 mard=1.9825 lambda=0.042843 box_extra=0 mask_extra=0 FG/HBG/EBG=40/256/1280 fallback=0 rel=0.947/0.895/0.971 wmean=1.000 grad_preclip=37.32
[E25] batch=060/250 pseudo=4 loss=8.1286 seg=0.6233 semseg=0.4904 mard=2.0304 lambda=0.040960 box_extra=0 mask_extra=0 FG/HBG/EBG=32/256/1280 fallback=0 rel=0.926/0.896/0.941 wmean=1.000 grad_preclip=54.80
[E25] batch=080/250 pseudo=4 loss=4.4799 seg=0.5109 semseg=0.1382 mard=2.0069 lambda=0.040898 box_extra=0 mask_extra=0 FG/HBG/EBG=32/256/1280 fallback=0 rel=0.932/0.844/0.962 wmean=1.000 grad_preclip=42.15
[E25] batch=100/250 pseudo=5 loss=9.7078 seg=0.4297 semseg=1.0582 mard=2.0509 lambda=0.034865 box_extra=0 mask_extra=0 FG/HBG/EBG=40/320/1216 fallback=0 rel=0.905/0.792/0.966 wmean=1.000 grad_preclip=69.49
[E25] batch=120/250 pseudo=4 loss=6.3731 seg=0.4180 semseg=0.5693 mard=2.0780 lambda=0.042840 box_extra=0 mask_extra=0 FG/HBG/EBG=32/256/1280 fallback=0 rel=0.951/0.903/0.973 wmean=1.000 grad_preclip=36.20
[E25] batch=140/250 pseudo=5 loss=7.8501 seg=0.4644 semseg=0.3203 mard=2.0226 lambda=0.025206 box_extra=0 mask_extra=0 FG/HBG/EBG=40/256/1280 fallback=0 rel=0.844/0.703/0.954 wmean=1.000 grad_preclip=44.05
[E25] batch=160/250 pseudo=4 loss=10.6448 seg=0.8816 semseg=0.5206 mard=2.0998 lambda=0.039947 box_extra=0 mask_extra=0 FG/HBG/EBG=32/256/1280 fallback=0 rel=0.926/0.840/0.960 wmean=1.000 grad_preclip=125.71
[E25] batch=180/250 pseudo=3 loss=2.2019 seg=0.1771 semseg=0.1091 mard=1.9591 lambda=0.034638 box_extra=1 mask_extra=0 FG/HBG/EBG=24/192/960 fallback=0 rel=0.905/0.806/0.959 wmean=1.000 grad_preclip=23.24
[E25] batch=200/250 pseudo=4 loss=6.7974 seg=0.4360 semseg=0.6441 mard=1.9927 lambda=0.042175 box_extra=0 mask_extra=0 FG/HBG/EBG=32/256/1280 fallback=0 rel=0.941/0.917/0.958 wmean=1.000 grad_preclip=75.81
[E25] batch=220/250 pseudo=5 loss=5.9042 seg=0.5926 semseg=0.3125 mard=1.9747 lambda=0.041782 box_extra=0 mask_extra=0 FG/HBG/EBG=40/256/1280 fallback=0 rel=0.938/0.908/0.963 wmean=1.000 grad_preclip=36.10
[E25] batch=240/250 pseudo=4 loss=12.3915 seg=0.9391 semseg=0.6485 mard=2.0578 lambda=0.035011 box_extra=1 mask_extra=1 FG/HBG/EBG=32/256/1280 fallback=0 rel=0.900/0.807/0.949 wmean=1.000 grad_preclip=92.63
[E25] batch=250/250 pseudo=4 loss=3.2001 seg=0.2779 semseg=0.0928 mard=2.0056 lambda=0.043983 box_extra=0 mask_extra=0 FG/HBG/EBG=32/256/1280 fallback=0 rel=0.951/0.931/0.960 wmean=1.000 grad_preclip=26.82

[Epoch 25] DONE time=59.9s valid=250 skipped=0 pseudo=1018 anchors=978 box_extra=64 mask_extra=40 reject_rel=24 loss=7.3000 seg=0.5571 semseg=0.4992 mard=2.0306 lambda_avg=0.038770 FG/HBG/EBG=32.6/250.6/1200.9 rel=0.920/0.686/0.978 wmean=1.000
[E26] batch=001/250 pseudo=4 loss=5.2768 seg=0.4966 semseg=0.2749 mard=2.0486 lambda=0.042867 box_extra=0 mask_extra=0 FG/HBG/EBG=32/256/1280 fallback=0 rel=0.937/0.901/0.960 wmean=1.000 grad_preclip=27.37
[E26] batch=020/250 pseudo=3 loss=7.0862 seg=0.5526 semseg=0.8029 mard=2.0058 lambda=0.028889 box_extra=2 mask_extra=1 FG/HBG/EBG=24/192/960 fallback=0 rel=0.871/0.736/0.953 wmean=1.000 grad_preclip=50.28
[E26] batch=040/250 pseudo=7 loss=9.5252 seg=0.8047 semseg=0.4214 mard=2.0703 lambda=0.030667 box_extra=1 mask_extra=1 FG/HBG/EBG=56/448/1088 fallback=0 rel=0.875/0.696/0.967 wmean=1.000 grad_preclip=36.19
[E26] batch=060/250 pseudo=5 loss=3.5861 seg=0.2515 semseg=0.1536 mard=2.0034 lambda=0.035374 box_extra=0 mask_extra=0 FG/HBG/EBG=40/320/1216 fallback=0 rel=0.899/0.693/0.971 wmean=1.000 grad_preclip=33.50
[E26] batch=080/250 pseudo=4 loss=10.1136 seg=0.6315 semseg=0.7276 mard=1.9596 lambda=0.035195 box_extra=0 mask_extra=0 FG/HBG/EBG=32/256/1280 fallback=0 rel=0.896/0.806/0.940 wmean=1.000 grad_preclip=52.54
[E26] batch=100/250 pseudo=4 loss=5.1902 seg=0.5444 semseg=0.1786 mard=1.9913 lambda=0.044708 box_extra=0 mask_extra=0 FG/HBG/EBG=32/256/1280 fallback=0 rel=0.958/0.932/0.969 wmean=1.000 grad_preclip=74.23
[E26] batch=120/250 pseudo=3 loss=2.3817 seg=0.2207 semseg=0.0888 mard=2.0477 lambda=0.043086 box_extra=0 mask_extra=0 FG/HBG/EBG=24/192/960 fallback=0 rel=0.951/0.936/0.964 wmean=1.000 grad_preclip=41.63
[E26] batch=140/250 pseudo=4 loss=13.8669 seg=1.6333 semseg=0.8395 mard=2.0810 lambda=0.034147 box_extra=0 mask_extra=0 FG/HBG/EBG=32/256/1280 fallback=0 rel=0.886/0.859/0.920 wmean=1.000 grad_preclip=59.07
[E26] batch=160/250 pseudo=4 loss=14.0112 seg=0.6348 semseg=1.6675 mard=1.9846 lambda=0.037779 box_extra=0 mask_extra=0 FG/HBG/EBG=32/256/1280 fallback=0 rel=0.913/0.810/0.962 wmean=1.000 grad_preclip=81.81
[E26] batch=180/250 pseudo=4 loss=2.5965 seg=0.2508 semseg=0.0969 mard=2.0564 lambda=0.042283 box_extra=0 mask_extra=0 FG/HBG/EBG=32/256/1280 fallback=0 rel=0.946/0.903/0.966 wmean=1.000 grad_preclip=20.31
[E26] batch=200/250 pseudo=4 loss=7.2840 seg=0.4044 semseg=0.4908 mard=2.0870 lambda=0.042337 box_extra=0 mask_extra=0 FG/HBG/EBG=32/256/1280 fallback=0 rel=0.946/0.886/0.974 wmean=1.000 grad_preclip=90.99
[E26] batch=220/250 pseudo=4 loss=15.2410 seg=1.7296 semseg=1.0089 mard=2.0268 lambda=0.036940 box_extra=0 mask_extra=0 FG/HBG/EBG=32/256/1280 fallback=0 rel=0.910/0.821/0.973 wmean=1.000 grad_preclip=125.84
[E26] batch=240/250 pseudo=4 loss=4.5179 seg=0.3145 semseg=0.1420 mard=2.0205 lambda=0.044250 box_extra=0 mask_extra=0 FG/HBG/EBG=32/256/1280 fallback=0 rel=0.957/0.946/0.973 wmean=1.000 grad_preclip=31.22
[E26] batch=250/250 pseudo=4 loss=10.8139 seg=0.9049 semseg=0.5849 mard=1.9880 lambda=0.035690 box_extra=0 mask_extra=0 FG/HBG/EBG=32/256/1280 fallback=0 rel=0.901/0.830/0.960 wmean=1.000 grad_preclip=49.70

[Epoch 26] DONE time=60.2s valid=250 skipped=0 pseudo=1033 anchors=980 box_extra=74 mask_extra=53 reject_rel=21 loss=7.4729 seg=0.5738 semseg=0.4932 mard=2.0287 lambda_avg=0.038382 FG/HBG/EBG=33.1/254.5/1207.8 rel=0.918/0.685/0.976 wmean=1.000
[E27] batch=001/250 pseudo=5 loss=5.6289 seg=0.3887 semseg=0.1816 mard=2.0837 lambda=0.038570 box_extra=1 mask_extra=1 FG/HBG/EBG=40/320/1216 fallback=0 rel=0.923/0.789/0.970 wmean=1.000 grad_preclip=38.63
[E27] batch=020/250 pseudo=5 loss=8.4493 seg=0.3957 semseg=0.3937 mard=1.9873 lambda=0.036789 box_extra=0 mask_extra=0 FG/HBG/EBG=40/256/1280 fallback=0 rel=0.915/0.851/0.971 wmean=1.000 grad_preclip=41.83
[E27] batch=040/250 pseudo=4 loss=7.2660 seg=0.9373 semseg=0.2698 mard=1.9934 lambda=0.039484 box_extra=0 mask_extra=0 FG/HBG/EBG=32/256/1280 fallback=0 rel=0.930/0.856/0.972 wmean=1.000 grad_preclip=95.62
[E27] batch=060/250 pseudo=4 loss=3.7745 seg=0.2761 semseg=0.1862 mard=2.0559 lambda=0.044425 box_extra=1 mask_extra=0 FG/HBG/EBG=32/256/1280 fallback=0 rel=0.952/0.943/0.963 wmean=1.000 grad_preclip=25.75
[E27] batch=080/250 pseudo=4 loss=9.7940 seg=0.5421 semseg=0.4206 mard=2.0174 lambda=0.035426 box_extra=0 mask_extra=0 FG/HBG/EBG=32/256/1280 fallback=0 rel=0.903/0.797/0.944 wmean=1.000 grad_preclip=152.89
[E27] batch=100/250 pseudo=4 loss=7.4563 seg=0.5791 semseg=0.3491 mard=2.0018 lambda=0.038595 box_extra=0 mask_extra=0 FG/HBG/EBG=32/256/1280 fallback=0 rel=0.921/0.893/0.952 wmean=1.000 grad_preclip=182.01
[E27] batch=120/250 pseudo=4 loss=4.6472 seg=0.4149 semseg=0.1666 mard=2.0033 lambda=0.043754 box_extra=0 mask_extra=0 FG/HBG/EBG=32/256/1280 fallback=0 rel=0.947/0.931/0.963 wmean=1.000 grad_preclip=53.14
[E27] batch=140/250 pseudo=4 loss=17.4167 seg=1.3511 semseg=1.2253 mard=2.0296 lambda=0.028496 box_extra=1 mask_extra=1 FG/HBG/EBG=32/256/1280 fallback=0 rel=0.858/0.712/0.964 wmean=1.000 grad_preclip=89.87
[E27] batch=160/250 pseudo=5 loss=7.7086 seg=0.6695 semseg=0.5135 mard=1.9998 lambda=0.030247 box_extra=0 mask_extra=0 FG/HBG/EBG=40/320/1216 fallback=0 rel=0.868/0.726/0.959 wmean=1.000 grad_preclip=65.46
[E27] batch=180/250 pseudo=4 loss=13.7553 seg=0.6812 semseg=0.8066 mard=2.0832 lambda=0.035994 box_extra=1 mask_extra=0 FG/HBG/EBG=32/256/1280 fallback=0 rel=0.907/0.820/0.963 wmean=1.000 grad_preclip=170.84
[E27] batch=200/250 pseudo=4 loss=11.1054 seg=0.6250 semseg=1.0411 mard=2.0420 lambda=0.039615 box_extra=0 mask_extra=0 FG/HBG/EBG=32/256/1280 fallback=0 rel=0.924/0.833/0.962 wmean=1.000 grad_preclip=174.89
[E27] batch=220/250 pseudo=5 loss=12.3575 seg=1.7940 semseg=0.4258 mard=1.9730 lambda=0.040698 box_extra=0 mask_extra=0 FG/HBG/EBG=40/320/1216 fallback=0 rel=0.924/0.861/0.963 wmean=1.000 grad_preclip=87.78
[E27] batch=240/250 pseudo=4 loss=10.3012 seg=0.9961 semseg=0.5455 mard=2.0333 lambda=0.037226 box_extra=1 mask_extra=1 FG/HBG/EBG=32/256/1280 fallback=0 rel=0.912/0.823/0.959 wmean=1.000 grad_preclip=45.69
[E27] batch=250/250 pseudo=4 loss=14.8201 seg=1.0189 semseg=1.1573 mard=2.0325 lambda=0.033237 box_extra=1 mask_extra=1 FG/HBG/EBG=32/256/1280 fallback=0 rel=0.892/0.767/0.971 wmean=1.000 grad_preclip=77.75

[Epoch 27] DONE time=60.3s valid=250 skipped=0 pseudo=1031 anchors=990 box_extra=61 mask_extra=41 reject_rel=20 loss=7.6748 seg=0.5661 semseg=0.5231 mard=2.0276 lambda_avg=0.038545 FG/HBG/EBG=33.0/253.7/1205.5 rel=0.919/0.679/0.975 wmean=1.000
[E28] batch=001/250 pseudo=7 loss=9.0196 seg=0.6443 semseg=0.3121 mard=1.9828 lambda=0.034616 box_extra=0 mask_extra=0 FG/HBG/EBG=56/384/1152 fallback=0 rel=0.897/0.776/0.974 wmean=1.000 grad_preclip=46.19
[E28] batch=020/250 pseudo=6 loss=7.0654 seg=0.4766 semseg=0.4388 mard=2.0269 lambda=0.035227 box_extra=1 mask_extra=1 FG/HBG/EBG=48/384/1152 fallback=0 rel=0.897/0.823/0.954 wmean=1.000 grad_preclip=29.68
[E28] batch=040/250 pseudo=4 loss=8.4989 seg=0.5157 semseg=0.3096 mard=1.9815 lambda=0.042521 box_extra=0 mask_extra=0 FG/HBG/EBG=32/256/1280 fallback=0 rel=0.943/0.932/0.960 wmean=1.000 grad_preclip=94.98
[E28] batch=060/250 pseudo=3 loss=3.4909 seg=0.4368 semseg=0.1409 mard=2.0067 lambda=0.043475 box_extra=0 mask_extra=0 FG/HBG/EBG=24/192/960 fallback=0 rel=0.944/0.937/0.957 wmean=1.000 grad_preclip=23.64
[E28] batch=080/250 pseudo=5 loss=6.3436 seg=0.5477 semseg=0.2737 mard=2.0839 lambda=0.034992 box_extra=0 mask_extra=0 FG/HBG/EBG=40/320/1216 fallback=0 rel=0.896/0.715/0.970 wmean=1.000 grad_preclip=40.20
[E28] batch=100/250 pseudo=4 loss=4.9823 seg=0.4758 semseg=0.2373 mard=1.9856 lambda=0.039949 box_extra=1 mask_extra=1 FG/HBG/EBG=32/256/1280 fallback=0 rel=0.926/0.871/0.958 wmean=1.000 grad_preclip=35.57
[E28] batch=120/250 pseudo=4 loss=9.4502 seg=0.5098 semseg=0.9407 mard=2.0230 lambda=0.038684 box_extra=0 mask_extra=0 FG/HBG/EBG=32/256/1280 fallback=0 rel=0.926/0.903/0.967 wmean=1.000 grad_preclip=123.77
[E28] batch=140/250 pseudo=4 loss=12.0980 seg=1.4460 semseg=0.5993 mard=2.0793 lambda=0.040789 box_extra=0 mask_extra=0 FG/HBG/EBG=32/256/1280 fallback=0 rel=0.932/0.853/0.971 wmean=1.000 grad_preclip=51.59
[E28] batch=160/250 pseudo=4 loss=5.2166 seg=0.3955 semseg=0.2546 mard=2.0308 lambda=0.034480 box_extra=0 mask_extra=0 FG/HBG/EBG=32/256/1280 fallback=0 rel=0.900/0.729/0.963 wmean=1.000 grad_preclip=27.20
[E28] batch=180/250 pseudo=4 loss=6.5510 seg=0.4525 semseg=0.2689 mard=1.9922 lambda=0.038809 box_extra=1 mask_extra=1 FG/HBG/EBG=32/256/1280 fallback=0 rel=0.919/0.826/0.963 wmean=1.000 grad_preclip=39.88
[E28] batch=200/250 pseudo=4 loss=3.1748 seg=0.2606 semseg=0.1117 mard=2.0337 lambda=0.042748 box_extra=1 mask_extra=1 FG/HBG/EBG=32/256/1280 fallback=0 rel=0.949/0.937/0.959 wmean=1.000 grad_preclip=22.03
[E28] batch=220/250 pseudo=4 loss=11.5677 seg=1.0386 semseg=0.6178 mard=2.0085 lambda=0.040509 box_extra=0 mask_extra=0 FG/HBG/EBG=32/256/1280 fallback=0 rel=0.928/0.903/0.952 wmean=1.000 grad_preclip=69.76
[E28] batch=240/250 pseudo=2 loss=5.4406 seg=0.6240 semseg=0.7547 mard=2.0380 lambda=0.038906 box_extra=0 mask_extra=0 FG/HBG/EBG=16/128/640 fallback=0 rel=0.915/0.912/0.919 wmean=1.000 grad_preclip=33.40
[E28] batch=250/250 pseudo=4 loss=19.6052 seg=0.9286 semseg=2.1124 mard=1.9754 lambda=0.035273 box_extra=1 mask_extra=1 FG/HBG/EBG=32/256/1280 fallback=0 rel=0.896/0.768/0.970 wmean=1.000 grad_preclip=157.93

[Epoch 28] DONE time=60.0s valid=250 skipped=0 pseudo=1029 anchors=985 box_extra=61 mask_extra=44 reject_rel=17 loss=7.1706 seg=0.5282 semseg=0.4841 mard=2.0264 lambda_avg=0.038489 FG/HBG/EBG=32.9/254.0/1197.6 rel=0.919/0.676/0.978 wmean=1.000
[E29] batch=001/250 pseudo=4 loss=8.0393 seg=0.3480 semseg=0.8368 mard=2.0236 lambda=0.041642 box_extra=0 mask_extra=0 FG/HBG/EBG=32/256/1280 fallback=0 rel=0.938/0.916/0.961 wmean=1.000 grad_preclip=58.17
[E29] batch=020/250 pseudo=4 loss=3.7461 seg=0.4245 semseg=0.1327 mard=2.0045 lambda=0.039574 box_extra=0 mask_extra=0 FG/HBG/EBG=32/256/1280 fallback=0 rel=0.927/0.858/0.965 wmean=1.000 grad_preclip=20.64
[E29] batch=040/250 pseudo=4 loss=4.7004 seg=0.2982 semseg=0.1667 mard=2.1258 lambda=0.041808 box_extra=0 mask_extra=0 FG/HBG/EBG=32/256/1280 fallback=0 rel=0.946/0.919/0.974 wmean=1.000 grad_preclip=29.14
[E29] batch=060/250 pseudo=5 loss=10.2137 seg=0.9749 semseg=0.5013 mard=2.0022 lambda=0.032006 box_extra=1 mask_extra=0 FG/HBG/EBG=40/320/1216 fallback=0 rel=0.882/0.715/0.951 wmean=1.000 grad_preclip=51.43
[E29] batch=080/250 pseudo=4 loss=14.8454 seg=0.6932 semseg=1.5606 mard=2.0524 lambda=0.029673 box_extra=0 mask_extra=0 FG/HBG/EBG=32/256/1280 fallback=0 rel=0.872/0.714/0.978 wmean=1.000 grad_preclip=120.00
[E29] batch=100/250 pseudo=4 loss=2.5419 seg=0.2019 semseg=0.1056 mard=2.0390 lambda=0.040622 box_extra=0 mask_extra=0 FG/HBG/EBG=32/256/1280 fallback=0 rel=0.937/0.872/0.969 wmean=1.000 grad_preclip=24.89
[E29] batch=120/250 pseudo=7 loss=11.5649 seg=0.6642 semseg=0.7599 mard=2.0040 lambda=0.027946 box_extra=2 mask_extra=1 FG/HBG/EBG=56/256/1280 fallback=0 rel=0.857/0.687/0.951 wmean=1.000 grad_preclip=69.81
[E29] batch=140/250 pseudo=5 loss=7.3316 seg=0.4296 semseg=0.2220 mard=2.0209 lambda=0.039242 box_extra=0 mask_extra=0 FG/HBG/EBG=40/256/1280 fallback=0 rel=0.920/0.898/0.933 wmean=1.000 grad_preclip=71.72
[E29] batch=160/250 pseudo=2 loss=1.9401 seg=0.2806 semseg=0.1282 mard=2.0627 lambda=0.045775 box_extra=0 mask_extra=0 FG/HBG/EBG=16/128/640 fallback=0 rel=0.965/0.962/0.967 wmean=1.000 grad_preclip=18.94
[E29] batch=180/250 pseudo=5 loss=5.6180 seg=0.4144 semseg=0.3137 mard=2.0351 lambda=0.032090 box_extra=0 mask_extra=0 FG/HBG/EBG=40/256/1280 fallback=0 rel=0.884/0.767/0.967 wmean=1.000 grad_preclip=31.36
[E29] batch=200/250 pseudo=4 loss=11.1542 seg=0.7110 semseg=0.4937 mard=2.0646 lambda=0.034039 box_extra=0 mask_extra=0 FG/HBG/EBG=32/256/1280 fallback=0 rel=0.895/0.759/0.957 wmean=1.000 grad_preclip=75.88
[E29] batch=220/250 pseudo=4 loss=7.4904 seg=0.6874 semseg=0.2625 mard=2.0402 lambda=0.037024 box_extra=1 mask_extra=1 FG/HBG/EBG=32/256/1280 fallback=0 rel=0.912/0.794/0.965 wmean=1.000 grad_preclip=52.87
[E29] batch=240/250 pseudo=5 loss=11.2366 seg=0.7793 semseg=0.3632 mard=2.0274 lambda=0.031406 box_extra=0 mask_extra=0 FG/HBG/EBG=40/320/1216 fallback=0 rel=0.877/0.697/0.958 wmean=1.000 grad_preclip=57.11
[E29] batch=250/250 pseudo=4 loss=8.6336 seg=0.6151 semseg=0.3893 mard=1.9954 lambda=0.043026 box_extra=0 mask_extra=0 FG/HBG/EBG=32/256/1280 fallback=0 rel=0.943/0.925/0.956 wmean=1.000 grad_preclip=61.13

[Epoch 29] DONE time=60.2s valid=250 skipped=0 pseudo=1031 anchors=988 box_extra=68 mask_extra=43 reject_rel=25 loss=7.4277 seg=0.5529 semseg=0.5029 mard=2.0298 lambda_avg=0.038424 FG/HBG/EBG=33.0/253.7/1204.0 rel=0.917/0.593/0.978 wmean=1.000
[E30] batch=001/250 pseudo=2 loss=5.5602 seg=0.4046 semseg=1.4126 mard=2.0274 lambda=0.041670 box_extra=0 mask_extra=0 FG/HBG/EBG=16/128/640 fallback=0 rel=0.941/0.926/0.956 wmean=1.000 grad_preclip=86.66
[E30] batch=020/250 pseudo=4 loss=4.6435 seg=0.3120 semseg=0.3199 mard=2.0208 lambda=0.045000 box_extra=1 mask_extra=0 FG/HBG/EBG=32/256/1280 fallback=0 rel=0.959/0.952/0.963 wmean=1.000 grad_preclip=39.63
[E30] batch=040/250 pseudo=4 loss=4.7000 seg=0.4305 semseg=0.2024 mard=2.0632 lambda=0.043620 box_extra=0 mask_extra=0 FG/HBG/EBG=32/256/1280 fallback=0 rel=0.952/0.937/0.961 wmean=1.000 grad_preclip=32.81
[E30] batch=060/250 pseudo=4 loss=13.0371 seg=0.9515 semseg=0.9637 mard=2.0011 lambda=0.036357 box_extra=0 mask_extra=0 FG/HBG/EBG=32/256/1280 fallback=0 rel=0.904/0.812/0.970 wmean=1.000 grad_preclip=127.90
[E30] batch=080/250 pseudo=3 loss=3.9952 seg=0.4522 semseg=0.1513 mard=2.0379 lambda=0.042612 box_extra=0 mask_extra=0 FG/HBG/EBG=24/192/960 fallback=0 rel=0.940/0.897/0.964 wmean=1.000 grad_preclip=24.86
[E30] batch=100/250 pseudo=4 loss=6.8732 seg=0.4637 semseg=0.2813 mard=2.0307 lambda=0.037235 box_extra=0 mask_extra=0 FG/HBG/EBG=32/256/1280 fallback=0 rel=0.917/0.884/0.949 wmean=1.000 grad_preclip=42.37
[E30] batch=120/250 pseudo=5 loss=7.5444 seg=0.3226 semseg=0.2791 mard=2.0641 lambda=0.031005 box_extra=1 mask_extra=1 FG/HBG/EBG=40/320/1216 fallback=0 rel=0.879/0.712/0.962 wmean=1.000 grad_preclip=35.88
[E30] batch=140/250 pseudo=4 loss=2.8297 seg=0.1519 semseg=0.0790 mard=2.0071 lambda=0.040338 box_extra=0 mask_extra=0 FG/HBG/EBG=32/256/1280 fallback=0 rel=0.938/0.868/0.965 wmean=1.000 grad_preclip=28.26
[E30] batch=160/250 pseudo=4 loss=6.8141 seg=0.2350 semseg=0.4440 mard=2.0328 lambda=0.035384 box_extra=1 mask_extra=0 FG/HBG/EBG=32/256/1280 fallback=0 rel=0.911/0.837/0.969 wmean=1.000 grad_preclip=49.23
[E30] batch=180/250 pseudo=5 loss=11.1395 seg=0.8079 semseg=0.5945 mard=2.0502 lambda=0.028210 box_extra=1 mask_extra=1 FG/HBG/EBG=40/256/1280 fallback=0 rel=0.859/0.767/0.971 wmean=1.000 grad_preclip=85.61
[E30] batch=200/250 pseudo=4 loss=8.7236 seg=0.6751 semseg=0.7804 mard=2.0283 lambda=0.043606 box_extra=0 mask_extra=0 FG/HBG/EBG=32/256/1280 fallback=0 rel=0.946/0.934/0.962 wmean=1.000 grad_preclip=84.65
[E30] batch=220/250 pseudo=3 loss=3.2423 seg=0.2381 semseg=0.2486 mard=2.0201 lambda=0.042399 box_extra=0 mask_extra=0 FG/HBG/EBG=24/192/960 fallback=0 rel=0.946/0.924/0.969 wmean=1.000 grad_preclip=51.70
[E30] batch=240/250 pseudo=6 loss=10.2408 seg=0.5470 semseg=0.7496 mard=1.9759 lambda=0.029554 box_extra=0 mask_extra=0 FG/HBG/EBG=48/256/1280 fallback=0 rel=0.868/0.732/0.955 wmean=1.000 grad_preclip=26.17
[E30] batch=250/250 pseudo=4 loss=7.3784 seg=0.7922 semseg=0.3000 mard=2.0148 lambda=0.038856 box_extra=1 mask_extra=0 FG/HBG/EBG=32/256/1280 fallback=0 rel=0.924/0.868/0.943 wmean=1.000 grad_preclip=71.24

[Epoch 30] DONE time=60.4s valid=250 skipped=0 pseudo=1031 anchors=989 box_extra=66 mask_extra=42 reject_rel=24 loss=7.1860 seg=0.5575 semseg=0.4719 mard=2.0333 lambda_avg=0.038781 FG/HBG/EBG=33.0/254.2/1211.1 rel=0.920/0.673/0.978 wmean=1.000
[SAVE] /home/dang/MedRT-SFOD/runs/seg/ablation/c2k_maskdhf_segmard_v2_60ep/checkpoints/dense_sfseg_epoch_30.pt
[E31] batch=001/250 pseudo=4 loss=3.1799 seg=0.1765 semseg=0.3009 mard=2.0251 lambda=0.044790 box_extra=0 mask_extra=0 FG/HBG/EBG=32/256/1280 fallback=0 rel=0.960/0.950/0.965 wmean=1.000 grad_preclip=29.59
[E31] batch=020/250 pseudo=4 loss=7.6017 seg=0.3602 semseg=0.8365 mard=2.0748 lambda=0.042500 box_extra=0 mask_extra=0 FG/HBG/EBG=32/256/1280 fallback=0 rel=0.943/0.926/0.957 wmean=1.000 grad_preclip=89.16
[E31] batch=040/250 pseudo=5 loss=19.5722 seg=1.1481 semseg=2.1759 mard=2.0557 lambda=0.032130 box_extra=0 mask_extra=0 FG/HBG/EBG=40/256/1280 fallback=0 rel=0.884/0.764/0.974 wmean=1.000 grad_preclip=187.85
[E31] batch=060/250 pseudo=3 loss=2.9926 seg=0.2188 semseg=0.0862 mard=2.1051 lambda=0.042420 box_extra=0 mask_extra=0 FG/HBG/EBG=24/192/960 fallback=0 rel=0.945/0.903/0.971 wmean=1.000 grad_preclip=50.82
[E31] batch=080/250 pseudo=3 loss=3.6723 seg=0.5461 semseg=0.1786 mard=1.9870 lambda=0.044655 box_extra=0 mask_extra=0 FG/HBG/EBG=24/192/960 fallback=0 rel=0.952/0.943/0.962 wmean=1.000 grad_preclip=28.14
[E31] batch=100/250 pseudo=3 loss=6.1955 seg=0.6490 semseg=0.3164 mard=2.0021 lambda=0.043488 box_extra=1 mask_extra=0 FG/HBG/EBG=24/192/960 fallback=0 rel=0.950/0.938/0.964 wmean=1.000 grad_preclip=37.75
[E31] batch=120/250 pseudo=4 loss=7.1633 seg=0.5026 semseg=0.3807 mard=2.0202 lambda=0.034213 box_extra=1 mask_extra=1 FG/HBG/EBG=32/256/1280 fallback=0 rel=0.894/0.753/0.959 wmean=1.000 grad_preclip=39.51
[E31] batch=140/250 pseudo=4 loss=3.1448 seg=0.2418 semseg=0.1129 mard=1.9572 lambda=0.043560 box_extra=0 mask_extra=0 FG/HBG/EBG=32/256/1280 fallback=0 rel=0.950/0.936/0.960 wmean=1.000 grad_preclip=20.57
[E31] batch=160/250 pseudo=4 loss=4.1199 seg=0.2952 semseg=0.1511 mard=1.9722 lambda=0.036558 box_extra=0 mask_extra=0 FG/HBG/EBG=32/256/1280 fallback=0 rel=0.908/0.769/0.971 wmean=1.000 grad_preclip=48.64
[E31] batch=180/250 pseudo=4 loss=5.3027 seg=0.4376 semseg=0.2278 mard=2.0762 lambda=0.040855 box_extra=0 mask_extra=0 FG/HBG/EBG=32/256/1280 fallback=0 rel=0.924/0.877/0.948 wmean=1.000 grad_preclip=35.12
[E31] batch=200/250 pseudo=5 loss=3.6771 seg=0.3043 semseg=0.1163 mard=2.0000 lambda=0.042415 box_extra=0 mask_extra=0 FG/HBG/EBG=40/320/1216 fallback=0 rel=0.939/0.902/0.963 wmean=1.000 grad_preclip=41.94
[E31] batch=220/250 pseudo=4 loss=15.0939 seg=1.0893 semseg=1.1799 mard=2.0221 lambda=0.042739 box_extra=0 mask_extra=0 FG/HBG/EBG=32/256/1280 fallback=0 rel=0.946/0.922/0.971 wmean=1.000 grad_preclip=309.99
[E31] batch=240/250 pseudo=4 loss=4.4969 seg=0.3549 semseg=0.1403 mard=2.0299 lambda=0.042660 box_extra=1 mask_extra=0 FG/HBG/EBG=32/256/1280 fallback=0 rel=0.946/0.930/0.962 wmean=1.000 grad_preclip=29.30
[E31] batch=250/250 pseudo=5 loss=7.1435 seg=0.4451 semseg=0.3432 mard=2.0578 lambda=0.037288 box_extra=1 mask_extra=1 FG/HBG/EBG=40/320/1216 fallback=0 rel=0.913/0.768/0.957 wmean=1.000 grad_preclip=135.56

[Epoch 31] DONE time=60.0s valid=250 skipped=0 pseudo=1027 anchors=984 box_extra=65 mask_extra=43 reject_rel=22 loss=7.2240 seg=0.5206 semseg=0.5044 mard=2.0291 lambda_avg=0.039001 FG/HBG/EBG=32.9/252.7/1205.0 rel=0.921/0.679/0.978 wmean=1.000
[E32] batch=001/250 pseudo=3 loss=6.6464 seg=0.7158 semseg=0.6371 mard=2.0887 lambda=0.042708 box_extra=0 mask_extra=0 FG/HBG/EBG=24/192/960 fallback=0 rel=0.943/0.922/0.955 wmean=1.000 grad_preclip=65.03
[E32] batch=020/250 pseudo=4 loss=6.1307 seg=0.5080 semseg=0.3771 mard=2.0170 lambda=0.035847 box_extra=0 mask_extra=0 FG/HBG/EBG=32/256/1280 fallback=0 rel=0.908/0.790/0.962 wmean=1.000 grad_preclip=54.49
[E32] batch=040/250 pseudo=4 loss=4.7495 seg=0.3501 semseg=0.2934 mard=2.0636 lambda=0.042428 box_extra=0 mask_extra=0 FG/HBG/EBG=32/256/1280 fallback=0 rel=0.945/0.923/0.965 wmean=1.000 grad_preclip=32.86
[E32] batch=060/250 pseudo=4 loss=5.9491 seg=0.2473 semseg=0.3239 mard=2.0227 lambda=0.031185 box_extra=0 mask_extra=0 FG/HBG/EBG=32/256/1280 fallback=0 rel=0.880/0.708/0.944 wmean=1.000 grad_preclip=24.86
[E32] batch=080/250 pseudo=4 loss=3.6164 seg=0.3149 semseg=0.1634 mard=1.9875 lambda=0.045418 box_extra=0 mask_extra=0 FG/HBG/EBG=32/256/1280 fallback=0 rel=0.958/0.943/0.975 wmean=1.000 grad_preclip=36.00
[E32] batch=100/250 pseudo=4 loss=8.7377 seg=0.4588 semseg=0.6555 mard=2.0894 lambda=0.032930 box_extra=0 mask_extra=0 FG/HBG/EBG=32/256/1280 fallback=0 rel=0.893/0.719/0.968 wmean=1.000 grad_preclip=99.34
[E32] batch=120/250 pseudo=4 loss=12.4072 seg=0.7750 semseg=0.5954 mard=2.0576 lambda=0.031086 box_extra=1 mask_extra=1 FG/HBG/EBG=32/256/1280 fallback=0 rel=0.878/0.824/0.940 wmean=1.000 grad_preclip=65.88
[E32] batch=140/250 pseudo=4 loss=10.7189 seg=0.9636 semseg=0.5357 mard=2.0152 lambda=0.032319 box_extra=0 mask_extra=0 FG/HBG/EBG=32/256/1280 fallback=0 rel=0.886/0.786/0.932 wmean=1.000 grad_preclip=73.50
[E32] batch=160/250 pseudo=4 loss=6.1514 seg=0.3447 semseg=0.3553 mard=2.0265 lambda=0.042315 box_extra=0 mask_extra=0 FG/HBG/EBG=32/256/1280 fallback=0 rel=0.947/0.891/0.967 wmean=1.000 grad_preclip=54.67
[E32] batch=180/250 pseudo=3 loss=7.2222 seg=1.2951 semseg=1.0391 mard=2.0308 lambda=0.036837 box_extra=1 mask_extra=0 FG/HBG/EBG=24/192/576 fallback=0 rel=0.906/0.867/0.940 wmean=1.000 grad_preclip=60.18
[E32] batch=200/250 pseudo=4 loss=7.3085 seg=1.1021 semseg=0.5037 mard=2.0607 lambda=0.042864 box_extra=0 mask_extra=0 FG/HBG/EBG=32/256/896 fallback=0 rel=0.942/0.911/0.958 wmean=1.000 grad_preclip=49.69
[E32] batch=220/250 pseudo=4 loss=11.5919 seg=0.4395 semseg=1.3468 mard=2.0880 lambda=0.037945 box_extra=1 mask_extra=1 FG/HBG/EBG=32/256/1280 fallback=0 rel=0.919/0.822/0.965 wmean=1.000 grad_preclip=121.43
[E32] batch=240/250 pseudo=4 loss=15.0512 seg=1.2289 semseg=1.2403 mard=2.0099 lambda=0.041184 box_extra=0 mask_extra=0 FG/HBG/EBG=32/256/1280 fallback=0 rel=0.929/0.887/0.960 wmean=1.000 grad_preclip=70.98
[E32] batch=250/250 pseudo=4 loss=4.8481 seg=0.3635 semseg=0.1706 mard=2.0831 lambda=0.038336 box_extra=0 mask_extra=0 FG/HBG/EBG=32/256/1280 fallback=0 rel=0.919/0.804/0.971 wmean=1.000 grad_preclip=28.84

[Epoch 32] DONE time=60.0s valid=250 skipped=0 pseudo=1026 anchors=980 box_extra=68 mask_extra=46 reject_rel=22 loss=7.3188 seg=0.5298 semseg=0.5191 mard=2.0277 lambda_avg=0.038790 FG/HBG/EBG=32.8/253.2/1206.0 rel=0.921/0.679/0.978 wmean=1.000
[E33] batch=001/250 pseudo=4 loss=8.1284 seg=0.7545 semseg=0.5722 mard=2.0148 lambda=0.043930 box_extra=0 mask_extra=0 FG/HBG/EBG=32/256/1280 fallback=0 rel=0.950/0.933/0.966 wmean=1.000 grad_preclip=62.14
[E33] batch=020/250 pseudo=4 loss=8.8899 seg=0.3549 semseg=0.6339 mard=1.9896 lambda=0.041816 box_extra=0 mask_extra=0 FG/HBG/EBG=32/256/1280 fallback=0 rel=0.943/0.898/0.966 wmean=1.000 grad_preclip=42.45
[E33] batch=040/250 pseudo=5 loss=6.1705 seg=0.4314 semseg=0.2979 mard=2.0721 lambda=0.040504 box_extra=0 mask_extra=0 FG/HBG/EBG=40/320/1216 fallback=0 rel=0.931/0.905/0.963 wmean=1.000 grad_preclip=26.80
[E33] batch=060/250 pseudo=4 loss=3.3010 seg=0.2709 semseg=0.1677 mard=2.1066 lambda=0.041264 box_extra=1 mask_extra=1 FG/HBG/EBG=32/256/1280 fallback=0 rel=0.942/0.917/0.966 wmean=1.000 grad_preclip=24.05
[E33] batch=080/250 pseudo=5 loss=4.9479 seg=0.3606 semseg=0.1533 mard=2.0139 lambda=0.034769 box_extra=0 mask_extra=0 FG/HBG/EBG=40/320/1216 fallback=0 rel=0.895/0.687/0.963 wmean=1.000 grad_preclip=22.37
[E33] batch=100/250 pseudo=4 loss=7.5879 seg=0.8404 semseg=0.2607 mard=2.0389 lambda=0.042204 box_extra=0 mask_extra=0 FG/HBG/EBG=32/256/1280 fallback=0 rel=0.938/0.929/0.951 wmean=1.000 grad_preclip=66.99
[E33] batch=120/250 pseudo=4 loss=8.7396 seg=0.3695 semseg=0.6866 mard=1.9935 lambda=0.045749 box_extra=0 mask_extra=0 FG/HBG/EBG=32/256/1280 fallback=0 rel=0.965/0.958/0.974 wmean=1.000 grad_preclip=44.24
[E33] batch=140/250 pseudo=4 loss=3.4181 seg=0.2804 semseg=0.1350 mard=2.0212 lambda=0.042487 box_extra=0 mask_extra=0 FG/HBG/EBG=32/256/1280 fallback=0 rel=0.945/0.929/0.961 wmean=1.000 grad_preclip=33.14
[E33] batch=160/250 pseudo=4 loss=4.8417 seg=0.5022 semseg=0.2031 mard=1.9819 lambda=0.040353 box_extra=0 mask_extra=0 FG/HBG/EBG=32/256/1280 fallback=0 rel=0.923/0.839/0.958 wmean=1.000 grad_preclip=35.54
[E33] batch=180/250 pseudo=3 loss=4.7626 seg=0.4142 semseg=0.3881 mard=2.0471 lambda=0.042641 box_extra=0 mask_extra=0 FG/HBG/EBG=24/192/960 fallback=0 rel=0.941/0.889/0.971 wmean=1.000 grad_preclip=18.15
[E33] batch=200/250 pseudo=4 loss=7.7213 seg=0.8477 semseg=0.5505 mard=2.1131 lambda=0.040778 box_extra=1 mask_extra=0 FG/HBG/EBG=32/256/1280 fallback=0 rel=0.934/0.891/0.964 wmean=1.000 grad_preclip=135.89
[E33] batch=220/250 pseudo=5 loss=5.8907 seg=0.4220 semseg=0.3506 mard=1.9983 lambda=0.042063 box_extra=1 mask_extra=1 FG/HBG/EBG=40/256/1280 fallback=0 rel=0.939/0.890/0.970 wmean=1.000 grad_preclip=48.78
[E33] batch=240/250 pseudo=5 loss=4.5644 seg=0.3772 semseg=0.2277 mard=2.0032 lambda=0.042208 box_extra=1 mask_extra=1 FG/HBG/EBG=40/320/1216 fallback=0 rel=0.942/0.903/0.967 wmean=1.000 grad_preclip=33.71
[E33] batch=250/250 pseudo=4 loss=2.7622 seg=0.2859 semseg=0.1525 mard=2.0567 lambda=0.040778 box_extra=0 mask_extra=0 FG/HBG/EBG=32/256/896 fallback=0 rel=0.935/0.889/0.957 wmean=1.000 grad_preclip=19.39

[Epoch 33] DONE time=60.0s valid=250 skipped=0 pseudo=1021 anchors=978 box_extra=66 mask_extra=43 reject_rel=23 loss=7.0918 seg=0.5310 semseg=0.4685 mard=2.0294 lambda_avg=0.038666 FG/HBG/EBG=32.7/252.4/1200.6 rel=0.919/0.594/0.975 wmean=1.000
[E34] batch=001/250 pseudo=4 loss=4.6719 seg=0.3869 semseg=0.2591 mard=2.0896 lambda=0.042141 box_extra=1 mask_extra=1 FG/HBG/EBG=32/256/1280 fallback=0 rel=0.945/0.885/0.978 wmean=1.000 grad_preclip=36.40
[E34] batch=020/250 pseudo=4 loss=4.9600 seg=0.3790 semseg=0.1197 mard=1.9607 lambda=0.035255 box_extra=0 mask_extra=0 FG/HBG/EBG=32/256/1280 fallback=0 rel=0.902/0.788/0.962 wmean=1.000 grad_preclip=40.95
[E34] batch=040/250 pseudo=4 loss=9.7914 seg=0.4459 semseg=1.1127 mard=1.9878 lambda=0.038368 box_extra=1 mask_extra=0 FG/HBG/EBG=32/256/1280 fallback=0 rel=0.919/0.821/0.963 wmean=1.000 grad_preclip=122.16
[E34] batch=060/250 pseudo=4 loss=7.7663 seg=0.7002 semseg=0.3746 mard=2.0630 lambda=0.035915 box_extra=0 mask_extra=0 FG/HBG/EBG=32/256/1280 fallback=0 rel=0.900/0.759/0.958 wmean=1.000 grad_preclip=51.45
[E34] batch=080/250 pseudo=4 loss=7.4634 seg=0.6213 semseg=0.3689 mard=2.1052 lambda=0.042385 box_extra=0 mask_extra=0 FG/HBG/EBG=32/256/1280 fallback=0 rel=0.943/0.880/0.968 wmean=1.000 grad_preclip=48.00
[E34] batch=100/250 pseudo=4 loss=9.2693 seg=0.6941 semseg=1.0163 mard=2.0255 lambda=0.040308 box_extra=0 mask_extra=0 FG/HBG/EBG=32/256/1280 fallback=0 rel=0.928/0.880/0.961 wmean=1.000 grad_preclip=123.39
[E34] batch=120/250 pseudo=4 loss=5.7371 seg=0.2113 semseg=0.4149 mard=2.0475 lambda=0.044272 box_extra=0 mask_extra=0 FG/HBG/EBG=32/256/1280 fallback=0 rel=0.961/0.945/0.971 wmean=1.000 grad_preclip=49.97
[E34] batch=140/250 pseudo=6 loss=5.5314 seg=0.2619 semseg=0.3743 mard=2.0341 lambda=0.031137 box_extra=1 mask_extra=1 FG/HBG/EBG=48/256/1280 fallback=0 rel=0.881/0.746/0.955 wmean=1.000 grad_preclip=27.34
[E34] batch=160/250 pseudo=4 loss=5.1751 seg=0.4834 semseg=0.1727 mard=2.0220 lambda=0.045491 box_extra=0 mask_extra=0 FG/HBG/EBG=32/256/1280 fallback=0 rel=0.960/0.951/0.975 wmean=1.000 grad_preclip=31.21
[E34] batch=180/250 pseudo=4 loss=4.2283 seg=0.2951 semseg=0.1437 mard=2.0508 lambda=0.042907 box_extra=0 mask_extra=0 FG/HBG/EBG=32/256/1280 fallback=0 rel=0.945/0.936/0.949 wmean=1.000 grad_preclip=36.74
[E34] batch=200/250 pseudo=6 loss=15.6240 seg=1.3618 semseg=0.9628 mard=2.0596 lambda=0.031487 box_extra=0 mask_extra=0 FG/HBG/EBG=48/320/1216 fallback=0 rel=0.877/0.762/0.956 wmean=1.000 grad_preclip=135.09
[E34] batch=220/250 pseudo=4 loss=2.3509 seg=0.1549 semseg=0.0969 mard=2.0371 lambda=0.044269 box_extra=0 mask_extra=0 FG/HBG/EBG=32/256/1280 fallback=0 rel=0.954/0.950/0.957 wmean=1.000 grad_preclip=26.19
[E34] batch=240/250 pseudo=4 loss=4.6184 seg=0.3266 semseg=0.2607 mard=2.0342 lambda=0.043238 box_extra=0 mask_extra=0 FG/HBG/EBG=32/256/1280 fallback=0 rel=0.952/0.930/0.961 wmean=1.000 grad_preclip=25.08
[E34] batch=250/250 pseudo=5 loss=9.2042 seg=0.6452 semseg=0.5917 mard=2.0277 lambda=0.033467 box_extra=0 mask_extra=0 FG/HBG/EBG=40/320/1216 fallback=0 rel=0.880/0.747/0.947 wmean=1.000 grad_preclip=65.71

[Epoch 34] DONE time=60.4s valid=250 skipped=0 pseudo=1032 anchors=984 box_extra=65 mask_extra=48 reject_rel=17 loss=7.1320 seg=0.5452 semseg=0.4693 mard=2.0310 lambda_avg=0.038480 FG/HBG/EBG=33.0/254.2/1211.1 rel=0.919/0.662/0.978 wmean=1.000
[E35] batch=001/250 pseudo=4 loss=6.1168 seg=0.5407 semseg=0.3995 mard=2.0172 lambda=0.037387 box_extra=2 mask_extra=2 FG/HBG/EBG=32/256/1280 fallback=0 rel=0.913/0.860/0.961 wmean=1.000 grad_preclip=28.30
[E35] batch=020/250 pseudo=6 loss=12.1739 seg=0.5284 semseg=1.6243 mard=2.0322 lambda=0.034415 box_extra=2 mask_extra=1 FG/HBG/EBG=48/384/1152 fallback=0 rel=0.898/0.788/0.974 wmean=1.000 grad_preclip=46.97
[E35] batch=040/250 pseudo=5 loss=7.8629 seg=0.6451 semseg=0.3824 mard=2.0430 lambda=0.039997 box_extra=0 mask_extra=0 FG/HBG/EBG=40/256/1280 fallback=0 rel=0.924/0.865/0.952 wmean=1.000 grad_preclip=38.71
[E35] batch=060/250 pseudo=4 loss=3.4559 seg=0.3054 semseg=0.1339 mard=2.0179 lambda=0.044979 box_extra=0 mask_extra=0 FG/HBG/EBG=32/256/1280 fallback=0 rel=0.960/0.953/0.967 wmean=1.000 grad_preclip=21.90
[E35] batch=080/250 pseudo=4 loss=7.6221 seg=0.6164 semseg=0.2419 mard=2.0089 lambda=0.034800 box_extra=1 mask_extra=1 FG/HBG/EBG=32/256/1280 fallback=0 rel=0.898/0.836/0.958 wmean=1.000 grad_preclip=48.93
[E35] batch=100/250 pseudo=4 loss=5.9589 seg=0.4413 semseg=0.3666 mard=1.9939 lambda=0.043794 box_extra=0 mask_extra=0 FG/HBG/EBG=32/256/1280 fallback=0 rel=0.951/0.930/0.970 wmean=1.000 grad_preclip=73.84
[E35] batch=120/250 pseudo=4 loss=2.9699 seg=0.3186 semseg=0.0983 mard=2.0658 lambda=0.045474 box_extra=0 mask_extra=0 FG/HBG/EBG=32/256/1280 fallback=0 rel=0.957/0.932/0.968 wmean=1.000 grad_preclip=24.47
[E35] batch=140/250 pseudo=5 loss=6.6613 seg=0.7198 semseg=0.2672 mard=1.9971 lambda=0.043261 box_extra=0 mask_extra=0 FG/HBG/EBG=40/320/1216 fallback=0 rel=0.944/0.926/0.963 wmean=1.000 grad_preclip=41.78
[E35] batch=160/250 pseudo=4 loss=4.2257 seg=0.4078 semseg=0.1291 mard=2.0120 lambda=0.044138 box_extra=0 mask_extra=0 FG/HBG/EBG=32/256/1280 fallback=0 rel=0.954/0.947/0.969 wmean=1.000 grad_preclip=29.31
[E35] batch=180/250 pseudo=5 loss=5.6021 seg=0.5136 semseg=0.2105 mard=1.9665 lambda=0.043416 box_extra=0 mask_extra=0 FG/HBG/EBG=40/256/1280 fallback=0 rel=0.946/0.919/0.970 wmean=1.000 grad_preclip=47.54
[E35] batch=200/250 pseudo=5 loss=9.6716 seg=0.5728 semseg=0.4366 mard=2.0283 lambda=0.033985 box_extra=0 mask_extra=0 FG/HBG/EBG=40/320/1216 fallback=0 rel=0.885/0.686/0.966 wmean=1.000 grad_preclip=63.77
[E35] batch=220/250 pseudo=6 loss=8.3805 seg=0.4753 semseg=0.4666 mard=2.0827 lambda=0.031905 box_extra=0 mask_extra=0 FG/HBG/EBG=48/320/1216 fallback=0 rel=0.884/0.738/0.956 wmean=1.000 grad_preclip=33.04
[E35] batch=240/250 pseudo=3 loss=8.3041 seg=0.5644 semseg=0.7904 mard=2.1024 lambda=0.031031 box_extra=0 mask_extra=0 FG/HBG/EBG=24/192/960 fallback=0 rel=0.877/0.712/0.969 wmean=1.000 grad_preclip=102.22
[E35] batch=250/250 pseudo=4 loss=12.0860 seg=1.3262 semseg=0.6570 mard=1.9784 lambda=0.036790 box_extra=0 mask_extra=0 FG/HBG/EBG=32/256/1280 fallback=0 rel=0.906/0.776/0.963 wmean=1.000 grad_preclip=66.82

[Epoch 35] DONE time=60.4s valid=250 skipped=0 pseudo=1031 anchors=986 box_extra=64 mask_extra=45 reject_rel=19 loss=7.2052 seg=0.5360 semseg=0.4873 mard=2.0301 lambda_avg=0.038621 FG/HBG/EBG=33.0/255.2/1216.3 rel=0.920/0.678/0.976 wmean=1.000
[E36] batch=001/250 pseudo=4 loss=4.5229 seg=0.4427 semseg=0.1400 mard=2.0327 lambda=0.044133 box_extra=0 mask_extra=0 FG/HBG/EBG=32/256/1280 fallback=0 rel=0.951/0.944/0.961 wmean=1.000 grad_preclip=32.74
[E36] batch=020/250 pseudo=5 loss=4.1550 seg=0.2010 semseg=0.3252 mard=2.0127 lambda=0.035954 box_extra=0 mask_extra=0 FG/HBG/EBG=40/256/1280 fallback=0 rel=0.907/0.718/0.970 wmean=1.000 grad_preclip=67.77
[E36] batch=040/250 pseudo=4 loss=4.0404 seg=0.2916 semseg=0.1217 mard=2.0459 lambda=0.033604 box_extra=0 mask_extra=0 FG/HBG/EBG=32/256/1280 fallback=0 rel=0.888/0.684/0.966 wmean=1.000 grad_preclip=30.31
[E36] batch=060/250 pseudo=4 loss=4.0738 seg=0.3973 semseg=0.1697 mard=1.9765 lambda=0.038838 box_extra=0 mask_extra=0 FG/HBG/EBG=32/256/1280 fallback=0 rel=0.925/0.851/0.960 wmean=1.000 grad_preclip=26.34
[E36] batch=080/250 pseudo=4 loss=16.1557 seg=0.5991 semseg=1.8335 mard=2.0234 lambda=0.041323 box_extra=1 mask_extra=1 FG/HBG/EBG=32/256/1280 fallback=0 rel=0.942/0.903/0.963 wmean=1.000 grad_preclip=51.18
[E36] batch=100/250 pseudo=4 loss=8.2710 seg=0.6690 semseg=0.5371 mard=2.0151 lambda=0.036178 box_extra=0 mask_extra=0 FG/HBG/EBG=32/256/1280 fallback=0 rel=0.904/0.857/0.949 wmean=1.000 grad_preclip=47.57
[E36] batch=120/250 pseudo=4 loss=2.9473 seg=0.2045 semseg=0.1017 mard=2.0571 lambda=0.039006 box_extra=0 mask_extra=0 FG/HBG/EBG=32/256/1280 fallback=0 rel=0.931/0.867/0.971 wmean=1.000 grad_preclip=19.71
[E36] batch=140/250 pseudo=5 loss=5.1397 seg=0.4125 semseg=0.1662 mard=1.9916 lambda=0.035399 box_extra=0 mask_extra=0 FG/HBG/EBG=40/320/1216 fallback=0 rel=0.900/0.691/0.968 wmean=1.000 grad_preclip=44.33
[E36] batch=160/250 pseudo=4 loss=19.3824 seg=2.0288 semseg=0.8974 mard=2.0196 lambda=0.031474 box_extra=1 mask_extra=1 FG/HBG/EBG=32/256/1280 fallback=0 rel=0.877/0.837/0.917 wmean=1.000 grad_preclip=104.89
[E36] batch=180/250 pseudo=7 loss=6.9542 seg=0.3938 semseg=0.1839 mard=1.9607 lambda=0.037903 box_extra=0 mask_extra=0 FG/HBG/EBG=56/320/1216 fallback=0 rel=0.918/0.851/0.955 wmean=1.000 grad_preclip=21.30
[E36] batch=200/250 pseudo=4 loss=6.7311 seg=0.6849 semseg=0.6665 mard=2.0360 lambda=0.037687 box_extra=0 mask_extra=0 FG/HBG/EBG=32/192/960 fallback=0 rel=0.921/0.889/0.972 wmean=1.000 grad_preclip=34.14
[E36] batch=220/250 pseudo=5 loss=7.5862 seg=0.6814 semseg=0.5269 mard=2.0262 lambda=0.028650 box_extra=0 mask_extra=0 FG/HBG/EBG=40/320/1216 fallback=0 rel=0.862/0.691/0.963 wmean=1.000 grad_preclip=41.31
[E36] batch=240/250 pseudo=3 loss=3.6020 seg=0.3367 semseg=0.1695 mard=2.0459 lambda=0.044950 box_extra=0 mask_extra=0 FG/HBG/EBG=24/192/960 fallback=0 rel=0.956/0.937/0.971 wmean=1.000 grad_preclip=21.73
[E36] batch=250/250 pseudo=4 loss=2.7943 seg=0.1448 semseg=0.0705 mard=2.0561 lambda=0.045867 box_extra=0 mask_extra=0 FG/HBG/EBG=32/256/1280 fallback=0 rel=0.968/0.966/0.970 wmean=1.000 grad_preclip=21.11

[Epoch 36] DONE time=60.3s valid=250 skipped=0 pseudo=1028 anchors=988 box_extra=56 mask_extra=40 reject_rel=16 loss=7.1374 seg=0.5400 semseg=0.4717 mard=2.0272 lambda_avg=0.038519 FG/HBG/EBG=32.9/254.5/1212.4 rel=0.919/0.663/0.976 wmean=1.000
[E37] batch=001/250 pseudo=4 loss=8.6460 seg=0.6010 semseg=0.6495 mard=2.0183 lambda=0.036489 box_extra=0 mask_extra=0 FG/HBG/EBG=32/256/1280 fallback=0 rel=0.914/0.809/0.962 wmean=1.000 grad_preclip=62.20
[E37] batch=020/250 pseudo=5 loss=5.7150 seg=0.3059 semseg=0.4315 mard=2.0176 lambda=0.034717 box_extra=0 mask_extra=0 FG/HBG/EBG=40/256/1280 fallback=0 rel=0.900/0.718/0.962 wmean=1.000 grad_preclip=82.57
[E37] batch=040/250 pseudo=4 loss=5.8561 seg=0.4336 semseg=0.3315 mard=2.0206 lambda=0.041664 box_extra=0 mask_extra=0 FG/HBG/EBG=32/256/1280 fallback=0 rel=0.934/0.915/0.958 wmean=1.000 grad_preclip=23.73
[E37] batch=060/250 pseudo=5 loss=5.9803 seg=0.4959 semseg=0.3555 mard=1.9898 lambda=0.037053 box_extra=1 mask_extra=1 FG/HBG/EBG=40/320/1216 fallback=0 rel=0.904/0.813/0.946 wmean=1.000 grad_preclip=59.38
[E37] batch=080/250 pseudo=3 loss=4.2279 seg=0.3255 semseg=0.3480 mard=2.0335 lambda=0.043948 box_extra=0 mask_extra=0 FG/HBG/EBG=24/192/960 fallback=0 rel=0.951/0.931/0.961 wmean=1.000 grad_preclip=30.07
[E37] batch=100/250 pseudo=4 loss=27.1000 seg=3.4308 semseg=1.9930 mard=2.0211 lambda=0.029435 box_extra=1 mask_extra=1 FG/HBG/EBG=32/256/1280 fallback=0 rel=0.862/0.725/0.969 wmean=1.000 grad_preclip=145.56
[E37] batch=120/250 pseudo=2 loss=2.0512 seg=0.4647 semseg=0.1422 mard=2.0704 lambda=0.043867 box_extra=0 mask_extra=0 FG/HBG/EBG=16/128/640 fallback=0 rel=0.947/0.924/0.969 wmean=1.000 grad_preclip=18.78
[E37] batch=140/250 pseudo=4 loss=14.3090 seg=0.8696 semseg=0.9705 mard=2.0572 lambda=0.039895 box_extra=0 mask_extra=0 FG/HBG/EBG=32/256/1280 fallback=0 rel=0.926/0.879/0.962 wmean=1.000 grad_preclip=59.95
[E37] batch=160/250 pseudo=4 loss=8.3483 seg=0.7408 semseg=0.4983 mard=2.0814 lambda=0.039466 box_extra=1 mask_extra=1 FG/HBG/EBG=32/256/1280 fallback=0 rel=0.932/0.844/0.972 wmean=1.000 grad_preclip=35.42
[E37] batch=180/250 pseudo=4 loss=8.2952 seg=0.5702 semseg=0.2573 mard=2.0113 lambda=0.036759 box_extra=0 mask_extra=0 FG/HBG/EBG=32/256/1280 fallback=0 rel=0.914/0.870/0.958 wmean=1.000 grad_preclip=40.90
[E37] batch=200/250 pseudo=4 loss=6.4671 seg=0.3148 semseg=0.4208 mard=2.0283 lambda=0.040335 box_extra=0 mask_extra=0 FG/HBG/EBG=32/256/1280 fallback=0 rel=0.927/0.862/0.955 wmean=1.000 grad_preclip=53.56
[E37] batch=220/250 pseudo=2 loss=6.3934 seg=0.4615 semseg=1.0693 mard=2.0200 lambda=0.021601 box_extra=1 mask_extra=0 FG/HBG/EBG=16/128/640 fallback=0 rel=0.832/0.761/0.903 wmean=1.000 grad_preclip=26.52
[E37] batch=240/250 pseudo=4 loss=3.2570 seg=0.2768 semseg=0.1131 mard=2.1107 lambda=0.043769 box_extra=0 mask_extra=0 FG/HBG/EBG=32/256/1280 fallback=0 rel=0.954/0.937/0.966 wmean=1.000 grad_preclip=25.89
[E37] batch=250/250 pseudo=4 loss=5.1299 seg=0.2957 semseg=0.3926 mard=2.0436 lambda=0.041129 box_extra=0 mask_extra=0 FG/HBG/EBG=32/256/1280 fallback=0 rel=0.938/0.890/0.963 wmean=1.000 grad_preclip=72.05

[Epoch 37] DONE time=59.7s valid=250 skipped=0 pseudo=1027 anchors=980 box_extra=64 mask_extra=47 reject_rel=17 loss=6.9649 seg=0.5232 semseg=0.4670 mard=2.0277 lambda_avg=0.038794 FG/HBG/EBG=32.9/253.4/1201.2 rel=0.920/0.684/0.978 wmean=1.000
[E38] batch=001/250 pseudo=2 loss=4.1648 seg=0.6314 semseg=0.4665 mard=2.0095 lambda=0.040227 box_extra=0 mask_extra=0 FG/HBG/EBG=16/128/640 fallback=0 rel=0.929/0.914/0.943 wmean=1.000 grad_preclip=31.45
[E38] batch=020/250 pseudo=4 loss=5.7176 seg=0.4292 semseg=0.4673 mard=2.0466 lambda=0.042848 box_extra=0 mask_extra=0 FG/HBG/EBG=32/256/1280 fallback=0 rel=0.942/0.929/0.956 wmean=1.000 grad_preclip=51.09
[E38] batch=040/250 pseudo=4 loss=5.1206 seg=0.3271 semseg=0.2013 mard=2.0197 lambda=0.042824 box_extra=0 mask_extra=0 FG/HBG/EBG=32/256/1280 fallback=0 rel=0.949/0.901/0.974 wmean=1.000 grad_preclip=39.86
[E38] batch=060/250 pseudo=4 loss=6.3105 seg=0.4867 semseg=0.2697 mard=2.0240 lambda=0.031648 box_extra=0 mask_extra=0 FG/HBG/EBG=32/256/1280 fallback=0 rel=0.881/0.738/0.954 wmean=1.000 grad_preclip=28.51
[E38] batch=080/250 pseudo=6 loss=4.4509 seg=0.3651 semseg=0.1693 mard=1.9909 lambda=0.034650 box_extra=1 mask_extra=1 FG/HBG/EBG=48/384/1152 fallback=0 rel=0.895/0.703/0.967 wmean=1.000 grad_preclip=53.05
[E38] batch=100/250 pseudo=4 loss=5.3455 seg=0.5537 semseg=0.1513 mard=2.0400 lambda=0.045075 box_extra=0 mask_extra=0 FG/HBG/EBG=32/256/1280 fallback=0 rel=0.956/0.950/0.964 wmean=1.000 grad_preclip=68.35
[E38] batch=120/250 pseudo=3 loss=7.3795 seg=0.7893 semseg=0.6535 mard=1.9919 lambda=0.041021 box_extra=0 mask_extra=0 FG/HBG/EBG=24/192/960 fallback=0 rel=0.924/0.901/0.957 wmean=1.000 grad_preclip=27.31
[E38] batch=140/250 pseudo=3 loss=2.8852 seg=0.2341 semseg=0.2200 mard=1.9829 lambda=0.040678 box_extra=0 mask_extra=0 FG/HBG/EBG=24/192/960 fallback=0 rel=0.936/0.908/0.969 wmean=1.000 grad_preclip=21.58
[E38] batch=160/250 pseudo=3 loss=3.0878 seg=0.3491 semseg=0.1542 mard=2.0400 lambda=0.037554 box_extra=0 mask_extra=0 FG/HBG/EBG=24/192/960 fallback=0 rel=0.915/0.834/0.959 wmean=1.000 grad_preclip=38.84
[E38] batch=180/250 pseudo=4 loss=6.3955 seg=0.5610 semseg=0.2421 mard=2.0313 lambda=0.043818 box_extra=0 mask_extra=0 FG/HBG/EBG=32/256/1280 fallback=0 rel=0.939/0.902/0.966 wmean=1.000 grad_preclip=43.75
[E38] batch=200/250 pseudo=5 loss=4.8469 seg=0.4273 semseg=0.1512 mard=2.0349 lambda=0.042840 box_extra=0 mask_extra=0 FG/HBG/EBG=40/256/1280 fallback=0 rel=0.946/0.919/0.965 wmean=1.000 grad_preclip=40.68
[E38] batch=220/250 pseudo=4 loss=7.9545 seg=0.3433 semseg=0.7914 mard=2.0122 lambda=0.036573 box_extra=1 mask_extra=1 FG/HBG/EBG=32/256/1280 fallback=0 rel=0.913/0.830/0.953 wmean=1.000 grad_preclip=30.67
[E38] batch=240/250 pseudo=4 loss=3.1748 seg=0.2578 semseg=0.1146 mard=2.0289 lambda=0.044440 box_extra=0 mask_extra=0 FG/HBG/EBG=32/256/1280 fallback=0 rel=0.955/0.951/0.961 wmean=1.000 grad_preclip=23.56
[E38] batch=250/250 pseudo=4 loss=3.9712 seg=0.3220 semseg=0.1634 mard=2.0405 lambda=0.042408 box_extra=0 mask_extra=0 FG/HBG/EBG=32/256/1280 fallback=0 rel=0.943/0.902/0.968 wmean=1.000 grad_preclip=27.28

[Epoch 38] DONE time=60.3s valid=250 skipped=0 pseudo=1029 anchors=990 box_extra=58 mask_extra=39 reject_rel=19 loss=6.8173 seg=0.5154 semseg=0.4589 mard=2.0281 lambda_avg=0.038387 FG/HBG/EBG=32.9/254.5/1209.3 rel=0.918/0.594/0.978 wmean=1.000
[E39] batch=001/250 pseudo=4 loss=7.3730 seg=0.7686 semseg=0.3302 mard=2.0085 lambda=0.039463 box_extra=0 mask_extra=0 FG/HBG/EBG=32/256/1280 fallback=0 rel=0.921/0.912/0.927 wmean=1.000 grad_preclip=64.95
[E39] batch=020/250 pseudo=5 loss=6.0877 seg=0.5461 semseg=0.2552 mard=2.0101 lambda=0.038942 box_extra=0 mask_extra=0 FG/HBG/EBG=40/320/1216 fallback=0 rel=0.916/0.746/0.974 wmean=1.000 grad_preclip=23.42
[E39] batch=040/250 pseudo=4 loss=4.1535 seg=0.4207 semseg=0.1566 mard=2.0900 lambda=0.043875 box_extra=0 mask_extra=0 FG/HBG/EBG=32/256/1280 fallback=0 rel=0.951/0.920/0.971 wmean=1.000 grad_preclip=29.41
[E39] batch=060/250 pseudo=4 loss=4.2774 seg=0.2830 semseg=0.1844 mard=2.0206 lambda=0.041942 box_extra=0 mask_extra=0 FG/HBG/EBG=32/256/1280 fallback=0 rel=0.940/0.907/0.955 wmean=1.000 grad_preclip=24.86
[E39] batch=080/250 pseudo=4 loss=3.5664 seg=0.2393 semseg=0.1274 mard=2.0343 lambda=0.044837 box_extra=0 mask_extra=0 FG/HBG/EBG=32/256/1280 fallback=0 rel=0.959/0.938/0.970 wmean=1.000 grad_preclip=24.77
[E39] batch=100/250 pseudo=6 loss=9.8588 seg=0.6839 semseg=0.8858 mard=1.9706 lambda=0.035302 box_extra=1 mask_extra=0 FG/HBG/EBG=48/384/1152 fallback=0 rel=0.901/0.717/0.967 wmean=1.000 grad_preclip=216.87
[E39] batch=120/250 pseudo=4 loss=15.5980 seg=0.7895 semseg=1.8383 mard=2.0033 lambda=0.039633 box_extra=0 mask_extra=0 FG/HBG/EBG=32/256/1280 fallback=0 rel=0.928/0.838/0.964 wmean=1.000 grad_preclip=52.85
[E39] batch=140/250 pseudo=4 loss=8.2722 seg=0.7952 semseg=0.5852 mard=2.0477 lambda=0.032514 box_extra=1 mask_extra=1 FG/HBG/EBG=32/256/1280 fallback=0 rel=0.886/0.783/0.969 wmean=1.000 grad_preclip=40.08
[E39] batch=160/250 pseudo=3 loss=4.0361 seg=0.4471 semseg=0.1559 mard=2.1159 lambda=0.039699 box_extra=0 mask_extra=0 FG/HBG/EBG=24/192/960 fallback=0 rel=0.927/0.889/0.947 wmean=1.000 grad_preclip=28.70
[E39] batch=180/250 pseudo=4 loss=4.4450 seg=0.4120 semseg=0.1367 mard=1.9856 lambda=0.031954 box_extra=0 mask_extra=0 FG/HBG/EBG=32/192/960 fallback=0 rel=0.873/0.665/0.948 wmean=1.000 grad_preclip=24.96
[E39] batch=200/250 pseudo=4 loss=4.0087 seg=0.2283 semseg=0.1713 mard=2.0265 lambda=0.042714 box_extra=0 mask_extra=0 FG/HBG/EBG=32/256/1280 fallback=0 rel=0.949/0.910/0.971 wmean=1.000 grad_preclip=25.08
[E39] batch=220/250 pseudo=4 loss=4.9677 seg=0.3889 semseg=0.1373 mard=2.0286 lambda=0.041560 box_extra=0 mask_extra=0 FG/HBG/EBG=32/256/1280 fallback=0 rel=0.938/0.928/0.956 wmean=1.000 grad_preclip=33.99
[E39] batch=240/250 pseudo=4 loss=5.0405 seg=0.3843 semseg=0.1450 mard=1.9993 lambda=0.030353 box_extra=0 mask_extra=0 FG/HBG/EBG=32/256/1280 fallback=0 rel=0.875/0.713/0.952 wmean=1.000 grad_preclip=71.24
[E39] batch=250/250 pseudo=4 loss=5.3755 seg=0.4157 semseg=0.2297 mard=2.0463 lambda=0.042090 box_extra=0 mask_extra=0 FG/HBG/EBG=32/256/1280 fallback=0 rel=0.943/0.920/0.963 wmean=1.000 grad_preclip=46.44

[Epoch 39] DONE time=60.5s valid=250 skipped=0 pseudo=1023 anchors=983 box_extra=65 mask_extra=40 reject_rel=25 loss=6.6245 seg=0.4871 semseg=0.4497 mard=2.0288 lambda_avg=0.038498 FG/HBG/EBG=32.7/253.2/1201.4 rel=0.919/0.665/0.976 wmean=1.000
[E40] batch=001/250 pseudo=5 loss=8.7345 seg=0.4875 semseg=0.2967 mard=2.0108 lambda=0.027668 box_extra=0 mask_extra=0 FG/HBG/EBG=40/256/1280 fallback=0 rel=0.856/0.693/0.958 wmean=1.000 grad_preclip=45.37
[E40] batch=020/250 pseudo=7 loss=5.6771 seg=0.5467 semseg=0.2230 mard=2.0259 lambda=0.021474 box_extra=0 mask_extra=0 FG/HBG/EBG=56/448/1088 fallback=0 rel=0.820/0.688/0.969 wmean=1.000 grad_preclip=22.59
[E40] batch=040/250 pseudo=4 loss=7.7907 seg=0.3092 semseg=1.0102 mard=2.0148 lambda=0.033511 box_extra=0 mask_extra=0 FG/HBG/EBG=32/256/1280 fallback=0 rel=0.894/0.743/0.965 wmean=1.000 grad_preclip=41.73
[E40] batch=060/250 pseudo=4 loss=6.1572 seg=0.4127 semseg=0.3814 mard=2.1021 lambda=0.039453 box_extra=1 mask_extra=1 FG/HBG/EBG=32/256/1280 fallback=0 rel=0.931/0.828/0.971 wmean=1.000 grad_preclip=29.87
[E40] batch=080/250 pseudo=5 loss=6.2630 seg=0.4879 semseg=0.3881 mard=1.9789 lambda=0.034786 box_extra=0 mask_extra=0 FG/HBG/EBG=40/320/1216 fallback=0 rel=0.904/0.868/0.952 wmean=1.000 grad_preclip=41.81
[E40] batch=100/250 pseudo=5 loss=5.1042 seg=0.3484 semseg=0.2140 mard=2.0034 lambda=0.039575 box_extra=0 mask_extra=0 FG/HBG/EBG=40/256/1280 fallback=0 rel=0.928/0.839/0.974 wmean=1.000 grad_preclip=23.80
[E40] batch=120/250 pseudo=4 loss=14.5740 seg=1.5191 semseg=1.2917 mard=2.0170 lambda=0.027189 box_extra=0 mask_extra=0 FG/HBG/EBG=32/256/1280 fallback=0 rel=0.846/0.770/0.952 wmean=1.000 grad_preclip=142.34
[E40] batch=140/250 pseudo=4 loss=5.8577 seg=0.5050 semseg=0.4254 mard=2.0049 lambda=0.040548 box_extra=0 mask_extra=0 FG/HBG/EBG=32/256/1280 fallback=0 rel=0.931/0.913/0.954 wmean=1.000 grad_preclip=26.45
[E40] batch=160/250 pseudo=4 loss=7.8843 seg=0.5750 semseg=0.3565 mard=2.0416 lambda=0.038352 box_extra=1 mask_extra=1 FG/HBG/EBG=32/256/1280 fallback=0 rel=0.923/0.895/0.939 wmean=1.000 grad_preclip=31.94
[E40] batch=180/250 pseudo=4 loss=9.6193 seg=0.3620 semseg=1.1067 mard=1.9964 lambda=0.037293 box_extra=0 mask_extra=0 FG/HBG/EBG=32/256/1280 fallback=0 rel=0.913/0.836/0.955 wmean=1.000 grad_preclip=80.67
[E40] batch=200/250 pseudo=3 loss=5.5202 seg=0.7883 semseg=0.2505 mard=2.0025 lambda=0.039345 box_extra=1 mask_extra=0 FG/HBG/EBG=24/192/960 fallback=0 rel=0.919/0.913/0.930 wmean=1.000 grad_preclip=38.10
[E40] batch=220/250 pseudo=4 loss=4.6053 seg=0.4111 semseg=0.2196 mard=2.0354 lambda=0.040084 box_extra=0 mask_extra=0 FG/HBG/EBG=32/256/1280 fallback=0 rel=0.932/0.870/0.967 wmean=1.000 grad_preclip=36.52
[E40] batch=240/250 pseudo=4 loss=3.7631 seg=0.2108 semseg=0.1701 mard=2.0165 lambda=0.043991 box_extra=0 mask_extra=0 FG/HBG/EBG=32/256/1280 fallback=0 rel=0.955/0.930/0.967 wmean=1.000 grad_preclip=21.21
[E40] batch=250/250 pseudo=4 loss=10.7118 seg=0.9286 semseg=0.7047 mard=2.0265 lambda=0.039681 box_extra=0 mask_extra=0 FG/HBG/EBG=32/256/1280 fallback=0 rel=0.928/0.887/0.964 wmean=1.000 grad_preclip=53.98

[Epoch 40] DONE time=60.4s valid=250 skipped=0 pseudo=1023 anchors=979 box_extra=67 mask_extra=44 reject_rel=23 loss=6.6828 seg=0.5268 semseg=0.4473 mard=2.0277 lambda_avg=0.038797 FG/HBG/EBG=32.7/255.7/1211.1 rel=0.920/0.688/0.978 wmean=1.000
[SAVE] /home/dang/MedRT-SFOD/runs/seg/ablation/c2k_maskdhf_segmard_v2_60ep/checkpoints/dense_sfseg_epoch_40.pt
[E41] batch=001/250 pseudo=4 loss=11.6129 seg=0.9412 semseg=0.5865 mard=2.0466 lambda=0.039092 box_extra=0 mask_extra=0 FG/HBG/EBG=32/256/1280 fallback=0 rel=0.922/0.832/0.959 wmean=1.000 grad_preclip=62.92
[E41] batch=020/250 pseudo=4 loss=8.2984 seg=0.7805 semseg=0.6473 mard=1.9935 lambda=0.042811 box_extra=0 mask_extra=0 FG/HBG/EBG=32/256/1280 fallback=0 rel=0.944/0.902/0.965 wmean=1.000 grad_preclip=69.85
[E41] batch=040/250 pseudo=4 loss=8.5633 seg=0.3807 semseg=0.6134 mard=2.0762 lambda=0.032791 box_extra=0 mask_extra=0 FG/HBG/EBG=32/256/1280 fallback=0 rel=0.883/0.676/0.962 wmean=1.000 grad_preclip=60.71
[E41] batch=060/250 pseudo=4 loss=4.7381 seg=0.3495 semseg=0.3287 mard=2.0748 lambda=0.041858 box_extra=0 mask_extra=0 FG/HBG/EBG=32/256/1280 fallback=0 rel=0.940/0.912/0.964 wmean=1.000 grad_preclip=55.63
[E41] batch=080/250 pseudo=4 loss=9.8170 seg=0.7538 semseg=0.3763 mard=2.0350 lambda=0.030592 box_extra=0 mask_extra=0 FG/HBG/EBG=32/256/1280 fallback=0 rel=0.871/0.823/0.943 wmean=1.000 grad_preclip=61.98
[E41] batch=100/250 pseudo=4 loss=4.9807 seg=0.3458 semseg=0.2178 mard=2.0544 lambda=0.032984 box_extra=0 mask_extra=0 FG/HBG/EBG=32/256/1280 fallback=0 rel=0.890/0.697/0.960 wmean=1.000 grad_preclip=26.71
[E41] batch=120/250 pseudo=3 loss=2.6571 seg=0.2833 semseg=0.1050 mard=2.0269 lambda=0.043747 box_extra=0 mask_extra=0 FG/HBG/EBG=24/192/960 fallback=0 rel=0.954/0.942/0.963 wmean=1.000 grad_preclip=19.99
[E41] batch=140/250 pseudo=4 loss=16.3513 seg=1.1367 semseg=1.1616 mard=2.0019 lambda=0.029809 box_extra=0 mask_extra=0 FG/HBG/EBG=32/256/1280 fallback=0 rel=0.861/0.712/0.957 wmean=1.000 grad_preclip=169.17
[E41] batch=160/250 pseudo=4 loss=2.6950 seg=0.1722 semseg=0.1089 mard=2.1133 lambda=0.044511 box_extra=0 mask_extra=0 FG/HBG/EBG=32/256/1280 fallback=0 rel=0.958/0.921/0.971 wmean=1.000 grad_preclip=48.45
[E41] batch=180/250 pseudo=4 loss=6.2986 seg=0.6018 semseg=0.3227 mard=2.0392 lambda=0.039806 box_extra=0 mask_extra=0 FG/HBG/EBG=32/256/1280 fallback=0 rel=0.918/0.840/0.963 wmean=1.000 grad_preclip=56.10
[E41] batch=200/250 pseudo=3 loss=4.6757 seg=0.5602 semseg=0.3117 mard=2.0707 lambda=0.044021 box_extra=0 mask_extra=0 FG/HBG/EBG=24/192/960 fallback=0 rel=0.957/0.947/0.968 wmean=1.000 grad_preclip=36.77
[E41] batch=220/250 pseudo=5 loss=7.4854 seg=0.7810 semseg=0.3629 mard=2.0262 lambda=0.031952 box_extra=2 mask_extra=2 FG/HBG/EBG=40/256/1280 fallback=0 rel=0.882/0.800/0.956 wmean=1.000 grad_preclip=59.31
[E41] batch=240/250 pseudo=4 loss=6.7338 seg=0.4449 semseg=0.3068 mard=1.9997 lambda=0.037921 box_extra=0 mask_extra=0 FG/HBG/EBG=32/256/1280 fallback=0 rel=0.921/0.896/0.969 wmean=1.000 grad_preclip=26.67
[E41] batch=250/250 pseudo=4 loss=5.5516 seg=0.4878 semseg=0.2111 mard=1.9873 lambda=0.042409 box_extra=1 mask_extra=1 FG/HBG/EBG=32/256/1280 fallback=0 rel=0.940/0.925/0.957 wmean=1.000 grad_preclip=41.02

[Epoch 41] DONE time=60.1s valid=250 skipped=0 pseudo=1025 anchors=983 box_extra=64 mask_extra=42 reject_rel=22 loss=6.9763 seg=0.5225 semseg=0.4965 mard=2.0301 lambda_avg=0.038550 FG/HBG/EBG=32.8/253.4/1202.7 rel=0.919/0.676/0.976 wmean=1.000
[E42] batch=001/250 pseudo=4 loss=3.6970 seg=0.2473 semseg=0.1715 mard=2.0105 lambda=0.043772 box_extra=0 mask_extra=0 FG/HBG/EBG=32/256/1280 fallback=0 rel=0.956/0.938/0.968 wmean=1.000 grad_preclip=25.56
[E42] batch=020/250 pseudo=5 loss=10.8687 seg=0.4937 semseg=0.8562 mard=2.0453 lambda=0.028716 box_extra=0 mask_extra=0 FG/HBG/EBG=40/256/1280 fallback=0 rel=0.866/0.752/0.966 wmean=1.000 grad_preclip=89.55
[E42] batch=040/250 pseudo=3 loss=7.9375 seg=0.9719 semseg=0.4410 mard=2.0727 lambda=0.032707 box_extra=0 mask_extra=0 FG/HBG/EBG=24/192/960 fallback=0 rel=0.887/0.806/0.965 wmean=1.000 grad_preclip=45.38
[E42] batch=060/250 pseudo=4 loss=8.8191 seg=0.2847 semseg=0.6834 mard=2.0637 lambda=0.041048 box_extra=0 mask_extra=0 FG/HBG/EBG=32/256/1280 fallback=0 rel=0.933/0.891/0.958 wmean=1.000 grad_preclip=44.21
[E42] batch=080/250 pseudo=4 loss=6.7658 seg=0.6667 semseg=0.3249 mard=2.0335 lambda=0.036460 box_extra=0 mask_extra=0 FG/HBG/EBG=32/256/1280 fallback=0 rel=0.908/0.808/0.955 wmean=1.000 grad_preclip=24.97
[E42] batch=100/250 pseudo=6 loss=23.9230 seg=0.8425 semseg=2.1258 mard=2.0178 lambda=0.020950 box_extra=0 mask_extra=0 FG/HBG/EBG=48/256/1280 fallback=0 rel=0.828/0.716/0.964 wmean=1.000 grad_preclip=61.38
[E42] batch=120/250 pseudo=4 loss=16.1789 seg=1.1906 semseg=1.1798 mard=2.0061 lambda=0.026240 box_extra=1 mask_extra=1 FG/HBG/EBG=32/256/1280 fallback=0 rel=0.846/0.691/0.967 wmean=1.000 grad_preclip=66.20
[E42] batch=140/250 pseudo=3 loss=2.2040 seg=0.2069 semseg=0.1123 mard=2.0586 lambda=0.029204 box_extra=1 mask_extra=0 FG/HBG/EBG=24/192/960 fallback=0 rel=0.866/0.700/0.952 wmean=1.000 grad_preclip=19.03
[E42] batch=160/250 pseudo=4 loss=2.9094 seg=0.2350 semseg=0.1528 mard=2.0182 lambda=0.035911 box_extra=0 mask_extra=0 FG/HBG/EBG=32/256/1280 fallback=0 rel=0.906/0.762/0.966 wmean=1.000 grad_preclip=26.90
[E42] batch=180/250 pseudo=4 loss=15.5513 seg=0.7707 semseg=1.7220 mard=1.9989 lambda=0.043322 box_extra=0 mask_extra=0 FG/HBG/EBG=32/256/1280 fallback=0 rel=0.952/0.944/0.956 wmean=1.000 grad_preclip=129.15
[E42] batch=200/250 pseudo=6 loss=7.9104 seg=0.2590 semseg=0.2649 mard=2.0123 lambda=0.034039 box_extra=0 mask_extra=0 FG/HBG/EBG=48/320/1216 fallback=0 rel=0.900/0.844/0.970 wmean=1.000 grad_preclip=29.49
[E42] batch=220/250 pseudo=4 loss=6.4841 seg=0.5644 semseg=0.3741 mard=2.0621 lambda=0.037858 box_extra=0 mask_extra=0 FG/HBG/EBG=32/256/1280 fallback=0 rel=0.918/0.846/0.964 wmean=1.000 grad_preclip=34.00
[E42] batch=240/250 pseudo=4 loss=6.4038 seg=0.5069 semseg=0.2135 mard=2.0271 lambda=0.037309 box_extra=0 mask_extra=0 FG/HBG/EBG=32/256/1280 fallback=0 rel=0.908/0.852/0.960 wmean=1.000 grad_preclip=26.39
[E42] batch=250/250 pseudo=4 loss=5.2176 seg=0.3340 semseg=0.2064 mard=2.0321 lambda=0.041607 box_extra=0 mask_extra=0 FG/HBG/EBG=32/256/1280 fallback=0 rel=0.938/0.917/0.963 wmean=1.000 grad_preclip=26.76

[Epoch 42] DONE time=60.4s valid=250 skipped=0 pseudo=1037 anchors=1000 box_extra=57 mask_extra=37 reject_rel=20 loss=6.9412 seg=0.5037 semseg=0.4601 mard=2.0300 lambda_avg=0.038195 FG/HBG/EBG=33.2/255.2/1208.6 rel=0.917/0.665/0.976 wmean=1.000
[E43] batch=001/250 pseudo=4 loss=5.4367 seg=0.3930 semseg=0.2434 mard=2.0682 lambda=0.041546 box_extra=0 mask_extra=0 FG/HBG/EBG=32/256/1280 fallback=0 rel=0.942/0.908/0.967 wmean=1.000 grad_preclip=38.24
[E43] batch=020/250 pseudo=4 loss=1.8643 seg=0.1824 semseg=0.0768 mard=1.9912 lambda=0.042899 box_extra=0 mask_extra=0 FG/HBG/EBG=32/256/1280 fallback=0 rel=0.946/0.903/0.970 wmean=1.000 grad_preclip=21.27
[E43] batch=040/250 pseudo=4 loss=2.8606 seg=0.2815 semseg=0.2012 mard=2.0928 lambda=0.041186 box_extra=0 mask_extra=0 FG/HBG/EBG=32/192/960 fallback=0 rel=0.942/0.911/0.972 wmean=1.000 grad_preclip=21.35
[E43] batch=060/250 pseudo=4 loss=4.7653 seg=0.4103 semseg=0.1860 mard=2.0628 lambda=0.045022 box_extra=0 mask_extra=0 FG/HBG/EBG=32/256/1280 fallback=0 rel=0.958/0.946/0.966 wmean=1.000 grad_preclip=39.02
[E43] batch=080/250 pseudo=3 loss=2.5143 seg=0.2789 semseg=0.1419 mard=2.0966 lambda=0.045236 box_extra=0 mask_extra=0 FG/HBG/EBG=24/192/960 fallback=0 rel=0.961/0.951/0.971 wmean=1.000 grad_preclip=18.97
[E43] batch=100/250 pseudo=5 loss=6.8032 seg=0.6220 semseg=0.4956 mard=2.0480 lambda=0.041799 box_extra=1 mask_extra=1 FG/HBG/EBG=40/256/1280 fallback=0 rel=0.938/0.900/0.970 wmean=1.000 grad_preclip=34.96
[E43] batch=120/250 pseudo=4 loss=2.8538 seg=0.2266 semseg=0.1155 mard=2.0823 lambda=0.042935 box_extra=0 mask_extra=0 FG/HBG/EBG=32/256/1280 fallback=0 rel=0.949/0.899/0.973 wmean=1.000 grad_preclip=23.98
[E43] batch=140/250 pseudo=3 loss=3.9189 seg=0.2501 semseg=0.3899 mard=2.0272 lambda=0.037926 box_extra=1 mask_extra=0 FG/HBG/EBG=24/192/960 fallback=0 rel=0.918/0.831/0.963 wmean=1.000 grad_preclip=33.66
[E43] batch=160/250 pseudo=4 loss=23.3163 seg=1.8478 semseg=2.2473 mard=2.1120 lambda=0.030733 box_extra=1 mask_extra=1 FG/HBG/EBG=32/256/1280 fallback=0 rel=0.865/0.722/0.964 wmean=1.000 grad_preclip=176.15
[E43] batch=180/250 pseudo=4 loss=7.2451 seg=0.7790 semseg=0.3150 mard=2.0667 lambda=0.040966 box_extra=0 mask_extra=0 FG/HBG/EBG=32/256/1280 fallback=0 rel=0.934/0.891/0.960 wmean=1.000 grad_preclip=34.91
[E43] batch=200/250 pseudo=5 loss=3.2732 seg=0.3282 semseg=0.0954 mard=2.0128 lambda=0.040481 box_extra=0 mask_extra=0 FG/HBG/EBG=40/320/1216 fallback=0 rel=0.931/0.826/0.967 wmean=1.000 grad_preclip=24.56
[E43] batch=220/250 pseudo=6 loss=7.9549 seg=0.4800 semseg=0.3436 mard=2.0276 lambda=0.030303 box_extra=1 mask_extra=0 FG/HBG/EBG=48/320/1216 fallback=0 rel=0.875/0.763/0.950 wmean=1.000 grad_preclip=33.54
[E43] batch=240/250 pseudo=5 loss=7.6854 seg=0.6564 semseg=0.4834 mard=2.0025 lambda=0.040033 box_extra=1 mask_extra=1 FG/HBG/EBG=40/320/1216 fallback=0 rel=0.924/0.903/0.942 wmean=1.000 grad_preclip=27.23
[E43] batch=250/250 pseudo=5 loss=8.0755 seg=0.5536 semseg=0.5635 mard=1.9924 lambda=0.036446 box_extra=0 mask_extra=0 FG/HBG/EBG=40/256/1280 fallback=0 rel=0.902/0.808/0.947 wmean=1.000 grad_preclip=40.46

[Epoch 43] DONE time=59.9s valid=250 skipped=0 pseudo=1032 anchors=990 box_extra=58 mask_extra=42 reject_rel=16 loss=6.9436 seg=0.5079 semseg=0.4584 mard=2.0304 lambda_avg=0.038513 FG/HBG/EBG=33.0/253.7/1214.7 rel=0.919/0.676/0.976 wmean=1.000
[E44] batch=001/250 pseudo=4 loss=13.2209 seg=0.8672 semseg=0.8174 mard=2.0458 lambda=0.031405 box_extra=0 mask_extra=0 FG/HBG/EBG=32/256/1280 fallback=0 rel=0.879/0.686/0.969 wmean=1.000 grad_preclip=141.77
[E44] batch=020/250 pseudo=4 loss=3.7984 seg=0.3198 semseg=0.1599 mard=2.0211 lambda=0.033279 box_extra=0 mask_extra=0 FG/HBG/EBG=32/256/1280 fallback=0 rel=0.898/0.788/0.972 wmean=1.000 grad_preclip=24.29
[E44] batch=040/250 pseudo=4 loss=6.1315 seg=0.5763 semseg=0.2859 mard=2.0446 lambda=0.039660 box_extra=0 mask_extra=0 FG/HBG/EBG=32/256/1280 fallback=0 rel=0.925/0.906/0.949 wmean=1.000 grad_preclip=44.20
[E44] batch=060/250 pseudo=4 loss=5.9282 seg=0.3953 semseg=0.4009 mard=2.0576 lambda=0.033047 box_extra=0 mask_extra=0 FG/HBG/EBG=32/256/1280 fallback=0 rel=0.893/0.801/0.961 wmean=1.000 grad_preclip=32.21
[E44] batch=080/250 pseudo=4 loss=3.1688 seg=0.2862 semseg=0.1620 mard=2.0479 lambda=0.043887 box_extra=0 mask_extra=0 FG/HBG/EBG=32/256/1280 fallback=0 rel=0.954/0.934/0.968 wmean=1.000 grad_preclip=25.23
[E44] batch=100/250 pseudo=4 loss=6.6665 seg=0.5292 semseg=0.3290 mard=1.9948 lambda=0.042469 box_extra=0 mask_extra=0 FG/HBG/EBG=32/256/1280 fallback=0 rel=0.935/0.923/0.953 wmean=1.000 grad_preclip=29.64
[E44] batch=120/250 pseudo=4 loss=4.0583 seg=0.3690 semseg=0.1465 mard=2.0554 lambda=0.045231 box_extra=1 mask_extra=0 FG/HBG/EBG=32/256/1280 fallback=0 rel=0.961/0.950/0.970 wmean=1.000 grad_preclip=24.33
[E44] batch=140/250 pseudo=2 loss=1.6422 seg=0.2646 semseg=0.0730 mard=1.9919 lambda=0.044018 box_extra=0 mask_extra=0 FG/HBG/EBG=16/128/640 fallback=0 rel=0.950/0.932/0.969 wmean=1.000 grad_preclip=15.97
[E44] batch=160/250 pseudo=4 loss=8.7935 seg=0.5720 semseg=0.4439 mard=1.9959 lambda=0.032993 box_extra=0 mask_extra=0 FG/HBG/EBG=32/256/1280 fallback=0 rel=0.884/0.676/0.961 wmean=1.000 grad_preclip=35.08
[E44] batch=180/250 pseudo=4 loss=8.1622 seg=0.4043 semseg=0.3779 mard=2.0373 lambda=0.042488 box_extra=0 mask_extra=0 FG/HBG/EBG=32/256/1280 fallback=0 rel=0.943/0.919/0.966 wmean=1.000 grad_preclip=119.86
[E44] batch=200/250 pseudo=3 loss=2.8199 seg=0.3566 semseg=0.1208 mard=1.9944 lambda=0.038120 box_extra=0 mask_extra=0 FG/HBG/EBG=24/192/960 fallback=0 rel=0.920/0.854/0.965 wmean=1.000 grad_preclip=19.20
[E44] batch=220/250 pseudo=3 loss=5.1322 seg=0.8803 semseg=0.3403 mard=2.0744 lambda=0.036914 box_extra=0 mask_extra=0 FG/HBG/EBG=24/192/960 fallback=0 rel=0.907/0.821/0.955 wmean=1.000 grad_preclip=23.72
[E44] batch=240/250 pseudo=3 loss=20.2029 seg=2.5094 semseg=2.5240 mard=1.9645 lambda=0.033788 box_extra=2 mask_extra=1 FG/HBG/EBG=24/192/960 fallback=0 rel=0.890/0.754/0.967 wmean=1.000 grad_preclip=163.59
[E44] batch=250/250 pseudo=5 loss=7.1945 seg=0.4850 semseg=0.3715 mard=1.9975 lambda=0.033498 box_extra=2 mask_extra=2 FG/HBG/EBG=40/320/1216 fallback=0 rel=0.885/0.768/0.963 wmean=1.000 grad_preclip=37.12

[Epoch 44] DONE time=60.3s valid=250 skipped=0 pseudo=1023 anchors=983 box_extra=63 mask_extra=40 reject_rel=23 loss=6.7075 seg=0.5091 semseg=0.4436 mard=2.0293 lambda_avg=0.038480 FG/HBG/EBG=32.7/251.6/1202.9 rel=0.918/0.667/0.976 wmean=1.000
[E45] batch=001/250 pseudo=2 loss=2.5854 seg=0.3580 semseg=0.3137 mard=2.0159 lambda=0.028420 box_extra=1 mask_extra=0 FG/HBG/EBG=16/128/640 fallback=0 rel=0.868/0.770/0.966 wmean=1.000 grad_preclip=17.44
[E45] batch=020/250 pseudo=4 loss=9.4094 seg=0.5900 semseg=0.7735 mard=2.0951 lambda=0.032113 box_extra=1 mask_extra=1 FG/HBG/EBG=32/256/1280 fallback=0 rel=0.892/0.843/0.970 wmean=1.000 grad_preclip=36.64
[E45] batch=040/250 pseudo=3 loss=2.9172 seg=0.2886 semseg=0.2172 mard=2.0603 lambda=0.044252 box_extra=0 mask_extra=0 FG/HBG/EBG=24/192/960 fallback=0 rel=0.960/0.952/0.972 wmean=1.000 grad_preclip=22.20
[E45] batch=060/250 pseudo=6 loss=14.6597 seg=0.7293 semseg=1.0013 mard=2.0346 lambda=0.036229 box_extra=0 mask_extra=0 FG/HBG/EBG=48/384/1152 fallback=0 rel=0.907/0.810/0.972 wmean=1.000 grad_preclip=64.47
[E45] batch=080/250 pseudo=3 loss=2.3259 seg=0.2169 semseg=0.0953 mard=2.0020 lambda=0.043107 box_extra=0 mask_extra=0 FG/HBG/EBG=24/192/960 fallback=0 rel=0.949/0.925/0.967 wmean=1.000 grad_preclip=23.09
[E45] batch=100/250 pseudo=4 loss=2.9049 seg=0.1903 semseg=0.0963 mard=2.0024 lambda=0.042606 box_extra=0 mask_extra=0 FG/HBG/EBG=32/256/1280 fallback=0 rel=0.946/0.931/0.962 wmean=1.000 grad_preclip=78.75
[E45] batch=120/250 pseudo=6 loss=6.2118 seg=0.3689 semseg=0.2362 mard=2.0000 lambda=0.027069 box_extra=0 mask_extra=0 FG/HBG/EBG=48/384/1152 fallback=0 rel=0.854/0.688/0.969 wmean=1.000 grad_preclip=26.35
[E45] batch=140/250 pseudo=4 loss=6.7131 seg=0.4833 semseg=0.2908 mard=2.0451 lambda=0.041449 box_extra=0 mask_extra=0 FG/HBG/EBG=32/256/1280 fallback=0 rel=0.928/0.851/0.963 wmean=1.000 grad_preclip=56.53
[E45] batch=160/250 pseudo=7 loss=5.2470 seg=0.3386 semseg=0.2925 mard=2.0085 lambda=0.034821 box_extra=0 mask_extra=0 FG/HBG/EBG=56/384/1152 fallback=0 rel=0.900/0.763/0.968 wmean=1.000 grad_preclip=20.51
[E45] batch=180/250 pseudo=4 loss=3.5955 seg=0.2744 semseg=0.1299 mard=1.9586 lambda=0.039668 box_extra=0 mask_extra=0 FG/HBG/EBG=32/256/1280 fallback=0 rel=0.929/0.878/0.957 wmean=1.000 grad_preclip=28.10
[E45] batch=200/250 pseudo=5 loss=3.3095 seg=0.2293 semseg=0.1080 mard=2.0251 lambda=0.041057 box_extra=0 mask_extra=0 FG/HBG/EBG=40/320/1216 fallback=0 rel=0.939/0.845/0.970 wmean=1.000 grad_preclip=23.54
[E45] batch=220/250 pseudo=4 loss=6.4273 seg=0.4502 semseg=0.4114 mard=2.0165 lambda=0.042110 box_extra=0 mask_extra=0 FG/HBG/EBG=32/256/1280 fallback=0 rel=0.939/0.884/0.961 wmean=1.000 grad_preclip=55.39
[E45] batch=240/250 pseudo=4 loss=6.7073 seg=0.2645 semseg=0.7990 mard=1.9874 lambda=0.033397 box_extra=0 mask_extra=0 FG/HBG/EBG=32/256/1280 fallback=0 rel=0.896/0.780/0.960 wmean=1.000 grad_preclip=29.36
[E45] batch=250/250 pseudo=4 loss=2.6451 seg=0.2415 semseg=0.0970 mard=2.0653 lambda=0.044848 box_extra=0 mask_extra=0 FG/HBG/EBG=32/256/1280 fallback=0 rel=0.958/0.929/0.970 wmean=1.000 grad_preclip=23.48

[Epoch 45] DONE time=60.0s valid=250 skipped=0 pseudo=1026 anchors=994 box_extra=47 mask_extra=32 reject_rel=15 loss=6.5656 seg=0.5053 semseg=0.4365 mard=2.0298 lambda_avg=0.038505 FG/HBG/EBG=32.8/253.7/1200.9 rel=0.919/0.592/0.976 wmean=1.000
[E46] batch=001/250 pseudo=4 loss=4.7349 seg=0.3687 semseg=0.1892 mard=2.0339 lambda=0.037867 box_extra=0 mask_extra=0 FG/HBG/EBG=32/256/1280 fallback=0 rel=0.916/0.842/0.965 wmean=1.000 grad_preclip=25.20
[E46] batch=020/250 pseudo=4 loss=8.8144 seg=0.4571 semseg=0.8346 mard=2.0161 lambda=0.042321 box_extra=0 mask_extra=0 FG/HBG/EBG=32/256/1280 fallback=0 rel=0.945/0.919/0.974 wmean=1.000 grad_preclip=50.24
[E46] batch=040/250 pseudo=5 loss=7.7478 seg=0.7218 semseg=0.3146 mard=1.9694 lambda=0.038429 box_extra=1 mask_extra=1 FG/HBG/EBG=40/320/1216 fallback=0 rel=0.919/0.820/0.960 wmean=1.000 grad_preclip=29.24
[E46] batch=060/250 pseudo=4 loss=15.5906 seg=0.6298 semseg=1.1880 mard=2.0020 lambda=0.041416 box_extra=0 mask_extra=0 FG/HBG/EBG=32/256/1280 fallback=0 rel=0.934/0.907/0.954 wmean=1.000 grad_preclip=49.86
[E46] batch=080/250 pseudo=4 loss=9.4947 seg=0.9038 semseg=0.5086 mard=2.0000 lambda=0.027577 box_extra=2 mask_extra=1 FG/HBG/EBG=32/256/1280 fallback=0 rel=0.854/0.701/0.956 wmean=1.000 grad_preclip=43.59
[E46] batch=100/250 pseudo=4 loss=3.6801 seg=0.2079 semseg=0.1366 mard=2.1278 lambda=0.043505 box_extra=0 mask_extra=0 FG/HBG/EBG=32/256/1280 fallback=0 rel=0.954/0.926/0.967 wmean=1.000 grad_preclip=30.44
[E46] batch=120/250 pseudo=3 loss=3.9536 seg=0.5435 semseg=0.2590 mard=2.0105 lambda=0.037792 box_extra=0 mask_extra=0 FG/HBG/EBG=24/192/960 fallback=0 rel=0.902/0.840/0.956 wmean=1.000 grad_preclip=50.43
[E46] batch=140/250 pseudo=4 loss=7.0287 seg=0.4439 semseg=0.5245 mard=2.0435 lambda=0.041814 box_extra=0 mask_extra=0 FG/HBG/EBG=32/256/1280 fallback=0 rel=0.939/0.905/0.966 wmean=1.000 grad_preclip=60.06
[E46] batch=160/250 pseudo=4 loss=4.3165 seg=0.3891 semseg=0.1776 mard=2.0202 lambda=0.039037 box_extra=0 mask_extra=0 FG/HBG/EBG=32/256/1280 fallback=0 rel=0.921/0.886/0.959 wmean=1.000 grad_preclip=44.99
[E46] batch=180/250 pseudo=3 loss=10.9509 seg=0.6174 semseg=1.7455 mard=2.0186 lambda=0.032232 box_extra=1 mask_extra=0 FG/HBG/EBG=24/192/960 fallback=0 rel=0.882/0.854/0.930 wmean=1.000 grad_preclip=45.80
[E46] batch=200/250 pseudo=4 loss=8.6897 seg=0.4170 semseg=0.7383 mard=2.0036 lambda=0.033374 box_extra=0 mask_extra=0 FG/HBG/EBG=32/256/1280 fallback=0 rel=0.890/0.686/0.966 wmean=1.000 grad_preclip=40.43
[E46] batch=220/250 pseudo=4 loss=2.7610 seg=0.2412 semseg=0.1385 mard=2.0182 lambda=0.043640 box_extra=0 mask_extra=0 FG/HBG/EBG=32/256/1280 fallback=0 rel=0.949/0.901/0.969 wmean=1.000 grad_preclip=26.03
[E46] batch=240/250 pseudo=4 loss=2.7932 seg=0.2098 semseg=0.1092 mard=1.9843 lambda=0.042721 box_extra=0 mask_extra=0 FG/HBG/EBG=32/256/1280 fallback=0 rel=0.945/0.941/0.951 wmean=1.000 grad_preclip=25.62
[E46] batch=250/250 pseudo=4 loss=6.1835 seg=0.6268 semseg=0.2569 mard=1.9921 lambda=0.030862 box_extra=0 mask_extra=0 FG/HBG/EBG=32/256/1280 fallback=0 rel=0.871/0.783/0.953 wmean=1.000 grad_preclip=33.89

[Epoch 46] DONE time=60.2s valid=250 skipped=0 pseudo=1026 anchors=989 box_extra=52 mask_extra=37 reject_rel=15 loss=6.7343 seg=0.4914 semseg=0.4784 mard=2.0284 lambda_avg=0.038250 FG/HBG/EBG=32.8/253.7/1210.1 rel=0.918/0.591/0.978 wmean=1.000
[E47] batch=001/250 pseudo=4 loss=3.3143 seg=0.3116 semseg=0.1426 mard=2.0431 lambda=0.041727 box_extra=0 mask_extra=0 FG/HBG/EBG=32/256/1280 fallback=0 rel=0.945/0.898/0.965 wmean=1.000 grad_preclip=24.18
[E47] batch=020/250 pseudo=4 loss=5.5374 seg=0.4113 semseg=0.2871 mard=2.0454 lambda=0.037765 box_extra=0 mask_extra=0 FG/HBG/EBG=32/256/1280 fallback=0 rel=0.916/0.790/0.965 wmean=1.000 grad_preclip=28.86
[E47] batch=040/250 pseudo=4 loss=7.3208 seg=0.5528 semseg=0.5130 mard=2.0449 lambda=0.028699 box_extra=0 mask_extra=0 FG/HBG/EBG=32/256/1280 fallback=0 rel=0.863/0.721/0.960 wmean=1.000 grad_preclip=51.95
[E47] batch=060/250 pseudo=4 loss=2.5126 seg=0.1934 semseg=0.0861 mard=1.9945 lambda=0.042990 box_extra=0 mask_extra=0 FG/HBG/EBG=32/256/1280 fallback=0 rel=0.946/0.901/0.964 wmean=1.000 grad_preclip=22.00
[E47] batch=080/250 pseudo=4 loss=4.1353 seg=0.3510 semseg=0.1501 mard=2.0058 lambda=0.039688 box_extra=0 mask_extra=0 FG/HBG/EBG=32/256/1280 fallback=0 rel=0.929/0.835/0.962 wmean=1.000 grad_preclip=34.36
[E47] batch=100/250 pseudo=5 loss=6.1606 seg=0.4908 semseg=0.2777 mard=2.0143 lambda=0.025755 box_extra=1 mask_extra=1 FG/HBG/EBG=40/320/1216 fallback=0 rel=0.846/0.723/0.961 wmean=1.000 grad_preclip=44.49
[E47] batch=120/250 pseudo=4 loss=17.4329 seg=1.5457 semseg=1.4279 mard=2.1003 lambda=0.031900 box_extra=0 mask_extra=0 FG/HBG/EBG=32/256/1280 fallback=0 rel=0.886/0.778/0.961 wmean=1.000 grad_preclip=158.80
[E47] batch=140/250 pseudo=4 loss=12.8357 seg=0.8300 semseg=0.6442 mard=2.0677 lambda=0.035181 box_extra=0 mask_extra=0 FG/HBG/EBG=32/256/1280 fallback=0 rel=0.898/0.817/0.956 wmean=1.000 grad_preclip=61.87
[E47] batch=160/250 pseudo=4 loss=4.3765 seg=0.6331 semseg=0.2201 mard=1.9673 lambda=0.043436 box_extra=0 mask_extra=0 FG/HBG/EBG=32/256/896 fallback=0 rel=0.944/0.914/0.973 wmean=1.000 grad_preclip=32.54
[E47] batch=180/250 pseudo=6 loss=6.4630 seg=0.4725 semseg=0.3217 mard=2.0182 lambda=0.028854 box_extra=1 mask_extra=1 FG/HBG/EBG=48/384/1152 fallback=0 rel=0.862/0.690/0.962 wmean=1.000 grad_preclip=45.54
[E47] batch=200/250 pseudo=4 loss=3.0322 seg=0.2703 semseg=0.1366 mard=2.0254 lambda=0.045371 box_extra=0 mask_extra=0 FG/HBG/EBG=32/256/1280 fallback=0 rel=0.963/0.956/0.968 wmean=1.000 grad_preclip=30.58
[E47] batch=220/250 pseudo=4 loss=9.1231 seg=0.3846 semseg=1.0733 mard=2.0348 lambda=0.036693 box_extra=2 mask_extra=1 FG/HBG/EBG=32/256/1280 fallback=0 rel=0.910/0.788/0.974 wmean=1.000 grad_preclip=43.90
[E47] batch=240/250 pseudo=4 loss=6.9083 seg=0.4237 semseg=0.3566 mard=2.0308 lambda=0.041300 box_extra=1 mask_extra=1 FG/HBG/EBG=32/256/1280 fallback=0 rel=0.936/0.919/0.963 wmean=1.000 grad_preclip=88.50
[E47] batch=250/250 pseudo=6 loss=11.8002 seg=0.7447 semseg=1.1762 mard=2.0041 lambda=0.035056 box_extra=0 mask_extra=0 FG/HBG/EBG=48/320/1216 fallback=0 rel=0.896/0.720/0.953 wmean=1.000 grad_preclip=54.62

[Epoch 47] DONE time=60.6s valid=250 skipped=0 pseudo=1037 anchors=999 box_extra=49 mask_extra=38 reject_rel=11 loss=6.9979 seg=0.5141 semseg=0.4708 mard=2.0298 lambda_avg=0.038324 FG/HBG/EBG=33.2/255.5/1212.9 rel=0.918/0.679/0.976 wmean=1.000
[E48] batch=001/250 pseudo=4 loss=10.0304 seg=0.8355 semseg=0.5607 mard=2.0737 lambda=0.033575 box_extra=1 mask_extra=1 FG/HBG/EBG=32/256/1280 fallback=0 rel=0.897/0.827/0.961 wmean=1.000 grad_preclip=38.31
[E48] batch=020/250 pseudo=5 loss=18.9601 seg=1.7931 semseg=0.9396 mard=2.0208 lambda=0.033392 box_extra=0 mask_extra=0 FG/HBG/EBG=40/256/1280 fallback=0 rel=0.888/0.746/0.946 wmean=1.000 grad_preclip=89.99
[E48] batch=040/250 pseudo=5 loss=7.8591 seg=0.4491 semseg=0.4711 mard=1.9847 lambda=0.037287 box_extra=0 mask_extra=0 FG/HBG/EBG=40/320/1216 fallback=0 rel=0.918/0.791/0.961 wmean=1.000 grad_preclip=25.34
[E48] batch=060/250 pseudo=4 loss=3.5791 seg=0.2954 semseg=0.1308 mard=2.0357 lambda=0.045098 box_extra=0 mask_extra=0 FG/HBG/EBG=32/256/1280 fallback=0 rel=0.957/0.942/0.974 wmean=1.000 grad_preclip=25.33
[E48] batch=080/250 pseudo=4 loss=3.0597 seg=0.2064 semseg=0.1587 mard=1.9905 lambda=0.037832 box_extra=1 mask_extra=1 FG/HBG/EBG=32/256/1280 fallback=0 rel=0.924/0.886/0.971 wmean=1.000 grad_preclip=24.06
[E48] batch=100/250 pseudo=3 loss=10.2644 seg=0.8559 semseg=0.7440 mard=2.0327 lambda=0.021808 box_extra=2 mask_extra=1 FG/HBG/EBG=24/192/960 fallback=0 rel=0.822/0.788/0.879 wmean=1.000 grad_preclip=39.64
[E48] batch=120/250 pseudo=5 loss=5.6738 seg=0.5916 semseg=0.2156 mard=1.9685 lambda=0.043152 box_extra=0 mask_extra=0 FG/HBG/EBG=40/320/1216 fallback=0 rel=0.939/0.914/0.951 wmean=1.000 grad_preclip=35.34
[E48] batch=140/250 pseudo=2 loss=12.9855 seg=0.3037 semseg=3.5021 mard=2.1431 lambda=0.043115 box_extra=1 mask_extra=0 FG/HBG/EBG=16/128/640 fallback=0 rel=0.952/0.942/0.962 wmean=1.000 grad_preclip=46.45
[E48] batch=160/250 pseudo=4 loss=12.4973 seg=1.2423 semseg=0.7082 mard=2.0717 lambda=0.038387 box_extra=0 mask_extra=0 FG/HBG/EBG=32/256/1280 fallback=0 rel=0.905/0.797/0.964 wmean=1.000 grad_preclip=59.80
[E48] batch=180/250 pseudo=4 loss=5.6898 seg=0.4304 semseg=0.4104 mard=1.9899 lambda=0.039613 box_extra=0 mask_extra=0 FG/HBG/EBG=32/256/1280 fallback=0 rel=0.930/0.865/0.963 wmean=1.000 grad_preclip=42.70
[E48] batch=200/250 pseudo=4 loss=5.5430 seg=0.4419 semseg=0.1940 mard=1.9960 lambda=0.041358 box_extra=0 mask_extra=0 FG/HBG/EBG=32/256/1280 fallback=0 rel=0.935/0.914/0.946 wmean=1.000 grad_preclip=53.33
[E48] batch=220/250 pseudo=4 loss=8.0651 seg=0.7093 semseg=0.4384 mard=2.0241 lambda=0.038594 box_extra=0 mask_extra=0 FG/HBG/EBG=32/256/1280 fallback=0 rel=0.918/0.821/0.966 wmean=1.000 grad_preclip=63.84
[E48] batch=240/250 pseudo=7 loss=5.5808 seg=0.5197 semseg=0.1370 mard=2.0396 lambda=0.028012 box_extra=1 mask_extra=1 FG/HBG/EBG=56/256/1280 fallback=0 rel=0.856/0.726/0.955 wmean=1.000 grad_preclip=26.92
[E48] batch=250/250 pseudo=4 loss=3.1354 seg=0.2683 semseg=0.0813 mard=2.0239 lambda=0.041005 box_extra=0 mask_extra=0 FG/HBG/EBG=32/256/1280 fallback=0 rel=0.936/0.854/0.969 wmean=1.000 grad_preclip=30.70

[Epoch 48] DONE time=60.3s valid=250 skipped=0 pseudo=1033 anchors=993 box_extra=54 mask_extra=40 reject_rel=14 loss=6.7328 seg=0.5154 semseg=0.4558 mard=2.0325 lambda_avg=0.038758 FG/HBG/EBG=33.1/254.7/1213.7 rel=0.921/0.689/0.976 wmean=1.000
[E49] batch=001/250 pseudo=5 loss=6.2970 seg=0.4095 semseg=0.2350 mard=2.0142 lambda=0.032343 box_extra=0 mask_extra=0 FG/HBG/EBG=40/256/1280 fallback=0 rel=0.881/0.785/0.973 wmean=1.000 grad_preclip=37.37
[E49] batch=020/250 pseudo=4 loss=3.6703 seg=0.3658 semseg=0.1325 mard=2.0936 lambda=0.044198 box_extra=1 mask_extra=0 FG/HBG/EBG=32/256/1280 fallback=0 rel=0.955/0.944/0.971 wmean=1.000 grad_preclip=25.57
[E49] batch=040/250 pseudo=3 loss=3.2279 seg=0.2245 semseg=0.1337 mard=2.0260 lambda=0.039630 box_extra=0 mask_extra=0 FG/HBG/EBG=24/192/960 fallback=0 rel=0.932/0.871/0.963 wmean=1.000 grad_preclip=22.27
[E49] batch=060/250 pseudo=4 loss=5.7867 seg=0.3379 semseg=0.3219 mard=2.0037 lambda=0.044617 box_extra=0 mask_extra=0 FG/HBG/EBG=32/256/1280 fallback=0 rel=0.955/0.936/0.970 wmean=1.000 grad_preclip=32.27
[E49] batch=080/250 pseudo=4 loss=7.8762 seg=0.2850 semseg=0.5684 mard=1.9742 lambda=0.034099 box_extra=0 mask_extra=0 FG/HBG/EBG=32/256/1280 fallback=0 rel=0.892/0.783/0.944 wmean=1.000 grad_preclip=92.03
[E49] batch=100/250 pseudo=4 loss=5.3281 seg=0.5391 semseg=0.1961 mard=2.0195 lambda=0.039745 box_extra=0 mask_extra=0 FG/HBG/EBG=32/256/1280 fallback=0 rel=0.930/0.849/0.967 wmean=1.000 grad_preclip=25.57
[E49] batch=120/250 pseudo=4 loss=4.7010 seg=0.3959 semseg=0.1831 mard=2.0086 lambda=0.044176 box_extra=0 mask_extra=0 FG/HBG/EBG=32/256/1280 fallback=0 rel=0.951/0.941/0.964 wmean=1.000 grad_preclip=36.46
[E49] batch=140/250 pseudo=3 loss=1.3949 seg=0.1886 semseg=0.0773 mard=2.0435 lambda=0.045900 box_extra=0 mask_extra=0 FG/HBG/EBG=24/192/960 fallback=0 rel=0.965/0.962/0.968 wmean=1.000 grad_preclip=13.24
[E49] batch=160/250 pseudo=4 loss=5.6345 seg=0.4079 semseg=0.1856 mard=2.0571 lambda=0.044176 box_extra=0 mask_extra=0 FG/HBG/EBG=32/256/1280 fallback=0 rel=0.954/0.939/0.962 wmean=1.000 grad_preclip=37.45
[E49] batch=180/250 pseudo=4 loss=4.1523 seg=0.3105 semseg=0.1737 mard=2.0079 lambda=0.042433 box_extra=0 mask_extra=0 FG/HBG/EBG=32/256/1280 fallback=0 rel=0.941/0.908/0.969 wmean=1.000 grad_preclip=17.77
[E49] batch=200/250 pseudo=4 loss=4.3440 seg=0.2624 semseg=0.2289 mard=1.9812 lambda=0.033208 box_extra=0 mask_extra=0 FG/HBG/EBG=32/256/1280 fallback=0 rel=0.891/0.701/0.962 wmean=1.000 grad_preclip=27.10
[E49] batch=220/250 pseudo=4 loss=8.4532 seg=0.3858 semseg=0.8160 mard=2.0405 lambda=0.034485 box_extra=0 mask_extra=0 FG/HBG/EBG=32/256/1280 fallback=0 rel=0.898/0.796/0.963 wmean=1.000 grad_preclip=50.75
[E49] batch=240/250 pseudo=4 loss=6.1044 seg=0.5002 semseg=0.2193 mard=2.0408 lambda=0.041808 box_extra=0 mask_extra=0 FG/HBG/EBG=32/256/1280 fallback=0 rel=0.938/0.886/0.971 wmean=1.000 grad_preclip=37.94
[E49] batch=250/250 pseudo=4 loss=5.8716 seg=0.2828 semseg=0.2127 mard=1.9469 lambda=0.039288 box_extra=0 mask_extra=0 FG/HBG/EBG=32/256/1280 fallback=0 rel=0.929/0.856/0.964 wmean=1.000 grad_preclip=25.76

[Epoch 49] DONE time=60.1s valid=250 skipped=0 pseudo=1028 anchors=997 box_extra=50 mask_extra=31 reject_rel=19 loss=6.7689 seg=0.5218 semseg=0.4768 mard=2.0281 lambda_avg=0.038194 FG/HBG/EBG=32.9/252.4/1209.9 rel=0.917/0.670/0.976 wmean=1.000
[E50] batch=001/250 pseudo=4 loss=4.2701 seg=0.3474 semseg=0.2139 mard=1.9906 lambda=0.036903 box_extra=0 mask_extra=0 FG/HBG/EBG=32/256/1280 fallback=0 rel=0.912/0.750/0.970 wmean=1.000 grad_preclip=27.78
[E50] batch=020/250 pseudo=5 loss=5.9986 seg=0.4882 semseg=0.2437 mard=2.0190 lambda=0.029650 box_extra=1 mask_extra=0 FG/HBG/EBG=40/256/1280 fallback=0 rel=0.872/0.730/0.955 wmean=1.000 grad_preclip=42.99
[E50] batch=040/250 pseudo=4 loss=12.7416 seg=1.7760 semseg=0.5358 mard=1.9927 lambda=0.033358 box_extra=1 mask_extra=1 FG/HBG/EBG=32/256/1280 fallback=0 rel=0.889/0.792/0.956 wmean=1.000 grad_preclip=44.94
[E50] batch=060/250 pseudo=4 loss=3.4179 seg=0.2549 semseg=0.0741 mard=1.9634 lambda=0.044830 box_extra=0 mask_extra=0 FG/HBG/EBG=32/256/1280 fallback=0 rel=0.959/0.951/0.966 wmean=1.000 grad_preclip=58.17
[E50] batch=080/250 pseudo=4 loss=4.6507 seg=0.4446 semseg=0.1813 mard=2.0131 lambda=0.042884 box_extra=0 mask_extra=0 FG/HBG/EBG=32/256/1280 fallback=0 rel=0.942/0.934/0.959 wmean=1.000 grad_preclip=26.26
[E50] batch=100/250 pseudo=4 loss=2.8864 seg=0.2753 semseg=0.1222 mard=1.9595 lambda=0.042536 box_extra=0 mask_extra=0 FG/HBG/EBG=32/256/1280 fallback=0 rel=0.941/0.916/0.959 wmean=1.000 grad_preclip=26.04
[E50] batch=120/250 pseudo=4 loss=11.8083 seg=0.8900 semseg=0.5825 mard=2.0511 lambda=0.032749 box_extra=0 mask_extra=0 FG/HBG/EBG=32/256/1280 fallback=0 rel=0.888/0.706/0.954 wmean=1.000 grad_preclip=32.22
[E50] batch=140/250 pseudo=5 loss=4.3162 seg=0.2256 semseg=0.1449 mard=2.0473 lambda=0.033553 box_extra=0 mask_extra=0 FG/HBG/EBG=40/256/1280 fallback=0 rel=0.897/0.730/0.970 wmean=1.000 grad_preclip=27.70
[E50] batch=160/250 pseudo=4 loss=4.5239 seg=0.4144 semseg=0.1601 mard=2.0423 lambda=0.043556 box_extra=0 mask_extra=0 FG/HBG/EBG=32/256/1280 fallback=0 rel=0.953/0.942/0.966 wmean=1.000 grad_preclip=35.44
[E50] batch=180/250 pseudo=3 loss=1.5108 seg=0.1713 semseg=0.0557 mard=2.0755 lambda=0.045241 box_extra=0 mask_extra=0 FG/HBG/EBG=24/192/960 fallback=0 rel=0.963/0.960/0.965 wmean=1.000 grad_preclip=21.31
[E50] batch=200/250 pseudo=3 loss=2.9528 seg=0.2994 semseg=0.1117 mard=2.0723 lambda=0.041849 box_extra=0 mask_extra=0 FG/HBG/EBG=24/192/960 fallback=0 rel=0.943/0.919/0.960 wmean=1.000 grad_preclip=54.23
[E50] batch=220/250 pseudo=4 loss=3.9077 seg=0.3259 semseg=0.1891 mard=2.0359 lambda=0.043968 box_extra=0 mask_extra=0 FG/HBG/EBG=32/256/1280 fallback=0 rel=0.956/0.944/0.963 wmean=1.000 grad_preclip=31.22
[E50] batch=240/250 pseudo=3 loss=7.1400 seg=0.5856 semseg=0.6659 mard=2.1127 lambda=0.038967 box_extra=0 mask_extra=0 FG/HBG/EBG=24/192/960 fallback=0 rel=0.924/0.877/0.973 wmean=1.000 grad_preclip=37.88
[E50] batch=250/250 pseudo=4 loss=2.5298 seg=0.2315 semseg=0.0944 mard=2.0770 lambda=0.038500 box_extra=0 mask_extra=0 FG/HBG/EBG=32/256/1280 fallback=0 rel=0.926/0.805/0.973 wmean=1.000 grad_preclip=22.99

[Epoch 50] DONE time=60.2s valid=250 skipped=0 pseudo=1020 anchors=984 box_extra=52 mask_extra=36 reject_rel=16 loss=6.6994 seg=0.4990 semseg=0.4665 mard=2.0277 lambda_avg=0.038903 FG/HBG/EBG=32.6/252.2/1208.6 rel=0.921/0.681/0.976 wmean=1.000
[SAVE] /home/dang/MedRT-SFOD/runs/seg/ablation/c2k_maskdhf_segmard_v2_60ep/checkpoints/dense_sfseg_epoch_50.pt
[E51] batch=001/250 pseudo=6 loss=5.5580 seg=0.5021 semseg=0.3229 mard=1.9907 lambda=0.034837 box_extra=0 mask_extra=0 FG/HBG/EBG=48/320/1216 fallback=0 rel=0.895/0.777/0.956 wmean=1.000 grad_preclip=29.54
[E51] batch=020/250 pseudo=5 loss=5.5261 seg=0.2553 semseg=0.1128 mard=2.0501 lambda=0.027672 box_extra=0 mask_extra=0 FG/HBG/EBG=40/256/896 fallback=0 rel=0.860/0.713/0.964 wmean=1.000 grad_preclip=22.28
[E51] batch=040/250 pseudo=4 loss=2.6217 seg=0.2652 semseg=0.0979 mard=2.0308 lambda=0.044255 box_extra=0 mask_extra=0 FG/HBG/EBG=32/256/1280 fallback=0 rel=0.954/0.944/0.972 wmean=1.000 grad_preclip=23.46
[E51] batch=060/250 pseudo=4 loss=5.0548 seg=0.3738 semseg=0.1794 mard=2.0129 lambda=0.043470 box_extra=0 mask_extra=0 FG/HBG/EBG=32/256/1280 fallback=0 rel=0.951/0.928/0.969 wmean=1.000 grad_preclip=32.14
[E51] batch=080/250 pseudo=4 loss=4.9653 seg=0.4234 semseg=0.1405 mard=1.9995 lambda=0.037962 box_extra=0 mask_extra=0 FG/HBG/EBG=32/256/1280 fallback=0 rel=0.918/0.829/0.958 wmean=1.000 grad_preclip=50.97
[E51] batch=100/250 pseudo=4 loss=4.5999 seg=0.3982 semseg=0.2540 mard=2.0558 lambda=0.036379 box_extra=0 mask_extra=0 FG/HBG/EBG=32/256/1280 fallback=0 rel=0.907/0.766/0.959 wmean=1.000 grad_preclip=45.51
[E51] batch=120/250 pseudo=4 loss=6.9713 seg=0.4606 semseg=0.4454 mard=2.0077 lambda=0.037649 box_extra=0 mask_extra=0 FG/HBG/EBG=32/256/1280 fallback=0 rel=0.915/0.808/0.963 wmean=1.000 grad_preclip=25.65
[E51] batch=140/250 pseudo=4 loss=10.8632 seg=0.5531 semseg=0.8225 mard=2.0801 lambda=0.032723 box_extra=0 mask_extra=0 FG/HBG/EBG=32/256/1280 fallback=0 rel=0.888/0.807/0.945 wmean=1.000 grad_preclip=50.81
[E51] batch=160/250 pseudo=4 loss=13.9700 seg=0.9283 semseg=0.7225 mard=2.0072 lambda=0.029962 box_extra=0 mask_extra=0 FG/HBG/EBG=32/256/1280 fallback=0 rel=0.871/0.743/0.966 wmean=1.000 grad_preclip=39.60
[E51] batch=180/250 pseudo=4 loss=7.6256 seg=0.2950 semseg=1.0251 mard=1.9732 lambda=0.036244 box_extra=0 mask_extra=0 FG/HBG/EBG=32/256/1280 fallback=0 rel=0.911/0.792/0.963 wmean=1.000 grad_preclip=103.85
[E51] batch=200/250 pseudo=4 loss=1.9762 seg=0.1579 semseg=0.0892 mard=2.0194 lambda=0.044928 box_extra=0 mask_extra=0 FG/HBG/EBG=32/256/1280 fallback=0 rel=0.961/0.949/0.971 wmean=1.000 grad_preclip=27.56
[E51] batch=220/250 pseudo=4 loss=7.8504 seg=0.2512 semseg=0.8887 mard=2.0345 lambda=0.036610 box_extra=0 mask_extra=0 FG/HBG/EBG=32/256/1280 fallback=0 rel=0.909/0.744/0.977 wmean=1.000 grad_preclip=35.87
[E51] batch=240/250 pseudo=4 loss=7.7247 seg=0.4639 semseg=0.3043 mard=2.0391 lambda=0.035013 box_extra=0 mask_extra=0 FG/HBG/EBG=32/256/1280 fallback=0 rel=0.902/0.758/0.964 wmean=1.000 grad_preclip=73.82
[E51] batch=250/250 pseudo=4 loss=4.4292 seg=0.3779 semseg=0.1839 mard=1.9828 lambda=0.042654 box_extra=0 mask_extra=0 FG/HBG/EBG=32/256/1280 fallback=0 rel=0.945/0.920/0.968 wmean=1.000 grad_preclip=29.80

[Epoch 51] DONE time=60.3s valid=250 skipped=0 pseudo=1031 anchors=998 box_extra=45 mask_extra=33 reject_rel=12 loss=7.1595 seg=0.5204 semseg=0.5137 mard=2.0290 lambda_avg=0.038370 FG/HBG/EBG=33.0/256.0/1214.0 rel=0.918/0.592/0.977 wmean=1.000
[E52] batch=001/250 pseudo=4 loss=5.8379 seg=0.2196 semseg=0.4074 mard=2.0477 lambda=0.034327 box_extra=0 mask_extra=0 FG/HBG/EBG=32/256/1280 fallback=0 rel=0.896/0.730/0.965 wmean=1.000 grad_preclip=35.55
[E52] batch=020/250 pseudo=4 loss=1.8749 seg=0.1542 semseg=0.0624 mard=2.0107 lambda=0.044187 box_extra=0 mask_extra=0 FG/HBG/EBG=32/256/1280 fallback=0 rel=0.957/0.946/0.964 wmean=1.000 grad_preclip=32.37
[E52] batch=040/250 pseudo=4 loss=8.1747 seg=0.4238 semseg=0.7984 mard=2.0639 lambda=0.038161 box_extra=0 mask_extra=0 FG/HBG/EBG=32/256/1280 fallback=0 rel=0.924/0.833/0.966 wmean=1.000 grad_preclip=36.99
[E52] batch=060/250 pseudo=3 loss=8.1204 seg=0.3659 semseg=1.1265 mard=2.0500 lambda=0.035406 box_extra=0 mask_extra=0 FG/HBG/EBG=24/192/960 fallback=0 rel=0.910/0.853/0.969 wmean=1.000 grad_preclip=66.59
[E52] batch=080/250 pseudo=4 loss=1.8823 seg=0.1626 semseg=0.0734 mard=2.0025 lambda=0.041820 box_extra=0 mask_extra=0 FG/HBG/EBG=32/256/1280 fallback=0 rel=0.944/0.898/0.962 wmean=1.000 grad_preclip=42.18
[E52] batch=100/250 pseudo=4 loss=4.4556 seg=0.4494 semseg=0.1231 mard=1.9948 lambda=0.040115 box_extra=0 mask_extra=0 FG/HBG/EBG=32/256/1280 fallback=0 rel=0.929/0.865/0.967 wmean=1.000 grad_preclip=29.04
[E52] batch=120/250 pseudo=3 loss=4.0332 seg=0.4680 semseg=0.2813 mard=1.9962 lambda=0.044223 box_extra=0 mask_extra=0 FG/HBG/EBG=24/192/960 fallback=0 rel=0.949/0.938/0.965 wmean=1.000 grad_preclip=39.21
[E52] batch=140/250 pseudo=4 loss=3.2020 seg=0.2390 semseg=0.1047 mard=2.0302 lambda=0.044006 box_extra=0 mask_extra=0 FG/HBG/EBG=32/256/1280 fallback=0 rel=0.950/0.931/0.959 wmean=1.000 grad_preclip=31.41
[E52] batch=160/250 pseudo=4 loss=3.1401 seg=0.2008 semseg=0.1390 mard=1.9763 lambda=0.037505 box_extra=0 mask_extra=0 FG/HBG/EBG=32/256/1280 fallback=0 rel=0.918/0.817/0.966 wmean=1.000 grad_preclip=24.51
[E52] batch=180/250 pseudo=6 loss=7.0990 seg=0.5685 semseg=0.4382 mard=2.0111 lambda=0.034502 box_extra=1 mask_extra=1 FG/HBG/EBG=48/384/1152 fallback=0 rel=0.898/0.797/0.971 wmean=1.000 grad_preclip=22.32
[E52] batch=200/250 pseudo=4 loss=2.8146 seg=0.1767 semseg=0.1025 mard=2.0855 lambda=0.045495 box_extra=0 mask_extra=0 FG/HBG/EBG=32/256/1280 fallback=0 rel=0.966/0.959/0.971 wmean=1.000 grad_preclip=28.80
[E52] batch=220/250 pseudo=4 loss=12.1837 seg=0.6974 semseg=0.8347 mard=2.0619 lambda=0.044784 box_extra=0 mask_extra=0 FG/HBG/EBG=32/256/1280 fallback=0 rel=0.955/0.942/0.973 wmean=1.000 grad_preclip=56.07
[E52] batch=240/250 pseudo=4 loss=2.5221 seg=0.2026 semseg=0.0900 mard=2.0158 lambda=0.038253 box_extra=0 mask_extra=0 FG/HBG/EBG=32/256/1280 fallback=0 rel=0.921/0.832/0.965 wmean=1.000 grad_preclip=28.55
[E52] batch=250/250 pseudo=5 loss=4.0226 seg=0.3389 semseg=0.1327 mard=2.0201 lambda=0.041646 box_extra=0 mask_extra=0 FG/HBG/EBG=40/256/1280 fallback=0 rel=0.935/0.919/0.954 wmean=1.000 grad_preclip=36.18

[Epoch 52] DONE time=60.2s valid=250 skipped=0 pseudo=1029 anchors=989 box_extra=52 mask_extra=40 reject_rel=12 loss=6.8815 seg=0.5060 semseg=0.4843 mard=2.0306 lambda_avg=0.038636 FG/HBG/EBG=32.9/255.0/1218.0 rel=0.920/0.685/0.978 wmean=1.000
[E53] batch=001/250 pseudo=4 loss=5.1382 seg=0.4183 semseg=0.3061 mard=1.9943 lambda=0.033157 box_extra=0 mask_extra=0 FG/HBG/EBG=32/256/1280 fallback=0 rel=0.892/0.793/0.937 wmean=1.000 grad_preclip=31.66
[E53] batch=020/250 pseudo=4 loss=9.5009 seg=0.4605 semseg=0.7469 mard=2.0409 lambda=0.037241 box_extra=0 mask_extra=0 FG/HBG/EBG=32/256/1280 fallback=0 rel=0.914/0.853/0.951 wmean=1.000 grad_preclip=69.14
[E53] batch=040/250 pseudo=5 loss=8.3427 seg=0.6866 semseg=0.4383 mard=2.0038 lambda=0.038083 box_extra=0 mask_extra=0 FG/HBG/EBG=40/256/1280 fallback=0 rel=0.915/0.809/0.963 wmean=1.000 grad_preclip=30.84
[E53] batch=060/250 pseudo=4 loss=3.8279 seg=0.2850 semseg=0.1486 mard=1.9890 lambda=0.036582 box_extra=0 mask_extra=0 FG/HBG/EBG=32/256/1280 fallback=0 rel=0.911/0.810/0.948 wmean=1.000 grad_preclip=22.86
[E53] batch=080/250 pseudo=4 loss=4.4409 seg=0.2965 semseg=0.2176 mard=1.9886 lambda=0.043740 box_extra=0 mask_extra=0 FG/HBG/EBG=32/256/1280 fallback=0 rel=0.954/0.934/0.975 wmean=1.000 grad_preclip=25.48
[E53] batch=100/250 pseudo=3 loss=2.8013 seg=0.2646 semseg=0.0882 mard=1.9982 lambda=0.037698 box_extra=0 mask_extra=0 FG/HBG/EBG=24/192/960 fallback=0 rel=0.918/0.837/0.966 wmean=1.000 grad_preclip=31.38
[E53] batch=120/250 pseudo=4 loss=9.2666 seg=0.2629 semseg=1.0205 mard=2.0071 lambda=0.030546 box_extra=0 mask_extra=0 FG/HBG/EBG=32/256/1280 fallback=0 rel=0.879/0.784/0.970 wmean=1.000 grad_preclip=124.65
[E53] batch=140/250 pseudo=4 loss=6.4243 seg=0.6114 semseg=0.4236 mard=2.0530 lambda=0.039526 box_extra=1 mask_extra=1 FG/HBG/EBG=32/256/1280 fallback=0 rel=0.928/0.890/0.963 wmean=1.000 grad_preclip=31.96
[E53] batch=160/250 pseudo=6 loss=9.7291 seg=1.0550 semseg=0.3673 mard=2.0113 lambda=0.033835 box_extra=1 mask_extra=1 FG/HBG/EBG=48/384/1152 fallback=0 rel=0.885/0.743/0.961 wmean=1.000 grad_preclip=27.99
[E53] batch=180/250 pseudo=3 loss=4.9516 seg=0.5979 semseg=0.2280 mard=2.1218 lambda=0.025132 box_extra=0 mask_extra=0 FG/HBG/EBG=24/192/960 fallback=0 rel=0.841/0.766/0.903 wmean=1.000 grad_preclip=25.35
[E53] batch=200/250 pseudo=4 loss=4.2600 seg=0.3647 semseg=0.3280 mard=2.0387 lambda=0.043411 box_extra=0 mask_extra=0 FG/HBG/EBG=32/256/1280 fallback=0 rel=0.946/0.930/0.963 wmean=1.000 grad_preclip=29.32
[E53] batch=220/250 pseudo=4 loss=5.8162 seg=0.3951 semseg=0.2814 mard=2.0223 lambda=0.037091 box_extra=0 mask_extra=0 FG/HBG/EBG=32/256/1280 fallback=0 rel=0.915/0.842/0.952 wmean=1.000 grad_preclip=27.66
[E53] batch=240/250 pseudo=5 loss=18.4125 seg=1.3366 semseg=1.6433 mard=2.0180 lambda=0.029733 box_extra=0 mask_extra=0 FG/HBG/EBG=40/256/1280 fallback=0 rel=0.865/0.748/0.958 wmean=1.000 grad_preclip=57.37
[E53] batch=250/250 pseudo=2 loss=2.9350 seg=0.4834 semseg=0.3446 mard=1.9936 lambda=0.036203 box_extra=0 mask_extra=0 FG/HBG/EBG=16/128/640 fallback=0 rel=0.910/0.888/0.932 wmean=1.000 grad_preclip=26.99

[Epoch 53] DONE time=60.6s valid=250 skipped=0 pseudo=1022 anchors=981 box_extra=54 mask_extra=41 reject_rel=13 loss=6.4118 seg=0.4796 semseg=0.4355 mard=2.0259 lambda_avg=0.038543 FG/HBG/EBG=32.7/253.4/1207.3 rel=0.919/0.672/0.976 wmean=1.000
[E54] batch=001/250 pseudo=3 loss=3.1192 seg=0.3523 semseg=0.1552 mard=2.0843 lambda=0.044136 box_extra=0 mask_extra=0 FG/HBG/EBG=24/192/960 fallback=0 rel=0.956/0.935/0.968 wmean=1.000 grad_preclip=16.63
[E54] batch=020/250 pseudo=5 loss=8.9836 seg=0.4447 semseg=0.5310 mard=2.0481 lambda=0.030358 box_extra=0 mask_extra=0 FG/HBG/EBG=40/256/1280 fallback=0 rel=0.879/0.716/0.974 wmean=1.000 grad_preclip=45.87
[E54] batch=040/250 pseudo=4 loss=4.1740 seg=0.2954 semseg=0.1291 mard=2.0111 lambda=0.041559 box_extra=0 mask_extra=0 FG/HBG/EBG=32/256/1280 fallback=0 rel=0.940/0.920/0.955 wmean=1.000 grad_preclip=45.88
[E54] batch=060/250 pseudo=4 loss=10.9951 seg=0.3477 semseg=1.4639 mard=1.9911 lambda=0.039031 box_extra=2 mask_extra=2 FG/HBG/EBG=32/256/1280 fallback=0 rel=0.925/0.894/0.956 wmean=1.000 grad_preclip=51.30
[E54] batch=080/250 pseudo=4 loss=8.6149 seg=0.6022 semseg=0.4480 mard=2.0386 lambda=0.030206 box_extra=0 mask_extra=0 FG/HBG/EBG=32/256/1280 fallback=0 rel=0.869/0.727/0.967 wmean=1.000 grad_preclip=67.77
[E54] batch=100/250 pseudo=4 loss=20.1457 seg=1.5480 semseg=1.7605 mard=1.9823 lambda=0.035425 box_extra=0 mask_extra=0 FG/HBG/EBG=32/256/1280 fallback=0 rel=0.904/0.823/0.952 wmean=1.000 grad_preclip=79.89
[E54] batch=120/250 pseudo=4 loss=4.2121 seg=0.3239 semseg=0.1779 mard=2.0545 lambda=0.044533 box_extra=0 mask_extra=0 FG/HBG/EBG=32/256/1280 fallback=0 rel=0.956/0.938/0.974 wmean=1.000 grad_preclip=24.61
[E54] batch=140/250 pseudo=5 loss=8.2888 seg=0.6259 semseg=0.4533 mard=2.0698 lambda=0.030752 box_extra=0 mask_extra=0 FG/HBG/EBG=40/256/1280 fallback=0 rel=0.875/0.733/0.962 wmean=1.000 grad_preclip=36.40
[E54] batch=160/250 pseudo=4 loss=10.3835 seg=0.3878 semseg=0.6044 mard=2.0007 lambda=0.041329 box_extra=0 mask_extra=0 FG/HBG/EBG=32/256/1280 fallback=0 rel=0.935/0.922/0.960 wmean=1.000 grad_preclip=44.32
[E54] batch=180/250 pseudo=4 loss=6.5522 seg=0.3768 semseg=0.4107 mard=2.0100 lambda=0.043446 box_extra=0 mask_extra=0 FG/HBG/EBG=32/256/1280 fallback=0 rel=0.951/0.922/0.967 wmean=1.000 grad_preclip=30.09
[E54] batch=200/250 pseudo=5 loss=4.2334 seg=0.2870 semseg=0.1872 mard=1.9793 lambda=0.038397 box_extra=0 mask_extra=0 FG/HBG/EBG=40/320/1216 fallback=0 rel=0.921/0.804/0.960 wmean=1.000 grad_preclip=30.52
[E54] batch=220/250 pseudo=3 loss=6.7463 seg=0.6069 semseg=0.6217 mard=2.0998 lambda=0.041810 box_extra=0 mask_extra=0 FG/HBG/EBG=24/192/960 fallback=0 rel=0.939/0.925/0.956 wmean=1.000 grad_preclip=36.74
[E54] batch=240/250 pseudo=3 loss=2.3440 seg=0.3030 semseg=0.0931 mard=2.0475 lambda=0.043586 box_extra=0 mask_extra=0 FG/HBG/EBG=24/192/960 fallback=0 rel=0.949/0.928/0.961 wmean=1.000 grad_preclip=78.35
[E54] batch=250/250 pseudo=6 loss=5.2650 seg=0.3914 semseg=0.2129 mard=1.9755 lambda=0.035326 box_extra=0 mask_extra=0 FG/HBG/EBG=48/320/1216 fallback=0 rel=0.900/0.776/0.942 wmean=1.000 grad_preclip=24.87

[Epoch 54] DONE time=60.4s valid=250 skipped=0 pseudo=1030 anchors=998 box_extra=41 mask_extra=32 reject_rel=9 loss=6.8104 seg=0.5156 semseg=0.4630 mard=2.0268 lambda_avg=0.038579 FG/HBG/EBG=33.0/252.9/1215.5 rel=0.919/0.686/0.976 wmean=1.000
[E55] batch=001/250 pseudo=5 loss=4.9738 seg=0.3687 semseg=0.2284 mard=2.0791 lambda=0.031701 box_extra=0 mask_extra=0 FG/HBG/EBG=40/320/1216 fallback=0 rel=0.881/0.791/0.942 wmean=1.000 grad_preclip=38.90
[E55] batch=020/250 pseudo=4 loss=5.5042 seg=0.4114 semseg=0.1945 mard=1.9895 lambda=0.044450 box_extra=0 mask_extra=0 FG/HBG/EBG=32/256/1280 fallback=0 rel=0.949/0.915/0.965 wmean=1.000 grad_preclip=28.60
[E55] batch=040/250 pseudo=4 loss=6.8947 seg=0.6659 semseg=0.2614 mard=1.9804 lambda=0.032481 box_extra=2 mask_extra=2 FG/HBG/EBG=32/256/1280 fallback=0 rel=0.878/0.810/0.966 wmean=1.000 grad_preclip=28.91
[E55] batch=060/250 pseudo=4 loss=12.3455 seg=0.9374 semseg=1.0556 mard=2.0296 lambda=0.031938 box_extra=0 mask_extra=0 FG/HBG/EBG=32/256/1280 fallback=0 rel=0.881/0.689/0.960 wmean=1.000 grad_preclip=52.46
[E55] batch=080/250 pseudo=4 loss=14.1662 seg=1.1404 semseg=0.5769 mard=2.0362 lambda=0.032125 box_extra=0 mask_extra=0 FG/HBG/EBG=32/256/1280 fallback=0 rel=0.869/0.684/0.935 wmean=1.000 grad_preclip=32.84
[E55] batch=100/250 pseudo=3 loss=6.5712 seg=0.6783 semseg=0.3643 mard=2.0756 lambda=0.035742 box_extra=1 mask_extra=0 FG/HBG/EBG=24/192/960 fallback=0 rel=0.899/0.789/0.957 wmean=1.000 grad_preclip=27.57
[E55] batch=120/250 pseudo=4 loss=5.4838 seg=0.5023 semseg=0.2668 mard=1.9894 lambda=0.042119 box_extra=0 mask_extra=0 FG/HBG/EBG=32/256/1280 fallback=0 rel=0.937/0.898/0.972 wmean=1.000 grad_preclip=23.77
[E55] batch=140/250 pseudo=3 loss=3.5325 seg=0.5146 semseg=0.2413 mard=1.9652 lambda=0.028680 box_extra=1 mask_extra=0 FG/HBG/EBG=24/192/960 fallback=0 rel=0.853/0.715/0.933 wmean=1.000 grad_preclip=33.32
[E55] batch=160/250 pseudo=3 loss=2.5181 seg=0.2846 semseg=0.1247 mard=2.0626 lambda=0.043642 box_extra=0 mask_extra=0 FG/HBG/EBG=24/192/960 fallback=0 rel=0.949/0.931/0.968 wmean=1.000 grad_preclip=22.93
[E55] batch=180/250 pseudo=4 loss=12.0793 seg=0.8665 semseg=0.6007 mard=2.0506 lambda=0.036393 box_extra=0 mask_extra=0 FG/HBG/EBG=32/256/1280 fallback=0 rel=0.907/0.792/0.969 wmean=1.000 grad_preclip=66.69
[E55] batch=200/250 pseudo=3 loss=6.0491 seg=0.4747 semseg=0.4861 mard=2.1066 lambda=0.041465 box_extra=1 mask_extra=0 FG/HBG/EBG=24/192/960 fallback=0 rel=0.944/0.896/0.971 wmean=1.000 grad_preclip=43.85
[E55] batch=220/250 pseudo=4 loss=9.0572 seg=0.5501 semseg=0.8579 mard=2.0057 lambda=0.043726 box_extra=0 mask_extra=0 FG/HBG/EBG=32/256/1280 fallback=0 rel=0.943/0.907/0.966 wmean=1.000 grad_preclip=62.75
[E55] batch=240/250 pseudo=4 loss=3.0157 seg=0.2918 semseg=0.1614 mard=2.0406 lambda=0.042750 box_extra=0 mask_extra=0 FG/HBG/EBG=32/256/1280 fallback=0 rel=0.945/0.906/0.964 wmean=1.000 grad_preclip=24.37
[E55] batch=250/250 pseudo=4 loss=5.4563 seg=0.3947 semseg=0.2514 mard=1.9779 lambda=0.034152 box_extra=0 mask_extra=0 FG/HBG/EBG=32/192/960 fallback=0 rel=0.898/0.749/0.968 wmean=1.000 grad_preclip=73.87

[Epoch 55] DONE time=60.2s valid=250 skipped=0 pseudo=1031 anchors=991 box_extra=56 mask_extra=40 reject_rel=16 loss=6.5338 seg=0.4974 semseg=0.4299 mard=2.0277 lambda_avg=0.038302 FG/HBG/EBG=33.0/254.0/1203.7 rel=0.918/0.682/0.976 wmean=1.000
[E56] batch=001/250 pseudo=4 loss=15.2971 seg=0.6793 semseg=1.5105 mard=1.9946 lambda=0.030195 box_extra=0 mask_extra=0 FG/HBG/EBG=32/256/1280 fallback=0 rel=0.871/0.690/0.964 wmean=1.000 grad_preclip=40.60
[E56] batch=020/250 pseudo=4 loss=13.6415 seg=0.7428 semseg=0.8971 mard=1.9949 lambda=0.035778 box_extra=1 mask_extra=0 FG/HBG/EBG=32/256/1280 fallback=0 rel=0.904/0.733/0.966 wmean=1.000 grad_preclip=62.01
[E56] batch=040/250 pseudo=4 loss=3.3790 seg=0.2437 semseg=0.1205 mard=1.9875 lambda=0.042407 box_extra=0 mask_extra=0 FG/HBG/EBG=32/256/1280 fallback=0 rel=0.945/0.906/0.959 wmean=1.000 grad_preclip=23.40
[E56] batch=060/250 pseudo=5 loss=7.0545 seg=0.2812 semseg=0.1402 mard=2.0008 lambda=0.030614 box_extra=0 mask_extra=0 FG/HBG/EBG=40/256/1280 fallback=0 rel=0.878/0.791/0.948 wmean=1.000 grad_preclip=32.71
[E56] batch=080/250 pseudo=4 loss=3.2847 seg=0.2185 semseg=0.2645 mard=2.0188 lambda=0.032586 box_extra=0 mask_extra=0 FG/HBG/EBG=32/256/1280 fallback=0 rel=0.893/0.801/0.956 wmean=1.000 grad_preclip=23.60
[E56] batch=100/250 pseudo=6 loss=9.5173 seg=0.5524 semseg=0.8306 mard=2.0008 lambda=0.029199 box_extra=1 mask_extra=1 FG/HBG/EBG=48/384/1152 fallback=0 rel=0.859/0.688/0.965 wmean=1.000 grad_preclip=29.65
[E56] batch=120/250 pseudo=5 loss=7.9816 seg=0.2799 semseg=0.1473 mard=2.0378 lambda=0.025541 box_extra=1 mask_extra=1 FG/HBG/EBG=40/256/1280 fallback=0 rel=0.851/0.722/0.960 wmean=1.000 grad_preclip=39.47
[E56] batch=140/250 pseudo=4 loss=5.3515 seg=0.3097 semseg=0.2177 mard=2.0095 lambda=0.042363 box_extra=0 mask_extra=0 FG/HBG/EBG=32/256/1280 fallback=0 rel=0.946/0.921/0.969 wmean=1.000 grad_preclip=26.93
[E56] batch=160/250 pseudo=4 loss=7.0669 seg=0.5100 semseg=0.9099 mard=1.9796 lambda=0.036098 box_extra=1 mask_extra=1 FG/HBG/EBG=32/256/896 fallback=0 rel=0.906/0.807/0.956 wmean=1.000 grad_preclip=37.70
[E56] batch=180/250 pseudo=1 loss=3.3888 seg=0.8142 semseg=1.1885 mard=2.1185 lambda=0.036060 box_extra=0 mask_extra=0 FG/HBG/EBG=8/64/320 fallback=0 rel=0.907/0.907/0.907 wmean=1.000 grad_preclip=24.23
[E56] batch=200/250 pseudo=6 loss=13.3752 seg=0.8030 semseg=0.8188 mard=2.0315 lambda=0.026809 box_extra=1 mask_extra=1 FG/HBG/EBG=48/320/1216 fallback=0 rel=0.849/0.674/0.948 wmean=1.000 grad_preclip=55.68
[E56] batch=220/250 pseudo=6 loss=2.9588 seg=0.2064 semseg=0.1311 mard=1.9920 lambda=0.040398 box_extra=0 mask_extra=0 FG/HBG/EBG=48/320/1216 fallback=0 rel=0.933/0.838/0.965 wmean=1.000 grad_preclip=23.15
[E56] batch=240/250 pseudo=4 loss=7.2855 seg=0.4021 semseg=0.5660 mard=2.0233 lambda=0.041248 box_extra=0 mask_extra=0 FG/HBG/EBG=32/256/1280 fallback=0 rel=0.939/0.907/0.963 wmean=1.000 grad_preclip=50.86
[E56] batch=250/250 pseudo=4 loss=2.7301 seg=0.1921 semseg=0.0676 mard=2.0373 lambda=0.040904 box_extra=0 mask_extra=0 FG/HBG/EBG=32/256/1280 fallback=0 rel=0.939/0.878/0.963 wmean=1.000 grad_preclip=29.25

[Epoch 56] DONE time=60.5s valid=250 skipped=0 pseudo=1032 anchors=995 box_extra=48 mask_extra=37 reject_rel=11 loss=6.5409 seg=0.4855 semseg=0.4518 mard=2.0271 lambda_avg=0.038492 FG/HBG/EBG=33.0/252.9/1204.7 rel=0.918/0.674/0.976 wmean=1.000
[E57] batch=001/250 pseudo=3 loss=4.4291 seg=0.2660 semseg=0.3552 mard=2.0595 lambda=0.042292 box_extra=0 mask_extra=0 FG/HBG/EBG=24/192/960 fallback=0 rel=0.946/0.926/0.967 wmean=1.000 grad_preclip=19.51
[E57] batch=020/250 pseudo=4 loss=13.1000 seg=1.2300 semseg=0.6569 mard=2.0383 lambda=0.028760 box_extra=1 mask_extra=1 FG/HBG/EBG=32/256/1280 fallback=0 rel=0.865/0.757/0.973 wmean=1.000 grad_preclip=89.49
[E57] batch=040/250 pseudo=4 loss=8.6206 seg=0.2767 semseg=0.8222 mard=2.0100 lambda=0.034850 box_extra=1 mask_extra=1 FG/HBG/EBG=32/256/1280 fallback=0 rel=0.901/0.820/0.962 wmean=1.000 grad_preclip=38.67
[E57] batch=060/250 pseudo=4 loss=12.1798 seg=0.7699 semseg=1.0171 mard=2.0632 lambda=0.035550 box_extra=0 mask_extra=0 FG/HBG/EBG=32/256/1280 fallback=0 rel=0.908/0.844/0.956 wmean=1.000 grad_preclip=51.25
[E57] batch=080/250 pseudo=3 loss=10.2761 seg=1.2696 semseg=0.8698 mard=1.9991 lambda=0.028485 box_extra=0 mask_extra=0 FG/HBG/EBG=24/192/960 fallback=0 rel=0.857/0.704/0.958 wmean=1.000 grad_preclip=26.63
[E57] batch=100/250 pseudo=4 loss=2.1948 seg=0.1403 semseg=0.0609 mard=2.0144 lambda=0.045050 box_extra=0 mask_extra=0 FG/HBG/EBG=32/256/1280 fallback=0 rel=0.963/0.961/0.965 wmean=1.000 grad_preclip=69.10
[E57] batch=120/250 pseudo=4 loss=4.4650 seg=0.4318 semseg=0.1920 mard=2.0253 lambda=0.044482 box_extra=0 mask_extra=0 FG/HBG/EBG=32/256/1280 fallback=0 rel=0.957/0.942/0.968 wmean=1.000 grad_preclip=32.89
[E57] batch=140/250 pseudo=5 loss=5.4020 seg=0.4044 semseg=0.3672 mard=2.0812 lambda=0.029955 box_extra=0 mask_extra=0 FG/HBG/EBG=40/320/1216 fallback=0 rel=0.871/0.732/0.957 wmean=1.000 grad_preclip=30.44
[E57] batch=160/250 pseudo=5 loss=5.3906 seg=0.2846 semseg=0.1908 mard=2.0068 lambda=0.027863 box_extra=0 mask_extra=0 FG/HBG/EBG=40/256/1280 fallback=0 rel=0.864/0.722/0.962 wmean=1.000 grad_preclip=34.73
[E57] batch=180/250 pseudo=4 loss=3.9083 seg=0.3256 semseg=0.2909 mard=1.9946 lambda=0.042675 box_extra=0 mask_extra=0 FG/HBG/EBG=32/256/1280 fallback=0 rel=0.948/0.935/0.967 wmean=1.000 grad_preclip=30.49
[E57] batch=200/250 pseudo=4 loss=6.9060 seg=0.4174 semseg=0.7613 mard=2.0113 lambda=0.036725 box_extra=0 mask_extra=0 FG/HBG/EBG=32/256/1280 fallback=0 rel=0.914/0.795/0.970 wmean=1.000 grad_preclip=53.26
[E57] batch=220/250 pseudo=5 loss=9.3370 seg=0.6256 semseg=0.3709 mard=2.0052 lambda=0.024462 box_extra=0 mask_extra=0 FG/HBG/EBG=40/256/1280 fallback=0 rel=0.836/0.729/0.953 wmean=1.000 grad_preclip=71.61
[E57] batch=240/250 pseudo=4 loss=4.7138 seg=0.3082 semseg=0.2835 mard=2.0357 lambda=0.038344 box_extra=0 mask_extra=0 FG/HBG/EBG=32/256/1280 fallback=0 rel=0.922/0.814/0.964 wmean=1.000 grad_preclip=25.41
[E57] batch=250/250 pseudo=4 loss=7.9862 seg=0.5998 semseg=0.9276 mard=2.0487 lambda=0.042762 box_extra=0 mask_extra=0 FG/HBG/EBG=32/192/960 fallback=0 rel=0.943/0.923/0.958 wmean=1.000 grad_preclip=25.03

[Epoch 57] DONE time=60.2s valid=250 skipped=0 pseudo=1041 anchors=1007 box_extra=52 mask_extra=34 reject_rel=18 loss=6.6994 seg=0.4995 semseg=0.4484 mard=2.0288 lambda_avg=0.038275 FG/HBG/EBG=33.3/255.0/1215.0 rel=0.918/0.678/0.978 wmean=1.000
[E58] batch=001/250 pseudo=2 loss=6.3860 seg=0.9731 semseg=1.1988 mard=2.1570 lambda=0.039828 box_extra=1 mask_extra=0 FG/HBG/EBG=16/128/640 fallback=0 rel=0.936/0.898/0.973 wmean=1.000 grad_preclip=19.46
[E58] batch=020/250 pseudo=4 loss=6.7768 seg=0.4354 semseg=0.2645 mard=2.0413 lambda=0.041185 box_extra=0 mask_extra=0 FG/HBG/EBG=32/256/1280 fallback=0 rel=0.937/0.923/0.963 wmean=1.000 grad_preclip=44.95
[E58] batch=040/250 pseudo=4 loss=3.6425 seg=0.2366 semseg=0.1083 mard=2.0779 lambda=0.043999 box_extra=0 mask_extra=0 FG/HBG/EBG=32/256/1280 fallback=0 rel=0.955/0.939/0.966 wmean=1.000 grad_preclip=28.76
[E58] batch=060/250 pseudo=5 loss=6.2815 seg=0.3636 semseg=0.2497 mard=2.0068 lambda=0.038146 box_extra=0 mask_extra=0 FG/HBG/EBG=40/256/1280 fallback=0 rel=0.920/0.798/0.967 wmean=1.000 grad_preclip=34.73
[E58] batch=080/250 pseudo=5 loss=11.2480 seg=0.7656 semseg=0.4846 mard=2.0194 lambda=0.034658 box_extra=1 mask_extra=1 FG/HBG/EBG=40/320/1216 fallback=0 rel=0.895/0.807/0.971 wmean=1.000 grad_preclip=32.28
[E58] batch=100/250 pseudo=5 loss=7.2068 seg=0.6061 semseg=0.6377 mard=2.0619 lambda=0.031116 box_extra=0 mask_extra=0 FG/HBG/EBG=40/256/1280 fallback=0 rel=0.875/0.692/0.972 wmean=1.000 grad_preclip=40.75
[E58] batch=120/250 pseudo=5 loss=4.1289 seg=0.3113 semseg=0.1686 mard=2.0183 lambda=0.036429 box_extra=2 mask_extra=2 FG/HBG/EBG=40/320/1216 fallback=0 rel=0.913/0.815/0.959 wmean=1.000 grad_preclip=31.43
[E58] batch=140/250 pseudo=6 loss=4.3601 seg=0.3782 semseg=0.1963 mard=2.0293 lambda=0.034709 box_extra=0 mask_extra=0 FG/HBG/EBG=48/256/1280 fallback=0 rel=0.900/0.740/0.961 wmean=1.000 grad_preclip=24.79
[E58] batch=160/250 pseudo=4 loss=5.3953 seg=0.4711 semseg=0.3130 mard=2.1025 lambda=0.041383 box_extra=0 mask_extra=0 FG/HBG/EBG=32/256/1280 fallback=0 rel=0.941/0.917/0.969 wmean=1.000 grad_preclip=83.82
[E58] batch=180/250 pseudo=4 loss=5.9889 seg=0.3765 semseg=0.4483 mard=2.0248 lambda=0.042651 box_extra=0 mask_extra=0 FG/HBG/EBG=32/256/1280 fallback=0 rel=0.946/0.917/0.971 wmean=1.000 grad_preclip=17.48
[E58] batch=200/250 pseudo=4 loss=8.6216 seg=1.0592 semseg=0.5471 mard=2.0331 lambda=0.034511 box_extra=0 mask_extra=0 FG/HBG/EBG=32/256/1280 fallback=0 rel=0.897/0.691/0.972 wmean=1.000 grad_preclip=31.04
[E58] batch=220/250 pseudo=4 loss=9.0738 seg=0.5120 semseg=0.5075 mard=2.0182 lambda=0.031111 box_extra=0 mask_extra=0 FG/HBG/EBG=32/256/1280 fallback=0 rel=0.880/0.711/0.960 wmean=1.000 grad_preclip=34.87
[E58] batch=240/250 pseudo=4 loss=4.1915 seg=0.4609 semseg=0.1859 mard=2.1054 lambda=0.040294 box_extra=0 mask_extra=0 FG/HBG/EBG=32/256/1280 fallback=0 rel=0.932/0.903/0.964 wmean=1.000 grad_preclip=28.50
[E58] batch=250/250 pseudo=5 loss=6.4296 seg=0.4416 semseg=0.4065 mard=2.0200 lambda=0.027988 box_extra=0 mask_extra=0 FG/HBG/EBG=40/256/1280 fallback=0 rel=0.862/0.706/0.939 wmean=1.000 grad_preclip=28.88

[Epoch 58] DONE time=60.4s valid=250 skipped=0 pseudo=1037 anchors=1001 box_extra=50 mask_extra=36 reject_rel=14 loss=6.7088 seg=0.5024 semseg=0.4413 mard=2.0265 lambda_avg=0.038139 FG/HBG/EBG=33.2/254.0/1217.5 rel=0.917/0.590/0.976 wmean=1.000
[E59] batch=001/250 pseudo=4 loss=2.5376 seg=0.2303 semseg=0.1044 mard=2.0088 lambda=0.044865 box_extra=0 mask_extra=0 FG/HBG/EBG=32/256/1280 fallback=0 rel=0.958/0.953/0.965 wmean=1.000 grad_preclip=23.31
[E59] batch=020/250 pseudo=2 loss=1.4211 seg=0.2594 semseg=0.1016 mard=2.0276 lambda=0.034141 box_extra=0 mask_extra=0 FG/HBG/EBG=16/128/640 fallback=0 rel=0.900/0.841/0.959 wmean=1.000 grad_preclip=17.19
[E59] batch=040/250 pseudo=4 loss=5.6122 seg=0.7390 semseg=0.1935 mard=2.0067 lambda=0.039251 box_extra=0 mask_extra=0 FG/HBG/EBG=32/256/1280 fallback=0 rel=0.923/0.836/0.970 wmean=1.000 grad_preclip=51.64
[E59] batch=060/250 pseudo=5 loss=6.7300 seg=0.4592 semseg=0.4014 mard=2.0354 lambda=0.031384 box_extra=0 mask_extra=0 FG/HBG/EBG=40/256/1280 fallback=0 rel=0.879/0.717/0.965 wmean=1.000 grad_preclip=29.13
[E59] batch=080/250 pseudo=4 loss=11.1482 seg=0.5870 semseg=1.0099 mard=1.9838 lambda=0.035956 box_extra=0 mask_extra=0 FG/HBG/EBG=32/256/1280 fallback=0 rel=0.901/0.796/0.961 wmean=1.000 grad_preclip=39.05
[E59] batch=100/250 pseudo=4 loss=10.2100 seg=0.6889 semseg=0.5794 mard=2.0363 lambda=0.034920 box_extra=0 mask_extra=0 FG/HBG/EBG=32/256/1280 fallback=0 rel=0.901/0.828/0.972 wmean=1.000 grad_preclip=21.95
[E59] batch=120/250 pseudo=4 loss=5.7076 seg=0.4507 semseg=0.3058 mard=2.0293 lambda=0.037256 box_extra=0 mask_extra=0 FG/HBG/EBG=32/256/1280 fallback=0 rel=0.916/0.813/0.953 wmean=1.000 grad_preclip=24.91
[E59] batch=140/250 pseudo=4 loss=2.0946 seg=0.2222 semseg=0.0861 mard=1.9891 lambda=0.045290 box_extra=0 mask_extra=0 FG/HBG/EBG=32/256/1280 fallback=0 rel=0.960/0.953/0.966 wmean=1.000 grad_preclip=32.29
[E59] batch=160/250 pseudo=4 loss=5.3085 seg=0.3859 semseg=0.2087 mard=2.0243 lambda=0.043735 box_extra=0 mask_extra=0 FG/HBG/EBG=32/256/1280 fallback=0 rel=0.950/0.915/0.971 wmean=1.000 grad_preclip=27.48
[E59] batch=180/250 pseudo=4 loss=10.4890 seg=0.6330 semseg=1.0407 mard=2.0123 lambda=0.040782 box_extra=0 mask_extra=0 FG/HBG/EBG=32/256/1280 fallback=0 rel=0.932/0.875/0.960 wmean=1.000 grad_preclip=30.34
[E59] batch=200/250 pseudo=4 loss=10.4454 seg=0.9876 semseg=0.8506 mard=2.0060 lambda=0.031479 box_extra=0 mask_extra=0 FG/HBG/EBG=32/192/960 fallback=0 rel=0.872/0.709/0.946 wmean=1.000 grad_preclip=114.08
[E59] batch=220/250 pseudo=4 loss=5.5497 seg=0.3582 semseg=0.5588 mard=2.0557 lambda=0.044963 box_extra=0 mask_extra=0 FG/HBG/EBG=32/256/1280 fallback=0 rel=0.959/0.933/0.970 wmean=1.000 grad_preclip=22.73
[E59] batch=240/250 pseudo=4 loss=2.8959 seg=0.2482 semseg=0.0993 mard=1.9767 lambda=0.043573 box_extra=0 mask_extra=0 FG/HBG/EBG=32/256/1280 fallback=0 rel=0.949/0.913/0.975 wmean=1.000 grad_preclip=29.33
[E59] batch=250/250 pseudo=4 loss=1.5625 seg=0.1304 semseg=0.0665 mard=2.0304 lambda=0.045769 box_extra=0 mask_extra=0 FG/HBG/EBG=32/256/1280 fallback=0 rel=0.968/0.963/0.970 wmean=1.000 grad_preclip=19.15

[Epoch 59] DONE time=60.5s valid=250 skipped=0 pseudo=1021 anchors=987 box_extra=46 mask_extra=34 reject_rel=12 loss=6.5423 seg=0.5117 semseg=0.4439 mard=2.0296 lambda_avg=0.038482 FG/HBG/EBG=32.7/253.2/1207.6 rel=0.920/0.687/0.977 wmean=1.000
[E60] batch=001/250 pseudo=4 loss=2.7207 seg=0.2375 semseg=0.1551 mard=2.0374 lambda=0.040842 box_extra=0 mask_extra=0 FG/HBG/EBG=32/256/1280 fallback=0 rel=0.941/0.902/0.965 wmean=1.000 grad_preclip=23.61
[E60] batch=020/250 pseudo=4 loss=8.9586 seg=0.9370 semseg=0.4493 mard=2.0132 lambda=0.034367 box_extra=0 mask_extra=0 FG/HBG/EBG=32/256/1280 fallback=0 rel=0.892/0.726/0.965 wmean=1.000 grad_preclip=35.78
[E60] batch=040/250 pseudo=4 loss=6.9307 seg=0.6461 semseg=0.5680 mard=2.0067 lambda=0.038089 box_extra=0 mask_extra=0 FG/HBG/EBG=32/256/1280 fallback=0 rel=0.917/0.895/0.935 wmean=1.000 grad_preclip=25.79
[E60] batch=060/250 pseudo=6 loss=7.2216 seg=0.3641 semseg=0.1635 mard=2.0293 lambda=0.029415 box_extra=0 mask_extra=0 FG/HBG/EBG=48/320/1216 fallback=0 rel=0.871/0.791/0.949 wmean=1.000 grad_preclip=29.52
[E60] batch=080/250 pseudo=4 loss=5.4196 seg=0.4564 semseg=0.2589 mard=2.0458 lambda=0.038375 box_extra=1 mask_extra=1 FG/HBG/EBG=32/256/1280 fallback=0 rel=0.919/0.816/0.966 wmean=1.000 grad_preclip=23.83
[E60] batch=100/250 pseudo=4 loss=5.7466 seg=0.3764 semseg=0.3692 mard=2.0826 lambda=0.041962 box_extra=0 mask_extra=0 FG/HBG/EBG=32/256/1280 fallback=0 rel=0.941/0.875/0.970 wmean=1.000 grad_preclip=33.03
[E60] batch=120/250 pseudo=4 loss=3.3072 seg=0.2988 semseg=0.1292 mard=1.9936 lambda=0.044196 box_extra=0 mask_extra=0 FG/HBG/EBG=32/256/1280 fallback=0 rel=0.952/0.925/0.965 wmean=1.000 grad_preclip=26.75
[E60] batch=140/250 pseudo=4 loss=9.4616 seg=0.7810 semseg=0.4303 mard=2.0099 lambda=0.038011 box_extra=0 mask_extra=0 FG/HBG/EBG=32/256/1280 fallback=0 rel=0.914/0.861/0.958 wmean=1.000 grad_preclip=54.37
[E60] batch=160/250 pseudo=4 loss=10.3819 seg=0.6223 semseg=1.5211 mard=1.9878 lambda=0.029635 box_extra=1 mask_extra=0 FG/HBG/EBG=32/256/896 fallback=0 rel=0.870/0.688/0.947 wmean=1.000 grad_preclip=65.54
[E60] batch=180/250 pseudo=4 loss=1.6202 seg=0.1445 semseg=0.0603 mard=1.9953 lambda=0.045303 box_extra=0 mask_extra=0 FG/HBG/EBG=32/256/1280 fallback=0 rel=0.961/0.954/0.968 wmean=1.000 grad_preclip=24.79
[E60] batch=200/250 pseudo=4 loss=3.2630 seg=0.2289 semseg=0.1408 mard=2.0625 lambda=0.042533 box_extra=0 mask_extra=0 FG/HBG/EBG=32/256/1280 fallback=0 rel=0.949/0.926/0.967 wmean=1.000 grad_preclip=32.98
[E60] batch=220/250 pseudo=3 loss=2.3349 seg=0.2363 semseg=0.1788 mard=2.0291 lambda=0.040462 box_extra=0 mask_extra=0 FG/HBG/EBG=24/192/960 fallback=0 rel=0.934/0.882/0.964 wmean=1.000 grad_preclip=22.63
[E60] batch=240/250 pseudo=4 loss=12.1880 seg=0.6649 semseg=1.3709 mard=2.0977 lambda=0.042023 box_extra=0 mask_extra=0 FG/HBG/EBG=32/256/1280 fallback=0 rel=0.936/0.903/0.966 wmean=1.000 grad_preclip=41.90
[E60] batch=250/250 pseudo=4 loss=2.6994 seg=0.2345 semseg=0.0855 mard=2.0113 lambda=0.040574 box_extra=1 mask_extra=1 FG/HBG/EBG=32/256/1280 fallback=0 rel=0.934/0.895/0.971 wmean=1.000 grad_preclip=26.65

[Epoch 60] DONE time=60.3s valid=250 skipped=0 pseudo=1035 anchors=991 box_extra=63 mask_extra=44 reject_rel=19 loss=6.8890 seg=0.5116 semseg=0.4713 mard=2.0269 lambda_avg=0.038232 FG/HBG/EBG=33.1/254.7/1212.2 rel=0.917/0.684/0.978 wmean=1.000
[SAVE] /home/dang/MedRT-SFOD/runs/seg/ablation/c2k_maskdhf_segmard_v2_60ep/checkpoints/dense_sfseg_epoch_60.pt

[PASS] Dense SFSeg run completed
