nohup: ignoring input
========================================================================
DENSE MEDRT-SFSEG STAGE-2
========================================================================
target images : 612
labels used   : NO
GT masks used : NO
epochs        : 60
batch         : 4

DHF mode      : mask
Mask-DHF rel  : 0.744898
stability     : 0.4 0.6

MARD lambda0  : 0.05
MARD warmup   : 5.0
MARD mode     : mask
FG definition : inside Teacher pseudo segmentation mask
FG erosion    : 1
mask dilation : 1
hard BG ratio : 0.5
reliability wt: OFF
var/cov obj.   : unchanged
[E01] batch=001/153 pseudo=4 loss=9.6759 seg=0.6057 semseg=0.7655 mard=2.0006 lambda=0.000000 box_extra=2 mask_extra=1 FG/HBG/EBG=32/256/1280 fallback=0 rel=0.878/0.795/0.944 wmean=1.000 grad_preclip=137.58
[E01] batch=020/153 pseudo=3 loss=3.1028 seg=0.3749 semseg=0.1098 mard=2.0686 lambda=0.000822 box_extra=0 mask_extra=0 FG/HBG/EBG=24/192/960 fallback=0 rel=0.899/0.859/0.946 wmean=1.000 grad_preclip=24.52
[E01] batch=040/153 pseudo=3 loss=4.7756 seg=0.5707 semseg=0.2465 mard=2.1012 lambda=0.001440 box_extra=0 mask_extra=0 FG/HBG/EBG=24/192/960 fallback=0 rel=0.866/0.732/0.945 wmean=1.000 grad_preclip=82.26
[E01] batch=060/153 pseudo=5 loss=7.7203 seg=0.7506 semseg=0.2604 mard=1.9745 lambda=0.002445 box_extra=3 mask_extra=3 FG/HBG/EBG=40/320/1216 fallback=0 rel=0.878/0.831/0.938 wmean=1.000 grad_preclip=180.27
[E01] batch=080/153 pseudo=4 loss=11.1367 seg=0.5872 semseg=0.8739 mard=1.9792 lambda=0.001972 box_extra=2 mask_extra=2 FG/HBG/EBG=32/256/1280 fallback=0 rel=0.807/0.692/0.935 wmean=1.000 grad_preclip=123.04
[E01] batch=100/153 pseudo=4 loss=4.0814 seg=0.3586 semseg=0.0898 mard=1.9994 lambda=0.005050 box_extra=0 mask_extra=0 FG/HBG/EBG=32/256/1280 fallback=0 rel=0.928/0.875/0.955 wmean=1.000 grad_preclip=44.22
[E01] batch=120/153 pseudo=4 loss=24.0054 seg=0.6265 semseg=3.2557 mard=1.9873 lambda=0.004401 box_extra=1 mask_extra=1 FG/HBG/EBG=32/256/1280 fallback=0 rel=0.859/0.748/0.946 wmean=1.000 grad_preclip=620.11
[E01] batch=140/153 pseudo=3 loss=14.2412 seg=0.7532 semseg=2.3881 mard=2.1270 lambda=0.003914 box_extra=1 mask_extra=0 FG/HBG/EBG=24/192/960 fallback=0 rel=0.813/0.687/0.955 wmean=1.000 grad_preclip=284.03
[E01] batch=153/153 pseudo=4 loss=23.6199 seg=1.5847 semseg=4.8318 mard=2.0594 lambda=0.005801 box_extra=0 mask_extra=0 FG/HBG/EBG=32/256/896 fallback=0 rel=0.863/0.804/0.941 wmean=1.000 grad_preclip=237.43

[Epoch 01] DONE time=33.1s valid=153 skipped=0 pseudo=532 anchors=477 box_extra=78 mask_extra=55 reject_rel=23 loss=8.3226 seg=0.7894 semseg=0.7183 mard=2.0332 lambda_avg=0.003126 FG/HBG/EBG=27.8/219.6/1070.4 rel=0.877/0.660/0.968 wmean=1.000
[E02] batch=001/153 pseudo=3 loss=6.4080 seg=0.5357 semseg=0.7586 mard=1.9702 lambda=0.005959 box_extra=1 mask_extra=1 FG/HBG/EBG=24/192/960 fallback=0 rel=0.873/0.813/0.903 wmean=1.000 grad_preclip=120.47
[E02] batch=020/153 pseudo=3 loss=5.5600 seg=0.5704 semseg=0.2934 mard=2.0299 lambda=0.007664 box_extra=1 mask_extra=0 FG/HBG/EBG=24/192/960 fallback=0 rel=0.899/0.831/0.936 wmean=1.000 grad_preclip=114.03
[E02] batch=040/153 pseudo=2 loss=3.3420 seg=0.4551 semseg=0.2279 mard=1.9684 lambda=0.004816 box_extra=1 mask_extra=0 FG/HBG/EBG=16/128/640 fallback=0 rel=0.805/0.713/0.898 wmean=1.000 grad_preclip=90.21
[E02] batch=060/153 pseudo=5 loss=5.9980 seg=0.4869 semseg=0.1610 mard=1.9770 lambda=0.008854 box_extra=0 mask_extra=0 FG/HBG/EBG=40/256/1280 fallback=0 rel=0.883/0.792/0.956 wmean=1.000 grad_preclip=87.07
[E02] batch=080/153 pseudo=4 loss=15.3703 seg=1.0189 semseg=1.4695 mard=2.1229 lambda=0.008948 box_extra=0 mask_extra=0 FG/HBG/EBG=32/256/1280 fallback=0 rel=0.862/0.670/0.953 wmean=1.000 grad_preclip=316.82
[E02] batch=100/153 pseudo=3 loss=5.2793 seg=0.5695 semseg=0.3589 mard=2.0998 lambda=0.012742 box_extra=1 mask_extra=0 FG/HBG/EBG=24/192/960 fallback=0 rel=0.921/0.901/0.937 wmean=1.000 grad_preclip=58.25
[E02] batch=120/153 pseudo=4 loss=13.9627 seg=0.7924 semseg=1.2895 mard=2.0730 lambda=0.009994 box_extra=0 mask_extra=0 FG/HBG/EBG=32/256/1280 fallback=0 rel=0.853/0.743/0.922 wmean=1.000 grad_preclip=375.18
[E02] batch=140/153 pseudo=3 loss=4.8988 seg=0.4769 semseg=0.2401 mard=1.9935 lambda=0.015631 box_extra=0 mask_extra=0 FG/HBG/EBG=24/192/960 fallback=0 rel=0.936/0.930/0.944 wmean=1.000 grad_preclip=92.26
[E02] batch=153/153 pseudo=3 loss=7.6335 seg=0.6902 semseg=0.3615 mard=1.9864 lambda=0.012003 box_extra=1 mask_extra=1 FG/HBG/EBG=24/192/960 fallback=0 rel=0.879/0.850/0.903 wmean=1.000 grad_preclip=111.52

[Epoch 02] DONE time=31.7s valid=152 skipped=1 pseudo=541 anchors=482 box_extra=84 mask_extra=59 reject_rel=25 loss=8.2256 seg=0.7050 semseg=0.6809 mard=2.0287 lambda_avg=0.009313 FG/HBG/EBG=28.5/223.6/1090.1 rel=0.874/0.659/0.968 wmean=1.000
[E03] batch=001/153 pseudo=3 loss=6.8653 seg=1.0188 semseg=0.2900 mard=1.9546 lambda=0.009863 box_extra=0 mask_extra=0 FG/HBG/EBG=24/192/960 fallback=0 rel=0.836/0.783/0.875 wmean=1.000 grad_preclip=91.77
[E03] batch=020/153 pseudo=2 loss=2.8680 seg=0.4379 semseg=0.1446 mard=2.0718 lambda=0.014955 box_extra=0 mask_extra=0 FG/HBG/EBG=16/128/640 fallback=0 rel=0.910/0.905/0.914 wmean=1.000 grad_preclip=27.20
[E03] batch=040/153 pseudo=4 loss=9.4100 seg=0.5109 semseg=0.9732 mard=2.0463 lambda=0.017412 box_extra=0 mask_extra=0 FG/HBG/EBG=32/256/1280 fallback=0 rel=0.917/0.886/0.938 wmean=1.000 grad_preclip=175.28
[E03] batch=060/153 pseudo=5 loss=7.6050 seg=0.6013 semseg=0.5466 mard=1.9747 lambda=0.015134 box_extra=0 mask_extra=0 FG/HBG/EBG=40/256/1280 fallback=0 rel=0.883/0.792/0.934 wmean=1.000 grad_preclip=140.89
[E03] batch=080/153 pseudo=3 loss=16.6790 seg=1.7131 semseg=2.1131 mard=2.0583 lambda=0.012401 box_extra=0 mask_extra=0 FG/HBG/EBG=24/192/960 fallback=0 rel=0.823/0.690/0.934 wmean=1.000 grad_preclip=222.22
[E03] batch=100/153 pseudo=2 loss=5.7937 seg=0.8310 semseg=0.5989 mard=2.1043 lambda=0.020259 box_extra=1 mask_extra=0 FG/HBG/EBG=16/128/640 fallback=0 rel=0.917/0.892/0.941 wmean=1.000 grad_preclip=85.66
[E03] batch=120/153 pseudo=3 loss=4.9378 seg=0.5168 semseg=0.1674 mard=2.0037 lambda=0.021225 box_extra=0 mask_extra=0 FG/HBG/EBG=24/192/960 fallback=0 rel=0.916/0.831/0.958 wmean=1.000 grad_preclip=74.36
[E03] batch=140/153 pseudo=4 loss=4.8815 seg=0.6260 semseg=0.1653 mard=2.0833 lambda=0.019968 box_extra=2 mask_extra=1 FG/HBG/EBG=32/256/896 fallback=0 rel=0.895/0.795/0.949 wmean=1.000 grad_preclip=30.55
[E03] batch=153/153 pseudo=4 loss=3.8047 seg=0.3607 semseg=0.1334 mard=2.0298 lambda=0.022888 box_extra=0 mask_extra=0 FG/HBG/EBG=32/256/1280 fallback=0 rel=0.923/0.872/0.948 wmean=1.000 grad_preclip=31.27

[Epoch 03] DONE time=31.8s valid=153 skipped=0 pseudo=524 anchors=468 box_extra=87 mask_extra=56 reject_rel=31 loss=7.7135 seg=0.7134 semseg=0.6240 mard=2.0237 lambda_avg=0.015824 FG/HBG/EBG=27.4/216.7/1055.8 rel=0.879/0.660/0.968 wmean=1.000
[E04] batch=001/153 pseudo=3 loss=3.3057 seg=0.4554 semseg=0.1099 mard=1.9920 lambda=0.024023 box_extra=0 mask_extra=0 FG/HBG/EBG=24/192/960 fallback=0 rel=0.924/0.884/0.946 wmean=1.000 grad_preclip=20.11
[E04] batch=020/153 pseudo=3 loss=4.0853 seg=0.4243 semseg=0.1867 mard=2.1274 lambda=0.024499 box_extra=0 mask_extra=0 FG/HBG/EBG=24/192/960 fallback=0 rel=0.929/0.920/0.933 wmean=1.000 grad_preclip=30.77
[E04] batch=040/153 pseudo=3 loss=5.5146 seg=0.5569 semseg=0.4425 mard=1.9856 lambda=0.022011 box_extra=0 mask_extra=0 FG/HBG/EBG=24/192/960 fallback=0 rel=0.881/0.742/0.957 wmean=1.000 grad_preclip=94.88
[E04] batch=060/153 pseudo=3 loss=2.5996 seg=0.3011 semseg=0.1047 mard=2.0181 lambda=0.027818 box_extra=0 mask_extra=0 FG/HBG/EBG=24/192/960 fallback=0 rel=0.934/0.915/0.961 wmean=1.000 grad_preclip=23.82
[E04] batch=080/153 pseudo=2 loss=4.7545 seg=0.8665 semseg=0.6357 mard=2.0902 lambda=0.026801 box_extra=1 mask_extra=0 FG/HBG/EBG=16/128/640 fallback=0 rel=0.930/0.903/0.957 wmean=1.000 grad_preclip=126.90
[E04] batch=100/153 pseudo=3 loss=3.3070 seg=0.4301 semseg=0.1359 mard=2.0030 lambda=0.030626 box_extra=1 mask_extra=0 FG/HBG/EBG=24/192/960 fallback=0 rel=0.941/0.934/0.947 wmean=1.000 grad_preclip=25.26
[E04] batch=120/153 pseudo=4 loss=4.5293 seg=0.5282 semseg=0.1375 mard=1.9926 lambda=0.030318 box_extra=0 mask_extra=0 FG/HBG/EBG=32/256/1280 fallback=0 rel=0.932/0.898/0.948 wmean=1.000 grad_preclip=27.15
[E04] batch=140/153 pseudo=2 loss=3.2963 seg=0.5173 semseg=0.1753 mard=2.0143 lambda=0.027575 box_extra=2 mask_extra=1 FG/HBG/EBG=16/128/640 fallback=0 rel=0.906/0.864/0.948 wmean=1.000 grad_preclip=58.47
[E04] batch=153/153 pseudo=3 loss=25.3272 seg=2.0863 semseg=4.5441 mard=1.9830 lambda=0.025939 box_extra=1 mask_extra=1 FG/HBG/EBG=24/192/960 fallback=0 rel=0.881/0.749/0.960 wmean=1.000 grad_preclip=186.40

[Epoch 04] DONE time=31.8s valid=153 skipped=0 pseudo=534 anchors=474 box_extra=82 mask_extra=60 reject_rel=22 loss=8.1001 seg=0.7589 semseg=0.6924 mard=2.0246 lambda_avg=0.021673 FG/HBG/EBG=27.9/219.2/1068.3 rel=0.875/0.660/0.968 wmean=1.000
[E05] batch=001/153 pseudo=1 loss=1.3747 seg=0.2569 semseg=0.1529 mard=2.0507 lambda=0.022207 box_extra=1 mask_extra=0 FG/HBG/EBG=8/64/320 fallback=0 rel=0.865/0.865/0.865 wmean=1.000 grad_preclip=12.48
[E05] batch=020/153 pseudo=3 loss=8.1158 seg=1.0305 semseg=0.6038 mard=2.0603 lambda=0.024514 box_extra=1 mask_extra=0 FG/HBG/EBG=24/192/960 fallback=0 rel=0.868/0.800/0.930 wmean=1.000 grad_preclip=74.68
[E05] batch=040/153 pseudo=4 loss=9.1078 seg=0.8953 semseg=0.3026 mard=2.0065 lambda=0.031252 box_extra=0 mask_extra=0 FG/HBG/EBG=32/256/1280 fallback=0 rel=0.917/0.829/0.951 wmean=1.000 grad_preclip=255.52
[E05] batch=060/153 pseudo=4 loss=8.7244 seg=0.6269 semseg=0.3356 mard=2.0250 lambda=0.027811 box_extra=1 mask_extra=1 FG/HBG/EBG=32/256/1280 fallback=0 rel=0.878/0.808/0.951 wmean=1.000 grad_preclip=129.58
[E05] batch=080/153 pseudo=5 loss=8.7562 seg=0.6623 semseg=0.3355 mard=1.9939 lambda=0.031829 box_extra=1 mask_extra=1 FG/HBG/EBG=40/320/1216 fallback=0 rel=0.897/0.829/0.944 wmean=1.000 grad_preclip=63.22
[E05] batch=100/153 pseudo=2 loss=2.8170 seg=0.3724 semseg=0.1081 mard=1.9706 lambda=0.031817 box_extra=0 mask_extra=0 FG/HBG/EBG=16/128/640 fallback=0 rel=0.894/0.868/0.921 wmean=1.000 grad_preclip=19.10
[E05] batch=120/153 pseudo=3 loss=5.2882 seg=0.4287 semseg=0.1533 mard=2.0854 lambda=0.025741 box_extra=1 mask_extra=1 FG/HBG/EBG=24/192/960 fallback=0 rel=0.851/0.752/0.938 wmean=1.000 grad_preclip=68.28
[E05] batch=140/153 pseudo=2 loss=3.1776 seg=0.5146 semseg=0.2799 mard=2.0864 lambda=0.029478 box_extra=0 mask_extra=0 FG/HBG/EBG=16/128/640 fallback=0 rel=0.875/0.824/0.926 wmean=1.000 grad_preclip=23.97
[E05] batch=153/153 pseudo=3 loss=5.1882 seg=0.4952 semseg=0.1581 mard=2.0286 lambda=0.030460 box_extra=2 mask_extra=1 FG/HBG/EBG=24/192/960 fallback=0 rel=0.876/0.760/0.967 wmean=1.000 grad_preclip=96.00

[Epoch 05] DONE time=32.1s valid=153 skipped=0 pseudo=535 anchors=473 box_extra=81 mask_extra=62 reject_rel=19 loss=7.8194 seg=0.6450 semseg=0.6321 mard=2.0248 lambda_avg=0.028121 FG/HBG/EBG=28.0/220.9/1079.2 rel=0.877/0.661/0.968 wmean=1.000
[E06] batch=001/153 pseudo=3 loss=7.0307 seg=0.6856 semseg=0.3442 mard=2.0793 lambda=0.023800 box_extra=0 mask_extra=0 FG/HBG/EBG=24/192/960 fallback=0 rel=0.836/0.748/0.917 wmean=1.000 grad_preclip=112.64
[E06] batch=020/153 pseudo=3 loss=7.3445 seg=0.5246 semseg=0.7675 mard=2.0090 lambda=0.035602 box_extra=0 mask_extra=0 FG/HBG/EBG=24/192/960 fallback=0 rel=0.903/0.864/0.926 wmean=1.000 grad_preclip=407.80
[E06] batch=040/153 pseudo=4 loss=16.9372 seg=0.9468 semseg=1.3902 mard=2.0474 lambda=0.025192 box_extra=1 mask_extra=1 FG/HBG/EBG=32/256/1280 fallback=0 rel=0.844/0.761/0.952 wmean=1.000 grad_preclip=218.60
[E06] batch=060/153 pseudo=3 loss=9.7228 seg=1.2876 semseg=0.7928 mard=2.0193 lambda=0.020757 box_extra=2 mask_extra=2 FG/HBG/EBG=24/192/960 fallback=0 rel=0.801/0.690/0.864 wmean=1.000 grad_preclip=189.89
[E06] batch=080/153 pseudo=3 loss=3.8142 seg=0.5263 semseg=0.1484 mard=2.0253 lambda=0.042496 box_extra=0 mask_extra=0 FG/HBG/EBG=24/192/960 fallback=0 rel=0.936/0.928/0.950 wmean=1.000 grad_preclip=23.07
[E06] batch=100/153 pseudo=5 loss=5.1308 seg=0.4431 semseg=0.1500 mard=2.0519 lambda=0.023256 box_extra=0 mask_extra=0 FG/HBG/EBG=40/256/1280 fallback=0 rel=0.831/0.695/0.939 wmean=1.000 grad_preclip=97.51
[E06] batch=120/153 pseudo=4 loss=11.5011 seg=0.8817 semseg=0.6833 mard=2.0035 lambda=0.018597 box_extra=0 mask_extra=0 FG/HBG/EBG=32/192/960 fallback=0 rel=0.807/0.753/0.903 wmean=1.000 grad_preclip=165.21
[E06] batch=140/153 pseudo=3 loss=6.7445 seg=0.5063 semseg=0.8599 mard=1.9852 lambda=0.035329 box_extra=1 mask_extra=1 FG/HBG/EBG=24/192/960 fallback=0 rel=0.895/0.795/0.957 wmean=1.000 grad_preclip=70.40
[E06] batch=153/153 pseudo=4 loss=14.1992 seg=0.8566 semseg=1.5176 mard=1.9992 lambda=0.025799 box_extra=1 mask_extra=1 FG/HBG/EBG=32/256/1280 fallback=0 rel=0.855/0.741/0.951 wmean=1.000 grad_preclip=255.84

[Epoch 06] DONE time=32.0s valid=153 skipped=0 pseudo=534 anchors=478 box_extra=75 mask_extra=56 reject_rel=19 loss=7.8910 seg=0.6953 semseg=0.6786 mard=2.0224 lambda_avg=0.031093 FG/HBG/EBG=27.9/219.6/1067.9 rel=0.876/0.662/0.968 wmean=1.000
[E07] batch=001/153 pseudo=4 loss=4.2743 seg=0.3332 semseg=0.1477 mard=2.0015 lambda=0.035593 box_extra=0 mask_extra=0 FG/HBG/EBG=32/256/1280 fallback=0 rel=0.906/0.855/0.944 wmean=1.000 grad_preclip=42.34
[E07] batch=020/153 pseudo=4 loss=5.8854 seg=0.4576 semseg=0.2124 mard=2.0034 lambda=0.030715 box_extra=0 mask_extra=0 FG/HBG/EBG=32/256/1280 fallback=0 rel=0.873/0.817/0.934 wmean=1.000 grad_preclip=42.62
[E07] batch=040/153 pseudo=3 loss=6.5463 seg=0.7339 semseg=0.6541 mard=2.0445 lambda=0.038015 box_extra=0 mask_extra=0 FG/HBG/EBG=24/192/960 fallback=0 rel=0.924/0.912/0.946 wmean=1.000 grad_preclip=217.73
[E07] batch=060/153 pseudo=4 loss=7.8470 seg=0.6460 semseg=0.3304 mard=2.0110 lambda=0.035733 box_extra=1 mask_extra=1 FG/HBG/EBG=32/256/1280 fallback=0 rel=0.902/0.778/0.964 wmean=1.000 grad_preclip=174.22
[E07] batch=080/153 pseudo=4 loss=7.5061 seg=0.5216 semseg=0.5692 mard=2.0027 lambda=0.034740 box_extra=1 mask_extra=1 FG/HBG/EBG=32/256/1280 fallback=0 rel=0.902/0.851/0.952 wmean=1.000 grad_preclip=202.91
[E07] batch=100/153 pseudo=3 loss=2.8448 seg=0.3260 semseg=0.1369 mard=2.0262 lambda=0.044531 box_extra=0 mask_extra=0 FG/HBG/EBG=24/192/960 fallback=0 rel=0.956/0.950/0.962 wmean=1.000 grad_preclip=24.93
[E07] batch=120/153 pseudo=4 loss=5.1621 seg=0.3697 semseg=0.1483 mard=2.0253 lambda=0.029058 box_extra=1 mask_extra=1 FG/HBG/EBG=32/256/1280 fallback=0 rel=0.871/0.856/0.901 wmean=1.000 grad_preclip=36.23
[E07] batch=140/153 pseudo=1 loss=2.8064 seg=0.6811 semseg=0.4507 mard=1.9913 lambda=0.021953 box_extra=0 mask_extra=0 FG/HBG/EBG=8/64/320 fallback=0 rel=0.830/0.830/0.830 wmean=1.000 grad_preclip=18.17
[E07] batch=153/153 pseudo=3 loss=15.7810 seg=1.1538 semseg=2.2903 mard=2.0124 lambda=0.032457 box_extra=0 mask_extra=0 FG/HBG/EBG=24/192/960 fallback=0 rel=0.890/0.825/0.942 wmean=1.000 grad_preclip=189.31

[Epoch 07] DONE time=31.8s valid=153 skipped=0 pseudo=536 anchors=473 box_extra=86 mask_extra=63 reject_rel=23 loss=7.6360 seg=0.6973 semseg=0.6384 mard=2.0250 lambda_avg=0.031084 FG/HBG/EBG=28.0/220.9/1076.7 rel=0.876/0.662/0.968 wmean=1.000
[E08] batch=001/153 pseudo=4 loss=4.7508 seg=0.3738 semseg=0.1766 mard=2.0070 lambda=0.035054 box_extra=0 mask_extra=0 FG/HBG/EBG=32/256/1280 fallback=0 rel=0.901/0.880/0.924 wmean=1.000 grad_preclip=31.58
[E08] batch=020/153 pseudo=2 loss=1.6199 seg=0.2683 semseg=0.0830 mard=2.1190 lambda=0.038078 box_extra=0 mask_extra=0 FG/HBG/EBG=16/128/640 fallback=0 rel=0.923/0.901/0.945 wmean=1.000 grad_preclip=13.13
[E08] batch=040/153 pseudo=3 loss=3.8858 seg=0.3894 semseg=0.1385 mard=2.0461 lambda=0.023016 box_extra=1 mask_extra=0 FG/HBG/EBG=24/128/640 fallback=0 rel=0.830/0.743/0.892 wmean=1.000 grad_preclip=22.61
[E08] batch=060/153 pseudo=5 loss=8.5944 seg=0.6227 semseg=0.4463 mard=2.0027 lambda=0.024084 box_extra=1 mask_extra=1 FG/HBG/EBG=40/320/1216 fallback=0 rel=0.830/0.695/0.943 wmean=1.000 grad_preclip=57.47
[E08] batch=080/153 pseudo=3 loss=4.8296 seg=0.5399 semseg=0.2496 mard=2.0586 lambda=0.029348 box_extra=2 mask_extra=1 FG/HBG/EBG=24/192/960 fallback=0 rel=0.863/0.782/0.915 wmean=1.000 grad_preclip=28.80
[E08] batch=100/153 pseudo=3 loss=14.5620 seg=1.5838 semseg=1.6041 mard=1.9977 lambda=0.028659 box_extra=1 mask_extra=1 FG/HBG/EBG=24/192/960 fallback=0 rel=0.843/0.712/0.945 wmean=1.000 grad_preclip=279.73
[E08] batch=120/153 pseudo=4 loss=10.9631 seg=0.8516 semseg=0.6190 mard=1.9978 lambda=0.024204 box_extra=1 mask_extra=1 FG/HBG/EBG=32/256/1280 fallback=0 rel=0.822/0.705/0.926 wmean=1.000 grad_preclip=677.32
[E08] batch=140/153 pseudo=4 loss=4.6443 seg=0.3517 semseg=0.2134 mard=1.9652 lambda=0.036124 box_extra=1 mask_extra=1 FG/HBG/EBG=32/256/1280 fallback=0 rel=0.907/0.813/0.958 wmean=1.000 grad_preclip=45.46
[E08] batch=153/153 pseudo=5 loss=7.9265 seg=0.4340 semseg=0.5070 mard=2.0146 lambda=0.025639 box_extra=1 mask_extra=1 FG/HBG/EBG=40/320/1216 fallback=0 rel=0.844/0.720/0.953 wmean=1.000 grad_preclip=100.50

[Epoch 08] DONE time=31.8s valid=153 skipped=0 pseudo=531 anchors=475 box_extra=82 mask_extra=56 reject_rel=26 loss=7.4975 seg=0.7093 semseg=0.5926 mard=2.0257 lambda_avg=0.031237 FG/HBG/EBG=27.8/217.5/1060.0 rel=0.877/0.675/0.968 wmean=1.000
[E09] batch=001/153 pseudo=3 loss=11.9469 seg=1.4918 semseg=1.1940 mard=2.0143 lambda=0.029491 box_extra=1 mask_extra=1 FG/HBG/EBG=24/192/960 fallback=0 rel=0.864/0.761/0.956 wmean=1.000 grad_preclip=162.13
[E09] batch=020/153 pseudo=2 loss=2.4127 seg=0.4767 semseg=0.1510 mard=2.0021 lambda=0.023600 box_extra=1 mask_extra=1 FG/HBG/EBG=16/128/640 fallback=0 rel=0.828/0.820/0.836 wmean=1.000 grad_preclip=24.62
[E09] batch=040/153 pseudo=4 loss=31.8017 seg=2.1963 semseg=3.8270 mard=2.0358 lambda=0.027622 box_extra=0 mask_extra=0 FG/HBG/EBG=32/256/1280 fallback=0 rel=0.853/0.784/0.950 wmean=1.000 grad_preclip=230.82
[E09] batch=060/153 pseudo=3 loss=5.9243 seg=0.6229 semseg=0.2331 mard=2.0692 lambda=0.021301 box_extra=0 mask_extra=0 FG/HBG/EBG=24/192/960 fallback=0 rel=0.806/0.728/0.903 wmean=1.000 grad_preclip=50.70
[E09] batch=080/153 pseudo=3 loss=6.0931 seg=1.3272 semseg=0.2138 mard=2.0206 lambda=0.042708 box_extra=0 mask_extra=0 FG/HBG/EBG=24/192/960 fallback=0 rel=0.945/0.928/0.960 wmean=1.000 grad_preclip=69.92
[E09] batch=100/153 pseudo=4 loss=7.3399 seg=0.6324 semseg=0.3304 mard=2.1245 lambda=0.038438 box_extra=1 mask_extra=1 FG/HBG/EBG=32/256/1280 fallback=0 rel=0.921/0.903/0.935 wmean=1.000 grad_preclip=74.75
[E09] batch=120/153 pseudo=3 loss=2.3622 seg=0.2468 semseg=0.0943 mard=2.0333 lambda=0.039127 box_extra=0 mask_extra=0 FG/HBG/EBG=24/192/960 fallback=0 rel=0.925/0.888/0.948 wmean=1.000 grad_preclip=23.96
[E09] batch=140/153 pseudo=4 loss=7.0847 seg=0.4173 semseg=0.2194 mard=2.0171 lambda=0.026403 box_extra=1 mask_extra=1 FG/HBG/EBG=32/256/1280 fallback=0 rel=0.856/0.821/0.887 wmean=1.000 grad_preclip=115.65
[E09] batch=153/153 pseudo=4 loss=4.9729 seg=0.6269 semseg=0.1766 mard=1.9733 lambda=0.026242 box_extra=1 mask_extra=1 FG/HBG/EBG=32/192/960 fallback=0 rel=0.846/0.770/0.923 wmean=1.000 grad_preclip=53.45

[Epoch 09] DONE time=31.8s valid=153 skipped=0 pseudo=534 anchors=469 box_extra=92 mask_extra=65 reject_rel=27 loss=7.3508 seg=0.6858 semseg=0.5772 mard=2.0293 lambda_avg=0.031484 FG/HBG/EBG=27.9/219.6/1067.9 rel=0.878/0.676/0.968 wmean=1.000
[E10] batch=001/153 pseudo=4 loss=5.5389 seg=0.5222 semseg=0.2690 mard=2.0929 lambda=0.040252 box_extra=0 mask_extra=0 FG/HBG/EBG=32/256/1280 fallback=0 rel=0.927/0.841/0.960 wmean=1.000 grad_preclip=48.67
[E10] batch=020/153 pseudo=3 loss=4.3224 seg=0.4302 semseg=0.2040 mard=2.1162 lambda=0.033471 box_extra=0 mask_extra=0 FG/HBG/EBG=24/192/960 fallback=0 rel=0.886/0.787/0.956 wmean=1.000 grad_preclip=31.85
[E10] batch=040/153 pseudo=4 loss=12.3370 seg=0.9711 semseg=1.2443 mard=2.0345 lambda=0.029399 box_extra=0 mask_extra=0 FG/HBG/EBG=32/256/1280 fallback=0 rel=0.873/0.774/0.946 wmean=1.000 grad_preclip=75.18
[E10] batch=060/153 pseudo=3 loss=5.2366 seg=0.3199 semseg=0.4243 mard=2.0522 lambda=0.030731 box_extra=2 mask_extra=1 FG/HBG/EBG=24/192/960 fallback=0 rel=0.884/0.794/0.953 wmean=1.000 grad_preclip=86.61
[E10] batch=080/153 pseudo=2 loss=10.5785 seg=2.1335 semseg=1.1103 mard=2.0182 lambda=0.008197 box_extra=0 mask_extra=0 FG/HBG/EBG=16/128/640 fallback=0 rel=0.726/0.689/0.764 wmean=1.000 grad_preclip=141.48
[E10] batch=100/153 pseudo=4 loss=16.8384 seg=1.0058 semseg=1.7167 mard=1.9941 lambda=0.022469 box_extra=0 mask_extra=0 FG/HBG/EBG=32/256/1280 fallback=0 rel=0.818/0.720/0.878 wmean=1.000 grad_preclip=440.87
[E10] batch=120/153 pseudo=4 loss=10.4360 seg=0.5521 semseg=1.1904 mard=2.0550 lambda=0.030640 box_extra=0 mask_extra=0 FG/HBG/EBG=32/256/1280 fallback=0 rel=0.871/0.715/0.935 wmean=1.000 grad_preclip=181.66
[E10] batch=140/153 pseudo=5 loss=11.9947 seg=1.3368 semseg=0.4531 mard=1.9986 lambda=0.021666 box_extra=3 mask_extra=3 FG/HBG/EBG=40/320/1216 fallback=0 rel=0.816/0.753/0.873 wmean=1.000 grad_preclip=124.26
[E10] batch=153/153 pseudo=2 loss=8.1655 seg=1.4960 semseg=1.3000 mard=2.1249 lambda=0.028016 box_extra=0 mask_extra=0 FG/HBG/EBG=16/128/640 fallback=0 rel=0.827/0.712/0.942 wmean=1.000 grad_preclip=146.49

[Epoch 10] DONE time=32.1s valid=153 skipped=0 pseudo=539 anchors=473 box_extra=86 mask_extra=66 reject_rel=20 loss=7.7373 seg=0.6771 semseg=0.6511 mard=2.0271 lambda_avg=0.031079 FG/HBG/EBG=28.2/222.5/1085.1 rel=0.875/0.664/0.968 wmean=1.000
[SAVE] /home/dang/MedRT-SFOD/runs/seg/ablation/k2c_maskdhf_segmard_v2_60ep/checkpoints/dense_sfseg_epoch_10.pt
[E11] batch=001/153 pseudo=4 loss=5.0406 seg=0.3829 semseg=0.1444 mard=1.9739 lambda=0.032236 box_extra=0 mask_extra=0 FG/HBG/EBG=32/256/1280 fallback=0 rel=0.882/0.788/0.951 wmean=1.000 grad_preclip=34.97
[E11] batch=020/153 pseudo=4 loss=5.1691 seg=0.4076 semseg=0.1385 mard=2.0245 lambda=0.039530 box_extra=0 mask_extra=0 FG/HBG/EBG=32/256/1280 fallback=0 rel=0.928/0.878/0.953 wmean=1.000 grad_preclip=41.19
[E11] batch=040/153 pseudo=2 loss=6.0570 seg=0.9194 semseg=0.6828 mard=1.9931 lambda=0.014640 box_extra=2 mask_extra=2 FG/HBG/EBG=16/128/640 fallback=0 rel=0.779/0.748/0.811 wmean=1.000 grad_preclip=59.19
[E11] batch=060/153 pseudo=3 loss=7.9899 seg=1.0602 semseg=0.4614 mard=2.0403 lambda=0.025172 box_extra=2 mask_extra=1 FG/HBG/EBG=24/192/960 fallback=0 rel=0.840/0.696/0.953 wmean=1.000 grad_preclip=107.71
[E11] batch=080/153 pseudo=3 loss=3.4663 seg=0.3642 semseg=0.1038 mard=1.9949 lambda=0.035932 box_extra=1 mask_extra=0 FG/HBG/EBG=24/192/960 fallback=0 rel=0.908/0.876/0.924 wmean=1.000 grad_preclip=37.65
[E11] batch=100/153 pseudo=4 loss=6.7281 seg=0.4998 semseg=0.6232 mard=1.9728 lambda=0.027674 box_extra=1 mask_extra=1 FG/HBG/EBG=32/256/896 fallback=0 rel=0.856/0.786/0.914 wmean=1.000 grad_preclip=69.52
[E11] batch=120/153 pseudo=3 loss=4.4230 seg=0.3423 semseg=0.1782 mard=1.9945 lambda=0.030256 box_extra=1 mask_extra=1 FG/HBG/EBG=24/192/960 fallback=0 rel=0.871/0.822/0.951 wmean=1.000 grad_preclip=28.30
[E11] batch=140/153 pseudo=5 loss=5.8245 seg=0.5679 semseg=0.1926 mard=2.0888 lambda=0.030100 box_extra=0 mask_extra=0 FG/HBG/EBG=40/320/1216 fallback=0 rel=0.865/0.706/0.946 wmean=1.000 grad_preclip=59.01
[E11] batch=153/153 pseudo=4 loss=16.2386 seg=1.4104 semseg=1.9253 mard=2.0814 lambda=0.014403 box_extra=0 mask_extra=0 FG/HBG/EBG=32/256/896 fallback=0 rel=0.782/0.720/0.912 wmean=1.000 grad_preclip=227.81

[Epoch 11] DONE time=32.3s valid=153 skipped=0 pseudo=529 anchors=468 box_extra=86 mask_extra=61 reject_rel=25 loss=6.8649 seg=0.6086 semseg=0.5624 mard=2.0222 lambda_avg=0.031698 FG/HBG/EBG=27.7/218.4/1066.7 rel=0.879/0.664/0.968 wmean=1.000
[E12] batch=001/153 pseudo=3 loss=17.3397 seg=1.5265 semseg=2.3035 mard=2.0395 lambda=0.033723 box_extra=1 mask_extra=1 FG/HBG/EBG=24/192/960 fallback=0 rel=0.887/0.849/0.934 wmean=1.000 grad_preclip=867.92
[E12] batch=020/153 pseudo=3 loss=5.3954 seg=0.5347 semseg=0.5258 mard=1.9757 lambda=0.028687 box_extra=0 mask_extra=0 FG/HBG/EBG=24/192/960 fallback=0 rel=0.859/0.730/0.947 wmean=1.000 grad_preclip=143.61
[E12] batch=040/153 pseudo=4 loss=4.7439 seg=0.3531 semseg=0.1293 mard=2.0800 lambda=0.035022 box_extra=1 mask_extra=1 FG/HBG/EBG=32/256/1280 fallback=0 rel=0.905/0.847/0.934 wmean=1.000 grad_preclip=46.41
[E12] batch=060/153 pseudo=3 loss=10.6374 seg=0.9633 semseg=1.1392 mard=2.0051 lambda=0.024981 box_extra=0 mask_extra=0 FG/HBG/EBG=24/192/960 fallback=0 rel=0.834/0.681/0.914 wmean=1.000 grad_preclip=119.17
[E12] batch=080/153 pseudo=4 loss=12.9665 seg=0.5425 semseg=1.6565 mard=2.0061 lambda=0.025649 box_extra=0 mask_extra=0 FG/HBG/EBG=32/256/1280 fallback=0 rel=0.851/0.738/0.951 wmean=1.000 grad_preclip=360.40
[E12] batch=100/153 pseudo=4 loss=5.2213 seg=0.5482 semseg=0.2681 mard=2.0298 lambda=0.040977 box_extra=0 mask_extra=0 FG/HBG/EBG=32/256/1280 fallback=0 rel=0.936/0.902/0.958 wmean=1.000 grad_preclip=53.08
[E12] batch=120/153 pseudo=4 loss=7.4235 seg=0.8103 semseg=0.2744 mard=1.9882 lambda=0.031922 box_extra=0 mask_extra=0 FG/HBG/EBG=32/256/1280 fallback=0 rel=0.884/0.770/0.942 wmean=1.000 grad_preclip=229.60
[E12] batch=140/153 pseudo=2 loss=1.9584 seg=0.3460 semseg=0.1214 mard=2.0136 lambda=0.039480 box_extra=1 mask_extra=0 FG/HBG/EBG=16/128/640 fallback=0 rel=0.927/0.907/0.946 wmean=1.000 grad_preclip=16.40
[E12] batch=153/153 pseudo=3 loss=23.3387 seg=1.8582 semseg=1.3461 mard=2.0373 lambda=0.016426 box_extra=0 mask_extra=0 FG/HBG/EBG=24/192/960 fallback=0 rel=0.782/0.696/0.880 wmean=1.000 grad_preclip=412.94

[Epoch 12] DONE time=34.2s valid=153 skipped=0 pseudo=536 anchors=479 box_extra=80 mask_extra=57 reject_rel=23 loss=6.7116 seg=0.6282 semseg=0.5263 mard=2.0256 lambda_avg=0.030934 FG/HBG/EBG=28.0/221.7/1078.4 rel=0.876/0.665/0.968 wmean=1.000
[E13] batch=001/153 pseudo=4 loss=2.9431 seg=0.2319 semseg=0.0897 mard=2.0467 lambda=0.038463 box_extra=0 mask_extra=0 FG/HBG/EBG=32/256/1280 fallback=0 rel=0.928/0.861/0.960 wmean=1.000 grad_preclip=27.27
[E13] batch=020/153 pseudo=3 loss=5.2427 seg=0.4922 semseg=0.2530 mard=2.0419 lambda=0.033266 box_extra=0 mask_extra=0 FG/HBG/EBG=24/192/960 fallback=0 rel=0.882/0.834/0.909 wmean=1.000 grad_preclip=130.82
[E13] batch=040/153 pseudo=4 loss=3.6123 seg=0.3234 semseg=0.1166 mard=2.0645 lambda=0.037921 box_extra=0 mask_extra=0 FG/HBG/EBG=32/256/1280 fallback=0 rel=0.919/0.861/0.943 wmean=1.000 grad_preclip=34.86
[E13] batch=060/153 pseudo=3 loss=1.9844 seg=0.2193 semseg=0.0737 mard=1.9796 lambda=0.041961 box_extra=0 mask_extra=0 FG/HBG/EBG=24/192/960 fallback=0 rel=0.944/0.939/0.950 wmean=1.000 grad_preclip=21.24
[E13] batch=080/153 pseudo=3 loss=2.4162 seg=0.3099 semseg=0.1302 mard=2.0039 lambda=0.039604 box_extra=0 mask_extra=0 FG/HBG/EBG=24/192/960 fallback=0 rel=0.928/0.889/0.958 wmean=1.000 grad_preclip=23.88
[E13] batch=100/153 pseudo=4 loss=2.9105 seg=0.2915 semseg=0.0987 mard=2.0996 lambda=0.038723 box_extra=0 mask_extra=0 FG/HBG/EBG=32/256/1280 fallback=0 rel=0.925/0.890/0.946 wmean=1.000 grad_preclip=33.06
[E13] batch=120/153 pseudo=3 loss=3.0411 seg=0.3376 semseg=0.1449 mard=2.0900 lambda=0.040399 box_extra=1 mask_extra=0 FG/HBG/EBG=24/192/960 fallback=0 rel=0.933/0.918/0.948 wmean=1.000 grad_preclip=36.35
[E13] batch=140/153 pseudo=4 loss=4.5720 seg=0.3357 semseg=0.1811 mard=1.9857 lambda=0.030619 box_extra=1 mask_extra=1 FG/HBG/EBG=32/256/1280 fallback=0 rel=0.875/0.803/0.952 wmean=1.000 grad_preclip=27.52
[E13] batch=153/153 pseudo=4 loss=8.5280 seg=0.3921 semseg=0.8839 mard=2.0468 lambda=0.034901 box_extra=1 mask_extra=1 FG/HBG/EBG=32/256/1280 fallback=0 rel=0.898/0.823/0.935 wmean=1.000 grad_preclip=47.70

[Epoch 13] DONE time=32.7s valid=153 skipped=0 pseudo=532 anchors=472 box_extra=88 mask_extra=60 reject_rel=28 loss=6.1785 seg=0.5541 semseg=0.4317 mard=2.0257 lambda_avg=0.031599 FG/HBG/EBG=27.8/219.2/1063.3 rel=0.878/0.663/0.968 wmean=1.000
[E14] batch=001/153 pseudo=2 loss=2.4825 seg=0.6672 semseg=0.1903 mard=2.0748 lambda=0.043814 box_extra=0 mask_extra=0 FG/HBG/EBG=16/128/640 fallback=0 rel=0.951/0.951/0.952 wmean=1.000 grad_preclip=47.08
[E14] batch=020/153 pseudo=2 loss=3.6376 seg=0.9551 semseg=0.3024 mard=2.0023 lambda=0.043113 box_extra=2 mask_extra=0 FG/HBG/EBG=16/128/640 fallback=0 rel=0.941/0.936/0.947 wmean=1.000 grad_preclip=162.87
[E14] batch=040/153 pseudo=4 loss=4.5467 seg=0.4719 semseg=0.1340 mard=2.0210 lambda=0.034684 box_extra=1 mask_extra=1 FG/HBG/EBG=32/256/1280 fallback=0 rel=0.902/0.782/0.958 wmean=1.000 grad_preclip=55.97
[E14] batch=060/153 pseudo=3 loss=4.7997 seg=0.6666 semseg=0.1997 mard=1.9682 lambda=0.018334 box_extra=0 mask_extra=0 FG/HBG/EBG=24/192/960 fallback=0 rel=0.795/0.743/0.857 wmean=1.000 grad_preclip=61.01
[E14] batch=080/153 pseudo=3 loss=1.8483 seg=0.2298 semseg=0.0810 mard=2.0502 lambda=0.038090 box_extra=1 mask_extra=1 FG/HBG/EBG=24/192/960 fallback=0 rel=0.921/0.882/0.950 wmean=1.000 grad_preclip=21.38
[E14] batch=100/153 pseudo=4 loss=5.1400 seg=0.3886 semseg=0.1446 mard=2.0224 lambda=0.034271 box_extra=1 mask_extra=1 FG/HBG/EBG=32/256/1280 fallback=0 rel=0.892/0.755/0.950 wmean=1.000 grad_preclip=40.35
[E14] batch=120/153 pseudo=4 loss=4.5910 seg=0.3466 semseg=0.2534 mard=2.0164 lambda=0.035371 box_extra=1 mask_extra=1 FG/HBG/EBG=32/256/1280 fallback=0 rel=0.905/0.824/0.935 wmean=1.000 grad_preclip=67.85
[E14] batch=140/153 pseudo=4 loss=3.9746 seg=0.3123 semseg=0.2899 mard=2.1004 lambda=0.025764 box_extra=1 mask_extra=1 FG/HBG/EBG=32/256/896 fallback=0 rel=0.851/0.800/0.948 wmean=1.000 grad_preclip=81.33
[E14] batch=153/153 pseudo=4 loss=5.9091 seg=0.4237 semseg=0.2830 mard=2.0178 lambda=0.034610 box_extra=0 mask_extra=0 FG/HBG/EBG=32/256/1280 fallback=0 rel=0.902/0.792/0.955 wmean=1.000 grad_preclip=64.77

[Epoch 14] DONE time=32.9s valid=153 skipped=0 pseudo=536 anchors=473 box_extra=86 mask_extra=63 reject_rel=23 loss=6.3973 seg=0.5607 semseg=0.4761 mard=2.0269 lambda_avg=0.031919 FG/HBG/EBG=28.0/221.3/1073.8 rel=0.879/0.663/0.968 wmean=1.000
[E15] batch=001/153 pseudo=4 loss=7.6009 seg=0.4978 semseg=0.3162 mard=2.0117 lambda=0.031560 box_extra=0 mask_extra=0 FG/HBG/EBG=32/256/1280 fallback=0 rel=0.875/0.809/0.929 wmean=1.000 grad_preclip=105.90
[E15] batch=020/153 pseudo=4 loss=6.8832 seg=0.6710 semseg=0.3161 mard=2.0308 lambda=0.039427 box_extra=0 mask_extra=0 FG/HBG/EBG=32/256/1280 fallback=0 rel=0.925/0.892/0.954 wmean=1.000 grad_preclip=99.22
[E15] batch=040/153 pseudo=5 loss=7.1012 seg=0.8244 semseg=0.2109 mard=1.9923 lambda=0.027140 box_extra=1 mask_extra=1 FG/HBG/EBG=40/256/1280 fallback=0 rel=0.849/0.697/0.948 wmean=1.000 grad_preclip=83.67
[E15] batch=060/153 pseudo=2 loss=1.8323 seg=0.3573 semseg=0.0848 mard=2.0152 lambda=0.037630 box_extra=1 mask_extra=0 FG/HBG/EBG=16/128/640 fallback=0 rel=0.917/0.880/0.955 wmean=1.000 grad_preclip=14.62
[E15] batch=080/153 pseudo=4 loss=9.3182 seg=0.5693 semseg=0.7474 mard=2.0297 lambda=0.025780 box_extra=0 mask_extra=0 FG/HBG/EBG=32/256/1280 fallback=0 rel=0.841/0.750/0.939 wmean=1.000 grad_preclip=292.70
[E15] batch=100/153 pseudo=3 loss=4.4914 seg=0.5019 semseg=0.3270 mard=2.0465 lambda=0.039726 box_extra=1 mask_extra=0 FG/HBG/EBG=24/192/960 fallback=0 rel=0.934/0.917/0.945 wmean=1.000 grad_preclip=102.48
[E15] batch=120/153 pseudo=4 loss=7.9910 seg=0.4953 semseg=1.1761 mard=2.0405 lambda=0.030875 box_extra=0 mask_extra=0 FG/HBG/EBG=32/192/960 fallback=0 rel=0.874/0.781/0.947 wmean=1.000 grad_preclip=299.17
[E15] batch=140/153 pseudo=3 loss=3.0666 seg=0.2877 semseg=0.1053 mard=2.0499 lambda=0.042615 box_extra=1 mask_extra=0 FG/HBG/EBG=24/192/960 fallback=0 rel=0.945/0.925/0.958 wmean=1.000 grad_preclip=29.75
[E15] batch=153/153 pseudo=2 loss=1.8099 seg=0.2674 semseg=0.0802 mard=2.0997 lambda=0.040287 box_extra=1 mask_extra=0 FG/HBG/EBG=16/128/640 fallback=0 rel=0.932/0.904/0.961 wmean=1.000 grad_preclip=15.27

[Epoch 15] DONE time=32.4s valid=153 skipped=0 pseudo=537 anchors=479 box_extra=81 mask_extra=58 reject_rel=23 loss=6.3345 seg=0.5844 semseg=0.4637 mard=2.0223 lambda_avg=0.031173 FG/HBG/EBG=28.1/220.9/1074.2 rel=0.876/0.668/0.969 wmean=1.000
[E16] batch=001/153 pseudo=3 loss=6.2571 seg=0.3628 semseg=0.7665 mard=1.9444 lambda=0.019874 box_extra=0 mask_extra=0 FG/HBG/EBG=24/192/960 fallback=0 rel=0.810/0.736/0.930 wmean=1.000 grad_preclip=140.68
[E16] batch=020/153 pseudo=4 loss=4.7995 seg=0.3869 semseg=0.1837 mard=2.0195 lambda=0.028903 box_extra=0 mask_extra=0 FG/HBG/EBG=32/256/1280 fallback=0 rel=0.869/0.751/0.945 wmean=1.000 grad_preclip=37.03
[E16] batch=040/153 pseudo=3 loss=2.0917 seg=0.2128 semseg=0.0621 mard=2.0162 lambda=0.039881 box_extra=1 mask_extra=0 FG/HBG/EBG=24/192/960 fallback=0 rel=0.931/0.880/0.969 wmean=1.000 grad_preclip=22.28
[E16] batch=060/153 pseudo=3 loss=5.5237 seg=0.6558 semseg=0.1730 mard=1.9959 lambda=0.033472 box_extra=0 mask_extra=0 FG/HBG/EBG=24/192/960 fallback=0 rel=0.893/0.824/0.947 wmean=1.000 grad_preclip=76.90
[E16] batch=080/153 pseudo=2 loss=4.7046 seg=0.4151 semseg=0.9836 mard=2.1161 lambda=0.034579 box_extra=0 mask_extra=0 FG/HBG/EBG=16/128/640 fallback=0 rel=0.898/0.861/0.934 wmean=1.000 grad_preclip=158.95
[E16] batch=100/153 pseudo=1 loss=0.7937 seg=0.2873 semseg=0.1066 mard=2.0146 lambda=0.044775 box_extra=0 mask_extra=0 FG/HBG/EBG=8/64/320 fallback=0 rel=0.945/0.945/0.945 wmean=1.000 grad_preclip=12.66
[E16] batch=120/153 pseudo=2 loss=3.4709 seg=0.4574 semseg=0.3079 mard=2.0044 lambda=0.030653 box_extra=1 mask_extra=0 FG/HBG/EBG=16/128/640 fallback=0 rel=0.876/0.865/0.886 wmean=1.000 grad_preclip=36.53
[E16] batch=140/153 pseudo=4 loss=22.2473 seg=1.6029 semseg=2.0831 mard=2.0207 lambda=0.019356 box_extra=2 mask_extra=2 FG/HBG/EBG=32/256/1280 fallback=0 rel=0.801/0.740/0.874 wmean=1.000 grad_preclip=590.96
[E16] batch=153/153 pseudo=3 loss=4.0694 seg=0.3965 semseg=0.1927 mard=1.9731 lambda=0.021818 box_extra=1 mask_extra=1 FG/HBG/EBG=24/192/960 fallback=0 rel=0.821/0.694/0.893 wmean=1.000 grad_preclip=57.66

[Epoch 16] DONE time=32.0s valid=153 skipped=0 pseudo=530 anchors=473 box_extra=77 mask_extra=57 reject_rel=20 loss=6.7006 seg=0.5874 semseg=0.5245 mard=2.0224 lambda_avg=0.031211 FG/HBG/EBG=27.7/219.6/1067.9 rel=0.876/0.663/0.969 wmean=1.000
[E17] batch=001/153 pseudo=3 loss=3.7389 seg=0.2628 semseg=0.1192 mard=2.0714 lambda=0.031959 box_extra=1 mask_extra=1 FG/HBG/EBG=24/192/960 fallback=0 rel=0.888/0.791/0.939 wmean=1.000 grad_preclip=33.23
[E17] batch=020/153 pseudo=4 loss=6.1400 seg=0.5463 semseg=0.2380 mard=2.0664 lambda=0.029309 box_extra=0 mask_extra=0 FG/HBG/EBG=32/256/1280 fallback=0 rel=0.859/0.681/0.953 wmean=1.000 grad_preclip=38.08
[E17] batch=040/153 pseudo=3 loss=4.1996 seg=0.3889 semseg=0.1528 mard=2.0409 lambda=0.037333 box_extra=2 mask_extra=1 FG/HBG/EBG=24/192/960 fallback=0 rel=0.915/0.848/0.959 wmean=1.000 grad_preclip=40.00
[E17] batch=060/153 pseudo=4 loss=6.0581 seg=0.6136 semseg=0.2852 mard=1.9819 lambda=0.028279 box_extra=2 mask_extra=2 FG/HBG/EBG=32/256/1280 fallback=0 rel=0.853/0.800/0.931 wmean=1.000 grad_preclip=89.66
[E17] batch=080/153 pseudo=3 loss=4.4301 seg=0.4442 semseg=0.2280 mard=1.9762 lambda=0.033195 box_extra=1 mask_extra=1 FG/HBG/EBG=24/192/960 fallback=0 rel=0.887/0.760/0.952 wmean=1.000 grad_preclip=31.17
[E17] batch=100/153 pseudo=3 loss=4.6901 seg=0.5492 semseg=0.1618 mard=2.0672 lambda=0.040375 box_extra=0 mask_extra=0 FG/HBG/EBG=24/192/960 fallback=0 rel=0.933/0.903/0.957 wmean=1.000 grad_preclip=59.17
[E17] batch=120/153 pseudo=4 loss=25.2877 seg=1.0037 semseg=2.4257 mard=2.0297 lambda=0.024656 box_extra=0 mask_extra=0 FG/HBG/EBG=32/256/1280 fallback=0 rel=0.846/0.779/0.898 wmean=1.000 grad_preclip=203.34
[E17] batch=140/153 pseudo=3 loss=4.0236 seg=0.3959 semseg=0.2033 mard=1.9854 lambda=0.030206 box_extra=0 mask_extra=0 FG/HBG/EBG=24/192/960 fallback=0 rel=0.868/0.810/0.921 wmean=1.000 grad_preclip=24.27
[E17] batch=153/153 pseudo=3 loss=2.5606 seg=0.2127 semseg=0.1130 mard=2.0084 lambda=0.036900 box_extra=0 mask_extra=0 FG/HBG/EBG=24/192/960 fallback=0 rel=0.917/0.851/0.958 wmean=1.000 grad_preclip=253.75

[Epoch 17] DONE time=31.8s valid=153 skipped=0 pseudo=526 anchors=470 box_extra=83 mask_extra=56 reject_rel=27 loss=6.5144 seg=0.5900 semseg=0.5308 mard=2.0240 lambda_avg=0.031331 FG/HBG/EBG=27.5/216.7/1058.3 rel=0.879/0.676/0.968 wmean=1.000
[E18] batch=001/153 pseudo=3 loss=3.1799 seg=0.3090 semseg=0.1557 mard=2.0693 lambda=0.040234 box_extra=0 mask_extra=0 FG/HBG/EBG=24/192/960 fallback=0 rel=0.931/0.889/0.954 wmean=1.000 grad_preclip=32.93
[E18] batch=020/153 pseudo=4 loss=7.6485 seg=0.5581 semseg=0.4099 mard=2.0523 lambda=0.033497 box_extra=1 mask_extra=0 FG/HBG/EBG=32/256/1280 fallback=0 rel=0.886/0.813/0.951 wmean=1.000 grad_preclip=90.21
[E18] batch=040/153 pseudo=3 loss=3.0297 seg=0.3165 semseg=0.1054 mard=1.9783 lambda=0.041174 box_extra=1 mask_extra=0 FG/HBG/EBG=24/192/960 fallback=0 rel=0.937/0.924/0.951 wmean=1.000 grad_preclip=37.33
[E18] batch=060/153 pseudo=4 loss=9.5706 seg=0.4702 semseg=0.5923 mard=1.9697 lambda=0.028815 box_extra=2 mask_extra=2 FG/HBG/EBG=32/256/1280 fallback=0 rel=0.867/0.777/0.935 wmean=1.000 grad_preclip=213.86
[E18] batch=080/153 pseudo=4 loss=6.6777 seg=0.3901 semseg=0.2719 mard=2.0019 lambda=0.015789 box_extra=1 mask_extra=1 FG/HBG/EBG=32/256/1280 fallback=0 rel=0.784/0.710/0.875 wmean=1.000 grad_preclip=52.64
[E18] batch=100/153 pseudo=2 loss=7.5494 seg=1.4044 semseg=0.6238 mard=2.0570 lambda=0.019886 box_extra=0 mask_extra=0 FG/HBG/EBG=16/128/640 fallback=0 rel=0.813/0.748/0.879 wmean=1.000 grad_preclip=229.64
[E18] batch=120/153 pseudo=3 loss=2.5826 seg=0.2301 semseg=0.1062 mard=1.9863 lambda=0.043919 box_extra=1 mask_extra=0 FG/HBG/EBG=24/192/960 fallback=0 rel=0.949/0.940/0.960 wmean=1.000 grad_preclip=25.50
[E18] batch=140/153 pseudo=3 loss=2.6197 seg=0.2171 semseg=0.1074 mard=1.9928 lambda=0.034988 box_extra=0 mask_extra=0 FG/HBG/EBG=24/192/960 fallback=0 rel=0.908/0.880/0.951 wmean=1.000 grad_preclip=22.91
[E18] batch=153/153 pseudo=2 loss=6.2366 seg=0.4403 semseg=1.5415 mard=2.0039 lambda=0.010428 box_extra=0 mask_extra=0 FG/HBG/EBG=16/128/640 fallback=0 rel=0.753/0.695/0.811 wmean=1.000 grad_preclip=128.11

[Epoch 18] DONE time=32.1s valid=153 skipped=0 pseudo=543 anchors=481 box_extra=85 mask_extra=62 reject_rel=23 loss=6.5067 seg=0.5707 semseg=0.4696 mard=2.0249 lambda_avg=0.031107 FG/HBG/EBG=28.4/223.4/1089.3 rel=0.874/0.670/0.969 wmean=1.000
[E19] batch=001/153 pseudo=4 loss=7.8079 seg=0.5319 semseg=0.5081 mard=2.0551 lambda=0.027841 box_extra=0 mask_extra=0 FG/HBG/EBG=32/256/1280 fallback=0 rel=0.852/0.681/0.958 wmean=1.000 grad_preclip=89.69
[E19] batch=020/153 pseudo=4 loss=4.1750 seg=0.3393 semseg=0.1426 mard=2.0676 lambda=0.028297 box_extra=0 mask_extra=0 FG/HBG/EBG=32/256/1280 fallback=0 rel=0.862/0.701/0.939 wmean=1.000 grad_preclip=27.25
[E19] batch=040/153 pseudo=3 loss=5.7401 seg=0.4320 semseg=0.1978 mard=1.9799 lambda=0.022630 box_extra=2 mask_extra=1 FG/HBG/EBG=24/192/960 fallback=0 rel=0.829/0.709/0.914 wmean=1.000 grad_preclip=74.13
[E19] batch=060/153 pseudo=5 loss=6.0801 seg=0.5161 semseg=0.2312 mard=2.0045 lambda=0.021315 box_extra=1 mask_extra=1 FG/HBG/EBG=40/256/1280 fallback=0 rel=0.815/0.670/0.944 wmean=1.000 grad_preclip=43.22
[E19] batch=080/153 pseudo=4 loss=21.3197 seg=1.1275 semseg=1.7907 mard=1.9667 lambda=0.029386 box_extra=3 mask_extra=2 FG/HBG/EBG=32/256/1280 fallback=0 rel=0.860/0.817/0.957 wmean=1.000 grad_preclip=334.81
[E19] batch=100/153 pseudo=2 loss=4.5392 seg=0.4294 semseg=0.2974 mard=2.0597 lambda=0.025852 box_extra=0 mask_extra=0 FG/HBG/EBG=16/128/640 fallback=0 rel=0.837/0.816/0.859 wmean=1.000 grad_preclip=22.12
[E19] batch=120/153 pseudo=2 loss=1.8049 seg=0.2023 semseg=0.0886 mard=2.0084 lambda=0.027059 box_extra=0 mask_extra=0 FG/HBG/EBG=16/128/640 fallback=0 rel=0.854/0.752/0.956 wmean=1.000 grad_preclip=25.93
[E19] batch=140/153 pseudo=4 loss=4.6372 seg=0.3597 semseg=0.2218 mard=2.0111 lambda=0.040788 box_extra=0 mask_extra=0 FG/HBG/EBG=32/256/1280 fallback=0 rel=0.932/0.927/0.940 wmean=1.000 grad_preclip=41.44
[E19] batch=153/153 pseudo=5 loss=4.9226 seg=0.3150 semseg=0.2192 mard=1.9441 lambda=0.027374 box_extra=0 mask_extra=0 FG/HBG/EBG=40/320/1216 fallback=0 rel=0.856/0.765/0.955 wmean=1.000 grad_preclip=34.49

[Epoch 19] DONE time=32.0s valid=153 skipped=0 pseudo=532 anchors=474 box_extra=90 mask_extra=58 reject_rel=32 loss=6.3532 seg=0.5291 semseg=0.5107 mard=2.0231 lambda_avg=0.031748 FG/HBG/EBG=27.8/218.8/1068.8 rel=0.878/0.670/0.969 wmean=1.000
[E20] batch=001/153 pseudo=4 loss=4.2183 seg=0.3576 semseg=0.1572 mard=2.0506 lambda=0.033270 box_extra=0 mask_extra=0 FG/HBG/EBG=32/256/1280 fallback=0 rel=0.885/0.727/0.951 wmean=1.000 grad_preclip=25.78
[E20] batch=020/153 pseudo=4 loss=3.0092 seg=0.2309 semseg=0.1126 mard=1.9681 lambda=0.032513 box_extra=0 mask_extra=0 FG/HBG/EBG=32/256/1280 fallback=0 rel=0.886/0.726/0.944 wmean=1.000 grad_preclip=26.12
[E20] batch=040/153 pseudo=3 loss=6.8465 seg=0.7344 semseg=0.5096 mard=2.0205 lambda=0.026461 box_extra=0 mask_extra=0 FG/HBG/EBG=24/192/960 fallback=0 rel=0.837/0.661/0.936 wmean=1.000 grad_preclip=91.12
[E20] batch=060/153 pseudo=4 loss=3.3019 seg=0.2241 semseg=0.0974 mard=1.9591 lambda=0.031916 box_extra=0 mask_extra=0 FG/HBG/EBG=32/256/1280 fallback=0 rel=0.886/0.761/0.954 wmean=1.000 grad_preclip=23.91
[E20] batch=080/153 pseudo=4 loss=3.5308 seg=0.2622 semseg=0.1297 mard=1.9843 lambda=0.029768 box_extra=0 mask_extra=0 FG/HBG/EBG=32/256/1280 fallback=0 rel=0.875/0.705/0.945 wmean=1.000 grad_preclip=33.15
[E20] batch=100/153 pseudo=2 loss=1.5685 seg=0.1819 semseg=0.1026 mard=2.0170 lambda=0.043853 box_extra=1 mask_extra=0 FG/HBG/EBG=16/128/640 fallback=0 rel=0.956/0.952/0.960 wmean=1.000 grad_preclip=17.52
[E20] batch=120/153 pseudo=3 loss=21.1431 seg=1.4326 semseg=7.6340 mard=2.1152 lambda=0.031074 box_extra=0 mask_extra=0 FG/HBG/EBG=24/192/576 fallback=0 rel=0.876/0.802/0.932 wmean=1.000 grad_preclip=89.02
[E20] batch=140/153 pseudo=2 loss=3.5120 seg=0.2258 semseg=0.1427 mard=1.9712 lambda=0.037563 box_extra=1 mask_extra=1 FG/HBG/EBG=16/128/640 fallback=0 rel=0.914/0.877/0.951 wmean=1.000 grad_preclip=59.54
[E20] batch=153/153 pseudo=4 loss=8.0605 seg=0.3151 semseg=0.5168 mard=1.9666 lambda=0.030666 box_extra=0 mask_extra=0 FG/HBG/EBG=32/256/1280 fallback=0 rel=0.872/0.727/0.963 wmean=1.000 grad_preclip=96.60

[Epoch 20] DONE time=31.9s valid=153 skipped=0 pseudo=531 anchors=473 box_extra=85 mask_extra=58 reject_rel=27 loss=6.2928 seg=0.5483 semseg=0.5044 mard=2.0193 lambda_avg=0.031754 FG/HBG/EBG=27.8/218.8/1061.2 rel=0.879/0.661/0.968 wmean=1.000
[SAVE] /home/dang/MedRT-SFOD/runs/seg/ablation/k2c_maskdhf_segmard_v2_60ep/checkpoints/dense_sfseg_epoch_20.pt
[E21] batch=001/153 pseudo=3 loss=4.6821 seg=0.8076 semseg=0.1738 mard=2.0693 lambda=0.031416 box_extra=0 mask_extra=0 FG/HBG/EBG=24/192/960 fallback=0 rel=0.879/0.791/0.942 wmean=1.000 grad_preclip=274.59
[E21] batch=020/153 pseudo=3 loss=3.7069 seg=0.2933 semseg=0.1473 mard=2.0297 lambda=0.027063 box_extra=0 mask_extra=0 FG/HBG/EBG=24/192/960 fallback=0 rel=0.857/0.703/0.953 wmean=1.000 grad_preclip=20.47
[E21] batch=040/153 pseudo=4 loss=7.4908 seg=0.4556 semseg=0.6414 mard=2.0785 lambda=0.015977 box_extra=1 mask_extra=1 FG/HBG/EBG=32/256/1280 fallback=0 rel=0.787/0.719/0.941 wmean=1.000 grad_preclip=139.94
[E21] batch=060/153 pseudo=4 loss=3.7893 seg=0.2739 semseg=0.1190 mard=2.0458 lambda=0.041901 box_extra=0 mask_extra=0 FG/HBG/EBG=32/256/1280 fallback=0 rel=0.941/0.930/0.953 wmean=1.000 grad_preclip=24.44
[E21] batch=080/153 pseudo=5 loss=4.8756 seg=0.4050 semseg=0.1679 mard=1.9979 lambda=0.025303 box_extra=1 mask_extra=1 FG/HBG/EBG=40/320/1216 fallback=0 rel=0.839/0.728/0.949 wmean=1.000 grad_preclip=28.96
[E21] batch=100/153 pseudo=3 loss=7.6103 seg=0.8699 semseg=0.6034 mard=2.0342 lambda=0.019641 box_extra=1 mask_extra=1 FG/HBG/EBG=24/192/960 fallback=0 rel=0.812/0.742/0.932 wmean=1.000 grad_preclip=45.84
[E21] batch=120/153 pseudo=4 loss=4.5406 seg=0.2626 semseg=0.1246 mard=2.0175 lambda=0.035785 box_extra=0 mask_extra=0 FG/HBG/EBG=32/256/1280 fallback=0 rel=0.907/0.772/0.958 wmean=1.000 grad_preclip=32.28
[E21] batch=140/153 pseudo=4 loss=6.0978 seg=0.4463 semseg=0.1972 mard=2.0395 lambda=0.027215 box_extra=1 mask_extra=1 FG/HBG/EBG=32/256/1280 fallback=0 rel=0.857/0.734/0.959 wmean=1.000 grad_preclip=39.57
[E21] batch=153/153 pseudo=4 loss=4.4991 seg=0.3443 semseg=0.1546 mard=2.0710 lambda=0.038241 box_extra=1 mask_extra=1 FG/HBG/EBG=32/256/1280 fallback=0 rel=0.919/0.874/0.943 wmean=1.000 grad_preclip=132.93

[Epoch 21] DONE time=31.9s valid=153 skipped=0 pseudo=533 anchors=475 box_extra=77 mask_extra=58 reject_rel=19 loss=6.1829 seg=0.5357 semseg=0.4551 mard=2.0283 lambda_avg=0.031637 FG/HBG/EBG=27.9/219.6/1065.4 rel=0.876/0.663/0.969 wmean=1.000
[E22] batch=001/153 pseudo=3 loss=5.3305 seg=0.3616 semseg=0.7862 mard=2.0936 lambda=0.031790 box_extra=0 mask_extra=0 FG/HBG/EBG=24/128/640 fallback=0 rel=0.886/0.786/0.952 wmean=1.000 grad_preclip=99.57
[E22] batch=020/153 pseudo=4 loss=8.9874 seg=0.9168 semseg=0.4917 mard=1.9961 lambda=0.028053 box_extra=1 mask_extra=1 FG/HBG/EBG=32/256/1280 fallback=0 rel=0.856/0.721/0.944 wmean=1.000 grad_preclip=46.33
[E22] batch=040/153 pseudo=4 loss=15.7411 seg=1.6103 semseg=0.9408 mard=2.0493 lambda=0.032972 box_extra=1 mask_extra=1 FG/HBG/EBG=32/256/1280 fallback=0 rel=0.891/0.848/0.937 wmean=1.000 grad_preclip=154.36
[E22] batch=060/153 pseudo=4 loss=5.7912 seg=0.4603 semseg=0.2265 mard=2.0109 lambda=0.037010 box_extra=0 mask_extra=0 FG/HBG/EBG=32/256/1280 fallback=0 rel=0.908/0.862/0.951 wmean=1.000 grad_preclip=59.89
[E22] batch=080/153 pseudo=4 loss=2.9707 seg=0.2326 semseg=0.0862 mard=2.0340 lambda=0.041106 box_extra=0 mask_extra=0 FG/HBG/EBG=32/256/1280 fallback=0 rel=0.939/0.919/0.953 wmean=1.000 grad_preclip=21.35
[E22] batch=100/153 pseudo=4 loss=4.2234 seg=0.3313 semseg=0.1161 mard=2.0523 lambda=0.022600 box_extra=0 mask_extra=0 FG/HBG/EBG=32/256/896 fallback=0 rel=0.824/0.711/0.882 wmean=1.000 grad_preclip=59.91
[E22] batch=120/153 pseudo=3 loss=4.1980 seg=0.4346 semseg=0.1203 mard=1.9344 lambda=0.030847 box_extra=0 mask_extra=0 FG/HBG/EBG=24/192/960 fallback=0 rel=0.872/0.829/0.929 wmean=1.000 grad_preclip=24.88
[E22] batch=140/153 pseudo=3 loss=2.6366 seg=0.2714 semseg=0.1252 mard=2.0533 lambda=0.029891 box_extra=0 mask_extra=0 FG/HBG/EBG=24/192/960 fallback=0 rel=0.877/0.744/0.967 wmean=1.000 grad_preclip=52.38
[E22] batch=153/153 pseudo=4 loss=7.4694 seg=0.6024 semseg=0.3578 mard=1.9952 lambda=0.028852 box_extra=0 mask_extra=0 FG/HBG/EBG=32/256/1280 fallback=0 rel=0.861/0.792/0.933 wmean=1.000 grad_preclip=48.24

[Epoch 22] DONE time=31.8s valid=153 skipped=0 pseudo=532 anchors=481 box_extra=74 mask_extra=51 reject_rel=23 loss=6.0270 seg=0.5651 semseg=0.4247 mard=2.0257 lambda_avg=0.031496 FG/HBG/EBG=27.8/219.2/1065.8 rel=0.878/0.672/0.968 wmean=1.000
[E23] batch=001/153 pseudo=4 loss=5.4569 seg=0.3776 semseg=0.2843 mard=2.0500 lambda=0.036893 box_extra=1 mask_extra=1 FG/HBG/EBG=32/256/1280 fallback=0 rel=0.914/0.879/0.945 wmean=1.000 grad_preclip=57.38
[E23] batch=020/153 pseudo=2 loss=3.0990 seg=0.4332 semseg=0.2555 mard=1.9948 lambda=0.039226 box_extra=1 mask_extra=0 FG/HBG/EBG=16/128/640 fallback=0 rel=0.928/0.901/0.955 wmean=1.000 grad_preclip=32.95
[E23] batch=040/153 pseudo=3 loss=6.1122 seg=0.7399 semseg=0.4351 mard=2.0248 lambda=0.031800 box_extra=0 mask_extra=0 FG/HBG/EBG=24/192/960 fallback=0 rel=0.880/0.748/0.950 wmean=1.000 grad_preclip=51.12
[E23] batch=060/153 pseudo=4 loss=29.4989 seg=3.2644 semseg=1.8574 mard=2.0295 lambda=0.028022 box_extra=0 mask_extra=0 FG/HBG/EBG=32/256/1280 fallback=0 rel=0.848/0.694/0.936 wmean=1.000 grad_preclip=202.17
[E23] batch=080/153 pseudo=3 loss=5.1734 seg=0.4389 semseg=0.4074 mard=2.0249 lambda=0.025180 box_extra=0 mask_extra=0 FG/HBG/EBG=24/192/960 fallback=0 rel=0.838/0.718/0.956 wmean=1.000 grad_preclip=44.66
[E23] batch=100/153 pseudo=4 loss=4.6809 seg=0.2471 semseg=0.1254 mard=1.9518 lambda=0.032085 box_extra=0 mask_extra=0 FG/HBG/EBG=32/256/1280 fallback=0 rel=0.887/0.767/0.949 wmean=1.000 grad_preclip=36.84
[E23] batch=120/153 pseudo=5 loss=10.6135 seg=0.6249 semseg=0.5206 mard=2.0316 lambda=0.024882 box_extra=1 mask_extra=1 FG/HBG/EBG=40/256/1280 fallback=0 rel=0.841/0.754/0.969 wmean=1.000 grad_preclip=95.10
[E23] batch=140/153 pseudo=4 loss=4.2168 seg=0.2195 semseg=0.1197 mard=1.9913 lambda=0.038043 box_extra=0 mask_extra=0 FG/HBG/EBG=32/256/1280 fallback=0 rel=0.922/0.899/0.939 wmean=1.000 grad_preclip=49.97
[E23] batch=153/153 pseudo=3 loss=3.8575 seg=0.2813 semseg=0.1645 mard=1.9919 lambda=0.025708 box_extra=0 mask_extra=0 FG/HBG/EBG=24/192/960 fallback=0 rel=0.850/0.767/0.955 wmean=1.000 grad_preclip=25.34

[Epoch 23] DONE time=31.8s valid=153 skipped=0 pseudo=527 anchors=477 box_extra=74 mask_extra=50 reject_rel=24 loss=5.9832 seg=0.6161 semseg=0.4208 mard=2.0256 lambda_avg=0.032106 FG/HBG/EBG=27.6/217.9/1062.1 rel=0.881/0.660/0.969 wmean=1.000
[E24] batch=001/153 pseudo=4 loss=6.4516 seg=0.5059 semseg=0.2380 mard=2.0331 lambda=0.035247 box_extra=0 mask_extra=0 FG/HBG/EBG=32/256/1280 fallback=0 rel=0.902/0.858/0.926 wmean=1.000 grad_preclip=70.05
[E24] batch=020/153 pseudo=4 loss=5.5548 seg=0.4407 semseg=0.1685 mard=2.0038 lambda=0.027426 box_extra=0 mask_extra=0 FG/HBG/EBG=32/256/1280 fallback=0 rel=0.853/0.783/0.937 wmean=1.000 grad_preclip=42.66
[E24] batch=040/153 pseudo=6 loss=9.8176 seg=0.7291 semseg=0.6639 mard=2.0032 lambda=0.019951 box_extra=1 mask_extra=1 FG/HBG/EBG=48/320/1216 fallback=0 rel=0.807/0.685/0.959 wmean=1.000 grad_preclip=60.47
[E24] batch=060/153 pseudo=4 loss=6.3309 seg=0.4193 semseg=0.3458 mard=2.0048 lambda=0.033396 box_extra=0 mask_extra=0 FG/HBG/EBG=32/256/1280 fallback=0 rel=0.886/0.802/0.956 wmean=1.000 grad_preclip=87.25
[E24] batch=080/153 pseudo=5 loss=12.1348 seg=0.8995 semseg=1.3339 mard=2.0179 lambda=0.027884 box_extra=0 mask_extra=0 FG/HBG/EBG=40/256/1280 fallback=0 rel=0.852/0.743/0.936 wmean=1.000 grad_preclip=552.56
[E24] batch=100/153 pseudo=3 loss=4.7777 seg=0.5513 semseg=0.2910 mard=2.0079 lambda=0.026117 box_extra=0 mask_extra=0 FG/HBG/EBG=24/192/960 fallback=0 rel=0.849/0.700/0.931 wmean=1.000 grad_preclip=41.59
[E24] batch=120/153 pseudo=4 loss=7.6964 seg=0.6348 semseg=0.2336 mard=2.0272 lambda=0.024431 box_extra=2 mask_extra=2 FG/HBG/EBG=32/256/1280 fallback=0 rel=0.835/0.756/0.959 wmean=1.000 grad_preclip=49.11
[E24] batch=140/153 pseudo=3 loss=8.2830 seg=0.4758 semseg=1.0826 mard=1.9784 lambda=0.026801 box_extra=2 mask_extra=2 FG/HBG/EBG=24/192/960 fallback=0 rel=0.849/0.761/0.951 wmean=1.000 grad_preclip=79.32
[E24] batch=153/153 pseudo=4 loss=5.6641 seg=0.4354 semseg=0.2960 mard=2.0620 lambda=0.027136 box_extra=0 mask_extra=0 FG/HBG/EBG=32/256/1280 fallback=0 rel=0.853/0.710/0.949 wmean=1.000 grad_preclip=50.97

[Epoch 24] DONE time=32.2s valid=153 skipped=0 pseudo=541 anchors=489 box_extra=66 mask_extra=52 reject_rel=14 loss=6.4595 seg=0.5350 semseg=0.5587 mard=2.0244 lambda_avg=0.031526 FG/HBG/EBG=28.3/222.1/1080.5 rel=0.877/0.660/0.968 wmean=1.000
[E25] batch=001/153 pseudo=2 loss=3.0328 seg=0.3408 semseg=0.2376 mard=1.9682 lambda=0.037974 box_extra=1 mask_extra=0 FG/HBG/EBG=16/128/640 fallback=0 rel=0.914/0.906/0.923 wmean=1.000 grad_preclip=38.16
[E25] batch=020/153 pseudo=2 loss=10.8056 seg=1.0971 semseg=2.0246 mard=2.0680 lambda=0.014595 box_extra=1 mask_extra=1 FG/HBG/EBG=16/128/640 fallback=0 rel=0.790/0.764/0.816 wmean=1.000 grad_preclip=329.67
[E25] batch=040/153 pseudo=4 loss=6.4528 seg=0.4096 semseg=0.3543 mard=1.9866 lambda=0.033940 box_extra=1 mask_extra=1 FG/HBG/EBG=32/256/1280 fallback=0 rel=0.901/0.880/0.928 wmean=1.000 grad_preclip=83.75
[E25] batch=060/153 pseudo=4 loss=10.3557 seg=0.5286 semseg=2.3401 mard=2.0009 lambda=0.035221 box_extra=1 mask_extra=0 FG/HBG/EBG=32/256/896 fallback=0 rel=0.899/0.801/0.951 wmean=1.000 grad_preclip=136.65
[E25] batch=080/153 pseudo=3 loss=2.0514 seg=0.2370 semseg=0.0998 mard=1.9804 lambda=0.040840 box_extra=0 mask_extra=0 FG/HBG/EBG=24/192/960 fallback=0 rel=0.934/0.886/0.961 wmean=1.000 grad_preclip=23.41
[E25] batch=100/153 pseudo=3 loss=29.4214 seg=1.2133 semseg=6.6328 mard=2.0190 lambda=0.026181 box_extra=0 mask_extra=0 FG/HBG/EBG=24/192/960 fallback=0 rel=0.855/0.740/0.940 wmean=1.000 grad_preclip=451.97
[E25] batch=120/153 pseudo=4 loss=5.0772 seg=0.7952 semseg=0.2252 mard=2.0273 lambda=0.027168 box_extra=1 mask_extra=1 FG/HBG/EBG=32/256/896 fallback=0 rel=0.858/0.804/0.886 wmean=1.000 grad_preclip=27.36
[E25] batch=140/153 pseudo=3 loss=12.5614 seg=0.3213 semseg=2.8365 mard=1.9898 lambda=0.017194 box_extra=1 mask_extra=1 FG/HBG/EBG=24/192/960 fallback=0 rel=0.805/0.744/0.894 wmean=1.000 grad_preclip=117.14
[E25] batch=153/153 pseudo=3 loss=3.2183 seg=0.2808 semseg=0.2767 mard=2.0984 lambda=0.042292 box_extra=0 mask_extra=0 FG/HBG/EBG=24/192/960 fallback=0 rel=0.944/0.932/0.953 wmean=1.000 grad_preclip=106.97

[Epoch 25] DONE time=32.0s valid=153 skipped=0 pseudo=534 anchors=479 box_extra=78 mask_extra=55 reject_rel=23 loss=6.2397 seg=0.5408 semseg=0.4654 mard=2.0254 lambda_avg=0.031879 FG/HBG/EBG=27.9/220.9/1074.2 rel=0.879/0.674/0.969 wmean=1.000
[E26] batch=001/153 pseudo=4 loss=6.6993 seg=0.3000 semseg=0.6396 mard=2.0408 lambda=0.021425 box_extra=0 mask_extra=0 FG/HBG/EBG=32/256/1280 fallback=0 rel=0.820/0.685/0.871 wmean=1.000 grad_preclip=53.14
[E26] batch=020/153 pseudo=3 loss=6.5040 seg=0.7921 semseg=0.2852 mard=2.0167 lambda=0.035638 box_extra=0 mask_extra=0 FG/HBG/EBG=24/192/960 fallback=0 rel=0.904/0.869/0.940 wmean=1.000 grad_preclip=119.09
[E26] batch=040/153 pseudo=3 loss=6.5887 seg=0.7159 semseg=0.6106 mard=2.0313 lambda=0.022199 box_extra=0 mask_extra=0 FG/HBG/EBG=24/192/960 fallback=0 rel=0.817/0.783/0.884 wmean=1.000 grad_preclip=68.37
[E26] batch=060/153 pseudo=2 loss=1.7049 seg=0.2155 semseg=0.0720 mard=2.0328 lambda=0.033499 box_extra=2 mask_extra=1 FG/HBG/EBG=16/128/640 fallback=0 rel=0.901/0.870/0.932 wmean=1.000 grad_preclip=13.07
[E26] batch=080/153 pseudo=3 loss=5.8736 seg=0.5954 semseg=0.2504 mard=2.1020 lambda=0.023513 box_extra=0 mask_extra=0 FG/HBG/EBG=24/192/960 fallback=0 rel=0.840/0.744/0.927 wmean=1.000 grad_preclip=32.33
[E26] batch=100/153 pseudo=1 loss=0.7682 seg=0.2270 semseg=0.1030 mard=2.0241 lambda=0.041086 box_extra=0 mask_extra=0 FG/HBG/EBG=8/64/320 fallback=0 rel=0.937/0.937/0.937 wmean=1.000 grad_preclip=10.05
[E26] batch=120/153 pseudo=4 loss=8.7827 seg=0.5336 semseg=0.4440 mard=2.0480 lambda=0.028570 box_extra=0 mask_extra=0 FG/HBG/EBG=32/256/1280 fallback=0 rel=0.867/0.802/0.951 wmean=1.000 grad_preclip=177.75
[E26] batch=140/153 pseudo=4 loss=4.1825 seg=0.2865 semseg=0.1242 mard=1.9969 lambda=0.037241 box_extra=0 mask_extra=0 FG/HBG/EBG=32/256/1280 fallback=0 rel=0.911/0.884/0.929 wmean=1.000 grad_preclip=35.97
[E26] batch=153/153 pseudo=4 loss=10.5424 seg=0.8058 semseg=0.4255 mard=2.0271 lambda=0.033046 box_extra=0 mask_extra=0 FG/HBG/EBG=32/256/1280 fallback=0 rel=0.886/0.825/0.947 wmean=1.000 grad_preclip=65.46

[Epoch 26] DONE time=32.1s valid=153 skipped=0 pseudo=539 anchors=481 box_extra=84 mask_extra=58 reject_rel=26 loss=6.4522 seg=0.5657 semseg=0.5612 mard=2.0212 lambda_avg=0.031669 FG/HBG/EBG=28.2/223.4/1086.7 rel=0.879/0.660/0.968 wmean=1.000
[E27] batch=001/153 pseudo=4 loss=12.3487 seg=0.5104 semseg=1.7169 mard=1.9893 lambda=0.036289 box_extra=1 mask_extra=1 FG/HBG/EBG=32/256/1280 fallback=0 rel=0.915/0.863/0.952 wmean=1.000 grad_preclip=344.87
[E27] batch=020/153 pseudo=4 loss=4.9576 seg=0.6090 semseg=0.1815 mard=1.9792 lambda=0.030999 box_extra=1 mask_extra=1 FG/HBG/EBG=32/256/1280 fallback=0 rel=0.880/0.862/0.919 wmean=1.000 grad_preclip=57.58
[E27] batch=040/153 pseudo=4 loss=2.9289 seg=0.3192 semseg=0.1017 mard=1.9761 lambda=0.043182 box_extra=0 mask_extra=0 FG/HBG/EBG=32/256/1280 fallback=0 rel=0.950/0.947/0.954 wmean=1.000 grad_preclip=25.64
[E27] batch=060/153 pseudo=3 loss=5.7175 seg=0.4616 semseg=0.4179 mard=2.0460 lambda=0.023980 box_extra=1 mask_extra=0 FG/HBG/EBG=24/192/960 fallback=0 rel=0.823/0.700/0.939 wmean=1.000 grad_preclip=21.31
[E27] batch=080/153 pseudo=3 loss=3.1682 seg=0.3177 semseg=0.1681 mard=2.0123 lambda=0.033291 box_extra=0 mask_extra=0 FG/HBG/EBG=24/192/960 fallback=0 rel=0.892/0.868/0.927 wmean=1.000 grad_preclip=42.97
[E27] batch=100/153 pseudo=3 loss=3.5700 seg=0.3583 semseg=0.1955 mard=1.9784 lambda=0.025993 box_extra=1 mask_extra=1 FG/HBG/EBG=24/192/960 fallback=0 rel=0.855/0.833/0.883 wmean=1.000 grad_preclip=46.05
[E27] batch=120/153 pseudo=4 loss=5.2906 seg=0.3635 semseg=0.3031 mard=1.9916 lambda=0.039754 box_extra=0 mask_extra=0 FG/HBG/EBG=32/256/1280 fallback=0 rel=0.929/0.901/0.957 wmean=1.000 grad_preclip=145.18
[E27] batch=140/153 pseudo=4 loss=3.1668 seg=0.2858 semseg=0.1529 mard=2.0334 lambda=0.037558 box_extra=0 mask_extra=0 FG/HBG/EBG=32/256/1280 fallback=0 rel=0.914/0.852/0.938 wmean=1.000 grad_preclip=39.31
[E27] batch=153/153 pseudo=4 loss=3.0353 seg=0.4171 semseg=0.2184 mard=1.9510 lambda=0.036799 box_extra=2 mask_extra=2 FG/HBG/EBG=32/256/512 fallback=0 rel=0.904/0.839/0.950 wmean=1.000 grad_preclip=31.56

[Epoch 27] DONE time=31.7s valid=153 skipped=0 pseudo=526 anchors=473 box_extra=77 mask_extra=53 reject_rel=24 loss=5.6106 seg=0.5003 semseg=0.4025 mard=2.0180 lambda_avg=0.032028 FG/HBG/EBG=27.5/216.3/1056.2 rel=0.881/0.660/0.969 wmean=1.000
[E28] batch=001/153 pseudo=4 loss=3.5145 seg=0.2571 semseg=0.1262 mard=2.0418 lambda=0.036957 box_extra=0 mask_extra=0 FG/HBG/EBG=32/256/1280 fallback=0 rel=0.912/0.877/0.929 wmean=1.000 grad_preclip=24.85
[E28] batch=020/153 pseudo=3 loss=2.4943 seg=0.2729 semseg=0.1277 mard=1.9872 lambda=0.036235 box_extra=0 mask_extra=0 FG/HBG/EBG=24/192/960 fallback=0 rel=0.910/0.859/0.955 wmean=1.000 grad_preclip=25.68
[E28] batch=040/153 pseudo=2 loss=1.5601 seg=0.3266 semseg=0.0977 mard=2.0573 lambda=0.043980 box_extra=1 mask_extra=0 FG/HBG/EBG=16/128/640 fallback=0 rel=0.953/0.953/0.954 wmean=1.000 grad_preclip=17.31
[E28] batch=060/153 pseudo=5 loss=3.7798 seg=0.2796 semseg=0.1088 mard=2.0705 lambda=0.027524 box_extra=1 mask_extra=1 FG/HBG/EBG=40/320/1216 fallback=0 rel=0.856/0.700/0.957 wmean=1.000 grad_preclip=25.75
[E28] batch=080/153 pseudo=4 loss=13.0712 seg=0.9407 semseg=0.9576 mard=2.0151 lambda=0.030998 box_extra=0 mask_extra=0 FG/HBG/EBG=32/256/1280 fallback=0 rel=0.869/0.792/0.947 wmean=1.000 grad_preclip=184.10
[E28] batch=100/153 pseudo=3 loss=4.0282 seg=0.2843 semseg=0.1083 mard=1.9838 lambda=0.032218 box_extra=2 mask_extra=1 FG/HBG/EBG=24/192/960 fallback=0 rel=0.886/0.792/0.934 wmean=1.000 grad_preclip=24.13
[E28] batch=120/153 pseudo=2 loss=1.7894 seg=0.1360 semseg=0.0307 mard=1.9885 lambda=0.028062 box_extra=0 mask_extra=0 FG/HBG/EBG=16/128/640 fallback=0 rel=0.867/0.768/0.967 wmean=1.000 grad_preclip=66.28
[E28] batch=140/153 pseudo=4 loss=3.1559 seg=0.2666 semseg=0.1549 mard=2.0345 lambda=0.042339 box_extra=0 mask_extra=0 FG/HBG/EBG=32/256/1280 fallback=0 rel=0.940/0.928/0.957 wmean=1.000 grad_preclip=27.59
[E28] batch=153/153 pseudo=3 loss=7.1583 seg=0.4877 semseg=0.5747 mard=2.0306 lambda=0.028364 box_extra=0 mask_extra=0 FG/HBG/EBG=24/192/960 fallback=0 rel=0.846/0.701/0.941 wmean=1.000 grad_preclip=35.86

[Epoch 28] DONE time=31.8s valid=153 skipped=0 pseudo=530 anchors=481 box_extra=77 mask_extra=49 reject_rel=28 loss=5.9239 seg=0.5162 semseg=0.4414 mard=2.0304 lambda_avg=0.031587 FG/HBG/EBG=27.7/218.4/1064.2 rel=0.878/0.660/0.969 wmean=1.000
[E29] batch=001/153 pseudo=4 loss=5.4322 seg=0.6584 semseg=0.2146 mard=2.0840 lambda=0.031073 box_extra=0 mask_extra=0 FG/HBG/EBG=32/192/960 fallback=0 rel=0.879/0.796/0.946 wmean=1.000 grad_preclip=43.99
[E29] batch=020/153 pseudo=3 loss=2.3049 seg=0.2253 semseg=0.0767 mard=2.0578 lambda=0.039407 box_extra=0 mask_extra=0 FG/HBG/EBG=24/192/960 fallback=0 rel=0.930/0.923/0.939 wmean=1.000 grad_preclip=17.52
[E29] batch=040/153 pseudo=5 loss=6.7265 seg=0.5812 semseg=0.3306 mard=2.0290 lambda=0.031738 box_extra=1 mask_extra=1 FG/HBG/EBG=40/320/1216 fallback=0 rel=0.874/0.784/0.945 wmean=1.000 grad_preclip=58.26
[E29] batch=060/153 pseudo=4 loss=3.7638 seg=0.2790 semseg=0.1124 mard=2.0631 lambda=0.032906 box_extra=0 mask_extra=0 FG/HBG/EBG=32/256/1280 fallback=0 rel=0.893/0.748/0.945 wmean=1.000 grad_preclip=37.41
[E29] batch=080/153 pseudo=4 loss=6.9904 seg=0.4950 semseg=0.3133 mard=1.9809 lambda=0.027635 box_extra=1 mask_extra=1 FG/HBG/EBG=32/256/1280 fallback=0 rel=0.859/0.706/0.946 wmean=1.000 grad_preclip=50.57
[E29] batch=100/153 pseudo=4 loss=2.8414 seg=0.2070 semseg=0.1067 mard=2.1043 lambda=0.035059 box_extra=0 mask_extra=0 FG/HBG/EBG=32/256/1280 fallback=0 rel=0.904/0.847/0.948 wmean=1.000 grad_preclip=32.37
[E29] batch=120/153 pseudo=3 loss=8.6781 seg=0.8954 semseg=1.1412 mard=2.0094 lambda=0.013894 box_extra=0 mask_extra=0 FG/HBG/EBG=24/192/960 fallback=0 rel=0.761/0.694/0.883 wmean=1.000 grad_preclip=132.40
[E29] batch=140/153 pseudo=3 loss=5.6659 seg=0.4475 semseg=0.3455 mard=1.9997 lambda=0.026654 box_extra=0 mask_extra=0 FG/HBG/EBG=24/192/960 fallback=0 rel=0.853/0.771/0.943 wmean=1.000 grad_preclip=123.29
[E29] batch=153/153 pseudo=3 loss=1.9436 seg=0.2039 semseg=0.0774 mard=2.0736 lambda=0.031669 box_extra=0 mask_extra=0 FG/HBG/EBG=24/192/960 fallback=0 rel=0.885/0.829/0.936 wmean=1.000 grad_preclip=18.44

[Epoch 29] DONE time=32.1s valid=153 skipped=0 pseudo=540 anchors=491 box_extra=73 mask_extra=49 reject_rel=24 loss=5.8793 seg=0.4909 semseg=0.4809 mard=2.0283 lambda_avg=0.031458 FG/HBG/EBG=28.2/221.7/1075.9 rel=0.877/0.680/0.969 wmean=1.000
[E30] batch=001/153 pseudo=4 loss=3.5555 seg=0.5303 semseg=0.1865 mard=1.9945 lambda=0.038783 box_extra=1 mask_extra=1 FG/HBG/EBG=32/256/896 fallback=0 rel=0.916/0.848/0.952 wmean=1.000 grad_preclip=22.62
[E30] batch=020/153 pseudo=4 loss=6.7179 seg=0.5714 semseg=0.2425 mard=2.0663 lambda=0.033579 box_extra=0 mask_extra=0 FG/HBG/EBG=32/256/1280 fallback=0 rel=0.882/0.701/0.952 wmean=1.000 grad_preclip=28.06
[E30] batch=040/153 pseudo=4 loss=8.9503 seg=0.6783 semseg=0.5952 mard=1.9840 lambda=0.023712 box_extra=0 mask_extra=0 FG/HBG/EBG=32/256/1280 fallback=0 rel=0.833/0.729/0.935 wmean=1.000 grad_preclip=91.73
[E30] batch=060/153 pseudo=4 loss=29.9597 seg=3.5096 semseg=2.5582 mard=2.0371 lambda=0.014874 box_extra=0 mask_extra=0 FG/HBG/EBG=32/256/1280 fallback=0 rel=0.772/0.678/0.922 wmean=1.000 grad_preclip=210.78
[E30] batch=080/153 pseudo=4 loss=7.3209 seg=0.3990 semseg=0.8383 mard=1.9879 lambda=0.028626 box_extra=1 mask_extra=1 FG/HBG/EBG=32/256/1280 fallback=0 rel=0.871/0.813/0.905 wmean=1.000 grad_preclip=226.32
[E30] batch=100/153 pseudo=2 loss=1.6768 seg=0.2917 semseg=0.0913 mard=1.9826 lambda=0.039166 box_extra=0 mask_extra=0 FG/HBG/EBG=16/128/640 fallback=0 rel=0.922/0.889/0.956 wmean=1.000 grad_preclip=22.65
[E30] batch=120/153 pseudo=4 loss=4.9047 seg=0.3318 semseg=0.2332 mard=1.9826 lambda=0.035898 box_extra=1 mask_extra=1 FG/HBG/EBG=32/256/1280 fallback=0 rel=0.900/0.762/0.961 wmean=1.000 grad_preclip=35.61
[E30] batch=140/153 pseudo=3 loss=2.9157 seg=0.2944 semseg=0.1548 mard=2.0896 lambda=0.036131 box_extra=1 mask_extra=0 FG/HBG/EBG=24/192/960 fallback=0 rel=0.912/0.859/0.947 wmean=1.000 grad_preclip=26.79
[E30] batch=153/153 pseudo=4 loss=20.2572 seg=0.9012 semseg=3.0066 mard=1.9523 lambda=0.020393 box_extra=1 mask_extra=1 FG/HBG/EBG=32/256/1280 fallback=0 rel=0.813/0.750/0.928 wmean=1.000 grad_preclip=152.01

[Epoch 30] DONE time=31.8s valid=153 skipped=0 pseudo=531 anchors=467 box_extra=90 mask_extra=64 reject_rel=26 loss=6.0572 seg=0.5336 semseg=0.4613 mard=2.0234 lambda_avg=0.031813 FG/HBG/EBG=27.8/219.6/1072.9 rel=0.879/0.660/0.969 wmean=1.000
[SAVE] /home/dang/MedRT-SFOD/runs/seg/ablation/k2c_maskdhf_segmard_v2_60ep/checkpoints/dense_sfseg_epoch_30.pt
[E31] batch=001/153 pseudo=5 loss=5.4241 seg=0.3562 semseg=0.1300 mard=2.0572 lambda=0.030248 box_extra=0 mask_extra=0 FG/HBG/EBG=40/256/1280 fallback=0 rel=0.874/0.783/0.933 wmean=1.000 grad_preclip=40.20
[E31] batch=020/153 pseudo=4 loss=3.4171 seg=0.2363 semseg=0.1851 mard=1.9753 lambda=0.034106 box_extra=0 mask_extra=0 FG/HBG/EBG=32/256/1280 fallback=0 rel=0.900/0.823/0.959 wmean=1.000 grad_preclip=36.91
[E31] batch=040/153 pseudo=4 loss=3.7448 seg=0.3072 semseg=0.1216 mard=2.0150 lambda=0.039647 box_extra=1 mask_extra=1 FG/HBG/EBG=32/256/1280 fallback=0 rel=0.923/0.846/0.964 wmean=1.000 grad_preclip=27.07
[E31] batch=060/153 pseudo=4 loss=8.6615 seg=0.8646 semseg=0.2867 mard=1.9771 lambda=0.027312 box_extra=0 mask_extra=0 FG/HBG/EBG=32/256/1280 fallback=0 rel=0.853/0.762/0.931 wmean=1.000 grad_preclip=240.94
[E31] batch=080/153 pseudo=3 loss=4.2967 seg=0.4334 semseg=0.3556 mard=1.9662 lambda=0.034986 box_extra=2 mask_extra=1 FG/HBG/EBG=24/192/960 fallback=0 rel=0.907/0.828/0.953 wmean=1.000 grad_preclip=34.09
[E31] batch=100/153 pseudo=1 loss=1.7191 seg=0.1710 semseg=0.6924 mard=2.0727 lambda=0.033060 box_extra=0 mask_extra=0 FG/HBG/EBG=8/64/320 fallback=0 rel=0.896/0.896/0.896 wmean=1.000 grad_preclip=17.15
[E31] batch=120/153 pseudo=4 loss=8.0467 seg=0.6154 semseg=0.3785 mard=2.0636 lambda=0.020177 box_extra=2 mask_extra=2 FG/HBG/EBG=32/256/1280 fallback=0 rel=0.812/0.725/0.939 wmean=1.000 grad_preclip=89.71
[E31] batch=140/153 pseudo=4 loss=6.7623 seg=0.4773 semseg=0.4613 mard=1.9616 lambda=0.027428 box_extra=0 mask_extra=0 FG/HBG/EBG=32/256/1280 fallback=0 rel=0.855/0.691/0.941 wmean=1.000 grad_preclip=162.64
[E31] batch=153/153 pseudo=3 loss=4.6059 seg=0.4147 semseg=0.2877 mard=1.9920 lambda=0.033564 box_extra=0 mask_extra=0 FG/HBG/EBG=24/192/960 fallback=0 rel=0.879/0.861/0.910 wmean=1.000 grad_preclip=39.58

[Epoch 31] DONE time=31.9s valid=153 skipped=0 pseudo=534 anchors=474 box_extra=82 mask_extra=60 reject_rel=22 loss=6.1064 seg=0.5079 semseg=0.4967 mard=2.0234 lambda_avg=0.031784 FG/HBG/EBG=27.9/220.0/1072.5 rel=0.881/0.675/0.969 wmean=1.000
[E32] batch=001/153 pseudo=4 loss=3.7597 seg=0.3963 semseg=0.1030 mard=2.0385 lambda=0.034557 box_extra=2 mask_extra=2 FG/HBG/EBG=32/256/1280 fallback=0 rel=0.896/0.823/0.947 wmean=1.000 grad_preclip=19.85
[E32] batch=020/153 pseudo=4 loss=3.9734 seg=0.3732 semseg=0.1428 mard=1.9816 lambda=0.026028 box_extra=1 mask_extra=1 FG/HBG/EBG=32/256/896 fallback=0 rel=0.844/0.707/0.944 wmean=1.000 grad_preclip=25.59
[E32] batch=040/153 pseudo=1 loss=11.4502 seg=0.9851 semseg=5.8716 mard=2.1388 lambda=0.001690 box_extra=0 mask_extra=0 FG/HBG/EBG=8/64/320 fallback=0 rel=0.697/0.697/0.697 wmean=1.000 grad_preclip=286.49
[E32] batch=060/153 pseudo=3 loss=9.0788 seg=1.5300 semseg=0.5295 mard=2.0381 lambda=0.013424 box_extra=2 mask_extra=1 FG/HBG/EBG=24/128/640 fallback=0 rel=0.747/0.675/0.830 wmean=1.000 grad_preclip=145.71
[E32] batch=080/153 pseudo=3 loss=4.5805 seg=0.4507 semseg=0.2246 mard=1.9962 lambda=0.033088 box_extra=1 mask_extra=1 FG/HBG/EBG=24/192/960 fallback=0 rel=0.888/0.850/0.940 wmean=1.000 grad_preclip=56.05
[E32] batch=100/153 pseudo=4 loss=4.5178 seg=0.2884 semseg=0.3081 mard=1.9853 lambda=0.030088 box_extra=1 mask_extra=1 FG/HBG/EBG=32/256/1280 fallback=0 rel=0.875/0.778/0.936 wmean=1.000 grad_preclip=25.10
[E32] batch=120/153 pseudo=3 loss=3.3253 seg=0.2844 semseg=0.1520 mard=2.0297 lambda=0.038018 box_extra=1 mask_extra=1 FG/HBG/EBG=24/192/960 fallback=0 rel=0.919/0.878/0.942 wmean=1.000 grad_preclip=39.64
[E32] batch=140/153 pseudo=4 loss=4.0501 seg=0.3145 semseg=0.1412 mard=1.9920 lambda=0.030186 box_extra=0 mask_extra=0 FG/HBG/EBG=32/256/1280 fallback=0 rel=0.871/0.694/0.946 wmean=1.000 grad_preclip=36.74
[E32] batch=153/153 pseudo=4 loss=11.4185 seg=0.6259 semseg=1.0075 mard=2.0010 lambda=0.013221 box_extra=3 mask_extra=2 FG/HBG/EBG=32/256/1280 fallback=0 rel=0.767/0.709/0.849 wmean=1.000 grad_preclip=375.00

[Epoch 32] DONE time=31.9s valid=153 skipped=0 pseudo=534 anchors=475 box_extra=85 mask_extra=59 reject_rel=26 loss=5.6065 seg=0.4864 semseg=0.4387 mard=2.0216 lambda_avg=0.031575 FG/HBG/EBG=27.9/220.4/1069.6 rel=0.879/0.675/0.969 wmean=1.000
[E33] batch=001/153 pseudo=4 loss=6.7978 seg=0.4983 semseg=0.2435 mard=2.0015 lambda=0.021934 box_extra=0 mask_extra=0 FG/HBG/EBG=32/256/1280 fallback=0 rel=0.825/0.758/0.922 wmean=1.000 grad_preclip=43.27
[E33] batch=020/153 pseudo=2 loss=2.9532 seg=0.4822 semseg=0.1947 mard=2.0334 lambda=0.041889 box_extra=0 mask_extra=0 FG/HBG/EBG=16/128/640 fallback=0 rel=0.931/0.913/0.949 wmean=1.000 grad_preclip=40.45
[E33] batch=040/153 pseudo=4 loss=11.6355 seg=0.9095 semseg=0.9915 mard=2.0472 lambda=0.019088 box_extra=0 mask_extra=0 FG/HBG/EBG=32/256/1280 fallback=0 rel=0.797/0.669/0.966 wmean=1.000 grad_preclip=372.62
[E33] batch=060/153 pseudo=4 loss=3.9916 seg=0.3965 semseg=0.1450 mard=2.0074 lambda=0.035858 box_extra=0 mask_extra=0 FG/HBG/EBG=32/256/1280 fallback=0 rel=0.907/0.867/0.946 wmean=1.000 grad_preclip=43.11
[E33] batch=080/153 pseudo=4 loss=6.5215 seg=0.4654 semseg=1.0482 mard=2.0257 lambda=0.035495 box_extra=1 mask_extra=1 FG/HBG/EBG=32/256/896 fallback=0 rel=0.902/0.828/0.946 wmean=1.000 grad_preclip=91.08
[E33] batch=100/153 pseudo=3 loss=6.4526 seg=0.8344 semseg=0.4124 mard=2.1296 lambda=0.025612 box_extra=0 mask_extra=0 FG/HBG/EBG=24/192/960 fallback=0 rel=0.835/0.736/0.908 wmean=1.000 grad_preclip=46.68
[E33] batch=120/153 pseudo=3 loss=5.4579 seg=0.5512 semseg=0.5798 mard=2.0154 lambda=0.037667 box_extra=0 mask_extra=0 FG/HBG/EBG=24/192/960 fallback=0 rel=0.918/0.867/0.951 wmean=1.000 grad_preclip=50.88
[E33] batch=140/153 pseudo=4 loss=8.3235 seg=0.6892 semseg=0.6471 mard=2.0310 lambda=0.034736 box_extra=0 mask_extra=0 FG/HBG/EBG=32/256/1280 fallback=0 rel=0.894/0.778/0.944 wmean=1.000 grad_preclip=120.03
[E33] batch=153/153 pseudo=5 loss=4.0307 seg=0.4005 semseg=0.1685 mard=2.0108 lambda=0.030820 box_extra=2 mask_extra=1 FG/HBG/EBG=40/256/896 fallback=0 rel=0.872/0.784/0.957 wmean=1.000 grad_preclip=35.30

[Epoch 33] DONE time=32.1s valid=153 skipped=0 pseudo=539 anchors=480 box_extra=80 mask_extra=59 reject_rel=21 loss=5.9511 seg=0.5316 semseg=0.4482 mard=2.0267 lambda_avg=0.031537 FG/HBG/EBG=28.2/223.4/1086.7 rel=0.879/0.660/0.969 wmean=1.000
[E34] batch=001/153 pseudo=4 loss=5.5113 seg=0.4129 semseg=0.2282 mard=1.9840 lambda=0.016508 box_extra=0 mask_extra=0 FG/HBG/EBG=32/256/1280 fallback=0 rel=0.796/0.748/0.845 wmean=1.000 grad_preclip=31.63
[E34] batch=020/153 pseudo=3 loss=2.6137 seg=0.2551 semseg=0.1006 mard=2.0310 lambda=0.040766 box_extra=0 mask_extra=0 FG/HBG/EBG=24/192/960 fallback=0 rel=0.936/0.917/0.948 wmean=1.000 grad_preclip=21.22
[E34] batch=040/153 pseudo=3 loss=10.3016 seg=1.1912 semseg=0.6014 mard=2.0759 lambda=0.022034 box_extra=0 mask_extra=0 FG/HBG/EBG=24/192/960 fallback=0 rel=0.822/0.752/0.897 wmean=1.000 grad_preclip=91.20
[E34] batch=060/153 pseudo=3 loss=3.5526 seg=0.3127 semseg=0.1648 mard=2.0768 lambda=0.042504 box_extra=0 mask_extra=0 FG/HBG/EBG=24/192/960 fallback=0 rel=0.940/0.928/0.947 wmean=1.000 grad_preclip=111.93
[E34] batch=080/153 pseudo=4 loss=4.4190 seg=0.2783 semseg=0.1767 mard=1.9681 lambda=0.030549 box_extra=0 mask_extra=0 FG/HBG/EBG=32/256/1280 fallback=0 rel=0.875/0.741/0.965 wmean=1.000 grad_preclip=29.08
[E34] batch=100/153 pseudo=3 loss=9.7391 seg=0.9725 semseg=1.2308 mard=1.9898 lambda=0.010236 box_extra=1 mask_extra=1 FG/HBG/EBG=24/192/960 fallback=0 rel=0.749/0.706/0.786 wmean=1.000 grad_preclip=103.10
[E34] batch=120/153 pseudo=4 loss=4.9846 seg=0.2294 semseg=0.1405 mard=2.1017 lambda=0.031312 box_extra=0 mask_extra=0 FG/HBG/EBG=32/256/1280 fallback=0 rel=0.881/0.812/0.922 wmean=1.000 grad_preclip=73.57
[E34] batch=140/153 pseudo=3 loss=1.9666 seg=0.2322 semseg=0.1141 mard=2.0083 lambda=0.040714 box_extra=1 mask_extra=0 FG/HBG/EBG=24/192/960 fallback=0 rel=0.935/0.918/0.946 wmean=1.000 grad_preclip=20.83
[E34] batch=153/153 pseudo=3 loss=8.3273 seg=1.6505 semseg=1.2048 mard=2.0967 lambda=0.024967 box_extra=2 mask_extra=0 FG/HBG/EBG=24/128/640 fallback=0 rel=0.836/0.760/0.934 wmean=1.000 grad_preclip=70.20

[Epoch 34] DONE time=32.0s valid=153 skipped=0 pseudo=538 anchors=479 box_extra=75 mask_extra=59 reject_rel=16 loss=5.8483 seg=0.5002 semseg=0.4811 mard=2.0284 lambda_avg=0.031375 FG/HBG/EBG=28.1/220.9/1074.2 rel=0.878/0.674/0.969 wmean=1.000
[E35] batch=001/153 pseudo=4 loss=9.4348 seg=0.3537 semseg=1.0264 mard=2.0598 lambda=0.024065 box_extra=0 mask_extra=0 FG/HBG/EBG=32/256/1280 fallback=0 rel=0.835/0.695/0.937 wmean=1.000 grad_preclip=41.03
[E35] batch=020/153 pseudo=2 loss=2.5315 seg=0.5052 semseg=0.2019 mard=2.1280 lambda=0.037412 box_extra=0 mask_extra=0 FG/HBG/EBG=16/128/640 fallback=0 rel=0.906/0.905/0.906 wmean=1.000 grad_preclip=31.13
[E35] batch=040/153 pseudo=3 loss=15.7564 seg=2.0809 semseg=1.6867 mard=2.0242 lambda=0.027228 box_extra=1 mask_extra=1 FG/HBG/EBG=24/192/960 fallback=0 rel=0.839/0.782/0.941 wmean=1.000 grad_preclip=147.17
[E35] batch=060/153 pseudo=4 loss=8.9571 seg=0.9979 semseg=0.4071 mard=2.0153 lambda=0.035527 box_extra=0 mask_extra=0 FG/HBG/EBG=32/256/1280 fallback=0 rel=0.892/0.797/0.947 wmean=1.000 grad_preclip=82.75
[E35] batch=080/153 pseudo=3 loss=3.0673 seg=0.2074 semseg=0.1539 mard=1.9640 lambda=0.037234 box_extra=1 mask_extra=0 FG/HBG/EBG=24/192/960 fallback=0 rel=0.915/0.855/0.958 wmean=1.000 grad_preclip=51.26
[E35] batch=100/153 pseudo=2 loss=3.3449 seg=0.6943 semseg=0.4212 mard=2.0849 lambda=0.030864 box_extra=0 mask_extra=0 FG/HBG/EBG=16/128/640 fallback=0 rel=0.870/0.820/0.921 wmean=1.000 grad_preclip=18.82
[E35] batch=120/153 pseudo=2 loss=3.2264 seg=0.3736 semseg=0.1830 mard=2.1282 lambda=0.028202 box_extra=0 mask_extra=0 FG/HBG/EBG=16/128/640 fallback=0 rel=0.858/0.759/0.956 wmean=1.000 grad_preclip=25.18
[E35] batch=140/153 pseudo=4 loss=7.7064 seg=0.7901 semseg=0.2575 mard=1.9847 lambda=0.033162 box_extra=0 mask_extra=0 FG/HBG/EBG=32/256/1280 fallback=0 rel=0.885/0.774/0.934 wmean=1.000 grad_preclip=91.29
[E35] batch=153/153 pseudo=2 loss=2.2688 seg=0.4205 semseg=0.1885 mard=1.9909 lambda=0.033840 box_extra=0 mask_extra=0 FG/HBG/EBG=16/128/640 fallback=0 rel=0.893/0.868/0.918 wmean=1.000 grad_preclip=19.17

[Epoch 35] DONE time=31.9s valid=153 skipped=0 pseudo=530 anchors=474 box_extra=83 mask_extra=56 reject_rel=27 loss=5.6295 seg=0.5157 semseg=0.4330 mard=2.0246 lambda_avg=0.031888 FG/HBG/EBG=27.7/217.1/1057.9 rel=0.880/0.673/0.969 wmean=1.000
[E36] batch=001/153 pseudo=3 loss=8.4690 seg=0.8304 semseg=1.2066 mard=1.9943 lambda=0.025874 box_extra=0 mask_extra=0 FG/HBG/EBG=24/192/960 fallback=0 rel=0.843/0.737/0.932 wmean=1.000 grad_preclip=118.52
[E36] batch=020/153 pseudo=4 loss=2.7708 seg=0.3469 semseg=0.1052 mard=2.0487 lambda=0.038182 box_extra=1 mask_extra=1 FG/HBG/EBG=32/256/896 fallback=0 rel=0.920/0.848/0.953 wmean=1.000 grad_preclip=15.45
[E36] batch=040/153 pseudo=3 loss=2.4878 seg=0.2302 semseg=0.0794 mard=1.9935 lambda=0.039630 box_extra=0 mask_extra=0 FG/HBG/EBG=24/192/960 fallback=0 rel=0.925/0.906/0.939 wmean=1.000 grad_preclip=20.31
[E36] batch=060/153 pseudo=4 loss=11.3741 seg=0.9304 semseg=1.5709 mard=1.9925 lambda=0.035948 box_extra=0 mask_extra=0 FG/HBG/EBG=32/256/896 fallback=0 rel=0.906/0.870/0.947 wmean=1.000 grad_preclip=111.66
[E36] batch=080/153 pseudo=3 loss=2.5931 seg=0.2106 semseg=0.1380 mard=1.9940 lambda=0.026520 box_extra=0 mask_extra=0 FG/HBG/EBG=24/192/960 fallback=0 rel=0.853/0.757/0.951 wmean=1.000 grad_preclip=18.72
[E36] batch=100/153 pseudo=4 loss=4.4591 seg=0.3678 semseg=0.1964 mard=2.0202 lambda=0.034013 box_extra=1 mask_extra=1 FG/HBG/EBG=32/256/1280 fallback=0 rel=0.894/0.811/0.937 wmean=1.000 grad_preclip=22.58
[E36] batch=120/153 pseudo=4 loss=3.7042 seg=0.1836 semseg=0.2295 mard=1.9848 lambda=0.039633 box_extra=0 mask_extra=0 FG/HBG/EBG=32/256/1280 fallback=0 rel=0.932/0.900/0.964 wmean=1.000 grad_preclip=69.73
[E36] batch=140/153 pseudo=4 loss=2.9321 seg=0.2107 semseg=0.0850 mard=2.0554 lambda=0.039759 box_extra=1 mask_extra=1 FG/HBG/EBG=32/256/1280 fallback=0 rel=0.931/0.905/0.957 wmean=1.000 grad_preclip=28.05
[E36] batch=153/153 pseudo=3 loss=4.7249 seg=0.4171 semseg=0.3060 mard=2.0547 lambda=0.030709 box_extra=1 mask_extra=1 FG/HBG/EBG=24/192/960 fallback=0 rel=0.877/0.840/0.898 wmean=1.000 grad_preclip=28.38

[Epoch 36] DONE time=32.0s valid=153 skipped=0 pseudo=523 anchors=463 box_extra=90 mask_extra=60 reject_rel=30 loss=5.6439 seg=0.4964 semseg=0.4368 mard=2.0270 lambda_avg=0.032194 FG/HBG/EBG=27.3/215.8/1056.6 rel=0.882/0.659/0.969 wmean=1.000
[E37] batch=001/153 pseudo=4 loss=4.8726 seg=0.3552 semseg=0.2457 mard=2.0296 lambda=0.030390 box_extra=0 mask_extra=0 FG/HBG/EBG=32/256/1280 fallback=0 rel=0.871/0.702/0.952 wmean=1.000 grad_preclip=25.17
[E37] batch=020/153 pseudo=5 loss=4.3648 seg=0.2158 semseg=0.1078 mard=1.9864 lambda=0.028190 box_extra=2 mask_extra=2 FG/HBG/EBG=40/320/1216 fallback=0 rel=0.861/0.742/0.951 wmean=1.000 grad_preclip=25.75
[E37] batch=040/153 pseudo=4 loss=8.8093 seg=0.7817 semseg=0.3364 mard=1.9941 lambda=0.024143 box_extra=1 mask_extra=1 FG/HBG/EBG=32/256/1280 fallback=0 rel=0.828/0.755/0.885 wmean=1.000 grad_preclip=128.72
[E37] batch=060/153 pseudo=4 loss=2.8940 seg=0.2487 semseg=0.1019 mard=2.0105 lambda=0.037857 box_extra=0 mask_extra=0 FG/HBG/EBG=32/256/1280 fallback=0 rel=0.916/0.887/0.958 wmean=1.000 grad_preclip=24.48
[E37] batch=080/153 pseudo=3 loss=5.7726 seg=0.4188 semseg=0.2429 mard=2.0539 lambda=0.038837 box_extra=0 mask_extra=0 FG/HBG/EBG=24/192/960 fallback=0 rel=0.916/0.868/0.951 wmean=1.000 grad_preclip=61.50
[E37] batch=100/153 pseudo=4 loss=4.6571 seg=0.3479 semseg=0.1770 mard=2.0012 lambda=0.031058 box_extra=0 mask_extra=0 FG/HBG/EBG=32/256/1280 fallback=0 rel=0.873/0.758/0.925 wmean=1.000 grad_preclip=28.12
[E37] batch=120/153 pseudo=4 loss=3.8946 seg=0.2373 semseg=0.1123 mard=2.0374 lambda=0.038435 box_extra=0 mask_extra=0 FG/HBG/EBG=32/256/1280 fallback=0 rel=0.921/0.849/0.963 wmean=1.000 grad_preclip=24.71
[E37] batch=140/153 pseudo=4 loss=14.7813 seg=0.9547 semseg=1.9855 mard=2.0196 lambda=0.035140 box_extra=0 mask_extra=0 FG/HBG/EBG=32/256/1280 fallback=0 rel=0.892/0.843/0.929 wmean=1.000 grad_preclip=237.21
[E37] batch=153/153 pseudo=4 loss=4.6410 seg=0.4635 semseg=0.3035 mard=1.9663 lambda=0.019046 box_extra=1 mask_extra=1 FG/HBG/EBG=32/256/896 fallback=0 rel=0.805/0.701/0.893 wmean=1.000 grad_preclip=31.48

[Epoch 37] DONE time=32.0s valid=153 skipped=0 pseudo=542 anchors=483 box_extra=84 mask_extra=59 reject_rel=25 loss=5.6375 seg=0.4934 semseg=0.3880 mard=2.0246 lambda_avg=0.031839 FG/HBG/EBG=28.3/223.4/1094.3 rel=0.880/0.663/0.969 wmean=1.000
[E38] batch=001/153 pseudo=4 loss=4.8663 seg=0.3053 semseg=0.1873 mard=1.9461 lambda=0.036926 box_extra=1 mask_extra=1 FG/HBG/EBG=32/256/1280 fallback=0 rel=0.913/0.866/0.950 wmean=1.000 grad_preclip=70.05
[E38] batch=020/153 pseudo=4 loss=7.1370 seg=0.5080 semseg=0.5258 mard=1.9800 lambda=0.024577 box_extra=0 mask_extra=0 FG/HBG/EBG=32/256/896 fallback=0 rel=0.840/0.741/0.907 wmean=1.000 grad_preclip=102.28
[E38] batch=040/153 pseudo=3 loss=2.5248 seg=0.3234 semseg=0.1143 mard=2.0515 lambda=0.030280 box_extra=0 mask_extra=0 FG/HBG/EBG=24/192/960 fallback=0 rel=0.877/0.800/0.950 wmean=1.000 grad_preclip=24.89
[E38] batch=060/153 pseudo=3 loss=12.2966 seg=0.2255 semseg=2.1321 mard=1.9671 lambda=0.034870 box_extra=0 mask_extra=0 FG/HBG/EBG=24/192/960 fallback=0 rel=0.904/0.874/0.942 wmean=1.000 grad_preclip=69.18
[E38] batch=080/153 pseudo=4 loss=10.4530 seg=0.3569 semseg=1.0162 mard=2.0030 lambda=0.032702 box_extra=0 mask_extra=0 FG/HBG/EBG=32/256/1280 fallback=0 rel=0.893/0.841/0.947 wmean=1.000 grad_preclip=170.36
[E38] batch=100/153 pseudo=3 loss=4.2606 seg=0.4652 semseg=0.2129 mard=2.0551 lambda=0.030636 box_extra=2 mask_extra=1 FG/HBG/EBG=24/192/960 fallback=0 rel=0.866/0.786/0.933 wmean=1.000 grad_preclip=31.61
[E38] batch=120/153 pseudo=4 loss=5.4449 seg=0.5354 semseg=0.2391 mard=2.0564 lambda=0.021579 box_extra=0 mask_extra=0 FG/HBG/EBG=32/256/1280 fallback=0 rel=0.803/0.714/0.943 wmean=1.000 grad_preclip=35.57
[E38] batch=140/153 pseudo=3 loss=6.0005 seg=0.6108 semseg=0.3426 mard=2.0133 lambda=0.026929 box_extra=1 mask_extra=0 FG/HBG/EBG=24/192/960 fallback=0 rel=0.858/0.747/0.925 wmean=1.000 grad_preclip=65.05
[E38] batch=153/153 pseudo=4 loss=2.9083 seg=0.1687 semseg=0.0675 mard=2.0057 lambda=0.041260 box_extra=0 mask_extra=0 FG/HBG/EBG=32/256/1280 fallback=0 rel=0.941/0.900/0.958 wmean=1.000 grad_preclip=76.72

[Epoch 38] DONE time=32.1s valid=153 skipped=0 pseudo=533 anchors=484 box_extra=76 mask_extra=49 reject_rel=27 loss=5.6835 seg=0.5142 semseg=0.4535 mard=2.0255 lambda_avg=0.031945 FG/HBG/EBG=27.9/219.6/1067.9 rel=0.881/0.660/0.969 wmean=1.000
[E39] batch=001/153 pseudo=4 loss=7.7466 seg=0.6348 semseg=0.3503 mard=2.0800 lambda=0.028573 box_extra=1 mask_extra=1 FG/HBG/EBG=32/256/1280 fallback=0 rel=0.865/0.781/0.940 wmean=1.000 grad_preclip=45.01
[E39] batch=020/153 pseudo=5 loss=7.4232 seg=0.5770 semseg=0.2357 mard=2.0192 lambda=0.021082 box_extra=1 mask_extra=1 FG/HBG/EBG=40/320/1216 fallback=0 rel=0.814/0.691/0.945 wmean=1.000 grad_preclip=49.98
[E39] batch=040/153 pseudo=4 loss=4.2722 seg=0.2977 semseg=0.2388 mard=1.9880 lambda=0.029646 box_extra=0 mask_extra=0 FG/HBG/EBG=32/256/1280 fallback=0 rel=0.869/0.737/0.952 wmean=1.000 grad_preclip=28.66
[E39] batch=060/153 pseudo=3 loss=6.0566 seg=0.8892 semseg=0.2999 mard=2.0190 lambda=0.035904 box_extra=1 mask_extra=0 FG/HBG/EBG=24/192/960 fallback=0 rel=0.900/0.876/0.931 wmean=1.000 grad_preclip=68.87
[E39] batch=080/153 pseudo=3 loss=2.6624 seg=0.2039 semseg=0.1820 mard=1.9840 lambda=0.035933 box_extra=0 mask_extra=0 FG/HBG/EBG=24/192/960 fallback=0 rel=0.913/0.847/0.960 wmean=1.000 grad_preclip=22.69
[E39] batch=100/153 pseudo=4 loss=7.1965 seg=0.4210 semseg=0.2977 mard=1.9377 lambda=0.029661 box_extra=2 mask_extra=2 FG/HBG/EBG=32/256/1280 fallback=0 rel=0.867/0.753/0.958 wmean=1.000 grad_preclip=86.40
[E39] batch=120/153 pseudo=4 loss=4.2218 seg=0.2208 semseg=0.1099 mard=1.9857 lambda=0.035939 box_extra=1 mask_extra=1 FG/HBG/EBG=32/256/1280 fallback=0 rel=0.908/0.878/0.928 wmean=1.000 grad_preclip=45.16
[E39] batch=140/153 pseudo=5 loss=7.2978 seg=0.2924 semseg=1.0636 mard=2.0310 lambda=0.027289 box_extra=0 mask_extra=0 FG/HBG/EBG=40/320/1216 fallback=0 rel=0.861/0.735/0.937 wmean=1.000 grad_preclip=141.06
[E39] batch=153/153 pseudo=4 loss=5.8860 seg=0.4871 semseg=0.2519 mard=1.9752 lambda=0.027881 box_extra=1 mask_extra=1 FG/HBG/EBG=32/256/1280 fallback=0 rel=0.858/0.750/0.952 wmean=1.000 grad_preclip=45.20

[Epoch 39] DONE time=32.0s valid=153 skipped=0 pseudo=534 anchors=478 box_extra=80 mask_extra=56 reject_rel=24 loss=5.5626 seg=0.5033 semseg=0.3882 mard=2.0216 lambda_avg=0.031795 FG/HBG/EBG=27.9/219.2/1068.3 rel=0.879/0.660/0.969 wmean=1.000
[E40] batch=001/153 pseudo=4 loss=5.2781 seg=0.3201 semseg=0.1897 mard=2.0729 lambda=0.027019 box_extra=0 mask_extra=0 FG/HBG/EBG=32/256/1280 fallback=0 rel=0.849/0.759/0.947 wmean=1.000 grad_preclip=40.53
[E40] batch=020/153 pseudo=3 loss=3.2709 seg=0.2809 semseg=0.0946 mard=2.0482 lambda=0.026967 box_extra=0 mask_extra=0 FG/HBG/EBG=24/192/960 fallback=0 rel=0.854/0.702/0.953 wmean=1.000 grad_preclip=20.47
[E40] batch=040/153 pseudo=3 loss=3.3815 seg=0.3715 semseg=0.2424 mard=2.0139 lambda=0.033308 box_extra=0 mask_extra=0 FG/HBG/EBG=24/192/960 fallback=0 rel=0.893/0.809/0.937 wmean=1.000 grad_preclip=23.00
[E40] batch=060/153 pseudo=2 loss=4.8762 seg=0.4463 semseg=0.3605 mard=2.0980 lambda=0.034926 box_extra=0 mask_extra=0 FG/HBG/EBG=16/128/640 fallback=0 rel=0.897/0.836/0.958 wmean=1.000 grad_preclip=42.38
[E40] batch=080/153 pseudo=2 loss=2.4858 seg=0.4247 semseg=0.1450 mard=2.0994 lambda=0.033391 box_extra=0 mask_extra=0 FG/HBG/EBG=16/128/640 fallback=0 rel=0.888/0.842/0.934 wmean=1.000 grad_preclip=22.57
[E40] batch=100/153 pseudo=4 loss=2.6363 seg=0.1611 semseg=0.0622 mard=1.9972 lambda=0.034926 box_extra=1 mask_extra=1 FG/HBG/EBG=32/256/1280 fallback=0 rel=0.908/0.847/0.953 wmean=1.000 grad_preclip=25.93
[E40] batch=120/153 pseudo=4 loss=5.0159 seg=0.4139 semseg=0.1556 mard=1.9877 lambda=0.039110 box_extra=0 mask_extra=0 FG/HBG/EBG=32/256/1280 fallback=0 rel=0.921/0.867/0.940 wmean=1.000 grad_preclip=37.75
[E40] batch=140/153 pseudo=3 loss=6.3439 seg=0.5213 semseg=0.4864 mard=2.0761 lambda=0.024126 box_extra=1 mask_extra=1 FG/HBG/EBG=24/192/960 fallback=0 rel=0.833/0.719/0.941 wmean=1.000 grad_preclip=66.70
[E40] batch=153/153 pseudo=5 loss=9.7644 seg=0.4674 semseg=1.1716 mard=2.0207 lambda=0.040590 box_extra=1 mask_extra=1 FG/HBG/EBG=40/320/1216 fallback=0 rel=0.934/0.884/0.960 wmean=1.000 grad_preclip=121.85

[Epoch 40] DONE time=31.9s valid=153 skipped=0 pseudo=537 anchors=483 box_extra=76 mask_extra=54 reject_rel=22 loss=5.6773 seg=0.4856 semseg=0.4362 mard=2.0286 lambda_avg=0.032166 FG/HBG/EBG=28.1/221.7/1075.9 rel=0.882/0.682/0.969 wmean=1.000
[SAVE] /home/dang/MedRT-SFOD/runs/seg/ablation/k2c_maskdhf_segmard_v2_60ep/checkpoints/dense_sfseg_epoch_40.pt
[E41] batch=001/153 pseudo=4 loss=5.5297 seg=0.4472 semseg=0.3643 mard=2.0185 lambda=0.022809 box_extra=0 mask_extra=0 FG/HBG/EBG=32/256/1280 fallback=0 rel=0.818/0.683/0.956 wmean=1.000 grad_preclip=63.74
[E41] batch=020/153 pseudo=3 loss=3.8989 seg=0.4784 semseg=0.2351 mard=1.9858 lambda=0.033235 box_extra=0 mask_extra=0 FG/HBG/EBG=24/192/960 fallback=0 rel=0.889/0.780/0.952 wmean=1.000 grad_preclip=41.60
[E41] batch=040/153 pseudo=3 loss=3.7420 seg=0.3806 semseg=0.1726 mard=1.9906 lambda=0.038401 box_extra=1 mask_extra=1 FG/HBG/EBG=24/192/960 fallback=0 rel=0.927/0.895/0.969 wmean=1.000 grad_preclip=35.24
[E41] batch=060/153 pseudo=3 loss=5.7812 seg=0.6840 semseg=0.2623 mard=2.0429 lambda=0.028804 box_extra=0 mask_extra=0 FG/HBG/EBG=24/192/960 fallback=0 rel=0.868/0.803/0.926 wmean=1.000 grad_preclip=59.66
[E41] batch=080/153 pseudo=4 loss=4.9107 seg=0.2293 semseg=0.4851 mard=2.0370 lambda=0.029697 box_extra=0 mask_extra=0 FG/HBG/EBG=32/256/1280 fallback=0 rel=0.868/0.689/0.954 wmean=1.000 grad_preclip=71.08
[E41] batch=100/153 pseudo=3 loss=2.1870 seg=0.2413 semseg=0.0830 mard=2.0044 lambda=0.042134 box_extra=0 mask_extra=0 FG/HBG/EBG=24/192/960 fallback=0 rel=0.943/0.913/0.968 wmean=1.000 grad_preclip=14.11
[E41] batch=120/153 pseudo=5 loss=6.5420 seg=0.3974 semseg=0.5158 mard=2.0953 lambda=0.028031 box_extra=0 mask_extra=0 FG/HBG/EBG=40/320/1216 fallback=0 rel=0.856/0.704/0.951 wmean=1.000 grad_preclip=46.00
[E41] batch=140/153 pseudo=3 loss=3.1548 seg=0.2833 semseg=0.1795 mard=1.9493 lambda=0.037957 box_extra=1 mask_extra=1 FG/HBG/EBG=24/192/960 fallback=0 rel=0.922/0.880/0.951 wmean=1.000 grad_preclip=23.37
[E41] batch=153/153 pseudo=4 loss=4.4336 seg=0.5305 semseg=0.2840 mard=1.9853 lambda=0.034634 box_extra=3 mask_extra=2 FG/HBG/EBG=32/256/896 fallback=0 rel=0.893/0.832/0.949 wmean=1.000 grad_preclip=45.24

[Epoch 41] DONE time=32.0s valid=153 skipped=0 pseudo=525 anchors=472 box_extra=82 mask_extra=53 reject_rel=29 loss=5.8142 seg=0.5327 semseg=0.4498 mard=2.0261 lambda_avg=0.032326 FG/HBG/EBG=27.5/217.5/1062.5 rel=0.882/0.660/0.969 wmean=1.000
[E42] batch=001/153 pseudo=2 loss=1.5660 seg=0.1840 semseg=0.1220 mard=2.0680 lambda=0.041113 box_extra=0 mask_extra=0 FG/HBG/EBG=16/128/640 fallback=0 rel=0.944/0.943/0.944 wmean=1.000 grad_preclip=20.37
[E42] batch=020/153 pseudo=3 loss=2.6513 seg=0.2832 semseg=0.1430 mard=2.0392 lambda=0.040054 box_extra=0 mask_extra=0 FG/HBG/EBG=24/192/960 fallback=0 rel=0.929/0.918/0.935 wmean=1.000 grad_preclip=26.39
[E42] batch=040/153 pseudo=1 loss=2.0166 seg=0.4473 semseg=0.2753 mard=2.0316 lambda=0.040579 box_extra=2 mask_extra=0 FG/HBG/EBG=8/64/320 fallback=0 rel=0.928/0.928/0.928 wmean=1.000 grad_preclip=13.67
[E42] batch=060/153 pseudo=3 loss=2.0192 seg=0.2209 semseg=0.1396 mard=2.0150 lambda=0.041211 box_extra=0 mask_extra=0 FG/HBG/EBG=24/192/960 fallback=0 rel=0.939/0.932/0.953 wmean=1.000 grad_preclip=21.60
[E42] batch=080/153 pseudo=3 loss=3.6976 seg=0.2860 semseg=0.2307 mard=2.0676 lambda=0.028356 box_extra=1 mask_extra=1 FG/HBG/EBG=24/192/960 fallback=0 rel=0.874/0.826/0.934 wmean=1.000 grad_preclip=24.96
[E42] batch=100/153 pseudo=4 loss=3.7308 seg=0.2535 semseg=0.1234 mard=2.0476 lambda=0.028615 box_extra=0 mask_extra=0 FG/HBG/EBG=32/256/1280 fallback=0 rel=0.866/0.743/0.961 wmean=1.000 grad_preclip=29.33
[E42] batch=120/153 pseudo=4 loss=4.2334 seg=0.1958 semseg=0.1001 mard=2.1016 lambda=0.033345 box_extra=1 mask_extra=1 FG/HBG/EBG=32/256/1280 fallback=0 rel=0.893/0.794/0.946 wmean=1.000 grad_preclip=80.88
[E42] batch=140/153 pseudo=3 loss=2.2371 seg=0.1906 semseg=0.1411 mard=2.0074 lambda=0.039269 box_extra=0 mask_extra=0 FG/HBG/EBG=24/192/960 fallback=0 rel=0.931/0.883/0.960 wmean=1.000 grad_preclip=24.55
[E42] batch=153/153 pseudo=4 loss=8.0562 seg=0.5535 semseg=0.2652 mard=2.0944 lambda=0.026271 box_extra=0 mask_extra=0 FG/HBG/EBG=32/256/1280 fallback=0 rel=0.850/0.774/0.909 wmean=1.000 grad_preclip=49.45

[Epoch 42] DONE time=32.0s valid=153 skipped=0 pseudo=532 anchors=473 box_extra=82 mask_extra=59 reject_rel=23 loss=5.4694 seg=0.4683 semseg=0.3947 mard=2.0224 lambda_avg=0.031732 FG/HBG/EBG=27.8/219.6/1072.9 rel=0.879/0.675/0.969 wmean=1.000
[E43] batch=001/153 pseudo=3 loss=3.5739 seg=0.2633 semseg=0.1516 mard=2.0032 lambda=0.033676 box_extra=0 mask_extra=0 FG/HBG/EBG=24/192/960 fallback=0 rel=0.904/0.862/0.951 wmean=1.000 grad_preclip=25.07
[E43] batch=020/153 pseudo=5 loss=13.5807 seg=0.9440 semseg=0.8525 mard=2.0133 lambda=0.020295 box_extra=1 mask_extra=1 FG/HBG/EBG=40/256/1280 fallback=0 rel=0.809/0.688/0.872 wmean=1.000 grad_preclip=100.66
[E43] batch=040/153 pseudo=2 loss=3.0537 seg=0.6960 semseg=0.2317 mard=2.0205 lambda=0.030492 box_extra=0 mask_extra=0 FG/HBG/EBG=16/128/640 fallback=0 rel=0.867/0.793/0.941 wmean=1.000 grad_preclip=16.53
[E43] batch=060/153 pseudo=4 loss=3.9972 seg=0.2820 semseg=0.1393 mard=1.9985 lambda=0.033423 box_extra=0 mask_extra=0 FG/HBG/EBG=32/256/1280 fallback=0 rel=0.889/0.793/0.942 wmean=1.000 grad_preclip=27.43
[E43] batch=080/153 pseudo=5 loss=3.6224 seg=0.3329 semseg=0.1758 mard=1.9881 lambda=0.033255 box_extra=0 mask_extra=0 FG/HBG/EBG=40/256/1280 fallback=0 rel=0.889/0.784/0.952 wmean=1.000 grad_preclip=28.19
[E43] batch=100/153 pseudo=3 loss=3.2503 seg=0.3107 semseg=0.1345 mard=2.0660 lambda=0.036249 box_extra=1 mask_extra=1 FG/HBG/EBG=24/192/960 fallback=0 rel=0.909/0.805/0.964 wmean=1.000 grad_preclip=27.92
[E43] batch=120/153 pseudo=4 loss=3.9646 seg=0.3194 semseg=0.1319 mard=2.0083 lambda=0.037932 box_extra=0 mask_extra=0 FG/HBG/EBG=32/256/1280 fallback=0 rel=0.917/0.884/0.961 wmean=1.000 grad_preclip=22.43
[E43] batch=140/153 pseudo=4 loss=4.8947 seg=0.4888 semseg=0.2428 mard=2.0836 lambda=0.038516 box_extra=0 mask_extra=0 FG/HBG/EBG=32/256/1280 fallback=0 rel=0.908/0.838/0.946 wmean=1.000 grad_preclip=22.28
[E43] batch=153/153 pseudo=4 loss=15.0126 seg=1.7864 semseg=0.7801 mard=2.0511 lambda=0.026350 box_extra=0 mask_extra=0 FG/HBG/EBG=32/256/1280 fallback=0 rel=0.843/0.730/0.942 wmean=1.000 grad_preclip=183.21

[Epoch 43] DONE time=31.9s valid=153 skipped=0 pseudo=528 anchors=479 box_extra=78 mask_extra=49 reject_rel=29 loss=5.2422 seg=0.4288 semseg=0.4226 mard=2.0203 lambda_avg=0.032053 FG/HBG/EBG=27.6/217.9/1059.6 rel=0.881/0.660/0.969 wmean=1.000
[E44] batch=001/153 pseudo=4 loss=3.4081 seg=0.3370 semseg=0.1111 mard=2.0823 lambda=0.044598 box_extra=0 mask_extra=0 FG/HBG/EBG=32/256/1280 fallback=0 rel=0.952/0.940/0.969 wmean=1.000 grad_preclip=17.28
[E44] batch=020/153 pseudo=3 loss=3.5027 seg=0.4475 semseg=0.1498 mard=2.0671 lambda=0.042602 box_extra=0 mask_extra=0 FG/HBG/EBG=24/192/960 fallback=0 rel=0.944/0.932/0.953 wmean=1.000 grad_preclip=23.12
[E44] batch=040/153 pseudo=4 loss=24.2450 seg=0.8700 semseg=3.3475 mard=2.0444 lambda=0.019868 box_extra=1 mask_extra=1 FG/HBG/EBG=32/256/1280 fallback=0 rel=0.810/0.765/0.919 wmean=1.000 grad_preclip=203.46
[E44] batch=060/153 pseudo=1 loss=0.9495 seg=0.1937 semseg=0.1727 mard=2.0216 lambda=0.043502 box_extra=2 mask_extra=0 FG/HBG/EBG=8/64/320 fallback=0 rel=0.952/0.952/0.952 wmean=1.000 grad_preclip=10.32
[E44] batch=080/153 pseudo=3 loss=2.3628 seg=0.2317 semseg=0.0897 mard=1.9800 lambda=0.039834 box_extra=0 mask_extra=0 FG/HBG/EBG=24/192/960 fallback=0 rel=0.927/0.914/0.947 wmean=1.000 grad_preclip=68.83
[E44] batch=100/153 pseudo=3 loss=7.1059 seg=0.8903 semseg=0.3509 mard=2.0067 lambda=0.015686 box_extra=1 mask_extra=0 FG/HBG/EBG=24/128/640 fallback=0 rel=0.768/0.724/0.839 wmean=1.000 grad_preclip=107.36
[E44] batch=120/153 pseudo=4 loss=4.1584 seg=0.2143 semseg=0.0968 mard=1.9543 lambda=0.035908 box_extra=1 mask_extra=1 FG/HBG/EBG=32/256/1280 fallback=0 rel=0.910/0.871/0.951 wmean=1.000 grad_preclip=43.00
[E44] batch=140/153 pseudo=3 loss=5.4102 seg=0.4576 semseg=0.2759 mard=2.0671 lambda=0.031188 box_extra=0 mask_extra=0 FG/HBG/EBG=24/192/960 fallback=0 rel=0.872/0.760/0.943 wmean=1.000 grad_preclip=38.60
[E44] batch=153/153 pseudo=3 loss=2.2024 seg=0.2643 semseg=0.1028 mard=2.0657 lambda=0.030415 box_extra=1 mask_extra=0 FG/HBG/EBG=24/192/960 fallback=0 rel=0.880/0.771/0.940 wmean=1.000 grad_preclip=20.84

[Epoch 44] DONE time=32.2s valid=153 skipped=0 pseudo=542 anchors=484 box_extra=81 mask_extra=58 reject_rel=23 loss=5.3191 seg=0.4602 semseg=0.3713 mard=2.0268 lambda_avg=0.031717 FG/HBG/EBG=28.3/224.2/1088.4 rel=0.880/0.660/0.969 wmean=1.000
[E45] batch=001/153 pseudo=3 loss=5.6920 seg=0.6317 semseg=0.3408 mard=2.0539 lambda=0.033614 box_extra=1 mask_extra=1 FG/HBG/EBG=24/192/960 fallback=0 rel=0.894/0.850/0.965 wmean=1.000 grad_preclip=46.41
[E45] batch=020/153 pseudo=3 loss=2.1651 seg=0.2155 semseg=0.0797 mard=1.9416 lambda=0.030104 box_extra=1 mask_extra=0 FG/HBG/EBG=24/192/960 fallback=0 rel=0.871/0.709/0.955 wmean=1.000 grad_preclip=27.79
[E45] batch=040/153 pseudo=4 loss=17.9165 seg=0.8956 semseg=1.6380 mard=2.0337 lambda=0.035303 box_extra=0 mask_extra=0 FG/HBG/EBG=32/256/1280 fallback=0 rel=0.906/0.826/0.940 wmean=1.000 grad_preclip=71.38
[E45] batch=060/153 pseudo=2 loss=1.1052 seg=0.1568 semseg=0.0473 mard=2.1218 lambda=0.038754 box_extra=1 mask_extra=1 FG/HBG/EBG=16/128/640 fallback=0 rel=0.929/0.894/0.964 wmean=1.000 grad_preclip=12.29
[E45] batch=080/153 pseudo=4 loss=3.0031 seg=0.1831 semseg=0.0788 mard=2.0334 lambda=0.037522 box_extra=0 mask_extra=0 FG/HBG/EBG=32/256/1280 fallback=0 rel=0.922/0.862/0.955 wmean=1.000 grad_preclip=32.28
[E45] batch=100/153 pseudo=2 loss=1.7150 seg=0.2628 semseg=0.1102 mard=2.0927 lambda=0.043821 box_extra=0 mask_extra=0 FG/HBG/EBG=16/128/640 fallback=0 rel=0.948/0.948/0.948 wmean=1.000 grad_preclip=21.27
[E45] batch=120/153 pseudo=4 loss=6.1110 seg=0.4565 semseg=0.1775 mard=1.9776 lambda=0.026482 box_extra=0 mask_extra=0 FG/HBG/EBG=32/256/1280 fallback=0 rel=0.848/0.788/0.941 wmean=1.000 grad_preclip=22.79
[E45] batch=140/153 pseudo=4 loss=4.3026 seg=0.3549 semseg=0.1377 mard=2.0586 lambda=0.036629 box_extra=1 mask_extra=1 FG/HBG/EBG=32/256/1280 fallback=0 rel=0.911/0.781/0.964 wmean=1.000 grad_preclip=21.44
[E45] batch=153/153 pseudo=4 loss=23.6394 seg=1.7772 semseg=2.2555 mard=2.0540 lambda=0.024729 box_extra=1 mask_extra=1 FG/HBG/EBG=32/256/1280 fallback=0 rel=0.839/0.717/0.948 wmean=1.000 grad_preclip=173.58

[Epoch 45] DONE time=31.9s valid=153 skipped=0 pseudo=534 anchors=484 box_extra=78 mask_extra=50 reject_rel=28 loss=5.1847 seg=0.4759 semseg=0.3408 mard=2.0212 lambda_avg=0.032115 FG/HBG/EBG=27.9/220.0/1072.5 rel=0.882/0.660/0.969 wmean=1.000
[E46] batch=001/153 pseudo=3 loss=1.9598 seg=0.1985 semseg=0.0781 mard=2.0624 lambda=0.034668 box_extra=0 mask_extra=0 FG/HBG/EBG=24/192/960 fallback=0 rel=0.900/0.819/0.948 wmean=1.000 grad_preclip=22.12
[E46] batch=020/153 pseudo=4 loss=8.6325 seg=0.2839 semseg=0.3377 mard=1.9715 lambda=0.030659 box_extra=1 mask_extra=1 FG/HBG/EBG=32/256/1280 fallback=0 rel=0.874/0.795/0.908 wmean=1.000 grad_preclip=77.78
[E46] batch=040/153 pseudo=3 loss=3.0550 seg=0.3829 semseg=0.2620 mard=2.0728 lambda=0.040243 box_extra=1 mask_extra=0 FG/HBG/EBG=24/192/960 fallback=0 rel=0.931/0.881/0.961 wmean=1.000 grad_preclip=28.81
[E46] batch=060/153 pseudo=2 loss=2.8373 seg=0.3626 semseg=0.2062 mard=1.9708 lambda=0.017120 box_extra=1 mask_extra=0 FG/HBG/EBG=16/128/640 fallback=0 rel=0.792/0.738/0.847 wmean=1.000 grad_preclip=29.50
[E46] batch=080/153 pseudo=4 loss=7.9401 seg=0.5851 semseg=0.2478 mard=2.0337 lambda=0.022566 box_extra=1 mask_extra=1 FG/HBG/EBG=32/256/1280 fallback=0 rel=0.827/0.755/0.886 wmean=1.000 grad_preclip=51.79
[E46] batch=100/153 pseudo=4 loss=9.5842 seg=0.6042 semseg=0.6246 mard=2.0096 lambda=0.032849 box_extra=0 mask_extra=0 FG/HBG/EBG=32/256/1280 fallback=0 rel=0.890/0.740/0.951 wmean=1.000 grad_preclip=36.18
[E46] batch=120/153 pseudo=4 loss=5.0097 seg=0.4591 semseg=0.1464 mard=1.9703 lambda=0.037942 box_extra=0 mask_extra=0 FG/HBG/EBG=32/256/1280 fallback=0 rel=0.909/0.885/0.937 wmean=1.000 grad_preclip=47.71
[E46] batch=140/153 pseudo=2 loss=1.3789 seg=0.1977 semseg=0.0615 mard=2.0694 lambda=0.037214 box_extra=0 mask_extra=0 FG/HBG/EBG=16/128/640 fallback=0 rel=0.920/0.902/0.939 wmean=1.000 grad_preclip=43.85
[E46] batch=153/153 pseudo=5 loss=3.7963 seg=0.3259 semseg=0.1464 mard=1.9872 lambda=0.034391 box_extra=1 mask_extra=1 FG/HBG/EBG=40/320/1216 fallback=0 rel=0.900/0.832/0.951 wmean=1.000 grad_preclip=25.06

[Epoch 46] DONE time=32.1s valid=153 skipped=0 pseudo=539 anchors=479 box_extra=78 mask_extra=60 reject_rel=18 loss=5.8970 seg=0.5123 semseg=0.4791 mard=2.0213 lambda_avg=0.031777 FG/HBG/EBG=28.2/222.5/1080.1 rel=0.880/0.665/0.969 wmean=1.000
[E47] batch=001/153 pseudo=3 loss=2.3993 seg=0.2435 semseg=0.1141 mard=2.0579 lambda=0.029195 box_extra=1 mask_extra=0 FG/HBG/EBG=24/192/960 fallback=0 rel=0.868/0.744/0.951 wmean=1.000 grad_preclip=26.56
[E47] batch=020/153 pseudo=4 loss=7.4061 seg=0.2506 semseg=0.7522 mard=1.9928 lambda=0.031358 box_extra=2 mask_extra=1 FG/HBG/EBG=32/256/1280 fallback=0 rel=0.885/0.839/0.952 wmean=1.000 grad_preclip=83.36
[E47] batch=040/153 pseudo=3 loss=7.9009 seg=1.1201 semseg=0.4318 mard=2.0427 lambda=0.038421 box_extra=1 mask_extra=1 FG/HBG/EBG=24/192/960 fallback=0 rel=0.917/0.855/0.953 wmean=1.000 grad_preclip=68.27
[E47] batch=060/153 pseudo=4 loss=19.9181 seg=0.7144 semseg=4.9096 mard=2.0411 lambda=0.034885 box_extra=0 mask_extra=0 FG/HBG/EBG=32/256/896 fallback=0 rel=0.902/0.791/0.957 wmean=1.000 grad_preclip=39.51
[E47] batch=080/153 pseudo=4 loss=3.5599 seg=0.2979 semseg=0.1512 mard=2.0269 lambda=0.029343 box_extra=1 mask_extra=1 FG/HBG/EBG=32/256/1280 fallback=0 rel=0.862/0.762/0.946 wmean=1.000 grad_preclip=22.90
[E47] batch=100/153 pseudo=3 loss=2.8198 seg=0.2083 semseg=0.0971 mard=2.0224 lambda=0.038692 box_extra=1 mask_extra=1 FG/HBG/EBG=24/192/960 fallback=0 rel=0.923/0.879/0.952 wmean=1.000 grad_preclip=18.67
[E47] batch=120/153 pseudo=4 loss=3.4894 seg=0.3961 semseg=0.1363 mard=1.9911 lambda=0.024745 box_extra=1 mask_extra=1 FG/HBG/EBG=32/256/896 fallback=0 rel=0.844/0.781/0.944 wmean=1.000 grad_preclip=21.88
[E47] batch=140/153 pseudo=4 loss=4.4186 seg=0.4167 semseg=0.2047 mard=2.0055 lambda=0.029147 box_extra=0 mask_extra=0 FG/HBG/EBG=32/256/1280 fallback=0 rel=0.861/0.794/0.958 wmean=1.000 grad_preclip=30.97
[E47] batch=153/153 pseudo=4 loss=8.8885 seg=0.6667 semseg=0.3159 mard=2.0459 lambda=0.030267 box_extra=1 mask_extra=1 FG/HBG/EBG=32/256/1280 fallback=0 rel=0.873/0.755/0.948 wmean=1.000 grad_preclip=92.50

[Epoch 47] DONE time=32.0s valid=153 skipped=0 pseudo=533 anchors=471 box_extra=89 mask_extra=62 reject_rel=27 loss=4.8782 seg=0.4420 semseg=0.3385 mard=2.0237 lambda_avg=0.031961 FG/HBG/EBG=27.9/220.0/1065.0 rel=0.882/0.684/0.969 wmean=1.000
[E48] batch=001/153 pseudo=1 loss=1.2019 seg=0.2880 semseg=0.1225 mard=2.0414 lambda=0.039917 box_extra=0 mask_extra=0 FG/HBG/EBG=8/64/320 fallback=0 rel=0.940/0.940/0.940 wmean=1.000 grad_preclip=17.05
[E48] batch=020/153 pseudo=2 loss=1.2170 seg=0.1705 semseg=0.0672 mard=2.1207 lambda=0.030090 box_extra=0 mask_extra=0 FG/HBG/EBG=16/128/640 fallback=0 rel=0.874/0.838/0.911 wmean=1.000 grad_preclip=15.50
[E48] batch=040/153 pseudo=4 loss=18.5331 seg=1.3169 semseg=2.4738 mard=2.0122 lambda=0.038494 box_extra=0 mask_extra=0 FG/HBG/EBG=32/256/1280 fallback=0 rel=0.917/0.847/0.949 wmean=1.000 grad_preclip=149.17
[E48] batch=060/153 pseudo=4 loss=4.0858 seg=0.2908 semseg=0.1782 mard=2.0107 lambda=0.039643 box_extra=0 mask_extra=0 FG/HBG/EBG=32/256/1280 fallback=0 rel=0.927/0.868/0.948 wmean=1.000 grad_preclip=30.37
[E48] batch=080/153 pseudo=4 loss=3.7292 seg=0.2332 semseg=0.1167 mard=2.0740 lambda=0.016548 box_extra=1 mask_extra=1 FG/HBG/EBG=32/256/1280 fallback=0 rel=0.802/0.738/0.855 wmean=1.000 grad_preclip=30.54
[E48] batch=100/153 pseudo=2 loss=2.3571 seg=0.3924 semseg=0.1436 mard=2.0268 lambda=0.022717 box_extra=2 mask_extra=1 FG/HBG/EBG=16/128/640 fallback=0 rel=0.832/0.762/0.902 wmean=1.000 grad_preclip=21.54
[E48] batch=120/153 pseudo=3 loss=6.6245 seg=0.6070 semseg=0.6456 mard=1.9865 lambda=0.022436 box_extra=1 mask_extra=1 FG/HBG/EBG=24/192/960 fallback=0 rel=0.821/0.713/0.949 wmean=1.000 grad_preclip=229.97
[E48] batch=140/153 pseudo=3 loss=5.5286 seg=0.6866 semseg=0.4495 mard=2.0283 lambda=0.022846 box_extra=3 mask_extra=1 FG/HBG/EBG=24/192/960 fallback=0 rel=0.818/0.760/0.886 wmean=1.000 grad_preclip=76.61
[E48] batch=153/153 pseudo=3 loss=2.7398 seg=0.1747 semseg=0.0754 mard=1.9753 lambda=0.041650 box_extra=0 mask_extra=0 FG/HBG/EBG=24/192/960 fallback=0 rel=0.943/0.925/0.958 wmean=1.000 grad_preclip=90.95

[Epoch 48] DONE time=32.0s valid=153 skipped=0 pseudo=531 anchors=476 box_extra=78 mask_extra=55 reject_rel=23 loss=5.4427 seg=0.4739 semseg=0.4060 mard=2.0277 lambda_avg=0.032286 FG/HBG/EBG=27.8/220.4/1069.6 rel=0.883/0.663/0.969 wmean=1.000
[E49] batch=001/153 pseudo=1 loss=1.0775 seg=0.3024 semseg=0.1503 mard=2.0291 lambda=0.044802 box_extra=2 mask_extra=0 FG/HBG/EBG=8/64/320 fallback=0 rel=0.948/0.948/0.948 wmean=1.000 grad_preclip=10.56
[E49] batch=020/153 pseudo=4 loss=5.4049 seg=0.5091 semseg=0.3343 mard=2.0588 lambda=0.023645 box_extra=0 mask_extra=0 FG/HBG/EBG=32/256/1280 fallback=0 rel=0.832/0.728/0.966 wmean=1.000 grad_preclip=34.99
[E49] batch=040/153 pseudo=3 loss=6.9022 seg=0.5633 semseg=0.7707 mard=1.9708 lambda=0.034326 box_extra=1 mask_extra=1 FG/HBG/EBG=24/192/960 fallback=0 rel=0.894/0.801/0.941 wmean=1.000 grad_preclip=57.55
[E49] batch=060/153 pseudo=3 loss=3.4095 seg=0.3902 semseg=0.0899 mard=2.0173 lambda=0.036911 box_extra=0 mask_extra=0 FG/HBG/EBG=24/192/960 fallback=0 rel=0.904/0.833/0.957 wmean=1.000 grad_preclip=24.89
[E49] batch=080/153 pseudo=2 loss=1.2866 seg=0.1293 semseg=0.1250 mard=1.9585 lambda=0.038518 box_extra=0 mask_extra=0 FG/HBG/EBG=16/128/640 fallback=0 rel=0.926/0.887/0.965 wmean=1.000 grad_preclip=18.14
[E49] batch=100/153 pseudo=4 loss=7.8091 seg=0.5841 semseg=0.5926 mard=1.9853 lambda=0.015099 box_extra=0 mask_extra=0 FG/HBG/EBG=32/256/1280 fallback=0 rel=0.775/0.683/0.951 wmean=1.000 grad_preclip=77.77
[E49] batch=120/153 pseudo=3 loss=3.2332 seg=0.3718 semseg=0.1561 mard=2.1112 lambda=0.042445 box_extra=0 mask_extra=0 FG/HBG/EBG=24/192/960 fallback=0 rel=0.942/0.928/0.958 wmean=1.000 grad_preclip=43.35
[E49] batch=140/153 pseudo=3 loss=5.2443 seg=0.4373 semseg=0.2718 mard=1.9914 lambda=0.024578 box_extra=1 mask_extra=1 FG/HBG/EBG=24/192/960 fallback=0 rel=0.842/0.754/0.935 wmean=1.000 grad_preclip=24.46
[E49] batch=153/153 pseudo=3 loss=9.4027 seg=0.9855 semseg=0.9519 mard=2.1068 lambda=0.027163 box_extra=0 mask_extra=0 FG/HBG/EBG=24/192/960 fallback=0 rel=0.829/0.724/0.916 wmean=1.000 grad_preclip=37.29

[Epoch 49] DONE time=31.9s valid=153 skipped=0 pseudo=539 anchors=486 box_extra=79 mask_extra=53 reject_rel=26 loss=5.5609 seg=0.4823 semseg=0.4171 mard=2.0251 lambda_avg=0.031986 FG/HBG/EBG=28.2/221.7/1080.9 rel=0.879/0.661/0.969 wmean=1.000
[E50] batch=001/153 pseudo=3 loss=2.3632 seg=0.1347 semseg=0.0516 mard=2.0266 lambda=0.034354 box_extra=1 mask_extra=1 FG/HBG/EBG=24/192/960 fallback=0 rel=0.904/0.878/0.951 wmean=1.000 grad_preclip=84.93
[E50] batch=020/153 pseudo=2 loss=4.5391 seg=0.3669 semseg=0.6371 mard=2.0741 lambda=0.024180 box_extra=1 mask_extra=0 FG/HBG/EBG=16/128/640 fallback=0 rel=0.844/0.834/0.855 wmean=1.000 grad_preclip=43.82
[E50] batch=040/153 pseudo=3 loss=5.2875 seg=0.5540 semseg=0.4236 mard=1.9944 lambda=0.027840 box_extra=0 mask_extra=0 FG/HBG/EBG=24/192/960 fallback=0 rel=0.860/0.766/0.952 wmean=1.000 grad_preclip=26.74
[E50] batch=060/153 pseudo=5 loss=11.5133 seg=1.0643 semseg=0.3060 mard=2.0072 lambda=0.024770 box_extra=0 mask_extra=0 FG/HBG/EBG=40/256/1280 fallback=0 rel=0.832/0.771/0.946 wmean=1.000 grad_preclip=58.64
[E50] batch=080/153 pseudo=3 loss=2.7604 seg=0.2405 semseg=0.1909 mard=1.9578 lambda=0.034288 box_extra=1 mask_extra=0 FG/HBG/EBG=24/192/960 fallback=0 rel=0.894/0.786/0.954 wmean=1.000 grad_preclip=22.12
[E50] batch=100/153 pseudo=3 loss=7.5471 seg=1.0003 semseg=0.5004 mard=2.0378 lambda=0.022717 box_extra=2 mask_extra=2 FG/HBG/EBG=24/192/960 fallback=0 rel=0.825/0.766/0.928 wmean=1.000 grad_preclip=55.11
[E50] batch=120/153 pseudo=3 loss=9.6693 seg=1.0532 semseg=0.7782 mard=2.0541 lambda=0.010934 box_extra=0 mask_extra=0 FG/HBG/EBG=24/192/960 fallback=0 rel=0.744/0.662/0.824 wmean=1.000 grad_preclip=92.14
[E50] batch=140/153 pseudo=5 loss=8.0966 seg=0.4134 semseg=0.8895 mard=2.0097 lambda=0.027933 box_extra=3 mask_extra=2 FG/HBG/EBG=40/320/1216 fallback=0 rel=0.859/0.760/0.952 wmean=1.000 grad_preclip=81.35
[E50] batch=153/153 pseudo=4 loss=6.9281 seg=0.6653 semseg=0.3318 mard=2.0109 lambda=0.039910 box_extra=0 mask_extra=0 FG/HBG/EBG=32/256/1280 fallback=0 rel=0.932/0.914/0.941 wmean=1.000 grad_preclip=29.93

[Epoch 50] DONE time=32.1s valid=153 skipped=0 pseudo=537 anchors=475 box_extra=84 mask_extra=62 reject_rel=22 loss=5.4193 seg=0.4798 semseg=0.3997 mard=2.0214 lambda_avg=0.032029 FG/HBG/EBG=28.1/220.9/1074.2 rel=0.881/0.662/0.969 wmean=1.000
[SAVE] /home/dang/MedRT-SFOD/runs/seg/ablation/k2c_maskdhf_segmard_v2_60ep/checkpoints/dense_sfseg_epoch_50.pt
[E51] batch=001/153 pseudo=4 loss=6.0229 seg=0.6231 semseg=0.2960 mard=2.0535 lambda=0.033460 box_extra=1 mask_extra=1 FG/HBG/EBG=32/256/1280 fallback=0 rel=0.888/0.817/0.930 wmean=1.000 grad_preclip=35.91
[E51] batch=020/153 pseudo=1 loss=2.8427 seg=0.7228 semseg=0.6737 mard=2.0041 lambda=0.016581 box_extra=0 mask_extra=0 FG/HBG/EBG=8/64/320 fallback=0 rel=0.791/0.791/0.791 wmean=1.000 grad_preclip=13.74
[E51] batch=040/153 pseudo=2 loss=3.1741 seg=0.4643 semseg=0.1936 mard=2.0907 lambda=0.024783 box_extra=0 mask_extra=0 FG/HBG/EBG=16/128/640 fallback=0 rel=0.835/0.745/0.925 wmean=1.000 grad_preclip=17.86
[E51] batch=060/153 pseudo=4 loss=9.1346 seg=0.7966 semseg=0.4913 mard=2.0392 lambda=0.030776 box_extra=1 mask_extra=1 FG/HBG/EBG=32/256/1280 fallback=0 rel=0.875/0.765/0.945 wmean=1.000 grad_preclip=59.60
[E51] batch=080/153 pseudo=4 loss=9.6034 seg=0.3815 semseg=1.0298 mard=2.0127 lambda=0.012797 box_extra=1 mask_extra=1 FG/HBG/EBG=32/256/1280 fallback=0 rel=0.770/0.701/0.893 wmean=1.000 grad_preclip=74.24
[E51] batch=100/153 pseudo=2 loss=1.8769 seg=0.1872 semseg=0.1609 mard=1.9484 lambda=0.037881 box_extra=0 mask_extra=0 FG/HBG/EBG=16/128/640 fallback=0 rel=0.924/0.893/0.954 wmean=1.000 grad_preclip=16.97
[E51] batch=120/153 pseudo=4 loss=2.7724 seg=0.2258 semseg=0.0910 mard=2.0751 lambda=0.040379 box_extra=1 mask_extra=1 FG/HBG/EBG=32/256/1280 fallback=0 rel=0.935/0.882/0.959 wmean=1.000 grad_preclip=30.82
[E51] batch=140/153 pseudo=4 loss=3.5165 seg=0.2866 semseg=0.1163 mard=2.0956 lambda=0.034276 box_extra=1 mask_extra=1 FG/HBG/EBG=32/256/1280 fallback=0 rel=0.894/0.853/0.941 wmean=1.000 grad_preclip=27.53
[E51] batch=153/153 pseudo=4 loss=4.1124 seg=0.2673 semseg=0.1736 mard=2.0255 lambda=0.033946 box_extra=0 mask_extra=0 FG/HBG/EBG=32/256/1280 fallback=0 rel=0.895/0.742/0.958 wmean=1.000 grad_preclip=33.15

[Epoch 51] DONE time=32.1s valid=153 skipped=0 pseudo=541 anchors=479 box_extra=84 mask_extra=62 reject_rel=22 loss=5.2176 seg=0.4584 semseg=0.3419 mard=2.0316 lambda_avg=0.032186 FG/HBG/EBG=28.3/222.5/1085.1 rel=0.881/0.683/0.969 wmean=1.000
[E52] batch=001/153 pseudo=2 loss=2.6988 seg=0.4907 semseg=0.3188 mard=2.0783 lambda=0.035355 box_extra=0 mask_extra=0 FG/HBG/EBG=16/128/640 fallback=0 rel=0.904/0.850/0.958 wmean=1.000 grad_preclip=28.02
[E52] batch=020/153 pseudo=4 loss=6.0478 seg=0.2909 semseg=0.4408 mard=1.9916 lambda=0.035514 box_extra=0 mask_extra=0 FG/HBG/EBG=32/256/1280 fallback=0 rel=0.906/0.797/0.966 wmean=1.000 grad_preclip=59.84
[E52] batch=040/153 pseudo=3 loss=3.0280 seg=0.2219 semseg=0.0864 mard=2.0025 lambda=0.023767 box_extra=0 mask_extra=0 FG/HBG/EBG=24/192/960 fallback=0 rel=0.839/0.774/0.941 wmean=1.000 grad_preclip=88.90
[E52] batch=060/153 pseudo=4 loss=3.5502 seg=0.1794 semseg=0.1493 mard=2.0121 lambda=0.029214 box_extra=1 mask_extra=1 FG/HBG/EBG=32/256/1280 fallback=0 rel=0.876/0.757/0.936 wmean=1.000 grad_preclip=30.00
[E52] batch=080/153 pseudo=4 loss=3.0763 seg=0.2974 semseg=0.1173 mard=2.0043 lambda=0.036858 box_extra=0 mask_extra=0 FG/HBG/EBG=32/256/1280 fallback=0 rel=0.915/0.885/0.935 wmean=1.000 grad_preclip=24.06
[E52] batch=100/153 pseudo=4 loss=6.3711 seg=0.4869 semseg=0.2905 mard=1.9854 lambda=0.029992 box_extra=1 mask_extra=1 FG/HBG/EBG=32/256/1280 fallback=0 rel=0.867/0.743/0.956 wmean=1.000 grad_preclip=43.70
[E52] batch=120/153 pseudo=2 loss=3.1520 seg=0.4345 semseg=0.4151 mard=1.9383 lambda=0.024805 box_extra=0 mask_extra=0 FG/HBG/EBG=16/128/640 fallback=0 rel=0.841/0.785/0.897 wmean=1.000 grad_preclip=41.24
[E52] batch=140/153 pseudo=4 loss=26.7958 seg=1.2386 semseg=3.8785 mard=2.0656 lambda=0.034080 box_extra=0 mask_extra=0 FG/HBG/EBG=32/256/1280 fallback=0 rel=0.902/0.821/0.957 wmean=1.000 grad_preclip=125.47
[E52] batch=153/153 pseudo=3 loss=6.9986 seg=0.5041 semseg=0.4653 mard=2.0129 lambda=0.026336 box_extra=2 mask_extra=2 FG/HBG/EBG=24/192/960 fallback=0 rel=0.845/0.765/0.943 wmean=1.000 grad_preclip=46.16

[Epoch 52] DONE time=31.8s valid=153 skipped=0 pseudo=527 anchors=474 box_extra=77 mask_extra=53 reject_rel=24 loss=4.9012 seg=0.4522 semseg=0.3262 mard=2.0237 lambda_avg=0.032597 FG/HBG/EBG=27.6/217.9/1059.6 rel=0.884/0.666/0.969 wmean=1.000
[E53] batch=001/153 pseudo=4 loss=5.8513 seg=0.3465 semseg=0.1531 mard=1.9833 lambda=0.033979 box_extra=0 mask_extra=0 FG/HBG/EBG=32/256/1280 fallback=0 rel=0.892/0.816/0.940 wmean=1.000 grad_preclip=85.06
[E53] batch=020/153 pseudo=4 loss=10.3679 seg=0.4852 semseg=0.9959 mard=2.0367 lambda=0.035602 box_extra=1 mask_extra=1 FG/HBG/EBG=32/256/1280 fallback=0 rel=0.891/0.795/0.936 wmean=1.000 grad_preclip=102.52
[E53] batch=040/153 pseudo=2 loss=2.3912 seg=0.2571 semseg=0.1151 mard=2.1330 lambda=0.023167 box_extra=1 mask_extra=1 FG/HBG/EBG=16/128/640 fallback=0 rel=0.841/0.787/0.895 wmean=1.000 grad_preclip=17.22
[E53] batch=060/153 pseudo=4 loss=2.9769 seg=0.1972 semseg=0.1773 mard=2.0840 lambda=0.025300 box_extra=0 mask_extra=0 FG/HBG/EBG=32/256/1280 fallback=0 rel=0.852/0.786/0.897 wmean=1.000 grad_preclip=22.78
[E53] batch=080/153 pseudo=3 loss=4.2445 seg=0.3706 semseg=0.2621 mard=1.9954 lambda=0.030761 box_extra=1 mask_extra=0 FG/HBG/EBG=24/192/960 fallback=0 rel=0.874/0.777/0.930 wmean=1.000 grad_preclip=26.86
[E53] batch=100/153 pseudo=4 loss=2.3618 seg=0.1757 semseg=0.0641 mard=2.0384 lambda=0.038809 box_extra=0 mask_extra=0 FG/HBG/EBG=32/256/1280 fallback=0 rel=0.927/0.906/0.939 wmean=1.000 grad_preclip=24.00
[E53] batch=120/153 pseudo=4 loss=5.4606 seg=0.4246 semseg=0.2860 mard=1.9875 lambda=0.018131 box_extra=0 mask_extra=0 FG/HBG/EBG=32/256/1280 fallback=0 rel=0.804/0.722/0.950 wmean=1.000 grad_preclip=45.59
[E53] batch=140/153 pseudo=3 loss=8.4513 seg=0.7984 semseg=1.3124 mard=2.0261 lambda=0.032729 box_extra=0 mask_extra=0 FG/HBG/EBG=24/192/960 fallback=0 rel=0.872/0.701/0.963 wmean=1.000 grad_preclip=50.38
[E53] batch=153/153 pseudo=3 loss=3.2994 seg=0.3092 semseg=0.1401 mard=2.0353 lambda=0.034777 box_extra=1 mask_extra=0 FG/HBG/EBG=24/192/960 fallback=0 rel=0.895/0.815/0.944 wmean=1.000 grad_preclip=21.78

[Epoch 53] DONE time=32.0s valid=153 skipped=0 pseudo=540 anchors=484 box_extra=80 mask_extra=56 reject_rel=24 loss=5.4495 seg=0.4827 semseg=0.4177 mard=2.0244 lambda_avg=0.031642 FG/HBG/EBG=28.2/223.0/1084.7 rel=0.880/0.662/0.969 wmean=1.000
[E54] batch=001/153 pseudo=4 loss=3.7618 seg=0.3243 semseg=0.1190 mard=2.0681 lambda=0.038493 box_extra=0 mask_extra=0 FG/HBG/EBG=32/256/1280 fallback=0 rel=0.925/0.884/0.956 wmean=1.000 grad_preclip=23.71
[E54] batch=020/153 pseudo=4 loss=5.4327 seg=0.3546 semseg=0.3544 mard=2.0939 lambda=0.033333 box_extra=0 mask_extra=0 FG/HBG/EBG=32/256/1280 fallback=0 rel=0.894/0.804/0.954 wmean=1.000 grad_preclip=56.61
[E54] batch=040/153 pseudo=1 loss=3.6152 seg=2.3879 semseg=0.3240 mard=2.0145 lambda=0.010871 box_extra=1 mask_extra=0 FG/HBG/EBG=8/64/320 fallback=0 rel=0.742/0.742/0.742 wmean=1.000 grad_preclip=13.46
[E54] batch=060/153 pseudo=4 loss=5.1617 seg=0.5360 semseg=0.2631 mard=2.0219 lambda=0.028753 box_extra=0 mask_extra=0 FG/HBG/EBG=32/256/1280 fallback=0 rel=0.859/0.754/0.940 wmean=1.000 grad_preclip=32.38
[E54] batch=080/153 pseudo=3 loss=2.2137 seg=0.2208 semseg=0.1261 mard=2.0654 lambda=0.039804 box_extra=1 mask_extra=0 FG/HBG/EBG=24/192/960 fallback=0 rel=0.924/0.897/0.945 wmean=1.000 grad_preclip=22.58
[E54] batch=100/153 pseudo=3 loss=3.3523 seg=0.4408 semseg=0.1580 mard=1.9624 lambda=0.040959 box_extra=0 mask_extra=0 FG/HBG/EBG=24/192/960 fallback=0 rel=0.929/0.923/0.939 wmean=1.000 grad_preclip=23.28
[E54] batch=120/153 pseudo=4 loss=11.8047 seg=0.5582 semseg=1.4944 mard=2.0885 lambda=0.026541 box_extra=0 mask_extra=0 FG/HBG/EBG=32/256/1280 fallback=0 rel=0.843/0.684/0.969 wmean=1.000 grad_preclip=135.86
[E54] batch=140/153 pseudo=2 loss=0.7222 seg=0.1052 semseg=0.0466 mard=2.0168 lambda=0.041744 box_extra=0 mask_extra=0 FG/HBG/EBG=16/128/640 fallback=0 rel=0.947/0.932/0.962 wmean=1.000 grad_preclip=17.54
[E54] batch=153/153 pseudo=4 loss=2.7467 seg=0.2936 semseg=0.0921 mard=2.0090 lambda=0.038065 box_extra=0 mask_extra=0 FG/HBG/EBG=32/256/1280 fallback=0 rel=0.917/0.883/0.948 wmean=1.000 grad_preclip=25.27

[Epoch 54] DONE time=32.2s valid=153 skipped=0 pseudo=533 anchors=480 box_extra=78 mask_extra=53 reject_rel=25 loss=5.1756 seg=0.5149 semseg=0.3555 mard=2.0267 lambda_avg=0.032662 FG/HBG/EBG=27.9/221.3/1081.3 rel=0.885/0.666/0.969 wmean=1.000
[E55] batch=001/153 pseudo=4 loss=32.1689 seg=1.8200 semseg=3.9105 mard=2.0128 lambda=0.030710 box_extra=0 mask_extra=0 FG/HBG/EBG=32/256/1280 fallback=0 rel=0.874/0.794/0.947 wmean=1.000 grad_preclip=98.35
[E55] batch=020/153 pseudo=4 loss=4.0983 seg=0.2525 semseg=0.1462 mard=2.0082 lambda=0.032090 box_extra=1 mask_extra=1 FG/HBG/EBG=32/256/1280 fallback=0 rel=0.884/0.823/0.947 wmean=1.000 grad_preclip=64.74
[E55] batch=040/153 pseudo=4 loss=6.0135 seg=0.3170 semseg=0.3678 mard=2.0595 lambda=0.028085 box_extra=1 mask_extra=1 FG/HBG/EBG=32/256/1280 fallback=0 rel=0.863/0.698/0.953 wmean=1.000 grad_preclip=78.43
[E55] batch=060/153 pseudo=1 loss=2.9539 seg=1.1612 semseg=0.6037 mard=2.0885 lambda=0.023700 box_extra=1 mask_extra=0 FG/HBG/EBG=8/64/320 fallback=0 rel=0.819/0.819/0.819 wmean=1.000 grad_preclip=14.69
[E55] batch=080/153 pseudo=4 loss=4.0470 seg=0.2393 semseg=0.2478 mard=1.9794 lambda=0.030127 box_extra=0 mask_extra=0 FG/HBG/EBG=32/256/1280 fallback=0 rel=0.875/0.799/0.945 wmean=1.000 grad_preclip=35.02
[E55] batch=100/153 pseudo=2 loss=4.8415 seg=0.7930 semseg=0.6075 mard=1.9690 lambda=0.034305 box_extra=1 mask_extra=1 FG/HBG/EBG=16/128/640 fallback=0 rel=0.903/0.861/0.945 wmean=1.000 grad_preclip=59.15
[E55] batch=120/153 pseudo=3 loss=2.9205 seg=0.2930 semseg=0.1084 mard=1.9886 lambda=0.032178 box_extra=0 mask_extra=0 FG/HBG/EBG=24/192/960 fallback=0 rel=0.878/0.767/0.939 wmean=1.000 grad_preclip=31.97
[E55] batch=140/153 pseudo=4 loss=4.4156 seg=0.3630 semseg=0.1428 mard=2.0778 lambda=0.030781 box_extra=0 mask_extra=0 FG/HBG/EBG=32/256/1280 fallback=0 rel=0.877/0.744/0.937 wmean=1.000 grad_preclip=107.48
[E55] batch=153/153 pseudo=4 loss=5.3656 seg=0.4718 semseg=0.3851 mard=2.0747 lambda=0.018799 box_extra=2 mask_extra=1 FG/HBG/EBG=32/192/960 fallback=0 rel=0.800/0.699/0.924 wmean=1.000 grad_preclip=58.86

[Epoch 55] DONE time=31.9s valid=153 skipped=0 pseudo=527 anchors=472 box_extra=82 mask_extra=55 reject_rel=27 loss=5.3123 seg=0.5130 semseg=0.4154 mard=2.0252 lambda_avg=0.032214 FG/HBG/EBG=27.6/217.5/1060.0 rel=0.882/0.662/0.969 wmean=1.000
[E56] batch=001/153 pseudo=4 loss=5.9638 seg=0.5030 semseg=0.2331 mard=1.9588 lambda=0.028590 box_extra=0 mask_extra=0 FG/HBG/EBG=32/256/1280 fallback=0 rel=0.870/0.834/0.898 wmean=1.000 grad_preclip=32.57
[E56] batch=020/153 pseudo=4 loss=4.9929 seg=0.3957 semseg=0.3099 mard=2.0160 lambda=0.027462 box_extra=0 mask_extra=0 FG/HBG/EBG=32/256/1280 fallback=0 rel=0.850/0.685/0.952 wmean=1.000 grad_preclip=42.14
[E56] batch=040/153 pseudo=2 loss=1.0121 seg=0.1483 semseg=0.0822 mard=2.0244 lambda=0.042925 box_extra=1 mask_extra=0 FG/HBG/EBG=16/128/640 fallback=0 rel=0.956/0.953/0.959 wmean=1.000 grad_preclip=15.65
[E56] batch=060/153 pseudo=3 loss=3.9465 seg=0.4386 semseg=0.2288 mard=2.0995 lambda=0.036397 box_extra=0 mask_extra=0 FG/HBG/EBG=24/192/960 fallback=0 rel=0.902/0.858/0.924 wmean=1.000 grad_preclip=26.32
[E56] batch=080/153 pseudo=2 loss=1.5971 seg=0.1977 semseg=0.1309 mard=2.0561 lambda=0.032117 box_extra=0 mask_extra=0 FG/HBG/EBG=16/128/640 fallback=0 rel=0.886/0.833/0.938 wmean=1.000 grad_preclip=21.09
[E56] batch=100/153 pseudo=4 loss=2.7230 seg=0.1664 semseg=0.1018 mard=1.9705 lambda=0.039001 box_extra=0 mask_extra=0 FG/HBG/EBG=32/256/1280 fallback=0 rel=0.928/0.875/0.966 wmean=1.000 grad_preclip=22.92
[E56] batch=120/153 pseudo=2 loss=1.3051 seg=0.1990 semseg=0.0721 mard=2.1087 lambda=0.039721 box_extra=0 mask_extra=0 FG/HBG/EBG=16/128/640 fallback=0 rel=0.930/0.918/0.943 wmean=1.000 grad_preclip=17.17
[E56] batch=140/153 pseudo=5 loss=7.4880 seg=0.5546 semseg=0.2107 mard=2.0298 lambda=0.033332 box_extra=0 mask_extra=0 FG/HBG/EBG=40/256/1280 fallback=0 rel=0.891/0.803/0.956 wmean=1.000 grad_preclip=58.51
[E56] batch=153/153 pseudo=4 loss=16.0371 seg=0.7205 semseg=2.2005 mard=1.9737 lambda=0.025602 box_extra=0 mask_extra=0 FG/HBG/EBG=32/256/1280 fallback=0 rel=0.844/0.725/0.948 wmean=1.000 grad_preclip=93.50

[Epoch 56] DONE time=31.9s valid=153 skipped=0 pseudo=530 anchors=478 box_extra=72 mask_extra=52 reject_rel=20 loss=5.1442 seg=0.4492 semseg=0.3846 mard=2.0224 lambda_avg=0.031986 FG/HBG/EBG=27.7/217.9/1064.6 rel=0.882/0.666/0.969 wmean=1.000
[E57] batch=001/153 pseudo=2 loss=2.4955 seg=0.4444 semseg=0.3085 mard=2.0427 lambda=0.037755 box_extra=1 mask_extra=0 FG/HBG/EBG=16/128/640 fallback=0 rel=0.909/0.886/0.931 wmean=1.000 grad_preclip=67.11
[E57] batch=020/153 pseudo=4 loss=3.2281 seg=0.3991 semseg=0.1995 mard=1.9956 lambda=0.028761 box_extra=0 mask_extra=0 FG/HBG/EBG=32/256/896 fallback=0 rel=0.859/0.686/0.940 wmean=1.000 grad_preclip=19.32
[E57] batch=040/153 pseudo=3 loss=3.6259 seg=0.3427 semseg=0.5139 mard=1.9811 lambda=0.034049 box_extra=1 mask_extra=0 FG/HBG/EBG=24/192/960 fallback=0 rel=0.889/0.809/0.953 wmean=1.000 grad_preclip=27.23
[E57] batch=060/153 pseudo=3 loss=1.6747 seg=0.1939 semseg=0.0933 mard=2.0226 lambda=0.043310 box_extra=0 mask_extra=0 FG/HBG/EBG=24/192/960 fallback=0 rel=0.952/0.947/0.955 wmean=1.000 grad_preclip=17.92
[E57] batch=080/153 pseudo=4 loss=4.7205 seg=0.4864 semseg=0.2180 mard=2.0089 lambda=0.029322 box_extra=0 mask_extra=0 FG/HBG/EBG=32/256/1280 fallback=0 rel=0.864/0.788/0.948 wmean=1.000 grad_preclip=31.18
[E57] batch=100/153 pseudo=4 loss=6.4173 seg=0.6852 semseg=0.2230 mard=2.0365 lambda=0.034216 box_extra=1 mask_extra=1 FG/HBG/EBG=32/256/1280 fallback=0 rel=0.883/0.794/0.955 wmean=1.000 grad_preclip=36.42
[E57] batch=120/153 pseudo=3 loss=3.3887 seg=0.3491 semseg=0.1793 mard=2.0336 lambda=0.035055 box_extra=0 mask_extra=0 FG/HBG/EBG=24/192/960 fallback=0 rel=0.898/0.807/0.949 wmean=1.000 grad_preclip=23.70
[E57] batch=140/153 pseudo=3 loss=2.6179 seg=0.3359 semseg=0.1139 mard=2.0578 lambda=0.040147 box_extra=0 mask_extra=0 FG/HBG/EBG=24/192/960 fallback=0 rel=0.925/0.909/0.941 wmean=1.000 grad_preclip=22.93
[E57] batch=153/153 pseudo=3 loss=15.5881 seg=0.7073 semseg=2.3682 mard=1.9732 lambda=0.027202 box_extra=1 mask_extra=0 FG/HBG/EBG=24/192/960 fallback=0 rel=0.857/0.840/0.871 wmean=1.000 grad_preclip=61.05

[Epoch 57] DONE time=32.0s valid=153 skipped=0 pseudo=531 anchors=473 box_extra=83 mask_extra=58 reject_rel=25 loss=5.4858 seg=0.4742 semseg=0.3989 mard=2.0247 lambda_avg=0.032503 FG/HBG/EBG=27.8/220.0/1077.5 rel=0.883/0.662/0.970 wmean=1.000
[E58] batch=001/153 pseudo=4 loss=4.8338 seg=0.4445 semseg=0.2218 mard=2.0376 lambda=0.037032 box_extra=0 mask_extra=0 FG/HBG/EBG=32/256/1280 fallback=0 rel=0.911/0.778/0.963 wmean=1.000 grad_preclip=26.07
[E58] batch=020/153 pseudo=3 loss=6.8777 seg=0.3684 semseg=1.2482 mard=2.0457 lambda=0.016993 box_extra=0 mask_extra=0 FG/HBG/EBG=24/192/960 fallback=0 rel=0.798/0.700/0.850 wmean=1.000 grad_preclip=58.13
[E58] batch=040/153 pseudo=3 loss=1.8977 seg=0.2405 semseg=0.1108 mard=2.0414 lambda=0.038434 box_extra=0 mask_extra=0 FG/HBG/EBG=24/192/960 fallback=0 rel=0.924/0.883/0.950 wmean=1.000 grad_preclip=23.13
[E58] batch=060/153 pseudo=4 loss=4.9998 seg=0.3020 semseg=0.1959 mard=2.0154 lambda=0.030105 box_extra=0 mask_extra=0 FG/HBG/EBG=32/256/1280 fallback=0 rel=0.878/0.814/0.938 wmean=1.000 grad_preclip=77.27
[E58] batch=080/153 pseudo=3 loss=7.4287 seg=0.7127 semseg=0.3734 mard=2.0094 lambda=0.030718 box_extra=0 mask_extra=0 FG/HBG/EBG=24/192/960 fallback=0 rel=0.875/0.747/0.941 wmean=1.000 grad_preclip=97.96
[E58] batch=100/153 pseudo=2 loss=1.3440 seg=0.2864 semseg=0.1251 mard=2.0665 lambda=0.042020 box_extra=1 mask_extra=0 FG/HBG/EBG=16/128/640 fallback=0 rel=0.937/0.930/0.945 wmean=1.000 grad_preclip=17.33
[E58] batch=120/153 pseudo=3 loss=6.5697 seg=0.2878 semseg=0.9461 mard=1.9749 lambda=0.019040 box_extra=1 mask_extra=1 FG/HBG/EBG=24/192/960 fallback=0 rel=0.806/0.718/0.942 wmean=1.000 grad_preclip=36.22
[E58] batch=140/153 pseudo=4 loss=4.5378 seg=0.3117 semseg=0.1331 mard=2.0870 lambda=0.035884 box_extra=1 mask_extra=1 FG/HBG/EBG=32/256/1280 fallback=0 rel=0.903/0.785/0.962 wmean=1.000 grad_preclip=18.14
[E58] batch=153/153 pseudo=3 loss=5.1877 seg=0.6989 semseg=0.2056 mard=1.9499 lambda=0.034563 box_extra=1 mask_extra=1 FG/HBG/EBG=24/192/960 fallback=0 rel=0.886/0.878/0.899 wmean=1.000 grad_preclip=35.53

[Epoch 58] DONE time=31.9s valid=153 skipped=0 pseudo=529 anchors=479 box_extra=74 mask_extra=50 reject_rel=24 loss=5.2628 seg=0.4499 semseg=0.4255 mard=2.0216 lambda_avg=0.032499 FG/HBG/EBG=27.7/218.4/1066.7 rel=0.884/0.662/0.970 wmean=1.000
[E59] batch=001/153 pseudo=4 loss=2.8292 seg=0.2324 semseg=0.0838 mard=2.0177 lambda=0.033803 box_extra=0 mask_extra=0 FG/HBG/EBG=32/256/1280 fallback=0 rel=0.894/0.762/0.947 wmean=1.000 grad_preclip=48.97
[E59] batch=020/153 pseudo=2 loss=1.7662 seg=0.2764 semseg=0.1633 mard=1.9641 lambda=0.035558 box_extra=2 mask_extra=0 FG/HBG/EBG=16/128/640 fallback=0 rel=0.903/0.896/0.909 wmean=1.000 grad_preclip=14.08
[E59] batch=040/153 pseudo=5 loss=5.0090 seg=0.3757 semseg=0.2525 mard=1.9988 lambda=0.029348 box_extra=0 mask_extra=0 FG/HBG/EBG=40/320/1216 fallback=0 rel=0.862/0.716/0.942 wmean=1.000 grad_preclip=28.26
[E59] batch=060/153 pseudo=3 loss=3.6513 seg=0.3867 semseg=0.2334 mard=2.0162 lambda=0.020966 box_extra=0 mask_extra=0 FG/HBG/EBG=24/192/960 fallback=0 rel=0.816/0.749/0.888 wmean=1.000 grad_preclip=35.96
[E59] batch=080/153 pseudo=3 loss=2.4239 seg=0.2430 semseg=0.0988 mard=2.0610 lambda=0.033141 box_extra=0 mask_extra=0 FG/HBG/EBG=24/192/960 fallback=0 rel=0.892/0.883/0.909 wmean=1.000 grad_preclip=27.44
[E59] batch=100/153 pseudo=2 loss=2.3404 seg=0.3070 semseg=0.1391 mard=2.0280 lambda=0.028828 box_extra=1 mask_extra=1 FG/HBG/EBG=16/128/640 fallback=0 rel=0.866/0.788/0.943 wmean=1.000 grad_preclip=17.19
[E59] batch=120/153 pseudo=3 loss=2.5711 seg=0.3502 semseg=0.1476 mard=2.0268 lambda=0.041021 box_extra=0 mask_extra=0 FG/HBG/EBG=24/192/960 fallback=0 rel=0.932/0.915/0.951 wmean=1.000 grad_preclip=66.38
[E59] batch=140/153 pseudo=4 loss=14.4628 seg=0.8005 semseg=1.4562 mard=2.0213 lambda=0.031623 box_extra=0 mask_extra=0 FG/HBG/EBG=32/256/1280 fallback=0 rel=0.877/0.700/0.959 wmean=1.000 grad_preclip=71.02
[E59] batch=153/153 pseudo=3 loss=4.0833 seg=0.3889 semseg=0.2381 mard=1.9984 lambda=0.036372 box_extra=0 mask_extra=0 FG/HBG/EBG=24/192/960 fallback=0 rel=0.904/0.799/0.961 wmean=1.000 grad_preclip=26.77

[Epoch 59] DONE time=31.8s valid=153 skipped=0 pseudo=524 anchors=472 box_extra=80 mask_extra=52 reject_rel=28 loss=4.8630 seg=0.4431 semseg=0.3607 mard=2.0282 lambda_avg=0.032682 FG/HBG/EBG=27.4/217.5/1055.0 rel=0.885/0.667/0.970 wmean=1.000
[E60] batch=001/153 pseudo=4 loss=4.3539 seg=0.3425 semseg=0.1580 mard=1.9721 lambda=0.032999 box_extra=1 mask_extra=0 FG/HBG/EBG=32/256/1280 fallback=0 rel=0.888/0.841/0.936 wmean=1.000 grad_preclip=37.84
[E60] batch=020/153 pseudo=4 loss=3.3420 seg=0.2799 semseg=0.1649 mard=2.0006 lambda=0.032257 box_extra=0 mask_extra=0 FG/HBG/EBG=32/256/1280 fallback=0 rel=0.886/0.817/0.935 wmean=1.000 grad_preclip=33.24
[E60] batch=040/153 pseudo=4 loss=5.9892 seg=0.3585 semseg=0.4633 mard=1.9672 lambda=0.026394 box_extra=0 mask_extra=0 FG/HBG/EBG=32/256/1280 fallback=0 rel=0.852/0.762/0.927 wmean=1.000 grad_preclip=28.09
[E60] batch=060/153 pseudo=4 loss=7.9667 seg=0.3411 semseg=0.4551 mard=2.0501 lambda=0.030328 box_extra=0 mask_extra=0 FG/HBG/EBG=32/256/1280 fallback=0 rel=0.869/0.681/0.942 wmean=1.000 grad_preclip=33.20
[E60] batch=080/153 pseudo=4 loss=3.1399 seg=0.2666 semseg=0.1302 mard=2.0179 lambda=0.026475 box_extra=0 mask_extra=0 FG/HBG/EBG=32/256/1280 fallback=0 rel=0.855/0.719/0.955 wmean=1.000 grad_preclip=27.30
[E60] batch=100/153 pseudo=4 loss=16.2119 seg=1.1501 semseg=1.4170 mard=2.0907 lambda=0.031085 box_extra=1 mask_extra=1 FG/HBG/EBG=32/256/1280 fallback=0 rel=0.876/0.826/0.948 wmean=1.000 grad_preclip=51.63
[E60] batch=120/153 pseudo=4 loss=8.2379 seg=0.5984 semseg=0.4676 mard=2.0003 lambda=0.017713 box_extra=0 mask_extra=0 FG/HBG/EBG=32/256/1280 fallback=0 rel=0.788/0.662/0.887 wmean=1.000 grad_preclip=32.56
[E60] batch=140/153 pseudo=4 loss=2.9564 seg=0.2133 semseg=0.0998 mard=2.0781 lambda=0.036448 box_extra=0 mask_extra=0 FG/HBG/EBG=32/256/1280 fallback=0 rel=0.911/0.876/0.938 wmean=1.000 grad_preclip=24.98
[E60] batch=153/153 pseudo=4 loss=2.7734 seg=0.2697 semseg=0.0936 mard=1.9542 lambda=0.040979 box_extra=0 mask_extra=0 FG/HBG/EBG=32/256/1280 fallback=0 rel=0.934/0.892/0.956 wmean=1.000 grad_preclip=20.89

[Epoch 60] DONE time=32.0s valid=153 skipped=0 pseudo=539 anchors=482 box_extra=84 mask_extra=57 reject_rel=27 loss=5.2822 seg=0.4742 semseg=0.3652 mard=2.0241 lambda_avg=0.032002 FG/HBG/EBG=28.2/223.4/1091.8 rel=0.882/0.662/0.970 wmean=1.000
[SAVE] /home/dang/MedRT-SFOD/runs/seg/ablation/k2c_maskdhf_segmard_v2_60ep/checkpoints/dense_sfseg_epoch_60.pt

[PASS] Dense SFSeg run completed
