nohup: ignoring input
==============================================================================
MEDRT-SFSEG STAGE-2 | DURR-v1 + SegMARD-v2
==============================================================================
target images : 612
labels used   : NO
GT masks used : NO
epochs        : 60
batch         : 4

DURR          : ON
signed route  : match 0.5 | band 5 | min|Δ| 0.02
O2M rescue    : conf 0.8 | stab 0.8 | support 0
hall suppress : P_s>= 0.8 | area> 0.1 | safe Teacher P< 0.1
DURR lambdas  : 0.1 0.2 0.1
SegMARD-v2    : hard-bg-ratio 0.0 | reliability weighting False
[E01] batch=001/153 pseudo=4 loss=9.6759 sfseg=9.6759 seg=0.6057 mard=1.9622 λM=0.0000 DURR(dir/res/hall)=2.4250/0.0000/0.0000 λD=0.000 route=175 E/S=122/53 rescue=0 empty=0 hall=0/0 FG/HBG/EBG=32/0/1536 grad=137.58
[E01] batch=010/153 pseudo=3 loss=5.5523 sfseg=5.5505 seg=0.6983 mard=2.0292 λM=0.0000 DURR(dir/res/hall)=1.4741/0.0000/0.0000 λD=0.012 route=272 E/S=233/39 rescue=0 empty=1 hall=0/0 FG/HBG/EBG=24/0/1152 grad=42.71
[E01] batch=020/153 pseudo=3 loss=3.1188 sfseg=3.1002 seg=0.3749 mard=2.0913 λM=0.0000 DURR(dir/res/hall)=1.7487/0.0000/5.7445 λD=0.025 route=75 E/S=49/26 rescue=0 empty=1 hall=1/741 FG/HBG/EBG=24/0/1152 grad=24.52
[E01] batch=030/153 pseudo=4 loss=9.3253 sfseg=9.3212 seg=0.6497 mard=2.0115 λM=0.0000 DURR(dir/res/hall)=1.0818/0.0000/0.0000 λD=0.038 route=169 E/S=143/26 rescue=0 empty=1 hall=0/0 FG/HBG/EBG=32/0/1152 grad=744.31
[E01] batch=040/153 pseudo=3 loss=4.7869 sfseg=4.7668 seg=0.5696 mard=2.0652 λM=0.0000 DURR(dir/res/hall)=0.7021/0.0000/3.2404 λD=0.051 route=97 E/S=66/31 rescue=0 empty=1 hall=1/4 FG/HBG/EBG=24/0/1152 grad=81.61
[E01] batch=050/153 pseudo=4 loss=7.3284 sfseg=7.3206 seg=0.4761 mard=2.0293 λM=0.0000 DURR(dir/res/hall)=1.2050/0.0000/0.0000 λD=0.064 route=93 E/S=77/16 rescue=0 empty=0 hall=0/0 FG/HBG/EBG=32/0/1536 grad=282.77
[E01] batch=060/153 pseudo=5 loss=7.6948 sfseg=7.6874 seg=0.7501 mard=2.0730 λM=0.0000 DURR(dir/res/hall)=0.9646/0.0000/0.0000 λD=0.077 route=153 E/S=128/25 rescue=0 empty=0 hall=0/0 FG/HBG/EBG=40/0/1536 grad=178.13
[E01] batch=070/153 pseudo=4 loss=14.4877 sfseg=14.4538 seg=1.0175 mard=2.1146 λM=0.0000 DURR(dir/res/hall)=3.7650/0.0000/0.0000 λD=0.090 route=23 E/S=22/1 rescue=0 empty=0 hall=0/0 FG/HBG/EBG=32/0/1536 grad=147.12
[E01] batch=080/153 pseudo=4 loss=11.1624 sfseg=11.1530 seg=0.5879 mard=2.0859 λM=0.0000 DURR(dir/res/hall)=0.9091/0.0000/0.0000 λD=0.103 route=97 E/S=24/73 rescue=0 empty=0 hall=0/0 FG/HBG/EBG=32/0/1536 grad=118.04
[E01] batch=090/153 pseudo=3 loss=4.1090 sfseg=4.0619 seg=0.4549 mard=2.1425 λM=0.0000 DURR(dir/res/hall)=0.9572/0.0000/3.0889 λD=0.116 route=277 E/S=243/34 rescue=0 empty=1 hall=1/20 FG/HBG/EBG=24/0/1152 grad=47.59
[E01] batch=100/153 pseudo=4 loss=4.0312 sfseg=4.0192 seg=0.3574 mard=2.0477 λM=0.0000 DURR(dir/res/hall)=0.9275/0.0000/0.0000 λD=0.129 route=174 E/S=150/24 rescue=0 empty=0 hall=0/0 FG/HBG/EBG=32/0/1536 grad=43.51
[E01] batch=110/153 pseudo=3 loss=6.9849 sfseg=6.9702 seg=0.7231 mard=2.1563 λM=0.0000 DURR(dir/res/hall)=1.0318/0.0000/0.0000 λD=0.142 route=131 E/S=120/11 rescue=0 empty=1 hall=0/0 FG/HBG/EBG=24/0/1152 grad=91.36
[E01] batch=120/153 pseudo=4 loss=23.7343 sfseg=23.7088 seg=0.6266 mard=2.0268 λM=0.0000 DURR(dir/res/hall)=1.6358/0.0000/0.0000 λD=0.156 route=84 E/S=54/30 rescue=0 empty=0 hall=0/0 FG/HBG/EBG=32/0/1536 grad=621.03
[E01] batch=130/153 pseudo=5 loss=9.2844 sfseg=9.2725 seg=0.7451 mard=2.0633 λM=0.0000 DURR(dir/res/hall)=0.7067/0.0000/0.0000 λD=0.169 route=746 E/S=669/77 rescue=0 empty=0 hall=0/0 FG/HBG/EBG=40/0/1536 grad=75.76
[E01] batch=140/153 pseudo=3 loss=14.4648 sfseg=14.4199 seg=0.7516 mard=2.0455 λM=0.0000 DURR(dir/res/hall)=2.4718/0.0000/0.0002 λD=0.182 route=409 E/S=260/149 rescue=0 empty=1 hall=1/0 FG/HBG/EBG=24/0/1152 grad=279.22
[E01] batch=150/153 pseudo=3 loss=5.3163 sfseg=5.2390 seg=0.5435 mard=2.0180 λM=0.0000 DURR(dir/res/hall)=0.9409/0.0000/3.0284 λD=0.195 route=69 E/S=58/11 rescue=0 empty=1 hall=1/285 FG/HBG/EBG=24/0/1152 grad=244.61
[E01] batch=153/153 pseudo=4 loss=23.4932 sfseg=23.3474 seg=1.5718 mard=2.0865 λM=0.0000 DURR(dir/res/hall)=1.1839/0.0000/6.1535 λD=0.199 route=377 E/S=288/89 rescue=0 empty=1 hall=1/642 FG/HBG/EBG=32/0/1152 grad=276.42

[Epoch 01] DONE time=38.9s valid=153 skipped=0 pseudo=532 anchors=477 mask_extra=55 reject_rel=23 DURRmatch=452/2165 rescue=4 teacher_empty=98 hall=48/10267 loss=8.3378 sfseg=8.3174 mard=2.0631 dir=1.3111 res=0.0014 hallL=0.7452 route E/S=26763/6842
[E02] batch=001/153 pseudo=3 loss=6.4598 sfseg=6.4352 seg=0.5428 mard=2.0668 λM=0.0000 DURR(dir/res/hall)=1.2255/0.0000/0.0001 λD=0.200 route=120 E/S=89/31 rescue=0 empty=1 hall=1/0 FG/HBG/EBG=24/0/1152 grad=120.66
[E02] batch=010/153 pseudo=4 loss=22.0158 sfseg=21.9708 seg=0.8774 mard=2.0548 λM=0.0000 DURR(dir/res/hall)=2.1261/0.0000/0.0000 λD=0.212 route=301 E/S=292/9 rescue=0 empty=0 hall=0/0 FG/HBG/EBG=32/0/1536 grad=532.24
[E02] batch=020/153 pseudo=3 loss=5.6009 sfseg=5.4867 seg=0.5669 mard=2.0635 λM=0.0000 DURR(dir/res/hall)=1.6222/0.0000/3.4547 λD=0.225 route=208 E/S=198/10 rescue=0 empty=1 hall=1/132 FG/HBG/EBG=24/0/1152 grad=113.76
[E02] batch=030/153 pseudo=4 loss=4.8307 sfseg=4.7850 seg=0.4041 mard=2.0536 λM=0.0000 DURR(dir/res/hall)=1.8586/0.0319/0.0000 λD=0.238 route=416 E/S=368/48 rescue=1 empty=0 hall=0/0 FG/HBG/EBG=32/0/1536 grad=22.89
[E02] batch=040/153 pseudo=2 loss=3.6420 sfseg=3.5794 seg=0.4588 mard=2.0636 λM=0.0000 DURR(dir/res/hall)=2.4944/0.0000/0.0000 λD=0.251 route=94 E/S=71/23 rescue=0 empty=2 hall=0/0 FG/HBG/EBG=16/0/768 grad=183.78
[E02] batch=050/153 pseudo=3 loss=3.4170 sfseg=3.3253 seg=0.3639 mard=2.0508 λM=0.0000 DURR(dir/res/hall)=0.8850/0.0000/2.5889 λD=0.264 route=70 E/S=46/24 rescue=0 empty=1 hall=1/40 FG/HBG/EBG=24/0/1152 grad=45.22
[E02] batch=060/153 pseudo=5 loss=6.1023 sfseg=6.0671 seg=0.5000 mard=2.0512 λM=0.0000 DURR(dir/res/hall)=1.2698/0.0000/0.0000 λD=0.277 route=384 E/S=178/206 rescue=0 empty=0 hall=0/0 FG/HBG/EBG=40/0/1536 grad=81.29
[E02] batch=070/153 pseudo=5 loss=9.1282 sfseg=9.0946 seg=0.8554 mard=2.0973 λM=0.0000 DURR(dir/res/hall)=1.1578/0.0000/0.0000 λD=0.290 route=482 E/S=407/75 rescue=0 empty=0 hall=0/0 FG/HBG/EBG=40/0/1536 grad=192.66
[E02] batch=080/153 pseudo=4 loss=15.3499 sfseg=15.3152 seg=1.0349 mard=2.1411 λM=0.0000 DURR(dir/res/hall)=1.1433/0.0000/0.0000 λD=0.303 route=166 E/S=78/88 rescue=0 empty=0 hall=0/0 FG/HBG/EBG=32/0/1536 grad=301.59
[E02] batch=090/153 pseudo=5 loss=8.6111 sfseg=8.5509 seg=0.5476 mard=2.0930 λM=0.0000 DURR(dir/res/hall)=1.9005/0.0000/0.0000 λD=0.316 route=274 E/S=260/14 rescue=0 empty=0 hall=0/0 FG/HBG/EBG=40/0/1536 grad=133.28
[E02] batch=100/153 pseudo=3 loss=5.1854 sfseg=5.1417 seg=0.5475 mard=2.1224 λM=0.0000 DURR(dir/res/hall)=1.3194/0.0000/0.0069 λD=0.329 route=188 E/S=142/46 rescue=0 empty=1 hall=1/0 FG/HBG/EBG=24/0/1152 grad=54.83
[E02] batch=110/153 pseudo=4 loss=9.9458 sfseg=9.8897 seg=0.5245 mard=2.0245 λM=0.0000 DURR(dir/res/hall)=1.6376/0.0000/0.0000 λD=0.342 route=446 E/S=310/136 rescue=0 empty=0 hall=0/0 FG/HBG/EBG=32/0/1536 grad=264.95
[E02] batch=120/153 pseudo=4 loss=13.5169 sfseg=13.4295 seg=0.7756 mard=2.0050 λM=0.0000 DURR(dir/res/hall)=2.4582/0.0000/0.0000 λD=0.356 route=261 E/S=84/177 rescue=0 empty=0 hall=0/0 FG/HBG/EBG=32/0/1536 grad=303.99
[E02] batch=130/153 pseudo=4 loss=4.5387 sfseg=4.4907 seg=0.4265 mard=2.0310 λM=0.0000 DURR(dir/res/hall)=1.3027/0.0000/0.0000 λD=0.369 route=225 E/S=178/47 rescue=0 empty=0 hall=0/0 FG/HBG/EBG=32/0/1536 grad=25.98
[E02] batch=140/153 pseudo=3 loss=5.5027 sfseg=5.1910 seg=0.4927 mard=2.0505 λM=0.0000 DURR(dir/res/hall)=1.4045/0.0000/6.7635 λD=0.382 route=206 E/S=188/18 rescue=0 empty=1 hall=1/557 FG/HBG/EBG=24/0/1152 grad=150.35
[E02] batch=150/153 pseudo=4 loss=4.4910 sfseg=4.4426 seg=0.5287 mard=2.0498 λM=0.0000 DURR(dir/res/hall)=1.2262/0.0000/0.0000 λD=0.395 route=159 E/S=127/32 rescue=0 empty=1 hall=0/0 FG/HBG/EBG=32/0/1152 grad=25.72
[E02] batch=153/153 pseudo=3 loss=7.6914 sfseg=7.3630 seg=0.6592 mard=2.0554 λM=0.0000 DURR(dir/res/hall)=1.8322/0.0068/6.3904 λD=0.399 route=69 E/S=36/33 rescue=1 empty=1 hall=1/745 FG/HBG/EBG=24/0/1152 grad=112.94

[Epoch 02] DONE time=37.3s valid=153 skipped=0 pseudo=541 anchors=482 mask_extra=59 reject_rel=25 DURRmatch=457/2164 rescue=8 teacher_empty=92 hall=39/4064 loss=8.1905 sfseg=8.1349 mard=2.0514 dir=1.3890 res=0.0015 hallL=0.4104 route E/S=27547/6915
[E03] batch=001/153 pseudo=3 loss=6.6937 sfseg=6.3904 seg=0.8677 mard=2.0725 λM=0.0000 DURR(dir/res/hall)=1.1350/0.0000/6.4482 λD=0.400 route=195 E/S=144/51 rescue=0 empty=1 hall=1/562 FG/HBG/EBG=24/0/1152 grad=92.36
[E03] batch=010/153 pseudo=4 loss=4.9857 sfseg=4.9545 seg=0.4717 mard=2.1175 λM=0.0000 DURR(dir/res/hall)=0.7580/0.0000/0.0000 λD=0.412 route=288 E/S=226/62 rescue=0 empty=0 hall=0/0 FG/HBG/EBG=32/0/1536 grad=30.08
[E03] batch=020/153 pseudo=2 loss=3.0506 sfseg=2.9891 seg=0.4318 mard=2.0305 λM=0.0000 DURR(dir/res/hall)=1.4470/0.0000/0.0000 λD=0.425 route=243 E/S=209/34 rescue=0 empty=2 hall=0/0 FG/HBG/EBG=16/0/768 grad=30.15
[E03] batch=030/153 pseudo=3 loss=3.8422 sfseg=3.8010 seg=0.5051 mard=2.0699 λM=0.0000 DURR(dir/res/hall)=0.9404/0.0000/0.0004 λD=0.438 route=210 E/S=179/31 rescue=0 empty=1 hall=1/0 FG/HBG/EBG=24/0/1152 grad=55.24
[E03] batch=040/153 pseudo=4 loss=7.6983 sfseg=7.6542 seg=0.4853 mard=2.0400 λM=0.0000 DURR(dir/res/hall)=0.9781/0.0000/0.0000 λD=0.451 route=255 E/S=217/38 rescue=0 empty=0 hall=0/0 FG/HBG/EBG=32/0/1536 grad=315.90
[E03] batch=050/153 pseudo=3 loss=4.5040 sfseg=4.4459 seg=0.4206 mard=2.0949 λM=0.0000 DURR(dir/res/hall)=1.2522/0.0000/0.0000 λD=0.464 route=83 E/S=56/27 rescue=0 empty=1 hall=0/0 FG/HBG/EBG=24/0/1152 grad=24.19
[E03] batch=060/153 pseudo=5 loss=7.0719 sfseg=7.0314 seg=0.5921 mard=2.0382 λM=0.0000 DURR(dir/res/hall)=0.8472/0.0000/0.0000 λD=0.477 route=606 E/S=560/46 rescue=0 empty=0 hall=0/0 FG/HBG/EBG=40/0/1536 grad=151.40
[E03] batch=070/153 pseudo=3 loss=6.4689 sfseg=6.4058 seg=0.5030 mard=2.1067 λM=0.0000 DURR(dir/res/hall)=1.2861/0.0000/0.0002 λD=0.490 route=45 E/S=35/10 rescue=0 empty=1 hall=1/0 FG/HBG/EBG=24/0/1152 grad=55.68
[E03] batch=080/153 pseudo=3 loss=17.3123 sfseg=17.2654 seg=1.8118 mard=2.0293 λM=0.0000 DURR(dir/res/hall)=0.9335/0.0000/0.0000 λD=0.503 route=190 E/S=174/16 rescue=0 empty=1 hall=0/0 FG/HBG/EBG=24/0/1152 grad=240.11
[E03] batch=090/153 pseudo=4 loss=8.4330 sfseg=8.3672 seg=0.5395 mard=2.0408 λM=0.0000 DURR(dir/res/hall)=1.2758/0.0000/0.0000 λD=0.516 route=184 E/S=60/124 rescue=0 empty=0 hall=0/0 FG/HBG/EBG=32/0/1536 grad=56.21
[E03] batch=100/153 pseudo=2 loss=5.3306 sfseg=5.2641 seg=0.7761 mard=2.0683 λM=0.0000 DURR(dir/res/hall)=1.2556/0.0000/0.0000 λD=0.529 route=182 E/S=145/37 rescue=0 empty=2 hall=0/0 FG/HBG/EBG=16/0/768 grad=53.09
[E03] batch=110/153 pseudo=4 loss=4.7238 sfseg=4.6452 seg=0.3991 mard=2.1429 λM=0.0000 DURR(dir/res/hall)=1.4492/0.0000/0.0000 λD=0.542 route=166 E/S=141/25 rescue=0 empty=0 hall=0/0 FG/HBG/EBG=32/0/1536 grad=67.95
[E03] batch=120/153 pseudo=3 loss=4.6464 sfseg=4.5826 seg=0.4933 mard=2.1431 λM=0.0000 DURR(dir/res/hall)=1.1467/0.0000/0.0000 λD=0.556 route=144 E/S=65/79 rescue=0 empty=1 hall=0/0 FG/HBG/EBG=24/0/1152 grad=85.25
[E03] batch=130/153 pseudo=4 loss=12.5440 sfseg=12.4576 seg=0.8744 mard=2.0528 λM=0.0000 DURR(dir/res/hall)=1.5208/0.0000/0.0000 λD=0.569 route=78 E/S=63/15 rescue=0 empty=0 hall=0/0 FG/HBG/EBG=32/0/1536 grad=309.04
[E03] batch=140/153 pseudo=4 loss=4.8760 sfseg=4.7906 seg=0.6086 mard=2.1002 λM=0.0000 DURR(dir/res/hall)=1.4685/0.0000/0.0000 λD=0.582 route=153 E/S=119/34 rescue=0 empty=1 hall=0/0 FG/HBG/EBG=32/0/1152 grad=34.61
[E03] batch=150/153 pseudo=4 loss=4.6473 sfseg=4.5995 seg=0.5299 mard=2.0662 λM=0.0000 DURR(dir/res/hall)=0.8023/0.0000/0.0000 λD=0.595 route=216 E/S=117/99 rescue=0 empty=0 hall=0/0 FG/HBG/EBG=32/0/1536 grad=105.94
[E03] batch=153/153 pseudo=4 loss=3.9575 sfseg=3.8713 seg=0.3585 mard=2.0570 λM=0.0000 DURR(dir/res/hall)=1.4390/0.0000/0.0000 λD=0.599 route=389 E/S=318/71 rescue=0 empty=0 hall=0/0 FG/HBG/EBG=32/0/1536 grad=31.81

[Epoch 03] DONE time=37.3s valid=153 skipped=0 pseudo=524 anchors=468 mask_extra=56 reject_rel=31 DURRmatch=447/2132 rescue=6 teacher_empty=105 hall=47/8196 loss=7.7108 sfseg=7.6077 mard=2.0697 dir=1.4341 res=0.0016 hallL=0.6239 route E/S=26391/6572
[E04] batch=001/153 pseudo=3 loss=3.3460 sfseg=3.2842 seg=0.4464 mard=2.0559 λM=0.0000 DURR(dir/res/hall)=1.0307/0.0000/0.0000 λD=0.600 route=181 E/S=142/39 rescue=0 empty=1 hall=0/0 FG/HBG/EBG=24/0/1152 grad=21.52
[E04] batch=010/153 pseudo=4 loss=9.5454 sfseg=9.4436 seg=0.8738 mard=2.0457 λM=0.0000 DURR(dir/res/hall)=1.6629/0.0000/0.0000 λD=0.612 route=464 E/S=346/118 rescue=0 empty=0 hall=0/0 FG/HBG/EBG=32/0/1536 grad=204.25
[E04] batch=020/153 pseudo=3 loss=4.2827 sfseg=4.0808 seg=0.4194 mard=2.0705 λM=0.0000 DURR(dir/res/hall)=0.8022/0.0000/2.4298 λD=0.625 route=261 E/S=184/77 rescue=0 empty=1 hall=1/4 FG/HBG/EBG=24/0/1152 grad=27.58
[E04] batch=030/153 pseudo=4 loss=8.3598 sfseg=8.2929 seg=0.7635 mard=2.1339 λM=0.0000 DURR(dir/res/hall)=1.0498/0.0000/0.0000 λD=0.638 route=119 E/S=57/62 rescue=0 empty=0 hall=0/0 FG/HBG/EBG=32/0/1536 grad=83.66
[E04] batch=040/153 pseudo=3 loss=5.6974 sfseg=5.6400 seg=0.5564 mard=2.0320 λM=0.0000 DURR(dir/res/hall)=0.8817/0.0000/0.0000 λD=0.651 route=87 E/S=59/28 rescue=0 empty=1 hall=0/0 FG/HBG/EBG=24/0/1152 grad=74.80
[E04] batch=050/153 pseudo=3 loss=5.1676 sfseg=5.0695 seg=0.5405 mard=2.0529 λM=0.0000 DURR(dir/res/hall)=0.8369/0.3202/0.0000 λD=0.664 route=120 E/S=92/28 rescue=1 empty=1 hall=0/0 FG/HBG/EBG=24/0/1152 grad=140.94
[E04] batch=060/153 pseudo=3 loss=2.7751 sfseg=2.7373 seg=0.3149 mard=2.0484 λM=0.0000 DURR(dir/res/hall)=0.5569/0.0000/0.0009 λD=0.677 route=118 E/S=89/29 rescue=0 empty=1 hall=1/0 FG/HBG/EBG=24/0/1152 grad=25.73
[E04] batch=070/153 pseudo=3 loss=3.1990 sfseg=3.1286 seg=0.3939 mard=2.0497 λM=0.0000 DURR(dir/res/hall)=1.0176/0.0000/0.0018 λD=0.690 route=58 E/S=37/21 rescue=0 empty=1 hall=1/0 FG/HBG/EBG=24/0/1152 grad=39.20
[E04] batch=080/153 pseudo=2 loss=5.8778 sfseg=5.8123 seg=1.0781 mard=2.1907 λM=0.0000 DURR(dir/res/hall)=0.9304/0.0000/0.0004 λD=0.703 route=61 E/S=27/34 rescue=0 empty=2 hall=1/0 FG/HBG/EBG=16/0/768 grad=115.12
[E04] batch=090/153 pseudo=5 loss=9.2353 sfseg=9.2008 seg=0.7816 mard=2.1279 λM=0.0000 DURR(dir/res/hall)=0.4820/0.0000/0.0000 λD=0.716 route=431 E/S=252/179 rescue=0 empty=0 hall=0/0 FG/HBG/EBG=40/0/1536 grad=105.03
[E04] batch=100/153 pseudo=3 loss=3.6728 sfseg=3.5356 seg=0.4629 mard=2.0574 λM=0.0000 DURR(dir/res/hall)=1.8800/0.0000/0.0000 λD=0.729 route=158 E/S=129/29 rescue=0 empty=1 hall=0/0 FG/HBG/EBG=24/0/1152 grad=29.56
[E04] batch=110/153 pseudo=3 loss=5.8648 sfseg=5.7776 seg=0.7310 mard=2.0305 λM=0.0000 DURR(dir/res/hall)=1.1749/0.0000/0.0000 λD=0.742 route=132 E/S=117/15 rescue=0 empty=1 hall=0/0 FG/HBG/EBG=24/0/1152 grad=77.84
[E04] batch=120/153 pseudo=4 loss=4.6084 sfseg=4.5675 seg=0.5150 mard=2.0473 λM=0.0000 DURR(dir/res/hall)=0.5411/0.0000/0.0000 λD=0.756 route=182 E/S=102/80 rescue=0 empty=0 hall=0/0 FG/HBG/EBG=32/0/1536 grad=32.36
[E04] batch=130/153 pseudo=2 loss=3.1399 sfseg=2.6247 seg=0.4840 mard=2.0707 λM=0.0000 DURR(dir/res/hall)=1.1102/0.0000/5.5920 λD=0.769 route=173 E/S=150/23 rescue=0 empty=2 hall=1/673 FG/HBG/EBG=16/0/768 grad=32.51
[E04] batch=140/153 pseudo=2 loss=3.6248 sfseg=3.5103 seg=0.5679 mard=2.1350 λM=0.0000 DURR(dir/res/hall)=1.4649/0.0000/0.0000 λD=0.782 route=25 E/S=19/6 rescue=0 empty=2 hall=0/0 FG/HBG/EBG=16/0/768 grad=60.35
[E04] batch=150/153 pseudo=3 loss=4.1279 sfseg=4.0281 seg=0.4098 mard=2.0691 λM=0.0000 DURR(dir/res/hall)=1.2550/0.0000/0.0000 λD=0.795 route=115 E/S=40/75 rescue=0 empty=1 hall=0/0 FG/HBG/EBG=24/0/1152 grad=46.04
[E04] batch=153/153 pseudo=3 loss=25.2745 sfseg=25.2321 seg=2.0537 mard=2.1353 λM=0.0000 DURR(dir/res/hall)=0.5311/0.0000/0.0000 λD=0.799 route=97 E/S=84/13 rescue=0 empty=1 hall=0/0 FG/HBG/EBG=24/0/1152 grad=139.51

[Epoch 04] DONE time=37.5s valid=153 skipped=0 pseudo=533 anchors=473 mask_extra=60 reject_rel=22 DURRmatch=451/2150 rescue=10 teacher_empty=100 hall=50/6827 loss=8.1193 sfseg=7.9785 mard=2.0649 dir=1.3629 res=0.0067 hallL=0.6385 route E/S=27666/7209
[E05] batch=001/153 pseudo=1 loss=1.7152 sfseg=1.3365 seg=0.2649 mard=2.0909 λM=0.0000 DURR(dir/res/hall)=1.5093/0.0000/3.2248 λD=0.800 route=29 E/S=11/18 rescue=0 empty=3 hall=2/1350 FG/HBG/EBG=8/0/384 grad=27.12
[E05] batch=010/153 pseudo=4 loss=6.6951 sfseg=6.5877 seg=0.6279 mard=2.0574 λM=0.0000 DURR(dir/res/hall)=1.3235/0.0000/0.0000 λD=0.812 route=379 E/S=331/48 rescue=0 empty=0 hall=0/0 FG/HBG/EBG=32/0/1536 grad=45.34
[E05] batch=020/153 pseudo=3 loss=7.5036 sfseg=7.3814 seg=0.9038 mard=2.0410 λM=0.0000 DURR(dir/res/hall)=1.4823/0.0000/0.0002 λD=0.825 route=404 E/S=390/14 rescue=0 empty=1 hall=1/0 FG/HBG/EBG=24/0/1152 grad=77.82
[E05] batch=030/153 pseudo=4 loss=6.0205 sfseg=5.9189 seg=0.4876 mard=1.9800 λM=0.0000 DURR(dir/res/hall)=1.2125/0.0000/0.0000 λD=0.838 route=293 E/S=211/82 rescue=0 empty=0 hall=0/0 FG/HBG/EBG=32/0/1536 grad=34.13
[E05] batch=040/153 pseudo=4 loss=9.5626 sfseg=9.4430 seg=1.0607 mard=2.0737 λM=0.0000 DURR(dir/res/hall)=1.4063/0.0000/0.0000 λD=0.851 route=262 E/S=158/104 rescue=0 empty=0 hall=0/0 FG/HBG/EBG=32/0/1536 grad=176.20
[E05] batch=050/153 pseudo=3 loss=5.7085 sfseg=5.6417 seg=0.6476 mard=2.0536 λM=0.0000 DURR(dir/res/hall)=0.7736/0.0000/0.0000 λD=0.864 route=279 E/S=228/51 rescue=0 empty=1 hall=0/0 FG/HBG/EBG=24/0/1152 grad=147.38
[E05] batch=060/153 pseudo=4 loss=7.2544 sfseg=7.1532 seg=0.5522 mard=2.0588 λM=0.0000 DURR(dir/res/hall)=1.1538/0.0000/0.0000 λD=0.877 route=215 E/S=193/22 rescue=0 empty=0 hall=0/0 FG/HBG/EBG=32/0/1536 grad=46.48
[E05] batch=070/153 pseudo=2 loss=5.6063 sfseg=5.5231 seg=1.2670 mard=2.0259 λM=0.0000 DURR(dir/res/hall)=0.9344/0.0000/0.0000 λD=0.890 route=257 E/S=123/134 rescue=0 empty=2 hall=0/0 FG/HBG/EBG=16/0/768 grad=164.68
[E05] batch=080/153 pseudo=5 loss=8.9201 sfseg=8.8275 seg=0.7188 mard=2.0389 λM=0.0000 DURR(dir/res/hall)=1.0253/0.0000/0.0000 λD=0.903 route=219 E/S=183/36 rescue=0 empty=0 hall=0/0 FG/HBG/EBG=40/0/1536 grad=65.58
[E05] batch=090/153 pseudo=3 loss=2.7030 sfseg=2.6147 seg=0.3341 mard=2.1545 λM=0.0000 DURR(dir/res/hall)=0.9638/0.0000/0.0000 λD=0.916 route=183 E/S=159/24 rescue=0 empty=1 hall=0/0 FG/HBG/EBG=24/0/1152 grad=60.09
[E05] batch=100/153 pseudo=2 loss=2.8608 sfseg=2.7678 seg=0.4039 mard=2.1570 λM=0.0000 DURR(dir/res/hall)=1.0000/0.0000/0.0000 λD=0.929 route=136 E/S=105/31 rescue=0 empty=2 hall=0/0 FG/HBG/EBG=16/0/768 grad=22.39
[E05] batch=110/153 pseudo=3 loss=5.9652 sfseg=5.8122 seg=0.5790 mard=2.1236 λM=0.0000 DURR(dir/res/hall)=1.6234/0.0000/0.0000 λD=0.942 route=138 E/S=103/35 rescue=0 empty=1 hall=0/0 FG/HBG/EBG=24/0/1152 grad=36.31
[E05] batch=120/153 pseudo=3 loss=4.9643 sfseg=4.8100 seg=0.4226 mard=2.0178 λM=0.0000 DURR(dir/res/hall)=1.6150/0.0000/0.0000 λD=0.956 route=95 E/S=51/44 rescue=0 empty=1 hall=0/0 FG/HBG/EBG=24/0/1152 grad=42.38
[E05] batch=130/153 pseudo=4 loss=7.3198 sfseg=7.1127 seg=0.3640 mard=2.0547 λM=0.0000 DURR(dir/res/hall)=2.1384/0.0000/0.0000 λD=0.969 route=160 E/S=120/40 rescue=0 empty=0 hall=0/0 FG/HBG/EBG=32/0/1536 grad=157.82
[E05] batch=140/153 pseudo=2 loss=3.0489 sfseg=2.9756 seg=0.4857 mard=2.0517 λM=0.0000 DURR(dir/res/hall)=0.7467/0.0000/0.0000 λD=0.982 route=361 E/S=324/37 rescue=0 empty=2 hall=0/0 FG/HBG/EBG=16/0/768 grad=23.56
[E05] batch=150/153 pseudo=4 loss=6.8730 sfseg=6.7537 seg=0.4602 mard=2.0620 λM=0.0000 DURR(dir/res/hall)=1.1991/0.0000/0.0000 λD=0.995 route=278 E/S=265/13 rescue=0 empty=0 hall=0/0 FG/HBG/EBG=32/0/1536 grad=163.26
[E05] batch=153/153 pseudo=3 loss=4.6489 sfseg=4.5930 seg=0.4332 mard=2.0650 λM=0.0000 DURR(dir/res/hall)=0.5593/0.0000/0.0001 λD=0.999 route=81 E/S=27/54 rescue=0 empty=1 hall=1/0 FG/HBG/EBG=24/0/1152 grad=38.34

[Epoch 05] DONE time=37.5s valid=153 skipped=0 pseudo=535 anchors=473 mask_extra=62 reject_rel=19 DURRmatch=443/2125 rescue=8 teacher_empty=94 hall=43/5361 loss=7.8260 sfseg=7.6743 mard=2.0655 dir=1.3009 res=0.0049 hallL=0.3887 route E/S=26847/6922
[E06] batch=001/153 pseudo=3 loss=6.5740 sfseg=6.5008 seg=0.5964 mard=2.0472 λM=0.0000 DURR(dir/res/hall)=0.7319/0.0000/0.0000 λD=1.000 route=222 E/S=142/80 rescue=0 empty=1 hall=0/0 FG/HBG/EBG=24/0/1152 grad=104.80
[E06] batch=010/153 pseudo=2 loss=2.3737 sfseg=1.9137 seg=0.3196 mard=2.0890 λM=0.0000 DURR(dir/res/hall)=0.8228/0.0000/3.7776 λD=1.000 route=47 E/S=43/4 rescue=0 empty=2 hall=1/4 FG/HBG/EBG=16/0/768 grad=30.81
[E06] batch=020/153 pseudo=3 loss=7.0333 sfseg=6.8116 seg=0.4591 mard=2.0682 λM=0.0000 DURR(dir/res/hall)=2.2162/0.0000/0.0015 λD=1.000 route=176 E/S=161/15 rescue=0 empty=1 hall=1/0 FG/HBG/EBG=24/0/1152 grad=376.20
[E06] batch=030/153 pseudo=2 loss=13.1173 sfseg=12.9483 seg=4.5993 mard=2.0526 λM=0.0000 DURR(dir/res/hall)=1.6896/0.0000/0.0000 λD=1.000 route=145 E/S=123/22 rescue=0 empty=2 hall=0/0 FG/HBG/EBG=16/0/768 grad=398.22
[E06] batch=040/153 pseudo=4 loss=18.0255 sfseg=17.8317 seg=1.1185 mard=2.0335 λM=0.0000 DURR(dir/res/hall)=1.9384/0.0000/0.0000 λD=1.000 route=327 E/S=301/26 rescue=0 empty=0 hall=0/0 FG/HBG/EBG=32/0/1536 grad=168.09
[E06] batch=050/153 pseudo=5 loss=8.8133 sfseg=8.7038 seg=0.8860 mard=2.0368 λM=0.0000 DURR(dir/res/hall)=1.0957/0.0000/0.0000 λD=1.000 route=268 E/S=214/54 rescue=0 empty=0 hall=0/0 FG/HBG/EBG=40/0/1536 grad=95.84
[E06] batch=060/153 pseudo=3 loss=11.0315 sfseg=11.0312 seg=1.0471 mard=2.0989 λM=0.0000 DURR(dir/res/hall)=0.0000/0.0000/0.0027 λD=1.000 route=0 E/S=0/0 rescue=0 empty=1 hall=1/0 FG/HBG/EBG=24/0/1152 grad=144.74
[E06] batch=070/153 pseudo=4 loss=11.4564 sfseg=11.3394 seg=0.8924 mard=2.0679 λM=0.0000 DURR(dir/res/hall)=1.1701/0.0000/0.0000 λD=1.000 route=599 E/S=355/244 rescue=0 empty=0 hall=0/0 FG/HBG/EBG=32/0/1536 grad=165.82
[E06] batch=080/153 pseudo=3 loss=4.2626 sfseg=4.1163 seg=0.5563 mard=2.0636 λM=0.0000 DURR(dir/res/hall)=1.4622/0.0000/0.0003 λD=1.000 route=194 E/S=157/37 rescue=0 empty=1 hall=1/0 FG/HBG/EBG=24/0/1152 grad=28.92
[E06] batch=090/153 pseudo=3 loss=10.5587 sfseg=9.9841 seg=0.8784 mard=2.0523 λM=0.0000 DURR(dir/res/hall)=0.9191/0.0000/4.8267 λD=1.000 route=254 E/S=187/67 rescue=0 empty=1 hall=1/179 FG/HBG/EBG=24/0/1152 grad=71.24
[E06] batch=100/153 pseudo=5 loss=5.5678 sfseg=5.4754 seg=0.4279 mard=2.0530 λM=0.0000 DURR(dir/res/hall)=0.9245/0.0000/0.0000 λD=1.000 route=302 E/S=277/25 rescue=0 empty=0 hall=0/0 FG/HBG/EBG=40/0/1536 grad=101.50
[E06] batch=110/153 pseudo=3 loss=13.7738 sfseg=13.6519 seg=1.0534 mard=2.0941 λM=0.0000 DURR(dir/res/hall)=1.2187/0.0000/0.0000 λD=1.000 route=89 E/S=66/23 rescue=0 empty=1 hall=0/0 FG/HBG/EBG=24/0/1152 grad=133.87
[E06] batch=120/153 pseudo=4 loss=9.7571 sfseg=9.5520 seg=0.7458 mard=2.1247 λM=0.0000 DURR(dir/res/hall)=2.0518/0.0000/0.0000 λD=1.000 route=301 E/S=258/43 rescue=0 empty=1 hall=0/0 FG/HBG/EBG=32/0/1152 grad=127.93
[E06] batch=130/153 pseudo=3 loss=6.8654 sfseg=6.7289 seg=0.4750 mard=2.0783 λM=0.0000 DURR(dir/res/hall)=1.3649/0.0000/0.0000 λD=1.000 route=176 E/S=127/49 rescue=0 empty=1 hall=0/0 FG/HBG/EBG=24/0/1152 grad=137.81
[E06] batch=140/153 pseudo=3 loss=6.6082 sfseg=6.5027 seg=0.4785 mard=2.0104 λM=0.0000 DURR(dir/res/hall)=1.0555/0.0000/0.0000 λD=1.000 route=123 E/S=91/32 rescue=0 empty=1 hall=0/0 FG/HBG/EBG=24/0/1152 grad=74.45
[E06] batch=150/153 pseudo=4 loss=7.2202 sfseg=7.0695 seg=0.5278 mard=2.1392 λM=0.0000 DURR(dir/res/hall)=1.5066/0.0000/0.0002 λD=1.000 route=365 E/S=316/49 rescue=0 empty=1 hall=1/0 FG/HBG/EBG=32/0/1152 grad=101.33
[E06] batch=153/153 pseudo=4 loss=16.3298 sfseg=16.2078 seg=0.7347 mard=2.1000 λM=0.0000 DURR(dir/res/hall)=1.2200/0.0000/0.0000 λD=1.000 route=287 E/S=248/39 rescue=0 empty=0 hall=0/0 FG/HBG/EBG=32/0/1536 grad=422.42

[Epoch 06] DONE time=37.3s valid=153 skipped=0 pseudo=534 anchors=479 mask_extra=55 reject_rel=19 DURRmatch=450/2156 rescue=9 teacher_empty=99 hall=48/7533 loss=7.9002 sfseg=7.7027 mard=2.0660 dir=1.3371 res=0.0078 hallL=0.6221 route E/S=26292/6976
[E07] batch=001/153 pseudo=4 loss=4.4201 sfseg=4.2958 seg=0.3466 mard=2.0612 λM=0.0000 DURR(dir/res/hall)=1.2436/0.0000/0.0000 λD=1.000 route=208 E/S=168/40 rescue=0 empty=0 hall=0/0 FG/HBG/EBG=32/0/1536 grad=36.29
[E07] batch=010/153 pseudo=3 loss=7.4375 sfseg=7.3578 seg=0.9485 mard=2.1235 λM=0.0000 DURR(dir/res/hall)=0.7961/0.0000/0.0000 λD=1.000 route=308 E/S=275/33 rescue=0 empty=1 hall=1/0 FG/HBG/EBG=24/0/1152 grad=112.74
[E07] batch=020/153 pseudo=4 loss=6.3334 sfseg=6.2242 seg=0.5115 mard=2.0109 λM=0.0000 DURR(dir/res/hall)=1.0923/0.0000/0.0000 λD=1.000 route=363 E/S=330/33 rescue=0 empty=0 hall=0/0 FG/HBG/EBG=32/0/1536 grad=37.57
[E07] batch=030/153 pseudo=3 loss=11.1194 sfseg=11.0318 seg=1.3573 mard=2.0831 λM=0.0000 DURR(dir/res/hall)=0.8755/0.0000/0.0000 λD=1.000 route=221 E/S=153/68 rescue=0 empty=1 hall=0/0 FG/HBG/EBG=24/0/1152 grad=291.57
[E07] batch=040/153 pseudo=3 loss=7.6489 sfseg=7.5776 seg=0.8507 mard=2.0862 λM=0.0000 DURR(dir/res/hall)=0.7128/0.0000/0.0000 λD=1.000 route=266 E/S=215/51 rescue=0 empty=1 hall=0/0 FG/HBG/EBG=24/0/1152 grad=317.30
[E07] batch=050/153 pseudo=4 loss=4.2064 sfseg=4.1079 seg=0.3266 mard=2.0699 λM=0.0000 DURR(dir/res/hall)=0.9850/0.0000/0.0000 λD=1.000 route=307 E/S=271/36 rescue=0 empty=0 hall=0/0 FG/HBG/EBG=32/0/1536 grad=34.83
[E07] batch=060/153 pseudo=4 loss=7.2517 sfseg=7.1845 seg=0.6283 mard=2.0340 λM=0.0000 DURR(dir/res/hall)=0.6725/0.0000/0.0000 λD=1.000 route=178 E/S=120/58 rescue=0 empty=0 hall=0/0 FG/HBG/EBG=32/0/1536 grad=94.60
[E07] batch=070/153 pseudo=5 loss=8.0084 sfseg=7.9306 seg=0.6180 mard=2.0202 λM=0.0000 DURR(dir/res/hall)=0.7785/0.0000/0.0000 λD=1.000 route=103 E/S=66/37 rescue=0 empty=0 hall=0/0 FG/HBG/EBG=40/0/1536 grad=128.14
[E07] batch=080/153 pseudo=4 loss=7.2770 sfseg=7.1106 seg=0.4773 mard=2.0967 λM=0.0000 DURR(dir/res/hall)=1.6561/0.0041/0.0000 λD=1.000 route=211 E/S=172/39 rescue=1 empty=0 hall=0/0 FG/HBG/EBG=32/0/1536 grad=276.32
[E07] batch=090/153 pseudo=4 loss=6.0259 sfseg=5.9030 seg=0.4306 mard=2.0624 λM=0.0000 DURR(dir/res/hall)=1.2294/0.0000/0.0000 λD=1.000 route=183 E/S=165/18 rescue=0 empty=0 hall=0/0 FG/HBG/EBG=32/0/1536 grad=97.00
[E07] batch=100/153 pseudo=3 loss=3.0091 sfseg=2.9118 seg=0.3390 mard=2.1543 λM=0.0000 DURR(dir/res/hall)=0.9723/0.0000/0.0000 λD=1.000 route=83 E/S=54/29 rescue=0 empty=1 hall=0/0 FG/HBG/EBG=24/0/1152 grad=27.14
[E07] batch=110/153 pseudo=3 loss=4.3267 sfseg=3.6437 seg=0.3689 mard=2.1329 λM=0.0000 DURR(dir/res/hall)=0.8986/0.0000/5.9317 λD=1.000 route=81 E/S=62/19 rescue=0 empty=1 hall=1/133 FG/HBG/EBG=24/0/1152 grad=42.95
[E07] batch=120/153 pseudo=4 loss=5.2459 sfseg=5.1285 seg=0.3835 mard=2.0259 λM=0.0000 DURR(dir/res/hall)=1.1219/0.0261/0.0000 λD=1.000 route=305 E/S=280/25 rescue=1 empty=0 hall=0/0 FG/HBG/EBG=32/0/1536 grad=36.07
[E07] batch=130/153 pseudo=4 loss=6.5024 sfseg=6.3316 seg=0.5070 mard=2.0649 λM=0.0000 DURR(dir/res/hall)=1.3674/0.1705/0.0000 λD=1.000 route=125 E/S=112/13 rescue=1 empty=0 hall=0/0 FG/HBG/EBG=32/0/1536 grad=75.40
[E07] batch=140/153 pseudo=1 loss=3.5763 sfseg=2.7464 seg=0.6831 mard=2.0197 λM=0.0000 DURR(dir/res/hall)=2.6225/0.0000/5.6768 λD=1.000 route=78 E/S=68/10 rescue=0 empty=3 hall=1/1070 FG/HBG/EBG=8/0/384 grad=23.12
[E07] batch=150/153 pseudo=3 loss=3.3280 sfseg=3.2290 seg=0.3051 mard=2.0597 λM=0.0000 DURR(dir/res/hall)=0.9899/0.0000/0.0000 λD=1.000 route=147 E/S=129/18 rescue=0 empty=1 hall=0/0 FG/HBG/EBG=24/0/1152 grad=67.78
[E07] batch=153/153 pseudo=3 loss=16.5892 sfseg=16.3005 seg=1.1591 mard=2.1469 λM=0.0000 DURR(dir/res/hall)=2.8870/0.0000/0.0000 λD=1.000 route=213 E/S=167/46 rescue=0 empty=1 hall=0/0 FG/HBG/EBG=24/0/1152 grad=164.41

[Epoch 07] DONE time=37.3s valid=153 skipped=0 pseudo=536 anchors=473 mask_extra=63 reject_rel=23 DURRmatch=447/2147 rescue=7 teacher_empty=95 hall=48/9914 loss=7.6842 sfseg=7.4867 mard=2.0657 dir=1.2952 res=0.0020 hallL=0.6758 route E/S=26651/6852
[E08] batch=001/153 pseudo=4 loss=4.4309 sfseg=4.3316 seg=0.3637 mard=2.0933 λM=0.0000 DURR(dir/res/hall)=0.9929/0.0000/0.0000 λD=1.000 route=373 E/S=310/63 rescue=0 empty=0 hall=0/0 FG/HBG/EBG=32/0/1536 grad=31.31
[E08] batch=010/153 pseudo=3 loss=14.7129 sfseg=14.5899 seg=1.1186 mard=2.1303 λM=0.0000 DURR(dir/res/hall)=1.2164/0.0000/0.0142 λD=1.000 route=257 E/S=230/27 rescue=0 empty=1 hall=1/0 FG/HBG/EBG=24/0/1152 grad=151.01
[E08] batch=020/153 pseudo=2 loss=1.7050 sfseg=1.5885 seg=0.2514 mard=2.0357 λM=0.0000 DURR(dir/res/hall)=1.1648/0.0000/0.0000 λD=1.000 route=116 E/S=105/11 rescue=0 empty=2 hall=0/0 FG/HBG/EBG=16/0/768 grad=12.89
[E08] batch=030/153 pseudo=3 loss=5.7541 sfseg=5.6373 seg=0.4917 mard=2.1599 λM=0.0000 DURR(dir/res/hall)=1.1680/0.0000/0.0000 λD=1.000 route=213 E/S=154/59 rescue=0 empty=1 hall=0/0 FG/HBG/EBG=24/0/1152 grad=78.12
[E08] batch=040/153 pseudo=3 loss=3.7195 sfseg=3.6591 seg=0.4227 mard=1.9977 λM=0.0000 DURR(dir/res/hall)=0.6035/0.0000/0.0000 λD=1.000 route=108 E/S=70/38 rescue=0 empty=2 hall=1/0 FG/HBG/EBG=24/0/768 grad=19.60
[E08] batch=050/153 pseudo=4 loss=7.7894 sfseg=7.6707 seg=0.7348 mard=2.0695 λM=0.0000 DURR(dir/res/hall)=1.1870/0.0000/0.0000 λD=1.000 route=637 E/S=589/48 rescue=0 empty=0 hall=0/0 FG/HBG/EBG=32/0/1536 grad=82.38
[E08] batch=060/153 pseudo=5 loss=8.3588 sfseg=8.3082 seg=0.5515 mard=2.0448 λM=0.0000 DURR(dir/res/hall)=0.5059/0.0000/0.0000 λD=1.000 route=127 E/S=109/18 rescue=0 empty=0 hall=0/0 FG/HBG/EBG=40/0/1536 grad=115.06
[E08] batch=070/153 pseudo=3 loss=4.8367 sfseg=4.7317 seg=0.4648 mard=2.0322 λM=0.0000 DURR(dir/res/hall)=1.0495/0.0000/0.0000 λD=1.000 route=172 E/S=131/41 rescue=0 empty=1 hall=0/0 FG/HBG/EBG=24/0/1152 grad=76.80
[E08] batch=080/153 pseudo=3 loss=5.4641 sfseg=5.3727 seg=0.5812 mard=2.0219 λM=0.0000 DURR(dir/res/hall)=0.9132/0.0000/0.0000 λD=1.000 route=251 E/S=213/38 rescue=0 empty=1 hall=0/0 FG/HBG/EBG=24/0/1152 grad=47.40
[E08] batch=090/153 pseudo=3 loss=5.3250 sfseg=5.2019 seg=0.4960 mard=2.0635 λM=0.0000 DURR(dir/res/hall)=1.2310/0.0000/0.0000 λD=1.000 route=210 E/S=126/84 rescue=0 empty=1 hall=0/0 FG/HBG/EBG=24/0/1152 grad=49.47
[E08] batch=100/153 pseudo=3 loss=18.5624 sfseg=18.2391 seg=2.1859 mard=2.0491 λM=0.0000 DURR(dir/res/hall)=3.0416/0.0959/0.0000 λD=1.000 route=408 E/S=305/103 rescue=1 empty=1 hall=0/0 FG/HBG/EBG=24/0/1152 grad=308.18
[E08] batch=110/153 pseudo=4 loss=11.3119 sfseg=11.0667 seg=0.4970 mard=2.0987 λM=0.0000 DURR(dir/res/hall)=2.3684/0.0417/0.0000 λD=1.000 route=70 E/S=51/19 rescue=1 empty=0 hall=0/0 FG/HBG/EBG=32/0/1536 grad=139.98
[E08] batch=120/153 pseudo=4 loss=9.2995 sfseg=9.1751 seg=0.6876 mard=2.0371 λM=0.0000 DURR(dir/res/hall)=1.2435/0.0000/0.0000 λD=1.000 route=234 E/S=190/44 rescue=0 empty=0 hall=0/0 FG/HBG/EBG=32/0/1536 grad=182.41
[E08] batch=130/153 pseudo=3 loss=5.0809 sfseg=4.9706 seg=0.4832 mard=2.0241 λM=0.0000 DURR(dir/res/hall)=1.1035/0.0000/0.0000 λD=1.000 route=31 E/S=17/14 rescue=0 empty=1 hall=0/0 FG/HBG/EBG=24/0/1152 grad=53.15
[E08] batch=140/153 pseudo=4 loss=5.3832 sfseg=5.2823 seg=0.3815 mard=2.0562 λM=0.0000 DURR(dir/res/hall)=1.0083/0.0000/0.0000 λD=1.000 route=111 E/S=55/56 rescue=0 empty=0 hall=0/0 FG/HBG/EBG=32/0/1536 grad=79.34
[E08] batch=150/153 pseudo=4 loss=8.8931 sfseg=8.7783 seg=0.8208 mard=2.0563 λM=0.0000 DURR(dir/res/hall)=1.1486/0.0000/0.0000 λD=1.000 route=91 E/S=82/9 rescue=0 empty=1 hall=0/0 FG/HBG/EBG=32/0/1152 grad=140.26
[E08] batch=153/153 pseudo=5 loss=9.7813 sfseg=9.6594 seg=0.4960 mard=2.0332 λM=0.0000 DURR(dir/res/hall)=1.1266/0.0459/0.0000 λD=1.000 route=274 E/S=197/77 rescue=1 empty=0 hall=0/0 FG/HBG/EBG=40/0/1536 grad=208.99

[Epoch 08] DONE time=37.4s valid=153 skipped=0 pseudo=532 anchors=477 mask_extra=55 reject_rel=26 DURRmatch=453/2162 rescue=8 teacher_empty=103 hall=43/7287 loss=7.6699 sfseg=7.4926 mard=2.0649 dir=1.2504 res=0.0024 hallL=0.5180 route E/S=26511/7420
[E09] batch=001/153 pseudo=3 loss=11.9078 sfseg=11.5760 seg=1.4147 mard=2.0670 λM=0.0000 DURR(dir/res/hall)=0.7960/0.0000/2.5229 λD=1.000 route=206 E/S=201/5 rescue=0 empty=1 hall=1/31 FG/HBG/EBG=24/0/1152 grad=158.99
[E09] batch=010/153 pseudo=4 loss=3.6752 sfseg=3.5829 seg=0.2753 mard=2.0806 λM=0.0000 DURR(dir/res/hall)=0.9239/0.0000/0.0000 λD=1.000 route=198 E/S=163/35 rescue=0 empty=0 hall=0/0 FG/HBG/EBG=32/0/1536 grad=40.16
[E09] batch=020/153 pseudo=2 loss=3.1271 sfseg=2.4281 seg=0.4821 mard=2.1207 λM=0.0000 DURR(dir/res/hall)=2.8298/0.0000/4.1601 λD=1.000 route=39 E/S=15/24 rescue=0 empty=2 hall=1/1130 FG/HBG/EBG=16/0/768 grad=40.12
[E09] batch=030/153 pseudo=4 loss=4.6604 sfseg=4.6162 seg=0.4032 mard=2.1328 λM=0.0000 DURR(dir/res/hall)=0.4414/0.0000/0.0000 λD=1.000 route=203 E/S=142/61 rescue=0 empty=0 hall=0/0 FG/HBG/EBG=32/0/1536 grad=171.88
[E09] batch=040/153 pseudo=4 loss=29.9896 sfseg=29.9066 seg=2.0394 mard=2.1369 λM=0.0000 DURR(dir/res/hall)=0.8303/0.0000/0.0000 λD=1.000 route=189 E/S=80/109 rescue=0 empty=0 hall=0/0 FG/HBG/EBG=32/0/1536 grad=235.47
[E09] batch=050/153 pseudo=4 loss=5.3356 sfseg=4.6468 seg=0.4763 mard=2.0300 λM=0.0000 DURR(dir/res/hall)=1.4407/0.0000/5.4467 λD=1.000 route=556 E/S=529/27 rescue=0 empty=1 hall=1/507 FG/HBG/EBG=32/0/1152 grad=190.54
[E09] batch=060/153 pseudo=3 loss=6.4858 sfseg=6.3842 seg=0.6609 mard=2.0311 λM=0.0000 DURR(dir/res/hall)=1.0148/0.0000/0.0013 λD=1.000 route=229 E/S=204/25 rescue=0 empty=1 hall=1/0 FG/HBG/EBG=24/0/1152 grad=51.10
[E09] batch=070/153 pseudo=1 loss=1.5043 sfseg=1.3235 seg=0.2345 mard=2.0425 λM=0.0000 DURR(dir/res/hall)=1.8039/0.0000/0.0041 λD=1.000 route=24 E/S=17/7 rescue=0 empty=3 hall=1/0 FG/HBG/EBG=8/0/384 grad=20.66
[E09] batch=080/153 pseudo=3 loss=6.4038 sfseg=6.3015 seg=1.4123 mard=2.0624 λM=0.0000 DURR(dir/res/hall)=1.0229/0.0000/0.0000 λD=1.000 route=170 E/S=149/21 rescue=0 empty=1 hall=0/0 FG/HBG/EBG=24/0/1152 grad=54.46
[E09] batch=090/153 pseudo=4 loss=4.5996 sfseg=3.9407 seg=0.3403 mard=2.0293 λM=0.0000 DURR(dir/res/hall)=1.2658/0.0000/5.3233 λD=1.000 route=64 E/S=57/7 rescue=0 empty=1 hall=1/592 FG/HBG/EBG=32/0/1152 grad=32.08
[E09] batch=100/153 pseudo=4 loss=7.9366 sfseg=7.8149 seg=0.6739 mard=2.0356 λM=0.0000 DURR(dir/res/hall)=1.0195/0.0990/0.0000 λD=1.000 route=238 E/S=189/49 rescue=1 empty=0 hall=0/0 FG/HBG/EBG=32/0/1536 grad=71.47
[E09] batch=110/153 pseudo=3 loss=3.6708 sfseg=3.1591 seg=0.3773 mard=2.1340 λM=0.0000 DURR(dir/res/hall)=0.7890/0.0000/4.3287 λD=1.000 route=130 E/S=83/47 rescue=0 empty=1 hall=1/463 FG/HBG/EBG=24/0/1152 grad=34.62
[E09] batch=120/153 pseudo=3 loss=3.0504 sfseg=2.9177 seg=0.2577 mard=2.0705 λM=0.0000 DURR(dir/res/hall)=1.3278/0.0000/0.0000 λD=1.000 route=159 E/S=139/20 rescue=0 empty=1 hall=0/0 FG/HBG/EBG=24/0/1152 grad=31.31
[E09] batch=130/153 pseudo=5 loss=15.0516 sfseg=14.9303 seg=2.3787 mard=2.0724 λM=0.0000 DURR(dir/res/hall)=1.2127/0.0000/0.0000 λD=1.000 route=459 E/S=262/197 rescue=0 empty=0 hall=0/0 FG/HBG/EBG=40/0/1536 grad=73.61
[E09] batch=140/153 pseudo=4 loss=7.6802 sfseg=7.5965 seg=0.4255 mard=2.0564 λM=0.0000 DURR(dir/res/hall)=0.8361/0.0000/0.0000 λD=1.000 route=111 E/S=81/30 rescue=0 empty=0 hall=0/0 FG/HBG/EBG=32/0/1536 grad=110.56
[E09] batch=150/153 pseudo=3 loss=6.6534 sfseg=6.5198 seg=0.6100 mard=2.1423 λM=0.0000 DURR(dir/res/hall)=1.3366/0.0000/0.0002 λD=1.000 route=220 E/S=210/10 rescue=0 empty=1 hall=1/0 FG/HBG/EBG=24/0/1152 grad=169.71
[E09] batch=153/153 pseudo=4 loss=5.1527 sfseg=5.0227 seg=0.7112 mard=2.0546 λM=0.0000 DURR(dir/res/hall)=1.0266/0.1368/0.0000 λD=1.000 route=170 E/S=125/45 rescue=1 empty=1 hall=0/0 FG/HBG/EBG=32/0/1152 grad=71.27

[Epoch 09] DONE time=37.4s valid=153 skipped=0 pseudo=534 anchors=469 mask_extra=65 reject_rel=28 DURRmatch=441/2109 rescue=8 teacher_empty=99 hall=44/7424 loss=7.4479 sfseg=7.2637 mard=2.0686 dir=1.2864 res=0.0027 hallL=0.5501 route E/S=25631/6529
[E10] batch=001/153 pseudo=4 loss=5.8035 sfseg=5.7087 seg=0.5244 mard=2.0409 λM=0.0000 DURR(dir/res/hall)=0.9475/0.0000/0.0000 λD=1.000 route=355 E/S=293/62 rescue=0 empty=0 hall=0/0 FG/HBG/EBG=32/0/1536 grad=55.52
[E10] batch=010/153 pseudo=3 loss=16.8933 sfseg=16.5102 seg=1.5790 mard=2.0536 λM=0.0000 DURR(dir/res/hall)=1.6311/0.0000/2.1999 λD=1.000 route=266 E/S=207/59 rescue=0 empty=1 hall=1/12 FG/HBG/EBG=24/0/1152 grad=140.42
[E10] batch=020/153 pseudo=3 loss=4.9479 sfseg=4.3429 seg=0.4273 mard=2.0556 λM=0.0000 DURR(dir/res/hall)=1.3705/0.0000/4.6801 λD=1.000 route=92 E/S=81/11 rescue=0 empty=1 hall=1/627 FG/HBG/EBG=24/0/1152 grad=44.82
[E10] batch=030/153 pseudo=4 loss=12.2460 sfseg=12.1581 seg=1.0367 mard=2.0302 λM=0.0000 DURR(dir/res/hall)=0.8785/0.0000/0.0000 λD=1.000 route=237 E/S=204/33 rescue=0 empty=0 hall=0/0 FG/HBG/EBG=32/0/1536 grad=102.24
[E10] batch=040/153 pseudo=4 loss=12.6443 sfseg=12.4786 seg=0.9991 mard=2.0869 λM=0.0000 DURR(dir/res/hall)=1.6567/0.0000/0.0000 λD=1.000 route=324 E/S=273/51 rescue=0 empty=0 hall=0/0 FG/HBG/EBG=32/0/1536 grad=79.05
[E10] batch=050/153 pseudo=3 loss=20.9422 sfseg=20.5603 seg=1.6376 mard=2.0430 λM=0.0000 DURR(dir/res/hall)=0.8159/0.0000/3.0032 λD=1.000 route=130 E/S=114/16 rescue=0 empty=1 hall=1/74 FG/HBG/EBG=24/0/1152 grad=240.76
[E10] batch=060/153 pseudo=3 loss=6.6264 sfseg=6.4989 seg=0.3757 mard=2.1692 λM=0.0000 DURR(dir/res/hall)=1.2736/0.0000/0.0010 λD=1.000 route=124 E/S=119/5 rescue=0 empty=1 hall=1/0 FG/HBG/EBG=24/0/1152 grad=252.64
[E10] batch=070/153 pseudo=4 loss=3.8938 sfseg=3.7506 seg=0.3711 mard=2.0798 λM=0.0000 DURR(dir/res/hall)=1.4321/0.0000/0.0000 λD=1.000 route=185 E/S=158/27 rescue=0 empty=1 hall=0/0 FG/HBG/EBG=32/0/1152 grad=19.61
[E10] batch=080/153 pseudo=2 loss=11.8491 sfseg=11.7745 seg=2.1511 mard=2.0409 λM=0.0000 DURR(dir/res/hall)=0.7463/0.0000/0.0000 λD=1.000 route=245 E/S=179/66 rescue=0 empty=2 hall=0/0 FG/HBG/EBG=16/0/768 grad=97.03
[E10] batch=090/153 pseudo=5 loss=7.8258 sfseg=7.7062 seg=0.7337 mard=2.0173 λM=0.0000 DURR(dir/res/hall)=1.1964/0.0000/0.0000 λD=1.000 route=268 E/S=206/62 rescue=0 empty=0 hall=0/0 FG/HBG/EBG=40/0/1536 grad=52.96
[E10] batch=100/153 pseudo=4 loss=15.4116 sfseg=15.2531 seg=1.0128 mard=2.0518 λM=0.0000 DURR(dir/res/hall)=1.5843/0.0000/0.0000 λD=1.000 route=274 E/S=160/114 rescue=0 empty=0 hall=0/0 FG/HBG/EBG=32/0/1536 grad=381.64
[E10] batch=110/153 pseudo=4 loss=5.4230 sfseg=5.2896 seg=0.5447 mard=2.0120 λM=0.0000 DURR(dir/res/hall)=1.3338/0.0000/0.0000 λD=1.000 route=205 E/S=181/24 rescue=0 empty=0 hall=0/0 FG/HBG/EBG=32/0/1536 grad=42.38
[E10] batch=120/153 pseudo=4 loss=8.6787 sfseg=8.5422 seg=0.5056 mard=2.0569 λM=0.0000 DURR(dir/res/hall)=1.3652/0.0000/0.0000 λD=1.000 route=365 E/S=313/52 rescue=0 empty=0 hall=0/0 FG/HBG/EBG=32/0/1536 grad=160.56
[E10] batch=130/153 pseudo=4 loss=4.5160 sfseg=4.4071 seg=0.3474 mard=2.1057 λM=0.0000 DURR(dir/res/hall)=1.0891/0.0000/0.0000 λD=1.000 route=165 E/S=97/68 rescue=0 empty=0 hall=0/0 FG/HBG/EBG=32/0/1536 grad=44.43
[E10] batch=140/153 pseudo=5 loss=11.3162 sfseg=11.1880 seg=0.9052 mard=2.0757 λM=0.0000 DURR(dir/res/hall)=1.2668/0.0073/0.0000 λD=1.000 route=347 E/S=307/40 rescue=1 empty=0 hall=0/0 FG/HBG/EBG=40/0/1536 grad=123.14
[E10] batch=150/153 pseudo=2 loss=4.0237 sfseg=3.5508 seg=0.5824 mard=2.1085 λM=0.0000 DURR(dir/res/hall)=0.7786/0.0000/3.9506 λD=1.000 route=139 E/S=103/36 rescue=0 empty=2 hall=1/279 FG/HBG/EBG=16/0/768 grad=64.23
[E10] batch=153/153 pseudo=2 loss=10.9425 sfseg=10.7634 seg=2.0622 mard=2.0981 λM=0.0000 DURR(dir/res/hall)=1.7909/0.0000/0.0003 λD=1.000 route=425 E/S=312/113 rescue=0 empty=2 hall=1/0 FG/HBG/EBG=16/0/768 grad=151.85

[Epoch 10] DONE time=37.3s valid=153 skipped=0 pseudo=539 anchors=473 mask_extra=66 reject_rel=21 DURRmatch=447/2141 rescue=9 teacher_empty=91 hall=44/5906 loss=7.7659 sfseg=7.5986 mard=2.0652 dir=1.2604 res=0.0019 hallL=0.4085 route E/S=27445/6750
[SAVE Student] /home/dang/MedRT-SFOD/runs/seg/ablation/k2c_maskdhf_durr_v1_60ep/checkpoints/durr_student_epoch_10.pt
[SAVE Teacher] /home/dang/MedRT-SFOD/runs/seg/ablation/k2c_maskdhf_durr_v1_60ep/checkpoints/durr_teacher_ema_epoch_10.pt
[E11] batch=001/153 pseudo=4 loss=4.9921 sfseg=4.8673 seg=0.3887 mard=2.1112 λM=0.0000 DURR(dir/res/hall)=1.2484/0.0000/0.0000 λD=1.000 route=216 E/S=171/45 rescue=0 empty=0 hall=0/0 FG/HBG/EBG=32/0/1536 grad=44.13
[E11] batch=010/153 pseudo=3 loss=4.0762 sfseg=3.9544 seg=0.3660 mard=2.1330 λM=0.0000 DURR(dir/res/hall)=1.2173/0.0000/0.0000 λD=1.000 route=324 E/S=319/5 rescue=0 empty=1 hall=0/0 FG/HBG/EBG=24/0/1152 grad=23.64
[E11] batch=020/153 pseudo=4 loss=4.8588 sfseg=4.7687 seg=0.3781 mard=2.1209 λM=0.0000 DURR(dir/res/hall)=0.9008/0.0000/0.0000 λD=1.000 route=203 E/S=163/40 rescue=0 empty=0 hall=0/0 FG/HBG/EBG=32/0/1536 grad=41.83
[E11] batch=030/153 pseudo=2 loss=4.0934 sfseg=3.6392 seg=1.1739 mard=2.0510 λM=0.0000 DURR(dir/res/hall)=0.7188/0.3346/3.1543 λD=1.000 route=25 E/S=16/9 rescue=1 empty=2 hall=1/22 FG/HBG/EBG=16/0/768 grad=141.53
[E11] batch=040/153 pseudo=2 loss=7.5718 sfseg=6.9132 seg=1.1783 mard=1.9812 λM=0.0000 DURR(dir/res/hall)=0.0000/0.0000/6.5861 λD=1.000 route=0 E/S=0/0 rescue=0 empty=2 hall=1/492 FG/HBG/EBG=16/0/768 grad=95.18
[E11] batch=050/153 pseudo=3 loss=16.4430 sfseg=16.2953 seg=1.7264 mard=2.0520 λM=0.0000 DURR(dir/res/hall)=1.4779/0.0000/0.0000 λD=1.000 route=580 E/S=570/10 rescue=0 empty=1 hall=0/0 FG/HBG/EBG=24/0/1152 grad=292.93
[E11] batch=060/153 pseudo=3 loss=7.9044 sfseg=7.8373 seg=1.0382 mard=2.0335 λM=0.0000 DURR(dir/res/hall)=0.5281/0.0716/0.0000 λD=1.000 route=78 E/S=50/28 rescue=1 empty=1 hall=0/0 FG/HBG/EBG=24/0/1152 grad=106.74
[E11] batch=070/153 pseudo=5 loss=3.4960 sfseg=3.4133 seg=0.3412 mard=2.1373 λM=0.0000 DURR(dir/res/hall)=0.8264/0.0000/0.0000 λD=1.000 route=224 E/S=183/41 rescue=0 empty=0 hall=0/0 FG/HBG/EBG=40/0/1536 grad=28.95
[E11] batch=080/153 pseudo=3 loss=3.3685 sfseg=3.2534 seg=0.3810 mard=2.0841 λM=0.0000 DURR(dir/res/hall)=1.1448/0.0000/0.0068 λD=1.000 route=180 E/S=151/29 rescue=0 empty=1 hall=1/0 FG/HBG/EBG=24/0/1152 grad=29.57
[E11] batch=090/153 pseudo=5 loss=7.1102 sfseg=7.0228 seg=0.5735 mard=2.0177 λM=0.0000 DURR(dir/res/hall)=0.8742/0.0000/0.0000 λD=1.000 route=215 E/S=179/36 rescue=0 empty=0 hall=0/0 FG/HBG/EBG=40/0/1536 grad=107.01
[E11] batch=100/153 pseudo=4 loss=6.6256 sfseg=6.4977 seg=0.4898 mard=2.1317 λM=0.0000 DURR(dir/res/hall)=1.2785/0.0000/0.0000 λD=1.000 route=249 E/S=208/41 rescue=0 empty=1 hall=0/0 FG/HBG/EBG=32/0/1152 grad=69.19
[E11] batch=110/153 pseudo=3 loss=5.5086 sfseg=5.3056 seg=0.3928 mard=2.1004 λM=0.0000 DURR(dir/res/hall)=2.0308/0.0000/0.0000 λD=1.000 route=103 E/S=83/20 rescue=0 empty=1 hall=0/0 FG/HBG/EBG=24/0/1152 grad=36.88
[E11] batch=120/153 pseudo=3 loss=4.5080 sfseg=4.4233 seg=0.3440 mard=2.1139 λM=0.0000 DURR(dir/res/hall)=0.8470/0.0000/0.0000 λD=1.000 route=104 E/S=76/28 rescue=0 empty=1 hall=1/0 FG/HBG/EBG=24/0/1152 grad=30.37
[E11] batch=130/153 pseudo=3 loss=3.9663 sfseg=3.6571 seg=0.3622 mard=2.0967 λM=0.0000 DURR(dir/res/hall)=0.7694/0.0000/2.3224 λD=1.000 route=123 E/S=96/27 rescue=0 empty=1 hall=1/80 FG/HBG/EBG=24/0/1152 grad=37.78
[E11] batch=140/153 pseudo=5 loss=5.8363 sfseg=5.7448 seg=0.5538 mard=2.0573 λM=0.0000 DURR(dir/res/hall)=0.9153/0.0000/0.0000 λD=1.000 route=291 E/S=240/51 rescue=0 empty=0 hall=0/0 FG/HBG/EBG=40/0/1536 grad=58.93
[E11] batch=150/153 pseudo=4 loss=4.8261 sfseg=4.7136 seg=0.3240 mard=2.0480 λM=0.0000 DURR(dir/res/hall)=1.1248/0.0000/0.0000 λD=1.000 route=348 E/S=284/64 rescue=0 empty=0 hall=0/0 FG/HBG/EBG=32/0/1536 grad=28.67
[E11] batch=153/153 pseudo=4 loss=16.2240 sfseg=15.9716 seg=1.1786 mard=2.0855 λM=0.0000 DURR(dir/res/hall)=2.5241/0.0000/0.0000 λD=1.000 route=194 E/S=142/52 rescue=0 empty=1 hall=0/0 FG/HBG/EBG=32/0/1152 grad=246.12

[Epoch 11] DONE time=37.5s valid=153 skipped=0 pseudo=529 anchors=469 mask_extra=60 reject_rel=25 DURRmatch=450/2162 rescue=8 teacher_empty=100 hall=42/4241 loss=6.9096 sfseg=6.7403 mard=2.0665 dir=1.2394 res=0.0046 hallL=0.4443 route E/S=26661/7326
[E12] batch=001/153 pseudo=3 loss=18.0910 sfseg=17.9729 seg=1.5818 mard=2.1048 λM=0.0000 DURR(dir/res/hall)=1.1684/0.0000/0.0128 λD=1.000 route=280 E/S=236/44 rescue=0 empty=1 hall=1/0 FG/HBG/EBG=24/0/1152 grad=745.30
[E12] batch=010/153 pseudo=3 loss=6.7913 sfseg=6.6584 seg=0.9438 mard=2.0085 λM=0.0000 DURR(dir/res/hall)=1.3290/0.0000/0.0000 λD=1.000 route=212 E/S=129/83 rescue=0 empty=1 hall=0/0 FG/HBG/EBG=24/0/1152 grad=58.03
[E12] batch=020/153 pseudo=3 loss=7.3912 sfseg=7.3418 seg=0.6453 mard=2.0237 λM=0.0000 DURR(dir/res/hall)=0.4941/0.0000/0.0000 λD=1.000 route=107 E/S=92/15 rescue=0 empty=1 hall=0/0 FG/HBG/EBG=24/0/1152 grad=165.42
[E12] batch=030/153 pseudo=5 loss=4.2123 sfseg=4.1301 seg=0.3156 mard=2.0605 λM=0.0000 DURR(dir/res/hall)=0.8229/0.0000/0.0000 λD=1.000 route=235 E/S=193/42 rescue=0 empty=0 hall=0/0 FG/HBG/EBG=40/0/1536 grad=26.07
[E12] batch=040/153 pseudo=4 loss=4.9622 sfseg=4.8688 seg=0.3350 mard=2.0527 λM=0.0000 DURR(dir/res/hall)=0.9130/0.0107/0.0000 λD=1.000 route=63 E/S=50/13 rescue=1 empty=0 hall=0/0 FG/HBG/EBG=32/0/1536 grad=121.77
[E12] batch=050/153 pseudo=3 loss=2.7628 sfseg=2.7000 seg=0.3347 mard=2.0523 λM=0.0000 DURR(dir/res/hall)=0.6236/0.0000/0.0047 λD=1.000 route=200 E/S=173/27 rescue=0 empty=1 hall=1/0 FG/HBG/EBG=24/0/1152 grad=19.61
[E12] batch=060/153 pseudo=3 loss=9.9008 sfseg=9.2577 seg=0.7854 mard=2.0797 λM=0.0000 DURR(dir/res/hall)=0.9907/0.0000/5.4401 λD=1.000 route=414 E/S=403/11 rescue=0 empty=1 hall=1/391 FG/HBG/EBG=24/0/1152 grad=155.19
[E12] batch=070/153 pseudo=4 loss=4.8783 sfseg=4.7839 seg=0.5042 mard=2.0166 λM=0.0000 DURR(dir/res/hall)=0.9439/0.0000/0.0000 λD=1.000 route=243 E/S=162/81 rescue=0 empty=0 hall=0/0 FG/HBG/EBG=32/0/1536 grad=64.27
[E12] batch=080/153 pseudo=4 loss=14.9388 sfseg=14.7439 seg=0.5478 mard=2.0270 λM=0.0000 DURR(dir/res/hall)=1.9495/0.0000/0.0000 λD=1.000 route=555 E/S=492/63 rescue=0 empty=0 hall=0/0 FG/HBG/EBG=32/0/1536 grad=329.76
[E12] batch=090/153 pseudo=2 loss=2.3104 sfseg=2.0239 seg=0.3726 mard=2.1712 λM=0.0000 DURR(dir/res/hall)=0.5620/0.0000/2.3032 λD=1.000 route=61 E/S=51/10 rescue=0 empty=2 hall=2/17 FG/HBG/EBG=16/0/768 grad=32.04
[E12] batch=100/153 pseudo=4 loss=5.9437 sfseg=5.8505 seg=0.6282 mard=2.1008 λM=0.0000 DURR(dir/res/hall)=0.9327/0.0000/0.0000 λD=1.000 route=305 E/S=275/30 rescue=0 empty=0 hall=0/0 FG/HBG/EBG=32/0/1536 grad=62.33
[E12] batch=110/153 pseudo=3 loss=3.7034 sfseg=3.6045 seg=0.4533 mard=2.1223 λM=0.0000 DURR(dir/res/hall)=0.9895/0.0000/0.0000 λD=1.000 route=94 E/S=46/48 rescue=0 empty=1 hall=0/0 FG/HBG/EBG=24/0/1152 grad=33.72
[E12] batch=120/153 pseudo=4 loss=6.9692 sfseg=6.8575 seg=0.4784 mard=2.0534 λM=0.0000 DURR(dir/res/hall)=1.1171/0.0000/0.0000 λD=1.000 route=159 E/S=143/16 rescue=0 empty=0 hall=0/0 FG/HBG/EBG=32/0/1536 grad=97.07
[E12] batch=130/153 pseudo=4 loss=4.8637 sfseg=4.6725 seg=0.3881 mard=2.0881 λM=0.0000 DURR(dir/res/hall)=1.9118/0.0000/0.0000 λD=1.000 route=190 E/S=154/36 rescue=0 empty=0 hall=0/0 FG/HBG/EBG=32/0/1536 grad=36.82
[E12] batch=140/153 pseudo=2 loss=2.0017 sfseg=1.8885 seg=0.3548 mard=2.0292 λM=0.0000 DURR(dir/res/hall)=1.1327/0.0000/0.0000 λD=1.000 route=99 E/S=54/45 rescue=0 empty=2 hall=0/0 FG/HBG/EBG=16/0/768 grad=17.97
[E12] batch=150/153 pseudo=4 loss=3.1580 sfseg=3.0909 seg=0.2540 mard=2.0428 λM=0.0000 DURR(dir/res/hall)=0.6704/0.0000/0.0000 λD=1.000 route=152 E/S=89/63 rescue=0 empty=0 hall=0/0 FG/HBG/EBG=32/0/1536 grad=32.35
[E12] batch=153/153 pseudo=3 loss=20.5095 sfseg=19.9921 seg=1.5067 mard=2.1210 λM=0.0000 DURR(dir/res/hall)=1.8409/0.0000/3.3322 λD=1.000 route=223 E/S=169/54 rescue=0 empty=1 hall=1/812 FG/HBG/EBG=24/0/1152 grad=544.27

[Epoch 12] DONE time=37.3s valid=153 skipped=0 pseudo=536 anchors=479 mask_extra=57 reject_rel=23 DURRmatch=453/2166 rescue=8 teacher_empty=94 hall=44/4506 loss=6.8301 sfseg=6.6618 mard=2.0672 dir=1.1921 res=0.0025 hallL=0.4866 route E/S=27185/6745
[E13] batch=001/153 pseudo=4 loss=3.1445 sfseg=2.9951 seg=0.2431 mard=2.0546 λM=0.0000 DURR(dir/res/hall)=1.4939/0.0000/0.0000 λD=1.000 route=161 E/S=128/33 rescue=0 empty=0 hall=0/0 FG/HBG/EBG=32/0/1536 grad=25.28
[E13] batch=010/153 pseudo=3 loss=3.1584 sfseg=2.9655 seg=0.3118 mard=2.0288 λM=0.0000 DURR(dir/res/hall)=1.8443/0.0422/0.0000 λD=1.000 route=76 E/S=48/28 rescue=1 empty=1 hall=0/0 FG/HBG/EBG=24/0/1152 grad=19.68
[E13] batch=020/153 pseudo=3 loss=4.4298 sfseg=4.3161 seg=0.5061 mard=2.0612 λM=0.0000 DURR(dir/res/hall)=1.1365/0.0000/0.0000 λD=1.000 route=413 E/S=397/16 rescue=0 empty=1 hall=0/0 FG/HBG/EBG=24/0/1152 grad=55.50
[E13] batch=030/153 pseudo=4 loss=3.9406 sfseg=3.7907 seg=0.2776 mard=2.0796 λM=0.0000 DURR(dir/res/hall)=1.4988/0.0000/0.0000 λD=1.000 route=160 E/S=109/51 rescue=0 empty=0 hall=0/0 FG/HBG/EBG=32/0/1536 grad=22.25
[E13] batch=040/153 pseudo=4 loss=3.3589 sfseg=3.2554 seg=0.2808 mard=2.0563 λM=0.0000 DURR(dir/res/hall)=1.0344/0.0000/0.0000 λD=1.000 route=177 E/S=143/34 rescue=0 empty=0 hall=0/0 FG/HBG/EBG=32/0/1536 grad=30.61
[E13] batch=050/153 pseudo=5 loss=12.6426 sfseg=12.5188 seg=1.3223 mard=2.0618 λM=0.0000 DURR(dir/res/hall)=1.2384/0.0000/0.0000 λD=1.000 route=298 E/S=253/45 rescue=0 empty=0 hall=0/0 FG/HBG/EBG=40/0/1536 grad=373.06
[E13] batch=060/153 pseudo=3 loss=1.9688 sfseg=1.8677 seg=0.2167 mard=2.1530 λM=0.0000 DURR(dir/res/hall)=1.0112/0.0000/0.0000 λD=1.000 route=121 E/S=72/49 rescue=0 empty=1 hall=0/0 FG/HBG/EBG=24/0/1152 grad=20.90
[E13] batch=070/153 pseudo=2 loss=2.4974 sfseg=2.3843 seg=0.5281 mard=2.1539 λM=0.0000 DURR(dir/res/hall)=1.1314/0.0000/0.0000 λD=1.000 route=111 E/S=68/43 rescue=0 empty=2 hall=0/0 FG/HBG/EBG=16/0/768 grad=30.66
[E13] batch=080/153 pseudo=3 loss=2.8632 sfseg=2.4025 seg=0.3117 mard=2.1073 λM=0.0000 DURR(dir/res/hall)=0.8936/0.0000/3.7134 λD=1.000 route=116 E/S=87/29 rescue=0 empty=1 hall=1/298 FG/HBG/EBG=24/0/1152 grad=29.13
[E13] batch=090/153 pseudo=3 loss=5.0962 sfseg=4.3124 seg=0.2391 mard=2.0999 λM=0.0000 DURR(dir/res/hall)=1.6321/0.0000/6.2063 λD=1.000 route=24 E/S=17/7 rescue=0 empty=1 hall=1/536 FG/HBG/EBG=24/0/1152 grad=92.42
[E13] batch=100/153 pseudo=4 loss=3.5835 sfseg=3.4733 seg=0.3407 mard=2.1106 λM=0.0000 DURR(dir/res/hall)=1.1022/0.0000/0.0000 λD=1.000 route=242 E/S=169/73 rescue=0 empty=0 hall=0/0 FG/HBG/EBG=32/0/1536 grad=50.25
[E13] batch=110/153 pseudo=4 loss=24.6501 sfseg=24.5562 seg=3.3585 mard=2.0423 λM=0.0000 DURR(dir/res/hall)=0.9390/0.0000/0.0000 λD=1.000 route=528 E/S=454/74 rescue=0 empty=0 hall=0/0 FG/HBG/EBG=32/0/1536 grad=115.93
[E13] batch=120/153 pseudo=3 loss=3.3182 sfseg=3.2258 seg=0.3468 mard=2.0969 λM=0.0000 DURR(dir/res/hall)=0.9231/0.0000/0.0007 λD=1.000 route=309 E/S=238/71 rescue=0 empty=1 hall=1/0 FG/HBG/EBG=24/0/1152 grad=39.15
[E13] batch=130/153 pseudo=3 loss=2.4248 sfseg=2.3049 seg=0.2454 mard=2.0783 λM=0.0000 DURR(dir/res/hall)=1.1927/0.0000/0.0064 λD=1.000 route=134 E/S=126/8 rescue=0 empty=1 hall=1/0 FG/HBG/EBG=24/0/1152 grad=27.41
[E13] batch=140/153 pseudo=4 loss=4.7669 sfseg=4.6399 seg=0.3663 mard=2.0203 λM=0.0000 DURR(dir/res/hall)=1.2698/0.0000/0.0000 λD=1.000 route=262 E/S=235/27 rescue=0 empty=0 hall=0/0 FG/HBG/EBG=32/0/1536 grad=32.83
[E13] batch=150/153 pseudo=3 loss=8.5006 sfseg=8.4297 seg=0.8430 mard=2.0817 λM=0.0000 DURR(dir/res/hall)=0.7059/0.0000/0.0029 λD=1.000 route=80 E/S=53/27 rescue=0 empty=1 hall=1/0 FG/HBG/EBG=24/0/1152 grad=122.46
[E13] batch=153/153 pseudo=4 loss=8.2597 sfseg=8.0225 seg=0.3575 mard=2.0699 λM=0.0000 DURR(dir/res/hall)=2.3720/0.0000/0.0000 λD=1.000 route=173 E/S=144/29 rescue=0 empty=0 hall=0/0 FG/HBG/EBG=32/0/1536 grad=49.15

[Epoch 13] DONE time=37.3s valid=153 skipped=0 pseudo=532 anchors=472 mask_extra=60 reject_rel=28 DURRmatch=448/2137 rescue=8 teacher_empty=101 hall=42/4283 loss=6.2832 sfseg=6.1193 mard=2.0689 dir=1.2286 res=0.0043 hallL=0.4022 route E/S=26524/7098
[E14] batch=001/153 pseudo=2 loss=2.1858 sfseg=2.0787 seg=0.5426 mard=2.0506 λM=0.0000 DURR(dir/res/hall)=1.0718/0.0000/0.0001 λD=1.000 route=78 E/S=50/28 rescue=0 empty=2 hall=1/0 FG/HBG/EBG=16/0/768 grad=24.02
[E14] batch=010/153 pseudo=4 loss=5.0348 sfseg=4.8904 seg=0.2813 mard=2.0357 λM=0.0000 DURR(dir/res/hall)=1.4443/0.0000/0.0000 λD=1.000 route=214 E/S=168/46 rescue=0 empty=0 hall=0/0 FG/HBG/EBG=32/0/1536 grad=34.30
[E14] batch=020/153 pseudo=2 loss=3.4661 sfseg=3.3418 seg=0.8965 mard=2.1180 λM=0.0000 DURR(dir/res/hall)=1.2417/0.0000/0.0006 λD=1.000 route=145 E/S=128/17 rescue=0 empty=2 hall=2/0 FG/HBG/EBG=16/0/768 grad=148.01
[E14] batch=030/153 pseudo=3 loss=3.2527 sfseg=3.1538 seg=0.3040 mard=2.0444 λM=0.0000 DURR(dir/res/hall)=0.9895/0.0000/0.0000 λD=1.000 route=113 E/S=95/18 rescue=0 empty=1 hall=0/0 FG/HBG/EBG=24/0/1152 grad=38.51
[E14] batch=040/153 pseudo=4 loss=4.6511 sfseg=4.5517 seg=0.4483 mard=2.0966 λM=0.0000 DURR(dir/res/hall)=0.9936/0.0000/0.0000 λD=1.000 route=133 E/S=106/27 rescue=0 empty=0 hall=0/0 FG/HBG/EBG=32/0/1536 grad=44.57
[E14] batch=050/153 pseudo=3 loss=16.4577 sfseg=16.3353 seg=1.9497 mard=2.0851 λM=0.0000 DURR(dir/res/hall)=1.2242/0.0000/0.0000 λD=1.000 route=376 E/S=295/81 rescue=0 empty=1 hall=0/0 FG/HBG/EBG=24/0/1152 grad=309.21
[E14] batch=060/153 pseudo=3 loss=5.5223 sfseg=5.3090 seg=0.7861 mard=2.0817 λM=0.0000 DURR(dir/res/hall)=2.1332/0.0000/0.0000 λD=1.000 route=179 E/S=115/64 rescue=0 empty=1 hall=0/0 FG/HBG/EBG=24/0/1152 grad=268.52
[E14] batch=070/153 pseudo=4 loss=4.6249 sfseg=4.4779 seg=0.4725 mard=2.0601 λM=0.0000 DURR(dir/res/hall)=1.3588/0.0555/0.0000 λD=1.000 route=208 E/S=164/44 rescue=1 empty=0 hall=0/0 FG/HBG/EBG=32/0/1536 grad=43.39
[E14] batch=080/153 pseudo=3 loss=2.0892 sfseg=1.9528 seg=0.2379 mard=2.1218 λM=0.0000 DURR(dir/res/hall)=1.2745/0.0435/0.0020 λD=1.000 route=85 E/S=66/19 rescue=1 empty=1 hall=1/0 FG/HBG/EBG=24/0/1152 grad=22.65
[E14] batch=090/153 pseudo=4 loss=14.7468 sfseg=14.6961 seg=0.6873 mard=2.0580 λM=0.0000 DURR(dir/res/hall)=0.5071/0.0000/0.0000 λD=1.000 route=158 E/S=98/60 rescue=0 empty=0 hall=0/0 FG/HBG/EBG=32/0/1536 grad=335.60
[E14] batch=100/153 pseudo=4 loss=5.3341 sfseg=5.2386 seg=0.3674 mard=2.0246 λM=0.0000 DURR(dir/res/hall)=0.9548/0.0000/0.0000 λD=1.000 route=192 E/S=142/50 rescue=0 empty=0 hall=0/0 FG/HBG/EBG=32/0/1536 grad=35.07
[E14] batch=110/153 pseudo=3 loss=3.5357 sfseg=3.4544 seg=0.4009 mard=2.1024 λM=0.0000 DURR(dir/res/hall)=0.8125/0.0000/0.0000 λD=1.000 route=244 E/S=210/34 rescue=0 empty=1 hall=0/0 FG/HBG/EBG=24/0/1152 grad=24.29
[E14] batch=120/153 pseudo=4 loss=4.9355 sfseg=4.8426 seg=0.3506 mard=2.0318 λM=0.0000 DURR(dir/res/hall)=0.9285/0.0000/0.0000 λD=1.000 route=154 E/S=129/25 rescue=0 empty=0 hall=0/0 FG/HBG/EBG=32/0/1536 grad=84.83
[E14] batch=130/153 pseudo=5 loss=5.9719 sfseg=5.8405 seg=0.5283 mard=2.0393 λM=0.0000 DURR(dir/res/hall)=0.9612/0.1766/0.0000 λD=1.000 route=231 E/S=209/22 rescue=1 empty=0 hall=0/0 FG/HBG/EBG=40/0/1536 grad=42.60
[E14] batch=140/153 pseudo=4 loss=3.9677 sfseg=3.8559 seg=0.3065 mard=1.9982 λM=0.0000 DURR(dir/res/hall)=1.1177/0.0000/0.0000 λD=1.000 route=178 E/S=153/25 rescue=0 empty=1 hall=1/0 FG/HBG/EBG=32/0/1152 grad=65.49
[E14] batch=150/153 pseudo=3 loss=4.9343 sfseg=4.7575 seg=0.5368 mard=2.0679 λM=0.0000 DURR(dir/res/hall)=1.7685/0.0000/0.0000 λD=1.000 route=185 E/S=149/36 rescue=0 empty=1 hall=0/0 FG/HBG/EBG=24/0/1152 grad=54.22
[E14] batch=153/153 pseudo=4 loss=6.1147 sfseg=5.9645 seg=0.4159 mard=2.1285 λM=0.0000 DURR(dir/res/hall)=1.5012/0.0000/0.0000 λD=1.000 route=186 E/S=156/30 rescue=0 empty=0 hall=0/0 FG/HBG/EBG=32/0/1536 grad=71.64

[Epoch 14] DONE time=37.3s valid=153 skipped=0 pseudo=536 anchors=473 mask_extra=63 reject_rel=23 DURRmatch=450/2142 rescue=9 teacher_empty=96 hall=38/5169 loss=6.4983 sfseg=6.3435 mard=2.0689 dir=1.2266 res=0.0055 hallL=0.3105 route E/S=26524/6686
[E15] batch=001/153 pseudo=4 loss=7.8306 sfseg=7.7217 seg=0.5223 mard=2.0106 λM=0.0000 DURR(dir/res/hall)=1.0894/0.0000/0.0000 λD=1.000 route=174 E/S=125/49 rescue=0 empty=0 hall=0/0 FG/HBG/EBG=32/0/1536 grad=108.30
[E15] batch=010/153 pseudo=5 loss=5.2258 sfseg=5.0946 seg=0.4662 mard=2.0524 λM=0.0000 DURR(dir/res/hall)=1.2735/0.0191/0.0000 λD=1.000 route=183 E/S=164/19 rescue=1 empty=0 hall=0/0 FG/HBG/EBG=40/0/1536 grad=43.50
[E15] batch=020/153 pseudo=4 loss=6.5781 sfseg=6.4424 seg=0.6164 mard=2.0969 λM=0.0000 DURR(dir/res/hall)=1.3567/0.0000/0.0000 λD=1.000 route=234 E/S=195/39 rescue=0 empty=0 hall=0/0 FG/HBG/EBG=32/0/1536 grad=108.78
[E15] batch=030/153 pseudo=3 loss=4.3962 sfseg=4.1694 seg=0.3818 mard=2.0541 λM=0.0000 DURR(dir/res/hall)=2.2684/0.0000/0.0000 λD=1.000 route=97 E/S=30/67 rescue=0 empty=1 hall=0/0 FG/HBG/EBG=24/0/1152 grad=82.29
[E15] batch=040/153 pseudo=5 loss=6.9239 sfseg=6.8070 seg=0.7975 mard=2.0709 λM=0.0000 DURR(dir/res/hall)=1.1685/0.0000/0.0000 λD=1.000 route=337 E/S=293/44 rescue=0 empty=0 hall=0/0 FG/HBG/EBG=40/0/1536 grad=72.68
[E15] batch=050/153 pseudo=3 loss=4.8350 sfseg=4.6954 seg=0.3937 mard=2.0747 λM=0.0000 DURR(dir/res/hall)=1.3954/0.0000/0.0000 λD=1.000 route=37 E/S=17/20 rescue=0 empty=1 hall=0/0 FG/HBG/EBG=24/0/1152 grad=35.63
[E15] batch=060/153 pseudo=2 loss=1.8775 sfseg=1.7665 seg=0.3579 mard=2.0871 λM=0.0000 DURR(dir/res/hall)=1.1101/0.0000/0.0000 λD=1.000 route=101 E/S=88/13 rescue=0 empty=2 hall=0/0 FG/HBG/EBG=16/0/768 grad=18.55
[E15] batch=070/153 pseudo=3 loss=6.0054 sfseg=5.9002 seg=0.4053 mard=2.0322 λM=0.0000 DURR(dir/res/hall)=1.0508/0.0000/0.0015 λD=1.000 route=136 E/S=104/32 rescue=0 empty=1 hall=1/0 FG/HBG/EBG=24/0/1152 grad=58.30
[E15] batch=080/153 pseudo=4 loss=12.0458 sfseg=11.9010 seg=0.6981 mard=2.0309 λM=0.0000 DURR(dir/res/hall)=1.4479/0.0000/0.0000 λD=1.000 route=481 E/S=307/174 rescue=0 empty=0 hall=0/0 FG/HBG/EBG=32/0/1536 grad=321.73
[E15] batch=090/153 pseudo=2 loss=2.9618 sfseg=2.4369 seg=0.3767 mard=2.0224 λM=0.0000 DURR(dir/res/hall)=0.3760/0.0162/4.8408 λD=1.000 route=78 E/S=50/28 rescue=1 empty=2 hall=1/1406 FG/HBG/EBG=16/0/768 grad=44.70
[E15] batch=100/153 pseudo=3 loss=4.0398 sfseg=3.9034 seg=0.3764 mard=2.0744 λM=0.0000 DURR(dir/res/hall)=1.3644/0.0000/0.0000 λD=1.000 route=146 E/S=118/28 rescue=0 empty=1 hall=0/0 FG/HBG/EBG=24/0/1152 grad=65.16
[E15] batch=110/153 pseudo=4 loss=2.6388 sfseg=2.5375 seg=0.2284 mard=2.1520 λM=0.0000 DURR(dir/res/hall)=1.0128/0.0000/0.0000 λD=1.000 route=278 E/S=221/57 rescue=0 empty=0 hall=0/0 FG/HBG/EBG=32/0/1536 grad=18.87
[E15] batch=120/153 pseudo=4 loss=8.4374 sfseg=8.3300 seg=0.4955 mard=2.0404 λM=0.0000 DURR(dir/res/hall)=1.0741/0.0000/0.0000 λD=1.000 route=243 E/S=166/77 rescue=0 empty=1 hall=0/0 FG/HBG/EBG=32/0/1152 grad=291.62
[E15] batch=130/153 pseudo=3 loss=2.7438 sfseg=2.0678 seg=0.2152 mard=2.0990 λM=0.0000 DURR(dir/res/hall)=0.8505/0.0000/5.9091 λD=1.000 route=262 E/S=211/51 rescue=0 empty=1 hall=1/505 FG/HBG/EBG=24/0/1152 grad=21.61
[E15] batch=140/153 pseudo=3 loss=3.3850 sfseg=3.2575 seg=0.2862 mard=2.0878 λM=0.0000 DURR(dir/res/hall)=1.2744/0.0000/0.0000 λD=1.000 route=160 E/S=109/51 rescue=0 empty=1 hall=0/0 FG/HBG/EBG=24/0/1152 grad=49.55
[E15] batch=150/153 pseudo=2 loss=1.4643 sfseg=1.3052 seg=0.1775 mard=2.0904 λM=0.0000 DURR(dir/res/hall)=1.5911/0.0000/0.0001 λD=1.000 route=54 E/S=35/19 rescue=0 empty=2 hall=1/0 FG/HBG/EBG=16/0/768 grad=13.73
[E15] batch=153/153 pseudo=2 loss=2.1016 sfseg=1.7317 seg=0.2595 mard=2.0627 λM=0.0000 DURR(dir/res/hall)=0.8743/0.0000/2.8250 λD=1.000 route=120 E/S=88/32 rescue=0 empty=2 hall=2/143 FG/HBG/EBG=16/0/768 grad=16.76

[Epoch 15] DONE time=37.6s valid=153 skipped=0 pseudo=537 anchors=479 mask_extra=58 reject_rel=23 DURRmatch=452/2163 rescue=8 teacher_empty=96 hall=40/8092 loss=6.5225 sfseg=6.3461 mard=2.0683 dir=1.3069 res=0.0019 hallL=0.4539 route E/S=27194/7243
[E16] batch=001/153 pseudo=3 loss=6.1691 sfseg=6.0298 seg=0.3593 mard=2.1253 λM=0.0000 DURR(dir/res/hall)=1.3933/0.0000/0.0000 λD=1.000 route=80 E/S=61/19 rescue=0 empty=1 hall=0/0 FG/HBG/EBG=24/0/1152 grad=118.90
[E16] batch=010/153 pseudo=4 loss=2.9603 sfseg=2.7665 seg=0.2406 mard=2.0309 λM=0.0000 DURR(dir/res/hall)=1.9381/0.0000/0.0000 λD=1.000 route=114 E/S=82/32 rescue=0 empty=0 hall=0/0 FG/HBG/EBG=32/0/1536 grad=25.82
[E16] batch=020/153 pseudo=4 loss=4.8178 sfseg=4.7111 seg=0.3749 mard=2.0388 λM=0.0000 DURR(dir/res/hall)=1.0670/0.0000/0.0000 λD=1.000 route=317 E/S=274/43 rescue=0 empty=0 hall=0/0 FG/HBG/EBG=32/0/1536 grad=37.93
[E16] batch=030/153 pseudo=3 loss=27.2333 sfseg=27.0060 seg=1.5103 mard=2.0973 λM=0.0000 DURR(dir/res/hall)=2.2728/0.0000/0.0000 λD=1.000 route=733 E/S=567/166 rescue=0 empty=1 hall=0/0 FG/HBG/EBG=24/0/1152 grad=302.96
[E16] batch=040/153 pseudo=3 loss=2.1422 sfseg=2.0748 seg=0.2306 mard=2.0655 λM=0.0000 DURR(dir/res/hall)=0.6733/0.0000/0.0009 λD=1.000 route=125 E/S=86/39 rescue=0 empty=1 hall=1/0 FG/HBG/EBG=24/0/1152 grad=23.16
[E16] batch=050/153 pseudo=2 loss=4.4394 sfseg=3.8601 seg=0.8060 mard=2.0832 λM=0.0000 DURR(dir/res/hall)=0.8900/0.0000/4.9028 λD=1.000 route=134 E/S=108/26 rescue=0 empty=2 hall=1/206 FG/HBG/EBG=16/0/768 grad=115.44
[E16] batch=060/153 pseudo=3 loss=5.4690 sfseg=5.2740 seg=0.6727 mard=2.0373 λM=0.0000 DURR(dir/res/hall)=1.9502/0.0000/0.0000 λD=1.000 route=171 E/S=117/54 rescue=0 empty=1 hall=0/0 FG/HBG/EBG=24/0/1152 grad=71.10
[E16] batch=070/153 pseudo=4 loss=7.7806 sfseg=7.6604 seg=0.4098 mard=2.0868 λM=0.0000 DURR(dir/res/hall)=1.2017/0.0000/0.0000 λD=1.000 route=176 E/S=153/23 rescue=0 empty=0 hall=0/0 FG/HBG/EBG=32/0/1536 grad=354.16
[E16] batch=080/153 pseudo=2 loss=4.6222 sfseg=4.4590 seg=0.4108 mard=2.0549 λM=0.0000 DURR(dir/res/hall)=1.6325/0.0000/0.0000 λD=1.000 route=345 E/S=323/22 rescue=0 empty=2 hall=0/0 FG/HBG/EBG=16/0/768 grad=154.75
[E16] batch=090/153 pseudo=4 loss=3.4333 sfseg=3.3609 seg=0.4323 mard=2.0699 λM=0.0000 DURR(dir/res/hall)=0.7242/0.0000/0.0000 λD=1.000 route=193 E/S=79/114 rescue=0 empty=1 hall=0/0 FG/HBG/EBG=32/0/1152 grad=16.50
[E16] batch=100/153 pseudo=1 loss=1.2812 sfseg=0.6986 seg=0.2850 mard=2.1121 λM=0.0000 DURR(dir/res/hall)=0.9107/0.0000/4.9159 λD=1.000 route=27 E/S=11/16 rescue=0 empty=3 hall=1/186 FG/HBG/EBG=8/0/384 grad=14.96
[E16] batch=110/153 pseudo=4 loss=3.7727 sfseg=3.6506 seg=0.3052 mard=2.0392 λM=0.0000 DURR(dir/res/hall)=1.2207/0.0000/0.0000 λD=1.000 route=176 E/S=164/12 rescue=0 empty=0 hall=0/0 FG/HBG/EBG=32/0/1536 grad=42.92
[E16] batch=120/153 pseudo=2 loss=3.5225 sfseg=3.3997 seg=0.4751 mard=2.0601 λM=0.0000 DURR(dir/res/hall)=1.2283/0.0000/0.0000 λD=1.000 route=165 E/S=120/45 rescue=0 empty=2 hall=0/0 FG/HBG/EBG=16/0/768 grad=29.79
[E16] batch=130/153 pseudo=3 loss=2.0942 sfseg=1.9638 seg=0.2106 mard=2.0804 λM=0.0000 DURR(dir/res/hall)=1.2574/0.0233/0.0000 λD=1.000 route=34 E/S=17/17 rescue=1 empty=1 hall=0/0 FG/HBG/EBG=24/0/1152 grad=19.46
[E16] batch=140/153 pseudo=4 loss=20.6080 sfseg=20.4779 seg=1.4573 mard=2.0106 λM=0.0000 DURR(dir/res/hall)=1.3002/0.0000/0.0000 λD=1.000 route=162 E/S=97/65 rescue=0 empty=0 hall=0/0 FG/HBG/EBG=32/0/1536 grad=535.79
[E16] batch=150/153 pseudo=3 loss=2.3241 sfseg=2.2106 seg=0.2712 mard=2.1204 λM=0.0000 DURR(dir/res/hall)=1.1346/0.0000/0.0000 λD=1.000 route=128 E/S=87/41 rescue=0 empty=1 hall=0/0 FG/HBG/EBG=24/0/1152 grad=22.51
[E16] batch=153/153 pseudo=3 loss=3.6315 sfseg=3.5490 seg=0.3753 mard=2.0529 λM=0.0000 DURR(dir/res/hall)=0.7558/0.0348/0.0000 λD=1.000 route=72 E/S=59/13 rescue=1 empty=1 hall=0/0 FG/HBG/EBG=24/0/1152 grad=35.05

[Epoch 16] DONE time=37.2s valid=153 skipped=0 pseudo=530 anchors=472 mask_extra=58 reject_rel=20 DURRmatch=447/2151 rescue=8 teacher_empty=99 hall=38/6347 loss=6.7194 sfseg=6.5462 mard=2.0668 dir=1.3136 res=0.0046 hallL=0.4095 route E/S=26672/7002
[E17] batch=001/153 pseudo=3 loss=4.5383 sfseg=4.1502 seg=0.2819 mard=2.0297 λM=0.0000 DURR(dir/res/hall)=1.3382/0.0000/2.5423 λD=1.000 route=171 E/S=140/31 rescue=0 empty=1 hall=1/5 FG/HBG/EBG=24/0/1152 grad=61.97
[E17] batch=010/153 pseudo=3 loss=3.7946 sfseg=3.7016 seg=0.3944 mard=2.1208 λM=0.0000 DURR(dir/res/hall)=0.9300/0.0000/0.0001 λD=1.000 route=121 E/S=108/13 rescue=0 empty=1 hall=1/0 FG/HBG/EBG=24/0/1152 grad=29.07
[E17] batch=020/153 pseudo=4 loss=6.2673 sfseg=6.1818 seg=0.5663 mard=2.0896 λM=0.0000 DURR(dir/res/hall)=0.8546/0.0000/0.0000 λD=1.000 route=373 E/S=328/45 rescue=0 empty=0 hall=0/0 FG/HBG/EBG=32/0/1536 grad=39.94
[E17] batch=030/153 pseudo=5 loss=9.5324 sfseg=9.4271 seg=1.4901 mard=2.0511 λM=0.0000 DURR(dir/res/hall)=0.8851/0.0839/0.0000 λD=1.000 route=319 E/S=166/153 rescue=1 empty=0 hall=0/0 FG/HBG/EBG=40/0/1536 grad=81.88
[E17] batch=040/153 pseudo=3 loss=4.5493 sfseg=4.0685 seg=0.3459 mard=2.0888 λM=0.0000 DURR(dir/res/hall)=0.5288/0.0000/4.2789 λD=1.000 route=44 E/S=18/26 rescue=0 empty=1 hall=1/862 FG/HBG/EBG=24/0/1152 grad=55.66
[E17] batch=050/153 pseudo=2 loss=4.3366 sfseg=4.1864 seg=0.4708 mard=2.0244 λM=0.0000 DURR(dir/res/hall)=1.5016/0.0000/0.0000 λD=1.000 route=46 E/S=27/19 rescue=0 empty=2 hall=1/0 FG/HBG/EBG=16/0/768 grad=44.15
[E17] batch=060/153 pseudo=4 loss=6.8056 sfseg=6.7147 seg=0.6402 mard=2.0097 λM=0.0000 DURR(dir/res/hall)=0.9082/0.0000/0.0000 λD=1.000 route=357 E/S=114/243 rescue=0 empty=0 hall=0/0 FG/HBG/EBG=32/0/1536 grad=132.78
[E17] batch=070/153 pseudo=3 loss=5.4053 sfseg=5.2313 seg=0.7357 mard=2.0659 λM=0.0000 DURR(dir/res/hall)=1.7389/0.0000/0.0009 λD=1.000 route=364 E/S=329/35 rescue=0 empty=1 hall=1/0 FG/HBG/EBG=24/0/1152 grad=62.05
[E17] batch=080/153 pseudo=3 loss=4.6216 sfseg=4.5193 seg=0.4672 mard=2.0787 λM=0.0000 DURR(dir/res/hall)=1.0229/0.0000/0.0000 λD=1.000 route=74 E/S=46/28 rescue=0 empty=1 hall=0/0 FG/HBG/EBG=24/0/1152 grad=33.34
[E17] batch=090/153 pseudo=5 loss=4.1027 sfseg=3.9749 seg=0.2496 mard=2.0652 λM=0.0000 DURR(dir/res/hall)=1.2772/0.0000/0.0000 λD=1.000 route=419 E/S=380/39 rescue=0 empty=0 hall=0/0 FG/HBG/EBG=40/0/1536 grad=69.09
[E17] batch=100/153 pseudo=3 loss=5.0336 sfseg=4.8678 seg=0.5322 mard=2.0246 λM=0.0000 DURR(dir/res/hall)=1.6575/0.0000/0.0000 λD=1.000 route=151 E/S=91/60 rescue=0 empty=1 hall=0/0 FG/HBG/EBG=24/0/1152 grad=67.68
[E17] batch=110/153 pseudo=1 loss=0.9323 sfseg=0.8525 seg=0.3535 mard=2.0206 λM=0.0000 DURR(dir/res/hall)=0.7984/0.0000/0.0000 λD=1.000 route=31 E/S=29/2 rescue=0 empty=3 hall=0/0 FG/HBG/EBG=8/0/384 grad=10.60
[E17] batch=120/153 pseudo=4 loss=24.3700 sfseg=24.1566 seg=1.0307 mard=2.0048 λM=0.0000 DURR(dir/res/hall)=2.1340/0.0000/0.0000 λD=1.000 route=588 E/S=486/102 rescue=0 empty=0 hall=0/0 FG/HBG/EBG=32/0/1536 grad=216.81
[E17] batch=130/153 pseudo=3 loss=5.4451 sfseg=5.2169 seg=0.4209 mard=2.0723 λM=0.0000 DURR(dir/res/hall)=2.2821/0.0000/0.0000 λD=1.000 route=226 E/S=193/33 rescue=0 empty=1 hall=0/0 FG/HBG/EBG=24/0/1152 grad=46.72
[E17] batch=140/153 pseudo=3 loss=4.3173 sfseg=4.1291 seg=0.3919 mard=2.0044 λM=0.0000 DURR(dir/res/hall)=1.8819/0.0000/0.0000 λD=1.000 route=264 E/S=211/53 rescue=0 empty=1 hall=0/0 FG/HBG/EBG=24/0/1152 grad=33.62
[E17] batch=150/153 pseudo=4 loss=8.8176 sfseg=8.7342 seg=0.6078 mard=2.1466 λM=0.0000 DURR(dir/res/hall)=0.8336/0.0000/0.0000 λD=1.000 route=167 E/S=125/42 rescue=0 empty=0 hall=0/0 FG/HBG/EBG=32/0/1536 grad=190.84
[E17] batch=153/153 pseudo=3 loss=2.3192 sfseg=2.2062 seg=0.2051 mard=2.1368 λM=0.0000 DURR(dir/res/hall)=1.1301/0.0000/0.0000 λD=1.000 route=134 E/S=100/34 rescue=0 empty=1 hall=0/0 FG/HBG/EBG=24/0/1152 grad=71.50

[Epoch 17] DONE time=37.4s valid=153 skipped=0 pseudo=526 anchors=470 mask_extra=56 reject_rel=27 DURRmatch=448/2152 rescue=7 teacher_empty=104 hall=44/3484 loss=6.5172 sfseg=6.3614 mard=2.0710 dir=1.2164 res=0.0036 hallL=0.3347 route E/S=26407/6764
[E18] batch=001/153 pseudo=3 loss=3.3514 sfseg=3.2409 seg=0.3303 mard=2.0568 λM=0.0000 DURR(dir/res/hall)=1.1035/0.0000/0.0018 λD=1.000 route=115 E/S=81/34 rescue=0 empty=1 hall=1/0 FG/HBG/EBG=24/0/1152 grad=35.97
[E18] batch=010/153 pseudo=4 loss=3.6225 sfseg=3.5023 seg=0.2886 mard=2.0550 λM=0.0000 DURR(dir/res/hall)=1.2026/0.0000/0.0000 λD=1.000 route=206 E/S=137/69 rescue=0 empty=0 hall=0/0 FG/HBG/EBG=32/0/1536 grad=44.27
[E18] batch=020/153 pseudo=4 loss=8.6468 sfseg=8.4901 seg=0.5728 mard=2.0908 λM=0.0000 DURR(dir/res/hall)=1.5667/0.0000/0.0000 λD=1.000 route=682 E/S=556/126 rescue=0 empty=0 hall=0/0 FG/HBG/EBG=32/0/1536 grad=112.65
[E18] batch=030/153 pseudo=4 loss=4.6389 sfseg=4.5252 seg=0.3926 mard=2.1073 λM=0.0000 DURR(dir/res/hall)=1.1367/0.0000/0.0000 λD=1.000 route=148 E/S=106/42 rescue=0 empty=0 hall=0/0 FG/HBG/EBG=32/0/1536 grad=48.98
[E18] batch=040/153 pseudo=3 loss=3.0981 sfseg=2.9825 seg=0.3125 mard=2.0533 λM=0.0000 DURR(dir/res/hall)=1.1558/0.0000/0.0000 λD=1.000 route=152 E/S=121/31 rescue=0 empty=1 hall=0/0 FG/HBG/EBG=24/0/1152 grad=37.50
[E18] batch=050/153 pseudo=2 loss=4.9900 sfseg=4.8921 seg=0.5664 mard=2.0786 λM=0.0000 DURR(dir/res/hall)=0.9774/0.0000/0.0014 λD=1.000 route=127 E/S=105/22 rescue=0 empty=2 hall=1/0 FG/HBG/EBG=16/0/768 grad=55.04
[E18] batch=060/153 pseudo=4 loss=7.6821 sfseg=7.5393 seg=0.3936 mard=2.0372 λM=0.0000 DURR(dir/res/hall)=1.3924/0.0175/0.0000 λD=1.000 route=264 E/S=262/2 rescue=1 empty=0 hall=0/0 FG/HBG/EBG=32/0/1536 grad=202.05
[E18] batch=070/153 pseudo=4 loss=6.3687 sfseg=6.1750 seg=0.4640 mard=2.0897 λM=0.0000 DURR(dir/res/hall)=1.9372/0.0000/0.0000 λD=1.000 route=400 E/S=397/3 rescue=0 empty=0 hall=0/0 FG/HBG/EBG=32/0/1536 grad=31.65
[E18] batch=080/153 pseudo=4 loss=6.6326 sfseg=6.5495 seg=0.3891 mard=2.0321 λM=0.0000 DURR(dir/res/hall)=0.8113/0.0098/0.0000 λD=1.000 route=365 E/S=358/7 rescue=1 empty=0 hall=0/0 FG/HBG/EBG=32/0/1536 grad=47.52
[E18] batch=090/153 pseudo=3 loss=4.6190 sfseg=4.5314 seg=0.4863 mard=2.0347 λM=0.0000 DURR(dir/res/hall)=0.8755/0.0000/0.0000 λD=1.000 route=90 E/S=86/4 rescue=0 empty=1 hall=0/0 FG/HBG/EBG=24/0/1152 grad=72.81
[E18] batch=100/153 pseudo=2 loss=8.0256 sfseg=7.8925 seg=1.6144 mard=2.0181 λM=0.0000 DURR(dir/res/hall)=1.3316/0.0000/0.0002 λD=1.000 route=229 E/S=207/22 rescue=0 empty=2 hall=1/0 FG/HBG/EBG=16/0/768 grad=227.66
[E18] batch=110/153 pseudo=2 loss=5.0049 sfseg=4.5870 seg=0.3134 mard=2.0353 λM=0.0000 DURR(dir/res/hall)=1.3878/0.0000/2.7911 λD=1.000 route=201 E/S=158/43 rescue=0 empty=2 hall=2/104 FG/HBG/EBG=16/0/768 grad=123.40
[E18] batch=120/153 pseudo=3 loss=2.7136 sfseg=2.6124 seg=0.2434 mard=2.0927 λM=0.0000 DURR(dir/res/hall)=1.0125/0.0000/0.0000 λD=1.000 route=111 E/S=71/40 rescue=0 empty=1 hall=0/0 FG/HBG/EBG=24/0/1152 grad=27.01
[E18] batch=130/153 pseudo=3 loss=3.4172 sfseg=2.7683 seg=0.2541 mard=2.0626 λM=0.0000 DURR(dir/res/hall)=1.2490/0.0000/5.2398 λD=1.000 route=116 E/S=82/34 rescue=0 empty=1 hall=1/489 FG/HBG/EBG=24/0/1152 grad=128.57
[E18] batch=140/153 pseudo=3 loss=2.6696 sfseg=2.4660 seg=0.2072 mard=2.0324 λM=0.0000 DURR(dir/res/hall)=2.0364/0.0000/0.0000 λD=1.000 route=91 E/S=78/13 rescue=0 empty=1 hall=0/0 FG/HBG/EBG=24/0/1152 grad=23.17
[E18] batch=150/153 pseudo=3 loss=6.6235 sfseg=6.4345 seg=0.7557 mard=2.0926 λM=0.0000 DURR(dir/res/hall)=0.3823/0.7529/0.0017 λD=1.000 route=79 E/S=59/20 rescue=1 empty=1 hall=1/0 FG/HBG/EBG=24/0/1152 grad=110.28
[E18] batch=153/153 pseudo=2 loss=5.8382 sfseg=5.7135 seg=0.4320 mard=2.0219 λM=0.0000 DURR(dir/res/hall)=1.2477/0.0000/0.0000 λD=1.000 route=140 E/S=128/12 rescue=0 empty=2 hall=0/0 FG/HBG/EBG=16/0/768 grad=114.74

[Epoch 18] DONE time=37.6s valid=153 skipped=0 pseudo=543 anchors=480 mask_extra=63 reject_rel=23 DURRmatch=453/2141 rescue=9 teacher_empty=89 hall=43/6190 loss=6.6564 sfseg=6.4927 mard=2.0698 dir=1.2396 res=0.0072 hallL=0.3830 route E/S=27328/6939
[E19] batch=001/153 pseudo=4 loss=8.2190 sfseg=8.1240 seg=0.5486 mard=2.0274 λM=0.0000 DURR(dir/res/hall)=0.9504/0.0000/0.0000 λD=1.000 route=474 E/S=343/131 rescue=0 empty=0 hall=0/0 FG/HBG/EBG=32/0/1536 grad=104.77
[E19] batch=010/153 pseudo=4 loss=6.6847 sfseg=6.6265 seg=0.4973 mard=2.0938 λM=0.0000 DURR(dir/res/hall)=0.5823/0.0000/0.0000 λD=1.000 route=249 E/S=166/83 rescue=0 empty=0 hall=0/0 FG/HBG/EBG=32/0/1536 grad=35.86
[E19] batch=020/153 pseudo=4 loss=4.2134 sfseg=4.1396 seg=0.3592 mard=2.1368 λM=0.0000 DURR(dir/res/hall)=0.7382/0.0000/0.0000 λD=1.000 route=170 E/S=139/31 rescue=0 empty=0 hall=0/0 FG/HBG/EBG=32/0/1536 grad=29.32
[E19] batch=030/153 pseudo=3 loss=5.4297 sfseg=4.8139 seg=0.7545 mard=2.0705 λM=0.0000 DURR(dir/res/hall)=0.9177/0.0000/5.2404 λD=1.000 route=296 E/S=236/60 rescue=0 empty=1 hall=1/511 FG/HBG/EBG=24/0/1152 grad=54.23
[E19] batch=040/153 pseudo=3 loss=5.8430 sfseg=5.7484 seg=0.4327 mard=2.0358 λM=0.0000 DURR(dir/res/hall)=0.9458/0.0000/0.0000 λD=1.000 route=242 E/S=228/14 rescue=0 empty=1 hall=0/0 FG/HBG/EBG=24/0/1152 grad=72.87
[E19] batch=050/153 pseudo=4 loss=5.4815 sfseg=5.3414 seg=0.3988 mard=2.0331 λM=0.0000 DURR(dir/res/hall)=1.4014/0.0000/0.0000 λD=1.000 route=370 E/S=352/18 rescue=0 empty=0 hall=0/0 FG/HBG/EBG=32/0/1536 grad=83.68
[E19] batch=060/153 pseudo=5 loss=10.0008 sfseg=9.9097 seg=0.5328 mard=2.1081 λM=0.0000 DURR(dir/res/hall)=0.9114/0.0000/0.0000 λD=1.000 route=595 E/S=559/36 rescue=0 empty=0 hall=0/0 FG/HBG/EBG=40/0/1536 grad=104.13
[E19] batch=070/153 pseudo=4 loss=4.4443 sfseg=4.3486 seg=0.3022 mard=2.0566 λM=0.0000 DURR(dir/res/hall)=0.9572/0.0000/0.0000 λD=1.000 route=120 E/S=74/46 rescue=0 empty=0 hall=0/0 FG/HBG/EBG=32/0/1536 grad=31.38
[E19] batch=080/153 pseudo=4 loss=19.1486 sfseg=19.0189 seg=0.9484 mard=2.0370 λM=0.0000 DURR(dir/res/hall)=1.2965/0.0000/0.0000 λD=1.000 route=24 E/S=16/8 rescue=0 empty=0 hall=0/0 FG/HBG/EBG=32/0/1536 grad=353.13
[E19] batch=090/153 pseudo=4 loss=2.8005 sfseg=2.7407 seg=0.2293 mard=2.0741 λM=0.0000 DURR(dir/res/hall)=0.5988/0.0000/0.0000 λD=1.000 route=159 E/S=104/55 rescue=0 empty=0 hall=0/0 FG/HBG/EBG=32/0/1536 grad=23.93
[E19] batch=100/153 pseudo=2 loss=4.5326 sfseg=4.3756 seg=0.4234 mard=2.0735 λM=0.0000 DURR(dir/res/hall)=1.5696/0.0000/0.0001 λD=1.000 route=453 E/S=412/41 rescue=0 empty=2 hall=1/0 FG/HBG/EBG=16/0/768 grad=21.22
[E19] batch=110/153 pseudo=3 loss=5.5069 sfseg=5.4179 seg=0.6223 mard=2.0321 λM=0.0000 DURR(dir/res/hall)=0.8872/0.0000/0.0026 λD=1.000 route=109 E/S=86/23 rescue=0 empty=1 hall=1/0 FG/HBG/EBG=24/0/1152 grad=79.97
[E19] batch=120/153 pseudo=2 loss=1.8419 sfseg=1.6876 seg=0.2127 mard=2.0721 λM=0.0000 DURR(dir/res/hall)=1.5434/0.0000/0.0000 λD=1.000 route=67 E/S=32/35 rescue=0 empty=2 hall=0/0 FG/HBG/EBG=16/0/768 grad=19.39
[E19] batch=130/153 pseudo=4 loss=4.6586 sfseg=4.5789 seg=0.5287 mard=2.0851 λM=0.0000 DURR(dir/res/hall)=0.7971/0.0000/0.0000 λD=1.000 route=250 E/S=171/79 rescue=0 empty=0 hall=0/0 FG/HBG/EBG=32/0/1536 grad=118.00
[E19] batch=140/153 pseudo=4 loss=4.6476 sfseg=4.5507 seg=0.3708 mard=2.0635 λM=0.0000 DURR(dir/res/hall)=0.9694/0.0000/0.0000 λD=1.000 route=223 E/S=177/46 rescue=0 empty=0 hall=0/0 FG/HBG/EBG=32/0/1536 grad=43.83
[E19] batch=150/153 pseudo=4 loss=2.6030 sfseg=2.5200 seg=0.1931 mard=2.1053 λM=0.0000 DURR(dir/res/hall)=0.8297/0.0000/0.0000 λD=1.000 route=111 E/S=85/26 rescue=0 empty=0 hall=0/0 FG/HBG/EBG=32/0/1536 grad=25.43
[E19] batch=153/153 pseudo=5 loss=5.0057 sfseg=4.9128 seg=0.3143 mard=2.0210 λM=0.0000 DURR(dir/res/hall)=0.9294/0.0000/0.0000 λD=1.000 route=332 E/S=222/110 rescue=0 empty=0 hall=0/0 FG/HBG/EBG=40/0/1536 grad=80.75

[Epoch 19] DONE time=37.4s valid=153 skipped=0 pseudo=531 anchors=474 mask_extra=57 reject_rel=33 DURRmatch=453/2152 rescue=7 teacher_empty=100 hall=41/3707 loss=6.4816 sfseg=6.3266 mard=2.0675 dir=1.2568 res=0.0013 hallL=0.2910 route E/S=26560/6602
[E20] batch=001/153 pseudo=4 loss=4.3812 sfseg=4.2835 seg=0.3616 mard=2.1283 λM=0.0000 DURR(dir/res/hall)=0.9765/0.0000/0.0000 λD=1.000 route=195 E/S=118/77 rescue=0 empty=0 hall=0/0 FG/HBG/EBG=32/0/1536 grad=26.75
[E20] batch=010/153 pseudo=4 loss=6.3573 sfseg=6.2329 seg=0.4137 mard=2.0925 λM=0.0000 DURR(dir/res/hall)=1.2439/0.0000/0.0000 λD=1.000 route=316 E/S=239/77 rescue=0 empty=0 hall=0/0 FG/HBG/EBG=32/0/1536 grad=62.48
[E20] batch=020/153 pseudo=4 loss=3.0569 sfseg=2.9246 seg=0.2295 mard=2.0518 λM=0.0000 DURR(dir/res/hall)=1.3226/0.0000/0.0000 λD=1.000 route=246 E/S=201/45 rescue=0 empty=0 hall=0/0 FG/HBG/EBG=32/0/1536 grad=23.87
[E20] batch=030/153 pseudo=2 loss=2.5670 sfseg=2.3974 seg=0.3264 mard=2.1017 λM=0.0000 DURR(dir/res/hall)=1.6747/0.0105/0.0003 λD=1.000 route=34 E/S=3/31 rescue=1 empty=2 hall=2/0 FG/HBG/EBG=16/0/768 grad=22.78
[E20] batch=040/153 pseudo=3 loss=8.1110 sfseg=7.4513 seg=0.7668 mard=2.0406 λM=0.0000 DURR(dir/res/hall)=2.7940/0.0000/3.8031 λD=1.000 route=702 E/S=680/22 rescue=0 empty=1 hall=1/717 FG/HBG/EBG=24/0/1152 grad=110.18
[E20] batch=050/153 pseudo=5 loss=10.1086 sfseg=9.9197 seg=0.6028 mard=2.0769 λM=0.0000 DURR(dir/res/hall)=1.8894/0.0000/0.0000 λD=1.000 route=178 E/S=128/50 rescue=0 empty=0 hall=0/0 FG/HBG/EBG=40/0/1536 grad=161.59
[E20] batch=060/153 pseudo=4 loss=3.4895 sfseg=3.3733 seg=0.2288 mard=2.0667 λM=0.0000 DURR(dir/res/hall)=1.1615/0.0000/0.0000 λD=1.000 route=129 E/S=86/43 rescue=0 empty=0 hall=0/0 FG/HBG/EBG=32/0/1536 grad=22.27
[E20] batch=070/153 pseudo=3 loss=2.5078 sfseg=2.4326 seg=0.2299 mard=2.1340 λM=0.0000 DURR(dir/res/hall)=0.7523/0.0000/0.0000 λD=1.000 route=102 E/S=71/31 rescue=0 empty=1 hall=0/0 FG/HBG/EBG=24/0/1152 grad=19.19
[E20] batch=080/153 pseudo=4 loss=3.6644 sfseg=3.5249 seg=0.2562 mard=2.0367 λM=0.0000 DURR(dir/res/hall)=1.3953/0.0000/0.0000 λD=1.000 route=185 E/S=161/24 rescue=0 empty=0 hall=0/0 FG/HBG/EBG=32/0/1536 grad=31.39
[E20] batch=090/153 pseudo=3 loss=7.4694 sfseg=7.0657 seg=0.3912 mard=2.0286 λM=0.0000 DURR(dir/res/hall)=2.1836/0.0000/1.8539 λD=1.000 route=66 E/S=62/4 rescue=0 empty=1 hall=1/1 FG/HBG/EBG=24/0/1152 grad=88.04
[E20] batch=100/153 pseudo=2 loss=1.5704 sfseg=1.5316 seg=0.1853 mard=2.0710 λM=0.0000 DURR(dir/res/hall)=0.3862/0.0000/0.0022 λD=1.000 route=59 E/S=27/32 rescue=0 empty=2 hall=1/0 FG/HBG/EBG=16/0/768 grad=17.22
[E20] batch=110/153 pseudo=4 loss=6.6430 sfseg=6.5388 seg=0.4565 mard=2.0457 λM=0.0000 DURR(dir/res/hall)=1.0417/0.0000/0.0000 λD=1.000 route=96 E/S=69/27 rescue=0 empty=0 hall=0/0 FG/HBG/EBG=32/0/1536 grad=58.18
[E20] batch=120/153 pseudo=3 loss=20.1072 sfseg=19.9705 seg=1.2701 mard=2.0661 λM=0.0000 DURR(dir/res/hall)=1.3675/0.0000/0.0000 λD=1.000 route=116 E/S=93/23 rescue=0 empty=2 hall=0/0 FG/HBG/EBG=24/0/768 grad=67.73
[E20] batch=130/153 pseudo=6 loss=6.0116 sfseg=5.9199 seg=0.4753 mard=2.0746 λM=0.0000 DURR(dir/res/hall)=0.9168/0.0000/0.0000 λD=1.000 route=220 E/S=185/35 rescue=0 empty=0 hall=0/0 FG/HBG/EBG=48/0/1536 grad=27.65
[E20] batch=140/153 pseudo=2 loss=2.4296 sfseg=2.3166 seg=0.2155 mard=2.1477 λM=0.0000 DURR(dir/res/hall)=0.7106/0.2092/0.0010 λD=1.000 route=9 E/S=4/5 rescue=1 empty=2 hall=1/0 FG/HBG/EBG=16/0/768 grad=48.76
[E20] batch=150/153 pseudo=3 loss=4.8944 sfseg=4.8208 seg=0.6267 mard=2.0287 λM=0.0000 DURR(dir/res/hall)=0.7363/0.0000/0.0000 λD=1.000 route=109 E/S=88/21 rescue=0 empty=1 hall=0/0 FG/HBG/EBG=24/0/1152 grad=33.06
[E20] batch=153/153 pseudo=4 loss=9.3441 sfseg=9.1589 seg=0.3300 mard=2.1090 λM=0.0000 DURR(dir/res/hall)=1.8510/0.0000/0.0000 λD=1.000 route=164 E/S=100/64 rescue=0 empty=0 hall=0/0 FG/HBG/EBG=32/0/1536 grad=81.56

[Epoch 20] DONE time=37.1s valid=153 skipped=0 pseudo=531 anchors=472 mask_extra=59 reject_rel=26 DURRmatch=448/2141 rescue=8 teacher_empty=102 hall=41/3511 loss=6.4553 sfseg=6.3026 mard=2.0694 dir=1.2673 res=0.0032 hallL=0.2535 route E/S=27281/6668
[SAVE Student] /home/dang/MedRT-SFOD/runs/seg/ablation/k2c_maskdhf_durr_v1_60ep/checkpoints/durr_student_epoch_20.pt
[SAVE Teacher] /home/dang/MedRT-SFOD/runs/seg/ablation/k2c_maskdhf_durr_v1_60ep/checkpoints/durr_teacher_ema_epoch_20.pt
[E21] batch=001/153 pseudo=3 loss=3.9584 sfseg=3.8520 seg=0.4754 mard=2.0935 λM=0.0000 DURR(dir/res/hall)=1.0634/0.0000/0.0000 λD=1.000 route=129 E/S=92/37 rescue=0 empty=1 hall=0/0 FG/HBG/EBG=24/0/1152 grad=162.45
[E21] batch=010/153 pseudo=2 loss=1.4587 sfseg=1.2822 seg=0.2350 mard=2.1878 λM=0.0000 DURR(dir/res/hall)=1.7651/0.0000/0.0000 λD=1.000 route=69 E/S=62/7 rescue=0 empty=2 hall=0/0 FG/HBG/EBG=16/0/768 grad=19.96
[E21] batch=020/153 pseudo=3 loss=3.8997 sfseg=3.7861 seg=0.2847 mard=2.0817 λM=0.0000 DURR(dir/res/hall)=1.1367/0.0000/0.0000 λD=1.000 route=107 E/S=91/16 rescue=0 empty=1 hall=0/0 FG/HBG/EBG=24/0/1152 grad=20.40
[E21] batch=030/153 pseudo=4 loss=5.1091 sfseg=4.9660 seg=0.4597 mard=2.0549 λM=0.0000 DURR(dir/res/hall)=1.4304/0.0000/0.0000 λD=1.000 route=390 E/S=335/55 rescue=0 empty=0 hall=0/0 FG/HBG/EBG=32/0/1536 grad=77.40
[E21] batch=040/153 pseudo=4 loss=8.9596 sfseg=8.9493 seg=0.4834 mard=2.0461 λM=0.0000 DURR(dir/res/hall)=0.1027/0.0000/0.0000 λD=1.000 route=37 E/S=23/14 rescue=0 empty=0 hall=0/0 FG/HBG/EBG=32/0/1536 grad=89.92
[E21] batch=050/153 pseudo=4 loss=8.2025 sfseg=8.0479 seg=0.6659 mard=2.0679 λM=0.0000 DURR(dir/res/hall)=1.5453/0.0000/0.0000 λD=1.000 route=326 E/S=257/69 rescue=0 empty=0 hall=0/0 FG/HBG/EBG=32/0/1536 grad=153.97
[E21] batch=060/153 pseudo=4 loss=3.8796 sfseg=3.6874 seg=0.2729 mard=2.0724 λM=0.0000 DURR(dir/res/hall)=1.9218/0.0000/0.0000 λD=1.000 route=281 E/S=218/63 rescue=0 empty=0 hall=0/0 FG/HBG/EBG=32/0/1536 grad=24.50
[E21] batch=070/153 pseudo=5 loss=18.1897 sfseg=18.1023 seg=0.6618 mard=2.0405 λM=0.0000 DURR(dir/res/hall)=0.8735/0.0000/0.0000 λD=1.000 route=217 E/S=112/105 rescue=0 empty=0 hall=0/0 FG/HBG/EBG=40/0/1536 grad=158.42
[E21] batch=080/153 pseudo=5 loss=4.9758 sfseg=4.8622 seg=0.4006 mard=2.0585 λM=0.0000 DURR(dir/res/hall)=1.1356/0.0000/0.0000 λD=1.000 route=251 E/S=181/70 rescue=0 empty=0 hall=0/0 FG/HBG/EBG=40/0/1536 grad=29.72
[E21] batch=090/153 pseudo=4 loss=4.6409 sfseg=4.5319 seg=0.4042 mard=2.1064 λM=0.0000 DURR(dir/res/hall)=1.0898/0.0000/0.0000 λD=1.000 route=308 E/S=273/35 rescue=0 empty=1 hall=0/0 FG/HBG/EBG=32/0/1152 grad=67.34
[E21] batch=100/153 pseudo=3 loss=8.0191 sfseg=7.9291 seg=0.8534 mard=2.0937 λM=0.0000 DURR(dir/res/hall)=0.8997/0.0000/0.0000 λD=1.000 route=92 E/S=79/13 rescue=0 empty=1 hall=0/0 FG/HBG/EBG=24/0/1152 grad=59.49
[E21] batch=110/153 pseudo=3 loss=3.0153 sfseg=2.8798 seg=0.2128 mard=2.0490 λM=0.0000 DURR(dir/res/hall)=1.3554/0.0000/0.0000 λD=1.000 route=79 E/S=26/53 rescue=0 empty=1 hall=0/0 FG/HBG/EBG=24/0/1152 grad=28.10
[E21] batch=120/153 pseudo=4 loss=4.5564 sfseg=4.4811 seg=0.2636 mard=2.0795 λM=0.0000 DURR(dir/res/hall)=0.7532/0.0000/0.0000 λD=1.000 route=160 E/S=136/24 rescue=0 empty=0 hall=0/0 FG/HBG/EBG=32/0/1536 grad=32.13
[E21] batch=130/153 pseudo=4 loss=7.8160 sfseg=7.6989 seg=0.6098 mard=2.0908 λM=0.0000 DURR(dir/res/hall)=1.1706/0.0000/0.0000 λD=1.000 route=293 E/S=235/58 rescue=0 empty=0 hall=0/0 FG/HBG/EBG=32/0/1536 grad=88.52
[E21] batch=140/153 pseudo=4 loss=6.7763 sfseg=6.6846 seg=0.4315 mard=2.0632 λM=0.0000 DURR(dir/res/hall)=0.9177/0.0000/0.0000 λD=1.000 route=244 E/S=224/20 rescue=0 empty=0 hall=0/0 FG/HBG/EBG=32/0/1536 grad=45.19
[E21] batch=150/153 pseudo=4 loss=3.2145 sfseg=3.1306 seg=0.2183 mard=2.0859 λM=0.0000 DURR(dir/res/hall)=0.8394/0.0000/0.0000 λD=1.000 route=120 E/S=106/14 rescue=0 empty=0 hall=0/0 FG/HBG/EBG=32/0/1536 grad=31.11
[E21] batch=153/153 pseudo=4 loss=4.1493 sfseg=4.0771 seg=0.3264 mard=2.1052 λM=0.0000 DURR(dir/res/hall)=0.6746/0.0238/0.0000 λD=1.000 route=194 E/S=136/58 rescue=1 empty=0 hall=0/0 FG/HBG/EBG=32/0/1536 grad=102.65

[Epoch 21] DONE time=37.3s valid=153 skipped=0 pseudo=534 anchors=476 mask_extra=58 reject_rel=19 DURRmatch=450/2149 rescue=8 teacher_empty=100 hall=41/4108 loss=6.2783 sfseg=6.1195 mard=2.0692 dir=1.2044 res=0.0034 hallL=0.3765 route E/S=26705/6522
[E22] batch=001/153 pseudo=3 loss=5.5002 sfseg=5.0443 seg=0.3580 mard=2.0538 λM=0.0000 DURR(dir/res/hall)=1.1985/0.0000/3.3609 λD=1.000 route=158 E/S=115/43 rescue=0 empty=2 hall=1/445 FG/HBG/EBG=24/0/768 grad=112.22
[E22] batch=010/153 pseudo=5 loss=3.7467 sfseg=3.6428 seg=0.3362 mard=2.0930 λM=0.0000 DURR(dir/res/hall)=1.0391/0.0000/0.0000 λD=1.000 route=170 E/S=159/11 rescue=0 empty=0 hall=0/0 FG/HBG/EBG=40/0/1536 grad=24.15
[E22] batch=020/153 pseudo=4 loss=9.1927 sfseg=9.0710 seg=0.9521 mard=2.0543 λM=0.0000 DURR(dir/res/hall)=1.2162/0.0000/0.0000 λD=1.000 route=66 E/S=43/23 rescue=0 empty=0 hall=0/0 FG/HBG/EBG=32/0/1536 grad=46.89
[E22] batch=030/153 pseudo=4 loss=4.4776 sfseg=4.3366 seg=0.4664 mard=2.0437 λM=0.0000 DURR(dir/res/hall)=1.4102/0.0000/0.0000 λD=1.000 route=217 E/S=177/40 rescue=0 empty=0 hall=0/0 FG/HBG/EBG=32/0/1536 grad=33.36
[E22] batch=040/153 pseudo=4 loss=15.6735 sfseg=15.5603 seg=1.5846 mard=2.0595 λM=0.0000 DURR(dir/res/hall)=1.0517/0.0399/0.0000 λD=1.000 route=290 E/S=254/36 rescue=1 empty=0 hall=0/0 FG/HBG/EBG=32/0/1536 grad=185.50
[E22] batch=050/153 pseudo=2 loss=2.3782 sfseg=2.2742 seg=0.2475 mard=2.0687 λM=0.0000 DURR(dir/res/hall)=1.0391/0.0000/0.0007 λD=1.000 route=199 E/S=190/9 rescue=0 empty=2 hall=1/0 FG/HBG/EBG=16/0/768 grad=14.88
[E22] batch=060/153 pseudo=4 loss=5.5868 sfseg=5.5159 seg=0.4270 mard=2.1094 λM=0.0000 DURR(dir/res/hall)=0.7098/0.0000/0.0000 λD=1.000 route=286 E/S=224/62 rescue=0 empty=0 hall=0/0 FG/HBG/EBG=32/0/1536 grad=64.40
[E22] batch=070/153 pseudo=4 loss=2.9470 sfseg=2.8132 seg=0.1945 mard=2.0984 λM=0.0000 DURR(dir/res/hall)=1.3382/0.0000/0.0000 λD=1.000 route=108 E/S=63/45 rescue=0 empty=0 hall=0/0 FG/HBG/EBG=32/0/1536 grad=26.83
[E22] batch=080/153 pseudo=4 loss=3.1470 sfseg=3.0096 seg=0.2436 mard=2.1041 λM=0.0000 DURR(dir/res/hall)=1.3736/0.0000/0.0000 λD=1.000 route=152 E/S=116/36 rescue=0 empty=0 hall=0/0 FG/HBG/EBG=32/0/1536 grad=26.53
[E22] batch=090/153 pseudo=4 loss=5.0007 sfseg=4.9074 seg=0.2985 mard=2.0581 λM=0.0000 DURR(dir/res/hall)=0.9337/0.0000/0.0000 λD=1.000 route=148 E/S=99/49 rescue=0 empty=0 hall=0/0 FG/HBG/EBG=32/0/1536 grad=59.67
[E22] batch=100/153 pseudo=4 loss=3.7827 sfseg=3.6914 seg=0.3359 mard=1.9805 λM=0.0000 DURR(dir/res/hall)=0.9128/0.0000/0.0003 λD=1.000 route=301 E/S=280/21 rescue=0 empty=1 hall=1/0 FG/HBG/EBG=32/0/1152 grad=37.28
[E22] batch=110/153 pseudo=4 loss=5.5089 sfseg=5.4045 seg=0.4386 mard=2.0851 λM=0.0000 DURR(dir/res/hall)=1.0440/0.0000/0.0000 λD=1.000 route=509 E/S=460/49 rescue=0 empty=0 hall=0/0 FG/HBG/EBG=32/0/1536 grad=30.66
[E22] batch=120/153 pseudo=3 loss=4.2540 sfseg=4.1238 seg=0.4289 mard=2.0062 λM=0.0000 DURR(dir/res/hall)=1.3020/0.0000/0.0000 λD=1.000 route=212 E/S=142/70 rescue=0 empty=1 hall=0/0 FG/HBG/EBG=24/0/1152 grad=24.72
[E22] batch=130/153 pseudo=3 loss=3.1039 sfseg=3.0201 seg=0.3265 mard=2.0978 λM=0.0000 DURR(dir/res/hall)=0.8381/0.0000/0.0000 λD=1.000 route=190 E/S=160/30 rescue=0 empty=1 hall=0/0 FG/HBG/EBG=24/0/1152 grad=31.18
[E22] batch=140/153 pseudo=3 loss=2.9698 sfseg=2.8855 seg=0.2978 mard=2.0676 λM=0.0000 DURR(dir/res/hall)=0.8415/0.0000/0.0022 λD=1.000 route=250 E/S=156/94 rescue=0 empty=1 hall=1/0 FG/HBG/EBG=24/0/1152 grad=52.82
[E22] batch=150/153 pseudo=3 loss=14.3994 sfseg=14.2127 seg=0.7838 mard=2.0284 λM=0.0000 DURR(dir/res/hall)=1.8675/0.0000/0.0000 λD=1.000 route=135 E/S=123/12 rescue=0 empty=1 hall=0/0 FG/HBG/EBG=24/0/1152 grad=334.23
[E22] batch=153/153 pseudo=4 loss=7.7109 sfseg=7.5881 seg=0.6538 mard=2.1096 λM=0.0000 DURR(dir/res/hall)=1.2288/0.0000/0.0000 λD=1.000 route=430 E/S=419/11 rescue=0 empty=0 hall=0/0 FG/HBG/EBG=32/0/1536 grad=42.20

[Epoch 22] DONE time=37.2s valid=153 skipped=0 pseudo=531 anchors=480 mask_extra=51 reject_rel=24 DURRmatch=451/2154 rescue=10 teacher_empty=101 hall=41/7897 loss=6.0940 sfseg=5.9300 mard=2.0692 dir=1.2441 res=0.0039 hallL=0.3883 route E/S=27201/7172
[E23] batch=001/153 pseudo=4 loss=5.9133 sfseg=5.7305 seg=0.3884 mard=2.0825 λM=0.0000 DURR(dir/res/hall)=1.8109/0.0083/0.0000 λD=1.000 route=411 E/S=342/69 rescue=1 empty=0 hall=0/0 FG/HBG/EBG=32/0/1536 grad=65.35
[E23] batch=010/153 pseudo=4 loss=6.6080 sfseg=6.4629 seg=0.3903 mard=2.0423 λM=0.0000 DURR(dir/res/hall)=1.4514/0.0000/0.0000 λD=1.000 route=170 E/S=92/78 rescue=0 empty=0 hall=0/0 FG/HBG/EBG=32/0/1536 grad=125.53
[E23] batch=020/153 pseudo=2 loss=3.8219 sfseg=3.3867 seg=0.4968 mard=2.0729 λM=0.0000 DURR(dir/res/hall)=2.2303/0.0000/2.1226 λD=1.000 route=66 E/S=51/15 rescue=0 empty=2 hall=1/3 FG/HBG/EBG=16/0/768 grad=37.62
[E23] batch=030/153 pseudo=4 loss=5.4382 sfseg=5.3046 seg=0.4229 mard=2.0920 λM=0.0000 DURR(dir/res/hall)=1.3364/0.0000/0.0000 λD=1.000 route=233 E/S=211/22 rescue=0 empty=0 hall=0/0 FG/HBG/EBG=32/0/1536 grad=67.46
[E23] batch=040/153 pseudo=3 loss=5.8097 sfseg=5.7366 seg=0.7213 mard=2.0527 λM=0.0000 DURR(dir/res/hall)=0.7305/0.0000/0.0000 λD=1.000 route=176 E/S=133/43 rescue=0 empty=1 hall=0/0 FG/HBG/EBG=24/0/1152 grad=40.66
[E23] batch=050/153 pseudo=4 loss=2.9525 sfseg=2.8544 seg=0.1889 mard=2.1096 λM=0.0000 DURR(dir/res/hall)=0.9816/0.0000/0.0000 λD=1.000 route=146 E/S=125/21 rescue=0 empty=0 hall=0/0 FG/HBG/EBG=32/0/1536 grad=23.40
[E23] batch=060/153 pseudo=4 loss=28.1575 sfseg=28.0674 seg=2.8914 mard=2.1131 λM=0.0000 DURR(dir/res/hall)=0.9008/0.0000/0.0000 λD=1.000 route=121 E/S=75/46 rescue=0 empty=0 hall=0/0 FG/HBG/EBG=32/0/1536 grad=179.49
[E23] batch=070/153 pseudo=3 loss=3.3001 sfseg=3.2339 seg=0.2720 mard=2.1158 λM=0.0000 DURR(dir/res/hall)=0.6617/0.0000/0.0000 λD=1.000 route=200 E/S=156/44 rescue=0 empty=1 hall=0/0 FG/HBG/EBG=24/0/1152 grad=25.05
[E23] batch=080/153 pseudo=3 loss=5.9065 sfseg=5.8163 seg=0.5064 mard=2.0602 λM=0.0000 DURR(dir/res/hall)=0.9026/0.0000/0.0000 λD=1.000 route=64 E/S=39/25 rescue=0 empty=1 hall=0/0 FG/HBG/EBG=24/0/1152 grad=56.88
[E23] batch=090/153 pseudo=4 loss=7.6605 sfseg=7.5483 seg=0.6204 mard=2.0470 λM=0.0000 DURR(dir/res/hall)=1.1221/0.0000/0.0000 λD=1.000 route=136 E/S=119/17 rescue=0 empty=0 hall=0/0 FG/HBG/EBG=32/0/1536 grad=131.59
[E23] batch=100/153 pseudo=4 loss=4.7614 sfseg=4.6412 seg=0.2587 mard=2.0434 λM=0.0000 DURR(dir/res/hall)=1.2025/0.0000/0.0000 λD=1.000 route=99 E/S=56/43 rescue=0 empty=0 hall=0/0 FG/HBG/EBG=32/0/1536 grad=33.23
[E23] batch=110/153 pseudo=5 loss=7.2340 sfseg=7.1110 seg=0.7667 mard=2.0993 λM=0.0000 DURR(dir/res/hall)=1.2295/0.0000/0.0000 λD=1.000 route=187 E/S=163/24 rescue=0 empty=0 hall=0/0 FG/HBG/EBG=40/0/1536 grad=124.78
[E23] batch=120/153 pseudo=5 loss=9.4097 sfseg=9.3081 seg=0.5252 mard=2.0321 λM=0.0000 DURR(dir/res/hall)=1.0154/0.0000/0.0000 λD=1.000 route=278 E/S=173/105 rescue=0 empty=0 hall=0/0 FG/HBG/EBG=40/0/1536 grad=89.28
[E23] batch=130/153 pseudo=2 loss=1.6213 sfseg=1.4966 seg=0.2542 mard=2.0540 λM=0.0000 DURR(dir/res/hall)=1.2476/0.0000/0.0000 λD=1.000 route=59 E/S=45/14 rescue=0 empty=2 hall=1/0 FG/HBG/EBG=16/0/768 grad=26.71
[E23] batch=140/153 pseudo=4 loss=3.8217 sfseg=3.6937 seg=0.2095 mard=2.0487 λM=0.0000 DURR(dir/res/hall)=1.2809/0.0000/0.0000 λD=1.000 route=127 E/S=89/38 rescue=0 empty=0 hall=0/0 FG/HBG/EBG=32/0/1536 grad=49.77
[E23] batch=150/153 pseudo=3 loss=4.8507 sfseg=4.4433 seg=0.4254 mard=2.0255 λM=0.0000 DURR(dir/res/hall)=1.1747/0.0000/2.8991 λD=1.000 route=306 E/S=238/68 rescue=0 empty=1 hall=1/61 FG/HBG/EBG=24/0/1152 grad=89.89
[E23] batch=153/153 pseudo=3 loss=3.7774 sfseg=3.6845 seg=0.2745 mard=2.1131 λM=0.0000 DURR(dir/res/hall)=0.9288/0.0000/0.0000 λD=1.000 route=371 E/S=326/45 rescue=0 empty=1 hall=0/0 FG/HBG/EBG=24/0/1152 grad=24.22

[Epoch 23] DONE time=37.2s valid=153 skipped=0 pseudo=527 anchors=479 mask_extra=48 reject_rel=24 DURRmatch=457/2191 rescue=9 teacher_empty=102 hall=40/6143 loss=6.0309 sfseg=5.8715 mard=2.0661 dir=1.1946 res=0.0026 hallL=0.3935 route E/S=25862/6839
[E24] batch=001/153 pseudo=4 loss=6.3004 sfseg=6.1500 seg=0.4733 mard=2.1231 λM=0.0000 DURR(dir/res/hall)=1.5040/0.0000/0.0000 λD=1.000 route=328 E/S=269/59 rescue=0 empty=0 hall=0/0 FG/HBG/EBG=32/0/1536 grad=58.91
[E24] batch=010/153 pseudo=4 loss=4.0265 sfseg=3.9469 seg=0.3199 mard=2.0641 λM=0.0000 DURR(dir/res/hall)=0.7963/0.0000/0.0000 λD=1.000 route=154 E/S=114/40 rescue=0 empty=0 hall=0/0 FG/HBG/EBG=32/0/1536 grad=43.07
[E24] batch=020/153 pseudo=4 loss=5.8134 sfseg=5.7247 seg=0.4232 mard=2.0435 λM=0.0000 DURR(dir/res/hall)=0.8863/0.0000/0.0000 λD=1.000 route=377 E/S=339/38 rescue=0 empty=0 hall=0/0 FG/HBG/EBG=32/0/1536 grad=53.75
[E24] batch=030/153 pseudo=4 loss=5.5843 sfseg=5.4490 seg=0.3182 mard=2.0935 λM=0.0000 DURR(dir/res/hall)=1.3535/0.0000/0.0000 λD=1.000 route=205 E/S=171/34 rescue=0 empty=0 hall=0/0 FG/HBG/EBG=32/0/1536 grad=35.99
[E24] batch=040/153 pseudo=6 loss=9.2357 sfseg=9.1151 seg=0.6112 mard=2.0414 λM=0.0000 DURR(dir/res/hall)=1.2059/0.0000/0.0000 λD=1.000 route=180 E/S=86/94 rescue=0 empty=0 hall=0/0 FG/HBG/EBG=48/0/1536 grad=57.45
[E24] batch=050/153 pseudo=5 loss=14.7851 sfseg=14.6975 seg=0.6598 mard=2.0774 λM=0.0000 DURR(dir/res/hall)=0.8756/0.0000/0.0000 λD=1.000 route=635 E/S=436/199 rescue=0 empty=0 hall=0/0 FG/HBG/EBG=40/0/1536 grad=118.55
[E24] batch=060/153 pseudo=4 loss=6.5991 sfseg=6.4813 seg=0.4315 mard=2.1011 λM=0.0000 DURR(dir/res/hall)=1.1784/0.0000/0.0000 λD=1.000 route=355 E/S=311/44 rescue=0 empty=0 hall=0/0 FG/HBG/EBG=32/0/1536 grad=73.21
[E24] batch=070/153 pseudo=1 loss=15.7802 sfseg=15.7802 seg=1.8679 mard=2.1044 λM=0.0000 DURR(dir/res/hall)=0.0000/0.0000/0.0001 λD=1.000 route=0 E/S=0/0 rescue=0 empty=3 hall=2/0 FG/HBG/EBG=8/0/384 grad=121.42
[E24] batch=080/153 pseudo=5 loss=16.2480 sfseg=16.1343 seg=0.8661 mard=2.0569 λM=0.0000 DURR(dir/res/hall)=1.1376/0.0000/0.0000 λD=1.000 route=464 E/S=419/45 rescue=0 empty=0 hall=0/0 FG/HBG/EBG=40/0/1536 grad=507.44
[E24] batch=090/153 pseudo=4 loss=5.1155 sfseg=5.0223 seg=0.4974 mard=2.0838 λM=0.0000 DURR(dir/res/hall)=0.9314/0.0000/0.0000 λD=1.000 route=271 E/S=199/72 rescue=0 empty=0 hall=0/0 FG/HBG/EBG=32/0/1536 grad=43.76
[E24] batch=100/153 pseudo=3 loss=4.6864 sfseg=4.5577 seg=0.5260 mard=2.1054 λM=0.0000 DURR(dir/res/hall)=1.2878/0.0000/0.0000 λD=1.000 route=166 E/S=156/10 rescue=0 empty=1 hall=0/0 FG/HBG/EBG=24/0/1152 grad=45.21
[E24] batch=110/153 pseudo=4 loss=8.1076 sfseg=8.0303 seg=0.6782 mard=2.0367 λM=0.0000 DURR(dir/res/hall)=0.7733/0.0000/0.0000 λD=1.000 route=269 E/S=141/128 rescue=0 empty=0 hall=0/0 FG/HBG/EBG=32/0/1536 grad=132.14
[E24] batch=120/153 pseudo=4 loss=7.6074 sfseg=7.5124 seg=0.5826 mard=2.0676 λM=0.0000 DURR(dir/res/hall)=0.9494/0.0000/0.0000 λD=1.000 route=196 E/S=183/13 rescue=0 empty=0 hall=0/0 FG/HBG/EBG=32/0/1536 grad=46.03
[E24] batch=130/153 pseudo=4 loss=5.0648 sfseg=4.9775 seg=0.4178 mard=2.0876 λM=0.0000 DURR(dir/res/hall)=0.8726/0.0000/0.0000 λD=1.000 route=414 E/S=348/66 rescue=0 empty=0 hall=0/0 FG/HBG/EBG=32/0/1536 grad=41.50
[E24] batch=140/153 pseudo=3 loss=7.6879 sfseg=7.2934 seg=0.4637 mard=2.0494 λM=0.0000 DURR(dir/res/hall)=1.3140/0.0000/2.6310 λD=1.000 route=47 E/S=38/9 rescue=0 empty=1 hall=1/66 FG/HBG/EBG=24/0/1152 grad=100.85
[E24] batch=150/153 pseudo=4 loss=4.6100 sfseg=4.4519 seg=0.2764 mard=2.0398 λM=0.0000 DURR(dir/res/hall)=1.5815/0.0000/0.0000 λD=1.000 route=241 E/S=211/30 rescue=0 empty=0 hall=0/0 FG/HBG/EBG=32/0/1536 grad=43.72
[E24] batch=153/153 pseudo=4 loss=6.4426 sfseg=6.3804 seg=0.4888 mard=2.0301 λM=0.0000 DURR(dir/res/hall)=0.6219/0.0000/0.0000 λD=1.000 route=303 E/S=255/48 rescue=0 empty=0 hall=0/0 FG/HBG/EBG=32/0/1536 grad=75.95

[Epoch 24] DONE time=37.3s valid=153 skipped=0 pseudo=541 anchors=490 mask_extra=51 reject_rel=14 DURRmatch=471/2235 rescue=8 teacher_empty=93 hall=36/5007 loss=6.5445 sfseg=6.3839 mard=2.0692 dir=1.2304 res=0.0020 hallL=0.3713 route E/S=27895/7482
[E25] batch=001/153 pseudo=2 loss=3.2576 sfseg=3.1544 seg=0.3290 mard=2.0509 λM=0.0000 DURR(dir/res/hall)=1.0316/0.0000/0.0000 λD=1.000 route=71 E/S=55/16 rescue=0 empty=2 hall=0/0 FG/HBG/EBG=16/0/768 grad=36.13
[E25] batch=010/153 pseudo=4 loss=4.1350 sfseg=4.0700 seg=0.2743 mard=2.0839 λM=0.0000 DURR(dir/res/hall)=0.6500/0.0000/0.0000 λD=1.000 route=187 E/S=82/105 rescue=0 empty=0 hall=0/0 FG/HBG/EBG=32/0/1536 grad=20.23
[E25] batch=020/153 pseudo=2 loss=10.6601 sfseg=10.4785 seg=1.0508 mard=2.0395 λM=0.0000 DURR(dir/res/hall)=1.8164/0.0000/0.0000 λD=1.000 route=228 E/S=228/0 rescue=0 empty=2 hall=0/0 FG/HBG/EBG=16/0/768 grad=259.12
[E25] batch=030/153 pseudo=4 loss=6.6667 sfseg=6.5415 seg=0.4709 mard=2.0428 λM=0.0000 DURR(dir/res/hall)=1.2523/0.0000/0.0000 λD=1.000 route=688 E/S=661/27 rescue=0 empty=0 hall=0/0 FG/HBG/EBG=32/0/1536 grad=50.26
[E25] batch=040/153 pseudo=4 loss=7.2720 sfseg=7.1611 seg=0.4304 mard=2.1027 λM=0.0000 DURR(dir/res/hall)=1.1087/0.0000/0.0000 λD=1.000 route=201 E/S=192/9 rescue=0 empty=0 hall=0/0 FG/HBG/EBG=32/0/1536 grad=102.33
[E25] batch=050/153 pseudo=5 loss=8.1138 sfseg=7.9804 seg=0.4306 mard=2.0401 λM=0.0000 DURR(dir/res/hall)=1.3342/0.0000/0.0000 λD=1.000 route=425 E/S=194/231 rescue=0 empty=0 hall=0/0 FG/HBG/EBG=40/0/1536 grad=29.25
[E25] batch=060/153 pseudo=4 loss=10.2697 sfseg=10.1911 seg=0.5513 mard=2.1209 λM=0.0000 DURR(dir/res/hall)=0.7856/0.0000/0.0000 λD=1.000 route=152 E/S=100/52 rescue=0 empty=1 hall=0/0 FG/HBG/EBG=32/0/1152 grad=141.18
[E25] batch=070/153 pseudo=4 loss=13.2287 sfseg=13.1774 seg=0.7396 mard=2.0315 λM=0.0000 DURR(dir/res/hall)=0.5134/0.0000/0.0000 λD=1.000 route=208 E/S=164/44 rescue=0 empty=0 hall=0/0 FG/HBG/EBG=32/0/1536 grad=145.18
[E25] batch=080/153 pseudo=3 loss=2.6080 sfseg=1.9957 seg=0.2304 mard=2.0539 λM=0.0000 DURR(dir/res/hall)=0.8283/0.0000/5.2943 λD=1.000 route=191 E/S=170/21 rescue=0 empty=1 hall=1/762 FG/HBG/EBG=24/0/1152 grad=33.15
[E25] batch=090/153 pseudo=4 loss=8.4389 sfseg=8.2840 seg=0.3450 mard=2.1191 λM=0.0000 DURR(dir/res/hall)=1.5493/0.0000/0.0000 λD=1.000 route=120 E/S=61/59 rescue=0 empty=0 hall=0/0 FG/HBG/EBG=32/0/1536 grad=141.86
[E25] batch=100/153 pseudo=3 loss=31.7378 sfseg=31.3928 seg=1.4361 mard=2.0507 λM=0.0000 DURR(dir/res/hall)=3.4483/0.0000/0.0021 λD=1.000 route=510 E/S=480/30 rescue=0 empty=1 hall=1/0 FG/HBG/EBG=24/0/1152 grad=338.90
[E25] batch=110/153 pseudo=3 loss=2.6974 sfseg=2.5898 seg=0.2662 mard=2.0406 λM=0.0000 DURR(dir/res/hall)=1.0754/0.0000/0.0000 λD=1.000 route=86 E/S=56/30 rescue=0 empty=1 hall=0/0 FG/HBG/EBG=24/0/1152 grad=22.98
[E25] batch=120/153 pseudo=4 loss=5.8475 sfseg=5.1093 seg=0.8126 mard=2.1153 λM=0.0000 DURR(dir/res/hall)=1.9178/0.0000/5.4640 λD=1.000 route=381 E/S=357/24 rescue=0 empty=1 hall=1/496 FG/HBG/EBG=32/0/1152 grad=29.50
[E25] batch=130/153 pseudo=4 loss=5.5205 sfseg=5.3886 seg=0.5507 mard=2.0604 λM=0.0000 DURR(dir/res/hall)=1.3194/0.0000/0.0000 λD=1.000 route=371 E/S=341/30 rescue=0 empty=0 hall=0/0 FG/HBG/EBG=32/0/1536 grad=30.96
[E25] batch=140/153 pseudo=3 loss=11.9771 sfseg=11.6108 seg=0.3270 mard=2.0310 λM=0.0000 DURR(dir/res/hall)=1.9497/0.0000/1.7129 λD=1.000 route=75 E/S=73/2 rescue=0 empty=1 hall=1/3 FG/HBG/EBG=24/0/1152 grad=100.82
[E25] batch=150/153 pseudo=4 loss=3.1587 sfseg=3.0693 seg=0.2204 mard=2.0477 λM=0.0000 DURR(dir/res/hall)=0.8936/0.0000/0.0000 λD=1.000 route=347 E/S=299/48 rescue=0 empty=0 hall=0/0 FG/HBG/EBG=32/0/1536 grad=25.12
[E25] batch=153/153 pseudo=3 loss=3.1172 sfseg=3.0117 seg=0.2788 mard=2.0148 λM=0.0000 DURR(dir/res/hall)=1.0546/0.0000/0.0000 λD=1.000 route=269 E/S=243/26 rescue=0 empty=1 hall=0/0 FG/HBG/EBG=24/0/1152 grad=51.01

[Epoch 25] DONE time=37.2s valid=153 skipped=0 pseudo=534 anchors=479 mask_extra=55 reject_rel=22 DURRmatch=453/2169 rescue=6 teacher_empty=96 hall=39/4883 loss=6.2794 sfseg=6.1192 mard=2.0715 dir=1.2371 res=0.0020 hallL=0.3606 route E/S=26860/6991
[E26] batch=001/153 pseudo=4 loss=6.7937 sfseg=6.6851 seg=0.3032 mard=2.0625 λM=0.0000 DURR(dir/res/hall)=1.0853/0.0000/0.0000 λD=1.000 route=257 E/S=169/88 rescue=0 empty=0 hall=0/0 FG/HBG/EBG=32/0/1536 grad=45.91
[E26] batch=010/153 pseudo=3 loss=8.2431 sfseg=7.9338 seg=0.8419 mard=2.1107 λM=0.0000 DURR(dir/res/hall)=0.8741/1.1092/0.0000 λD=1.000 route=168 E/S=118/50 rescue=1 empty=1 hall=0/0 FG/HBG/EBG=24/0/1152 grad=36.32
[E26] batch=020/153 pseudo=3 loss=6.5678 sfseg=6.4619 seg=0.6507 mard=2.1406 λM=0.0000 DURR(dir/res/hall)=1.0594/0.0000/0.0000 λD=1.000 route=166 E/S=104/62 rescue=0 empty=1 hall=0/0 FG/HBG/EBG=24/0/1152 grad=126.54
[E26] batch=030/153 pseudo=3 loss=2.6447 sfseg=2.5662 seg=0.2765 mard=2.0573 λM=0.0000 DURR(dir/res/hall)=0.7850/0.0000/0.0000 λD=1.000 route=164 E/S=123/41 rescue=0 empty=1 hall=0/0 FG/HBG/EBG=24/0/1152 grad=29.90
[E26] batch=040/153 pseudo=3 loss=6.3023 sfseg=6.1757 seg=0.7266 mard=2.0428 λM=0.0000 DURR(dir/res/hall)=1.2664/0.0000/0.0000 λD=1.000 route=459 E/S=426/33 rescue=0 empty=1 hall=0/0 FG/HBG/EBG=24/0/1152 grad=41.24
[E26] batch=050/153 pseudo=3 loss=5.2498 sfseg=5.0834 seg=0.4975 mard=2.0617 λM=0.0000 DURR(dir/res/hall)=1.6633/0.0000/0.0000 λD=1.000 route=47 E/S=33/14 rescue=0 empty=1 hall=0/0 FG/HBG/EBG=24/0/1152 grad=93.67
[E26] batch=060/153 pseudo=2 loss=1.7622 sfseg=1.6834 seg=0.2165 mard=2.0649 λM=0.0000 DURR(dir/res/hall)=0.7875/0.0000/0.0000 λD=1.000 route=95 E/S=84/11 rescue=0 empty=2 hall=0/0 FG/HBG/EBG=16/0/768 grad=12.75
[E26] batch=070/153 pseudo=3 loss=3.9276 sfseg=3.7940 seg=0.2541 mard=2.1399 λM=0.0000 DURR(dir/res/hall)=1.3354/0.0000/0.0000 λD=1.000 route=89 E/S=60/29 rescue=0 empty=1 hall=0/0 FG/HBG/EBG=24/0/1152 grad=31.71
[E26] batch=080/153 pseudo=3 loss=6.5252 sfseg=5.9203 seg=0.6291 mard=2.0568 λM=0.0000 DURR(dir/res/hall)=1.0756/0.0000/4.9726 λD=1.000 route=304 E/S=240/64 rescue=0 empty=1 hall=1/957 FG/HBG/EBG=24/0/1152 grad=35.28
[E26] batch=090/153 pseudo=4 loss=4.6231 sfseg=4.5225 seg=0.2666 mard=2.0811 λM=0.0000 DURR(dir/res/hall)=1.0061/0.0000/0.0000 λD=1.000 route=176 E/S=146/30 rescue=0 empty=0 hall=0/0 FG/HBG/EBG=32/0/1536 grad=39.41
[E26] batch=100/153 pseudo=1 loss=0.7499 sfseg=0.6907 seg=0.2261 mard=2.0957 λM=0.0000 DURR(dir/res/hall)=0.5915/0.0000/0.0001 λD=1.000 route=70 E/S=49/21 rescue=0 empty=3 hall=1/0 FG/HBG/EBG=8/0/384 grad=10.30
[E26] batch=110/153 pseudo=4 loss=5.9450 sfseg=5.8425 seg=0.5632 mard=2.0402 λM=0.0000 DURR(dir/res/hall)=1.0252/0.0000/0.0000 λD=1.000 route=340 E/S=299/41 rescue=0 empty=0 hall=0/0 FG/HBG/EBG=32/0/1536 grad=57.82
[E26] batch=120/153 pseudo=4 loss=8.8629 sfseg=8.7265 seg=0.5467 mard=2.0866 λM=0.0000 DURR(dir/res/hall)=1.3641/0.0000/0.0000 λD=1.000 route=226 E/S=155/71 rescue=0 empty=0 hall=0/0 FG/HBG/EBG=32/0/1536 grad=162.50
[E26] batch=130/153 pseudo=4 loss=5.2406 sfseg=5.1447 seg=0.3382 mard=2.0775 λM=0.0000 DURR(dir/res/hall)=0.9591/0.0000/0.0000 λD=1.000 route=150 E/S=112/38 rescue=0 empty=0 hall=0/0 FG/HBG/EBG=32/0/1536 grad=66.43
[E26] batch=140/153 pseudo=4 loss=4.6572 sfseg=4.5554 seg=0.2793 mard=2.0277 λM=0.0000 DURR(dir/res/hall)=1.0177/0.0000/0.0000 λD=1.000 route=368 E/S=328/40 rescue=0 empty=0 hall=0/0 FG/HBG/EBG=32/0/1536 grad=67.37
[E26] batch=150/153 pseudo=5 loss=7.3672 sfseg=7.2639 seg=0.4876 mard=2.1493 λM=0.0000 DURR(dir/res/hall)=1.0338/0.0000/0.0000 λD=1.000 route=375 E/S=304/71 rescue=0 empty=0 hall=0/0 FG/HBG/EBG=40/0/1536 grad=64.27
[E26] batch=153/153 pseudo=4 loss=10.6735 sfseg=10.4980 seg=0.8470 mard=2.0076 λM=0.0000 DURR(dir/res/hall)=1.7555/0.0000/0.0000 λD=1.000 route=141 E/S=58/83 rescue=0 empty=0 hall=0/0 FG/HBG/EBG=32/0/1536 grad=99.21

[Epoch 26] DONE time=37.1s valid=153 skipped=0 pseudo=538 anchors=482 mask_extra=56 reject_rel=26 DURRmatch=467/2233 rescue=8 teacher_empty=91 hall=36/4086 loss=6.3918 sfseg=6.2310 mard=2.0704 dir=1.2622 res=0.0100 hallL=0.3261 route E/S=28426/7163
[E27] batch=001/153 pseudo=4 loss=10.7477 sfseg=10.6214 seg=0.4467 mard=2.0413 λM=0.0000 DURR(dir/res/hall)=1.2630/0.0000/0.0000 λD=1.000 route=222 E/S=218/4 rescue=0 empty=0 hall=0/0 FG/HBG/EBG=32/0/1536 grad=313.43
[E27] batch=010/153 pseudo=3 loss=4.0834 sfseg=3.9632 seg=0.3960 mard=2.0179 λM=0.0000 DURR(dir/res/hall)=1.2022/0.0000/0.0000 λD=1.000 route=246 E/S=194/52 rescue=0 empty=1 hall=0/0 FG/HBG/EBG=24/0/1152 grad=24.61
[E27] batch=020/153 pseudo=4 loss=4.4068 sfseg=4.3142 seg=0.5369 mard=2.0328 λM=0.0000 DURR(dir/res/hall)=0.9268/0.0000/0.0000 λD=1.000 route=365 E/S=360/5 rescue=0 empty=0 hall=0/0 FG/HBG/EBG=32/0/1536 grad=49.26
[E27] batch=030/153 pseudo=2 loss=3.5628 sfseg=3.3959 seg=0.4835 mard=2.1349 λM=0.0000 DURR(dir/res/hall)=1.6683/0.0000/0.0002 λD=1.000 route=201 E/S=172/29 rescue=0 empty=2 hall=1/0 FG/HBG/EBG=16/0/768 grad=46.76
[E27] batch=040/153 pseudo=4 loss=3.1113 sfseg=2.9883 seg=0.3196 mard=2.0323 λM=0.0000 DURR(dir/res/hall)=1.2308/0.0000/0.0000 λD=1.000 route=232 E/S=178/54 rescue=0 empty=0 hall=0/0 FG/HBG/EBG=32/0/1536 grad=30.38
[E27] batch=050/153 pseudo=3 loss=7.4179 sfseg=7.2317 seg=0.8559 mard=2.1109 λM=0.0000 DURR(dir/res/hall)=1.8623/0.0000/0.0000 λD=1.000 route=148 E/S=102/46 rescue=0 empty=1 hall=0/0 FG/HBG/EBG=24/0/1152 grad=53.71
[E27] batch=060/153 pseudo=3 loss=5.8184 sfseg=5.7547 seg=0.4774 mard=2.1234 λM=0.0000 DURR(dir/res/hall)=0.6361/0.0000/0.0000 λD=1.000 route=359 E/S=284/75 rescue=0 empty=1 hall=0/0 FG/HBG/EBG=24/0/1152 grad=22.43
[E27] batch=070/153 pseudo=2 loss=21.3512 sfseg=21.2108 seg=1.8152 mard=2.0511 λM=0.0000 DURR(dir/res/hall)=1.3937/0.0000/0.0101 λD=1.000 route=167 E/S=148/19 rescue=0 empty=2 hall=1/0 FG/HBG/EBG=16/0/768 grad=159.88
[E27] batch=080/153 pseudo=3 loss=3.6219 sfseg=3.4640 seg=0.3483 mard=2.0891 λM=0.0000 DURR(dir/res/hall)=1.5781/0.0000/0.0013 λD=1.000 route=293 E/S=170/123 rescue=0 empty=1 hall=1/0 FG/HBG/EBG=24/0/1152 grad=56.68
[E27] batch=090/153 pseudo=3 loss=3.3655 sfseg=3.2885 seg=0.4605 mard=2.0632 λM=0.0000 DURR(dir/res/hall)=0.7693/0.0000/0.0000 λD=1.000 route=133 E/S=84/49 rescue=0 empty=1 hall=0/0 FG/HBG/EBG=24/0/1152 grad=30.49
[E27] batch=100/153 pseudo=3 loss=3.5865 sfseg=3.4880 seg=0.3577 mard=2.0909 λM=0.0000 DURR(dir/res/hall)=0.7939/0.0954/0.0000 λD=1.000 route=110 E/S=53/57 rescue=1 empty=1 hall=0/0 FG/HBG/EBG=24/0/1152 grad=47.86
[E27] batch=110/153 pseudo=4 loss=2.9827 sfseg=2.9380 seg=0.2333 mard=2.1065 λM=0.0000 DURR(dir/res/hall)=0.4477/0.0000/0.0000 λD=1.000 route=94 E/S=55/39 rescue=0 empty=0 hall=0/0 FG/HBG/EBG=32/0/1536 grad=21.47
[E27] batch=120/153 pseudo=4 loss=4.9632 sfseg=4.8689 seg=0.3801 mard=2.1224 λM=0.0000 DURR(dir/res/hall)=0.9423/0.0000/0.0000 λD=1.000 route=192 E/S=135/57 rescue=0 empty=0 hall=0/0 FG/HBG/EBG=32/0/1536 grad=115.23
[E27] batch=130/153 pseudo=2 loss=1.4545 sfseg=1.3473 seg=0.1793 mard=2.0461 λM=0.0000 DURR(dir/res/hall)=1.0721/0.0000/0.0000 λD=1.000 route=73 E/S=43/30 rescue=0 empty=2 hall=0/0 FG/HBG/EBG=16/0/768 grad=16.44
[E27] batch=140/153 pseudo=4 loss=3.2781 sfseg=3.1715 seg=0.2908 mard=2.0914 λM=0.0000 DURR(dir/res/hall)=1.0664/0.0000/0.0000 λD=1.000 route=316 E/S=265/51 rescue=0 empty=0 hall=0/0 FG/HBG/EBG=32/0/1536 grad=37.09
[E27] batch=150/153 pseudo=3 loss=8.1040 sfseg=7.6570 seg=0.5607 mard=2.0395 λM=0.0000 DURR(dir/res/hall)=1.9078/0.0000/2.5623 λD=1.000 route=364 E/S=337/27 rescue=0 empty=1 hall=1/33 FG/HBG/EBG=24/0/1152 grad=99.21
[E27] batch=153/153 pseudo=4 loss=3.0922 sfseg=2.9976 seg=0.4153 mard=2.0452 λM=0.0000 DURR(dir/res/hall)=0.9461/0.0000/0.0000 λD=1.000 route=172 E/S=139/33 rescue=0 empty=2 hall=0/0 FG/HBG/EBG=32/0/768 grad=24.76

[Epoch 27] DONE time=37.4s valid=153 skipped=0 pseudo=525 anchors=473 mask_extra=52 reject_rel=25 DURRmatch=453/2160 rescue=8 teacher_empty=106 hall=48/3087 loss=5.6962 sfseg=5.5389 mard=2.0688 dir=1.2198 res=0.0063 hallL=0.3407 route E/S=26228/6621
[E28] batch=001/153 pseudo=4 loss=3.6252 sfseg=3.4997 seg=0.2630 mard=2.0710 λM=0.0000 DURR(dir/res/hall)=1.2557/0.0000/0.0000 λD=1.000 route=242 E/S=216/26 rescue=0 empty=0 hall=0/0 FG/HBG/EBG=32/0/1536 grad=23.79
[E28] batch=010/153 pseudo=3 loss=8.5954 sfseg=8.4750 seg=1.3488 mard=2.0650 λM=0.0000 DURR(dir/res/hall)=1.2042/0.0000/0.0000 λD=1.000 route=651 E/S=631/20 rescue=0 empty=1 hall=0/0 FG/HBG/EBG=24/0/1152 grad=89.85
[E28] batch=020/153 pseudo=3 loss=3.0998 sfseg=2.9475 seg=0.2769 mard=2.0236 λM=0.0000 DURR(dir/res/hall)=1.5221/0.0000/0.0000 λD=1.000 route=138 E/S=110/28 rescue=0 empty=1 hall=0/0 FG/HBG/EBG=24/0/1152 grad=80.36
[E28] batch=030/153 pseudo=4 loss=4.3795 sfseg=4.2884 seg=0.3954 mard=2.1467 λM=0.0000 DURR(dir/res/hall)=0.9110/0.0000/0.0000 λD=1.000 route=267 E/S=202/65 rescue=0 empty=1 hall=0/0 FG/HBG/EBG=32/0/1152 grad=27.18
[E28] batch=040/153 pseudo=2 loss=1.6569 sfseg=1.5970 seg=0.3242 mard=2.1011 λM=0.0000 DURR(dir/res/hall)=0.5985/0.0000/0.0001 λD=1.000 route=99 E/S=64/35 rescue=0 empty=2 hall=1/0 FG/HBG/EBG=16/0/768 grad=16.90
[E28] batch=050/153 pseudo=2 loss=2.2669 sfseg=1.6536 seg=0.2573 mard=2.0797 λM=0.0000 DURR(dir/res/hall)=1.1803/0.0000/4.9534 λD=1.000 route=88 E/S=70/18 rescue=0 empty=2 hall=1/490 FG/HBG/EBG=16/0/768 grad=30.07
[E28] batch=060/153 pseudo=5 loss=3.8830 sfseg=3.7973 seg=0.2873 mard=2.0946 λM=0.0000 DURR(dir/res/hall)=0.8571/0.0000/0.0000 λD=1.000 route=149 E/S=135/14 rescue=0 empty=0 hall=0/0 FG/HBG/EBG=40/0/1536 grad=21.73
[E28] batch=070/153 pseudo=5 loss=5.1657 sfseg=5.0689 seg=0.3139 mard=2.0867 λM=0.0000 DURR(dir/res/hall)=0.9676/0.0000/0.0000 λD=1.000 route=189 E/S=137/52 rescue=0 empty=0 hall=0/0 FG/HBG/EBG=40/0/1536 grad=25.22
[E28] batch=080/153 pseudo=4 loss=15.2523 sfseg=15.1559 seg=1.2009 mard=2.1262 λM=0.0000 DURR(dir/res/hall)=0.9643/0.0000/0.0000 λD=1.000 route=333 E/S=284/49 rescue=0 empty=0 hall=0/0 FG/HBG/EBG=32/0/1536 grad=196.21
[E28] batch=090/153 pseudo=4 loss=5.6172 sfseg=5.5226 seg=0.6349 mard=2.0378 λM=0.0000 DURR(dir/res/hall)=0.9461/0.0000/0.0000 λD=1.000 route=294 E/S=210/84 rescue=0 empty=0 hall=0/0 FG/HBG/EBG=32/0/1536 grad=39.98
[E28] batch=100/153 pseudo=3 loss=4.2383 sfseg=4.1485 seg=0.2858 mard=2.0624 λM=0.0000 DURR(dir/res/hall)=0.8974/0.0000/0.0000 λD=1.000 route=115 E/S=77/38 rescue=0 empty=1 hall=0/0 FG/HBG/EBG=24/0/1152 grad=23.73
[E28] batch=110/153 pseudo=3 loss=14.4299 sfseg=14.2430 seg=2.9060 mard=2.1370 λM=0.0000 DURR(dir/res/hall)=1.8689/0.0000/0.0000 λD=1.000 route=141 E/S=119/22 rescue=0 empty=1 hall=0/0 FG/HBG/EBG=24/0/1152 grad=64.71
[E28] batch=120/153 pseudo=2 loss=1.3949 sfseg=1.0226 seg=0.1379 mard=2.0764 λM=0.0000 DURR(dir/res/hall)=1.0306/0.0000/2.6923 λD=1.000 route=74 E/S=45/29 rescue=0 empty=2 hall=1/8 FG/HBG/EBG=16/0/768 grad=18.54
[E28] batch=130/153 pseudo=3 loss=4.1718 sfseg=4.0773 seg=0.5578 mard=2.0606 λM=0.0000 DURR(dir/res/hall)=0.9453/0.0000/0.0000 λD=1.000 route=360 E/S=319/41 rescue=0 empty=1 hall=0/0 FG/HBG/EBG=24/0/1152 grad=23.11
[E28] batch=140/153 pseudo=4 loss=3.1860 sfseg=3.0843 seg=0.2652 mard=2.0587 λM=0.0000 DURR(dir/res/hall)=1.0166/0.0000/0.0000 λD=1.000 route=258 E/S=218/40 rescue=0 empty=0 hall=0/0 FG/HBG/EBG=32/0/1536 grad=26.40
[E28] batch=150/153 pseudo=2 loss=3.5554 sfseg=3.4339 seg=0.6446 mard=2.1047 λM=0.0000 DURR(dir/res/hall)=1.2144/0.0000/0.0000 λD=1.000 route=354 E/S=303/51 rescue=0 empty=2 hall=0/0 FG/HBG/EBG=16/0/768 grad=28.06
[E28] batch=153/153 pseudo=3 loss=7.2669 sfseg=7.1946 seg=0.5028 mard=2.0635 λM=0.0000 DURR(dir/res/hall)=0.7229/0.0000/0.0000 λD=1.000 route=148 E/S=88/60 rescue=0 empty=1 hall=0/0 FG/HBG/EBG=24/0/1152 grad=39.26

[Epoch 28] DONE time=37.5s valid=153 skipped=0 pseudo=529 anchors=481 mask_extra=48 reject_rel=28 DURRmatch=460/2180 rescue=9 teacher_empty=102 hall=38/4326 loss=6.0100 sfseg=5.8545 mard=2.0704 dir=1.2405 res=0.0031 hallL=0.3083 route E/S=26905/7126
[E29] batch=001/153 pseudo=4 loss=5.4194 sfseg=5.3286 seg=0.6698 mard=2.0298 λM=0.0000 DURR(dir/res/hall)=0.9087/0.0000/0.0000 λD=1.000 route=530 E/S=453/77 rescue=0 empty=1 hall=0/0 FG/HBG/EBG=32/0/1152 grad=49.67
[E29] batch=010/153 pseudo=2 loss=11.5277 sfseg=11.3042 seg=0.7942 mard=2.0434 λM=0.0000 DURR(dir/res/hall)=2.2244/0.0000/0.0107 λD=1.000 route=144 E/S=111/33 rescue=0 empty=2 hall=1/0 FG/HBG/EBG=16/0/768 grad=138.63
[E29] batch=020/153 pseudo=3 loss=2.4966 sfseg=2.2844 seg=0.2248 mard=2.0395 λM=0.0000 DURR(dir/res/hall)=2.1221/0.0000/0.0000 λD=1.000 route=105 E/S=82/23 rescue=0 empty=1 hall=0/0 FG/HBG/EBG=24/0/1152 grad=18.81
[E29] batch=030/153 pseudo=4 loss=5.5421 sfseg=5.4498 seg=0.2586 mard=2.0328 λM=0.0000 DURR(dir/res/hall)=0.9231/0.0000/0.0000 λD=1.000 route=178 E/S=145/33 rescue=0 empty=0 hall=0/0 FG/HBG/EBG=32/0/1536 grad=30.76
[E29] batch=040/153 pseudo=5 loss=6.5629 sfseg=6.4442 seg=0.5473 mard=2.0087 λM=0.0000 DURR(dir/res/hall)=1.1872/0.0000/0.0000 λD=1.000 route=395 E/S=342/53 rescue=0 empty=0 hall=0/0 FG/HBG/EBG=40/0/1536 grad=57.72
[E29] batch=050/153 pseudo=4 loss=6.1709 sfseg=6.0159 seg=0.3370 mard=2.0208 λM=0.0000 DURR(dir/res/hall)=1.5497/0.0000/0.0000 λD=1.000 route=139 E/S=83/56 rescue=0 empty=0 hall=0/0 FG/HBG/EBG=32/0/1536 grad=115.33
[E29] batch=060/153 pseudo=4 loss=3.6671 sfseg=3.5675 seg=0.2907 mard=2.0570 λM=0.0000 DURR(dir/res/hall)=0.9965/0.0000/0.0000 λD=1.000 route=119 E/S=86/33 rescue=0 empty=0 hall=0/0 FG/HBG/EBG=32/0/1536 grad=23.97
[E29] batch=070/153 pseudo=4 loss=5.9023 sfseg=5.8313 seg=0.4489 mard=2.0307 λM=0.0000 DURR(dir/res/hall)=0.7098/0.0000/0.0000 λD=1.000 route=174 E/S=94/80 rescue=0 empty=0 hall=0/0 FG/HBG/EBG=32/0/1536 grad=29.45
[E29] batch=080/153 pseudo=4 loss=7.0067 sfseg=6.9068 seg=0.4893 mard=2.0095 λM=0.0000 DURR(dir/res/hall)=0.9984/0.0000/0.0000 λD=1.000 route=214 E/S=129/85 rescue=0 empty=0 hall=0/0 FG/HBG/EBG=32/0/1536 grad=47.44
[E29] batch=090/153 pseudo=3 loss=1.7555 sfseg=1.6281 seg=0.1652 mard=2.1159 λM=0.0000 DURR(dir/res/hall)=1.2739/0.0000/0.0000 λD=1.000 route=72 E/S=47/25 rescue=0 empty=1 hall=0/0 FG/HBG/EBG=24/0/1152 grad=20.37
[E29] batch=100/153 pseudo=4 loss=3.5364 sfseg=3.4346 seg=0.2152 mard=2.0888 λM=0.0000 DURR(dir/res/hall)=1.0181/0.0000/0.0000 λD=1.000 route=295 E/S=248/47 rescue=0 empty=0 hall=0/0 FG/HBG/EBG=32/0/1536 grad=90.27
[E29] batch=110/153 pseudo=3 loss=5.2428 sfseg=5.0616 seg=0.4709 mard=2.0857 λM=0.0000 DURR(dir/res/hall)=1.8084/0.0000/0.0038 λD=1.000 route=224 E/S=175/49 rescue=0 empty=1 hall=1/0 FG/HBG/EBG=24/0/1152 grad=37.49
[E29] batch=120/153 pseudo=3 loss=7.8856 sfseg=7.7656 seg=0.8148 mard=2.1436 λM=0.0000 DURR(dir/res/hall)=1.1996/0.0000/0.0000 λD=1.000 route=135 E/S=113/22 rescue=0 empty=1 hall=0/0 FG/HBG/EBG=24/0/1152 grad=121.79
[E29] batch=130/153 pseudo=4 loss=4.7937 sfseg=4.6871 seg=0.2959 mard=2.0465 λM=0.0000 DURR(dir/res/hall)=1.0660/0.0000/0.0000 λD=1.000 route=257 E/S=189/68 rescue=0 empty=0 hall=0/0 FG/HBG/EBG=32/0/1536 grad=27.77
[E29] batch=140/153 pseudo=3 loss=6.7244 sfseg=6.5629 seg=0.5727 mard=2.0496 λM=0.0000 DURR(dir/res/hall)=1.6147/0.0000/0.0000 λD=1.000 route=447 E/S=427/20 rescue=0 empty=1 hall=0/0 FG/HBG/EBG=24/0/1152 grad=152.67
[E29] batch=150/153 pseudo=5 loss=5.9161 sfseg=5.7877 seg=0.5485 mard=2.0406 λM=0.0000 DURR(dir/res/hall)=1.2840/0.0000/0.0000 λD=1.000 route=365 E/S=308/57 rescue=0 empty=0 hall=0/0 FG/HBG/EBG=40/0/1536 grad=89.52
[E29] batch=153/153 pseudo=3 loss=2.0854 sfseg=1.9671 seg=0.2016 mard=2.0452 λM=0.0000 DURR(dir/res/hall)=1.1816/0.0000/0.0014 λD=1.000 route=131 E/S=95/36 rescue=0 empty=1 hall=1/0 FG/HBG/EBG=24/0/1152 grad=19.55

[Epoch 29] DONE time=37.2s valid=153 skipped=0 pseudo=539 anchors=489 mask_extra=50 reject_rel=25 DURRmatch=461/2209 rescue=6 teacher_empty=96 hall=33/3504 loss=5.8980 sfseg=5.7407 mard=2.0680 dir=1.2744 res=0.0023 hallL=0.2935 route E/S=27772/6866
[E30] batch=001/153 pseudo=4 loss=3.5373 sfseg=3.4493 seg=0.4945 mard=2.0497 λM=0.0000 DURR(dir/res/hall)=0.8804/0.0000/0.0000 λD=1.000 route=154 E/S=92/62 rescue=0 empty=1 hall=0/0 FG/HBG/EBG=32/0/1152 grad=20.57
[E30] batch=010/153 pseudo=5 loss=6.6571 sfseg=6.5554 seg=0.4677 mard=2.1131 λM=0.0000 DURR(dir/res/hall)=1.0169/0.0000/0.0000 λD=1.000 route=391 E/S=332/59 rescue=0 empty=0 hall=0/0 FG/HBG/EBG=40/0/1536 grad=71.28
[E30] batch=020/153 pseudo=4 loss=6.6590 sfseg=6.6107 seg=0.5637 mard=2.0438 λM=0.0000 DURR(dir/res/hall)=0.4832/0.0000/0.0000 λD=1.000 route=213 E/S=141/72 rescue=0 empty=0 hall=0/0 FG/HBG/EBG=32/0/1536 grad=27.67
[E30] batch=030/153 pseudo=4 loss=7.2984 sfseg=7.2038 seg=0.3096 mard=2.0711 λM=0.0000 DURR(dir/res/hall)=0.9466/0.0000/0.0000 λD=1.000 route=85 E/S=72/13 rescue=0 empty=0 hall=0/0 FG/HBG/EBG=32/0/1536 grad=38.97
[E30] batch=040/153 pseudo=4 loss=9.4060 sfseg=9.3372 seg=0.6666 mard=2.0379 λM=0.0000 DURR(dir/res/hall)=0.6885/0.0000/0.0000 λD=1.000 route=601 E/S=547/54 rescue=0 empty=0 hall=0/0 FG/HBG/EBG=32/0/1536 grad=166.94
[E30] batch=050/153 pseudo=2 loss=1.0599 sfseg=0.9554 seg=0.1530 mard=2.0534 λM=0.0000 DURR(dir/res/hall)=1.0441/0.0000/0.0000 λD=1.000 route=38 E/S=26/12 rescue=0 empty=2 hall=0/0 FG/HBG/EBG=16/0/768 grad=11.14
[E30] batch=060/153 pseudo=4 loss=30.5646 sfseg=30.3267 seg=3.6045 mard=2.0506 λM=0.0000 DURR(dir/res/hall)=2.3789/0.0000/0.0000 λD=1.000 route=534 E/S=519/15 rescue=0 empty=0 hall=0/0 FG/HBG/EBG=32/0/1536 grad=205.50
[E30] batch=070/153 pseudo=3 loss=6.0496 sfseg=5.5829 seg=0.2998 mard=2.0264 λM=0.0000 DURR(dir/res/hall)=0.9307/0.0000/3.7360 λD=1.000 route=155 E/S=110/45 rescue=0 empty=1 hall=1/666 FG/HBG/EBG=24/0/1152 grad=33.54
[E30] batch=080/153 pseudo=4 loss=7.3562 sfseg=7.2389 seg=0.3702 mard=2.0571 λM=0.0000 DURR(dir/res/hall)=1.0831/0.0452/0.0000 λD=1.000 route=340 E/S=310/30 rescue=1 empty=0 hall=0/0 FG/HBG/EBG=32/0/1536 grad=173.08
[E30] batch=090/153 pseudo=3 loss=2.5595 sfseg=2.4591 seg=0.2904 mard=2.1434 λM=0.0000 DURR(dir/res/hall)=1.0035/0.0000/0.0006 λD=1.000 route=190 E/S=185/5 rescue=0 empty=1 hall=1/0 FG/HBG/EBG=24/0/1152 grad=18.41
[E30] batch=100/153 pseudo=2 loss=2.1071 sfseg=1.8315 seg=0.2872 mard=2.0654 λM=0.0000 DURR(dir/res/hall)=0.9265/0.0000/1.8298 λD=1.000 route=66 E/S=60/6 rescue=0 empty=2 hall=2/4 FG/HBG/EBG=16/0/768 grad=42.07
[E30] batch=110/153 pseudo=1 loss=1.3464 sfseg=1.1904 seg=0.2996 mard=2.1921 λM=0.0000 DURR(dir/res/hall)=1.5591/0.0000/0.0010 λD=1.000 route=74 E/S=53/21 rescue=0 empty=3 hall=1/0 FG/HBG/EBG=8/0/384 grad=9.33
[E30] batch=120/153 pseudo=4 loss=5.5071 sfseg=5.4075 seg=0.3608 mard=2.0844 λM=0.0000 DURR(dir/res/hall)=0.9964/0.0000/0.0000 λD=1.000 route=190 E/S=149/41 rescue=0 empty=0 hall=0/0 FG/HBG/EBG=32/0/1536 grad=34.50
[E30] batch=130/153 pseudo=1 loss=0.8201 sfseg=0.7294 seg=0.1804 mard=2.1601 λM=0.0000 DURR(dir/res/hall)=0.8997/0.0000/0.0074 λD=1.000 route=24 E/S=15/9 rescue=0 empty=3 hall=1/0 FG/HBG/EBG=8/0/384 grad=10.43
[E30] batch=140/153 pseudo=3 loss=3.2202 sfseg=3.1389 seg=0.3222 mard=2.1167 λM=0.0000 DURR(dir/res/hall)=0.8130/0.0000/0.0003 λD=1.000 route=290 E/S=260/30 rescue=0 empty=1 hall=1/0 FG/HBG/EBG=24/0/1152 grad=34.43
[E30] batch=150/153 pseudo=3 loss=3.7492 sfseg=3.6691 seg=0.4067 mard=2.0148 λM=0.0000 DURR(dir/res/hall)=0.8011/0.0000/0.0000 λD=1.000 route=423 E/S=366/57 rescue=0 empty=1 hall=0/0 FG/HBG/EBG=24/0/1152 grad=37.24
[E30] batch=153/153 pseudo=4 loss=21.5554 sfseg=21.1736 seg=1.0162 mard=2.1274 λM=0.0000 DURR(dir/res/hall)=3.8174/0.0000/0.0000 λD=1.000 route=335 E/S=272/63 rescue=0 empty=0 hall=0/0 FG/HBG/EBG=32/0/1536 grad=98.41

[Epoch 30] DONE time=37.0s valid=153 skipped=0 pseudo=530 anchors=467 mask_extra=63 reject_rel=27 DURRmatch=449/2148 rescue=8 teacher_empty=98 hall=38/3448 loss=6.1859 sfseg=6.0409 mard=2.0708 dir=1.2110 res=0.0026 hallL=0.2339 route E/S=26621/6471
[SAVE Student] /home/dang/MedRT-SFOD/runs/seg/ablation/k2c_maskdhf_durr_v1_60ep/checkpoints/durr_student_epoch_30.pt
[SAVE Teacher] /home/dang/MedRT-SFOD/runs/seg/ablation/k2c_maskdhf_durr_v1_60ep/checkpoints/durr_teacher_ema_epoch_30.pt
[E31] batch=001/153 pseudo=5 loss=5.2751 sfseg=5.1680 seg=0.3294 mard=2.0300 λM=0.0000 DURR(dir/res/hall)=1.0715/0.0000/0.0000 λD=1.000 route=428 E/S=372/56 rescue=0 empty=0 hall=0/0 FG/HBG/EBG=40/0/1536 grad=40.60
[E31] batch=010/153 pseudo=4 loss=3.5320 sfseg=3.4383 seg=0.2323 mard=2.0438 λM=0.0000 DURR(dir/res/hall)=0.9378/0.0000/0.0000 λD=1.000 route=169 E/S=62/107 rescue=0 empty=0 hall=0/0 FG/HBG/EBG=32/0/1536 grad=17.83
[E31] batch=020/153 pseudo=4 loss=3.9227 sfseg=3.7981 seg=0.2444 mard=2.1134 λM=0.0000 DURR(dir/res/hall)=1.2466/0.0000/0.0000 λD=1.000 route=331 E/S=308/23 rescue=0 empty=0 hall=0/0 FG/HBG/EBG=32/0/1536 grad=41.42
[E31] batch=030/153 pseudo=4 loss=6.3193 sfseg=6.2237 seg=0.7434 mard=2.0082 λM=0.0000 DURR(dir/res/hall)=0.9560/0.0000/0.0000 λD=1.000 route=131 E/S=105/26 rescue=0 empty=0 hall=0/0 FG/HBG/EBG=32/0/1536 grad=40.52
[E31] batch=040/153 pseudo=4 loss=3.8881 sfseg=3.7744 seg=0.3057 mard=2.1304 λM=0.0000 DURR(dir/res/hall)=1.1369/0.0000/0.0000 λD=1.000 route=172 E/S=147/25 rescue=0 empty=0 hall=0/0 FG/HBG/EBG=32/0/1536 grad=28.50
[E31] batch=050/153 pseudo=3 loss=2.0731 sfseg=1.9141 seg=0.2272 mard=2.0548 λM=0.0000 DURR(dir/res/hall)=1.5900/0.0000/0.0005 λD=1.000 route=156 E/S=103/53 rescue=0 empty=1 hall=1/0 FG/HBG/EBG=24/0/1152 grad=17.13
[E31] batch=060/153 pseudo=4 loss=8.1929 sfseg=8.0654 seg=0.7027 mard=2.0771 λM=0.0000 DURR(dir/res/hall)=1.2744/0.0000/0.0000 λD=1.000 route=325 E/S=243/82 rescue=0 empty=0 hall=0/0 FG/HBG/EBG=32/0/1536 grad=154.56
[E31] batch=070/153 pseudo=3 loss=3.5833 sfseg=3.4919 seg=0.4179 mard=2.0679 λM=0.0000 DURR(dir/res/hall)=0.9108/0.0000/0.0026 λD=1.000 route=117 E/S=100/17 rescue=0 empty=1 hall=1/0 FG/HBG/EBG=24/0/1152 grad=21.30
[E31] batch=080/153 pseudo=3 loss=4.8055 sfseg=4.6560 seg=0.4640 mard=2.1038 λM=0.0000 DURR(dir/res/hall)=1.4950/0.0000/0.0000 λD=1.000 route=107 E/S=99/8 rescue=0 empty=1 hall=0/0 FG/HBG/EBG=24/0/1152 grad=39.10
[E31] batch=090/153 pseudo=4 loss=2.8327 sfseg=2.7111 seg=0.2595 mard=2.1281 λM=0.0000 DURR(dir/res/hall)=1.2159/0.0000/0.0000 λD=1.000 route=249 E/S=205/44 rescue=0 empty=0 hall=0/0 FG/HBG/EBG=32/0/1536 grad=25.62
[E31] batch=100/153 pseudo=2 loss=11.1084 sfseg=10.9234 seg=0.7207 mard=2.0647 λM=0.0000 DURR(dir/res/hall)=1.8507/0.0000/0.0000 λD=1.000 route=29 E/S=27/2 rescue=0 empty=2 hall=0/0 FG/HBG/EBG=16/0/768 grad=74.35
[E31] batch=110/153 pseudo=4 loss=2.9070 sfseg=2.8217 seg=0.2742 mard=2.0673 λM=0.0000 DURR(dir/res/hall)=0.8527/0.0000/0.0000 λD=1.000 route=190 E/S=145/45 rescue=0 empty=0 hall=0/0 FG/HBG/EBG=32/0/1536 grad=31.63
[E31] batch=120/153 pseudo=4 loss=7.4096 sfseg=7.2147 seg=0.5671 mard=2.0405 λM=0.0000 DURR(dir/res/hall)=1.9493/0.0000/0.0000 λD=1.000 route=24 E/S=2/22 rescue=0 empty=0 hall=0/0 FG/HBG/EBG=32/0/1536 grad=63.16
[E31] batch=130/153 pseudo=3 loss=3.1465 sfseg=3.0631 seg=0.4111 mard=2.0522 λM=0.0000 DURR(dir/res/hall)=0.8331/0.0000/0.0000 λD=1.000 route=204 E/S=138/66 rescue=0 empty=1 hall=0/0 FG/HBG/EBG=24/0/1152 grad=32.12
[E31] batch=140/153 pseudo=4 loss=6.9733 sfseg=6.8804 seg=0.4675 mard=2.0122 λM=0.0000 DURR(dir/res/hall)=0.9287/0.0000/0.0000 λD=1.000 route=327 E/S=290/37 rescue=0 empty=0 hall=0/0 FG/HBG/EBG=32/0/1536 grad=157.29
[E31] batch=150/153 pseudo=2 loss=1.4265 sfseg=1.3368 seg=0.2112 mard=2.0461 λM=0.0000 DURR(dir/res/hall)=0.8967/0.0000/0.0007 λD=1.000 route=193 E/S=192/1 rescue=0 empty=2 hall=1/0 FG/HBG/EBG=16/0/768 grad=14.85
[E31] batch=153/153 pseudo=3 loss=5.4400 sfseg=5.3627 seg=0.4139 mard=2.0759 λM=0.0000 DURR(dir/res/hall)=0.7728/0.0000/0.0000 λD=1.000 route=259 E/S=76/183 rescue=0 empty=1 hall=0/0 FG/HBG/EBG=24/0/1152 grad=49.25

[Epoch 31] DONE time=37.4s valid=153 skipped=0 pseudo=535 anchors=476 mask_extra=59 reject_rel=22 DURRmatch=459/2195 rescue=9 teacher_empty=96 hall=38/4368 loss=6.1485 sfseg=5.9928 mard=2.0677 dir=1.2234 res=0.0036 hallL=0.3264 route E/S=27800/6902
[E32] batch=001/153 pseudo=4 loss=3.9881 sfseg=3.8726 seg=0.4190 mard=2.0399 λM=0.0000 DURR(dir/res/hall)=1.0532/0.0509/0.0000 λD=1.000 route=109 E/S=85/24 rescue=1 empty=0 hall=0/0 FG/HBG/EBG=32/0/1536 grad=19.35
[E32] batch=010/153 pseudo=5 loss=4.1031 sfseg=3.9993 seg=0.3528 mard=2.0786 λM=0.0000 DURR(dir/res/hall)=1.0374/0.0000/0.0000 λD=1.000 route=173 E/S=88/85 rescue=0 empty=0 hall=0/0 FG/HBG/EBG=40/0/1536 grad=38.06
[E32] batch=020/153 pseudo=4 loss=4.2712 sfseg=4.1720 seg=0.3863 mard=1.9953 λM=0.0000 DURR(dir/res/hall)=0.9916/0.0000/0.0000 λD=1.000 route=139 E/S=107/32 rescue=0 empty=1 hall=0/0 FG/HBG/EBG=32/0/1152 grad=23.80
[E32] batch=030/153 pseudo=4 loss=3.2945 sfseg=3.2066 seg=0.2980 mard=2.0561 λM=0.0000 DURR(dir/res/hall)=0.8785/0.0000/0.0000 λD=1.000 route=126 E/S=89/37 rescue=0 empty=1 hall=0/0 FG/HBG/EBG=32/0/1152 grad=33.05
[E32] batch=040/153 pseudo=1 loss=11.4628 sfseg=10.9514 seg=1.5449 mard=1.9996 λM=0.0000 DURR(dir/res/hall)=5.1085/0.0000/0.0056 λD=1.000 route=16 E/S=8/8 rescue=0 empty=3 hall=2/0 FG/HBG/EBG=8/0/384 grad=162.83
[E32] batch=050/153 pseudo=4 loss=8.8254 sfseg=8.6470 seg=0.6301 mard=2.1354 λM=0.0000 DURR(dir/res/hall)=1.7832/0.0000/0.0000 λD=1.000 route=443 E/S=338/105 rescue=0 empty=0 hall=0/0 FG/HBG/EBG=32/0/1536 grad=54.63
[E32] batch=060/153 pseudo=3 loss=8.4556 sfseg=8.0784 seg=1.3955 mard=2.0688 λM=0.0000 DURR(dir/res/hall)=1.0135/0.0000/2.7583 λD=1.000 route=138 E/S=109/29 rescue=0 empty=2 hall=2/84 FG/HBG/EBG=24/0/768 grad=99.97
[E32] batch=070/153 pseudo=5 loss=7.6812 sfseg=7.5840 seg=0.4473 mard=2.0987 λM=0.0000 DURR(dir/res/hall)=0.9720/0.0000/0.0000 λD=1.000 route=338 E/S=311/27 rescue=0 empty=0 hall=0/0 FG/HBG/EBG=40/0/1536 grad=52.38
[E32] batch=080/153 pseudo=3 loss=4.6747 sfseg=4.5267 seg=0.4625 mard=2.0694 λM=0.0000 DURR(dir/res/hall)=1.3051/0.0874/0.0000 λD=1.000 route=60 E/S=25/35 rescue=1 empty=1 hall=0/0 FG/HBG/EBG=24/0/1152 grad=56.70
[E32] batch=090/153 pseudo=1 loss=1.9307 sfseg=1.5215 seg=0.4277 mard=2.1383 λM=0.0000 DURR(dir/res/hall)=0.3963/0.0000/3.6955 λD=1.000 route=55 E/S=41/14 rescue=0 empty=3 hall=2/1488 FG/HBG/EBG=8/0/384 grad=14.08
[E32] batch=100/153 pseudo=4 loss=4.5764 sfseg=4.3747 seg=0.2903 mard=2.1076 λM=0.0000 DURR(dir/res/hall)=2.0175/0.0000/0.0000 λD=1.000 route=252 E/S=245/7 rescue=0 empty=0 hall=0/0 FG/HBG/EBG=32/0/1536 grad=22.55
[E32] batch=110/153 pseudo=4 loss=11.2968 sfseg=11.1993 seg=0.6019 mard=2.0465 λM=0.0000 DURR(dir/res/hall)=0.9751/0.0000/0.0000 λD=1.000 route=186 E/S=185/1 rescue=0 empty=0 hall=0/0 FG/HBG/EBG=32/0/1536 grad=169.99
[E32] batch=120/153 pseudo=3 loss=3.9724 sfseg=3.9296 seg=0.3340 mard=2.0270 λM=0.0000 DURR(dir/res/hall)=0.2082/0.1100/0.0001 λD=1.000 route=66 E/S=52/14 rescue=1 empty=1 hall=1/0 FG/HBG/EBG=24/0/1152 grad=66.23
[E32] batch=130/153 pseudo=3 loss=4.3894 sfseg=4.2271 seg=0.3688 mard=2.0458 λM=0.0000 DURR(dir/res/hall)=1.6237/0.0000/0.0000 λD=1.000 route=55 E/S=31/24 rescue=0 empty=1 hall=0/0 FG/HBG/EBG=24/0/1152 grad=61.91
[E32] batch=140/153 pseudo=5 loss=7.1231 sfseg=7.0396 seg=0.3355 mard=2.0308 λM=0.0000 DURR(dir/res/hall)=0.8353/0.0000/0.0000 λD=1.000 route=290 E/S=180/110 rescue=0 empty=0 hall=0/0 FG/HBG/EBG=40/0/1536 grad=48.93
[E32] batch=150/153 pseudo=3 loss=4.0971 sfseg=3.9992 seg=0.4610 mard=2.1134 λM=0.0000 DURR(dir/res/hall)=0.9781/0.0000/0.0000 λD=1.000 route=213 E/S=178/35 rescue=0 empty=1 hall=0/0 FG/HBG/EBG=24/0/1152 grad=36.82
[E32] batch=153/153 pseudo=4 loss=13.5655 sfseg=13.4326 seg=0.6227 mard=2.1549 λM=0.0000 DURR(dir/res/hall)=1.3284/0.0000/0.0000 λD=1.000 route=250 E/S=218/32 rescue=0 empty=0 hall=0/0 FG/HBG/EBG=32/0/1536 grad=377.16

[Epoch 32] DONE time=37.1s valid=153 skipped=0 pseudo=535 anchors=477 mask_extra=58 reject_rel=25 DURRmatch=453/2164 rescue=10 teacher_empty=98 hall=41/4426 loss=5.7117 sfseg=5.5553 mard=2.0676 dir=1.2008 res=0.0044 hallL=0.3544 route E/S=27129/6230
[E33] batch=001/153 pseudo=4 loss=6.7089 sfseg=6.5479 seg=0.4895 mard=2.0288 λM=0.0000 DURR(dir/res/hall)=1.6092/0.0000/0.0000 λD=1.000 route=480 E/S=471/9 rescue=0 empty=0 hall=0/0 FG/HBG/EBG=32/0/1536 grad=35.98
[E33] batch=010/153 pseudo=4 loss=5.0345 sfseg=4.9208 seg=0.3810 mard=2.0419 λM=0.0000 DURR(dir/res/hall)=1.1375/0.0000/0.0000 λD=1.000 route=319 E/S=280/39 rescue=0 empty=0 hall=0/0 FG/HBG/EBG=32/0/1536 grad=27.39
[E33] batch=020/153 pseudo=2 loss=2.9833 sfseg=2.8667 seg=0.4929 mard=2.0949 λM=0.0000 DURR(dir/res/hall)=1.1658/0.0000/0.0000 λD=1.000 route=64 E/S=48/16 rescue=0 empty=2 hall=0/0 FG/HBG/EBG=16/0/768 grad=52.48
[E33] batch=030/153 pseudo=2 loss=1.6259 sfseg=1.2514 seg=0.1964 mard=2.0678 λM=0.0000 DURR(dir/res/hall)=0.3638/0.0000/3.3813 λD=1.000 route=79 E/S=51/28 rescue=0 empty=2 hall=1/587 FG/HBG/EBG=16/0/768 grad=16.37
[E33] batch=040/153 pseudo=4 loss=10.9719 sfseg=10.8469 seg=0.8520 mard=2.0971 λM=0.0000 DURR(dir/res/hall)=1.2504/0.0000/0.0000 λD=1.000 route=234 E/S=215/19 rescue=0 empty=0 hall=0/0 FG/HBG/EBG=32/0/1536 grad=340.72
[E33] batch=050/153 pseudo=3 loss=5.6362 sfseg=5.5426 seg=0.5028 mard=2.0225 λM=0.0000 DURR(dir/res/hall)=0.9358/0.0000/0.0000 λD=1.000 route=195 E/S=174/21 rescue=0 empty=1 hall=0/0 FG/HBG/EBG=24/0/1152 grad=75.24
[E33] batch=060/153 pseudo=4 loss=4.1998 sfseg=4.0815 seg=0.4453 mard=2.0347 λM=0.0000 DURR(dir/res/hall)=1.1828/0.0000/0.0000 λD=1.000 route=216 E/S=168/48 rescue=0 empty=0 hall=0/0 FG/HBG/EBG=32/0/1536 grad=38.27
[E33] batch=070/153 pseudo=3 loss=10.4468 sfseg=10.2638 seg=0.4068 mard=2.0234 λM=0.0000 DURR(dir/res/hall)=1.8301/0.0000/0.0003 λD=1.000 route=87 E/S=69/18 rescue=0 empty=1 hall=1/0 FG/HBG/EBG=24/0/1152 grad=106.55
[E33] batch=080/153 pseudo=4 loss=6.6200 sfseg=6.5075 seg=0.4189 mard=2.0890 λM=0.0000 DURR(dir/res/hall)=1.1234/0.0000/0.0007 λD=1.000 route=157 E/S=85/72 rescue=0 empty=1 hall=1/0 FG/HBG/EBG=32/0/1152 grad=80.09
[E33] batch=090/153 pseudo=4 loss=5.8554 sfseg=5.7572 seg=0.4749 mard=2.0767 λM=0.0000 DURR(dir/res/hall)=0.9815/0.0000/0.0000 λD=1.000 route=193 E/S=153/40 rescue=0 empty=0 hall=0/0 FG/HBG/EBG=32/0/1536 grad=49.08
[E33] batch=100/153 pseudo=3 loss=6.7573 sfseg=6.3914 seg=0.7854 mard=2.1308 λM=0.0000 DURR(dir/res/hall)=0.7786/0.0000/2.8805 λD=1.000 route=391 E/S=363/28 rescue=0 empty=1 hall=1/46 FG/HBG/EBG=24/0/1152 grad=45.06
[E33] batch=110/153 pseudo=4 loss=8.5814 sfseg=8.4595 seg=0.6788 mard=2.0327 λM=0.0000 DURR(dir/res/hall)=1.2190/0.0000/0.0000 λD=1.000 route=263 E/S=208/55 rescue=0 empty=0 hall=0/0 FG/HBG/EBG=32/0/1536 grad=104.61
[E33] batch=120/153 pseudo=3 loss=5.0714 sfseg=4.9214 seg=0.5035 mard=2.0570 λM=0.0000 DURR(dir/res/hall)=1.4994/0.0000/0.0000 λD=1.000 route=224 E/S=187/37 rescue=0 empty=1 hall=0/0 FG/HBG/EBG=24/0/1152 grad=43.60
[E33] batch=130/153 pseudo=3 loss=3.9017 sfseg=3.1976 seg=0.3458 mard=2.0592 λM=0.0000 DURR(dir/res/hall)=0.9655/0.0000/6.0754 λD=1.000 route=224 E/S=168/56 rescue=0 empty=1 hall=1/130 FG/HBG/EBG=24/0/1152 grad=24.03
[E33] batch=140/153 pseudo=4 loss=8.9346 sfseg=8.7940 seg=0.7172 mard=2.0756 λM=0.0000 DURR(dir/res/hall)=1.4060/0.0000/0.0000 λD=1.000 route=311 E/S=309/2 rescue=0 empty=0 hall=0/0 FG/HBG/EBG=32/0/1536 grad=108.16
[E33] batch=150/153 pseudo=2 loss=6.4152 sfseg=6.0573 seg=0.6653 mard=2.0594 λM=0.0000 DURR(dir/res/hall)=1.7921/0.0000/1.7870 λD=1.000 route=28 E/S=28/0 rescue=0 empty=2 hall=1/2 FG/HBG/EBG=16/0/768 grad=43.94
[E33] batch=153/153 pseudo=5 loss=3.5657 sfseg=3.4388 seg=0.3818 mard=2.0319 λM=0.0000 DURR(dir/res/hall)=1.2681/0.0000/0.0010 λD=1.000 route=144 E/S=79/65 rescue=0 empty=1 hall=1/0 FG/HBG/EBG=40/0/1152 grad=35.38

[Epoch 33] DONE time=37.3s valid=153 skipped=0 pseudo=538 anchors=478 mask_extra=60 reject_rel=22 DURRmatch=457/2191 rescue=9 teacher_empty=91 hall=33/4305 loss=5.9154 sfseg=5.7661 mard=2.0679 dir=1.1880 res=0.0102 hallL=0.2848 route E/S=28338/6593
[E34] batch=001/153 pseudo=4 loss=5.4448 sfseg=5.2224 seg=0.4065 mard=2.0243 λM=0.0000 DURR(dir/res/hall)=2.2236/0.0000/0.0000 λD=1.000 route=376 E/S=304/72 rescue=0 empty=0 hall=0/0 FG/HBG/EBG=32/0/1536 grad=30.64
[E34] batch=010/153 pseudo=5 loss=8.2175 sfseg=8.0572 seg=0.9093 mard=2.0345 λM=0.0000 DURR(dir/res/hall)=1.6024/0.0000/0.0000 λD=1.000 route=249 E/S=177/72 rescue=0 empty=0 hall=0/0 FG/HBG/EBG=40/0/1536 grad=65.62
[E34] batch=020/153 pseudo=3 loss=2.7267 sfseg=2.6040 seg=0.2536 mard=2.0116 λM=0.0000 DURR(dir/res/hall)=1.2270/0.0000/0.0001 λD=1.000 route=143 E/S=138/5 rescue=0 empty=1 hall=1/0 FG/HBG/EBG=24/0/1152 grad=21.05
[E34] batch=030/153 pseudo=3 loss=2.1973 sfseg=2.0995 seg=0.2384 mard=2.0685 λM=0.0000 DURR(dir/res/hall)=0.9780/0.0000/0.0001 λD=1.000 route=296 E/S=268/28 rescue=0 empty=1 hall=1/0 FG/HBG/EBG=24/0/1152 grad=20.00
[E34] batch=040/153 pseudo=3 loss=12.1043 sfseg=11.4989 seg=1.4069 mard=2.0547 λM=0.0000 DURR(dir/res/hall)=1.2423/0.0000/4.8121 λD=1.000 route=393 E/S=313/80 rescue=0 empty=1 hall=1/821 FG/HBG/EBG=24/0/1152 grad=77.69
[E34] batch=050/153 pseudo=1 loss=0.7091 sfseg=0.5909 seg=0.1715 mard=2.1753 λM=0.0000 DURR(dir/res/hall)=1.1815/0.0000/0.0001 λD=1.000 route=19 E/S=18/1 rescue=0 empty=3 hall=1/0 FG/HBG/EBG=8/0/384 grad=10.87
[E34] batch=060/153 pseudo=3 loss=7.8184 sfseg=7.7021 seg=1.1505 mard=2.0465 λM=0.0000 DURR(dir/res/hall)=1.1594/0.0000/0.0029 λD=1.000 route=171 E/S=123/48 rescue=0 empty=1 hall=1/0 FG/HBG/EBG=24/0/1152 grad=279.79
[E34] batch=070/153 pseudo=3 loss=2.1623 sfseg=2.0517 seg=0.1587 mard=2.0737 λM=0.0000 DURR(dir/res/hall)=1.1060/0.0000/0.0001 λD=1.000 route=49 E/S=29/20 rescue=0 empty=1 hall=1/0 FG/HBG/EBG=24/0/1152 grad=24.56
[E34] batch=080/153 pseudo=4 loss=4.3432 sfseg=4.2649 seg=0.2836 mard=2.0529 λM=0.0000 DURR(dir/res/hall)=0.7824/0.0000/0.0000 λD=1.000 route=206 E/S=174/32 rescue=0 empty=0 hall=0/0 FG/HBG/EBG=32/0/1536 grad=28.43
[E34] batch=090/153 pseudo=4 loss=5.8731 sfseg=5.7449 seg=0.3297 mard=2.1186 λM=0.0000 DURR(dir/res/hall)=1.2017/0.0404/0.0000 λD=1.000 route=203 E/S=186/17 rescue=1 empty=0 hall=0/0 FG/HBG/EBG=32/0/1536 grad=56.72
[E34] batch=100/153 pseudo=3 loss=9.2400 sfseg=8.9763 seg=0.8886 mard=2.0203 λM=0.0000 DURR(dir/res/hall)=2.6330/0.0000/0.0037 λD=1.000 route=131 E/S=57/74 rescue=0 empty=1 hall=1/0 FG/HBG/EBG=24/0/1152 grad=99.51
[E34] batch=110/153 pseudo=3 loss=2.4427 sfseg=2.1186 seg=0.2054 mard=2.0796 λM=0.0000 DURR(dir/res/hall)=1.2698/0.0492/1.8729 λD=1.000 route=52 E/S=52/0 rescue=1 empty=1 hall=1/4 FG/HBG/EBG=24/0/1152 grad=31.29
[E34] batch=120/153 pseudo=4 loss=3.9384 sfseg=3.8042 seg=0.2307 mard=2.0426 λM=0.0000 DURR(dir/res/hall)=1.3413/0.0000/0.0000 λD=1.000 route=378 E/S=268/110 rescue=0 empty=0 hall=0/0 FG/HBG/EBG=32/0/1536 grad=32.87
[E34] batch=130/153 pseudo=3 loss=5.5973 sfseg=4.9407 seg=0.4108 mard=2.0368 λM=0.0000 DURR(dir/res/hall)=1.6243/0.0000/4.9415 λD=1.000 route=98 E/S=63/35 rescue=0 empty=1 hall=1/494 FG/HBG/EBG=24/0/1152 grad=41.54
[E34] batch=140/153 pseudo=3 loss=2.0157 sfseg=1.9263 seg=0.2310 mard=2.0577 λM=0.0000 DURR(dir/res/hall)=0.8883/0.0000/0.0058 λD=1.000 route=136 E/S=77/59 rescue=0 empty=1 hall=1/0 FG/HBG/EBG=24/0/1152 grad=22.28
[E34] batch=150/153 pseudo=4 loss=3.9798 sfseg=3.8355 seg=0.3385 mard=2.0588 λM=0.0000 DURR(dir/res/hall)=1.4427/0.0000/0.0000 λD=1.000 route=151 E/S=113/38 rescue=0 empty=0 hall=0/0 FG/HBG/EBG=32/0/1536 grad=26.20
[E34] batch=153/153 pseudo=3 loss=8.3074 sfseg=8.1831 seg=1.6906 mard=2.0267 λM=0.0000 DURR(dir/res/hall)=1.2426/0.0000/0.0000 λD=1.000 route=414 E/S=235/179 rescue=0 empty=2 hall=0/0 FG/HBG/EBG=24/0/768 grad=62.72

[Epoch 34] DONE time=37.2s valid=153 skipped=0 pseudo=539 anchors=481 mask_extra=58 reject_rel=16 DURRmatch=463/2219 rescue=8 teacher_empty=96 hall=32/3688 loss=5.8783 sfseg=5.7263 mard=2.0708 dir=1.2335 res=0.0026 hallL=0.2811 route E/S=27999/7100
[E35] batch=001/153 pseudo=4 loss=9.3884 sfseg=9.2417 seg=0.3498 mard=2.0215 λM=0.0000 DURR(dir/res/hall)=1.4674/0.0000/0.0000 λD=1.000 route=289 E/S=198/91 rescue=0 empty=0 hall=0/0 FG/HBG/EBG=32/0/1536 grad=36.54
[E35] batch=010/153 pseudo=4 loss=3.6683 sfseg=3.5811 seg=0.2932 mard=2.0486 λM=0.0000 DURR(dir/res/hall)=0.8719/0.0000/0.0000 λD=1.000 route=392 E/S=340/52 rescue=0 empty=0 hall=0/0 FG/HBG/EBG=32/0/1536 grad=25.63
[E35] batch=020/153 pseudo=2 loss=2.6854 sfseg=2.5549 seg=0.5014 mard=2.2135 λM=0.0000 DURR(dir/res/hall)=1.3046/0.0000/0.0004 λD=1.000 route=177 E/S=154/23 rescue=0 empty=2 hall=1/0 FG/HBG/EBG=16/0/768 grad=22.60
[E35] batch=030/153 pseudo=3 loss=3.8024 sfseg=3.6974 seg=0.2436 mard=2.1361 λM=0.0000 DURR(dir/res/hall)=1.0503/0.0000/0.0000 λD=1.000 route=135 E/S=98/37 rescue=0 empty=1 hall=0/0 FG/HBG/EBG=24/0/1152 grad=30.93
[E35] batch=040/153 pseudo=3 loss=13.9311 sfseg=13.8540 seg=1.8596 mard=2.1148 λM=0.0000 DURR(dir/res/hall)=0.7704/0.0000/0.0000 λD=1.000 route=83 E/S=12/71 rescue=0 empty=1 hall=0/0 FG/HBG/EBG=24/0/1152 grad=97.22
[E35] batch=050/153 pseudo=3 loss=4.3732 sfseg=4.2839 seg=0.6333 mard=2.0611 λM=0.0000 DURR(dir/res/hall)=0.8923/0.0000/0.0000 λD=1.000 route=102 E/S=74/28 rescue=0 empty=1 hall=0/0 FG/HBG/EBG=24/0/1152 grad=43.15
[E35] batch=060/153 pseudo=4 loss=8.8663 sfseg=8.7484 seg=0.9266 mard=2.0799 λM=0.0000 DURR(dir/res/hall)=1.1792/0.0000/0.0000 λD=1.000 route=447 E/S=332/115 rescue=0 empty=0 hall=0/0 FG/HBG/EBG=32/0/1536 grad=89.58
[E35] batch=070/153 pseudo=4 loss=5.5305 sfseg=5.4103 seg=0.4998 mard=2.1015 λM=0.0000 DURR(dir/res/hall)=1.2016/0.0000/0.0000 λD=1.000 route=559 E/S=479/80 rescue=0 empty=1 hall=0/0 FG/HBG/EBG=32/0/1152 grad=68.09
[E35] batch=080/153 pseudo=3 loss=2.9815 sfseg=2.8351 seg=0.2097 mard=2.0603 λM=0.0000 DURR(dir/res/hall)=1.4636/0.0000/0.0000 λD=1.000 route=112 E/S=87/25 rescue=0 empty=1 hall=0/0 FG/HBG/EBG=24/0/1152 grad=27.78
[E35] batch=090/153 pseudo=4 loss=3.2125 sfseg=3.0936 seg=0.1976 mard=2.1188 λM=0.0000 DURR(dir/res/hall)=1.1897/0.0000/0.0000 λD=1.000 route=380 E/S=337/43 rescue=0 empty=0 hall=0/0 FG/HBG/EBG=32/0/1536 grad=24.24
[E35] batch=100/153 pseudo=2 loss=3.4070 sfseg=3.3047 seg=0.7134 mard=2.0822 λM=0.0000 DURR(dir/res/hall)=1.0044/0.0000/0.0187 λD=1.000 route=228 E/S=201/27 rescue=0 empty=2 hall=1/0 FG/HBG/EBG=16/0/768 grad=19.41
[E35] batch=110/153 pseudo=3 loss=4.7329 sfseg=4.2656 seg=0.4696 mard=2.0678 λM=0.0000 DURR(dir/res/hall)=0.5788/0.0000/4.0944 λD=1.000 route=93 E/S=60/33 rescue=0 empty=1 hall=1/946 FG/HBG/EBG=24/0/1152 grad=43.70
[E35] batch=120/153 pseudo=2 loss=3.5989 sfseg=3.1673 seg=0.3636 mard=2.0396 λM=0.0000 DURR(dir/res/hall)=0.6533/0.0000/3.6634 λD=1.000 route=173 E/S=72/101 rescue=0 empty=2 hall=1/79 FG/HBG/EBG=16/0/768 grad=34.36
[E35] batch=130/153 pseudo=3 loss=2.5134 sfseg=2.2327 seg=0.2962 mard=2.0721 λM=0.0000 DURR(dir/res/hall)=0.5220/0.0000/2.2850 λD=1.000 route=122 E/S=88/34 rescue=0 empty=1 hall=1/102 FG/HBG/EBG=24/0/1152 grad=33.98
[E35] batch=140/153 pseudo=4 loss=9.0649 sfseg=8.8965 seg=0.9854 mard=2.0254 λM=0.0000 DURR(dir/res/hall)=1.6842/0.0000/0.0000 λD=1.000 route=205 E/S=151/54 rescue=0 empty=0 hall=0/0 FG/HBG/EBG=32/0/1536 grad=122.55
[E35] batch=150/153 pseudo=3 loss=8.2640 sfseg=8.1561 seg=0.4310 mard=2.0205 λM=0.0000 DURR(dir/res/hall)=1.0770/0.0000/0.0022 λD=1.000 route=98 E/S=93/5 rescue=0 empty=1 hall=1/0 FG/HBG/EBG=24/0/1152 grad=56.94
[E35] batch=153/153 pseudo=2 loss=2.4089 sfseg=2.3042 seg=0.4301 mard=2.0798 λM=0.0000 DURR(dir/res/hall)=1.0449/0.0000/0.0023 λD=1.000 route=122 E/S=77/45 rescue=0 empty=2 hall=2/0 FG/HBG/EBG=16/0/768 grad=21.97

[Epoch 35] DONE time=37.3s valid=153 skipped=0 pseudo=530 anchors=474 mask_extra=56 reject_rel=26 DURRmatch=453/2154 rescue=6 teacher_empty=104 hall=38/5411 loss=5.6807 sfseg=5.5286 mard=2.0651 dir=1.1465 res=0.0016 hallL=0.3709 route E/S=25414/7030
[E36] batch=001/153 pseudo=3 loss=8.7757 sfseg=8.5981 seg=0.9245 mard=2.0719 λM=0.0000 DURR(dir/res/hall)=1.7760/0.0000/0.0000 λD=1.000 route=108 E/S=90/18 rescue=0 empty=1 hall=0/0 FG/HBG/EBG=24/0/1152 grad=111.10
[E36] batch=010/153 pseudo=4 loss=5.3932 sfseg=5.3210 seg=0.4148 mard=2.0717 λM=0.0000 DURR(dir/res/hall)=0.7220/0.0000/0.0000 λD=1.000 route=139 E/S=80/59 rescue=0 empty=0 hall=0/0 FG/HBG/EBG=32/0/1536 grad=68.40
[E36] batch=020/153 pseudo=4 loss=2.9948 sfseg=2.8765 seg=0.3504 mard=2.0308 λM=0.0000 DURR(dir/res/hall)=1.1838/0.0000/0.0000 λD=1.000 route=170 E/S=137/33 rescue=0 empty=1 hall=0/0 FG/HBG/EBG=32/0/1152 grad=15.42
[E36] batch=030/153 pseudo=4 loss=2.8325 sfseg=2.7154 seg=0.2155 mard=2.0190 λM=0.0000 DURR(dir/res/hall)=1.1713/0.0000/0.0000 λD=1.000 route=214 E/S=179/35 rescue=0 empty=0 hall=0/0 FG/HBG/EBG=32/0/1536 grad=23.76
[E36] batch=040/153 pseudo=3 loss=3.3612 sfseg=2.7060 seg=0.2342 mard=2.0560 λM=0.0000 DURR(dir/res/hall)=1.2594/0.0000/5.2920 λD=1.000 route=154 E/S=126/28 rescue=0 empty=1 hall=1/496 FG/HBG/EBG=24/0/1152 grad=67.72
[E36] batch=050/153 pseudo=4 loss=2.6634 sfseg=2.5805 seg=0.2840 mard=2.0863 λM=0.0000 DURR(dir/res/hall)=0.8292/0.0000/0.0000 λD=1.000 route=265 E/S=232/33 rescue=0 empty=1 hall=0/0 FG/HBG/EBG=32/0/1152 grad=18.92
[E36] batch=060/153 pseudo=4 loss=10.7706 sfseg=10.4147 seg=0.8894 mard=2.0612 λM=0.0000 DURR(dir/res/hall)=1.3791/0.0000/2.1799 λD=1.000 route=300 E/S=256/44 rescue=0 empty=1 hall=1/28 FG/HBG/EBG=32/0/1152 grad=109.60
[E36] batch=070/153 pseudo=4 loss=7.5191 sfseg=7.3801 seg=0.6050 mard=2.0380 λM=0.0000 DURR(dir/res/hall)=1.3898/0.0000/0.0000 λD=1.000 route=518 E/S=489/29 rescue=0 empty=0 hall=0/0 FG/HBG/EBG=32/0/1536 grad=49.42
[E36] batch=080/153 pseudo=3 loss=2.7990 sfseg=2.6900 seg=0.2212 mard=2.0863 λM=0.0000 DURR(dir/res/hall)=1.0899/0.0000/0.0000 λD=1.000 route=141 E/S=111/30 rescue=0 empty=1 hall=0/0 FG/HBG/EBG=24/0/1152 grad=18.01
[E36] batch=090/153 pseudo=4 loss=3.8051 sfseg=3.7212 seg=0.3083 mard=2.0507 λM=0.0000 DURR(dir/res/hall)=0.8386/0.0000/0.0000 λD=1.000 route=296 E/S=240/56 rescue=0 empty=0 hall=0/0 FG/HBG/EBG=32/0/1536 grad=27.86
[E36] batch=100/153 pseudo=4 loss=4.6214 sfseg=4.5219 seg=0.3859 mard=2.0323 λM=0.0000 DURR(dir/res/hall)=0.9949/0.0000/0.0000 λD=1.000 route=309 E/S=290/19 rescue=0 empty=0 hall=0/0 FG/HBG/EBG=32/0/1536 grad=23.07
[E36] batch=110/153 pseudo=3 loss=2.3987 sfseg=2.3140 seg=0.2874 mard=2.0373 λM=0.0000 DURR(dir/res/hall)=0.8449/0.0000/0.0023 λD=1.000 route=227 E/S=160/67 rescue=0 empty=1 hall=1/0 FG/HBG/EBG=24/0/1152 grad=22.05
[E36] batch=120/153 pseudo=4 loss=3.3634 sfseg=3.2564 seg=0.1773 mard=2.0676 λM=0.0000 DURR(dir/res/hall)=1.0707/0.0000/0.0000 λD=1.000 route=77 E/S=57/20 rescue=0 empty=0 hall=0/0 FG/HBG/EBG=32/0/1536 grad=44.61
[E36] batch=130/153 pseudo=3 loss=9.5086 sfseg=9.1566 seg=0.4293 mard=2.0034 λM=0.0000 DURR(dir/res/hall)=1.3939/0.1175/1.8910 λD=1.000 route=133 E/S=98/35 rescue=1 empty=1 hall=1/35 FG/HBG/EBG=24/0/1152 grad=155.44
[E36] batch=140/153 pseudo=4 loss=3.2394 sfseg=3.1448 seg=0.2183 mard=2.0606 λM=0.0000 DURR(dir/res/hall)=0.8297/0.0578/0.0000 λD=1.000 route=172 E/S=134/38 rescue=1 empty=0 hall=0/0 FG/HBG/EBG=32/0/1536 grad=28.14
[E36] batch=150/153 pseudo=3 loss=2.3204 sfseg=1.7799 seg=0.1648 mard=2.0732 λM=0.0000 DURR(dir/res/hall)=0.7900/0.0000/4.6148 λD=1.000 route=134 E/S=84/50 rescue=0 empty=1 hall=1/521 FG/HBG/EBG=24/0/1152 grad=25.48
[E36] batch=153/153 pseudo=3 loss=4.9052 sfseg=4.7690 seg=0.4250 mard=2.0163 λM=0.0000 DURR(dir/res/hall)=1.3619/0.0000/0.0000 λD=1.000 route=268 E/S=230/38 rescue=0 empty=1 hall=0/0 FG/HBG/EBG=24/0/1152 grad=32.15

[Epoch 36] DONE time=37.3s valid=153 skipped=0 pseudo=523 anchors=465 mask_extra=58 reject_rel=30 DURRmatch=445/2144 rescue=9 teacher_empty=105 hall=41/5012 loss=5.7129 sfseg=5.5544 mard=2.0664 dir=1.1574 res=0.0032 hallL=0.4214 route E/S=26093/6380
[E37] batch=001/153 pseudo=4 loss=4.9148 sfseg=4.8106 seg=0.3625 mard=2.1161 λM=0.0000 DURR(dir/res/hall)=1.0425/0.0000/0.0000 λD=1.000 route=194 E/S=168/26 rescue=0 empty=0 hall=0/0 FG/HBG/EBG=32/0/1536 grad=24.79
[E37] batch=010/153 pseudo=2 loss=1.7692 sfseg=1.1880 seg=0.1494 mard=2.1563 λM=0.0000 DURR(dir/res/hall)=1.5586/0.0000/4.2528 λD=1.000 route=54 E/S=29/25 rescue=0 empty=2 hall=1/652 FG/HBG/EBG=16/0/768 grad=22.12
[E37] batch=020/153 pseudo=5 loss=4.3803 sfseg=4.2922 seg=0.2164 mard=2.0734 λM=0.0000 DURR(dir/res/hall)=0.7412/0.0696/0.0000 λD=1.000 route=226 E/S=182/44 rescue=1 empty=0 hall=0/0 FG/HBG/EBG=40/0/1536 grad=24.59
[E37] batch=030/153 pseudo=4 loss=5.6404 sfseg=5.5615 seg=0.3841 mard=2.0526 λM=0.0000 DURR(dir/res/hall)=0.7892/0.0000/0.0000 λD=1.000 route=300 E/S=224/76 rescue=0 empty=0 hall=0/0 FG/HBG/EBG=32/0/1536 grad=55.86
[E37] batch=040/153 pseudo=4 loss=7.3198 sfseg=7.2052 seg=0.6321 mard=2.0731 λM=0.0000 DURR(dir/res/hall)=1.1465/0.0000/0.0000 λD=1.000 route=274 E/S=244/30 rescue=0 empty=0 hall=0/0 FG/HBG/EBG=32/0/1536 grad=52.38
[E37] batch=050/153 pseudo=3 loss=11.1080 sfseg=11.0079 seg=0.7758 mard=2.0654 λM=0.0000 DURR(dir/res/hall)=1.0013/0.0000/0.0000 λD=1.000 route=585 E/S=538/47 rescue=0 empty=1 hall=0/0 FG/HBG/EBG=24/0/1152 grad=128.23
[E37] batch=060/153 pseudo=4 loss=2.8965 sfseg=2.8217 seg=0.2448 mard=2.0832 λM=0.0000 DURR(dir/res/hall)=0.7472/0.0000/0.0000 λD=1.000 route=254 E/S=193/61 rescue=0 empty=0 hall=0/0 FG/HBG/EBG=32/0/1536 grad=21.58
[E37] batch=070/153 pseudo=4 loss=7.8738 sfseg=7.7764 seg=0.9709 mard=2.0400 λM=0.0000 DURR(dir/res/hall)=0.9740/0.0000/0.0000 λD=1.000 route=284 E/S=205/79 rescue=0 empty=0 hall=0/0 FG/HBG/EBG=32/0/1536 grad=89.61
[E37] batch=080/153 pseudo=3 loss=5.2627 sfseg=5.2066 seg=0.4436 mard=2.1768 λM=0.0000 DURR(dir/res/hall)=0.5606/0.0000/0.0000 λD=1.000 route=296 E/S=162/134 rescue=0 empty=1 hall=0/0 FG/HBG/EBG=24/0/1152 grad=23.37
[E37] batch=090/153 pseudo=3 loss=4.7348 sfseg=4.6296 seg=0.3707 mard=2.0862 λM=0.0000 DURR(dir/res/hall)=1.0503/0.0000/0.0015 λD=1.000 route=262 E/S=249/13 rescue=0 empty=1 hall=1/0 FG/HBG/EBG=24/0/1152 grad=24.22
[E37] batch=100/153 pseudo=4 loss=4.5591 sfseg=4.4070 seg=0.3398 mard=2.0628 λM=0.0000 DURR(dir/res/hall)=1.5207/0.0000/0.0000 λD=1.000 route=445 E/S=412/33 rescue=0 empty=0 hall=0/0 FG/HBG/EBG=32/0/1536 grad=31.37
[E37] batch=110/153 pseudo=4 loss=5.1593 sfseg=5.0448 seg=0.3050 mard=2.0754 λM=0.0000 DURR(dir/res/hall)=0.7680/0.1882/0.0000 λD=1.000 route=106 E/S=48/58 rescue=1 empty=0 hall=0/0 FG/HBG/EBG=32/0/1536 grad=37.50
[E37] batch=120/153 pseudo=4 loss=4.0554 sfseg=3.9826 seg=0.2382 mard=2.0791 λM=0.0000 DURR(dir/res/hall)=0.7277/0.0000/0.0000 λD=1.000 route=177 E/S=140/37 rescue=0 empty=0 hall=0/0 FG/HBG/EBG=32/0/1536 grad=29.45
[E37] batch=130/153 pseudo=3 loss=5.8710 sfseg=5.7251 seg=0.4613 mard=2.0528 λM=0.0000 DURR(dir/res/hall)=1.4596/0.0000/0.0000 λD=1.000 route=256 E/S=202/54 rescue=0 empty=1 hall=0/0 FG/HBG/EBG=24/0/1152 grad=75.74
[E37] batch=140/153 pseudo=4 loss=13.7332 sfseg=13.5792 seg=0.8321 mard=2.0210 λM=0.0000 DURR(dir/res/hall)=1.5395/0.0000/0.0000 λD=1.000 route=688 E/S=607/81 rescue=0 empty=0 hall=0/0 FG/HBG/EBG=32/0/1536 grad=215.83
[E37] batch=150/153 pseudo=1 loss=1.0316 sfseg=0.5544 seg=0.1865 mard=2.0686 λM=0.0000 DURR(dir/res/hall)=1.5747/0.0000/3.1979 λD=1.000 route=15 E/S=8/7 rescue=0 empty=3 hall=1/1152 FG/HBG/EBG=8/0/384 grad=25.50
[E37] batch=153/153 pseudo=4 loss=5.1017 sfseg=4.9857 seg=0.4655 mard=2.0597 λM=0.0000 DURR(dir/res/hall)=1.1597/0.0000/0.0001 λD=1.000 route=114 E/S=55/59 rescue=0 empty=1 hall=1/0 FG/HBG/EBG=32/0/1152 grad=44.10

[Epoch 37] DONE time=37.3s valid=153 skipped=0 pseudo=541 anchors=483 mask_extra=58 reject_rel=25 DURRmatch=461/2193 rescue=8 teacher_empty=88 hall=32/5032 loss=5.7560 sfseg=5.6015 mard=2.0734 dir=1.1528 res=0.0043 hallL=0.3834 route E/S=27577/6956
[E38] batch=001/153 pseudo=4 loss=5.4666 sfseg=5.2961 seg=0.3144 mard=2.0860 λM=0.0000 DURR(dir/res/hall)=1.7048/0.0000/0.0000 λD=1.000 route=115 E/S=71/44 rescue=0 empty=0 hall=0/0 FG/HBG/EBG=32/0/1536 grad=66.75
[E38] batch=010/153 pseudo=3 loss=6.8223 sfseg=6.7175 seg=1.0955 mard=2.0741 λM=0.0000 DURR(dir/res/hall)=1.0475/0.0000/0.0000 λD=1.000 route=345 E/S=328/17 rescue=0 empty=1 hall=0/0 FG/HBG/EBG=24/0/1152 grad=43.57
[E38] batch=020/153 pseudo=4 loss=5.5123 sfseg=5.3744 seg=0.4562 mard=2.0454 λM=0.0000 DURR(dir/res/hall)=1.3797/0.0000/0.0000 λD=1.000 route=103 E/S=75/28 rescue=0 empty=1 hall=0/0 FG/HBG/EBG=32/0/1152 grad=57.78
[E38] batch=030/153 pseudo=4 loss=4.1268 sfseg=4.0385 seg=0.3658 mard=2.0949 λM=0.0000 DURR(dir/res/hall)=0.8829/0.0000/0.0000 λD=1.000 route=144 E/S=96/48 rescue=0 empty=0 hall=0/0 FG/HBG/EBG=32/0/1536 grad=28.57
[E38] batch=040/153 pseudo=3 loss=2.7383 sfseg=2.6402 seg=0.3674 mard=2.0553 λM=0.0000 DURR(dir/res/hall)=0.9812/0.0000/0.0000 λD=1.000 route=174 E/S=151/23 rescue=0 empty=1 hall=0/0 FG/HBG/EBG=24/0/1152 grad=30.51
[E38] batch=050/153 pseudo=2 loss=3.0558 sfseg=2.9155 seg=0.5872 mard=2.0460 λM=0.0000 DURR(dir/res/hall)=1.3956/0.0000/0.0071 λD=1.000 route=380 E/S=343/37 rescue=0 empty=2 hall=2/0 FG/HBG/EBG=16/0/768 grad=24.37
[E38] batch=060/153 pseudo=3 loss=9.5248 sfseg=9.4313 seg=0.2042 mard=2.0406 λM=0.0000 DURR(dir/res/hall)=0.9355/0.0000/0.0000 λD=1.000 route=86 E/S=61/25 rescue=0 empty=1 hall=0/0 FG/HBG/EBG=24/0/1152 grad=74.56
[E38] batch=070/153 pseudo=3 loss=4.9482 sfseg=4.2599 seg=0.4013 mard=2.0783 λM=0.0000 DURR(dir/res/hall)=0.9943/0.0000/5.8889 λD=1.000 route=179 E/S=110/69 rescue=0 empty=1 hall=1/284 FG/HBG/EBG=24/0/1152 grad=71.03
[E38] batch=080/153 pseudo=4 loss=8.9171 sfseg=8.8214 seg=0.3418 mard=2.0807 λM=0.0000 DURR(dir/res/hall)=0.9571/0.0000/0.0000 λD=1.000 route=203 E/S=140/63 rescue=0 empty=0 hall=0/0 FG/HBG/EBG=32/0/1536 grad=164.68
[E38] batch=090/153 pseudo=3 loss=2.8064 sfseg=2.6699 seg=0.3081 mard=2.0284 λM=0.0000 DURR(dir/res/hall)=1.3649/0.0000/0.0000 λD=1.000 route=165 E/S=110/55 rescue=0 empty=1 hall=0/0 FG/HBG/EBG=24/0/1152 grad=20.22
[E38] batch=100/153 pseudo=3 loss=4.4664 sfseg=4.3303 seg=0.4937 mard=2.0892 λM=0.0000 DURR(dir/res/hall)=1.3439/0.0085/0.0000 λD=1.000 route=336 E/S=324/12 rescue=1 empty=1 hall=0/0 FG/HBG/EBG=24/0/1152 grad=37.76
[E38] batch=110/153 pseudo=3 loss=3.7534 sfseg=3.6449 seg=0.3402 mard=2.1034 λM=0.0000 DURR(dir/res/hall)=1.0844/0.0000/0.0000 λD=1.000 route=231 E/S=217/14 rescue=0 empty=1 hall=0/0 FG/HBG/EBG=24/0/1152 grad=22.19
[E38] batch=120/153 pseudo=4 loss=5.4976 sfseg=5.4126 seg=0.5391 mard=2.0795 λM=0.0000 DURR(dir/res/hall)=0.8506/0.0000/0.0000 λD=1.000 route=277 E/S=246/31 rescue=0 empty=0 hall=0/0 FG/HBG/EBG=32/0/1536 grad=36.31
[E38] batch=130/153 pseudo=3 loss=5.5688 sfseg=5.4365 seg=0.7250 mard=2.0874 λM=0.0000 DURR(dir/res/hall)=1.3228/0.0000/0.0000 λD=1.000 route=227 E/S=162/65 rescue=0 empty=1 hall=0/0 FG/HBG/EBG=24/0/1152 grad=80.89
[E38] batch=140/153 pseudo=3 loss=7.0847 sfseg=6.7883 seg=0.7311 mard=2.0897 λM=0.0000 DURR(dir/res/hall)=1.0580/0.0000/1.9059 λD=1.000 route=334 E/S=312/22 rescue=0 empty=1 hall=1/8 FG/HBG/EBG=24/0/1152 grad=60.51
[E38] batch=150/153 pseudo=3 loss=5.6300 sfseg=5.5226 seg=0.7154 mard=2.1104 λM=0.0000 DURR(dir/res/hall)=1.0746/0.0000/0.0000 λD=1.000 route=64 E/S=32/32 rescue=0 empty=1 hall=0/0 FG/HBG/EBG=24/0/1152 grad=28.78
[E38] batch=153/153 pseudo=4 loss=2.0004 sfseg=1.8829 seg=0.1734 mard=2.0994 λM=0.0000 DURR(dir/res/hall)=1.1751/0.0000/0.0000 λD=1.000 route=129 E/S=111/18 rescue=0 empty=0 hall=0/0 FG/HBG/EBG=32/0/1536 grad=27.89

[Epoch 38] DONE time=37.4s valid=153 skipped=0 pseudo=532 anchors=484 mask_extra=48 reject_rel=27 DURRmatch=461/2199 rescue=5 teacher_empty=100 hall=42/2611 loss=5.6735 sfseg=5.5317 mard=2.0678 dir=1.1660 res=0.0018 hallL=0.2482 route E/S=26506/6421
[E39] batch=001/153 pseudo=4 loss=7.4313 sfseg=7.2747 seg=0.5983 mard=2.0712 λM=0.0000 DURR(dir/res/hall)=1.5661/0.0000/0.0000 λD=1.000 route=180 E/S=157/23 rescue=0 empty=0 hall=0/0 FG/HBG/EBG=32/0/1536 grad=36.84
[E39] batch=010/153 pseudo=4 loss=3.9449 sfseg=3.8767 seg=0.4058 mard=2.1010 λM=0.0000 DURR(dir/res/hall)=0.6826/0.0000/0.0000 λD=1.000 route=164 E/S=110/54 rescue=0 empty=0 hall=0/0 FG/HBG/EBG=32/0/1536 grad=25.11
[E39] batch=020/153 pseudo=5 loss=7.4110 sfseg=7.2652 seg=0.5617 mard=2.0136 λM=0.0000 DURR(dir/res/hall)=1.4578/0.0000/0.0000 λD=1.000 route=246 E/S=195/51 rescue=0 empty=0 hall=0/0 FG/HBG/EBG=40/0/1536 grad=48.51
[E39] batch=030/153 pseudo=4 loss=4.0432 sfseg=3.9147 seg=0.2927 mard=2.1143 λM=0.0000 DURR(dir/res/hall)=1.2844/0.0000/0.0000 λD=1.000 route=163 E/S=144/19 rescue=0 empty=0 hall=0/0 FG/HBG/EBG=32/0/1536 grad=111.84
[E39] batch=040/153 pseudo=4 loss=4.2930 sfseg=4.2013 seg=0.2926 mard=2.0158 λM=0.0000 DURR(dir/res/hall)=0.9170/0.0000/0.0000 λD=1.000 route=187 E/S=132/55 rescue=0 empty=0 hall=0/0 FG/HBG/EBG=32/0/1536 grad=28.76
[E39] batch=050/153 pseudo=4 loss=8.5390 sfseg=8.4172 seg=1.0215 mard=2.0588 λM=0.0000 DURR(dir/res/hall)=1.2177/0.0000/0.0000 λD=1.000 route=211 E/S=169/42 rescue=0 empty=0 hall=0/0 FG/HBG/EBG=32/0/1536 grad=69.03
[E39] batch=060/153 pseudo=3 loss=6.1501 sfseg=6.0112 seg=0.9598 mard=2.0910 λM=0.0000 DURR(dir/res/hall)=1.3884/0.0000/0.0000 λD=1.000 route=260 E/S=211/49 rescue=0 empty=1 hall=0/0 FG/HBG/EBG=24/0/1152 grad=60.88
[E39] batch=070/153 pseudo=3 loss=16.0512 sfseg=15.8801 seg=0.6351 mard=2.0620 λM=0.0000 DURR(dir/res/hall)=1.7098/0.0000/0.0004 λD=1.000 route=95 E/S=80/15 rescue=0 empty=1 hall=1/0 FG/HBG/EBG=24/0/1152 grad=97.90
[E39] batch=080/153 pseudo=3 loss=2.8628 sfseg=2.7244 seg=0.2008 mard=2.0409 λM=0.0000 DURR(dir/res/hall)=1.3842/0.0000/0.0000 λD=1.000 route=339 E/S=318/21 rescue=0 empty=1 hall=0/0 FG/HBG/EBG=24/0/1152 grad=22.21
[E39] batch=090/153 pseudo=3 loss=2.5624 sfseg=2.5008 seg=0.3472 mard=2.1197 λM=0.0000 DURR(dir/res/hall)=0.6010/0.0069/0.0019 λD=1.000 route=126 E/S=99/27 rescue=1 empty=1 hall=1/0 FG/HBG/EBG=24/0/1152 grad=32.99
[E39] batch=100/153 pseudo=4 loss=6.8477 sfseg=6.6388 seg=0.3800 mard=2.0673 λM=0.0000 DURR(dir/res/hall)=2.0883/0.0000/0.0000 λD=1.000 route=82 E/S=57/25 rescue=0 empty=0 hall=0/0 FG/HBG/EBG=32/0/1536 grad=69.98
[E39] batch=110/153 pseudo=4 loss=3.4020 sfseg=3.3108 seg=0.2973 mard=2.1278 λM=0.0000 DURR(dir/res/hall)=0.9123/0.0000/0.0000 λD=1.000 route=325 E/S=236/89 rescue=0 empty=0 hall=0/0 FG/HBG/EBG=32/0/1536 grad=29.64
[E39] batch=120/153 pseudo=4 loss=4.1802 sfseg=4.0045 seg=0.2150 mard=2.1061 λM=0.0000 DURR(dir/res/hall)=1.4288/0.1641/0.0000 λD=1.000 route=143 E/S=114/29 rescue=1 empty=0 hall=0/0 FG/HBG/EBG=32/0/1536 grad=30.63
[E39] batch=130/153 pseudo=4 loss=8.2620 sfseg=8.1679 seg=0.9546 mard=2.0436 λM=0.0000 DURR(dir/res/hall)=0.9404/0.0000/0.0000 λD=1.000 route=348 E/S=284/64 rescue=0 empty=0 hall=0/0 FG/HBG/EBG=32/0/1536 grad=48.79
[E39] batch=140/153 pseudo=5 loss=7.6446 sfseg=7.5687 seg=0.3011 mard=2.0759 λM=0.0000 DURR(dir/res/hall)=0.7587/0.0000/0.0000 λD=1.000 route=139 E/S=82/57 rescue=0 empty=0 hall=0/0 FG/HBG/EBG=40/0/1536 grad=117.61
[E39] batch=150/153 pseudo=3 loss=2.9565 sfseg=2.8720 seg=0.2823 mard=2.0610 λM=0.0000 DURR(dir/res/hall)=0.8450/0.0000/0.0000 λD=1.000 route=146 E/S=92/54 rescue=0 empty=1 hall=0/0 FG/HBG/EBG=24/0/1152 grad=23.21
[E39] batch=153/153 pseudo=4 loss=6.2192 sfseg=6.0986 seg=0.5053 mard=2.0810 λM=0.0000 DURR(dir/res/hall)=1.2059/0.0000/0.0000 λD=1.000 route=210 E/S=179/31 rescue=0 empty=0 hall=0/0 FG/HBG/EBG=32/0/1536 grad=46.25

[Epoch 39] DONE time=37.2s valid=153 skipped=0 pseudo=533 anchors=478 mask_extra=55 reject_rel=24 DURRmatch=452/2157 rescue=11 teacher_empty=100 hall=43/3379 loss=5.6626 sfseg=5.5089 mard=2.0728 dir=1.1726 res=0.0029 hallL=0.3593 route E/S=26942/6917
[E40] batch=001/153 pseudo=4 loss=5.8798 sfseg=5.7786 seg=0.3250 mard=2.1610 λM=0.0000 DURR(dir/res/hall)=1.0127/0.0000/0.0000 λD=1.000 route=493 E/S=372/121 rescue=0 empty=0 hall=0/0 FG/HBG/EBG=32/0/1536 grad=43.17
[E40] batch=010/153 pseudo=3 loss=4.9976 sfseg=4.8733 seg=0.5235 mard=2.0675 λM=0.0000 DURR(dir/res/hall)=1.2432/0.0000/0.0000 λD=1.000 route=128 E/S=69/59 rescue=0 empty=1 hall=0/0 FG/HBG/EBG=24/0/1152 grad=23.66
[E40] batch=020/153 pseudo=3 loss=3.3752 sfseg=3.2567 seg=0.2793 mard=2.0674 λM=0.0000 DURR(dir/res/hall)=1.1850/0.0000/0.0000 λD=1.000 route=245 E/S=209/36 rescue=0 empty=1 hall=0/0 FG/HBG/EBG=24/0/1152 grad=20.93
[E40] batch=030/153 pseudo=4 loss=3.9183 sfseg=3.8031 seg=0.3328 mard=2.0355 λM=0.0000 DURR(dir/res/hall)=1.1512/0.0000/0.0000 λD=1.000 route=236 E/S=180/56 rescue=0 empty=0 hall=0/0 FG/HBG/EBG=32/0/1536 grad=22.12
[E40] batch=040/153 pseudo=3 loss=3.6638 sfseg=3.5478 seg=0.3861 mard=2.0453 λM=0.0000 DURR(dir/res/hall)=1.1593/0.0000/0.0000 λD=1.000 route=344 E/S=295/49 rescue=0 empty=1 hall=0/0 FG/HBG/EBG=24/0/1152 grad=21.99
[E40] batch=050/153 pseudo=2 loss=12.4127 sfseg=12.0634 seg=1.2072 mard=2.0552 λM=0.0000 DURR(dir/res/hall)=1.5025/0.0000/1.9897 λD=1.000 route=269 E/S=243/26 rescue=0 empty=2 hall=1/3 FG/HBG/EBG=16/0/768 grad=92.02
[E40] batch=060/153 pseudo=2 loss=5.4202 sfseg=4.8144 seg=0.4266 mard=2.1640 λM=0.0000 DURR(dir/res/hall)=1.4023/0.0000/4.6558 λD=1.000 route=96 E/S=27/69 rescue=0 empty=2 hall=1/464 FG/HBG/EBG=16/0/768 grad=52.49
[E40] batch=070/153 pseudo=2 loss=1.3856 sfseg=1.3209 seg=0.1991 mard=2.0746 λM=0.0000 DURR(dir/res/hall)=0.6480/0.0000/0.0000 λD=1.000 route=105 E/S=61/44 rescue=0 empty=2 hall=0/0 FG/HBG/EBG=16/0/768 grad=17.20
[E40] batch=080/153 pseudo=2 loss=2.6524 sfseg=2.5540 seg=0.4479 mard=2.0328 λM=0.0000 DURR(dir/res/hall)=0.9841/0.0000/0.0000 λD=1.000 route=181 E/S=129/52 rescue=0 empty=2 hall=0/0 FG/HBG/EBG=16/0/768 grad=28.50
[E40] batch=090/153 pseudo=2 loss=7.6682 sfseg=7.1747 seg=0.8654 mard=2.0681 λM=0.0000 DURR(dir/res/hall)=0.9492/0.0000/3.9860 λD=1.000 route=78 E/S=46/32 rescue=0 empty=2 hall=2/433 FG/HBG/EBG=16/0/768 grad=130.03
[E40] batch=100/153 pseudo=4 loss=2.8957 sfseg=2.7801 seg=0.1626 mard=2.0786 λM=0.0000 DURR(dir/res/hall)=1.1552/0.0000/0.0000 λD=1.000 route=233 E/S=191/42 rescue=0 empty=0 hall=0/0 FG/HBG/EBG=32/0/1536 grad=26.44
[E40] batch=110/153 pseudo=3 loss=6.6389 sfseg=6.5208 seg=0.6552 mard=2.0511 λM=0.0000 DURR(dir/res/hall)=1.1809/0.0000/0.0000 λD=1.000 route=337 E/S=298/39 rescue=0 empty=1 hall=0/0 FG/HBG/EBG=24/0/1152 grad=61.24
[E40] batch=120/153 pseudo=4 loss=5.1530 sfseg=5.0210 seg=0.4176 mard=2.0698 λM=0.0000 DURR(dir/res/hall)=1.3205/0.0000/0.0000 λD=1.000 route=328 E/S=266/62 rescue=0 empty=0 hall=0/0 FG/HBG/EBG=32/0/1536 grad=36.28
[E40] batch=130/153 pseudo=3 loss=3.7732 sfseg=3.6264 seg=0.3233 mard=2.0643 λM=0.0000 DURR(dir/res/hall)=1.4663/0.0000/0.0008 λD=1.000 route=176 E/S=92/84 rescue=0 empty=1 hall=1/0 FG/HBG/EBG=24/0/1152 grad=86.14
[E40] batch=140/153 pseudo=3 loss=6.6262 sfseg=6.4456 seg=0.5105 mard=2.0090 λM=0.0000 DURR(dir/res/hall)=1.8056/0.0000/0.0000 λD=1.000 route=53 E/S=47/6 rescue=0 empty=1 hall=0/0 FG/HBG/EBG=24/0/1152 grad=68.86
[E40] batch=150/153 pseudo=5 loss=23.6284 sfseg=23.5011 seg=0.7687 mard=2.0863 λM=0.0000 DURR(dir/res/hall)=1.2728/0.0000/0.0000 λD=1.000 route=214 E/S=185/29 rescue=0 empty=0 hall=0/0 FG/HBG/EBG=40/0/1536 grad=411.17
[E40] batch=153/153 pseudo=5 loss=7.7777 sfseg=7.6313 seg=0.4100 mard=2.0578 λM=0.0000 DURR(dir/res/hall)=1.4641/0.0000/0.0000 λD=1.000 route=267 E/S=194/73 rescue=0 empty=0 hall=0/0 FG/HBG/EBG=40/0/1536 grad=107.75

[Epoch 40] DONE time=37.3s valid=153 skipped=0 pseudo=538 anchors=485 mask_extra=53 reject_rel=22 DURRmatch=460/2185 rescue=7 teacher_empty=95 hall=33/5102 loss=5.9029 sfseg=5.7485 mard=2.0684 dir=1.2193 res=0.0018 hallL=0.3208 route E/S=26940/6799
[SAVE Student] /home/dang/MedRT-SFOD/runs/seg/ablation/k2c_maskdhf_durr_v1_60ep/checkpoints/durr_student_epoch_40.pt
[SAVE Teacher] /home/dang/MedRT-SFOD/runs/seg/ablation/k2c_maskdhf_durr_v1_60ep/checkpoints/durr_teacher_ema_epoch_40.pt
[E41] batch=001/153 pseudo=3 loss=2.7756 sfseg=2.6440 seg=0.2838 mard=2.0972 λM=0.0000 DURR(dir/res/hall)=1.3127/0.0000/0.0031 λD=1.000 route=207 E/S=176/31 rescue=0 empty=1 hall=1/0 FG/HBG/EBG=24/0/1152 grad=23.09
[E41] batch=010/153 pseudo=3 loss=3.3371 sfseg=3.2447 seg=0.2449 mard=2.0697 λM=0.0000 DURR(dir/res/hall)=0.9229/0.0000/0.0014 λD=1.000 route=95 E/S=79/16 rescue=0 empty=1 hall=1/0 FG/HBG/EBG=24/0/1152 grad=23.91
[E41] batch=020/153 pseudo=3 loss=4.0191 sfseg=3.9176 seg=0.4969 mard=2.1444 λM=0.0000 DURR(dir/res/hall)=1.0149/0.0000/0.0000 λD=1.000 route=198 E/S=183/15 rescue=0 empty=1 hall=0/0 FG/HBG/EBG=24/0/1152 grad=43.39
[E41] batch=030/153 pseudo=4 loss=4.1847 sfseg=4.1097 seg=0.3611 mard=2.0914 λM=0.0000 DURR(dir/res/hall)=0.7497/0.0000/0.0000 λD=1.000 route=186 E/S=135/51 rescue=0 empty=0 hall=0/0 FG/HBG/EBG=32/0/1536 grad=25.68
[E41] batch=040/153 pseudo=3 loss=4.1185 sfseg=4.0158 seg=0.3834 mard=2.1488 λM=0.0000 DURR(dir/res/hall)=1.0043/0.0111/0.0000 λD=1.000 route=152 E/S=133/19 rescue=1 empty=1 hall=0/0 FG/HBG/EBG=24/0/1152 grad=44.57
[E41] batch=050/153 pseudo=3 loss=2.0925 sfseg=2.0235 seg=0.2283 mard=2.0858 λM=0.0000 DURR(dir/res/hall)=0.6906/0.0000/0.0000 λD=1.000 route=100 E/S=68/32 rescue=0 empty=1 hall=0/0 FG/HBG/EBG=24/0/1152 grad=19.03
[E41] batch=060/153 pseudo=3 loss=6.5144 sfseg=6.4175 seg=0.7475 mard=2.0687 λM=0.0000 DURR(dir/res/hall)=0.9688/0.0000/0.0000 λD=1.000 route=126 E/S=82/44 rescue=0 empty=1 hall=0/0 FG/HBG/EBG=24/0/1152 grad=61.45
[E41] batch=070/153 pseudo=2 loss=3.9088 sfseg=3.7990 seg=0.4072 mard=2.0682 λM=0.0000 DURR(dir/res/hall)=1.0984/0.0000/0.0000 λD=1.000 route=101 E/S=83/18 rescue=0 empty=2 hall=0/0 FG/HBG/EBG=16/0/768 grad=60.86
[E41] batch=080/153 pseudo=4 loss=4.9170 sfseg=4.8309 seg=0.2295 mard=2.0464 λM=0.0000 DURR(dir/res/hall)=0.8606/0.0000/0.0000 λD=1.000 route=61 E/S=19/42 rescue=0 empty=0 hall=0/0 FG/HBG/EBG=32/0/1536 grad=68.47
[E41] batch=090/153 pseudo=2 loss=2.9988 sfseg=2.5200 seg=0.4946 mard=2.0956 λM=0.0000 DURR(dir/res/hall)=0.6750/0.0961/3.9211 λD=1.000 route=3 E/S=3/0 rescue=1 empty=2 hall=1/792 FG/HBG/EBG=16/0/768 grad=53.22
[E41] batch=100/153 pseudo=3 loss=2.9567 sfseg=2.4161 seg=0.2569 mard=2.0722 λM=0.0000 DURR(dir/res/hall)=0.7147/0.0000/4.6916 λD=1.000 route=177 E/S=119/58 rescue=0 empty=1 hall=1/698 FG/HBG/EBG=24/0/1152 grad=24.85
[E41] batch=110/153 pseudo=5 loss=2.7558 sfseg=2.6496 seg=0.2371 mard=2.0666 λM=0.0000 DURR(dir/res/hall)=1.0627/0.0000/0.0000 λD=1.000 route=248 E/S=197/51 rescue=0 empty=0 hall=0/0 FG/HBG/EBG=40/0/1536 grad=18.03
[E41] batch=120/153 pseudo=5 loss=7.1782 sfseg=7.0524 seg=0.4077 mard=2.0564 λM=0.0000 DURR(dir/res/hall)=1.2582/0.0000/0.0000 λD=1.000 route=252 E/S=178/74 rescue=0 empty=0 hall=0/0 FG/HBG/EBG=40/0/1536 grad=51.75
[E41] batch=130/153 pseudo=4 loss=17.0208 sfseg=16.7982 seg=1.7077 mard=2.0298 λM=0.0000 DURR(dir/res/hall)=2.2256/0.0000/0.0000 λD=1.000 route=479 E/S=430/49 rescue=0 empty=0 hall=0/0 FG/HBG/EBG=32/0/1536 grad=47.29
[E41] batch=140/153 pseudo=3 loss=3.6725 sfseg=3.3711 seg=0.3119 mard=2.0927 λM=0.0000 DURR(dir/res/hall)=0.8619/0.0127/2.1271 λD=1.000 route=116 E/S=92/24 rescue=1 empty=1 hall=1/9 FG/HBG/EBG=24/0/1152 grad=28.43
[E41] batch=150/153 pseudo=4 loss=4.7641 sfseg=4.6541 seg=0.2473 mard=2.0520 λM=0.0000 DURR(dir/res/hall)=1.1001/0.0000/0.0000 λD=1.000 route=446 E/S=415/31 rescue=0 empty=0 hall=0/0 FG/HBG/EBG=32/0/1536 grad=38.52
[E41] batch=153/153 pseudo=4 loss=4.3657 sfseg=4.2626 seg=0.5170 mard=2.0220 λM=0.0000 DURR(dir/res/hall)=1.0307/0.0000/0.0000 λD=1.000 route=130 E/S=91/39 rescue=0 empty=1 hall=0/0 FG/HBG/EBG=32/0/1152 grad=37.53

[Epoch 41] DONE time=37.4s valid=153 skipped=0 pseudo=523 anchors=470 mask_extra=53 reject_rel=28 DURRmatch=450/2157 rescue=10 teacher_empty=104 hall=42/4654 loss=5.9279 sfseg=5.7836 mard=2.0673 dir=1.1929 res=0.0079 hallL=0.2338 route E/S=26410/6621
[E42] batch=001/153 pseudo=2 loss=1.5736 sfseg=1.4684 seg=0.1830 mard=2.1057 λM=0.0000 DURR(dir/res/hall)=1.0354/0.0000/0.0166 λD=1.000 route=88 E/S=77/11 rescue=0 empty=2 hall=1/0 FG/HBG/EBG=16/0/768 grad=21.81
[E42] batch=010/153 pseudo=4 loss=3.5599 sfseg=3.4575 seg=0.2783 mard=2.1736 λM=0.0000 DURR(dir/res/hall)=0.9458/0.0392/0.0000 λD=1.000 route=280 E/S=249/31 rescue=1 empty=0 hall=0/0 FG/HBG/EBG=32/0/1536 grad=25.42
[E42] batch=020/153 pseudo=3 loss=2.9738 sfseg=2.8771 seg=0.2678 mard=2.1167 λM=0.0000 DURR(dir/res/hall)=0.9664/0.0000/0.0000 λD=1.000 route=144 E/S=106/38 rescue=0 empty=1 hall=0/0 FG/HBG/EBG=24/0/1152 grad=43.66
[E42] batch=030/153 pseudo=4 loss=3.8414 sfseg=3.7431 seg=0.2783 mard=2.0466 λM=0.0000 DURR(dir/res/hall)=0.9827/0.0000/0.0000 λD=1.000 route=333 E/S=262/71 rescue=0 empty=0 hall=0/0 FG/HBG/EBG=32/0/1536 grad=24.51
[E42] batch=040/153 pseudo=1 loss=2.0718 sfseg=1.9020 seg=0.4216 mard=2.1450 λM=0.0000 DURR(dir/res/hall)=1.6957/0.0000/0.0020 λD=1.000 route=44 E/S=40/4 rescue=0 empty=3 hall=2/0 FG/HBG/EBG=8/0/384 grad=17.72
[E42] batch=050/153 pseudo=4 loss=16.0162 sfseg=15.8080 seg=1.2351 mard=2.0749 λM=0.0000 DURR(dir/res/hall)=2.0818/0.0000/0.0000 λD=1.000 route=484 E/S=417/67 rescue=0 empty=0 hall=0/0 FG/HBG/EBG=32/0/1536 grad=217.41
[E42] batch=060/153 pseudo=3 loss=2.0650 sfseg=1.9662 seg=0.2226 mard=2.0467 λM=0.0000 DURR(dir/res/hall)=0.9872/0.0000/0.0003 λD=1.000 route=209 E/S=157/52 rescue=0 empty=1 hall=1/0 FG/HBG/EBG=24/0/1152 grad=21.53
[E42] batch=070/153 pseudo=4 loss=4.2734 sfseg=4.1857 seg=0.2151 mard=2.0359 λM=0.0000 DURR(dir/res/hall)=0.8767/0.0000/0.0000 λD=1.000 route=279 E/S=221/58 rescue=0 empty=0 hall=0/0 FG/HBG/EBG=32/0/1536 grad=32.49
[E42] batch=080/153 pseudo=3 loss=3.9147 sfseg=3.7841 seg=0.2878 mard=2.0418 λM=0.0000 DURR(dir/res/hall)=1.3056/0.0000/0.0000 λD=1.000 route=224 E/S=181/43 rescue=0 empty=1 hall=0/0 FG/HBG/EBG=24/0/1152 grad=25.86
[E42] batch=090/153 pseudo=3 loss=2.6758 sfseg=2.5846 seg=0.3367 mard=2.0345 λM=0.0000 DURR(dir/res/hall)=0.9121/0.0000/0.0002 λD=1.000 route=169 E/S=115/54 rescue=0 empty=1 hall=1/0 FG/HBG/EBG=24/0/1152 grad=18.18
[E42] batch=100/153 pseudo=4 loss=3.9401 sfseg=3.8316 seg=0.2548 mard=2.0841 λM=0.0000 DURR(dir/res/hall)=1.0849/0.0000/0.0000 λD=1.000 route=279 E/S=216/63 rescue=0 empty=0 hall=0/0 FG/HBG/EBG=32/0/1536 grad=31.37
[E42] batch=110/153 pseudo=4 loss=8.3730 sfseg=8.2324 seg=0.6046 mard=2.0301 λM=0.0000 DURR(dir/res/hall)=1.4062/0.0000/0.0000 λD=1.000 route=192 E/S=136/56 rescue=0 empty=0 hall=0/0 FG/HBG/EBG=32/0/1536 grad=102.49
[E42] batch=120/153 pseudo=4 loss=3.9954 sfseg=3.8763 seg=0.1926 mard=2.0928 λM=0.0000 DURR(dir/res/hall)=1.1914/0.0000/0.0000 λD=1.000 route=112 E/S=35/77 rescue=0 empty=0 hall=0/0 FG/HBG/EBG=32/0/1536 grad=41.10
[E42] batch=130/153 pseudo=4 loss=4.1232 sfseg=4.0376 seg=0.2686 mard=2.0280 λM=0.0000 DURR(dir/res/hall)=0.8565/0.0000/0.0000 λD=1.000 route=130 E/S=64/66 rescue=0 empty=0 hall=0/0 FG/HBG/EBG=32/0/1536 grad=39.81
[E42] batch=140/153 pseudo=3 loss=2.1899 sfseg=2.0899 seg=0.1884 mard=2.0836 λM=0.0000 DURR(dir/res/hall)=0.9996/0.0000/0.0000 λD=1.000 route=133 E/S=111/22 rescue=0 empty=1 hall=0/0 FG/HBG/EBG=24/0/1152 grad=26.57
[E42] batch=150/153 pseudo=4 loss=4.9825 sfseg=4.8410 seg=0.2848 mard=2.0712 λM=0.0000 DURR(dir/res/hall)=1.3857/0.0149/0.0000 λD=1.000 route=215 E/S=202/13 rescue=2 empty=0 hall=0/0 FG/HBG/EBG=32/0/1536 grad=78.53
[E42] batch=153/153 pseudo=4 loss=8.6312 sfseg=8.5403 seg=0.5803 mard=2.0423 λM=0.0000 DURR(dir/res/hall)=0.9084/0.0000/0.0000 λD=1.000 route=455 E/S=308/147 rescue=0 empty=0 hall=0/0 FG/HBG/EBG=32/0/1536 grad=59.10

[Epoch 42] DONE time=37.4s valid=153 skipped=0 pseudo=532 anchors=475 mask_extra=57 reject_rel=22 DURRmatch=452/2151 rescue=9 teacher_empty=97 hall=40/7073 loss=5.5765 sfseg=5.4237 mard=2.0673 dir=1.1743 res=0.0035 hallL=0.3466 route E/S=25517/7037
[E43] batch=001/153 pseudo=3 loss=3.8549 sfseg=3.7421 seg=0.2742 mard=2.1596 λM=0.0000 DURR(dir/res/hall)=1.1284/0.0000/0.0000 λD=1.000 route=321 E/S=319/2 rescue=0 empty=1 hall=0/0 FG/HBG/EBG=24/0/1152 grad=24.82
[E43] batch=010/153 pseudo=4 loss=5.8972 sfseg=5.8244 seg=0.6404 mard=2.0723 λM=0.0000 DURR(dir/res/hall)=0.7283/0.0000/0.0000 λD=1.000 route=98 E/S=94/4 rescue=0 empty=0 hall=0/0 FG/HBG/EBG=32/0/1536 grad=38.08
[E43] batch=020/153 pseudo=5 loss=13.3580 sfseg=13.2378 seg=0.9639 mard=2.0185 λM=0.0000 DURR(dir/res/hall)=1.2019/0.0000/0.0000 λD=1.000 route=874 E/S=726/148 rescue=0 empty=0 hall=0/0 FG/HBG/EBG=40/0/1536 grad=91.89
[E43] batch=030/153 pseudo=5 loss=9.4017 sfseg=9.3137 seg=0.4649 mard=2.0475 λM=0.0000 DURR(dir/res/hall)=0.8803/0.0000/0.0000 λD=1.000 route=261 E/S=131/130 rescue=0 empty=0 hall=0/0 FG/HBG/EBG=40/0/1536 grad=159.52
[E43] batch=040/153 pseudo=2 loss=3.7083 sfseg=3.1602 seg=0.7101 mard=2.0187 λM=0.0000 DURR(dir/res/hall)=0.9405/0.0000/4.5403 λD=1.000 route=287 E/S=97/190 rescue=0 empty=2 hall=1/1583 FG/HBG/EBG=16/0/768 grad=21.35
[E43] batch=050/153 pseudo=5 loss=6.1857 sfseg=6.0884 seg=0.4532 mard=2.0142 λM=0.0000 DURR(dir/res/hall)=0.8710/0.0511/0.0000 λD=1.000 route=108 E/S=96/12 rescue=1 empty=0 hall=0/0 FG/HBG/EBG=40/0/1536 grad=42.75
[E43] batch=060/153 pseudo=4 loss=3.9957 sfseg=3.9092 seg=0.2738 mard=2.0580 λM=0.0000 DURR(dir/res/hall)=0.8657/0.0000/0.0000 λD=1.000 route=217 E/S=172/45 rescue=0 empty=0 hall=0/0 FG/HBG/EBG=32/0/1536 grad=27.13
[E43] batch=070/153 pseudo=3 loss=4.2858 sfseg=4.2396 seg=0.4309 mard=2.0800 λM=0.0000 DURR(dir/res/hall)=0.4610/0.0000/0.0010 λD=1.000 route=119 E/S=89/30 rescue=0 empty=1 hall=1/0 FG/HBG/EBG=24/0/1152 grad=49.49
[E43] batch=080/153 pseudo=5 loss=4.1671 sfseg=4.0508 seg=0.3411 mard=2.0533 λM=0.0000 DURR(dir/res/hall)=1.1631/0.0000/0.0000 λD=1.000 route=178 E/S=102/76 rescue=0 empty=0 hall=0/0 FG/HBG/EBG=40/0/1536 grad=51.84
[E43] batch=090/153 pseudo=3 loss=1.7130 sfseg=1.6188 seg=0.2010 mard=2.0499 λM=0.0000 DURR(dir/res/hall)=0.9418/0.0000/0.0000 λD=1.000 route=96 E/S=74/22 rescue=0 empty=1 hall=0/0 FG/HBG/EBG=24/0/1152 grad=16.82
[E43] batch=100/153 pseudo=3 loss=3.2980 sfseg=3.1960 seg=0.3120 mard=2.0873 λM=0.0000 DURR(dir/res/hall)=1.0195/0.0000/0.0000 λD=1.000 route=82 E/S=64/18 rescue=0 empty=1 hall=0/0 FG/HBG/EBG=24/0/1152 grad=27.78
[E43] batch=110/153 pseudo=4 loss=6.8297 sfseg=6.7054 seg=0.2593 mard=2.0241 λM=0.0000 DURR(dir/res/hall)=1.2425/0.0000/0.0000 λD=1.000 route=209 E/S=139/70 rescue=0 empty=0 hall=0/0 FG/HBG/EBG=32/0/1536 grad=90.62
[E43] batch=120/153 pseudo=4 loss=4.0563 sfseg=3.9508 seg=0.3162 mard=2.0999 λM=0.0000 DURR(dir/res/hall)=1.0556/0.0000/0.0000 λD=1.000 route=195 E/S=117/78 rescue=0 empty=0 hall=0/0 FG/HBG/EBG=32/0/1536 grad=21.67
[E43] batch=130/153 pseudo=3 loss=2.6144 sfseg=2.5697 seg=0.4194 mard=2.0425 λM=0.0000 DURR(dir/res/hall)=0.4460/0.0000/0.0002 λD=1.000 route=137 E/S=113/24 rescue=0 empty=1 hall=1/0 FG/HBG/EBG=24/0/1152 grad=17.46
[E43] batch=140/153 pseudo=4 loss=4.9549 sfseg=4.8525 seg=0.4731 mard=2.0596 λM=0.0000 DURR(dir/res/hall)=1.0241/0.0000/0.0000 λD=1.000 route=478 E/S=411/67 rescue=0 empty=0 hall=0/0 FG/HBG/EBG=32/0/1536 grad=23.43
[E43] batch=150/153 pseudo=4 loss=7.4115 sfseg=7.2555 seg=0.3096 mard=2.0207 λM=0.0000 DURR(dir/res/hall)=1.5603/0.0000/0.0000 λD=1.000 route=161 E/S=144/17 rescue=0 empty=0 hall=0/0 FG/HBG/EBG=32/0/1536 grad=47.51
[E43] batch=153/153 pseudo=4 loss=12.5339 sfseg=12.4128 seg=1.4505 mard=2.0330 λM=0.0000 DURR(dir/res/hall)=1.2104/0.0000/0.0000 λD=1.000 route=417 E/S=390/27 rescue=0 empty=0 hall=0/0 FG/HBG/EBG=32/0/1536 grad=155.64

[Epoch 43] DONE time=37.3s valid=153 skipped=0 pseudo=529 anchors=478 mask_extra=51 reject_rel=29 DURRmatch=455/2168 rescue=10 teacher_empty=103 hall=43/8119 loss=5.3376 sfseg=5.1827 mard=2.0685 dir=1.1244 res=0.0043 hallL=0.4163 route E/S=26602/6812
[E44] batch=001/153 pseudo=4 loss=3.5460 sfseg=3.4567 seg=0.3334 mard=2.1548 λM=0.0000 DURR(dir/res/hall)=0.8935/0.0000/0.0000 λD=1.000 route=193 E/S=138/55 rescue=0 empty=0 hall=0/0 FG/HBG/EBG=32/0/1536 grad=20.57
[E44] batch=010/153 pseudo=4 loss=2.6809 sfseg=2.6116 seg=0.2524 mard=2.1262 λM=0.0000 DURR(dir/res/hall)=0.6935/0.0000/0.0000 λD=1.000 route=159 E/S=85/74 rescue=0 empty=0 hall=0/0 FG/HBG/EBG=32/0/1536 grad=21.00
[E44] batch=020/153 pseudo=3 loss=3.5654 sfseg=3.4304 seg=0.4389 mard=2.0582 λM=0.0000 DURR(dir/res/hall)=1.3479/0.0000/0.0016 λD=1.000 route=111 E/S=81/30 rescue=0 empty=1 hall=1/0 FG/HBG/EBG=24/0/1152 grad=23.86
[E44] batch=030/153 pseudo=4 loss=4.8655 sfseg=4.7527 seg=0.3562 mard=2.0609 λM=0.0000 DURR(dir/res/hall)=1.1273/0.0000/0.0000 λD=1.000 route=209 E/S=129/80 rescue=0 empty=0 hall=0/0 FG/HBG/EBG=32/0/1536 grad=31.60
[E44] batch=040/153 pseudo=4 loss=23.1017 sfseg=22.9643 seg=0.8317 mard=2.0455 λM=0.0000 DURR(dir/res/hall)=1.3739/0.0000/0.0000 λD=1.000 route=496 E/S=453/43 rescue=0 empty=0 hall=0/0 FG/HBG/EBG=32/0/1536 grad=187.42
[E44] batch=050/153 pseudo=5 loss=8.8840 sfseg=8.7956 seg=0.7922 mard=2.0455 λM=0.0000 DURR(dir/res/hall)=0.8840/0.0000/0.0000 λD=1.000 route=530 E/S=343/187 rescue=0 empty=0 hall=0/0 FG/HBG/EBG=40/0/1536 grad=57.11
[E44] batch=060/153 pseudo=1 loss=1.1677 sfseg=0.8714 seg=0.1984 mard=2.0516 λM=0.0000 DURR(dir/res/hall)=1.3316/0.0000/1.6320 λD=1.000 route=16 E/S=8/8 rescue=0 empty=3 hall=2/1 FG/HBG/EBG=8/0/384 grad=16.41
[E44] batch=070/153 pseudo=4 loss=4.0037 sfseg=3.9000 seg=0.2637 mard=2.0583 λM=0.0000 DURR(dir/res/hall)=1.0371/0.0000/0.0000 λD=1.000 route=204 E/S=154/50 rescue=0 empty=0 hall=0/0 FG/HBG/EBG=32/0/1536 grad=27.13
[E44] batch=080/153 pseudo=3 loss=2.0890 sfseg=2.0112 seg=0.2316 mard=2.1932 λM=0.0000 DURR(dir/res/hall)=0.7753/0.0000/0.0031 λD=1.000 route=110 E/S=71/39 rescue=0 empty=1 hall=1/0 FG/HBG/EBG=24/0/1152 grad=37.93
[E44] batch=090/153 pseudo=4 loss=3.0323 sfseg=2.9313 seg=0.2133 mard=2.0835 λM=0.0000 DURR(dir/res/hall)=1.0097/0.0000/0.0000 λD=1.000 route=268 E/S=236/32 rescue=0 empty=0 hall=0/0 FG/HBG/EBG=32/0/1536 grad=23.03
[E44] batch=100/153 pseudo=3 loss=7.7216 sfseg=7.5986 seg=0.9387 mard=2.0365 λM=0.0000 DURR(dir/res/hall)=1.2289/0.0000/0.0002 λD=1.000 route=200 E/S=143/57 rescue=0 empty=2 hall=1/0 FG/HBG/EBG=24/0/768 grad=116.61
[E44] batch=110/153 pseudo=4 loss=6.0052 sfseg=5.8727 seg=0.3460 mard=2.0512 λM=0.0000 DURR(dir/res/hall)=1.3245/0.0000/0.0000 λD=1.000 route=330 E/S=219/111 rescue=0 empty=0 hall=0/0 FG/HBG/EBG=32/0/1536 grad=29.86
[E44] batch=120/153 pseudo=4 loss=3.9287 sfseg=3.8226 seg=0.2139 mard=2.0530 λM=0.0000 DURR(dir/res/hall)=1.0612/0.0000/0.0000 λD=1.000 route=200 E/S=173/27 rescue=0 empty=0 hall=0/0 FG/HBG/EBG=32/0/1536 grad=30.14
[E44] batch=130/153 pseudo=4 loss=4.7142 sfseg=4.6815 seg=0.4985 mard=1.9855 λM=0.0000 DURR(dir/res/hall)=0.3269/0.0000/0.0000 λD=1.000 route=37 E/S=10/27 rescue=0 empty=1 hall=0/0 FG/HBG/EBG=32/0/1152 grad=19.94
[E44] batch=140/153 pseudo=3 loss=5.1164 sfseg=5.0039 seg=0.4670 mard=2.0432 λM=0.0000 DURR(dir/res/hall)=1.1248/0.0000/0.0004 λD=1.000 route=426 E/S=388/38 rescue=0 empty=1 hall=1/0 FG/HBG/EBG=24/0/1152 grad=28.47
[E44] batch=150/153 pseudo=4 loss=13.5900 sfseg=13.4877 seg=1.1331 mard=2.0231 λM=0.0000 DURR(dir/res/hall)=1.0232/0.0000/0.0000 λD=1.000 route=189 E/S=131/58 rescue=0 empty=0 hall=0/0 FG/HBG/EBG=32/0/1536 grad=69.72
[E44] batch=153/153 pseudo=3 loss=2.3559 sfseg=2.2269 seg=0.2710 mard=2.0650 λM=0.0000 DURR(dir/res/hall)=1.2895/0.0000/0.0000 λD=1.000 route=121 E/S=98/23 rescue=0 empty=1 hall=0/0 FG/HBG/EBG=24/0/1152 grad=22.85

[Epoch 44] DONE time=37.1s valid=153 skipped=0 pseudo=542 anchors=484 mask_extra=58 reject_rel=22 DURRmatch=461/2217 rescue=8 teacher_empty=89 hall=36/2991 loss=5.4083 sfseg=5.2647 mard=2.0673 dir=1.1387 res=0.0040 hallL=0.2891 route E/S=26812/7121
[E45] batch=001/153 pseudo=3 loss=7.0651 sfseg=6.9968 seg=0.6604 mard=2.0334 λM=0.0000 DURR(dir/res/hall)=0.6825/0.0000/0.0005 λD=1.000 route=144 E/S=108/36 rescue=0 empty=1 hall=1/0 FG/HBG/EBG=24/0/1152 grad=47.03
[E45] batch=010/153 pseudo=3 loss=1.8249 sfseg=1.7610 seg=0.1995 mard=2.0978 λM=0.0000 DURR(dir/res/hall)=0.6392/0.0000/0.0000 λD=1.000 route=199 E/S=157/42 rescue=0 empty=1 hall=0/0 FG/HBG/EBG=24/0/1152 grad=19.23
[E45] batch=020/153 pseudo=3 loss=2.2519 sfseg=2.1503 seg=0.2127 mard=2.0323 λM=0.0000 DURR(dir/res/hall)=1.0160/0.0000/0.0002 λD=1.000 route=78 E/S=61/17 rescue=0 empty=1 hall=1/0 FG/HBG/EBG=24/0/1152 grad=28.42
[E45] batch=030/153 pseudo=3 loss=6.7376 sfseg=6.5652 seg=0.7812 mard=2.0398 λM=0.0000 DURR(dir/res/hall)=1.7243/0.0000/0.0000 λD=1.000 route=422 E/S=407/15 rescue=0 empty=1 hall=0/0 FG/HBG/EBG=24/0/1152 grad=139.21
[E45] batch=040/153 pseudo=4 loss=17.3624 sfseg=17.2158 seg=0.8732 mard=2.0749 λM=0.0000 DURR(dir/res/hall)=1.4654/0.0000/0.0000 λD=1.000 route=277 E/S=239/38 rescue=0 empty=0 hall=0/0 FG/HBG/EBG=32/0/1536 grad=70.79
[E45] batch=050/153 pseudo=5 loss=5.5813 sfseg=5.4583 seg=0.6097 mard=2.0503 λM=0.0000 DURR(dir/res/hall)=1.2302/0.0000/0.0000 λD=1.000 route=706 E/S=622/84 rescue=0 empty=0 hall=0/0 FG/HBG/EBG=40/0/1536 grad=30.15
[E45] batch=060/153 pseudo=2 loss=1.1875 sfseg=1.0804 seg=0.1589 mard=2.0584 λM=0.0000 DURR(dir/res/hall)=1.0298/0.0208/0.0000 λD=1.000 route=19 E/S=18/1 rescue=1 empty=2 hall=0/0 FG/HBG/EBG=16/0/768 grad=15.25
[E45] batch=070/153 pseudo=2 loss=6.2713 sfseg=5.7802 seg=0.6683 mard=2.0706 λM=0.0000 DURR(dir/res/hall)=1.3064/0.0000/3.6040 λD=1.000 route=177 E/S=165/12 rescue=0 empty=2 hall=1/613 FG/HBG/EBG=16/0/768 grad=66.69
[E45] batch=080/153 pseudo=4 loss=3.1239 sfseg=3.0212 seg=0.1898 mard=2.0730 λM=0.0000 DURR(dir/res/hall)=1.0268/0.0000/0.0000 λD=1.000 route=208 E/S=178/30 rescue=0 empty=0 hall=0/0 FG/HBG/EBG=32/0/1536 grad=40.00
[E45] batch=090/153 pseudo=4 loss=5.1997 sfseg=5.0850 seg=0.5126 mard=2.0510 λM=0.0000 DURR(dir/res/hall)=1.1469/0.0000/0.0000 λD=1.000 route=129 E/S=84/45 rescue=0 empty=0 hall=0/0 FG/HBG/EBG=32/0/1536 grad=56.36
[E45] batch=100/153 pseudo=2 loss=2.5221 sfseg=2.4083 seg=0.2689 mard=2.0389 λM=0.0000 DURR(dir/res/hall)=1.1384/0.0000/0.0000 λD=1.000 route=148 E/S=114/34 rescue=0 empty=2 hall=0/0 FG/HBG/EBG=16/0/768 grad=45.36
[E45] batch=110/153 pseudo=4 loss=4.1891 sfseg=4.0767 seg=0.3150 mard=2.0399 λM=0.0000 DURR(dir/res/hall)=1.1245/0.0000/0.0000 λD=1.000 route=104 E/S=69/35 rescue=0 empty=0 hall=0/0 FG/HBG/EBG=32/0/1536 grad=47.00
[E45] batch=120/153 pseudo=4 loss=6.2374 sfseg=6.1449 seg=0.4556 mard=2.1264 λM=0.0000 DURR(dir/res/hall)=0.9258/0.0000/0.0000 λD=1.000 route=201 E/S=116/85 rescue=0 empty=0 hall=0/0 FG/HBG/EBG=32/0/1536 grad=27.61
[E45] batch=130/153 pseudo=4 loss=6.1329 sfseg=6.0316 seg=0.6849 mard=2.1471 λM=0.0000 DURR(dir/res/hall)=1.0093/0.0000/0.0032 λD=1.000 route=240 E/S=188/52 rescue=0 empty=1 hall=1/0 FG/HBG/EBG=32/0/1152 grad=39.79
[E45] batch=140/153 pseudo=4 loss=4.4986 sfseg=4.3955 seg=0.3747 mard=2.0804 λM=0.0000 DURR(dir/res/hall)=1.0306/0.0000/0.0000 λD=1.000 route=100 E/S=73/27 rescue=0 empty=0 hall=0/0 FG/HBG/EBG=32/0/1536 grad=25.14
[E45] batch=150/153 pseudo=1 loss=0.7226 sfseg=0.6604 seg=0.2802 mard=2.1358 λM=0.0000 DURR(dir/res/hall)=0.6047/0.0000/0.0173 λD=1.000 route=34 E/S=33/1 rescue=0 empty=3 hall=1/0 FG/HBG/EBG=8/0/384 grad=10.51
[E45] batch=153/153 pseudo=4 loss=22.3939 sfseg=22.1929 seg=1.8308 mard=2.0514 λM=0.0000 DURR(dir/res/hall)=2.0096/0.0000/0.0000 λD=1.000 route=313 E/S=257/56 rescue=0 empty=0 hall=0/0 FG/HBG/EBG=32/0/1536 grad=142.34

[Epoch 45] DONE time=37.3s valid=153 skipped=0 pseudo=535 anchors=488 mask_extra=47 reject_rel=27 DURRmatch=468/2243 rescue=8 teacher_empty=97 hall=38/6285 loss=5.3289 sfseg=5.1779 mard=2.0718 dir=1.1539 res=0.0035 hallL=0.3485 route E/S=27738/6958
[E46] batch=001/153 pseudo=3 loss=1.9963 sfseg=1.9068 seg=0.1958 mard=2.0683 λM=0.0000 DURR(dir/res/hall)=0.8953/0.0000/0.0000 λD=1.000 route=90 E/S=58/32 rescue=0 empty=1 hall=0/0 FG/HBG/EBG=24/0/1152 grad=45.06
[E46] batch=010/153 pseudo=1 loss=3.0866 sfseg=2.8132 seg=1.2699 mard=2.0463 λM=0.0000 DURR(dir/res/hall)=2.7255/0.0000/0.0080 λD=1.000 route=58 E/S=0/58 rescue=0 empty=3 hall=1/0 FG/HBG/EBG=8/0/384 grad=20.99
[E46] batch=020/153 pseudo=4 loss=8.8832 sfseg=8.6494 seg=0.3737 mard=2.0673 λM=0.0000 DURR(dir/res/hall)=2.3374/0.0000/0.0000 λD=1.000 route=172 E/S=89/83 rescue=0 empty=0 hall=0/0 FG/HBG/EBG=32/0/1536 grad=38.99
[E46] batch=030/153 pseudo=5 loss=4.3841 sfseg=4.2346 seg=0.2736 mard=2.0506 λM=0.0000 DURR(dir/res/hall)=1.4954/0.0000/0.0000 λD=1.000 route=199 E/S=158/41 rescue=0 empty=0 hall=0/0 FG/HBG/EBG=40/0/1536 grad=35.82
[E46] batch=040/153 pseudo=3 loss=3.2154 sfseg=3.1147 seg=0.3810 mard=2.0463 λM=0.0000 DURR(dir/res/hall)=1.0064/0.0000/0.0000 λD=1.000 route=395 E/S=354/41 rescue=0 empty=1 hall=0/0 FG/HBG/EBG=24/0/1152 grad=27.62
[E46] batch=050/153 pseudo=2 loss=4.1307 sfseg=4.0120 seg=0.8945 mard=2.1142 λM=0.0000 DURR(dir/res/hall)=1.1868/0.0000/0.0003 λD=1.000 route=285 E/S=199/86 rescue=0 empty=2 hall=1/0 FG/HBG/EBG=16/0/768 grad=35.12
[E46] batch=060/153 pseudo=2 loss=2.9381 sfseg=2.7743 seg=0.3725 mard=2.1275 λM=0.0000 DURR(dir/res/hall)=1.6375/0.0000/0.0002 λD=1.000 route=123 E/S=112/11 rescue=0 empty=2 hall=1/0 FG/HBG/EBG=16/0/768 grad=18.98
[E46] batch=070/153 pseudo=4 loss=15.6148 sfseg=15.5399 seg=0.9734 mard=2.0238 λM=0.0000 DURR(dir/res/hall)=0.7492/0.0000/0.0000 λD=1.000 route=492 E/S=399/93 rescue=0 empty=0 hall=0/0 FG/HBG/EBG=32/0/1536 grad=123.07
[E46] batch=080/153 pseudo=4 loss=8.1627 sfseg=7.9643 seg=0.5689 mard=2.0581 λM=0.0000 DURR(dir/res/hall)=1.9831/0.0000/0.0000 λD=1.000 route=291 E/S=268/23 rescue=0 empty=0 hall=0/0 FG/HBG/EBG=32/0/1536 grad=51.68
[E46] batch=090/153 pseudo=4 loss=3.8397 sfseg=3.7103 seg=0.3874 mard=2.0587 λM=0.0000 DURR(dir/res/hall)=1.2935/0.0000/0.0000 λD=1.000 route=181 E/S=109/72 rescue=0 empty=0 hall=0/0 FG/HBG/EBG=32/0/1536 grad=36.05
[E46] batch=100/153 pseudo=4 loss=9.5860 sfseg=9.3904 seg=0.6260 mard=2.0324 λM=0.0000 DURR(dir/res/hall)=1.9563/0.0000/0.0000 λD=1.000 route=278 E/S=186/92 rescue=0 empty=0 hall=0/0 FG/HBG/EBG=32/0/1536 grad=39.60
[E46] batch=110/153 pseudo=4 loss=4.6101 sfseg=4.4964 seg=0.3910 mard=2.0373 λM=0.0000 DURR(dir/res/hall)=1.1369/0.0000/0.0000 λD=1.000 route=261 E/S=179/82 rescue=0 empty=0 hall=0/0 FG/HBG/EBG=32/0/1536 grad=25.56
[E46] batch=120/153 pseudo=4 loss=4.9133 sfseg=4.7888 seg=0.4582 mard=2.0804 λM=0.0000 DURR(dir/res/hall)=1.2443/0.0000/0.0000 λD=1.000 route=233 E/S=174/59 rescue=0 empty=0 hall=0/0 FG/HBG/EBG=32/0/1536 grad=27.43
[E46] batch=130/153 pseudo=3 loss=8.0557 sfseg=7.9258 seg=0.5822 mard=2.0463 λM=0.0000 DURR(dir/res/hall)=1.2989/0.0000/0.0000 λD=1.000 route=560 E/S=534/26 rescue=0 empty=1 hall=0/0 FG/HBG/EBG=24/0/1152 grad=47.90
[E46] batch=140/153 pseudo=2 loss=1.1378 sfseg=1.0330 seg=0.2050 mard=2.0907 λM=0.0000 DURR(dir/res/hall)=1.0467/0.0000/0.0011 λD=1.000 route=191 E/S=179/12 rescue=0 empty=2 hall=1/0 FG/HBG/EBG=16/0/768 grad=15.32
[E46] batch=150/153 pseudo=5 loss=10.2582 sfseg=10.1300 seg=0.4570 mard=2.0803 λM=0.0000 DURR(dir/res/hall)=1.2820/0.0000/0.0000 λD=1.000 route=461 E/S=418/43 rescue=0 empty=0 hall=0/0 FG/HBG/EBG=40/0/1536 grad=112.97
[E46] batch=153/153 pseudo=5 loss=4.0613 sfseg=3.9193 seg=0.3335 mard=2.0456 λM=0.0000 DURR(dir/res/hall)=1.4197/0.0000/0.0000 λD=1.000 route=136 E/S=64/72 rescue=0 empty=0 hall=0/0 FG/HBG/EBG=40/0/1536 grad=26.35

[Epoch 46] DONE time=37.2s valid=153 skipped=0 pseudo=540 anchors=480 mask_extra=60 reject_rel=16 DURRmatch=454/2168 rescue=11 teacher_empty=93 hall=34/4801 loss=5.9897 sfseg=5.8449 mard=2.0702 dir=1.1710 res=0.0047 hallL=0.2668 route E/S=26519/7216
[E47] batch=001/153 pseudo=3 loss=2.4593 sfseg=2.3605 seg=0.2470 mard=2.0590 λM=0.0000 DURR(dir/res/hall)=0.9875/0.0000/0.0002 λD=1.000 route=52 E/S=26/26 rescue=0 empty=1 hall=1/0 FG/HBG/EBG=24/0/1152 grad=20.49
[E47] batch=010/153 pseudo=4 loss=4.8054 sfseg=4.6830 seg=0.3200 mard=2.0289 λM=0.0000 DURR(dir/res/hall)=1.2243/0.0000/0.0000 λD=1.000 route=65 E/S=47/18 rescue=0 empty=0 hall=0/0 FG/HBG/EBG=32/0/1536 grad=20.86
[E47] batch=020/153 pseudo=4 loss=6.7313 sfseg=6.6497 seg=0.2460 mard=2.0516 λM=0.0000 DURR(dir/res/hall)=0.8164/0.0000/0.0000 λD=1.000 route=96 E/S=62/34 rescue=0 empty=0 hall=0/0 FG/HBG/EBG=32/0/1536 grad=69.57
[E47] batch=030/153 pseudo=4 loss=7.6249 sfseg=7.4890 seg=0.5900 mard=2.1056 λM=0.0000 DURR(dir/res/hall)=1.3593/0.0000/0.0000 λD=1.000 route=255 E/S=248/7 rescue=0 empty=0 hall=0/0 FG/HBG/EBG=32/0/1536 grad=39.02
[E47] batch=040/153 pseudo=3 loss=7.7276 sfseg=7.6595 seg=0.8138 mard=2.1081 λM=0.0000 DURR(dir/res/hall)=0.6809/0.0000/0.0000 λD=1.000 route=121 E/S=78/43 rescue=0 empty=1 hall=0/0 FG/HBG/EBG=24/0/1152 grad=88.99
[E47] batch=050/153 pseudo=3 loss=2.7490 sfseg=2.6310 seg=0.2719 mard=2.0911 λM=0.0000 DURR(dir/res/hall)=1.1795/0.0000/0.0000 λD=1.000 route=109 E/S=65/44 rescue=0 empty=1 hall=0/0 FG/HBG/EBG=24/0/1152 grad=24.57
[E47] batch=060/153 pseudo=4 loss=18.7474 sfseg=18.6699 seg=0.7230 mard=2.0469 λM=0.0000 DURR(dir/res/hall)=0.7755/0.0000/0.0000 λD=1.000 route=72 E/S=33/39 rescue=0 empty=1 hall=0/0 FG/HBG/EBG=32/0/1152 grad=39.26
[E47] batch=070/153 pseudo=5 loss=5.5354 sfseg=5.3922 seg=0.4377 mard=2.0304 λM=0.0000 DURR(dir/res/hall)=1.4322/0.0000/0.0000 λD=1.000 route=183 E/S=77/106 rescue=0 empty=0 hall=0/0 FG/HBG/EBG=40/0/1536 grad=36.76
[E47] batch=080/153 pseudo=4 loss=3.9113 sfseg=3.7887 seg=0.3166 mard=2.0626 λM=0.0000 DURR(dir/res/hall)=1.2256/0.0000/0.0000 λD=1.000 route=199 E/S=192/7 rescue=0 empty=0 hall=0/0 FG/HBG/EBG=32/0/1536 grad=23.62
[E47] batch=090/153 pseudo=3 loss=3.8081 sfseg=3.7083 seg=0.3475 mard=2.1136 λM=0.0000 DURR(dir/res/hall)=0.9975/0.0000/0.0005 λD=1.000 route=113 E/S=93/20 rescue=0 empty=1 hall=1/0 FG/HBG/EBG=24/0/1152 grad=56.42
[E47] batch=100/153 pseudo=3 loss=3.0064 sfseg=2.8505 seg=0.2013 mard=2.0971 λM=0.0000 DURR(dir/res/hall)=1.1987/0.1801/0.0000 λD=1.000 route=54 E/S=20/34 rescue=1 empty=1 hall=0/0 FG/HBG/EBG=24/0/1152 grad=20.54
[E47] batch=110/153 pseudo=3 loss=3.0242 sfseg=2.9346 seg=0.2750 mard=2.0535 λM=0.0000 DURR(dir/res/hall)=0.8941/0.0000/0.0013 λD=1.000 route=153 E/S=91/62 rescue=0 empty=1 hall=1/0 FG/HBG/EBG=24/0/1152 grad=24.82
[E47] batch=120/153 pseudo=4 loss=3.6419 sfseg=3.5273 seg=0.3917 mard=2.0967 λM=0.0000 DURR(dir/res/hall)=1.1461/0.0000/0.0000 λD=1.000 route=163 E/S=126/37 rescue=0 empty=1 hall=0/0 FG/HBG/EBG=32/0/1152 grad=20.81
[E47] batch=130/153 pseudo=4 loss=5.9374 sfseg=5.8424 seg=0.3501 mard=2.1108 λM=0.0000 DURR(dir/res/hall)=0.9505/0.0000/0.0000 λD=1.000 route=296 E/S=225/71 rescue=0 empty=0 hall=0/0 FG/HBG/EBG=32/0/1536 grad=51.53
[E47] batch=140/153 pseudo=4 loss=5.7174 sfseg=5.6098 seg=0.4735 mard=2.1144 λM=0.0000 DURR(dir/res/hall)=1.0758/0.0000/0.0000 λD=1.000 route=472 E/S=451/21 rescue=0 empty=0 hall=0/0 FG/HBG/EBG=32/0/1536 grad=36.22
[E47] batch=150/153 pseudo=4 loss=4.0548 sfseg=3.9356 seg=0.4261 mard=2.0862 λM=0.0000 DURR(dir/res/hall)=1.1915/0.0000/0.0000 λD=1.000 route=187 E/S=138/49 rescue=0 empty=0 hall=0/0 FG/HBG/EBG=32/0/1536 grad=25.88
[E47] batch=153/153 pseudo=4 loss=8.5937 sfseg=8.4214 seg=0.6872 mard=2.0662 λM=0.0000 DURR(dir/res/hall)=1.7235/0.0000/0.0000 λD=1.000 route=433 E/S=393/40 rescue=0 empty=0 hall=0/0 FG/HBG/EBG=32/0/1536 grad=45.05

[Epoch 47] DONE time=37.3s valid=153 skipped=0 pseudo=533 anchors=472 mask_extra=61 reject_rel=25 DURRmatch=448/2149 rescue=10 teacher_empty=100 hall=41/4785 loss=5.0239 sfseg=4.8795 mard=2.0735 dir=1.1310 res=0.0043 hallL=0.3043 route E/S=25923/6272
[E48] batch=001/153 pseudo=1 loss=1.4920 sfseg=0.9692 seg=0.3105 mard=2.0668 λM=0.0000 DURR(dir/res/hall)=2.3205/0.0000/2.9075 λD=1.000 route=35 E/S=35/0 rescue=0 empty=3 hall=1/61 FG/HBG/EBG=8/0/384 grad=22.31
[E48] batch=010/153 pseudo=4 loss=3.7873 sfseg=3.6337 seg=0.2305 mard=2.1204 λM=0.0000 DURR(dir/res/hall)=1.5359/0.0000/0.0000 λD=1.000 route=299 E/S=255/44 rescue=0 empty=0 hall=0/0 FG/HBG/EBG=32/0/1536 grad=24.62
[E48] batch=020/153 pseudo=2 loss=1.3497 sfseg=1.2584 seg=0.1725 mard=2.1014 λM=0.0000 DURR(dir/res/hall)=0.9126/0.0000/0.0000 λD=1.000 route=220 E/S=197/23 rescue=0 empty=2 hall=0/0 FG/HBG/EBG=16/0/768 grad=15.38
[E48] batch=030/153 pseudo=4 loss=6.7910 sfseg=6.7035 seg=0.7505 mard=2.0492 λM=0.0000 DURR(dir/res/hall)=0.8749/0.0000/0.0000 λD=1.000 route=472 E/S=267/205 rescue=0 empty=0 hall=0/0 FG/HBG/EBG=32/0/1536 grad=51.47
[E48] batch=040/153 pseudo=4 loss=17.2722 sfseg=17.0484 seg=1.1758 mard=2.0603 λM=0.0000 DURR(dir/res/hall)=2.2381/0.0000/0.0000 λD=1.000 route=530 E/S=449/81 rescue=0 empty=0 hall=0/0 FG/HBG/EBG=32/0/1536 grad=139.83
[E48] batch=050/153 pseudo=3 loss=2.5137 sfseg=2.4098 seg=0.2899 mard=2.1099 λM=0.0000 DURR(dir/res/hall)=1.0396/0.0000/0.0000 λD=1.000 route=176 E/S=150/26 rescue=0 empty=1 hall=0/0 FG/HBG/EBG=24/0/1152 grad=19.37
[E48] batch=060/153 pseudo=4 loss=4.4703 sfseg=4.3729 seg=0.2783 mard=2.0800 λM=0.0000 DURR(dir/res/hall)=0.9742/0.0000/0.0000 λD=1.000 route=221 E/S=147/74 rescue=0 empty=0 hall=0/0 FG/HBG/EBG=32/0/1536 grad=58.17
[E48] batch=070/153 pseudo=4 loss=5.1935 sfseg=5.1379 seg=0.3673 mard=2.1010 λM=0.0000 DURR(dir/res/hall)=0.5563/0.0000/0.0000 λD=1.000 route=360 E/S=183/177 rescue=0 empty=0 hall=0/0 FG/HBG/EBG=32/0/1536 grad=28.30
[E48] batch=080/153 pseudo=4 loss=4.1612 sfseg=4.0622 seg=0.2651 mard=2.1139 λM=0.0000 DURR(dir/res/hall)=0.9898/0.0000/0.0000 λD=1.000 route=251 E/S=234/17 rescue=0 empty=0 hall=0/0 FG/HBG/EBG=32/0/1536 grad=35.44
[E48] batch=090/153 pseudo=3 loss=5.0366 sfseg=4.9484 seg=0.6642 mard=2.0294 λM=0.0000 DURR(dir/res/hall)=0.8821/0.0000/0.0000 λD=1.000 route=384 E/S=344/40 rescue=0 empty=1 hall=0/0 FG/HBG/EBG=24/0/1152 grad=37.63
[E48] batch=100/153 pseudo=2 loss=2.6181 sfseg=2.5297 seg=0.3995 mard=2.0240 λM=0.0000 DURR(dir/res/hall)=0.8833/0.0000/0.0013 λD=1.000 route=45 E/S=23/22 rescue=0 empty=2 hall=1/0 FG/HBG/EBG=16/0/768 grad=46.06
[E48] batch=110/153 pseudo=2 loss=3.5180 sfseg=2.9452 seg=0.2309 mard=2.0888 λM=0.0000 DURR(dir/res/hall)=1.8905/0.0000/3.8377 λD=1.000 route=35 E/S=35/0 rescue=0 empty=2 hall=1/455 FG/HBG/EBG=16/0/768 grad=27.11
[E48] batch=120/153 pseudo=3 loss=8.2450 sfseg=7.8174 seg=0.6101 mard=2.1080 λM=0.0000 DURR(dir/res/hall)=0.4276/0.0000/3.8486 λD=1.000 route=123 E/S=25/98 rescue=0 empty=1 hall=1/60 FG/HBG/EBG=24/0/1152 grad=96.46
[E48] batch=130/153 pseudo=2 loss=3.9740 sfseg=3.4321 seg=0.7752 mard=2.0945 λM=0.0000 DURR(dir/res/hall)=1.0987/0.0000/4.3205 λD=1.000 route=24 E/S=16/8 rescue=0 empty=2 hall=1/264 FG/HBG/EBG=16/0/768 grad=21.67
[E48] batch=140/153 pseudo=3 loss=5.8467 sfseg=5.7247 seg=0.7274 mard=2.0625 λM=0.0000 DURR(dir/res/hall)=1.2199/0.0000/0.0000 λD=1.000 route=305 E/S=295/10 rescue=0 empty=1 hall=0/0 FG/HBG/EBG=24/0/1152 grad=57.01
[E48] batch=150/153 pseudo=2 loss=1.6239 sfseg=1.5531 seg=0.2059 mard=2.0424 λM=0.0000 DURR(dir/res/hall)=0.7085/0.0000/0.0000 λD=1.000 route=87 E/S=60/27 rescue=0 empty=2 hall=0/0 FG/HBG/EBG=16/0/768 grad=16.51
[E48] batch=153/153 pseudo=3 loss=1.9206 sfseg=1.8375 seg=0.1753 mard=2.0227 λM=0.0000 DURR(dir/res/hall)=0.8310/0.0000/0.0000 λD=1.000 route=100 E/S=50/50 rescue=0 empty=1 hall=0/0 FG/HBG/EBG=24/0/1152 grad=21.43

[Epoch 48] DONE time=37.1s valid=153 skipped=0 pseudo=531 anchors=477 mask_extra=54 reject_rel=22 DURRmatch=454/2180 rescue=9 teacher_empty=99 hall=34/2655 loss=5.4744 sfseg=5.3369 mard=2.0716 dir=1.1091 res=0.0097 hallL=0.2472 route E/S=25958/6538
[E49] batch=001/153 pseudo=1 loss=1.3846 sfseg=1.0280 seg=0.3174 mard=2.1287 λM=0.0000 DURR(dir/res/hall)=1.4029/0.0000/2.1628 λD=1.000 route=76 E/S=47/29 rescue=0 empty=3 hall=2/34 FG/HBG/EBG=8/0/384 grad=17.02
[E49] batch=010/153 pseudo=3 loss=9.7809 sfseg=9.6585 seg=1.7422 mard=2.0968 λM=0.0000 DURR(dir/res/hall)=1.2242/0.0000/0.0000 λD=1.000 route=296 E/S=240/56 rescue=0 empty=1 hall=0/0 FG/HBG/EBG=24/0/1152 grad=42.63
[E49] batch=020/153 pseudo=4 loss=5.5011 sfseg=5.4111 seg=0.4735 mard=2.0691 λM=0.0000 DURR(dir/res/hall)=0.8997/0.0000/0.0000 λD=1.000 route=464 E/S=384/80 rescue=0 empty=0 hall=0/0 FG/HBG/EBG=32/0/1536 grad=68.70
[E49] batch=030/153 pseudo=4 loss=7.4409 sfseg=7.3460 seg=0.4970 mard=2.0200 λM=0.0000 DURR(dir/res/hall)=0.9490/0.0000/0.0000 λD=1.000 route=107 E/S=71/36 rescue=0 empty=0 hall=0/0 FG/HBG/EBG=32/0/1536 grad=135.35
[E49] batch=040/153 pseudo=3 loss=6.9851 sfseg=6.7183 seg=0.4976 mard=2.0833 λM=0.0000 DURR(dir/res/hall)=2.6683/0.0000/0.0000 λD=1.000 route=79 E/S=47/32 rescue=0 empty=1 hall=0/0 FG/HBG/EBG=24/0/1152 grad=44.94
[E49] batch=050/153 pseudo=2 loss=2.3301 sfseg=2.1666 seg=0.3425 mard=2.0701 λM=0.0000 DURR(dir/res/hall)=1.5440/0.0439/0.0032 λD=1.000 route=22 E/S=18/4 rescue=1 empty=2 hall=1/0 FG/HBG/EBG=16/0/768 grad=17.31
[E49] batch=060/153 pseudo=3 loss=3.4691 sfseg=3.3209 seg=0.3882 mard=2.0810 λM=0.0000 DURR(dir/res/hall)=1.4822/0.0000/0.0001 λD=1.000 route=196 E/S=137/59 rescue=0 empty=1 hall=1/0 FG/HBG/EBG=24/0/1152 grad=28.41
[E49] batch=070/153 pseudo=4 loss=3.7882 sfseg=3.6457 seg=0.2989 mard=2.0638 λM=0.0000 DURR(dir/res/hall)=1.0586/0.1833/0.0000 λD=1.000 route=181 E/S=145/36 rescue=1 empty=0 hall=0/0 FG/HBG/EBG=32/0/1536 grad=31.79
[E49] batch=080/153 pseudo=2 loss=1.3873 sfseg=1.2283 seg=0.1359 mard=2.1392 λM=0.0000 DURR(dir/res/hall)=1.5903/0.0000/0.0000 λD=1.000 route=43 E/S=28/15 rescue=0 empty=2 hall=0/0 FG/HBG/EBG=16/0/768 grad=18.38
[E49] batch=090/153 pseudo=3 loss=3.1444 sfseg=2.8827 seg=0.3046 mard=2.0587 λM=0.0000 DURR(dir/res/hall)=0.9685/0.0000/1.6488 λD=1.000 route=125 E/S=105/20 rescue=0 empty=1 hall=1/1 FG/HBG/EBG=24/0/1152 grad=22.89
[E49] batch=100/153 pseudo=4 loss=7.4375 sfseg=7.3087 seg=0.6051 mard=2.1190 λM=0.0000 DURR(dir/res/hall)=1.2871/0.0000/0.0000 λD=1.000 route=327 E/S=288/39 rescue=0 empty=0 hall=0/0 FG/HBG/EBG=32/0/1536 grad=40.32
[E49] batch=110/153 pseudo=4 loss=4.9145 sfseg=4.7667 seg=0.4773 mard=2.1009 λM=0.0000 DURR(dir/res/hall)=1.4780/0.0000/0.0000 λD=1.000 route=465 E/S=417/48 rescue=0 empty=0 hall=0/0 FG/HBG/EBG=32/0/1536 grad=30.86
[E49] batch=120/153 pseudo=3 loss=2.9877 sfseg=2.9069 seg=0.3829 mard=2.0330 λM=0.0000 DURR(dir/res/hall)=0.8080/0.0000/0.0000 λD=1.000 route=126 E/S=100/26 rescue=0 empty=1 hall=0/0 FG/HBG/EBG=24/0/1152 grad=22.45
[E49] batch=130/153 pseudo=4 loss=9.5429 sfseg=9.4365 seg=0.5938 mard=2.0616 λM=0.0000 DURR(dir/res/hall)=1.0646/0.0000/0.0000 λD=1.000 route=384 E/S=376/8 rescue=0 empty=0 hall=0/0 FG/HBG/EBG=32/0/1536 grad=85.11
[E49] batch=140/153 pseudo=3 loss=5.3246 sfseg=5.1165 seg=0.4391 mard=2.0935 λM=0.0000 DURR(dir/res/hall)=2.0812/0.0000/0.0000 λD=1.000 route=97 E/S=84/13 rescue=0 empty=1 hall=0/0 FG/HBG/EBG=24/0/1152 grad=24.05
[E49] batch=150/153 pseudo=4 loss=5.2444 sfseg=5.1611 seg=0.4820 mard=2.0431 λM=0.0000 DURR(dir/res/hall)=0.8333/0.0000/0.0000 λD=1.000 route=297 E/S=277/20 rescue=0 empty=0 hall=0/0 FG/HBG/EBG=32/0/1536 grad=28.55
[E49] batch=153/153 pseudo=3 loss=9.5841 sfseg=9.4032 seg=0.9944 mard=2.1267 λM=0.0000 DURR(dir/res/hall)=1.8079/0.0000/0.0008 λD=1.000 route=633 E/S=491/142 rescue=0 empty=1 hall=1/0 FG/HBG/EBG=24/0/1152 grad=35.58

[Epoch 49] DONE time=37.4s valid=153 skipped=0 pseudo=539 anchors=487 mask_extra=52 reject_rel=24 DURRmatch=466/2223 rescue=9 teacher_empty=93 hall=37/3870 loss=5.6889 sfseg=5.5389 mard=2.0723 dir=1.1715 res=0.0036 hallL=0.3208 route E/S=28357/7326
[E50] batch=001/153 pseudo=3 loss=2.3822 sfseg=1.8460 seg=0.1348 mard=2.0830 λM=0.0000 DURR(dir/res/hall)=1.0080/0.0000/4.3543 λD=1.000 route=42 E/S=34/8 rescue=0 empty=1 hall=1/813 FG/HBG/EBG=24/0/1152 grad=26.09
[E50] batch=010/153 pseudo=3 loss=3.5712 sfseg=3.4683 seg=0.3185 mard=2.0775 λM=0.0000 DURR(dir/res/hall)=1.0291/0.0000/0.0000 λD=1.000 route=357 E/S=237/120 rescue=0 empty=1 hall=0/0 FG/HBG/EBG=24/0/1152 grad=40.82
[E50] batch=020/153 pseudo=2 loss=4.1460 sfseg=4.0408 seg=0.3698 mard=2.0714 λM=0.0000 DURR(dir/res/hall)=1.0438/0.0000/0.0083 λD=1.000 route=179 E/S=136/43 rescue=0 empty=2 hall=1/0 FG/HBG/EBG=16/0/768 grad=41.87
[E50] batch=030/153 pseudo=3 loss=5.2515 sfseg=5.1284 seg=0.7669 mard=2.0231 λM=0.0000 DURR(dir/res/hall)=1.0623/0.0840/0.0007 λD=1.000 route=161 E/S=120/41 rescue=1 empty=1 hall=1/0 FG/HBG/EBG=24/0/1152 grad=50.54
[E50] batch=040/153 pseudo=3 loss=5.5776 sfseg=5.1091 seg=0.5847 mard=2.0745 λM=0.0000 DURR(dir/res/hall)=1.2602/0.0000/3.4240 λD=1.000 route=91 E/S=59/32 rescue=0 empty=1 hall=1/205 FG/HBG/EBG=24/0/1152 grad=22.27
[E50] batch=050/153 pseudo=3 loss=7.3563 sfseg=7.1506 seg=1.0978 mard=2.0241 λM=0.0000 DURR(dir/res/hall)=2.0535/0.0000/0.0035 λD=1.000 route=152 E/S=121/31 rescue=0 empty=1 hall=1/0 FG/HBG/EBG=24/0/1152 grad=53.97
[E50] batch=060/153 pseudo=5 loss=13.4571 sfseg=13.2940 seg=1.1604 mard=2.0402 λM=0.0000 DURR(dir/res/hall)=1.6309/0.0000/0.0000 λD=1.000 route=501 E/S=466/35 rescue=0 empty=0 hall=0/0 FG/HBG/EBG=40/0/1536 grad=64.32
[E50] batch=070/153 pseudo=3 loss=2.6264 sfseg=2.5494 seg=0.2459 mard=2.1270 λM=0.0000 DURR(dir/res/hall)=0.7685/0.0000/0.0013 λD=1.000 route=123 E/S=115/8 rescue=0 empty=1 hall=1/0 FG/HBG/EBG=24/0/1152 grad=20.72
[E50] batch=080/153 pseudo=3 loss=2.6606 sfseg=2.5252 seg=0.2143 mard=2.0576 λM=0.0000 DURR(dir/res/hall)=1.3539/0.0000/0.0000 λD=1.000 route=167 E/S=118/49 rescue=0 empty=1 hall=0/0 FG/HBG/EBG=24/0/1152 grad=22.01
[E50] batch=090/153 pseudo=4 loss=6.2570 sfseg=6.1642 seg=0.3306 mard=2.0632 λM=0.0000 DURR(dir/res/hall)=0.9282/0.0000/0.0000 λD=1.000 route=304 E/S=255/49 rescue=0 empty=0 hall=0/0 FG/HBG/EBG=32/0/1536 grad=33.37
[E50] batch=100/153 pseudo=3 loss=7.0019 sfseg=6.9411 seg=0.9872 mard=2.0627 λM=0.0000 DURR(dir/res/hall)=0.6077/0.0000/0.0000 λD=1.000 route=65 E/S=48/17 rescue=0 empty=1 hall=0/0 FG/HBG/EBG=24/0/1152 grad=32.49
[E50] batch=110/153 pseudo=5 loss=5.6806 sfseg=5.6005 seg=0.5065 mard=2.0787 λM=0.0000 DURR(dir/res/hall)=0.8013/0.0000/0.0000 λD=1.000 route=394 E/S=351/43 rescue=0 empty=0 hall=0/0 FG/HBG/EBG=40/0/1536 grad=38.48
[E50] batch=120/153 pseudo=3 loss=9.5264 sfseg=9.2427 seg=1.0566 mard=2.0735 λM=0.0000 DURR(dir/res/hall)=2.8363/0.0000/0.0007 λD=1.000 route=981 E/S=929/52 rescue=0 empty=1 hall=1/0 FG/HBG/EBG=24/0/1152 grad=69.50
[E50] batch=130/153 pseudo=3 loss=3.8561 sfseg=3.7405 seg=0.3784 mard=2.0706 λM=0.0000 DURR(dir/res/hall)=1.1563/0.0000/0.0000 λD=1.000 route=248 E/S=200/48 rescue=0 empty=1 hall=0/0 FG/HBG/EBG=24/0/1152 grad=23.65
[E50] batch=140/153 pseudo=5 loss=7.7315 sfseg=7.6126 seg=0.3853 mard=2.0519 λM=0.0000 DURR(dir/res/hall)=1.1326/0.0282/0.0000 λD=1.000 route=151 E/S=120/31 rescue=1 empty=0 hall=0/0 FG/HBG/EBG=40/0/1536 grad=84.62
[E50] batch=150/153 pseudo=3 loss=3.5249 sfseg=3.3930 seg=0.3633 mard=2.0898 λM=0.0000 DURR(dir/res/hall)=1.3194/0.0000/0.0000 λD=1.000 route=175 E/S=135/40 rescue=0 empty=1 hall=0/0 FG/HBG/EBG=24/0/1152 grad=20.28
[E50] batch=153/153 pseudo=4 loss=6.9411 sfseg=6.8053 seg=0.6727 mard=2.0485 λM=0.0000 DURR(dir/res/hall)=1.3577/0.0000/0.0000 λD=1.000 route=182 E/S=106/76 rescue=0 empty=0 hall=0/0 FG/HBG/EBG=32/0/1536 grad=25.83

[Epoch 50] DONE time=37.3s valid=153 skipped=0 pseudo=539 anchors=479 mask_extra=60 reject_rel=22 DURRmatch=456/2188 rescue=10 teacher_empty=95 hall=36/2943 loss=5.4849 sfseg=5.3530 mard=2.0697 dir=1.1112 res=0.0041 hallL=0.1993 route E/S=26615/6528
[SAVE Student] /home/dang/MedRT-SFOD/runs/seg/ablation/k2c_maskdhf_durr_v1_60ep/checkpoints/durr_student_epoch_50.pt
[SAVE Teacher] /home/dang/MedRT-SFOD/runs/seg/ablation/k2c_maskdhf_durr_v1_60ep/checkpoints/durr_teacher_ema_epoch_50.pt
[E51] batch=001/153 pseudo=4 loss=6.2700 sfseg=6.1532 seg=0.6619 mard=2.0542 λM=0.0000 DURR(dir/res/hall)=1.1679/0.0000/0.0000 λD=1.000 route=312 E/S=284/28 rescue=0 empty=0 hall=0/0 FG/HBG/EBG=32/0/1536 grad=32.01
[E51] batch=010/153 pseudo=3 loss=4.7773 sfseg=4.1819 seg=0.3548 mard=2.0424 λM=0.0000 DURR(dir/res/hall)=1.4611/0.0000/4.4931 λD=1.000 route=253 E/S=220/33 rescue=0 empty=1 hall=1/607 FG/HBG/EBG=24/0/1152 grad=39.92
[E51] batch=020/153 pseudo=1 loss=3.0879 sfseg=2.8274 seg=0.6773 mard=2.0524 λM=0.0000 DURR(dir/res/hall)=0.8060/0.0000/1.7983 λD=1.000 route=304 E/S=304/0 rescue=0 empty=3 hall=2/4 FG/HBG/EBG=8/0/384 grad=22.34
[E51] batch=030/153 pseudo=5 loss=6.2203 sfseg=6.1512 seg=0.5192 mard=2.0921 λM=0.0000 DURR(dir/res/hall)=0.6917/0.0000/0.0000 λD=1.000 route=191 E/S=137/54 rescue=0 empty=0 hall=0/0 FG/HBG/EBG=40/0/1536 grad=75.52
[E51] batch=040/153 pseudo=2 loss=3.6717 sfseg=3.5574 seg=0.4897 mard=2.0364 λM=0.0000 DURR(dir/res/hall)=1.1427/0.0000/0.0000 λD=1.000 route=51 E/S=44/7 rescue=0 empty=2 hall=0/0 FG/HBG/EBG=16/0/768 grad=20.10
[E51] batch=050/153 pseudo=3 loss=4.7993 sfseg=4.6187 seg=0.6886 mard=2.0949 λM=0.0000 DURR(dir/res/hall)=1.8056/0.0000/0.0000 λD=1.000 route=79 E/S=32/47 rescue=0 empty=1 hall=0/0 FG/HBG/EBG=24/0/1152 grad=36.32
[E51] batch=060/153 pseudo=4 loss=8.8655 sfseg=8.7973 seg=0.7611 mard=2.0431 λM=0.0000 DURR(dir/res/hall)=0.6816/0.0000/0.0000 λD=1.000 route=156 E/S=108/48 rescue=0 empty=0 hall=0/0 FG/HBG/EBG=32/0/1536 grad=55.26
[E51] batch=070/153 pseudo=3 loss=8.7836 sfseg=8.3844 seg=0.2778 mard=2.0300 λM=0.0000 DURR(dir/res/hall)=1.0871/0.0000/2.9044 λD=1.000 route=205 E/S=197/8 rescue=0 empty=1 hall=1/315 FG/HBG/EBG=24/0/1152 grad=77.68
[E51] batch=080/153 pseudo=4 loss=9.6596 sfseg=9.5609 seg=0.3860 mard=2.0846 λM=0.0000 DURR(dir/res/hall)=0.9868/0.0000/0.0000 λD=1.000 route=261 E/S=204/57 rescue=0 empty=0 hall=0/0 FG/HBG/EBG=32/0/1536 grad=64.66
[E51] batch=090/153 pseudo=4 loss=3.1194 sfseg=3.0203 seg=0.3184 mard=2.0511 λM=0.0000 DURR(dir/res/hall)=0.9909/0.0000/0.0000 λD=1.000 route=379 E/S=340/39 rescue=0 empty=0 hall=0/0 FG/HBG/EBG=32/0/1536 grad=28.94
[E51] batch=100/153 pseudo=2 loss=1.9572 sfseg=1.8198 seg=0.1830 mard=2.1360 λM=0.0000 DURR(dir/res/hall)=1.3740/0.0000/0.0000 λD=1.000 route=68 E/S=57/11 rescue=0 empty=2 hall=1/0 FG/HBG/EBG=16/0/768 grad=17.20
[E51] batch=110/153 pseudo=4 loss=5.1804 sfseg=5.0316 seg=0.4138 mard=2.1283 λM=0.0000 DURR(dir/res/hall)=1.4881/0.0000/0.0000 λD=1.000 route=342 E/S=305/37 rescue=0 empty=0 hall=0/0 FG/HBG/EBG=32/0/1536 grad=26.76
[E51] batch=120/153 pseudo=4 loss=4.0804 sfseg=3.9774 seg=0.2255 mard=2.1066 λM=0.0000 DURR(dir/res/hall)=1.0303/0.0000/0.0000 λD=1.000 route=144 E/S=92/52 rescue=0 empty=0 hall=0/0 FG/HBG/EBG=32/0/1536 grad=76.08
[E51] batch=130/153 pseudo=4 loss=17.8410 sfseg=17.7116 seg=2.4722 mard=2.1433 λM=0.0000 DURR(dir/res/hall)=1.2939/0.0000/0.0000 λD=1.000 route=225 E/S=206/19 rescue=0 empty=0 hall=0/0 FG/HBG/EBG=32/0/1536 grad=114.86
[E51] batch=140/153 pseudo=4 loss=3.3660 sfseg=3.2705 seg=0.3036 mard=2.1366 λM=0.0000 DURR(dir/res/hall)=0.9550/0.0000/0.0000 λD=1.000 route=292 E/S=237/55 rescue=0 empty=0 hall=0/0 FG/HBG/EBG=32/0/1536 grad=26.11
[E51] batch=150/153 pseudo=5 loss=3.4146 sfseg=3.3245 seg=0.2546 mard=2.0594 λM=0.0000 DURR(dir/res/hall)=0.9008/0.0000/0.0000 λD=1.000 route=344 E/S=280/64 rescue=0 empty=0 hall=0/0 FG/HBG/EBG=40/0/1536 grad=32.16
[E51] batch=153/153 pseudo=4 loss=4.3590 sfseg=4.2838 seg=0.2753 mard=2.0929 λM=0.0000 DURR(dir/res/hall)=0.7519/0.0000/0.0000 λD=1.000 route=97 E/S=75/22 rescue=0 empty=0 hall=0/0 FG/HBG/EBG=32/0/1536 grad=32.40

[Epoch 51] DONE time=37.1s valid=153 skipped=0 pseudo=541 anchors=481 mask_extra=60 reject_rel=23 DURRmatch=458/2186 rescue=8 teacher_empty=91 hall=42/5264 loss=5.3920 sfseg=5.2434 mard=2.0727 dir=1.1131 res=0.0039 hallL=0.3650 route E/S=26515/6858
[E52] batch=001/153 pseudo=2 loss=3.0272 sfseg=2.7288 seg=0.4933 mard=2.1277 λM=0.0000 DURR(dir/res/hall)=0.9186/0.0000/2.0647 λD=1.000 route=121 E/S=121/0 rescue=0 empty=2 hall=1/2 FG/HBG/EBG=16/0/768 grad=28.94
[E52] batch=010/153 pseudo=2 loss=3.7569 sfseg=3.6385 seg=0.5036 mard=2.0859 λM=0.0000 DURR(dir/res/hall)=1.1744/0.0000/0.0101 λD=1.000 route=41 E/S=35/6 rescue=0 empty=2 hall=1/0 FG/HBG/EBG=16/0/768 grad=23.49
[E52] batch=020/153 pseudo=4 loss=6.1777 sfseg=5.9824 seg=0.2893 mard=2.0709 λM=0.0000 DURR(dir/res/hall)=1.9532/0.0000/0.0000 λD=1.000 route=264 E/S=229/35 rescue=0 empty=0 hall=0/0 FG/HBG/EBG=32/0/1536 grad=74.10
[E52] batch=030/153 pseudo=4 loss=8.4007 sfseg=8.2604 seg=0.7126 mard=2.0572 λM=0.0000 DURR(dir/res/hall)=1.4024/0.0000/0.0000 λD=1.000 route=268 E/S=229/39 rescue=0 empty=0 hall=0/0 FG/HBG/EBG=32/0/1536 grad=39.91
[E52] batch=040/153 pseudo=3 loss=2.9660 sfseg=2.8611 seg=0.2318 mard=2.0265 λM=0.0000 DURR(dir/res/hall)=1.0490/0.0000/0.0000 λD=1.000 route=165 E/S=154/11 rescue=0 empty=1 hall=0/0 FG/HBG/EBG=24/0/1152 grad=37.73
[E52] batch=050/153 pseudo=5 loss=5.5670 sfseg=5.4788 seg=0.5767 mard=2.0945 λM=0.0000 DURR(dir/res/hall)=0.8820/0.0000/0.0000 λD=1.000 route=419 E/S=332/87 rescue=0 empty=0 hall=0/0 FG/HBG/EBG=40/0/1536 grad=27.96
[E52] batch=060/153 pseudo=4 loss=3.7173 sfseg=3.6216 seg=0.1801 mard=2.0793 λM=0.0000 DURR(dir/res/hall)=0.9573/0.0000/0.0000 λD=1.000 route=151 E/S=115/36 rescue=0 empty=0 hall=0/0 FG/HBG/EBG=32/0/1536 grad=30.17
[E52] batch=070/153 pseudo=4 loss=2.6990 sfseg=2.6070 seg=0.1837 mard=2.1149 λM=0.0000 DURR(dir/res/hall)=0.8088/0.0559/0.0000 λD=1.000 route=141 E/S=126/15 rescue=1 empty=0 hall=0/0 FG/HBG/EBG=32/0/1536 grad=40.21
[E52] batch=080/153 pseudo=4 loss=3.2293 sfseg=3.1055 seg=0.2983 mard=2.0625 λM=0.0000 DURR(dir/res/hall)=1.2386/0.0000/0.0000 λD=1.000 route=144 E/S=117/27 rescue=0 empty=0 hall=0/0 FG/HBG/EBG=32/0/1536 grad=23.99
[E52] batch=090/153 pseudo=4 loss=3.4897 sfseg=3.4121 seg=0.3102 mard=2.0567 λM=0.0000 DURR(dir/res/hall)=0.7763/0.0000/0.0000 λD=1.000 route=250 E/S=172/78 rescue=0 empty=0 hall=0/0 FG/HBG/EBG=32/0/1536 grad=26.62
[E52] batch=100/153 pseudo=4 loss=6.4010 sfseg=6.3292 seg=0.4739 mard=2.0628 λM=0.0000 DURR(dir/res/hall)=0.7177/0.0000/0.0000 λD=1.000 route=46 E/S=31/15 rescue=0 empty=0 hall=0/0 FG/HBG/EBG=32/0/1536 grad=42.61
[E52] batch=110/153 pseudo=2 loss=1.4536 sfseg=1.3512 seg=0.2975 mard=2.0755 λM=0.0000 DURR(dir/res/hall)=1.0223/0.0000/0.0011 λD=1.000 route=93 E/S=66/27 rescue=0 empty=2 hall=1/0 FG/HBG/EBG=16/0/768 grad=16.90
[E52] batch=120/153 pseudo=2 loss=3.2589 sfseg=3.1262 seg=0.4542 mard=2.0184 λM=0.0000 DURR(dir/res/hall)=1.3258/0.0000/0.0011 λD=1.000 route=81 E/S=28/53 rescue=0 empty=2 hall=1/0 FG/HBG/EBG=16/0/768 grad=34.11
[E52] batch=130/153 pseudo=3 loss=1.7396 sfseg=1.6322 seg=0.2770 mard=2.1530 λM=0.0000 DURR(dir/res/hall)=1.0744/0.0000/0.0000 λD=1.000 route=147 E/S=103/44 rescue=0 empty=1 hall=0/0 FG/HBG/EBG=24/0/1152 grad=24.58
[E52] batch=140/153 pseudo=4 loss=27.1468 sfseg=27.0315 seg=1.2141 mard=2.0356 λM=0.0000 DURR(dir/res/hall)=1.1527/0.0000/0.0000 λD=1.000 route=397 E/S=341/56 rescue=0 empty=0 hall=0/0 FG/HBG/EBG=32/0/1536 grad=104.74
[E52] batch=150/153 pseudo=3 loss=1.6190 sfseg=1.5397 seg=0.1518 mard=2.0373 λM=0.0000 DURR(dir/res/hall)=0.7927/0.0000/0.0000 λD=1.000 route=98 E/S=83/15 rescue=0 empty=1 hall=0/0 FG/HBG/EBG=24/0/1152 grad=26.92
[E52] batch=153/153 pseudo=3 loss=6.6724 sfseg=6.6098 seg=0.5273 mard=2.0180 λM=0.0000 DURR(dir/res/hall)=0.6254/0.0000/0.0000 λD=1.000 route=12 E/S=4/8 rescue=0 empty=1 hall=0/0 FG/HBG/EBG=24/0/1152 grad=36.09

[Epoch 52] DONE time=37.4s valid=153 skipped=0 pseudo=527 anchors=476 mask_extra=51 reject_rel=25 DURRmatch=452/2190 rescue=8 teacher_empty=103 hall=36/4050 loss=5.0176 sfseg=4.8868 mard=2.0703 dir=1.0907 res=0.0028 hallL=0.2117 route E/S=26035/6195
[E53] batch=001/153 pseudo=4 loss=4.7806 sfseg=4.6954 seg=0.3446 mard=2.0607 λM=0.0000 DURR(dir/res/hall)=0.8519/0.0000/0.0000 λD=1.000 route=299 E/S=248/51 rescue=0 empty=0 hall=0/0 FG/HBG/EBG=32/0/1536 grad=31.52
[E53] batch=010/153 pseudo=3 loss=4.7990 sfseg=4.7022 seg=0.5477 mard=2.1080 λM=0.0000 DURR(dir/res/hall)=0.9675/0.0000/0.0000 λD=1.000 route=418 E/S=367/51 rescue=0 empty=1 hall=0/0 FG/HBG/EBG=24/0/1152 grad=22.03
[E53] batch=020/153 pseudo=4 loss=8.0202 sfseg=7.8826 seg=0.4438 mard=2.0377 λM=0.0000 DURR(dir/res/hall)=1.3762/0.0000/0.0000 λD=1.000 route=177 E/S=110/67 rescue=0 empty=0 hall=0/0 FG/HBG/EBG=32/0/1536 grad=64.44
[E53] batch=030/153 pseudo=4 loss=3.2949 sfseg=3.1986 seg=0.3531 mard=2.1181 λM=0.0000 DURR(dir/res/hall)=0.9636/0.0000/0.0000 λD=1.000 route=213 E/S=174/39 rescue=0 empty=1 hall=0/0 FG/HBG/EBG=32/0/1152 grad=17.65
[E53] batch=040/153 pseudo=2 loss=2.5738 sfseg=2.4730 seg=0.2608 mard=2.0596 λM=0.0000 DURR(dir/res/hall)=1.0057/0.0000/0.0020 λD=1.000 route=101 E/S=94/7 rescue=0 empty=2 hall=1/0 FG/HBG/EBG=16/0/768 grad=18.23
[E53] batch=050/153 pseudo=4 loss=4.3856 sfseg=4.2473 seg=0.2652 mard=2.0252 λM=0.0000 DURR(dir/res/hall)=1.3825/0.0000/0.0000 λD=1.000 route=86 E/S=79/7 rescue=0 empty=0 hall=0/0 FG/HBG/EBG=32/0/1536 grad=36.29
[E53] batch=060/153 pseudo=4 loss=3.8082 sfseg=3.6359 seg=0.1991 mard=2.0520 λM=0.0000 DURR(dir/res/hall)=1.7236/0.0000/0.0000 λD=1.000 route=637 E/S=616/21 rescue=0 empty=0 hall=0/0 FG/HBG/EBG=32/0/1536 grad=63.12
[E53] batch=070/153 pseudo=4 loss=4.3836 sfseg=4.2741 seg=0.3345 mard=2.0932 λM=0.0000 DURR(dir/res/hall)=1.0946/0.0000/0.0000 λD=1.000 route=335 E/S=235/100 rescue=0 empty=0 hall=0/0 FG/HBG/EBG=32/0/1536 grad=41.16
[E53] batch=080/153 pseudo=3 loss=4.3072 sfseg=3.9212 seg=0.3627 mard=2.0559 λM=0.0000 DURR(dir/res/hall)=1.4990/0.0000/2.3618 λD=1.000 route=201 E/S=153/48 rescue=0 empty=1 hall=1/6 FG/HBG/EBG=24/0/1152 grad=38.75
[E53] batch=090/153 pseudo=4 loss=10.1536 sfseg=10.0321 seg=0.9786 mard=2.0765 λM=0.0000 DURR(dir/res/hall)=1.2148/0.0000/0.0000 λD=1.000 route=266 E/S=219/47 rescue=0 empty=0 hall=0/0 FG/HBG/EBG=32/0/1536 grad=39.74
[E53] batch=100/153 pseudo=4 loss=2.4841 sfseg=2.4136 seg=0.1814 mard=2.0453 λM=0.0000 DURR(dir/res/hall)=0.7052/0.0000/0.0000 λD=1.000 route=142 E/S=94/48 rescue=0 empty=0 hall=0/0 FG/HBG/EBG=32/0/1536 grad=24.00
[E53] batch=110/153 pseudo=4 loss=5.9615 sfseg=5.8954 seg=0.7194 mard=2.0463 λM=0.0000 DURR(dir/res/hall)=0.6613/0.0000/0.0000 λD=1.000 route=275 E/S=238/37 rescue=0 empty=0 hall=0/0 FG/HBG/EBG=32/0/1536 grad=32.34
[E53] batch=120/153 pseudo=4 loss=6.1255 sfseg=5.9732 seg=0.4433 mard=2.0651 λM=0.0000 DURR(dir/res/hall)=1.5238/0.0000/0.0000 λD=1.000 route=345 E/S=283/62 rescue=0 empty=0 hall=0/0 FG/HBG/EBG=32/0/1536 grad=42.09
[E53] batch=130/153 pseudo=5 loss=3.5074 sfseg=3.3914 seg=0.2386 mard=2.0819 λM=0.0000 DURR(dir/res/hall)=1.1593/0.0000/0.0000 λD=1.000 route=154 E/S=113/41 rescue=0 empty=0 hall=0/0 FG/HBG/EBG=40/0/1536 grad=24.90
[E53] batch=140/153 pseudo=3 loss=8.3415 sfseg=8.2810 seg=0.8102 mard=2.1432 λM=0.0000 DURR(dir/res/hall)=0.6056/0.0000/0.0000 λD=1.000 route=40 E/S=29/11 rescue=0 empty=1 hall=0/0 FG/HBG/EBG=24/0/1152 grad=46.87
[E53] batch=150/153 pseudo=2 loss=1.6162 sfseg=1.4606 seg=0.1986 mard=2.0392 λM=0.0000 DURR(dir/res/hall)=1.5563/0.0000/0.0000 λD=1.000 route=31 E/S=8/23 rescue=0 empty=2 hall=1/0 FG/HBG/EBG=16/0/768 grad=17.15
[E53] batch=153/153 pseudo=3 loss=3.5249 sfseg=3.4151 seg=0.3189 mard=2.0477 λM=0.0000 DURR(dir/res/hall)=1.0976/0.0000/0.0000 λD=1.000 route=197 E/S=191/6 rescue=0 empty=1 hall=0/0 FG/HBG/EBG=24/0/1152 grad=23.30

[Epoch 53] DONE time=37.0s valid=153 skipped=0 pseudo=541 anchors=485 mask_extra=56 reject_rel=24 DURRmatch=467/2240 rescue=9 teacher_empty=89 hall=30/2109 loss=5.4446 sfseg=5.3168 mard=2.0718 dir=1.0783 res=0.0022 hallL=0.1953 route E/S=27242/7154
[E54] batch=001/153 pseudo=4 loss=3.9372 sfseg=3.8459 seg=0.3328 mard=2.1422 λM=0.0000 DURR(dir/res/hall)=0.9128/0.0000/0.0000 λD=1.000 route=330 E/S=281/49 rescue=0 empty=0 hall=0/0 FG/HBG/EBG=32/0/1536 grad=23.73
[E54] batch=010/153 pseudo=4 loss=2.6899 sfseg=2.5794 seg=0.2892 mard=2.0515 λM=0.0000 DURR(dir/res/hall)=1.1049/0.0000/0.0000 λD=1.000 route=205 E/S=158/47 rescue=0 empty=0 hall=0/0 FG/HBG/EBG=32/0/1536 grad=28.58
[E54] batch=020/153 pseudo=4 loss=6.3644 sfseg=6.2428 seg=0.3593 mard=2.0880 λM=0.0000 DURR(dir/res/hall)=1.2169/0.0000/0.0000 λD=1.000 route=425 E/S=384/41 rescue=0 empty=0 hall=0/0 FG/HBG/EBG=32/0/1536 grad=105.66
[E54] batch=030/153 pseudo=4 loss=3.3460 sfseg=3.2482 seg=0.2896 mard=2.0600 λM=0.0000 DURR(dir/res/hall)=0.9781/0.0000/0.0000 λD=1.000 route=201 E/S=143/58 rescue=0 empty=0 hall=0/0 FG/HBG/EBG=32/0/1536 grad=24.22
[E54] batch=040/153 pseudo=1 loss=3.8201 sfseg=3.5252 seg=2.3746 mard=2.1841 λM=0.0000 DURR(dir/res/hall)=0.0000/0.0000/2.9497 λD=1.000 route=0 E/S=0/0 rescue=0 empty=3 hall=1/8 FG/HBG/EBG=8/0/384 grad=20.46
[E54] batch=050/153 pseudo=4 loss=6.4874 sfseg=6.3266 seg=0.2630 mard=2.0358 λM=0.0000 DURR(dir/res/hall)=1.6077/0.0000/0.0000 λD=1.000 route=134 E/S=66/68 rescue=0 empty=0 hall=0/0 FG/HBG/EBG=32/0/1536 grad=57.06
[E54] batch=060/153 pseudo=4 loss=4.8401 sfseg=4.7543 seg=0.5099 mard=2.0525 λM=0.0000 DURR(dir/res/hall)=0.8579/0.0000/0.0000 λD=1.000 route=478 E/S=426/52 rescue=0 empty=0 hall=0/0 FG/HBG/EBG=32/0/1536 grad=30.96
[E54] batch=070/153 pseudo=3 loss=4.8271 sfseg=4.7224 seg=0.6905 mard=2.0675 λM=0.0000 DURR(dir/res/hall)=1.0466/0.0000/0.0000 λD=1.000 route=155 E/S=100/55 rescue=0 empty=1 hall=0/0 FG/HBG/EBG=24/0/1152 grad=36.58
[E54] batch=080/153 pseudo=3 loss=2.2933 sfseg=2.1976 seg=0.2207 mard=2.0939 λM=0.0000 DURR(dir/res/hall)=0.9514/0.0000/0.0051 λD=1.000 route=82 E/S=56/26 rescue=0 empty=1 hall=1/0 FG/HBG/EBG=24/0/1152 grad=22.98
[E54] batch=090/153 pseudo=4 loss=3.6027 sfseg=3.5084 seg=0.3225 mard=2.0342 λM=0.0000 DURR(dir/res/hall)=0.9435/0.0000/0.0000 λD=1.000 route=127 E/S=88/39 rescue=0 empty=0 hall=0/0 FG/HBG/EBG=32/0/1536 grad=25.46
[E54] batch=100/153 pseudo=3 loss=3.8530 sfseg=3.2368 seg=0.4085 mard=2.1305 λM=0.0000 DURR(dir/res/hall)=1.7455/0.0000/4.4165 λD=1.000 route=127 E/S=121/6 rescue=0 empty=1 hall=1/142 FG/HBG/EBG=24/0/1152 grad=24.34
[E54] batch=110/153 pseudo=3 loss=3.1968 sfseg=3.0994 seg=0.2292 mard=2.1042 λM=0.0000 DURR(dir/res/hall)=0.9740/0.0000/0.0000 λD=1.000 route=181 E/S=142/39 rescue=0 empty=1 hall=0/0 FG/HBG/EBG=24/0/1152 grad=22.08
[E54] batch=120/153 pseudo=4 loss=13.2622 sfseg=13.0670 seg=0.6025 mard=2.0956 λM=0.0000 DURR(dir/res/hall)=1.9527/0.0000/0.0000 λD=1.000 route=661 E/S=454/207 rescue=0 empty=0 hall=0/0 FG/HBG/EBG=32/0/1536 grad=126.95
[E54] batch=130/153 pseudo=3 loss=3.6690 sfseg=3.5305 seg=0.3558 mard=2.0920 λM=0.0000 DURR(dir/res/hall)=1.3854/0.0000/0.0000 λD=1.000 route=213 E/S=151/62 rescue=0 empty=1 hall=0/0 FG/HBG/EBG=24/0/1152 grad=24.83
[E54] batch=140/153 pseudo=2 loss=0.9524 sfseg=0.6970 seg=0.1042 mard=2.0392 λM=0.0000 DURR(dir/res/hall)=0.7559/0.0000/1.7977 λD=1.000 route=46 E/S=23/23 rescue=0 empty=2 hall=2/2 FG/HBG/EBG=16/0/768 grad=24.86
[E54] batch=150/153 pseudo=4 loss=3.2994 sfseg=3.2226 seg=0.2273 mard=2.0683 λM=0.0000 DURR(dir/res/hall)=0.7684/0.0000/0.0000 λD=1.000 route=168 E/S=113/55 rescue=0 empty=0 hall=0/0 FG/HBG/EBG=32/0/1536 grad=62.63
[E54] batch=153/153 pseudo=4 loss=2.8741 sfseg=2.7823 seg=0.2923 mard=2.0202 λM=0.0000 DURR(dir/res/hall)=0.9181/0.0000/0.0000 λD=1.000 route=212 E/S=156/56 rescue=0 empty=0 hall=0/0 FG/HBG/EBG=32/0/1536 grad=25.24

[Epoch 54] DONE time=37.2s valid=153 skipped=0 pseudo=533 anchors=480 mask_extra=53 reject_rel=24 DURRmatch=460/2211 rescue=8 teacher_empty=93 hall=34/3284 loss=5.3182 sfseg=5.1803 mard=2.0706 dir=1.0763 res=0.0126 hallL=0.2776 route E/S=26064/6663
[E55] batch=001/153 pseudo=4 loss=29.4223 sfseg=29.3280 seg=1.8198 mard=2.1269 λM=0.0000 DURR(dir/res/hall)=0.9424/0.0000/0.0000 λD=1.000 route=401 E/S=305/96 rescue=0 empty=0 hall=0/0 FG/HBG/EBG=32/0/1536 grad=65.63
[E55] batch=010/153 pseudo=4 loss=4.2778 sfseg=4.2038 seg=0.3540 mard=2.1244 λM=0.0000 DURR(dir/res/hall)=0.7404/0.0000/0.0000 λD=1.000 route=93 E/S=62/31 rescue=0 empty=0 hall=0/0 FG/HBG/EBG=32/0/1536 grad=30.24
[E55] batch=020/153 pseudo=4 loss=3.1325 sfseg=3.0285 seg=0.2504 mard=2.0544 λM=0.0000 DURR(dir/res/hall)=1.0394/0.0000/0.0000 λD=1.000 route=308 E/S=224/84 rescue=0 empty=0 hall=0/0 FG/HBG/EBG=32/0/1536 grad=29.47
[E55] batch=030/153 pseudo=4 loss=7.2785 sfseg=7.1799 seg=0.3411 mard=2.0532 λM=0.0000 DURR(dir/res/hall)=0.9860/0.0000/0.0000 λD=1.000 route=178 E/S=76/102 rescue=0 empty=0 hall=0/0 FG/HBG/EBG=32/0/1536 grad=30.97
[E55] batch=040/153 pseudo=4 loss=5.5859 sfseg=5.4581 seg=0.3036 mard=2.0817 λM=0.0000 DURR(dir/res/hall)=1.2223/0.0276/0.0000 λD=1.000 route=197 E/S=177/20 rescue=2 empty=0 hall=0/0 FG/HBG/EBG=32/0/1536 grad=37.21
[E55] batch=050/153 pseudo=4 loss=6.7258 sfseg=6.5727 seg=0.4802 mard=2.0428 λM=0.0000 DURR(dir/res/hall)=1.5284/0.0000/0.0022 λD=1.000 route=210 E/S=172/38 rescue=0 empty=1 hall=1/0 FG/HBG/EBG=32/0/1152 grad=50.83
[E55] batch=060/153 pseudo=1 loss=3.1085 sfseg=3.0214 seg=1.2317 mard=1.9945 λM=0.0000 DURR(dir/res/hall)=0.8704/0.0000/0.0001 λD=1.000 route=294 E/S=231/63 rescue=0 empty=3 hall=1/0 FG/HBG/EBG=8/0/384 grad=15.04
[E55] batch=070/153 pseudo=3 loss=6.6874 sfseg=6.0698 seg=0.7288 mard=2.0885 λM=0.0000 DURR(dir/res/hall)=1.8815/0.0000/4.2941 λD=1.000 route=300 E/S=253/47 rescue=0 empty=1 hall=1/579 FG/HBG/EBG=24/0/1152 grad=47.02
[E55] batch=080/153 pseudo=4 loss=4.4927 sfseg=4.3699 seg=0.2420 mard=2.0209 λM=0.0000 DURR(dir/res/hall)=1.2272/0.0000/0.0000 λD=1.000 route=348 E/S=286/62 rescue=0 empty=0 hall=0/0 FG/HBG/EBG=32/0/1536 grad=38.61
[E55] batch=090/153 pseudo=4 loss=3.1662 sfseg=3.0829 seg=0.2505 mard=2.0656 λM=0.0000 DURR(dir/res/hall)=0.8326/0.0000/0.0000 λD=1.000 route=325 E/S=279/46 rescue=0 empty=0 hall=0/0 FG/HBG/EBG=32/0/1536 grad=29.36
[E55] batch=100/153 pseudo=2 loss=4.8684 sfseg=4.6767 seg=0.7057 mard=2.0287 λM=0.0000 DURR(dir/res/hall)=1.9162/0.0000/0.0000 λD=1.000 route=17 E/S=11/6 rescue=0 empty=2 hall=1/0 FG/HBG/EBG=16/0/768 grad=56.80
[E55] batch=110/153 pseudo=5 loss=21.2150 sfseg=21.0006 seg=0.7963 mard=2.0493 λM=0.0000 DURR(dir/res/hall)=2.1442/0.0000/0.0000 λD=1.000 route=204 E/S=140/64 rescue=0 empty=0 hall=0/0 FG/HBG/EBG=40/0/1536 grad=55.81
[E55] batch=120/153 pseudo=3 loss=3.5181 sfseg=3.4595 seg=0.2724 mard=2.0700 λM=0.0000 DURR(dir/res/hall)=0.5861/0.0000/0.0000 λD=1.000 route=214 E/S=114/100 rescue=0 empty=1 hall=0/0 FG/HBG/EBG=24/0/1152 grad=69.80
[E55] batch=130/153 pseudo=3 loss=1.8038 sfseg=1.6916 seg=0.2128 mard=2.0444 λM=0.0000 DURR(dir/res/hall)=1.1224/0.0000/0.0000 λD=1.000 route=125 E/S=71/54 rescue=0 empty=1 hall=0/0 FG/HBG/EBG=24/0/1152 grad=25.76
[E55] batch=140/153 pseudo=4 loss=3.8881 sfseg=3.7892 seg=0.3529 mard=2.0654 λM=0.0000 DURR(dir/res/hall)=0.9891/0.0000/0.0000 λD=1.000 route=277 E/S=243/34 rescue=0 empty=0 hall=0/0 FG/HBG/EBG=32/0/1536 grad=21.85
[E55] batch=150/153 pseudo=2 loss=3.0829 sfseg=3.0544 seg=0.3901 mard=2.1669 λM=0.0000 DURR(dir/res/hall)=0.2848/0.0000/0.0000 λD=1.000 route=64 E/S=52/12 rescue=0 empty=2 hall=0/0 FG/HBG/EBG=16/0/768 grad=22.72
[E55] batch=153/153 pseudo=4 loss=5.6388 sfseg=5.5226 seg=0.4877 mard=2.0365 λM=0.0000 DURR(dir/res/hall)=1.1609/0.0000/0.0015 λD=1.000 route=201 E/S=184/17 rescue=0 empty=1 hall=1/0 FG/HBG/EBG=32/0/1152 grad=36.50

[Epoch 55] DONE time=37.3s valid=153 skipped=0 pseudo=528 anchors=473 mask_extra=55 reject_rel=26 DURRmatch=452/2158 rescue=9 teacher_empty=102 hall=39/3717 loss=5.4503 sfseg=5.3113 mard=2.0698 dir=1.1343 res=0.0031 hallL=0.2503 route E/S=25107/6676
[E56] batch=001/153 pseudo=4 loss=5.8985 sfseg=5.7666 seg=0.4876 mard=2.0161 λM=0.0000 DURR(dir/res/hall)=1.3190/0.0000/0.0000 λD=1.000 route=175 E/S=104/71 rescue=0 empty=0 hall=0/0 FG/HBG/EBG=32/0/1536 grad=32.05
[E56] batch=010/153 pseudo=4 loss=4.7069 sfseg=4.6100 seg=0.3163 mard=2.0815 λM=0.0000 DURR(dir/res/hall)=0.9693/0.0000/0.0000 λD=1.000 route=179 E/S=112/67 rescue=0 empty=0 hall=0/0 FG/HBG/EBG=32/0/1536 grad=30.59
[E56] batch=020/153 pseudo=4 loss=5.3840 sfseg=5.2994 seg=0.3979 mard=2.0717 λM=0.0000 DURR(dir/res/hall)=0.8460/0.0000/0.0000 λD=1.000 route=374 E/S=301/73 rescue=0 empty=0 hall=0/0 FG/HBG/EBG=32/0/1536 grad=42.78
[E56] batch=030/153 pseudo=4 loss=6.8280 sfseg=6.6936 seg=0.4424 mard=2.0170 λM=0.0000 DURR(dir/res/hall)=1.3441/0.0000/0.0000 λD=1.000 route=274 E/S=199/75 rescue=0 empty=0 hall=0/0 FG/HBG/EBG=32/0/1536 grad=56.90
[E56] batch=040/153 pseudo=2 loss=1.0899 sfseg=0.9371 seg=0.1433 mard=2.0755 λM=0.0000 DURR(dir/res/hall)=1.5283/0.0000/0.0000 λD=1.000 route=68 E/S=31/37 rescue=0 empty=2 hall=0/0 FG/HBG/EBG=16/0/768 grad=15.66
[E56] batch=050/153 pseudo=2 loss=5.2012 sfseg=5.0570 seg=0.7335 mard=2.0589 λM=0.0000 DURR(dir/res/hall)=1.4418/0.0000/0.0006 λD=1.000 route=217 E/S=180/37 rescue=0 empty=2 hall=2/0 FG/HBG/EBG=16/0/768 grad=43.26
[E56] batch=060/153 pseudo=3 loss=4.3421 sfseg=3.9344 seg=0.4400 mard=2.0920 λM=0.0000 DURR(dir/res/hall)=0.8526/0.0000/3.2244 λD=1.000 route=219 E/S=190/29 rescue=0 empty=1 hall=1/151 FG/HBG/EBG=24/0/1152 grad=26.36
[E56] batch=070/153 pseudo=4 loss=4.2860 sfseg=4.1536 seg=0.2328 mard=2.0363 λM=0.0000 DURR(dir/res/hall)=1.3239/0.0000/0.0000 λD=1.000 route=67 E/S=41/26 rescue=0 empty=0 hall=0/0 FG/HBG/EBG=32/0/1536 grad=29.26
[E56] batch=080/153 pseudo=2 loss=1.8244 sfseg=1.6720 seg=0.1997 mard=2.0711 λM=0.0000 DURR(dir/res/hall)=1.5233/0.0000/0.0006 λD=1.000 route=95 E/S=82/13 rescue=0 empty=2 hall=1/0 FG/HBG/EBG=16/0/768 grad=21.22
[E56] batch=090/153 pseudo=3 loss=4.2670 sfseg=4.0596 seg=0.3454 mard=2.1095 λM=0.0000 DURR(dir/res/hall)=2.0747/0.0000/0.0000 λD=1.000 route=99 E/S=99/0 rescue=0 empty=1 hall=0/0 FG/HBG/EBG=24/0/1152 grad=56.56
[E56] batch=100/153 pseudo=4 loss=2.6278 sfseg=2.5327 seg=0.1713 mard=2.1078 λM=0.0000 DURR(dir/res/hall)=0.9508/0.0000/0.0000 λD=1.000 route=290 E/S=229/61 rescue=0 empty=0 hall=0/0 FG/HBG/EBG=32/0/1536 grad=28.11
[E56] batch=110/153 pseudo=4 loss=4.5129 sfseg=4.3840 seg=0.4259 mard=2.0689 λM=0.0000 DURR(dir/res/hall)=1.2883/0.0000/0.0000 λD=1.000 route=45 E/S=33/12 rescue=0 empty=0 hall=0/0 FG/HBG/EBG=32/0/1536 grad=21.35
[E56] batch=120/153 pseudo=2 loss=1.6502 sfseg=1.3243 seg=0.2036 mard=2.1244 λM=0.0000 DURR(dir/res/hall)=0.9263/0.0000/2.3332 λD=1.000 route=156 E/S=135/21 rescue=0 empty=2 hall=1/70 FG/HBG/EBG=16/0/768 grad=58.18
[E56] batch=130/153 pseudo=2 loss=3.1367 sfseg=3.0117 seg=0.5913 mard=2.0357 λM=0.0000 DURR(dir/res/hall)=1.2480/0.0000/0.0026 λD=1.000 route=52 E/S=27/25 rescue=0 empty=2 hall=1/0 FG/HBG/EBG=16/0/768 grad=17.74
[E56] batch=140/153 pseudo=5 loss=7.2463 sfseg=7.1477 seg=0.5469 mard=2.0460 λM=0.0000 DURR(dir/res/hall)=0.9866/0.0000/0.0000 λD=1.000 route=497 E/S=446/51 rescue=0 empty=0 hall=0/0 FG/HBG/EBG=40/0/1536 grad=28.23
[E56] batch=150/153 pseudo=4 loss=4.5494 sfseg=4.4497 seg=0.2668 mard=2.0624 λM=0.0000 DURR(dir/res/hall)=0.9974/0.0000/0.0000 λD=1.000 route=319 E/S=283/36 rescue=0 empty=0 hall=0/0 FG/HBG/EBG=32/0/1536 grad=61.26
[E56] batch=153/153 pseudo=4 loss=14.9106 sfseg=14.7357 seg=0.7437 mard=2.0104 λM=0.0000 DURR(dir/res/hall)=1.7495/0.0000/0.0000 λD=1.000 route=184 E/S=127/57 rescue=0 empty=0 hall=0/0 FG/HBG/EBG=32/0/1536 grad=82.01

[Epoch 56] DONE time=37.3s valid=153 skipped=0 pseudo=533 anchors=483 mask_extra=50 reject_rel=19 DURRmatch=463/2208 rescue=8 teacher_empty=99 hall=42/3317 loss=5.2691 sfseg=5.1301 mard=2.0718 dir=1.1479 res=0.0027 hallL=0.2363 route E/S=25654/7119
[E57] batch=001/153 pseudo=2 loss=2.5775 sfseg=2.4658 seg=0.4388 mard=2.0495 λM=0.0000 DURR(dir/res/hall)=1.1086/0.0000/0.0084 λD=1.000 route=276 E/S=193/83 rescue=0 empty=2 hall=2/0 FG/HBG/EBG=16/0/768 grad=39.07
[E57] batch=010/153 pseudo=3 loss=5.0567 sfseg=4.9566 seg=0.5422 mard=2.1423 λM=0.0000 DURR(dir/res/hall)=1.0011/0.0000/0.0000 λD=1.000 route=241 E/S=211/30 rescue=0 empty=1 hall=0/0 FG/HBG/EBG=24/0/1152 grad=24.52
[E57] batch=020/153 pseudo=4 loss=3.7545 sfseg=3.4436 seg=0.3705 mard=2.1297 λM=0.0000 DURR(dir/res/hall)=0.9165/0.0000/2.1924 λD=1.000 route=196 E/S=148/48 rescue=0 empty=1 hall=1/31 FG/HBG/EBG=32/0/1152 grad=59.97
[E57] batch=030/153 pseudo=3 loss=4.7978 sfseg=4.6811 seg=0.4575 mard=2.1223 λM=0.0000 DURR(dir/res/hall)=1.1668/0.0000/0.0000 λD=1.000 route=115 E/S=74/41 rescue=0 empty=1 hall=0/0 FG/HBG/EBG=24/0/1152 grad=21.30
[E57] batch=040/153 pseudo=3 loss=4.3053 sfseg=3.6706 seg=0.3254 mard=2.0972 λM=0.0000 DURR(dir/res/hall)=1.2439/0.0000/5.1022 λD=1.000 route=302 E/S=288/14 rescue=0 empty=1 hall=1/384 FG/HBG/EBG=24/0/1152 grad=28.05
[E57] batch=050/153 pseudo=4 loss=4.2206 sfseg=4.0928 seg=0.4419 mard=2.0600 λM=0.0000 DURR(dir/res/hall)=1.2771/0.0000/0.0000 λD=1.000 route=439 E/S=364/75 rescue=0 empty=0 hall=0/0 FG/HBG/EBG=32/0/1536 grad=23.77
[E57] batch=060/153 pseudo=3 loss=1.7646 sfseg=1.6528 seg=0.1982 mard=2.0763 λM=0.0000 DURR(dir/res/hall)=1.1186/0.0000/0.0000 λD=1.000 route=197 E/S=157/40 rescue=0 empty=1 hall=0/0 FG/HBG/EBG=24/0/1152 grad=18.11
[E57] batch=070/153 pseudo=4 loss=10.5381 sfseg=10.4963 seg=0.5306 mard=2.0522 λM=0.0000 DURR(dir/res/hall)=0.4183/0.0000/0.0000 λD=1.000 route=21 E/S=7/14 rescue=0 empty=0 hall=0/0 FG/HBG/EBG=32/0/1536 grad=55.23
[E57] batch=080/153 pseudo=4 loss=4.6187 sfseg=4.5068 seg=0.5015 mard=2.0367 λM=0.0000 DURR(dir/res/hall)=1.1186/0.0000/0.0000 λD=1.000 route=145 E/S=97/48 rescue=0 empty=0 hall=0/0 FG/HBG/EBG=32/0/1536 grad=32.55
[E57] batch=090/153 pseudo=4 loss=8.8623 sfseg=8.6983 seg=1.0250 mard=2.1011 λM=0.0000 DURR(dir/res/hall)=1.6403/0.0000/0.0000 λD=1.000 route=305 E/S=239/66 rescue=0 empty=0 hall=0/0 FG/HBG/EBG=32/0/1536 grad=37.39
[E57] batch=100/153 pseudo=4 loss=6.8018 sfseg=6.6676 seg=0.6887 mard=2.0627 λM=0.0000 DURR(dir/res/hall)=1.3423/0.0000/0.0000 λD=1.000 route=337 E/S=246/91 rescue=0 empty=0 hall=0/0 FG/HBG/EBG=32/0/1536 grad=40.18
[E57] batch=110/153 pseudo=4 loss=13.0124 sfseg=12.8527 seg=1.4473 mard=2.0404 λM=0.0000 DURR(dir/res/hall)=1.5974/0.0000/0.0000 λD=1.000 route=35 E/S=25/10 rescue=0 empty=0 hall=0/0 FG/HBG/EBG=32/0/1536 grad=71.91
[E57] batch=120/153 pseudo=3 loss=3.3526 sfseg=3.2604 seg=0.3547 mard=2.0311 λM=0.0000 DURR(dir/res/hall)=0.9226/0.0000/0.0000 λD=1.000 route=260 E/S=223/37 rescue=0 empty=1 hall=0/0 FG/HBG/EBG=24/0/1152 grad=24.16
[E57] batch=130/153 pseudo=4 loss=3.1278 sfseg=3.0161 seg=0.2305 mard=2.0819 λM=0.0000 DURR(dir/res/hall)=1.1178/0.0000/0.0000 λD=1.000 route=177 E/S=154/23 rescue=0 empty=0 hall=0/0 FG/HBG/EBG=32/0/1536 grad=18.75
[E57] batch=140/153 pseudo=3 loss=2.6969 sfseg=2.6182 seg=0.3420 mard=2.1019 λM=0.0000 DURR(dir/res/hall)=0.7877/0.0000/0.0000 λD=1.000 route=291 E/S=247/44 rescue=0 empty=1 hall=0/0 FG/HBG/EBG=24/0/1152 grad=23.12
[E57] batch=150/153 pseudo=3 loss=7.8453 sfseg=7.7342 seg=0.5062 mard=2.1511 λM=0.0000 DURR(dir/res/hall)=1.1109/0.0000/0.0000 λD=1.000 route=242 E/S=202/40 rescue=0 empty=2 hall=0/0 FG/HBG/EBG=24/0/768 grad=52.35
[E57] batch=153/153 pseudo=3 loss=13.0879 sfseg=12.7923 seg=0.6135 mard=2.0120 λM=0.0000 DURR(dir/res/hall)=2.9494/0.0000/0.0072 λD=1.000 route=167 E/S=75/92 rescue=0 empty=1 hall=1/0 FG/HBG/EBG=24/0/1152 grad=55.88

[Epoch 57] DONE time=37.2s valid=153 skipped=0 pseudo=532 anchors=477 mask_extra=55 reject_rel=25 DURRmatch=455/2193 rescue=10 teacher_empty=95 hall=42/3140 loss=5.5517 sfseg=5.4063 mard=2.0702 dir=1.1235 res=0.0042 hallL=0.3214 route E/S=26065/6994
[E58] batch=001/153 pseudo=4 loss=5.0811 sfseg=4.9465 seg=0.4722 mard=2.0264 λM=0.0000 DURR(dir/res/hall)=1.3451/0.0000/0.0000 λD=1.000 route=409 E/S=380/29 rescue=0 empty=0 hall=0/0 FG/HBG/EBG=32/0/1536 grad=25.18
[E58] batch=010/153 pseudo=5 loss=16.8688 sfseg=16.8230 seg=0.4936 mard=2.0920 λM=0.0000 DURR(dir/res/hall)=0.4581/0.0000/0.0000 λD=1.000 route=92 E/S=34/58 rescue=0 empty=0 hall=0/0 FG/HBG/EBG=40/0/1536 grad=39.04
[E58] batch=020/153 pseudo=3 loss=6.8712 sfseg=6.7785 seg=0.3991 mard=2.0335 λM=0.0000 DURR(dir/res/hall)=0.9243/0.0000/0.0022 λD=1.000 route=174 E/S=93/81 rescue=0 empty=1 hall=1/0 FG/HBG/EBG=24/0/1152 grad=67.49
[E58] batch=030/153 pseudo=4 loss=7.3577 sfseg=7.2411 seg=0.8450 mard=2.0534 λM=0.0000 DURR(dir/res/hall)=1.1656/0.0000/0.0000 λD=1.000 route=463 E/S=408/55 rescue=0 empty=0 hall=0/0 FG/HBG/EBG=32/0/1536 grad=33.53
[E58] batch=040/153 pseudo=3 loss=1.9167 sfseg=1.8362 seg=0.2400 mard=2.0868 λM=0.0000 DURR(dir/res/hall)=0.8045/0.0000/0.0001 λD=1.000 route=198 E/S=155/43 rescue=0 empty=1 hall=1/0 FG/HBG/EBG=24/0/1152 grad=22.28
[E58] batch=050/153 pseudo=4 loss=4.7754 sfseg=4.6381 seg=0.3487 mard=2.0420 λM=0.0000 DURR(dir/res/hall)=1.3728/0.0000/0.0000 λD=1.000 route=285 E/S=180/105 rescue=0 empty=0 hall=0/0 FG/HBG/EBG=32/0/1536 grad=42.62
[E58] batch=060/153 pseudo=4 loss=4.5226 sfseg=4.4293 seg=0.3090 mard=2.0146 λM=0.0000 DURR(dir/res/hall)=0.9333/0.0000/0.0000 λD=1.000 route=505 E/S=496/9 rescue=0 empty=0 hall=0/0 FG/HBG/EBG=32/0/1536 grad=32.90
[E58] batch=070/153 pseudo=4 loss=5.9351 sfseg=5.8572 seg=0.3454 mard=2.0959 λM=0.0000 DURR(dir/res/hall)=0.7794/0.0000/0.0000 λD=1.000 route=197 E/S=170/27 rescue=0 empty=0 hall=0/0 FG/HBG/EBG=32/0/1536 grad=75.34
[E58] batch=080/153 pseudo=3 loss=7.9286 sfseg=7.8133 seg=0.7657 mard=2.1328 λM=0.0000 DURR(dir/res/hall)=1.1528/0.0000/0.0000 λD=1.000 route=73 E/S=46/27 rescue=0 empty=1 hall=0/0 FG/HBG/EBG=24/0/1152 grad=100.62
[E58] batch=090/153 pseudo=3 loss=10.1162 sfseg=9.7991 seg=1.6131 mard=2.0107 λM=0.0000 DURR(dir/res/hall)=3.1702/0.0000/0.0000 λD=1.000 route=95 E/S=48/47 rescue=0 empty=1 hall=0/0 FG/HBG/EBG=24/0/1152 grad=80.15
[E58] batch=100/153 pseudo=2 loss=1.5301 sfseg=1.4498 seg=0.3191 mard=2.1182 λM=0.0000 DURR(dir/res/hall)=0.8008/0.0000/0.0014 λD=1.000 route=151 E/S=146/5 rescue=0 empty=2 hall=1/0 FG/HBG/EBG=16/0/768 grad=15.23
[E58] batch=110/153 pseudo=4 loss=3.1659 sfseg=3.0608 seg=0.2435 mard=2.0192 λM=0.0000 DURR(dir/res/hall)=0.9053/0.0728/0.0000 λD=1.000 route=163 E/S=157/6 rescue=1 empty=0 hall=0/0 FG/HBG/EBG=32/0/1536 grad=26.94
[E58] batch=120/153 pseudo=3 loss=7.5397 sfseg=7.4427 seg=0.2771 mard=2.0942 λM=0.0000 DURR(dir/res/hall)=0.9700/0.0000/0.0004 λD=1.000 route=62 E/S=38/24 rescue=0 empty=1 hall=1/0 FG/HBG/EBG=24/0/1152 grad=100.77
[E58] batch=130/153 pseudo=3 loss=4.3208 sfseg=4.2425 seg=0.4526 mard=2.0682 λM=0.0000 DURR(dir/res/hall)=0.7822/0.0000/0.0009 λD=1.000 route=123 E/S=107/16 rescue=0 empty=1 hall=1/0 FG/HBG/EBG=24/0/1152 grad=23.37
[E58] batch=140/153 pseudo=4 loss=4.5992 sfseg=4.5326 seg=0.3054 mard=2.0489 λM=0.0000 DURR(dir/res/hall)=0.6655/0.0000/0.0000 λD=1.000 route=108 E/S=98/10 rescue=0 empty=0 hall=0/0 FG/HBG/EBG=32/0/1536 grad=18.12
[E58] batch=150/153 pseudo=4 loss=5.3135 sfseg=5.1770 seg=0.4526 mard=2.0948 λM=0.0000 DURR(dir/res/hall)=1.3651/0.0000/0.0000 λD=1.000 route=495 E/S=464/31 rescue=0 empty=0 hall=0/0 FG/HBG/EBG=32/0/1536 grad=28.33
[E58] batch=153/153 pseudo=3 loss=5.4280 sfseg=5.2888 seg=0.7275 mard=2.1259 λM=0.0000 DURR(dir/res/hall)=1.3624/0.0147/0.0000 λD=1.000 route=128 E/S=98/30 rescue=1 empty=1 hall=0/0 FG/HBG/EBG=24/0/1152 grad=38.53

[Epoch 58] DONE time=37.4s valid=153 skipped=0 pseudo=532 anchors=484 mask_extra=48 reject_rel=23 DURRmatch=464/2216 rescue=10 teacher_empty=99 hall=34/5677 loss=5.4198 sfseg=5.2761 mard=2.0702 dir=1.1305 res=0.0036 hallL=0.2987 route E/S=27316/6486
[E59] batch=001/153 pseudo=4 loss=2.9253 sfseg=2.8342 seg=0.2313 mard=2.0694 λM=0.0000 DURR(dir/res/hall)=0.9119/0.0000/0.0000 λD=1.000 route=206 E/S=168/38 rescue=0 empty=0 hall=0/0 FG/HBG/EBG=32/0/1536 grad=37.53
[E59] batch=010/153 pseudo=3 loss=2.9852 sfseg=2.8749 seg=0.2556 mard=2.0497 λM=0.0000 DURR(dir/res/hall)=1.0998/0.0000/0.0035 λD=1.000 route=58 E/S=36/22 rescue=0 empty=1 hall=1/0 FG/HBG/EBG=24/0/1152 grad=25.40
[E59] batch=020/153 pseudo=2 loss=1.8071 sfseg=1.6586 seg=0.2810 mard=2.0748 λM=0.0000 DURR(dir/res/hall)=1.4839/0.0000/0.0009 λD=1.000 route=95 E/S=73/22 rescue=0 empty=2 hall=1/0 FG/HBG/EBG=16/0/768 grad=19.91
[E59] batch=030/153 pseudo=3 loss=1.9960 sfseg=1.8543 seg=0.2166 mard=2.1562 λM=0.0000 DURR(dir/res/hall)=1.4166/0.0000/0.0000 λD=1.000 route=206 E/S=190/16 rescue=0 empty=1 hall=0/0 FG/HBG/EBG=24/0/1152 grad=17.39
[E59] batch=040/153 pseudo=5 loss=4.8717 sfseg=4.7434 seg=0.3619 mard=2.0814 λM=0.0000 DURR(dir/res/hall)=1.2830/0.0000/0.0000 λD=1.000 route=259 E/S=202/57 rescue=0 empty=0 hall=0/0 FG/HBG/EBG=40/0/1536 grad=27.28
[E59] batch=050/153 pseudo=2 loss=1.1487 sfseg=1.0213 seg=0.1785 mard=2.0772 λM=0.0000 DURR(dir/res/hall)=1.2741/0.0000/0.0000 λD=1.000 route=24 E/S=15/9 rescue=0 empty=2 hall=0/0 FG/HBG/EBG=16/0/768 grad=17.38
[E59] batch=060/153 pseudo=3 loss=4.5232 sfseg=4.4444 seg=0.6557 mard=2.0984 λM=0.0000 DURR(dir/res/hall)=0.7879/0.0000/0.0000 λD=1.000 route=321 E/S=266/55 rescue=0 empty=1 hall=0/0 FG/HBG/EBG=24/0/1152 grad=25.19
[E59] batch=070/153 pseudo=2 loss=1.3876 sfseg=1.3203 seg=0.2209 mard=2.0945 λM=0.0000 DURR(dir/res/hall)=0.6736/0.0000/0.0001 λD=1.000 route=86 E/S=67/19 rescue=0 empty=2 hall=1/0 FG/HBG/EBG=16/0/768 grad=14.14
[E59] batch=080/153 pseudo=3 loss=2.5817 sfseg=2.5069 seg=0.2469 mard=2.0788 λM=0.0000 DURR(dir/res/hall)=0.7488/0.0000/0.0000 λD=1.000 route=293 E/S=250/43 rescue=0 empty=1 hall=0/0 FG/HBG/EBG=24/0/1152 grad=27.25
[E59] batch=090/153 pseudo=4 loss=6.4346 sfseg=6.3286 seg=0.4996 mard=2.1353 λM=0.0000 DURR(dir/res/hall)=1.0605/0.0000/0.0000 λD=1.000 route=493 E/S=446/47 rescue=0 empty=0 hall=0/0 FG/HBG/EBG=32/0/1536 grad=30.55
[E59] batch=100/153 pseudo=2 loss=2.8636 sfseg=2.4134 seg=0.3261 mard=2.1627 λM=0.0000 DURR(dir/res/hall)=0.8942/0.0000/3.6076 λD=1.000 route=32 E/S=28/4 rescue=0 empty=2 hall=1/659 FG/HBG/EBG=16/0/768 grad=26.67
[E59] batch=110/153 pseudo=4 loss=5.3063 sfseg=5.1843 seg=0.3950 mard=2.0379 λM=0.0000 DURR(dir/res/hall)=1.2199/0.0000/0.0000 λD=1.000 route=201 E/S=155/46 rescue=0 empty=1 hall=0/0 FG/HBG/EBG=32/0/1152 grad=32.52
[E59] batch=120/153 pseudo=3 loss=2.3661 sfseg=2.2364 seg=0.3621 mard=2.0974 λM=0.0000 DURR(dir/res/hall)=1.2975/0.0000/0.0000 λD=1.000 route=124 E/S=82/42 rescue=0 empty=1 hall=0/0 FG/HBG/EBG=24/0/1152 grad=26.70
[E59] batch=130/153 pseudo=4 loss=3.8149 sfseg=3.7273 seg=0.2822 mard=2.1333 λM=0.0000 DURR(dir/res/hall)=0.8765/0.0000/0.0000 λD=1.000 route=261 E/S=170/91 rescue=0 empty=0 hall=0/0 FG/HBG/EBG=32/0/1536 grad=47.55
[E59] batch=140/153 pseudo=4 loss=12.9870 sfseg=12.8442 seg=0.7628 mard=2.1237 λM=0.0000 DURR(dir/res/hall)=1.4282/0.0000/0.0000 λD=1.000 route=210 E/S=133/77 rescue=0 empty=0 hall=0/0 FG/HBG/EBG=32/0/1536 grad=66.41
[E59] batch=150/153 pseudo=3 loss=6.4778 sfseg=6.3020 seg=0.4684 mard=2.0279 λM=0.0000 DURR(dir/res/hall)=1.7582/0.0000/0.0000 λD=1.000 route=9 E/S=7/2 rescue=0 empty=1 hall=0/0 FG/HBG/EBG=24/0/1152 grad=32.32
[E59] batch=153/153 pseudo=3 loss=4.5064 sfseg=4.4186 seg=0.4121 mard=2.0570 λM=0.0000 DURR(dir/res/hall)=0.8782/0.0000/0.0005 λD=1.000 route=210 E/S=150/60 rescue=0 empty=1 hall=1/0 FG/HBG/EBG=24/0/1152 grad=31.49

[Epoch 59] DONE time=37.6s valid=153 skipped=0 pseudo=525 anchors=476 mask_extra=49 reject_rel=27 DURRmatch=458/2191 rescue=11 teacher_empty=104 hall=40/3980 loss=4.9900 sfseg=4.8455 mard=2.0705 dir=1.0913 res=0.0123 hallL=0.3287 route E/S=25796/6768
[E60] batch=001/153 pseudo=4 loss=4.4849 sfseg=4.3788 seg=0.3533 mard=2.1051 λM=0.0000 DURR(dir/res/hall)=1.0606/0.0000/0.0000 λD=1.000 route=214 E/S=82/132 rescue=0 empty=0 hall=0/0 FG/HBG/EBG=32/0/1536 grad=37.46
[E60] batch=010/153 pseudo=4 loss=9.9422 sfseg=9.8142 seg=1.0698 mard=2.0496 λM=0.0000 DURR(dir/res/hall)=1.2802/0.0000/0.0000 λD=1.000 route=523 E/S=491/32 rescue=0 empty=0 hall=0/0 FG/HBG/EBG=32/0/1536 grad=28.16
[E60] batch=020/153 pseudo=4 loss=3.6787 sfseg=3.5425 seg=0.2935 mard=2.0738 λM=0.0000 DURR(dir/res/hall)=1.3622/0.0000/0.0000 λD=1.000 route=224 E/S=177/47 rescue=0 empty=0 hall=0/0 FG/HBG/EBG=32/0/1536 grad=32.22
[E60] batch=030/153 pseudo=4 loss=3.3983 sfseg=3.3070 seg=0.3761 mard=2.0833 λM=0.0000 DURR(dir/res/hall)=0.9132/0.0000/0.0000 λD=1.000 route=218 E/S=176/42 rescue=0 empty=0 hall=0/0 FG/HBG/EBG=32/0/1536 grad=20.91
[E60] batch=040/153 pseudo=4 loss=5.5222 sfseg=5.4154 seg=0.3196 mard=2.0797 λM=0.0000 DURR(dir/res/hall)=1.0683/0.0000/0.0000 λD=1.000 route=275 E/S=182/93 rescue=0 empty=0 hall=0/0 FG/HBG/EBG=32/0/1536 grad=24.51
[E60] batch=050/153 pseudo=3 loss=3.8450 sfseg=3.7350 seg=0.3405 mard=1.9935 λM=0.0000 DURR(dir/res/hall)=1.1003/0.0000/0.0000 λD=1.000 route=111 E/S=100/11 rescue=0 empty=1 hall=0/0 FG/HBG/EBG=24/0/1152 grad=28.40
[E60] batch=060/153 pseudo=4 loss=7.2972 sfseg=7.1608 seg=0.3637 mard=2.0576 λM=0.0000 DURR(dir/res/hall)=1.3638/0.0000/0.0000 λD=1.000 route=225 E/S=173/52 rescue=0 empty=0 hall=0/0 FG/HBG/EBG=32/0/1536 grad=37.34
[E60] batch=070/153 pseudo=4 loss=2.6633 sfseg=2.5679 seg=0.2757 mard=2.0497 λM=0.0000 DURR(dir/res/hall)=0.9539/0.0000/0.0000 λD=1.000 route=163 E/S=130/33 rescue=0 empty=1 hall=0/0 FG/HBG/EBG=32/0/1152 grad=23.94
[E60] batch=080/153 pseudo=4 loss=3.5874 sfseg=3.5081 seg=0.2701 mard=2.0562 λM=0.0000 DURR(dir/res/hall)=0.7938/0.0000/0.0000 λD=1.000 route=296 E/S=277/19 rescue=0 empty=0 hall=0/0 FG/HBG/EBG=32/0/1536 grad=29.07
[E60] batch=090/153 pseudo=4 loss=3.0760 sfseg=2.9930 seg=0.2534 mard=2.0765 λM=0.0000 DURR(dir/res/hall)=0.8303/0.0000/0.0000 λD=1.000 route=199 E/S=151/48 rescue=0 empty=0 hall=0/0 FG/HBG/EBG=32/0/1536 grad=26.01
[E60] batch=100/153 pseudo=4 loss=15.3494 sfseg=15.1975 seg=1.0887 mard=2.0561 λM=0.0000 DURR(dir/res/hall)=1.5191/0.0000/0.0000 λD=1.000 route=248 E/S=199/49 rescue=0 empty=0 hall=0/0 FG/HBG/EBG=32/0/1536 grad=85.09
[E60] batch=110/153 pseudo=2 loss=1.9480 sfseg=1.8566 seg=0.1693 mard=2.0760 λM=0.0000 DURR(dir/res/hall)=0.9141/0.0000/0.0000 λD=1.000 route=98 E/S=74/24 rescue=0 empty=2 hall=0/0 FG/HBG/EBG=16/0/768 grad=63.17
[E60] batch=120/153 pseudo=4 loss=8.4708 sfseg=8.3888 seg=0.6353 mard=2.1123 λM=0.0000 DURR(dir/res/hall)=0.8202/0.0000/0.0000 λD=1.000 route=797 E/S=713/84 rescue=0 empty=0 hall=0/0 FG/HBG/EBG=32/0/1536 grad=33.17
[E60] batch=130/153 pseudo=3 loss=3.1529 sfseg=3.0073 seg=0.3215 mard=2.0472 λM=0.0000 DURR(dir/res/hall)=1.4562/0.0000/0.0000 λD=1.000 route=204 E/S=149/55 rescue=0 empty=1 hall=0/0 FG/HBG/EBG=24/0/1152 grad=24.77
[E60] batch=140/153 pseudo=4 loss=3.5126 sfseg=3.3953 seg=0.2121 mard=2.0857 λM=0.0000 DURR(dir/res/hall)=1.1724/0.0000/0.0000 λD=1.000 route=165 E/S=141/24 rescue=0 empty=0 hall=0/0 FG/HBG/EBG=32/0/1536 grad=141.22
[E60] batch=150/153 pseudo=4 loss=4.6247 sfseg=4.5557 seg=0.3603 mard=2.0387 λM=0.0000 DURR(dir/res/hall)=0.6896/0.0000/0.0000 λD=1.000 route=143 E/S=104/39 rescue=0 empty=0 hall=0/0 FG/HBG/EBG=32/0/1536 grad=42.93
[E60] batch=153/153 pseudo=4 loss=2.9581 sfseg=2.8645 seg=0.2765 mard=2.1224 λM=0.0000 DURR(dir/res/hall)=0.9353/0.0000/0.0000 λD=1.000 route=212 E/S=190/22 rescue=0 empty=0 hall=0/0 FG/HBG/EBG=32/0/1536 grad=21.57

[Epoch 60] DONE time=37.0s valid=153 skipped=0 pseudo=541 anchors=487 mask_extra=54 reject_rel=26 DURRmatch=464/2224 rescue=10 teacher_empty=87 hall=32/1928 loss=5.4613 sfseg=5.3317 mard=2.0686 dir=1.0707 res=0.0052 hallL=0.2147 route E/S=25114/6993
[SAVE Student] /home/dang/MedRT-SFOD/runs/seg/ablation/k2c_maskdhf_durr_v1_60ep/checkpoints/durr_student_epoch_60.pt
[SAVE Teacher] /home/dang/MedRT-SFOD/runs/seg/ablation/k2c_maskdhf_durr_v1_60ep/checkpoints/durr_teacher_ema_epoch_60.pt
[AUTO ANALYSIS] 1/612
[AUTO ANALYSIS] 50/612
[AUTO ANALYSIS] 100/612
[AUTO ANALYSIS] 150/612
[AUTO ANALYSIS] 200/612
[AUTO ANALYSIS] 250/612
[AUTO ANALYSIS] 300/612
[AUTO ANALYSIS] 350/612
[AUTO ANALYSIS] 400/612
[AUTO ANALYSIS] 450/612
[AUTO ANALYSIS] 500/612
[AUTO ANALYSIS] 550/612
[AUTO ANALYSIS] 600/612
[AUTO ANALYSIS] 612/612
[AUTO ANALYSIS SAVED] /home/dang/MedRT-SFOD/runs/seg/ablation/k2c_maskdhf_durr_v1_60ep/final_analysis

[PASS] DURR Stage-2 completed
[NOTE] Both final Student and final EMA Teacher checkpoints were saved automatically.
