nohup: ignoring input
[Stage 2] RT-SFOD YOLO26 | device=cuda:0 images=2975 imgsz=1024 batch=8 epochs=60
[Stage 2] DHF: tau_o2o=0.5 tau_o2m=0.5 tau_no=0.2 tau_dup=0.7
[Stage 2] MARD: lambda0=0.05 gamma=1.0 alpha=1.0 beta=0.1 warmup=5.0ep
[Epoch 001/060] start
[Epoch 001/060] batch 0001/0372 loss=19.1105 det=19.1105 box=1.2111 cls=2.0031 dfl=0.0071 mard=2.0015 lambda=0.0000 pseudo_boxes=71 avg_conf=0.8582 lr=0.0001
[Epoch 001/060] batch 0010/0372 loss=39.6007 det=39.6004 box=2.1479 cls=4.2816 dfl=0.0126 mard=2.0365 lambda=0.0002 pseudo_boxes=74 avg_conf=0.8385 lr=0.0001
[Epoch 001/060] batch 0020/0372 loss=54.3209 det=54.3202 box=2.4790 cls=6.1846 dfl=0.0155 mard=2.0452 lambda=0.0004 pseudo_boxes=87 avg_conf=0.8457 lr=0.0001
[Epoch 001/060] batch 0030/0372 loss=21.7245 det=21.7234 box=1.3385 cls=2.5363 dfl=0.0068 mard=2.0358 lambda=0.0005 pseudo_boxes=53 avg_conf=0.8374 lr=0.0001
[Epoch 001/060] batch 0040/0372 loss=29.4414 det=29.4398 box=1.6655 cls=3.6408 dfl=0.0114 mard=2.0315 lambda=0.0008 pseudo_boxes=65 avg_conf=0.8583 lr=0.0001
[Epoch 001/060] batch 0050/0372 loss=25.0603 det=25.0585 box=1.5797 cls=3.0008 dfl=0.0077 mard=2.0189 lambda=0.0009 pseudo_boxes=87 avg_conf=0.8386 lr=0.0001
[Epoch 001/060] batch 0060/0372 loss=16.7842 det=16.7820 box=1.2053 cls=1.6880 dfl=0.0056 mard=2.0304 lambda=0.0011 pseudo_boxes=91 avg_conf=0.8311 lr=0.0001
[Epoch 001/060] batch 0070/0372 loss=24.4488 det=24.4464 box=1.6237 cls=2.7653 dfl=0.0078 mard=2.0032 lambda=0.0012 pseudo_boxes=73 avg_conf=0.8211 lr=0.0001
[Epoch 001/060] batch 0080/0372 loss=25.0479 det=25.0450 box=1.8011 cls=2.4900 dfl=0.0092 mard=2.0133 lambda=0.0014 pseudo_boxes=73 avg_conf=0.8362 lr=0.0001
[Epoch 001/060] batch 0090/0372 loss=28.4177 det=28.4144 box=1.7629 cls=3.1892 dfl=0.0087 mard=2.0451 lambda=0.0016 pseudo_boxes=86 avg_conf=0.8352 lr=0.0001
[Epoch 001/060] batch 0100/0372 loss=32.9812 det=32.9776 box=1.8387 cls=3.5025 dfl=0.0086 mard=2.0002 lambda=0.0018 pseudo_boxes=63 avg_conf=0.8322 lr=0.0001
[Epoch 001/060] batch 0110/0372 loss=21.6552 det=21.6508 box=1.5847 cls=2.2146 dfl=0.0106 mard=2.0385 lambda=0.0022 pseudo_boxes=42 avg_conf=0.8697 lr=0.0001
[Epoch 001/060] batch 0120/0372 loss=19.7317 det=19.7273 box=1.5215 cls=1.7982 dfl=0.0076 mard=2.0048 lambda=0.0022 pseudo_boxes=91 avg_conf=0.8401 lr=0.0001
[Epoch 001/060] batch 0130/0372 loss=28.8992 det=28.8949 box=1.7725 cls=2.8608 dfl=0.0104 mard=2.0313 lambda=0.0021 pseudo_boxes=72 avg_conf=0.8087 lr=0.0001
[Epoch 001/060] batch 0140/0372 loss=20.8831 det=20.8782 box=1.4562 cls=2.0677 dfl=0.0077 mard=2.0242 lambda=0.0024 pseudo_boxes=81 avg_conf=0.8259 lr=0.0001
[Epoch 001/060] batch 0150/0372 loss=15.3996 det=15.3942 box=1.2393 cls=1.2718 dfl=0.0051 mard=2.0095 lambda=0.0027 pseudo_boxes=70 avg_conf=0.8353 lr=0.0001
[Epoch 001/060] batch 0160/0372 loss=19.8276 det=19.8213 box=1.4229 cls=1.8159 dfl=0.0112 mard=2.0173 lambda=0.0031 pseudo_boxes=40 avg_conf=0.8683 lr=0.0001
[Epoch 001/060] batch 0170/0372 loss=25.1576 det=25.1518 box=1.7088 cls=2.5213 dfl=0.0087 mard=2.0046 lambda=0.0029 pseudo_boxes=94 avg_conf=0.8179 lr=0.0001
[Epoch 001/060] batch 0180/0372 loss=19.4342 det=19.4283 box=1.4482 cls=1.7449 dfl=0.0059 mard=2.0184 lambda=0.0030 pseudo_boxes=86 avg_conf=0.8072 lr=0.0001
[Epoch 001/060] batch 0190/0372 loss=25.4486 det=25.4418 box=1.7410 cls=2.3416 dfl=0.0104 mard=2.0135 lambda=0.0034 pseudo_boxes=89 avg_conf=0.8313 lr=0.0001
[Epoch 001/060] batch 0200/0372 loss=17.1065 det=17.0993 box=1.2883 cls=1.4429 dfl=0.0082 mard=2.0446 lambda=0.0035 pseudo_boxes=45 avg_conf=0.8292 lr=0.0001
[Epoch 001/060] batch 0210/0372 loss=19.6726 det=19.6653 box=1.4830 cls=1.8423 dfl=0.0078 mard=1.9969 lambda=0.0037 pseudo_boxes=110 avg_conf=0.8266 lr=0.0001
[Epoch 001/060] batch 0220/0372 loss=17.5628 det=17.5547 box=1.3051 cls=1.4640 dfl=0.0076 mard=2.0014 lambda=0.0041 pseudo_boxes=75 avg_conf=0.8457 lr=0.0001
[Epoch 001/060] batch 0230/0372 loss=15.9066 det=15.8984 box=1.3677 cls=1.1439 dfl=0.0053 mard=2.0288 lambda=0.0040 pseudo_boxes=67 avg_conf=0.8288 lr=0.0001
[Epoch 001/060] batch 0240/0372 loss=23.6912 det=23.6825 box=1.6364 cls=2.1893 dfl=0.0077 mard=2.0420 lambda=0.0042 pseudo_boxes=99 avg_conf=0.8286 lr=0.0001
[Epoch 001/060] batch 0250/0372 loss=18.9360 det=18.9273 box=1.4226 cls=1.4222 dfl=0.0075 mard=1.9871 lambda=0.0044 pseudo_boxes=69 avg_conf=0.8254 lr=0.0001
[Epoch 001/060] batch 0260/0372 loss=17.5402 det=17.5311 box=1.4900 cls=1.1706 dfl=0.0081 mard=2.0111 lambda=0.0045 pseudo_boxes=98 avg_conf=0.8242 lr=0.0001
[Epoch 001/060] batch 0270/0372 loss=22.5545 det=22.5460 box=1.6784 cls=2.2864 dfl=0.0076 mard=1.9897 lambda=0.0043 pseudo_boxes=45 avg_conf=0.7945 lr=0.0001
[Epoch 001/060] batch 0280/0372 loss=18.3700 det=18.3597 box=1.4565 cls=1.4347 dfl=0.0066 mard=2.0092 lambda=0.0051 pseudo_boxes=82 avg_conf=0.8415 lr=0.0001
[Epoch 001/060] batch 0290/0372 loss=11.7526 det=11.7416 box=0.9469 cls=0.8917 dfl=0.0042 mard=2.0369 lambda=0.0054 pseudo_boxes=69 avg_conf=0.8465 lr=0.0001
[Epoch 001/060] batch 0300/0372 loss=15.0537 det=15.0427 box=1.1882 cls=1.2009 dfl=0.0048 mard=2.0030 lambda=0.0055 pseudo_boxes=70 avg_conf=0.8421 lr=0.0001
[Epoch 001/060] batch 0310/0372 loss=16.6001 det=16.5902 box=1.2994 cls=1.1089 dfl=0.0047 mard=1.9939 lambda=0.0050 pseudo_boxes=83 avg_conf=0.8000 lr=0.0001
[Epoch 001/060] batch 0320/0372 loss=22.6291 det=22.6168 box=1.7771 cls=1.8809 dfl=0.0145 mard=1.9983 lambda=0.0061 pseudo_boxes=68 avg_conf=0.8585 lr=0.0001
[Epoch 001/060] batch 0330/0372 loss=17.3971 det=17.3851 box=1.4944 cls=1.5867 dfl=0.0054 mard=2.0182 lambda=0.0059 pseudo_boxes=71 avg_conf=0.8355 lr=0.0001
[Epoch 001/060] batch 0340/0372 loss=22.6172 det=22.6065 box=1.7585 cls=1.8284 dfl=0.0074 mard=1.9998 lambda=0.0054 pseudo_boxes=80 avg_conf=0.7947 lr=0.0001
[Epoch 001/060] batch 0350/0372 loss=10.4896 det=10.4746 box=0.7711 cls=0.8112 dfl=0.0036 mard=2.0389 lambda=0.0073 pseudo_boxes=51 avg_conf=0.8913 lr=0.0001
[Epoch 001/060] batch 0360/0372 loss=21.4286 det=21.4157 box=1.6420 cls=1.7306 dfl=0.0092 mard=2.0160 lambda=0.0064 pseudo_boxes=96 avg_conf=0.8331 lr=0.0001
[Epoch 001/060] batch 0370/0372 loss=16.9717 det=16.9597 box=1.5733 cls=1.5786 dfl=0.0055 mard=1.9991 lambda=0.0060 pseudo_boxes=88 avg_conf=0.8013 lr=0.0001
[Epoch 001/060] batch 0372/0372 loss=11.5528 det=11.5386 box=1.0327 cls=0.7894 dfl=0.0049 mard=2.0079 lambda=0.0070 pseudo_boxes=56 avg_conf=0.8534 lr=0.0001
[Epoch 001/060] done time=281.6s valid_batches=372 skipped=0 pseudo_boxes=27809 loss=19.6217 det=19.6150 box=1.4035 cls=1.8391 dfl=0.0071 mard=2.0127
[Epoch 002/060] start
[Epoch 002/060] batch 0001/0372 loss=15.7315 det=15.7180 box=1.2988 cls=1.0051 dfl=0.0059 mard=2.0064 lambda=0.0067 pseudo_boxes=62 avg_conf=0.8357 lr=9.99322e-05
[Epoch 002/060] batch 0010/0372 loss=17.3010 det=17.2875 box=1.4220 cls=1.8044 dfl=0.0071 mard=2.0033 lambda=0.0067 pseudo_boxes=55 avg_conf=0.8283 lr=9.99322e-05
[Epoch 002/060] batch 0020/0372 loss=13.3457 det=13.3314 box=1.0737 cls=0.9857 dfl=0.0053 mard=2.0147 lambda=0.0071 pseudo_boxes=72 avg_conf=0.8381 lr=9.99322e-05
[Epoch 002/060] batch 0030/0372 loss=17.0826 det=17.0690 box=1.3238 cls=1.3998 dfl=0.0051 mard=2.0035 lambda=0.0068 pseudo_boxes=107 avg_conf=0.8139 lr=9.99322e-05
[Epoch 002/060] batch 0040/0372 loss=23.1605 det=23.1453 box=1.5557 cls=2.2887 dfl=0.0063 mard=2.0080 lambda=0.0075 pseudo_boxes=59 avg_conf=0.8416 lr=9.99322e-05
[Epoch 002/060] batch 0050/0372 loss=13.4132 det=13.3983 box=1.3312 cls=1.0227 dfl=0.0062 mard=2.0037 lambda=0.0074 pseudo_boxes=54 avg_conf=0.8287 lr=9.99322e-05
[Epoch 002/060] batch 0060/0372 loss=22.4615 det=22.4481 box=1.6608 cls=1.8820 dfl=0.0069 mard=1.9892 lambda=0.0067 pseudo_boxes=89 avg_conf=0.7903 lr=9.99322e-05
[Epoch 002/060] batch 0070/0372 loss=11.1181 det=11.1018 box=0.9457 cls=1.0994 dfl=0.0044 mard=2.0217 lambda=0.0081 pseudo_boxes=53 avg_conf=0.8414 lr=9.99322e-05
[Epoch 002/060] batch 0080/0372 loss=19.0548 det=19.0398 box=1.7060 cls=1.6938 dfl=0.0085 mard=2.0294 lambda=0.0074 pseudo_boxes=96 avg_conf=0.8045 lr=9.99322e-05
[Epoch 002/060] batch 0090/0372 loss=14.6675 det=14.6510 box=1.2845 cls=0.8468 dfl=0.0082 mard=2.0037 lambda=0.0082 pseudo_boxes=78 avg_conf=0.8325 lr=9.99322e-05
[Epoch 002/060] batch 0100/0372 loss=14.3992 det=14.3828 box=1.1698 cls=1.0437 dfl=0.0047 mard=2.0119 lambda=0.0082 pseudo_boxes=92 avg_conf=0.8221 lr=9.99322e-05
[Epoch 002/060] batch 0110/0372 loss=14.8736 det=14.8547 box=1.1349 cls=1.2406 dfl=0.0053 mard=2.0261 lambda=0.0094 pseudo_boxes=57 avg_conf=0.8618 lr=9.99322e-05
[Epoch 002/060] batch 0120/0372 loss=14.5288 det=14.5116 box=1.2130 cls=0.9198 dfl=0.0055 mard=1.9823 lambda=0.0087 pseudo_boxes=82 avg_conf=0.8295 lr=9.99322e-05
[Epoch 002/060] batch 0130/0372 loss=18.0345 det=18.0180 box=1.2671 cls=1.5451 dfl=0.0072 mard=2.0002 lambda=0.0083 pseudo_boxes=73 avg_conf=0.8070 lr=9.99322e-05
[Epoch 002/060] batch 0140/0372 loss=12.7053 det=12.6870 box=1.0590 cls=0.9283 dfl=0.0048 mard=2.0222 lambda=0.0091 pseudo_boxes=81 avg_conf=0.8308 lr=9.99322e-05
[Epoch 002/060] batch 0150/0372 loss=15.7281 det=15.7079 box=1.3578 cls=1.1021 dfl=0.0074 mard=2.0087 lambda=0.0101 pseudo_boxes=63 avg_conf=0.8588 lr=9.99322e-05
[Epoch 002/060] batch 0160/0372 loss=16.2512 det=16.2313 box=1.0718 cls=1.4498 dfl=0.0045 mard=2.0165 lambda=0.0099 pseudo_boxes=66 avg_conf=0.8462 lr=9.99322e-05
[Epoch 002/060] batch 0170/0372 loss=15.4751 det=15.4558 box=1.0890 cls=1.7124 dfl=0.0041 mard=2.0209 lambda=0.0096 pseudo_boxes=65 avg_conf=0.8285 lr=9.99322e-05
[Epoch 002/060] batch 0180/0372 loss=13.8315 det=13.8110 box=1.0293 cls=1.0125 dfl=0.0048 mard=1.9988 lambda=0.0103 pseudo_boxes=71 avg_conf=0.8460 lr=9.99322e-05
[Epoch 002/060] batch 0190/0372 loss=14.8250 det=14.8047 box=1.2113 cls=0.9303 dfl=0.0066 mard=2.0183 lambda=0.0101 pseudo_boxes=92 avg_conf=0.8350 lr=9.99322e-05
[Epoch 002/060] batch 0200/0372 loss=13.0338 det=13.0133 box=1.0576 cls=0.8595 dfl=0.0060 mard=1.9945 lambda=0.0103 pseudo_boxes=97 avg_conf=0.8350 lr=9.99322e-05
[Epoch 002/060] batch 0210/0372 loss=20.2822 det=20.2612 box=1.4978 cls=1.7819 dfl=0.0080 mard=2.0074 lambda=0.0105 pseudo_boxes=70 avg_conf=0.8349 lr=9.99322e-05
[Epoch 002/060] batch 0220/0372 loss=12.5038 det=12.4829 box=1.0534 cls=0.9166 dfl=0.0034 mard=2.0228 lambda=0.0103 pseudo_boxes=99 avg_conf=0.8246 lr=9.99322e-05
[Epoch 002/060] batch 0230/0372 loss=18.3193 det=18.2990 box=1.5060 cls=1.5257 dfl=0.0054 mard=2.0143 lambda=0.0101 pseudo_boxes=66 avg_conf=0.8123 lr=9.99322e-05
[Epoch 002/060] batch 0240/0372 loss=19.2449 det=19.2247 box=1.3169 cls=1.5645 dfl=0.0067 mard=2.0340 lambda=0.0100 pseudo_boxes=84 avg_conf=0.8031 lr=9.99322e-05
[Epoch 002/060] batch 0250/0372 loss=15.6218 det=15.6007 box=1.2362 cls=1.1825 dfl=0.0051 mard=2.0087 lambda=0.0105 pseudo_boxes=59 avg_conf=0.8156 lr=9.99322e-05
[Epoch 002/060] batch 0260/0372 loss=18.0156 det=17.9942 box=1.3284 cls=1.4976 dfl=0.0071 mard=1.9990 lambda=0.0107 pseudo_boxes=66 avg_conf=0.8158 lr=9.99322e-05
[Epoch 002/060] batch 0270/0372 loss=14.3445 det=14.3200 box=1.1317 cls=1.2423 dfl=0.0048 mard=2.0097 lambda=0.0122 pseudo_boxes=48 avg_conf=0.8548 lr=9.99322e-05
[Epoch 002/060] batch 0280/0372 loss=17.7558 det=17.7353 box=1.3600 cls=1.3699 dfl=0.0074 mard=2.0043 lambda=0.0102 pseudo_boxes=95 avg_conf=0.7913 lr=9.99322e-05
[Epoch 002/060] batch 0290/0372 loss=17.4389 det=17.4166 box=1.3474 cls=1.3695 dfl=0.0060 mard=2.0178 lambda=0.0110 pseudo_boxes=65 avg_conf=0.8105 lr=9.99322e-05
[Epoch 002/060] batch 0300/0372 loss=14.3551 det=14.3322 box=1.0794 cls=1.1204 dfl=0.0052 mard=2.0149 lambda=0.0114 pseudo_boxes=65 avg_conf=0.8148 lr=9.99322e-05
[Epoch 002/060] batch 0310/0372 loss=17.2178 det=17.1932 box=1.3021 cls=1.5238 dfl=0.0057 mard=2.0346 lambda=0.0121 pseudo_boxes=92 avg_conf=0.8305 lr=9.99322e-05
[Epoch 002/060] batch 0320/0372 loss=13.0997 det=13.0732 box=0.9367 cls=0.9890 dfl=0.0050 mard=2.0161 lambda=0.0131 pseudo_boxes=63 avg_conf=0.8533 lr=9.99322e-05
[Epoch 002/060] batch 0330/0372 loss=13.1422 det=13.1148 box=1.0134 cls=1.0659 dfl=0.0065 mard=2.0222 lambda=0.0136 pseudo_boxes=51 avg_conf=0.8603 lr=9.99322e-05
[Epoch 002/060] batch 0340/0372 loss=16.1945 det=16.1665 box=1.2005 cls=1.0541 dfl=0.0084 mard=2.0170 lambda=0.0139 pseudo_boxes=64 avg_conf=0.8631 lr=9.99322e-05
[Epoch 002/060] batch 0350/0372 loss=15.2776 det=15.2525 box=1.2573 cls=1.2545 dfl=0.0063 mard=2.0068 lambda=0.0125 pseudo_boxes=63 avg_conf=0.8232 lr=9.99322e-05
[Epoch 002/060] batch 0360/0372 loss=9.9083 det=9.8797 box=0.7934 cls=0.6486 dfl=0.0048 mard=2.0108 lambda=0.0142 pseudo_boxes=58 avg_conf=0.8616 lr=9.99322e-05
[Epoch 002/060] batch 0370/0372 loss=14.6513 det=14.6259 box=0.9955 cls=1.1222 dfl=0.0037 mard=1.9878 lambda=0.0128 pseudo_boxes=76 avg_conf=0.8212 lr=9.99322e-05
[Epoch 002/060] batch 0372/0372 loss=15.6376 det=15.6125 box=1.3783 cls=1.2777 dfl=0.0057 mard=2.0094 lambda=0.0125 pseudo_boxes=77 avg_conf=0.8129 lr=9.99322e-05
[Epoch 002/060] done time=266.4s valid_batches=372 skipped=0 pseudo_boxes=27903 loss=15.2745 det=15.2542 box=1.1970 cls=1.1702 dfl=0.0056 mard=2.0124
[Epoch 003/060] start
[Epoch 003/060] batch 0001/0372 loss=11.7121 det=11.6837 box=0.9241 cls=0.7571 dfl=0.0055 mard=2.0243 lambda=0.0140 pseudo_boxes=69 avg_conf=0.8512 lr=9.97288e-05
[Epoch 003/060] batch 0010/0372 loss=18.0279 det=18.0000 box=1.3376 cls=1.5598 dfl=0.0060 mard=2.0088 lambda=0.0139 pseudo_boxes=52 avg_conf=0.8428 lr=9.97288e-05
[Epoch 003/060] batch 0020/0372 loss=24.5597 det=24.5330 box=1.7412 cls=2.0297 dfl=0.0092 mard=2.0019 lambda=0.0134 pseudo_boxes=80 avg_conf=0.8259 lr=9.97288e-05
[Epoch 003/060] batch 0030/0372 loss=16.2714 det=16.2450 box=1.2342 cls=1.1922 dfl=0.0056 mard=2.0352 lambda=0.0130 pseudo_boxes=91 avg_conf=0.8126 lr=9.97288e-05
[Epoch 003/060] batch 0040/0372 loss=17.3693 det=17.3402 box=1.3671 cls=1.2192 dfl=0.0060 mard=2.0094 lambda=0.0145 pseudo_boxes=97 avg_conf=0.8445 lr=9.97288e-05
[Epoch 003/060] batch 0050/0372 loss=11.5259 det=11.4970 box=0.9636 cls=0.7283 dfl=0.0040 mard=2.0339 lambda=0.0142 pseudo_boxes=78 avg_conf=0.8331 lr=9.97288e-05
[Epoch 003/060] batch 0060/0372 loss=16.8014 det=16.7685 box=1.3721 cls=1.1819 dfl=0.0076 mard=2.0310 lambda=0.0162 pseudo_boxes=66 avg_conf=0.8751 lr=9.97288e-05
[Epoch 003/060] batch 0070/0372 loss=12.6003 det=12.5688 box=1.0467 cls=0.8034 dfl=0.0051 mard=2.0121 lambda=0.0156 pseudo_boxes=89 avg_conf=0.8580 lr=9.97288e-05
[Epoch 003/060] batch 0080/0372 loss=14.8550 det=14.8243 box=1.1987 cls=1.0525 dfl=0.0048 mard=2.0095 lambda=0.0153 pseudo_boxes=57 avg_conf=0.8450 lr=9.97288e-05
[Epoch 003/060] batch 0090/0372 loss=11.4997 det=11.4696 box=0.9345 cls=0.8581 dfl=0.0052 mard=1.9966 lambda=0.0151 pseudo_boxes=84 avg_conf=0.8361 lr=9.97288e-05
[Epoch 003/060] batch 0100/0372 loss=15.9448 det=15.9142 box=1.3417 cls=1.3239 dfl=0.0057 mard=2.0118 lambda=0.0152 pseudo_boxes=70 avg_conf=0.8354 lr=9.97288e-05
[Epoch 003/060] batch 0110/0372 loss=13.2480 det=13.2160 box=1.0886 cls=0.9441 dfl=0.0057 mard=1.9934 lambda=0.0160 pseudo_boxes=82 avg_conf=0.8496 lr=9.97288e-05
[Epoch 003/060] batch 0120/0372 loss=13.7541 det=13.7228 box=1.1995 cls=0.9126 dfl=0.0059 mard=1.9860 lambda=0.0158 pseudo_boxes=134 avg_conf=0.8395 lr=9.97288e-05
[Epoch 003/060] batch 0130/0372 loss=14.3809 det=14.3498 box=1.1047 cls=1.1586 dfl=0.0049 mard=2.0262 lambda=0.0154 pseudo_boxes=79 avg_conf=0.8273 lr=9.97288e-05
[Epoch 003/060] batch 0140/0372 loss=21.1935 det=21.1623 box=1.6196 cls=1.5043 dfl=0.0063 mard=2.0020 lambda=0.0155 pseudo_boxes=103 avg_conf=0.8275 lr=9.97288e-05
[Epoch 003/060] batch 0150/0372 loss=19.0037 det=18.9736 box=1.4774 cls=1.3952 dfl=0.0057 mard=2.0115 lambda=0.0150 pseudo_boxes=110 avg_conf=0.8116 lr=9.97288e-05
[Epoch 003/060] batch 0160/0372 loss=13.6443 det=13.6126 box=1.0353 cls=1.0482 dfl=0.0050 mard=1.9967 lambda=0.0159 pseudo_boxes=82 avg_conf=0.8271 lr=9.97288e-05
[Epoch 003/060] batch 0170/0372 loss=17.4126 det=17.3842 box=1.3000 cls=1.3141 dfl=0.0058 mard=2.0025 lambda=0.0142 pseudo_boxes=80 avg_conf=0.7892 lr=9.97288e-05
[Epoch 003/060] batch 0180/0372 loss=16.1296 det=16.0972 box=1.1634 cls=1.1290 dfl=0.0064 mard=2.0109 lambda=0.0161 pseudo_boxes=70 avg_conf=0.8245 lr=9.97288e-05
[Epoch 003/060] batch 0190/0372 loss=9.9062 det=9.8718 box=0.9321 cls=0.7185 dfl=0.0042 mard=2.0087 lambda=0.0171 pseudo_boxes=69 avg_conf=0.8415 lr=9.97288e-05
[Epoch 003/060] batch 0200/0372 loss=14.7174 det=14.6828 box=1.2380 cls=1.0850 dfl=0.0055 mard=2.0379 lambda=0.0169 pseudo_boxes=90 avg_conf=0.8341 lr=9.97288e-05
[Epoch 003/060] batch 0210/0372 loss=15.2436 det=15.2083 box=1.2304 cls=1.2144 dfl=0.0068 mard=2.0166 lambda=0.0175 pseudo_boxes=49 avg_conf=0.8424 lr=9.97288e-05
[Epoch 003/060] batch 0220/0372 loss=20.7432 det=20.7087 box=1.5242 cls=1.8465 dfl=0.0064 mard=2.0462 lambda=0.0168 pseudo_boxes=72 avg_conf=0.8251 lr=9.97288e-05
[Epoch 003/060] batch 0230/0372 loss=14.7408 det=14.7046 box=1.2593 cls=0.8163 dfl=0.0048 mard=2.0077 lambda=0.0180 pseudo_boxes=65 avg_conf=0.8448 lr=9.97288e-05
[Epoch 003/060] batch 0240/0372 loss=15.2325 det=15.1974 box=1.1489 cls=1.2100 dfl=0.0047 mard=1.9959 lambda=0.0176 pseudo_boxes=71 avg_conf=0.8327 lr=9.97288e-05
[Epoch 003/060] batch 0250/0372 loss=12.6838 det=12.6481 box=1.0137 cls=0.8089 dfl=0.0039 mard=1.9945 lambda=0.0179 pseudo_boxes=92 avg_conf=0.8352 lr=9.97288e-05
[Epoch 003/060] batch 0260/0372 loss=14.3723 det=14.3373 box=1.1677 cls=0.9770 dfl=0.0039 mard=2.0183 lambda=0.0173 pseudo_boxes=89 avg_conf=0.8214 lr=9.97288e-05
[Epoch 003/060] batch 0270/0372 loss=13.5649 det=13.5258 box=1.2702 cls=0.9804 dfl=0.0052 mard=2.0065 lambda=0.0195 pseudo_boxes=69 avg_conf=0.8583 lr=9.97288e-05
[Epoch 003/060] batch 0280/0372 loss=11.7180 det=11.6824 box=0.9858 cls=0.7936 dfl=0.0039 mard=2.0018 lambda=0.0178 pseudo_boxes=91 avg_conf=0.8236 lr=9.97288e-05
[Epoch 003/060] batch 0290/0372 loss=13.4369 det=13.3977 box=1.0807 cls=0.9856 dfl=0.0044 mard=2.0345 lambda=0.0193 pseudo_boxes=98 avg_conf=0.8476 lr=9.97288e-05
[Epoch 003/060] batch 0300/0372 loss=14.1964 det=14.1589 box=1.1103 cls=0.9379 dfl=0.0048 mard=2.0106 lambda=0.0186 pseudo_boxes=71 avg_conf=0.8319 lr=9.97288e-05
[Epoch 003/060] batch 0310/0372 loss=10.5227 det=10.4857 box=0.8103 cls=0.7855 dfl=0.0034 mard=2.0157 lambda=0.0184 pseudo_boxes=63 avg_conf=0.8242 lr=9.97288e-05
[Epoch 003/060] batch 0320/0372 loss=11.4489 det=11.4106 box=0.8969 cls=0.8534 dfl=0.0036 mard=2.0179 lambda=0.0190 pseudo_boxes=57 avg_conf=0.8322 lr=9.97288e-05
[Epoch 003/060] batch 0330/0372 loss=15.7967 det=15.7586 box=1.1361 cls=1.1615 dfl=0.0036 mard=2.0262 lambda=0.0188 pseudo_boxes=68 avg_conf=0.8262 lr=9.97288e-05
[Epoch 003/060] batch 0340/0372 loss=11.4798 det=11.4397 box=0.9717 cls=0.7501 dfl=0.0046 mard=2.0020 lambda=0.0200 pseudo_boxes=72 avg_conf=0.8439 lr=9.97288e-05
[Epoch 003/060] batch 0350/0372 loss=14.8562 det=14.8181 box=1.1732 cls=0.9517 dfl=0.0049 mard=2.0113 lambda=0.0189 pseudo_boxes=104 avg_conf=0.8221 lr=9.97288e-05
[Epoch 003/060] batch 0360/0372 loss=12.9652 det=12.9240 box=1.0927 cls=0.8396 dfl=0.0052 mard=2.0240 lambda=0.0204 pseudo_boxes=85 avg_conf=0.8432 lr=9.97288e-05
[Epoch 003/060] batch 0370/0372 loss=10.3046 det=10.2639 box=0.7884 cls=0.6338 dfl=0.0045 mard=1.9884 lambda=0.0205 pseudo_boxes=79 avg_conf=0.8425 lr=9.97288e-05
[Epoch 003/060] batch 0372/0372 loss=14.9686 det=14.9276 box=1.4123 cls=1.0119 dfl=0.0072 mard=1.9812 lambda=0.0207 pseudo_boxes=79 avg_conf=0.8454 lr=9.97288e-05
[Epoch 003/060] done time=265.9s valid_batches=372 skipped=0 pseudo_boxes=27903 loss=14.4185 det=14.3847 box=1.1318 cls=1.0634 dfl=0.0052 mard=2.0125
[Epoch 004/060] start
[Epoch 004/060] batch 0001/0372 loss=9.5311 det=9.4855 box=0.7602 cls=0.5620 dfl=0.0033 mard=2.0098 lambda=0.0227 pseudo_boxes=92 avg_conf=0.8779 lr=9.93906e-05
[Epoch 004/060] batch 0010/0372 loss=13.5534 det=13.5160 box=1.0495 cls=1.0201 dfl=0.0038 mard=2.0272 lambda=0.0184 pseudo_boxes=96 avg_conf=0.8047 lr=9.93906e-05
[Epoch 004/060] batch 0020/0372 loss=15.4089 det=15.3641 box=1.1500 cls=1.1831 dfl=0.0042 mard=2.0410 lambda=0.0220 pseudo_boxes=70 avg_conf=0.8598 lr=9.93906e-05
[Epoch 004/060] batch 0030/0372 loss=15.8889 det=15.8454 box=1.3711 cls=1.4094 dfl=0.0090 mard=2.0128 lambda=0.0216 pseudo_boxes=60 avg_conf=0.8508 lr=9.93906e-05
[Epoch 004/060] batch 0040/0372 loss=15.1887 det=15.1425 box=1.2055 cls=1.0987 dfl=0.0052 mard=2.0206 lambda=0.0229 pseudo_boxes=53 avg_conf=0.8684 lr=9.93906e-05
[Epoch 004/060] batch 0050/0372 loss=12.5299 det=12.4866 box=0.9827 cls=0.7819 dfl=0.0039 mard=2.0116 lambda=0.0215 pseudo_boxes=66 avg_conf=0.8434 lr=9.93906e-05
[Epoch 004/060] batch 0060/0372 loss=12.0103 det=11.9664 box=1.0029 cls=0.7602 dfl=0.0038 mard=2.0325 lambda=0.0216 pseudo_boxes=81 avg_conf=0.8421 lr=9.93906e-05
[Epoch 004/060] batch 0070/0372 loss=17.0843 det=17.0408 box=1.3291 cls=1.2256 dfl=0.0053 mard=2.0033 lambda=0.0217 pseudo_boxes=104 avg_conf=0.8406 lr=9.93906e-05
[Epoch 004/060] batch 0080/0372 loss=14.4763 det=14.4334 box=1.2413 cls=0.8425 dfl=0.0046 mard=2.0005 lambda=0.0214 pseudo_boxes=90 avg_conf=0.8338 lr=9.93906e-05
[Epoch 004/060] batch 0090/0372 loss=14.7572 det=14.7123 box=1.2789 cls=1.0950 dfl=0.0070 mard=2.0142 lambda=0.0223 pseudo_boxes=57 avg_conf=0.8441 lr=9.93906e-05
[Epoch 004/060] batch 0100/0372 loss=12.8183 det=12.7741 box=1.0183 cls=0.8639 dfl=0.0046 mard=2.0170 lambda=0.0219 pseudo_boxes=65 avg_conf=0.8353 lr=9.93906e-05
[Epoch 004/060] batch 0110/0372 loss=11.6225 det=11.5746 box=0.9346 cls=0.7032 dfl=0.0040 mard=2.0319 lambda=0.0235 pseudo_boxes=73 avg_conf=0.8574 lr=9.93906e-05
[Epoch 004/060] batch 0120/0372 loss=18.1699 det=18.1240 box=1.4110 cls=1.2431 dfl=0.0064 mard=2.0372 lambda=0.0225 pseudo_boxes=83 avg_conf=0.8394 lr=9.93906e-05
[Epoch 004/060] batch 0130/0372 loss=11.7128 det=11.6704 box=0.8196 cls=0.7550 dfl=0.0039 mard=2.0057 lambda=0.0211 pseudo_boxes=75 avg_conf=0.8155 lr=9.93906e-05
[Epoch 004/060] batch 0140/0372 loss=16.6779 det=16.6339 box=1.3420 cls=1.1087 dfl=0.0043 mard=2.0168 lambda=0.0218 pseudo_boxes=80 avg_conf=0.8236 lr=9.93906e-05
[Epoch 004/060] batch 0150/0372 loss=14.5329 det=14.4878 box=1.0687 cls=1.1570 dfl=0.0043 mard=2.0064 lambda=0.0224 pseudo_boxes=75 avg_conf=0.8300 lr=9.93906e-05
[Epoch 004/060] batch 0160/0372 loss=17.0555 det=17.0095 box=1.2220 cls=1.1647 dfl=0.0053 mard=2.0249 lambda=0.0227 pseudo_boxes=86 avg_conf=0.8313 lr=9.93906e-05
[Epoch 004/060] batch 0170/0372 loss=12.5860 det=12.5401 box=0.9397 cls=0.7859 dfl=0.0033 mard=2.0045 lambda=0.0229 pseudo_boxes=76 avg_conf=0.8315 lr=9.93906e-05
[Epoch 004/060] batch 0180/0372 loss=16.6301 det=16.5821 box=1.2545 cls=1.4450 dfl=0.0055 mard=2.0272 lambda=0.0236 pseudo_boxes=62 avg_conf=0.8396 lr=9.93906e-05
[Epoch 004/060] batch 0190/0372 loss=14.8095 det=14.7631 box=1.1543 cls=1.0483 dfl=0.0056 mard=2.0299 lambda=0.0229 pseudo_boxes=102 avg_conf=0.8260 lr=9.93906e-05
[Epoch 004/060] batch 0200/0372 loss=14.3179 det=14.2716 box=1.1803 cls=0.8968 dfl=0.0050 mard=2.0098 lambda=0.0230 pseudo_boxes=101 avg_conf=0.8254 lr=9.93906e-05
[Epoch 004/060] batch 0210/0372 loss=11.7094 det=11.6589 box=0.8833 cls=0.7004 dfl=0.0041 mard=2.0173 lambda=0.0250 pseudo_boxes=74 avg_conf=0.8513 lr=9.93906e-05
[Epoch 004/060] batch 0220/0372 loss=13.7117 det=13.6661 box=1.1737 cls=0.8051 dfl=0.0043 mard=2.0046 lambda=0.0228 pseudo_boxes=73 avg_conf=0.8170 lr=9.93906e-05
[Epoch 004/060] batch 0230/0372 loss=13.5549 det=13.5044 box=1.0889 cls=0.7695 dfl=0.0050 mard=2.0249 lambda=0.0249 pseudo_boxes=60 avg_conf=0.8446 lr=9.93906e-05
[Epoch 004/060] batch 0240/0372 loss=12.1531 det=12.0995 box=0.8551 cls=0.8216 dfl=0.0044 mard=2.0121 lambda=0.0267 pseudo_boxes=68 avg_conf=0.8658 lr=9.93906e-05
[Epoch 004/060] batch 0250/0372 loss=17.7919 det=17.7460 box=1.3014 cls=1.2319 dfl=0.0054 mard=2.0029 lambda=0.0229 pseudo_boxes=78 avg_conf=0.8120 lr=9.93906e-05
[Epoch 004/060] batch 0260/0372 loss=11.3095 det=11.2586 box=0.8030 cls=0.7793 dfl=0.0028 mard=1.9992 lambda=0.0254 pseudo_boxes=63 avg_conf=0.8439 lr=9.93906e-05
[Epoch 004/060] batch 0270/0372 loss=15.0397 det=14.9873 box=1.1894 cls=0.9264 dfl=0.0069 mard=2.0124 lambda=0.0260 pseudo_boxes=79 avg_conf=0.8494 lr=9.93906e-05
[Epoch 004/060] batch 0280/0372 loss=14.3925 det=14.3470 box=1.0816 cls=0.9251 dfl=0.0055 mard=1.9832 lambda=0.0229 pseudo_boxes=99 avg_conf=0.8057 lr=9.93906e-05
[Epoch 004/060] batch 0290/0372 loss=13.1221 det=13.0707 box=1.0785 cls=1.0482 dfl=0.0044 mard=2.0152 lambda=0.0255 pseudo_boxes=58 avg_conf=0.8373 lr=9.93906e-05
[Epoch 004/060] batch 0300/0372 loss=12.8159 det=12.7655 box=0.9889 cls=1.0312 dfl=0.0044 mard=2.0104 lambda=0.0251 pseudo_boxes=65 avg_conf=0.8298 lr=9.93906e-05
[Epoch 004/060] batch 0310/0372 loss=11.5816 det=11.5282 box=0.9153 cls=0.6958 dfl=0.0046 mard=2.0048 lambda=0.0266 pseudo_boxes=59 avg_conf=0.8477 lr=9.93906e-05
[Epoch 004/060] batch 0320/0372 loss=14.0322 det=13.9796 box=1.1315 cls=0.9438 dfl=0.0037 mard=2.0029 lambda=0.0263 pseudo_boxes=58 avg_conf=0.8405 lr=9.93906e-05
[Epoch 004/060] batch 0330/0372 loss=14.8268 det=14.7756 box=1.3278 cls=1.5803 dfl=0.0059 mard=2.0427 lambda=0.0251 pseudo_boxes=57 avg_conf=0.8226 lr=9.93906e-05
[Epoch 004/060] batch 0340/0372 loss=16.7525 det=16.6967 box=1.2152 cls=1.3814 dfl=0.0065 mard=2.0151 lambda=0.0277 pseudo_boxes=58 avg_conf=0.8541 lr=9.93906e-05
[Epoch 004/060] batch 0350/0372 loss=13.5172 det=13.4652 box=1.0104 cls=1.0322 dfl=0.0054 mard=2.0131 lambda=0.0258 pseudo_boxes=76 avg_conf=0.8278 lr=9.93906e-05
[Epoch 004/060] batch 0360/0372 loss=12.1230 det=12.0685 box=0.9946 cls=0.7750 dfl=0.0032 mard=2.0094 lambda=0.0271 pseudo_boxes=83 avg_conf=0.8422 lr=9.93906e-05
[Epoch 004/060] batch 0370/0372 loss=13.2571 det=13.2076 box=1.1565 cls=1.0710 dfl=0.0042 mard=2.0137 lambda=0.0246 pseudo_boxes=94 avg_conf=0.8080 lr=9.93906e-05
[Epoch 004/060] batch 0372/0372 loss=10.7223 det=10.6682 box=0.9488 cls=1.0966 dfl=0.0042 mard=2.0216 lambda=0.0268 pseudo_boxes=44 avg_conf=0.8346 lr=9.93906e-05
[Epoch 004/060] done time=265.9s valid_batches=372 skipped=0 pseudo_boxes=27868 loss=13.8381 det=13.7907 box=1.0887 cls=0.9882 dfl=0.0049 mard=2.0133
[Epoch 005/060] start
[Epoch 005/060] batch 0001/0372 loss=11.5058 det=11.4469 box=0.8860 cls=0.7289 dfl=0.0045 mard=2.0060 lambda=0.0294 pseudo_boxes=75 avg_conf=0.8669 lr=9.89183e-05
[Epoch 005/060] batch 0010/0372 loss=11.4511 det=11.3995 box=1.1127 cls=0.7286 dfl=0.0051 mard=1.9946 lambda=0.0258 pseudo_boxes=99 avg_conf=0.8211 lr=9.89183e-05
[Epoch 005/060] batch 0020/0372 loss=12.0544 det=11.9995 box=1.0360 cls=0.7935 dfl=0.0042 mard=2.0052 lambda=0.0273 pseudo_boxes=82 avg_conf=0.8373 lr=9.89183e-05
[Epoch 005/060] batch 0030/0372 loss=17.3922 det=17.3446 box=1.4326 cls=1.2152 dfl=0.0053 mard=2.0354 lambda=0.0234 pseudo_boxes=65 avg_conf=0.7867 lr=9.89183e-05
[Epoch 005/060] batch 0040/0372 loss=10.9049 det=10.8495 box=0.9280 cls=0.6429 dfl=0.0042 mard=2.0169 lambda=0.0275 pseudo_boxes=98 avg_conf=0.8346 lr=9.89183e-05
[Epoch 005/060] batch 0050/0372 loss=12.9324 det=12.8783 box=1.0864 cls=0.8100 dfl=0.0045 mard=2.0094 lambda=0.0269 pseudo_boxes=45 avg_conf=0.8256 lr=9.89183e-05
[Epoch 005/060] batch 0060/0372 loss=10.2058 det=10.1419 box=0.7633 cls=0.6677 dfl=0.0040 mard=2.0187 lambda=0.0316 pseudo_boxes=61 avg_conf=0.8805 lr=9.89183e-05
[Epoch 005/060] batch 0070/0372 loss=12.7127 det=12.6604 box=1.0315 cls=0.6949 dfl=0.0032 mard=1.9962 lambda=0.0262 pseudo_boxes=103 avg_conf=0.8135 lr=9.89183e-05
[Epoch 005/060] batch 0080/0372 loss=13.4737 det=13.4158 box=1.0820 cls=0.9640 dfl=0.0059 mard=2.0148 lambda=0.0287 pseudo_boxes=74 avg_conf=0.8408 lr=9.89183e-05
[Epoch 005/060] batch 0090/0372 loss=14.6583 det=14.6023 box=1.2469 cls=0.9897 dfl=0.0054 mard=2.0122 lambda=0.0279 pseudo_boxes=98 avg_conf=0.8286 lr=9.89183e-05
[Epoch 005/060] batch 0100/0372 loss=16.0325 det=15.9767 box=1.2542 cls=1.1854 dfl=0.0065 mard=2.0201 lambda=0.0276 pseudo_boxes=73 avg_conf=0.8239 lr=9.89183e-05
[Epoch 005/060] batch 0110/0372 loss=10.6368 det=10.5803 box=0.8284 cls=0.6927 dfl=0.0028 mard=1.9968 lambda=0.0283 pseudo_boxes=88 avg_conf=0.8300 lr=9.89183e-05
[Epoch 005/060] batch 0120/0372 loss=14.4165 det=14.3594 box=1.0945 cls=1.1560 dfl=0.0050 mard=2.0159 lambda=0.0283 pseudo_boxes=81 avg_conf=0.8279 lr=9.89183e-05
[Epoch 005/060] batch 0130/0372 loss=17.2526 det=17.1949 box=1.2961 cls=1.2669 dfl=0.0059 mard=2.0201 lambda=0.0286 pseudo_boxes=84 avg_conf=0.8286 lr=9.89183e-05
[Epoch 005/060] batch 0140/0372 loss=14.7712 det=14.7170 box=1.1592 cls=1.0313 dfl=0.0045 mard=2.0051 lambda=0.0270 pseudo_boxes=84 avg_conf=0.8091 lr=9.89183e-05
[Epoch 005/060] batch 0150/0372 loss=10.4659 det=10.4054 box=0.7805 cls=0.6391 dfl=0.0039 mard=2.0088 lambda=0.0301 pseudo_boxes=98 avg_conf=0.8421 lr=9.89183e-05
[Epoch 005/060] batch 0160/0372 loss=9.9845 det=9.9177 box=0.7417 cls=0.6779 dfl=0.0040 mard=2.0225 lambda=0.0330 pseudo_boxes=49 avg_conf=0.8728 lr=9.89183e-05
[Epoch 005/060] batch 0170/0372 loss=11.1938 det=11.1325 box=0.8669 cls=0.7581 dfl=0.0038 mard=2.0135 lambda=0.0304 pseudo_boxes=92 avg_conf=0.8417 lr=9.89183e-05
[Epoch 005/060] batch 0180/0372 loss=14.3410 det=14.2787 box=1.1133 cls=1.0286 dfl=0.0050 mard=2.0197 lambda=0.0308 pseudo_boxes=80 avg_conf=0.8442 lr=9.89183e-05
[Epoch 005/060] batch 0190/0372 loss=11.7445 det=11.6841 box=0.9060 cls=0.9569 dfl=0.0036 mard=2.0015 lambda=0.0302 pseudo_boxes=68 avg_conf=0.8345 lr=9.89183e-05
[Epoch 005/060] batch 0200/0372 loss=9.4516 det=9.3862 box=0.7004 cls=0.5903 dfl=0.0030 mard=2.0021 lambda=0.0326 pseudo_boxes=90 avg_conf=0.8598 lr=9.89183e-05
[Epoch 005/060] batch 0210/0372 loss=15.2703 det=15.2136 box=1.1353 cls=1.0983 dfl=0.0039 mard=2.0074 lambda=0.0283 pseudo_boxes=85 avg_conf=0.8099 lr=9.89183e-05
[Epoch 005/060] batch 0220/0372 loss=14.1152 det=14.0570 box=1.0217 cls=0.9648 dfl=0.0045 mard=2.0123 lambda=0.0289 pseudo_boxes=86 avg_conf=0.8151 lr=9.89183e-05
[Epoch 005/060] batch 0230/0372 loss=12.1752 det=12.1111 box=0.9114 cls=0.8392 dfl=0.0041 mard=2.0069 lambda=0.0319 pseudo_boxes=72 avg_conf=0.8460 lr=9.89183e-05
[Epoch 005/060] batch 0240/0372 loss=9.9085 det=9.8439 box=0.8275 cls=0.5349 dfl=0.0040 mard=1.9940 lambda=0.0324 pseudo_boxes=77 avg_conf=0.8492 lr=9.89183e-05
[Epoch 005/060] batch 0250/0372 loss=11.3208 det=11.2523 box=0.8630 cls=0.8075 dfl=0.0042 mard=2.0212 lambda=0.0339 pseudo_boxes=70 avg_conf=0.8626 lr=9.89183e-05
[Epoch 005/060] batch 0260/0372 loss=8.3243 det=8.2562 box=0.6363 cls=0.5288 dfl=0.0028 mard=1.9960 lambda=0.0341 pseudo_boxes=88 avg_conf=0.8632 lr=9.89183e-05
[Epoch 005/060] batch 0270/0372 loss=13.0967 det=13.0328 box=0.9753 cls=0.9882 dfl=0.0045 mard=2.0130 lambda=0.0318 pseudo_boxes=67 avg_conf=0.8365 lr=9.89183e-05
[Epoch 005/060] batch 0280/0372 loss=18.2869 det=18.2254 box=1.4249 cls=1.2876 dfl=0.0071 mard=1.9893 lambda=0.0309 pseudo_boxes=80 avg_conf=0.8255 lr=9.89183e-05
[Epoch 005/060] batch 0290/0372 loss=11.1675 det=11.1029 box=0.9081 cls=0.7481 dfl=0.0045 mard=2.0190 lambda=0.0320 pseudo_boxes=73 avg_conf=0.8349 lr=9.89183e-05
[Epoch 005/060] batch 0300/0372 loss=12.0092 det=11.9418 box=0.9676 cls=0.6621 dfl=0.0047 mard=2.0082 lambda=0.0336 pseudo_boxes=76 avg_conf=0.8493 lr=9.89183e-05
[Epoch 005/060] batch 0310/0372 loss=12.9582 det=12.8925 box=0.9649 cls=1.0177 dfl=0.0043 mard=2.0380 lambda=0.0322 pseudo_boxes=65 avg_conf=0.8333 lr=9.89183e-05
[Epoch 005/060] batch 0320/0372 loss=10.3073 det=10.2383 box=0.7571 cls=0.7249 dfl=0.0039 mard=2.0244 lambda=0.0341 pseudo_boxes=57 avg_conf=0.8511 lr=9.89183e-05
[Epoch 005/060] batch 0330/0372 loss=11.8393 det=11.7719 box=0.9431 cls=0.7029 dfl=0.0039 mard=1.9999 lambda=0.0337 pseudo_boxes=84 avg_conf=0.8448 lr=9.89183e-05
[Epoch 005/060] batch 0340/0372 loss=12.7497 det=12.6830 box=0.9897 cls=0.7475 dfl=0.0046 mard=2.0062 lambda=0.0332 pseudo_boxes=81 avg_conf=0.8385 lr=9.89183e-05
[Epoch 005/060] batch 0350/0372 loss=13.1548 det=13.0882 box=1.0323 cls=0.9088 dfl=0.0052 mard=2.0155 lambda=0.0330 pseudo_boxes=78 avg_conf=0.8346 lr=9.89183e-05
[Epoch 005/060] batch 0360/0372 loss=11.3439 det=11.2750 box=0.9278 cls=0.7421 dfl=0.0041 mard=2.0103 lambda=0.0343 pseudo_boxes=71 avg_conf=0.8451 lr=9.89183e-05
[Epoch 005/060] batch 0370/0372 loss=11.9005 det=11.8345 box=0.9358 cls=0.7644 dfl=0.0036 mard=2.0227 lambda=0.0327 pseudo_boxes=110 avg_conf=0.8271 lr=9.89183e-05
[Epoch 005/060] batch 0372/0372 loss=11.7722 det=11.7030 box=0.9505 cls=1.0474 dfl=0.0041 mard=2.0140 lambda=0.0344 pseudo_boxes=55 avg_conf=0.8437 lr=9.89183e-05
[Epoch 005/060] done time=266.2s valid_batches=372 skipped=0 pseudo_boxes=27837 loss=13.5495 det=13.4886 box=1.0628 cls=0.9586 dfl=0.0048 mard=2.0128
[Epoch 006/060] start
[Epoch 006/060] batch 0001/0372 loss=10.8503 det=10.7813 box=0.8034 cls=0.7396 dfl=0.0045 mard=2.0284 lambda=0.0340 pseudo_boxes=81 avg_conf=0.8404 lr=9.83133e-05
[Epoch 006/060] batch 0010/0372 loss=11.3955 det=11.3280 box=0.9280 cls=0.7389 dfl=0.0035 mard=1.9969 lambda=0.0338 pseudo_boxes=77 avg_conf=0.8378 lr=9.83133e-05
[Epoch 006/060] batch 0020/0372 loss=12.2317 det=12.1619 box=0.9578 cls=0.9542 dfl=0.0043 mard=2.0066 lambda=0.0347 pseudo_boxes=89 avg_conf=0.8474 lr=9.83133e-05
[Epoch 006/060] batch 0030/0372 loss=18.1559 det=18.0935 box=1.3003 cls=1.2887 dfl=0.0055 mard=2.0165 lambda=0.0309 pseudo_boxes=95 avg_conf=0.8094 lr=9.83133e-05
[Epoch 006/060] batch 0040/0372 loss=9.9869 det=9.9102 box=0.8126 cls=0.5827 dfl=0.0035 mard=2.0129 lambda=0.0381 pseudo_boxes=63 avg_conf=0.8807 lr=9.83133e-05
[Epoch 006/060] batch 0050/0372 loss=11.7650 det=11.7008 box=1.0895 cls=0.7687 dfl=0.0040 mard=1.9973 lambda=0.0322 pseudo_boxes=79 avg_conf=0.8217 lr=9.83133e-05
[Epoch 006/060] batch 0060/0372 loss=12.0869 det=12.0194 box=1.0150 cls=0.7199 dfl=0.0038 mard=2.0138 lambda=0.0336 pseudo_boxes=79 avg_conf=0.8355 lr=9.83133e-05
[Epoch 006/060] batch 0070/0372 loss=14.6266 det=14.5552 box=1.0588 cls=0.9529 dfl=0.0044 mard=2.0132 lambda=0.0355 pseudo_boxes=77 avg_conf=0.8549 lr=9.83133e-05
[Epoch 006/060] batch 0080/0372 loss=11.6848 det=11.6130 box=0.9329 cls=0.7729 dfl=0.0044 mard=2.0147 lambda=0.0356 pseudo_boxes=55 avg_conf=0.8562 lr=9.83133e-05
[Epoch 006/060] batch 0090/0372 loss=10.6457 det=10.5779 box=0.8343 cls=0.6302 dfl=0.0047 mard=2.0174 lambda=0.0336 pseudo_boxes=75 avg_conf=0.8360 lr=9.83133e-05
[Epoch 006/060] batch 0100/0372 loss=10.5599 det=10.4954 box=0.9132 cls=0.5563 dfl=0.0039 mard=2.0042 lambda=0.0322 pseudo_boxes=76 avg_conf=0.8219 lr=9.83133e-05
[Epoch 006/060] batch 0110/0372 loss=15.4217 det=15.3511 box=1.2105 cls=1.1578 dfl=0.0042 mard=2.0148 lambda=0.0351 pseudo_boxes=45 avg_conf=0.8508 lr=9.83133e-05
[Epoch 006/060] batch 0120/0372 loss=12.0760 det=12.0057 box=0.9539 cls=0.8839 dfl=0.0048 mard=1.9984 lambda=0.0352 pseudo_boxes=85 avg_conf=0.8516 lr=9.83133e-05
[Epoch 006/060] batch 0130/0372 loss=14.8113 det=14.7515 box=1.1719 cls=1.1540 dfl=0.0040 mard=2.0053 lambda=0.0298 pseudo_boxes=77 avg_conf=0.7982 lr=9.83133e-05
[Epoch 006/060] batch 0140/0372 loss=14.8840 det=14.8185 box=1.1953 cls=0.8935 dfl=0.0059 mard=1.9929 lambda=0.0329 pseudo_boxes=95 avg_conf=0.8287 lr=9.83133e-05
[Epoch 006/060] batch 0150/0372 loss=14.9403 det=14.8775 box=1.0934 cls=1.1172 dfl=0.0060 mard=1.9975 lambda=0.0315 pseudo_boxes=89 avg_conf=0.8146 lr=9.83133e-05
[Epoch 006/060] batch 0160/0372 loss=11.3874 det=11.3209 box=0.8588 cls=0.8194 dfl=0.0041 mard=2.0126 lambda=0.0330 pseudo_boxes=52 avg_conf=0.8302 lr=9.83133e-05
[Epoch 006/060] batch 0170/0372 loss=11.2703 det=11.2002 box=0.9210 cls=0.7423 dfl=0.0048 mard=2.0030 lambda=0.0350 pseudo_boxes=72 avg_conf=0.8501 lr=9.83133e-05
[Epoch 006/060] batch 0180/0372 loss=12.9847 det=12.9196 box=1.0590 cls=0.9063 dfl=0.0043 mard=2.0068 lambda=0.0325 pseudo_boxes=86 avg_conf=0.8246 lr=9.83133e-05
[Epoch 006/060] batch 0190/0372 loss=12.5549 det=12.4923 box=0.9326 cls=0.8916 dfl=0.0034 mard=2.0096 lambda=0.0311 pseudo_boxes=86 avg_conf=0.8114 lr=9.83133e-05
[Epoch 006/060] batch 0200/0372 loss=17.6211 det=17.5611 box=1.3162 cls=1.2847 dfl=0.0054 mard=2.0165 lambda=0.0298 pseudo_boxes=74 avg_conf=0.7976 lr=9.83133e-05
[Epoch 006/060] batch 0210/0372 loss=18.5711 det=18.5125 box=1.3756 cls=1.5613 dfl=0.0044 mard=2.0150 lambda=0.0291 pseudo_boxes=55 avg_conf=0.7907 lr=9.83133e-05
[Epoch 006/060] batch 0220/0372 loss=14.6211 det=14.5572 box=1.1844 cls=0.9744 dfl=0.0044 mard=2.0074 lambda=0.0318 pseudo_boxes=91 avg_conf=0.8180 lr=9.83133e-05
[Epoch 006/060] batch 0230/0372 loss=11.2397 det=11.1730 box=0.8597 cls=0.7363 dfl=0.0038 mard=2.0047 lambda=0.0333 pseudo_boxes=65 avg_conf=0.8328 lr=9.83133e-05
[Epoch 006/060] batch 0240/0372 loss=12.8374 det=12.7747 box=1.1334 cls=0.9666 dfl=0.0037 mard=2.0081 lambda=0.0313 pseudo_boxes=74 avg_conf=0.8126 lr=9.83133e-05
[Epoch 006/060] batch 0250/0372 loss=12.8736 det=12.8062 box=1.0534 cls=0.7842 dfl=0.0048 mard=2.0128 lambda=0.0335 pseudo_boxes=88 avg_conf=0.8349 lr=9.83133e-05
[Epoch 006/060] batch 0260/0372 loss=15.0404 det=14.9732 box=1.1625 cls=1.0974 dfl=0.0054 mard=2.0372 lambda=0.0330 pseudo_boxes=49 avg_conf=0.8299 lr=9.83133e-05
[Epoch 006/060] batch 0270/0372 loss=12.8953 det=12.8246 box=1.0269 cls=0.9063 dfl=0.0046 mard=2.0226 lambda=0.0350 pseudo_boxes=63 avg_conf=0.8496 lr=9.83133e-05
[Epoch 006/060] batch 0280/0372 loss=13.2917 det=13.2279 box=1.0546 cls=0.9533 dfl=0.0056 mard=2.0121 lambda=0.0317 pseudo_boxes=76 avg_conf=0.8168 lr=9.83133e-05
[Epoch 006/060] batch 0290/0372 loss=12.3012 det=12.2326 box=1.0470 cls=1.1144 dfl=0.0051 mard=2.0072 lambda=0.0342 pseudo_boxes=68 avg_conf=0.8417 lr=9.83133e-05
[Epoch 006/060] batch 0300/0372 loss=12.3595 det=12.2974 box=0.9717 cls=0.8761 dfl=0.0032 mard=1.9951 lambda=0.0311 pseudo_boxes=62 avg_conf=0.8112 lr=9.83133e-05
[Epoch 006/060] batch 0310/0372 loss=15.3111 det=15.2427 box=1.2337 cls=0.9950 dfl=0.0059 mard=2.0133 lambda=0.0340 pseudo_boxes=94 avg_conf=0.8400 lr=9.83133e-05
[Epoch 006/060] batch 0320/0372 loss=11.2444 det=11.1745 box=0.8275 cls=0.7295 dfl=0.0041 mard=2.0226 lambda=0.0346 pseudo_boxes=52 avg_conf=0.8457 lr=9.83133e-05
[Epoch 006/060] batch 0330/0372 loss=15.4460 det=15.3795 box=1.1936 cls=0.9971 dfl=0.0064 mard=2.0270 lambda=0.0328 pseudo_boxes=72 avg_conf=0.8279 lr=9.83133e-05
[Epoch 006/060] batch 0340/0372 loss=15.4466 det=15.3801 box=1.2430 cls=1.1401 dfl=0.0046 mard=2.0029 lambda=0.0332 pseudo_boxes=90 avg_conf=0.8321 lr=9.83133e-05
[Epoch 006/060] batch 0350/0372 loss=16.6061 det=16.5465 box=1.3263 cls=1.2260 dfl=0.0062 mard=1.9987 lambda=0.0298 pseudo_boxes=82 avg_conf=0.7981 lr=9.83133e-05
[Epoch 006/060] batch 0360/0372 loss=13.5476 det=13.4801 box=1.2427 cls=1.1437 dfl=0.0048 mard=2.0050 lambda=0.0337 pseudo_boxes=73 avg_conf=0.8366 lr=9.83133e-05
[Epoch 006/060] batch 0370/0372 loss=16.0206 det=15.9503 box=1.2737 cls=1.0500 dfl=0.0057 mard=2.0299 lambda=0.0346 pseudo_boxes=102 avg_conf=0.8462 lr=9.83133e-05
[Epoch 006/060] batch 0372/0372 loss=10.4049 det=10.3383 box=0.9906 cls=0.6817 dfl=0.0051 mard=1.9968 lambda=0.0334 pseudo_boxes=83 avg_conf=0.8337 lr=9.83133e-05
[Epoch 006/060] done time=266.0s valid_batches=372 skipped=0 pseudo_boxes=27942 loss=13.3784 det=13.3109 box=1.0541 cls=0.9272 dfl=0.0047 mard=2.0123
[Epoch 007/060] start
[Epoch 007/060] batch 0001/0372 loss=13.0407 det=12.9768 box=0.9653 cls=0.9762 dfl=0.0039 mard=2.0050 lambda=0.0319 pseudo_boxes=81 avg_conf=0.8189 lr=9.75773e-05
[Epoch 007/060] batch 0010/0372 loss=9.0305 det=8.9653 box=0.6966 cls=0.4905 dfl=0.0026 mard=2.0054 lambda=0.0325 pseudo_boxes=88 avg_conf=0.8251 lr=9.75773e-05
[Epoch 007/060] batch 0020/0372 loss=13.1927 det=13.1226 box=0.9234 cls=0.9470 dfl=0.0042 mard=2.0163 lambda=0.0348 pseudo_boxes=74 avg_conf=0.8475 lr=9.75773e-05
[Epoch 007/060] batch 0030/0372 loss=14.1739 det=14.1001 box=1.0632 cls=0.9678 dfl=0.0068 mard=2.0099 lambda=0.0367 pseudo_boxes=82 avg_conf=0.8675 lr=9.75773e-05
[Epoch 007/060] batch 0040/0372 loss=15.0038 det=14.9405 box=1.1446 cls=0.9869 dfl=0.0045 mard=2.0047 lambda=0.0316 pseudo_boxes=83 avg_conf=0.8160 lr=9.75773e-05
[Epoch 007/060] batch 0050/0372 loss=12.6487 det=12.5743 box=1.0011 cls=0.8466 dfl=0.0044 mard=2.0153 lambda=0.0369 pseudo_boxes=62 avg_conf=0.8691 lr=9.75773e-05
[Epoch 007/060] batch 0060/0372 loss=11.0926 det=11.0176 box=0.8520 cls=0.6855 dfl=0.0042 mard=2.0246 lambda=0.0371 pseudo_boxes=53 avg_conf=0.8708 lr=9.75773e-05
[Epoch 007/060] batch 0070/0372 loss=12.6056 det=12.5403 box=0.9773 cls=0.8996 dfl=0.0053 mard=2.0343 lambda=0.0321 pseudo_boxes=74 avg_conf=0.8211 lr=9.75773e-05
[Epoch 007/060] batch 0080/0372 loss=16.4399 det=16.3745 box=1.3124 cls=1.1061 dfl=0.0044 mard=2.0077 lambda=0.0326 pseudo_boxes=92 avg_conf=0.8256 lr=9.75773e-05
[Epoch 007/060] batch 0090/0372 loss=13.4839 det=13.4110 box=0.9883 cls=1.0961 dfl=0.0039 mard=2.0264 lambda=0.0360 pseudo_boxes=61 avg_conf=0.8597 lr=9.75773e-05
[Epoch 007/060] batch 0100/0372 loss=12.4290 det=12.3609 box=1.0165 cls=0.9009 dfl=0.0041 mard=2.0114 lambda=0.0338 pseudo_boxes=79 avg_conf=0.8384 lr=9.75773e-05
[Epoch 007/060] batch 0110/0372 loss=14.4710 det=14.4091 box=1.1542 cls=0.8573 dfl=0.0049 mard=2.0102 lambda=0.0308 pseudo_boxes=121 avg_conf=0.8082 lr=9.75773e-05
[Epoch 007/060] batch 0120/0372 loss=15.2748 det=15.2034 box=1.1321 cls=1.0235 dfl=0.0052 mard=2.0249 lambda=0.0352 pseudo_boxes=87 avg_conf=0.8524 lr=9.75773e-05
[Epoch 007/060] batch 0130/0372 loss=11.4924 det=11.4192 box=0.8545 cls=0.8550 dfl=0.0037 mard=2.0224 lambda=0.0362 pseudo_boxes=71 avg_conf=0.8620 lr=9.75773e-05
[Epoch 007/060] batch 0140/0372 loss=11.4440 det=11.3667 box=0.8322 cls=0.7999 dfl=0.0043 mard=2.0129 lambda=0.0384 pseudo_boxes=58 avg_conf=0.8840 lr=9.75773e-05
[Epoch 007/060] batch 0150/0372 loss=11.7915 det=11.7228 box=0.9069 cls=0.9147 dfl=0.0032 mard=2.0412 lambda=0.0337 pseudo_boxes=65 avg_conf=0.8366 lr=9.75773e-05
[Epoch 007/060] batch 0160/0372 loss=15.9034 det=15.8383 box=1.2289 cls=1.1027 dfl=0.0048 mard=2.0000 lambda=0.0326 pseudo_boxes=74 avg_conf=0.8256 lr=9.75773e-05
[Epoch 007/060] batch 0170/0372 loss=8.9776 det=8.9091 box=0.7041 cls=0.6618 dfl=0.0029 mard=2.0179 lambda=0.0340 pseudo_boxes=66 avg_conf=0.8397 lr=9.75773e-05
[Epoch 007/060] batch 0180/0372 loss=14.0880 det=14.0237 box=1.1769 cls=1.0375 dfl=0.0045 mard=2.0174 lambda=0.0319 pseudo_boxes=85 avg_conf=0.8192 lr=9.75773e-05
[Epoch 007/060] batch 0190/0372 loss=16.9603 det=16.8960 box=1.3364 cls=1.0458 dfl=0.0059 mard=2.0077 lambda=0.0320 pseudo_boxes=93 avg_conf=0.8205 lr=9.75773e-05
[Epoch 007/060] batch 0200/0372 loss=12.2537 det=12.1852 box=0.9539 cls=0.7621 dfl=0.0060 mard=1.9991 lambda=0.0343 pseudo_boxes=69 avg_conf=0.8427 lr=9.75773e-05
[Epoch 007/060] batch 0210/0372 loss=13.5552 det=13.4903 box=1.0369 cls=1.0757 dfl=0.0043 mard=2.0118 lambda=0.0323 pseudo_boxes=88 avg_conf=0.8226 lr=9.75773e-05
[Epoch 007/060] batch 0220/0372 loss=14.8567 det=14.7856 box=1.1389 cls=1.2138 dfl=0.0055 mard=2.0292 lambda=0.0350 pseudo_boxes=74 avg_conf=0.8504 lr=9.75773e-05
[Epoch 007/060] batch 0230/0372 loss=15.5269 det=15.4576 box=1.2354 cls=1.0485 dfl=0.0044 mard=2.0221 lambda=0.0343 pseudo_boxes=95 avg_conf=0.8427 lr=9.75773e-05
[Epoch 007/060] batch 0240/0372 loss=11.9770 det=11.9149 box=0.9844 cls=0.7898 dfl=0.0029 mard=2.0036 lambda=0.0310 pseudo_boxes=80 avg_conf=0.8100 lr=9.75773e-05
[Epoch 007/060] batch 0250/0372 loss=17.2305 det=17.1717 box=1.3109 cls=1.1987 dfl=0.0042 mard=1.9980 lambda=0.0294 pseudo_boxes=99 avg_conf=0.7943 lr=9.75773e-05
[Epoch 007/060] batch 0260/0372 loss=11.0474 det=10.9726 box=0.8775 cls=0.6842 dfl=0.0050 mard=2.0160 lambda=0.0371 pseudo_boxes=64 avg_conf=0.8711 lr=9.75773e-05
[Epoch 007/060] batch 0270/0372 loss=13.6698 det=13.5984 box=1.0580 cls=0.9964 dfl=0.0043 mard=2.0054 lambda=0.0356 pseudo_boxes=60 avg_conf=0.8564 lr=9.75773e-05
[Epoch 007/060] batch 0280/0372 loss=13.2688 det=13.2008 box=1.1058 cls=0.8242 dfl=0.0054 mard=2.0009 lambda=0.0340 pseudo_boxes=96 avg_conf=0.8396 lr=9.75773e-05
[Epoch 007/060] batch 0290/0372 loss=13.5904 det=13.5275 box=1.0818 cls=0.9209 dfl=0.0039 mard=2.0045 lambda=0.0313 pseudo_boxes=72 avg_conf=0.8134 lr=9.75773e-05
[Epoch 007/060] batch 0300/0372 loss=12.9473 det=12.8723 box=1.0247 cls=0.8382 dfl=0.0051 mard=2.0143 lambda=0.0372 pseudo_boxes=77 avg_conf=0.8721 lr=9.75773e-05
[Epoch 007/060] batch 0310/0372 loss=14.9947 det=14.9271 box=1.0653 cls=1.0369 dfl=0.0045 mard=2.0258 lambda=0.0334 pseudo_boxes=81 avg_conf=0.8336 lr=9.75773e-05
[Epoch 007/060] batch 0320/0372 loss=10.6296 det=10.5585 box=0.8470 cls=0.6429 dfl=0.0034 mard=2.0517 lambda=0.0347 pseudo_boxes=50 avg_conf=0.8466 lr=9.75773e-05
[Epoch 007/060] batch 0330/0372 loss=15.0275 det=14.9616 box=1.2224 cls=1.0187 dfl=0.0049 mard=1.9968 lambda=0.0330 pseudo_boxes=86 avg_conf=0.8300 lr=9.75773e-05
[Epoch 007/060] batch 0340/0372 loss=14.0974 det=14.0345 box=1.0850 cls=0.8765 dfl=0.0041 mard=1.9920 lambda=0.0316 pseudo_boxes=105 avg_conf=0.8159 lr=9.75773e-05
[Epoch 007/060] batch 0350/0372 loss=13.9924 det=13.9237 box=1.2366 cls=0.9308 dfl=0.0062 mard=2.0252 lambda=0.0339 pseudo_boxes=81 avg_conf=0.8392 lr=9.75773e-05
[Epoch 007/060] batch 0360/0372 loss=20.3893 det=20.3277 box=1.4533 cls=1.7365 dfl=0.0045 mard=2.0078 lambda=0.0307 pseudo_boxes=56 avg_conf=0.8067 lr=9.75773e-05
[Epoch 007/060] batch 0370/0372 loss=15.0612 det=14.9985 box=1.1495 cls=1.0983 dfl=0.0059 mard=2.0033 lambda=0.0313 pseudo_boxes=98 avg_conf=0.8130 lr=9.75773e-05
[Epoch 007/060] batch 0372/0372 loss=16.6791 det=16.6212 box=1.4527 cls=1.5438 dfl=0.0059 mard=2.0303 lambda=0.0285 pseudo_boxes=92 avg_conf=0.7852 lr=9.75773e-05
[Epoch 007/060] done time=265.8s valid_batches=372 skipped=0 pseudo_boxes=27925 loss=13.2984 det=13.2307 box=1.0426 cls=0.9173 dfl=0.0046 mard=2.0126
[Epoch 008/060] start
[Epoch 008/060] batch 0001/0372 loss=9.1475 det=9.0761 box=0.7661 cls=0.5788 dfl=0.0037 mard=2.0254 lambda=0.0352 pseudo_boxes=69 avg_conf=0.8523 lr=9.67122e-05
[Epoch 008/060] batch 0010/0372 loss=14.3554 det=14.2851 box=1.1059 cls=0.9555 dfl=0.0042 mard=2.0191 lambda=0.0348 pseudo_boxes=72 avg_conf=0.8481 lr=9.67122e-05
[Epoch 008/060] batch 0020/0372 loss=10.4584 det=10.3888 box=0.7830 cls=0.6293 dfl=0.0032 mard=2.0087 lambda=0.0346 pseudo_boxes=82 avg_conf=0.8461 lr=9.67122e-05
[Epoch 008/060] batch 0030/0372 loss=10.6720 det=10.6040 box=0.8313 cls=0.6870 dfl=0.0056 mard=2.0141 lambda=0.0337 pseudo_boxes=68 avg_conf=0.8374 lr=9.67122e-05
[Epoch 008/060] batch 0040/0372 loss=9.7366 det=9.6649 box=0.7516 cls=0.6834 dfl=0.0037 mard=2.0039 lambda=0.0358 pseudo_boxes=68 avg_conf=0.8575 lr=9.67122e-05
[Epoch 008/060] batch 0050/0372 loss=11.1013 det=11.0348 box=0.8420 cls=0.6964 dfl=0.0039 mard=2.0256 lambda=0.0328 pseudo_boxes=79 avg_conf=0.8283 lr=9.67122e-05
[Epoch 008/060] batch 0060/0372 loss=12.5993 det=12.5342 box=0.9296 cls=0.8551 dfl=0.0044 mard=2.0096 lambda=0.0324 pseudo_boxes=67 avg_conf=0.8240 lr=9.67122e-05
[Epoch 008/060] batch 0070/0372 loss=13.8324 det=13.7667 box=1.0759 cls=0.8371 dfl=0.0043 mard=2.0141 lambda=0.0327 pseudo_boxes=69 avg_conf=0.8266 lr=9.67122e-05
[Epoch 008/060] batch 0080/0372 loss=14.6533 det=14.5893 box=1.2083 cls=0.9212 dfl=0.0046 mard=1.9947 lambda=0.0321 pseudo_boxes=115 avg_conf=0.8209 lr=9.67122e-05
[Epoch 008/060] batch 0090/0372 loss=12.2011 det=12.1394 box=0.9413 cls=0.7494 dfl=0.0031 mard=2.0179 lambda=0.0306 pseudo_boxes=70 avg_conf=0.8058 lr=9.67122e-05
[Epoch 008/060] batch 0100/0372 loss=11.6408 det=11.5678 box=0.9141 cls=0.8176 dfl=0.0050 mard=2.0212 lambda=0.0361 pseudo_boxes=49 avg_conf=0.8611 lr=9.67122e-05
[Epoch 008/060] batch 0110/0372 loss=10.0152 det=9.9464 box=0.7780 cls=0.5444 dfl=0.0033 mard=2.0138 lambda=0.0342 pseudo_boxes=84 avg_conf=0.8416 lr=9.67122e-05
[Epoch 008/060] batch 0120/0372 loss=16.5225 det=16.4557 box=1.2328 cls=1.1468 dfl=0.0057 mard=2.0087 lambda=0.0332 pseudo_boxes=92 avg_conf=0.8324 lr=9.67122e-05
[Epoch 008/060] batch 0130/0372 loss=12.5888 det=12.5157 box=0.9862 cls=0.8341 dfl=0.0048 mard=2.0070 lambda=0.0364 pseudo_boxes=72 avg_conf=0.8644 lr=9.67122e-05
[Epoch 008/060] batch 0140/0372 loss=11.9685 det=11.9036 box=0.9416 cls=0.7990 dfl=0.0034 mard=2.0001 lambda=0.0325 pseudo_boxes=80 avg_conf=0.8246 lr=9.67122e-05
[Epoch 008/060] batch 0150/0372 loss=9.3211 det=9.2528 box=0.7249 cls=0.5235 dfl=0.0028 mard=1.9984 lambda=0.0342 pseudo_boxes=87 avg_conf=0.8416 lr=9.67122e-05
[Epoch 008/060] batch 0160/0372 loss=13.6896 det=13.6213 box=1.1362 cls=0.7105 dfl=0.0051 mard=2.0025 lambda=0.0341 pseudo_boxes=67 avg_conf=0.8409 lr=9.67122e-05
[Epoch 008/060] batch 0170/0372 loss=8.1793 det=8.1041 box=0.7087 cls=0.5340 dfl=0.0028 mard=2.0157 lambda=0.0373 pseudo_boxes=51 avg_conf=0.8730 lr=9.67122e-05
[Epoch 008/060] batch 0180/0372 loss=11.4714 det=11.3983 box=0.8535 cls=0.7296 dfl=0.0043 mard=2.0084 lambda=0.0364 pseudo_boxes=72 avg_conf=0.8637 lr=9.67122e-05
[Epoch 008/060] batch 0190/0372 loss=17.3066 det=17.2375 box=1.3616 cls=1.2718 dfl=0.0065 mard=2.0139 lambda=0.0343 pseudo_boxes=67 avg_conf=0.8434 lr=9.67122e-05
[Epoch 008/060] batch 0200/0372 loss=9.3672 det=9.2964 box=0.9539 cls=0.5784 dfl=0.0030 mard=2.0076 lambda=0.0353 pseudo_boxes=65 avg_conf=0.8529 lr=9.67122e-05
[Epoch 008/060] batch 0210/0372 loss=14.6270 det=14.5610 box=1.1892 cls=1.0843 dfl=0.0053 mard=2.0097 lambda=0.0328 pseudo_boxes=81 avg_conf=0.8284 lr=9.67122e-05
[Epoch 008/060] batch 0220/0372 loss=12.1638 det=12.0933 box=0.9536 cls=0.8116 dfl=0.0041 mard=2.0411 lambda=0.0345 pseudo_boxes=98 avg_conf=0.8451 lr=9.67122e-05
[Epoch 008/060] batch 0230/0372 loss=16.0434 det=15.9727 box=1.1337 cls=1.2413 dfl=0.0051 mard=2.0371 lambda=0.0347 pseudo_boxes=63 avg_conf=0.8471 lr=9.67122e-05
[Epoch 008/060] batch 0240/0372 loss=14.9308 det=14.8578 box=1.2097 cls=1.2016 dfl=0.0047 mard=2.0180 lambda=0.0362 pseudo_boxes=57 avg_conf=0.8618 lr=9.67122e-05
[Epoch 008/060] batch 0250/0372 loss=14.1375 det=14.0758 box=1.1081 cls=1.0471 dfl=0.0038 mard=2.0289 lambda=0.0304 pseudo_boxes=92 avg_conf=0.8042 lr=9.67122e-05
[Epoch 008/060] batch 0260/0372 loss=16.1078 det=16.0417 box=1.1795 cls=1.2409 dfl=0.0045 mard=2.0084 lambda=0.0329 pseudo_boxes=79 avg_conf=0.8288 lr=9.67122e-05
[Epoch 008/060] batch 0270/0372 loss=13.1948 det=13.1252 box=1.0154 cls=0.9042 dfl=0.0046 mard=2.0060 lambda=0.0347 pseudo_boxes=60 avg_conf=0.8470 lr=9.67122e-05
[Epoch 008/060] batch 0280/0372 loss=14.3988 det=14.3320 box=1.0396 cls=0.9839 dfl=0.0048 mard=2.0164 lambda=0.0331 pseudo_boxes=75 avg_conf=0.8311 lr=9.67122e-05
[Epoch 008/060] batch 0290/0372 loss=17.3112 det=17.2440 box=1.3291 cls=1.2580 dfl=0.0052 mard=2.0368 lambda=0.0330 pseudo_boxes=87 avg_conf=0.8299 lr=9.67122e-05
[Epoch 008/060] batch 0300/0372 loss=13.9429 det=13.8800 box=1.1093 cls=0.8676 dfl=0.0050 mard=2.0143 lambda=0.0312 pseudo_boxes=97 avg_conf=0.8123 lr=9.67122e-05
[Epoch 008/060] batch 0310/0372 loss=14.3259 det=14.2574 box=1.0824 cls=0.9169 dfl=0.0049 mard=2.0222 lambda=0.0339 pseudo_boxes=85 avg_conf=0.8386 lr=9.67122e-05
[Epoch 008/060] batch 0320/0372 loss=13.0347 det=12.9653 box=1.0893 cls=0.8070 dfl=0.0052 mard=2.0136 lambda=0.0345 pseudo_boxes=59 avg_conf=0.8445 lr=9.67122e-05
[Epoch 008/060] batch 0330/0372 loss=9.4998 det=9.4282 box=0.8810 cls=0.5822 dfl=0.0039 mard=2.0153 lambda=0.0355 pseudo_boxes=80 avg_conf=0.8551 lr=9.67122e-05
[Epoch 008/060] batch 0340/0372 loss=12.7067 det=12.6381 box=0.9713 cls=0.9087 dfl=0.0039 mard=2.0044 lambda=0.0342 pseudo_boxes=74 avg_conf=0.8424 lr=9.67122e-05
[Epoch 008/060] batch 0350/0372 loss=10.9199 det=10.8499 box=0.8270 cls=0.7890 dfl=0.0044 mard=2.0110 lambda=0.0349 pseudo_boxes=61 avg_conf=0.8485 lr=9.67122e-05
[Epoch 008/060] batch 0360/0372 loss=13.1229 det=13.0590 box=1.0523 cls=0.9324 dfl=0.0042 mard=1.9930 lambda=0.0321 pseudo_boxes=105 avg_conf=0.8206 lr=9.67122e-05
[Epoch 008/060] batch 0370/0372 loss=15.1535 det=15.0889 box=1.1939 cls=1.0741 dfl=0.0041 mard=1.9988 lambda=0.0323 pseudo_boxes=93 avg_conf=0.8231 lr=9.67122e-05
[Epoch 008/060] batch 0372/0372 loss=9.8466 det=9.7710 box=0.9624 cls=0.6460 dfl=0.0036 mard=2.0105 lambda=0.0376 pseudo_boxes=69 avg_conf=0.8758 lr=9.67122e-05
[Epoch 008/060] done time=266.1s valid_batches=372 skipped=0 pseudo_boxes=27857 loss=13.1574 det=13.0896 box=1.0298 cls=0.8926 dfl=0.0046 mard=2.0127
[Epoch 009/060] start
[Epoch 009/060] batch 0001/0372 loss=9.7652 det=9.6937 box=0.7688 cls=0.6524 dfl=0.0031 mard=2.0105 lambda=0.0356 pseudo_boxes=90 avg_conf=0.8555 lr=9.57205e-05
[Epoch 009/060] batch 0010/0372 loss=12.7765 det=12.7051 box=0.9820 cls=0.8715 dfl=0.0040 mard=2.0429 lambda=0.0349 pseudo_boxes=69 avg_conf=0.8494 lr=9.57205e-05
[Epoch 009/060] batch 0020/0372 loss=15.9564 det=15.8895 box=1.2041 cls=1.3112 dfl=0.0044 mard=2.0142 lambda=0.0332 pseudo_boxes=63 avg_conf=0.8322 lr=9.57205e-05
[Epoch 009/060] batch 0030/0372 loss=10.4019 det=10.3362 box=0.8278 cls=0.5879 dfl=0.0036 mard=1.9979 lambda=0.0329 pseudo_boxes=102 avg_conf=0.8292 lr=9.57205e-05
[Epoch 009/060] batch 0040/0372 loss=11.0762 det=11.0080 box=0.9376 cls=0.6627 dfl=0.0035 mard=2.0156 lambda=0.0338 pseudo_boxes=87 avg_conf=0.8379 lr=9.57205e-05
[Epoch 009/060] batch 0050/0372 loss=12.3336 det=12.2679 box=1.0325 cls=0.8029 dfl=0.0052 mard=2.0173 lambda=0.0326 pseudo_boxes=79 avg_conf=0.8256 lr=9.57205e-05
[Epoch 009/060] batch 0060/0372 loss=9.5273 det=9.4501 box=0.7828 cls=0.6023 dfl=0.0065 mard=2.0124 lambda=0.0383 pseudo_boxes=41 avg_conf=0.8835 lr=9.57205e-05
[Epoch 009/060] batch 0070/0372 loss=13.1119 det=13.0437 box=1.0983 cls=0.8016 dfl=0.0036 mard=2.0081 lambda=0.0339 pseudo_boxes=61 avg_conf=0.8393 lr=9.57205e-05
[Epoch 009/060] batch 0080/0372 loss=8.2051 det=8.1337 box=0.6508 cls=0.4011 dfl=0.0024 mard=2.0045 lambda=0.0356 pseudo_boxes=83 avg_conf=0.8563 lr=9.57205e-05
[Epoch 009/060] batch 0090/0372 loss=17.6564 det=17.5946 box=1.4920 cls=1.2437 dfl=0.0059 mard=2.0229 lambda=0.0306 pseudo_boxes=87 avg_conf=0.8056 lr=9.57205e-05
[Epoch 009/060] batch 0100/0372 loss=13.9814 det=13.9130 box=0.9636 cls=1.1026 dfl=0.0052 mard=2.0125 lambda=0.0340 pseudo_boxes=54 avg_conf=0.8399 lr=9.57205e-05
[Epoch 009/060] batch 0110/0372 loss=9.2469 det=9.1739 box=0.6738 cls=0.7661 dfl=0.0037 mard=2.0063 lambda=0.0364 pseudo_boxes=60 avg_conf=0.8640 lr=9.57205e-05
[Epoch 009/060] batch 0120/0372 loss=9.8695 det=9.8038 box=0.7583 cls=0.6625 dfl=0.0025 mard=2.0227 lambda=0.0325 pseudo_boxes=78 avg_conf=0.8251 lr=9.57205e-05
[Epoch 009/060] batch 0130/0372 loss=11.0693 det=11.0020 box=0.8675 cls=0.7285 dfl=0.0031 mard=2.0113 lambda=0.0335 pseudo_boxes=72 avg_conf=0.8349 lr=9.57205e-05
[Epoch 009/060] batch 0140/0372 loss=11.5474 det=11.4774 box=0.8947 cls=0.6866 dfl=0.0040 mard=2.0089 lambda=0.0349 pseudo_boxes=89 avg_conf=0.8487 lr=9.57205e-05
[Epoch 009/060] batch 0150/0372 loss=14.4589 det=14.3994 box=1.1598 cls=1.0453 dfl=0.0039 mard=1.9963 lambda=0.0298 pseudo_boxes=77 avg_conf=0.7980 lr=9.57205e-05
[Epoch 009/060] batch 0160/0372 loss=16.7697 det=16.7033 box=1.2644 cls=1.2683 dfl=0.0053 mard=2.0262 lambda=0.0328 pseudo_boxes=88 avg_conf=0.8277 lr=9.57205e-05
[Epoch 009/060] batch 0170/0372 loss=9.5523 det=9.4873 box=0.7280 cls=0.5192 dfl=0.0027 mard=1.9996 lambda=0.0325 pseudo_boxes=90 avg_conf=0.8254 lr=9.57205e-05
[Epoch 009/060] batch 0180/0372 loss=12.5041 det=12.4378 box=1.0106 cls=0.7787 dfl=0.0044 mard=2.0012 lambda=0.0331 pseudo_boxes=88 avg_conf=0.8313 lr=9.57205e-05
[Epoch 009/060] batch 0190/0372 loss=12.6770 det=12.6123 box=1.0089 cls=0.6991 dfl=0.0044 mard=1.9987 lambda=0.0324 pseudo_boxes=83 avg_conf=0.8236 lr=9.57205e-05
[Epoch 009/060] batch 0200/0372 loss=11.3485 det=11.2773 box=0.8638 cls=0.9054 dfl=0.0046 mard=2.0204 lambda=0.0352 pseudo_boxes=50 avg_conf=0.8524 lr=9.57205e-05
[Epoch 009/060] batch 0210/0372 loss=14.5607 det=14.4996 box=1.1142 cls=1.1141 dfl=0.0046 mard=2.0058 lambda=0.0304 pseudo_boxes=89 avg_conf=0.8045 lr=9.57205e-05
[Epoch 009/060] batch 0220/0372 loss=17.4703 det=17.4078 box=1.2769 cls=1.3701 dfl=0.0049 mard=2.0097 lambda=0.0311 pseudo_boxes=64 avg_conf=0.8111 lr=9.57205e-05
[Epoch 009/060] batch 0230/0372 loss=17.6258 det=17.5640 box=1.3251 cls=1.2045 dfl=0.0057 mard=2.0101 lambda=0.0307 pseudo_boxes=93 avg_conf=0.8073 lr=9.57205e-05
[Epoch 009/060] batch 0240/0372 loss=8.8120 det=8.7376 box=0.6947 cls=0.4488 dfl=0.0037 mard=2.0319 lambda=0.0366 pseudo_boxes=79 avg_conf=0.8663 lr=9.57205e-05
[Epoch 009/060] batch 0250/0372 loss=16.2075 det=16.1408 box=1.2930 cls=1.0678 dfl=0.0048 mard=2.0277 lambda=0.0329 pseudo_boxes=90 avg_conf=0.8291 lr=9.57205e-05
[Epoch 009/060] batch 0260/0372 loss=15.6373 det=15.5668 box=1.2931 cls=1.0536 dfl=0.0068 mard=2.0152 lambda=0.0350 pseudo_boxes=65 avg_conf=0.8499 lr=9.57205e-05
[Epoch 009/060] batch 0270/0372 loss=15.1161 det=15.0487 box=1.1241 cls=1.2091 dfl=0.0048 mard=2.0237 lambda=0.0333 pseudo_boxes=72 avg_conf=0.8331 lr=9.57205e-05
[Epoch 009/060] batch 0280/0372 loss=16.5457 det=16.4759 box=1.2733 cls=1.2463 dfl=0.0057 mard=2.0267 lambda=0.0344 pseudo_boxes=109 avg_conf=0.8443 lr=9.57205e-05
[Epoch 009/060] batch 0290/0372 loss=10.6959 det=10.6245 box=0.8244 cls=0.7091 dfl=0.0034 mard=2.0380 lambda=0.0351 pseudo_boxes=67 avg_conf=0.8505 lr=9.57205e-05
[Epoch 009/060] batch 0300/0372 loss=10.8402 det=10.7732 box=0.8589 cls=0.6441 dfl=0.0036 mard=2.0020 lambda=0.0335 pseudo_boxes=70 avg_conf=0.8349 lr=9.57205e-05
[Epoch 009/060] batch 0310/0372 loss=10.2875 det=10.2196 box=0.7883 cls=0.7110 dfl=0.0029 mard=2.0171 lambda=0.0337 pseudo_boxes=70 avg_conf=0.8366 lr=9.57205e-05
[Epoch 009/060] batch 0320/0372 loss=12.5751 det=12.5071 box=0.9418 cls=0.8688 dfl=0.0037 mard=2.0170 lambda=0.0337 pseudo_boxes=97 avg_conf=0.8373 lr=9.57205e-05
[Epoch 009/060] batch 0330/0372 loss=9.8370 det=9.7701 box=0.7509 cls=0.6734 dfl=0.0030 mard=2.0009 lambda=0.0335 pseudo_boxes=70 avg_conf=0.8347 lr=9.57205e-05
[Epoch 009/060] batch 0340/0372 loss=13.8354 det=13.7760 box=1.1529 cls=0.9830 dfl=0.0036 mard=2.0096 lambda=0.0295 pseudo_boxes=67 avg_conf=0.7954 lr=9.57205e-05
[Epoch 009/060] batch 0350/0372 loss=11.1568 det=11.0963 box=0.9857 cls=0.8511 dfl=0.0046 mard=2.0050 lambda=0.0302 pseudo_boxes=68 avg_conf=0.8016 lr=9.57205e-05
[Epoch 009/060] batch 0360/0372 loss=13.7082 det=13.6469 box=1.0925 cls=0.9659 dfl=0.0044 mard=2.0132 lambda=0.0304 pseudo_boxes=96 avg_conf=0.8043 lr=9.57205e-05
[Epoch 009/060] batch 0370/0372 loss=13.0751 det=13.0068 box=1.0732 cls=0.8322 dfl=0.0050 mard=2.0271 lambda=0.0337 pseudo_boxes=72 avg_conf=0.8368 lr=9.57205e-05
[Epoch 009/060] batch 0372/0372 loss=10.7364 det=10.6670 box=0.9967 cls=0.9002 dfl=0.0056 mard=2.0447 lambda=0.0339 pseudo_boxes=30 avg_conf=0.8390 lr=9.57205e-05
[Epoch 009/060] done time=270.6s valid_batches=372 skipped=0 pseudo_boxes=27876 loss=12.9238 det=12.8562 box=1.0115 cls=0.8672 dfl=0.0044 mard=2.0126
[Epoch 010/060] start
[Epoch 010/060] batch 0001/0372 loss=18.4515 det=18.3861 box=1.3772 cls=1.2050 dfl=0.0062 mard=2.0173 lambda=0.0324 pseudo_boxes=100 avg_conf=0.8243 lr=9.46048e-05
[Epoch 010/060] batch 0010/0372 loss=11.2312 det=11.1685 box=0.7954 cls=0.7591 dfl=0.0033 mard=1.9910 lambda=0.0315 pseudo_boxes=85 avg_conf=0.8153 lr=9.46048e-05
[Epoch 010/060] batch 0020/0372 loss=12.0696 det=12.0002 box=0.9432 cls=0.7717 dfl=0.0035 mard=2.0087 lambda=0.0345 pseudo_boxes=83 avg_conf=0.8453 lr=9.46048e-05
[Epoch 010/060] batch 0030/0372 loss=15.4316 det=15.3625 box=1.2146 cls=1.0604 dfl=0.0075 mard=2.0196 lambda=0.0342 pseudo_boxes=80 avg_conf=0.8418 lr=9.46048e-05
[Epoch 010/060] batch 0040/0372 loss=12.2497 det=12.1828 box=0.9922 cls=0.7602 dfl=0.0039 mard=2.0190 lambda=0.0331 pseudo_boxes=86 avg_conf=0.8315 lr=9.46048e-05
[Epoch 010/060] batch 0050/0372 loss=9.2648 det=9.1855 box=0.7436 cls=0.7709 dfl=0.0039 mard=2.0231 lambda=0.0392 pseudo_boxes=29 avg_conf=0.8921 lr=9.46048e-05
[Epoch 010/060] batch 0060/0372 loss=13.7163 det=13.6531 box=1.0525 cls=0.8567 dfl=0.0037 mard=2.0058 lambda=0.0315 pseudo_boxes=113 avg_conf=0.8150 lr=9.46048e-05
[Epoch 010/060] batch 0070/0372 loss=14.6492 det=14.5791 box=1.0273 cls=1.0355 dfl=0.0053 mard=2.0151 lambda=0.0348 pseudo_boxes=80 avg_conf=0.8479 lr=9.46048e-05
[Epoch 010/060] batch 0080/0372 loss=12.0519 det=11.9838 box=0.9037 cls=0.7903 dfl=0.0033 mard=2.0017 lambda=0.0340 pseudo_boxes=88 avg_conf=0.8399 lr=9.46048e-05
[Epoch 010/060] batch 0090/0372 loss=13.2288 det=13.1633 box=1.0256 cls=0.7689 dfl=0.0031 mard=2.0051 lambda=0.0327 pseudo_boxes=77 avg_conf=0.8268 lr=9.46048e-05
[Epoch 010/060] batch 0100/0372 loss=11.3909 det=11.3192 box=0.8929 cls=0.7887 dfl=0.0034 mard=2.0321 lambda=0.0353 pseudo_boxes=65 avg_conf=0.8526 lr=9.46048e-05
[Epoch 010/060] batch 0110/0372 loss=13.5778 det=13.5096 box=1.0627 cls=0.8967 dfl=0.0057 mard=2.0165 lambda=0.0339 pseudo_boxes=64 avg_conf=0.8386 lr=9.46048e-05
[Epoch 010/060] batch 0120/0372 loss=11.1559 det=11.0857 box=0.9095 cls=0.6670 dfl=0.0042 mard=2.0140 lambda=0.0349 pseudo_boxes=118 avg_conf=0.8486 lr=9.46048e-05
[Epoch 010/060] batch 0130/0372 loss=12.5295 det=12.4677 box=0.9695 cls=0.6908 dfl=0.0035 mard=2.0107 lambda=0.0307 pseudo_boxes=90 avg_conf=0.8071 lr=9.46048e-05
[Epoch 010/060] batch 0140/0372 loss=13.7819 det=13.7131 box=1.1591 cls=1.2149 dfl=0.0060 mard=2.0142 lambda=0.0342 pseudo_boxes=62 avg_conf=0.8417 lr=9.46048e-05
[Epoch 010/060] batch 0150/0372 loss=11.6564 det=11.5891 box=0.8237 cls=0.8492 dfl=0.0033 mard=2.0147 lambda=0.0334 pseudo_boxes=51 avg_conf=0.8340 lr=9.46048e-05
[Epoch 010/060] batch 0160/0372 loss=11.3846 det=11.3079 box=0.8359 cls=0.7798 dfl=0.0044 mard=2.0176 lambda=0.0380 pseudo_boxes=55 avg_conf=0.8801 lr=9.46048e-05
[Epoch 010/060] batch 0170/0372 loss=11.6300 det=11.5631 box=0.9062 cls=0.8136 dfl=0.0038 mard=2.0151 lambda=0.0332 pseudo_boxes=69 avg_conf=0.8319 lr=9.46048e-05
[Epoch 010/060] batch 0180/0372 loss=9.6388 det=9.5693 box=0.7728 cls=0.4957 dfl=0.0043 mard=2.0272 lambda=0.0343 pseudo_boxes=67 avg_conf=0.8430 lr=9.46048e-05
[Epoch 010/060] batch 0190/0372 loss=11.2701 det=11.1970 box=0.8557 cls=0.7427 dfl=0.0037 mard=2.0135 lambda=0.0363 pseudo_boxes=54 avg_conf=0.8629 lr=9.46048e-05
[Epoch 010/060] batch 0200/0372 loss=11.6362 det=11.5667 box=0.9228 cls=0.6601 dfl=0.0031 mard=2.0187 lambda=0.0344 pseudo_boxes=79 avg_conf=0.8443 lr=9.46048e-05
[Epoch 010/060] batch 0210/0372 loss=12.2337 det=12.1628 box=0.9324 cls=0.7526 dfl=0.0051 mard=2.0154 lambda=0.0352 pseudo_boxes=69 avg_conf=0.8519 lr=9.46048e-05
[Epoch 010/060] batch 0220/0372 loss=15.8088 det=15.7390 box=1.1727 cls=1.0934 dfl=0.0047 mard=2.0090 lambda=0.0348 pseudo_boxes=56 avg_conf=0.8475 lr=9.46048e-05
[Epoch 010/060] batch 0230/0372 loss=10.4165 det=10.3392 box=0.8134 cls=0.5877 dfl=0.0042 mard=2.0310 lambda=0.0380 pseudo_boxes=80 avg_conf=0.8805 lr=9.46048e-05
[Epoch 010/060] batch 0240/0372 loss=10.7688 det=10.6985 box=0.7801 cls=0.7310 dfl=0.0045 mard=2.0172 lambda=0.0348 pseudo_boxes=87 avg_conf=0.8485 lr=9.46048e-05
[Epoch 010/060] batch 0250/0372 loss=10.8135 det=10.7526 box=0.7926 cls=0.6419 dfl=0.0028 mard=1.9993 lambda=0.0304 pseudo_boxes=90 avg_conf=0.8045 lr=9.46048e-05
[Epoch 010/060] batch 0260/0372 loss=11.4836 det=11.4230 box=0.8459 cls=0.7502 dfl=0.0034 mard=2.0088 lambda=0.0302 pseudo_boxes=80 avg_conf=0.8020 lr=9.46048e-05
[Epoch 010/060] batch 0270/0372 loss=8.9381 det=8.8671 box=0.7050 cls=0.5008 dfl=0.0027 mard=2.0046 lambda=0.0354 pseudo_boxes=72 avg_conf=0.8544 lr=9.46048e-05
[Epoch 010/060] batch 0280/0372 loss=14.8489 det=14.7815 box=1.1164 cls=1.0665 dfl=0.0059 mard=2.0119 lambda=0.0335 pseudo_boxes=60 avg_conf=0.8348 lr=9.46048e-05
[Epoch 010/060] batch 0290/0372 loss=13.2399 det=13.1706 box=0.9515 cls=0.9951 dfl=0.0046 mard=2.0069 lambda=0.0345 pseudo_boxes=69 avg_conf=0.8454 lr=9.46048e-05
[Epoch 010/060] batch 0300/0372 loss=14.5000 det=14.4382 box=1.0485 cls=1.1579 dfl=0.0049 mard=2.0128 lambda=0.0307 pseudo_boxes=71 avg_conf=0.8068 lr=9.46048e-05
[Epoch 010/060] batch 0310/0372 loss=11.0202 det=10.9475 box=0.8647 cls=0.6793 dfl=0.0050 mard=2.0175 lambda=0.0361 pseudo_boxes=62 avg_conf=0.8605 lr=9.46048e-05
[Epoch 010/060] batch 0320/0372 loss=9.7108 det=9.6380 box=0.7758 cls=0.5853 dfl=0.0031 mard=2.0218 lambda=0.0360 pseudo_boxes=82 avg_conf=0.8603 lr=9.46048e-05
[Epoch 010/060] batch 0330/0372 loss=10.7622 det=10.6924 box=0.8154 cls=0.6696 dfl=0.0035 mard=2.0309 lambda=0.0344 pseudo_boxes=82 avg_conf=0.8436 lr=9.46048e-05
[Epoch 010/060] batch 0340/0372 loss=13.0750 det=13.0154 box=1.0003 cls=1.0001 dfl=0.0044 mard=2.0247 lambda=0.0295 pseudo_boxes=64 avg_conf=0.7945 lr=9.46048e-05
[Epoch 010/060] batch 0350/0372 loss=10.6015 det=10.5279 box=0.7800 cls=0.6826 dfl=0.0043 mard=1.9991 lambda=0.0368 pseudo_boxes=70 avg_conf=0.8681 lr=9.46048e-05
[Epoch 010/060] batch 0360/0372 loss=8.6755 det=8.6002 box=0.6416 cls=0.5514 dfl=0.0037 mard=2.0054 lambda=0.0375 pseudo_boxes=71 avg_conf=0.8754 lr=9.46048e-05
[Epoch 010/060] batch 0370/0372 loss=13.6532 det=13.5840 box=1.0738 cls=0.8340 dfl=0.0046 mard=2.0093 lambda=0.0345 pseudo_boxes=78 avg_conf=0.8446 lr=9.46048e-05
[Epoch 010/060] batch 0372/0372 loss=15.5657 det=15.5039 box=1.4290 cls=1.4547 dfl=0.0056 mard=2.0160 lambda=0.0307 pseudo_boxes=77 avg_conf=0.8069 lr=9.46048e-05
[Epoch 010/060] done time=266.2s valid_batches=372 skipped=0 pseudo_boxes=27851 loss=12.7734 det=12.7056 box=0.9952 cls=0.8530 dfl=0.0044 mard=2.0113
[Epoch 010/060] saved student: /home/dang/research/runs/c2f_rtsfod_yolo26m_pretrained/checkpoints/yolo26_stage2_rtsfod_epoch_10.pt
[Epoch 011/060] start
[Epoch 011/060] batch 0001/0372 loss=12.8001 det=12.7399 box=1.0053 cls=0.7766 dfl=0.0039 mard=2.0259 lambda=0.0297 pseudo_boxes=95 avg_conf=0.7970 lr=9.33683e-05
[Epoch 011/060] batch 0010/0372 loss=15.2887 det=15.2223 box=1.1917 cls=1.0632 dfl=0.0040 mard=2.0081 lambda=0.0331 pseudo_boxes=59 avg_conf=0.8308 lr=9.33683e-05
[Epoch 011/060] batch 0020/0372 loss=12.0344 det=11.9631 box=0.9646 cls=0.7292 dfl=0.0049 mard=2.0262 lambda=0.0352 pseudo_boxes=78 avg_conf=0.8517 lr=9.33683e-05
[Epoch 011/060] batch 0030/0372 loss=15.6498 det=15.5876 box=1.1479 cls=1.0612 dfl=0.0047 mard=2.0060 lambda=0.0310 pseudo_boxes=46 avg_conf=0.8097 lr=9.33683e-05
[Epoch 011/060] batch 0040/0372 loss=11.6624 det=11.5951 box=0.9931 cls=0.8201 dfl=0.0043 mard=2.0025 lambda=0.0336 pseudo_boxes=67 avg_conf=0.8359 lr=9.33683e-05
[Epoch 011/060] batch 0050/0372 loss=12.8246 det=12.7577 box=1.0414 cls=0.8473 dfl=0.0037 mard=2.0174 lambda=0.0332 pseudo_boxes=86 avg_conf=0.8316 lr=9.33683e-05
[Epoch 011/060] batch 0060/0372 loss=13.5274 det=13.4655 box=1.0466 cls=1.0016 dfl=0.0041 mard=2.0006 lambda=0.0309 pseudo_boxes=81 avg_conf=0.8090 lr=9.33683e-05
[Epoch 011/060] batch 0070/0372 loss=10.3297 det=10.2571 box=0.8470 cls=0.6056 dfl=0.0047 mard=2.0042 lambda=0.0362 pseudo_boxes=79 avg_conf=0.8621 lr=9.33683e-05
[Epoch 011/060] batch 0080/0372 loss=14.4848 det=14.4232 box=1.0405 cls=1.0236 dfl=0.0047 mard=2.0172 lambda=0.0305 pseudo_boxes=70 avg_conf=0.8053 lr=9.33683e-05
[Epoch 011/060] batch 0090/0372 loss=12.1135 det=12.0448 box=0.9524 cls=0.7931 dfl=0.0033 mard=2.0000 lambda=0.0343 pseudo_boxes=78 avg_conf=0.8434 lr=9.33683e-05
[Epoch 011/060] batch 0100/0372 loss=12.7311 det=12.6662 box=1.0272 cls=0.7833 dfl=0.0035 mard=1.9993 lambda=0.0325 pseudo_boxes=52 avg_conf=0.8247 lr=9.33683e-05
[Epoch 011/060] batch 0110/0372 loss=10.8498 det=10.7825 box=0.8604 cls=0.5542 dfl=0.0034 mard=2.0082 lambda=0.0335 pseudo_boxes=54 avg_conf=0.8347 lr=9.33683e-05
[Epoch 011/060] batch 0120/0372 loss=13.3489 det=13.2838 box=1.0665 cls=0.9093 dfl=0.0051 mard=2.0005 lambda=0.0325 pseudo_boxes=81 avg_conf=0.8254 lr=9.33683e-05
[Epoch 011/060] batch 0130/0372 loss=11.9624 det=11.8957 box=0.9032 cls=0.7789 dfl=0.0042 mard=2.0026 lambda=0.0333 pseudo_boxes=61 avg_conf=0.8332 lr=9.33683e-05
[Epoch 011/060] batch 0140/0372 loss=9.3771 det=9.3104 box=0.7780 cls=0.7827 dfl=0.0027 mard=2.0135 lambda=0.0331 pseudo_boxes=33 avg_conf=0.8309 lr=9.33683e-05
[Epoch 011/060] batch 0150/0372 loss=11.9170 det=11.8541 box=0.8557 cls=0.7851 dfl=0.0028 mard=2.0105 lambda=0.0313 pseudo_boxes=95 avg_conf=0.8127 lr=9.33683e-05
[Epoch 011/060] batch 0160/0372 loss=13.0253 det=12.9611 box=0.9834 cls=0.7517 dfl=0.0056 mard=2.0035 lambda=0.0320 pseudo_boxes=85 avg_conf=0.8201 lr=9.33683e-05
[Epoch 011/060] batch 0170/0372 loss=11.7777 det=11.7072 box=0.9231 cls=0.7554 dfl=0.0035 mard=2.0080 lambda=0.0351 pseudo_boxes=91 avg_conf=0.8511 lr=9.33683e-05
[Epoch 011/060] batch 0180/0372 loss=13.6082 det=13.5380 box=1.0736 cls=0.9291 dfl=0.0038 mard=1.9872 lambda=0.0353 pseudo_boxes=56 avg_conf=0.8532 lr=9.33683e-05
[Epoch 011/060] batch 0190/0372 loss=12.8625 det=12.7954 box=1.0189 cls=0.9872 dfl=0.0039 mard=2.0123 lambda=0.0333 pseudo_boxes=72 avg_conf=0.8331 lr=9.33683e-05
[Epoch 011/060] batch 0200/0372 loss=17.8948 det=17.8363 box=1.3863 cls=1.4144 dfl=0.0055 mard=2.0120 lambda=0.0291 pseudo_boxes=83 avg_conf=0.7909 lr=9.33683e-05
[Epoch 011/060] batch 0210/0372 loss=18.3178 det=18.2534 box=1.3786 cls=1.2658 dfl=0.0052 mard=2.0091 lambda=0.0320 pseudo_boxes=100 avg_conf=0.8202 lr=9.33683e-05
[Epoch 011/060] batch 0220/0372 loss=13.7670 det=13.7004 box=1.0873 cls=0.8665 dfl=0.0042 mard=2.0393 lambda=0.0326 pseudo_boxes=75 avg_conf=0.8263 lr=9.33683e-05
[Epoch 011/060] batch 0230/0372 loss=10.4407 det=10.3676 box=0.8149 cls=0.6138 dfl=0.0032 mard=2.0177 lambda=0.0362 pseudo_boxes=70 avg_conf=0.8625 lr=9.33683e-05
[Epoch 011/060] batch 0240/0372 loss=13.3659 det=13.2977 box=1.0616 cls=0.8516 dfl=0.0046 mard=2.0135 lambda=0.0339 pseudo_boxes=70 avg_conf=0.8389 lr=9.33683e-05
[Epoch 011/060] batch 0250/0372 loss=11.4636 det=11.3938 box=0.7809 cls=0.8428 dfl=0.0033 mard=2.0144 lambda=0.0346 pseudo_boxes=52 avg_conf=0.8461 lr=9.33683e-05
[Epoch 011/060] batch 0260/0372 loss=9.7080 det=9.6404 box=0.7455 cls=0.5447 dfl=0.0032 mard=2.0031 lambda=0.0338 pseudo_boxes=69 avg_conf=0.8377 lr=9.33683e-05
[Epoch 011/060] batch 0270/0372 loss=8.9854 det=8.9180 box=0.7075 cls=0.4735 dfl=0.0032 mard=2.0061 lambda=0.0336 pseudo_boxes=91 avg_conf=0.8361 lr=9.33683e-05
[Epoch 011/060] batch 0280/0372 loss=11.1726 det=11.1050 box=0.8249 cls=0.7512 dfl=0.0041 mard=2.0225 lambda=0.0334 pseudo_boxes=65 avg_conf=0.8341 lr=9.33683e-05
[Epoch 011/060] batch 0290/0372 loss=15.5334 det=15.4661 box=1.1973 cls=1.0727 dfl=0.0042 mard=2.0054 lambda=0.0336 pseudo_boxes=61 avg_conf=0.8360 lr=9.33683e-05
[Epoch 011/060] batch 0300/0372 loss=10.1598 det=10.0853 box=0.7884 cls=0.5351 dfl=0.0030 mard=2.0119 lambda=0.0370 pseudo_boxes=67 avg_conf=0.8702 lr=9.33683e-05
[Epoch 011/060] batch 0310/0372 loss=9.6247 det=9.5494 box=0.9656 cls=0.8471 dfl=0.0045 mard=2.0070 lambda=0.0375 pseudo_boxes=56 avg_conf=0.8750 lr=9.33683e-05
[Epoch 011/060] batch 0320/0372 loss=12.2849 det=12.2149 box=0.9493 cls=0.7880 dfl=0.0040 mard=2.0354 lambda=0.0344 pseudo_boxes=58 avg_conf=0.8441 lr=9.33683e-05
[Epoch 011/060] batch 0330/0372 loss=11.1645 det=11.0928 box=0.8690 cls=0.6913 dfl=0.0041 mard=2.0228 lambda=0.0355 pseudo_boxes=59 avg_conf=0.8547 lr=9.33683e-05
[Epoch 011/060] batch 0340/0372 loss=11.7891 det=11.7174 box=0.8923 cls=0.7281 dfl=0.0049 mard=2.0178 lambda=0.0355 pseudo_boxes=73 avg_conf=0.8554 lr=9.33683e-05
[Epoch 011/060] batch 0350/0372 loss=12.3285 det=12.2582 box=1.1475 cls=0.8327 dfl=0.0072 mard=2.0143 lambda=0.0349 pseudo_boxes=38 avg_conf=0.8490 lr=9.33683e-05
[Epoch 011/060] batch 0360/0372 loss=10.2601 det=10.1955 box=0.7854 cls=0.6695 dfl=0.0032 mard=2.0277 lambda=0.0319 pseudo_boxes=77 avg_conf=0.8186 lr=9.33683e-05
[Epoch 011/060] batch 0370/0372 loss=9.7477 det=9.6744 box=0.7201 cls=0.5422 dfl=0.0035 mard=1.9921 lambda=0.0368 pseudo_boxes=76 avg_conf=0.8679 lr=9.33683e-05
[Epoch 011/060] batch 0372/0372 loss=14.5020 det=14.4450 box=1.2869 cls=1.2085 dfl=0.0042 mard=2.0194 lambda=0.0282 pseudo_boxes=80 avg_conf=0.7823 lr=9.33683e-05
[Epoch 011/060] done time=266.6s valid_batches=372 skipped=0 pseudo_boxes=27931 loss=12.6548 det=12.5873 box=0.9894 cls=0.8330 dfl=0.0043 mard=2.0116
[Epoch 012/060] start
[Epoch 012/060] batch 0001/0372 loss=16.2259 det=16.1608 box=1.1676 cls=1.2533 dfl=0.0044 mard=2.0251 lambda=0.0322 pseudo_boxes=51 avg_conf=0.8218 lr=9.20142e-05
[Epoch 012/060] batch 0010/0372 loss=14.3807 det=14.3132 box=1.1259 cls=1.0169 dfl=0.0047 mard=2.0193 lambda=0.0334 pseudo_boxes=83 avg_conf=0.8341 lr=9.20142e-05
[Epoch 012/060] batch 0020/0372 loss=10.5749 det=10.4984 box=0.7717 cls=0.7410 dfl=0.0034 mard=2.0363 lambda=0.0375 pseudo_boxes=70 avg_conf=0.8754 lr=9.20142e-05
[Epoch 012/060] batch 0030/0372 loss=11.8875 det=11.8159 box=0.8928 cls=0.7461 dfl=0.0037 mard=2.0128 lambda=0.0356 pseudo_boxes=60 avg_conf=0.8556 lr=9.20142e-05
[Epoch 012/060] batch 0040/0372 loss=13.3607 det=13.2953 box=1.0380 cls=0.8710 dfl=0.0036 mard=2.0181 lambda=0.0324 pseudo_boxes=71 avg_conf=0.8241 lr=9.20142e-05
[Epoch 012/060] batch 0050/0372 loss=12.9376 det=12.8733 box=0.9683 cls=0.8858 dfl=0.0047 mard=2.0106 lambda=0.0320 pseudo_boxes=74 avg_conf=0.8198 lr=9.20142e-05
[Epoch 012/060] batch 0060/0372 loss=14.0400 det=13.9724 box=1.0452 cls=0.9457 dfl=0.0050 mard=2.0005 lambda=0.0338 pseudo_boxes=83 avg_conf=0.8380 lr=9.20142e-05
[Epoch 012/060] batch 0070/0372 loss=10.2088 det=10.1346 box=0.7434 cls=0.6987 dfl=0.0040 mard=2.0152 lambda=0.0368 pseudo_boxes=63 avg_conf=0.8680 lr=9.20142e-05
[Epoch 012/060] batch 0080/0372 loss=11.7416 det=11.6744 box=0.8574 cls=0.7449 dfl=0.0030 mard=2.0071 lambda=0.0335 pseudo_boxes=63 avg_conf=0.8351 lr=9.20142e-05
[Epoch 012/060] batch 0090/0372 loss=13.5141 det=13.4497 box=1.0937 cls=0.9263 dfl=0.0052 mard=2.0171 lambda=0.0319 pseudo_boxes=79 avg_conf=0.8192 lr=9.20142e-05
[Epoch 012/060] batch 0100/0372 loss=10.4105 det=10.3446 box=0.9150 cls=0.7600 dfl=0.0035 mard=2.0029 lambda=0.0329 pseudo_boxes=80 avg_conf=0.8291 lr=9.20142e-05
[Epoch 012/060] batch 0110/0372 loss=13.2948 det=13.2255 box=1.0126 cls=0.8290 dfl=0.0040 mard=2.0251 lambda=0.0342 pseudo_boxes=86 avg_conf=0.8420 lr=9.20142e-05
[Epoch 012/060] batch 0120/0372 loss=10.9528 det=10.8814 box=0.9494 cls=0.8589 dfl=0.0038 mard=2.0018 lambda=0.0356 pseudo_boxes=67 avg_conf=0.8563 lr=9.20142e-05
[Epoch 012/060] batch 0130/0372 loss=13.9569 det=13.8896 box=1.1802 cls=0.7883 dfl=0.0059 mard=2.0112 lambda=0.0335 pseudo_boxes=88 avg_conf=0.8345 lr=9.20142e-05
[Epoch 012/060] batch 0140/0372 loss=13.6907 det=13.6209 box=1.2167 cls=1.1970 dfl=0.0059 mard=1.9980 lambda=0.0349 pseudo_boxes=67 avg_conf=0.8495 lr=9.20142e-05
[Epoch 012/060] batch 0150/0372 loss=13.6426 det=13.5774 box=1.0364 cls=0.7962 dfl=0.0040 mard=2.0111 lambda=0.0324 pseudo_boxes=54 avg_conf=0.8240 lr=9.20142e-05
[Epoch 012/060] batch 0160/0372 loss=11.2843 det=11.2164 box=0.9471 cls=0.6129 dfl=0.0036 mard=2.0095 lambda=0.0338 pseudo_boxes=75 avg_conf=0.8380 lr=9.20142e-05
[Epoch 012/060] batch 0170/0372 loss=12.4663 det=12.3992 box=1.0485 cls=0.8153 dfl=0.0045 mard=2.0088 lambda=0.0334 pseudo_boxes=77 avg_conf=0.8340 lr=9.20142e-05
[Epoch 012/060] batch 0180/0372 loss=12.9141 det=12.8436 box=0.9644 cls=0.8140 dfl=0.0050 mard=2.0097 lambda=0.0351 pseudo_boxes=77 avg_conf=0.8507 lr=9.20142e-05
[Epoch 012/060] batch 0190/0372 loss=14.0458 det=13.9825 box=1.1285 cls=0.8335 dfl=0.0041 mard=2.0087 lambda=0.0315 pseudo_boxes=87 avg_conf=0.8154 lr=9.20142e-05
[Epoch 012/060] batch 0200/0372 loss=12.9324 det=12.8641 box=1.0394 cls=0.8371 dfl=0.0039 mard=1.9936 lambda=0.0343 pseudo_boxes=93 avg_conf=0.8427 lr=9.20142e-05
[Epoch 012/060] batch 0210/0372 loss=11.7861 det=11.7176 box=0.9412 cls=0.7051 dfl=0.0049 mard=2.0028 lambda=0.0342 pseudo_boxes=85 avg_conf=0.8416 lr=9.20142e-05
[Epoch 012/060] batch 0220/0372 loss=13.4479 det=13.3770 box=1.0954 cls=0.8947 dfl=0.0048 mard=2.0171 lambda=0.0352 pseudo_boxes=63 avg_conf=0.8516 lr=9.20142e-05
[Epoch 012/060] batch 0230/0372 loss=11.3851 det=11.3157 box=0.8963 cls=0.7149 dfl=0.0038 mard=2.0142 lambda=0.0345 pseudo_boxes=88 avg_conf=0.8446 lr=9.20142e-05
[Epoch 012/060] batch 0240/0372 loss=10.9987 det=10.9336 box=0.8482 cls=0.5939 dfl=0.0039 mard=2.0063 lambda=0.0324 pseudo_boxes=83 avg_conf=0.8241 lr=9.20142e-05
[Epoch 012/060] batch 0250/0372 loss=12.4954 det=12.4243 box=0.9396 cls=0.9292 dfl=0.0045 mard=2.0285 lambda=0.0351 pseudo_boxes=53 avg_conf=0.8508 lr=9.20142e-05
[Epoch 012/060] batch 0260/0372 loss=14.2976 det=14.2276 box=1.0907 cls=0.9311 dfl=0.0052 mard=2.0138 lambda=0.0348 pseudo_boxes=69 avg_conf=0.8480 lr=9.20142e-05
[Epoch 012/060] batch 0270/0372 loss=12.7518 det=12.6811 box=0.9520 cls=0.8490 dfl=0.0042 mard=2.0224 lambda=0.0350 pseudo_boxes=67 avg_conf=0.8497 lr=9.20142e-05
[Epoch 012/060] batch 0280/0372 loss=11.8161 det=11.7542 box=0.9184 cls=0.7881 dfl=0.0037 mard=2.0032 lambda=0.0309 pseudo_boxes=67 avg_conf=0.8092 lr=9.20142e-05
[Epoch 012/060] batch 0290/0372 loss=14.8147 det=14.7447 box=1.1697 cls=1.1322 dfl=0.0050 mard=2.0050 lambda=0.0349 pseudo_boxes=74 avg_conf=0.8487 lr=9.20142e-05
[Epoch 012/060] batch 0300/0372 loss=12.3818 det=12.3092 box=0.9405 cls=0.7931 dfl=0.0045 mard=2.0132 lambda=0.0361 pseudo_boxes=76 avg_conf=0.8606 lr=9.20142e-05
[Epoch 012/060] batch 0310/0372 loss=12.7869 det=12.7143 box=0.9870 cls=0.8468 dfl=0.0049 mard=2.0281 lambda=0.0358 pseudo_boxes=87 avg_conf=0.8581 lr=9.20142e-05
[Epoch 012/060] batch 0320/0372 loss=10.7078 det=10.6405 box=0.8287 cls=0.6421 dfl=0.0043 mard=1.9956 lambda=0.0337 pseudo_boxes=101 avg_conf=0.8371 lr=9.20142e-05
[Epoch 012/060] batch 0330/0372 loss=13.8430 det=13.7827 box=0.9559 cls=1.0927 dfl=0.0032 mard=2.0100 lambda=0.0300 pseudo_boxes=72 avg_conf=0.7999 lr=9.20142e-05
[Epoch 012/060] batch 0340/0372 loss=9.0717 det=8.9984 box=0.7209 cls=0.5213 dfl=0.0029 mard=2.0232 lambda=0.0362 pseudo_boxes=83 avg_conf=0.8623 lr=9.20142e-05
[Epoch 012/060] batch 0350/0372 loss=13.9033 det=13.8313 box=1.0437 cls=0.8045 dfl=0.0044 mard=2.0343 lambda=0.0354 pseudo_boxes=99 avg_conf=0.8542 lr=9.20142e-05
[Epoch 012/060] batch 0360/0372 loss=12.2317 det=12.1653 box=0.8705 cls=0.9213 dfl=0.0042 mard=2.0148 lambda=0.0329 pseudo_boxes=82 avg_conf=0.8294 lr=9.20142e-05
[Epoch 012/060] batch 0370/0372 loss=8.8545 det=8.7823 box=0.6672 cls=0.4737 dfl=0.0027 mard=2.0094 lambda=0.0359 pseudo_boxes=63 avg_conf=0.8594 lr=9.20142e-05
[Epoch 012/060] batch 0372/0372 loss=12.8433 det=12.7743 box=1.1367 cls=1.0161 dfl=0.0062 mard=2.0192 lambda=0.0341 pseudo_boxes=63 avg_conf=0.8413 lr=9.20142e-05
[Epoch 012/060] done time=266.7s valid_batches=372 skipped=0 pseudo_boxes=27956 loss=12.7944 det=12.7269 box=0.9927 cls=0.8405 dfl=0.0043 mard=2.0119
[Epoch 013/060] start
[Epoch 013/060] batch 0001/0372 loss=9.0587 det=8.9827 box=0.7237 cls=0.5057 dfl=0.0029 mard=2.0080 lambda=0.0379 pseudo_boxes=62 avg_conf=0.8787 lr=9.05463e-05
[Epoch 013/060] batch 0010/0372 loss=14.1786 det=14.1061 box=1.0636 cls=0.8683 dfl=0.0048 mard=2.0090 lambda=0.0361 pseudo_boxes=73 avg_conf=0.8610 lr=9.05463e-05
[Epoch 013/060] batch 0020/0372 loss=15.9387 det=15.8769 box=1.1148 cls=1.1593 dfl=0.0042 mard=2.0303 lambda=0.0304 pseudo_boxes=75 avg_conf=0.8044 lr=9.05463e-05
[Epoch 013/060] batch 0030/0372 loss=11.7887 det=11.7220 box=0.9276 cls=0.7950 dfl=0.0040 mard=2.0154 lambda=0.0331 pseudo_boxes=74 avg_conf=0.8311 lr=9.05463e-05
[Epoch 013/060] batch 0040/0372 loss=11.8403 det=11.7708 box=0.9213 cls=0.8752 dfl=0.0036 mard=2.0015 lambda=0.0347 pseudo_boxes=75 avg_conf=0.8471 lr=9.05463e-05
[Epoch 013/060] batch 0050/0372 loss=13.0269 det=12.9606 box=1.0677 cls=0.7148 dfl=0.0037 mard=1.9987 lambda=0.0332 pseudo_boxes=95 avg_conf=0.8319 lr=9.05463e-05
[Epoch 013/060] batch 0060/0372 loss=12.1416 det=12.0712 box=0.9374 cls=0.7231 dfl=0.0036 mard=1.9990 lambda=0.0352 pseudo_boxes=57 avg_conf=0.8522 lr=9.05463e-05
[Epoch 013/060] batch 0070/0372 loss=14.2280 det=14.1651 box=1.0931 cls=0.9216 dfl=0.0036 mard=2.0066 lambda=0.0314 pseudo_boxes=82 avg_conf=0.8136 lr=9.05463e-05
[Epoch 013/060] batch 0080/0372 loss=12.4495 det=12.3762 box=0.9643 cls=0.7543 dfl=0.0054 mard=2.0077 lambda=0.0365 pseudo_boxes=61 avg_conf=0.8647 lr=9.05463e-05
[Epoch 013/060] batch 0090/0372 loss=9.3703 det=9.2999 box=0.8392 cls=0.6082 dfl=0.0044 mard=1.9954 lambda=0.0353 pseudo_boxes=65 avg_conf=0.8530 lr=9.05463e-05
[Epoch 013/060] batch 0100/0372 loss=11.9039 det=11.8398 box=1.0207 cls=0.7107 dfl=0.0036 mard=2.0328 lambda=0.0315 pseudo_boxes=81 avg_conf=0.8155 lr=9.05463e-05
[Epoch 013/060] batch 0110/0372 loss=12.1691 det=12.0985 box=0.9095 cls=0.7812 dfl=0.0044 mard=2.0073 lambda=0.0351 pseudo_boxes=88 avg_conf=0.8514 lr=9.05463e-05
[Epoch 013/060] batch 0120/0372 loss=14.7536 det=14.6878 box=1.0684 cls=1.0808 dfl=0.0047 mard=2.0152 lambda=0.0326 pseudo_boxes=89 avg_conf=0.8264 lr=9.05463e-05
[Epoch 013/060] batch 0130/0372 loss=11.9465 det=11.8786 box=0.9702 cls=0.7064 dfl=0.0038 mard=2.0111 lambda=0.0337 pseudo_boxes=119 avg_conf=0.8375 lr=9.05463e-05
[Epoch 013/060] batch 0140/0372 loss=14.9447 det=14.8833 box=1.1934 cls=1.0332 dfl=0.0043 mard=1.9970 lambda=0.0307 pseudo_boxes=82 avg_conf=0.8073 lr=9.05463e-05
[Epoch 013/060] batch 0150/0372 loss=12.0637 det=11.9942 box=0.7578 cls=1.0643 dfl=0.0030 mard=2.0136 lambda=0.0345 pseudo_boxes=53 avg_conf=0.8453 lr=9.05463e-05
[Epoch 013/060] batch 0160/0372 loss=14.2340 det=14.1685 box=1.1290 cls=0.8532 dfl=0.0042 mard=2.0161 lambda=0.0325 pseudo_boxes=90 avg_conf=0.8250 lr=9.05463e-05
[Epoch 013/060] batch 0170/0372 loss=11.1288 det=11.0665 box=0.8738 cls=0.6509 dfl=0.0036 mard=1.9851 lambda=0.0314 pseudo_boxes=95 avg_conf=0.8139 lr=9.05463e-05
[Epoch 013/060] batch 0180/0372 loss=14.7794 det=14.7184 box=1.0868 cls=1.0600 dfl=0.0057 mard=2.0128 lambda=0.0303 pseudo_boxes=65 avg_conf=0.8032 lr=9.05463e-05
[Epoch 013/060] batch 0190/0372 loss=13.1433 det=13.0758 box=1.0145 cls=0.7520 dfl=0.0032 mard=2.0258 lambda=0.0334 pseudo_boxes=75 avg_conf=0.8336 lr=9.05463e-05
[Epoch 013/060] batch 0200/0372 loss=11.1391 det=11.0691 box=0.8642 cls=0.6357 dfl=0.0036 mard=2.0233 lambda=0.0346 pseudo_boxes=64 avg_conf=0.8460 lr=9.05463e-05
[Epoch 013/060] batch 0210/0372 loss=10.3690 det=10.3041 box=0.8152 cls=0.5915 dfl=0.0030 mard=2.0111 lambda=0.0323 pseudo_boxes=77 avg_conf=0.8227 lr=9.05463e-05
[Epoch 013/060] batch 0220/0372 loss=12.4576 det=12.3883 box=0.9177 cls=0.7508 dfl=0.0039 mard=2.0099 lambda=0.0345 pseudo_boxes=92 avg_conf=0.8446 lr=9.05463e-05
[Epoch 013/060] batch 0230/0372 loss=13.0428 det=12.9733 box=1.0139 cls=0.8054 dfl=0.0045 mard=1.9974 lambda=0.0348 pseudo_boxes=75 avg_conf=0.8478 lr=9.05463e-05
[Epoch 013/060] batch 0240/0372 loss=10.8189 det=10.7507 box=0.7506 cls=0.7955 dfl=0.0029 mard=2.0191 lambda=0.0338 pseudo_boxes=55 avg_conf=0.8377 lr=9.05463e-05
[Epoch 013/060] batch 0250/0372 loss=8.7861 det=8.7148 box=0.7323 cls=0.4301 dfl=0.0027 mard=1.9976 lambda=0.0357 pseudo_boxes=81 avg_conf=0.8569 lr=9.05463e-05
[Epoch 013/060] batch 0260/0372 loss=11.7504 det=11.6780 box=0.9729 cls=0.7054 dfl=0.0051 mard=1.9988 lambda=0.0363 pseudo_boxes=87 avg_conf=0.8626 lr=9.05463e-05
[Epoch 013/060] batch 0270/0372 loss=10.1706 det=10.1015 box=0.7945 cls=0.6793 dfl=0.0036 mard=1.9999 lambda=0.0345 pseudo_boxes=73 avg_conf=0.8454 lr=9.05463e-05
[Epoch 013/060] batch 0280/0372 loss=8.8793 det=8.8094 box=0.6990 cls=0.3843 dfl=0.0042 mard=2.0190 lambda=0.0346 pseudo_boxes=70 avg_conf=0.8463 lr=9.05463e-05
[Epoch 013/060] batch 0290/0372 loss=10.9231 det=10.8512 box=0.8345 cls=0.5835 dfl=0.0030 mard=2.0089 lambda=0.0358 pseudo_boxes=92 avg_conf=0.8576 lr=9.05463e-05
[Epoch 013/060] batch 0300/0372 loss=12.3888 det=12.3191 box=1.0115 cls=0.7474 dfl=0.0036 mard=2.0313 lambda=0.0343 pseudo_boxes=85 avg_conf=0.8434 lr=9.05463e-05
[Epoch 013/060] batch 0310/0372 loss=12.8760 det=12.8081 box=0.9598 cls=0.8573 dfl=0.0045 mard=2.0040 lambda=0.0339 pseudo_boxes=83 avg_conf=0.8388 lr=9.05463e-05
[Epoch 013/060] batch 0320/0372 loss=11.3319 det=11.2625 box=0.8420 cls=0.6468 dfl=0.0049 mard=2.0186 lambda=0.0344 pseudo_boxes=56 avg_conf=0.8437 lr=9.05463e-05
[Epoch 013/060] batch 0330/0372 loss=12.2749 det=12.2128 box=0.8822 cls=0.8514 dfl=0.0037 mard=2.0146 lambda=0.0308 pseudo_boxes=75 avg_conf=0.8084 lr=9.05463e-05
[Epoch 013/060] batch 0340/0372 loss=10.1172 det=10.0470 box=0.7157 cls=0.6807 dfl=0.0031 mard=1.9975 lambda=0.0352 pseudo_boxes=73 avg_conf=0.8517 lr=9.05463e-05
[Epoch 013/060] batch 0350/0372 loss=10.4766 det=10.4099 box=0.8169 cls=0.6756 dfl=0.0036 mard=2.0032 lambda=0.0333 pseudo_boxes=66 avg_conf=0.8329 lr=9.05463e-05
[Epoch 013/060] batch 0360/0372 loss=10.6193 det=10.5462 box=0.8389 cls=0.6645 dfl=0.0031 mard=2.0067 lambda=0.0364 pseudo_boxes=54 avg_conf=0.8643 lr=9.05463e-05
[Epoch 013/060] batch 0370/0372 loss=10.3307 det=10.2628 box=0.8058 cls=0.6076 dfl=0.0034 mard=2.0209 lambda=0.0336 pseudo_boxes=74 avg_conf=0.8357 lr=9.05463e-05
[Epoch 013/060] batch 0372/0372 loss=12.5384 det=12.4635 box=1.0477 cls=0.8983 dfl=0.0045 mard=2.0384 lambda=0.0368 pseudo_boxes=46 avg_conf=0.8676 lr=9.05463e-05
[Epoch 013/060] done time=266.3s valid_batches=372 skipped=0 pseudo_boxes=27940 loss=12.5488 det=12.4812 box=0.9761 cls=0.8190 dfl=0.0042 mard=2.0113
[Epoch 014/060] start
[Epoch 014/060] batch 0001/0372 loss=9.9306 det=9.8591 box=0.7849 cls=0.4986 dfl=0.0038 mard=2.0138 lambda=0.0355 pseudo_boxes=86 avg_conf=0.8547 lr=8.89687e-05
[Epoch 014/060] batch 0010/0372 loss=15.9276 det=15.8638 box=1.1608 cls=1.1303 dfl=0.0068 mard=2.0197 lambda=0.0316 pseudo_boxes=66 avg_conf=0.8161 lr=8.89687e-05
[Epoch 014/060] batch 0020/0372 loss=14.3669 det=14.2993 box=1.1470 cls=0.8236 dfl=0.0047 mard=2.0104 lambda=0.0336 pseudo_boxes=86 avg_conf=0.8365 lr=8.89687e-05
[Epoch 014/060] batch 0030/0372 loss=11.6310 det=11.5675 box=0.8405 cls=0.7887 dfl=0.0032 mard=2.0028 lambda=0.0317 pseudo_boxes=68 avg_conf=0.8171 lr=8.89687e-05
[Epoch 014/060] batch 0040/0372 loss=14.1287 det=14.0599 box=1.0367 cls=1.0127 dfl=0.0047 mard=2.0173 lambda=0.0341 pseudo_boxes=81 avg_conf=0.8411 lr=8.89687e-05
[Epoch 014/060] batch 0050/0372 loss=12.5968 det=12.5337 box=1.0454 cls=0.7074 dfl=0.0044 mard=2.0232 lambda=0.0312 pseudo_boxes=55 avg_conf=0.8118 lr=8.89687e-05
[Epoch 014/060] batch 0060/0372 loss=12.0749 det=12.0064 box=1.0124 cls=0.5995 dfl=0.0039 mard=2.0039 lambda=0.0341 pseudo_boxes=72 avg_conf=0.8415 lr=8.89687e-05
[Epoch 014/060] batch 0070/0372 loss=9.4713 det=9.4005 box=0.7957 cls=0.5020 dfl=0.0031 mard=1.9937 lambda=0.0355 pseudo_boxes=59 avg_conf=0.8552 lr=8.89687e-05
[Epoch 014/060] batch 0080/0372 loss=11.6213 det=11.5591 box=0.8423 cls=0.7216 dfl=0.0034 mard=2.0024 lambda=0.0311 pseudo_boxes=98 avg_conf=0.8108 lr=8.89687e-05
[Epoch 014/060] batch 0090/0372 loss=8.0517 det=7.9807 box=0.5815 cls=0.4553 dfl=0.0022 mard=2.0239 lambda=0.0351 pseudo_boxes=66 avg_conf=0.8509 lr=8.89687e-05
[Epoch 014/060] batch 0100/0372 loss=16.5484 det=16.4764 box=1.2176 cls=1.0843 dfl=0.0078 mard=2.0150 lambda=0.0358 pseudo_boxes=64 avg_conf=0.8576 lr=8.89687e-05
[Epoch 014/060] batch 0110/0372 loss=10.4804 det=10.4049 box=0.8180 cls=0.5471 dfl=0.0034 mard=2.0070 lambda=0.0376 pseudo_boxes=66 avg_conf=0.8764 lr=8.89687e-05
[Epoch 014/060] batch 0120/0372 loss=9.9776 det=9.9078 box=0.7297 cls=0.6272 dfl=0.0036 mard=2.0295 lambda=0.0344 pseudo_boxes=66 avg_conf=0.8441 lr=8.89687e-05
[Epoch 014/060] batch 0130/0372 loss=14.5830 det=14.5178 box=1.1686 cls=0.9102 dfl=0.0042 mard=2.0206 lambda=0.0323 pseudo_boxes=90 avg_conf=0.8227 lr=8.89687e-05
[Epoch 014/060] batch 0140/0372 loss=17.9656 det=17.8930 box=1.3519 cls=1.2449 dfl=0.0062 mard=2.0213 lambda=0.0359 pseudo_boxes=64 avg_conf=0.8591 lr=8.89687e-05
[Epoch 014/060] batch 0150/0372 loss=11.9744 det=11.9115 box=0.9453 cls=0.7851 dfl=0.0042 mard=2.0275 lambda=0.0310 pseudo_boxes=76 avg_conf=0.8102 lr=8.89687e-05
[Epoch 014/060] batch 0160/0372 loss=15.7128 det=15.6463 box=1.2379 cls=1.0747 dfl=0.0058 mard=2.0130 lambda=0.0330 pseudo_boxes=88 avg_conf=0.8304 lr=8.89687e-05
[Epoch 014/060] batch 0170/0372 loss=13.6401 det=13.5726 box=0.9668 cls=1.0566 dfl=0.0040 mard=2.0087 lambda=0.0336 pseudo_boxes=90 avg_conf=0.8360 lr=8.89687e-05
[Epoch 014/060] batch 0180/0372 loss=10.1438 det=10.0734 box=0.8331 cls=0.5652 dfl=0.0042 mard=2.0080 lambda=0.0351 pseudo_boxes=83 avg_conf=0.8507 lr=8.89687e-05
[Epoch 014/060] batch 0190/0372 loss=9.6725 det=9.6060 box=0.7187 cls=0.5955 dfl=0.0032 mard=2.0100 lambda=0.0331 pseudo_boxes=75 avg_conf=0.8310 lr=8.89687e-05
[Epoch 014/060] batch 0200/0372 loss=15.1030 det=15.0351 box=1.2016 cls=0.9348 dfl=0.0045 mard=1.9960 lambda=0.0340 pseudo_boxes=66 avg_conf=0.8400 lr=8.89687e-05
[Epoch 014/060] batch 0210/0372 loss=11.1729 det=11.0999 box=0.8444 cls=0.6502 dfl=0.0046 mard=2.0010 lambda=0.0365 pseudo_boxes=61 avg_conf=0.8648 lr=8.89687e-05
[Epoch 014/060] batch 0220/0372 loss=14.0400 det=13.9721 box=0.9013 cls=1.0757 dfl=0.0040 mard=2.0132 lambda=0.0337 pseudo_boxes=71 avg_conf=0.8374 lr=8.89687e-05
[Epoch 014/060] batch 0230/0372 loss=11.8370 det=11.7686 box=0.9642 cls=0.6705 dfl=0.0050 mard=2.0199 lambda=0.0339 pseudo_boxes=65 avg_conf=0.8388 lr=8.89687e-05
[Epoch 014/060] batch 0240/0372 loss=14.2826 det=14.2135 box=1.1354 cls=0.9040 dfl=0.0046 mard=1.9955 lambda=0.0346 pseudo_boxes=74 avg_conf=0.8464 lr=8.89687e-05
[Epoch 014/060] batch 0250/0372 loss=15.8759 det=15.8098 box=1.1919 cls=1.0703 dfl=0.0041 mard=2.0168 lambda=0.0328 pseudo_boxes=67 avg_conf=0.8280 lr=8.89687e-05
[Epoch 014/060] batch 0260/0372 loss=12.0016 det=11.9313 box=0.9878 cls=0.6979 dfl=0.0056 mard=2.0205 lambda=0.0348 pseudo_boxes=83 avg_conf=0.8482 lr=8.89687e-05
[Epoch 014/060] batch 0270/0372 loss=12.7727 det=12.7037 box=1.0425 cls=0.6809 dfl=0.0045 mard=2.0165 lambda=0.0342 pseudo_boxes=65 avg_conf=0.8423 lr=8.89687e-05
[Epoch 014/060] batch 0280/0372 loss=13.3673 det=13.3022 box=1.0728 cls=0.7569 dfl=0.0045 mard=1.9991 lambda=0.0326 pseudo_boxes=96 avg_conf=0.8260 lr=8.89687e-05
[Epoch 014/060] batch 0290/0372 loss=10.9517 det=10.8829 box=0.8321 cls=0.6614 dfl=0.0038 mard=2.0107 lambda=0.0342 pseudo_boxes=59 avg_conf=0.8424 lr=8.89687e-05
[Epoch 014/060] batch 0300/0372 loss=8.7366 det=8.6650 box=0.8514 cls=0.4680 dfl=0.0036 mard=2.0130 lambda=0.0356 pseudo_boxes=45 avg_conf=0.8557 lr=8.89687e-05
[Epoch 014/060] batch 0310/0372 loss=9.3174 det=9.2453 box=0.7276 cls=0.5750 dfl=0.0031 mard=2.0046 lambda=0.0359 pseudo_boxes=66 avg_conf=0.8593 lr=8.89687e-05
[Epoch 014/060] batch 0320/0372 loss=13.3762 det=13.3135 box=0.9753 cls=0.9433 dfl=0.0039 mard=2.0127 lambda=0.0311 pseudo_boxes=48 avg_conf=0.8114 lr=8.89687e-05
[Epoch 014/060] batch 0330/0372 loss=11.1383 det=11.0695 box=0.8528 cls=0.6439 dfl=0.0046 mard=2.0004 lambda=0.0344 pseudo_boxes=81 avg_conf=0.8441 lr=8.89687e-05
[Epoch 014/060] batch 0340/0372 loss=13.5453 det=13.4732 box=1.0856 cls=0.7464 dfl=0.0048 mard=2.0297 lambda=0.0355 pseudo_boxes=78 avg_conf=0.8553 lr=8.89687e-05
[Epoch 014/060] batch 0350/0372 loss=12.6762 det=12.6170 box=1.0172 cls=0.8392 dfl=0.0031 mard=2.0170 lambda=0.0293 pseudo_boxes=67 avg_conf=0.7931 lr=8.89687e-05
[Epoch 014/060] batch 0360/0372 loss=9.9026 det=9.8285 box=0.9394 cls=0.6352 dfl=0.0037 mard=2.0166 lambda=0.0368 pseudo_boxes=56 avg_conf=0.8678 lr=8.89687e-05
[Epoch 014/060] batch 0370/0372 loss=10.7765 det=10.7088 box=0.8341 cls=0.6199 dfl=0.0033 mard=1.9939 lambda=0.0339 pseudo_boxes=61 avg_conf=0.8393 lr=8.89687e-05
[Epoch 014/060] batch 0372/0372 loss=12.8999 det=12.8329 box=1.1209 cls=0.9719 dfl=0.0060 mard=2.0254 lambda=0.0331 pseudo_boxes=102 avg_conf=0.8306 lr=8.89687e-05
[Epoch 014/060] done time=266.2s valid_batches=372 skipped=0 pseudo_boxes=27958 loss=12.7210 det=12.6533 box=0.9882 cls=0.8256 dfl=0.0043 mard=2.0121
[Epoch 015/060] start
[Epoch 015/060] batch 0001/0372 loss=16.5671 det=16.5044 box=1.2919 cls=1.1813 dfl=0.0056 mard=2.0147 lambda=0.0311 pseudo_boxes=106 avg_conf=0.8110 lr=8.72857e-05
[Epoch 015/060] batch 0010/0372 loss=11.0827 det=11.0143 box=0.8804 cls=0.6731 dfl=0.0040 mard=1.9915 lambda=0.0344 pseudo_boxes=75 avg_conf=0.8438 lr=8.72857e-05
[Epoch 015/060] batch 0020/0372 loss=8.5035 det=8.4340 box=0.5968 cls=0.5595 dfl=0.0024 mard=2.0063 lambda=0.0346 pseudo_boxes=54 avg_conf=0.8464 lr=8.72857e-05
[Epoch 015/060] batch 0030/0372 loss=16.6420 det=16.5781 box=1.2790 cls=1.1124 dfl=0.0049 mard=2.0250 lambda=0.0315 pseudo_boxes=82 avg_conf=0.8155 lr=8.72857e-05
[Epoch 015/060] batch 0040/0372 loss=15.1018 det=15.0403 box=1.0471 cls=1.0257 dfl=0.0036 mard=2.0263 lambda=0.0303 pseudo_boxes=68 avg_conf=0.8032 lr=8.72857e-05
[Epoch 015/060] batch 0050/0372 loss=11.3300 det=11.2553 box=0.9852 cls=0.8204 dfl=0.0048 mard=2.0319 lambda=0.0368 pseudo_boxes=54 avg_conf=0.8677 lr=8.72857e-05
[Epoch 015/060] batch 0060/0372 loss=8.7800 det=8.7063 box=0.6730 cls=0.5418 dfl=0.0025 mard=2.0151 lambda=0.0366 pseudo_boxes=68 avg_conf=0.8661 lr=8.72857e-05
[Epoch 015/060] batch 0070/0372 loss=14.2482 det=14.1802 box=1.2044 cls=1.0727 dfl=0.0049 mard=2.0148 lambda=0.0338 pseudo_boxes=74 avg_conf=0.8378 lr=8.72857e-05
[Epoch 015/060] batch 0080/0372 loss=15.2321 det=15.1661 box=1.1773 cls=1.0605 dfl=0.0042 mard=2.0027 lambda=0.0330 pseudo_boxes=94 avg_conf=0.8295 lr=8.72857e-05
[Epoch 015/060] batch 0090/0372 loss=13.2699 det=13.1995 box=1.0064 cls=0.7829 dfl=0.0051 mard=2.0097 lambda=0.0351 pseudo_boxes=50 avg_conf=0.8506 lr=8.72857e-05
[Epoch 015/060] batch 0100/0372 loss=10.1124 det=10.0444 box=0.8847 cls=0.7638 dfl=0.0034 mard=2.0032 lambda=0.0340 pseudo_boxes=84 avg_conf=0.8396 lr=8.72857e-05
[Epoch 015/060] batch 0110/0372 loss=11.7254 det=11.6619 box=0.9078 cls=0.7553 dfl=0.0033 mard=1.9981 lambda=0.0318 pseudo_boxes=81 avg_conf=0.8178 lr=8.72857e-05
[Epoch 015/060] batch 0120/0372 loss=9.5740 det=9.4994 box=0.8206 cls=0.5065 dfl=0.0036 mard=2.0138 lambda=0.0370 pseudo_boxes=72 avg_conf=0.8702 lr=8.72857e-05
[Epoch 015/060] batch 0130/0372 loss=10.6059 det=10.5420 box=0.7594 cls=0.6933 dfl=0.0035 mard=2.0073 lambda=0.0319 pseudo_boxes=76 avg_conf=0.8186 lr=8.72857e-05
[Epoch 015/060] batch 0140/0372 loss=11.5683 det=11.5024 box=0.9267 cls=0.6763 dfl=0.0033 mard=2.0088 lambda=0.0328 pseudo_boxes=95 avg_conf=0.8282 lr=8.72857e-05
[Epoch 015/060] batch 0150/0372 loss=13.4802 det=13.4075 box=0.9980 cls=0.8558 dfl=0.0042 mard=2.0290 lambda=0.0358 pseudo_boxes=69 avg_conf=0.8583 lr=8.72857e-05
[Epoch 015/060] batch 0160/0372 loss=11.6819 det=11.6083 box=0.9333 cls=0.8015 dfl=0.0055 mard=2.0157 lambda=0.0365 pseudo_boxes=57 avg_conf=0.8650 lr=8.72857e-05
[Epoch 015/060] batch 0170/0372 loss=10.3581 det=10.2937 box=0.9102 cls=0.7818 dfl=0.0038 mard=2.0138 lambda=0.0320 pseudo_boxes=58 avg_conf=0.8199 lr=8.72857e-05
[Epoch 015/060] batch 0180/0372 loss=11.3732 det=11.3053 box=0.7867 cls=0.8431 dfl=0.0034 mard=2.0267 lambda=0.0335 pseudo_boxes=77 avg_conf=0.8352 lr=8.72857e-05
[Epoch 015/060] batch 0190/0372 loss=8.6330 det=8.5603 box=0.5731 cls=0.5400 dfl=0.0025 mard=1.9987 lambda=0.0364 pseudo_boxes=42 avg_conf=0.8639 lr=8.72857e-05
[Epoch 015/060] batch 0200/0372 loss=11.8454 det=11.7767 box=0.9717 cls=0.6589 dfl=0.0039 mard=2.0038 lambda=0.0343 pseudo_boxes=98 avg_conf=0.8428 lr=8.72857e-05
[Epoch 015/060] batch 0210/0372 loss=11.2113 det=11.1424 box=0.8386 cls=0.7311 dfl=0.0039 mard=2.0140 lambda=0.0342 pseudo_boxes=50 avg_conf=0.8423 lr=8.72857e-05
[Epoch 015/060] batch 0220/0372 loss=12.1066 det=12.0363 box=0.9268 cls=0.7923 dfl=0.0043 mard=2.0135 lambda=0.0349 pseudo_boxes=80 avg_conf=0.8491 lr=8.72857e-05
[Epoch 015/060] batch 0230/0372 loss=8.1966 det=8.1281 box=0.6180 cls=0.4945 dfl=0.0029 mard=2.0065 lambda=0.0342 pseudo_boxes=75 avg_conf=0.8418 lr=8.72857e-05
[Epoch 015/060] batch 0240/0372 loss=13.0530 det=12.9854 box=0.9232 cls=0.8994 dfl=0.0035 mard=2.0085 lambda=0.0337 pseudo_boxes=88 avg_conf=0.8369 lr=8.72857e-05
[Epoch 015/060] batch 0250/0372 loss=15.0970 det=15.0285 box=1.1907 cls=0.9730 dfl=0.0054 mard=2.0038 lambda=0.0342 pseudo_boxes=79 avg_conf=0.8416 lr=8.72857e-05
[Epoch 015/060] batch 0260/0372 loss=8.7443 det=8.6695 box=0.7511 cls=0.4267 dfl=0.0032 mard=2.0361 lambda=0.0367 pseudo_boxes=80 avg_conf=0.8674 lr=8.72857e-05
[Epoch 015/060] batch 0270/0372 loss=12.0874 det=12.0194 box=0.8916 cls=0.8802 dfl=0.0043 mard=2.0385 lambda=0.0333 pseudo_boxes=81 avg_conf=0.8335 lr=8.72857e-05
[Epoch 015/060] batch 0280/0372 loss=8.8140 det=8.7363 box=0.6668 cls=0.4994 dfl=0.0035 mard=2.0135 lambda=0.0386 pseudo_boxes=59 avg_conf=0.8858 lr=8.72857e-05
[Epoch 015/060] batch 0290/0372 loss=10.2931 det=10.2254 box=0.7930 cls=0.6103 dfl=0.0031 mard=2.0174 lambda=0.0336 pseudo_boxes=90 avg_conf=0.8356 lr=8.72857e-05
[Epoch 015/060] batch 0300/0372 loss=11.1489 det=11.0846 box=0.8273 cls=0.6671 dfl=0.0034 mard=1.9926 lambda=0.0322 pseudo_boxes=68 avg_conf=0.8224 lr=8.72857e-05
[Epoch 015/060] batch 0310/0372 loss=17.3127 det=17.2476 box=1.4913 cls=1.2946 dfl=0.0055 mard=2.0159 lambda=0.0323 pseudo_boxes=55 avg_conf=0.8231 lr=8.72857e-05
[Epoch 015/060] batch 0320/0372 loss=12.3625 det=12.2966 box=0.8834 cls=0.8239 dfl=0.0035 mard=2.0051 lambda=0.0328 pseudo_boxes=70 avg_conf=0.8285 lr=8.72857e-05
[Epoch 015/060] batch 0330/0372 loss=11.4818 det=11.4121 box=0.8955 cls=0.7239 dfl=0.0031 mard=2.0068 lambda=0.0347 pseudo_boxes=57 avg_conf=0.8474 lr=8.72857e-05
[Epoch 015/060] batch 0340/0372 loss=12.9478 det=12.8801 box=0.9546 cls=0.8336 dfl=0.0045 mard=2.0232 lambda=0.0335 pseudo_boxes=87 avg_conf=0.8349 lr=8.72857e-05
[Epoch 015/060] batch 0350/0372 loss=12.5139 det=12.4397 box=0.9370 cls=0.6845 dfl=0.0042 mard=2.0037 lambda=0.0370 pseudo_boxes=72 avg_conf=0.8705 lr=8.72857e-05
[Epoch 015/060] batch 0360/0372 loss=11.3460 det=11.2832 box=0.9180 cls=0.7373 dfl=0.0038 mard=1.9977 lambda=0.0315 pseudo_boxes=82 avg_conf=0.8147 lr=8.72857e-05
[Epoch 015/060] batch 0370/0372 loss=15.3205 det=15.2583 box=1.2063 cls=1.2855 dfl=0.0052 mard=2.0285 lambda=0.0306 pseudo_boxes=128 avg_conf=0.8063 lr=8.72857e-05
[Epoch 015/060] batch 0372/0372 loss=13.7648 det=13.7003 box=1.2314 cls=1.0790 dfl=0.0051 mard=2.0103 lambda=0.0321 pseudo_boxes=66 avg_conf=0.8209 lr=8.72857e-05
[Epoch 015/060] done time=266.4s valid_batches=372 skipped=0 pseudo_boxes=28022 loss=12.5543 det=12.4869 box=0.9713 cls=0.8132 dfl=0.0042 mard=2.0115
[Epoch 016/060] start
[Epoch 016/060] batch 0001/0372 loss=12.8190 det=12.7503 box=0.9639 cls=0.8326 dfl=0.0044 mard=1.9988 lambda=0.0344 pseudo_boxes=88 avg_conf=0.8440 lr=8.55018e-05
[Epoch 016/060] batch 0010/0372 loss=13.4939 det=13.4264 box=1.1120 cls=1.0701 dfl=0.0068 mard=2.0280 lambda=0.0333 pseudo_boxes=49 avg_conf=0.8332 lr=8.55018e-05
[Epoch 016/060] batch 0020/0372 loss=13.4523 det=13.3846 box=1.0267 cls=0.8731 dfl=0.0053 mard=2.0120 lambda=0.0336 pseudo_boxes=54 avg_conf=0.8363 lr=8.55018e-05
[Epoch 016/060] batch 0030/0372 loss=10.8160 det=10.7478 box=0.8791 cls=0.6718 dfl=0.0037 mard=2.0209 lambda=0.0338 pseudo_boxes=80 avg_conf=0.8377 lr=8.55018e-05
[Epoch 016/060] batch 0040/0372 loss=14.4190 det=14.3493 box=1.0617 cls=1.0080 dfl=0.0036 mard=2.0039 lambda=0.0348 pseudo_boxes=73 avg_conf=0.8478 lr=8.55018e-05
[Epoch 016/060] batch 0050/0372 loss=14.3399 det=14.2709 box=1.1099 cls=0.9193 dfl=0.0052 mard=2.0268 lambda=0.0340 pseudo_boxes=88 avg_conf=0.8403 lr=8.55018e-05
[Epoch 016/060] batch 0060/0372 loss=12.1094 det=12.0454 box=0.9547 cls=0.7222 dfl=0.0035 mard=2.0088 lambda=0.0319 pseudo_boxes=83 avg_conf=0.8187 lr=8.55018e-05
[Epoch 016/060] batch 0070/0372 loss=13.8395 det=13.7750 box=0.9994 cls=0.9551 dfl=0.0043 mard=1.9989 lambda=0.0323 pseudo_boxes=77 avg_conf=0.8227 lr=8.55018e-05
[Epoch 016/060] batch 0080/0372 loss=12.8524 det=12.7869 box=0.8926 cls=0.8212 dfl=0.0036 mard=2.0107 lambda=0.0326 pseudo_boxes=73 avg_conf=0.8257 lr=8.55018e-05
[Epoch 016/060] batch 0090/0372 loss=13.9790 det=13.9098 box=1.0809 cls=0.8677 dfl=0.0051 mard=2.0242 lambda=0.0342 pseudo_boxes=77 avg_conf=0.8421 lr=8.55018e-05
[Epoch 016/060] batch 0100/0372 loss=11.7453 det=11.6770 box=0.9423 cls=0.6818 dfl=0.0046 mard=2.0039 lambda=0.0341 pseudo_boxes=87 avg_conf=0.8406 lr=8.55018e-05
[Epoch 016/060] batch 0110/0372 loss=15.0598 det=14.9969 box=1.1146 cls=1.0340 dfl=0.0034 mard=2.0173 lambda=0.0312 pseudo_boxes=132 avg_conf=0.8118 lr=8.55018e-05
[Epoch 016/060] batch 0120/0372 loss=11.5094 det=11.4427 box=0.8705 cls=0.6904 dfl=0.0029 mard=2.0287 lambda=0.0329 pseudo_boxes=71 avg_conf=0.8288 lr=8.55018e-05
[Epoch 016/060] batch 0130/0372 loss=11.0657 det=10.9929 box=0.8347 cls=0.6302 dfl=0.0048 mard=2.0100 lambda=0.0362 pseudo_boxes=63 avg_conf=0.8621 lr=8.55018e-05
[Epoch 016/060] batch 0140/0372 loss=10.2328 det=10.1662 box=0.7803 cls=0.5812 dfl=0.0040 mard=2.0261 lambda=0.0328 pseudo_boxes=72 avg_conf=0.8284 lr=8.55018e-05
[Epoch 016/060] batch 0150/0372 loss=12.5066 det=12.4390 box=0.9670 cls=0.7376 dfl=0.0038 mard=2.0197 lambda=0.0335 pseudo_boxes=91 avg_conf=0.8348 lr=8.55018e-05
[Epoch 016/060] batch 0160/0372 loss=9.4065 det=9.3369 box=0.6678 cls=0.5331 dfl=0.0035 mard=2.0102 lambda=0.0346 pseudo_boxes=55 avg_conf=0.8462 lr=8.55018e-05
[Epoch 016/060] batch 0170/0372 loss=9.7996 det=9.7237 box=0.6781 cls=0.6697 dfl=0.0046 mard=2.0253 lambda=0.0375 pseudo_boxes=53 avg_conf=0.8750 lr=8.55018e-05
[Epoch 016/060] batch 0180/0372 loss=13.7439 det=13.6740 box=1.2649 cls=0.9699 dfl=0.0047 mard=2.0163 lambda=0.0347 pseudo_boxes=84 avg_conf=0.8467 lr=8.55018e-05
[Epoch 016/060] batch 0190/0372 loss=11.3309 det=11.2631 box=0.9628 cls=0.8708 dfl=0.0060 mard=2.0082 lambda=0.0337 pseudo_boxes=66 avg_conf=0.8374 lr=8.55018e-05
[Epoch 016/060] batch 0200/0372 loss=10.1644 det=10.0981 box=0.7809 cls=0.6027 dfl=0.0030 mard=2.0076 lambda=0.0330 pseudo_boxes=63 avg_conf=0.8304 lr=8.55018e-05
[Epoch 016/060] batch 0210/0372 loss=10.0840 det=10.0158 box=0.7578 cls=0.5740 dfl=0.0023 mard=2.0137 lambda=0.0339 pseudo_boxes=101 avg_conf=0.8390 lr=8.55018e-05
[Epoch 016/060] batch 0220/0372 loss=10.6760 det=10.6060 box=0.8193 cls=0.6757 dfl=0.0034 mard=2.0089 lambda=0.0348 pseudo_boxes=68 avg_conf=0.8485 lr=8.55018e-05
[Epoch 016/060] batch 0230/0372 loss=12.3193 det=12.2543 box=0.9108 cls=0.9580 dfl=0.0031 mard=2.0086 lambda=0.0324 pseudo_boxes=55 avg_conf=0.8236 lr=8.55018e-05
[Epoch 016/060] batch 0240/0372 loss=12.4698 det=12.4028 box=0.9444 cls=0.7631 dfl=0.0032 mard=1.9991 lambda=0.0335 pseudo_boxes=96 avg_conf=0.8351 lr=8.55018e-05
[Epoch 016/060] batch 0250/0372 loss=14.5769 det=14.5024 box=1.0734 cls=1.0393 dfl=0.0038 mard=2.0219 lambda=0.0368 pseudo_boxes=56 avg_conf=0.8685 lr=8.55018e-05
[Epoch 016/060] batch 0260/0372 loss=15.1028 det=15.0366 box=1.1574 cls=1.0297 dfl=0.0048 mard=2.0314 lambda=0.0326 pseudo_boxes=75 avg_conf=0.8259 lr=8.55018e-05
[Epoch 016/060] batch 0270/0372 loss=15.3108 det=15.2446 box=1.1615 cls=1.0866 dfl=0.0049 mard=1.9998 lambda=0.0331 pseudo_boxes=71 avg_conf=0.8314 lr=8.55018e-05
[Epoch 016/060] batch 0280/0372 loss=14.3796 det=14.3105 box=1.1426 cls=0.9130 dfl=0.0045 mard=2.0095 lambda=0.0344 pseudo_boxes=101 avg_conf=0.8441 lr=8.55018e-05
[Epoch 016/060] batch 0290/0372 loss=9.4345 det=9.3571 box=0.7357 cls=0.4427 dfl=0.0034 mard=2.0151 lambda=0.0384 pseudo_boxes=61 avg_conf=0.8838 lr=8.55018e-05
[Epoch 016/060] batch 0300/0372 loss=17.8409 det=17.7821 box=1.4535 cls=1.4042 dfl=0.0040 mard=2.0283 lambda=0.0290 pseudo_boxes=106 avg_conf=0.7895 lr=8.55018e-05
[Epoch 016/060] batch 0310/0372 loss=9.9620 det=9.8929 box=0.7794 cls=0.5649 dfl=0.0036 mard=2.0067 lambda=0.0345 pseudo_boxes=85 avg_conf=0.8447 lr=8.55018e-05
[Epoch 016/060] batch 0320/0372 loss=10.1984 det=10.1306 box=0.7912 cls=0.6369 dfl=0.0038 mard=2.0083 lambda=0.0338 pseudo_boxes=63 avg_conf=0.8378 lr=8.55018e-05
[Epoch 016/060] batch 0330/0372 loss=17.6563 det=17.5919 box=1.2888 cls=1.2466 dfl=0.0057 mard=1.9971 lambda=0.0322 pseudo_boxes=92 avg_conf=0.8223 lr=8.55018e-05
[Epoch 016/060] batch 0340/0372 loss=11.0419 det=10.9671 box=0.9197 cls=0.5985 dfl=0.0044 mard=2.0041 lambda=0.0373 pseudo_boxes=68 avg_conf=0.8731 lr=8.55018e-05
[Epoch 016/060] batch 0350/0372 loss=13.7445 det=13.6791 box=1.0003 cls=0.9207 dfl=0.0041 mard=2.0093 lambda=0.0326 pseudo_boxes=87 avg_conf=0.8256 lr=8.55018e-05
[Epoch 016/060] batch 0360/0372 loss=12.6172 det=12.5508 box=1.1229 cls=1.0197 dfl=0.0037 mard=2.0092 lambda=0.0331 pseudo_boxes=80 avg_conf=0.8306 lr=8.55018e-05
[Epoch 016/060] batch 0370/0372 loss=10.5507 det=10.4818 box=0.8845 cls=0.5307 dfl=0.0048 mard=2.0036 lambda=0.0344 pseudo_boxes=70 avg_conf=0.8440 lr=8.55018e-05
[Epoch 016/060] batch 0372/0372 loss=8.0589 det=7.9865 box=0.9340 cls=0.4677 dfl=0.0040 mard=2.0198 lambda=0.0358 pseudo_boxes=36 avg_conf=0.8583 lr=8.55018e-05
[Epoch 016/060] done time=266.2s valid_batches=372 skipped=0 pseudo_boxes=27945 loss=12.3321 det=12.2643 box=0.9553 cls=0.7913 dfl=0.0041 mard=2.0125
[Epoch 017/060] start
[Epoch 017/060] batch 0001/0372 loss=11.1102 det=11.0407 box=0.8443 cls=0.5993 dfl=0.0032 mard=1.9975 lambda=0.0348 pseudo_boxes=86 avg_conf=0.8480 lr=8.3622e-05
[Epoch 017/060] batch 0010/0372 loss=12.2418 det=12.1705 box=0.9744 cls=0.8584 dfl=0.0037 mard=2.0179 lambda=0.0353 pseudo_boxes=76 avg_conf=0.8533 lr=8.3622e-05
[Epoch 017/060] batch 0020/0372 loss=8.4395 det=8.3732 box=0.6773 cls=0.5033 dfl=0.0022 mard=2.0155 lambda=0.0329 pseudo_boxes=56 avg_conf=0.8293 lr=8.3622e-05
[Epoch 017/060] batch 0030/0372 loss=12.6646 det=12.5911 box=1.0452 cls=0.9522 dfl=0.0047 mard=2.0101 lambda=0.0366 pseudo_boxes=37 avg_conf=0.8656 lr=8.3622e-05
[Epoch 017/060] batch 0040/0372 loss=14.5285 det=14.4596 box=1.0936 cls=0.9092 dfl=0.0050 mard=2.0132 lambda=0.0342 pseudo_boxes=77 avg_conf=0.8423 lr=8.3622e-05
[Epoch 017/060] batch 0050/0372 loss=10.9557 det=10.8839 box=0.8070 cls=0.6501 dfl=0.0039 mard=2.0346 lambda=0.0353 pseudo_boxes=45 avg_conf=0.8529 lr=8.3622e-05
[Epoch 017/060] batch 0060/0372 loss=7.9343 det=7.8575 box=0.5829 cls=0.4754 dfl=0.0027 mard=2.0113 lambda=0.0382 pseudo_boxes=70 avg_conf=0.8818 lr=8.3622e-05
[Epoch 017/060] batch 0070/0372 loss=17.8565 det=17.7951 box=1.3853 cls=1.3563 dfl=0.0043 mard=2.0343 lambda=0.0302 pseudo_boxes=85 avg_conf=0.8022 lr=8.3622e-05
[Epoch 017/060] batch 0080/0372 loss=12.3054 det=12.2381 box=0.9795 cls=0.6759 dfl=0.0039 mard=2.0340 lambda=0.0331 pseudo_boxes=67 avg_conf=0.8310 lr=8.3622e-05
[Epoch 017/060] batch 0090/0372 loss=12.8924 det=12.8314 box=0.9140 cls=0.8424 dfl=0.0035 mard=1.9977 lambda=0.0305 pseudo_boxes=77 avg_conf=0.8054 lr=8.3622e-05
[Epoch 017/060] batch 0100/0372 loss=13.1054 det=13.0325 box=0.9398 cls=0.9988 dfl=0.0047 mard=2.0248 lambda=0.0360 pseudo_boxes=66 avg_conf=0.8597 lr=8.3622e-05
[Epoch 017/060] batch 0110/0372 loss=10.2555 det=10.1905 box=0.8742 cls=0.8239 dfl=0.0037 mard=2.0042 lambda=0.0324 pseudo_boxes=79 avg_conf=0.8243 lr=8.3622e-05
[Epoch 017/060] batch 0120/0372 loss=9.6876 det=9.6157 box=0.7981 cls=0.7538 dfl=0.0040 mard=2.0165 lambda=0.0356 pseudo_boxes=55 avg_conf=0.8565 lr=8.3622e-05
[Epoch 017/060] batch 0130/0372 loss=9.7463 det=9.6796 box=0.7352 cls=0.6539 dfl=0.0026 mard=2.0023 lambda=0.0333 pseudo_boxes=56 avg_conf=0.8332 lr=8.3622e-05
[Epoch 017/060] batch 0140/0372 loss=11.1442 det=11.0713 box=0.9135 cls=0.6272 dfl=0.0040 mard=2.0073 lambda=0.0363 pseudo_boxes=73 avg_conf=0.8632 lr=8.3622e-05
[Epoch 017/060] batch 0150/0372 loss=14.5139 det=14.4542 box=1.0752 cls=0.9934 dfl=0.0050 mard=2.0422 lambda=0.0292 pseudo_boxes=106 avg_conf=0.7923 lr=8.3622e-05
[Epoch 017/060] batch 0160/0372 loss=8.3291 det=8.2615 box=0.7570 cls=0.5328 dfl=0.0030 mard=2.0069 lambda=0.0337 pseudo_boxes=58 avg_conf=0.8366 lr=8.3622e-05
[Epoch 017/060] batch 0170/0372 loss=9.6034 det=9.5404 box=0.7564 cls=0.5497 dfl=0.0030 mard=2.0161 lambda=0.0312 pseudo_boxes=88 avg_conf=0.8123 lr=8.3622e-05
[Epoch 017/060] batch 0180/0372 loss=13.8612 det=13.7988 box=1.0961 cls=0.9196 dfl=0.0041 mard=2.0065 lambda=0.0311 pseudo_boxes=103 avg_conf=0.8111 lr=8.3622e-05
[Epoch 017/060] batch 0190/0372 loss=11.0892 det=11.0206 box=0.8146 cls=0.7434 dfl=0.0050 mard=2.0199 lambda=0.0340 pseudo_boxes=80 avg_conf=0.8400 lr=8.3622e-05
[Epoch 017/060] batch 0200/0372 loss=10.2039 det=10.1327 box=0.7540 cls=0.6249 dfl=0.0039 mard=2.0330 lambda=0.0351 pseudo_boxes=69 avg_conf=0.8506 lr=8.3622e-05
[Epoch 017/060] batch 0210/0372 loss=12.8135 det=12.7442 box=0.9974 cls=0.8227 dfl=0.0050 mard=2.0179 lambda=0.0343 pseudo_boxes=71 avg_conf=0.8435 lr=8.3622e-05
[Epoch 017/060] batch 0220/0372 loss=13.7967 det=13.7338 box=1.0958 cls=0.8798 dfl=0.0052 mard=1.9771 lambda=0.0318 pseudo_boxes=84 avg_conf=0.8184 lr=8.3622e-05
[Epoch 017/060] batch 0230/0372 loss=10.2744 det=10.2050 box=0.8004 cls=0.5734 dfl=0.0029 mard=1.9988 lambda=0.0347 pseudo_boxes=76 avg_conf=0.8469 lr=8.3622e-05
[Epoch 017/060] batch 0240/0372 loss=12.3647 det=12.2993 box=0.9556 cls=0.8900 dfl=0.0034 mard=2.0108 lambda=0.0325 pseudo_boxes=68 avg_conf=0.8252 lr=8.3622e-05
[Epoch 017/060] batch 0250/0372 loss=14.3095 det=14.2449 box=1.0834 cls=1.0051 dfl=0.0053 mard=1.9990 lambda=0.0323 pseudo_boxes=74 avg_conf=0.8228 lr=8.3622e-05
[Epoch 017/060] batch 0260/0372 loss=11.4716 det=11.4014 box=0.8595 cls=0.7509 dfl=0.0036 mard=2.0180 lambda=0.0348 pseudo_boxes=76 avg_conf=0.8477 lr=8.3622e-05
[Epoch 017/060] batch 0270/0372 loss=11.4439 det=11.3785 box=0.9160 cls=0.6490 dfl=0.0030 mard=2.0205 lambda=0.0324 pseudo_boxes=88 avg_conf=0.8237 lr=8.3622e-05
[Epoch 017/060] batch 0280/0372 loss=7.6033 det=7.5222 box=0.5970 cls=0.3630 dfl=0.0032 mard=2.0225 lambda=0.0401 pseudo_boxes=58 avg_conf=0.9010 lr=8.3622e-05
[Epoch 017/060] batch 0290/0372 loss=11.3890 det=11.3209 box=0.9295 cls=0.7153 dfl=0.0041 mard=2.0042 lambda=0.0340 pseudo_boxes=73 avg_conf=0.8401 lr=8.3622e-05
[Epoch 017/060] batch 0300/0372 loss=10.5277 det=10.4653 box=0.8446 cls=0.5888 dfl=0.0033 mard=2.0190 lambda=0.0309 pseudo_boxes=91 avg_conf=0.8090 lr=8.3622e-05
[Epoch 017/060] batch 0310/0372 loss=11.2792 det=11.2091 box=0.8945 cls=0.6595 dfl=0.0035 mard=2.0268 lambda=0.0346 pseudo_boxes=93 avg_conf=0.8459 lr=8.3622e-05
[Epoch 017/060] batch 0320/0372 loss=11.8000 det=11.7318 box=0.9124 cls=0.7223 dfl=0.0040 mard=2.0099 lambda=0.0339 pseudo_boxes=63 avg_conf=0.8395 lr=8.3622e-05
[Epoch 017/060] batch 0330/0372 loss=10.9589 det=10.8906 box=0.8286 cls=0.7331 dfl=0.0029 mard=2.0069 lambda=0.0340 pseudo_boxes=59 avg_conf=0.8401 lr=8.3622e-05
[Epoch 017/060] batch 0340/0372 loss=12.5091 det=12.4418 box=0.9762 cls=0.7889 dfl=0.0031 mard=2.0010 lambda=0.0336 pseudo_boxes=65 avg_conf=0.8364 lr=8.3622e-05
[Epoch 017/060] batch 0350/0372 loss=8.0696 det=7.9960 box=0.6495 cls=0.4216 dfl=0.0027 mard=2.0350 lambda=0.0362 pseudo_boxes=59 avg_conf=0.8621 lr=8.3622e-05
[Epoch 017/060] batch 0360/0372 loss=11.1264 det=11.0558 box=0.9003 cls=0.6667 dfl=0.0033 mard=2.0222 lambda=0.0349 pseudo_boxes=84 avg_conf=0.8489 lr=8.3622e-05
[Epoch 017/060] batch 0370/0372 loss=10.5219 det=10.4555 box=0.9747 cls=0.7253 dfl=0.0033 mard=1.9985 lambda=0.0332 pseudo_boxes=87 avg_conf=0.8321 lr=8.3622e-05
[Epoch 017/060] batch 0372/0372 loss=9.4890 det=9.4212 box=0.8532 cls=0.5944 dfl=0.0045 mard=2.0107 lambda=0.0337 pseudo_boxes=72 avg_conf=0.8374 lr=8.3622e-05
[Epoch 017/060] done time=266.1s valid_batches=372 skipped=0 pseudo_boxes=28037 loss=12.3627 det=12.2951 box=0.9565 cls=0.7872 dfl=0.0041 mard=2.0117
[Epoch 018/060] start
[Epoch 018/060] batch 0001/0372 loss=12.2985 det=12.2232 box=0.8662 cls=0.8167 dfl=0.0050 mard=2.0176 lambda=0.0373 pseudo_boxes=62 avg_conf=0.8734 lr=8.16514e-05
[Epoch 018/060] batch 0010/0372 loss=15.6390 det=15.5752 box=1.1861 cls=0.9466 dfl=0.0051 mard=2.0029 lambda=0.0319 pseudo_boxes=96 avg_conf=0.8186 lr=8.16514e-05
[Epoch 018/060] batch 0020/0372 loss=10.8677 det=10.7947 box=0.9148 cls=0.5133 dfl=0.0040 mard=2.0110 lambda=0.0363 pseudo_boxes=71 avg_conf=0.8629 lr=8.16514e-05
[Epoch 018/060] batch 0030/0372 loss=11.7222 det=11.6570 box=0.9530 cls=0.6902 dfl=0.0034 mard=2.0221 lambda=0.0323 pseudo_boxes=111 avg_conf=0.8227 lr=8.16514e-05
[Epoch 018/060] batch 0040/0372 loss=9.1613 det=9.0947 box=1.0026 cls=0.7778 dfl=0.0032 mard=2.0115 lambda=0.0331 pseudo_boxes=57 avg_conf=0.8311 lr=8.16514e-05
[Epoch 018/060] batch 0050/0372 loss=11.2429 det=11.1818 box=0.8427 cls=0.6368 dfl=0.0038 mard=2.0074 lambda=0.0304 pseudo_boxes=87 avg_conf=0.8043 lr=8.16514e-05
[Epoch 018/060] batch 0060/0372 loss=8.8782 det=8.8067 box=0.6655 cls=0.4876 dfl=0.0028 mard=2.0182 lambda=0.0354 pseudo_boxes=86 avg_conf=0.8541 lr=8.16514e-05
[Epoch 018/060] batch 0070/0372 loss=10.8913 det=10.8250 box=0.8144 cls=0.6538 dfl=0.0030 mard=2.0054 lambda=0.0331 pseudo_boxes=69 avg_conf=0.8305 lr=8.16514e-05
[Epoch 018/060] batch 0080/0372 loss=11.4651 det=11.3950 box=0.9006 cls=0.6924 dfl=0.0037 mard=2.0112 lambda=0.0348 pseudo_boxes=79 avg_conf=0.8482 lr=8.16514e-05
[Epoch 018/060] batch 0090/0372 loss=11.6111 det=11.5432 box=0.8934 cls=0.6956 dfl=0.0038 mard=2.0111 lambda=0.0338 pseudo_boxes=59 avg_conf=0.8377 lr=8.16514e-05
[Epoch 018/060] batch 0100/0372 loss=11.1179 det=11.0465 box=0.9536 cls=0.5972 dfl=0.0032 mard=2.0027 lambda=0.0356 pseudo_boxes=56 avg_conf=0.8565 lr=8.16514e-05
[Epoch 018/060] batch 0110/0372 loss=12.8340 det=12.7673 box=0.9996 cls=0.7392 dfl=0.0044 mard=1.9954 lambda=0.0335 pseudo_boxes=88 avg_conf=0.8346 lr=8.16514e-05
[Epoch 018/060] batch 0120/0372 loss=14.3894 det=14.3262 box=1.1389 cls=0.8419 dfl=0.0037 mard=2.0368 lambda=0.0310 pseudo_boxes=72 avg_conf=0.8104 lr=8.16514e-05
[Epoch 018/060] batch 0130/0372 loss=15.1661 det=15.0990 box=1.1772 cls=0.9251 dfl=0.0046 mard=2.0158 lambda=0.0333 pseudo_boxes=89 avg_conf=0.8327 lr=8.16514e-05
[Epoch 018/060] batch 0140/0372 loss=8.0050 det=7.9308 box=0.5857 cls=0.4597 dfl=0.0030 mard=2.0032 lambda=0.0370 pseudo_boxes=57 avg_conf=0.8702 lr=8.16514e-05
[Epoch 018/060] batch 0150/0372 loss=9.9526 det=9.8846 box=0.7474 cls=0.7200 dfl=0.0037 mard=2.0135 lambda=0.0338 pseudo_boxes=65 avg_conf=0.8382 lr=8.16514e-05
[Epoch 018/060] batch 0160/0372 loss=10.1203 det=10.0478 box=0.8174 cls=0.4634 dfl=0.0041 mard=1.9994 lambda=0.0363 pseudo_boxes=82 avg_conf=0.8629 lr=8.16514e-05
[Epoch 018/060] batch 0170/0372 loss=10.6265 det=10.5593 box=0.7643 cls=0.6470 dfl=0.0038 mard=2.0183 lambda=0.0333 pseudo_boxes=73 avg_conf=0.8330 lr=8.16514e-05
[Epoch 018/060] batch 0180/0372 loss=9.7243 det=9.6494 box=0.7823 cls=0.5016 dfl=0.0033 mard=2.0124 lambda=0.0372 pseudo_boxes=65 avg_conf=0.8722 lr=8.16514e-05
[Epoch 018/060] batch 0190/0372 loss=15.8252 det=15.7581 box=1.1677 cls=1.0221 dfl=0.0046 mard=2.0162 lambda=0.0333 pseudo_boxes=48 avg_conf=0.8329 lr=8.16514e-05
[Epoch 018/060] batch 0200/0372 loss=11.5368 det=11.4684 box=0.9832 cls=0.7414 dfl=0.0042 mard=2.0011 lambda=0.0342 pseudo_boxes=40 avg_conf=0.8419 lr=8.16514e-05
[Epoch 018/060] batch 0210/0372 loss=12.2529 det=12.1838 box=0.9191 cls=0.8527 dfl=0.0048 mard=2.0223 lambda=0.0341 pseudo_boxes=76 avg_conf=0.8414 lr=8.16514e-05
[Epoch 018/060] batch 0220/0372 loss=13.1107 det=13.0454 box=0.9714 cls=0.8940 dfl=0.0040 mard=2.0124 lambda=0.0325 pseudo_boxes=74 avg_conf=0.8246 lr=8.16514e-05
[Epoch 018/060] batch 0230/0372 loss=8.6290 det=8.5548 box=0.6671 cls=0.4381 dfl=0.0029 mard=2.0019 lambda=0.0371 pseudo_boxes=45 avg_conf=0.8709 lr=8.16514e-05
[Epoch 018/060] batch 0240/0372 loss=12.6130 det=12.5454 box=0.9975 cls=0.7271 dfl=0.0046 mard=1.9986 lambda=0.0338 pseudo_boxes=76 avg_conf=0.8379 lr=8.16514e-05
[Epoch 018/060] batch 0250/0372 loss=7.7061 det=7.6346 box=0.7108 cls=0.4399 dfl=0.0035 mard=2.0095 lambda=0.0356 pseudo_boxes=82 avg_conf=0.8557 lr=8.16514e-05
[Epoch 018/060] batch 0260/0372 loss=12.6509 det=12.5892 box=1.0148 cls=0.7780 dfl=0.0042 mard=2.0109 lambda=0.0307 pseudo_boxes=64 avg_conf=0.8066 lr=8.16514e-05
[Epoch 018/060] batch 0270/0372 loss=11.8471 det=11.7777 box=0.8401 cls=0.7740 dfl=0.0037 mard=2.0018 lambda=0.0347 pseudo_boxes=80 avg_conf=0.8466 lr=8.16514e-05
[Epoch 018/060] batch 0280/0372 loss=15.5139 det=15.4525 box=1.1119 cls=1.1350 dfl=0.0039 mard=2.0225 lambda=0.0304 pseudo_boxes=55 avg_conf=0.8039 lr=8.16514e-05
[Epoch 018/060] batch 0290/0372 loss=12.2965 det=12.2296 box=1.0213 cls=0.6408 dfl=0.0048 mard=2.0008 lambda=0.0334 pseudo_boxes=101 avg_conf=0.8343 lr=8.16514e-05
[Epoch 018/060] batch 0300/0372 loss=11.3066 det=11.2365 box=0.9800 cls=0.9077 dfl=0.0044 mard=1.9957 lambda=0.0351 pseudo_boxes=76 avg_conf=0.8513 lr=8.16514e-05
[Epoch 018/060] batch 0310/0372 loss=9.5620 det=9.4958 box=0.7373 cls=0.4944 dfl=0.0033 mard=2.0056 lambda=0.0330 pseudo_boxes=104 avg_conf=0.8302 lr=8.16514e-05
[Epoch 018/060] batch 0320/0372 loss=14.4472 det=14.3815 box=1.1233 cls=0.9146 dfl=0.0051 mard=2.0070 lambda=0.0327 pseudo_boxes=121 avg_conf=0.8271 lr=8.16514e-05
[Epoch 018/060] batch 0330/0372 loss=11.9192 det=11.8496 box=0.9630 cls=0.6886 dfl=0.0047 mard=2.0271 lambda=0.0343 pseudo_boxes=103 avg_conf=0.8431 lr=8.16514e-05
[Epoch 018/060] batch 0340/0372 loss=15.6670 det=15.6059 box=1.1659 cls=1.1517 dfl=0.0069 mard=2.0195 lambda=0.0303 pseudo_boxes=62 avg_conf=0.8025 lr=8.16514e-05
[Epoch 018/060] batch 0350/0372 loss=18.8806 det=18.8152 box=1.4165 cls=1.2590 dfl=0.0057 mard=2.0026 lambda=0.0327 pseudo_boxes=79 avg_conf=0.8268 lr=8.16514e-05
[Epoch 018/060] batch 0360/0372 loss=12.4590 det=12.3917 box=1.0257 cls=0.7101 dfl=0.0036 mard=1.9975 lambda=0.0337 pseudo_boxes=96 avg_conf=0.8369 lr=8.16514e-05
[Epoch 018/060] batch 0370/0372 loss=10.8308 det=10.7640 box=0.8591 cls=0.5410 dfl=0.0030 mard=2.0116 lambda=0.0332 pseudo_boxes=95 avg_conf=0.8320 lr=8.16514e-05
[Epoch 018/060] batch 0372/0372 loss=11.2652 det=11.1936 box=0.9944 cls=0.7617 dfl=0.0050 mard=2.0067 lambda=0.0357 pseudo_boxes=50 avg_conf=0.8569 lr=8.16514e-05
[Epoch 018/060] done time=266.1s valid_batches=372 skipped=0 pseudo_boxes=27941 loss=12.3538 det=12.2863 box=0.9533 cls=0.7802 dfl=0.0041 mard=2.0120
[Epoch 019/060] start
[Epoch 019/060] batch 0001/0372 loss=8.3511 det=8.2836 box=0.6191 cls=0.4533 dfl=0.0026 mard=2.0119 lambda=0.0336 pseudo_boxes=65 avg_conf=0.8359 lr=7.95954e-05
[Epoch 019/060] batch 0010/0372 loss=14.9282 det=14.8597 box=1.0890 cls=0.9956 dfl=0.0047 mard=2.0108 lambda=0.0341 pseudo_boxes=53 avg_conf=0.8406 lr=7.95954e-05
[Epoch 019/060] batch 0020/0372 loss=13.2590 det=13.1912 box=1.1022 cls=0.7835 dfl=0.0038 mard=2.0160 lambda=0.0336 pseudo_boxes=80 avg_conf=0.8361 lr=7.95954e-05
[Epoch 019/060] batch 0030/0372 loss=11.6114 det=11.5429 box=0.9328 cls=0.6858 dfl=0.0043 mard=2.0028 lambda=0.0342 pseudo_boxes=78 avg_conf=0.8419 lr=7.95954e-05
[Epoch 019/060] batch 0040/0372 loss=10.9559 det=10.8807 box=0.8627 cls=0.6620 dfl=0.0038 mard=2.0239 lambda=0.0371 pseudo_boxes=53 avg_conf=0.8713 lr=7.95954e-05
[Epoch 019/060] batch 0050/0372 loss=13.2210 det=13.1537 box=0.9963 cls=0.7413 dfl=0.0046 mard=1.9812 lambda=0.0340 pseudo_boxes=89 avg_conf=0.8399 lr=7.95954e-05
[Epoch 019/060] batch 0060/0372 loss=14.0663 det=14.0054 box=1.0419 cls=1.0004 dfl=0.0034 mard=2.0077 lambda=0.0303 pseudo_boxes=74 avg_conf=0.8030 lr=7.95954e-05
[Epoch 019/060] batch 0070/0372 loss=11.0026 det=10.9338 box=0.8608 cls=0.6066 dfl=0.0038 mard=2.0108 lambda=0.0343 pseudo_boxes=79 avg_conf=0.8425 lr=7.95954e-05
[Epoch 019/060] batch 0080/0372 loss=10.2221 det=10.1539 box=0.7821 cls=0.6076 dfl=0.0029 mard=2.0113 lambda=0.0339 pseudo_boxes=87 avg_conf=0.8388 lr=7.95954e-05
[Epoch 019/060] batch 0090/0372 loss=9.5145 det=9.4411 box=0.7733 cls=0.4738 dfl=0.0042 mard=2.0143 lambda=0.0365 pseudo_boxes=71 avg_conf=0.8647 lr=7.95954e-05
[Epoch 019/060] batch 0100/0372 loss=12.1207 det=12.0541 box=0.9292 cls=0.7864 dfl=0.0039 mard=2.0067 lambda=0.0331 pseudo_boxes=74 avg_conf=0.8315 lr=7.95954e-05
[Epoch 019/060] batch 0110/0372 loss=15.3185 det=15.2563 box=1.1051 cls=1.0641 dfl=0.0069 mard=2.0119 lambda=0.0310 pseudo_boxes=74 avg_conf=0.8095 lr=7.95954e-05
[Epoch 019/060] batch 0120/0372 loss=13.7611 det=13.6924 box=1.0148 cls=0.9270 dfl=0.0047 mard=2.0161 lambda=0.0340 pseudo_boxes=86 avg_conf=0.8404 lr=7.95954e-05
[Epoch 019/060] batch 0130/0372 loss=14.7990 det=14.7346 box=1.1100 cls=0.9446 dfl=0.0040 mard=2.0362 lambda=0.0316 pseudo_boxes=79 avg_conf=0.8162 lr=7.95954e-05
[Epoch 019/060] batch 0140/0372 loss=8.7603 det=8.6899 box=0.7074 cls=0.5015 dfl=0.0027 mard=2.0071 lambda=0.0350 pseudo_boxes=72 avg_conf=0.8503 lr=7.95954e-05
[Epoch 019/060] batch 0150/0372 loss=9.1575 det=9.0822 box=0.7539 cls=0.4057 dfl=0.0030 mard=2.0091 lambda=0.0375 pseudo_boxes=61 avg_conf=0.8747 lr=7.95954e-05
[Epoch 019/060] batch 0160/0372 loss=11.1476 det=11.0756 box=0.8530 cls=0.6800 dfl=0.0039 mard=2.0292 lambda=0.0355 pseudo_boxes=78 avg_conf=0.8550 lr=7.95954e-05
[Epoch 019/060] batch 0170/0372 loss=11.0775 det=11.0077 box=0.9146 cls=0.5817 dfl=0.0035 mard=2.0023 lambda=0.0349 pseudo_boxes=72 avg_conf=0.8487 lr=7.95954e-05
[Epoch 019/060] batch 0180/0372 loss=10.9430 det=10.8699 box=0.8879 cls=0.6660 dfl=0.0037 mard=2.0247 lambda=0.0361 pseudo_boxes=85 avg_conf=0.8612 lr=7.95954e-05
[Epoch 019/060] batch 0190/0372 loss=12.4598 det=12.3960 box=0.9836 cls=0.7868 dfl=0.0038 mard=2.0053 lambda=0.0319 pseudo_boxes=77 avg_conf=0.8186 lr=7.95954e-05
[Epoch 019/060] batch 0200/0372 loss=13.1620 det=13.0935 box=0.9776 cls=0.8961 dfl=0.0039 mard=2.0052 lambda=0.0342 pseudo_boxes=91 avg_conf=0.8416 lr=7.95954e-05
[Epoch 019/060] batch 0210/0372 loss=10.7081 det=10.6390 box=0.8048 cls=0.5844 dfl=0.0040 mard=2.0046 lambda=0.0345 pseudo_boxes=71 avg_conf=0.8448 lr=7.95954e-05
[Epoch 019/060] batch 0220/0372 loss=12.4299 det=12.3647 box=1.0415 cls=0.7091 dfl=0.0033 mard=1.9897 lambda=0.0328 pseudo_boxes=87 avg_conf=0.8280 lr=7.95954e-05
[Epoch 019/060] batch 0230/0372 loss=14.6711 det=14.6051 box=1.0353 cls=1.1287 dfl=0.0052 mard=2.0211 lambda=0.0327 pseudo_boxes=66 avg_conf=0.8265 lr=7.95954e-05
[Epoch 019/060] batch 0240/0372 loss=10.2785 det=10.2062 box=0.8044 cls=0.5762 dfl=0.0031 mard=2.0128 lambda=0.0359 pseudo_boxes=82 avg_conf=0.8592 lr=7.95954e-05
[Epoch 019/060] batch 0250/0372 loss=10.8855 det=10.8241 box=0.8076 cls=0.6441 dfl=0.0031 mard=1.9965 lambda=0.0308 pseudo_boxes=97 avg_conf=0.8078 lr=7.95954e-05
[Epoch 019/060] batch 0260/0372 loss=11.4326 det=11.3617 box=0.9403 cls=0.6240 dfl=0.0032 mard=2.0065 lambda=0.0353 pseudo_boxes=75 avg_conf=0.8533 lr=7.95954e-05
[Epoch 019/060] batch 0270/0372 loss=12.2094 det=12.1480 box=0.9168 cls=0.7389 dfl=0.0035 mard=2.0111 lambda=0.0305 pseudo_boxes=78 avg_conf=0.8055 lr=7.95954e-05
[Epoch 019/060] batch 0280/0372 loss=14.2347 det=14.1679 box=1.1405 cls=0.7297 dfl=0.0043 mard=2.0025 lambda=0.0333 pseudo_boxes=74 avg_conf=0.8333 lr=7.95954e-05
[Epoch 019/060] batch 0290/0372 loss=15.0058 det=14.9387 box=1.0752 cls=1.0168 dfl=0.0048 mard=2.0050 lambda=0.0334 pseudo_boxes=86 avg_conf=0.8344 lr=7.95954e-05
[Epoch 019/060] batch 0300/0372 loss=15.6765 det=15.6094 box=1.1116 cls=1.2353 dfl=0.0061 mard=2.0165 lambda=0.0333 pseudo_boxes=67 avg_conf=0.8328 lr=7.95954e-05
[Epoch 019/060] batch 0310/0372 loss=12.6447 det=12.5808 box=0.9699 cls=0.8092 dfl=0.0044 mard=2.0145 lambda=0.0317 pseudo_boxes=75 avg_conf=0.8174 lr=7.95954e-05
[Epoch 019/060] batch 0320/0372 loss=9.7203 det=9.6489 box=0.7238 cls=0.5751 dfl=0.0031 mard=2.0158 lambda=0.0354 pseudo_boxes=65 avg_conf=0.8543 lr=7.95954e-05
[Epoch 019/060] batch 0330/0372 loss=12.3439 det=12.2741 box=0.9415 cls=0.8022 dfl=0.0051 mard=2.0075 lambda=0.0348 pseudo_boxes=68 avg_conf=0.8475 lr=7.95954e-05
[Epoch 019/060] batch 0340/0372 loss=10.5805 det=10.5120 box=0.8461 cls=0.5879 dfl=0.0028 mard=2.0076 lambda=0.0341 pseudo_boxes=80 avg_conf=0.8412 lr=7.95954e-05
[Epoch 019/060] batch 0350/0372 loss=12.3552 det=12.2869 box=0.9875 cls=0.7160 dfl=0.0049 mard=1.9975 lambda=0.0342 pseudo_boxes=84 avg_conf=0.8421 lr=7.95954e-05
[Epoch 019/060] batch 0360/0372 loss=13.0250 det=12.9569 box=1.0380 cls=0.8600 dfl=0.0049 mard=2.0402 lambda=0.0334 pseudo_boxes=68 avg_conf=0.8339 lr=7.95954e-05
[Epoch 019/060] batch 0370/0372 loss=10.3000 det=10.2324 box=0.8428 cls=0.6083 dfl=0.0030 mard=1.9996 lambda=0.0338 pseudo_boxes=77 avg_conf=0.8381 lr=7.95954e-05
[Epoch 019/060] batch 0372/0372 loss=8.6511 det=8.5849 box=0.6409 cls=0.6958 dfl=0.0032 mard=2.0277 lambda=0.0326 pseudo_boxes=51 avg_conf=0.8263 lr=7.95954e-05
[Epoch 019/060] done time=266.0s valid_batches=372 skipped=0 pseudo_boxes=27967 loss=12.2972 det=12.2297 box=0.9474 cls=0.7768 dfl=0.0040 mard=2.0135
[Epoch 020/060] start
[Epoch 020/060] batch 0001/0372 loss=12.3750 det=12.3130 box=1.0125 cls=0.7235 dfl=0.0044 mard=2.0221 lambda=0.0307 pseudo_boxes=63 avg_conf=0.8067 lr=7.74596e-05
[Epoch 020/060] batch 0010/0372 loss=10.4318 det=10.3583 box=0.7414 cls=0.6769 dfl=0.0033 mard=2.0190 lambda=0.0364 pseudo_boxes=54 avg_conf=0.8637 lr=7.74596e-05
[Epoch 020/060] batch 0020/0372 loss=10.9105 det=10.8393 box=0.7953 cls=0.7051 dfl=0.0027 mard=2.0090 lambda=0.0354 pseudo_boxes=72 avg_conf=0.8541 lr=7.74596e-05
[Epoch 020/060] batch 0030/0372 loss=10.9570 det=10.8870 box=0.8170 cls=0.6687 dfl=0.0037 mard=2.0143 lambda=0.0348 pseudo_boxes=88 avg_conf=0.8479 lr=7.74596e-05
[Epoch 020/060] batch 0040/0372 loss=10.3263 det=10.2625 box=0.8244 cls=0.5144 dfl=0.0037 mard=1.9979 lambda=0.0320 pseudo_boxes=98 avg_conf=0.8196 lr=7.74596e-05
[Epoch 020/060] batch 0050/0372 loss=14.6216 det=14.5557 box=0.9867 cls=1.1274 dfl=0.0048 mard=2.0070 lambda=0.0328 pseudo_boxes=54 avg_conf=0.8284 lr=7.74596e-05
[Epoch 020/060] batch 0060/0372 loss=14.6485 det=14.5834 box=1.1062 cls=0.8385 dfl=0.0032 mard=2.0013 lambda=0.0325 pseudo_boxes=85 avg_conf=0.8250 lr=7.74596e-05
[Epoch 020/060] batch 0070/0372 loss=15.2623 det=15.1976 box=1.1714 cls=1.0709 dfl=0.0051 mard=2.0073 lambda=0.0322 pseudo_boxes=57 avg_conf=0.8223 lr=7.74596e-05
[Epoch 020/060] batch 0080/0372 loss=16.9368 det=16.8650 box=1.3269 cls=0.9371 dfl=0.0061 mard=2.0308 lambda=0.0354 pseudo_boxes=77 avg_conf=0.8535 lr=7.74596e-05
[Epoch 020/060] batch 0090/0372 loss=15.7874 det=15.7288 box=1.1743 cls=1.1096 dfl=0.0048 mard=2.0097 lambda=0.0292 pseudo_boxes=92 avg_conf=0.7917 lr=7.74596e-05
[Epoch 020/060] batch 0100/0372 loss=11.6140 det=11.5507 box=0.9063 cls=0.7416 dfl=0.0038 mard=2.0095 lambda=0.0315 pseudo_boxes=85 avg_conf=0.8153 lr=7.74596e-05
[Epoch 020/060] batch 0110/0372 loss=10.4051 det=10.3434 box=0.8023 cls=0.5959 dfl=0.0029 mard=1.9955 lambda=0.0309 pseudo_boxes=120 avg_conf=0.8090 lr=7.74596e-05
[Epoch 020/060] batch 0120/0372 loss=11.4235 det=11.3585 box=0.8433 cls=0.7083 dfl=0.0038 mard=2.0085 lambda=0.0324 pseudo_boxes=91 avg_conf=0.8237 lr=7.74596e-05
[Epoch 020/060] batch 0130/0372 loss=15.1824 det=15.1174 box=1.1212 cls=0.9551 dfl=0.0042 mard=2.0311 lambda=0.0320 pseudo_boxes=87 avg_conf=0.8201 lr=7.74596e-05
[Epoch 020/060] batch 0140/0372 loss=14.8072 det=14.7479 box=1.1282 cls=0.8560 dfl=0.0035 mard=1.9989 lambda=0.0296 pseudo_boxes=90 avg_conf=0.7964 lr=7.74596e-05
[Epoch 020/060] batch 0150/0372 loss=11.7562 det=11.6910 box=0.8255 cls=0.8056 dfl=0.0029 mard=2.0089 lambda=0.0325 pseudo_boxes=93 avg_conf=0.8245 lr=7.74596e-05
[Epoch 020/060] batch 0160/0372 loss=12.4155 det=12.3489 box=1.0601 cls=0.9182 dfl=0.0048 mard=2.0129 lambda=0.0331 pseudo_boxes=65 avg_conf=0.8312 lr=7.74596e-05
[Epoch 020/060] batch 0170/0372 loss=12.6058 det=12.5405 box=0.9660 cls=0.7650 dfl=0.0043 mard=2.0169 lambda=0.0324 pseudo_boxes=82 avg_conf=0.8239 lr=7.74596e-05
[Epoch 020/060] batch 0180/0372 loss=16.9318 det=16.8686 box=1.2087 cls=1.1823 dfl=0.0035 mard=2.0046 lambda=0.0316 pseudo_boxes=75 avg_conf=0.8156 lr=7.74596e-05
[Epoch 020/060] batch 0190/0372 loss=15.3882 det=15.3186 box=1.1970 cls=0.8981 dfl=0.0057 mard=2.0172 lambda=0.0345 pseudo_boxes=65 avg_conf=0.8450 lr=7.74596e-05
[Epoch 020/060] batch 0200/0372 loss=12.5073 det=12.4427 box=0.9252 cls=0.7702 dfl=0.0048 mard=2.0005 lambda=0.0323 pseudo_boxes=75 avg_conf=0.8230 lr=7.74596e-05
[Epoch 020/060] batch 0210/0372 loss=12.0715 det=12.0037 box=0.9371 cls=0.7303 dfl=0.0045 mard=2.0141 lambda=0.0337 pseudo_boxes=79 avg_conf=0.8368 lr=7.74596e-05
[Epoch 020/060] batch 0220/0372 loss=11.5025 det=11.4329 box=0.9102 cls=0.6854 dfl=0.0034 mard=2.0053 lambda=0.0347 pseudo_boxes=73 avg_conf=0.8467 lr=7.74596e-05
[Epoch 020/060] batch 0230/0372 loss=11.8488 det=11.7731 box=0.9180 cls=0.6901 dfl=0.0038 mard=2.0179 lambda=0.0375 pseudo_boxes=52 avg_conf=0.8753 lr=7.74596e-05
[Epoch 020/060] batch 0240/0372 loss=13.2842 det=13.2168 box=1.0596 cls=0.8799 dfl=0.0046 mard=2.0060 lambda=0.0336 pseudo_boxes=87 avg_conf=0.8359 lr=7.74596e-05
[Epoch 020/060] batch 0250/0372 loss=11.1976 det=11.1309 box=0.9137 cls=0.6511 dfl=0.0043 mard=2.0190 lambda=0.0330 pseudo_boxes=72 avg_conf=0.8301 lr=7.74596e-05
[Epoch 020/060] batch 0260/0372 loss=11.4461 det=11.3791 box=0.8757 cls=0.6905 dfl=0.0040 mard=2.0180 lambda=0.0332 pseudo_boxes=66 avg_conf=0.8318 lr=7.74596e-05
[Epoch 020/060] batch 0270/0372 loss=11.1002 det=11.0316 box=0.8590 cls=0.7473 dfl=0.0030 mard=2.0270 lambda=0.0339 pseudo_boxes=98 avg_conf=0.8385 lr=7.74596e-05
[Epoch 020/060] batch 0280/0372 loss=12.1683 det=12.1021 box=0.9056 cls=0.6793 dfl=0.0034 mard=1.9933 lambda=0.0333 pseudo_boxes=109 avg_conf=0.8326 lr=7.74596e-05
[Epoch 020/060] batch 0290/0372 loss=13.2904 det=13.2200 box=0.9630 cls=0.8547 dfl=0.0033 mard=1.9937 lambda=0.0353 pseudo_boxes=73 avg_conf=0.8533 lr=7.74596e-05
[Epoch 020/060] batch 0300/0372 loss=12.9427 det=12.8748 box=0.8986 cls=0.8920 dfl=0.0055 mard=2.0097 lambda=0.0338 pseudo_boxes=66 avg_conf=0.8377 lr=7.74596e-05
[Epoch 020/060] batch 0310/0372 loss=6.4883 det=6.4193 box=0.6579 cls=0.4777 dfl=0.0025 mard=1.9890 lambda=0.0347 pseudo_boxes=42 avg_conf=0.8467 lr=7.74596e-05
[Epoch 020/060] batch 0320/0372 loss=12.4158 det=12.3454 box=0.9466 cls=0.7902 dfl=0.0040 mard=2.0266 lambda=0.0347 pseudo_boxes=83 avg_conf=0.8475 lr=7.74596e-05
[Epoch 020/060] batch 0330/0372 loss=12.0662 det=11.9905 box=1.0227 cls=0.6073 dfl=0.0056 mard=2.0184 lambda=0.0375 pseudo_boxes=61 avg_conf=0.8750 lr=7.74596e-05
[Epoch 020/060] batch 0340/0372 loss=15.7196 det=15.6567 box=1.2040 cls=0.9258 dfl=0.0046 mard=1.9943 lambda=0.0315 pseudo_boxes=102 avg_conf=0.8154 lr=7.74596e-05
[Epoch 020/060] batch 0350/0372 loss=18.8364 det=18.7752 box=1.4354 cls=1.2053 dfl=0.0059 mard=2.0115 lambda=0.0304 pseudo_boxes=112 avg_conf=0.8044 lr=7.74596e-05
[Epoch 020/060] batch 0360/0372 loss=15.8491 det=15.7933 box=1.3507 cls=1.1807 dfl=0.0052 mard=2.0126 lambda=0.0278 pseudo_boxes=77 avg_conf=0.7776 lr=7.74596e-05
[Epoch 020/060] batch 0370/0372 loss=10.7067 det=10.6306 box=0.8537 cls=0.6084 dfl=0.0034 mard=2.0093 lambda=0.0379 pseudo_boxes=70 avg_conf=0.8787 lr=7.74596e-05
[Epoch 020/060] batch 0372/0372 loss=10.1628 det=10.0965 box=0.8969 cls=0.6962 dfl=0.0030 mard=2.0176 lambda=0.0329 pseudo_boxes=50 avg_conf=0.8286 lr=7.74596e-05
[Epoch 020/060] done time=266.2s valid_batches=372 skipped=0 pseudo_boxes=27895 loss=12.1805 det=12.1126 box=0.9376 cls=0.7624 dfl=0.0040 mard=2.0118
[Epoch 020/060] saved student: /home/dang/research/runs/c2f_rtsfod_yolo26m_pretrained/checkpoints/yolo26_stage2_rtsfod_epoch_20.pt
[Epoch 021/060] start
[Epoch 021/060] batch 0001/0372 loss=16.2452 det=16.1862 box=1.2383 cls=1.3592 dfl=0.0049 mard=2.0227 lambda=0.0292 pseudo_boxes=49 avg_conf=0.7918 lr=7.525e-05
[Epoch 021/060] batch 0010/0372 loss=7.9835 det=7.9123 box=0.7185 cls=0.4862 dfl=0.0038 mard=2.0065 lambda=0.0355 pseudo_boxes=73 avg_conf=0.8549 lr=7.525e-05
[Epoch 021/060] batch 0020/0372 loss=12.2885 det=12.2195 box=1.0118 cls=0.6633 dfl=0.0043 mard=2.0347 lambda=0.0339 pseudo_boxes=87 avg_conf=0.8392 lr=7.525e-05
[Epoch 021/060] batch 0030/0372 loss=15.1454 det=15.0773 box=1.2031 cls=1.3265 dfl=0.0048 mard=2.0448 lambda=0.0333 pseudo_boxes=70 avg_conf=0.8335 lr=7.525e-05
[Epoch 021/060] batch 0040/0372 loss=14.6708 det=14.5962 box=0.9474 cls=1.1617 dfl=0.0041 mard=2.0243 lambda=0.0368 pseudo_boxes=48 avg_conf=0.8685 lr=7.525e-05
[Epoch 021/060] batch 0050/0372 loss=13.3273 det=13.2622 box=1.0720 cls=0.7330 dfl=0.0045 mard=2.0105 lambda=0.0324 pseudo_boxes=81 avg_conf=0.8239 lr=7.525e-05
[Epoch 021/060] batch 0060/0372 loss=12.2034 det=12.1404 box=0.9644 cls=0.7049 dfl=0.0038 mard=2.0168 lambda=0.0313 pseudo_boxes=75 avg_conf=0.8126 lr=7.525e-05
[Epoch 021/060] batch 0070/0372 loss=12.9579 det=12.8873 box=1.0118 cls=0.7213 dfl=0.0044 mard=2.0135 lambda=0.0350 pseudo_boxes=63 avg_conf=0.8503 lr=7.525e-05
[Epoch 021/060] batch 0080/0372 loss=11.7898 det=11.7211 box=0.8680 cls=0.6631 dfl=0.0036 mard=2.0089 lambda=0.0342 pseudo_boxes=91 avg_conf=0.8420 lr=7.525e-05
[Epoch 021/060] batch 0090/0372 loss=12.7539 det=12.6873 box=1.1927 cls=0.8437 dfl=0.0037 mard=2.0340 lambda=0.0328 pseudo_boxes=81 avg_conf=0.8276 lr=7.525e-05
[Epoch 021/060] batch 0100/0372 loss=12.9373 det=12.8761 box=0.9517 cls=0.7802 dfl=0.0037 mard=2.0025 lambda=0.0306 pseudo_boxes=65 avg_conf=0.8058 lr=7.525e-05
[Epoch 021/060] batch 0110/0372 loss=12.6953 det=12.6381 box=0.9442 cls=0.7895 dfl=0.0029 mard=2.0090 lambda=0.0285 pseudo_boxes=114 avg_conf=0.7847 lr=7.525e-05
[Epoch 021/060] batch 0120/0372 loss=11.2122 det=11.1426 box=0.8619 cls=0.6853 dfl=0.0048 mard=2.0059 lambda=0.0347 pseudo_boxes=102 avg_conf=0.8471 lr=7.525e-05
[Epoch 021/060] batch 0130/0372 loss=13.9140 det=13.8509 box=1.0727 cls=0.7478 dfl=0.0034 mard=2.0156 lambda=0.0313 pseudo_boxes=94 avg_conf=0.8131 lr=7.525e-05
[Epoch 021/060] batch 0140/0372 loss=16.3455 det=16.2803 box=1.2414 cls=1.1274 dfl=0.0058 mard=2.0248 lambda=0.0322 pseudo_boxes=61 avg_conf=0.8219 lr=7.525e-05
[Epoch 021/060] batch 0150/0372 loss=11.1940 det=11.1215 box=0.8515 cls=0.6912 dfl=0.0048 mard=2.0254 lambda=0.0358 pseudo_boxes=75 avg_conf=0.8580 lr=7.525e-05
[Epoch 021/060] batch 0160/0372 loss=12.1481 det=12.0818 box=0.9476 cls=0.7013 dfl=0.0050 mard=2.0069 lambda=0.0330 pseudo_boxes=88 avg_conf=0.8304 lr=7.525e-05
[Epoch 021/060] batch 0170/0372 loss=11.6165 det=11.5491 box=0.8658 cls=0.7947 dfl=0.0035 mard=2.0233 lambda=0.0333 pseudo_boxes=65 avg_conf=0.8328 lr=7.525e-05
[Epoch 021/060] batch 0180/0372 loss=9.3003 det=9.2285 box=0.7940 cls=0.7220 dfl=0.0032 mard=2.0266 lambda=0.0354 pseudo_boxes=56 avg_conf=0.8540 lr=7.525e-05
[Epoch 021/060] batch 0190/0372 loss=13.6896 det=13.6244 box=1.0151 cls=0.8903 dfl=0.0041 mard=2.0256 lambda=0.0322 pseudo_boxes=72 avg_conf=0.8217 lr=7.525e-05
[Epoch 021/060] batch 0200/0372 loss=10.6314 det=10.5610 box=0.8410 cls=0.6235 dfl=0.0031 mard=2.0117 lambda=0.0350 pseudo_boxes=58 avg_conf=0.8500 lr=7.525e-05
[Epoch 021/060] batch 0210/0372 loss=12.9778 det=12.9111 box=1.0340 cls=0.9673 dfl=0.0041 mard=2.0157 lambda=0.0331 pseudo_boxes=84 avg_conf=0.8309 lr=7.525e-05
[Epoch 021/060] batch 0220/0372 loss=11.8526 det=11.7831 box=0.8421 cls=0.7635 dfl=0.0044 mard=2.0050 lambda=0.0346 pseudo_boxes=72 avg_conf=0.8462 lr=7.525e-05
[Epoch 021/060] batch 0230/0372 loss=14.9928 det=14.9238 box=1.0577 cls=1.0164 dfl=0.0049 mard=2.0017 lambda=0.0345 pseudo_boxes=74 avg_conf=0.8448 lr=7.525e-05
[Epoch 021/060] batch 0240/0372 loss=12.4127 det=12.3479 box=0.8766 cls=0.8713 dfl=0.0034 mard=2.0127 lambda=0.0322 pseudo_boxes=76 avg_conf=0.8222 lr=7.525e-05
[Epoch 021/060] batch 0250/0372 loss=17.6874 det=17.6260 box=1.3167 cls=1.2632 dfl=0.0044 mard=1.9998 lambda=0.0307 pseudo_boxes=55 avg_conf=0.8074 lr=7.525e-05
[Epoch 021/060] batch 0260/0372 loss=15.9859 det=15.9221 box=1.2497 cls=1.0472 dfl=0.0063 mard=2.0060 lambda=0.0318 pseudo_boxes=91 avg_conf=0.8177 lr=7.525e-05
[Epoch 021/060] batch 0270/0372 loss=11.4041 det=11.3342 box=0.8488 cls=0.6963 dfl=0.0035 mard=2.0101 lambda=0.0348 pseudo_boxes=78 avg_conf=0.8479 lr=7.525e-05
[Epoch 021/060] batch 0280/0372 loss=10.6595 det=10.5909 box=0.7720 cls=0.6249 dfl=0.0025 mard=1.9984 lambda=0.0343 pseudo_boxes=82 avg_conf=0.8435 lr=7.525e-05
[Epoch 021/060] batch 0290/0372 loss=13.8004 det=13.7400 box=0.9939 cls=0.8671 dfl=0.0034 mard=2.0002 lambda=0.0302 pseudo_boxes=89 avg_conf=0.8022 lr=7.525e-05
[Epoch 021/060] batch 0300/0372 loss=12.2817 det=12.2152 box=0.9241 cls=0.8384 dfl=0.0036 mard=2.0111 lambda=0.0331 pseudo_boxes=77 avg_conf=0.8308 lr=7.525e-05
[Epoch 021/060] batch 0310/0372 loss=12.0105 det=11.9405 box=0.8994 cls=0.8511 dfl=0.0033 mard=2.0055 lambda=0.0349 pseudo_boxes=72 avg_conf=0.8490 lr=7.525e-05
[Epoch 021/060] batch 0320/0372 loss=12.0559 det=11.9875 box=0.9471 cls=0.7315 dfl=0.0041 mard=2.0139 lambda=0.0340 pseudo_boxes=68 avg_conf=0.8399 lr=7.525e-05
[Epoch 021/060] batch 0330/0372 loss=10.7025 det=10.6307 box=0.8226 cls=0.6150 dfl=0.0037 mard=2.0141 lambda=0.0356 pseudo_boxes=48 avg_conf=0.8565 lr=7.525e-05
[Epoch 021/060] batch 0340/0372 loss=10.3165 det=10.2484 box=0.8302 cls=0.5589 dfl=0.0029 mard=2.0010 lambda=0.0341 pseudo_boxes=92 avg_conf=0.8405 lr=7.525e-05
[Epoch 021/060] batch 0350/0372 loss=11.6441 det=11.5756 box=0.8938 cls=0.7814 dfl=0.0036 mard=2.0197 lambda=0.0339 pseudo_boxes=69 avg_conf=0.8393 lr=7.525e-05
[Epoch 021/060] batch 0360/0372 loss=9.5857 det=9.5145 box=0.7274 cls=0.5668 dfl=0.0030 mard=2.0059 lambda=0.0355 pseudo_boxes=69 avg_conf=0.8549 lr=7.525e-05
[Epoch 021/060] batch 0370/0372 loss=11.5717 det=11.5065 box=0.8591 cls=0.6986 dfl=0.0034 mard=2.0075 lambda=0.0325 pseudo_boxes=111 avg_conf=0.8250 lr=7.525e-05
[Epoch 021/060] batch 0372/0372 loss=11.7011 det=11.6329 box=1.0291 cls=0.8144 dfl=0.0072 mard=2.0208 lambda=0.0337 pseudo_boxes=44 avg_conf=0.8372 lr=7.525e-05
[Epoch 021/060] done time=266.2s valid_batches=372 skipped=0 pseudo_boxes=28019 loss=12.1466 det=12.0791 box=0.9341 cls=0.7582 dfl=0.0040 mard=2.0120
[Epoch 022/060] start
[Epoch 022/060] batch 0001/0372 loss=9.8054 det=9.7410 box=0.9022 cls=0.5349 dfl=0.0031 mard=1.9916 lambda=0.0323 pseudo_boxes=71 avg_conf=0.8235 lr=7.29725e-05
[Epoch 022/060] batch 0010/0372 loss=9.3882 det=9.3166 box=0.7372 cls=0.5466 dfl=0.0027 mard=2.0044 lambda=0.0357 pseudo_boxes=63 avg_conf=0.8573 lr=7.29725e-05
[Epoch 022/060] batch 0020/0372 loss=16.7596 det=16.6923 box=1.2879 cls=1.1550 dfl=0.0067 mard=2.0212 lambda=0.0333 pseudo_boxes=69 avg_conf=0.8329 lr=7.29725e-05
[Epoch 022/060] batch 0030/0372 loss=12.8486 det=12.7785 box=0.9726 cls=0.8343 dfl=0.0046 mard=2.0116 lambda=0.0348 pseudo_boxes=90 avg_conf=0.8484 lr=7.29725e-05
[Epoch 022/060] batch 0040/0372 loss=16.3321 det=16.2645 box=1.2030 cls=1.0985 dfl=0.0044 mard=2.0143 lambda=0.0336 pseudo_boxes=81 avg_conf=0.8355 lr=7.29725e-05
[Epoch 022/060] batch 0050/0372 loss=10.3140 det=10.2467 box=0.7829 cls=0.6493 dfl=0.0026 mard=2.0034 lambda=0.0336 pseudo_boxes=60 avg_conf=0.8360 lr=7.29725e-05
[Epoch 022/060] batch 0060/0372 loss=14.7336 det=14.6715 box=1.0940 cls=0.9074 dfl=0.0046 mard=2.0282 lambda=0.0306 pseudo_boxes=90 avg_conf=0.8064 lr=7.29725e-05
[Epoch 022/060] batch 0070/0372 loss=9.5583 det=9.4889 box=0.7172 cls=0.5415 dfl=0.0026 mard=1.9988 lambda=0.0347 pseudo_boxes=69 avg_conf=0.8473 lr=7.29725e-05
[Epoch 022/060] batch 0080/0372 loss=13.2413 det=13.1742 box=0.9740 cls=0.8339 dfl=0.0038 mard=2.0158 lambda=0.0333 pseudo_boxes=60 avg_conf=0.8330 lr=7.29725e-05
[Epoch 022/060] batch 0090/0372 loss=11.5898 det=11.5207 box=0.8328 cls=0.7267 dfl=0.0034 mard=2.0180 lambda=0.0343 pseudo_boxes=86 avg_conf=0.8427 lr=7.29725e-05
[Epoch 022/060] batch 0100/0372 loss=9.2221 det=9.1534 box=0.6661 cls=0.6207 dfl=0.0028 mard=1.9990 lambda=0.0344 pseudo_boxes=70 avg_conf=0.8436 lr=7.29725e-05
[Epoch 022/060] batch 0110/0372 loss=12.9978 det=12.9296 box=0.9501 cls=0.8737 dfl=0.0036 mard=2.0211 lambda=0.0338 pseudo_boxes=82 avg_conf=0.8377 lr=7.29725e-05
[Epoch 022/060] batch 0120/0372 loss=18.6178 det=18.5552 box=1.3001 cls=1.3242 dfl=0.0055 mard=2.0048 lambda=0.0313 pseudo_boxes=55 avg_conf=0.8127 lr=7.29725e-05
[Epoch 022/060] batch 0130/0372 loss=13.0579 det=12.9906 box=1.0556 cls=0.7317 dfl=0.0039 mard=2.0206 lambda=0.0333 pseudo_boxes=88 avg_conf=0.8331 lr=7.29725e-05
[Epoch 022/060] batch 0140/0372 loss=9.5906 det=9.5220 box=0.7046 cls=0.5862 dfl=0.0026 mard=2.0157 lambda=0.0341 pseudo_boxes=77 avg_conf=0.8405 lr=7.29725e-05
[Epoch 022/060] batch 0150/0372 loss=9.3538 det=9.2787 box=0.6388 cls=0.5538 dfl=0.0044 mard=2.0244 lambda=0.0371 pseudo_boxes=59 avg_conf=0.8710 lr=7.29725e-05
[Epoch 022/060] batch 0160/0372 loss=11.4015 det=11.3369 box=0.7420 cls=0.8231 dfl=0.0031 mard=2.0196 lambda=0.0320 pseudo_boxes=87 avg_conf=0.8201 lr=7.29725e-05
[Epoch 022/060] batch 0170/0372 loss=18.0035 det=17.9468 box=1.3904 cls=1.0126 dfl=0.0063 mard=2.0049 lambda=0.0283 pseudo_boxes=94 avg_conf=0.7826 lr=7.29725e-05
[Epoch 022/060] batch 0180/0372 loss=11.1982 det=11.1299 box=0.8497 cls=0.6473 dfl=0.0034 mard=2.0041 lambda=0.0341 pseudo_boxes=71 avg_conf=0.8408 lr=7.29725e-05
[Epoch 022/060] batch 0190/0372 loss=6.8350 det=6.7574 box=0.6112 cls=0.3821 dfl=0.0034 mard=2.0168 lambda=0.0384 pseudo_boxes=61 avg_conf=0.8844 lr=7.29725e-05
[Epoch 022/060] batch 0200/0372 loss=11.1448 det=11.0754 box=0.8014 cls=0.7289 dfl=0.0028 mard=1.9900 lambda=0.0348 pseudo_boxes=72 avg_conf=0.8483 lr=7.29725e-05
[Epoch 022/060] batch 0210/0372 loss=11.0463 det=10.9781 box=0.9452 cls=0.6163 dfl=0.0030 mard=2.0280 lambda=0.0336 pseudo_boxes=57 avg_conf=0.8364 lr=7.29725e-05
[Epoch 022/060] batch 0220/0372 loss=13.3193 det=13.2621 box=1.0338 cls=0.8492 dfl=0.0044 mard=2.0153 lambda=0.0284 pseudo_boxes=102 avg_conf=0.7838 lr=7.29725e-05
[Epoch 022/060] batch 0230/0372 loss=12.0100 det=11.9388 box=0.8589 cls=0.7299 dfl=0.0034 mard=2.0069 lambda=0.0355 pseudo_boxes=84 avg_conf=0.8545 lr=7.29725e-05
[Epoch 022/060] batch 0240/0372 loss=13.0941 det=13.0269 box=0.9825 cls=0.8339 dfl=0.0051 mard=2.0100 lambda=0.0334 pseudo_boxes=82 avg_conf=0.8343 lr=7.29725e-05
[Epoch 022/060] batch 0250/0372 loss=13.2742 det=13.2091 box=1.0258 cls=0.7955 dfl=0.0049 mard=2.0112 lambda=0.0324 pseudo_boxes=76 avg_conf=0.8238 lr=7.29725e-05
[Epoch 022/060] batch 0260/0372 loss=13.7180 det=13.6481 box=1.0290 cls=0.9499 dfl=0.0053 mard=2.0174 lambda=0.0346 pseudo_boxes=76 avg_conf=0.8463 lr=7.29725e-05
[Epoch 022/060] batch 0270/0372 loss=11.7795 det=11.7162 box=0.9260 cls=0.6726 dfl=0.0027 mard=2.0276 lambda=0.0312 pseudo_boxes=65 avg_conf=0.8119 lr=7.29725e-05
[Epoch 022/060] batch 0280/0372 loss=11.9958 det=11.9320 box=0.8944 cls=0.6696 dfl=0.0033 mard=2.0112 lambda=0.0317 pseudo_boxes=77 avg_conf=0.8174 lr=7.29725e-05
[Epoch 022/060] batch 0290/0372 loss=12.9195 det=12.8499 box=0.9522 cls=0.7838 dfl=0.0040 mard=2.0064 lambda=0.0347 pseudo_boxes=63 avg_conf=0.8471 lr=7.29725e-05
[Epoch 022/060] batch 0300/0372 loss=16.2899 det=16.2252 box=1.1808 cls=1.0749 dfl=0.0056 mard=2.0024 lambda=0.0323 pseudo_boxes=73 avg_conf=0.8233 lr=7.29725e-05
[Epoch 022/060] batch 0310/0372 loss=9.6842 det=9.6131 box=0.7553 cls=0.5823 dfl=0.0033 mard=2.0112 lambda=0.0354 pseudo_boxes=57 avg_conf=0.8535 lr=7.29725e-05
[Epoch 022/060] batch 0320/0372 loss=11.6693 det=11.5973 box=0.8958 cls=0.8020 dfl=0.0040 mard=2.0119 lambda=0.0358 pseudo_boxes=80 avg_conf=0.8579 lr=7.29725e-05
[Epoch 022/060] batch 0330/0372 loss=10.4917 det=10.4210 box=0.9262 cls=0.7059 dfl=0.0035 mard=2.0346 lambda=0.0348 pseudo_boxes=64 avg_conf=0.8478 lr=7.29725e-05
[Epoch 022/060] batch 0340/0372 loss=12.2608 det=12.1939 box=0.9559 cls=0.7970 dfl=0.0036 mard=2.0068 lambda=0.0333 pseudo_boxes=75 avg_conf=0.8333 lr=7.29725e-05
[Epoch 022/060] batch 0350/0372 loss=9.0410 det=8.9729 box=0.7129 cls=0.4901 dfl=0.0042 mard=2.0034 lambda=0.0340 pseudo_boxes=74 avg_conf=0.8401 lr=7.29725e-05
[Epoch 022/060] batch 0360/0372 loss=15.0953 det=15.0282 box=1.0970 cls=1.0302 dfl=0.0048 mard=2.0232 lambda=0.0332 pseudo_boxes=77 avg_conf=0.8318 lr=7.29725e-05
[Epoch 022/060] batch 0370/0372 loss=12.0749 det=12.0074 box=0.8491 cls=0.7105 dfl=0.0038 mard=1.9977 lambda=0.0338 pseudo_boxes=51 avg_conf=0.8382 lr=7.29725e-05
[Epoch 022/060] batch 0372/0372 loss=15.8656 det=15.8026 box=1.3642 cls=1.3269 dfl=0.0049 mard=2.0227 lambda=0.0311 pseudo_boxes=74 avg_conf=0.8114 lr=7.29725e-05
[Epoch 022/060] done time=266.1s valid_batches=372 skipped=0 pseudo_boxes=27975 loss=12.3439 det=12.2763 box=0.9435 cls=0.7774 dfl=0.0040 mard=2.0121
[Epoch 023/060] start
[Epoch 023/060] batch 0001/0372 loss=12.7054 det=12.6324 box=0.8960 cls=0.8696 dfl=0.0032 mard=2.0242 lambda=0.0361 pseudo_boxes=61 avg_conf=0.8608 lr=7.06335e-05
[Epoch 023/060] batch 0010/0372 loss=14.0663 det=14.0030 box=1.0681 cls=0.8554 dfl=0.0043 mard=2.0122 lambda=0.0314 pseudo_boxes=120 avg_conf=0.8143 lr=7.06335e-05
[Epoch 023/060] batch 0020/0372 loss=9.9449 det=9.8711 box=0.7916 cls=0.5369 dfl=0.0033 mard=2.0351 lambda=0.0363 pseudo_boxes=71 avg_conf=0.8628 lr=7.06335e-05
[Epoch 023/060] batch 0030/0372 loss=12.0762 det=12.0112 box=0.9273 cls=0.7531 dfl=0.0034 mard=2.0116 lambda=0.0323 pseudo_boxes=91 avg_conf=0.8231 lr=7.06335e-05
[Epoch 023/060] batch 0040/0372 loss=12.1836 det=12.1206 box=0.8800 cls=0.7410 dfl=0.0031 mard=2.0261 lambda=0.0311 pseudo_boxes=72 avg_conf=0.8107 lr=7.06335e-05
[Epoch 023/060] batch 0050/0372 loss=15.3777 det=15.3161 box=1.1758 cls=0.8706 dfl=0.0059 mard=2.0063 lambda=0.0307 pseudo_boxes=108 avg_conf=0.8071 lr=7.06335e-05
[Epoch 023/060] batch 0060/0372 loss=10.5863 det=10.5146 box=0.7859 cls=0.6225 dfl=0.0041 mard=2.0109 lambda=0.0357 pseudo_boxes=65 avg_conf=0.8566 lr=7.06335e-05
[Epoch 023/060] batch 0070/0372 loss=9.5136 det=9.4431 box=0.7167 cls=0.5473 dfl=0.0026 mard=2.0200 lambda=0.0349 pseudo_boxes=83 avg_conf=0.8490 lr=7.06335e-05
[Epoch 023/060] batch 0080/0372 loss=14.3402 det=14.2727 box=1.1067 cls=0.8829 dfl=0.0044 mard=1.9925 lambda=0.0339 pseudo_boxes=83 avg_conf=0.8388 lr=7.06335e-05
[Epoch 023/060] batch 0090/0372 loss=7.9491 det=7.8777 box=0.6075 cls=0.4116 dfl=0.0032 mard=2.0029 lambda=0.0356 pseudo_boxes=77 avg_conf=0.8562 lr=7.06335e-05
[Epoch 023/060] batch 0100/0372 loss=11.9973 det=11.9301 box=0.8989 cls=0.7464 dfl=0.0032 mard=2.0043 lambda=0.0336 pseudo_boxes=64 avg_conf=0.8356 lr=7.06335e-05
[Epoch 023/060] batch 0110/0372 loss=13.9317 det=13.8628 box=1.0586 cls=0.8012 dfl=0.0042 mard=2.0267 lambda=0.0340 pseudo_boxes=73 avg_conf=0.8400 lr=7.06335e-05
[Epoch 023/060] batch 0120/0372 loss=10.4579 det=10.3922 box=0.7857 cls=0.5896 dfl=0.0032 mard=1.9936 lambda=0.0329 pseudo_boxes=80 avg_conf=0.8294 lr=7.06335e-05
[Epoch 023/060] batch 0130/0372 loss=13.5874 det=13.5238 box=1.0846 cls=0.8799 dfl=0.0059 mard=2.0229 lambda=0.0314 pseudo_boxes=62 avg_conf=0.8143 lr=7.06335e-05
[Epoch 023/060] batch 0140/0372 loss=15.9281 det=15.8702 box=1.2386 cls=0.8587 dfl=0.0051 mard=1.9964 lambda=0.0290 pseudo_boxes=75 avg_conf=0.7904 lr=7.06335e-05
[Epoch 023/060] batch 0150/0372 loss=11.2740 det=11.2064 box=0.8486 cls=0.7178 dfl=0.0029 mard=1.9982 lambda=0.0338 pseudo_boxes=84 avg_conf=0.8382 lr=7.06335e-05
[Epoch 023/060] batch 0160/0372 loss=12.7550 det=12.6870 box=0.9755 cls=0.7403 dfl=0.0036 mard=2.0034 lambda=0.0339 pseudo_boxes=81 avg_conf=0.8392 lr=7.06335e-05
[Epoch 023/060] batch 0170/0372 loss=10.9468 det=10.8827 box=0.7501 cls=0.7371 dfl=0.0032 mard=2.0004 lambda=0.0321 pseudo_boxes=58 avg_conf=0.8207 lr=7.06335e-05
[Epoch 023/060] batch 0180/0372 loss=10.6606 det=10.5952 box=0.7853 cls=0.6537 dfl=0.0031 mard=2.0069 lambda=0.0326 pseudo_boxes=83 avg_conf=0.8259 lr=7.06335e-05
[Epoch 023/060] batch 0190/0372 loss=14.3011 det=14.2333 box=1.0912 cls=0.9625 dfl=0.0066 mard=2.0022 lambda=0.0339 pseudo_boxes=65 avg_conf=0.8387 lr=7.06335e-05
[Epoch 023/060] batch 0200/0372 loss=9.9844 det=9.9164 box=0.7569 cls=0.5668 dfl=0.0028 mard=2.0168 lambda=0.0337 pseudo_boxes=70 avg_conf=0.8372 lr=7.06335e-05
[Epoch 023/060] batch 0210/0372 loss=15.6555 det=15.5902 box=1.2107 cls=1.0420 dfl=0.0041 mard=2.0308 lambda=0.0322 pseudo_boxes=63 avg_conf=0.8215 lr=7.06335e-05
[Epoch 023/060] batch 0220/0372 loss=13.4245 det=13.3556 box=1.0472 cls=0.7791 dfl=0.0038 mard=2.0108 lambda=0.0343 pseudo_boxes=73 avg_conf=0.8428 lr=7.06335e-05
[Epoch 023/060] batch 0230/0372 loss=11.1172 det=11.0481 box=0.8500 cls=0.6575 dfl=0.0037 mard=2.0141 lambda=0.0343 pseudo_boxes=63 avg_conf=0.8434 lr=7.06335e-05
[Epoch 023/060] batch 0240/0372 loss=13.1192 det=13.0605 box=1.0084 cls=0.8047 dfl=0.0045 mard=2.0036 lambda=0.0293 pseudo_boxes=84 avg_conf=0.7930 lr=7.06335e-05
[Epoch 023/060] batch 0250/0372 loss=17.3775 det=17.3127 box=1.2374 cls=1.1891 dfl=0.0053 mard=2.0168 lambda=0.0321 pseudo_boxes=93 avg_conf=0.8212 lr=7.06335e-05
[Epoch 023/060] batch 0260/0372 loss=10.7988 det=10.7309 box=0.7828 cls=0.6520 dfl=0.0032 mard=2.0123 lambda=0.0338 pseudo_boxes=63 avg_conf=0.8376 lr=7.06335e-05
[Epoch 023/060] batch 0270/0372 loss=12.3392 det=12.2686 box=0.9138 cls=0.8199 dfl=0.0044 mard=2.0192 lambda=0.0350 pseudo_boxes=76 avg_conf=0.8497 lr=7.06335e-05
[Epoch 023/060] batch 0280/0372 loss=11.2986 det=11.2352 box=0.8465 cls=0.6887 dfl=0.0035 mard=2.0100 lambda=0.0316 pseudo_boxes=94 avg_conf=0.8157 lr=7.06335e-05
[Epoch 023/060] batch 0290/0372 loss=11.5749 det=11.5074 box=0.8771 cls=0.6969 dfl=0.0032 mard=2.0062 lambda=0.0336 pseudo_boxes=64 avg_conf=0.8365 lr=7.06335e-05
[Epoch 023/060] batch 0300/0372 loss=10.4855 det=10.4158 box=0.8030 cls=0.5712 dfl=0.0044 mard=2.0050 lambda=0.0348 pseudo_boxes=94 avg_conf=0.8477 lr=7.06335e-05
[Epoch 023/060] batch 0310/0372 loss=10.7122 det=10.6462 box=0.8044 cls=0.6231 dfl=0.0036 mard=2.0146 lambda=0.0328 pseudo_boxes=59 avg_conf=0.8280 lr=7.06335e-05
[Epoch 023/060] batch 0320/0372 loss=9.9872 det=9.9206 box=0.7872 cls=0.5719 dfl=0.0035 mard=2.0051 lambda=0.0332 pseudo_boxes=63 avg_conf=0.8322 lr=7.06335e-05
[Epoch 023/060] batch 0330/0372 loss=9.7495 det=9.6762 box=0.7554 cls=0.5201 dfl=0.0030 mard=2.0159 lambda=0.0363 pseudo_boxes=50 avg_conf=0.8633 lr=7.06335e-05
[Epoch 023/060] batch 0340/0372 loss=15.2868 det=15.2246 box=1.1403 cls=0.8999 dfl=0.0040 mard=1.9968 lambda=0.0312 pseudo_boxes=98 avg_conf=0.8116 lr=7.06335e-05
[Epoch 023/060] batch 0350/0372 loss=12.2131 det=12.1510 box=1.0057 cls=0.8688 dfl=0.0039 mard=2.0212 lambda=0.0307 pseudo_boxes=76 avg_conf=0.8071 lr=7.06335e-05
[Epoch 023/060] batch 0360/0372 loss=11.1040 det=11.0348 box=0.8312 cls=0.6937 dfl=0.0038 mard=2.0005 lambda=0.0346 pseudo_boxes=92 avg_conf=0.8461 lr=7.06335e-05
[Epoch 023/060] batch 0370/0372 loss=12.5136 det=12.4453 box=1.0090 cls=0.7012 dfl=0.0038 mard=2.0310 lambda=0.0336 pseudo_boxes=104 avg_conf=0.8359 lr=7.06335e-05
[Epoch 023/060] batch 0372/0372 loss=8.9993 det=8.9296 box=0.7644 cls=0.6238 dfl=0.0030 mard=1.9996 lambda=0.0348 pseudo_boxes=75 avg_conf=0.8481 lr=7.06335e-05
[Epoch 023/060] done time=266.3s valid_batches=372 skipped=0 pseudo_boxes=28005 loss=12.1580 det=12.0904 box=0.9263 cls=0.7556 dfl=0.0039 mard=2.0116
[Epoch 024/060] start
[Epoch 024/060] batch 0001/0372 loss=18.9260 det=18.8562 box=1.2486 cls=1.3411 dfl=0.0054 mard=2.0146 lambda=0.0346 pseudo_boxes=73 avg_conf=0.8463 lr=6.82392e-05
[Epoch 024/060] batch 0010/0372 loss=9.5166 det=9.4494 box=0.7406 cls=0.5078 dfl=0.0029 mard=2.0081 lambda=0.0335 pseudo_boxes=67 avg_conf=0.8348 lr=6.82392e-05
[Epoch 024/060] batch 0020/0372 loss=10.9159 det=10.8549 box=0.7786 cls=0.6318 dfl=0.0033 mard=1.9976 lambda=0.0305 pseudo_boxes=79 avg_conf=0.8052 lr=6.82392e-05
[Epoch 024/060] batch 0030/0372 loss=13.0931 det=13.0282 box=1.0497 cls=0.7501 dfl=0.0052 mard=2.0045 lambda=0.0324 pseudo_boxes=88 avg_conf=0.8240 lr=6.82392e-05
[Epoch 024/060] batch 0040/0372 loss=12.7406 det=12.6700 box=1.0784 cls=0.7396 dfl=0.0041 mard=2.0122 lambda=0.0351 pseudo_boxes=72 avg_conf=0.8510 lr=6.82392e-05
[Epoch 024/060] batch 0050/0372 loss=10.8667 det=10.7946 box=0.8505 cls=0.6585 dfl=0.0035 mard=2.0059 lambda=0.0359 pseudo_boxes=77 avg_conf=0.8593 lr=6.82392e-05
[Epoch 024/060] batch 0060/0372 loss=17.6978 det=17.6348 box=1.3439 cls=1.0634 dfl=0.0052 mard=2.0119 lambda=0.0313 pseudo_boxes=95 avg_conf=0.8135 lr=6.82392e-05
[Epoch 024/060] batch 0070/0372 loss=10.5657 det=10.4908 box=0.7417 cls=0.6310 dfl=0.0049 mard=2.0207 lambda=0.0371 pseudo_boxes=57 avg_conf=0.8706 lr=6.82392e-05
[Epoch 024/060] batch 0080/0372 loss=14.7018 det=14.6430 box=1.0769 cls=0.9727 dfl=0.0044 mard=2.0163 lambda=0.0292 pseudo_boxes=97 avg_conf=0.7918 lr=6.82392e-05
[Epoch 024/060] batch 0090/0372 loss=14.4872 det=14.4236 box=1.0229 cls=0.9401 dfl=0.0046 mard=2.0087 lambda=0.0316 pseudo_boxes=77 avg_conf=0.8163 lr=6.82392e-05
[Epoch 024/060] batch 0100/0372 loss=8.8526 det=8.7800 box=0.6449 cls=0.4963 dfl=0.0030 mard=2.0229 lambda=0.0359 pseudo_boxes=84 avg_conf=0.8586 lr=6.82392e-05
[Epoch 024/060] batch 0110/0372 loss=13.2530 det=13.1857 box=1.0067 cls=0.8051 dfl=0.0041 mard=2.0096 lambda=0.0335 pseudo_boxes=67 avg_conf=0.8349 lr=6.82392e-05
[Epoch 024/060] batch 0120/0372 loss=9.9202 det=9.8468 box=0.7639 cls=0.5892 dfl=0.0036 mard=2.0177 lambda=0.0364 pseudo_boxes=77 avg_conf=0.8637 lr=6.82392e-05
[Epoch 024/060] batch 0130/0372 loss=10.3904 det=10.3197 box=0.7610 cls=0.6115 dfl=0.0035 mard=2.0072 lambda=0.0352 pseudo_boxes=79 avg_conf=0.8522 lr=6.82392e-05
[Epoch 024/060] batch 0140/0372 loss=8.3459 det=8.2771 box=0.6032 cls=0.5215 dfl=0.0022 mard=2.0081 lambda=0.0342 pseudo_boxes=68 avg_conf=0.8423 lr=6.82392e-05
[Epoch 024/060] batch 0150/0372 loss=10.8728 det=10.8134 box=0.7874 cls=0.7726 dfl=0.0029 mard=1.9992 lambda=0.0297 pseudo_boxes=81 avg_conf=0.7970 lr=6.82392e-05
[Epoch 024/060] batch 0160/0372 loss=13.1176 det=13.0511 box=1.0277 cls=0.7638 dfl=0.0039 mard=2.0061 lambda=0.0331 pseudo_boxes=91 avg_conf=0.8312 lr=6.82392e-05
[Epoch 024/060] batch 0170/0372 loss=8.6459 det=8.5672 box=0.6143 cls=0.5026 dfl=0.0027 mard=2.0235 lambda=0.0389 pseudo_boxes=60 avg_conf=0.8889 lr=6.82392e-05
[Epoch 024/060] batch 0180/0372 loss=16.9978 det=16.9367 box=1.2951 cls=1.1407 dfl=0.0043 mard=2.0070 lambda=0.0304 pseudo_boxes=107 avg_conf=0.8041 lr=6.82392e-05
[Epoch 024/060] batch 0190/0372 loss=11.8512 det=11.7831 box=0.8943 cls=0.6745 dfl=0.0031 mard=2.0231 lambda=0.0337 pseudo_boxes=73 avg_conf=0.8368 lr=6.82392e-05
[Epoch 024/060] batch 0200/0372 loss=7.1046 det=7.0357 box=0.5526 cls=0.3788 dfl=0.0023 mard=2.0177 lambda=0.0341 pseudo_boxes=103 avg_conf=0.8413 lr=6.82392e-05
[Epoch 024/060] batch 0210/0372 loss=18.1987 det=18.1346 box=1.2811 cls=1.2884 dfl=0.0062 mard=2.0140 lambda=0.0318 pseudo_boxes=73 avg_conf=0.8180 lr=6.82392e-05
[Epoch 024/060] batch 0220/0372 loss=12.7051 det=12.6361 box=1.0251 cls=0.6907 dfl=0.0030 mard=2.0163 lambda=0.0342 pseudo_boxes=77 avg_conf=0.8421 lr=6.82392e-05
[Epoch 024/060] batch 0230/0372 loss=11.6668 det=11.5974 box=0.9147 cls=0.6970 dfl=0.0037 mard=2.0235 lambda=0.0343 pseudo_boxes=95 avg_conf=0.8428 lr=6.82392e-05
[Epoch 024/060] batch 0240/0372 loss=10.2637 det=10.1875 box=0.7242 cls=0.6970 dfl=0.0036 mard=2.0192 lambda=0.0377 pseudo_boxes=49 avg_conf=0.8771 lr=6.82392e-05
[Epoch 024/060] batch 0250/0372 loss=14.2647 det=14.2015 box=1.0691 cls=0.8404 dfl=0.0036 mard=1.9982 lambda=0.0316 pseudo_boxes=86 avg_conf=0.8163 lr=6.82392e-05
[Epoch 024/060] batch 0260/0372 loss=14.6767 det=14.6143 box=1.1513 cls=0.7751 dfl=0.0045 mard=1.9989 lambda=0.0312 pseudo_boxes=119 avg_conf=0.8123 lr=6.82392e-05
[Epoch 024/060] batch 0270/0372 loss=13.4638 det=13.3998 box=1.0943 cls=0.8773 dfl=0.0035 mard=2.0337 lambda=0.0315 pseudo_boxes=74 avg_conf=0.8146 lr=6.82392e-05
[Epoch 024/060] batch 0280/0372 loss=9.3458 det=9.2727 box=0.6645 cls=0.5680 dfl=0.0035 mard=2.0350 lambda=0.0359 pseudo_boxes=70 avg_conf=0.8592 lr=6.82392e-05
[Epoch 024/060] batch 0290/0372 loss=13.7075 det=13.6399 box=0.9725 cls=0.9275 dfl=0.0047 mard=2.0002 lambda=0.0338 pseudo_boxes=108 avg_conf=0.8383 lr=6.82392e-05
[Epoch 024/060] batch 0300/0372 loss=11.1071 det=11.0383 box=0.7688 cls=0.7314 dfl=0.0037 mard=2.0190 lambda=0.0340 pseudo_boxes=45 avg_conf=0.8405 lr=6.82392e-05
[Epoch 024/060] batch 0310/0372 loss=12.9447 det=12.8817 box=0.9494 cls=0.8478 dfl=0.0035 mard=2.0302 lambda=0.0310 pseudo_boxes=67 avg_conf=0.8103 lr=6.82392e-05
[Epoch 024/060] batch 0320/0372 loss=14.5837 det=14.5182 box=1.0494 cls=0.9768 dfl=0.0035 mard=2.0165 lambda=0.0324 pseudo_boxes=79 avg_conf=0.8245 lr=6.82392e-05
[Epoch 024/060] batch 0330/0372 loss=11.8093 det=11.7403 box=0.8256 cls=0.8066 dfl=0.0046 mard=2.0338 lambda=0.0340 pseudo_boxes=104 avg_conf=0.8396 lr=6.82392e-05
[Epoch 024/060] batch 0340/0372 loss=11.6343 det=11.5673 box=0.8704 cls=0.7100 dfl=0.0039 mard=2.0114 lambda=0.0333 pseudo_boxes=66 avg_conf=0.8332 lr=6.82392e-05
[Epoch 024/060] batch 0350/0372 loss=11.4862 det=11.4227 box=0.8337 cls=0.7489 dfl=0.0038 mard=2.0052 lambda=0.0317 pseudo_boxes=79 avg_conf=0.8171 lr=6.82392e-05
[Epoch 024/060] batch 0360/0372 loss=13.4506 det=13.3882 box=1.0438 cls=0.7786 dfl=0.0034 mard=2.0021 lambda=0.0312 pseudo_boxes=67 avg_conf=0.8115 lr=6.82392e-05
[Epoch 024/060] batch 0370/0372 loss=11.7189 det=11.6465 box=1.0036 cls=0.8688 dfl=0.0049 mard=2.0328 lambda=0.0356 pseudo_boxes=82 avg_conf=0.8562 lr=6.82392e-05
[Epoch 024/060] batch 0372/0372 loss=11.7957 det=11.7377 box=1.0229 cls=0.8205 dfl=0.0041 mard=2.0054 lambda=0.0289 pseudo_boxes=95 avg_conf=0.7894 lr=6.82392e-05
[Epoch 024/060] done time=266.2s valid_batches=372 skipped=0 pseudo_boxes=27965 loss=12.2389 det=12.1712 box=0.9348 cls=0.7585 dfl=0.0040 mard=2.0117
[Epoch 025/060] start
[Epoch 025/060] batch 0001/0372 loss=9.8724 det=9.8006 box=0.7263 cls=0.6079 dfl=0.0043 mard=2.0043 lambda=0.0359 pseudo_boxes=63 avg_conf=0.8585 lr=6.57963e-05
[Epoch 025/060] batch 0010/0372 loss=14.1448 det=14.0807 box=1.1197 cls=0.9037 dfl=0.0041 mard=2.0173 lambda=0.0318 pseudo_boxes=105 avg_conf=0.8176 lr=6.57963e-05
[Epoch 025/060] batch 0020/0372 loss=9.4474 det=9.3774 box=0.6446 cls=0.6799 dfl=0.0037 mard=2.0022 lambda=0.0350 pseudo_boxes=51 avg_conf=0.8496 lr=6.57963e-05
[Epoch 025/060] batch 0030/0372 loss=11.6062 det=11.5420 box=0.9315 cls=0.6129 dfl=0.0035 mard=2.0117 lambda=0.0319 pseudo_boxes=90 avg_conf=0.8193 lr=6.57963e-05
[Epoch 025/060] batch 0040/0372 loss=10.5353 det=10.4744 box=0.7868 cls=0.5941 dfl=0.0032 mard=2.0116 lambda=0.0303 pseudo_boxes=76 avg_conf=0.8025 lr=6.57963e-05
[Epoch 025/060] batch 0050/0372 loss=12.4715 det=12.3994 box=0.9429 cls=0.7539 dfl=0.0043 mard=2.0310 lambda=0.0355 pseudo_boxes=91 avg_conf=0.8553 lr=6.57963e-05
[Epoch 025/060] batch 0060/0372 loss=11.8084 det=11.7419 box=0.9207 cls=0.6526 dfl=0.0040 mard=2.0331 lambda=0.0327 pseudo_boxes=85 avg_conf=0.8271 lr=6.57963e-05
[Epoch 025/060] batch 0070/0372 loss=13.4552 det=13.3927 box=1.0272 cls=0.8459 dfl=0.0039 mard=2.0061 lambda=0.0311 pseudo_boxes=83 avg_conf=0.8115 lr=6.57963e-05
[Epoch 025/060] batch 0080/0372 loss=13.1537 det=13.0844 box=0.9105 cls=0.9292 dfl=0.0049 mard=2.0136 lambda=0.0344 pseudo_boxes=83 avg_conf=0.8440 lr=6.57963e-05
[Epoch 025/060] batch 0090/0372 loss=11.5245 det=11.4521 box=0.8763 cls=0.6319 dfl=0.0042 mard=2.0077 lambda=0.0360 pseudo_boxes=67 avg_conf=0.8604 lr=6.57963e-05
[Epoch 025/060] batch 0100/0372 loss=12.5041 det=12.4391 box=1.0170 cls=0.6661 dfl=0.0034 mard=2.0134 lambda=0.0323 pseudo_boxes=81 avg_conf=0.8228 lr=6.57963e-05
[Epoch 025/060] batch 0110/0372 loss=14.6075 det=14.5383 box=1.1423 cls=0.9230 dfl=0.0057 mard=2.0277 lambda=0.0342 pseudo_boxes=60 avg_conf=0.8417 lr=6.57963e-05
[Epoch 025/060] batch 0120/0372 loss=8.7137 det=8.6405 box=0.7001 cls=0.4720 dfl=0.0037 mard=2.0108 lambda=0.0364 pseudo_boxes=75 avg_conf=0.8643 lr=6.57963e-05
[Epoch 025/060] batch 0130/0372 loss=10.3304 det=10.2621 box=0.9485 cls=0.5908 dfl=0.0034 mard=2.0109 lambda=0.0340 pseudo_boxes=73 avg_conf=0.8396 lr=6.57963e-05
[Epoch 025/060] batch 0140/0372 loss=11.8607 det=11.7895 box=0.9229 cls=0.6466 dfl=0.0039 mard=2.0049 lambda=0.0355 pseudo_boxes=54 avg_conf=0.8549 lr=6.57963e-05
[Epoch 025/060] batch 0150/0372 loss=8.1388 det=8.0644 box=0.6140 cls=0.4323 dfl=0.0036 mard=2.0053 lambda=0.0371 pseudo_boxes=65 avg_conf=0.8712 lr=6.57963e-05
[Epoch 025/060] batch 0160/0372 loss=14.0639 det=14.0037 box=1.1273 cls=0.9092 dfl=0.0040 mard=2.0102 lambda=0.0300 pseudo_boxes=78 avg_conf=0.7995 lr=6.57963e-05
[Epoch 025/060] batch 0170/0372 loss=13.2359 det=13.1721 box=0.9794 cls=0.8833 dfl=0.0034 mard=2.0310 lambda=0.0314 pseudo_boxes=60 avg_conf=0.8141 lr=6.57963e-05
[Epoch 025/060] batch 0180/0372 loss=15.5197 det=15.4522 box=1.1935 cls=1.0393 dfl=0.0052 mard=2.0133 lambda=0.0335 pseudo_boxes=77 avg_conf=0.8355 lr=6.57963e-05
[Epoch 025/060] batch 0190/0372 loss=12.5590 det=12.4947 box=0.9741 cls=0.7707 dfl=0.0043 mard=2.0218 lambda=0.0318 pseudo_boxes=93 avg_conf=0.8180 lr=6.57963e-05
[Epoch 025/060] batch 0200/0372 loss=14.9505 det=14.8803 box=1.1259 cls=1.0593 dfl=0.0050 mard=2.0139 lambda=0.0349 pseudo_boxes=55 avg_conf=0.8487 lr=6.57963e-05
[Epoch 025/060] batch 0210/0372 loss=11.1022 det=11.0364 box=0.8541 cls=0.6396 dfl=0.0038 mard=2.0050 lambda=0.0328 pseudo_boxes=86 avg_conf=0.8279 lr=6.57963e-05
[Epoch 025/060] batch 0220/0372 loss=9.5722 det=9.5007 box=0.7457 cls=0.5064 dfl=0.0029 mard=2.0139 lambda=0.0355 pseudo_boxes=76 avg_conf=0.8552 lr=6.57963e-05
[Epoch 025/060] batch 0230/0372 loss=13.0135 det=12.9470 box=1.0261 cls=0.7154 dfl=0.0032 mard=2.0167 lambda=0.0330 pseudo_boxes=63 avg_conf=0.8297 lr=6.57963e-05
[Epoch 025/060] batch 0240/0372 loss=12.3967 det=12.3292 box=0.9226 cls=0.8105 dfl=0.0044 mard=2.0060 lambda=0.0336 pseudo_boxes=98 avg_conf=0.8365 lr=6.57963e-05
[Epoch 025/060] batch 0250/0372 loss=12.0827 det=12.0171 box=0.8982 cls=0.9430 dfl=0.0035 mard=2.0095 lambda=0.0327 pseudo_boxes=63 avg_conf=0.8266 lr=6.57963e-05
[Epoch 025/060] batch 0260/0372 loss=14.1251 det=14.0539 box=0.8999 cls=1.1072 dfl=0.0037 mard=2.0128 lambda=0.0354 pseudo_boxes=42 avg_conf=0.8536 lr=6.57963e-05
[Epoch 025/060] batch 0270/0372 loss=12.7131 det=12.6456 box=0.9278 cls=0.8095 dfl=0.0047 mard=2.0010 lambda=0.0338 pseudo_boxes=87 avg_conf=0.8375 lr=6.57963e-05
[Epoch 025/060] batch 0280/0372 loss=9.3800 det=9.3189 box=0.6424 cls=0.5652 dfl=0.0028 mard=1.9984 lambda=0.0305 pseudo_boxes=96 avg_conf=0.8055 lr=6.57963e-05
[Epoch 025/060] batch 0290/0372 loss=8.9823 det=8.9127 box=0.6745 cls=0.5233 dfl=0.0033 mard=1.9987 lambda=0.0348 pseudo_boxes=73 avg_conf=0.8483 lr=6.57963e-05
[Epoch 025/060] batch 0300/0372 loss=10.2144 det=10.1448 box=0.7503 cls=0.6803 dfl=0.0042 mard=2.0100 lambda=0.0346 pseudo_boxes=75 avg_conf=0.8459 lr=6.57963e-05
[Epoch 025/060] batch 0310/0372 loss=11.1864 det=11.1198 box=0.8607 cls=0.6674 dfl=0.0031 mard=1.9984 lambda=0.0333 pseudo_boxes=85 avg_conf=0.8332 lr=6.57963e-05
[Epoch 025/060] batch 0320/0372 loss=10.6288 det=10.5634 box=0.7113 cls=0.7193 dfl=0.0030 mard=2.0206 lambda=0.0324 pseudo_boxes=80 avg_conf=0.8236 lr=6.57963e-05
[Epoch 025/060] batch 0330/0372 loss=12.2855 det=12.2202 box=0.8501 cls=0.8081 dfl=0.0038 mard=2.0367 lambda=0.0321 pseudo_boxes=74 avg_conf=0.8209 lr=6.57963e-05
[Epoch 025/060] batch 0340/0372 loss=11.8203 det=11.7530 box=1.1093 cls=0.7122 dfl=0.0050 mard=1.9982 lambda=0.0337 pseudo_boxes=62 avg_conf=0.8367 lr=6.57963e-05
[Epoch 025/060] batch 0350/0372 loss=12.2995 det=12.2298 box=0.9461 cls=0.8184 dfl=0.0035 mard=2.0049 lambda=0.0348 pseudo_boxes=77 avg_conf=0.8478 lr=6.57963e-05
[Epoch 025/060] batch 0360/0372 loss=9.3897 det=9.3240 box=0.6943 cls=0.5227 dfl=0.0039 mard=1.9965 lambda=0.0329 pseudo_boxes=85 avg_conf=0.8291 lr=6.57963e-05
[Epoch 025/060] batch 0370/0372 loss=13.2588 det=13.1909 box=1.0882 cls=0.7423 dfl=0.0041 mard=2.0058 lambda=0.0339 pseudo_boxes=58 avg_conf=0.8386 lr=6.57963e-05
[Epoch 025/060] batch 0372/0372 loss=11.7537 det=11.6885 box=1.0577 cls=0.8096 dfl=0.0043 mard=2.0143 lambda=0.0324 pseudo_boxes=62 avg_conf=0.8236 lr=6.57963e-05
[Epoch 025/060] done time=266.3s valid_batches=372 skipped=0 pseudo_boxes=27909 loss=12.1706 det=12.1028 box=0.9264 cls=0.7493 dfl=0.0039 mard=2.0124
[Epoch 026/060] start
[Epoch 026/060] batch 0001/0372 loss=9.1415 det=9.0641 box=0.7219 cls=0.4545 dfl=0.0037 mard=2.0082 lambda=0.0385 pseudo_boxes=63 avg_conf=0.8854 lr=6.33115e-05
[Epoch 026/060] batch 0010/0372 loss=12.1921 det=12.1242 box=0.8939 cls=0.7839 dfl=0.0044 mard=2.0174 lambda=0.0337 pseudo_boxes=55 avg_conf=0.8369 lr=6.33115e-05
[Epoch 026/060] batch 0020/0372 loss=12.4351 det=12.3647 box=0.9343 cls=0.8022 dfl=0.0036 mard=2.0120 lambda=0.0350 pseudo_boxes=59 avg_conf=0.8498 lr=6.33115e-05
[Epoch 026/060] batch 0030/0372 loss=9.7278 det=9.6576 box=0.7798 cls=0.5164 dfl=0.0036 mard=2.0033 lambda=0.0350 pseudo_boxes=85 avg_conf=0.8501 lr=6.33115e-05
[Epoch 026/060] batch 0040/0372 loss=16.9881 det=16.9208 box=1.1908 cls=1.2088 dfl=0.0059 mard=2.0213 lambda=0.0333 pseudo_boxes=52 avg_conf=0.8331 lr=6.33115e-05
[Epoch 026/060] batch 0050/0372 loss=14.7700 det=14.7040 box=0.9693 cls=1.0002 dfl=0.0039 mard=1.9991 lambda=0.0330 pseudo_boxes=70 avg_conf=0.8301 lr=6.33115e-05
[Epoch 026/060] batch 0060/0372 loss=12.5652 det=12.4931 box=0.9111 cls=0.7718 dfl=0.0044 mard=2.0160 lambda=0.0358 pseudo_boxes=60 avg_conf=0.8575 lr=6.33115e-05
[Epoch 026/060] batch 0070/0372 loss=12.5018 det=12.4382 box=0.9395 cls=0.7719 dfl=0.0039 mard=2.0116 lambda=0.0316 pseudo_boxes=84 avg_conf=0.8164 lr=6.33115e-05
[Epoch 026/060] batch 0080/0372 loss=11.3907 det=11.3236 box=0.9160 cls=0.5702 dfl=0.0043 mard=2.0162 lambda=0.0333 pseudo_boxes=81 avg_conf=0.8330 lr=6.33115e-05
[Epoch 026/060] batch 0090/0372 loss=10.0049 det=9.9407 box=0.7590 cls=0.6174 dfl=0.0026 mard=1.9982 lambda=0.0321 pseudo_boxes=92 avg_conf=0.8210 lr=6.33115e-05
[Epoch 026/060] batch 0100/0372 loss=9.1840 det=9.1104 box=0.7070 cls=0.5530 dfl=0.0032 mard=2.0000 lambda=0.0368 pseudo_boxes=66 avg_conf=0.8677 lr=6.33115e-05
[Epoch 026/060] batch 0110/0372 loss=11.0773 det=11.0117 box=0.8213 cls=0.6578 dfl=0.0032 mard=2.0336 lambda=0.0323 pseudo_boxes=74 avg_conf=0.8226 lr=6.33115e-05
[Epoch 026/060] batch 0120/0372 loss=10.2548 det=10.1802 box=0.7835 cls=0.5632 dfl=0.0035 mard=2.0168 lambda=0.0370 pseudo_boxes=68 avg_conf=0.8699 lr=6.33115e-05
[Epoch 026/060] batch 0130/0372 loss=14.6380 det=14.5721 box=1.1596 cls=0.8310 dfl=0.0041 mard=2.0219 lambda=0.0326 pseudo_boxes=98 avg_conf=0.8260 lr=6.33115e-05
[Epoch 026/060] batch 0140/0372 loss=11.1135 det=11.0427 box=0.8911 cls=0.6133 dfl=0.0041 mard=2.0218 lambda=0.0350 pseudo_boxes=92 avg_conf=0.8502 lr=6.33115e-05
[Epoch 026/060] batch 0150/0372 loss=9.5196 det=9.4469 box=0.7970 cls=0.4705 dfl=0.0032 mard=2.0037 lambda=0.0363 pseudo_boxes=77 avg_conf=0.8629 lr=6.33115e-05
[Epoch 026/060] batch 0160/0372 loss=8.7076 det=8.6337 box=0.6781 cls=0.4295 dfl=0.0027 mard=2.0227 lambda=0.0365 pseudo_boxes=74 avg_conf=0.8651 lr=6.33115e-05
[Epoch 026/060] batch 0170/0372 loss=11.7843 det=11.7224 box=0.8781 cls=0.6933 dfl=0.0027 mard=1.9975 lambda=0.0310 pseudo_boxes=51 avg_conf=0.8101 lr=6.33115e-05
[Epoch 026/060] batch 0180/0372 loss=11.0556 det=10.9879 box=0.8589 cls=0.6503 dfl=0.0037 mard=2.0249 lambda=0.0334 pseudo_boxes=98 avg_conf=0.8345 lr=6.33115e-05
[Epoch 026/060] batch 0190/0372 loss=12.0559 det=11.9930 box=0.9578 cls=0.6449 dfl=0.0034 mard=2.0268 lambda=0.0310 pseudo_boxes=91 avg_conf=0.8103 lr=6.33115e-05
[Epoch 026/060] batch 0200/0372 loss=9.9778 det=9.9091 box=0.7189 cls=0.6119 dfl=0.0042 mard=2.0146 lambda=0.0341 pseudo_boxes=72 avg_conf=0.8406 lr=6.33115e-05
[Epoch 026/060] batch 0210/0372 loss=13.4059 det=13.3410 box=1.0313 cls=0.7693 dfl=0.0039 mard=1.9990 lambda=0.0325 pseudo_boxes=64 avg_conf=0.8251 lr=6.33115e-05
[Epoch 026/060] batch 0220/0372 loss=12.6770 det=12.6127 box=0.9648 cls=0.7583 dfl=0.0036 mard=2.0001 lambda=0.0322 pseudo_boxes=96 avg_conf=0.8217 lr=6.33115e-05
[Epoch 026/060] batch 0230/0372 loss=8.7621 det=8.6883 box=0.7165 cls=0.3929 dfl=0.0032 mard=2.0121 lambda=0.0367 pseudo_boxes=99 avg_conf=0.8671 lr=6.33115e-05
[Epoch 026/060] batch 0240/0372 loss=18.3361 det=18.2788 box=1.3591 cls=1.4037 dfl=0.0038 mard=2.0139 lambda=0.0285 pseudo_boxes=78 avg_conf=0.7846 lr=6.33115e-05
[Epoch 026/060] batch 0250/0372 loss=13.8467 det=13.7792 box=1.0069 cls=0.9692 dfl=0.0045 mard=2.0091 lambda=0.0336 pseudo_boxes=62 avg_conf=0.8360 lr=6.33115e-05
[Epoch 026/060] batch 0260/0372 loss=10.1859 det=10.1185 box=0.7387 cls=0.5931 dfl=0.0035 mard=1.9953 lambda=0.0338 pseudo_boxes=61 avg_conf=0.8382 lr=6.33115e-05
[Epoch 026/060] batch 0270/0372 loss=10.8767 det=10.8129 box=0.8197 cls=0.6241 dfl=0.0030 mard=2.0118 lambda=0.0317 pseudo_boxes=67 avg_conf=0.8174 lr=6.33115e-05
[Epoch 026/060] batch 0280/0372 loss=8.7010 det=8.6327 box=0.6957 cls=0.4255 dfl=0.0029 mard=2.0078 lambda=0.0340 pseudo_boxes=66 avg_conf=0.8403 lr=6.33115e-05
[Epoch 026/060] batch 0290/0372 loss=8.9051 det=8.8330 box=0.6915 cls=0.4637 dfl=0.0025 mard=1.9969 lambda=0.0361 pseudo_boxes=76 avg_conf=0.8613 lr=6.33115e-05
[Epoch 026/060] batch 0300/0372 loss=11.9236 det=11.8571 box=0.8148 cls=0.7614 dfl=0.0038 mard=2.0051 lambda=0.0332 pseudo_boxes=107 avg_conf=0.8316 lr=6.33115e-05
[Epoch 026/060] batch 0310/0372 loss=10.9114 det=10.8420 box=0.8362 cls=0.6792 dfl=0.0034 mard=2.0052 lambda=0.0346 pseudo_boxes=67 avg_conf=0.8459 lr=6.33115e-05
[Epoch 026/060] batch 0320/0372 loss=14.9051 det=14.8376 box=1.0020 cls=0.9807 dfl=0.0056 mard=2.0118 lambda=0.0335 pseudo_boxes=63 avg_conf=0.8351 lr=6.33115e-05
[Epoch 026/060] batch 0330/0372 loss=15.2202 det=15.1577 box=1.1510 cls=0.9754 dfl=0.0046 mard=1.9901 lambda=0.0314 pseudo_boxes=89 avg_conf=0.8140 lr=6.33115e-05
[Epoch 026/060] batch 0340/0372 loss=10.3611 det=10.2907 box=0.7406 cls=0.6263 dfl=0.0033 mard=2.0113 lambda=0.0350 pseudo_boxes=56 avg_conf=0.8499 lr=6.33115e-05
[Epoch 026/060] batch 0350/0372 loss=10.5166 det=10.4463 box=0.7687 cls=0.6246 dfl=0.0046 mard=1.9917 lambda=0.0353 pseudo_boxes=86 avg_conf=0.8529 lr=6.33115e-05
[Epoch 026/060] batch 0360/0372 loss=16.4350 det=16.3743 box=1.1053 cls=1.1441 dfl=0.0050 mard=2.0171 lambda=0.0301 pseudo_boxes=53 avg_conf=0.8013 lr=6.33115e-05
[Epoch 026/060] batch 0370/0372 loss=10.8908 det=10.8250 box=0.8186 cls=0.6675 dfl=0.0030 mard=2.0078 lambda=0.0328 pseudo_boxes=94 avg_conf=0.8278 lr=6.33115e-05
[Epoch 026/060] batch 0372/0372 loss=10.6768 det=10.6143 box=0.8748 cls=0.8112 dfl=0.0031 mard=2.0078 lambda=0.0311 pseudo_boxes=83 avg_conf=0.8113 lr=6.33115e-05
[Epoch 026/060] done time=266.6s valid_batches=372 skipped=0 pseudo_boxes=27984 loss=12.1693 det=12.1017 box=0.9234 cls=0.7495 dfl=0.0039 mard=2.0111
[Epoch 027/060] start
[Epoch 027/060] batch 0001/0372 loss=14.0568 det=13.9951 box=1.0594 cls=0.8354 dfl=0.0037 mard=2.0114 lambda=0.0307 pseudo_boxes=71 avg_conf=0.8068 lr=6.07916e-05
[Epoch 027/060] batch 0010/0372 loss=13.7040 det=13.6345 box=1.0549 cls=0.7987 dfl=0.0048 mard=2.0389 lambda=0.0341 pseudo_boxes=79 avg_conf=0.8409 lr=6.07916e-05
[Epoch 027/060] batch 0020/0372 loss=14.8268 det=14.7568 box=1.0951 cls=0.9082 dfl=0.0062 mard=2.0061 lambda=0.0349 pseudo_boxes=92 avg_conf=0.8489 lr=6.07916e-05
[Epoch 027/060] batch 0030/0372 loss=12.3864 det=12.3230 box=0.9127 cls=0.8526 dfl=0.0043 mard=2.0046 lambda=0.0317 pseudo_boxes=64 avg_conf=0.8166 lr=6.07916e-05
[Epoch 027/060] batch 0040/0372 loss=13.6499 det=13.5831 box=1.0330 cls=0.8637 dfl=0.0034 mard=2.0145 lambda=0.0332 pseudo_boxes=76 avg_conf=0.8317 lr=6.07916e-05
[Epoch 027/060] batch 0050/0372 loss=13.9613 det=13.8973 box=0.9873 cls=0.8915 dfl=0.0050 mard=2.0107 lambda=0.0318 pseudo_boxes=80 avg_conf=0.8182 lr=6.07916e-05
[Epoch 027/060] batch 0060/0372 loss=14.3769 det=14.3173 box=1.0808 cls=0.9012 dfl=0.0044 mard=1.9980 lambda=0.0298 pseudo_boxes=118 avg_conf=0.7982 lr=6.07916e-05
[Epoch 027/060] batch 0070/0372 loss=11.4958 det=11.4275 box=0.8809 cls=0.7390 dfl=0.0060 mard=2.0147 lambda=0.0339 pseudo_boxes=50 avg_conf=0.8391 lr=6.07916e-05
[Epoch 027/060] batch 0080/0372 loss=16.5347 det=16.4732 box=1.0598 cls=1.3006 dfl=0.0034 mard=2.0152 lambda=0.0305 pseudo_boxes=73 avg_conf=0.8051 lr=6.07916e-05
[Epoch 027/060] batch 0090/0372 loss=14.6872 det=14.6223 box=1.1054 cls=0.9362 dfl=0.0045 mard=2.0089 lambda=0.0323 pseudo_boxes=75 avg_conf=0.8234 lr=6.07916e-05
[Epoch 027/060] batch 0100/0372 loss=13.6621 det=13.5972 box=1.0066 cls=0.8642 dfl=0.0043 mard=2.0091 lambda=0.0323 pseudo_boxes=89 avg_conf=0.8232 lr=6.07916e-05
[Epoch 027/060] batch 0110/0372 loss=10.8857 det=10.8173 box=0.9823 cls=0.7135 dfl=0.0037 mard=2.0299 lambda=0.0337 pseudo_boxes=60 avg_conf=0.8370 lr=6.07916e-05
[Epoch 027/060] batch 0120/0372 loss=9.6167 det=9.5441 box=0.7555 cls=0.5118 dfl=0.0043 mard=2.0201 lambda=0.0359 pseudo_boxes=61 avg_conf=0.8591 lr=6.07916e-05
[Epoch 027/060] batch 0130/0372 loss=12.6310 det=12.5672 box=0.9591 cls=0.7634 dfl=0.0040 mard=2.0087 lambda=0.0318 pseudo_boxes=77 avg_conf=0.8178 lr=6.07916e-05
[Epoch 027/060] batch 0140/0372 loss=10.0838 det=10.0164 box=0.7636 cls=0.5625 dfl=0.0034 mard=2.0023 lambda=0.0336 pseudo_boxes=64 avg_conf=0.8365 lr=6.07916e-05
[Epoch 027/060] batch 0150/0372 loss=9.2832 det=9.2198 box=0.7137 cls=0.5015 dfl=0.0024 mard=2.0071 lambda=0.0315 pseudo_boxes=52 avg_conf=0.8155 lr=6.07916e-05
[Epoch 027/060] batch 0160/0372 loss=12.8248 det=12.7650 box=1.0041 cls=0.7109 dfl=0.0030 mard=2.0093 lambda=0.0298 pseudo_boxes=79 avg_conf=0.7976 lr=6.07916e-05
[Epoch 027/060] batch 0170/0372 loss=10.7634 det=10.6924 box=0.8494 cls=0.6376 dfl=0.0031 mard=2.0358 lambda=0.0349 pseudo_boxes=65 avg_conf=0.8489 lr=6.07916e-05
[Epoch 027/060] batch 0180/0372 loss=10.5623 det=10.4964 box=0.7634 cls=0.6315 dfl=0.0030 mard=2.0353 lambda=0.0324 pseudo_boxes=112 avg_conf=0.8240 lr=6.07916e-05
[Epoch 027/060] batch 0190/0372 loss=13.4689 det=13.4032 box=0.9165 cls=0.9589 dfl=0.0035 mard=2.0178 lambda=0.0326 pseudo_boxes=66 avg_conf=0.8255 lr=6.07916e-05
[Epoch 027/060] batch 0200/0372 loss=13.3339 det=13.2609 box=0.9830 cls=0.8974 dfl=0.0051 mard=2.0186 lambda=0.0362 pseudo_boxes=45 avg_conf=0.8617 lr=6.07916e-05
[Epoch 027/060] batch 0210/0372 loss=10.7110 det=10.6369 box=0.7421 cls=0.7191 dfl=0.0035 mard=2.0059 lambda=0.0369 pseudo_boxes=56 avg_conf=0.8695 lr=6.07916e-05
[Epoch 027/060] batch 0220/0372 loss=10.9899 det=10.9246 box=0.7612 cls=0.7288 dfl=0.0036 mard=2.0138 lambda=0.0324 pseudo_boxes=73 avg_conf=0.8240 lr=6.07916e-05
[Epoch 027/060] batch 0230/0372 loss=13.7613 det=13.6986 box=1.0252 cls=0.8430 dfl=0.0043 mard=2.0007 lambda=0.0314 pseudo_boxes=77 avg_conf=0.8135 lr=6.07916e-05
[Epoch 027/060] batch 0240/0372 loss=12.8351 det=12.7642 box=0.9834 cls=0.7555 dfl=0.0040 mard=2.0221 lambda=0.0351 pseudo_boxes=52 avg_conf=0.8506 lr=6.07916e-05
[Epoch 027/060] batch 0250/0372 loss=13.2694 det=13.1978 box=1.0266 cls=0.7455 dfl=0.0049 mard=2.0028 lambda=0.0358 pseudo_boxes=69 avg_conf=0.8578 lr=6.07916e-05
[Epoch 027/060] batch 0260/0372 loss=13.8011 det=13.7388 box=1.0536 cls=0.8647 dfl=0.0044 mard=2.0092 lambda=0.0310 pseudo_boxes=70 avg_conf=0.8104 lr=6.07916e-05
[Epoch 027/060] batch 0270/0372 loss=13.0424 det=12.9736 box=1.0239 cls=0.7588 dfl=0.0051 mard=2.0244 lambda=0.0340 pseudo_boxes=71 avg_conf=0.8402 lr=6.07916e-05
[Epoch 027/060] batch 0280/0372 loss=9.2066 det=9.1425 box=0.6812 cls=0.5424 dfl=0.0022 mard=2.0070 lambda=0.0320 pseudo_boxes=81 avg_conf=0.8195 lr=6.07916e-05
[Epoch 027/060] batch 0290/0372 loss=11.2389 det=11.1726 box=0.8411 cls=0.6402 dfl=0.0032 mard=2.0166 lambda=0.0329 pseudo_boxes=87 avg_conf=0.8287 lr=6.07916e-05
[Epoch 027/060] batch 0300/0372 loss=13.6330 det=13.5731 box=1.0336 cls=0.9169 dfl=0.0035 mard=2.0108 lambda=0.0298 pseudo_boxes=112 avg_conf=0.7979 lr=6.07916e-05
[Epoch 027/060] batch 0310/0372 loss=10.9236 det=10.8578 box=0.7760 cls=0.6766 dfl=0.0030 mard=2.0200 lambda=0.0326 pseudo_boxes=114 avg_conf=0.8256 lr=6.07916e-05
[Epoch 027/060] batch 0320/0372 loss=14.3253 det=14.2609 box=1.0545 cls=0.8850 dfl=0.0034 mard=1.9969 lambda=0.0322 pseudo_boxes=83 avg_conf=0.8221 lr=6.07916e-05
[Epoch 027/060] batch 0330/0372 loss=8.7527 det=8.6750 box=0.6113 cls=0.5714 dfl=0.0030 mard=2.0204 lambda=0.0385 pseudo_boxes=52 avg_conf=0.8846 lr=6.07916e-05
[Epoch 027/060] batch 0340/0372 loss=12.0752 det=12.0086 box=0.8670 cls=0.7654 dfl=0.0054 mard=2.0023 lambda=0.0333 pseudo_boxes=83 avg_conf=0.8327 lr=6.07916e-05
[Epoch 027/060] batch 0350/0372 loss=13.4407 det=13.3764 box=1.0055 cls=0.8820 dfl=0.0045 mard=2.0251 lambda=0.0318 pseudo_boxes=69 avg_conf=0.8177 lr=6.07916e-05
[Epoch 027/060] batch 0360/0372 loss=10.6164 det=10.5456 box=0.8349 cls=0.5661 dfl=0.0046 mard=1.9969 lambda=0.0355 pseudo_boxes=94 avg_conf=0.8547 lr=6.07916e-05
[Epoch 027/060] batch 0370/0372 loss=11.6987 det=11.6263 box=0.9386 cls=0.6426 dfl=0.0040 mard=1.9913 lambda=0.0363 pseudo_boxes=106 avg_conf=0.8635 lr=6.07916e-05
[Epoch 027/060] batch 0372/0372 loss=13.6475 det=13.5823 box=1.0947 cls=1.0504 dfl=0.0046 mard=2.0082 lambda=0.0324 pseudo_boxes=66 avg_conf=0.8242 lr=6.07916e-05
[Epoch 027/060] done time=266.4s valid_batches=372 skipped=0 pseudo_boxes=27961 loss=12.2412 det=12.1735 box=0.9328 cls=0.7458 dfl=0.0040 mard=2.0116
[Epoch 028/060] start
[Epoch 028/060] batch 0001/0372 loss=13.7401 det=13.6716 box=1.0432 cls=0.8570 dfl=0.0041 mard=2.0014 lambda=0.0342 pseudo_boxes=72 avg_conf=0.8424 lr=5.82435e-05
[Epoch 028/060] batch 0010/0372 loss=9.9006 det=9.8315 box=0.7419 cls=0.5561 dfl=0.0033 mard=2.0176 lambda=0.0342 pseudo_boxes=84 avg_conf=0.8424 lr=5.82435e-05
[Epoch 028/060] batch 0020/0372 loss=11.6973 det=11.6244 box=0.8112 cls=0.7363 dfl=0.0037 mard=2.0187 lambda=0.0361 pseudo_boxes=66 avg_conf=0.8612 lr=5.82435e-05
[Epoch 028/060] batch 0030/0372 loss=12.8578 det=12.7907 box=0.9394 cls=0.8007 dfl=0.0035 mard=2.0103 lambda=0.0334 pseudo_boxes=68 avg_conf=0.8338 lr=5.82435e-05
[Epoch 028/060] batch 0040/0372 loss=10.6403 det=10.5674 box=0.6886 cls=0.7944 dfl=0.0032 mard=2.0141 lambda=0.0362 pseudo_boxes=61 avg_conf=0.8619 lr=5.82435e-05
[Epoch 028/060] batch 0050/0372 loss=14.0126 det=13.9443 box=1.0869 cls=0.8369 dfl=0.0043 mard=2.0094 lambda=0.0339 pseudo_boxes=71 avg_conf=0.8395 lr=5.82435e-05
[Epoch 028/060] batch 0060/0372 loss=13.4236 det=13.3618 box=0.9884 cls=0.8360 dfl=0.0035 mard=1.9999 lambda=0.0309 pseudo_boxes=79 avg_conf=0.8095 lr=5.82435e-05
[Epoch 028/060] batch 0070/0372 loss=14.1402 det=14.0712 box=1.0776 cls=0.8742 dfl=0.0043 mard=2.0107 lambda=0.0343 pseudo_boxes=84 avg_conf=0.8433 lr=5.82435e-05
[Epoch 028/060] batch 0080/0372 loss=13.7047 det=13.6391 box=0.9965 cls=0.8739 dfl=0.0032 mard=2.0349 lambda=0.0322 pseudo_boxes=67 avg_conf=0.8224 lr=5.82435e-05
[Epoch 028/060] batch 0090/0372 loss=11.8998 det=11.8352 box=0.8943 cls=0.7167 dfl=0.0042 mard=2.0006 lambda=0.0323 pseudo_boxes=102 avg_conf=0.8227 lr=5.82435e-05
[Epoch 028/060] batch 0100/0372 loss=10.4434 det=10.3761 box=0.8070 cls=0.5939 dfl=0.0034 mard=2.0313 lambda=0.0332 pseudo_boxes=75 avg_conf=0.8316 lr=5.82435e-05
[Epoch 028/060] batch 0110/0372 loss=12.7371 det=12.6689 box=1.0289 cls=0.7376 dfl=0.0039 mard=2.0051 lambda=0.0340 pseudo_boxes=67 avg_conf=0.8402 lr=5.82435e-05
[Epoch 028/060] batch 0120/0372 loss=14.4942 det=14.4240 box=1.0195 cls=0.9994 dfl=0.0052 mard=2.0179 lambda=0.0348 pseudo_boxes=72 avg_conf=0.8479 lr=5.82435e-05
[Epoch 028/060] batch 0130/0372 loss=9.0722 det=8.9991 box=0.8353 cls=0.5416 dfl=0.0043 mard=2.0275 lambda=0.0360 pseudo_boxes=58 avg_conf=0.8605 lr=5.82435e-05
[Epoch 028/060] batch 0140/0372 loss=20.8396 det=20.7744 box=1.5943 cls=1.3044 dfl=0.0055 mard=2.0162 lambda=0.0323 pseudo_boxes=76 avg_conf=0.8233 lr=5.82435e-05
[Epoch 028/060] batch 0150/0372 loss=9.8393 det=9.7726 box=0.7696 cls=0.4893 dfl=0.0030 mard=1.9957 lambda=0.0334 pseudo_boxes=107 avg_conf=0.8340 lr=5.82435e-05
[Epoch 028/060] batch 0160/0372 loss=8.6335 det=8.5638 box=0.6517 cls=0.4541 dfl=0.0027 mard=2.0288 lambda=0.0344 pseudo_boxes=80 avg_conf=0.8438 lr=5.82435e-05
[Epoch 028/060] batch 0170/0372 loss=11.2663 det=11.1954 box=0.8220 cls=0.6658 dfl=0.0040 mard=2.0088 lambda=0.0353 pseudo_boxes=67 avg_conf=0.8531 lr=5.82435e-05
[Epoch 028/060] batch 0180/0372 loss=19.8084 det=19.7410 box=1.4233 cls=1.2848 dfl=0.0091 mard=2.0102 lambda=0.0335 pseudo_boxes=88 avg_conf=0.8354 lr=5.82435e-05
[Epoch 028/060] batch 0190/0372 loss=12.0025 det=11.9367 box=0.9016 cls=0.6785 dfl=0.0041 mard=1.9995 lambda=0.0329 pseudo_boxes=73 avg_conf=0.8287 lr=5.82435e-05
[Epoch 028/060] batch 0200/0372 loss=10.6297 det=10.5643 box=0.7382 cls=0.7653 dfl=0.0035 mard=2.0156 lambda=0.0324 pseudo_boxes=61 avg_conf=0.8243 lr=5.82435e-05
[Epoch 028/060] batch 0210/0372 loss=9.3596 det=9.2949 box=0.7875 cls=0.6428 dfl=0.0030 mard=2.0046 lambda=0.0323 pseudo_boxes=73 avg_conf=0.8228 lr=5.82435e-05
[Epoch 028/060] batch 0220/0372 loss=11.2410 det=11.1723 box=0.8200 cls=0.6627 dfl=0.0028 mard=2.0015 lambda=0.0343 pseudo_boxes=74 avg_conf=0.8432 lr=5.82435e-05
[Epoch 028/060] batch 0230/0372 loss=10.5952 det=10.5310 box=0.8593 cls=0.7455 dfl=0.0026 mard=2.0146 lambda=0.0319 pseudo_boxes=63 avg_conf=0.8188 lr=5.82435e-05
[Epoch 028/060] batch 0240/0372 loss=7.6805 det=7.6067 box=0.6741 cls=0.4399 dfl=0.0029 mard=2.0114 lambda=0.0367 pseudo_boxes=70 avg_conf=0.8668 lr=5.82435e-05
[Epoch 028/060] batch 0250/0372 loss=13.2985 det=13.2286 box=1.0435 cls=0.7101 dfl=0.0043 mard=2.0378 lambda=0.0343 pseudo_boxes=75 avg_conf=0.8435 lr=5.82435e-05
[Epoch 028/060] batch 0260/0372 loss=12.7786 det=12.7145 box=1.0622 cls=0.6837 dfl=0.0037 mard=2.0098 lambda=0.0319 pseudo_boxes=75 avg_conf=0.8190 lr=5.82435e-05
[Epoch 028/060] batch 0270/0372 loss=10.5293 det=10.4626 box=0.7595 cls=0.8419 dfl=0.0041 mard=2.0252 lambda=0.0329 pseudo_boxes=61 avg_conf=0.8294 lr=5.82435e-05
[Epoch 028/060] batch 0280/0372 loss=9.7391 det=9.6655 box=0.7280 cls=0.7552 dfl=0.0042 mard=2.0292 lambda=0.0363 pseudo_boxes=59 avg_conf=0.8629 lr=5.82435e-05
[Epoch 028/060] batch 0290/0372 loss=11.6440 det=11.5773 box=0.9408 cls=0.6317 dfl=0.0053 mard=2.0214 lambda=0.0330 pseudo_boxes=103 avg_conf=0.8300 lr=5.82435e-05
[Epoch 028/060] batch 0300/0372 loss=11.1369 det=11.0715 box=0.8946 cls=0.5563 dfl=0.0029 mard=1.9932 lambda=0.0328 pseudo_boxes=115 avg_conf=0.8282 lr=5.82435e-05
[Epoch 028/060] batch 0310/0372 loss=10.5931 det=10.5242 box=0.7960 cls=0.6511 dfl=0.0031 mard=2.0402 lambda=0.0337 pseudo_boxes=74 avg_conf=0.8374 lr=5.82435e-05
[Epoch 028/060] batch 0320/0372 loss=10.8759 det=10.8088 box=0.8323 cls=0.6328 dfl=0.0035 mard=2.0076 lambda=0.0334 pseudo_boxes=100 avg_conf=0.8338 lr=5.82435e-05
[Epoch 028/060] batch 0330/0372 loss=10.7665 det=10.6996 box=0.7516 cls=0.6404 dfl=0.0032 mard=2.0035 lambda=0.0334 pseudo_boxes=73 avg_conf=0.8336 lr=5.82435e-05
[Epoch 028/060] batch 0340/0372 loss=14.2064 det=14.1486 box=1.0123 cls=0.9464 dfl=0.0045 mard=2.0056 lambda=0.0288 pseudo_boxes=72 avg_conf=0.7878 lr=5.82435e-05
[Epoch 028/060] batch 0350/0372 loss=9.5072 det=9.4372 box=0.7011 cls=0.5071 dfl=0.0037 mard=2.0047 lambda=0.0349 pseudo_boxes=96 avg_conf=0.8491 lr=5.82435e-05
[Epoch 028/060] batch 0360/0372 loss=12.4194 det=12.3504 box=0.9238 cls=0.7501 dfl=0.0040 mard=2.0037 lambda=0.0344 pseudo_boxes=85 avg_conf=0.8443 lr=5.82435e-05
[Epoch 028/060] batch 0370/0372 loss=9.7800 det=9.7120 box=0.7176 cls=0.5543 dfl=0.0030 mard=2.0117 lambda=0.0338 pseudo_boxes=71 avg_conf=0.8384 lr=5.82435e-05
[Epoch 028/060] batch 0372/0372 loss=9.3383 det=9.2687 box=0.7675 cls=0.6868 dfl=0.0034 mard=2.0264 lambda=0.0344 pseudo_boxes=80 avg_conf=0.8436 lr=5.82435e-05
[Epoch 028/060] done time=266.0s valid_batches=372 skipped=0 pseudo_boxes=28035 loss=12.1517 det=12.0840 box=0.9182 cls=0.7455 dfl=0.0039 mard=2.0126
[Epoch 029/060] start
[Epoch 029/060] batch 0001/0372 loss=10.5550 det=10.4920 box=0.8341 cls=0.5461 dfl=0.0039 mard=1.9937 lambda=0.0316 pseudo_boxes=72 avg_conf=0.8159 lr=5.56742e-05
[Epoch 029/060] batch 0010/0372 loss=10.9478 det=10.8801 box=0.8335 cls=0.5530 dfl=0.0037 mard=1.9876 lambda=0.0341 pseudo_boxes=85 avg_conf=0.8408 lr=5.56742e-05
[Epoch 029/060] batch 0020/0372 loss=13.8675 det=13.8010 box=0.9671 cls=0.9247 dfl=0.0041 mard=2.0001 lambda=0.0333 pseudo_boxes=100 avg_conf=0.8327 lr=5.56742e-05
[Epoch 029/060] batch 0030/0372 loss=12.9352 det=12.8740 box=1.0101 cls=0.7472 dfl=0.0043 mard=2.0216 lambda=0.0303 pseudo_boxes=92 avg_conf=0.8030 lr=5.56742e-05
[Epoch 029/060] batch 0040/0372 loss=12.2827 det=12.2140 box=0.8702 cls=0.8347 dfl=0.0037 mard=2.0137 lambda=0.0341 pseudo_boxes=74 avg_conf=0.8411 lr=5.56742e-05
[Epoch 029/060] batch 0050/0372 loss=13.0633 det=12.9972 box=0.9361 cls=0.8655 dfl=0.0042 mard=2.0039 lambda=0.0330 pseudo_boxes=72 avg_conf=0.8300 lr=5.56742e-05
[Epoch 029/060] batch 0060/0372 loss=11.5721 det=11.5044 box=0.8917 cls=0.6410 dfl=0.0043 mard=2.0119 lambda=0.0336 pseudo_boxes=85 avg_conf=0.8364 lr=5.56742e-05
[Epoch 029/060] batch 0070/0372 loss=11.5157 det=11.4457 box=0.8014 cls=0.7961 dfl=0.0043 mard=2.0157 lambda=0.0347 pseudo_boxes=72 avg_conf=0.8474 lr=5.56742e-05
[Epoch 029/060] batch 0080/0372 loss=10.2796 det=10.2122 box=0.7981 cls=0.6023 dfl=0.0030 mard=2.0254 lambda=0.0333 pseudo_boxes=50 avg_conf=0.8329 lr=5.56742e-05
[Epoch 029/060] batch 0090/0372 loss=13.2448 det=13.1796 box=1.0903 cls=0.9978 dfl=0.0040 mard=2.0094 lambda=0.0325 pseudo_boxes=76 avg_conf=0.8247 lr=5.56742e-05
[Epoch 029/060] batch 0100/0372 loss=9.9726 det=9.9021 box=0.7637 cls=0.5774 dfl=0.0031 mard=1.9976 lambda=0.0353 pseudo_boxes=69 avg_conf=0.8529 lr=5.56742e-05
[Epoch 029/060] batch 0110/0372 loss=8.5952 det=8.5179 box=0.6388 cls=0.5080 dfl=0.0035 mard=2.0098 lambda=0.0384 pseudo_boxes=58 avg_conf=0.8844 lr=5.56742e-05
[Epoch 029/060] batch 0120/0372 loss=15.2983 det=15.2336 box=1.1555 cls=0.9148 dfl=0.0049 mard=2.0065 lambda=0.0323 pseudo_boxes=98 avg_conf=0.8226 lr=5.56742e-05
[Epoch 029/060] batch 0130/0372 loss=10.8629 det=10.7966 box=0.8263 cls=0.5794 dfl=0.0032 mard=1.9942 lambda=0.0332 pseudo_boxes=99 avg_conf=0.8321 lr=5.56742e-05
[Epoch 029/060] batch 0140/0372 loss=15.4922 det=15.4297 box=1.1493 cls=0.9771 dfl=0.0041 mard=1.9994 lambda=0.0312 pseudo_boxes=81 avg_conf=0.8122 lr=5.56742e-05
[Epoch 029/060] batch 0150/0372 loss=16.2479 det=16.1855 box=1.2412 cls=0.9320 dfl=0.0060 mard=2.0154 lambda=0.0310 pseudo_boxes=100 avg_conf=0.8098 lr=5.56742e-05
[Epoch 029/060] batch 0160/0372 loss=12.5494 det=12.4879 box=0.9873 cls=0.7153 dfl=0.0037 mard=2.0359 lambda=0.0302 pseudo_boxes=74 avg_conf=0.8016 lr=5.56742e-05
[Epoch 029/060] batch 0170/0372 loss=10.5777 det=10.5085 box=0.7657 cls=0.6308 dfl=0.0028 mard=2.0304 lambda=0.0341 pseudo_boxes=60 avg_conf=0.8408 lr=5.56742e-05
[Epoch 029/060] batch 0180/0372 loss=13.3420 det=13.2708 box=0.9392 cls=0.8925 dfl=0.0042 mard=2.0282 lambda=0.0351 pseudo_boxes=48 avg_conf=0.8507 lr=5.56742e-05
[Epoch 029/060] batch 0190/0372 loss=9.5693 det=9.5014 box=0.7420 cls=0.5424 dfl=0.0037 mard=2.0083 lambda=0.0338 pseudo_boxes=83 avg_conf=0.8379 lr=5.56742e-05
[Epoch 029/060] batch 0200/0372 loss=10.0761 det=10.0073 box=0.7600 cls=0.6264 dfl=0.0033 mard=2.0180 lambda=0.0341 pseudo_boxes=72 avg_conf=0.8410 lr=5.56742e-05
[Epoch 029/060] batch 0210/0372 loss=10.0815 det=10.0176 box=0.8117 cls=0.6940 dfl=0.0028 mard=2.0087 lambda=0.0318 pseudo_boxes=58 avg_conf=0.8182 lr=5.56742e-05
[Epoch 029/060] batch 0220/0372 loss=21.7220 det=21.6617 box=1.4699 cls=1.4426 dfl=0.0057 mard=2.0164 lambda=0.0299 pseudo_boxes=85 avg_conf=0.7989 lr=5.56742e-05
[Epoch 029/060] batch 0230/0372 loss=10.8748 det=10.8087 box=0.8226 cls=0.6273 dfl=0.0027 mard=2.0113 lambda=0.0328 pseudo_boxes=84 avg_conf=0.8283 lr=5.56742e-05
[Epoch 029/060] batch 0240/0372 loss=12.9251 det=12.8552 box=0.9379 cls=0.7612 dfl=0.0039 mard=2.0155 lambda=0.0346 pseudo_boxes=41 avg_conf=0.8464 lr=5.56742e-05
[Epoch 029/060] batch 0250/0372 loss=16.9382 det=16.8763 box=1.2759 cls=1.1156 dfl=0.0042 mard=2.0147 lambda=0.0307 pseudo_boxes=66 avg_conf=0.8069 lr=5.56742e-05
[Epoch 029/060] batch 0260/0372 loss=12.0729 det=12.0016 box=0.8633 cls=0.8095 dfl=0.0037 mard=2.0063 lambda=0.0355 pseudo_boxes=48 avg_conf=0.8552 lr=5.56742e-05
[Epoch 029/060] batch 0270/0372 loss=9.1960 det=9.1253 box=0.7752 cls=0.4487 dfl=0.0025 mard=2.0109 lambda=0.0352 pseudo_boxes=50 avg_conf=0.8516 lr=5.56742e-05
[Epoch 029/060] batch 0280/0372 loss=9.5095 det=9.4378 box=0.7406 cls=0.4968 dfl=0.0030 mard=1.9962 lambda=0.0359 pseudo_boxes=86 avg_conf=0.8593 lr=5.56742e-05
[Epoch 029/060] batch 0290/0372 loss=9.3604 det=9.2838 box=0.6616 cls=0.5827 dfl=0.0033 mard=2.0085 lambda=0.0381 pseudo_boxes=53 avg_conf=0.8812 lr=5.56742e-05
[Epoch 029/060] batch 0300/0372 loss=10.0235 det=9.9540 box=0.7371 cls=0.5330 dfl=0.0034 mard=2.0325 lambda=0.0342 pseudo_boxes=65 avg_conf=0.8424 lr=5.56742e-05
[Epoch 029/060] batch 0310/0372 loss=9.1299 det=9.0606 box=0.8379 cls=0.6047 dfl=0.0044 mard=2.0207 lambda=0.0343 pseudo_boxes=60 avg_conf=0.8430 lr=5.56742e-05
[Epoch 029/060] batch 0320/0372 loss=9.5466 det=9.4808 box=0.7393 cls=0.4853 dfl=0.0026 mard=2.0288 lambda=0.0324 pseudo_boxes=53 avg_conf=0.8242 lr=5.56742e-05
[Epoch 029/060] batch 0330/0372 loss=13.7201 det=13.6502 box=0.9178 cls=0.9893 dfl=0.0036 mard=2.0002 lambda=0.0349 pseudo_boxes=59 avg_conf=0.8495 lr=5.56742e-05
[Epoch 029/060] batch 0340/0372 loss=12.2029 det=12.1333 box=0.8919 cls=0.7758 dfl=0.0036 mard=2.0106 lambda=0.0346 pseudo_boxes=70 avg_conf=0.8459 lr=5.56742e-05
[Epoch 029/060] batch 0350/0372 loss=8.6437 det=8.5662 box=0.6298 cls=0.4737 dfl=0.0031 mard=2.0333 lambda=0.0381 pseudo_boxes=60 avg_conf=0.8810 lr=5.56742e-05
[Epoch 029/060] batch 0360/0372 loss=11.8432 det=11.7748 box=0.8823 cls=0.7127 dfl=0.0036 mard=2.0015 lambda=0.0342 pseudo_boxes=87 avg_conf=0.8420 lr=5.56742e-05
[Epoch 029/060] batch 0370/0372 loss=15.4794 det=15.4107 box=1.2111 cls=0.9538 dfl=0.0053 mard=1.9990 lambda=0.0344 pseudo_boxes=88 avg_conf=0.8438 lr=5.56742e-05
[Epoch 029/060] batch 0372/0372 loss=8.5861 det=8.5150 box=0.7143 cls=0.5991 dfl=0.0032 mard=1.9974 lambda=0.0356 pseudo_boxes=59 avg_conf=0.8558 lr=5.56742e-05
[Epoch 029/060] done time=266.2s valid_batches=372 skipped=0 pseudo_boxes=27985 loss=12.0750 det=12.0074 box=0.9092 cls=0.7379 dfl=0.0038 mard=2.0122
[Epoch 030/060] start
[Epoch 030/060] batch 0001/0372 loss=11.8085 det=11.7423 box=0.8541 cls=0.7897 dfl=0.0030 mard=2.0106 lambda=0.0329 pseudo_boxes=63 avg_conf=0.8292 lr=5.30906e-05
[Epoch 030/060] batch 0010/0372 loss=12.7925 det=12.7277 box=0.9121 cls=0.8210 dfl=0.0036 mard=2.0212 lambda=0.0321 pseudo_boxes=71 avg_conf=0.8206 lr=5.30906e-05
[Epoch 030/060] batch 0020/0372 loss=12.6531 det=12.5862 box=0.9598 cls=0.7313 dfl=0.0039 mard=2.0158 lambda=0.0332 pseudo_boxes=84 avg_conf=0.8322 lr=5.30906e-05
[Epoch 030/060] batch 0030/0372 loss=11.7044 det=11.6365 box=0.9329 cls=0.7044 dfl=0.0032 mard=2.0235 lambda=0.0336 pseudo_boxes=82 avg_conf=0.8355 lr=5.30906e-05
[Epoch 030/060] batch 0040/0372 loss=13.7766 det=13.7073 box=1.0440 cls=0.7519 dfl=0.0042 mard=2.0199 lambda=0.0343 pseudo_boxes=87 avg_conf=0.8434 lr=5.30906e-05
[Epoch 030/060] batch 0050/0372 loss=9.2363 det=9.1710 box=0.6892 cls=0.5323 dfl=0.0026 mard=2.0097 lambda=0.0325 pseudo_boxes=56 avg_conf=0.8246 lr=5.30906e-05
[Epoch 030/060] batch 0060/0372 loss=11.8462 det=11.7790 box=0.8717 cls=0.7421 dfl=0.0035 mard=1.9957 lambda=0.0337 pseudo_boxes=91 avg_conf=0.8366 lr=5.30906e-05
[Epoch 030/060] batch 0070/0372 loss=11.4615 det=11.3963 box=0.9077 cls=0.5698 dfl=0.0029 mard=2.0053 lambda=0.0325 pseudo_boxes=86 avg_conf=0.8250 lr=5.30906e-05
[Epoch 030/060] batch 0080/0372 loss=9.0717 det=9.0032 box=0.6686 cls=0.5278 dfl=0.0031 mard=2.0053 lambda=0.0342 pseudo_boxes=68 avg_conf=0.8418 lr=5.30906e-05
[Epoch 030/060] batch 0090/0372 loss=11.0957 det=11.0190 box=0.8271 cls=0.7142 dfl=0.0029 mard=2.0327 lambda=0.0377 pseudo_boxes=57 avg_conf=0.8770 lr=5.30906e-05
[Epoch 030/060] batch 0100/0372 loss=10.3635 det=10.2871 box=0.7674 cls=0.5661 dfl=0.0032 mard=2.0114 lambda=0.0380 pseudo_boxes=57 avg_conf=0.8799 lr=5.30906e-05
[Epoch 030/060] batch 0110/0372 loss=11.4877 det=11.4242 box=0.8799 cls=0.6527 dfl=0.0031 mard=2.0176 lambda=0.0315 pseudo_boxes=63 avg_conf=0.8149 lr=5.30906e-05
[Epoch 030/060] batch 0120/0372 loss=16.4235 det=16.3548 box=1.0233 cls=1.3209 dfl=0.0061 mard=2.0290 lambda=0.0338 pseudo_boxes=43 avg_conf=0.8385 lr=5.30906e-05
[Epoch 030/060] batch 0130/0372 loss=13.1100 det=13.0433 box=0.9445 cls=0.7934 dfl=0.0043 mard=2.0040 lambda=0.0333 pseudo_boxes=95 avg_conf=0.8330 lr=5.30906e-05
[Epoch 030/060] batch 0140/0372 loss=13.7709 det=13.7020 box=1.0450 cls=0.8215 dfl=0.0040 mard=2.0261 lambda=0.0340 pseudo_boxes=74 avg_conf=0.8398 lr=5.30906e-05
[Epoch 030/060] batch 0150/0372 loss=10.6951 det=10.6279 box=0.8213 cls=0.6126 dfl=0.0038 mard=2.0181 lambda=0.0333 pseudo_boxes=78 avg_conf=0.8332 lr=5.30906e-05
[Epoch 030/060] batch 0160/0372 loss=10.2668 det=10.1949 box=0.7828 cls=0.5720 dfl=0.0028 mard=2.0115 lambda=0.0357 pseudo_boxes=96 avg_conf=0.8574 lr=5.30906e-05
[Epoch 030/060] batch 0170/0372 loss=14.4118 det=14.3497 box=1.0536 cls=0.8580 dfl=0.0041 mard=2.0055 lambda=0.0310 pseudo_boxes=85 avg_conf=0.8096 lr=5.30906e-05
[Epoch 030/060] batch 0180/0372 loss=12.2889 det=12.2220 box=0.9223 cls=0.7731 dfl=0.0041 mard=2.0136 lambda=0.0332 pseudo_boxes=81 avg_conf=0.8321 lr=5.30906e-05
[Epoch 030/060] batch 0190/0372 loss=9.3889 det=9.3200 box=0.7397 cls=0.4782 dfl=0.0036 mard=1.9976 lambda=0.0345 pseudo_boxes=81 avg_conf=0.8447 lr=5.30906e-05
[Epoch 030/060] batch 0200/0372 loss=15.9043 det=15.8397 box=1.1409 cls=1.0577 dfl=0.0056 mard=2.0321 lambda=0.0318 pseudo_boxes=74 avg_conf=0.8181 lr=5.30906e-05
[Epoch 030/060] batch 0210/0372 loss=13.7591 det=13.6931 box=1.0292 cls=0.8578 dfl=0.0041 mard=2.0069 lambda=0.0329 pseudo_boxes=77 avg_conf=0.8287 lr=5.30906e-05
[Epoch 030/060] batch 0220/0372 loss=10.2227 det=10.1529 box=0.8252 cls=0.5323 dfl=0.0043 mard=2.0376 lambda=0.0343 pseudo_boxes=67 avg_conf=0.8430 lr=5.30906e-05
[Epoch 030/060] batch 0230/0372 loss=11.7184 det=11.6521 box=0.8334 cls=0.7596 dfl=0.0026 mard=2.0081 lambda=0.0330 pseudo_boxes=77 avg_conf=0.8304 lr=5.30906e-05
[Epoch 030/060] batch 0240/0372 loss=12.1903 det=12.1172 box=0.8967 cls=0.7594 dfl=0.0031 mard=2.0232 lambda=0.0361 pseudo_boxes=53 avg_conf=0.8614 lr=5.30906e-05
[Epoch 030/060] batch 0250/0372 loss=12.3560 det=12.2912 box=0.9358 cls=0.7121 dfl=0.0033 mard=2.0008 lambda=0.0324 pseudo_boxes=81 avg_conf=0.8239 lr=5.30906e-05
[Epoch 030/060] batch 0260/0372 loss=11.3293 det=11.2686 box=0.8418 cls=0.6452 dfl=0.0030 mard=2.0391 lambda=0.0298 pseudo_boxes=81 avg_conf=0.7977 lr=5.30906e-05
[Epoch 030/060] batch 0270/0372 loss=11.0492 det=10.9776 box=0.7920 cls=0.6955 dfl=0.0040 mard=2.0012 lambda=0.0358 pseudo_boxes=67 avg_conf=0.8577 lr=5.30906e-05
[Epoch 030/060] batch 0280/0372 loss=13.8015 det=13.7404 box=1.0636 cls=0.8702 dfl=0.0046 mard=2.0135 lambda=0.0303 pseudo_boxes=73 avg_conf=0.8031 lr=5.30906e-05
[Epoch 030/060] batch 0290/0372 loss=13.3385 det=13.2736 box=0.9884 cls=0.7091 dfl=0.0042 mard=2.0110 lambda=0.0323 pseudo_boxes=93 avg_conf=0.8228 lr=5.30906e-05
[Epoch 030/060] batch 0300/0372 loss=12.8873 det=12.8213 box=0.9487 cls=0.8929 dfl=0.0044 mard=2.0055 lambda=0.0329 pseudo_boxes=69 avg_conf=0.8289 lr=5.30906e-05
[Epoch 030/060] batch 0310/0372 loss=10.4414 det=10.3718 box=0.7610 cls=0.6112 dfl=0.0037 mard=2.0056 lambda=0.0347 pseudo_boxes=93 avg_conf=0.8469 lr=5.30906e-05
[Epoch 030/060] batch 0320/0372 loss=12.7430 det=12.6815 box=0.9458 cls=0.8025 dfl=0.0037 mard=2.0049 lambda=0.0307 pseudo_boxes=88 avg_conf=0.8066 lr=5.30906e-05
[Epoch 030/060] batch 0330/0372 loss=12.2613 det=12.1939 box=0.8449 cls=0.7935 dfl=0.0046 mard=2.0287 lambda=0.0332 pseudo_boxes=60 avg_conf=0.8323 lr=5.30906e-05
[Epoch 030/060] batch 0340/0372 loss=11.1279 det=11.0566 box=0.8197 cls=0.6500 dfl=0.0032 mard=2.0063 lambda=0.0355 pseudo_boxes=63 avg_conf=0.8550 lr=5.30906e-05
[Epoch 030/060] batch 0350/0372 loss=10.3338 det=10.2625 box=0.7634 cls=0.5750 dfl=0.0039 mard=1.9928 lambda=0.0358 pseudo_boxes=74 avg_conf=0.8579 lr=5.30906e-05
[Epoch 030/060] batch 0360/0372 loss=11.7405 det=11.6748 box=0.8417 cls=0.7011 dfl=0.0038 mard=2.0007 lambda=0.0328 pseudo_boxes=71 avg_conf=0.8285 lr=5.30906e-05
[Epoch 030/060] batch 0370/0372 loss=10.6913 det=10.6195 box=0.7763 cls=0.6631 dfl=0.0030 mard=2.0173 lambda=0.0356 pseudo_boxes=63 avg_conf=0.8561 lr=5.30906e-05
[Epoch 030/060] batch 0372/0372 loss=11.4097 det=11.3388 box=0.9485 cls=0.7665 dfl=0.0042 mard=2.0077 lambda=0.0353 pseudo_boxes=92 avg_conf=0.8535 lr=5.30906e-05
[Epoch 030/060] done time=266.2s valid_batches=372 skipped=0 pseudo_boxes=28098 loss=12.2055 det=12.1382 box=0.9206 cls=0.7429 dfl=0.0039 mard=2.0125
[Epoch 030/060] saved student: /home/dang/research/runs/c2f_rtsfod_yolo26m_pretrained/checkpoints/yolo26_stage2_rtsfod_epoch_30.pt
[Epoch 031/060] start
[Epoch 031/060] batch 0001/0372 loss=13.4987 det=13.4305 box=1.0302 cls=0.8403 dfl=0.0037 mard=2.0180 lambda=0.0338 pseudo_boxes=77 avg_conf=0.8377 lr=5.05e-05
[Epoch 031/060] batch 0010/0372 loss=13.8529 det=13.7907 box=1.1527 cls=0.9661 dfl=0.0041 mard=2.0059 lambda=0.0310 pseudo_boxes=75 avg_conf=0.8104 lr=5.05e-05
[Epoch 031/060] batch 0020/0372 loss=11.8140 det=11.7443 box=0.9158 cls=0.6353 dfl=0.0045 mard=2.0056 lambda=0.0347 pseudo_boxes=74 avg_conf=0.8472 lr=5.05e-05
[Epoch 031/060] batch 0030/0372 loss=8.2139 det=8.1422 box=0.6457 cls=0.4001 dfl=0.0023 mard=2.0351 lambda=0.0353 pseudo_boxes=70 avg_conf=0.8526 lr=5.05e-05
[Epoch 031/060] batch 0040/0372 loss=12.8311 det=12.7641 box=0.9568 cls=0.7797 dfl=0.0032 mard=1.9927 lambda=0.0336 pseudo_boxes=77 avg_conf=0.8362 lr=5.05e-05
[Epoch 031/060] batch 0050/0372 loss=9.5963 det=9.5289 box=0.7828 cls=0.6634 dfl=0.0035 mard=2.0031 lambda=0.0336 pseudo_boxes=47 avg_conf=0.8365 lr=5.05e-05
[Epoch 031/060] batch 0060/0372 loss=11.4051 det=11.3407 box=0.8374 cls=0.6435 dfl=0.0037 mard=2.0053 lambda=0.0321 pseudo_boxes=136 avg_conf=0.8212 lr=5.05e-05
[Epoch 031/060] batch 0070/0372 loss=13.0504 det=12.9857 box=0.9108 cls=0.8182 dfl=0.0049 mard=2.0127 lambda=0.0322 pseudo_boxes=61 avg_conf=0.8216 lr=5.05e-05
[Epoch 031/060] batch 0080/0372 loss=14.0679 det=14.0030 box=1.0209 cls=0.8975 dfl=0.0053 mard=2.0106 lambda=0.0323 pseudo_boxes=74 avg_conf=0.8226 lr=5.05e-05
[Epoch 031/060] batch 0090/0372 loss=7.5488 det=7.4719 box=0.6055 cls=0.3344 dfl=0.0041 mard=2.0209 lambda=0.0381 pseudo_boxes=49 avg_conf=0.8806 lr=5.05e-05
[Epoch 031/060] batch 0100/0372 loss=11.2884 det=11.2200 box=0.8609 cls=0.6426 dfl=0.0032 mard=2.0162 lambda=0.0339 pseudo_boxes=64 avg_conf=0.8391 lr=5.05e-05
[Epoch 031/060] batch 0110/0372 loss=11.9237 det=11.8535 box=0.8358 cls=0.7147 dfl=0.0038 mard=2.0138 lambda=0.0349 pseudo_boxes=46 avg_conf=0.8486 lr=5.05e-05
[Epoch 031/060] batch 0120/0372 loss=11.3910 det=11.3250 box=0.8327 cls=0.6820 dfl=0.0030 mard=2.0005 lambda=0.0330 pseudo_boxes=90 avg_conf=0.8299 lr=5.05e-05
[Epoch 031/060] batch 0130/0372 loss=10.4460 det=10.3741 box=0.7925 cls=0.5808 dfl=0.0030 mard=2.0063 lambda=0.0358 pseudo_boxes=78 avg_conf=0.8584 lr=5.05e-05
[Epoch 031/060] batch 0140/0372 loss=12.8168 det=12.7430 box=0.9199 cls=0.8564 dfl=0.0033 mard=2.0223 lambda=0.0365 pseudo_boxes=55 avg_conf=0.8650 lr=5.05e-05
[Epoch 031/060] batch 0150/0372 loss=8.8202 det=8.7505 box=0.6218 cls=0.5773 dfl=0.0020 mard=2.0060 lambda=0.0347 pseudo_boxes=70 avg_conf=0.8475 lr=5.05e-05
[Epoch 031/060] batch 0160/0372 loss=9.5793 det=9.5083 box=0.8696 cls=0.6166 dfl=0.0039 mard=2.0111 lambda=0.0353 pseudo_boxes=62 avg_conf=0.8531 lr=5.05e-05
[Epoch 031/060] batch 0170/0372 loss=9.4883 det=9.4165 box=0.7013 cls=0.5291 dfl=0.0031 mard=2.0047 lambda=0.0358 pseudo_boxes=62 avg_conf=0.8579 lr=5.05e-05
[Epoch 031/060] batch 0180/0372 loss=12.5183 det=12.4476 box=0.8277 cls=0.8702 dfl=0.0043 mard=2.0126 lambda=0.0351 pseudo_boxes=61 avg_conf=0.8510 lr=5.05e-05
[Epoch 031/060] batch 0190/0372 loss=14.2064 det=14.1414 box=1.1395 cls=0.7657 dfl=0.0045 mard=2.0116 lambda=0.0323 pseudo_boxes=111 avg_conf=0.8235 lr=5.05e-05
[Epoch 031/060] batch 0200/0372 loss=11.1759 det=11.1074 box=0.8797 cls=0.5875 dfl=0.0037 mard=1.9948 lambda=0.0344 pseudo_boxes=67 avg_conf=0.8435 lr=5.05e-05
[Epoch 031/060] batch 0210/0372 loss=10.0823 det=10.0121 box=0.7755 cls=0.5746 dfl=0.0038 mard=2.0101 lambda=0.0349 pseudo_boxes=68 avg_conf=0.8492 lr=5.05e-05
[Epoch 031/060] batch 0220/0372 loss=9.3354 det=9.2635 box=0.5997 cls=0.6330 dfl=0.0028 mard=2.0002 lambda=0.0359 pseudo_boxes=69 avg_conf=0.8593 lr=5.05e-05
[Epoch 031/060] batch 0230/0372 loss=13.8169 det=13.7490 box=1.0462 cls=0.8459 dfl=0.0034 mard=2.0171 lambda=0.0337 pseudo_boxes=69 avg_conf=0.8366 lr=5.05e-05
[Epoch 031/060] batch 0240/0372 loss=14.9000 det=14.8332 box=1.1738 cls=0.8209 dfl=0.0045 mard=2.0068 lambda=0.0333 pseudo_boxes=70 avg_conf=0.8330 lr=5.05e-05
[Epoch 031/060] batch 0250/0372 loss=12.1620 det=12.0952 box=0.9646 cls=0.7200 dfl=0.0034 mard=2.0185 lambda=0.0331 pseudo_boxes=88 avg_conf=0.8311 lr=5.05e-05
[Epoch 031/060] batch 0260/0372 loss=13.7930 det=13.7296 box=1.0585 cls=0.7537 dfl=0.0044 mard=2.0105 lambda=0.0315 pseudo_boxes=86 avg_conf=0.8155 lr=5.05e-05
[Epoch 031/060] batch 0270/0372 loss=10.3366 det=10.2717 box=0.8263 cls=0.4837 dfl=0.0032 mard=2.0090 lambda=0.0323 pseudo_boxes=125 avg_conf=0.8232 lr=5.05e-05
[Epoch 031/060] batch 0280/0372 loss=11.3792 det=11.3112 box=0.8549 cls=0.6791 dfl=0.0038 mard=2.0188 lambda=0.0337 pseudo_boxes=62 avg_conf=0.8371 lr=5.05e-05
[Epoch 031/060] batch 0290/0372 loss=11.7733 det=11.7004 box=0.8786 cls=0.6998 dfl=0.0040 mard=2.0078 lambda=0.0363 pseudo_boxes=68 avg_conf=0.8631 lr=5.05e-05
[Epoch 031/060] batch 0300/0372 loss=14.7935 det=14.7274 box=1.0997 cls=1.0041 dfl=0.0043 mard=2.0186 lambda=0.0328 pseudo_boxes=84 avg_conf=0.8276 lr=5.05e-05
[Epoch 031/060] batch 0310/0372 loss=9.6796 det=9.6084 box=0.7881 cls=0.4643 dfl=0.0039 mard=2.0157 lambda=0.0353 pseudo_boxes=61 avg_conf=0.8531 lr=5.05e-05
[Epoch 031/060] batch 0320/0372 loss=13.4772 det=13.4139 box=1.1060 cls=1.0166 dfl=0.0057 mard=2.0037 lambda=0.0316 pseudo_boxes=53 avg_conf=0.8157 lr=5.05e-05
[Epoch 031/060] batch 0330/0372 loss=12.2551 det=12.1808 box=0.9086 cls=0.7553 dfl=0.0031 mard=2.0255 lambda=0.0367 pseudo_boxes=92 avg_conf=0.8665 lr=5.05e-05
[Epoch 031/060] batch 0340/0372 loss=12.4792 det=12.4160 box=0.9666 cls=0.6935 dfl=0.0031 mard=2.0124 lambda=0.0314 pseudo_boxes=80 avg_conf=0.8140 lr=5.05e-05
[Epoch 031/060] batch 0350/0372 loss=11.3805 det=11.3090 box=0.8432 cls=0.6805 dfl=0.0045 mard=1.9946 lambda=0.0359 pseudo_boxes=76 avg_conf=0.8586 lr=5.05e-05
[Epoch 031/060] batch 0360/0372 loss=11.7407 det=11.6749 box=0.8688 cls=0.7529 dfl=0.0037 mard=2.0201 lambda=0.0326 pseudo_boxes=89 avg_conf=0.8258 lr=5.05e-05
[Epoch 031/060] batch 0370/0372 loss=9.4975 det=9.4310 box=0.6943 cls=0.5170 dfl=0.0031 mard=1.9905 lambda=0.0334 pseudo_boxes=76 avg_conf=0.8339 lr=5.05e-05
[Epoch 031/060] batch 0372/0372 loss=10.7258 det=10.6561 box=0.9029 cls=0.7330 dfl=0.0035 mard=2.0162 lambda=0.0346 pseudo_boxes=70 avg_conf=0.8459 lr=5.05e-05
[Epoch 031/060] done time=266.1s valid_batches=372 skipped=0 pseudo_boxes=27990 loss=12.0150 det=11.9474 box=0.9063 cls=0.7247 dfl=0.0038 mard=2.0117
[Epoch 032/060] start
[Epoch 032/060] batch 0001/0372 loss=12.2062 det=12.1387 box=1.0266 cls=0.5827 dfl=0.0040 mard=2.0069 lambda=0.0337 pseudo_boxes=81 avg_conf=0.8366 lr=4.79094e-05
[Epoch 032/060] batch 0010/0372 loss=12.6326 det=12.5677 box=1.0722 cls=0.8607 dfl=0.0049 mard=2.0073 lambda=0.0324 pseudo_boxes=87 avg_conf=0.8237 lr=4.79094e-05
[Epoch 032/060] batch 0020/0372 loss=11.1569 det=11.0903 box=0.8069 cls=0.6396 dfl=0.0041 mard=2.0089 lambda=0.0331 pseudo_boxes=114 avg_conf=0.8314 lr=4.79094e-05
[Epoch 032/060] batch 0030/0372 loss=10.8910 det=10.8192 box=0.8638 cls=0.6437 dfl=0.0039 mard=2.0025 lambda=0.0359 pseudo_boxes=54 avg_conf=0.8586 lr=4.79094e-05
[Epoch 032/060] batch 0040/0372 loss=11.0594 det=10.9937 box=0.8679 cls=0.5903 dfl=0.0041 mard=1.9917 lambda=0.0330 pseudo_boxes=113 avg_conf=0.8295 lr=4.79094e-05
[Epoch 032/060] batch 0050/0372 loss=13.0582 det=12.9933 box=1.0590 cls=0.7439 dfl=0.0033 mard=2.0087 lambda=0.0323 pseudo_boxes=86 avg_conf=0.8233 lr=4.79094e-05
[Epoch 032/060] batch 0060/0372 loss=13.2968 det=13.2307 box=0.9365 cls=0.9191 dfl=0.0047 mard=2.0167 lambda=0.0328 pseudo_boxes=64 avg_conf=0.8280 lr=4.79094e-05
[Epoch 032/060] batch 0070/0372 loss=19.8302 det=19.7690 box=1.3369 cls=1.3977 dfl=0.0049 mard=2.0149 lambda=0.0304 pseudo_boxes=64 avg_conf=0.8038 lr=4.79094e-05
[Epoch 032/060] batch 0080/0372 loss=11.3620 det=11.2912 box=0.8161 cls=0.7508 dfl=0.0034 mard=2.0011 lambda=0.0354 pseudo_boxes=71 avg_conf=0.8535 lr=4.79094e-05
[Epoch 032/060] batch 0090/0372 loss=9.6112 det=9.5420 box=0.7274 cls=0.5931 dfl=0.0046 mard=2.0107 lambda=0.0344 pseudo_boxes=77 avg_conf=0.8441 lr=4.79094e-05
[Epoch 032/060] batch 0100/0372 loss=12.9675 det=12.9044 box=1.1592 cls=0.8698 dfl=0.0035 mard=1.9966 lambda=0.0316 pseudo_boxes=70 avg_conf=0.8163 lr=4.79094e-05
[Epoch 032/060] batch 0110/0372 loss=13.6922 det=13.6243 box=0.9979 cls=0.8806 dfl=0.0071 mard=2.0132 lambda=0.0337 pseudo_boxes=75 avg_conf=0.8373 lr=4.79094e-05
[Epoch 032/060] batch 0120/0372 loss=12.5358 det=12.4687 box=0.8852 cls=0.7947 dfl=0.0037 mard=2.0254 lambda=0.0331 pseudo_boxes=83 avg_conf=0.8310 lr=4.79094e-05
[Epoch 032/060] batch 0130/0372 loss=14.9913 det=14.9219 box=1.0916 cls=0.9630 dfl=0.0039 mard=2.0046 lambda=0.0346 pseudo_boxes=82 avg_conf=0.8459 lr=4.79094e-05
[Epoch 032/060] batch 0140/0372 loss=11.9902 det=11.9254 box=0.8813 cls=0.7106 dfl=0.0032 mard=2.0169 lambda=0.0321 pseudo_boxes=64 avg_conf=0.8212 lr=4.79094e-05
[Epoch 032/060] batch 0150/0372 loss=14.0832 det=14.0227 box=1.0360 cls=0.9781 dfl=0.0039 mard=2.0057 lambda=0.0302 pseudo_boxes=119 avg_conf=0.8019 lr=4.79094e-05
[Epoch 032/060] batch 0160/0372 loss=12.9260 det=12.8600 box=0.9641 cls=0.7670 dfl=0.0040 mard=2.0062 lambda=0.0329 pseudo_boxes=66 avg_conf=0.8286 lr=4.79094e-05
[Epoch 032/060] batch 0170/0372 loss=10.1921 det=10.1247 box=1.1333 cls=0.6324 dfl=0.0031 mard=2.0069 lambda=0.0336 pseudo_boxes=46 avg_conf=0.8360 lr=4.79094e-05
[Epoch 032/060] batch 0180/0372 loss=11.7878 det=11.7168 box=0.8329 cls=0.7998 dfl=0.0037 mard=2.0342 lambda=0.0349 pseudo_boxes=81 avg_conf=0.8489 lr=4.79094e-05
[Epoch 032/060] batch 0190/0372 loss=8.3471 det=8.2760 box=0.6156 cls=0.5010 dfl=0.0028 mard=2.0051 lambda=0.0354 pseudo_boxes=84 avg_conf=0.8544 lr=4.79094e-05
[Epoch 032/060] batch 0200/0372 loss=14.5244 det=14.4569 box=1.2216 cls=1.0269 dfl=0.0067 mard=2.0129 lambda=0.0335 pseudo_boxes=65 avg_conf=0.8355 lr=4.79094e-05
[Epoch 032/060] batch 0210/0372 loss=11.9230 det=11.8551 box=0.8774 cls=0.7387 dfl=0.0032 mard=2.0038 lambda=0.0339 pseudo_boxes=85 avg_conf=0.8386 lr=4.79094e-05
[Epoch 032/060] batch 0220/0372 loss=11.4127 det=11.3481 box=0.8620 cls=0.6710 dfl=0.0033 mard=2.0010 lambda=0.0322 pseudo_boxes=88 avg_conf=0.8225 lr=4.79094e-05
[Epoch 032/060] batch 0230/0372 loss=10.0752 det=10.0070 box=0.8140 cls=0.5441 dfl=0.0041 mard=2.0301 lambda=0.0336 pseudo_boxes=56 avg_conf=0.8360 lr=4.79094e-05
[Epoch 032/060] batch 0240/0372 loss=12.8363 det=12.7730 box=0.9991 cls=0.6869 dfl=0.0034 mard=2.0113 lambda=0.0315 pseudo_boxes=81 avg_conf=0.8148 lr=4.79094e-05
[Epoch 032/060] batch 0250/0372 loss=9.6210 det=9.5483 box=0.7367 cls=0.4935 dfl=0.0031 mard=2.0175 lambda=0.0360 pseudo_boxes=77 avg_conf=0.8602 lr=4.79094e-05
[Epoch 032/060] batch 0260/0372 loss=12.9434 det=12.8740 box=0.9827 cls=0.7326 dfl=0.0043 mard=2.0221 lambda=0.0344 pseudo_boxes=93 avg_conf=0.8435 lr=4.79094e-05
[Epoch 032/060] batch 0270/0372 loss=13.7816 det=13.7225 box=1.0978 cls=0.7578 dfl=0.0042 mard=2.0115 lambda=0.0294 pseudo_boxes=122 avg_conf=0.7936 lr=4.79094e-05
[Epoch 032/060] batch 0280/0372 loss=11.6238 det=11.5640 box=0.9617 cls=0.8422 dfl=0.0038 mard=2.0086 lambda=0.0297 pseudo_boxes=77 avg_conf=0.7975 lr=4.79094e-05
[Epoch 032/060] batch 0290/0372 loss=12.2539 det=12.1842 box=0.9344 cls=0.6999 dfl=0.0040 mard=1.9964 lambda=0.0349 pseudo_boxes=71 avg_conf=0.8488 lr=4.79094e-05
[Epoch 032/060] batch 0300/0372 loss=12.6431 det=12.5752 box=0.8901 cls=0.7684 dfl=0.0042 mard=1.9998 lambda=0.0340 pseudo_boxes=63 avg_conf=0.8396 lr=4.79094e-05
[Epoch 032/060] batch 0310/0372 loss=11.6592 det=11.5913 box=0.9429 cls=0.6176 dfl=0.0034 mard=2.0097 lambda=0.0337 pseudo_boxes=61 avg_conf=0.8375 lr=4.79094e-05
[Epoch 032/060] batch 0320/0372 loss=8.5648 det=8.4911 box=0.7183 cls=0.5979 dfl=0.0028 mard=2.0470 lambda=0.0360 pseudo_boxes=42 avg_conf=0.8604 lr=4.79094e-05
[Epoch 032/060] batch 0330/0372 loss=9.4365 det=9.3680 box=0.7241 cls=0.4867 dfl=0.0029 mard=2.0077 lambda=0.0341 pseudo_boxes=75 avg_conf=0.8411 lr=4.79094e-05
[Epoch 032/060] batch 0340/0372 loss=9.2415 det=9.1724 box=0.6670 cls=0.5418 dfl=0.0036 mard=1.9962 lambda=0.0346 pseudo_boxes=95 avg_conf=0.8463 lr=4.79094e-05
[Epoch 032/060] batch 0350/0372 loss=13.9548 det=13.8925 box=1.1065 cls=0.8037 dfl=0.0046 mard=2.0083 lambda=0.0310 pseudo_boxes=70 avg_conf=0.8104 lr=4.79094e-05
[Epoch 032/060] batch 0360/0372 loss=14.4385 det=14.3743 box=1.0683 cls=0.8850 dfl=0.0042 mard=2.0154 lambda=0.0319 pseudo_boxes=64 avg_conf=0.8187 lr=4.79094e-05
[Epoch 032/060] batch 0370/0372 loss=15.2014 det=15.1372 box=1.1107 cls=0.9574 dfl=0.0048 mard=2.0041 lambda=0.0320 pseudo_boxes=66 avg_conf=0.8203 lr=4.79094e-05
[Epoch 032/060] batch 0372/0372 loss=11.9367 det=11.8693 box=0.9734 cls=0.9375 dfl=0.0039 mard=2.0177 lambda=0.0334 pseudo_boxes=75 avg_conf=0.8341 lr=4.79094e-05
[Epoch 032/060] done time=266.2s valid_batches=372 skipped=0 pseudo_boxes=27992 loss=12.2969 det=12.2292 box=0.9231 cls=0.7489 dfl=0.0039 mard=2.0117
[Epoch 033/060] start
[Epoch 033/060] batch 0001/0372 loss=9.7851 det=9.7171 box=0.6699 cls=0.6183 dfl=0.0030 mard=2.0123 lambda=0.0338 pseudo_boxes=63 avg_conf=0.8379 lr=4.53258e-05
[Epoch 033/060] batch 0010/0372 loss=10.8494 det=10.7772 box=0.7837 cls=0.6878 dfl=0.0035 mard=2.0066 lambda=0.0360 pseudo_boxes=98 avg_conf=0.8601 lr=4.53258e-05
[Epoch 033/060] batch 0020/0372 loss=12.4627 det=12.3928 box=0.9757 cls=0.7466 dfl=0.0054 mard=2.0024 lambda=0.0349 pseudo_boxes=97 avg_conf=0.8486 lr=4.53258e-05
[Epoch 033/060] batch 0030/0372 loss=11.1015 det=11.0338 box=0.8717 cls=0.6019 dfl=0.0035 mard=2.0112 lambda=0.0337 pseudo_boxes=81 avg_conf=0.8369 lr=4.53258e-05
[Epoch 033/060] batch 0040/0372 loss=12.4387 det=12.3683 box=0.9354 cls=0.6794 dfl=0.0038 mard=2.0033 lambda=0.0351 pseudo_boxes=82 avg_conf=0.8513 lr=4.53258e-05
[Epoch 033/060] batch 0050/0372 loss=11.0107 det=10.9393 box=0.8443 cls=0.6010 dfl=0.0047 mard=2.0054 lambda=0.0356 pseudo_boxes=94 avg_conf=0.8558 lr=4.53258e-05
[Epoch 033/060] batch 0060/0372 loss=19.0164 det=18.9497 box=1.3976 cls=1.2984 dfl=0.0059 mard=2.0243 lambda=0.0330 pseudo_boxes=90 avg_conf=0.8295 lr=4.53258e-05
[Epoch 033/060] batch 0070/0372 loss=10.1497 det=10.0866 box=0.7475 cls=0.5953 dfl=0.0029 mard=2.0064 lambda=0.0315 pseudo_boxes=66 avg_conf=0.8146 lr=4.53258e-05
[Epoch 033/060] batch 0080/0372 loss=10.4944 det=10.4273 box=0.7490 cls=0.6186 dfl=0.0030 mard=2.0165 lambda=0.0333 pseudo_boxes=71 avg_conf=0.8327 lr=4.53258e-05
[Epoch 033/060] batch 0090/0372 loss=15.4069 det=15.3435 box=1.1785 cls=0.8941 dfl=0.0053 mard=2.0049 lambda=0.0316 pseudo_boxes=75 avg_conf=0.8162 lr=4.53258e-05
[Epoch 033/060] batch 0100/0372 loss=12.0593 det=11.9848 box=0.8592 cls=0.7129 dfl=0.0039 mard=2.0088 lambda=0.0371 pseudo_boxes=52 avg_conf=0.8707 lr=4.53258e-05
[Epoch 033/060] batch 0110/0372 loss=12.0354 det=11.9708 box=0.8895 cls=0.6803 dfl=0.0034 mard=2.0042 lambda=0.0323 pseudo_boxes=48 avg_conf=0.8227 lr=4.53258e-05
[Epoch 033/060] batch 0120/0372 loss=10.5777 det=10.5116 box=0.8159 cls=0.6091 dfl=0.0023 mard=2.0112 lambda=0.0329 pseudo_boxes=112 avg_conf=0.8288 lr=4.53258e-05
[Epoch 033/060] batch 0130/0372 loss=16.7731 det=16.7047 box=1.2004 cls=1.0810 dfl=0.0050 mard=2.0279 lambda=0.0338 pseudo_boxes=56 avg_conf=0.8376 lr=4.53258e-05
[Epoch 033/060] batch 0140/0372 loss=10.9598 det=10.8933 box=0.8244 cls=0.6111 dfl=0.0044 mard=2.0039 lambda=0.0332 pseudo_boxes=106 avg_conf=0.8317 lr=4.53258e-05
[Epoch 033/060] batch 0150/0372 loss=16.3986 det=16.3315 box=1.2161 cls=0.9487 dfl=0.0057 mard=1.9943 lambda=0.0336 pseudo_boxes=92 avg_conf=0.8364 lr=4.53258e-05
[Epoch 033/060] batch 0160/0372 loss=9.9111 det=9.8394 box=0.7730 cls=0.5663 dfl=0.0033 mard=2.0052 lambda=0.0358 pseudo_boxes=72 avg_conf=0.8577 lr=4.53258e-05
[Epoch 033/060] batch 0170/0372 loss=12.7758 det=12.7103 box=0.8654 cls=0.8722 dfl=0.0036 mard=2.0033 lambda=0.0327 pseudo_boxes=69 avg_conf=0.8268 lr=4.53258e-05
[Epoch 033/060] batch 0180/0372 loss=14.5053 det=14.4389 box=1.0720 cls=0.9191 dfl=0.0051 mard=2.0069 lambda=0.0331 pseudo_boxes=53 avg_conf=0.8309 lr=4.53258e-05
[Epoch 033/060] batch 0190/0372 loss=11.3540 det=11.2824 box=0.7977 cls=0.6755 dfl=0.0047 mard=2.0018 lambda=0.0358 pseudo_boxes=67 avg_conf=0.8580 lr=4.53258e-05
[Epoch 033/060] batch 0200/0372 loss=11.4984 det=11.4277 box=0.8687 cls=0.6356 dfl=0.0045 mard=2.0136 lambda=0.0351 pseudo_boxes=79 avg_conf=0.8510 lr=4.53258e-05
[Epoch 033/060] batch 0210/0372 loss=8.6840 det=8.6090 box=0.7089 cls=0.3961 dfl=0.0026 mard=1.9914 lambda=0.0377 pseudo_boxes=79 avg_conf=0.8766 lr=4.53258e-05
[Epoch 033/060] batch 0220/0372 loss=10.2565 det=10.1932 box=0.7507 cls=0.5725 dfl=0.0034 mard=1.9913 lambda=0.0318 pseudo_boxes=73 avg_conf=0.8179 lr=4.53258e-05
[Epoch 033/060] batch 0230/0372 loss=9.8380 det=9.7743 box=0.7437 cls=0.5514 dfl=0.0025 mard=2.0060 lambda=0.0318 pseudo_boxes=84 avg_conf=0.8177 lr=4.53258e-05
[Epoch 033/060] batch 0240/0372 loss=10.8668 det=10.7989 box=0.7971 cls=0.6889 dfl=0.0028 mard=2.0077 lambda=0.0338 pseudo_boxes=74 avg_conf=0.8379 lr=4.53258e-05
[Epoch 033/060] batch 0250/0372 loss=10.6727 det=10.6123 box=0.8897 cls=0.7052 dfl=0.0043 mard=2.0261 lambda=0.0298 pseudo_boxes=72 avg_conf=0.7979 lr=4.53258e-05
[Epoch 033/060] batch 0260/0372 loss=13.1344 det=13.0771 box=1.0048 cls=0.7040 dfl=0.0033 mard=2.0043 lambda=0.0286 pseudo_boxes=79 avg_conf=0.7861 lr=4.53258e-05
[Epoch 033/060] batch 0270/0372 loss=11.1638 det=11.0946 box=0.8069 cls=0.6987 dfl=0.0039 mard=2.0005 lambda=0.0346 pseudo_boxes=104 avg_conf=0.8459 lr=4.53258e-05
[Epoch 033/060] batch 0280/0372 loss=14.6609 det=14.6039 box=1.0640 cls=0.9091 dfl=0.0037 mard=2.0138 lambda=0.0283 pseudo_boxes=94 avg_conf=0.7830 lr=4.53258e-05
[Epoch 033/060] batch 0290/0372 loss=11.4227 det=11.3571 box=0.8154 cls=0.7293 dfl=0.0031 mard=1.9971 lambda=0.0328 pseudo_boxes=102 avg_conf=0.8285 lr=4.53258e-05
[Epoch 033/060] batch 0300/0372 loss=12.0523 det=11.9790 box=0.8860 cls=0.6920 dfl=0.0039 mard=2.0212 lambda=0.0363 pseudo_boxes=72 avg_conf=0.8626 lr=4.53258e-05
[Epoch 033/060] batch 0310/0372 loss=10.6206 det=10.5521 box=0.8093 cls=0.6148 dfl=0.0034 mard=2.0183 lambda=0.0340 pseudo_boxes=60 avg_conf=0.8396 lr=4.53258e-05
[Epoch 033/060] batch 0320/0372 loss=16.9705 det=16.9046 box=1.2513 cls=1.1536 dfl=0.0049 mard=2.0053 lambda=0.0329 pseudo_boxes=74 avg_conf=0.8285 lr=4.53258e-05
[Epoch 033/060] batch 0330/0372 loss=9.4524 det=9.3831 box=0.7212 cls=0.5075 dfl=0.0030 mard=2.0023 lambda=0.0346 pseudo_boxes=94 avg_conf=0.8462 lr=4.53258e-05
[Epoch 033/060] batch 0340/0372 loss=11.6839 det=11.6151 box=0.9611 cls=0.6680 dfl=0.0045 mard=2.0090 lambda=0.0342 pseudo_boxes=72 avg_conf=0.8424 lr=4.53258e-05
[Epoch 033/060] batch 0350/0372 loss=12.5457 det=12.4810 box=0.9416 cls=0.7676 dfl=0.0035 mard=2.0010 lambda=0.0323 pseudo_boxes=75 avg_conf=0.8232 lr=4.53258e-05
[Epoch 033/060] batch 0360/0372 loss=9.8745 det=9.8036 box=0.7430 cls=0.5432 dfl=0.0036 mard=2.0143 lambda=0.0352 pseudo_boxes=73 avg_conf=0.8522 lr=4.53258e-05
[Epoch 033/060] batch 0370/0372 loss=12.4620 det=12.4025 box=0.8904 cls=0.7826 dfl=0.0036 mard=2.0187 lambda=0.0295 pseudo_boxes=81 avg_conf=0.7948 lr=4.53258e-05
[Epoch 033/060] batch 0372/0372 loss=9.7430 det=9.6747 box=0.8466 cls=0.6050 dfl=0.0056 mard=2.0088 lambda=0.0340 pseudo_boxes=53 avg_conf=0.8396 lr=4.53258e-05
[Epoch 033/060] done time=266.1s valid_batches=372 skipped=0 pseudo_boxes=27929 loss=12.1150 det=12.0475 box=0.9081 cls=0.7326 dfl=0.0038 mard=2.0115
[Epoch 034/060] start
[Epoch 034/060] batch 0001/0372 loss=10.4608 det=10.3942 box=0.8012 cls=0.5701 dfl=0.0038 mard=2.0019 lambda=0.0333 pseudo_boxes=90 avg_conf=0.8326 lr=4.27565e-05
[Epoch 034/060] batch 0010/0372 loss=12.2774 det=12.2133 box=1.0504 cls=0.8197 dfl=0.0037 mard=2.0002 lambda=0.0321 pseudo_boxes=67 avg_conf=0.8208 lr=4.27565e-05
[Epoch 034/060] batch 0020/0372 loss=17.1368 det=17.0741 box=1.1634 cls=1.1515 dfl=0.0049 mard=2.0081 lambda=0.0312 pseudo_boxes=74 avg_conf=0.8119 lr=4.27565e-05
[Epoch 034/060] batch 0030/0372 loss=14.1484 det=14.0858 box=1.0883 cls=0.7636 dfl=0.0040 mard=2.0196 lambda=0.0310 pseudo_boxes=102 avg_conf=0.8097 lr=4.27565e-05
[Epoch 034/060] batch 0040/0372 loss=9.5121 det=9.4399 box=0.6913 cls=0.5725 dfl=0.0035 mard=2.0135 lambda=0.0359 pseudo_boxes=79 avg_conf=0.8586 lr=4.27565e-05
[Epoch 034/060] batch 0050/0372 loss=14.2981 det=14.2298 box=1.0682 cls=0.8791 dfl=0.0043 mard=2.0091 lambda=0.0340 pseudo_boxes=71 avg_conf=0.8400 lr=4.27565e-05
[Epoch 034/060] batch 0060/0372 loss=12.5088 det=12.4386 box=0.8648 cls=0.8133 dfl=0.0034 mard=2.0290 lambda=0.0346 pseudo_boxes=67 avg_conf=0.8456 lr=4.27565e-05
[Epoch 034/060] batch 0070/0372 loss=13.0360 det=12.9626 box=1.0011 cls=0.6839 dfl=0.0046 mard=2.0188 lambda=0.0364 pseudo_boxes=75 avg_conf=0.8637 lr=4.27565e-05
[Epoch 034/060] batch 0080/0372 loss=13.2148 det=13.1501 box=1.0483 cls=0.7309 dfl=0.0043 mard=1.9920 lambda=0.0325 pseudo_boxes=79 avg_conf=0.8247 lr=4.27565e-05
[Epoch 034/060] batch 0090/0372 loss=11.9346 det=11.8696 box=0.9418 cls=0.6437 dfl=0.0040 mard=2.0298 lambda=0.0320 pseudo_boxes=116 avg_conf=0.8203 lr=4.27565e-05
[Epoch 034/060] batch 0100/0372 loss=10.8636 det=10.7957 box=0.7868 cls=0.6586 dfl=0.0024 mard=2.0365 lambda=0.0334 pseudo_boxes=96 avg_conf=0.8336 lr=4.27565e-05
[Epoch 034/060] batch 0110/0372 loss=9.5929 det=9.5235 box=0.7870 cls=0.7192 dfl=0.0029 mard=2.0082 lambda=0.0346 pseudo_boxes=46 avg_conf=0.8457 lr=4.27565e-05
[Epoch 034/060] batch 0120/0372 loss=13.2136 det=13.1437 box=0.9656 cls=0.8162 dfl=0.0035 mard=2.0281 lambda=0.0345 pseudo_boxes=79 avg_conf=0.8450 lr=4.27565e-05
[Epoch 034/060] batch 0130/0372 loss=12.9246 det=12.8527 box=0.9939 cls=0.7501 dfl=0.0046 mard=2.0106 lambda=0.0358 pseudo_boxes=76 avg_conf=0.8577 lr=4.27565e-05
[Epoch 034/060] batch 0140/0372 loss=12.2725 det=12.1996 box=0.9824 cls=0.6524 dfl=0.0035 mard=2.0093 lambda=0.0363 pseudo_boxes=82 avg_conf=0.8627 lr=4.27565e-05
[Epoch 034/060] batch 0150/0372 loss=12.8381 det=12.7702 box=0.9008 cls=0.7649 dfl=0.0034 mard=2.0057 lambda=0.0338 pseudo_boxes=77 avg_conf=0.8383 lr=4.27565e-05
[Epoch 034/060] batch 0160/0372 loss=9.3274 det=9.2562 box=0.7312 cls=0.4874 dfl=0.0032 mard=2.0161 lambda=0.0353 pseudo_boxes=59 avg_conf=0.8528 lr=4.27565e-05
[Epoch 034/060] batch 0170/0372 loss=10.3493 det=10.2798 box=0.7574 cls=0.5825 dfl=0.0033 mard=1.9986 lambda=0.0348 pseudo_boxes=88 avg_conf=0.8475 lr=4.27565e-05
[Epoch 034/060] batch 0180/0372 loss=12.2919 det=12.2267 box=0.9564 cls=0.7198 dfl=0.0033 mard=2.0188 lambda=0.0323 pseudo_boxes=69 avg_conf=0.8227 lr=4.27565e-05
[Epoch 034/060] batch 0190/0372 loss=14.3772 det=14.3103 box=1.0236 cls=0.9377 dfl=0.0047 mard=2.0203 lambda=0.0331 pseudo_boxes=71 avg_conf=0.8312 lr=4.27565e-05
[Epoch 034/060] batch 0200/0372 loss=11.7356 det=11.6697 box=0.8502 cls=0.6925 dfl=0.0042 mard=2.0071 lambda=0.0328 pseudo_boxes=67 avg_conf=0.8284 lr=4.27565e-05
[Epoch 034/060] batch 0210/0372 loss=8.9940 det=8.9205 box=0.7111 cls=0.4455 dfl=0.0034 mard=2.0139 lambda=0.0365 pseudo_boxes=69 avg_conf=0.8651 lr=4.27565e-05
[Epoch 034/060] batch 0220/0372 loss=14.8227 det=14.7603 box=1.0831 cls=0.8614 dfl=0.0039 mard=2.0277 lambda=0.0307 pseudo_boxes=88 avg_conf=0.8075 lr=4.27565e-05
[Epoch 034/060] batch 0230/0372 loss=15.4852 det=15.4215 box=1.1844 cls=0.8840 dfl=0.0051 mard=2.0204 lambda=0.0315 pseudo_boxes=89 avg_conf=0.8151 lr=4.27565e-05
[Epoch 034/060] batch 0240/0372 loss=10.9542 det=10.8833 box=0.8553 cls=0.5440 dfl=0.0032 mard=2.0306 lambda=0.0349 pseudo_boxes=76 avg_conf=0.8490 lr=4.27565e-05
[Epoch 034/060] batch 0250/0372 loss=14.1968 det=14.1278 box=0.9959 cls=0.9530 dfl=0.0052 mard=2.0222 lambda=0.0341 pseudo_boxes=50 avg_conf=0.8415 lr=4.27565e-05
[Epoch 034/060] batch 0260/0372 loss=11.7923 det=11.7246 box=0.8382 cls=0.7632 dfl=0.0028 mard=2.0177 lambda=0.0335 pseudo_boxes=62 avg_conf=0.8354 lr=4.27565e-05
[Epoch 034/060] batch 0270/0372 loss=10.9662 det=10.8986 box=0.8615 cls=0.5601 dfl=0.0030 mard=2.0128 lambda=0.0336 pseudo_boxes=85 avg_conf=0.8361 lr=4.27565e-05
[Epoch 034/060] batch 0280/0372 loss=7.7000 det=7.6243 box=0.5275 cls=0.4997 dfl=0.0028 mard=2.0031 lambda=0.0378 pseudo_boxes=55 avg_conf=0.8781 lr=4.27565e-05
[Epoch 034/060] batch 0290/0372 loss=14.7801 det=14.7198 box=1.0410 cls=1.0040 dfl=0.0039 mard=2.0028 lambda=0.0302 pseudo_boxes=69 avg_conf=0.8016 lr=4.27565e-05
[Epoch 034/060] batch 0300/0372 loss=13.1438 det=13.0774 box=0.9807 cls=0.7688 dfl=0.0042 mard=2.0106 lambda=0.0330 pseudo_boxes=87 avg_conf=0.8301 lr=4.27565e-05
[Epoch 034/060] batch 0310/0372 loss=9.4679 det=9.3990 box=0.7338 cls=0.4889 dfl=0.0029 mard=1.9958 lambda=0.0345 pseudo_boxes=87 avg_conf=0.8454 lr=4.27565e-05
[Epoch 034/060] batch 0320/0372 loss=12.2408 det=12.1766 box=0.8863 cls=0.7268 dfl=0.0035 mard=2.0038 lambda=0.0321 pseudo_boxes=84 avg_conf=0.8207 lr=4.27565e-05
[Epoch 034/060] batch 0330/0372 loss=12.4691 det=12.3995 box=0.8814 cls=0.7676 dfl=0.0042 mard=2.0016 lambda=0.0348 pseudo_boxes=55 avg_conf=0.8476 lr=4.27565e-05
[Epoch 034/060] batch 0340/0372 loss=15.1177 det=15.0524 box=1.0746 cls=0.9706 dfl=0.0048 mard=2.0175 lambda=0.0323 pseudo_boxes=84 avg_conf=0.8234 lr=4.27565e-05
[Epoch 034/060] batch 0350/0372 loss=13.0089 det=12.9460 box=0.9766 cls=0.8087 dfl=0.0041 mard=2.0016 lambda=0.0314 pseudo_boxes=52 avg_conf=0.8141 lr=4.27565e-05
[Epoch 034/060] batch 0360/0372 loss=9.4027 det=9.3339 box=0.6667 cls=0.5919 dfl=0.0027 mard=1.9971 lambda=0.0345 pseudo_boxes=80 avg_conf=0.8448 lr=4.27565e-05
[Epoch 034/060] batch 0370/0372 loss=10.3929 det=10.3179 box=0.6946 cls=0.7062 dfl=0.0040 mard=2.0313 lambda=0.0369 pseudo_boxes=50 avg_conf=0.8690 lr=4.27565e-05
[Epoch 034/060] batch 0372/0372 loss=8.4337 det=8.3638 box=0.6928 cls=0.5509 dfl=0.0035 mard=1.9970 lambda=0.0350 pseudo_boxes=60 avg_conf=0.8500 lr=4.27565e-05
[Epoch 034/060] done time=266.5s valid_batches=372 skipped=0 pseudo_boxes=27998 loss=12.3801 det=12.3125 box=0.9300 cls=0.7412 dfl=0.0039 mard=2.0125
[Epoch 035/060] start
[Epoch 035/060] batch 0001/0372 loss=10.9341 det=10.8654 box=0.8337 cls=0.5872 dfl=0.0032 mard=2.0306 lambda=0.0338 pseudo_boxes=76 avg_conf=0.8382 lr=4.02084e-05
[Epoch 035/060] batch 0010/0372 loss=12.2917 det=12.2234 box=0.9505 cls=0.6703 dfl=0.0038 mard=2.0017 lambda=0.0341 pseudo_boxes=104 avg_conf=0.8412 lr=4.02084e-05
[Epoch 035/060] batch 0020/0372 loss=11.3380 det=11.2677 box=0.9953 cls=0.7270 dfl=0.0036 mard=2.0113 lambda=0.0349 pseudo_boxes=65 avg_conf=0.8493 lr=4.02084e-05
[Epoch 035/060] batch 0030/0372 loss=12.0336 det=11.9629 box=0.8544 cls=0.7597 dfl=0.0048 mard=2.0010 lambda=0.0353 pseudo_boxes=74 avg_conf=0.8532 lr=4.02084e-05
[Epoch 035/060] batch 0040/0372 loss=9.9076 det=9.8378 box=0.7339 cls=0.5663 dfl=0.0032 mard=2.0046 lambda=0.0349 pseudo_boxes=75 avg_conf=0.8485 lr=4.02084e-05
[Epoch 035/060] batch 0050/0372 loss=12.0529 det=11.9850 box=0.8352 cls=0.8292 dfl=0.0035 mard=2.0110 lambda=0.0338 pseudo_boxes=45 avg_conf=0.8375 lr=4.02084e-05
[Epoch 035/060] batch 0060/0372 loss=12.0889 det=12.0180 box=0.8792 cls=0.7372 dfl=0.0039 mard=1.9962 lambda=0.0355 pseudo_boxes=62 avg_conf=0.8551 lr=4.02084e-05
[Epoch 035/060] batch 0070/0372 loss=9.1758 det=9.1074 box=0.7120 cls=0.4799 dfl=0.0032 mard=2.0099 lambda=0.0340 pseudo_boxes=55 avg_conf=0.8400 lr=4.02084e-05
[Epoch 035/060] batch 0080/0372 loss=11.3617 det=11.2979 box=0.8889 cls=0.8311 dfl=0.0049 mard=2.0222 lambda=0.0316 pseudo_boxes=43 avg_conf=0.8156 lr=4.02084e-05
[Epoch 035/060] batch 0090/0372 loss=13.4890 det=13.4250 box=0.8851 cls=0.9330 dfl=0.0045 mard=2.0328 lambda=0.0315 pseudo_boxes=83 avg_conf=0.8149 lr=4.02084e-05
[Epoch 035/060] batch 0100/0372 loss=14.0735 det=14.0121 box=1.0813 cls=0.7954 dfl=0.0038 mard=2.0201 lambda=0.0304 pseudo_boxes=102 avg_conf=0.8039 lr=4.02084e-05
[Epoch 035/060] batch 0110/0372 loss=20.6008 det=20.5388 box=1.3387 cls=1.5077 dfl=0.0055 mard=2.0191 lambda=0.0307 pseudo_boxes=47 avg_conf=0.8071 lr=4.02084e-05
[Epoch 035/060] batch 0120/0372 loss=9.9016 det=9.8354 box=0.8776 cls=0.6139 dfl=0.0033 mard=2.0132 lambda=0.0329 pseudo_boxes=67 avg_conf=0.8290 lr=4.02084e-05
[Epoch 035/060] batch 0130/0372 loss=14.8863 det=14.8188 box=1.1159 cls=0.9183 dfl=0.0044 mard=2.0125 lambda=0.0335 pseudo_boxes=75 avg_conf=0.8352 lr=4.02084e-05
[Epoch 035/060] batch 0140/0372 loss=10.7811 det=10.7103 box=0.7662 cls=0.6511 dfl=0.0036 mard=2.0249 lambda=0.0350 pseudo_boxes=65 avg_conf=0.8498 lr=4.02084e-05
[Epoch 035/060] batch 0150/0372 loss=13.7580 det=13.6877 box=1.0383 cls=0.7885 dfl=0.0045 mard=2.0086 lambda=0.0350 pseudo_boxes=92 avg_conf=0.8496 lr=4.02084e-05
[Epoch 035/060] batch 0160/0372 loss=10.2059 det=10.1378 box=0.7436 cls=0.6035 dfl=0.0035 mard=2.0061 lambda=0.0340 pseudo_boxes=70 avg_conf=0.8396 lr=4.02084e-05
[Epoch 035/060] batch 0170/0372 loss=12.6523 det=12.5893 box=0.9179 cls=0.7550 dfl=0.0041 mard=2.0281 lambda=0.0311 pseudo_boxes=114 avg_conf=0.8108 lr=4.02084e-05
[Epoch 035/060] batch 0180/0372 loss=12.9883 det=12.9176 box=0.9254 cls=0.8008 dfl=0.0044 mard=2.0190 lambda=0.0350 pseudo_boxes=84 avg_conf=0.8502 lr=4.02084e-05
[Epoch 035/060] batch 0190/0372 loss=13.3757 det=13.3038 box=1.0426 cls=0.7801 dfl=0.0035 mard=2.0344 lambda=0.0353 pseudo_boxes=74 avg_conf=0.8533 lr=4.02084e-05
[Epoch 035/060] batch 0200/0372 loss=10.7683 det=10.7005 box=0.8241 cls=0.5759 dfl=0.0035 mard=2.0214 lambda=0.0335 pseudo_boxes=106 avg_conf=0.8352 lr=4.02084e-05
[Epoch 035/060] batch 0210/0372 loss=12.4553 det=12.3926 box=0.9025 cls=0.7886 dfl=0.0036 mard=2.0195 lambda=0.0310 pseudo_boxes=69 avg_conf=0.8103 lr=4.02084e-05
[Epoch 035/060] batch 0220/0372 loss=11.7538 det=11.6878 box=0.9133 cls=0.9585 dfl=0.0035 mard=2.0223 lambda=0.0327 pseudo_boxes=42 avg_conf=0.8265 lr=4.02084e-05
[Epoch 035/060] batch 0230/0372 loss=11.1978 det=11.1320 box=1.0880 cls=1.0219 dfl=0.0035 mard=2.0166 lambda=0.0327 pseudo_boxes=41 avg_conf=0.8267 lr=4.02084e-05
[Epoch 035/060] batch 0240/0372 loss=8.3102 det=8.2379 box=0.6082 cls=0.4642 dfl=0.0026 mard=2.0078 lambda=0.0360 pseudo_boxes=58 avg_conf=0.8600 lr=4.02084e-05
[Epoch 035/060] batch 0250/0372 loss=10.8643 det=10.7979 box=0.8705 cls=0.5343 dfl=0.0043 mard=2.0029 lambda=0.0332 pseudo_boxes=61 avg_conf=0.8315 lr=4.02084e-05
[Epoch 035/060] batch 0260/0372 loss=9.8381 det=9.7691 box=0.8560 cls=0.6612 dfl=0.0037 mard=2.0079 lambda=0.0344 pseudo_boxes=58 avg_conf=0.8437 lr=4.02084e-05
[Epoch 035/060] batch 0270/0372 loss=8.8831 det=8.8078 box=0.6388 cls=0.5133 dfl=0.0027 mard=2.0075 lambda=0.0375 pseudo_boxes=62 avg_conf=0.8752 lr=4.02084e-05
[Epoch 035/060] batch 0280/0372 loss=11.8419 det=11.7758 box=0.9147 cls=0.6262 dfl=0.0032 mard=1.9960 lambda=0.0331 pseudo_boxes=107 avg_conf=0.8311 lr=4.02084e-05
[Epoch 035/060] batch 0290/0372 loss=10.3807 det=10.3126 box=0.8070 cls=0.5604 dfl=0.0029 mard=2.0110 lambda=0.0339 pseudo_boxes=60 avg_conf=0.8391 lr=4.02084e-05
[Epoch 035/060] batch 0300/0372 loss=10.4709 det=10.3981 box=0.8049 cls=0.5427 dfl=0.0036 mard=2.0059 lambda=0.0363 pseudo_boxes=68 avg_conf=0.8631 lr=4.02084e-05
[Epoch 035/060] batch 0310/0372 loss=13.3402 det=13.2685 box=0.9893 cls=0.8145 dfl=0.0036 mard=2.0406 lambda=0.0351 pseudo_boxes=72 avg_conf=0.8514 lr=4.02084e-05
[Epoch 035/060] batch 0320/0372 loss=12.4665 det=12.3946 box=0.9455 cls=0.6970 dfl=0.0041 mard=2.0085 lambda=0.0358 pseudo_boxes=78 avg_conf=0.8578 lr=4.02084e-05
[Epoch 035/060] batch 0330/0372 loss=9.9048 det=9.8356 box=0.8462 cls=0.6295 dfl=0.0040 mard=2.0078 lambda=0.0345 pseudo_boxes=83 avg_conf=0.8446 lr=4.02084e-05
[Epoch 035/060] batch 0340/0372 loss=12.7926 det=12.7310 box=0.9160 cls=0.7852 dfl=0.0043 mard=2.0231 lambda=0.0304 pseudo_boxes=85 avg_conf=0.8041 lr=4.02084e-05
[Epoch 035/060] batch 0350/0372 loss=11.4815 det=11.4096 box=0.8332 cls=0.6595 dfl=0.0036 mard=2.0084 lambda=0.0358 pseudo_boxes=62 avg_conf=0.8579 lr=4.02084e-05
[Epoch 035/060] batch 0360/0372 loss=11.4157 det=11.3499 box=0.8604 cls=0.6816 dfl=0.0035 mard=2.0076 lambda=0.0328 pseudo_boxes=92 avg_conf=0.8278 lr=4.02084e-05
[Epoch 035/060] batch 0370/0372 loss=9.9832 det=9.9140 box=0.6996 cls=0.6419 dfl=0.0030 mard=2.0294 lambda=0.0341 pseudo_boxes=81 avg_conf=0.8410 lr=4.02084e-05
[Epoch 035/060] batch 0372/0372 loss=12.6190 det=12.5518 box=1.1309 cls=1.0768 dfl=0.0057 mard=2.0165 lambda=0.0333 pseudo_boxes=81 avg_conf=0.8332 lr=4.02084e-05
[Epoch 035/060] done time=266.5s valid_batches=372 skipped=0 pseudo_boxes=28037 loss=12.1838 det=12.1162 box=0.9106 cls=0.7296 dfl=0.0039 mard=2.0122
[Epoch 036/060] start
[Epoch 036/060] batch 0001/0372 loss=12.8696 det=12.8043 box=1.0710 cls=0.8478 dfl=0.0044 mard=2.0162 lambda=0.0324 pseudo_boxes=75 avg_conf=0.8239 lr=3.76885e-05
[Epoch 036/060] batch 0010/0372 loss=9.9668 det=9.8996 box=0.7624 cls=0.5585 dfl=0.0036 mard=2.0123 lambda=0.0334 pseudo_boxes=78 avg_conf=0.8338 lr=3.76885e-05
[Epoch 036/060] batch 0020/0372 loss=14.0748 det=14.0066 box=1.0697 cls=0.8459 dfl=0.0035 mard=2.0077 lambda=0.0339 pseudo_boxes=85 avg_conf=0.8394 lr=3.76885e-05
[Epoch 036/060] batch 0030/0372 loss=10.5793 det=10.5097 box=0.7579 cls=0.5822 dfl=0.0030 mard=2.0270 lambda=0.0343 pseudo_boxes=69 avg_conf=0.8433 lr=3.76885e-05
[Epoch 036/060] batch 0040/0372 loss=13.1946 det=13.1261 box=1.0024 cls=0.6864 dfl=0.0053 mard=2.0258 lambda=0.0338 pseudo_boxes=84 avg_conf=0.8384 lr=3.76885e-05
[Epoch 036/060] batch 0050/0372 loss=15.7174 det=15.6508 box=1.1034 cls=0.9754 dfl=0.0038 mard=2.0016 lambda=0.0333 pseudo_boxes=87 avg_conf=0.8325 lr=3.76885e-05
[Epoch 036/060] batch 0060/0372 loss=11.0505 det=10.9874 box=0.9333 cls=0.7358 dfl=0.0036 mard=1.9974 lambda=0.0316 pseudo_boxes=68 avg_conf=0.8163 lr=3.76885e-05
[Epoch 036/060] batch 0070/0372 loss=12.5046 det=12.4376 box=0.9836 cls=0.6865 dfl=0.0041 mard=1.9981 lambda=0.0336 pseudo_boxes=77 avg_conf=0.8357 lr=3.76885e-05
[Epoch 036/060] batch 0080/0372 loss=14.7775 det=14.7119 box=1.0820 cls=0.9435 dfl=0.0041 mard=2.0185 lambda=0.0325 pseudo_boxes=88 avg_conf=0.8253 lr=3.76885e-05
[Epoch 036/060] batch 0090/0372 loss=10.5435 det=10.4738 box=0.7746 cls=0.5668 dfl=0.0031 mard=2.0304 lambda=0.0343 pseudo_boxes=63 avg_conf=0.8433 lr=3.76885e-05
[Epoch 036/060] batch 0100/0372 loss=13.5715 det=13.4982 box=0.9683 cls=0.8752 dfl=0.0039 mard=2.0291 lambda=0.0361 pseudo_boxes=47 avg_conf=0.8611 lr=3.76885e-05
[Epoch 036/060] batch 0110/0372 loss=13.5622 det=13.4934 box=1.0385 cls=0.7651 dfl=0.0045 mard=2.0035 lambda=0.0343 pseudo_boxes=78 avg_conf=0.8431 lr=3.76885e-05
[Epoch 036/060] batch 0120/0372 loss=11.1230 det=11.0511 box=0.7928 cls=0.6762 dfl=0.0048 mard=2.0129 lambda=0.0357 pseudo_boxes=84 avg_conf=0.8574 lr=3.76885e-05
[Epoch 036/060] batch 0130/0372 loss=10.5413 det=10.4646 box=0.7874 cls=0.5747 dfl=0.0029 mard=2.0305 lambda=0.0378 pseudo_boxes=74 avg_conf=0.8777 lr=3.76885e-05
[Epoch 036/060] batch 0140/0372 loss=9.8071 det=9.7406 box=0.7441 cls=0.5281 dfl=0.0032 mard=2.0187 lambda=0.0329 pseudo_boxes=80 avg_conf=0.8291 lr=3.76885e-05
[Epoch 036/060] batch 0150/0372 loss=12.8451 det=12.7793 box=0.9301 cls=0.8335 dfl=0.0041 mard=2.0163 lambda=0.0327 pseudo_boxes=69 avg_conf=0.8267 lr=3.76885e-05
[Epoch 036/060] batch 0160/0372 loss=16.1609 det=16.0999 box=1.1493 cls=1.0337 dfl=0.0036 mard=2.0091 lambda=0.0304 pseudo_boxes=77 avg_conf=0.8035 lr=3.76885e-05
[Epoch 036/060] batch 0170/0372 loss=10.2140 det=10.1472 box=0.7978 cls=0.5269 dfl=0.0029 mard=2.0043 lambda=0.0334 pseudo_boxes=100 avg_conf=0.8335 lr=3.76885e-05
[Epoch 036/060] batch 0180/0372 loss=11.7203 det=11.6554 box=0.8204 cls=0.7401 dfl=0.0049 mard=2.0174 lambda=0.0321 pseudo_boxes=104 avg_conf=0.8214 lr=3.76885e-05
[Epoch 036/060] batch 0190/0372 loss=8.9763 det=8.9029 box=0.6867 cls=0.4990 dfl=0.0030 mard=2.0083 lambda=0.0366 pseudo_boxes=48 avg_conf=0.8656 lr=3.76885e-05
[Epoch 036/060] batch 0200/0372 loss=10.9799 det=10.9053 box=0.8017 cls=0.6696 dfl=0.0041 mard=2.0199 lambda=0.0369 pseudo_boxes=77 avg_conf=0.8692 lr=3.76885e-05
[Epoch 036/060] batch 0210/0372 loss=8.1847 det=8.1144 box=0.6303 cls=0.4371 dfl=0.0025 mard=2.0069 lambda=0.0350 pseudo_boxes=72 avg_conf=0.8504 lr=3.76885e-05
[Epoch 036/060] batch 0220/0372 loss=14.0279 det=13.9626 box=1.0557 cls=0.8184 dfl=0.0047 mard=2.0054 lambda=0.0326 pseudo_boxes=91 avg_conf=0.8257 lr=3.76885e-05
[Epoch 036/060] batch 0230/0372 loss=9.7566 det=9.6863 box=0.6723 cls=0.5983 dfl=0.0041 mard=2.0173 lambda=0.0349 pseudo_boxes=53 avg_conf=0.8487 lr=3.76885e-05
[Epoch 036/060] batch 0240/0372 loss=10.9908 det=10.9253 box=0.8604 cls=0.5778 dfl=0.0036 mard=1.9966 lambda=0.0328 pseudo_boxes=85 avg_conf=0.8280 lr=3.76885e-05
[Epoch 036/060] batch 0250/0372 loss=9.7054 det=9.6300 box=0.6952 cls=0.6141 dfl=0.0040 mard=2.0275 lambda=0.0372 pseudo_boxes=84 avg_conf=0.8720 lr=3.76885e-05
[Epoch 036/060] batch 0260/0372 loss=8.4249 det=8.3545 box=0.5909 cls=0.4600 dfl=0.0026 mard=2.0102 lambda=0.0350 pseudo_boxes=78 avg_conf=0.8502 lr=3.76885e-05
[Epoch 036/060] batch 0270/0372 loss=14.1691 det=14.1106 box=1.0226 cls=0.8490 dfl=0.0033 mard=1.9963 lambda=0.0293 pseudo_boxes=61 avg_conf=0.7928 lr=3.76885e-05
[Epoch 036/060] batch 0280/0372 loss=13.5035 det=13.4343 box=0.8946 cls=0.8828 dfl=0.0043 mard=2.0101 lambda=0.0344 pseudo_boxes=79 avg_conf=0.8442 lr=3.76885e-05
[Epoch 036/060] batch 0290/0372 loss=11.8883 det=11.8206 box=0.8495 cls=0.7301 dfl=0.0041 mard=1.9979 lambda=0.0339 pseudo_boxes=73 avg_conf=0.8389 lr=3.76885e-05
[Epoch 036/060] batch 0300/0372 loss=18.8533 det=18.7922 box=1.3783 cls=1.2095 dfl=0.0052 mard=1.9956 lambda=0.0306 pseudo_boxes=82 avg_conf=0.8062 lr=3.76885e-05
[Epoch 036/060] batch 0310/0372 loss=10.8992 det=10.8241 box=0.8395 cls=0.5876 dfl=0.0044 mard=2.0008 lambda=0.0375 pseudo_boxes=59 avg_conf=0.8754 lr=3.76885e-05
[Epoch 036/060] batch 0320/0372 loss=12.1462 det=12.0684 box=0.8413 cls=0.8123 dfl=0.0043 mard=2.0275 lambda=0.0384 pseudo_boxes=35 avg_conf=0.8837 lr=3.76885e-05
[Epoch 036/060] batch 0330/0372 loss=13.8823 det=13.8162 box=1.0073 cls=0.8467 dfl=0.0049 mard=2.0104 lambda=0.0329 pseudo_boxes=61 avg_conf=0.8287 lr=3.76885e-05
[Epoch 036/060] batch 0340/0372 loss=12.9517 det=12.8841 box=0.9465 cls=0.8509 dfl=0.0041 mard=2.0087 lambda=0.0336 pseudo_boxes=86 avg_conf=0.8364 lr=3.76885e-05
[Epoch 036/060] batch 0350/0372 loss=15.8395 det=15.7721 box=1.1278 cls=0.9641 dfl=0.0040 mard=2.0148 lambda=0.0335 pseudo_boxes=75 avg_conf=0.8347 lr=3.76885e-05
[Epoch 036/060] batch 0360/0372 loss=12.2751 det=12.2038 box=0.9737 cls=0.6629 dfl=0.0038 mard=2.0193 lambda=0.0353 pseudo_boxes=73 avg_conf=0.8529 lr=3.76885e-05
[Epoch 036/060] batch 0370/0372 loss=11.2276 det=11.1557 box=0.8387 cls=0.6346 dfl=0.0046 mard=2.0123 lambda=0.0357 pseudo_boxes=74 avg_conf=0.8573 lr=3.76885e-05
[Epoch 036/060] batch 0372/0372 loss=11.2164 det=11.1566 box=1.0022 cls=0.6782 dfl=0.0044 mard=2.0064 lambda=0.0298 pseudo_boxes=64 avg_conf=0.7981 lr=3.76885e-05
[Epoch 036/060] done time=266.6s valid_batches=372 skipped=0 pseudo_boxes=27963 loss=12.1438 det=12.0762 box=0.9064 cls=0.7218 dfl=0.0038 mard=2.0109
[Epoch 037/060] start
[Epoch 037/060] batch 0001/0372 loss=11.8970 det=11.8357 box=0.8884 cls=0.7109 dfl=0.0031 mard=2.0043 lambda=0.0306 pseudo_boxes=79 avg_conf=0.8062 lr=3.52037e-05
[Epoch 037/060] batch 0010/0372 loss=10.9607 det=10.8899 box=0.8416 cls=0.5618 dfl=0.0055 mard=2.0220 lambda=0.0350 pseudo_boxes=73 avg_conf=0.8499 lr=3.52037e-05
[Epoch 037/060] batch 0020/0372 loss=10.2412 det=10.1708 box=0.7558 cls=0.6304 dfl=0.0036 mard=2.0002 lambda=0.0352 pseudo_boxes=66 avg_conf=0.8519 lr=3.52037e-05
[Epoch 037/060] batch 0030/0372 loss=11.7812 det=11.7142 box=0.8217 cls=0.7142 dfl=0.0031 mard=1.9981 lambda=0.0335 pseudo_boxes=58 avg_conf=0.8353 lr=3.52037e-05
[Epoch 037/060] batch 0040/0372 loss=13.5613 det=13.4910 box=0.9183 cls=0.8616 dfl=0.0035 mard=2.0281 lambda=0.0347 pseudo_boxes=49 avg_conf=0.8467 lr=3.52037e-05
[Epoch 037/060] batch 0050/0372 loss=12.0203 det=11.9501 box=0.9005 cls=0.6608 dfl=0.0039 mard=2.0144 lambda=0.0349 pseudo_boxes=93 avg_conf=0.8489 lr=3.52037e-05
[Epoch 037/060] batch 0060/0372 loss=10.3288 det=10.2586 box=0.7945 cls=0.5472 dfl=0.0028 mard=2.0123 lambda=0.0349 pseudo_boxes=80 avg_conf=0.8487 lr=3.52037e-05
[Epoch 037/060] batch 0070/0372 loss=12.8625 det=12.7998 box=0.8930 cls=0.8236 dfl=0.0038 mard=2.0077 lambda=0.0312 pseudo_boxes=92 avg_conf=0.8123 lr=3.52037e-05
[Epoch 037/060] batch 0080/0372 loss=10.5183 det=10.4533 box=0.8186 cls=0.5311 dfl=0.0032 mard=1.9991 lambda=0.0326 pseudo_boxes=69 avg_conf=0.8255 lr=3.52037e-05
[Epoch 037/060] batch 0090/0372 loss=9.7504 det=9.6827 box=0.7667 cls=0.4936 dfl=0.0038 mard=2.0039 lambda=0.0338 pseudo_boxes=59 avg_conf=0.8377 lr=3.52037e-05
[Epoch 037/060] batch 0100/0372 loss=12.9491 det=12.8738 box=0.9813 cls=0.7745 dfl=0.0054 mard=2.0388 lambda=0.0369 pseudo_boxes=81 avg_conf=0.8693 lr=3.52037e-05
[Epoch 037/060] batch 0110/0372 loss=13.4717 det=13.4031 box=1.0516 cls=0.6954 dfl=0.0045 mard=2.0290 lambda=0.0338 pseudo_boxes=65 avg_conf=0.8380 lr=3.52037e-05
[Epoch 037/060] batch 0120/0372 loss=15.6702 det=15.6082 box=1.0745 cls=1.0686 dfl=0.0052 mard=2.0256 lambda=0.0306 pseudo_boxes=100 avg_conf=0.8062 lr=3.52037e-05
[Epoch 037/060] batch 0130/0372 loss=13.9334 det=13.8666 box=1.0744 cls=0.7932 dfl=0.0056 mard=2.0105 lambda=0.0332 pseudo_boxes=93 avg_conf=0.8323 lr=3.52037e-05
[Epoch 037/060] batch 0140/0372 loss=13.1074 det=13.0418 box=0.9522 cls=0.7564 dfl=0.0039 mard=2.0005 lambda=0.0328 pseudo_boxes=74 avg_conf=0.8276 lr=3.52037e-05
[Epoch 037/060] batch 0150/0372 loss=14.0648 det=13.9925 box=1.0403 cls=0.8660 dfl=0.0042 mard=2.0048 lambda=0.0361 pseudo_boxes=89 avg_conf=0.8607 lr=3.52037e-05
[Epoch 037/060] batch 0160/0372 loss=13.8437 det=13.7737 box=1.0664 cls=0.8070 dfl=0.0041 mard=2.0010 lambda=0.0350 pseudo_boxes=78 avg_conf=0.8501 lr=3.52037e-05
[Epoch 037/060] batch 0170/0372 loss=13.3265 det=13.2672 box=1.1230 cls=0.8875 dfl=0.0039 mard=1.9999 lambda=0.0296 pseudo_boxes=86 avg_conf=0.7963 lr=3.52037e-05
[Epoch 037/060] batch 0180/0372 loss=11.1272 det=11.0587 box=0.7771 cls=0.6474 dfl=0.0030 mard=2.0050 lambda=0.0342 pseudo_boxes=93 avg_conf=0.8419 lr=3.52037e-05
[Epoch 037/060] batch 0190/0372 loss=10.5733 det=10.4979 box=0.7594 cls=0.6319 dfl=0.0038 mard=2.0093 lambda=0.0375 pseudo_boxes=79 avg_conf=0.8755 lr=3.52037e-05
[Epoch 037/060] batch 0200/0372 loss=11.4206 det=11.3573 box=0.8304 cls=0.6427 dfl=0.0037 mard=2.0108 lambda=0.0315 pseudo_boxes=57 avg_conf=0.8152 lr=3.52037e-05
[Epoch 037/060] batch 0210/0372 loss=12.4025 det=12.3380 box=0.9982 cls=0.5841 dfl=0.0036 mard=2.0083 lambda=0.0321 pseudo_boxes=77 avg_conf=0.8211 lr=3.52037e-05
[Epoch 037/060] batch 0220/0372 loss=11.4950 det=11.4250 box=0.9617 cls=0.5007 dfl=0.0039 mard=2.0219 lambda=0.0346 pseudo_boxes=80 avg_conf=0.8459 lr=3.52037e-05
[Epoch 037/060] batch 0230/0372 loss=10.5755 det=10.5050 box=0.7075 cls=0.6707 dfl=0.0031 mard=2.0334 lambda=0.0347 pseudo_boxes=76 avg_conf=0.8466 lr=3.52037e-05
[Epoch 037/060] batch 0240/0372 loss=9.3352 det=9.2635 box=0.7516 cls=0.4451 dfl=0.0033 mard=2.0121 lambda=0.0356 pseudo_boxes=75 avg_conf=0.8563 lr=3.52037e-05
[Epoch 037/060] batch 0250/0372 loss=11.9251 det=11.8571 box=0.8843 cls=0.7482 dfl=0.0034 mard=2.0156 lambda=0.0338 pseudo_boxes=81 avg_conf=0.8377 lr=3.52037e-05
[Epoch 037/060] batch 0260/0372 loss=8.2898 det=8.2157 box=0.6431 cls=0.4184 dfl=0.0030 mard=2.0076 lambda=0.0369 pseudo_boxes=57 avg_conf=0.8690 lr=3.52037e-05
[Epoch 037/060] batch 0270/0372 loss=10.4723 det=10.3982 box=0.8061 cls=0.6261 dfl=0.0040 mard=2.0079 lambda=0.0369 pseudo_boxes=62 avg_conf=0.8687 lr=3.52037e-05
[Epoch 037/060] batch 0280/0372 loss=8.8941 det=8.8284 box=0.6649 cls=0.4842 dfl=0.0029 mard=1.9938 lambda=0.0330 pseudo_boxes=61 avg_conf=0.8297 lr=3.52037e-05
[Epoch 037/060] batch 0290/0372 loss=11.8633 det=11.8010 box=0.9189 cls=0.9318 dfl=0.0041 mard=2.0052 lambda=0.0311 pseudo_boxes=70 avg_conf=0.8106 lr=3.52037e-05
[Epoch 037/060] batch 0300/0372 loss=14.2441 det=14.1815 box=1.0362 cls=0.8599 dfl=0.0037 mard=2.0126 lambda=0.0311 pseudo_boxes=67 avg_conf=0.8112 lr=3.52037e-05
[Epoch 037/060] batch 0310/0372 loss=13.5578 det=13.4889 box=0.9912 cls=0.7562 dfl=0.0047 mard=2.0286 lambda=0.0340 pseudo_boxes=74 avg_conf=0.8396 lr=3.52037e-05
[Epoch 037/060] batch 0320/0372 loss=14.8644 det=14.8002 box=1.0295 cls=0.9833 dfl=0.0038 mard=2.0184 lambda=0.0318 pseudo_boxes=87 avg_conf=0.8179 lr=3.52037e-05
[Epoch 037/060] batch 0330/0372 loss=15.6788 det=15.6200 box=1.1558 cls=0.9837 dfl=0.0038 mard=2.0376 lambda=0.0289 pseudo_boxes=99 avg_conf=0.7885 lr=3.52037e-05
[Epoch 037/060] batch 0340/0372 loss=11.1139 det=11.0530 box=0.8404 cls=0.5818 dfl=0.0038 mard=2.0144 lambda=0.0302 pseudo_boxes=65 avg_conf=0.8020 lr=3.52037e-05
[Epoch 037/060] batch 0350/0372 loss=12.0154 det=11.9491 box=0.8771 cls=0.7133 dfl=0.0041 mard=2.0203 lambda=0.0328 pseudo_boxes=108 avg_conf=0.8282 lr=3.52037e-05
[Epoch 037/060] batch 0360/0372 loss=10.5981 det=10.5277 box=0.7708 cls=0.5997 dfl=0.0036 mard=2.0204 lambda=0.0348 pseudo_boxes=43 avg_conf=0.8484 lr=3.52037e-05
[Epoch 037/060] batch 0370/0372 loss=14.2021 det=14.1359 box=1.0021 cls=0.8285 dfl=0.0041 mard=2.0151 lambda=0.0328 pseudo_boxes=59 avg_conf=0.8282 lr=3.52037e-05
[Epoch 037/060] batch 0372/0372 loss=12.0900 det=12.0215 box=1.0298 cls=0.8062 dfl=0.0044 mard=2.0038 lambda=0.0342 pseudo_boxes=89 avg_conf=0.8423 lr=3.52037e-05
[Epoch 037/060] done time=266.5s valid_batches=372 skipped=0 pseudo_boxes=28020 loss=12.0174 det=11.9498 box=0.8958 cls=0.7098 dfl=0.0038 mard=2.0119
[Epoch 038/060] start
[Epoch 038/060] batch 0001/0372 loss=10.4970 det=10.4225 box=0.8144 cls=0.5453 dfl=0.0034 mard=2.0101 lambda=0.0371 pseudo_boxes=62 avg_conf=0.8706 lr=3.27608e-05
[Epoch 038/060] batch 0010/0372 loss=10.5451 det=10.4699 box=0.7863 cls=0.5722 dfl=0.0038 mard=2.0416 lambda=0.0368 pseudo_boxes=73 avg_conf=0.8682 lr=3.27608e-05
[Epoch 038/060] batch 0020/0372 loss=12.3270 det=12.2583 box=0.9199 cls=0.7027 dfl=0.0035 mard=1.9993 lambda=0.0344 pseudo_boxes=86 avg_conf=0.8439 lr=3.27608e-05
[Epoch 038/060] batch 0030/0372 loss=7.8232 det=7.7556 box=0.5265 cls=0.4373 dfl=0.0025 mard=2.0160 lambda=0.0336 pseudo_boxes=84 avg_conf=0.8355 lr=3.27608e-05
[Epoch 038/060] batch 0040/0372 loss=12.5054 det=12.4278 box=0.8352 cls=0.8471 dfl=0.0051 mard=2.0176 lambda=0.0385 pseudo_boxes=46 avg_conf=0.8848 lr=3.27608e-05
[Epoch 038/060] batch 0050/0372 loss=8.2356 det=8.1620 box=0.7284 cls=0.4556 dfl=0.0039 mard=2.0109 lambda=0.0366 pseudo_boxes=57 avg_conf=0.8658 lr=3.27608e-05
[Epoch 038/060] batch 0060/0372 loss=13.1235 det=13.0580 box=0.9704 cls=0.7573 dfl=0.0034 mard=2.0159 lambda=0.0325 pseudo_boxes=82 avg_conf=0.8249 lr=3.27608e-05
[Epoch 038/060] batch 0070/0372 loss=10.8915 det=10.8246 box=0.8051 cls=0.6163 dfl=0.0032 mard=2.0034 lambda=0.0334 pseudo_boxes=89 avg_conf=0.8338 lr=3.27608e-05
[Epoch 038/060] batch 0080/0372 loss=12.7502 det=12.6796 box=1.0064 cls=0.7261 dfl=0.0039 mard=2.0092 lambda=0.0352 pseudo_boxes=66 avg_conf=0.8516 lr=3.27608e-05
[Epoch 038/060] batch 0090/0372 loss=10.5504 det=10.4871 box=0.8232 cls=0.5586 dfl=0.0034 mard=1.9960 lambda=0.0317 pseudo_boxes=92 avg_conf=0.8170 lr=3.27608e-05
[Epoch 038/060] batch 0100/0372 loss=9.6645 det=9.6002 box=0.8184 cls=0.6161 dfl=0.0045 mard=2.0293 lambda=0.0317 pseudo_boxes=67 avg_conf=0.8165 lr=3.27608e-05
[Epoch 038/060] batch 0110/0372 loss=13.9291 det=13.8684 box=0.9685 cls=0.8863 dfl=0.0036 mard=2.0063 lambda=0.0303 pseudo_boxes=92 avg_conf=0.8027 lr=3.27608e-05
[Epoch 038/060] batch 0120/0372 loss=15.6021 det=15.5384 box=1.1189 cls=0.9524 dfl=0.0036 mard=2.0022 lambda=0.0318 pseudo_boxes=62 avg_conf=0.8183 lr=3.27608e-05
[Epoch 038/060] batch 0130/0372 loss=9.5824 det=9.5123 box=0.7153 cls=0.5798 dfl=0.0030 mard=2.0188 lambda=0.0347 pseudo_boxes=56 avg_conf=0.8471 lr=3.27608e-05
[Epoch 038/060] batch 0140/0372 loss=10.1358 det=10.0616 box=0.7819 cls=0.5100 dfl=0.0048 mard=2.0179 lambda=0.0368 pseudo_boxes=68 avg_conf=0.8676 lr=3.27608e-05
[Epoch 038/060] batch 0150/0372 loss=11.6387 det=11.5661 box=0.8313 cls=0.7159 dfl=0.0037 mard=2.0343 lambda=0.0357 pseudo_boxes=87 avg_conf=0.8573 lr=3.27608e-05
[Epoch 038/060] batch 0160/0372 loss=8.6180 det=8.5490 box=0.8323 cls=0.6339 dfl=0.0054 mard=2.0109 lambda=0.0343 pseudo_boxes=50 avg_conf=0.8433 lr=3.27608e-05
[Epoch 038/060] batch 0170/0372 loss=12.7135 det=12.6380 box=1.0009 cls=0.7018 dfl=0.0033 mard=2.0164 lambda=0.0375 pseudo_boxes=51 avg_conf=0.8747 lr=3.27608e-05
[Epoch 038/060] batch 0180/0372 loss=13.5641 det=13.4933 box=1.0057 cls=0.7927 dfl=0.0041 mard=1.9961 lambda=0.0355 pseudo_boxes=79 avg_conf=0.8547 lr=3.27608e-05
[Epoch 038/060] batch 0190/0372 loss=11.3320 det=11.2630 box=0.8279 cls=0.6594 dfl=0.0037 mard=2.0353 lambda=0.0339 pseudo_boxes=85 avg_conf=0.8388 lr=3.27608e-05
[Epoch 038/060] batch 0200/0372 loss=8.1427 det=8.0721 box=0.5631 cls=0.4812 dfl=0.0023 mard=2.0106 lambda=0.0351 pseudo_boxes=70 avg_conf=0.8508 lr=3.27608e-05
[Epoch 038/060] batch 0210/0372 loss=8.9439 det=8.8708 box=0.6906 cls=0.4780 dfl=0.0024 mard=2.0168 lambda=0.0362 pseudo_boxes=92 avg_conf=0.8625 lr=3.27608e-05
[Epoch 038/060] batch 0220/0372 loss=15.1906 det=15.1264 box=1.1513 cls=0.8799 dfl=0.0038 mard=2.0017 lambda=0.0320 pseudo_boxes=69 avg_conf=0.8205 lr=3.27608e-05
[Epoch 038/060] batch 0230/0372 loss=11.0413 det=10.9680 box=0.7665 cls=0.6915 dfl=0.0036 mard=2.0225 lambda=0.0362 pseudo_boxes=61 avg_conf=0.8625 lr=3.27608e-05
[Epoch 038/060] batch 0240/0372 loss=13.0850 det=13.0211 box=0.9723 cls=0.7554 dfl=0.0045 mard=2.0068 lambda=0.0318 pseudo_boxes=82 avg_conf=0.8180 lr=3.27608e-05
[Epoch 038/060] batch 0250/0372 loss=14.3052 det=14.2440 box=0.9889 cls=0.9308 dfl=0.0037 mard=2.0221 lambda=0.0303 pseudo_boxes=72 avg_conf=0.8029 lr=3.27608e-05
[Epoch 038/060] batch 0260/0372 loss=11.6806 det=11.6133 box=0.8762 cls=0.6522 dfl=0.0032 mard=1.9905 lambda=0.0338 pseudo_boxes=117 avg_conf=0.8385 lr=3.27608e-05
[Epoch 038/060] batch 0270/0372 loss=9.9409 det=9.8741 box=0.7257 cls=0.5775 dfl=0.0030 mard=2.0055 lambda=0.0333 pseudo_boxes=90 avg_conf=0.8332 lr=3.27608e-05
[Epoch 038/060] batch 0280/0372 loss=10.6553 det=10.5803 box=0.8169 cls=0.5895 dfl=0.0037 mard=2.0148 lambda=0.0372 pseudo_boxes=60 avg_conf=0.8719 lr=3.27608e-05
[Epoch 038/060] batch 0290/0372 loss=11.5419 det=11.4728 box=0.7804 cls=0.7495 dfl=0.0035 mard=2.0119 lambda=0.0343 pseudo_boxes=97 avg_conf=0.8433 lr=3.27608e-05
[Epoch 038/060] batch 0300/0372 loss=9.8320 det=9.7547 box=0.7233 cls=0.5744 dfl=0.0035 mard=2.0252 lambda=0.0382 pseudo_boxes=55 avg_conf=0.8816 lr=3.27608e-05
[Epoch 038/060] batch 0310/0372 loss=13.3669 det=13.2980 box=0.9535 cls=0.8287 dfl=0.0037 mard=1.9972 lambda=0.0345 pseudo_boxes=91 avg_conf=0.8452 lr=3.27608e-05
[Epoch 038/060] batch 0320/0372 loss=10.6007 det=10.5346 box=0.8388 cls=0.5389 dfl=0.0033 mard=2.0044 lambda=0.0330 pseudo_boxes=103 avg_conf=0.8296 lr=3.27608e-05
[Epoch 038/060] batch 0330/0372 loss=11.3327 det=11.2638 box=0.8168 cls=0.6654 dfl=0.0033 mard=2.0050 lambda=0.0344 pseudo_boxes=79 avg_conf=0.8439 lr=3.27608e-05
[Epoch 038/060] batch 0340/0372 loss=11.6477 det=11.5775 box=0.9117 cls=0.6610 dfl=0.0031 mard=2.0295 lambda=0.0346 pseudo_boxes=57 avg_conf=0.8457 lr=3.27608e-05
[Epoch 038/060] batch 0350/0372 loss=15.0811 det=15.0157 box=1.0055 cls=1.0293 dfl=0.0046 mard=2.0229 lambda=0.0323 pseudo_boxes=64 avg_conf=0.8231 lr=3.27608e-05
[Epoch 038/060] batch 0360/0372 loss=10.7167 det=10.6478 box=0.8343 cls=0.5370 dfl=0.0034 mard=2.0198 lambda=0.0341 pseudo_boxes=87 avg_conf=0.8409 lr=3.27608e-05
[Epoch 038/060] batch 0370/0372 loss=11.8466 det=11.7822 box=0.8508 cls=0.6992 dfl=0.0036 mard=2.0050 lambda=0.0321 pseudo_boxes=79 avg_conf=0.8212 lr=3.27608e-05
[Epoch 038/060] batch 0372/0372 loss=10.3563 det=10.2860 box=0.8919 cls=0.6798 dfl=0.0037 mard=2.0266 lambda=0.0347 pseudo_boxes=58 avg_conf=0.8468 lr=3.27608e-05
[Epoch 038/060] done time=266.5s valid_batches=372 skipped=0 pseudo_boxes=28060 loss=12.3459 det=12.2784 box=0.9172 cls=0.7318 dfl=0.0039 mard=2.0123
[Epoch 039/060] start
[Epoch 039/060] batch 0001/0372 loss=10.6639 det=10.5927 box=0.7576 cls=0.6547 dfl=0.0037 mard=2.0013 lambda=0.0356 pseudo_boxes=57 avg_conf=0.8558 lr=3.03665e-05
[Epoch 039/060] batch 0010/0372 loss=10.4286 det=10.3560 box=0.7931 cls=0.5843 dfl=0.0035 mard=2.0026 lambda=0.0362 pseudo_boxes=77 avg_conf=0.8623 lr=3.03665e-05
[Epoch 039/060] batch 0020/0372 loss=13.8649 det=13.8036 box=1.0370 cls=0.7948 dfl=0.0041 mard=2.0245 lambda=0.0303 pseudo_boxes=87 avg_conf=0.8030 lr=3.03665e-05
[Epoch 039/060] batch 0030/0372 loss=11.2602 det=11.1913 box=0.9088 cls=0.5535 dfl=0.0034 mard=2.0036 lambda=0.0344 pseudo_boxes=105 avg_conf=0.8437 lr=3.03665e-05
[Epoch 039/060] batch 0040/0372 loss=11.6652 det=11.5946 box=0.8521 cls=0.7484 dfl=0.0036 mard=2.0346 lambda=0.0347 pseudo_boxes=72 avg_conf=0.8473 lr=3.03665e-05
[Epoch 039/060] batch 0050/0372 loss=15.3217 det=15.2560 box=1.1217 cls=0.9261 dfl=0.0048 mard=2.0281 lambda=0.0324 pseudo_boxes=67 avg_conf=0.8242 lr=3.03665e-05
[Epoch 039/060] batch 0060/0372 loss=7.5264 det=7.4488 box=0.5454 cls=0.3996 dfl=0.0025 mard=2.0061 lambda=0.0387 pseudo_boxes=75 avg_conf=0.8868 lr=3.03665e-05
[Epoch 039/060] batch 0070/0372 loss=13.3815 det=13.3161 box=0.9259 cls=0.7731 dfl=0.0039 mard=2.0052 lambda=0.0326 pseudo_boxes=70 avg_conf=0.8261 lr=3.03665e-05
[Epoch 039/060] batch 0080/0372 loss=12.8076 det=12.7326 box=0.9194 cls=0.7918 dfl=0.0047 mard=2.0267 lambda=0.0370 pseudo_boxes=86 avg_conf=0.8704 lr=3.03665e-05
[Epoch 039/060] batch 0090/0372 loss=14.7881 det=14.7291 box=1.0959 cls=0.9274 dfl=0.0035 mard=2.0217 lambda=0.0291 pseudo_boxes=75 avg_conf=0.7915 lr=3.03665e-05
[Epoch 039/060] batch 0100/0372 loss=13.1860 det=13.1190 box=0.8516 cls=0.9456 dfl=0.0034 mard=2.0226 lambda=0.0331 pseudo_boxes=64 avg_conf=0.8314 lr=3.03665e-05
[Epoch 039/060] batch 0110/0372 loss=13.7687 det=13.6995 box=0.9225 cls=0.9419 dfl=0.0055 mard=2.0072 lambda=0.0345 pseudo_boxes=57 avg_conf=0.8449 lr=3.03665e-05
[Epoch 039/060] batch 0120/0372 loss=11.8545 det=11.7840 box=0.9192 cls=0.6266 dfl=0.0049 mard=2.0202 lambda=0.0349 pseudo_boxes=73 avg_conf=0.8491 lr=3.03665e-05
[Epoch 039/060] batch 0130/0372 loss=10.1166 det=10.0519 box=0.7812 cls=0.5330 dfl=0.0025 mard=2.0115 lambda=0.0322 pseudo_boxes=94 avg_conf=0.8217 lr=3.03665e-05
[Epoch 039/060] batch 0140/0372 loss=13.6452 det=13.5810 box=0.9949 cls=0.8829 dfl=0.0036 mard=2.0260 lambda=0.0317 pseudo_boxes=82 avg_conf=0.8168 lr=3.03665e-05
[Epoch 039/060] batch 0150/0372 loss=8.9534 det=8.8813 box=0.6601 cls=0.4882 dfl=0.0033 mard=2.0302 lambda=0.0355 pseudo_boxes=59 avg_conf=0.8553 lr=3.03665e-05
[Epoch 039/060] batch 0160/0372 loss=12.2493 det=12.1844 box=0.9272 cls=0.6611 dfl=0.0038 mard=2.0248 lambda=0.0320 pseudo_boxes=83 avg_conf=0.8202 lr=3.03665e-05
[Epoch 039/060] batch 0170/0372 loss=12.5449 det=12.4775 box=0.9643 cls=0.7435 dfl=0.0045 mard=2.0010 lambda=0.0337 pseudo_boxes=99 avg_conf=0.8371 lr=3.03665e-05
[Epoch 039/060] batch 0180/0372 loss=5.8754 det=5.8022 box=0.6179 cls=0.3656 dfl=0.0028 mard=2.0125 lambda=0.0364 pseudo_boxes=47 avg_conf=0.8638 lr=3.03665e-05
[Epoch 039/060] batch 0190/0372 loss=11.2903 det=11.2218 box=0.8847 cls=0.5814 dfl=0.0030 mard=2.0206 lambda=0.0339 pseudo_boxes=98 avg_conf=0.8389 lr=3.03665e-05
[Epoch 039/060] batch 0200/0372 loss=14.7332 det=14.6687 box=1.1009 cls=0.8742 dfl=0.0040 mard=2.0306 lambda=0.0318 pseudo_boxes=64 avg_conf=0.8176 lr=3.03665e-05
[Epoch 039/060] batch 0210/0372 loss=9.4056 det=9.3375 box=0.6739 cls=0.5672 dfl=0.0026 mard=2.0105 lambda=0.0339 pseudo_boxes=80 avg_conf=0.8387 lr=3.03665e-05
[Epoch 039/060] batch 0220/0372 loss=15.3272 det=15.2634 box=1.0905 cls=0.9902 dfl=0.0044 mard=2.0011 lambda=0.0319 pseudo_boxes=104 avg_conf=0.8188 lr=3.03665e-05
[Epoch 039/060] batch 0230/0372 loss=13.8943 det=13.8351 box=0.9829 cls=0.8545 dfl=0.0034 mard=2.0014 lambda=0.0296 pseudo_boxes=77 avg_conf=0.7959 lr=3.03665e-05
[Epoch 039/060] batch 0240/0372 loss=13.7598 det=13.6973 box=1.0389 cls=0.7501 dfl=0.0035 mard=1.9958 lambda=0.0313 pseudo_boxes=74 avg_conf=0.8131 lr=3.03665e-05
[Epoch 039/060] batch 0250/0372 loss=13.4291 det=13.3630 box=0.9646 cls=0.8297 dfl=0.0049 mard=2.0125 lambda=0.0329 pseudo_boxes=113 avg_conf=0.8286 lr=3.03665e-05
[Epoch 039/060] batch 0260/0372 loss=10.5984 det=10.5263 box=0.7609 cls=0.6126 dfl=0.0042 mard=2.0049 lambda=0.0359 pseudo_boxes=51 avg_conf=0.8595 lr=3.03665e-05
[Epoch 039/060] batch 0270/0372 loss=14.6682 det=14.6070 box=1.0879 cls=0.8753 dfl=0.0045 mard=2.0188 lambda=0.0303 pseudo_boxes=69 avg_conf=0.8031 lr=3.03665e-05
[Epoch 039/060] batch 0280/0372 loss=9.7515 det=9.6891 box=0.7240 cls=0.5601 dfl=0.0034 mard=2.0078 lambda=0.0311 pseudo_boxes=75 avg_conf=0.8107 lr=3.03665e-05
[Epoch 039/060] batch 0290/0372 loss=11.4713 det=11.4023 box=0.8932 cls=0.5923 dfl=0.0036 mard=2.0105 lambda=0.0343 pseudo_boxes=114 avg_conf=0.8434 lr=3.03665e-05
[Epoch 039/060] batch 0300/0372 loss=17.3249 det=17.2586 box=1.1894 cls=1.1906 dfl=0.0059 mard=2.0065 lambda=0.0330 pseudo_boxes=76 avg_conf=0.8304 lr=3.03665e-05
[Epoch 039/060] batch 0310/0372 loss=11.0764 det=11.0069 box=0.8924 cls=0.5217 dfl=0.0031 mard=2.0220 lambda=0.0344 pseudo_boxes=70 avg_conf=0.8439 lr=3.03665e-05
[Epoch 039/060] batch 0320/0372 loss=10.9632 det=10.8989 box=0.7300 cls=0.7167 dfl=0.0030 mard=2.0311 lambda=0.0316 pseudo_boxes=71 avg_conf=0.8163 lr=3.03665e-05
[Epoch 039/060] batch 0330/0372 loss=11.4658 det=11.3988 box=0.8685 cls=0.5965 dfl=0.0043 mard=2.0038 lambda=0.0334 pseudo_boxes=113 avg_conf=0.8343 lr=3.03665e-05
[Epoch 039/060] batch 0340/0372 loss=9.5010 det=9.4378 box=0.7109 cls=0.5135 dfl=0.0026 mard=2.0101 lambda=0.0314 pseudo_boxes=72 avg_conf=0.8141 lr=3.03665e-05
[Epoch 039/060] batch 0350/0372 loss=9.1464 det=9.0750 box=0.7986 cls=0.5352 dfl=0.0042 mard=2.0123 lambda=0.0354 pseudo_boxes=70 avg_conf=0.8544 lr=3.03665e-05
[Epoch 039/060] batch 0360/0372 loss=12.2750 det=12.2093 box=0.9161 cls=0.6795 dfl=0.0037 mard=2.0104 lambda=0.0327 pseudo_boxes=71 avg_conf=0.8269 lr=3.03665e-05
[Epoch 039/060] batch 0370/0372 loss=12.4192 det=12.3556 box=0.8759 cls=0.7323 dfl=0.0031 mard=2.0098 lambda=0.0316 pseudo_boxes=79 avg_conf=0.8164 lr=3.03665e-05
[Epoch 039/060] batch 0372/0372 loss=9.7358 det=9.6696 box=0.8616 cls=0.6144 dfl=0.0044 mard=2.0015 lambda=0.0331 pseudo_boxes=63 avg_conf=0.8310 lr=3.03665e-05
[Epoch 039/060] done time=266.2s valid_batches=372 skipped=0 pseudo_boxes=28054 loss=12.1232 det=12.0556 box=0.8995 cls=0.7147 dfl=0.0038 mard=2.0112
[Epoch 040/060] start
[Epoch 040/060] batch 0001/0372 loss=11.3397 det=11.2784 box=0.8376 cls=0.6123 dfl=0.0025 mard=2.0074 lambda=0.0305 pseudo_boxes=72 avg_conf=0.8053 lr=2.80275e-05
[Epoch 040/060] batch 0010/0372 loss=11.7683 det=11.7019 box=0.9164 cls=0.6139 dfl=0.0035 mard=2.0387 lambda=0.0326 pseudo_boxes=91 avg_conf=0.8259 lr=2.80275e-05
[Epoch 040/060] batch 0020/0372 loss=13.9948 det=13.9256 box=1.0131 cls=0.8738 dfl=0.0044 mard=2.0077 lambda=0.0345 pseudo_boxes=73 avg_conf=0.8448 lr=2.80275e-05
[Epoch 040/060] batch 0030/0372 loss=11.9767 det=11.9104 box=0.9012 cls=0.6425 dfl=0.0033 mard=2.0133 lambda=0.0329 pseudo_boxes=46 avg_conf=0.8294 lr=2.80275e-05
[Epoch 040/060] batch 0040/0372 loss=13.2976 det=13.2292 box=0.9629 cls=0.7632 dfl=0.0048 mard=2.0130 lambda=0.0340 pseudo_boxes=61 avg_conf=0.8399 lr=2.80275e-05
[Epoch 040/060] batch 0050/0372 loss=9.7640 det=9.6897 box=0.7527 cls=0.4989 dfl=0.0030 mard=2.0114 lambda=0.0369 pseudo_boxes=59 avg_conf=0.8693 lr=2.80275e-05
[Epoch 040/060] batch 0060/0372 loss=10.9943 det=10.9297 box=0.9026 cls=0.8045 dfl=0.0037 mard=2.0017 lambda=0.0322 pseudo_boxes=66 avg_conf=0.8224 lr=2.80275e-05
[Epoch 040/060] batch 0070/0372 loss=16.5455 det=16.4864 box=1.0799 cls=1.1729 dfl=0.0047 mard=2.0022 lambda=0.0295 pseudo_boxes=52 avg_conf=0.7954 lr=2.80275e-05
[Epoch 040/060] batch 0080/0372 loss=11.1620 det=11.0905 box=0.8058 cls=0.6550 dfl=0.0040 mard=2.0269 lambda=0.0353 pseudo_boxes=102 avg_conf=0.8529 lr=2.80275e-05
[Epoch 040/060] batch 0090/0372 loss=16.7608 det=16.7049 box=1.1356 cls=1.1352 dfl=0.0041 mard=1.9957 lambda=0.0280 pseudo_boxes=133 avg_conf=0.7803 lr=2.80275e-05
[Epoch 040/060] batch 0100/0372 loss=12.9114 det=12.8449 box=0.9876 cls=0.7178 dfl=0.0042 mard=2.0136 lambda=0.0330 pseudo_boxes=85 avg_conf=0.8300 lr=2.80275e-05
[Epoch 040/060] batch 0110/0372 loss=13.9961 det=13.9236 box=1.0325 cls=0.8057 dfl=0.0041 mard=2.0127 lambda=0.0360 pseudo_boxes=58 avg_conf=0.8601 lr=2.80275e-05
[Epoch 040/060] batch 0120/0372 loss=16.1867 det=16.1228 box=1.0970 cls=1.2673 dfl=0.0037 mard=2.0056 lambda=0.0319 pseudo_boxes=88 avg_conf=0.8185 lr=2.80275e-05
[Epoch 040/060] batch 0130/0372 loss=10.8248 det=10.7600 box=0.7681 cls=0.5966 dfl=0.0028 mard=2.0224 lambda=0.0320 pseudo_boxes=78 avg_conf=0.8202 lr=2.80275e-05
[Epoch 040/060] batch 0140/0372 loss=12.9286 det=12.8589 box=0.8512 cls=0.8535 dfl=0.0053 mard=2.0198 lambda=0.0345 pseudo_boxes=59 avg_conf=0.8451 lr=2.80275e-05
[Epoch 040/060] batch 0150/0372 loss=10.2484 det=10.1877 box=0.7575 cls=0.5641 dfl=0.0024 mard=2.0005 lambda=0.0303 pseudo_boxes=95 avg_conf=0.8032 lr=2.80275e-05
[Epoch 040/060] batch 0160/0372 loss=10.5815 det=10.5143 box=0.7750 cls=0.6034 dfl=0.0036 mard=2.0070 lambda=0.0335 pseudo_boxes=84 avg_conf=0.8351 lr=2.80275e-05
[Epoch 040/060] batch 0170/0372 loss=12.8544 det=12.7897 box=0.8956 cls=0.8026 dfl=0.0036 mard=2.0106 lambda=0.0322 pseudo_boxes=87 avg_conf=0.8221 lr=2.80275e-05
[Epoch 040/060] batch 0180/0372 loss=13.8124 det=13.7467 box=1.0029 cls=0.8272 dfl=0.0037 mard=2.0096 lambda=0.0327 pseudo_boxes=105 avg_conf=0.8270 lr=2.80275e-05
[Epoch 040/060] batch 0190/0372 loss=13.2580 det=13.1956 box=0.9646 cls=0.8181 dfl=0.0039 mard=2.0023 lambda=0.0311 pseudo_boxes=76 avg_conf=0.8114 lr=2.80275e-05
[Epoch 040/060] batch 0200/0372 loss=13.4721 det=13.4017 box=1.0031 cls=0.7393 dfl=0.0046 mard=2.0100 lambda=0.0350 pseudo_boxes=81 avg_conf=0.8500 lr=2.80275e-05
[Epoch 040/060] batch 0210/0372 loss=11.9961 det=11.9239 box=0.8922 cls=0.6786 dfl=0.0037 mard=2.0136 lambda=0.0358 pseudo_boxes=77 avg_conf=0.8585 lr=2.80275e-05
[Epoch 040/060] batch 0220/0372 loss=12.7218 det=12.6591 box=0.9529 cls=0.7527 dfl=0.0037 mard=2.0060 lambda=0.0313 pseudo_boxes=68 avg_conf=0.8126 lr=2.80275e-05
[Epoch 040/060] batch 0230/0372 loss=11.1878 det=11.1186 box=0.8102 cls=0.6389 dfl=0.0037 mard=2.0246 lambda=0.0342 pseudo_boxes=46 avg_conf=0.8419 lr=2.80275e-05
[Epoch 040/060] batch 0240/0372 loss=8.5221 det=8.4527 box=0.6174 cls=0.4736 dfl=0.0022 mard=1.9931 lambda=0.0348 pseudo_boxes=72 avg_conf=0.8482 lr=2.80275e-05
[Epoch 040/060] batch 0250/0372 loss=16.8021 det=16.7361 box=1.1279 cls=1.1085 dfl=0.0036 mard=2.0195 lambda=0.0327 pseudo_boxes=73 avg_conf=0.8268 lr=2.80275e-05
[Epoch 040/060] batch 0260/0372 loss=11.3919 det=11.3234 box=0.8355 cls=0.6459 dfl=0.0037 mard=2.0054 lambda=0.0342 pseudo_boxes=68 avg_conf=0.8418 lr=2.80275e-05
[Epoch 040/060] batch 0270/0372 loss=12.6946 det=12.6290 box=0.9521 cls=0.7035 dfl=0.0040 mard=2.0032 lambda=0.0328 pseudo_boxes=88 avg_conf=0.8276 lr=2.80275e-05
[Epoch 040/060] batch 0280/0372 loss=11.4260 det=11.3532 box=0.8552 cls=0.6274 dfl=0.0042 mard=2.0013 lambda=0.0364 pseudo_boxes=64 avg_conf=0.8641 lr=2.80275e-05
[Epoch 040/060] batch 0290/0372 loss=11.6589 det=11.5873 box=0.8970 cls=0.6577 dfl=0.0041 mard=2.0247 lambda=0.0353 pseudo_boxes=80 avg_conf=0.8534 lr=2.80275e-05
[Epoch 040/060] batch 0300/0372 loss=9.2545 det=9.1909 box=0.7606 cls=0.4096 dfl=0.0027 mard=1.9969 lambda=0.0319 pseudo_boxes=75 avg_conf=0.8186 lr=2.80275e-05
[Epoch 040/060] batch 0310/0372 loss=12.3418 det=12.2712 box=1.0673 cls=0.8050 dfl=0.0038 mard=2.0354 lambda=0.0347 pseudo_boxes=62 avg_conf=0.8467 lr=2.80275e-05
[Epoch 040/060] batch 0320/0372 loss=13.2873 det=13.2187 box=1.0257 cls=0.7353 dfl=0.0037 mard=2.0136 lambda=0.0340 pseudo_boxes=60 avg_conf=0.8405 lr=2.80275e-05
[Epoch 040/060] batch 0330/0372 loss=12.3197 det=12.2532 box=0.8865 cls=0.7081 dfl=0.0035 mard=2.0188 lambda=0.0329 pseudo_boxes=82 avg_conf=0.8294 lr=2.80275e-05
[Epoch 040/060] batch 0340/0372 loss=9.8204 det=9.7451 box=0.6981 cls=0.5921 dfl=0.0031 mard=2.0284 lambda=0.0371 pseudo_boxes=68 avg_conf=0.8710 lr=2.80275e-05
[Epoch 040/060] batch 0350/0372 loss=11.3873 det=11.3154 box=0.8984 cls=0.5377 dfl=0.0045 mard=2.0132 lambda=0.0357 pseudo_boxes=53 avg_conf=0.8569 lr=2.80275e-05
[Epoch 040/060] batch 0360/0372 loss=11.2985 det=11.2239 box=0.8737 cls=0.6207 dfl=0.0036 mard=2.0200 lambda=0.0369 pseudo_boxes=70 avg_conf=0.8690 lr=2.80275e-05
[Epoch 040/060] batch 0370/0372 loss=11.7797 det=11.7064 box=0.9150 cls=0.6519 dfl=0.0049 mard=2.0345 lambda=0.0360 pseudo_boxes=55 avg_conf=0.8600 lr=2.80275e-05
[Epoch 040/060] batch 0372/0372 loss=8.6095 det=8.5368 box=0.7429 cls=0.4898 dfl=0.0039 mard=1.9999 lambda=0.0363 pseudo_boxes=68 avg_conf=0.8634 lr=2.80275e-05
[Epoch 040/060] done time=266.3s valid_batches=372 skipped=0 pseudo_boxes=28047 loss=12.2257 det=12.1581 box=0.9097 cls=0.7165 dfl=0.0038 mard=2.0115
[Epoch 040/060] saved student: /home/dang/research/runs/c2f_rtsfod_yolo26m_pretrained/checkpoints/yolo26_stage2_rtsfod_epoch_40.pt
[Epoch 041/060] start
[Epoch 041/060] batch 0001/0372 loss=11.1953 det=11.1319 box=0.8556 cls=0.6178 dfl=0.0028 mard=1.9977 lambda=0.0317 pseudo_boxes=49 avg_conf=0.8172 lr=2.575e-05
[Epoch 041/060] batch 0010/0372 loss=12.5540 det=12.4860 box=0.9131 cls=0.7626 dfl=0.0043 mard=2.0149 lambda=0.0337 pseudo_boxes=68 avg_conf=0.8373 lr=2.575e-05
[Epoch 041/060] batch 0020/0372 loss=10.5179 det=10.4476 box=0.7579 cls=0.6079 dfl=0.0035 mard=2.0197 lambda=0.0348 pseudo_boxes=76 avg_conf=0.8481 lr=2.575e-05
[Epoch 041/060] batch 0030/0372 loss=12.7939 det=12.7279 box=0.9586 cls=0.6824 dfl=0.0041 mard=2.0065 lambda=0.0329 pseudo_boxes=76 avg_conf=0.8290 lr=2.575e-05
[Epoch 041/060] batch 0040/0372 loss=12.1665 det=12.1013 box=0.9052 cls=0.6785 dfl=0.0032 mard=2.0065 lambda=0.0325 pseudo_boxes=83 avg_conf=0.8251 lr=2.575e-05
[Epoch 041/060] batch 0050/0372 loss=10.0978 det=10.0277 box=0.7755 cls=0.5289 dfl=0.0030 mard=1.9971 lambda=0.0351 pseudo_boxes=82 avg_conf=0.8508 lr=2.575e-05
[Epoch 041/060] batch 0060/0372 loss=10.1371 det=10.0639 box=0.7879 cls=0.5033 dfl=0.0037 mard=2.0139 lambda=0.0363 pseudo_boxes=63 avg_conf=0.8632 lr=2.575e-05
[Epoch 041/060] batch 0070/0372 loss=12.4327 det=12.3649 box=0.9640 cls=0.6568 dfl=0.0042 mard=2.0037 lambda=0.0338 pseudo_boxes=68 avg_conf=0.8383 lr=2.575e-05
[Epoch 041/060] batch 0080/0372 loss=10.7655 det=10.6951 box=0.7950 cls=0.6143 dfl=0.0033 mard=2.0125 lambda=0.0350 pseudo_boxes=59 avg_conf=0.8498 lr=2.575e-05
[Epoch 041/060] batch 0090/0372 loss=13.2285 det=13.1563 box=1.0051 cls=0.7035 dfl=0.0059 mard=2.0126 lambda=0.0359 pseudo_boxes=67 avg_conf=0.8586 lr=2.575e-05
[Epoch 041/060] batch 0100/0372 loss=11.8222 det=11.7552 box=0.8343 cls=0.7037 dfl=0.0040 mard=2.0260 lambda=0.0331 pseudo_boxes=54 avg_conf=0.8308 lr=2.575e-05
[Epoch 041/060] batch 0110/0372 loss=11.1658 det=11.0997 box=0.8928 cls=0.5577 dfl=0.0038 mard=2.0164 lambda=0.0328 pseudo_boxes=77 avg_conf=0.8280 lr=2.575e-05
[Epoch 041/060] batch 0120/0372 loss=14.7099 det=14.6452 box=1.1045 cls=0.8185 dfl=0.0040 mard=2.0293 lambda=0.0319 pseudo_boxes=79 avg_conf=0.8190 lr=2.575e-05
[Epoch 041/060] batch 0130/0372 loss=12.5569 det=12.4926 box=0.8871 cls=0.7714 dfl=0.0031 mard=2.0069 lambda=0.0320 pseudo_boxes=82 avg_conf=0.8203 lr=2.575e-05
[Epoch 041/060] batch 0140/0372 loss=15.6705 det=15.6045 box=1.1331 cls=0.9015 dfl=0.0055 mard=2.0213 lambda=0.0327 pseudo_boxes=85 avg_conf=0.8269 lr=2.575e-05
[Epoch 041/060] batch 0150/0372 loss=13.7763 det=13.7073 box=0.9936 cls=0.8210 dfl=0.0032 mard=2.0107 lambda=0.0343 pseudo_boxes=76 avg_conf=0.8432 lr=2.575e-05
[Epoch 041/060] batch 0160/0372 loss=12.3364 det=12.2648 box=0.8646 cls=0.7650 dfl=0.0032 mard=2.0111 lambda=0.0356 pseudo_boxes=49 avg_conf=0.8564 lr=2.575e-05
[Epoch 041/060] batch 0170/0372 loss=12.5914 det=12.5235 box=0.9688 cls=0.6808 dfl=0.0039 mard=2.0241 lambda=0.0336 pseudo_boxes=61 avg_conf=0.8356 lr=2.575e-05
[Epoch 041/060] batch 0180/0372 loss=15.0147 det=14.9521 box=1.0675 cls=0.9059 dfl=0.0048 mard=2.0119 lambda=0.0311 pseudo_boxes=67 avg_conf=0.8112 lr=2.575e-05
[Epoch 041/060] batch 0190/0372 loss=9.4210 det=9.3560 box=0.7873 cls=0.6063 dfl=0.0030 mard=2.0124 lambda=0.0323 pseudo_boxes=45 avg_conf=0.8228 lr=2.575e-05
[Epoch 041/060] batch 0200/0372 loss=10.6782 det=10.6049 box=0.7926 cls=0.6025 dfl=0.0031 mard=2.0018 lambda=0.0366 pseudo_boxes=70 avg_conf=0.8658 lr=2.575e-05
[Epoch 041/060] batch 0210/0372 loss=14.3047 det=14.2411 box=1.0083 cls=0.9124 dfl=0.0042 mard=2.0058 lambda=0.0317 pseudo_boxes=66 avg_conf=0.8170 lr=2.575e-05
[Epoch 041/060] batch 0220/0372 loss=9.5634 det=9.4922 box=0.7062 cls=0.5167 dfl=0.0038 mard=2.0094 lambda=0.0354 pseudo_boxes=89 avg_conf=0.8542 lr=2.575e-05
[Epoch 041/060] batch 0230/0372 loss=9.4426 det=9.3769 box=0.7448 cls=0.4693 dfl=0.0032 mard=2.0065 lambda=0.0328 pseudo_boxes=86 avg_conf=0.8276 lr=2.575e-05
[Epoch 041/060] batch 0240/0372 loss=15.4741 det=15.4109 box=1.0762 cls=1.0174 dfl=0.0041 mard=1.9998 lambda=0.0316 pseudo_boxes=88 avg_conf=0.8160 lr=2.575e-05
[Epoch 041/060] batch 0250/0372 loss=13.4391 det=13.3692 box=0.9879 cls=0.8116 dfl=0.0034 mard=2.0031 lambda=0.0349 pseudo_boxes=78 avg_conf=0.8490 lr=2.575e-05
[Epoch 041/060] batch 0260/0372 loss=9.0971 det=9.0311 box=0.6804 cls=0.4485 dfl=0.0030 mard=2.0080 lambda=0.0329 pseudo_boxes=76 avg_conf=0.8287 lr=2.575e-05
[Epoch 041/060] batch 0270/0372 loss=15.8100 det=15.7408 box=1.0221 cls=1.0855 dfl=0.0044 mard=2.0132 lambda=0.0343 pseudo_boxes=66 avg_conf=0.8434 lr=2.575e-05
[Epoch 041/060] batch 0280/0372 loss=10.8869 det=10.8173 box=0.8286 cls=0.6125 dfl=0.0036 mard=2.0123 lambda=0.0346 pseudo_boxes=51 avg_conf=0.8461 lr=2.575e-05
[Epoch 041/060] batch 0290/0372 loss=12.6377 det=12.5749 box=1.0033 cls=0.6484 dfl=0.0030 mard=2.0022 lambda=0.0314 pseudo_boxes=81 avg_conf=0.8137 lr=2.575e-05
[Epoch 041/060] batch 0300/0372 loss=11.2908 det=11.2209 box=0.8282 cls=0.6741 dfl=0.0036 mard=2.0359 lambda=0.0344 pseudo_boxes=84 avg_conf=0.8436 lr=2.575e-05
[Epoch 041/060] batch 0310/0372 loss=14.0725 det=13.9989 box=0.9636 cls=0.9149 dfl=0.0036 mard=2.0242 lambda=0.0363 pseudo_boxes=64 avg_conf=0.8633 lr=2.575e-05
[Epoch 041/060] batch 0320/0372 loss=13.9398 det=13.8756 box=1.0895 cls=0.7333 dfl=0.0033 mard=1.9970 lambda=0.0321 pseudo_boxes=65 avg_conf=0.8213 lr=2.575e-05
[Epoch 041/060] batch 0330/0372 loss=12.5827 det=12.5129 box=0.8887 cls=0.7265 dfl=0.0041 mard=2.0111 lambda=0.0347 pseudo_boxes=69 avg_conf=0.8469 lr=2.575e-05
[Epoch 041/060] batch 0340/0372 loss=10.6242 det=10.5528 box=0.8109 cls=0.5403 dfl=0.0041 mard=1.9923 lambda=0.0358 pseudo_boxes=87 avg_conf=0.8583 lr=2.575e-05
[Epoch 041/060] batch 0350/0372 loss=12.9551 det=12.8930 box=0.9520 cls=0.7513 dfl=0.0039 mard=2.0299 lambda=0.0306 pseudo_boxes=82 avg_conf=0.8061 lr=2.575e-05
[Epoch 041/060] batch 0360/0372 loss=13.7600 det=13.6974 box=0.9546 cls=0.8580 dfl=0.0042 mard=2.0141 lambda=0.0311 pseudo_boxes=36 avg_conf=0.8107 lr=2.575e-05
[Epoch 041/060] batch 0370/0372 loss=11.5587 det=11.4869 box=0.9374 cls=0.5490 dfl=0.0043 mard=2.0144 lambda=0.0356 pseudo_boxes=65 avg_conf=0.8563 lr=2.575e-05
[Epoch 041/060] batch 0372/0372 loss=11.4653 det=11.3981 box=1.0260 cls=0.6647 dfl=0.0044 mard=2.0055 lambda=0.0335 pseudo_boxes=67 avg_conf=0.8352 lr=2.575e-05
[Epoch 041/060] done time=266.4s valid_batches=372 skipped=0 pseudo_boxes=28011 loss=12.2862 det=12.2187 box=0.9103 cls=0.7187 dfl=0.0038 mard=2.0109
[Epoch 042/060] start
[Epoch 042/060] batch 0001/0372 loss=13.4632 det=13.3963 box=0.8646 cls=0.9299 dfl=0.0033 mard=2.0120 lambda=0.0332 pseudo_boxes=70 avg_conf=0.8322 lr=2.35404e-05
[Epoch 042/060] batch 0010/0372 loss=11.8950 det=11.8222 box=0.8873 cls=0.6425 dfl=0.0031 mard=2.0138 lambda=0.0362 pseudo_boxes=73 avg_conf=0.8618 lr=2.35404e-05
[Epoch 042/060] batch 0020/0372 loss=12.8243 det=12.7551 box=0.8936 cls=0.7649 dfl=0.0042 mard=2.0169 lambda=0.0343 pseudo_boxes=47 avg_conf=0.8433 lr=2.35404e-05
[Epoch 042/060] batch 0030/0372 loss=11.5986 det=11.5349 box=0.8124 cls=0.6942 dfl=0.0039 mard=2.0079 lambda=0.0317 pseudo_boxes=64 avg_conf=0.8173 lr=2.35404e-05
[Epoch 042/060] batch 0040/0372 loss=13.5850 det=13.5190 box=1.0091 cls=0.7703 dfl=0.0041 mard=2.0074 lambda=0.0329 pseudo_boxes=92 avg_conf=0.8288 lr=2.35404e-05
[Epoch 042/060] batch 0050/0372 loss=8.0128 det=7.9428 box=0.5690 cls=0.4363 dfl=0.0019 mard=2.0044 lambda=0.0349 pseudo_boxes=43 avg_conf=0.8492 lr=2.35404e-05
[Epoch 042/060] batch 0060/0372 loss=16.6203 det=16.5583 box=1.0628 cls=1.1947 dfl=0.0041 mard=2.0023 lambda=0.0310 pseudo_boxes=61 avg_conf=0.8100 lr=2.35404e-05
[Epoch 042/060] batch 0070/0372 loss=11.9725 det=11.9043 box=0.9341 cls=0.6406 dfl=0.0046 mard=2.0112 lambda=0.0339 pseudo_boxes=61 avg_conf=0.8394 lr=2.35404e-05
[Epoch 042/060] batch 0080/0372 loss=10.1926 det=10.1245 box=0.7998 cls=0.5027 dfl=0.0031 mard=2.0031 lambda=0.0340 pseudo_boxes=74 avg_conf=0.8397 lr=2.35404e-05
[Epoch 042/060] batch 0090/0372 loss=15.5799 det=15.5122 box=1.0093 cls=1.0396 dfl=0.0037 mard=2.0120 lambda=0.0336 pseudo_boxes=45 avg_conf=0.8365 lr=2.35404e-05
[Epoch 042/060] batch 0100/0372 loss=13.8787 det=13.8084 box=1.0130 cls=0.8137 dfl=0.0037 mard=2.0078 lambda=0.0350 pseudo_boxes=81 avg_conf=0.8502 lr=2.35404e-05
[Epoch 042/060] batch 0110/0372 loss=13.2964 det=13.2323 box=1.0139 cls=0.7247 dfl=0.0044 mard=2.0279 lambda=0.0316 pseudo_boxes=102 avg_conf=0.8161 lr=2.35404e-05
[Epoch 042/060] batch 0120/0372 loss=9.5885 det=9.5184 box=0.6884 cls=0.5093 dfl=0.0033 mard=2.0033 lambda=0.0350 pseudo_boxes=76 avg_conf=0.8501 lr=2.35404e-05
[Epoch 042/060] batch 0130/0372 loss=10.7788 det=10.7121 box=0.8701 cls=0.5229 dfl=0.0041 mard=2.0155 lambda=0.0331 pseudo_boxes=61 avg_conf=0.8310 lr=2.35404e-05
[Epoch 042/060] batch 0140/0372 loss=12.7636 det=12.7013 box=0.8734 cls=0.8172 dfl=0.0032 mard=2.0250 lambda=0.0308 pseudo_boxes=90 avg_conf=0.8078 lr=2.35404e-05
[Epoch 042/060] batch 0150/0372 loss=11.4506 det=11.3846 box=0.8943 cls=0.6026 dfl=0.0035 mard=1.9991 lambda=0.0330 pseudo_boxes=86 avg_conf=0.8304 lr=2.35404e-05
[Epoch 042/060] batch 0160/0372 loss=7.5116 det=7.4360 box=0.5541 cls=0.4151 dfl=0.0026 mard=2.0140 lambda=0.0375 pseudo_boxes=61 avg_conf=0.8754 lr=2.35404e-05
[Epoch 042/060] batch 0170/0372 loss=10.5509 det=10.4774 box=0.7925 cls=0.5770 dfl=0.0034 mard=2.0104 lambda=0.0366 pseudo_boxes=67 avg_conf=0.8657 lr=2.35404e-05
[Epoch 042/060] batch 0180/0372 loss=12.4060 det=12.3392 box=0.9493 cls=0.6649 dfl=0.0051 mard=2.0125 lambda=0.0332 pseudo_boxes=69 avg_conf=0.8318 lr=2.35404e-05
[Epoch 042/060] batch 0190/0372 loss=10.0578 det=9.9863 box=0.7227 cls=0.5859 dfl=0.0034 mard=1.9965 lambda=0.0358 pseudo_boxes=93 avg_conf=0.8580 lr=2.35404e-05
[Epoch 042/060] batch 0200/0372 loss=13.1171 det=13.0454 box=0.9911 cls=0.7535 dfl=0.0032 mard=2.0325 lambda=0.0353 pseudo_boxes=79 avg_conf=0.8525 lr=2.35404e-05
[Epoch 042/060] batch 0210/0372 loss=18.2260 det=18.1625 box=1.2043 cls=1.2654 dfl=0.0044 mard=2.0156 lambda=0.0315 pseudo_boxes=108 avg_conf=0.8147 lr=2.35404e-05
[Epoch 042/060] batch 0220/0372 loss=12.7074 det=12.6418 box=0.9420 cls=0.7170 dfl=0.0036 mard=1.9905 lambda=0.0330 pseudo_boxes=74 avg_conf=0.8295 lr=2.35404e-05
[Epoch 042/060] batch 0230/0372 loss=11.3402 det=11.2654 box=0.7800 cls=0.7208 dfl=0.0038 mard=2.0099 lambda=0.0372 pseudo_boxes=66 avg_conf=0.8725 lr=2.35404e-05
[Epoch 042/060] batch 0240/0372 loss=10.0104 det=9.9469 box=0.7400 cls=0.5480 dfl=0.0022 mard=2.0326 lambda=0.0313 pseudo_boxes=96 avg_conf=0.8125 lr=2.35404e-05
[Epoch 042/060] batch 0250/0372 loss=9.4162 det=9.3460 box=0.7530 cls=0.4778 dfl=0.0028 mard=2.0137 lambda=0.0349 pseudo_boxes=63 avg_conf=0.8487 lr=2.35404e-05
[Epoch 042/060] batch 0260/0372 loss=11.5910 det=11.5230 box=0.8849 cls=0.6359 dfl=0.0036 mard=1.9985 lambda=0.0340 pseudo_boxes=75 avg_conf=0.8400 lr=2.35404e-05
[Epoch 042/060] batch 0270/0372 loss=15.3685 det=15.3018 box=1.2025 cls=0.8255 dfl=0.0040 mard=2.0048 lambda=0.0333 pseudo_boxes=70 avg_conf=0.8326 lr=2.35404e-05
[Epoch 042/060] batch 0280/0372 loss=12.1020 det=12.0353 box=0.8811 cls=0.6630 dfl=0.0034 mard=1.9916 lambda=0.0335 pseudo_boxes=85 avg_conf=0.8347 lr=2.35404e-05
[Epoch 042/060] batch 0290/0372 loss=16.8232 det=16.7624 box=1.1997 cls=1.1070 dfl=0.0035 mard=2.0246 lambda=0.0300 pseudo_boxes=78 avg_conf=0.8003 lr=2.35404e-05
[Epoch 042/060] batch 0300/0372 loss=10.1977 det=10.1285 box=0.7832 cls=0.5295 dfl=0.0030 mard=2.0309 lambda=0.0341 pseudo_boxes=63 avg_conf=0.8407 lr=2.35404e-05
[Epoch 042/060] batch 0310/0372 loss=14.9171 det=14.8507 box=1.0254 cls=0.9901 dfl=0.0038 mard=2.0150 lambda=0.0330 pseudo_boxes=73 avg_conf=0.8295 lr=2.35404e-05
[Epoch 042/060] batch 0320/0372 loss=12.9039 det=12.8383 box=0.9560 cls=0.7272 dfl=0.0033 mard=1.9983 lambda=0.0328 pseudo_boxes=82 avg_conf=0.8284 lr=2.35404e-05
[Epoch 042/060] batch 0330/0372 loss=13.5445 det=13.4785 box=0.9933 cls=0.7675 dfl=0.0039 mard=2.0130 lambda=0.0328 pseudo_boxes=71 avg_conf=0.8276 lr=2.35404e-05
[Epoch 042/060] batch 0340/0372 loss=10.4928 det=10.4235 box=0.8553 cls=0.4866 dfl=0.0029 mard=2.0211 lambda=0.0343 pseudo_boxes=61 avg_conf=0.8431 lr=2.35404e-05
[Epoch 042/060] batch 0350/0372 loss=15.3601 det=15.2935 box=1.1256 cls=0.9069 dfl=0.0067 mard=2.0118 lambda=0.0331 pseudo_boxes=82 avg_conf=0.8310 lr=2.35404e-05
[Epoch 042/060] batch 0360/0372 loss=11.7679 det=11.7029 box=0.8761 cls=0.6721 dfl=0.0034 mard=2.0109 lambda=0.0323 pseudo_boxes=114 avg_conf=0.8232 lr=2.35404e-05
[Epoch 042/060] batch 0370/0372 loss=11.2658 det=11.1918 box=0.8506 cls=0.5879 dfl=0.0033 mard=2.0008 lambda=0.0370 pseudo_boxes=73 avg_conf=0.8698 lr=2.35404e-05
[Epoch 042/060] batch 0372/0372 loss=10.9288 det=10.8608 box=0.8576 cls=0.7821 dfl=0.0044 mard=1.9986 lambda=0.0340 pseudo_boxes=90 avg_conf=0.8404 lr=2.35404e-05
[Epoch 042/060] done time=265.7s valid_batches=372 skipped=0 pseudo_boxes=28033 loss=12.1397 det=12.0723 box=0.8961 cls=0.7129 dfl=0.0038 mard=2.0106
[Epoch 043/060] start
[Epoch 043/060] batch 0001/0372 loss=12.2776 det=12.2086 box=0.9552 cls=0.6124 dfl=0.0038 mard=2.0111 lambda=0.0343 pseudo_boxes=83 avg_conf=0.8428 lr=2.14046e-05
[Epoch 043/060] batch 0010/0372 loss=14.3105 det=14.2403 box=1.0050 cls=0.8898 dfl=0.0047 mard=2.0170 lambda=0.0348 pseudo_boxes=87 avg_conf=0.8481 lr=2.14046e-05
[Epoch 043/060] batch 0020/0372 loss=10.9914 det=10.9243 box=0.7926 cls=0.6401 dfl=0.0043 mard=2.0008 lambda=0.0336 pseudo_boxes=88 avg_conf=0.8357 lr=2.14046e-05
[Epoch 043/060] batch 0030/0372 loss=11.9790 det=11.9103 box=0.9320 cls=0.5980 dfl=0.0034 mard=2.0118 lambda=0.0341 pseudo_boxes=61 avg_conf=0.8411 lr=2.14046e-05
[Epoch 043/060] batch 0040/0372 loss=10.0294 det=9.9592 box=0.7570 cls=0.5372 dfl=0.0024 mard=2.0050 lambda=0.0351 pseudo_boxes=89 avg_conf=0.8505 lr=2.14046e-05
[Epoch 043/060] batch 0050/0372 loss=11.6335 det=11.5542 box=0.7880 cls=0.7026 dfl=0.0035 mard=2.0057 lambda=0.0396 pseudo_boxes=56 avg_conf=0.8955 lr=2.14046e-05
[Epoch 043/060] batch 0060/0372 loss=9.3213 det=9.2462 box=0.7578 cls=0.4221 dfl=0.0031 mard=1.9967 lambda=0.0376 pseudo_boxes=78 avg_conf=0.8761 lr=2.14046e-05
[Epoch 043/060] batch 0070/0372 loss=12.9988 det=12.9325 box=0.9314 cls=0.8102 dfl=0.0046 mard=2.0191 lambda=0.0328 pseudo_boxes=70 avg_conf=0.8284 lr=2.14046e-05
[Epoch 043/060] batch 0080/0372 loss=12.4783 det=12.4108 box=0.8612 cls=0.7736 dfl=0.0037 mard=2.0097 lambda=0.0336 pseudo_boxes=72 avg_conf=0.8358 lr=2.14046e-05
[Epoch 043/060] batch 0090/0372 loss=12.0982 det=12.0292 box=0.9113 cls=0.6383 dfl=0.0035 mard=2.0154 lambda=0.0342 pseudo_boxes=91 avg_conf=0.8422 lr=2.14046e-05
[Epoch 043/060] batch 0100/0372 loss=9.9953 det=9.9272 box=0.7246 cls=0.5722 dfl=0.0030 mard=2.0074 lambda=0.0339 pseudo_boxes=77 avg_conf=0.8393 lr=2.14046e-05
[Epoch 043/060] batch 0110/0372 loss=13.5441 det=13.4823 box=1.0288 cls=0.7193 dfl=0.0040 mard=2.0170 lambda=0.0306 pseudo_boxes=68 avg_conf=0.8064 lr=2.14046e-05
[Epoch 043/060] batch 0120/0372 loss=14.2085 det=14.1402 box=1.0933 cls=0.7349 dfl=0.0049 mard=2.0288 lambda=0.0336 pseudo_boxes=83 avg_conf=0.8364 lr=2.14046e-05
[Epoch 043/060] batch 0130/0372 loss=13.7636 det=13.6986 box=0.9690 cls=0.8403 dfl=0.0039 mard=2.0082 lambda=0.0324 pseudo_boxes=73 avg_conf=0.8237 lr=2.14046e-05
[Epoch 043/060] batch 0140/0372 loss=11.1668 det=11.1023 box=0.8086 cls=0.6594 dfl=0.0026 mard=1.9945 lambda=0.0323 pseudo_boxes=90 avg_conf=0.8234 lr=2.14046e-05
[Epoch 043/060] batch 0150/0372 loss=11.2858 det=11.2165 box=0.8604 cls=0.5938 dfl=0.0047 mard=2.0156 lambda=0.0344 pseudo_boxes=57 avg_conf=0.8442 lr=2.14046e-05
[Epoch 043/060] batch 0160/0372 loss=12.2256 det=12.1573 box=0.9056 cls=0.6890 dfl=0.0031 mard=2.0062 lambda=0.0340 pseudo_boxes=101 avg_conf=0.8403 lr=2.14046e-05
[Epoch 043/060] batch 0170/0372 loss=13.6226 det=13.5540 box=1.0414 cls=0.7642 dfl=0.0049 mard=2.0438 lambda=0.0336 pseudo_boxes=72 avg_conf=0.8359 lr=2.14046e-05
[Epoch 043/060] batch 0180/0372 loss=12.0141 det=11.9452 box=0.9204 cls=0.6380 dfl=0.0037 mard=2.0191 lambda=0.0341 pseudo_boxes=84 avg_conf=0.8413 lr=2.14046e-05
[Epoch 043/060] batch 0190/0372 loss=14.2433 det=14.1749 box=1.0226 cls=0.8723 dfl=0.0051 mard=2.0101 lambda=0.0340 pseudo_boxes=73 avg_conf=0.8400 lr=2.14046e-05
[Epoch 043/060] batch 0200/0372 loss=12.1834 det=12.1200 box=0.8805 cls=0.7000 dfl=0.0042 mard=1.9850 lambda=0.0319 pseudo_boxes=106 avg_conf=0.8193 lr=2.14046e-05
[Epoch 043/060] batch 0210/0372 loss=10.3842 det=10.3193 box=0.8042 cls=0.5188 dfl=0.0026 mard=2.0070 lambda=0.0324 pseudo_boxes=93 avg_conf=0.8235 lr=2.14046e-05
[Epoch 043/060] batch 0220/0372 loss=11.1417 det=11.0719 box=0.8533 cls=0.6144 dfl=0.0024 mard=2.0281 lambda=0.0344 pseudo_boxes=54 avg_conf=0.8442 lr=2.14046e-05
[Epoch 043/060] batch 0230/0372 loss=13.2493 det=13.1950 box=0.9173 cls=0.7970 dfl=0.0035 mard=1.9946 lambda=0.0272 pseudo_boxes=77 avg_conf=0.7725 lr=2.14046e-05
[Epoch 043/060] batch 0240/0372 loss=11.6132 det=11.5473 box=0.8945 cls=0.5983 dfl=0.0033 mard=2.0096 lambda=0.0328 pseudo_boxes=84 avg_conf=0.8280 lr=2.14046e-05
[Epoch 043/060] batch 0250/0372 loss=13.8698 det=13.8069 box=0.9456 cls=0.9292 dfl=0.0033 mard=1.9877 lambda=0.0316 pseudo_boxes=79 avg_conf=0.8161 lr=2.14046e-05
[Epoch 043/060] batch 0260/0372 loss=11.3976 det=11.3304 box=0.8241 cls=0.6629 dfl=0.0036 mard=1.9946 lambda=0.0337 pseudo_boxes=102 avg_conf=0.8367 lr=2.14046e-05
[Epoch 043/060] batch 0270/0372 loss=11.5709 det=11.5003 box=0.8326 cls=0.7026 dfl=0.0031 mard=2.0075 lambda=0.0352 pseudo_boxes=75 avg_conf=0.8520 lr=2.14046e-05
[Epoch 043/060] batch 0280/0372 loss=9.9413 det=9.8667 box=0.7192 cls=0.5538 dfl=0.0033 mard=2.0220 lambda=0.0369 pseudo_boxes=77 avg_conf=0.8688 lr=2.14046e-05
[Epoch 043/060] batch 0290/0372 loss=11.3734 det=11.2986 box=0.7973 cls=0.6616 dfl=0.0033 mard=2.0435 lambda=0.0366 pseudo_boxes=81 avg_conf=0.8660 lr=2.14046e-05
[Epoch 043/060] batch 0300/0372 loss=10.3338 det=10.2639 box=0.8145 cls=0.4947 dfl=0.0032 mard=2.0341 lambda=0.0344 pseudo_boxes=91 avg_conf=0.8437 lr=2.14046e-05
[Epoch 043/060] batch 0310/0372 loss=12.9137 det=12.8522 box=0.9904 cls=0.6728 dfl=0.0034 mard=1.9902 lambda=0.0309 pseudo_boxes=102 avg_conf=0.8088 lr=2.14046e-05
[Epoch 043/060] batch 0320/0372 loss=15.2347 det=15.1691 box=1.1317 cls=0.8904 dfl=0.0050 mard=2.0075 lambda=0.0327 pseudo_boxes=83 avg_conf=0.8268 lr=2.14046e-05
[Epoch 043/060] batch 0330/0372 loss=13.7549 det=13.6849 box=1.0650 cls=0.7516 dfl=0.0058 mard=2.0028 lambda=0.0349 pseudo_boxes=80 avg_conf=0.8494 lr=2.14046e-05
[Epoch 043/060] batch 0340/0372 loss=9.6706 det=9.5971 box=0.6890 cls=0.5689 dfl=0.0039 mard=2.0144 lambda=0.0365 pseudo_boxes=80 avg_conf=0.8650 lr=2.14046e-05
[Epoch 043/060] batch 0350/0372 loss=13.0071 det=12.9398 box=1.0645 cls=0.9371 dfl=0.0038 mard=2.0088 lambda=0.0335 pseudo_boxes=73 avg_conf=0.8347 lr=2.14046e-05
[Epoch 043/060] batch 0360/0372 loss=13.6116 det=13.5505 box=0.9905 cls=0.8027 dfl=0.0042 mard=2.0096 lambda=0.0304 pseudo_boxes=78 avg_conf=0.8039 lr=2.14046e-05
[Epoch 043/060] batch 0370/0372 loss=10.2703 det=10.2006 box=0.8020 cls=0.5395 dfl=0.0030 mard=2.0034 lambda=0.0348 pseudo_boxes=71 avg_conf=0.8475 lr=2.14046e-05
[Epoch 043/060] batch 0372/0372 loss=9.0011 det=8.9326 box=0.7583 cls=0.5933 dfl=0.0030 mard=2.0021 lambda=0.0342 pseudo_boxes=76 avg_conf=0.8421 lr=2.14046e-05
[Epoch 043/060] done time=266.7s valid_batches=372 skipped=0 pseudo_boxes=28060 loss=12.3340 det=12.2665 box=0.9082 cls=0.7225 dfl=0.0038 mard=2.0114
[Epoch 044/060] start
[Epoch 044/060] batch 0001/0372 loss=10.8207 det=10.7546 box=0.7988 cls=0.6059 dfl=0.0030 mard=2.0075 lambda=0.0329 pseudo_boxes=85 avg_conf=0.8291 lr=1.93486e-05
[Epoch 044/060] batch 0010/0372 loss=14.0006 det=13.9399 box=0.9335 cls=0.9452 dfl=0.0036 mard=1.9950 lambda=0.0304 pseudo_boxes=99 avg_conf=0.8042 lr=1.93486e-05
[Epoch 044/060] batch 0020/0372 loss=10.8278 det=10.7573 box=0.9615 cls=0.6106 dfl=0.0036 mard=2.0050 lambda=0.0351 pseudo_boxes=86 avg_conf=0.8513 lr=1.93486e-05
[Epoch 044/060] batch 0030/0372 loss=10.4083 det=10.3396 box=0.7305 cls=0.6262 dfl=0.0035 mard=2.0152 lambda=0.0341 pseudo_boxes=64 avg_conf=0.8411 lr=1.93486e-05
[Epoch 044/060] batch 0040/0372 loss=13.0402 det=12.9680 box=0.8846 cls=0.8397 dfl=0.0038 mard=2.0093 lambda=0.0359 pseudo_boxes=69 avg_conf=0.8593 lr=1.93486e-05
[Epoch 044/060] batch 0050/0372 loss=11.4958 det=11.4257 box=0.8845 cls=0.6101 dfl=0.0036 mard=2.0363 lambda=0.0344 pseudo_boxes=99 avg_conf=0.8440 lr=1.93486e-05
[Epoch 044/060] batch 0060/0372 loss=19.4964 det=19.4398 box=1.3218 cls=1.2980 dfl=0.0049 mard=2.0061 lambda=0.0282 pseudo_boxes=111 avg_conf=0.7821 lr=1.93486e-05
[Epoch 044/060] batch 0070/0372 loss=10.6520 det=10.5826 box=0.7305 cls=0.6617 dfl=0.0034 mard=2.0086 lambda=0.0345 pseudo_boxes=76 avg_conf=0.8454 lr=1.93486e-05
[Epoch 044/060] batch 0080/0372 loss=11.5274 det=11.4549 box=0.8410 cls=0.6659 dfl=0.0035 mard=2.0113 lambda=0.0361 pseudo_boxes=78 avg_conf=0.8606 lr=1.93486e-05
[Epoch 044/060] batch 0090/0372 loss=13.2343 det=13.1640 box=0.9483 cls=0.7741 dfl=0.0045 mard=2.0090 lambda=0.0350 pseudo_boxes=68 avg_conf=0.8499 lr=1.93486e-05
[Epoch 044/060] batch 0100/0372 loss=12.2048 det=12.1338 box=0.8661 cls=0.7102 dfl=0.0039 mard=2.0140 lambda=0.0352 pseudo_boxes=66 avg_conf=0.8524 lr=1.93486e-05
[Epoch 044/060] batch 0110/0372 loss=11.6803 det=11.6088 box=0.7774 cls=0.7444 dfl=0.0030 mard=2.0100 lambda=0.0356 pseudo_boxes=49 avg_conf=0.8559 lr=1.93486e-05
[Epoch 044/060] batch 0120/0372 loss=19.3715 det=19.3056 box=1.2417 cls=1.3787 dfl=0.0056 mard=2.0214 lambda=0.0326 pseudo_boxes=62 avg_conf=0.8259 lr=1.93486e-05
[Epoch 044/060] batch 0130/0372 loss=14.9017 det=14.8367 box=0.9964 cls=0.9695 dfl=0.0047 mard=2.0036 lambda=0.0324 pseudo_boxes=95 avg_conf=0.8245 lr=1.93486e-05
[Epoch 044/060] batch 0140/0372 loss=13.1648 det=13.0979 box=1.0058 cls=0.7166 dfl=0.0036 mard=1.9974 lambda=0.0335 pseudo_boxes=88 avg_conf=0.8352 lr=1.93486e-05
[Epoch 044/060] batch 0150/0372 loss=12.2969 det=12.2338 box=0.9200 cls=0.6812 dfl=0.0031 mard=1.9994 lambda=0.0316 pseudo_boxes=82 avg_conf=0.8158 lr=1.93486e-05
[Epoch 044/060] batch 0160/0372 loss=10.0493 det=9.9813 box=0.7743 cls=0.5069 dfl=0.0028 mard=2.0222 lambda=0.0337 pseudo_boxes=70 avg_conf=0.8367 lr=1.93486e-05
[Epoch 044/060] batch 0170/0372 loss=12.3407 det=12.2696 box=0.9571 cls=0.8940 dfl=0.0045 mard=2.0316 lambda=0.0350 pseudo_boxes=58 avg_conf=0.8498 lr=1.93486e-05
[Epoch 044/060] batch 0180/0372 loss=12.6130 det=12.5452 box=0.9025 cls=0.7127 dfl=0.0036 mard=2.0067 lambda=0.0338 pseudo_boxes=65 avg_conf=0.8379 lr=1.93486e-05
[Epoch 044/060] batch 0190/0372 loss=10.4932 det=10.4245 box=0.7779 cls=0.5708 dfl=0.0027 mard=2.0146 lambda=0.0341 pseudo_boxes=63 avg_conf=0.8411 lr=1.93486e-05
[Epoch 044/060] batch 0200/0372 loss=9.8817 det=9.8090 box=0.6541 cls=0.6215 dfl=0.0028 mard=2.0314 lambda=0.0358 pseudo_boxes=52 avg_conf=0.8581 lr=1.93486e-05
[Epoch 044/060] batch 0210/0372 loss=17.6218 det=17.5576 box=1.2272 cls=1.0877 dfl=0.0052 mard=2.0004 lambda=0.0321 pseudo_boxes=108 avg_conf=0.8208 lr=1.93486e-05
[Epoch 044/060] batch 0220/0372 loss=14.9344 det=14.8682 box=1.1226 cls=0.8170 dfl=0.0051 mard=2.0017 lambda=0.0331 pseudo_boxes=98 avg_conf=0.8308 lr=1.93486e-05
[Epoch 044/060] batch 0230/0372 loss=12.9266 det=12.8594 box=0.9184 cls=0.7468 dfl=0.0047 mard=2.0106 lambda=0.0334 pseudo_boxes=88 avg_conf=0.8339 lr=1.93486e-05
[Epoch 044/060] batch 0240/0372 loss=13.6673 det=13.5995 box=0.9866 cls=0.7996 dfl=0.0034 mard=2.0438 lambda=0.0331 pseudo_boxes=59 avg_conf=0.8314 lr=1.93486e-05
[Epoch 044/060] batch 0250/0372 loss=11.0174 det=10.9455 box=0.7534 cls=0.6800 dfl=0.0036 mard=2.0411 lambda=0.0352 pseudo_boxes=47 avg_conf=0.8524 lr=1.93486e-05
[Epoch 044/060] batch 0260/0372 loss=12.8856 det=12.8174 box=0.9332 cls=0.7596 dfl=0.0035 mard=2.0054 lambda=0.0340 pseudo_boxes=74 avg_conf=0.8398 lr=1.93486e-05
[Epoch 044/060] batch 0270/0372 loss=7.8453 det=7.7710 box=0.5826 cls=0.3898 dfl=0.0030 mard=2.0252 lambda=0.0367 pseudo_boxes=63 avg_conf=0.8666 lr=1.93486e-05
[Epoch 044/060] batch 0280/0372 loss=9.8478 det=9.7732 box=0.7086 cls=0.5582 dfl=0.0030 mard=2.0090 lambda=0.0371 pseudo_boxes=55 avg_conf=0.8713 lr=1.93486e-05
[Epoch 044/060] batch 0290/0372 loss=10.0802 det=10.0163 box=0.7674 cls=0.5207 dfl=0.0029 mard=1.9977 lambda=0.0319 pseudo_boxes=107 avg_conf=0.8194 lr=1.93486e-05
[Epoch 044/060] batch 0300/0372 loss=14.4636 det=14.3996 box=1.0990 cls=0.7683 dfl=0.0039 mard=2.0071 lambda=0.0319 pseudo_boxes=86 avg_conf=0.8190 lr=1.93486e-05
[Epoch 044/060] batch 0310/0372 loss=13.1324 det=13.0660 box=0.9634 cls=0.7620 dfl=0.0037 mard=2.0067 lambda=0.0331 pseudo_boxes=100 avg_conf=0.8307 lr=1.93486e-05
[Epoch 044/060] batch 0320/0372 loss=12.6634 det=12.5927 box=0.9718 cls=0.6454 dfl=0.0039 mard=2.0013 lambda=0.0353 pseudo_boxes=66 avg_conf=0.8530 lr=1.93486e-05
[Epoch 044/060] batch 0330/0372 loss=11.5500 det=11.4843 box=0.8461 cls=0.6662 dfl=0.0030 mard=2.0037 lambda=0.0327 pseudo_boxes=77 avg_conf=0.8275 lr=1.93486e-05
[Epoch 044/060] batch 0340/0372 loss=9.7607 det=9.6928 box=0.7558 cls=0.4916 dfl=0.0028 mard=1.9954 lambda=0.0340 pseudo_boxes=88 avg_conf=0.8404 lr=1.93486e-05
[Epoch 044/060] batch 0350/0372 loss=15.5602 det=15.4947 box=1.1140 cls=0.9683 dfl=0.0052 mard=2.0179 lambda=0.0325 pseudo_boxes=101 avg_conf=0.8250 lr=1.93486e-05
[Epoch 044/060] batch 0360/0372 loss=13.0442 det=12.9737 box=0.9298 cls=0.7729 dfl=0.0043 mard=2.0029 lambda=0.0352 pseudo_boxes=77 avg_conf=0.8519 lr=1.93486e-05
[Epoch 044/060] batch 0370/0372 loss=16.3322 det=16.2665 box=1.1588 cls=0.9645 dfl=0.0033 mard=2.0298 lambda=0.0324 pseudo_boxes=57 avg_conf=0.8240 lr=1.93486e-05
[Epoch 044/060] batch 0372/0372 loss=7.7369 det=7.6698 box=0.6928 cls=0.4192 dfl=0.0025 mard=2.0091 lambda=0.0334 pseudo_boxes=74 avg_conf=0.8341 lr=1.93486e-05
[Epoch 044/060] done time=266.4s valid_batches=372 skipped=0 pseudo_boxes=28067 loss=12.2513 det=12.1837 box=0.8997 cls=0.7167 dfl=0.0038 mard=2.0112
[Epoch 045/060] start
[Epoch 045/060] batch 0001/0372 loss=14.9807 det=14.9194 box=1.1145 cls=0.8636 dfl=0.0052 mard=1.9939 lambda=0.0308 pseudo_boxes=102 avg_conf=0.8075 lr=1.7378e-05
[Epoch 045/060] batch 0010/0372 loss=13.0243 det=12.9630 box=1.0163 cls=0.6938 dfl=0.0032 mard=1.9943 lambda=0.0308 pseudo_boxes=87 avg_conf=0.8077 lr=1.7378e-05
[Epoch 045/060] batch 0020/0372 loss=12.1928 det=12.1278 box=0.9198 cls=0.6532 dfl=0.0035 mard=2.0159 lambda=0.0322 pseudo_boxes=111 avg_conf=0.8224 lr=1.7378e-05
[Epoch 045/060] batch 0030/0372 loss=11.9796 det=11.9133 box=0.9363 cls=0.6015 dfl=0.0032 mard=2.0062 lambda=0.0330 pseudo_boxes=76 avg_conf=0.8302 lr=1.7378e-05
[Epoch 045/060] batch 0040/0372 loss=10.2901 det=10.2231 box=0.7924 cls=0.5121 dfl=0.0037 mard=2.0124 lambda=0.0333 pseudo_boxes=78 avg_conf=0.8332 lr=1.7378e-05
[Epoch 045/060] batch 0050/0372 loss=12.9092 det=12.8350 box=0.9910 cls=0.7070 dfl=0.0035 mard=2.0194 lambda=0.0367 pseudo_boxes=66 avg_conf=0.8675 lr=1.7378e-05
[Epoch 045/060] batch 0060/0372 loss=14.3359 det=14.2658 box=1.3140 cls=0.8640 dfl=0.0048 mard=2.0179 lambda=0.0347 pseudo_boxes=64 avg_conf=0.8475 lr=1.7378e-05
[Epoch 045/060] batch 0070/0372 loss=10.8855 det=10.8104 box=0.8043 cls=0.5820 dfl=0.0036 mard=2.0052 lambda=0.0374 pseudo_boxes=69 avg_conf=0.8745 lr=1.7378e-05
[Epoch 045/060] batch 0080/0372 loss=16.5627 det=16.4978 box=1.2460 cls=0.9419 dfl=0.0043 mard=2.0202 lambda=0.0321 pseudo_boxes=69 avg_conf=0.8211 lr=1.7378e-05
[Epoch 045/060] batch 0090/0372 loss=11.1881 det=11.1264 box=0.8410 cls=0.6018 dfl=0.0029 mard=2.0175 lambda=0.0306 pseudo_boxes=101 avg_conf=0.8057 lr=1.7378e-05
[Epoch 045/060] batch 0100/0372 loss=10.0628 det=9.9954 box=0.6674 cls=0.6473 dfl=0.0035 mard=2.0041 lambda=0.0336 pseudo_boxes=64 avg_conf=0.8363 lr=1.7378e-05
[Epoch 045/060] batch 0110/0372 loss=11.2724 det=11.1987 box=0.8390 cls=0.6165 dfl=0.0047 mard=2.0012 lambda=0.0368 pseudo_boxes=70 avg_conf=0.8684 lr=1.7378e-05
[Epoch 045/060] batch 0120/0372 loss=10.6838 det=10.6155 box=0.7121 cls=0.6743 dfl=0.0036 mard=2.0360 lambda=0.0336 pseudo_boxes=108 avg_conf=0.8357 lr=1.7378e-05
[Epoch 045/060] batch 0130/0372 loss=8.8393 det=8.7713 box=0.6702 cls=0.4783 dfl=0.0037 mard=2.0094 lambda=0.0339 pseudo_boxes=79 avg_conf=0.8386 lr=1.7378e-05
[Epoch 045/060] batch 0140/0372 loss=16.4100 det=16.3508 box=1.0510 cls=1.0880 dfl=0.0041 mard=1.9961 lambda=0.0297 pseudo_boxes=59 avg_conf=0.7965 lr=1.7378e-05
[Epoch 045/060] batch 0150/0372 loss=12.2255 det=12.1606 box=1.0021 cls=0.8406 dfl=0.0035 mard=2.0096 lambda=0.0323 pseudo_boxes=79 avg_conf=0.8230 lr=1.7378e-05
[Epoch 045/060] batch 0160/0372 loss=14.8041 det=14.7357 box=1.0396 cls=0.9013 dfl=0.0045 mard=2.0287 lambda=0.0337 pseudo_boxes=68 avg_conf=0.8373 lr=1.7378e-05
[Epoch 045/060] batch 0170/0372 loss=10.6135 det=10.5449 box=0.7427 cls=0.6547 dfl=0.0044 mard=2.0264 lambda=0.0338 pseudo_boxes=74 avg_conf=0.8384 lr=1.7378e-05
[Epoch 045/060] batch 0180/0372 loss=15.3967 det=15.3337 box=1.1472 cls=0.8296 dfl=0.0050 mard=2.0011 lambda=0.0315 pseudo_boxes=102 avg_conf=0.8147 lr=1.7378e-05
[Epoch 045/060] batch 0190/0372 loss=12.5947 det=12.5257 box=0.9052 cls=0.7385 dfl=0.0044 mard=2.0092 lambda=0.0343 pseudo_boxes=63 avg_conf=0.8435 lr=1.7378e-05
[Epoch 045/060] batch 0200/0372 loss=19.1296 det=19.0709 box=1.3283 cls=1.1393 dfl=0.0046 mard=2.0024 lambda=0.0293 pseudo_boxes=51 avg_conf=0.7934 lr=1.7378e-05
[Epoch 045/060] batch 0210/0372 loss=9.5199 det=9.4513 box=0.7160 cls=0.5058 dfl=0.0032 mard=2.0172 lambda=0.0340 pseudo_boxes=73 avg_conf=0.8400 lr=1.7378e-05
[Epoch 045/060] batch 0220/0372 loss=12.3616 det=12.2946 box=0.8876 cls=0.7489 dfl=0.0034 mard=2.0239 lambda=0.0331 pseudo_boxes=67 avg_conf=0.8311 lr=1.7378e-05
[Epoch 045/060] batch 0230/0372 loss=17.8855 det=17.8219 box=1.2276 cls=1.1837 dfl=0.0049 mard=2.0256 lambda=0.0314 pseudo_boxes=69 avg_conf=0.8136 lr=1.7378e-05
[Epoch 045/060] batch 0240/0372 loss=11.4137 det=11.3483 box=1.0058 cls=0.6525 dfl=0.0045 mard=2.0233 lambda=0.0323 pseudo_boxes=84 avg_conf=0.8235 lr=1.7378e-05
[Epoch 045/060] batch 0250/0372 loss=9.3135 det=9.2418 box=0.6913 cls=0.4994 dfl=0.0037 mard=2.0102 lambda=0.0356 pseudo_boxes=81 avg_conf=0.8565 lr=1.7378e-05
[Epoch 045/060] batch 0260/0372 loss=9.0138 det=8.9415 box=0.6677 cls=0.4994 dfl=0.0032 mard=2.0103 lambda=0.0360 pseudo_boxes=79 avg_conf=0.8599 lr=1.7378e-05
[Epoch 045/060] batch 0270/0372 loss=12.1099 det=12.0410 box=0.8619 cls=0.7110 dfl=0.0032 mard=2.0027 lambda=0.0344 pseudo_boxes=67 avg_conf=0.8441 lr=1.7378e-05
[Epoch 045/060] batch 0280/0372 loss=9.7626 det=9.6914 box=0.7053 cls=0.5453 dfl=0.0029 mard=2.0358 lambda=0.0350 pseudo_boxes=64 avg_conf=0.8500 lr=1.7378e-05
[Epoch 045/060] batch 0290/0372 loss=11.8642 det=11.7931 box=0.8990 cls=0.6397 dfl=0.0045 mard=2.0143 lambda=0.0353 pseudo_boxes=75 avg_conf=0.8528 lr=1.7378e-05
[Epoch 045/060] batch 0300/0372 loss=9.3530 det=9.2826 box=0.6905 cls=0.5271 dfl=0.0028 mard=1.9954 lambda=0.0353 pseudo_boxes=78 avg_conf=0.8529 lr=1.7378e-05
[Epoch 045/060] batch 0310/0372 loss=9.5764 det=9.5070 box=0.8437 cls=0.5601 dfl=0.0042 mard=1.9896 lambda=0.0349 pseudo_boxes=85 avg_conf=0.8485 lr=1.7378e-05
[Epoch 045/060] batch 0320/0372 loss=13.9525 det=13.8845 box=0.9982 cls=0.8201 dfl=0.0045 mard=2.0100 lambda=0.0338 pseudo_boxes=86 avg_conf=0.8384 lr=1.7378e-05
[Epoch 045/060] batch 0330/0372 loss=12.9083 det=12.8432 box=0.9045 cls=0.7876 dfl=0.0050 mard=2.0361 lambda=0.0319 pseudo_boxes=63 avg_conf=0.8193 lr=1.7378e-05
[Epoch 045/060] batch 0340/0372 loss=9.6447 det=9.5814 box=0.7056 cls=0.5655 dfl=0.0030 mard=1.9876 lambda=0.0318 pseudo_boxes=65 avg_conf=0.8184 lr=1.7378e-05
[Epoch 045/060] batch 0350/0372 loss=10.2378 det=10.1707 box=0.7831 cls=0.5266 dfl=0.0034 mard=2.0148 lambda=0.0333 pseudo_boxes=77 avg_conf=0.8331 lr=1.7378e-05
[Epoch 045/060] batch 0360/0372 loss=11.6082 det=11.5443 box=0.8638 cls=0.6623 dfl=0.0034 mard=1.9998 lambda=0.0320 pseudo_boxes=84 avg_conf=0.8197 lr=1.7378e-05
[Epoch 045/060] batch 0370/0372 loss=9.5393 det=9.4737 box=0.6895 cls=0.5372 dfl=0.0036 mard=1.9943 lambda=0.0329 pseudo_boxes=102 avg_conf=0.8292 lr=1.7378e-05
[Epoch 045/060] batch 0372/0372 loss=13.8562 det=13.7899 box=1.1110 cls=0.9765 dfl=0.0038 mard=2.0028 lambda=0.0331 pseudo_boxes=63 avg_conf=0.8308 lr=1.7378e-05
[Epoch 045/060] done time=266.3s valid_batches=372 skipped=0 pseudo_boxes=28068 loss=12.2355 det=12.1680 box=0.9001 cls=0.7106 dfl=0.0038 mard=2.0107
[Epoch 046/060] start
[Epoch 046/060] batch 0001/0372 loss=7.5549 det=7.4878 box=0.6489 cls=0.4302 dfl=0.0026 mard=1.9893 lambda=0.0337 pseudo_boxes=88 avg_conf=0.8371 lr=1.54982e-05
[Epoch 046/060] batch 0010/0372 loss=13.1042 det=13.0300 box=0.9104 cls=0.7907 dfl=0.0034 mard=2.0337 lambda=0.0365 pseudo_boxes=69 avg_conf=0.8650 lr=1.54982e-05
[Epoch 046/060] batch 0020/0372 loss=13.4895 det=13.4211 box=0.9897 cls=0.7736 dfl=0.0041 mard=2.0118 lambda=0.0340 pseudo_boxes=97 avg_conf=0.8402 lr=1.54982e-05
[Epoch 046/060] batch 0030/0372 loss=18.8898 det=18.8279 box=1.2445 cls=1.2730 dfl=0.0051 mard=2.0055 lambda=0.0309 pseudo_boxes=113 avg_conf=0.8088 lr=1.54982e-05
[Epoch 046/060] batch 0040/0372 loss=11.3139 det=11.2484 box=0.8232 cls=0.6298 dfl=0.0038 mard=1.9996 lambda=0.0327 pseudo_boxes=67 avg_conf=0.8274 lr=1.54982e-05
[Epoch 046/060] batch 0050/0372 loss=11.3379 det=11.2692 box=0.8569 cls=0.5947 dfl=0.0037 mard=2.0136 lambda=0.0341 pseudo_boxes=58 avg_conf=0.8411 lr=1.54982e-05
[Epoch 046/060] batch 0060/0372 loss=12.0801 det=12.0118 box=0.9023 cls=0.6588 dfl=0.0035 mard=2.0129 lambda=0.0339 pseudo_boxes=85 avg_conf=0.8389 lr=1.54982e-05
[Epoch 046/060] batch 0070/0372 loss=11.3345 det=11.2700 box=0.8825 cls=0.5686 dfl=0.0032 mard=2.0140 lambda=0.0320 pseudo_boxes=92 avg_conf=0.8200 lr=1.54982e-05
[Epoch 046/060] batch 0080/0372 loss=12.0456 det=11.9766 box=1.0112 cls=0.7845 dfl=0.0038 mard=2.0173 lambda=0.0342 pseudo_boxes=73 avg_conf=0.8420 lr=1.54982e-05
[Epoch 046/060] batch 0090/0372 loss=13.2159 det=13.1527 box=0.9857 cls=0.7237 dfl=0.0040 mard=2.0036 lambda=0.0315 pseudo_boxes=102 avg_conf=0.8154 lr=1.54982e-05
[Epoch 046/060] batch 0100/0372 loss=9.2744 det=9.2049 box=0.8057 cls=0.5305 dfl=0.0030 mard=2.0178 lambda=0.0344 pseudo_boxes=59 avg_conf=0.8444 lr=1.54982e-05
[Epoch 046/060] batch 0110/0372 loss=9.9383 det=9.8657 box=0.7005 cls=0.5715 dfl=0.0029 mard=2.0056 lambda=0.0362 pseudo_boxes=72 avg_conf=0.8624 lr=1.54982e-05
[Epoch 046/060] batch 0120/0372 loss=14.8172 det=14.7424 box=1.0249 cls=0.8666 dfl=0.0060 mard=2.0351 lambda=0.0368 pseudo_boxes=68 avg_conf=0.8677 lr=1.54982e-05
[Epoch 046/060] batch 0130/0372 loss=15.2106 det=15.1464 box=0.9894 cls=1.0075 dfl=0.0041 mard=2.0037 lambda=0.0321 pseudo_boxes=60 avg_conf=0.8206 lr=1.54982e-05
[Epoch 046/060] batch 0140/0372 loss=14.0476 det=13.9788 box=1.0343 cls=0.7901 dfl=0.0047 mard=2.0136 lambda=0.0342 pseudo_boxes=70 avg_conf=0.8418 lr=1.54982e-05
[Epoch 046/060] batch 0150/0372 loss=12.9854 det=12.9151 box=0.9349 cls=0.7561 dfl=0.0034 mard=2.0121 lambda=0.0349 pseudo_boxes=88 avg_conf=0.8491 lr=1.54982e-05
[Epoch 046/060] batch 0160/0372 loss=11.2041 det=11.1377 box=0.8166 cls=0.6130 dfl=0.0035 mard=2.0035 lambda=0.0332 pseudo_boxes=63 avg_conf=0.8317 lr=1.54982e-05
[Epoch 046/060] batch 0170/0372 loss=10.4753 det=10.4027 box=0.7910 cls=0.5645 dfl=0.0030 mard=2.0098 lambda=0.0361 pseudo_boxes=47 avg_conf=0.8613 lr=1.54982e-05
[Epoch 046/060] batch 0180/0372 loss=11.0579 det=10.9911 box=0.8215 cls=0.5940 dfl=0.0041 mard=2.0156 lambda=0.0332 pseudo_boxes=90 avg_conf=0.8317 lr=1.54982e-05
[Epoch 046/060] batch 0190/0372 loss=15.9315 det=15.8681 box=1.1377 cls=0.9684 dfl=0.0044 mard=2.0016 lambda=0.0316 pseudo_boxes=67 avg_conf=0.8165 lr=1.54982e-05
[Epoch 046/060] batch 0200/0372 loss=9.5660 det=9.4996 box=0.6710 cls=0.5640 dfl=0.0027 mard=2.0051 lambda=0.0331 pseudo_boxes=89 avg_conf=0.8311 lr=1.54982e-05
[Epoch 046/060] batch 0210/0372 loss=12.6720 det=12.6035 box=0.8756 cls=0.7744 dfl=0.0038 mard=2.0147 lambda=0.0340 pseudo_boxes=66 avg_conf=0.8399 lr=1.54982e-05
[Epoch 046/060] batch 0220/0372 loss=10.3008 det=10.2314 box=0.7166 cls=0.6074 dfl=0.0027 mard=2.0138 lambda=0.0345 pseudo_boxes=53 avg_conf=0.8446 lr=1.54982e-05
[Epoch 046/060] batch 0230/0372 loss=11.4732 det=11.4102 box=0.8069 cls=0.6922 dfl=0.0028 mard=2.0183 lambda=0.0312 pseudo_boxes=80 avg_conf=0.8121 lr=1.54982e-05
[Epoch 046/060] batch 0240/0372 loss=13.2119 det=13.1532 box=0.9115 cls=0.7932 dfl=0.0040 mard=2.0166 lambda=0.0291 pseudo_boxes=71 avg_conf=0.7913 lr=1.54982e-05
[Epoch 046/060] batch 0250/0372 loss=14.6830 det=14.6184 box=0.9955 cls=0.9428 dfl=0.0037 mard=2.0180 lambda=0.0320 pseudo_boxes=72 avg_conf=0.8203 lr=1.54982e-05
[Epoch 046/060] batch 0260/0372 loss=8.2608 det=8.1898 box=0.6798 cls=0.5607 dfl=0.0030 mard=2.0238 lambda=0.0351 pseudo_boxes=45 avg_conf=0.8507 lr=1.54982e-05
[Epoch 046/060] batch 0270/0372 loss=13.4561 det=13.3918 box=0.9457 cls=0.7947 dfl=0.0045 mard=2.0271 lambda=0.0317 pseudo_boxes=107 avg_conf=0.8169 lr=1.54982e-05
[Epoch 046/060] batch 0280/0372 loss=10.4727 det=10.3982 box=0.7766 cls=0.5874 dfl=0.0034 mard=2.0247 lambda=0.0368 pseudo_boxes=45 avg_conf=0.8679 lr=1.54982e-05
[Epoch 046/060] batch 0290/0372 loss=14.3653 det=14.3024 box=1.0108 cls=0.8290 dfl=0.0036 mard=1.9969 lambda=0.0315 pseudo_boxes=98 avg_conf=0.8152 lr=1.54982e-05
[Epoch 046/060] batch 0300/0372 loss=12.2700 det=12.1975 box=0.9229 cls=0.6597 dfl=0.0046 mard=2.0135 lambda=0.0360 pseudo_boxes=62 avg_conf=0.8603 lr=1.54982e-05
[Epoch 046/060] batch 0310/0372 loss=14.8328 det=14.7719 box=0.9970 cls=0.9414 dfl=0.0036 mard=2.0148 lambda=0.0302 pseudo_boxes=56 avg_conf=0.8024 lr=1.54982e-05
[Epoch 046/060] batch 0320/0372 loss=11.4086 det=11.3334 box=0.8333 cls=0.6539 dfl=0.0039 mard=2.0161 lambda=0.0373 pseudo_boxes=51 avg_conf=0.8728 lr=1.54982e-05
[Epoch 046/060] batch 0330/0372 loss=14.3369 det=14.2665 box=1.0047 cls=0.8855 dfl=0.0042 mard=2.0094 lambda=0.0350 pseudo_boxes=59 avg_conf=0.8501 lr=1.54982e-05
[Epoch 046/060] batch 0340/0372 loss=7.7951 det=7.7250 box=0.5776 cls=0.4409 dfl=0.0019 mard=2.0195 lambda=0.0347 pseudo_boxes=40 avg_conf=0.8471 lr=1.54982e-05
[Epoch 046/060] batch 0350/0372 loss=10.7262 det=10.6617 box=0.8047 cls=0.5847 dfl=0.0032 mard=2.0034 lambda=0.0322 pseudo_boxes=85 avg_conf=0.8220 lr=1.54982e-05
[Epoch 046/060] batch 0360/0372 loss=15.9102 det=15.8366 box=1.0188 cls=1.0583 dfl=0.0051 mard=2.0280 lambda=0.0363 pseudo_boxes=88 avg_conf=0.8628 lr=1.54982e-05
[Epoch 046/060] batch 0370/0372 loss=12.6312 det=12.5648 box=0.8773 cls=0.7717 dfl=0.0036 mard=2.0081 lambda=0.0331 pseudo_boxes=85 avg_conf=0.8306 lr=1.54982e-05
[Epoch 046/060] batch 0372/0372 loss=10.8050 det=10.7374 box=1.0718 cls=0.7908 dfl=0.0038 mard=2.0027 lambda=0.0338 pseudo_boxes=65 avg_conf=0.8377 lr=1.54982e-05
[Epoch 046/060] done time=266.1s valid_batches=372 skipped=0 pseudo_boxes=27999 loss=12.1489 det=12.0811 box=0.8932 cls=0.7001 dfl=0.0038 mard=2.0114
[Epoch 047/060] start
[Epoch 047/060] batch 0001/0372 loss=12.3291 det=12.2586 box=0.8717 cls=0.7367 dfl=0.0037 mard=2.0203 lambda=0.0349 pseudo_boxes=65 avg_conf=0.8490 lr=1.37143e-05
[Epoch 047/060] batch 0010/0372 loss=9.8431 det=9.7754 box=0.6893 cls=0.5509 dfl=0.0027 mard=2.0146 lambda=0.0336 pseudo_boxes=70 avg_conf=0.8360 lr=1.37143e-05
[Epoch 047/060] batch 0020/0372 loss=10.4888 det=10.4174 box=0.7252 cls=0.6203 dfl=0.0029 mard=2.0177 lambda=0.0354 pseudo_boxes=60 avg_conf=0.8540 lr=1.37143e-05
[Epoch 047/060] batch 0030/0372 loss=11.2895 det=11.2232 box=0.7787 cls=0.6640 dfl=0.0042 mard=2.0028 lambda=0.0331 pseudo_boxes=45 avg_conf=0.8312 lr=1.37143e-05
[Epoch 047/060] batch 0040/0372 loss=13.8872 det=13.8218 box=1.0311 cls=0.7622 dfl=0.0046 mard=2.0003 lambda=0.0327 pseudo_boxes=100 avg_conf=0.8269 lr=1.37143e-05
[Epoch 047/060] batch 0050/0372 loss=9.3625 det=9.2968 box=0.6540 cls=0.5619 dfl=0.0021 mard=1.9986 lambda=0.0329 pseudo_boxes=93 avg_conf=0.8291 lr=1.37143e-05
[Epoch 047/060] batch 0060/0372 loss=8.9317 det=8.8615 box=0.7020 cls=0.4092 dfl=0.0027 mard=2.0131 lambda=0.0348 pseudo_boxes=86 avg_conf=0.8485 lr=1.37143e-05
[Epoch 047/060] batch 0070/0372 loss=12.4795 det=12.4099 box=0.8702 cls=0.7632 dfl=0.0037 mard=2.0198 lambda=0.0345 pseudo_boxes=75 avg_conf=0.8450 lr=1.37143e-05
[Epoch 047/060] batch 0080/0372 loss=9.7111 det=9.6389 box=0.7497 cls=0.4750 dfl=0.0027 mard=1.9921 lambda=0.0362 pseudo_boxes=56 avg_conf=0.8621 lr=1.37143e-05
[Epoch 047/060] batch 0090/0372 loss=14.9076 det=14.8481 box=1.0754 cls=0.8586 dfl=0.0034 mard=2.0185 lambda=0.0295 pseudo_boxes=62 avg_conf=0.7947 lr=1.37143e-05
[Epoch 047/060] batch 0100/0372 loss=12.3234 det=12.2564 box=0.9494 cls=0.6159 dfl=0.0039 mard=1.9961 lambda=0.0335 pseudo_boxes=55 avg_conf=0.8355 lr=1.37143e-05
[Epoch 047/060] batch 0110/0372 loss=15.3612 det=15.2998 box=1.0592 cls=0.9818 dfl=0.0038 mard=2.0133 lambda=0.0305 pseudo_boxes=105 avg_conf=0.8052 lr=1.37143e-05
[Epoch 047/060] batch 0120/0372 loss=11.8595 det=11.7927 box=0.8716 cls=0.6553 dfl=0.0030 mard=2.0063 lambda=0.0333 pseudo_boxes=83 avg_conf=0.8332 lr=1.37143e-05
[Epoch 047/060] batch 0130/0372 loss=11.9881 det=11.9246 box=0.9088 cls=0.6325 dfl=0.0039 mard=2.0085 lambda=0.0316 pseudo_boxes=99 avg_conf=0.8161 lr=1.37143e-05
[Epoch 047/060] batch 0140/0372 loss=17.5630 det=17.5003 box=1.2415 cls=1.0976 dfl=0.0053 mard=2.0118 lambda=0.0312 pseudo_boxes=73 avg_conf=0.8120 lr=1.37143e-05
[Epoch 047/060] batch 0150/0372 loss=9.7074 det=9.6324 box=0.6615 cls=0.6144 dfl=0.0032 mard=2.0077 lambda=0.0374 pseudo_boxes=59 avg_conf=0.8736 lr=1.37143e-05
[Epoch 047/060] batch 0160/0372 loss=12.7130 det=12.6497 box=0.9216 cls=0.7382 dfl=0.0038 mard=2.0171 lambda=0.0314 pseudo_boxes=95 avg_conf=0.8140 lr=1.37143e-05
[Epoch 047/060] batch 0170/0372 loss=10.7380 det=10.6701 box=0.8053 cls=0.5841 dfl=0.0037 mard=1.9977 lambda=0.0340 pseudo_boxes=76 avg_conf=0.8398 lr=1.37143e-05
[Epoch 047/060] batch 0180/0372 loss=10.9836 det=10.9172 box=0.8284 cls=0.5888 dfl=0.0032 mard=2.0151 lambda=0.0329 pseudo_boxes=63 avg_conf=0.8293 lr=1.37143e-05
[Epoch 047/060] batch 0190/0372 loss=10.9258 det=10.8515 box=0.7772 cls=0.6502 dfl=0.0037 mard=2.0220 lambda=0.0367 pseudo_boxes=61 avg_conf=0.8673 lr=1.37143e-05
[Epoch 047/060] batch 0200/0372 loss=13.3105 det=13.2426 box=1.0238 cls=0.7061 dfl=0.0050 mard=2.0559 lambda=0.0330 pseudo_boxes=56 avg_conf=0.8302 lr=1.37143e-05
[Epoch 047/060] batch 0210/0372 loss=11.9643 det=11.8987 box=0.9248 cls=0.6002 dfl=0.0041 mard=2.0090 lambda=0.0327 pseudo_boxes=72 avg_conf=0.8269 lr=1.37143e-05
[Epoch 047/060] batch 0220/0372 loss=12.2403 det=12.1740 box=0.8643 cls=0.6986 dfl=0.0033 mard=2.0073 lambda=0.0330 pseudo_boxes=66 avg_conf=0.8303 lr=1.37143e-05
[Epoch 047/060] batch 0230/0372 loss=12.5489 det=12.4837 box=0.8953 cls=0.7093 dfl=0.0036 mard=2.0042 lambda=0.0325 pseudo_boxes=82 avg_conf=0.8254 lr=1.37143e-05
[Epoch 047/060] batch 0240/0372 loss=10.5588 det=10.4835 box=0.8413 cls=0.7175 dfl=0.0041 mard=2.0137 lambda=0.0374 pseudo_boxes=47 avg_conf=0.8743 lr=1.37143e-05
[Epoch 047/060] batch 0250/0372 loss=6.4291 det=6.3557 box=0.6214 cls=0.4689 dfl=0.0027 mard=2.0067 lambda=0.0366 pseudo_boxes=49 avg_conf=0.8659 lr=1.37143e-05
[Epoch 047/060] batch 0260/0372 loss=17.3103 det=17.2454 box=1.1725 cls=1.1281 dfl=0.0053 mard=2.0219 lambda=0.0321 pseudo_boxes=91 avg_conf=0.8210 lr=1.37143e-05
[Epoch 047/060] batch 0270/0372 loss=10.0987 det=10.0297 box=0.7271 cls=0.5713 dfl=0.0026 mard=1.9940 lambda=0.0346 pseudo_boxes=67 avg_conf=0.8457 lr=1.37143e-05
[Epoch 047/060] batch 0280/0372 loss=10.1946 det=10.1315 box=0.6961 cls=0.6041 dfl=0.0025 mard=2.0010 lambda=0.0316 pseudo_boxes=122 avg_conf=0.8157 lr=1.37143e-05
[Epoch 047/060] batch 0290/0372 loss=13.3528 det=13.2840 box=1.0049 cls=0.7260 dfl=0.0042 mard=2.0050 lambda=0.0343 pseudo_boxes=79 avg_conf=0.8431 lr=1.37143e-05
[Epoch 047/060] batch 0300/0372 loss=10.5223 det=10.4512 box=0.7367 cls=0.6237 dfl=0.0028 mard=2.0019 lambda=0.0355 pseudo_boxes=75 avg_conf=0.8548 lr=1.37143e-05
[Epoch 047/060] batch 0310/0372 loss=10.3755 det=10.3051 box=0.7354 cls=0.5912 dfl=0.0029 mard=2.0348 lambda=0.0346 pseudo_boxes=77 avg_conf=0.8456 lr=1.37143e-05
[Epoch 047/060] batch 0320/0372 loss=12.5980 det=12.5293 box=0.9426 cls=0.6882 dfl=0.0042 mard=1.9957 lambda=0.0344 pseudo_boxes=93 avg_conf=0.8441 lr=1.37143e-05
[Epoch 047/060] batch 0330/0372 loss=8.7357 det=8.6741 box=0.8296 cls=0.6641 dfl=0.0040 mard=1.9996 lambda=0.0308 pseudo_boxes=80 avg_conf=0.8081 lr=1.37143e-05
[Epoch 047/060] batch 0340/0372 loss=13.6228 det=13.5598 box=0.9466 cls=0.8484 dfl=0.0033 mard=1.9966 lambda=0.0316 pseudo_boxes=105 avg_conf=0.8156 lr=1.37143e-05
[Epoch 047/060] batch 0350/0372 loss=9.7552 det=9.6866 box=0.7001 cls=0.5523 dfl=0.0035 mard=2.0326 lambda=0.0338 pseudo_boxes=85 avg_conf=0.8378 lr=1.37143e-05
[Epoch 047/060] batch 0360/0372 loss=10.3053 det=10.2403 box=0.8067 cls=0.5242 dfl=0.0037 mard=1.9971 lambda=0.0325 pseudo_boxes=69 avg_conf=0.8253 lr=1.37143e-05
[Epoch 047/060] batch 0370/0372 loss=13.9519 det=13.8832 box=0.9380 cls=0.8639 dfl=0.0036 mard=2.0077 lambda=0.0342 pseudo_boxes=86 avg_conf=0.8422 lr=1.37143e-05
[Epoch 047/060] batch 0372/0372 loss=12.5444 det=12.4782 box=1.0421 cls=0.7888 dfl=0.0046 mard=2.0255 lambda=0.0327 pseudo_boxes=63 avg_conf=0.8267 lr=1.37143e-05
[Epoch 047/060] done time=266.3s valid_batches=372 skipped=0 pseudo_boxes=28086 loss=12.2383 det=12.1708 box=0.8933 cls=0.7132 dfl=0.0037 mard=2.0112
[Epoch 048/060] start
[Epoch 048/060] batch 0001/0372 loss=15.0766 det=15.0068 box=1.1634 cls=0.8490 dfl=0.0047 mard=2.0139 lambda=0.0347 pseudo_boxes=51 avg_conf=0.8465 lr=1.20313e-05
[Epoch 048/060] batch 0010/0372 loss=10.7942 det=10.7285 box=0.7258 cls=0.6663 dfl=0.0025 mard=2.0104 lambda=0.0327 pseudo_boxes=73 avg_conf=0.8268 lr=1.20313e-05
[Epoch 048/060] batch 0020/0372 loss=12.5126 det=12.4510 box=0.9183 cls=0.6601 dfl=0.0033 mard=2.0019 lambda=0.0308 pseudo_boxes=110 avg_conf=0.8077 lr=1.20313e-05
[Epoch 048/060] batch 0030/0372 loss=18.1544 det=18.0855 box=1.2383 cls=1.1558 dfl=0.0057 mard=2.0212 lambda=0.0341 pseudo_boxes=76 avg_conf=0.8410 lr=1.20313e-05
[Epoch 048/060] batch 0040/0372 loss=10.3103 det=10.2410 box=0.6959 cls=0.6251 dfl=0.0026 mard=2.0005 lambda=0.0346 pseudo_boxes=73 avg_conf=0.8463 lr=1.20313e-05
[Epoch 048/060] batch 0050/0372 loss=14.2388 det=14.1694 box=1.1127 cls=0.7297 dfl=0.0047 mard=2.0327 lambda=0.0341 pseudo_boxes=56 avg_conf=0.8414 lr=1.20313e-05
[Epoch 048/060] batch 0060/0372 loss=14.5631 det=14.5009 box=1.0970 cls=0.7988 dfl=0.0059 mard=2.0079 lambda=0.0310 pseudo_boxes=77 avg_conf=0.8099 lr=1.20313e-05
[Epoch 048/060] batch 0070/0372 loss=10.1264 det=10.0524 box=0.7405 cls=0.5673 dfl=0.0035 mard=2.0134 lambda=0.0368 pseudo_boxes=63 avg_conf=0.8676 lr=1.20313e-05
[Epoch 048/060] batch 0080/0372 loss=14.7471 det=14.6806 box=1.0274 cls=0.8684 dfl=0.0049 mard=2.0040 lambda=0.0332 pseudo_boxes=77 avg_conf=0.8322 lr=1.20313e-05
[Epoch 048/060] batch 0090/0372 loss=10.7108 det=10.6416 box=0.8198 cls=0.5277 dfl=0.0029 mard=2.0037 lambda=0.0345 pseudo_boxes=62 avg_conf=0.8451 lr=1.20313e-05
[Epoch 048/060] batch 0100/0372 loss=13.5808 det=13.5194 box=1.0286 cls=0.7390 dfl=0.0039 mard=2.0006 lambda=0.0307 pseudo_boxes=114 avg_conf=0.8073 lr=1.20313e-05
[Epoch 048/060] batch 0110/0372 loss=12.6787 det=12.6075 box=0.9264 cls=0.7188 dfl=0.0041 mard=2.0108 lambda=0.0354 pseudo_boxes=86 avg_conf=0.8542 lr=1.20313e-05
[Epoch 048/060] batch 0120/0372 loss=12.2152 det=12.1456 box=0.8280 cls=0.7543 dfl=0.0039 mard=1.9999 lambda=0.0348 pseudo_boxes=79 avg_conf=0.8478 lr=1.20313e-05
[Epoch 048/060] batch 0130/0372 loss=12.0752 det=12.0055 box=0.9117 cls=0.6618 dfl=0.0040 mard=2.0026 lambda=0.0348 pseudo_boxes=74 avg_conf=0.8480 lr=1.20313e-05
[Epoch 048/060] batch 0140/0372 loss=15.6779 det=15.6156 box=1.0296 cls=1.0008 dfl=0.0042 mard=2.0145 lambda=0.0309 pseudo_boxes=129 avg_conf=0.8090 lr=1.20313e-05
[Epoch 048/060] batch 0150/0372 loss=18.2844 det=18.2215 box=1.1673 cls=1.2630 dfl=0.0047 mard=2.0149 lambda=0.0312 pseudo_boxes=65 avg_conf=0.8121 lr=1.20313e-05
[Epoch 048/060] batch 0160/0372 loss=10.8151 det=10.7458 box=0.8344 cls=0.5600 dfl=0.0032 mard=2.0019 lambda=0.0346 pseudo_boxes=74 avg_conf=0.8463 lr=1.20313e-05
[Epoch 048/060] batch 0170/0372 loss=10.1787 det=10.1087 box=0.7675 cls=0.5418 dfl=0.0035 mard=2.0195 lambda=0.0347 pseudo_boxes=79 avg_conf=0.8470 lr=1.20313e-05
[Epoch 048/060] batch 0180/0372 loss=14.1383 det=14.0696 box=1.0291 cls=0.8147 dfl=0.0045 mard=2.0150 lambda=0.0341 pseudo_boxes=78 avg_conf=0.8411 lr=1.20313e-05
[Epoch 048/060] batch 0190/0372 loss=12.4253 det=12.3552 box=0.9654 cls=0.6087 dfl=0.0051 mard=1.9924 lambda=0.0351 pseudo_boxes=63 avg_conf=0.8514 lr=1.20313e-05
[Epoch 048/060] batch 0200/0372 loss=12.9213 det=12.8584 box=0.9502 cls=0.7412 dfl=0.0029 mard=1.9993 lambda=0.0315 pseudo_boxes=84 avg_conf=0.8147 lr=1.20313e-05
[Epoch 048/060] batch 0210/0372 loss=7.7890 det=7.7228 box=0.6255 cls=0.4934 dfl=0.0048 mard=2.0141 lambda=0.0329 pseudo_boxes=77 avg_conf=0.8286 lr=1.20313e-05
[Epoch 048/060] batch 0220/0372 loss=12.8960 det=12.8326 box=0.9216 cls=0.7655 dfl=0.0036 mard=2.0052 lambda=0.0316 pseudo_boxes=68 avg_conf=0.8160 lr=1.20313e-05
[Epoch 048/060] batch 0230/0372 loss=19.4810 det=19.4243 box=1.2837 cls=1.2718 dfl=0.0047 mard=2.0104 lambda=0.0282 pseudo_boxes=56 avg_conf=0.7818 lr=1.20313e-05
[Epoch 048/060] batch 0240/0372 loss=9.5117 det=9.4468 box=0.7222 cls=0.4990 dfl=0.0028 mard=2.0097 lambda=0.0323 pseudo_boxes=79 avg_conf=0.8230 lr=1.20313e-05
[Epoch 048/060] batch 0250/0372 loss=11.6045 det=11.5334 box=0.8747 cls=0.6328 dfl=0.0047 mard=2.0184 lambda=0.0352 pseudo_boxes=57 avg_conf=0.8520 lr=1.20313e-05
[Epoch 048/060] batch 0260/0372 loss=14.4917 det=14.4258 box=0.9653 cls=0.9262 dfl=0.0030 mard=2.0185 lambda=0.0326 pseudo_boxes=74 avg_conf=0.8265 lr=1.20313e-05
[Epoch 048/060] batch 0270/0372 loss=11.0872 det=11.0170 box=0.8166 cls=0.6068 dfl=0.0035 mard=2.0019 lambda=0.0351 pseudo_boxes=65 avg_conf=0.8507 lr=1.20313e-05
[Epoch 048/060] batch 0280/0372 loss=12.4388 det=12.3700 box=0.9190 cls=0.6899 dfl=0.0032 mard=2.0015 lambda=0.0344 pseudo_boxes=93 avg_conf=0.8437 lr=1.20313e-05
[Epoch 048/060] batch 0290/0372 loss=7.9546 det=7.8842 box=0.6138 cls=0.3820 dfl=0.0028 mard=2.0198 lambda=0.0348 pseudo_boxes=66 avg_conf=0.8485 lr=1.20313e-05
[Epoch 048/060] batch 0300/0372 loss=16.5883 det=16.5235 box=1.1068 cls=1.0624 dfl=0.0037 mard=2.0085 lambda=0.0323 pseudo_boxes=46 avg_conf=0.8226 lr=1.20313e-05
[Epoch 048/060] batch 0310/0372 loss=14.2537 det=14.1912 box=1.0197 cls=0.8343 dfl=0.0045 mard=2.0156 lambda=0.0310 pseudo_boxes=66 avg_conf=0.8103 lr=1.20313e-05
[Epoch 048/060] batch 0320/0372 loss=13.3130 det=13.2456 box=0.9692 cls=0.7775 dfl=0.0031 mard=1.9944 lambda=0.0338 pseudo_boxes=74 avg_conf=0.8380 lr=1.20313e-05
[Epoch 048/060] batch 0330/0372 loss=15.5981 det=15.5393 box=1.0690 cls=0.9457 dfl=0.0042 mard=1.9993 lambda=0.0294 pseudo_boxes=67 avg_conf=0.7943 lr=1.20313e-05
[Epoch 048/060] batch 0340/0372 loss=8.6970 det=8.6249 box=0.6154 cls=0.4840 dfl=0.0031 mard=2.0122 lambda=0.0358 pseudo_boxes=61 avg_conf=0.8582 lr=1.20313e-05
[Epoch 048/060] batch 0350/0372 loss=14.5400 det=14.4714 box=0.9408 cls=0.9802 dfl=0.0037 mard=2.0052 lambda=0.0342 pseudo_boxes=66 avg_conf=0.8420 lr=1.20313e-05
[Epoch 048/060] batch 0360/0372 loss=10.0953 det=10.0232 box=0.7485 cls=0.5500 dfl=0.0034 mard=2.0303 lambda=0.0355 pseudo_boxes=85 avg_conf=0.8551 lr=1.20313e-05
[Epoch 048/060] batch 0370/0372 loss=8.2362 det=8.1680 box=0.7204 cls=0.4795 dfl=0.0027 mard=2.0237 lambda=0.0337 pseudo_boxes=64 avg_conf=0.8373 lr=1.20313e-05
[Epoch 048/060] batch 0372/0372 loss=12.1750 det=12.1155 box=1.2195 cls=0.9081 dfl=0.0049 mard=2.0164 lambda=0.0295 pseudo_boxes=81 avg_conf=0.7949 lr=1.20313e-05
[Epoch 048/060] done time=266.6s valid_batches=372 skipped=0 pseudo_boxes=28018 loss=12.2472 det=12.1796 box=0.8940 cls=0.7049 dfl=0.0038 mard=2.0109
[Epoch 049/060] start
[Epoch 049/060] batch 0001/0372 loss=12.3853 det=12.3191 box=0.8524 cls=0.7163 dfl=0.0039 mard=2.0028 lambda=0.0331 pseudo_boxes=73 avg_conf=0.8305 lr=1.04537e-05
[Epoch 049/060] batch 0010/0372 loss=11.0236 det=10.9566 box=0.8299 cls=0.5795 dfl=0.0033 mard=2.0123 lambda=0.0333 pseudo_boxes=62 avg_conf=0.8330 lr=1.04537e-05
[Epoch 049/060] batch 0020/0372 loss=12.4380 det=12.3614 box=0.8176 cls=0.7913 dfl=0.0043 mard=2.0258 lambda=0.0378 pseudo_boxes=68 avg_conf=0.8783 lr=1.04537e-05
[Epoch 049/060] batch 0030/0372 loss=10.8518 det=10.7815 box=0.7883 cls=0.6110 dfl=0.0038 mard=2.0216 lambda=0.0348 pseudo_boxes=89 avg_conf=0.8478 lr=1.04537e-05
[Epoch 049/060] batch 0040/0372 loss=15.8368 det=15.7652 box=1.1988 cls=0.8439 dfl=0.0061 mard=2.0269 lambda=0.0353 pseudo_boxes=57 avg_conf=0.8532 lr=1.04537e-05
[Epoch 049/060] batch 0050/0372 loss=11.2005 det=11.1243 box=0.9064 cls=0.5034 dfl=0.0042 mard=2.0038 lambda=0.0380 pseudo_boxes=73 avg_conf=0.8803 lr=1.04537e-05
[Epoch 049/060] batch 0060/0372 loss=9.5463 det=9.4744 box=0.7766 cls=0.4341 dfl=0.0038 mard=2.0125 lambda=0.0357 pseudo_boxes=68 avg_conf=0.8572 lr=1.04537e-05
[Epoch 049/060] batch 0070/0372 loss=11.1182 det=11.0488 box=0.8260 cls=0.6226 dfl=0.0035 mard=2.0149 lambda=0.0344 pseudo_boxes=63 avg_conf=0.8443 lr=1.04537e-05
[Epoch 049/060] batch 0080/0372 loss=11.0768 det=11.0052 box=0.7937 cls=0.6206 dfl=0.0035 mard=2.0135 lambda=0.0355 pseudo_boxes=61 avg_conf=0.8555 lr=1.04537e-05
[Epoch 049/060] batch 0090/0372 loss=12.9209 det=12.8500 box=1.0561 cls=0.8435 dfl=0.0044 mard=2.0062 lambda=0.0353 pseudo_boxes=60 avg_conf=0.8533 lr=1.04537e-05
[Epoch 049/060] batch 0100/0372 loss=12.9049 det=12.8313 box=0.8927 cls=0.7845 dfl=0.0039 mard=2.0236 lambda=0.0364 pseudo_boxes=65 avg_conf=0.8637 lr=1.04537e-05
[Epoch 049/060] batch 0110/0372 loss=14.6268 det=14.5560 box=1.0088 cls=0.8959 dfl=0.0045 mard=2.0111 lambda=0.0352 pseudo_boxes=61 avg_conf=0.8523 lr=1.04537e-05
[Epoch 049/060] batch 0120/0372 loss=13.8760 det=13.8129 box=1.0172 cls=0.7748 dfl=0.0044 mard=2.0153 lambda=0.0313 pseudo_boxes=91 avg_conf=0.8131 lr=1.04537e-05
[Epoch 049/060] batch 0130/0372 loss=15.8783 det=15.8057 box=1.1240 cls=0.9608 dfl=0.0058 mard=2.0119 lambda=0.0361 pseudo_boxes=67 avg_conf=0.8609 lr=1.04537e-05
[Epoch 049/060] batch 0140/0372 loss=11.9466 det=11.8832 box=0.9581 cls=0.5490 dfl=0.0040 mard=2.0157 lambda=0.0314 pseudo_boxes=86 avg_conf=0.8143 lr=1.04537e-05
[Epoch 049/060] batch 0150/0372 loss=12.3446 det=12.2807 box=0.9591 cls=0.8682 dfl=0.0033 mard=2.0096 lambda=0.0318 pseudo_boxes=66 avg_conf=0.8184 lr=1.04537e-05
[Epoch 049/060] batch 0160/0372 loss=10.6070 det=10.5394 box=0.7162 cls=0.6565 dfl=0.0032 mard=2.0057 lambda=0.0337 pseudo_boxes=60 avg_conf=0.8369 lr=1.04537e-05
[Epoch 049/060] batch 0170/0372 loss=11.7510 det=11.6808 box=0.8591 cls=0.6666 dfl=0.0035 mard=2.0212 lambda=0.0347 pseudo_boxes=100 avg_conf=0.8473 lr=1.04537e-05
[Epoch 049/060] batch 0180/0372 loss=12.0829 det=12.0180 box=0.8972 cls=0.6651 dfl=0.0035 mard=2.0090 lambda=0.0323 pseudo_boxes=58 avg_conf=0.8232 lr=1.04537e-05
[Epoch 049/060] batch 0190/0372 loss=11.1780 det=11.1091 box=0.8525 cls=0.5658 dfl=0.0039 mard=2.0036 lambda=0.0344 pseudo_boxes=85 avg_conf=0.8439 lr=1.04537e-05
[Epoch 049/060] batch 0200/0372 loss=9.9836 det=9.9172 box=0.7857 cls=0.6736 dfl=0.0026 mard=2.0160 lambda=0.0329 pseudo_boxes=71 avg_conf=0.8292 lr=1.04537e-05
[Epoch 049/060] batch 0210/0372 loss=13.6896 det=13.6229 box=0.9843 cls=0.7874 dfl=0.0041 mard=1.9905 lambda=0.0335 pseudo_boxes=90 avg_conf=0.8349 lr=1.04537e-05
[Epoch 049/060] batch 0220/0372 loss=13.3527 det=13.2893 box=1.0015 cls=0.7350 dfl=0.0039 mard=2.0054 lambda=0.0316 pseudo_boxes=90 avg_conf=0.8160 lr=1.04537e-05
[Epoch 049/060] batch 0230/0372 loss=10.1322 det=10.0586 box=0.7530 cls=0.7783 dfl=0.0023 mard=2.0047 lambda=0.0367 pseudo_boxes=56 avg_conf=0.8668 lr=1.04537e-05
[Epoch 049/060] batch 0240/0372 loss=10.3256 det=10.2466 box=0.7513 cls=0.5763 dfl=0.0035 mard=2.0022 lambda=0.0395 pseudo_boxes=78 avg_conf=0.8946 lr=1.04537e-05
[Epoch 049/060] batch 0250/0372 loss=17.7217 det=17.6578 box=1.2870 cls=1.0057 dfl=0.0051 mard=1.9962 lambda=0.0320 pseudo_boxes=90 avg_conf=0.8202 lr=1.04537e-05
[Epoch 049/060] batch 0260/0372 loss=11.9844 det=11.9174 box=0.8926 cls=0.6663 dfl=0.0030 mard=2.0158 lambda=0.0332 pseudo_boxes=90 avg_conf=0.8322 lr=1.04537e-05
[Epoch 049/060] batch 0270/0372 loss=17.4432 det=17.3826 box=1.1818 cls=1.0958 dfl=0.0042 mard=1.9961 lambda=0.0304 pseudo_boxes=96 avg_conf=0.8036 lr=1.04537e-05
[Epoch 049/060] batch 0280/0372 loss=15.2131 det=15.1516 box=1.1090 cls=0.8829 dfl=0.0039 mard=2.0155 lambda=0.0305 pseudo_boxes=84 avg_conf=0.8051 lr=1.04537e-05
[Epoch 049/060] batch 0290/0372 loss=13.2196 det=13.1586 box=0.9779 cls=0.7106 dfl=0.0037 mard=1.9994 lambda=0.0305 pseudo_boxes=92 avg_conf=0.8051 lr=1.04537e-05
[Epoch 049/060] batch 0300/0372 loss=18.0621 det=17.9994 box=1.1774 cls=1.1814 dfl=0.0061 mard=2.0157 lambda=0.0311 pseudo_boxes=78 avg_conf=0.8114 lr=1.04537e-05
[Epoch 049/060] batch 0310/0372 loss=16.2329 det=16.1623 box=0.9837 cls=1.1693 dfl=0.0046 mard=2.0130 lambda=0.0351 pseudo_boxes=73 avg_conf=0.8510 lr=1.04537e-05
[Epoch 049/060] batch 0320/0372 loss=9.8038 det=9.7340 box=0.7168 cls=0.5312 dfl=0.0026 mard=2.0075 lambda=0.0348 pseudo_boxes=88 avg_conf=0.8477 lr=1.04537e-05
[Epoch 049/060] batch 0330/0372 loss=15.3036 det=15.2366 box=1.0867 cls=0.9096 dfl=0.0038 mard=2.0040 lambda=0.0334 pseudo_boxes=98 avg_conf=0.8342 lr=1.04537e-05
[Epoch 049/060] batch 0340/0372 loss=15.3627 det=15.2905 box=1.0520 cls=0.9513 dfl=0.0045 mard=2.0074 lambda=0.0360 pseudo_boxes=73 avg_conf=0.8598 lr=1.04537e-05
[Epoch 049/060] batch 0350/0372 loss=13.1374 det=13.0652 box=0.9779 cls=0.7318 dfl=0.0044 mard=2.0049 lambda=0.0360 pseudo_boxes=77 avg_conf=0.8599 lr=1.04537e-05
[Epoch 049/060] batch 0360/0372 loss=11.5006 det=11.4319 box=0.7372 cls=0.7223 dfl=0.0030 mard=2.0077 lambda=0.0342 pseudo_boxes=71 avg_conf=0.8420 lr=1.04537e-05
[Epoch 049/060] batch 0370/0372 loss=11.4726 det=11.4039 box=0.8433 cls=0.6550 dfl=0.0033 mard=1.9847 lambda=0.0346 pseudo_boxes=79 avg_conf=0.8461 lr=1.04537e-05
[Epoch 049/060] batch 0372/0372 loss=8.8692 det=8.8022 box=0.7884 cls=0.4890 dfl=0.0040 mard=2.0084 lambda=0.0334 pseudo_boxes=47 avg_conf=0.8337 lr=1.04537e-05
[Epoch 049/060] done time=266.3s valid_batches=372 skipped=0 pseudo_boxes=27984 loss=12.3575 det=12.2899 box=0.9003 cls=0.7105 dfl=0.0038 mard=2.0114
[Epoch 050/060] start
[Epoch 050/060] batch 0001/0372 loss=13.3124 det=13.2443 box=0.9167 cls=0.8378 dfl=0.0036 mard=2.0026 lambda=0.0340 pseudo_boxes=63 avg_conf=0.8402 lr=8.98581e-06
[Epoch 050/060] batch 0010/0372 loss=19.8774 det=19.8184 box=1.3373 cls=1.2444 dfl=0.0050 mard=1.9991 lambda=0.0295 pseudo_boxes=97 avg_conf=0.7950 lr=8.98581e-06
[Epoch 050/060] batch 0020/0372 loss=10.2804 det=10.2163 box=0.8529 cls=0.6517 dfl=0.0037 mard=2.0210 lambda=0.0318 pseudo_boxes=58 avg_conf=0.8176 lr=8.98581e-06
[Epoch 050/060] batch 0030/0372 loss=12.4192 det=12.3445 box=0.8464 cls=0.7366 dfl=0.0038 mard=2.0147 lambda=0.0371 pseudo_boxes=37 avg_conf=0.8708 lr=8.98581e-06
[Epoch 050/060] batch 0040/0372 loss=11.2111 det=11.1441 box=0.9477 cls=0.7450 dfl=0.0042 mard=2.0161 lambda=0.0332 pseudo_boxes=68 avg_conf=0.8321 lr=8.98581e-06
[Epoch 050/060] batch 0050/0372 loss=13.8151 det=13.7486 box=0.9797 cls=0.8152 dfl=0.0048 mard=2.0387 lambda=0.0326 pseudo_boxes=78 avg_conf=0.8264 lr=8.98581e-06
[Epoch 050/060] batch 0060/0372 loss=19.1379 det=19.0766 box=1.2927 cls=1.2297 dfl=0.0047 mard=1.9957 lambda=0.0307 pseudo_boxes=75 avg_conf=0.8070 lr=8.98581e-06
[Epoch 050/060] batch 0070/0372 loss=13.2106 det=13.1491 box=0.8906 cls=0.8091 dfl=0.0035 mard=2.0071 lambda=0.0306 pseudo_boxes=85 avg_conf=0.8062 lr=8.98581e-06
[Epoch 050/060] batch 0080/0372 loss=12.4160 det=12.3484 box=0.8863 cls=0.7150 dfl=0.0035 mard=1.9969 lambda=0.0339 pseudo_boxes=77 avg_conf=0.8385 lr=8.98581e-06
[Epoch 050/060] batch 0090/0372 loss=13.5125 det=13.4412 box=1.0202 cls=0.7268 dfl=0.0042 mard=2.0142 lambda=0.0354 pseudo_boxes=83 avg_conf=0.8538 lr=8.98581e-06
[Epoch 050/060] batch 0100/0372 loss=10.9220 det=10.8564 box=0.8530 cls=0.5075 dfl=0.0044 mard=1.9993 lambda=0.0328 pseudo_boxes=58 avg_conf=0.8282 lr=8.98581e-06
[Epoch 050/060] batch 0110/0372 loss=10.0907 det=10.0188 box=0.7398 cls=0.5594 dfl=0.0031 mard=1.9953 lambda=0.0361 pseudo_boxes=69 avg_conf=0.8605 lr=8.98581e-06
[Epoch 050/060] batch 0120/0372 loss=11.5702 det=11.5055 box=0.8643 cls=0.6230 dfl=0.0032 mard=2.0114 lambda=0.0322 pseudo_boxes=81 avg_conf=0.8218 lr=8.98581e-06
[Epoch 050/060] batch 0130/0372 loss=12.2636 det=12.1907 box=0.9508 cls=0.8609 dfl=0.0052 mard=2.0301 lambda=0.0359 pseudo_boxes=55 avg_conf=0.8590 lr=8.98581e-06
[Epoch 050/060] batch 0140/0372 loss=11.6943 det=11.6283 box=0.8281 cls=0.6918 dfl=0.0034 mard=2.0149 lambda=0.0327 pseudo_boxes=70 avg_conf=0.8273 lr=8.98581e-06
[Epoch 050/060] batch 0150/0372 loss=15.8699 det=15.8007 box=1.0688 cls=0.9921 dfl=0.0049 mard=2.0269 lambda=0.0341 pseudo_boxes=79 avg_conf=0.8411 lr=8.98581e-06
[Epoch 050/060] batch 0160/0372 loss=11.4728 det=11.4001 box=0.8628 cls=0.5912 dfl=0.0043 mard=2.0197 lambda=0.0360 pseudo_boxes=88 avg_conf=0.8598 lr=8.98581e-06
[Epoch 050/060] batch 0170/0372 loss=15.5057 det=15.4354 box=0.9779 cls=1.0403 dfl=0.0041 mard=2.0261 lambda=0.0347 pseudo_boxes=76 avg_conf=0.8468 lr=8.98581e-06
[Epoch 050/060] batch 0180/0372 loss=12.6867 det=12.6187 box=0.8649 cls=0.7782 dfl=0.0032 mard=2.0210 lambda=0.0337 pseudo_boxes=53 avg_conf=0.8367 lr=8.98581e-06
[Epoch 050/060] batch 0190/0372 loss=11.1451 det=11.0751 box=0.7802 cls=0.6647 dfl=0.0038 mard=2.0404 lambda=0.0343 pseudo_boxes=67 avg_conf=0.8434 lr=8.98581e-06
[Epoch 050/060] batch 0200/0372 loss=13.5356 det=13.4722 box=1.0014 cls=0.7676 dfl=0.0035 mard=2.0167 lambda=0.0315 pseudo_boxes=83 avg_conf=0.8146 lr=8.98581e-06
[Epoch 050/060] batch 0210/0372 loss=9.1954 det=9.1240 box=0.6413 cls=0.5270 dfl=0.0027 mard=2.0105 lambda=0.0355 pseudo_boxes=55 avg_conf=0.8551 lr=8.98581e-06
[Epoch 050/060] batch 0220/0372 loss=13.6693 det=13.6081 box=1.0189 cls=0.7281 dfl=0.0044 mard=2.0188 lambda=0.0303 pseudo_boxes=87 avg_conf=0.8033 lr=8.98581e-06
[Epoch 050/060] batch 0230/0372 loss=15.3458 det=15.2817 box=1.1293 cls=0.8732 dfl=0.0038 mard=2.0009 lambda=0.0320 pseudo_boxes=66 avg_conf=0.8205 lr=8.98581e-06
[Epoch 050/060] batch 0240/0372 loss=11.6510 det=11.5861 box=0.8460 cls=0.6370 dfl=0.0040 mard=2.0131 lambda=0.0322 pseudo_boxes=78 avg_conf=0.8224 lr=8.98581e-06
[Epoch 050/060] batch 0250/0372 loss=10.8790 det=10.8169 box=0.8803 cls=0.4914 dfl=0.0040 mard=2.0007 lambda=0.0310 pseudo_boxes=71 avg_conf=0.8102 lr=8.98581e-06
[Epoch 050/060] batch 0260/0372 loss=13.9400 det=13.8802 box=0.9954 cls=0.8247 dfl=0.0033 mard=2.0059 lambda=0.0298 pseudo_boxes=82 avg_conf=0.7979 lr=8.98581e-06
[Epoch 050/060] batch 0270/0372 loss=10.3141 det=10.2381 box=0.7620 cls=0.5472 dfl=0.0033 mard=2.0475 lambda=0.0371 pseudo_boxes=60 avg_conf=0.8712 lr=8.98581e-06
[Epoch 050/060] batch 0280/0372 loss=12.9385 det=12.8728 box=0.9455 cls=0.6977 dfl=0.0044 mard=2.0198 lambda=0.0326 pseudo_boxes=65 avg_conf=0.8256 lr=8.98581e-06
[Epoch 050/060] batch 0290/0372 loss=10.8000 det=10.7297 box=0.9457 cls=0.6229 dfl=0.0044 mard=2.0188 lambda=0.0348 pseudo_boxes=62 avg_conf=0.8483 lr=8.98581e-06
[Epoch 050/060] batch 0300/0372 loss=17.7257 det=17.6609 box=1.2135 cls=1.0884 dfl=0.0055 mard=2.0118 lambda=0.0322 pseudo_boxes=78 avg_conf=0.8223 lr=8.98581e-06
[Epoch 050/060] batch 0310/0372 loss=11.8789 det=11.8134 box=0.8400 cls=0.7108 dfl=0.0037 mard=2.0153 lambda=0.0325 pseudo_boxes=76 avg_conf=0.8252 lr=8.98581e-06
[Epoch 050/060] batch 0320/0372 loss=9.7776 det=9.7098 box=0.7170 cls=0.5136 dfl=0.0028 mard=2.0021 lambda=0.0338 pseudo_boxes=76 avg_conf=0.8382 lr=8.98581e-06
[Epoch 050/060] batch 0330/0372 loss=12.6297 det=12.5662 box=0.9154 cls=0.6891 dfl=0.0035 mard=2.0040 lambda=0.0317 pseudo_boxes=86 avg_conf=0.8168 lr=8.98581e-06
[Epoch 050/060] batch 0340/0372 loss=13.0669 det=13.0014 box=0.9382 cls=0.7480 dfl=0.0031 mard=2.0094 lambda=0.0326 pseudo_boxes=74 avg_conf=0.8261 lr=8.98581e-06
[Epoch 050/060] batch 0350/0372 loss=12.8731 det=12.7985 box=0.9008 cls=0.7636 dfl=0.0041 mard=2.0377 lambda=0.0366 pseudo_boxes=65 avg_conf=0.8661 lr=8.98581e-06
[Epoch 050/060] batch 0360/0372 loss=10.7284 det=10.6588 box=0.7722 cls=0.6003 dfl=0.0034 mard=2.0059 lambda=0.0347 pseudo_boxes=70 avg_conf=0.8472 lr=8.98581e-06
[Epoch 050/060] batch 0370/0372 loss=12.6125 det=12.5484 box=0.8741 cls=0.7593 dfl=0.0033 mard=2.0321 lambda=0.0315 pseudo_boxes=68 avg_conf=0.8155 lr=8.98581e-06
[Epoch 050/060] batch 0372/0372 loss=10.1976 det=10.1203 box=0.8358 cls=0.6414 dfl=0.0063 mard=2.0145 lambda=0.0384 pseudo_boxes=49 avg_conf=0.8836 lr=8.98581e-06
[Epoch 050/060] done time=266.6s valid_batches=372 skipped=0 pseudo_boxes=28063 loss=12.5867 det=12.5192 box=0.9136 cls=0.7291 dfl=0.0038 mard=2.0120
[Epoch 050/060] saved student: /home/dang/research/runs/c2f_rtsfod_yolo26m_pretrained/checkpoints/yolo26_stage2_rtsfod_epoch_50.pt
[Epoch 051/060] start
[Epoch 051/060] batch 0001/0372 loss=12.5514 det=12.4835 box=0.8602 cls=0.7538 dfl=0.0043 mard=2.0018 lambda=0.0339 pseudo_boxes=75 avg_conf=0.8394 lr=7.63174e-06
[Epoch 051/060] batch 0010/0372 loss=17.3691 det=17.2994 box=1.0504 cls=1.2231 dfl=0.0052 mard=2.0085 lambda=0.0347 pseudo_boxes=60 avg_conf=0.8471 lr=7.63174e-06
[Epoch 051/060] batch 0020/0372 loss=19.2120 det=19.1564 box=1.2635 cls=1.2676 dfl=0.0044 mard=2.0104 lambda=0.0277 pseudo_boxes=90 avg_conf=0.7770 lr=7.63174e-06
[Epoch 051/060] batch 0030/0372 loss=9.6313 det=9.5646 box=0.7276 cls=0.4853 dfl=0.0035 mard=2.0004 lambda=0.0334 pseudo_boxes=81 avg_conf=0.8337 lr=7.63174e-06
[Epoch 051/060] batch 0040/0372 loss=16.1883 det=16.1297 box=1.1240 cls=0.9567 dfl=0.0039 mard=2.0082 lambda=0.0292 pseudo_boxes=94 avg_conf=0.7917 lr=7.63174e-06
[Epoch 051/060] batch 0050/0372 loss=10.8739 det=10.8059 box=0.7506 cls=0.6492 dfl=0.0028 mard=2.0000 lambda=0.0340 pseudo_boxes=75 avg_conf=0.8402 lr=7.63174e-06
[Epoch 051/060] batch 0060/0372 loss=11.3233 det=11.2501 box=0.8261 cls=0.6405 dfl=0.0028 mard=2.0229 lambda=0.0362 pseudo_boxes=81 avg_conf=0.8619 lr=7.63174e-06
[Epoch 051/060] batch 0070/0372 loss=11.6892 det=11.6220 box=0.8954 cls=0.5998 dfl=0.0036 mard=1.9873 lambda=0.0338 pseudo_boxes=89 avg_conf=0.8381 lr=7.63174e-06
[Epoch 051/060] batch 0080/0372 loss=11.4669 det=11.3977 box=0.8596 cls=0.5929 dfl=0.0038 mard=2.0070 lambda=0.0345 pseudo_boxes=72 avg_conf=0.8450 lr=7.63174e-06
[Epoch 051/060] batch 0090/0372 loss=16.3962 det=16.3296 box=1.1104 cls=0.9912 dfl=0.0044 mard=2.0438 lambda=0.0326 pseudo_boxes=95 avg_conf=0.8261 lr=7.63174e-06
[Epoch 051/060] batch 0100/0372 loss=13.1121 det=13.0405 box=0.8904 cls=0.7994 dfl=0.0047 mard=2.0103 lambda=0.0356 pseudo_boxes=75 avg_conf=0.8560 lr=7.63174e-06
[Epoch 051/060] batch 0110/0372 loss=13.0865 det=13.0190 box=0.8719 cls=0.8102 dfl=0.0032 mard=2.0068 lambda=0.0336 pseudo_boxes=80 avg_conf=0.8363 lr=7.63174e-06
[Epoch 051/060] batch 0120/0372 loss=12.1744 det=12.1032 box=0.8928 cls=0.6832 dfl=0.0037 mard=2.0073 lambda=0.0355 pseudo_boxes=80 avg_conf=0.8547 lr=7.63174e-06
[Epoch 051/060] batch 0130/0372 loss=9.0247 det=8.9517 box=0.6909 cls=0.4568 dfl=0.0028 mard=2.0010 lambda=0.0365 pseudo_boxes=74 avg_conf=0.8648 lr=7.63174e-06
[Epoch 051/060] batch 0140/0372 loss=11.8562 det=11.7850 box=0.8215 cls=0.7213 dfl=0.0041 mard=2.0114 lambda=0.0354 pseudo_boxes=100 avg_conf=0.8543 lr=7.63174e-06
[Epoch 051/060] batch 0150/0372 loss=10.2461 det=10.1760 box=0.7546 cls=0.5421 dfl=0.0030 mard=2.0109 lambda=0.0349 pseudo_boxes=54 avg_conf=0.8486 lr=7.63174e-06
[Epoch 051/060] batch 0160/0372 loss=8.8055 det=8.7358 box=0.6537 cls=0.4407 dfl=0.0029 mard=1.9996 lambda=0.0348 pseudo_boxes=95 avg_conf=0.8485 lr=7.63174e-06
[Epoch 051/060] batch 0170/0372 loss=8.8432 det=8.7762 box=0.7002 cls=0.4125 dfl=0.0026 mard=1.9915 lambda=0.0336 pseudo_boxes=69 avg_conf=0.8362 lr=7.63174e-06
[Epoch 051/060] batch 0180/0372 loss=11.8581 det=11.7887 box=0.8313 cls=0.6902 dfl=0.0035 mard=2.0006 lambda=0.0347 pseudo_boxes=91 avg_conf=0.8473 lr=7.63174e-06
[Epoch 051/060] batch 0190/0372 loss=9.2150 det=9.1457 box=0.7018 cls=0.4585 dfl=0.0025 mard=2.0299 lambda=0.0341 pseudo_boxes=63 avg_conf=0.8414 lr=7.63174e-06
[Epoch 051/060] batch 0200/0372 loss=13.0400 det=12.9733 box=0.9275 cls=0.7481 dfl=0.0031 mard=2.0141 lambda=0.0331 pseudo_boxes=84 avg_conf=0.8314 lr=7.63174e-06
[Epoch 051/060] batch 0210/0372 loss=13.1533 det=13.0882 box=1.0030 cls=0.6819 dfl=0.0046 mard=1.9979 lambda=0.0326 pseudo_boxes=64 avg_conf=0.8259 lr=7.63174e-06
[Epoch 051/060] batch 0220/0372 loss=14.6912 det=14.6227 box=1.1190 cls=1.0649 dfl=0.0048 mard=2.0180 lambda=0.0340 pseudo_boxes=56 avg_conf=0.8397 lr=7.63174e-06
[Epoch 051/060] batch 0230/0372 loss=14.3991 det=14.3363 box=0.9567 cls=0.9218 dfl=0.0040 mard=2.0149 lambda=0.0311 pseudo_boxes=70 avg_conf=0.8115 lr=7.63174e-06
[Epoch 051/060] batch 0240/0372 loss=13.2036 det=13.1328 box=0.8779 cls=0.8155 dfl=0.0042 mard=2.0182 lambda=0.0351 pseudo_boxes=78 avg_conf=0.8506 lr=7.63174e-06
[Epoch 051/060] batch 0250/0372 loss=13.5607 det=13.4956 box=0.9828 cls=0.7482 dfl=0.0051 mard=2.0147 lambda=0.0323 pseudo_boxes=76 avg_conf=0.8228 lr=7.63174e-06
[Epoch 051/060] batch 0260/0372 loss=14.1099 det=14.0415 box=1.0151 cls=0.7982 dfl=0.0041 mard=2.0211 lambda=0.0338 pseudo_boxes=86 avg_conf=0.8384 lr=7.63174e-06
[Epoch 051/060] batch 0270/0372 loss=12.8935 det=12.8248 box=0.9517 cls=0.6987 dfl=0.0043 mard=2.0126 lambda=0.0341 pseudo_boxes=64 avg_conf=0.8414 lr=7.63174e-06
[Epoch 051/060] batch 0280/0372 loss=11.4285 det=11.3599 box=0.9524 cls=0.7165 dfl=0.0032 mard=1.9934 lambda=0.0344 pseudo_boxes=40 avg_conf=0.8442 lr=7.63174e-06
[Epoch 051/060] batch 0290/0372 loss=8.8971 det=8.8263 box=0.7443 cls=0.5406 dfl=0.0031 mard=2.0035 lambda=0.0353 pseudo_boxes=76 avg_conf=0.8533 lr=7.63174e-06
[Epoch 051/060] batch 0300/0372 loss=13.7724 det=13.7042 box=0.9721 cls=0.7777 dfl=0.0047 mard=2.0100 lambda=0.0339 pseudo_boxes=79 avg_conf=0.8389 lr=7.63174e-06
[Epoch 051/060] batch 0310/0372 loss=15.0513 det=14.9832 box=1.0820 cls=0.8546 dfl=0.0051 mard=2.0151 lambda=0.0338 pseudo_boxes=63 avg_conf=0.8381 lr=7.63174e-06
[Epoch 051/060] batch 0320/0372 loss=11.2973 det=11.2250 box=0.8184 cls=0.6254 dfl=0.0041 mard=2.0020 lambda=0.0361 pseudo_boxes=76 avg_conf=0.8610 lr=7.63174e-06
[Epoch 051/060] batch 0330/0372 loss=12.8648 det=12.8010 box=0.8985 cls=0.7680 dfl=0.0032 mard=2.0106 lambda=0.0317 pseudo_boxes=88 avg_conf=0.8174 lr=7.63174e-06
[Epoch 051/060] batch 0340/0372 loss=13.9263 det=13.8585 box=0.9443 cls=0.8719 dfl=0.0046 mard=2.0115 lambda=0.0337 pseudo_boxes=79 avg_conf=0.8371 lr=7.63174e-06
[Epoch 051/060] batch 0350/0372 loss=13.6953 det=13.6328 box=1.0303 cls=0.7213 dfl=0.0042 mard=2.0117 lambda=0.0310 pseudo_boxes=76 avg_conf=0.8105 lr=7.63174e-06
[Epoch 051/060] batch 0360/0372 loss=12.5486 det=12.4826 box=0.9579 cls=0.6300 dfl=0.0037 mard=2.0175 lambda=0.0327 pseudo_boxes=85 avg_conf=0.8272 lr=7.63174e-06
[Epoch 051/060] batch 0370/0372 loss=12.2734 det=12.2039 box=0.8843 cls=0.6981 dfl=0.0040 mard=2.0208 lambda=0.0344 pseudo_boxes=63 avg_conf=0.8438 lr=7.63174e-06
[Epoch 051/060] batch 0372/0372 loss=11.1113 det=11.0455 box=0.9013 cls=0.7309 dfl=0.0047 mard=2.0225 lambda=0.0326 pseudo_boxes=95 avg_conf=0.8257 lr=7.63174e-06
[Epoch 051/060] done time=266.6s valid_batches=372 skipped=0 pseudo_boxes=28021 loss=12.4341 det=12.3664 box=0.9000 cls=0.7153 dfl=0.0038 mard=2.0122
[Epoch 052/060] start
[Epoch 052/060] batch 0001/0372 loss=16.7570 det=16.6934 box=1.1637 cls=0.9770 dfl=0.0059 mard=2.0050 lambda=0.0317 pseudo_boxes=82 avg_conf=0.8174 lr=6.39518e-06
[Epoch 052/060] batch 0010/0372 loss=14.4121 det=14.3428 box=1.0407 cls=0.7908 dfl=0.0042 mard=2.0109 lambda=0.0345 pseudo_boxes=78 avg_conf=0.8448 lr=6.39518e-06
[Epoch 052/060] batch 0020/0372 loss=14.0031 det=13.9355 box=1.0084 cls=0.7799 dfl=0.0049 mard=2.0308 lambda=0.0333 pseudo_boxes=86 avg_conf=0.8331 lr=6.39518e-06
[Epoch 052/060] batch 0030/0372 loss=14.5280 det=14.4605 box=1.1253 cls=0.7124 dfl=0.0043 mard=2.0017 lambda=0.0337 pseudo_boxes=88 avg_conf=0.8373 lr=6.39518e-06
[Epoch 052/060] batch 0040/0372 loss=11.5503 det=11.4813 box=0.8702 cls=0.6000 dfl=0.0029 mard=2.0101 lambda=0.0343 pseudo_boxes=89 avg_conf=0.8434 lr=6.39518e-06
[Epoch 052/060] batch 0050/0372 loss=12.5441 det=12.4781 box=0.9690 cls=0.6301 dfl=0.0034 mard=2.0008 lambda=0.0330 pseudo_boxes=75 avg_conf=0.8297 lr=6.39518e-06
[Epoch 052/060] batch 0060/0372 loss=12.6546 det=12.5860 box=0.8252 cls=0.8139 dfl=0.0034 mard=2.0195 lambda=0.0339 pseudo_boxes=54 avg_conf=0.8395 lr=6.39518e-06
[Epoch 052/060] batch 0070/0372 loss=11.9090 det=11.8395 box=0.8696 cls=0.6680 dfl=0.0030 mard=2.0105 lambda=0.0346 pseudo_boxes=73 avg_conf=0.8457 lr=6.39518e-06
[Epoch 052/060] batch 0080/0372 loss=10.7576 det=10.6893 box=0.7929 cls=0.8075 dfl=0.0029 mard=2.0082 lambda=0.0340 pseudo_boxes=84 avg_conf=0.8397 lr=6.39518e-06
[Epoch 052/060] batch 0090/0372 loss=9.5205 det=9.4541 box=0.7224 cls=0.4754 dfl=0.0031 mard=2.0021 lambda=0.0332 pseudo_boxes=79 avg_conf=0.8320 lr=6.39518e-06
[Epoch 052/060] batch 0100/0372 loss=12.6579 det=12.5929 box=1.0729 cls=0.7812 dfl=0.0050 mard=2.0097 lambda=0.0323 pseudo_boxes=68 avg_conf=0.8234 lr=6.39518e-06
[Epoch 052/060] batch 0110/0372 loss=13.5992 det=13.5311 box=0.9674 cls=0.8064 dfl=0.0043 mard=2.0051 lambda=0.0339 pseudo_boxes=56 avg_conf=0.8394 lr=6.39518e-06
[Epoch 052/060] batch 0120/0372 loss=12.4774 det=12.4115 box=0.8983 cls=0.7078 dfl=0.0046 mard=2.0145 lambda=0.0327 pseudo_boxes=71 avg_conf=0.8271 lr=6.39518e-06
[Epoch 052/060] batch 0130/0372 loss=14.1623 det=14.0981 box=0.9747 cls=0.8423 dfl=0.0038 mard=2.0116 lambda=0.0319 pseudo_boxes=75 avg_conf=0.8190 lr=6.39518e-06
[Epoch 052/060] batch 0140/0372 loss=15.7934 det=15.7314 box=1.0798 cls=0.9637 dfl=0.0038 mard=2.0107 lambda=0.0308 pseudo_boxes=78 avg_conf=0.8083 lr=6.39518e-06
[Epoch 052/060] batch 0150/0372 loss=15.6745 det=15.6133 box=1.1881 cls=0.8050 dfl=0.0037 mard=2.0186 lambda=0.0303 pseudo_boxes=75 avg_conf=0.8030 lr=6.39518e-06
[Epoch 052/060] batch 0160/0372 loss=15.0728 det=15.0038 box=1.0272 cls=0.9467 dfl=0.0037 mard=2.0156 lambda=0.0342 pseudo_boxes=104 avg_conf=0.8425 lr=6.39518e-06
[Epoch 052/060] batch 0170/0372 loss=12.3933 det=12.3307 box=0.8772 cls=0.6886 dfl=0.0033 mard=1.9996 lambda=0.0313 pseudo_boxes=91 avg_conf=0.8126 lr=6.39518e-06
[Epoch 052/060] batch 0180/0372 loss=15.4652 det=15.4010 box=1.0847 cls=0.9180 dfl=0.0035 mard=2.0213 lambda=0.0317 pseudo_boxes=82 avg_conf=0.8173 lr=6.39518e-06
[Epoch 052/060] batch 0190/0372 loss=13.2986 det=13.2356 box=1.0383 cls=0.6506 dfl=0.0040 mard=2.0072 lambda=0.0314 pseudo_boxes=87 avg_conf=0.8137 lr=6.39518e-06
[Epoch 052/060] batch 0200/0372 loss=13.0714 det=13.0024 box=1.0696 cls=0.8583 dfl=0.0043 mard=2.0041 lambda=0.0344 pseudo_boxes=75 avg_conf=0.8443 lr=6.39518e-06
[Epoch 052/060] batch 0210/0372 loss=10.8365 det=10.7717 box=0.7234 cls=0.6441 dfl=0.0024 mard=2.0066 lambda=0.0323 pseudo_boxes=52 avg_conf=0.8232 lr=6.39518e-06
[Epoch 052/060] batch 0220/0372 loss=11.0889 det=11.0213 box=0.7731 cls=0.6442 dfl=0.0030 mard=2.0008 lambda=0.0338 pseudo_boxes=103 avg_conf=0.8378 lr=6.39518e-06
[Epoch 052/060] batch 0230/0372 loss=10.7993 det=10.7347 box=0.8348 cls=0.7364 dfl=0.0030 mard=2.0218 lambda=0.0319 pseudo_boxes=55 avg_conf=0.8194 lr=6.39518e-06
[Epoch 052/060] batch 0240/0372 loss=15.1184 det=15.0521 box=1.0817 cls=0.8888 dfl=0.0051 mard=2.0256 lambda=0.0327 pseudo_boxes=81 avg_conf=0.8273 lr=6.39518e-06
[Epoch 052/060] batch 0250/0372 loss=8.6587 det=8.5877 box=0.7775 cls=0.4646 dfl=0.0033 mard=2.0030 lambda=0.0354 pseudo_boxes=47 avg_conf=0.8544 lr=6.39518e-06
[Epoch 052/060] batch 0260/0372 loss=11.0716 det=11.0006 box=0.7723 cls=0.6433 dfl=0.0035 mard=2.0061 lambda=0.0354 pseudo_boxes=53 avg_conf=0.8537 lr=6.39518e-06
[Epoch 052/060] batch 0270/0372 loss=11.1309 det=11.0633 box=0.7420 cls=0.6621 dfl=0.0034 mard=2.0039 lambda=0.0337 pseudo_boxes=104 avg_conf=0.8373 lr=6.39518e-06
[Epoch 052/060] batch 0280/0372 loss=12.0984 det=12.0306 box=0.8662 cls=0.6850 dfl=0.0032 mard=2.0127 lambda=0.0337 pseudo_boxes=67 avg_conf=0.8372 lr=6.39518e-06
[Epoch 052/060] batch 0290/0372 loss=14.9930 det=14.9308 box=1.0200 cls=0.9367 dfl=0.0044 mard=2.0097 lambda=0.0310 pseudo_boxes=71 avg_conf=0.8096 lr=6.39518e-06
[Epoch 052/060] batch 0300/0372 loss=8.8536 det=8.7830 box=0.7474 cls=0.5036 dfl=0.0033 mard=2.0089 lambda=0.0352 pseudo_boxes=34 avg_conf=0.8517 lr=6.39518e-06
[Epoch 052/060] batch 0310/0372 loss=12.5963 det=12.5316 box=0.9669 cls=0.8880 dfl=0.0039 mard=2.0099 lambda=0.0322 pseudo_boxes=56 avg_conf=0.8219 lr=6.39518e-06
[Epoch 052/060] batch 0320/0372 loss=15.5160 det=15.4451 box=1.2060 cls=0.7859 dfl=0.0052 mard=2.0246 lambda=0.0350 pseudo_boxes=68 avg_conf=0.8501 lr=6.39518e-06
[Epoch 052/060] batch 0330/0372 loss=13.2230 det=13.1558 box=1.0085 cls=0.7000 dfl=0.0033 mard=2.0192 lambda=0.0333 pseudo_boxes=44 avg_conf=0.8330 lr=6.39518e-06
[Epoch 052/060] batch 0340/0372 loss=13.1017 det=13.0274 box=0.9281 cls=0.7551 dfl=0.0038 mard=2.0174 lambda=0.0368 pseudo_boxes=88 avg_conf=0.8680 lr=6.39518e-06
[Epoch 052/060] batch 0350/0372 loss=14.0742 det=14.0147 box=1.0691 cls=0.7586 dfl=0.0040 mard=1.9962 lambda=0.0298 pseudo_boxes=85 avg_conf=0.7979 lr=6.39518e-06
[Epoch 052/060] batch 0360/0372 loss=11.1601 det=11.0937 box=0.8480 cls=0.5716 dfl=0.0031 mard=2.0342 lambda=0.0326 pseudo_boxes=100 avg_conf=0.8261 lr=6.39518e-06
[Epoch 052/060] batch 0370/0372 loss=14.9528 det=14.8864 box=1.0222 cls=0.9212 dfl=0.0045 mard=2.0079 lambda=0.0331 pseudo_boxes=97 avg_conf=0.8306 lr=6.39518e-06
[Epoch 052/060] batch 0372/0372 loss=9.0370 det=8.9708 box=0.7864 cls=0.5184 dfl=0.0037 mard=2.0068 lambda=0.0330 pseudo_boxes=68 avg_conf=0.8298 lr=6.39518e-06
[Epoch 052/060] done time=266.7s valid_batches=372 skipped=0 pseudo_boxes=28027 loss=12.3495 det=12.2818 box=0.8917 cls=0.7086 dfl=0.0038 mard=2.0118
[Epoch 053/060] start
[Epoch 053/060] batch 0001/0372 loss=13.2499 det=13.1867 box=0.9754 cls=0.7358 dfl=0.0035 mard=2.0031 lambda=0.0316 pseudo_boxes=89 avg_conf=0.8155 lr=5.2795e-06
[Epoch 053/060] batch 0010/0372 loss=10.8437 det=10.7755 box=0.8222 cls=0.5691 dfl=0.0041 mard=2.0312 lambda=0.0336 pseudo_boxes=63 avg_conf=0.8357 lr=5.2795e-06
[Epoch 053/060] batch 0020/0372 loss=11.9746 det=11.9110 box=0.7919 cls=0.7478 dfl=0.0036 mard=1.9998 lambda=0.0318 pseudo_boxes=84 avg_conf=0.8181 lr=5.2795e-06
[Epoch 053/060] batch 0030/0372 loss=11.6651 det=11.5970 box=0.8948 cls=0.5754 dfl=0.0033 mard=2.0263 lambda=0.0336 pseudo_boxes=88 avg_conf=0.8359 lr=5.2795e-06
[Epoch 053/060] batch 0040/0372 loss=16.1488 det=16.0838 box=0.9602 cls=1.1593 dfl=0.0048 mard=2.0155 lambda=0.0322 pseudo_boxes=79 avg_conf=0.8224 lr=5.2795e-06
[Epoch 053/060] batch 0050/0372 loss=9.7473 det=9.6758 box=0.7066 cls=0.5381 dfl=0.0027 mard=2.0281 lambda=0.0352 pseudo_boxes=56 avg_conf=0.8523 lr=5.2795e-06
[Epoch 053/060] batch 0060/0372 loss=9.3832 det=9.3113 box=0.7492 cls=0.4383 dfl=0.0029 mard=2.0232 lambda=0.0356 pseudo_boxes=59 avg_conf=0.8555 lr=5.2795e-06
[Epoch 053/060] batch 0070/0372 loss=12.0459 det=11.9797 box=0.8531 cls=0.6776 dfl=0.0033 mard=2.0047 lambda=0.0330 pseudo_boxes=56 avg_conf=0.8297 lr=5.2795e-06
[Epoch 053/060] batch 0080/0372 loss=9.0962 det=9.0262 box=0.6573 cls=0.4945 dfl=0.0029 mard=2.0037 lambda=0.0350 pseudo_boxes=56 avg_conf=0.8495 lr=5.2795e-06
[Epoch 053/060] batch 0090/0372 loss=13.7353 det=13.6655 box=0.9461 cls=0.8202 dfl=0.0043 mard=1.9987 lambda=0.0349 pseudo_boxes=64 avg_conf=0.8493 lr=5.2795e-06
[Epoch 053/060] batch 0100/0372 loss=12.9073 det=12.8418 box=0.9434 cls=0.7029 dfl=0.0032 mard=2.0114 lambda=0.0325 pseudo_boxes=86 avg_conf=0.8253 lr=5.2795e-06
[Epoch 053/060] batch 0110/0372 loss=12.7112 det=12.6436 box=0.8664 cls=0.7600 dfl=0.0036 mard=2.0046 lambda=0.0337 pseudo_boxes=77 avg_conf=0.8373 lr=5.2795e-06
[Epoch 053/060] batch 0120/0372 loss=12.8379 det=12.7669 box=0.9753 cls=0.6548 dfl=0.0042 mard=2.0083 lambda=0.0353 pseudo_boxes=67 avg_conf=0.8533 lr=5.2795e-06
[Epoch 053/060] batch 0130/0372 loss=11.2698 det=11.2048 box=0.8411 cls=0.5791 dfl=0.0039 mard=2.0131 lambda=0.0323 pseudo_boxes=93 avg_conf=0.8230 lr=5.2795e-06
[Epoch 053/060] batch 0140/0372 loss=10.5204 det=10.4488 box=0.7466 cls=0.5968 dfl=0.0037 mard=2.0169 lambda=0.0355 pseudo_boxes=71 avg_conf=0.8548 lr=5.2795e-06
[Epoch 053/060] batch 0150/0372 loss=10.8191 det=10.7498 box=0.8027 cls=0.5712 dfl=0.0043 mard=1.9957 lambda=0.0347 pseudo_boxes=80 avg_conf=0.8472 lr=5.2795e-06
[Epoch 053/060] batch 0160/0372 loss=11.0917 det=11.0257 box=0.7665 cls=0.6488 dfl=0.0032 mard=1.9983 lambda=0.0330 pseudo_boxes=68 avg_conf=0.8304 lr=5.2795e-06
[Epoch 053/060] batch 0170/0372 loss=12.4209 det=12.3521 box=0.9168 cls=0.6676 dfl=0.0046 mard=2.0052 lambda=0.0343 pseudo_boxes=73 avg_conf=0.8430 lr=5.2795e-06
[Epoch 053/060] batch 0180/0372 loss=11.3836 det=11.3126 box=0.7925 cls=0.6825 dfl=0.0024 mard=2.0039 lambda=0.0355 pseudo_boxes=58 avg_conf=0.8546 lr=5.2795e-06
[Epoch 053/060] batch 0190/0372 loss=11.2027 det=11.1345 box=0.8022 cls=0.6147 dfl=0.0044 mard=2.0239 lambda=0.0337 pseudo_boxes=77 avg_conf=0.8368 lr=5.2795e-06
[Epoch 053/060] batch 0200/0372 loss=13.4949 det=13.4269 box=0.9614 cls=0.7769 dfl=0.0036 mard=2.0097 lambda=0.0338 pseudo_boxes=91 avg_conf=0.8381 lr=5.2795e-06
[Epoch 053/060] batch 0210/0372 loss=12.4709 det=12.4023 box=0.8561 cls=0.7504 dfl=0.0034 mard=2.0035 lambda=0.0342 pseudo_boxes=79 avg_conf=0.8420 lr=5.2795e-06
[Epoch 053/060] batch 0220/0372 loss=12.2017 det=12.1326 box=0.7736 cls=0.7890 dfl=0.0035 mard=2.0044 lambda=0.0345 pseudo_boxes=48 avg_conf=0.8447 lr=5.2795e-06
[Epoch 053/060] batch 0230/0372 loss=9.4703 det=9.4060 box=0.8291 cls=0.5276 dfl=0.0042 mard=2.0105 lambda=0.0320 pseudo_boxes=83 avg_conf=0.8198 lr=5.2795e-06
[Epoch 053/060] batch 0240/0372 loss=9.6797 det=9.6046 box=0.6848 cls=0.5400 dfl=0.0027 mard=1.9953 lambda=0.0376 pseudo_boxes=68 avg_conf=0.8762 lr=5.2795e-06
[Epoch 053/060] batch 0250/0372 loss=14.9080 det=14.8448 box=1.0840 cls=0.8258 dfl=0.0045 mard=2.0253 lambda=0.0312 pseudo_boxes=85 avg_conf=0.8123 lr=5.2795e-06
[Epoch 053/060] batch 0260/0372 loss=9.6659 det=9.5939 box=0.6861 cls=0.5280 dfl=0.0039 mard=2.0002 lambda=0.0360 pseudo_boxes=68 avg_conf=0.8598 lr=5.2795e-06
[Epoch 053/060] batch 0270/0372 loss=10.2285 det=10.1599 box=0.7905 cls=0.5092 dfl=0.0027 mard=2.0024 lambda=0.0343 pseudo_boxes=73 avg_conf=0.8425 lr=5.2795e-06
[Epoch 053/060] batch 0280/0372 loss=10.6082 det=10.5372 box=0.8058 cls=0.5393 dfl=0.0029 mard=2.0270 lambda=0.0350 pseudo_boxes=63 avg_conf=0.8500 lr=5.2795e-06
[Epoch 053/060] batch 0290/0372 loss=8.8419 det=8.7746 box=0.5891 cls=0.5351 dfl=0.0025 mard=2.0014 lambda=0.0336 pseudo_boxes=56 avg_conf=0.8360 lr=5.2795e-06
[Epoch 053/060] batch 0300/0372 loss=10.3023 det=10.2338 box=0.7193 cls=0.5863 dfl=0.0031 mard=2.0110 lambda=0.0340 pseudo_boxes=88 avg_conf=0.8404 lr=5.2795e-06
[Epoch 053/060] batch 0310/0372 loss=14.4160 det=14.3534 box=1.0496 cls=0.8114 dfl=0.0040 mard=2.0182 lambda=0.0310 pseudo_boxes=64 avg_conf=0.8105 lr=5.2795e-06
[Epoch 053/060] batch 0320/0372 loss=9.3206 det=9.2456 box=0.6426 cls=0.5364 dfl=0.0033 mard=2.0069 lambda=0.0373 pseudo_boxes=64 avg_conf=0.8735 lr=5.2795e-06
[Epoch 053/060] batch 0330/0372 loss=10.4536 det=10.3830 box=0.7217 cls=0.5951 dfl=0.0043 mard=2.0094 lambda=0.0352 pseudo_boxes=68 avg_conf=0.8518 lr=5.2795e-06
[Epoch 053/060] batch 0340/0372 loss=11.7780 det=11.7128 box=0.8049 cls=0.7063 dfl=0.0026 mard=2.0100 lambda=0.0325 pseudo_boxes=71 avg_conf=0.8246 lr=5.2795e-06
[Epoch 053/060] batch 0350/0372 loss=14.8517 det=14.7817 box=1.0564 cls=0.8532 dfl=0.0048 mard=2.0204 lambda=0.0347 pseudo_boxes=57 avg_conf=0.8467 lr=5.2795e-06
[Epoch 053/060] batch 0360/0372 loss=13.7777 det=13.7079 box=0.9093 cls=0.8498 dfl=0.0036 mard=2.0346 lambda=0.0343 pseudo_boxes=82 avg_conf=0.8430 lr=5.2795e-06
[Epoch 053/060] batch 0370/0372 loss=11.0657 det=10.9925 box=0.7587 cls=0.6567 dfl=0.0030 mard=2.0175 lambda=0.0363 pseudo_boxes=54 avg_conf=0.8629 lr=5.2795e-06
[Epoch 053/060] batch 0372/0372 loss=9.8693 det=9.7983 box=0.8495 cls=0.5730 dfl=0.0033 mard=2.0229 lambda=0.0351 pseudo_boxes=88 avg_conf=0.8507 lr=5.2795e-06
[Epoch 053/060] done time=266.4s valid_batches=372 skipped=0 pseudo_boxes=28001 loss=12.2182 det=12.1507 box=0.8813 cls=0.6990 dfl=0.0037 mard=2.0113
[Epoch 054/060] start
[Epoch 054/060] batch 0001/0372 loss=12.6672 det=12.5974 box=0.8952 cls=0.7456 dfl=0.0037 mard=2.0238 lambda=0.0345 pseudo_boxes=63 avg_conf=0.8448 lr=4.28777e-06
[Epoch 054/060] batch 0010/0372 loss=11.9889 det=11.9186 box=0.8175 cls=0.7066 dfl=0.0038 mard=2.0175 lambda=0.0349 pseudo_boxes=63 avg_conf=0.8486 lr=4.28777e-06
[Epoch 054/060] batch 0020/0372 loss=14.9658 det=14.8986 box=1.0291 cls=0.8941 dfl=0.0045 mard=2.0124 lambda=0.0334 pseudo_boxes=77 avg_conf=0.8339 lr=4.28777e-06
[Epoch 054/060] batch 0030/0372 loss=10.5994 det=10.5374 box=0.8533 cls=0.4828 dfl=0.0033 mard=2.0122 lambda=0.0308 pseudo_boxes=96 avg_conf=0.8083 lr=4.28777e-06
[Epoch 054/060] batch 0040/0372 loss=11.5886 det=11.5169 box=0.9501 cls=0.7320 dfl=0.0037 mard=2.0066 lambda=0.0357 pseudo_boxes=53 avg_conf=0.8569 lr=4.28777e-06
[Epoch 054/060] batch 0050/0372 loss=12.5654 det=12.5059 box=0.9454 cls=0.6481 dfl=0.0034 mard=2.0047 lambda=0.0297 pseudo_boxes=79 avg_conf=0.7969 lr=4.28777e-06
[Epoch 054/060] batch 0060/0372 loss=13.9539 det=13.8944 box=1.0390 cls=0.7400 dfl=0.0038 mard=1.9992 lambda=0.0297 pseudo_boxes=87 avg_conf=0.7974 lr=4.28777e-06
[Epoch 054/060] batch 0070/0372 loss=11.8037 det=11.7414 box=0.8223 cls=0.6828 dfl=0.0030 mard=2.0175 lambda=0.0309 pseudo_boxes=83 avg_conf=0.8090 lr=4.28777e-06
[Epoch 054/060] batch 0080/0372 loss=11.7120 det=11.6408 box=0.8892 cls=0.8210 dfl=0.0041 mard=2.0130 lambda=0.0354 pseudo_boxes=60 avg_conf=0.8539 lr=4.28777e-06
[Epoch 054/060] batch 0090/0372 loss=13.9391 det=13.8736 box=0.9137 cls=0.8628 dfl=0.0046 mard=2.0112 lambda=0.0326 pseudo_boxes=69 avg_conf=0.8261 lr=4.28777e-06
[Epoch 054/060] batch 0100/0372 loss=12.8365 det=12.7731 box=0.8770 cls=0.7513 dfl=0.0047 mard=2.0113 lambda=0.0315 pseudo_boxes=92 avg_conf=0.8152 lr=4.28777e-06
[Epoch 054/060] batch 0110/0372 loss=15.0893 det=15.0291 box=1.0877 cls=0.8530 dfl=0.0046 mard=1.9989 lambda=0.0301 pseudo_boxes=81 avg_conf=0.8011 lr=4.28777e-06
[Epoch 054/060] batch 0120/0372 loss=12.6987 det=12.6387 box=0.9749 cls=0.8891 dfl=0.0032 mard=1.9897 lambda=0.0302 pseudo_boxes=73 avg_conf=0.8017 lr=4.28777e-06
[Epoch 054/060] batch 0130/0372 loss=12.6093 det=12.5453 box=0.9090 cls=0.7035 dfl=0.0044 mard=2.0048 lambda=0.0319 pseudo_boxes=61 avg_conf=0.8195 lr=4.28777e-06
[Epoch 054/060] batch 0140/0372 loss=15.7418 det=15.6706 box=1.1854 cls=0.8172 dfl=0.0058 mard=2.0249 lambda=0.0351 pseudo_boxes=78 avg_conf=0.8513 lr=4.28777e-06
[Epoch 054/060] batch 0150/0372 loss=12.3585 det=12.2941 box=0.9117 cls=0.6587 dfl=0.0037 mard=2.0010 lambda=0.0322 pseudo_boxes=88 avg_conf=0.8220 lr=4.28777e-06
[Epoch 054/060] batch 0160/0372 loss=15.2965 det=15.2343 box=1.0768 cls=0.8822 dfl=0.0045 mard=2.0007 lambda=0.0311 pseudo_boxes=85 avg_conf=0.8112 lr=4.28777e-06
[Epoch 054/060] batch 0170/0372 loss=13.5829 det=13.5126 box=1.0161 cls=0.7517 dfl=0.0042 mard=2.0146 lambda=0.0349 pseudo_boxes=57 avg_conf=0.8490 lr=4.28777e-06
[Epoch 054/060] batch 0180/0372 loss=13.1841 det=13.1116 box=0.9902 cls=0.6936 dfl=0.0053 mard=2.0178 lambda=0.0359 pseudo_boxes=75 avg_conf=0.8589 lr=4.28777e-06
[Epoch 054/060] batch 0190/0372 loss=10.3501 det=10.2801 box=0.7795 cls=0.5370 dfl=0.0032 mard=2.0060 lambda=0.0349 pseudo_boxes=70 avg_conf=0.8492 lr=4.28777e-06
[Epoch 054/060] batch 0200/0372 loss=10.1207 det=10.0510 box=0.6868 cls=0.6207 dfl=0.0035 mard=2.0019 lambda=0.0348 pseudo_boxes=40 avg_conf=0.8479 lr=4.28777e-06
[Epoch 054/060] batch 0210/0372 loss=11.9979 det=11.9322 box=0.8759 cls=0.6518 dfl=0.0031 mard=1.9934 lambda=0.0330 pseudo_boxes=89 avg_conf=0.8298 lr=4.28777e-06
[Epoch 054/060] batch 0220/0372 loss=13.0661 det=13.0040 box=0.8682 cls=0.8311 dfl=0.0028 mard=2.0098 lambda=0.0309 pseudo_boxes=77 avg_conf=0.8088 lr=4.28777e-06
[Epoch 054/060] batch 0230/0372 loss=11.9114 det=11.8489 box=0.8556 cls=0.6620 dfl=0.0031 mard=2.0009 lambda=0.0312 pseudo_boxes=73 avg_conf=0.8124 lr=4.28777e-06
[Epoch 054/060] batch 0240/0372 loss=12.7277 det=12.6632 box=0.9842 cls=0.6750 dfl=0.0032 mard=2.0152 lambda=0.0320 pseudo_boxes=65 avg_conf=0.8197 lr=4.28777e-06
[Epoch 054/060] batch 0250/0372 loss=13.8334 det=13.7739 box=0.9473 cls=0.8105 dfl=0.0035 mard=2.0061 lambda=0.0297 pseudo_boxes=94 avg_conf=0.7969 lr=4.28777e-06
[Epoch 054/060] batch 0260/0372 loss=9.8679 det=9.7998 box=0.7473 cls=0.4945 dfl=0.0025 mard=1.9988 lambda=0.0341 pseudo_boxes=60 avg_conf=0.8406 lr=4.28777e-06
[Epoch 054/060] batch 0270/0372 loss=17.8947 det=17.8223 box=1.1040 cls=1.1937 dfl=0.0055 mard=2.0227 lambda=0.0358 pseudo_boxes=55 avg_conf=0.8576 lr=4.28777e-06
[Epoch 054/060] batch 0280/0372 loss=10.9441 det=10.8807 box=0.9175 cls=0.6532 dfl=0.0032 mard=2.0061 lambda=0.0316 pseudo_boxes=76 avg_conf=0.8160 lr=4.28777e-06
[Epoch 054/060] batch 0290/0372 loss=7.7762 det=7.7026 box=0.6582 cls=0.4620 dfl=0.0040 mard=2.0258 lambda=0.0363 pseudo_boxes=66 avg_conf=0.8633 lr=4.28777e-06
[Epoch 054/060] batch 0300/0372 loss=9.2770 det=9.2032 box=0.6636 cls=0.5050 dfl=0.0027 mard=2.0447 lambda=0.0361 pseudo_boxes=83 avg_conf=0.8609 lr=4.28777e-06
[Epoch 054/060] batch 0310/0372 loss=11.7135 det=11.6463 box=0.8177 cls=0.6658 dfl=0.0028 mard=2.0131 lambda=0.0334 pseudo_boxes=75 avg_conf=0.8340 lr=4.28777e-06
[Epoch 054/060] batch 0320/0372 loss=16.0156 det=15.9514 box=1.1414 cls=0.9208 dfl=0.0044 mard=1.9998 lambda=0.0321 pseudo_boxes=125 avg_conf=0.8215 lr=4.28777e-06
[Epoch 054/060] batch 0330/0372 loss=10.0978 det=10.0297 box=0.7149 cls=0.5611 dfl=0.0030 mard=2.0079 lambda=0.0339 pseudo_boxes=48 avg_conf=0.8394 lr=4.28777e-06
[Epoch 054/060] batch 0340/0372 loss=11.7698 det=11.7014 box=0.8559 cls=0.6343 dfl=0.0038 mard=2.0131 lambda=0.0340 pseudo_boxes=78 avg_conf=0.8398 lr=4.28777e-06
[Epoch 054/060] batch 0350/0372 loss=11.6790 det=11.6123 box=0.8544 cls=0.6227 dfl=0.0037 mard=2.0077 lambda=0.0332 pseudo_boxes=98 avg_conf=0.8322 lr=4.28777e-06
[Epoch 054/060] batch 0360/0372 loss=16.9390 det=16.8777 box=1.1393 cls=1.0144 dfl=0.0045 mard=2.0217 lambda=0.0303 pseudo_boxes=71 avg_conf=0.8034 lr=4.28777e-06
[Epoch 054/060] batch 0370/0372 loss=13.3874 det=13.3232 box=0.9644 cls=0.7351 dfl=0.0041 mard=2.0083 lambda=0.0320 pseudo_boxes=86 avg_conf=0.8196 lr=4.28777e-06
[Epoch 054/060] batch 0372/0372 loss=12.6283 det=12.5622 box=0.9219 cls=0.9367 dfl=0.0039 mard=1.9975 lambda=0.0331 pseudo_boxes=83 avg_conf=0.8312 lr=4.28777e-06
[Epoch 054/060] done time=266.4s valid_batches=372 skipped=0 pseudo_boxes=28032 loss=12.2815 det=12.2141 box=0.8871 cls=0.6989 dfl=0.0038 mard=2.0103
[Epoch 055/060] start
[Epoch 055/060] batch 0001/0372 loss=9.6564 det=9.5869 box=0.7188 cls=0.5053 dfl=0.0032 mard=1.9966 lambda=0.0348 pseudo_boxes=84 avg_conf=0.8481 lr=3.4227e-06
[Epoch 055/060] batch 0010/0372 loss=13.2175 det=13.1507 box=1.0502 cls=0.6294 dfl=0.0036 mard=2.0043 lambda=0.0333 pseudo_boxes=95 avg_conf=0.8335 lr=3.4227e-06
[Epoch 055/060] batch 0020/0372 loss=14.3141 det=14.2384 box=0.9643 cls=0.8878 dfl=0.0048 mard=2.0061 lambda=0.0377 pseudo_boxes=59 avg_conf=0.8774 lr=3.4227e-06
[Epoch 055/060] batch 0030/0372 loss=14.8597 det=14.7971 box=1.0822 cls=0.8193 dfl=0.0043 mard=1.9952 lambda=0.0314 pseudo_boxes=81 avg_conf=0.8136 lr=3.4227e-06
[Epoch 055/060] batch 0040/0372 loss=11.2635 det=11.1915 box=0.8147 cls=0.6284 dfl=0.0035 mard=2.0132 lambda=0.0358 pseudo_boxes=53 avg_conf=0.8577 lr=3.4227e-06
[Epoch 055/060] batch 0050/0372 loss=16.4657 det=16.3936 box=1.1659 cls=0.9518 dfl=0.0045 mard=2.0139 lambda=0.0358 pseudo_boxes=61 avg_conf=0.8577 lr=3.4227e-06
[Epoch 055/060] batch 0060/0372 loss=9.9259 det=9.8485 box=0.7083 cls=0.5487 dfl=0.0030 mard=2.0245 lambda=0.0382 pseudo_boxes=68 avg_conf=0.8824 lr=3.4227e-06
[Epoch 055/060] batch 0070/0372 loss=10.8744 det=10.8094 box=0.8064 cls=0.5687 dfl=0.0027 mard=2.0283 lambda=0.0320 pseudo_boxes=90 avg_conf=0.8202 lr=3.4227e-06
[Epoch 055/060] batch 0080/0372 loss=7.7378 det=7.6615 box=0.5008 cls=0.4769 dfl=0.0028 mard=2.0209 lambda=0.0377 pseudo_boxes=53 avg_conf=0.8775 lr=3.4227e-06
[Epoch 055/060] batch 0090/0372 loss=11.0387 det=10.9706 box=0.7796 cls=0.6243 dfl=0.0027 mard=2.0062 lambda=0.0339 pseudo_boxes=62 avg_conf=0.8394 lr=3.4227e-06
[Epoch 055/060] batch 0100/0372 loss=10.9634 det=10.8992 box=0.8331 cls=0.5480 dfl=0.0030 mard=2.0128 lambda=0.0319 pseudo_boxes=70 avg_conf=0.8191 lr=3.4227e-06
[Epoch 055/060] batch 0110/0372 loss=9.5900 det=9.5186 box=0.7773 cls=0.4228 dfl=0.0032 mard=1.9861 lambda=0.0359 pseudo_boxes=75 avg_conf=0.8592 lr=3.4227e-06
[Epoch 055/060] batch 0120/0372 loss=12.7827 det=12.7123 box=0.8545 cls=0.7927 dfl=0.0033 mard=2.0082 lambda=0.0351 pseudo_boxes=68 avg_conf=0.8508 lr=3.4227e-06
[Epoch 055/060] batch 0130/0372 loss=11.8546 det=11.7925 box=0.8655 cls=0.6472 dfl=0.0038 mard=1.9991 lambda=0.0311 pseudo_boxes=92 avg_conf=0.8106 lr=3.4227e-06
[Epoch 055/060] batch 0140/0372 loss=15.1264 det=15.0647 box=1.0573 cls=0.8784 dfl=0.0036 mard=2.0235 lambda=0.0305 pseudo_boxes=87 avg_conf=0.8050 lr=3.4227e-06
[Epoch 055/060] batch 0150/0372 loss=10.6575 det=10.5921 box=0.7983 cls=0.5421 dfl=0.0029 mard=1.9917 lambda=0.0328 pseudo_boxes=86 avg_conf=0.8282 lr=3.4227e-06
[Epoch 055/060] batch 0160/0372 loss=13.9232 det=13.8577 box=1.0276 cls=0.7640 dfl=0.0050 mard=1.9851 lambda=0.0330 pseudo_boxes=90 avg_conf=0.8302 lr=3.4227e-06
[Epoch 055/060] batch 0170/0372 loss=12.6479 det=12.5764 box=1.0440 cls=0.8233 dfl=0.0041 mard=2.0123 lambda=0.0355 pseudo_boxes=53 avg_conf=0.8550 lr=3.4227e-06
[Epoch 055/060] batch 0180/0372 loss=10.4800 det=10.4104 box=0.7044 cls=0.6256 dfl=0.0034 mard=2.0114 lambda=0.0346 pseudo_boxes=70 avg_conf=0.8463 lr=3.4227e-06
[Epoch 055/060] batch 0190/0372 loss=9.1724 det=9.1015 box=0.6757 cls=0.4838 dfl=0.0029 mard=2.0109 lambda=0.0353 pseudo_boxes=74 avg_conf=0.8529 lr=3.4227e-06
[Epoch 055/060] batch 0200/0372 loss=11.2786 det=11.2157 box=0.8071 cls=0.6328 dfl=0.0030 mard=2.0065 lambda=0.0314 pseudo_boxes=93 avg_conf=0.8137 lr=3.4227e-06
[Epoch 055/060] batch 0210/0372 loss=9.3257 det=9.2523 box=0.6914 cls=0.4783 dfl=0.0031 mard=2.0230 lambda=0.0363 pseudo_boxes=68 avg_conf=0.8631 lr=3.4227e-06
[Epoch 055/060] batch 0220/0372 loss=12.4635 det=12.3943 box=0.8341 cls=0.7587 dfl=0.0047 mard=2.0030 lambda=0.0346 pseudo_boxes=87 avg_conf=0.8459 lr=3.4227e-06
[Epoch 055/060] batch 0230/0372 loss=11.6149 det=11.5480 box=0.8273 cls=0.6406 dfl=0.0029 mard=2.0041 lambda=0.0334 pseudo_boxes=79 avg_conf=0.8336 lr=3.4227e-06
[Epoch 055/060] batch 0240/0372 loss=10.8706 det=10.7948 box=0.7231 cls=0.6448 dfl=0.0030 mard=2.0167 lambda=0.0375 pseudo_boxes=49 avg_conf=0.8755 lr=3.4227e-06
[Epoch 055/060] batch 0250/0372 loss=11.2327 det=11.1682 box=0.8209 cls=0.5932 dfl=0.0028 mard=2.0056 lambda=0.0322 pseudo_boxes=85 avg_conf=0.8218 lr=3.4227e-06
[Epoch 055/060] batch 0260/0372 loss=10.0370 det=9.9676 box=0.7003 cls=0.5709 dfl=0.0043 mard=2.0128 lambda=0.0345 pseudo_boxes=55 avg_conf=0.8451 lr=3.4227e-06
[Epoch 055/060] batch 0270/0372 loss=15.2703 det=15.2115 box=1.0348 cls=0.9447 dfl=0.0032 mard=2.0115 lambda=0.0292 pseudo_boxes=87 avg_conf=0.7920 lr=3.4227e-06
[Epoch 055/060] batch 0280/0372 loss=11.6549 det=11.5840 box=0.8170 cls=0.6626 dfl=0.0041 mard=2.0017 lambda=0.0354 pseudo_boxes=76 avg_conf=0.8543 lr=3.4227e-06
[Epoch 055/060] batch 0290/0372 loss=9.5575 det=9.4900 box=0.7005 cls=0.5079 dfl=0.0028 mard=2.0153 lambda=0.0335 pseudo_boxes=65 avg_conf=0.8350 lr=3.4227e-06
[Epoch 055/060] batch 0300/0372 loss=14.1274 det=14.0615 box=0.9721 cls=0.8248 dfl=0.0049 mard=2.0174 lambda=0.0327 pseudo_boxes=73 avg_conf=0.8269 lr=3.4227e-06
[Epoch 055/060] batch 0310/0372 loss=12.5253 det=12.4631 box=0.9524 cls=0.6371 dfl=0.0037 mard=2.0112 lambda=0.0309 pseudo_boxes=89 avg_conf=0.8095 lr=3.4227e-06
[Epoch 055/060] batch 0320/0372 loss=10.0410 det=9.9709 box=0.7171 cls=0.5561 dfl=0.0026 mard=2.0284 lambda=0.0346 pseudo_boxes=78 avg_conf=0.8456 lr=3.4227e-06
[Epoch 055/060] batch 0330/0372 loss=13.0096 det=12.9434 box=0.8328 cls=0.8208 dfl=0.0043 mard=2.0066 lambda=0.0330 pseudo_boxes=74 avg_conf=0.8300 lr=3.4227e-06
[Epoch 055/060] batch 0340/0372 loss=17.2018 det=17.1377 box=1.1889 cls=0.9988 dfl=0.0047 mard=2.0098 lambda=0.0319 pseudo_boxes=75 avg_conf=0.8191 lr=3.4227e-06
[Epoch 055/060] batch 0350/0372 loss=12.5465 det=12.4824 box=0.8909 cls=0.7093 dfl=0.0028 mard=1.9986 lambda=0.0321 pseudo_boxes=110 avg_conf=0.8209 lr=3.4227e-06
[Epoch 055/060] batch 0360/0372 loss=11.9249 det=11.8579 box=0.8744 cls=0.6447 dfl=0.0040 mard=2.0182 lambda=0.0332 pseudo_boxes=59 avg_conf=0.8319 lr=3.4227e-06
[Epoch 055/060] batch 0370/0372 loss=12.1972 det=12.1293 box=0.8779 cls=0.6905 dfl=0.0034 mard=2.0114 lambda=0.0338 pseudo_boxes=90 avg_conf=0.8375 lr=3.4227e-06
[Epoch 055/060] batch 0372/0372 loss=10.8932 det=10.8262 box=0.8657 cls=0.7154 dfl=0.0044 mard=1.9902 lambda=0.0337 pseudo_boxes=72 avg_conf=0.8371 lr=3.4227e-06
[Epoch 055/060] done time=266.4s valid_batches=372 skipped=0 pseudo_boxes=28075 loss=12.3862 det=12.3186 box=0.8918 cls=0.7053 dfl=0.0037 mard=2.0108
[Epoch 056/060] start
[Epoch 056/060] batch 0001/0372 loss=11.8560 det=11.7927 box=0.8487 cls=0.6503 dfl=0.0034 mard=2.0006 lambda=0.0316 pseudo_boxes=58 avg_conf=0.8163 lr=2.68667e-06
[Epoch 056/060] batch 0010/0372 loss=11.1421 det=11.0733 box=0.8481 cls=0.5477 dfl=0.0043 mard=2.0044 lambda=0.0343 pseudo_boxes=65 avg_conf=0.8435 lr=2.68667e-06
[Epoch 056/060] batch 0020/0372 loss=11.4928 det=11.4256 box=0.8266 cls=0.6306 dfl=0.0043 mard=2.0038 lambda=0.0335 pseudo_boxes=87 avg_conf=0.8354 lr=2.68667e-06
[Epoch 056/060] batch 0030/0372 loss=12.2418 det=12.1769 box=0.8109 cls=0.7320 dfl=0.0039 mard=2.0048 lambda=0.0324 pseudo_boxes=83 avg_conf=0.8237 lr=2.68667e-06
[Epoch 056/060] batch 0040/0372 loss=11.9919 det=11.9258 box=0.8831 cls=0.6245 dfl=0.0037 mard=1.9849 lambda=0.0333 pseudo_boxes=89 avg_conf=0.8330 lr=2.68667e-06
[Epoch 056/060] batch 0050/0372 loss=14.7453 det=14.6773 box=1.0546 cls=0.8239 dfl=0.0049 mard=2.0157 lambda=0.0337 pseudo_boxes=52 avg_conf=0.8370 lr=2.68667e-06
[Epoch 056/060] batch 0060/0372 loss=10.3661 det=10.2938 box=0.7549 cls=0.5561 dfl=0.0035 mard=2.0122 lambda=0.0359 pseudo_boxes=71 avg_conf=0.8595 lr=2.68667e-06
[Epoch 056/060] batch 0070/0372 loss=13.3788 det=13.3104 box=0.8610 cls=0.8370 dfl=0.0041 mard=2.0051 lambda=0.0341 pseudo_boxes=57 avg_conf=0.8411 lr=2.68667e-06
[Epoch 056/060] batch 0080/0372 loss=14.1995 det=14.1300 box=0.9233 cls=0.9040 dfl=0.0041 mard=2.0006 lambda=0.0347 pseudo_boxes=80 avg_conf=0.8473 lr=2.68667e-06
[Epoch 056/060] batch 0090/0372 loss=10.3931 det=10.3253 box=0.7373 cls=0.5757 dfl=0.0028 mard=2.0054 lambda=0.0338 pseudo_boxes=70 avg_conf=0.8382 lr=2.68667e-06
[Epoch 056/060] batch 0100/0372 loss=15.8947 det=15.8267 box=1.0737 cls=0.9591 dfl=0.0043 mard=2.0214 lambda=0.0336 pseudo_boxes=67 avg_conf=0.8362 lr=2.68667e-06
[Epoch 056/060] batch 0110/0372 loss=13.9175 det=13.8587 box=1.1716 cls=0.8465 dfl=0.0036 mard=2.0145 lambda=0.0292 pseudo_boxes=88 avg_conf=0.7917 lr=2.68667e-06
[Epoch 056/060] batch 0120/0372 loss=9.7971 det=9.7245 box=0.6645 cls=0.5719 dfl=0.0023 mard=2.0098 lambda=0.0361 pseudo_boxes=58 avg_conf=0.8612 lr=2.68667e-06
[Epoch 056/060] batch 0130/0372 loss=12.3439 det=12.2752 box=0.8211 cls=0.7439 dfl=0.0031 mard=2.0051 lambda=0.0343 pseudo_boxes=68 avg_conf=0.8428 lr=2.68667e-06
[Epoch 056/060] batch 0140/0372 loss=12.5776 det=12.5102 box=0.8638 cls=0.7265 dfl=0.0040 mard=2.0053 lambda=0.0337 pseudo_boxes=57 avg_conf=0.8365 lr=2.68667e-06
[Epoch 056/060] batch 0150/0372 loss=11.3686 det=11.2971 box=0.8831 cls=0.5649 dfl=0.0029 mard=2.0147 lambda=0.0355 pseudo_boxes=69 avg_conf=0.8550 lr=2.68667e-06
[Epoch 056/060] batch 0160/0372 loss=9.7357 det=9.6624 box=0.7204 cls=0.5095 dfl=0.0033 mard=1.9919 lambda=0.0368 pseudo_boxes=61 avg_conf=0.8680 lr=2.68667e-06
[Epoch 056/060] batch 0170/0372 loss=13.6077 det=13.5394 box=0.9508 cls=0.7937 dfl=0.0041 mard=2.0089 lambda=0.0340 pseudo_boxes=83 avg_conf=0.8401 lr=2.68667e-06
[Epoch 056/060] batch 0180/0372 loss=15.2664 det=15.2018 box=1.1776 cls=0.7498 dfl=0.0042 mard=2.0160 lambda=0.0321 pseudo_boxes=75 avg_conf=0.8206 lr=2.68667e-06
[Epoch 056/060] batch 0190/0372 loss=11.4748 det=11.4092 box=0.8053 cls=0.6458 dfl=0.0036 mard=1.9908 lambda=0.0329 pseudo_boxes=87 avg_conf=0.8295 lr=2.68667e-06
[Epoch 056/060] batch 0200/0372 loss=14.3843 det=14.3185 box=1.0190 cls=0.8123 dfl=0.0060 mard=2.0124 lambda=0.0327 pseudo_boxes=69 avg_conf=0.8271 lr=2.68667e-06
[Epoch 056/060] batch 0210/0372 loss=11.7202 det=11.6524 box=0.8208 cls=0.6680 dfl=0.0037 mard=2.0040 lambda=0.0338 pseudo_boxes=61 avg_conf=0.8383 lr=2.68667e-06
[Epoch 056/060] batch 0220/0372 loss=13.8907 det=13.8271 box=0.9640 cls=0.8299 dfl=0.0038 mard=1.9980 lambda=0.0318 pseudo_boxes=101 avg_conf=0.8182 lr=2.68667e-06
[Epoch 056/060] batch 0230/0372 loss=15.0885 det=15.0242 box=1.1490 cls=0.7633 dfl=0.0044 mard=2.0136 lambda=0.0320 pseudo_boxes=110 avg_conf=0.8196 lr=2.68667e-06
[Epoch 056/060] batch 0240/0372 loss=12.5757 det=12.5080 box=0.8772 cls=0.7136 dfl=0.0038 mard=2.0056 lambda=0.0337 pseudo_boxes=96 avg_conf=0.8374 lr=2.68667e-06
[Epoch 056/060] batch 0250/0372 loss=11.2347 det=11.1649 box=0.8365 cls=0.5908 dfl=0.0034 mard=2.0157 lambda=0.0346 pseudo_boxes=97 avg_conf=0.8464 lr=2.68667e-06
[Epoch 056/060] batch 0260/0372 loss=15.7071 det=15.6369 box=1.0792 cls=0.9331 dfl=0.0044 mard=2.0023 lambda=0.0351 pseudo_boxes=70 avg_conf=0.8505 lr=2.68667e-06
[Epoch 056/060] batch 0270/0372 loss=14.3262 det=14.2629 box=1.0684 cls=0.7569 dfl=0.0038 mard=1.9977 lambda=0.0317 pseudo_boxes=82 avg_conf=0.8173 lr=2.68667e-06
[Epoch 056/060] batch 0280/0372 loss=10.5316 det=10.4586 box=0.7361 cls=0.5968 dfl=0.0033 mard=2.0332 lambda=0.0359 pseudo_boxes=75 avg_conf=0.8594 lr=2.68667e-06
[Epoch 056/060] batch 0290/0372 loss=12.7734 det=12.7060 box=0.9531 cls=0.6839 dfl=0.0035 mard=2.0054 lambda=0.0336 pseudo_boxes=70 avg_conf=0.8363 lr=2.68667e-06
[Epoch 056/060] batch 0300/0372 loss=12.4205 det=12.3517 box=0.9023 cls=0.6698 dfl=0.0044 mard=2.0005 lambda=0.0344 pseudo_boxes=95 avg_conf=0.8441 lr=2.68667e-06
[Epoch 056/060] batch 0310/0372 loss=12.9726 det=12.9052 box=0.9096 cls=0.7499 dfl=0.0049 mard=2.0193 lambda=0.0334 pseudo_boxes=53 avg_conf=0.8336 lr=2.68667e-06
[Epoch 056/060] batch 0320/0372 loss=19.5123 det=19.4464 box=1.3520 cls=1.1662 dfl=0.0057 mard=2.0138 lambda=0.0327 pseudo_boxes=65 avg_conf=0.8274 lr=2.68667e-06
[Epoch 056/060] batch 0330/0372 loss=11.1188 det=11.0471 box=0.7806 cls=0.6365 dfl=0.0038 mard=2.0099 lambda=0.0357 pseudo_boxes=74 avg_conf=0.8569 lr=2.68667e-06
[Epoch 056/060] batch 0340/0372 loss=10.2395 det=10.1709 box=0.8776 cls=0.5817 dfl=0.0033 mard=1.9884 lambda=0.0345 pseudo_boxes=69 avg_conf=0.8448 lr=2.68667e-06
[Epoch 056/060] batch 0350/0372 loss=13.0345 det=12.9675 box=0.8926 cls=0.7691 dfl=0.0037 mard=1.9967 lambda=0.0335 pseudo_boxes=75 avg_conf=0.8354 lr=2.68667e-06
[Epoch 056/060] batch 0360/0372 loss=11.7646 det=11.7005 box=0.9916 cls=0.7073 dfl=0.0042 mard=2.0062 lambda=0.0320 pseudo_boxes=69 avg_conf=0.8198 lr=2.68667e-06
[Epoch 056/060] batch 0370/0372 loss=15.2119 det=15.1447 box=1.1559 cls=0.7777 dfl=0.0043 mard=2.0143 lambda=0.0334 pseudo_boxes=99 avg_conf=0.8336 lr=2.68667e-06
[Epoch 056/060] batch 0372/0372 loss=10.8430 det=10.7790 box=0.8459 cls=0.7314 dfl=0.0034 mard=2.0162 lambda=0.0317 pseudo_boxes=63 avg_conf=0.8173 lr=2.68667e-06
[Epoch 056/060] done time=266.3s valid_batches=372 skipped=0 pseudo_boxes=28042 loss=12.4232 det=12.3557 box=0.8899 cls=0.7065 dfl=0.0038 mard=2.0111
[Epoch 057/060] start
[Epoch 057/060] batch 0001/0372 loss=14.3801 det=14.3181 box=1.0915 cls=0.7309 dfl=0.0039 mard=2.0118 lambda=0.0308 pseudo_boxes=75 avg_conf=0.8077 lr=2.08169e-06
[Epoch 057/060] batch 0010/0372 loss=9.0245 det=8.9577 box=0.7521 cls=0.5489 dfl=0.0034 mard=1.9961 lambda=0.0335 pseudo_boxes=75 avg_conf=0.8347 lr=2.08169e-06
[Epoch 057/060] batch 0020/0372 loss=11.7202 det=11.6605 box=0.8761 cls=0.6038 dfl=0.0028 mard=2.0084 lambda=0.0297 pseudo_boxes=85 avg_conf=0.7971 lr=2.08169e-06
[Epoch 057/060] batch 0030/0372 loss=8.8726 det=8.8059 box=0.6820 cls=0.4237 dfl=0.0024 mard=1.9999 lambda=0.0333 pseudo_boxes=78 avg_conf=0.8333 lr=2.08169e-06
[Epoch 057/060] batch 0040/0372 loss=7.8990 det=7.8281 box=0.6122 cls=0.3697 dfl=0.0030 mard=2.0160 lambda=0.0352 pseudo_boxes=66 avg_conf=0.8515 lr=2.08169e-06
[Epoch 057/060] batch 0050/0372 loss=14.5436 det=14.4763 box=1.0188 cls=0.8391 dfl=0.0036 mard=2.0274 lambda=0.0332 pseudo_boxes=90 avg_conf=0.8320 lr=2.08169e-06
[Epoch 057/060] batch 0060/0372 loss=16.7754 det=16.7118 box=1.1237 cls=1.0391 dfl=0.0041 mard=2.0197 lambda=0.0315 pseudo_boxes=72 avg_conf=0.8150 lr=2.08169e-06
[Epoch 057/060] batch 0070/0372 loss=13.3194 det=13.2517 box=0.9981 cls=0.7037 dfl=0.0046 mard=2.0032 lambda=0.0338 pseudo_boxes=66 avg_conf=0.8382 lr=2.08169e-06
[Epoch 057/060] batch 0080/0372 loss=10.4479 det=10.3771 box=0.7353 cls=0.5710 dfl=0.0036 mard=2.0123 lambda=0.0352 pseudo_boxes=68 avg_conf=0.8519 lr=2.08169e-06
[Epoch 057/060] batch 0090/0372 loss=8.9892 det=8.9216 box=0.6585 cls=0.4661 dfl=0.0026 mard=2.0125 lambda=0.0336 pseudo_boxes=73 avg_conf=0.8363 lr=2.08169e-06
[Epoch 057/060] batch 0100/0372 loss=11.7749 det=11.7103 box=0.8051 cls=0.6834 dfl=0.0036 mard=1.9990 lambda=0.0323 pseudo_boxes=71 avg_conf=0.8230 lr=2.08169e-06
[Epoch 057/060] batch 0110/0372 loss=15.0520 det=14.9871 box=1.1168 cls=0.7750 dfl=0.0039 mard=2.0105 lambda=0.0323 pseudo_boxes=94 avg_conf=0.8230 lr=2.08169e-06
[Epoch 057/060] batch 0120/0372 loss=10.6023 det=10.5328 box=0.8015 cls=0.5344 dfl=0.0028 mard=2.0097 lambda=0.0346 pseudo_boxes=73 avg_conf=0.8462 lr=2.08169e-06
[Epoch 057/060] batch 0130/0372 loss=13.1037 det=13.0377 box=0.9682 cls=0.6768 dfl=0.0033 mard=2.0149 lambda=0.0327 pseudo_boxes=80 avg_conf=0.8274 lr=2.08169e-06
[Epoch 057/060] batch 0140/0372 loss=12.4676 det=12.3999 box=0.9351 cls=0.6348 dfl=0.0036 mard=1.9942 lambda=0.0340 pseudo_boxes=69 avg_conf=0.8396 lr=2.08169e-06
[Epoch 057/060] batch 0150/0372 loss=15.6043 det=15.5352 box=1.0899 cls=0.9058 dfl=0.0045 mard=2.0167 lambda=0.0343 pseudo_boxes=89 avg_conf=0.8428 lr=2.08169e-06
[Epoch 057/060] batch 0160/0372 loss=11.8771 det=11.8051 box=0.7825 cls=0.7198 dfl=0.0032 mard=2.0025 lambda=0.0360 pseudo_boxes=46 avg_conf=0.8597 lr=2.08169e-06
[Epoch 057/060] batch 0170/0372 loss=10.1827 det=10.1071 box=0.6501 cls=0.6499 dfl=0.0034 mard=2.0144 lambda=0.0375 pseudo_boxes=43 avg_conf=0.8754 lr=2.08169e-06
[Epoch 057/060] batch 0180/0372 loss=9.0335 det=8.9636 box=0.7414 cls=0.3851 dfl=0.0035 mard=2.0033 lambda=0.0349 pseudo_boxes=68 avg_conf=0.8490 lr=2.08169e-06
[Epoch 057/060] batch 0190/0372 loss=12.0397 det=11.9721 box=0.8268 cls=0.7009 dfl=0.0032 mard=2.0216 lambda=0.0334 pseudo_boxes=78 avg_conf=0.8343 lr=2.08169e-06
[Epoch 057/060] batch 0200/0372 loss=13.2293 det=13.1598 box=0.9796 cls=0.7058 dfl=0.0036 mard=1.9989 lambda=0.0348 pseudo_boxes=65 avg_conf=0.8476 lr=2.08169e-06
[Epoch 057/060] batch 0210/0372 loss=14.0003 det=13.9328 box=0.9810 cls=0.8019 dfl=0.0039 mard=2.0133 lambda=0.0335 pseudo_boxes=69 avg_conf=0.8353 lr=2.08169e-06
[Epoch 057/060] batch 0220/0372 loss=12.9857 det=12.9189 box=0.9671 cls=0.6884 dfl=0.0034 mard=2.0191 lambda=0.0331 pseudo_boxes=98 avg_conf=0.8308 lr=2.08169e-06
[Epoch 057/060] batch 0230/0372 loss=10.1428 det=10.0730 box=0.7134 cls=0.5571 dfl=0.0028 mard=2.0187 lambda=0.0346 pseudo_boxes=95 avg_conf=0.8457 lr=2.08169e-06
[Epoch 057/060] batch 0240/0372 loss=11.4347 det=11.3644 box=0.8995 cls=0.5271 dfl=0.0040 mard=2.0251 lambda=0.0347 pseudo_boxes=88 avg_conf=0.8471 lr=2.08169e-06
[Epoch 057/060] batch 0250/0372 loss=12.5619 det=12.4939 box=0.9422 cls=0.6602 dfl=0.0039 mard=2.0330 lambda=0.0334 pseudo_boxes=66 avg_conf=0.8343 lr=2.08169e-06
[Epoch 057/060] batch 0260/0372 loss=8.4567 det=8.3901 box=0.6502 cls=0.4083 dfl=0.0030 mard=2.0286 lambda=0.0328 pseudo_boxes=65 avg_conf=0.8282 lr=2.08169e-06
[Epoch 057/060] batch 0270/0372 loss=15.2391 det=15.1743 box=1.0225 cls=0.9278 dfl=0.0041 mard=2.0348 lambda=0.0318 pseudo_boxes=87 avg_conf=0.8185 lr=2.08169e-06
[Epoch 057/060] batch 0280/0372 loss=13.3155 det=13.2442 box=1.1096 cls=0.8323 dfl=0.0046 mard=2.0178 lambda=0.0353 pseudo_boxes=72 avg_conf=0.8535 lr=2.08169e-06
[Epoch 057/060] batch 0290/0372 loss=10.5758 det=10.5068 box=0.8231 cls=0.4978 dfl=0.0033 mard=2.0000 lambda=0.0345 pseudo_boxes=94 avg_conf=0.8452 lr=2.08169e-06
[Epoch 057/060] batch 0300/0372 loss=12.4080 det=12.3351 box=0.8678 cls=0.7234 dfl=0.0043 mard=1.9993 lambda=0.0365 pseudo_boxes=52 avg_conf=0.8648 lr=2.08169e-06
[Epoch 057/060] batch 0310/0372 loss=14.6960 det=14.6276 box=1.0080 cls=0.8803 dfl=0.0046 mard=2.0051 lambda=0.0341 pseudo_boxes=64 avg_conf=0.8409 lr=2.08169e-06
[Epoch 057/060] batch 0320/0372 loss=9.7718 det=9.6989 box=0.7329 cls=0.4983 dfl=0.0033 mard=2.0211 lambda=0.0361 pseudo_boxes=77 avg_conf=0.8610 lr=2.08169e-06
[Epoch 057/060] batch 0330/0372 loss=11.1882 det=11.1190 box=0.7236 cls=0.7087 dfl=0.0028 mard=2.0287 lambda=0.0341 pseudo_boxes=46 avg_conf=0.8415 lr=2.08169e-06
[Epoch 057/060] batch 0340/0372 loss=10.8153 det=10.7421 box=0.8150 cls=0.5471 dfl=0.0029 mard=2.0234 lambda=0.0362 pseudo_boxes=65 avg_conf=0.8617 lr=2.08169e-06
[Epoch 057/060] batch 0350/0372 loss=10.2487 det=10.1808 box=0.7764 cls=0.5095 dfl=0.0028 mard=1.9957 lambda=0.0340 pseudo_boxes=81 avg_conf=0.8402 lr=2.08169e-06
[Epoch 057/060] batch 0360/0372 loss=15.1771 det=15.1059 box=1.0563 cls=0.8753 dfl=0.0043 mard=2.0260 lambda=0.0351 pseudo_boxes=85 avg_conf=0.8513 lr=2.08169e-06
[Epoch 057/060] batch 0370/0372 loss=14.8962 det=14.8341 box=1.2328 cls=0.9637 dfl=0.0043 mard=2.0066 lambda=0.0309 pseudo_boxes=74 avg_conf=0.8093 lr=2.08169e-06
[Epoch 057/060] batch 0372/0372 loss=12.5785 det=12.5156 box=1.0481 cls=0.7774 dfl=0.0036 mard=2.0026 lambda=0.0314 pseudo_boxes=76 avg_conf=0.8140 lr=2.08169e-06
[Epoch 057/060] done time=266.3s valid_batches=372 skipped=0 pseudo_boxes=27974 loss=12.4490 det=12.3811 box=0.8923 cls=0.7052 dfl=0.0038 mard=2.0116
[Epoch 058/060] start
[Epoch 058/060] batch 0001/0372 loss=13.3677 det=13.3009 box=0.8913 cls=0.7985 dfl=0.0037 mard=1.9994 lambda=0.0334 pseudo_boxes=79 avg_conf=0.8342 lr=1.60943e-06
[Epoch 058/060] batch 0010/0372 loss=16.0749 det=16.0110 box=1.0434 cls=1.0062 dfl=0.0046 mard=1.9988 lambda=0.0320 pseudo_boxes=73 avg_conf=0.8197 lr=1.60943e-06
[Epoch 058/060] batch 0020/0372 loss=18.5435 det=18.4754 box=1.2147 cls=1.1537 dfl=0.0063 mard=2.0090 lambda=0.0339 pseudo_boxes=68 avg_conf=0.8391 lr=1.60943e-06
[Epoch 058/060] batch 0030/0372 loss=12.1084 det=12.0406 box=0.8813 cls=0.6455 dfl=0.0045 mard=1.9886 lambda=0.0341 pseudo_boxes=109 avg_conf=0.8410 lr=1.60943e-06
[Epoch 058/060] batch 0040/0372 loss=12.1480 det=12.0761 box=0.7777 cls=0.7657 dfl=0.0037 mard=2.0352 lambda=0.0353 pseudo_boxes=71 avg_conf=0.8535 lr=1.60943e-06
[Epoch 058/060] batch 0050/0372 loss=12.6688 det=12.6001 box=1.1139 cls=0.7289 dfl=0.0047 mard=2.0074 lambda=0.0342 pseudo_boxes=72 avg_conf=0.8421 lr=1.60943e-06
[Epoch 058/060] batch 0060/0372 loss=10.5944 det=10.5252 box=0.7695 cls=0.5587 dfl=0.0033 mard=2.0007 lambda=0.0346 pseudo_boxes=65 avg_conf=0.8461 lr=1.60943e-06
[Epoch 058/060] batch 0070/0372 loss=13.9500 det=13.8852 box=1.0133 cls=0.7567 dfl=0.0048 mard=2.0082 lambda=0.0323 pseudo_boxes=110 avg_conf=0.8229 lr=1.60943e-06
[Epoch 058/060] batch 0080/0372 loss=13.7478 det=13.6787 box=0.8880 cls=0.8697 dfl=0.0031 mard=2.0145 lambda=0.0343 pseudo_boxes=76 avg_conf=0.8431 lr=1.60943e-06
[Epoch 058/060] batch 0090/0372 loss=10.9768 det=10.9104 box=0.8911 cls=0.6944 dfl=0.0033 mard=2.0106 lambda=0.0330 pseudo_boxes=71 avg_conf=0.8299 lr=1.60943e-06
[Epoch 058/060] batch 0100/0372 loss=13.3747 det=13.3116 box=0.9853 cls=0.6980 dfl=0.0032 mard=2.0213 lambda=0.0312 pseudo_boxes=78 avg_conf=0.8124 lr=1.60943e-06
[Epoch 058/060] batch 0110/0372 loss=12.6511 det=12.5907 box=0.9803 cls=0.6173 dfl=0.0043 mard=2.0031 lambda=0.0301 pseudo_boxes=78 avg_conf=0.8015 lr=1.60943e-06
[Epoch 058/060] batch 0120/0372 loss=14.1903 det=14.1228 box=1.0747 cls=0.7259 dfl=0.0034 mard=2.0104 lambda=0.0336 pseudo_boxes=74 avg_conf=0.8355 lr=1.60943e-06
[Epoch 058/060] batch 0130/0372 loss=13.2723 det=13.2040 box=1.0191 cls=0.6541 dfl=0.0050 mard=2.0148 lambda=0.0339 pseudo_boxes=70 avg_conf=0.8391 lr=1.60943e-06
[Epoch 058/060] batch 0140/0372 loss=10.0685 det=9.9981 box=0.8250 cls=0.6209 dfl=0.0035 mard=2.0101 lambda=0.0350 pseudo_boxes=63 avg_conf=0.8502 lr=1.60943e-06
[Epoch 058/060] batch 0150/0372 loss=17.1711 det=17.1117 box=1.1508 cls=1.0508 dfl=0.0040 mard=1.9927 lambda=0.0298 pseudo_boxes=107 avg_conf=0.7983 lr=1.60943e-06
[Epoch 058/060] batch 0160/0372 loss=11.5757 det=11.5062 box=0.7421 cls=0.7327 dfl=0.0026 mard=2.0260 lambda=0.0343 pseudo_boxes=87 avg_conf=0.8430 lr=1.60943e-06
[Epoch 058/060] batch 0170/0372 loss=14.3528 det=14.2904 box=1.0346 cls=0.7754 dfl=0.0047 mard=2.0020 lambda=0.0312 pseudo_boxes=89 avg_conf=0.8117 lr=1.60943e-06
[Epoch 058/060] batch 0180/0372 loss=13.7590 det=13.6884 box=0.9207 cls=0.8152 dfl=0.0048 mard=2.0224 lambda=0.0349 pseudo_boxes=44 avg_conf=0.8494 lr=1.60943e-06
[Epoch 058/060] batch 0190/0372 loss=10.4361 det=10.3682 box=0.6992 cls=0.6146 dfl=0.0037 mard=2.0160 lambda=0.0336 pseudo_boxes=69 avg_conf=0.8364 lr=1.60943e-06
[Epoch 058/060] batch 0200/0372 loss=10.4611 det=10.3991 box=0.7649 cls=0.5426 dfl=0.0039 mard=2.0121 lambda=0.0308 pseudo_boxes=70 avg_conf=0.8081 lr=1.60943e-06
[Epoch 058/060] batch 0210/0372 loss=16.2831 det=16.2183 box=1.0837 cls=0.9675 dfl=0.0038 mard=2.0061 lambda=0.0323 pseudo_boxes=61 avg_conf=0.8230 lr=1.60943e-06
[Epoch 058/060] batch 0220/0372 loss=10.9746 det=10.9046 box=0.8174 cls=0.5666 dfl=0.0042 mard=2.0058 lambda=0.0349 pseudo_boxes=76 avg_conf=0.8491 lr=1.60943e-06
[Epoch 058/060] batch 0230/0372 loss=13.5739 det=13.5030 box=0.9652 cls=0.7632 dfl=0.0037 mard=2.0273 lambda=0.0350 pseudo_boxes=79 avg_conf=0.8498 lr=1.60943e-06
[Epoch 058/060] batch 0240/0372 loss=8.0927 det=8.0204 box=0.5609 cls=0.4478 dfl=0.0022 mard=2.0065 lambda=0.0360 pseudo_boxes=44 avg_conf=0.8603 lr=1.60943e-06
[Epoch 058/060] batch 0250/0372 loss=14.3313 det=14.2614 box=1.0201 cls=0.8180 dfl=0.0040 mard=2.0240 lambda=0.0345 pseudo_boxes=57 avg_conf=0.8452 lr=1.60943e-06
[Epoch 058/060] batch 0260/0372 loss=12.6313 det=12.5717 box=0.9712 cls=0.8415 dfl=0.0041 mard=2.0112 lambda=0.0296 pseudo_boxes=37 avg_conf=0.7964 lr=1.60943e-06
[Epoch 058/060] batch 0270/0372 loss=13.1518 det=13.0880 box=0.9381 cls=0.7265 dfl=0.0049 mard=2.0099 lambda=0.0318 pseudo_boxes=71 avg_conf=0.8178 lr=1.60943e-06
[Epoch 058/060] batch 0280/0372 loss=14.9466 det=14.8818 box=1.1170 cls=0.7844 dfl=0.0050 mard=2.0142 lambda=0.0322 pseudo_boxes=76 avg_conf=0.8218 lr=1.60943e-06
[Epoch 058/060] batch 0290/0372 loss=12.6920 det=12.6237 box=0.9290 cls=0.6757 dfl=0.0033 mard=2.0110 lambda=0.0339 pseudo_boxes=63 avg_conf=0.8395 lr=1.60943e-06
[Epoch 058/060] batch 0300/0372 loss=15.1774 det=15.1094 box=1.0862 cls=0.8454 dfl=0.0046 mard=2.0228 lambda=0.0336 pseudo_boxes=66 avg_conf=0.8361 lr=1.60943e-06
[Epoch 058/060] batch 0310/0372 loss=7.3257 det=7.2494 box=0.5049 cls=0.4019 dfl=0.0029 mard=2.0154 lambda=0.0379 pseudo_boxes=45 avg_conf=0.8788 lr=1.60943e-06
[Epoch 058/060] batch 0320/0372 loss=10.6310 det=10.5597 box=0.7665 cls=0.5711 dfl=0.0038 mard=2.0104 lambda=0.0355 pseudo_boxes=87 avg_conf=0.8549 lr=1.60943e-06
[Epoch 058/060] batch 0330/0372 loss=10.1141 det=10.0517 box=0.7707 cls=0.4978 dfl=0.0031 mard=2.0076 lambda=0.0311 pseudo_boxes=70 avg_conf=0.8109 lr=1.60943e-06
[Epoch 058/060] batch 0340/0372 loss=9.2318 det=9.1568 box=0.6440 cls=0.5178 dfl=0.0031 mard=2.0367 lambda=0.0368 pseudo_boxes=69 avg_conf=0.8680 lr=1.60943e-06
[Epoch 058/060] batch 0350/0372 loss=13.0794 det=13.0125 box=0.9431 cls=0.7196 dfl=0.0033 mard=2.0055 lambda=0.0334 pseudo_boxes=69 avg_conf=0.8337 lr=1.60943e-06
[Epoch 058/060] batch 0360/0372 loss=15.5621 det=15.5036 box=1.0486 cls=0.9251 dfl=0.0029 mard=2.0125 lambda=0.0291 pseudo_boxes=86 avg_conf=0.7910 lr=1.60943e-06
[Epoch 058/060] batch 0370/0372 loss=9.4195 det=9.3534 box=0.6632 cls=0.5177 dfl=0.0038 mard=2.0209 lambda=0.0327 pseudo_boxes=63 avg_conf=0.8271 lr=1.60943e-06
[Epoch 058/060] batch 0372/0372 loss=9.9907 det=9.9234 box=0.8466 cls=0.6119 dfl=0.0027 mard=2.0116 lambda=0.0335 pseudo_boxes=60 avg_conf=0.8346 lr=1.60943e-06
[Epoch 058/060] done time=266.3s valid_batches=372 skipped=0 pseudo_boxes=28064 loss=12.4588 det=12.3912 box=0.8919 cls=0.7028 dfl=0.0037 mard=2.0113
[Epoch 059/060] start
[Epoch 059/060] batch 0001/0372 loss=14.8460 det=14.7806 box=1.0786 cls=0.7940 dfl=0.0034 mard=1.9974 lambda=0.0328 pseudo_boxes=104 avg_conf=0.8275 lr=1.27117e-06
[Epoch 059/060] batch 0010/0372 loss=13.3830 det=13.3123 box=0.9040 cls=0.7928 dfl=0.0043 mard=2.0041 lambda=0.0353 pseudo_boxes=68 avg_conf=0.8530 lr=1.27117e-06
[Epoch 059/060] batch 0020/0372 loss=11.8446 det=11.7733 box=0.9707 cls=0.7390 dfl=0.0045 mard=2.0136 lambda=0.0354 pseudo_boxes=64 avg_conf=0.8538 lr=1.27117e-06
[Epoch 059/060] batch 0030/0372 loss=12.7363 det=12.6755 box=0.9750 cls=0.6261 dfl=0.0036 mard=1.9951 lambda=0.0305 pseudo_boxes=110 avg_conf=0.8051 lr=1.27117e-06
[Epoch 059/060] batch 0040/0372 loss=11.1319 det=11.0640 box=0.7954 cls=0.6047 dfl=0.0045 mard=1.9947 lambda=0.0340 pseudo_boxes=77 avg_conf=0.8403 lr=1.27117e-06
[Epoch 059/060] batch 0050/0372 loss=22.0877 det=22.0233 box=1.3959 cls=1.4370 dfl=0.0056 mard=2.0197 lambda=0.0318 pseudo_boxes=88 avg_conf=0.8184 lr=1.27117e-06
[Epoch 059/060] batch 0060/0372 loss=10.8821 det=10.8117 box=0.7996 cls=0.5633 dfl=0.0030 mard=2.0161 lambda=0.0349 pseudo_boxes=71 avg_conf=0.8489 lr=1.27117e-06
[Epoch 059/060] batch 0070/0372 loss=12.7609 det=12.6962 box=0.7983 cls=0.8273 dfl=0.0028 mard=2.0152 lambda=0.0321 pseudo_boxes=78 avg_conf=0.8209 lr=1.27117e-06
[Epoch 059/060] batch 0080/0372 loss=12.8317 det=12.7644 box=0.8819 cls=0.7534 dfl=0.0036 mard=2.0244 lambda=0.0332 pseudo_boxes=80 avg_conf=0.8321 lr=1.27117e-06
[Epoch 059/060] batch 0090/0372 loss=17.8449 det=17.7814 box=1.2447 cls=1.0277 dfl=0.0046 mard=2.0151 lambda=0.0315 pseudo_boxes=116 avg_conf=0.8151 lr=1.27117e-06
[Epoch 059/060] batch 0100/0372 loss=11.1842 det=11.1135 box=0.8155 cls=0.5999 dfl=0.0035 mard=2.0111 lambda=0.0352 pseudo_boxes=51 avg_conf=0.8516 lr=1.27117e-06
[Epoch 059/060] batch 0110/0372 loss=9.0775 det=9.0081 box=0.6624 cls=0.4737 dfl=0.0031 mard=2.0181 lambda=0.0344 pseudo_boxes=73 avg_conf=0.8443 lr=1.27117e-06
[Epoch 059/060] batch 0120/0372 loss=12.3906 det=12.3188 box=0.9015 cls=0.6584 dfl=0.0035 mard=2.0134 lambda=0.0356 pseudo_boxes=46 avg_conf=0.8565 lr=1.27117e-06
[Epoch 059/060] batch 0130/0372 loss=9.7553 det=9.6858 box=0.8307 cls=0.8197 dfl=0.0032 mard=2.0157 lambda=0.0345 pseudo_boxes=40 avg_conf=0.8449 lr=1.27117e-06
[Epoch 059/060] batch 0140/0372 loss=11.1839 det=11.1178 box=0.7916 cls=0.6304 dfl=0.0027 mard=2.0202 lambda=0.0327 pseudo_boxes=82 avg_conf=0.8270 lr=1.27117e-06
[Epoch 059/060] batch 0150/0372 loss=12.5459 det=12.4805 box=0.8466 cls=0.7349 dfl=0.0035 mard=2.0280 lambda=0.0323 pseudo_boxes=67 avg_conf=0.8227 lr=1.27117e-06
[Epoch 059/060] batch 0160/0372 loss=9.9200 det=9.8507 box=0.7383 cls=0.4964 dfl=0.0027 mard=2.0016 lambda=0.0346 pseudo_boxes=68 avg_conf=0.8462 lr=1.27117e-06
[Epoch 059/060] batch 0170/0372 loss=12.1479 det=12.0711 box=0.8388 cls=0.6844 dfl=0.0036 mard=2.0239 lambda=0.0379 pseudo_boxes=82 avg_conf=0.8793 lr=1.27117e-06
[Epoch 059/060] batch 0180/0372 loss=7.9667 det=7.8965 box=0.6089 cls=0.3750 dfl=0.0026 mard=2.0076 lambda=0.0350 pseudo_boxes=64 avg_conf=0.8496 lr=1.27117e-06
[Epoch 059/060] batch 0190/0372 loss=14.7693 det=14.7063 box=1.0444 cls=0.8227 dfl=0.0035 mard=2.0247 lambda=0.0311 pseudo_boxes=68 avg_conf=0.8110 lr=1.27117e-06
[Epoch 059/060] batch 0200/0372 loss=15.3967 det=15.3326 box=1.1143 cls=0.8574 dfl=0.0052 mard=2.0158 lambda=0.0318 pseudo_boxes=62 avg_conf=0.8181 lr=1.27117e-06
[Epoch 059/060] batch 0210/0372 loss=11.0795 det=11.0085 box=0.8314 cls=0.5723 dfl=0.0031 mard=2.0078 lambda=0.0353 pseudo_boxes=90 avg_conf=0.8533 lr=1.27117e-06
[Epoch 059/060] batch 0220/0372 loss=12.4723 det=12.4119 box=0.9354 cls=0.6316 dfl=0.0036 mard=1.9991 lambda=0.0302 pseudo_boxes=96 avg_conf=0.8018 lr=1.27117e-06
[Epoch 059/060] batch 0230/0372 loss=14.0963 det=14.0285 box=0.9399 cls=0.8423 dfl=0.0039 mard=2.0045 lambda=0.0338 pseudo_boxes=74 avg_conf=0.8384 lr=1.27117e-06
[Epoch 059/060] batch 0240/0372 loss=15.8934 det=15.8258 box=1.1410 cls=0.8897 dfl=0.0046 mard=2.0151 lambda=0.0336 pseudo_boxes=88 avg_conf=0.8356 lr=1.27117e-06
[Epoch 059/060] batch 0250/0372 loss=12.4928 det=12.4338 box=0.9752 cls=0.5953 dfl=0.0031 mard=2.0022 lambda=0.0295 pseudo_boxes=97 avg_conf=0.7949 lr=1.27117e-06
[Epoch 059/060] batch 0260/0372 loss=10.8187 det=10.7473 box=0.7118 cls=0.6495 dfl=0.0030 mard=2.0194 lambda=0.0354 pseudo_boxes=79 avg_conf=0.8538 lr=1.27117e-06
[Epoch 059/060] batch 0270/0372 loss=15.6186 det=15.5553 box=1.1232 cls=0.8699 dfl=0.0046 mard=2.0249 lambda=0.0312 pseudo_boxes=98 avg_conf=0.8123 lr=1.27117e-06
[Epoch 059/060] batch 0280/0372 loss=16.8558 det=16.7915 box=1.1722 cls=0.9785 dfl=0.0036 mard=1.9966 lambda=0.0322 pseudo_boxes=64 avg_conf=0.8221 lr=1.27117e-06
[Epoch 059/060] batch 0290/0372 loss=15.8604 det=15.7877 box=1.0355 cls=0.9839 dfl=0.0046 mard=2.0160 lambda=0.0360 pseudo_boxes=47 avg_conf=0.8605 lr=1.27117e-06
[Epoch 059/060] batch 0300/0372 loss=16.3894 det=16.3207 box=1.1226 cls=0.9829 dfl=0.0050 mard=2.0207 lambda=0.0340 pseudo_boxes=74 avg_conf=0.8401 lr=1.27117e-06
[Epoch 059/060] batch 0310/0372 loss=9.8621 det=9.7996 box=0.6410 cls=0.6029 dfl=0.0023 mard=1.9973 lambda=0.0313 pseudo_boxes=59 avg_conf=0.8126 lr=1.27117e-06
[Epoch 059/060] batch 0320/0372 loss=11.8539 det=11.7901 box=0.9096 cls=0.5814 dfl=0.0030 mard=2.0111 lambda=0.0317 pseudo_boxes=93 avg_conf=0.8174 lr=1.27117e-06
[Epoch 059/060] batch 0330/0372 loss=11.1953 det=11.1265 box=0.9017 cls=0.7104 dfl=0.0036 mard=2.0122 lambda=0.0342 pseudo_boxes=75 avg_conf=0.8420 lr=1.27117e-06
[Epoch 059/060] batch 0340/0372 loss=15.0968 det=15.0318 box=1.0302 cls=0.8973 dfl=0.0033 mard=1.9957 lambda=0.0325 pseudo_boxes=76 avg_conf=0.8254 lr=1.27117e-06
[Epoch 059/060] batch 0350/0372 loss=15.1542 det=15.0882 box=0.9922 cls=0.9414 dfl=0.0038 mard=1.9986 lambda=0.0330 pseudo_boxes=93 avg_conf=0.8303 lr=1.27117e-06
[Epoch 059/060] batch 0360/0372 loss=13.3496 det=13.2836 box=0.9346 cls=0.7425 dfl=0.0061 mard=1.9938 lambda=0.0331 pseudo_boxes=87 avg_conf=0.8309 lr=1.27117e-06
[Epoch 059/060] batch 0370/0372 loss=13.4321 det=13.3638 box=0.8957 cls=0.8078 dfl=0.0048 mard=2.0192 lambda=0.0338 pseudo_boxes=51 avg_conf=0.8381 lr=1.27117e-06
[Epoch 059/060] batch 0372/0372 loss=14.5329 det=14.4686 box=0.9578 cls=1.1390 dfl=0.0050 mard=2.0270 lambda=0.0317 pseudo_boxes=45 avg_conf=0.8171 lr=1.27117e-06
[Epoch 059/060] done time=266.6s valid_batches=372 skipped=0 pseudo_boxes=28077 loss=12.6698 det=12.6023 box=0.9049 cls=0.7159 dfl=0.0038 mard=2.0108
[Epoch 060/060] start
[Epoch 060/060] batch 0001/0372 loss=10.2099 det=10.1456 box=0.8688 cls=0.6007 dfl=0.0027 mard=2.0162 lambda=0.0319 pseudo_boxes=81 avg_conf=0.8189 lr=1.06784e-06
[Epoch 060/060] batch 0010/0372 loss=8.3505 det=8.2820 box=0.7751 cls=0.6170 dfl=0.0039 mard=2.0124 lambda=0.0340 pseudo_boxes=84 avg_conf=0.8402 lr=1.06784e-06
[Epoch 060/060] batch 0020/0372 loss=9.3983 det=9.3266 box=0.7296 cls=0.6269 dfl=0.0027 mard=2.0089 lambda=0.0357 pseudo_boxes=46 avg_conf=0.8567 lr=1.06784e-06
[Epoch 060/060] batch 0030/0372 loss=10.3388 det=10.2718 box=0.7581 cls=0.5363 dfl=0.0027 mard=2.0169 lambda=0.0332 pseudo_boxes=72 avg_conf=0.8320 lr=1.06784e-06
[Epoch 060/060] batch 0040/0372 loss=14.2989 det=14.2306 box=1.0746 cls=0.7299 dfl=0.0041 mard=2.0167 lambda=0.0339 pseudo_boxes=76 avg_conf=0.8388 lr=1.06784e-06
[Epoch 060/060] batch 0050/0372 loss=17.6910 det=17.6303 box=1.2248 cls=1.0124 dfl=0.0050 mard=1.9941 lambda=0.0305 pseudo_boxes=90 avg_conf=0.8047 lr=1.06784e-06
[Epoch 060/060] batch 0060/0372 loss=11.8704 det=11.7955 box=0.7623 cls=0.7337 dfl=0.0036 mard=2.0453 lambda=0.0366 pseudo_boxes=70 avg_conf=0.8659 lr=1.06784e-06
[Epoch 060/060] batch 0070/0372 loss=11.9539 det=11.8840 box=0.7712 cls=0.7494 dfl=0.0031 mard=2.0136 lambda=0.0347 pseudo_boxes=60 avg_conf=0.8472 lr=1.06784e-06
[Epoch 060/060] batch 0080/0372 loss=11.3756 det=11.3094 box=0.8894 cls=0.5331 dfl=0.0032 mard=1.9928 lambda=0.0332 pseudo_boxes=110 avg_conf=0.8323 lr=1.06784e-06
[Epoch 060/060] batch 0090/0372 loss=16.1638 det=16.1020 box=1.0843 cls=0.9736 dfl=0.0033 mard=1.9976 lambda=0.0309 pseudo_boxes=74 avg_conf=0.8094 lr=1.06784e-06
[Epoch 060/060] batch 0100/0372 loss=10.8313 det=10.7668 box=0.8156 cls=0.5360 dfl=0.0031 mard=2.0261 lambda=0.0319 pseudo_boxes=64 avg_conf=0.8186 lr=1.06784e-06
[Epoch 060/060] batch 0110/0372 loss=9.6600 det=9.5885 box=0.7332 cls=0.4743 dfl=0.0037 mard=2.0169 lambda=0.0354 pseudo_boxes=77 avg_conf=0.8543 lr=1.06784e-06
[Epoch 060/060] batch 0120/0372 loss=15.6729 det=15.6059 box=1.0347 cls=0.9451 dfl=0.0046 mard=2.0345 lambda=0.0329 pseudo_boxes=61 avg_conf=0.8295 lr=1.06784e-06
[Epoch 060/060] batch 0130/0372 loss=12.4646 det=12.3936 box=0.8033 cls=0.7702 dfl=0.0039 mard=2.0116 lambda=0.0353 pseudo_boxes=61 avg_conf=0.8528 lr=1.06784e-06
[Epoch 060/060] batch 0140/0372 loss=13.7150 det=13.6438 box=0.9702 cls=0.7752 dfl=0.0037 mard=2.0284 lambda=0.0351 pseudo_boxes=73 avg_conf=0.8509 lr=1.06784e-06
[Epoch 060/060] batch 0150/0372 loss=12.5479 det=12.4821 box=0.8328 cls=0.7487 dfl=0.0035 mard=2.0106 lambda=0.0327 pseudo_boxes=77 avg_conf=0.8271 lr=1.06784e-06
[Epoch 060/060] batch 0160/0372 loss=14.2722 det=14.2060 box=0.9345 cls=0.8718 dfl=0.0034 mard=2.0095 lambda=0.0329 pseudo_boxes=76 avg_conf=0.8293 lr=1.06784e-06
[Epoch 060/060] batch 0170/0372 loss=12.5029 det=12.4334 box=0.8796 cls=0.6937 dfl=0.0035 mard=1.9962 lambda=0.0348 pseudo_boxes=108 avg_conf=0.8480 lr=1.06784e-06
[Epoch 060/060] batch 0180/0372 loss=9.9999 det=9.9290 box=0.7101 cls=0.5370 dfl=0.0031 mard=1.9995 lambda=0.0355 pseudo_boxes=78 avg_conf=0.8547 lr=1.06784e-06
[Epoch 060/060] batch 0190/0372 loss=13.3827 det=13.3153 box=0.9465 cls=0.7584 dfl=0.0033 mard=2.0007 lambda=0.0337 pseudo_boxes=63 avg_conf=0.8367 lr=1.06784e-06
[Epoch 060/060] batch 0200/0372 loss=16.3777 det=16.3122 box=1.2053 cls=0.8729 dfl=0.0043 mard=2.0097 lambda=0.0326 pseudo_boxes=112 avg_conf=0.8260 lr=1.06784e-06
[Epoch 060/060] batch 0210/0372 loss=16.6278 det=16.5579 box=1.0686 cls=1.0425 dfl=0.0056 mard=2.0157 lambda=0.0347 pseudo_boxes=69 avg_conf=0.8472 lr=1.06784e-06
[Epoch 060/060] batch 0220/0372 loss=14.1490 det=14.0799 box=0.9242 cls=0.8728 dfl=0.0035 mard=2.0166 lambda=0.0343 pseudo_boxes=72 avg_conf=0.8427 lr=1.06784e-06
[Epoch 060/060] batch 0230/0372 loss=12.0075 det=11.9387 box=0.8212 cls=0.6965 dfl=0.0029 mard=2.0018 lambda=0.0343 pseudo_boxes=46 avg_conf=0.8434 lr=1.06784e-06
[Epoch 060/060] batch 0240/0372 loss=9.4427 det=9.3681 box=0.6376 cls=0.5504 dfl=0.0026 mard=2.0048 lambda=0.0372 pseudo_boxes=77 avg_conf=0.8724 lr=1.06784e-06
[Epoch 060/060] batch 0250/0372 loss=10.9716 det=10.8986 box=0.8257 cls=0.5463 dfl=0.0038 mard=2.0094 lambda=0.0363 pseudo_boxes=100 avg_conf=0.8630 lr=1.06784e-06
[Epoch 060/060] batch 0260/0372 loss=9.7286 det=9.6605 box=0.6535 cls=0.5651 dfl=0.0028 mard=2.0090 lambda=0.0338 pseudo_boxes=89 avg_conf=0.8385 lr=1.06784e-06
[Epoch 060/060] batch 0270/0372 loss=8.1032 det=8.0323 box=0.6718 cls=0.4863 dfl=0.0031 mard=2.0159 lambda=0.0352 pseudo_boxes=87 avg_conf=0.8520 lr=1.06784e-06
[Epoch 060/060] batch 0280/0372 loss=9.4155 det=9.3466 box=0.6947 cls=0.4891 dfl=0.0026 mard=2.0170 lambda=0.0341 pseudo_boxes=72 avg_conf=0.8413 lr=1.06784e-06
[Epoch 060/060] batch 0290/0372 loss=11.5406 det=11.4692 box=0.7527 cls=0.7055 dfl=0.0026 mard=2.0320 lambda=0.0351 pseudo_boxes=91 avg_conf=0.8513 lr=1.06784e-06
[Epoch 060/060] batch 0300/0372 loss=7.9351 det=7.8616 box=0.5976 cls=0.3845 dfl=0.0033 mard=1.9917 lambda=0.0369 pseudo_boxes=67 avg_conf=0.8690 lr=1.06784e-06
[Epoch 060/060] batch 0310/0372 loss=12.5349 det=12.4614 box=0.9135 cls=0.6663 dfl=0.0041 mard=2.0231 lambda=0.0363 pseudo_boxes=60 avg_conf=0.8634 lr=1.06784e-06
[Epoch 060/060] batch 0320/0372 loss=11.3943 det=11.3233 box=0.7939 cls=0.6431 dfl=0.0037 mard=2.0150 lambda=0.0352 pseudo_boxes=54 avg_conf=0.8520 lr=1.06784e-06
[Epoch 060/060] batch 0330/0372 loss=13.6122 det=13.5427 box=0.9682 cls=0.7494 dfl=0.0040 mard=2.0104 lambda=0.0346 pseudo_boxes=89 avg_conf=0.8455 lr=1.06784e-06
[Epoch 060/060] batch 0340/0372 loss=12.8088 det=12.7357 box=1.0740 cls=0.7641 dfl=0.0045 mard=2.0117 lambda=0.0364 pseudo_boxes=80 avg_conf=0.8635 lr=1.06784e-06
[Epoch 060/060] batch 0350/0372 loss=8.2867 det=8.2136 box=0.5669 cls=0.4709 dfl=0.0025 mard=2.0295 lambda=0.0360 pseudo_boxes=75 avg_conf=0.8603 lr=1.06784e-06
[Epoch 060/060] batch 0360/0372 loss=12.2205 det=12.1584 box=0.8565 cls=0.6817 dfl=0.0036 mard=1.9975 lambda=0.0311 pseudo_boxes=111 avg_conf=0.8108 lr=1.06784e-06
[Epoch 060/060] batch 0370/0372 loss=8.7133 det=8.6412 box=0.6511 cls=0.4335 dfl=0.0026 mard=2.0088 lambda=0.0359 pseudo_boxes=82 avg_conf=0.8591 lr=1.06784e-06
[Epoch 060/060] batch 0372/0372 loss=10.0163 det=9.9522 box=0.8487 cls=0.5873 dfl=0.0047 mard=1.9918 lambda=0.0322 pseudo_boxes=79 avg_conf=0.8220 lr=1.06784e-06
[Epoch 060/060] done time=266.3s valid_batches=372 skipped=0 pseudo_boxes=28007 loss=12.4189 det=12.3513 box=0.8842 cls=0.7004 dfl=0.0037 mard=2.0112
[Epoch 060/060] saved student: /home/dang/research/runs/c2f_rtsfod_yolo26m_pretrained/checkpoints/yolo26_stage2_rtsfod_epoch_60.pt
