nohup: ignoring input
[RASP Stage 2] YOLO26 | device=cuda:0 images=2975 imgsz=1024 batch=4 epochs=60 rasp=True
[RASP] DHF tau_o2o=0.5 tau_o2m=0.5 tau_no=0.2 tau_dup=0.7
[RASP] MARD lambda0=0.05 gamma=1.0 alpha=1.0 beta=0.1 warmup=5.0ep
[RASP] adaptive pruning warmup=5ep cycle=3ep reliability>=0.5 keep>=0.50 round_to=8
[RASP] running DepGraph audit with 256x256 dummy input...
[RASP] DepGraph audit: 15/15 local-safe groups
[Epoch 001/060] start
[Epoch 001/060] batch 0001/0744 loss=4.1843 det=4.1843 box=0.6732 cls=0.5305 dfl=0.0038 mard=2.0110 lambda=0.0000 pseudo_boxes=39 avg_conf=0.8475 rasp_s=0.000 lr=0.0001
[Epoch 001/060] batch 0020/0744 loss=17.0217 det=17.0213 box=1.9486 cls=3.6889 dfl=0.0134 mard=2.0350 lambda=0.0002 pseudo_boxes=48 avg_conf=0.8357 rasp_s=0.000 lr=0.0001
[Epoch 001/060] batch 0040/0744 loss=15.3294 det=15.3286 box=1.5448 cls=3.7065 dfl=0.0107 mard=1.9845 lambda=0.0004 pseudo_boxes=29 avg_conf=0.8509 rasp_s=0.000 lr=0.0001
[Epoch 001/060] batch 0060/0744 loss=10.6463 det=10.6452 box=1.5692 cls=2.0282 dfl=0.0063 mard=2.0033 lambda=0.0006 pseudo_boxes=24 avg_conf=0.8574 rasp_s=0.000 lr=0.0001
[Epoch 001/060] batch 0080/0744 loss=7.4410 det=7.4395 box=1.1015 cls=1.2140 dfl=0.0054 mard=2.0328 lambda=0.0007 pseudo_boxes=33 avg_conf=0.8372 rasp_s=0.000 lr=0.0001
[Epoch 001/060] batch 0100/0744 loss=12.1183 det=12.1164 box=1.5738 cls=2.8564 dfl=0.0100 mard=2.0512 lambda=0.0010 pseudo_boxes=44 avg_conf=0.8578 rasp_s=0.000 lr=0.0001
[Epoch 001/060] batch 0120/0744 loss=8.7092 det=8.7073 box=1.3091 cls=1.5095 dfl=0.0061 mard=2.0022 lambda=0.0010 pseudo_boxes=61 avg_conf=0.8054 rasp_s=0.000 lr=0.0001
[Epoch 001/060] batch 0140/0744 loss=11.5591 det=11.5567 box=1.8193 cls=2.3242 dfl=0.0074 mard=2.0221 lambda=0.0012 pseudo_boxes=35 avg_conf=0.8183 rasp_s=0.000 lr=0.0001
[Epoch 001/060] batch 0160/0744 loss=11.8244 det=11.8214 box=1.7877 cls=1.9010 dfl=0.0092 mard=2.0164 lambda=0.0015 pseudo_boxes=42 avg_conf=0.8540 rasp_s=0.000 lr=0.0001
[Epoch 001/060] batch 0180/0744 loss=13.3144 det=13.3113 box=1.6923 cls=2.9962 dfl=0.0076 mard=2.0126 lambda=0.0016 pseudo_boxes=47 avg_conf=0.8226 rasp_s=0.000 lr=0.0001
[Epoch 001/060] batch 0200/0744 loss=10.7596 det=10.7563 box=1.4688 cls=1.8743 dfl=0.0046 mard=2.0060 lambda=0.0017 pseudo_boxes=38 avg_conf=0.8110 rasp_s=0.000 lr=0.0001
[Epoch 001/060] batch 0220/0744 loss=15.0264 det=15.0223 box=1.5510 cls=3.6274 dfl=0.0100 mard=2.0104 lambda=0.0020 pseudo_boxes=8 avg_conf=0.8444 rasp_s=0.000 lr=0.0001
[Epoch 001/060] batch 0240/0744 loss=10.7112 det=10.7070 box=1.6236 cls=1.7767 dfl=0.0105 mard=2.0220 lambda=0.0021 pseudo_boxes=34 avg_conf=0.8236 rasp_s=0.000 lr=0.0001
[Epoch 001/060] batch 0260/0744 loss=16.6321 det=16.6276 box=2.1176 cls=3.5725 dfl=0.0110 mard=2.0338 lambda=0.0022 pseudo_boxes=25 avg_conf=0.8170 rasp_s=0.000 lr=0.0001
[Epoch 001/060] batch 0280/0744 loss=10.5577 det=10.5524 box=1.4031 cls=1.8576 dfl=0.0085 mard=2.0097 lambda=0.0027 pseudo_boxes=53 avg_conf=0.8534 rasp_s=0.000 lr=0.0001
[Epoch 001/060] batch 0300/0744 loss=5.8903 det=5.8842 box=0.8486 cls=1.0815 dfl=0.0038 mard=2.0090 lambda=0.0030 pseudo_boxes=25 avg_conf=0.8735 rasp_s=0.000 lr=0.0001
[Epoch 001/060] batch 0320/0744 loss=8.2896 det=8.2834 box=1.4827 cls=1.0472 dfl=0.0107 mard=2.0040 lambda=0.0031 pseudo_boxes=24 avg_conf=0.8571 rasp_s=0.000 lr=0.0001
[Epoch 001/060] batch 0340/0744 loss=10.1649 det=10.1593 box=1.5176 cls=1.5409 dfl=0.0056 mard=2.0126 lambda=0.0028 pseudo_boxes=43 avg_conf=0.8086 rasp_s=0.000 lr=0.0001
[Epoch 001/060] batch 0360/0744 loss=10.5862 det=10.5807 box=1.6190 cls=1.6343 dfl=0.0065 mard=2.0158 lambda=0.0027 pseudo_boxes=46 avg_conf=0.7796 rasp_s=0.000 lr=0.0001
[Epoch 001/060] batch 0380/0744 loss=11.9451 det=11.9386 box=1.7716 cls=2.0071 dfl=0.0094 mard=1.9915 lambda=0.0033 pseudo_boxes=37 avg_conf=0.8203 rasp_s=0.000 lr=0.0001
[Epoch 001/060] batch 0400/0744 loss=8.6845 det=8.6769 box=1.3451 cls=1.2691 dfl=0.0066 mard=2.0454 lambda=0.0037 pseudo_boxes=19 avg_conf=0.8462 rasp_s=0.000 lr=0.0001
[Epoch 001/060] batch 0420/0744 loss=24.0151 det=24.0077 box=2.5961 cls=4.3338 dfl=0.0162 mard=2.0263 lambda=0.0037 pseudo_boxes=37 avg_conf=0.8253 rasp_s=0.000 lr=0.0001
[Epoch 001/060] batch 0440/0744 loss=6.5546 det=6.5466 box=1.0692 cls=0.9889 dfl=0.0042 mard=2.0171 lambda=0.0040 pseudo_boxes=33 avg_conf=0.8380 rasp_s=0.000 lr=0.0001
[Epoch 001/060] batch 0460/0744 loss=7.2527 det=7.2437 box=1.0423 cls=0.9478 dfl=0.0058 mard=2.0099 lambda=0.0045 pseudo_boxes=30 avg_conf=0.8631 rasp_s=0.000 lr=0.0001
[Epoch 001/060] batch 0480/0744 loss=8.8454 det=8.8362 box=1.3527 cls=1.3133 dfl=0.0068 mard=2.0239 lambda=0.0046 pseudo_boxes=49 avg_conf=0.8539 rasp_s=0.000 lr=0.0001
[Epoch 001/060] batch 0500/0744 loss=8.8343 det=8.8253 box=1.2961 cls=1.1587 dfl=0.0065 mard=2.0247 lambda=0.0044 pseudo_boxes=31 avg_conf=0.8310 rasp_s=0.000 lr=0.0001
[Epoch 001/060] batch 0520/0744 loss=8.4693 det=8.4606 box=1.3620 cls=1.2114 dfl=0.0056 mard=2.0055 lambda=0.0043 pseudo_boxes=55 avg_conf=0.8085 rasp_s=0.000 lr=0.0001
[Epoch 001/060] batch 0540/0744 loss=13.4431 det=13.4338 box=1.9642 cls=2.8581 dfl=0.0093 mard=2.0301 lambda=0.0046 pseudo_boxes=24 avg_conf=0.8175 rasp_s=0.000 lr=0.0001
[Epoch 001/060] batch 0560/0744 loss=8.8472 det=8.8367 box=1.4091 cls=1.2724 dfl=0.0063 mard=1.9916 lambda=0.0053 pseudo_boxes=35 avg_conf=0.8508 rasp_s=0.000 lr=0.0001
[Epoch 001/060] batch 0580/0744 loss=5.4988 det=5.4886 box=0.9383 cls=0.5998 dfl=0.0047 mard=1.9896 lambda=0.0051 pseudo_boxes=43 avg_conf=0.8270 rasp_s=0.000 lr=0.0001
[Epoch 001/060] batch 0600/0744 loss=6.0722 det=6.0614 box=0.9778 cls=0.7871 dfl=0.0036 mard=1.9842 lambda=0.0055 pseudo_boxes=40 avg_conf=0.8388 rasp_s=0.000 lr=0.0001
[Epoch 001/060] batch 0620/0744 loss=8.1866 det=8.1761 box=1.3684 cls=1.1054 dfl=0.0052 mard=2.0025 lambda=0.0052 pseudo_boxes=59 avg_conf=0.8144 rasp_s=0.000 lr=0.0001
[Epoch 001/060] batch 0640/0744 loss=10.4216 det=10.4102 box=1.6091 cls=1.7431 dfl=0.0130 mard=2.0095 lambda=0.0057 pseudo_boxes=40 avg_conf=0.8311 rasp_s=0.000 lr=0.0001
[Epoch 001/060] batch 0660/0744 loss=10.3290 det=10.3176 box=1.9587 cls=1.8905 dfl=0.0065 mard=2.0204 lambda=0.0057 pseudo_boxes=47 avg_conf=0.8198 rasp_s=0.000 lr=0.0001
[Epoch 001/060] batch 0680/0744 loss=15.9741 det=15.9630 box=2.1331 cls=2.9356 dfl=0.0085 mard=2.0468 lambda=0.0054 pseudo_boxes=26 avg_conf=0.7963 rasp_s=0.000 lr=0.0001
[Epoch 001/060] batch 0700/0744 loss=5.2605 det=5.2454 box=0.8506 cls=0.6831 dfl=0.0039 mard=2.0129 lambda=0.0075 pseudo_boxes=26 avg_conf=0.8986 rasp_s=0.000 lr=0.0001
[Epoch 001/060] batch 0720/0744 loss=10.0711 det=10.0590 box=1.5177 cls=1.6534 dfl=0.0086 mard=1.9821 lambda=0.0061 pseudo_boxes=46 avg_conf=0.8172 rasp_s=0.000 lr=0.0001
[Epoch 001/060] batch 0740/0744 loss=6.5978 det=6.5854 box=1.3278 cls=1.3877 dfl=0.0050 mard=1.9875 lambda=0.0062 pseudo_boxes=46 avg_conf=0.8137 rasp_s=0.000 lr=0.0001
[Epoch 001/060] batch 0744/0744 loss=5.2104 det=5.1958 box=0.9982 cls=0.9403 dfl=0.0057 mard=1.9572 lambda=0.0075 pseudo_boxes=31 avg_conf=0.8731 rasp_s=0.000 lr=0.0001
[Epoch 001/060] done time=277.4s valid=744 skipped=0 pseudo_boxes=27833 loss=9.4237 det=9.4169 mard=2.0138 conf=0.8357 RASP(status=warmup, s=0.000, new_packs=0, knee=0/0)
[Epoch 002/060] start
[Epoch 002/060] batch 0001/0744 loss=9.2364 det=9.2236 box=1.3544 cls=1.4569 dfl=0.0045 mard=2.0205 lambda=0.0063 pseudo_boxes=33 avg_conf=0.8153 rasp_s=0.000 lr=9.99322e-05
[Epoch 002/060] batch 0020/0744 loss=4.7897 det=4.7757 box=1.0684 cls=0.8427 dfl=0.0051 mard=2.0139 lambda=0.0069 pseudo_boxes=19 avg_conf=0.8379 rasp_s=0.000 lr=9.99322e-05
[Epoch 002/060] batch 0040/0744 loss=6.9799 det=6.9661 box=1.0238 cls=1.0157 dfl=0.0059 mard=2.0355 lambda=0.0068 pseudo_boxes=41 avg_conf=0.8230 rasp_s=0.000 lr=9.99322e-05
[Epoch 002/060] batch 0060/0744 loss=5.5882 det=5.5722 box=0.8379 cls=0.8112 dfl=0.0049 mard=2.0080 lambda=0.0080 pseudo_boxes=30 avg_conf=0.8698 rasp_s=0.000 lr=9.99322e-05
[Epoch 002/060] batch 0080/0744 loss=7.0056 det=6.9902 box=0.9315 cls=1.2934 dfl=0.0034 mard=1.9990 lambda=0.0077 pseudo_boxes=25 avg_conf=0.8484 rasp_s=0.000 lr=9.99322e-05
[Epoch 002/060] batch 0100/0744 loss=5.8957 det=5.8790 box=1.3294 cls=0.9786 dfl=0.0072 mard=2.0210 lambda=0.0082 pseudo_boxes=29 avg_conf=0.8630 rasp_s=0.000 lr=9.99322e-05
[Epoch 002/060] batch 0120/0744 loss=8.1141 det=8.0996 box=1.2780 cls=1.2615 dfl=0.0044 mard=2.0121 lambda=0.0072 pseudo_boxes=47 avg_conf=0.8116 rasp_s=0.000 lr=9.99322e-05
[Epoch 002/060] batch 0140/0744 loss=4.5490 det=4.5327 box=0.7365 cls=0.5500 dfl=0.0030 mard=2.0152 lambda=0.0081 pseudo_boxes=41 avg_conf=0.8400 rasp_s=0.000 lr=9.99322e-05
[Epoch 002/060] batch 0160/0744 loss=11.9955 det=11.9806 box=1.7047 cls=2.1137 dfl=0.0077 mard=2.0425 lambda=0.0073 pseudo_boxes=62 avg_conf=0.8014 rasp_s=0.000 lr=9.99322e-05
[Epoch 002/060] batch 0180/0744 loss=8.5496 det=8.5346 box=1.4505 cls=0.9494 dfl=0.0088 mard=2.0087 lambda=0.0075 pseudo_boxes=49 avg_conf=0.8020 rasp_s=0.000 lr=9.99322e-05
[Epoch 002/060] batch 0200/0744 loss=8.0523 det=8.0361 box=1.2748 cls=1.3025 dfl=0.0050 mard=2.0211 lambda=0.0080 pseudo_boxes=42 avg_conf=0.8171 rasp_s=0.000 lr=9.99322e-05
[Epoch 002/060] batch 0220/0744 loss=8.9653 det=8.9448 box=1.2788 cls=1.6639 dfl=0.0065 mard=2.0097 lambda=0.0102 pseudo_boxes=22 avg_conf=0.8947 rasp_s=0.000 lr=9.99322e-05
[Epoch 002/060] batch 0240/0744 loss=7.9934 det=7.9748 box=1.3083 cls=1.1143 dfl=0.0071 mard=1.9937 lambda=0.0093 pseudo_boxes=40 avg_conf=0.8522 rasp_s=0.000 lr=9.99322e-05
[Epoch 002/060] batch 0260/0744 loss=7.2234 det=7.2078 box=1.0698 cls=1.1998 dfl=0.0057 mard=1.9932 lambda=0.0078 pseudo_boxes=33 avg_conf=0.7903 rasp_s=0.000 lr=9.99322e-05
[Epoch 002/060] batch 0280/0744 loss=4.6390 det=4.6186 box=0.8170 cls=0.4924 dfl=0.0029 mard=2.0030 lambda=0.0102 pseudo_boxes=33 avg_conf=0.8703 rasp_s=0.000 lr=9.99322e-05
[Epoch 002/060] batch 0300/0744 loss=6.2872 det=6.2665 box=1.0314 cls=0.6705 dfl=0.0057 mard=2.0146 lambda=0.0103 pseudo_boxes=32 avg_conf=0.8669 rasp_s=0.000 lr=9.99322e-05
[Epoch 002/060] batch 0320/0744 loss=9.0325 det=9.0106 box=1.2911 cls=1.5165 dfl=0.0061 mard=2.0252 lambda=0.0108 pseudo_boxes=28 avg_conf=0.8784 rasp_s=0.000 lr=9.99322e-05
[Epoch 002/060] batch 0340/0744 loss=8.1963 det=8.1768 box=1.1455 cls=1.5940 dfl=0.0044 mard=2.0173 lambda=0.0096 pseudo_boxes=42 avg_conf=0.8313 rasp_s=0.000 lr=9.99322e-05
[Epoch 002/060] batch 0360/0744 loss=7.3750 det=7.3547 box=1.1436 cls=0.8693 dfl=0.0050 mard=2.0282 lambda=0.0100 pseudo_boxes=34 avg_conf=0.8389 rasp_s=0.000 lr=9.99322e-05
[Epoch 002/060] batch 0380/0744 loss=6.5868 det=6.5656 box=1.1467 cls=0.7617 dfl=0.0064 mard=2.0213 lambda=0.0105 pseudo_boxes=39 avg_conf=0.8477 rasp_s=0.000 lr=9.99322e-05
[Epoch 002/060] batch 0400/0744 loss=5.9702 det=5.9496 box=0.8632 cls=0.8744 dfl=0.0032 mard=2.0301 lambda=0.0102 pseudo_boxes=42 avg_conf=0.8308 rasp_s=0.000 lr=9.99322e-05
[Epoch 002/060] batch 0420/0744 loss=10.4294 det=10.4084 box=1.5380 cls=1.7698 dfl=0.0066 mard=1.9975 lambda=0.0105 pseudo_boxes=33 avg_conf=0.8358 rasp_s=0.000 lr=9.99322e-05
[Epoch 002/060] batch 0440/0744 loss=3.8815 det=3.8580 box=0.6030 cls=0.4680 dfl=0.0019 mard=2.0319 lambda=0.0116 pseudo_boxes=53 avg_conf=0.8638 rasp_s=0.000 lr=9.99322e-05
[Epoch 002/060] batch 0460/0744 loss=9.5489 det=9.5296 box=1.3405 cls=1.5406 dfl=0.0055 mard=2.0267 lambda=0.0095 pseudo_boxes=29 avg_conf=0.7948 rasp_s=0.000 lr=9.99322e-05
[Epoch 002/060] batch 0480/0744 loss=11.0385 det=11.0189 box=1.4949 cls=1.4322 dfl=0.0074 mard=1.9964 lambda=0.0098 pseudo_boxes=49 avg_conf=0.7980 rasp_s=0.000 lr=9.99322e-05
[Epoch 002/060] batch 0500/0744 loss=6.5711 det=6.5510 box=0.9971 cls=0.9749 dfl=0.0034 mard=2.0017 lambda=0.0101 pseudo_boxes=25 avg_conf=0.8009 rasp_s=0.000 lr=9.99322e-05
[Epoch 002/060] batch 0520/0744 loss=7.3721 det=7.3468 box=1.0812 cls=1.1431 dfl=0.0092 mard=2.0065 lambda=0.0126 pseudo_boxes=29 avg_conf=0.8720 rasp_s=0.000 lr=9.99322e-05
[Epoch 002/060] batch 0540/0744 loss=8.4964 det=8.4734 box=1.0764 cls=1.1338 dfl=0.0042 mard=1.9995 lambda=0.0115 pseudo_boxes=28 avg_conf=0.8332 rasp_s=0.000 lr=9.99322e-05
[Epoch 002/060] batch 0560/0744 loss=7.5843 det=7.5636 box=1.2304 cls=1.1021 dfl=0.0090 mard=2.0102 lambda=0.0103 pseudo_boxes=48 avg_conf=0.7947 rasp_s=0.000 lr=9.99322e-05
[Epoch 002/060] batch 0580/0744 loss=7.7013 det=7.6800 box=1.3085 cls=1.1986 dfl=0.0048 mard=2.0226 lambda=0.0105 pseudo_boxes=50 avg_conf=0.7963 rasp_s=0.000 lr=9.99322e-05
[Epoch 002/060] batch 0600/0744 loss=5.9493 det=5.9247 box=0.9250 cls=0.8295 dfl=0.0040 mard=2.0041 lambda=0.0123 pseudo_boxes=41 avg_conf=0.8400 rasp_s=0.000 lr=9.99322e-05
[Epoch 002/060] batch 0620/0744 loss=9.2732 det=9.2487 box=1.4137 cls=1.6293 dfl=0.0053 mard=2.0339 lambda=0.0120 pseudo_boxes=54 avg_conf=0.8280 rasp_s=0.000 lr=9.99322e-05
[Epoch 002/060] batch 0640/0744 loss=6.9892 det=6.9635 box=0.8633 cls=1.2921 dfl=0.0044 mard=2.0304 lambda=0.0126 pseudo_boxes=25 avg_conf=0.8401 rasp_s=0.000 lr=9.99322e-05
[Epoch 002/060] batch 0660/0744 loss=5.5967 det=5.5696 box=0.8621 cls=0.7104 dfl=0.0051 mard=2.0351 lambda=0.0133 pseudo_boxes=24 avg_conf=0.8538 rasp_s=0.000 lr=9.99322e-05
[Epoch 002/060] batch 0680/0744 loss=8.1911 det=8.1626 box=1.1780 cls=1.0075 dfl=0.0064 mard=2.0399 lambda=0.0140 pseudo_boxes=27 avg_conf=0.8653 rasp_s=0.000 lr=9.99322e-05
[Epoch 002/060] batch 0700/0744 loss=10.1013 det=10.0792 box=1.3481 cls=1.8520 dfl=0.0057 mard=1.9732 lambda=0.0112 pseudo_boxes=34 avg_conf=0.7891 rasp_s=0.000 lr=9.99322e-05
[Epoch 002/060] batch 0720/0744 loss=4.9601 det=4.9340 box=0.8159 cls=0.7222 dfl=0.0054 mard=2.0195 lambda=0.0129 pseudo_boxes=32 avg_conf=0.8289 rasp_s=0.000 lr=9.99322e-05
[Epoch 002/060] batch 0740/0744 loss=6.3528 det=6.3250 box=0.8867 cls=0.9599 dfl=0.0034 mard=2.0005 lambda=0.0139 pseudo_boxes=38 avg_conf=0.8486 rasp_s=0.000 lr=9.99322e-05
[Epoch 002/060] batch 0744/0744 loss=6.1853 det=6.1587 box=1.1445 cls=1.1179 dfl=0.0035 mard=2.0015 lambda=0.0133 pseudo_boxes=24 avg_conf=0.8327 rasp_s=0.000 lr=9.99322e-05
[Epoch 002/060] done time=272.9s valid=744 skipped=0 pseudo_boxes=27913 loss=7.5159 det=7.4955 mard=2.0124 conf=0.8350 RASP(status=warmup, s=0.000, new_packs=0, knee=0/0)
[Epoch 003/060] start
[Epoch 003/060] batch 0001/0744 loss=6.8233 det=6.7947 box=1.0633 cls=0.8604 dfl=0.0061 mard=1.9941 lambda=0.0144 pseudo_boxes=49 avg_conf=0.8591 rasp_s=0.000 lr=9.97288e-05
[Epoch 003/060] batch 0020/0744 loss=6.2159 det=6.1901 box=1.1001 cls=0.9343 dfl=0.0036 mard=1.9966 lambda=0.0129 pseudo_boxes=24 avg_conf=0.8190 rasp_s=0.000 lr=9.97288e-05
[Epoch 003/060] batch 0040/0744 loss=10.8813 det=10.8542 box=1.5301 cls=1.6969 dfl=0.0085 mard=2.0295 lambda=0.0133 pseudo_boxes=43 avg_conf=0.8247 rasp_s=0.000 lr=9.97288e-05
[Epoch 003/060] batch 0060/0744 loss=7.6608 det=7.6361 box=1.1773 cls=1.1178 dfl=0.0052 mard=2.0357 lambda=0.0121 pseudo_boxes=36 avg_conf=0.7921 rasp_s=0.000 lr=9.97288e-05
[Epoch 003/060] batch 0080/0744 loss=8.3498 det=8.3179 box=1.2182 cls=1.0549 dfl=0.0068 mard=1.9898 lambda=0.0160 pseudo_boxes=41 avg_conf=0.8805 rasp_s=0.000 lr=9.97288e-05
[Epoch 003/060] batch 0100/0744 loss=6.0621 det=6.0340 box=1.0667 cls=0.7733 dfl=0.0034 mard=2.0416 lambda=0.0138 pseudo_boxes=32 avg_conf=0.8224 rasp_s=0.000 lr=9.97288e-05
[Epoch 003/060] batch 0120/0744 loss=11.2031 det=11.1717 box=1.7756 cls=1.4456 dfl=0.0113 mard=2.0333 lambda=0.0154 pseudo_boxes=38 avg_conf=0.8567 rasp_s=0.000 lr=9.97288e-05
[Epoch 003/060] batch 0140/0744 loss=6.4616 det=6.4288 box=1.1045 cls=0.6782 dfl=0.0051 mard=2.0256 lambda=0.0162 pseudo_boxes=45 avg_conf=0.8704 rasp_s=0.000 lr=9.97288e-05
[Epoch 003/060] batch 0160/0744 loss=5.4820 det=5.4504 box=0.8080 cls=0.8615 dfl=0.0024 mard=1.9861 lambda=0.0159 pseudo_boxes=23 avg_conf=0.8596 rasp_s=0.000 lr=9.97288e-05
[Epoch 003/060] batch 0180/0744 loss=3.6187 det=3.5871 box=0.7287 cls=0.4644 dfl=0.0052 mard=2.0416 lambda=0.0155 pseudo_boxes=36 avg_conf=0.8456 rasp_s=0.000 lr=9.97288e-05
[Epoch 003/060] batch 0200/0744 loss=8.5267 det=8.4985 box=1.4251 cls=1.5690 dfl=0.0049 mard=2.0040 lambda=0.0140 pseudo_boxes=45 avg_conf=0.8097 rasp_s=0.000 lr=9.97288e-05
[Epoch 003/060] batch 0220/0744 loss=7.1774 det=7.1434 box=1.0952 cls=1.0476 dfl=0.0058 mard=2.0212 lambda=0.0168 pseudo_boxes=32 avg_conf=0.8665 rasp_s=0.000 lr=9.97288e-05
[Epoch 003/060] batch 0240/0744 loss=6.4024 det=6.3711 box=1.1127 cls=0.7914 dfl=0.0050 mard=2.0055 lambda=0.0156 pseudo_boxes=74 avg_conf=0.8357 rasp_s=0.000 lr=9.97288e-05
[Epoch 003/060] batch 0260/0744 loss=8.8273 det=8.7967 box=1.2457 cls=1.5070 dfl=0.0043 mard=2.0224 lambda=0.0151 pseudo_boxes=39 avg_conf=0.8216 rasp_s=0.000 lr=9.97288e-05
[Epoch 003/060] batch 0280/0744 loss=9.0239 det=8.9922 box=1.4096 cls=1.1725 dfl=0.0052 mard=2.0010 lambda=0.0158 pseudo_boxes=62 avg_conf=0.8329 rasp_s=0.000 lr=9.97288e-05
[Epoch 003/060] batch 0300/0744 loss=9.9490 det=9.9193 box=1.4137 cls=1.6595 dfl=0.0050 mard=1.9770 lambda=0.0151 pseudo_boxes=79 avg_conf=0.8135 rasp_s=0.000 lr=9.97288e-05
[Epoch 003/060] batch 0320/0744 loss=4.8645 det=4.8262 box=0.7537 cls=0.6461 dfl=0.0037 mard=1.9951 lambda=0.0192 pseudo_boxes=24 avg_conf=0.8952 rasp_s=0.000 lr=9.97288e-05
[Epoch 003/060] batch 0340/0744 loss=8.5513 det=8.5229 box=1.2874 cls=1.1745 dfl=0.0060 mard=2.0178 lambda=0.0140 pseudo_boxes=58 avg_conf=0.7860 rasp_s=0.000 lr=9.97288e-05
[Epoch 003/060] batch 0360/0744 loss=8.3537 det=8.3210 box=1.1937 cls=1.2247 dfl=0.0069 mard=2.0231 lambda=0.0162 pseudo_boxes=46 avg_conf=0.8261 rasp_s=0.000 lr=9.97288e-05
[Epoch 003/060] batch 0380/0744 loss=3.0969 det=3.0598 box=0.6110 cls=0.5717 dfl=0.0041 mard=2.0020 lambda=0.0186 pseudo_boxes=25 avg_conf=0.8698 rasp_s=0.000 lr=9.97288e-05
[Epoch 003/060] batch 0400/0744 loss=3.7667 det=3.7288 box=0.6152 cls=0.3219 dfl=0.0033 mard=2.0113 lambda=0.0189 pseudo_boxes=37 avg_conf=0.8717 rasp_s=0.000 lr=9.97288e-05
[Epoch 003/060] batch 0420/0744 loss=12.2376 det=12.2038 box=1.7266 cls=1.9190 dfl=0.0102 mard=1.9966 lambda=0.0169 pseudo_boxes=26 avg_conf=0.8301 rasp_s=0.000 lr=9.97288e-05
[Epoch 003/060] batch 0440/0744 loss=8.7296 det=8.6919 box=1.1901 cls=1.7204 dfl=0.0052 mard=2.0170 lambda=0.0187 pseudo_boxes=33 avg_conf=0.8606 rasp_s=0.000 lr=9.97288e-05
[Epoch 003/060] batch 0460/0744 loss=7.2668 det=7.2315 box=1.2340 cls=0.8342 dfl=0.0050 mard=2.0244 lambda=0.0174 pseudo_boxes=39 avg_conf=0.8334 rasp_s=0.000 lr=9.97288e-05
[Epoch 003/060] batch 0480/0744 loss=8.7315 det=8.6959 box=1.3549 cls=1.1428 dfl=0.0055 mard=2.0057 lambda=0.0177 pseudo_boxes=40 avg_conf=0.8350 rasp_s=0.000 lr=9.97288e-05
[Epoch 003/060] batch 0500/0744 loss=4.4265 det=4.3859 box=0.8166 cls=0.4684 dfl=0.0042 mard=2.0002 lambda=0.0203 pseudo_boxes=28 avg_conf=0.8802 rasp_s=0.000 lr=9.97288e-05
[Epoch 003/060] batch 0520/0744 loss=7.9528 det=7.9204 box=1.2887 cls=1.1949 dfl=0.0043 mard=2.0100 lambda=0.0161 pseudo_boxes=40 avg_conf=0.7983 rasp_s=0.000 lr=9.97288e-05
[Epoch 003/060] batch 0540/0744 loss=9.3757 det=9.3337 box=1.5009 cls=1.0964 dfl=0.0058 mard=2.0275 lambda=0.0207 pseudo_boxes=37 avg_conf=0.8803 rasp_s=0.000 lr=9.97288e-05
[Epoch 003/060] batch 0560/0744 loss=5.3953 det=5.3539 box=0.8917 cls=0.6388 dfl=0.0038 mard=1.9976 lambda=0.0208 pseudo_boxes=36 avg_conf=0.8773 rasp_s=0.000 lr=9.97288e-05
[Epoch 003/060] batch 0580/0744 loss=6.6836 det=6.6449 box=1.1480 cls=0.8966 dfl=0.0054 mard=2.0089 lambda=0.0193 pseudo_boxes=45 avg_conf=0.8467 rasp_s=0.000 lr=9.97288e-05
[Epoch 003/060] batch 0600/0744 loss=7.9357 det=7.8980 box=1.2715 cls=1.0538 dfl=0.0051 mard=2.0327 lambda=0.0185 pseudo_boxes=25 avg_conf=0.8302 rasp_s=0.000 lr=9.97288e-05
[Epoch 003/060] batch 0620/0744 loss=6.2038 det=6.1701 box=1.0611 cls=0.6941 dfl=0.0042 mard=1.9976 lambda=0.0169 pseudo_boxes=32 avg_conf=0.7976 rasp_s=0.000 lr=9.97288e-05
[Epoch 003/060] batch 0640/0744 loss=4.3731 det=4.3325 box=0.6726 cls=0.5815 dfl=0.0029 mard=2.0151 lambda=0.0202 pseudo_boxes=34 avg_conf=0.8528 rasp_s=0.000 lr=9.97288e-05
[Epoch 003/060] batch 0660/0744 loss=8.7882 det=8.7536 box=1.2955 cls=1.3005 dfl=0.0041 mard=2.0178 lambda=0.0172 pseudo_boxes=25 avg_conf=0.7976 rasp_s=0.000 lr=9.97288e-05
[Epoch 003/060] batch 0680/0744 loss=4.7358 det=4.6937 box=0.7997 cls=0.6500 dfl=0.0027 mard=2.0088 lambda=0.0210 pseudo_boxes=32 avg_conf=0.8604 rasp_s=0.000 lr=9.97288e-05
[Epoch 003/060] batch 0700/0744 loss=7.7679 det=7.7289 box=1.1614 cls=1.0557 dfl=0.0041 mard=2.0078 lambda=0.0194 pseudo_boxes=39 avg_conf=0.8304 rasp_s=0.000 lr=9.97288e-05
[Epoch 003/060] batch 0720/0744 loss=6.0580 det=6.0177 box=1.0090 cls=0.7661 dfl=0.0066 mard=2.0040 lambda=0.0201 pseudo_boxes=38 avg_conf=0.8390 rasp_s=0.000 lr=9.97288e-05
[Epoch 003/060] batch 0740/0744 loss=4.8686 det=4.8271 box=0.7814 cls=0.6611 dfl=0.0035 mard=2.0091 lambda=0.0206 pseudo_boxes=39 avg_conf=0.8449 rasp_s=0.000 lr=9.97288e-05
[Epoch 003/060] batch 0744/0744 loss=6.1282 det=6.0835 box=1.3446 cls=1.0363 dfl=0.0088 mard=1.9983 lambda=0.0224 pseudo_boxes=34 avg_conf=0.8732 rasp_s=0.000 lr=9.97288e-05
[Epoch 003/060] done time=268.4s valid=744 skipped=0 pseudo_boxes=27913 loss=7.1111 det=7.0770 mard=2.0146 conf=0.8349 RASP(status=warmup, s=0.000, new_packs=0, knee=0/0)
[Epoch 004/060] start
[Epoch 004/060] batch 0001/0744 loss=4.1523 det=4.1052 box=0.6427 cls=0.4572 dfl=0.0027 mard=2.0073 lambda=0.0235 pseudo_boxes=50 avg_conf=0.8913 rasp_s=0.000 lr=9.93906e-05
[Epoch 004/060] batch 0020/0744 loss=5.9347 det=5.8968 box=0.9168 cls=0.8817 dfl=0.0035 mard=2.0255 lambda=0.0187 pseudo_boxes=46 avg_conf=0.8092 rasp_s=0.000 lr=9.93906e-05
[Epoch 004/060] batch 0040/0744 loss=6.9264 det=6.8815 box=1.0493 cls=0.8716 dfl=0.0030 mard=2.0340 lambda=0.0221 pseudo_boxes=26 avg_conf=0.8613 rasp_s=0.000 lr=9.93906e-05
[Epoch 004/060] batch 0060/0744 loss=7.2632 det=7.2219 box=0.9540 cls=1.0863 dfl=0.0071 mard=2.0127 lambda=0.0205 pseudo_boxes=24 avg_conf=0.8330 rasp_s=0.000 lr=9.93906e-05
[Epoch 004/060] batch 0080/0744 loss=8.1525 det=8.1085 box=1.1563 cls=1.3122 dfl=0.0043 mard=2.0206 lambda=0.0218 pseudo_boxes=23 avg_conf=0.8503 rasp_s=0.000 lr=9.93906e-05
[Epoch 004/060] batch 0100/0744 loss=5.8970 det=5.8495 box=0.8895 cls=0.6701 dfl=0.0037 mard=1.9876 lambda=0.0239 pseudo_boxes=31 avg_conf=0.8821 rasp_s=0.000 lr=9.93906e-05
[Epoch 004/060] batch 0120/0744 loss=5.1389 det=5.0965 box=0.8349 cls=0.5962 dfl=0.0032 mard=1.9853 lambda=0.0214 pseudo_boxes=50 avg_conf=0.8379 rasp_s=0.000 lr=9.93906e-05
[Epoch 004/060] batch 0140/0744 loss=7.6720 det=7.6311 box=1.2558 cls=0.9915 dfl=0.0045 mard=2.0156 lambda=0.0203 pseudo_boxes=57 avg_conf=0.8180 rasp_s=0.000 lr=9.93906e-05
[Epoch 004/060] batch 0160/0744 loss=6.7646 det=6.7212 box=1.1404 cls=0.8404 dfl=0.0044 mard=2.0379 lambda=0.0213 pseudo_boxes=43 avg_conf=0.8314 rasp_s=0.000 lr=9.93906e-05
[Epoch 004/060] batch 0180/0744 loss=7.6670 det=7.6229 box=1.3773 cls=1.0351 dfl=0.0069 mard=2.0231 lambda=0.0218 pseudo_boxes=45 avg_conf=0.8358 rasp_s=0.000 lr=9.93906e-05
[Epoch 004/060] batch 0200/0744 loss=5.6018 det=5.5575 box=0.9005 cls=0.7584 dfl=0.0038 mard=2.0180 lambda=0.0219 pseudo_boxes=37 avg_conf=0.8357 rasp_s=0.000 lr=9.93906e-05
[Epoch 004/060] batch 0220/0744 loss=6.3974 det=6.3470 box=1.1030 cls=0.6928 dfl=0.0047 mard=2.0428 lambda=0.0247 pseudo_boxes=41 avg_conf=0.8747 rasp_s=0.000 lr=9.93906e-05
[Epoch 004/060] batch 0240/0744 loss=10.4052 det=10.3662 box=1.2991 cls=1.6655 dfl=0.0052 mard=2.0103 lambda=0.0194 pseudo_boxes=22 avg_conf=0.7919 rasp_s=0.000 lr=9.93906e-05
[Epoch 004/060] batch 0260/0744 loss=6.2853 det=6.2412 box=0.8158 cls=0.8695 dfl=0.0047 mard=2.0065 lambda=0.0220 pseudo_boxes=41 avg_conf=0.8281 rasp_s=0.000 lr=9.93906e-05
[Epoch 004/060] batch 0280/0744 loss=8.6613 det=8.6131 box=1.4042 cls=1.2183 dfl=0.0049 mard=2.0353 lambda=0.0237 pseudo_boxes=35 avg_conf=0.8507 rasp_s=0.000 lr=9.93906e-05
[Epoch 004/060] batch 0300/0744 loss=7.9464 det=7.9035 box=1.0514 cls=1.2713 dfl=0.0043 mard=2.0067 lambda=0.0214 pseudo_boxes=32 avg_conf=0.8145 rasp_s=0.000 lr=9.93906e-05
[Epoch 004/060] batch 0320/0744 loss=8.6151 det=8.5668 box=1.3317 cls=1.0374 dfl=0.0055 mard=1.9997 lambda=0.0242 pseudo_boxes=26 avg_conf=0.8528 rasp_s=0.000 lr=9.93906e-05
[Epoch 004/060] batch 0340/0744 loss=6.6357 det=6.5943 box=0.9627 cls=0.8252 dfl=0.0040 mard=2.0000 lambda=0.0207 pseudo_boxes=33 avg_conf=0.7992 rasp_s=0.000 lr=9.93906e-05
[Epoch 004/060] batch 0360/0744 loss=11.6581 det=11.6147 box=1.6644 cls=2.0888 dfl=0.0065 mard=1.9962 lambda=0.0218 pseudo_boxes=39 avg_conf=0.8124 rasp_s=0.000 lr=9.93906e-05
[Epoch 004/060] batch 0380/0744 loss=6.6766 det=6.6272 box=1.0115 cls=0.8638 dfl=0.0054 mard=2.0348 lambda=0.0243 pseudo_boxes=54 avg_conf=0.8460 rasp_s=0.000 lr=9.93906e-05
[Epoch 004/060] batch 0400/0744 loss=6.5748 det=6.5257 box=1.0900 cls=0.8761 dfl=0.0054 mard=2.0200 lambda=0.0243 pseudo_boxes=42 avg_conf=0.8434 rasp_s=0.000 lr=9.93906e-05
[Epoch 004/060] batch 0420/0744 loss=5.9130 det=5.8615 box=0.9232 cls=0.8243 dfl=0.0040 mard=2.0201 lambda=0.0255 pseudo_boxes=30 avg_conf=0.8580 rasp_s=0.000 lr=9.93906e-05
[Epoch 004/060] batch 0440/0744 loss=6.7333 det=6.6864 box=1.1880 cls=0.6903 dfl=0.0038 mard=2.0258 lambda=0.0232 pseudo_boxes=34 avg_conf=0.8227 rasp_s=0.000 lr=9.93906e-05
[Epoch 004/060] batch 0460/0744 loss=7.6101 det=7.5645 box=1.1936 cls=0.9431 dfl=0.0050 mard=2.0101 lambda=0.0227 pseudo_boxes=33 avg_conf=0.8133 rasp_s=0.000 lr=9.93906e-05
[Epoch 004/060] batch 0480/0744 loss=5.1918 det=5.1355 box=0.7282 cls=0.6365 dfl=0.0040 mard=2.0271 lambda=0.0277 pseudo_boxes=40 avg_conf=0.8807 rasp_s=0.000 lr=9.93906e-05
[Epoch 004/060] batch 0500/0744 loss=7.0292 det=6.9791 box=1.0691 cls=0.9197 dfl=0.0036 mard=2.0023 lambda=0.0250 pseudo_boxes=40 avg_conf=0.8405 rasp_s=0.000 lr=9.93906e-05
[Epoch 004/060] batch 0520/0744 loss=5.3405 det=5.2863 box=0.7433 cls=0.6153 dfl=0.0030 mard=2.0341 lambda=0.0267 pseudo_boxes=35 avg_conf=0.8606 rasp_s=0.000 lr=9.93906e-05
[Epoch 004/060] batch 0540/0744 loss=8.4222 det=8.3726 box=1.3165 cls=1.0279 dfl=0.0091 mard=1.9984 lambda=0.0248 pseudo_boxes=41 avg_conf=0.8333 rasp_s=0.000 lr=9.93906e-05
[Epoch 004/060] batch 0560/0744 loss=6.7064 det=6.6617 box=0.9835 cls=0.8189 dfl=0.0044 mard=1.9865 lambda=0.0225 pseudo_boxes=37 avg_conf=0.7997 rasp_s=0.000 lr=9.93906e-05
[Epoch 004/060] batch 0580/0744 loss=5.5538 det=5.4972 box=0.9664 cls=0.9663 dfl=0.0050 mard=2.0211 lambda=0.0280 pseudo_boxes=14 avg_conf=0.8711 rasp_s=0.000 lr=9.93906e-05
[Epoch 004/060] batch 0600/0744 loss=6.5298 det=6.4788 box=0.9800 cls=1.2357 dfl=0.0046 mard=2.0228 lambda=0.0252 pseudo_boxes=26 avg_conf=0.8313 rasp_s=0.000 lr=9.93906e-05
[Epoch 004/060] batch 0620/0744 loss=5.0898 det=5.0403 box=0.8113 cls=0.4905 dfl=0.0037 mard=2.0416 lambda=0.0243 pseudo_boxes=38 avg_conf=0.8168 rasp_s=0.000 lr=9.93906e-05
[Epoch 004/060] batch 0640/0744 loss=5.6159 det=5.5636 box=0.9058 cls=0.7614 dfl=0.0033 mard=2.0233 lambda=0.0258 pseudo_boxes=22 avg_conf=0.8349 rasp_s=0.000 lr=9.93906e-05
[Epoch 004/060] batch 0660/0744 loss=7.6173 det=7.5647 box=1.3182 cls=1.4340 dfl=0.0070 mard=2.0221 lambda=0.0260 pseudo_boxes=29 avg_conf=0.8351 rasp_s=0.000 lr=9.93906e-05
[Epoch 004/060] batch 0680/0744 loss=5.8969 det=5.8420 box=0.8509 cls=0.9467 dfl=0.0047 mard=2.0014 lambda=0.0274 pseudo_boxes=29 avg_conf=0.8502 rasp_s=0.000 lr=9.93906e-05
[Epoch 004/060] batch 0700/0744 loss=4.6563 det=4.6051 box=0.7282 cls=0.8796 dfl=0.0026 mard=2.0293 lambda=0.0252 pseudo_boxes=50 avg_conf=0.8202 rasp_s=0.000 lr=9.93906e-05
[Epoch 004/060] batch 0720/0744 loss=6.6026 det=6.5507 box=1.0938 cls=0.8566 dfl=0.0035 mard=2.0113 lambda=0.0258 pseudo_boxes=50 avg_conf=0.8252 rasp_s=0.000 lr=9.93906e-05
[Epoch 004/060] batch 0740/0744 loss=9.3873 det=9.3408 box=1.5998 cls=1.6426 dfl=0.0051 mard=2.0247 lambda=0.0230 pseudo_boxes=58 avg_conf=0.7875 rasp_s=0.000 lr=9.93906e-05
[Epoch 004/060] batch 0744/0744 loss=3.5030 det=3.4544 box=0.6088 cls=0.7679 dfl=0.0016 mard=1.9835 lambda=0.0245 pseudo_boxes=13 avg_conf=0.8059 rasp_s=0.000 lr=9.93906e-05
[Epoch 004/060] done time=268.8s valid=744 skipped=0 pseudo_boxes=27877 loss=6.8886 det=6.8410 mard=2.0152 conf=0.8352 RASP(status=warmup, s=0.000, new_packs=0, knee=0/0)
[Epoch 005/060] start
[Epoch 005/060] batch 0001/0744 loss=6.6166 det=6.5562 box=1.0324 cls=0.7008 dfl=0.0052 mard=2.0226 lambda=0.0299 pseudo_boxes=42 avg_conf=0.8732 rasp_s=0.000 lr=9.89183e-05
[Epoch 005/060] batch 0020/0744 loss=4.1436 det=4.0883 box=0.8485 cls=0.6481 dfl=0.0043 mard=2.0083 lambda=0.0275 pseudo_boxes=38 avg_conf=0.8417 rasp_s=0.000 lr=9.89183e-05
[Epoch 005/060] batch 0040/0744 loss=6.1339 det=6.0782 box=0.9820 cls=0.9255 dfl=0.0038 mard=1.9882 lambda=0.0280 pseudo_boxes=38 avg_conf=0.8457 rasp_s=0.000 lr=9.89183e-05
[Epoch 005/060] batch 0060/0744 loss=8.5359 det=8.4879 box=1.1845 cls=1.3812 dfl=0.0051 mard=2.0190 lambda=0.0238 pseudo_boxes=22 avg_conf=0.7917 rasp_s=0.000 lr=9.89183e-05
[Epoch 005/060] batch 0080/0744 loss=5.2409 det=5.1867 box=0.7783 cls=0.6959 dfl=0.0034 mard=2.0210 lambda=0.0268 pseudo_boxes=57 avg_conf=0.8265 rasp_s=0.000 lr=9.89183e-05
[Epoch 005/060] batch 0100/0744 loss=4.4719 det=4.4156 box=0.7514 cls=0.5437 dfl=0.0024 mard=2.0346 lambda=0.0277 pseudo_boxes=22 avg_conf=0.8347 rasp_s=0.000 lr=9.89183e-05
[Epoch 005/060] batch 0120/0744 loss=5.8181 det=5.7503 box=0.8504 cls=0.7808 dfl=0.0040 mard=2.0074 lambda=0.0337 pseudo_boxes=33 avg_conf=0.9056 rasp_s=0.000 lr=9.89183e-05
[Epoch 005/060] batch 0140/0744 loss=7.5779 det=7.5278 box=1.2357 cls=0.8161 dfl=0.0038 mard=1.9943 lambda=0.0251 pseudo_boxes=73 avg_conf=0.7999 rasp_s=0.000 lr=9.89183e-05
[Epoch 005/060] batch 0160/0744 loss=7.0522 det=6.9957 box=1.1134 cls=1.1339 dfl=0.0059 mard=2.0117 lambda=0.0281 pseudo_boxes=49 avg_conf=0.8335 rasp_s=0.000 lr=9.89183e-05
[Epoch 005/060] batch 0180/0744 loss=8.7094 det=8.6567 box=1.3066 cls=1.2640 dfl=0.0050 mard=2.0099 lambda=0.0262 pseudo_boxes=49 avg_conf=0.8094 rasp_s=0.000 lr=9.89183e-05
[Epoch 005/060] batch 0200/0744 loss=9.0823 det=9.0329 box=1.4351 cls=1.3098 dfl=0.0071 mard=2.0183 lambda=0.0245 pseudo_boxes=38 avg_conf=0.7870 rasp_s=0.000 lr=9.89183e-05
[Epoch 005/060] batch 0220/0744 loss=5.5722 det=5.5195 box=0.8293 cls=0.7995 dfl=0.0028 mard=2.0045 lambda=0.0263 pseudo_boxes=59 avg_conf=0.8059 rasp_s=0.000 lr=9.89183e-05
[Epoch 005/060] batch 0240/0744 loss=8.4397 det=8.3811 box=1.4037 cls=1.4360 dfl=0.0068 mard=2.0078 lambda=0.0292 pseudo_boxes=49 avg_conf=0.8378 rasp_s=0.000 lr=9.89183e-05
[Epoch 005/060] batch 0260/0744 loss=9.1171 det=9.0600 box=1.4324 cls=1.4084 dfl=0.0054 mard=2.0157 lambda=0.0283 pseudo_boxes=36 avg_conf=0.8260 rasp_s=0.000 lr=9.89183e-05
[Epoch 005/060] batch 0280/0744 loss=6.8334 det=6.7831 box=0.9575 cls=1.1418 dfl=0.0027 mard=2.0085 lambda=0.0250 pseudo_boxes=29 avg_conf=0.7862 rasp_s=0.000 lr=9.89183e-05
[Epoch 005/060] batch 0300/0744 loss=4.2154 det=4.1519 box=0.6309 cls=0.6042 dfl=0.0032 mard=2.0426 lambda=0.0311 pseudo_boxes=51 avg_conf=0.8534 rasp_s=0.000 lr=9.89183e-05
[Epoch 005/060] batch 0320/0744 loss=3.3055 det=3.2339 box=0.4241 cls=0.3571 dfl=0.0027 mard=2.0280 lambda=0.0353 pseudo_boxes=25 avg_conf=0.8987 rasp_s=0.000 lr=9.89183e-05
[Epoch 005/060] batch 0340/0744 loss=4.8582 det=4.8013 box=0.6663 cls=0.6695 dfl=0.0022 mard=1.9780 lambda=0.0288 pseudo_boxes=43 avg_conf=0.8228 rasp_s=0.000 lr=9.89183e-05
[Epoch 005/060] batch 0360/0744 loss=7.9247 det=7.8631 box=1.2607 cls=1.0668 dfl=0.0046 mard=2.0030 lambda=0.0308 pseudo_boxes=40 avg_conf=0.8430 rasp_s=0.000 lr=9.89183e-05
[Epoch 005/060] batch 0380/0744 loss=5.4430 det=5.3835 box=0.8614 cls=0.7882 dfl=0.0033 mard=2.0255 lambda=0.0294 pseudo_boxes=36 avg_conf=0.8259 rasp_s=0.000 lr=9.89183e-05
[Epoch 005/060] batch 0400/0744 loss=4.4319 det=4.3609 box=0.5811 cls=0.5835 dfl=0.0032 mard=2.0271 lambda=0.0350 pseudo_boxes=27 avg_conf=0.8861 rasp_s=0.000 lr=9.89183e-05
[Epoch 005/060] batch 0420/0744 loss=7.9359 det=7.8827 box=1.2817 cls=1.0485 dfl=0.0038 mard=2.0119 lambda=0.0264 pseudo_boxes=48 avg_conf=0.7895 rasp_s=0.000 lr=9.89183e-05
[Epoch 005/060] batch 0440/0744 loss=6.7441 det=6.6872 box=1.0289 cls=0.8901 dfl=0.0059 mard=2.0095 lambda=0.0283 pseudo_boxes=40 avg_conf=0.8088 rasp_s=0.000 lr=9.89183e-05
[Epoch 005/060] batch 0460/0744 loss=7.1051 det=7.0440 box=1.0535 cls=0.9229 dfl=0.0046 mard=2.0376 lambda=0.0300 pseudo_boxes=48 avg_conf=0.8249 rasp_s=0.000 lr=9.89183e-05
[Epoch 005/060] batch 0480/0744 loss=4.4525 det=4.3863 box=0.7159 cls=0.4242 dfl=0.0033 mard=2.0055 lambda=0.0330 pseudo_boxes=37 avg_conf=0.8554 rasp_s=0.000 lr=9.89183e-05
[Epoch 005/060] batch 0500/0744 loss=4.1190 det=4.0522 box=0.6650 cls=0.5307 dfl=0.0029 mard=2.0192 lambda=0.0331 pseudo_boxes=30 avg_conf=0.8545 rasp_s=0.000 lr=9.89183e-05
[Epoch 005/060] batch 0520/0744 loss=4.1330 det=4.0666 box=0.6808 cls=0.4536 dfl=0.0024 mard=2.0123 lambda=0.0330 pseudo_boxes=46 avg_conf=0.8514 rasp_s=0.000 lr=9.89183e-05
[Epoch 005/060] batch 0540/0744 loss=6.0891 det=6.0165 box=0.9972 cls=0.7974 dfl=0.0055 mard=2.0304 lambda=0.0358 pseudo_boxes=29 avg_conf=0.8784 rasp_s=0.000 lr=9.89183e-05
[Epoch 005/060] batch 0560/0744 loss=5.2368 det=5.1680 box=0.8583 cls=0.4734 dfl=0.0065 mard=2.0105 lambda=0.0342 pseudo_boxes=30 avg_conf=0.8602 rasp_s=0.000 lr=9.89183e-05
[Epoch 005/060] batch 0580/0744 loss=7.1223 det=7.0615 box=1.2208 cls=1.0278 dfl=0.0067 mard=2.0229 lambda=0.0301 pseudo_boxes=34 avg_conf=0.8145 rasp_s=0.000 lr=9.89183e-05
[Epoch 005/060] batch 0600/0744 loss=5.2986 det=5.2286 box=0.8435 cls=0.5329 dfl=0.0042 mard=2.0222 lambda=0.0346 pseudo_boxes=31 avg_conf=0.8603 rasp_s=0.000 lr=9.89183e-05
[Epoch 005/060] batch 0620/0744 loss=5.5186 det=5.4552 box=0.8043 cls=0.6968 dfl=0.0047 mard=2.0012 lambda=0.0317 pseudo_boxes=31 avg_conf=0.8276 rasp_s=0.000 lr=9.89183e-05
[Epoch 005/060] batch 0640/0744 loss=6.5280 det=6.4627 box=0.9064 cls=0.8711 dfl=0.0034 mard=2.0326 lambda=0.0321 pseudo_boxes=29 avg_conf=0.8307 rasp_s=0.000 lr=9.89183e-05
[Epoch 005/060] batch 0660/0744 loss=6.3241 det=6.2551 box=0.9773 cls=0.8283 dfl=0.0038 mard=2.0312 lambda=0.0340 pseudo_boxes=35 avg_conf=0.8479 rasp_s=0.000 lr=9.89183e-05
[Epoch 005/060] batch 0680/0744 loss=6.0511 det=5.9849 box=0.9554 cls=0.6859 dfl=0.0054 mard=2.0271 lambda=0.0326 pseudo_boxes=51 avg_conf=0.8322 rasp_s=0.000 lr=9.89183e-05
[Epoch 005/060] batch 0700/0744 loss=8.0639 det=7.9963 box=1.2594 cls=1.1398 dfl=0.0059 mard=2.0113 lambda=0.0336 pseudo_boxes=40 avg_conf=0.8402 rasp_s=0.000 lr=9.89183e-05
[Epoch 005/060] batch 0720/0744 loss=6.1229 det=6.0530 box=1.0206 cls=0.6626 dfl=0.0048 mard=2.0043 lambda=0.0348 pseudo_boxes=32 avg_conf=0.8508 rasp_s=0.000 lr=9.89183e-05
[Epoch 005/060] batch 0740/0744 loss=5.1467 det=5.0761 box=0.7567 cls=0.5892 dfl=0.0024 mard=1.9812 lambda=0.0356 pseudo_boxes=49 avg_conf=0.8569 rasp_s=0.000 lr=9.89183e-05
[Epoch 005/060] batch 0744/0744 loss=6.0097 det=5.9430 box=1.3321 cls=0.9470 dfl=0.0052 mard=2.0213 lambda=0.0330 pseudo_boxes=32 avg_conf=0.8300 rasp_s=0.000 lr=9.89183e-05
[Epoch 005/060] done time=268.9s valid=744 skipped=0 pseudo_boxes=27926 loss=6.7397 det=6.6787 mard=2.0152 conf=0.8344 RASP(status=warmup, s=0.000, new_packs=0, knee=0/0)
[Epoch 5] saved latent=yolo26_rasp_latent_epoch_5.pt state=rasp_training_state_epoch_5.pt
[Epoch 006/060] start
[Epoch 006/060] batch 0001/0744 loss=4.9285 det=4.8570 box=0.7275 cls=0.5664 dfl=0.0037 mard=2.0141 lambda=0.0355 pseudo_boxes=46 avg_conf=0.8549 rasp_s=0.000 lr=9.83133e-05
[Epoch 006/060] batch 0020/0744 loss=4.5832 det=4.5111 box=0.7584 cls=0.5021 dfl=0.0035 mard=2.0281 lambda=0.0356 pseudo_boxes=35 avg_conf=0.8555 rasp_s=0.000 lr=9.83133e-05
[Epoch 006/060] batch 0040/0744 loss=4.0564 det=3.9860 box=0.5999 cls=0.3915 dfl=0.0025 mard=2.0167 lambda=0.0349 pseudo_boxes=47 avg_conf=0.8493 rasp_s=0.000 lr=9.83133e-05
[Epoch 006/060] batch 0060/0744 loss=10.7737 det=10.7154 box=1.4059 cls=1.4655 dfl=0.0051 mard=2.0131 lambda=0.0289 pseudo_boxes=38 avg_conf=0.7895 rasp_s=0.000 lr=9.83133e-05
[Epoch 006/060] batch 0080/0744 loss=5.6903 det=5.6118 box=0.8826 cls=0.7647 dfl=0.0039 mard=2.0064 lambda=0.0391 pseudo_boxes=36 avg_conf=0.8912 rasp_s=0.000 lr=9.83133e-05
[Epoch 006/060] batch 0100/0744 loss=5.2848 det=5.2256 box=1.2187 cls=0.6397 dfl=0.0042 mard=2.0333 lambda=0.0291 pseudo_boxes=26 avg_conf=0.7912 rasp_s=0.000 lr=9.83133e-05
[Epoch 006/060] batch 0120/0744 loss=6.0194 det=5.9536 box=0.9129 cls=0.7860 dfl=0.0035 mard=1.9949 lambda=0.0330 pseudo_boxes=52 avg_conf=0.8300 rasp_s=0.000 lr=9.83133e-05
[Epoch 006/060] batch 0140/0744 loss=5.9318 det=5.8578 box=0.9185 cls=0.8465 dfl=0.0030 mard=2.0351 lambda=0.0364 pseudo_boxes=34 avg_conf=0.8635 rasp_s=0.000 lr=9.83133e-05
[Epoch 006/060] batch 0160/0744 loss=7.3839 det=7.3103 box=1.2664 cls=0.9064 dfl=0.0051 mard=2.0284 lambda=0.0363 pseudo_boxes=26 avg_conf=0.8625 rasp_s=0.000 lr=9.83133e-05
[Epoch 006/060] batch 0180/0744 loss=5.8015 det=5.7362 box=0.8832 cls=0.7308 dfl=0.0057 mard=2.0288 lambda=0.0322 pseudo_boxes=44 avg_conf=0.8217 rasp_s=0.000 lr=9.83133e-05
[Epoch 006/060] batch 0200/0744 loss=5.3753 det=5.3117 box=0.8572 cls=0.6635 dfl=0.0046 mard=1.9934 lambda=0.0319 pseudo_boxes=33 avg_conf=0.8189 rasp_s=0.000 lr=9.83133e-05
[Epoch 006/060] batch 0220/0744 loss=5.1200 det=5.0434 box=0.6883 cls=0.6059 dfl=0.0037 mard=2.0624 lambda=0.0371 pseudo_boxes=14 avg_conf=0.8713 rasp_s=0.000 lr=9.83133e-05
[Epoch 006/060] batch 0240/0744 loss=7.2328 det=7.1648 box=1.1130 cls=1.1107 dfl=0.0062 mard=1.9953 lambda=0.0341 pseudo_boxes=41 avg_conf=0.8409 rasp_s=0.000 lr=9.83133e-05
[Epoch 006/060] batch 0260/0744 loss=7.0108 det=6.9438 box=1.0640 cls=1.0266 dfl=0.0037 mard=2.0424 lambda=0.0328 pseudo_boxes=44 avg_conf=0.8282 rasp_s=0.000 lr=9.83133e-05
[Epoch 006/060] batch 0280/0744 loss=6.6078 det=6.5438 box=1.0806 cls=0.8638 dfl=0.0059 mard=2.0158 lambda=0.0318 pseudo_boxes=46 avg_conf=0.8176 rasp_s=0.000 lr=9.83133e-05
[Epoch 006/060] batch 0300/0744 loss=5.6762 det=5.6175 box=0.8840 cls=0.7983 dfl=0.0049 mard=2.0016 lambda=0.0293 pseudo_boxes=44 avg_conf=0.7934 rasp_s=0.000 lr=9.83133e-05
[Epoch 006/060] batch 0320/0744 loss=6.0094 det=5.9401 box=0.9489 cls=0.7897 dfl=0.0042 mard=2.0197 lambda=0.0343 pseudo_boxes=28 avg_conf=0.8434 rasp_s=0.000 lr=9.83133e-05
[Epoch 006/060] batch 0340/0744 loss=6.3456 det=6.2813 box=1.0781 cls=0.8000 dfl=0.0064 mard=1.9991 lambda=0.0322 pseudo_boxes=35 avg_conf=0.8216 rasp_s=0.000 lr=9.83133e-05
[Epoch 006/060] batch 0360/0744 loss=6.9443 det=6.8831 box=1.0839 cls=0.9232 dfl=0.0034 mard=2.0195 lambda=0.0303 pseudo_boxes=56 avg_conf=0.8031 rasp_s=0.000 lr=9.83133e-05
[Epoch 006/060] batch 0380/0744 loss=6.7687 det=6.7046 box=1.0473 cls=0.8063 dfl=0.0035 mard=2.0012 lambda=0.0321 pseudo_boxes=34 avg_conf=0.8207 rasp_s=0.000 lr=9.83133e-05
[Epoch 006/060] batch 0400/0744 loss=8.7131 det=8.6539 box=1.3809 cls=1.2238 dfl=0.0052 mard=1.9928 lambda=0.0297 pseudo_boxes=53 avg_conf=0.7972 rasp_s=0.000 lr=9.83133e-05
[Epoch 006/060] batch 0420/0744 loss=10.2164 det=10.1669 box=1.5587 cls=1.7781 dfl=0.0045 mard=2.0022 lambda=0.0247 pseudo_boxes=23 avg_conf=0.7470 rasp_s=0.000 lr=9.83133e-05
[Epoch 006/060] batch 0440/0744 loss=9.0808 det=9.0067 box=1.4602 cls=1.0696 dfl=0.0055 mard=2.0066 lambda=0.0369 pseudo_boxes=32 avg_conf=0.8693 rasp_s=0.000 lr=9.83133e-05
[Epoch 006/060] batch 0460/0744 loss=5.2165 det=5.1400 box=0.8218 cls=0.6474 dfl=0.0067 mard=2.0047 lambda=0.0381 pseudo_boxes=23 avg_conf=0.8814 rasp_s=0.000 lr=9.83133e-05
[Epoch 006/060] batch 0480/0744 loss=7.5783 det=7.5097 box=1.1777 cls=1.0158 dfl=0.0041 mard=2.0457 lambda=0.0335 pseudo_boxes=40 avg_conf=0.8354 rasp_s=0.000 lr=9.83133e-05
[Epoch 006/060] batch 0500/0744 loss=4.8168 det=4.7441 box=0.7611 cls=0.5249 dfl=0.0036 mard=2.0069 lambda=0.0362 pseudo_boxes=50 avg_conf=0.8625 rasp_s=0.000 lr=9.83133e-05
[Epoch 006/060] batch 0520/0744 loss=8.9257 det=8.8662 box=1.4277 cls=1.3085 dfl=0.0058 mard=2.0040 lambda=0.0297 pseudo_boxes=26 avg_conf=0.7970 rasp_s=0.000 lr=9.83133e-05
[Epoch 006/060] batch 0540/0744 loss=8.2925 det=8.2230 box=1.3181 cls=1.1458 dfl=0.0061 mard=2.0104 lambda=0.0346 pseudo_boxes=37 avg_conf=0.8460 rasp_s=0.000 lr=9.83133e-05
[Epoch 006/060] batch 0560/0744 loss=6.8968 det=6.8341 box=1.0903 cls=0.9548 dfl=0.0046 mard=2.0026 lambda=0.0313 pseudo_boxes=51 avg_conf=0.8130 rasp_s=0.000 lr=9.83133e-05
[Epoch 006/060] batch 0580/0744 loss=6.0260 det=5.9567 box=0.8752 cls=0.7744 dfl=0.0046 mard=2.0152 lambda=0.0344 pseudo_boxes=46 avg_conf=0.8438 rasp_s=0.000 lr=9.83133e-05
[Epoch 006/060] batch 0600/0744 loss=5.5487 det=5.4804 box=0.9049 cls=0.8764 dfl=0.0035 mard=2.0231 lambda=0.0338 pseudo_boxes=37 avg_conf=0.8377 rasp_s=0.000 lr=9.83133e-05
[Epoch 006/060] batch 0620/0744 loss=5.9507 det=5.8821 box=0.9337 cls=0.8270 dfl=0.0047 mard=2.0039 lambda=0.0342 pseudo_boxes=43 avg_conf=0.8425 rasp_s=0.000 lr=9.83133e-05
[Epoch 006/060] batch 0640/0744 loss=5.8274 det=5.7599 box=0.8473 cls=0.8420 dfl=0.0045 mard=2.0284 lambda=0.0333 pseudo_boxes=29 avg_conf=0.8325 rasp_s=0.000 lr=9.83133e-05
[Epoch 006/060] batch 0660/0744 loss=6.7313 det=6.6658 box=1.0381 cls=0.7763 dfl=0.0055 mard=2.0027 lambda=0.0327 pseudo_boxes=35 avg_conf=0.8271 rasp_s=0.000 lr=9.83133e-05
[Epoch 006/060] batch 0680/0744 loss=7.4204 det=7.3470 box=1.1874 cls=0.9678 dfl=0.0047 mard=2.0040 lambda=0.0366 pseudo_boxes=44 avg_conf=0.8663 rasp_s=0.000 lr=9.83133e-05
[Epoch 006/060] batch 0700/0744 loss=7.2802 det=7.2118 box=1.1725 cls=0.9927 dfl=0.0066 mard=2.0234 lambda=0.0338 pseudo_boxes=33 avg_conf=0.8381 rasp_s=0.000 lr=9.83133e-05
[Epoch 006/060] batch 0720/0744 loss=9.7663 det=9.6990 box=1.5172 cls=1.4930 dfl=0.0057 mard=2.0408 lambda=0.0329 pseudo_boxes=48 avg_conf=0.8295 rasp_s=0.000 lr=9.83133e-05
[Epoch 006/060] batch 0740/0744 loss=9.2981 det=9.2304 box=1.4949 cls=1.3046 dfl=0.0070 mard=2.0161 lambda=0.0335 pseudo_boxes=60 avg_conf=0.8355 rasp_s=0.000 lr=9.83133e-05
[Epoch 006/060] batch 0744/0744 loss=4.6068 det=4.5337 box=0.8235 cls=1.0281 dfl=0.0052 mard=2.0213 lambda=0.0361 pseudo_boxes=28 avg_conf=0.8613 rasp_s=0.000 lr=9.83133e-05
[Epoch 006/060] done time=269.6s valid=744 skipped=0 pseudo_boxes=27956 loss=6.6930 det=6.6252 mard=2.0158 conf=0.8338 RASP(status=pruned, s=0.011, new_packs=2, knee=31/31)
[Epoch 007/060] start
[Epoch 007/060] batch 0001/0744 loss=5.4876 det=5.4128 box=0.7634 cls=0.7053 dfl=0.0029 mard=2.0167 lambda=0.0371 pseudo_boxes=26 avg_conf=0.8709 rasp_s=0.011 lr=9.75773e-05
[Epoch 007/060] batch 0020/0744 loss=5.1639 det=5.1014 box=0.7330 cls=0.5477 dfl=0.0028 mard=2.0102 lambda=0.0311 pseudo_boxes=41 avg_conf=0.8109 rasp_s=0.011 lr=9.75773e-05
[Epoch 007/060] batch 0040/0744 loss=8.0520 det=7.9862 box=1.1287 cls=1.2585 dfl=0.0047 mard=2.0238 lambda=0.0325 pseudo_boxes=32 avg_conf=0.8253 rasp_s=0.011 lr=9.75773e-05
[Epoch 007/060] batch 0060/0744 loss=7.1484 det=7.0735 box=1.0809 cls=1.0942 dfl=0.0073 mard=1.9949 lambda=0.0376 pseudo_boxes=51 avg_conf=0.8756 rasp_s=0.011 lr=9.75773e-05
[Epoch 007/060] batch 0080/0744 loss=7.9648 det=7.8997 box=1.2053 cls=1.2012 dfl=0.0044 mard=2.0231 lambda=0.0322 pseudo_boxes=49 avg_conf=0.8217 rasp_s=0.011 lr=9.75773e-05
[Epoch 007/060] batch 0100/0744 loss=6.2765 det=6.2086 box=0.9684 cls=0.8541 dfl=0.0039 mard=2.0114 lambda=0.0338 pseudo_boxes=29 avg_conf=0.8377 rasp_s=0.011 lr=9.75773e-05
[Epoch 007/060] batch 0120/0744 loss=4.8722 det=4.7984 box=0.8305 cls=0.4858 dfl=0.0043 mard=1.9981 lambda=0.0369 pseudo_boxes=33 avg_conf=0.8693 rasp_s=0.011 lr=9.75773e-05
[Epoch 007/060] batch 0140/0744 loss=6.8452 det=6.7827 box=1.0472 cls=1.0338 dfl=0.0057 mard=1.9911 lambda=0.0314 pseudo_boxes=46 avg_conf=0.8136 rasp_s=0.011 lr=9.75773e-05
[Epoch 007/060] batch 0160/0744 loss=11.0883 det=11.0236 box=1.5911 cls=1.5450 dfl=0.0056 mard=2.0259 lambda=0.0319 pseudo_boxes=43 avg_conf=0.8192 rasp_s=0.011 lr=9.75773e-05
[Epoch 007/060] batch 0180/0744 loss=6.1971 det=6.1259 box=0.8762 cls=0.9827 dfl=0.0034 mard=2.0354 lambda=0.0350 pseudo_boxes=24 avg_conf=0.8498 rasp_s=0.011 lr=9.75773e-05
[Epoch 007/060] batch 0200/0744 loss=5.7642 det=5.6957 box=0.9768 cls=0.8006 dfl=0.0043 mard=2.0157 lambda=0.0340 pseudo_boxes=49 avg_conf=0.8400 rasp_s=0.011 lr=9.75773e-05
[Epoch 007/060] batch 0220/0744 loss=7.7243 det=7.6650 box=1.2158 cls=0.9249 dfl=0.0049 mard=2.0382 lambda=0.0291 pseudo_boxes=53 avg_conf=0.7911 rasp_s=0.011 lr=9.75773e-05
[Epoch 007/060] batch 0240/0744 loss=7.5999 det=7.5253 box=1.1444 cls=0.9369 dfl=0.0065 mard=2.0440 lambda=0.0365 pseudo_boxes=42 avg_conf=0.8653 rasp_s=0.011 lr=9.75773e-05
[Epoch 007/060] batch 0260/0744 loss=5.9607 det=5.8860 box=0.8737 cls=1.0229 dfl=0.0032 mard=2.0060 lambda=0.0373 pseudo_boxes=37 avg_conf=0.8726 rasp_s=0.011 lr=9.75773e-05
[Epoch 007/060] batch 0280/0744 loss=5.7999 det=5.7262 box=0.9384 cls=0.7701 dfl=0.0046 mard=2.0224 lambda=0.0365 pseudo_boxes=32 avg_conf=0.8646 rasp_s=0.011 lr=9.75773e-05
[Epoch 007/060] batch 0300/0744 loss=8.2934 det=8.2308 box=1.2193 cls=1.4694 dfl=0.0055 mard=2.0121 lambda=0.0311 pseudo_boxes=23 avg_conf=0.8114 rasp_s=0.011 lr=9.75773e-05
[Epoch 007/060] batch 0320/0744 loss=7.9302 det=7.8660 box=1.3395 cls=1.0697 dfl=0.0052 mard=2.0088 lambda=0.0320 pseudo_boxes=41 avg_conf=0.8196 rasp_s=0.011 lr=9.75773e-05
[Epoch 007/060] batch 0340/0744 loss=5.2850 det=5.2197 box=0.7314 cls=0.6533 dfl=0.0026 mard=2.0015 lambda=0.0326 pseudo_boxes=55 avg_conf=0.8263 rasp_s=0.011 lr=9.75773e-05
[Epoch 007/060] batch 0360/0744 loss=6.7014 det=6.6335 box=1.0698 cls=1.0106 dfl=0.0037 mard=2.0258 lambda=0.0335 pseudo_boxes=38 avg_conf=0.8354 rasp_s=0.011 lr=9.75773e-05
[Epoch 007/060] batch 0380/0744 loss=9.7583 det=9.6958 box=1.5717 cls=1.1460 dfl=0.0056 mard=2.0098 lambda=0.0311 pseudo_boxes=42 avg_conf=0.8112 rasp_s=0.011 lr=9.75773e-05
[Epoch 007/060] batch 0400/0744 loss=6.3364 det=6.2662 box=0.9467 cls=0.9334 dfl=0.0051 mard=2.0346 lambda=0.0345 pseudo_boxes=26 avg_conf=0.8446 rasp_s=0.011 lr=9.75773e-05
[Epoch 007/060] batch 0420/0744 loss=7.1844 det=7.1227 box=1.1095 cls=1.1041 dfl=0.0051 mard=1.9723 lambda=0.0313 pseudo_boxes=40 avg_conf=0.8128 rasp_s=0.011 lr=9.75773e-05
[Epoch 007/060] batch 0440/0744 loss=6.4150 det=6.3441 box=0.9929 cls=0.7702 dfl=0.0047 mard=1.9924 lambda=0.0356 pseudo_boxes=40 avg_conf=0.8559 rasp_s=0.011 lr=9.75773e-05
[Epoch 007/060] batch 0460/0744 loss=6.6386 det=6.5703 box=1.0498 cls=0.6926 dfl=0.0033 mard=1.9960 lambda=0.0342 pseudo_boxes=42 avg_conf=0.8418 rasp_s=0.011 lr=9.75773e-05
[Epoch 007/060] batch 0480/0744 loss=4.4119 det=4.3428 box=0.7116 cls=0.4726 dfl=0.0021 mard=1.9954 lambda=0.0346 pseudo_boxes=37 avg_conf=0.8463 rasp_s=0.011 lr=9.75773e-05
[Epoch 007/060] batch 0500/0744 loss=8.4953 det=8.4401 box=1.3374 cls=1.2040 dfl=0.0040 mard=1.9931 lambda=0.0277 pseudo_boxes=66 avg_conf=0.7770 rasp_s=0.011 lr=9.75773e-05
[Epoch 007/060] batch 0520/0744 loss=5.1888 det=5.1121 box=0.9472 cls=0.4933 dfl=0.0058 mard=2.0286 lambda=0.0378 pseudo_boxes=28 avg_conf=0.8784 rasp_s=0.011 lr=9.75773e-05
[Epoch 007/060] batch 0540/0744 loss=8.4751 det=8.4071 box=1.3572 cls=1.1191 dfl=0.0050 mard=2.0185 lambda=0.0337 pseudo_boxes=42 avg_conf=0.8370 rasp_s=0.011 lr=9.75773e-05
[Epoch 007/060] batch 0560/0744 loss=7.0242 det=6.9566 box=1.1992 cls=0.8532 dfl=0.0054 mard=2.0045 lambda=0.0337 pseudo_boxes=60 avg_conf=0.8375 rasp_s=0.011 lr=9.75773e-05
[Epoch 007/060] batch 0580/0744 loss=7.9104 det=7.8486 box=1.2270 cls=1.0885 dfl=0.0045 mard=2.0033 lambda=0.0308 pseudo_boxes=40 avg_conf=0.8083 rasp_s=0.011 lr=9.75773e-05
[Epoch 007/060] batch 0600/0744 loss=5.4171 det=5.3404 box=0.7791 cls=0.6977 dfl=0.0046 mard=2.0279 lambda=0.0379 pseudo_boxes=39 avg_conf=0.8786 rasp_s=0.011 lr=9.75773e-05
[Epoch 007/060] batch 0620/0744 loss=6.6862 det=6.6068 box=0.8883 cls=1.0698 dfl=0.0042 mard=2.0162 lambda=0.0394 pseudo_boxes=24 avg_conf=0.8940 rasp_s=0.011 lr=9.75773e-05
[Epoch 007/060] batch 0640/0744 loss=4.4039 det=4.3291 box=0.6669 cls=0.6160 dfl=0.0032 mard=2.0342 lambda=0.0368 pseudo_boxes=22 avg_conf=0.8678 rasp_s=0.011 lr=9.75773e-05
[Epoch 007/060] batch 0660/0744 loss=6.0062 det=5.9352 box=0.9222 cls=0.7851 dfl=0.0043 mard=2.0026 lambda=0.0355 pseudo_boxes=40 avg_conf=0.8549 rasp_s=0.011 lr=9.75773e-05
[Epoch 007/060] batch 0680/0744 loss=8.6788 det=8.6194 box=1.2927 cls=1.0950 dfl=0.0046 mard=2.0176 lambda=0.0294 pseudo_boxes=79 avg_conf=0.7944 rasp_s=0.011 lr=9.75773e-05
[Epoch 007/060] batch 0700/0744 loss=5.6952 det=5.6232 box=0.9631 cls=0.8131 dfl=0.0036 mard=2.0350 lambda=0.0354 pseudo_boxes=30 avg_conf=0.8542 rasp_s=0.011 lr=9.75773e-05
[Epoch 007/060] batch 0720/0744 loss=9.4860 det=9.4227 box=1.3019 cls=1.5244 dfl=0.0045 mard=2.0075 lambda=0.0315 pseudo_boxes=35 avg_conf=0.8153 rasp_s=0.011 lr=9.75773e-05
[Epoch 007/060] batch 0740/0744 loss=8.7694 det=8.7082 box=1.3797 cls=1.2413 dfl=0.0066 mard=1.9993 lambda=0.0306 pseudo_boxes=60 avg_conf=0.8059 rasp_s=0.011 lr=9.75773e-05
[Epoch 007/060] batch 0744/0744 loss=8.1399 det=8.0851 box=1.6762 cls=1.6381 dfl=0.0066 mard=2.0130 lambda=0.0272 pseudo_boxes=68 avg_conf=0.7725 rasp_s=0.011 lr=9.75773e-05
[Epoch 007/060] done time=269.1s valid=744 skipped=0 pseudo_boxes=27930 loss=6.6771 det=6.6090 mard=2.0147 conf=0.8350 RASP(status=recovery_interval, s=0.011, new_packs=0, knee=0/0)
[Epoch 008/060] start
[Epoch 008/060] batch 0001/0744 loss=4.3910 det=4.3168 box=0.6352 cls=0.6039 dfl=0.0049 mard=2.0255 lambda=0.0366 pseudo_boxes=30 avg_conf=0.8661 rasp_s=0.011 lr=9.67122e-05
[Epoch 008/060] batch 0020/0744 loss=8.3665 det=8.2991 box=1.2370 cls=1.2010 dfl=0.0051 mard=2.0221 lambda=0.0333 pseudo_boxes=26 avg_conf=0.8335 rasp_s=0.011 lr=9.67122e-05
[Epoch 008/060] batch 0040/0744 loss=4.9648 det=4.8939 box=0.6975 cls=0.6525 dfl=0.0032 mard=2.0197 lambda=0.0351 pseudo_boxes=48 avg_conf=0.8510 rasp_s=0.011 lr=9.67122e-05
[Epoch 008/060] batch 0060/0744 loss=5.3447 det=5.2814 box=0.8611 cls=0.6180 dfl=0.0033 mard=2.0064 lambda=0.0316 pseudo_boxes=39 avg_conf=0.8156 rasp_s=0.011 lr=9.67122e-05
[Epoch 008/060] batch 0080/0744 loss=6.4969 det=6.4255 box=0.9905 cls=0.9465 dfl=0.0059 mard=2.0197 lambda=0.0354 pseudo_boxes=34 avg_conf=0.8535 rasp_s=0.011 lr=9.67122e-05
[Epoch 008/060] batch 0100/0744 loss=7.2651 det=7.2021 box=1.0102 cls=1.0767 dfl=0.0055 mard=2.0028 lambda=0.0315 pseudo_boxes=27 avg_conf=0.8147 rasp_s=0.011 lr=9.67122e-05
[Epoch 008/060] batch 0120/0744 loss=4.8099 det=4.7407 box=0.7146 cls=0.5882 dfl=0.0035 mard=2.0293 lambda=0.0341 pseudo_boxes=38 avg_conf=0.8412 rasp_s=0.011 lr=9.67122e-05
[Epoch 008/060] batch 0140/0744 loss=9.0166 det=8.9487 box=1.4602 cls=0.8860 dfl=0.0049 mard=2.0169 lambda=0.0336 pseudo_boxes=20 avg_conf=0.8365 rasp_s=0.011 lr=9.67122e-05
[Epoch 008/060] batch 0160/0744 loss=5.6645 det=5.5946 box=0.9532 cls=0.5848 dfl=0.0039 mard=2.0102 lambda=0.0348 pseudo_boxes=48 avg_conf=0.8481 rasp_s=0.011 lr=9.67122e-05
[Epoch 008/060] batch 0180/0744 loss=6.1808 det=6.1180 box=0.9444 cls=0.7902 dfl=0.0034 mard=2.0212 lambda=0.0311 pseudo_boxes=49 avg_conf=0.8110 rasp_s=0.011 lr=9.67122e-05
[Epoch 008/060] batch 0200/0744 loss=4.1288 det=4.0534 box=0.6089 cls=0.4340 dfl=0.0032 mard=2.0280 lambda=0.0372 pseudo_boxes=22 avg_conf=0.8718 rasp_s=0.011 lr=9.67122e-05
[Epoch 008/060] batch 0220/0744 loss=5.5650 det=5.4912 box=0.8595 cls=0.4839 dfl=0.0039 mard=2.0160 lambda=0.0366 pseudo_boxes=41 avg_conf=0.8660 rasp_s=0.011 lr=9.67122e-05
[Epoch 008/060] batch 0240/0744 loss=10.6669 det=10.6063 box=1.6569 cls=1.3992 dfl=0.0063 mard=1.9857 lambda=0.0305 pseudo_boxes=50 avg_conf=0.8054 rasp_s=0.011 lr=9.67122e-05
[Epoch 008/060] batch 0260/0744 loss=5.0655 det=4.9926 box=0.7497 cls=0.6151 dfl=0.0039 mard=2.0542 lambda=0.0355 pseudo_boxes=33 avg_conf=0.8552 rasp_s=0.011 lr=9.67122e-05
[Epoch 008/060] batch 0280/0744 loss=5.8417 det=5.7679 box=0.9102 cls=0.8212 dfl=0.0043 mard=2.0368 lambda=0.0362 pseudo_boxes=36 avg_conf=0.8624 rasp_s=0.011 lr=9.67122e-05
[Epoch 008/060] batch 0300/0744 loss=4.8199 det=4.7544 box=0.7573 cls=0.5233 dfl=0.0031 mard=1.9838 lambda=0.0330 pseudo_boxes=60 avg_conf=0.8300 rasp_s=0.011 lr=9.67122e-05
[Epoch 008/060] batch 0320/0744 loss=6.7312 det=6.6668 box=1.0798 cls=0.7309 dfl=0.0044 mard=2.0209 lambda=0.0319 pseudo_boxes=50 avg_conf=0.8187 rasp_s=0.011 lr=9.67122e-05
[Epoch 008/060] batch 0340/0744 loss=3.6515 det=3.5764 box=0.7411 cls=0.6967 dfl=0.0026 mard=2.0071 lambda=0.0375 pseudo_boxes=23 avg_conf=0.8745 rasp_s=0.011 lr=9.67122e-05
[Epoch 008/060] batch 0360/0744 loss=7.0539 det=6.9829 box=1.0234 cls=0.8791 dfl=0.0056 mard=2.0025 lambda=0.0355 pseudo_boxes=33 avg_conf=0.8546 rasp_s=0.011 lr=9.67122e-05
[Epoch 008/060] batch 0380/0744 loss=6.2819 det=6.2166 box=1.0232 cls=0.8066 dfl=0.0032 mard=2.0248 lambda=0.0322 pseudo_boxes=50 avg_conf=0.8224 rasp_s=0.011 lr=9.67122e-05
[Epoch 008/060] batch 0400/0744 loss=3.5082 det=3.4358 box=0.7109 cls=0.6542 dfl=0.0026 mard=1.9958 lambda=0.0363 pseudo_boxes=26 avg_conf=0.8627 rasp_s=0.011 lr=9.67122e-05
[Epoch 008/060] batch 0420/0744 loss=7.2676 det=7.2030 box=1.1890 cls=1.0514 dfl=0.0046 mard=2.0234 lambda=0.0319 pseudo_boxes=47 avg_conf=0.8191 rasp_s=0.011 lr=9.67122e-05
[Epoch 008/060] batch 0440/0744 loss=4.8369 det=4.7607 box=0.7090 cls=0.6742 dfl=0.0039 mard=1.9964 lambda=0.0381 pseudo_boxes=46 avg_conf=0.8814 rasp_s=0.011 lr=9.67122e-05
[Epoch 008/060] batch 0460/0744 loss=6.1605 det=6.0928 box=0.8950 cls=0.8104 dfl=0.0038 mard=2.0075 lambda=0.0337 pseudo_boxes=41 avg_conf=0.8375 rasp_s=0.011 lr=9.67122e-05
[Epoch 008/060] batch 0480/0744 loss=10.0633 det=9.9934 box=1.5382 cls=1.6207 dfl=0.0063 mard=1.9827 lambda=0.0352 pseudo_boxes=36 avg_conf=0.8525 rasp_s=0.011 lr=9.67122e-05
[Epoch 008/060] batch 0500/0744 loss=7.4155 det=7.3528 box=1.0858 cls=1.0521 dfl=0.0037 mard=1.9990 lambda=0.0314 pseudo_boxes=42 avg_conf=0.8137 rasp_s=0.011 lr=9.67122e-05
[Epoch 008/060] batch 0520/0744 loss=8.4318 det=8.3700 box=1.1229 cls=1.2197 dfl=0.0045 mard=2.0027 lambda=0.0308 pseudo_boxes=45 avg_conf=0.8083 rasp_s=0.011 lr=9.67122e-05
[Epoch 008/060] batch 0540/0744 loss=6.5074 det=6.4401 box=0.9638 cls=1.0697 dfl=0.0029 mard=2.0136 lambda=0.0334 pseudo_boxes=23 avg_conf=0.8342 rasp_s=0.011 lr=9.67122e-05
[Epoch 008/060] batch 0560/0744 loss=8.8769 det=8.8097 box=1.3787 cls=1.1728 dfl=0.0044 mard=2.0335 lambda=0.0330 pseudo_boxes=28 avg_conf=0.8300 rasp_s=0.011 lr=9.67122e-05
[Epoch 008/060] batch 0580/0744 loss=8.4387 det=8.3710 box=1.4036 cls=1.1340 dfl=0.0065 mard=2.0005 lambda=0.0338 pseudo_boxes=31 avg_conf=0.8383 rasp_s=0.011 lr=9.67122e-05
[Epoch 008/060] batch 0600/0744 loss=7.0845 det=7.0180 box=1.2220 cls=0.7819 dfl=0.0052 mard=1.9795 lambda=0.0336 pseudo_boxes=51 avg_conf=0.8361 rasp_s=0.011 lr=9.67122e-05
[Epoch 008/060] batch 0620/0744 loss=7.0032 det=6.9330 box=1.0938 cls=0.9082 dfl=0.0047 mard=1.9969 lambda=0.0352 pseudo_boxes=41 avg_conf=0.8515 rasp_s=0.011 lr=9.67122e-05
[Epoch 008/060] batch 0640/0744 loss=6.6099 det=6.5435 box=1.0877 cls=0.7890 dfl=0.0045 mard=2.0040 lambda=0.0332 pseudo_boxes=45 avg_conf=0.8315 rasp_s=0.011 lr=9.67122e-05
[Epoch 008/060] batch 0660/0744 loss=4.3984 det=4.3280 box=0.6626 cls=0.5694 dfl=0.0044 mard=1.9935 lambda=0.0353 pseudo_boxes=48 avg_conf=0.8531 rasp_s=0.011 lr=9.67122e-05
[Epoch 008/060] batch 0680/0744 loss=7.5718 det=7.5082 box=1.0600 cls=1.1441 dfl=0.0042 mard=2.0341 lambda=0.0313 pseudo_boxes=35 avg_conf=0.8128 rasp_s=0.011 lr=9.67122e-05
[Epoch 008/060] batch 0700/0744 loss=4.1703 det=4.0912 box=0.6387 cls=0.5128 dfl=0.0040 mard=2.0366 lambda=0.0388 pseudo_boxes=26 avg_conf=0.8883 rasp_s=0.011 lr=9.67122e-05
[Epoch 008/060] batch 0720/0744 loss=4.5855 det=4.5182 box=0.6659 cls=0.4588 dfl=0.0026 mard=2.0044 lambda=0.0336 pseudo_boxes=45 avg_conf=0.8355 rasp_s=0.011 lr=9.67122e-05
[Epoch 008/060] batch 0740/0744 loss=5.8701 det=5.8028 box=0.9155 cls=0.6589 dfl=0.0035 mard=1.9948 lambda=0.0337 pseudo_boxes=48 avg_conf=0.8371 rasp_s=0.011 lr=9.67122e-05
[Epoch 008/060] batch 0744/0744 loss=5.0918 det=5.0196 box=1.0992 cls=0.9406 dfl=0.0038 mard=2.0326 lambda=0.0355 pseudo_boxes=36 avg_conf=0.8552 rasp_s=0.011 lr=9.67122e-05
[Epoch 008/060] done time=269.0s valid=744 skipped=0 pseudo_boxes=27881 loss=6.5857 det=6.5176 mard=2.0138 conf=0.8349 RASP(status=recovery_interval, s=0.011, new_packs=0, knee=0/0)
[Epoch 009/060] start
[Epoch 009/060] batch 0001/0744 loss=4.8955 det=4.8250 box=0.7218 cls=0.5840 dfl=0.0030 mard=2.0232 lambda=0.0348 pseudo_boxes=48 avg_conf=0.8485 rasp_s=0.011 lr=9.57205e-05
[Epoch 009/060] batch 0020/0744 loss=6.1898 det=6.1211 box=0.9239 cls=0.8902 dfl=0.0038 mard=1.9952 lambda=0.0344 pseudo_boxes=38 avg_conf=0.8444 rasp_s=0.011 lr=9.57205e-05
[Epoch 009/060] batch 0040/0744 loss=8.8196 det=8.7572 box=1.3415 cls=1.2740 dfl=0.0048 mard=1.9939 lambda=0.0313 pseudo_boxes=37 avg_conf=0.8129 rasp_s=0.011 lr=9.57205e-05
[Epoch 009/060] batch 0060/0744 loss=4.9217 det=4.8521 box=0.7943 cls=0.5662 dfl=0.0036 mard=2.0071 lambda=0.0347 pseudo_boxes=47 avg_conf=0.8467 rasp_s=0.011 lr=9.57205e-05
[Epoch 009/060] batch 0080/0744 loss=7.2407 det=7.1723 box=1.2164 cls=0.7717 dfl=0.0045 mard=2.0307 lambda=0.0337 pseudo_boxes=52 avg_conf=0.8369 rasp_s=0.011 lr=9.57205e-05
[Epoch 009/060] batch 0100/0744 loss=3.8349 det=3.7623 box=0.6554 cls=0.3631 dfl=0.0020 mard=1.9949 lambda=0.0364 pseudo_boxes=29 avg_conf=0.8639 rasp_s=0.011 lr=9.57205e-05
[Epoch 009/060] batch 0120/0744 loss=4.7952 det=4.7155 box=0.7328 cls=0.5231 dfl=0.0059 mard=2.0404 lambda=0.0391 pseudo_boxes=22 avg_conf=0.8907 rasp_s=0.011 lr=9.57205e-05
[Epoch 009/060] batch 0140/0744 loss=7.6389 det=7.5743 box=1.2387 cls=0.9814 dfl=0.0040 mard=2.0123 lambda=0.0321 pseudo_boxes=36 avg_conf=0.8209 rasp_s=0.011 lr=9.57205e-05
[Epoch 009/060] batch 0160/0744 loss=3.3209 det=3.2495 box=0.5152 cls=0.3146 dfl=0.0019 mard=1.9911 lambda=0.0359 pseudo_boxes=46 avg_conf=0.8589 rasp_s=0.011 lr=9.57205e-05
[Epoch 009/060] batch 0180/0744 loss=7.1745 det=7.1063 box=1.0919 cls=1.0284 dfl=0.0044 mard=2.0213 lambda=0.0337 pseudo_boxes=33 avg_conf=0.8373 rasp_s=0.011 lr=9.57205e-05
[Epoch 009/060] batch 0200/0744 loss=6.3795 det=6.3161 box=0.9761 cls=0.6682 dfl=0.0053 mard=2.0056 lambda=0.0316 pseudo_boxes=36 avg_conf=0.8163 rasp_s=0.011 lr=9.57205e-05
[Epoch 009/060] batch 0220/0744 loss=6.7869 det=6.7133 box=0.8705 cls=1.2355 dfl=0.0051 mard=2.0049 lambda=0.0367 pseudo_boxes=23 avg_conf=0.8668 rasp_s=0.011 lr=9.57205e-05
[Epoch 009/060] batch 0240/0744 loss=4.3488 det=4.2802 box=0.6563 cls=0.4610 dfl=0.0019 mard=2.0108 lambda=0.0341 pseudo_boxes=46 avg_conf=0.8411 rasp_s=0.011 lr=9.57205e-05
[Epoch 009/060] batch 0260/0744 loss=6.0713 det=6.0046 box=0.7715 cls=0.8323 dfl=0.0027 mard=1.9896 lambda=0.0335 pseudo_boxes=29 avg_conf=0.8355 rasp_s=0.011 lr=9.57205e-05
[Epoch 009/060] batch 0280/0744 loss=7.2355 det=7.1748 box=1.1696 cls=0.7931 dfl=0.0048 mard=2.0138 lambda=0.0301 pseudo_boxes=46 avg_conf=0.8010 rasp_s=0.011 lr=9.57205e-05
[Epoch 009/060] batch 0300/0744 loss=5.7615 det=5.7063 box=0.9602 cls=0.6097 dfl=0.0029 mard=1.9935 lambda=0.0277 pseudo_boxes=33 avg_conf=0.7768 rasp_s=0.011 lr=9.57205e-05
[Epoch 009/060] batch 0320/0744 loss=7.0439 det=6.9777 box=1.1094 cls=0.8948 dfl=0.0057 mard=2.0286 lambda=0.0327 pseudo_boxes=31 avg_conf=0.8266 rasp_s=0.011 lr=9.57205e-05
[Epoch 009/060] batch 0340/0744 loss=5.1821 det=5.1221 box=0.7657 cls=0.5895 dfl=0.0023 mard=2.0194 lambda=0.0297 pseudo_boxes=43 avg_conf=0.7971 rasp_s=0.011 lr=9.57205e-05
[Epoch 009/060] batch 0360/0744 loss=7.9541 det=7.8903 box=1.2035 cls=1.0045 dfl=0.0041 mard=2.0147 lambda=0.0317 pseudo_boxes=38 avg_conf=0.8171 rasp_s=0.011 lr=9.57205e-05
[Epoch 009/060] batch 0380/0744 loss=7.4274 det=7.3615 box=1.2033 cls=0.8081 dfl=0.0044 mard=2.0187 lambda=0.0326 pseudo_boxes=49 avg_conf=0.8263 rasp_s=0.011 lr=9.57205e-05
[Epoch 009/060] batch 0400/0744 loss=4.6545 det=4.5862 box=0.7355 cls=0.7480 dfl=0.0040 mard=2.0091 lambda=0.0340 pseudo_boxes=21 avg_conf=0.8397 rasp_s=0.011 lr=9.57205e-05
[Epoch 009/060] batch 0420/0744 loss=7.2685 det=7.2075 box=1.1300 cls=1.0653 dfl=0.0050 mard=2.0221 lambda=0.0302 pseudo_boxes=55 avg_conf=0.8019 rasp_s=0.011 lr=9.57205e-05
[Epoch 009/060] batch 0440/0744 loss=8.5328 det=8.4749 box=1.1427 cls=1.4689 dfl=0.0043 mard=2.0003 lambda=0.0290 pseudo_boxes=19 avg_conf=0.7895 rasp_s=0.011 lr=9.57205e-05
[Epoch 009/060] batch 0460/0744 loss=7.8539 det=7.7964 box=1.2045 cls=0.9172 dfl=0.0047 mard=2.0192 lambda=0.0285 pseudo_boxes=54 avg_conf=0.7847 rasp_s=0.011 lr=9.57205e-05
[Epoch 009/060] batch 0480/0744 loss=4.5673 det=4.4957 box=0.7314 cls=0.5232 dfl=0.0035 mard=2.0150 lambda=0.0355 pseudo_boxes=46 avg_conf=0.8555 rasp_s=0.011 lr=9.57205e-05
[Epoch 009/060] batch 0500/0744 loss=5.7518 det=5.6864 box=0.9625 cls=0.5910 dfl=0.0035 mard=1.9993 lambda=0.0327 pseudo_boxes=44 avg_conf=0.8271 rasp_s=0.011 lr=9.57205e-05
[Epoch 009/060] batch 0520/0744 loss=7.3867 det=7.3158 box=1.2137 cls=1.0562 dfl=0.0056 mard=2.0208 lambda=0.0351 pseudo_boxes=30 avg_conf=0.8505 rasp_s=0.011 lr=9.57205e-05
[Epoch 009/060] batch 0540/0744 loss=5.9847 det=5.9150 box=0.8957 cls=0.9087 dfl=0.0040 mard=2.0445 lambda=0.0341 pseudo_boxes=39 avg_conf=0.8407 rasp_s=0.011 lr=9.57205e-05
[Epoch 009/060] batch 0560/0744 loss=10.6021 det=10.5289 box=1.5328 cls=1.7524 dfl=0.0078 mard=2.0130 lambda=0.0364 pseudo_boxes=44 avg_conf=0.8636 rasp_s=0.011 lr=9.57205e-05
[Epoch 009/060] batch 0580/0744 loss=5.4612 det=5.3865 box=0.8762 cls=0.5907 dfl=0.0036 mard=2.0255 lambda=0.0369 pseudo_boxes=42 avg_conf=0.8687 rasp_s=0.011 lr=9.57205e-05
[Epoch 009/060] batch 0600/0744 loss=5.7678 det=5.7044 box=0.8499 cls=0.7078 dfl=0.0029 mard=1.9874 lambda=0.0319 pseudo_boxes=42 avg_conf=0.8189 rasp_s=0.011 lr=9.57205e-05
[Epoch 009/060] batch 0620/0744 loss=5.3635 det=5.2968 box=0.8291 cls=0.6896 dfl=0.0026 mard=1.9924 lambda=0.0335 pseudo_boxes=35 avg_conf=0.8350 rasp_s=0.011 lr=9.57205e-05
[Epoch 009/060] batch 0640/0744 loss=6.9386 det=6.8733 box=1.0533 cls=0.9103 dfl=0.0038 mard=2.0036 lambda=0.0326 pseudo_boxes=57 avg_conf=0.8260 rasp_s=0.011 lr=9.57205e-05
[Epoch 009/060] batch 0660/0744 loss=4.5504 det=4.4819 box=0.7114 cls=0.4603 dfl=0.0031 mard=1.9932 lambda=0.0343 pseudo_boxes=42 avg_conf=0.8433 rasp_s=0.011 lr=9.57205e-05
[Epoch 009/060] batch 0680/0744 loss=5.3958 det=5.3341 box=0.7967 cls=0.7298 dfl=0.0030 mard=2.0210 lambda=0.0305 pseudo_boxes=24 avg_conf=0.8053 rasp_s=0.011 lr=9.57205e-05
[Epoch 009/060] batch 0700/0744 loss=5.1471 det=5.0824 box=0.9807 cls=0.8939 dfl=0.0053 mard=1.9840 lambda=0.0326 pseudo_boxes=37 avg_conf=0.8260 rasp_s=0.011 lr=9.57205e-05
[Epoch 009/060] batch 0720/0744 loss=7.3431 det=7.2866 box=1.1008 cls=1.0730 dfl=0.0039 mard=2.0248 lambda=0.0279 pseudo_boxes=50 avg_conf=0.7792 rasp_s=0.011 lr=9.57205e-05
[Epoch 009/060] batch 0740/0744 loss=5.1512 det=5.0816 box=0.7239 cls=0.7754 dfl=0.0051 mard=2.0211 lambda=0.0345 pseudo_boxes=32 avg_conf=0.8446 rasp_s=0.011 lr=9.57205e-05
[Epoch 009/060] batch 0744/0744 loss=6.7483 det=6.6907 box=1.5245 cls=1.5488 dfl=0.0079 mard=2.0642 lambda=0.0279 pseudo_boxes=12 avg_conf=0.7794 rasp_s=0.011 lr=9.57205e-05
[Epoch 009/060] done time=269.2s valid=744 skipped=0 pseudo_boxes=27935 loss=6.5021 det=6.4343 mard=2.0143 conf=0.8343 RASP(status=pruned, s=0.033, new_packs=4, knee=21/21)
[Epoch 010/060] start
[Epoch 010/060] batch 0001/0744 loss=10.3884 det=10.3253 box=1.4316 cls=1.4570 dfl=0.0070 mard=1.9969 lambda=0.0316 pseudo_boxes=72 avg_conf=0.8160 rasp_s=0.033 lr=9.46048e-05
[Epoch 010/060] batch 0020/0744 loss=6.5191 det=6.4544 box=1.0507 cls=0.8368 dfl=0.0040 mard=2.0312 lambda=0.0319 pseudo_boxes=36 avg_conf=0.8186 rasp_s=0.033 lr=9.46048e-05
[Epoch 010/060] batch 0040/0744 loss=6.4492 det=6.3859 box=1.0734 cls=0.7652 dfl=0.0042 mard=2.0059 lambda=0.0315 pseudo_boxes=53 avg_conf=0.8154 rasp_s=0.033 lr=9.46048e-05
[Epoch 010/060] batch 0060/0744 loss=7.9907 det=7.9207 box=1.2578 cls=0.9901 dfl=0.0087 mard=2.0138 lambda=0.0348 pseudo_boxes=44 avg_conf=0.8477 rasp_s=0.033 lr=9.46048e-05
[Epoch 010/060] batch 0080/0744 loss=6.8887 det=6.8222 box=1.0844 cls=0.8248 dfl=0.0047 mard=2.0101 lambda=0.0331 pseudo_boxes=50 avg_conf=0.8309 rasp_s=0.033 lr=9.46048e-05
[Epoch 010/060] batch 0100/0744 loss=3.8335 det=3.7494 box=0.6367 cls=0.3553 dfl=0.0038 mard=2.0186 lambda=0.0417 pseudo_boxes=15 avg_conf=0.9168 rasp_s=0.033 lr=9.46048e-05
[Epoch 010/060] batch 0120/0744 loss=7.6023 det=7.5358 box=1.1265 cls=0.9745 dfl=0.0037 mard=2.0494 lambda=0.0324 pseudo_boxes=60 avg_conf=0.8243 rasp_s=0.033 lr=9.46048e-05
[Epoch 010/060] batch 0140/0744 loss=9.2655 det=9.1945 box=1.2236 cls=1.1475 dfl=0.0061 mard=2.0305 lambda=0.0349 pseudo_boxes=27 avg_conf=0.8494 rasp_s=0.033 lr=9.46048e-05
[Epoch 010/060] batch 0160/0744 loss=5.2216 det=5.1554 box=0.8585 cls=0.5231 dfl=0.0030 mard=1.9993 lambda=0.0331 pseudo_boxes=39 avg_conf=0.8311 rasp_s=0.033 lr=9.46048e-05
[Epoch 010/060] batch 0180/0744 loss=6.6736 det=6.6107 box=1.0503 cls=0.7210 dfl=0.0032 mard=2.0098 lambda=0.0313 pseudo_boxes=65 avg_conf=0.8127 rasp_s=0.033 lr=9.46048e-05
[Epoch 010/060] batch 0200/0744 loss=4.8013 det=4.7282 box=0.6981 cls=0.6971 dfl=0.0031 mard=2.0511 lambda=0.0356 pseudo_boxes=28 avg_conf=0.8562 rasp_s=0.033 lr=9.46048e-05
[Epoch 010/060] batch 0220/0744 loss=7.9450 det=7.8812 box=1.0446 cls=1.2734 dfl=0.0047 mard=2.0077 lambda=0.0317 pseudo_boxes=31 avg_conf=0.8175 rasp_s=0.033 lr=9.46048e-05
[Epoch 010/060] batch 0240/0744 loss=5.4094 det=5.3441 box=0.8033 cls=0.6930 dfl=0.0033 mard=2.0079 lambda=0.0325 pseudo_boxes=50 avg_conf=0.8251 rasp_s=0.033 lr=9.46048e-05
[Epoch 010/060] batch 0260/0744 loss=6.3400 det=6.2816 box=0.9738 cls=0.6692 dfl=0.0037 mard=2.0145 lambda=0.0290 pseudo_boxes=55 avg_conf=0.7901 rasp_s=0.033 lr=9.46048e-05
[Epoch 010/060] batch 0280/0744 loss=9.3687 det=9.3026 box=1.4190 cls=1.2428 dfl=0.0066 mard=1.9965 lambda=0.0331 pseudo_boxes=39 avg_conf=0.8311 rasp_s=0.033 lr=9.46048e-05
[Epoch 010/060] batch 0300/0744 loss=7.1604 det=7.0955 box=1.1516 cls=0.8399 dfl=0.0045 mard=2.0186 lambda=0.0321 pseudo_boxes=29 avg_conf=0.8213 rasp_s=0.033 lr=9.46048e-05
[Epoch 010/060] batch 0320/0744 loss=5.8615 det=5.7856 box=0.8440 cls=0.8047 dfl=0.0047 mard=2.0158 lambda=0.0377 pseudo_boxes=30 avg_conf=0.8766 rasp_s=0.033 lr=9.46048e-05
[Epoch 010/060] batch 0340/0744 loss=7.3058 det=7.2421 box=1.1788 cls=1.0422 dfl=0.0045 mard=1.9943 lambda=0.0320 pseudo_boxes=33 avg_conf=0.8196 rasp_s=0.033 lr=9.46048e-05
[Epoch 010/060] batch 0360/0744 loss=4.1823 det=4.1051 box=0.6577 cls=0.3556 dfl=0.0049 mard=2.0286 lambda=0.0380 pseudo_boxes=27 avg_conf=0.8805 rasp_s=0.033 lr=9.46048e-05
[Epoch 010/060] batch 0380/0744 loss=4.4645 det=4.3953 box=0.7190 cls=0.5697 dfl=0.0023 mard=2.0290 lambda=0.0341 pseudo_boxes=20 avg_conf=0.8410 rasp_s=0.033 lr=9.46048e-05
[Epoch 010/060] batch 0400/0744 loss=4.9095 det=4.8355 box=0.7486 cls=0.5141 dfl=0.0028 mard=2.0117 lambda=0.0368 pseudo_boxes=44 avg_conf=0.8680 rasp_s=0.033 lr=9.46048e-05
[Epoch 010/060] batch 0420/0744 loss=5.3398 det=5.2642 box=0.8634 cls=0.5679 dfl=0.0043 mard=2.0067 lambda=0.0377 pseudo_boxes=33 avg_conf=0.8766 rasp_s=0.033 lr=9.46048e-05
[Epoch 010/060] batch 0440/0744 loss=7.9075 det=7.8438 box=1.1337 cls=1.1545 dfl=0.0049 mard=2.0457 lambda=0.0311 pseudo_boxes=35 avg_conf=0.8114 rasp_s=0.033 lr=9.46048e-05
[Epoch 010/060] batch 0460/0744 loss=4.7414 det=4.6648 box=0.7346 cls=0.4452 dfl=0.0037 mard=2.0216 lambda=0.0379 pseudo_boxes=46 avg_conf=0.8791 rasp_s=0.033 lr=9.46048e-05
[Epoch 010/060] batch 0480/0744 loss=6.2812 det=6.2128 box=0.8692 cls=0.8370 dfl=0.0045 mard=1.9953 lambda=0.0343 pseudo_boxes=37 avg_conf=0.8428 rasp_s=0.033 lr=9.46048e-05
[Epoch 010/060] batch 0500/0744 loss=5.1830 det=5.1182 box=0.7609 cls=0.7055 dfl=0.0028 mard=2.0078 lambda=0.0322 pseudo_boxes=34 avg_conf=0.8225 rasp_s=0.033 lr=9.46048e-05
[Epoch 010/060] batch 0520/0744 loss=6.5191 det=6.4541 box=0.8564 cls=0.9241 dfl=0.0029 mard=2.0109 lambda=0.0323 pseudo_boxes=38 avg_conf=0.8228 rasp_s=0.033 lr=9.46048e-05
[Epoch 010/060] batch 0540/0744 loss=3.3017 det=3.2262 box=0.4757 cls=0.3271 dfl=0.0020 mard=2.0034 lambda=0.0377 pseudo_boxes=30 avg_conf=0.8766 rasp_s=0.033 lr=9.46048e-05
[Epoch 010/060] batch 0560/0744 loss=8.0089 det=7.9431 box=1.1432 cls=0.9799 dfl=0.0043 mard=2.0249 lambda=0.0325 pseudo_boxes=27 avg_conf=0.8254 rasp_s=0.033 lr=9.46048e-05
[Epoch 010/060] batch 0580/0744 loss=5.8193 det=5.7452 box=0.8305 cls=0.7342 dfl=0.0033 mard=2.0353 lambda=0.0364 pseudo_boxes=34 avg_conf=0.8641 rasp_s=0.033 lr=9.46048e-05
[Epoch 010/060] batch 0600/0744 loss=9.0922 det=9.0351 box=1.3521 cls=1.4068 dfl=0.0064 mard=1.9850 lambda=0.0288 pseudo_boxes=49 avg_conf=0.7879 rasp_s=0.033 lr=9.46048e-05
[Epoch 010/060] batch 0620/0744 loss=6.3621 det=6.2846 box=1.0324 cls=0.6059 dfl=0.0055 mard=2.0052 lambda=0.0387 pseudo_boxes=28 avg_conf=0.8865 rasp_s=0.033 lr=9.46048e-05
[Epoch 010/060] batch 0640/0744 loss=3.8950 det=3.8229 box=0.6044 cls=0.3785 dfl=0.0023 mard=1.9962 lambda=0.0361 pseudo_boxes=41 avg_conf=0.8612 rasp_s=0.033 lr=9.46048e-05
[Epoch 010/060] batch 0660/0744 loss=6.3317 det=6.2661 box=0.9279 cls=0.7988 dfl=0.0032 mard=2.0128 lambda=0.0326 pseudo_boxes=50 avg_conf=0.8259 rasp_s=0.033 lr=9.46048e-05
[Epoch 010/060] batch 0680/0744 loss=7.7830 det=7.7215 box=1.1493 cls=1.1804 dfl=0.0045 mard=2.0062 lambda=0.0306 pseudo_boxes=29 avg_conf=0.8065 rasp_s=0.033 lr=9.46048e-05
[Epoch 010/060] batch 0700/0744 loss=4.4511 det=4.3758 box=0.6213 cls=0.6067 dfl=0.0057 mard=1.9923 lambda=0.0378 pseudo_boxes=31 avg_conf=0.8781 rasp_s=0.033 lr=9.46048e-05
[Epoch 010/060] batch 0720/0744 loss=3.4723 det=3.3919 box=0.5684 cls=0.3017 dfl=0.0030 mard=2.0118 lambda=0.0400 pseudo_boxes=33 avg_conf=0.8998 rasp_s=0.033 lr=9.46048e-05
[Epoch 010/060] batch 0740/0744 loss=7.4299 det=7.3633 box=1.1207 cls=1.0524 dfl=0.0047 mard=2.0277 lambda=0.0329 pseudo_boxes=34 avg_conf=0.8288 rasp_s=0.033 lr=9.46048e-05
[Epoch 010/060] batch 0744/0744 loss=5.2707 det=5.2082 box=1.1137 cls=1.0632 dfl=0.0047 mard=2.0047 lambda=0.0312 pseudo_boxes=35 avg_conf=0.8118 rasp_s=0.033 lr=9.46048e-05
[Epoch 010/060] done time=268.8s valid=744 skipped=0 pseudo_boxes=27858 loss=6.5160 det=6.4478 mard=2.0150 conf=0.8356 RASP(status=recovery_interval, s=0.033, new_packs=0, knee=0/0)
[Epoch 10] saved latent=yolo26_rasp_latent_epoch_10.pt state=rasp_training_state_epoch_10.pt
[Epoch 011/060] start
[Epoch 011/060] batch 0001/0744 loss=5.7635 det=5.7015 box=0.8817 cls=0.6209 dfl=0.0034 mard=2.0102 lambda=0.0308 pseudo_boxes=52 avg_conf=0.8083 rasp_s=0.033 lr=9.33683e-05
[Epoch 011/060] batch 0020/0744 loss=7.0721 det=7.0062 box=1.1615 cls=0.9997 dfl=0.0041 mard=2.0092 lambda=0.0328 pseudo_boxes=38 avg_conf=0.8283 rasp_s=0.033 lr=9.33683e-05
[Epoch 011/060] batch 0040/0744 loss=7.5745 det=7.5080 box=1.1246 cls=0.9979 dfl=0.0056 mard=2.0349 lambda=0.0327 pseudo_boxes=38 avg_conf=0.8269 rasp_s=0.033 lr=9.33683e-05
[Epoch 011/060] batch 0060/0744 loss=5.7571 det=5.6963 box=0.8504 cls=0.7974 dfl=0.0026 mard=1.9956 lambda=0.0304 pseudo_boxes=25 avg_conf=0.8045 rasp_s=0.033 lr=9.33683e-05
[Epoch 011/060] batch 0080/0744 loss=5.6781 det=5.6093 box=0.8532 cls=0.7095 dfl=0.0039 mard=2.0316 lambda=0.0339 pseudo_boxes=34 avg_conf=0.8388 rasp_s=0.033 lr=9.33683e-05
[Epoch 011/060] batch 0100/0744 loss=6.4393 det=6.3623 box=1.0599 cls=0.8156 dfl=0.0048 mard=2.0188 lambda=0.0381 pseudo_boxes=30 avg_conf=0.8811 rasp_s=0.033 lr=9.33683e-05
[Epoch 011/060] batch 0120/0744 loss=6.3256 det=6.2632 box=0.9204 cls=1.0904 dfl=0.0037 mard=2.0253 lambda=0.0308 pseudo_boxes=32 avg_conf=0.8083 rasp_s=0.033 lr=9.33683e-05
[Epoch 011/060] batch 0140/0744 loss=4.6662 det=4.5924 box=0.7355 cls=0.4871 dfl=0.0035 mard=2.0071 lambda=0.0368 pseudo_boxes=41 avg_conf=0.8676 rasp_s=0.033 lr=9.33683e-05
[Epoch 011/060] batch 0160/0744 loss=7.3320 det=7.2735 box=1.0992 cls=0.9348 dfl=0.0038 mard=2.0033 lambda=0.0292 pseudo_boxes=42 avg_conf=0.7919 rasp_s=0.033 lr=9.33683e-05
[Epoch 011/060] batch 0180/0744 loss=6.5265 det=6.4575 box=1.0031 cls=0.9378 dfl=0.0036 mard=2.0150 lambda=0.0342 pseudo_boxes=32 avg_conf=0.8424 rasp_s=0.033 lr=9.33683e-05
[Epoch 011/060] batch 0200/0744 loss=6.1363 det=6.0674 box=0.9111 cls=0.7452 dfl=0.0043 mard=2.0305 lambda=0.0339 pseudo_boxes=30 avg_conf=0.8394 rasp_s=0.033 lr=9.33683e-05
[Epoch 011/060] batch 0220/0744 loss=4.9572 det=4.8915 box=0.7860 cls=0.4516 dfl=0.0040 mard=2.0389 lambda=0.0322 pseudo_boxes=30 avg_conf=0.8221 rasp_s=0.033 lr=9.33683e-05
[Epoch 011/060] batch 0240/0744 loss=4.7984 det=4.7268 box=0.7971 cls=0.4689 dfl=0.0030 mard=2.0013 lambda=0.0358 pseudo_boxes=35 avg_conf=0.8581 rasp_s=0.033 lr=9.33683e-05
[Epoch 011/060] batch 0260/0744 loss=5.4012 det=5.3289 box=0.7825 cls=0.8824 dfl=0.0065 mard=2.0186 lambda=0.0358 pseudo_boxes=20 avg_conf=0.8579 rasp_s=0.033 lr=9.33683e-05
[Epoch 011/060] batch 0280/0744 loss=3.0535 det=2.9855 box=0.6191 cls=0.5252 dfl=0.0023 mard=2.0126 lambda=0.0338 pseudo_boxes=17 avg_conf=0.8380 rasp_s=0.033 lr=9.33683e-05
[Epoch 011/060] batch 0300/0744 loss=5.8004 det=5.7381 box=0.8641 cls=0.7440 dfl=0.0029 mard=1.9934 lambda=0.0313 pseudo_boxes=53 avg_conf=0.8129 rasp_s=0.033 lr=9.33683e-05
[Epoch 011/060] batch 0320/0744 loss=6.3148 det=6.2492 box=0.9816 cls=0.7487 dfl=0.0040 mard=2.0040 lambda=0.0327 pseudo_boxes=44 avg_conf=0.8274 rasp_s=0.033 lr=9.33683e-05
[Epoch 011/060] batch 0340/0744 loss=7.0189 det=6.9530 box=1.0731 cls=0.8825 dfl=0.0037 mard=2.0148 lambda=0.0327 pseudo_boxes=54 avg_conf=0.8271 rasp_s=0.033 lr=9.33683e-05
[Epoch 011/060] batch 0360/0744 loss=7.0502 det=6.9813 box=1.1809 cls=1.0419 dfl=0.0046 mard=1.9991 lambda=0.0345 pseudo_boxes=32 avg_conf=0.8447 rasp_s=0.033 lr=9.33683e-05
[Epoch 011/060] batch 0380/0744 loss=6.5927 det=6.5248 box=0.9915 cls=1.1176 dfl=0.0042 mard=2.0402 lambda=0.0333 pseudo_boxes=31 avg_conf=0.8326 rasp_s=0.033 lr=9.33683e-05
[Epoch 011/060] batch 0400/0744 loss=10.2745 det=10.2195 box=1.5218 cls=1.6209 dfl=0.0061 mard=2.0249 lambda=0.0272 pseudo_boxes=67 avg_conf=0.7715 rasp_s=0.033 lr=9.33683e-05
[Epoch 011/060] batch 0420/0744 loss=7.6523 det=7.5903 box=1.2522 cls=0.9400 dfl=0.0046 mard=2.0123 lambda=0.0308 pseudo_boxes=41 avg_conf=0.8083 rasp_s=0.033 lr=9.33683e-05
[Epoch 011/060] batch 0440/0744 loss=8.8208 det=8.7615 box=1.4573 cls=0.9867 dfl=0.0051 mard=2.0422 lambda=0.0291 pseudo_boxes=47 avg_conf=0.7908 rasp_s=0.033 lr=9.33683e-05
[Epoch 011/060] batch 0460/0744 loss=4.8374 det=4.7608 box=0.8159 cls=0.5435 dfl=0.0031 mard=1.9916 lambda=0.0384 pseudo_boxes=28 avg_conf=0.8843 rasp_s=0.033 lr=9.33683e-05
[Epoch 011/060] batch 0480/0744 loss=7.0866 det=7.0166 box=0.9765 cls=0.9939 dfl=0.0044 mard=2.0068 lambda=0.0349 pseudo_boxes=40 avg_conf=0.8488 rasp_s=0.033 lr=9.33683e-05
[Epoch 011/060] batch 0500/0744 loss=6.0244 det=5.9573 box=0.8156 cls=0.8829 dfl=0.0031 mard=2.0085 lambda=0.0334 pseudo_boxes=21 avg_conf=0.8339 rasp_s=0.033 lr=9.33683e-05
[Epoch 011/060] batch 0520/0744 loss=4.6293 det=4.5609 box=0.7777 cls=0.4081 dfl=0.0026 mard=2.0162 lambda=0.0339 pseudo_boxes=33 avg_conf=0.8390 rasp_s=0.033 lr=9.33683e-05
[Epoch 011/060] batch 0540/0744 loss=4.5347 det=4.4691 box=0.7314 cls=0.4596 dfl=0.0039 mard=1.9960 lambda=0.0329 pseudo_boxes=43 avg_conf=0.8289 rasp_s=0.033 lr=9.33683e-05
[Epoch 011/060] batch 0560/0744 loss=6.7317 det=6.6651 box=1.0139 cls=0.8948 dfl=0.0045 mard=2.0252 lambda=0.0329 pseudo_boxes=28 avg_conf=0.8287 rasp_s=0.033 lr=9.33683e-05
[Epoch 011/060] batch 0580/0744 loss=8.4276 det=8.3599 box=1.2250 cls=1.1801 dfl=0.0046 mard=1.9967 lambda=0.0339 pseudo_boxes=36 avg_conf=0.8389 rasp_s=0.033 lr=9.33683e-05
[Epoch 011/060] batch 0600/0744 loss=5.0698 det=4.9980 box=0.7272 cls=0.5400 dfl=0.0029 mard=2.0189 lambda=0.0356 pseudo_boxes=31 avg_conf=0.8557 rasp_s=0.033 lr=9.33683e-05
[Epoch 011/060] batch 0620/0744 loss=4.3894 det=4.3119 box=0.9265 cls=0.6605 dfl=0.0044 mard=2.0134 lambda=0.0385 pseudo_boxes=27 avg_conf=0.8846 rasp_s=0.033 lr=9.33683e-05
[Epoch 011/060] batch 0640/0744 loss=6.9246 det=6.8537 box=0.9517 cls=0.9687 dfl=0.0052 mard=2.0159 lambda=0.0352 pseudo_boxes=32 avg_conf=0.8518 rasp_s=0.033 lr=9.33683e-05
[Epoch 011/060] batch 0660/0744 loss=7.2837 det=7.2148 box=1.0988 cls=1.0409 dfl=0.0052 mard=2.0085 lambda=0.0343 pseudo_boxes=21 avg_conf=0.8431 rasp_s=0.033 lr=9.33683e-05
[Epoch 011/060] batch 0680/0744 loss=5.5500 det=5.4742 box=0.8487 cls=0.5901 dfl=0.0069 mard=2.0340 lambda=0.0373 pseudo_boxes=29 avg_conf=0.8728 rasp_s=0.033 lr=9.33683e-05
[Epoch 011/060] batch 0700/0744 loss=5.9225 det=5.8550 box=0.8702 cls=0.7219 dfl=0.0037 mard=2.0198 lambda=0.0334 pseudo_boxes=19 avg_conf=0.8345 rasp_s=0.033 lr=9.33683e-05
[Epoch 011/060] batch 0720/0744 loss=5.4654 det=5.4004 box=0.9395 cls=0.6403 dfl=0.0042 mard=2.0266 lambda=0.0321 pseudo_boxes=28 avg_conf=0.8206 rasp_s=0.033 lr=9.33683e-05
[Epoch 011/060] batch 0740/0744 loss=4.6973 det=4.6262 box=0.7192 cls=0.5288 dfl=0.0033 mard=2.0032 lambda=0.0355 pseudo_boxes=39 avg_conf=0.8549 rasp_s=0.033 lr=9.33683e-05
[Epoch 011/060] batch 0744/0744 loss=7.7056 det=7.6515 box=1.5697 cls=1.6724 dfl=0.0043 mard=2.0357 lambda=0.0266 pseudo_boxes=20 avg_conf=0.7657 rasp_s=0.033 lr=9.33683e-05
[Epoch 011/060] done time=269.1s valid=744 skipped=0 pseudo_boxes=27887 loss=6.5090 det=6.4411 mard=2.0145 conf=0.8349 RASP(status=recovery_interval, s=0.033, new_packs=0, knee=0/0)
[Epoch 012/060] start
[Epoch 012/060] batch 0001/0744 loss=6.8435 det=6.7660 box=0.8311 cls=1.3436 dfl=0.0035 mard=2.0026 lambda=0.0387 pseudo_boxes=14 avg_conf=0.8874 rasp_s=0.033 lr=9.20142e-05
[Epoch 012/060] batch 0020/0744 loss=9.5436 det=9.4801 box=1.4164 cls=1.4147 dfl=0.0048 mard=2.0406 lambda=0.0311 pseudo_boxes=44 avg_conf=0.8115 rasp_s=0.033 lr=9.20142e-05
[Epoch 012/060] batch 0040/0744 loss=5.7830 det=5.7080 box=0.8418 cls=0.7534 dfl=0.0030 mard=2.0109 lambda=0.0373 pseudo_boxes=32 avg_conf=0.8729 rasp_s=0.033 lr=9.20142e-05
[Epoch 012/060] batch 0060/0744 loss=4.4269 det=4.3523 box=0.5431 cls=0.6468 dfl=0.0027 mard=1.9973 lambda=0.0373 pseudo_boxes=31 avg_conf=0.8733 rasp_s=0.033 lr=9.20142e-05
[Epoch 012/060] batch 0080/0744 loss=7.1113 det=7.0507 box=1.0708 cls=0.7771 dfl=0.0040 mard=2.0248 lambda=0.0299 pseudo_boxes=37 avg_conf=0.7993 rasp_s=0.033 lr=9.20142e-05
[Epoch 012/060] batch 0100/0744 loss=9.8356 det=9.7742 box=1.5163 cls=1.3517 dfl=0.0087 mard=2.0052 lambda=0.0306 pseudo_boxes=29 avg_conf=0.8059 rasp_s=0.033 lr=9.20142e-05
[Epoch 012/060] batch 0120/0744 loss=7.2831 det=7.2125 box=1.1634 cls=1.0867 dfl=0.0057 mard=2.0278 lambda=0.0348 pseudo_boxes=45 avg_conf=0.8482 rasp_s=0.033 lr=9.20142e-05
[Epoch 012/060] batch 0140/0744 loss=3.7640 det=3.6875 box=0.5985 cls=0.4062 dfl=0.0030 mard=1.9979 lambda=0.0383 pseudo_boxes=26 avg_conf=0.8827 rasp_s=0.033 lr=9.20142e-05
[Epoch 012/060] batch 0160/0744 loss=6.0790 det=6.0086 box=0.9101 cls=0.7223 dfl=0.0036 mard=2.0195 lambda=0.0348 pseudo_boxes=31 avg_conf=0.8485 rasp_s=0.033 lr=9.20142e-05
[Epoch 012/060] batch 0180/0744 loss=7.3670 det=7.3005 box=1.1856 cls=0.9645 dfl=0.0053 mard=1.9908 lambda=0.0334 pseudo_boxes=46 avg_conf=0.8340 rasp_s=0.033 lr=9.20142e-05
[Epoch 012/060] batch 0200/0744 loss=4.0997 det=4.0375 box=0.8511 cls=0.7097 dfl=0.0027 mard=1.9925 lambda=0.0312 pseudo_boxes=41 avg_conf=0.8123 rasp_s=0.033 lr=9.20142e-05
[Epoch 012/060] batch 0220/0744 loss=7.3603 det=7.2886 box=1.0360 cls=0.9929 dfl=0.0046 mard=2.0251 lambda=0.0354 pseudo_boxes=33 avg_conf=0.8540 rasp_s=0.033 lr=9.20142e-05
[Epoch 012/060] batch 0240/0744 loss=6.3019 det=6.2334 box=0.9033 cls=0.8377 dfl=0.0033 mard=2.0173 lambda=0.0340 pseudo_boxes=51 avg_conf=0.8399 rasp_s=0.033 lr=9.20142e-05
[Epoch 012/060] batch 0260/0744 loss=6.2952 det=6.2194 box=0.9865 cls=0.7571 dfl=0.0059 mard=2.0018 lambda=0.0379 pseudo_boxes=38 avg_conf=0.8790 rasp_s=0.033 lr=9.20142e-05
[Epoch 012/060] batch 0280/0744 loss=6.0512 det=5.9877 box=1.2385 cls=1.1119 dfl=0.0058 mard=2.0096 lambda=0.0316 pseudo_boxes=40 avg_conf=0.8158 rasp_s=0.033 lr=9.20142e-05
[Epoch 012/060] batch 0300/0744 loss=6.4603 det=6.3947 box=0.9698 cls=0.6942 dfl=0.0033 mard=2.0081 lambda=0.0327 pseudo_boxes=34 avg_conf=0.8268 rasp_s=0.033 lr=9.20142e-05
[Epoch 012/060] batch 0320/0744 loss=5.3306 det=5.2626 box=0.8389 cls=0.6302 dfl=0.0036 mard=2.0143 lambda=0.0337 pseudo_boxes=47 avg_conf=0.8373 rasp_s=0.033 lr=9.20142e-05
[Epoch 012/060] batch 0340/0744 loss=7.3964 det=7.3373 box=1.2858 cls=1.0329 dfl=0.0037 mard=2.0034 lambda=0.0295 pseudo_boxes=33 avg_conf=0.7948 rasp_s=0.033 lr=9.20142e-05
[Epoch 012/060] batch 0360/0744 loss=9.0806 det=9.0094 box=1.3038 cls=1.2617 dfl=0.0050 mard=2.0214 lambda=0.0352 pseudo_boxes=25 avg_conf=0.8525 rasp_s=0.033 lr=9.20142e-05
[Epoch 012/060] batch 0380/0744 loss=7.3290 det=7.2647 box=1.1700 cls=0.8530 dfl=0.0041 mard=1.9918 lambda=0.0323 pseudo_boxes=40 avg_conf=0.8229 rasp_s=0.033 lr=9.20142e-05
[Epoch 012/060] batch 0400/0744 loss=7.2834 det=7.2137 box=1.1862 cls=0.9383 dfl=0.0041 mard=2.0139 lambda=0.0346 pseudo_boxes=50 avg_conf=0.8464 rasp_s=0.033 lr=9.20142e-05
[Epoch 012/060] batch 0420/0744 loss=8.6630 det=8.5927 box=1.2966 cls=1.3148 dfl=0.0075 mard=2.0409 lambda=0.0344 pseudo_boxes=35 avg_conf=0.8443 rasp_s=0.033 lr=9.20142e-05
[Epoch 012/060] batch 0440/0744 loss=7.3103 det=7.2454 box=1.1700 cls=0.9578 dfl=0.0051 mard=2.0176 lambda=0.0322 pseudo_boxes=31 avg_conf=0.8216 rasp_s=0.033 lr=9.20142e-05
[Epoch 012/060] batch 0460/0744 loss=5.4174 det=5.3439 box=0.9252 cls=0.5202 dfl=0.0037 mard=2.0304 lambda=0.0362 pseudo_boxes=39 avg_conf=0.8620 rasp_s=0.033 lr=9.20142e-05
[Epoch 012/060] batch 0480/0744 loss=5.0876 det=5.0245 box=0.7406 cls=0.5300 dfl=0.0038 mard=2.0029 lambda=0.0315 pseudo_boxes=39 avg_conf=0.8151 rasp_s=0.033 lr=9.20142e-05
[Epoch 012/060] batch 0500/0744 loss=5.4515 det=5.3723 box=0.8027 cls=0.7738 dfl=0.0059 mard=2.0194 lambda=0.0393 pseudo_boxes=17 avg_conf=0.8926 rasp_s=0.033 lr=9.20142e-05
[Epoch 012/060] batch 0520/0744 loss=8.3403 det=8.2757 box=1.2320 cls=1.0668 dfl=0.0057 mard=2.0026 lambda=0.0323 pseudo_boxes=30 avg_conf=0.8225 rasp_s=0.033 lr=9.20142e-05
[Epoch 012/060] batch 0540/0744 loss=7.0409 det=6.9777 box=1.0387 cls=0.9561 dfl=0.0042 mard=2.0147 lambda=0.0314 pseudo_boxes=40 avg_conf=0.8138 rasp_s=0.033 lr=9.20142e-05
[Epoch 012/060] batch 0560/0744 loss=4.9758 det=4.9200 box=0.7905 cls=0.4701 dfl=0.0027 mard=2.0089 lambda=0.0278 pseudo_boxes=30 avg_conf=0.7780 rasp_s=0.033 lr=9.20142e-05
[Epoch 012/060] batch 0580/0744 loss=6.4272 det=6.3528 box=1.0052 cls=0.9229 dfl=0.0053 mard=2.0144 lambda=0.0370 pseudo_boxes=40 avg_conf=0.8697 rasp_s=0.033 lr=9.20142e-05
[Epoch 012/060] batch 0600/0744 loss=6.7925 det=6.7192 box=1.0859 cls=0.8847 dfl=0.0050 mard=2.0110 lambda=0.0365 pseudo_boxes=45 avg_conf=0.8645 rasp_s=0.033 lr=9.20142e-05
[Epoch 012/060] batch 0620/0744 loss=6.8546 det=6.7859 box=1.0225 cls=1.0215 dfl=0.0056 mard=2.0060 lambda=0.0342 pseudo_boxes=49 avg_conf=0.8423 rasp_s=0.033 lr=9.20142e-05
[Epoch 012/060] batch 0640/0744 loss=5.5706 det=5.5008 box=0.8784 cls=0.6216 dfl=0.0048 mard=2.0091 lambda=0.0348 pseudo_boxes=61 avg_conf=0.8476 rasp_s=0.033 lr=9.20142e-05
[Epoch 012/060] batch 0660/0744 loss=6.9827 det=6.9230 box=1.1201 cls=0.8604 dfl=0.0032 mard=2.0239 lambda=0.0295 pseudo_boxes=35 avg_conf=0.7948 rasp_s=0.033 lr=9.20142e-05
[Epoch 012/060] batch 0680/0744 loss=4.0814 det=4.0089 box=0.6416 cls=0.3991 dfl=0.0029 mard=2.0139 lambda=0.0360 pseudo_boxes=55 avg_conf=0.8597 rasp_s=0.033 lr=9.20142e-05
[Epoch 012/060] batch 0700/0744 loss=5.6173 det=5.5451 box=0.9110 cls=0.4359 dfl=0.0048 mard=2.0194 lambda=0.0358 pseudo_boxes=43 avg_conf=0.8577 rasp_s=0.033 lr=9.20142e-05
[Epoch 012/060] batch 0720/0744 loss=6.2367 det=6.1679 box=0.8751 cls=0.8366 dfl=0.0038 mard=2.0008 lambda=0.0344 pseudo_boxes=32 avg_conf=0.8438 rasp_s=0.033 lr=9.20142e-05
[Epoch 012/060] batch 0740/0744 loss=6.7999 det=6.7310 box=0.9600 cls=0.7851 dfl=0.0036 mard=2.0248 lambda=0.0341 pseudo_boxes=27 avg_conf=0.8406 rasp_s=0.033 lr=9.20142e-05
[Epoch 012/060] batch 0744/0744 loss=9.3656 det=9.2971 box=1.9343 cls=1.5671 dfl=0.0068 mard=2.0165 lambda=0.0340 pseudo_boxes=25 avg_conf=0.8397 rasp_s=0.033 lr=9.20142e-05
[Epoch 012/060] done time=269.9s valid=744 skipped=0 pseudo_boxes=27992 loss=6.4783 det=6.4104 mard=2.0138 conf=0.8342 RASP(status=pruned, s=0.060, new_packs=5, knee=33/33)
[Epoch 013/060] start
[Epoch 013/060] batch 0001/0744 loss=3.1665 det=3.0852 box=0.4527 cls=0.2818 dfl=0.0019 mard=2.0350 lambda=0.0400 pseudo_boxes=32 avg_conf=0.8998 rasp_s=0.060 lr=9.05463e-05
[Epoch 013/060] batch 0020/0744 loss=7.2914 det=7.2175 box=1.0977 cls=0.9052 dfl=0.0040 mard=2.0321 lambda=0.0363 pseudo_boxes=38 avg_conf=0.8634 rasp_s=0.060 lr=9.05463e-05
[Epoch 013/060] batch 0040/0744 loss=9.4161 det=9.3591 box=1.3572 cls=1.3573 dfl=0.0051 mard=2.0030 lambda=0.0285 pseudo_boxes=39 avg_conf=0.7849 rasp_s=0.060 lr=9.05463e-05
[Epoch 013/060] batch 0060/0744 loss=7.6184 det=7.5580 box=1.2433 cls=0.9758 dfl=0.0047 mard=2.0303 lambda=0.0298 pseudo_boxes=31 avg_conf=0.7976 rasp_s=0.060 lr=9.05463e-05
[Epoch 013/060] batch 0080/0744 loss=4.9286 det=4.8550 box=0.7616 cls=0.6643 dfl=0.0038 mard=2.0281 lambda=0.0363 pseudo_boxes=37 avg_conf=0.8627 rasp_s=0.060 lr=9.05463e-05
[Epoch 013/060] batch 0100/0744 loss=8.4219 det=8.3563 box=1.3493 cls=0.8944 dfl=0.0042 mard=2.0326 lambda=0.0323 pseudo_boxes=58 avg_conf=0.8226 rasp_s=0.060 lr=9.05463e-05
[Epoch 013/060] batch 0120/0744 loss=7.2069 det=7.1374 box=1.1951 cls=0.6925 dfl=0.0053 mard=2.0098 lambda=0.0346 pseudo_boxes=33 avg_conf=0.8459 rasp_s=0.060 lr=9.05463e-05
[Epoch 013/060] batch 0140/0744 loss=7.4158 det=7.3553 box=1.1488 cls=0.9535 dfl=0.0038 mard=2.0012 lambda=0.0303 pseudo_boxes=35 avg_conf=0.8027 rasp_s=0.060 lr=9.05463e-05
[Epoch 013/060] batch 0160/0744 loss=6.8932 det=6.8240 box=1.0839 cls=0.8385 dfl=0.0055 mard=2.0316 lambda=0.0341 pseudo_boxes=38 avg_conf=0.8408 rasp_s=0.060 lr=9.05463e-05
[Epoch 013/060] batch 0180/0744 loss=4.5850 det=4.5170 box=0.6762 cls=0.5448 dfl=0.0030 mard=2.0044 lambda=0.0339 pseudo_boxes=48 avg_conf=0.8394 rasp_s=0.060 lr=9.05463e-05
[Epoch 013/060] batch 0200/0744 loss=5.6839 det=5.6232 box=0.9767 cls=0.6937 dfl=0.0032 mard=2.0072 lambda=0.0302 pseudo_boxes=51 avg_conf=0.8024 rasp_s=0.060 lr=9.05463e-05
[Epoch 013/060] batch 0220/0744 loss=5.4021 det=5.3297 box=0.9132 cls=0.6352 dfl=0.0039 mard=2.0156 lambda=0.0359 pseudo_boxes=47 avg_conf=0.8589 rasp_s=0.060 lr=9.05463e-05
[Epoch 013/060] batch 0240/0744 loss=9.3994 det=9.3347 box=1.3096 cls=1.3659 dfl=0.0060 mard=2.0258 lambda=0.0319 pseudo_boxes=52 avg_conf=0.8193 rasp_s=0.060 lr=9.05463e-05
[Epoch 013/060] batch 0260/0744 loss=7.6402 det=7.5737 box=1.1975 cls=0.9578 dfl=0.0050 mard=2.0379 lambda=0.0326 pseudo_boxes=73 avg_conf=0.8262 rasp_s=0.060 lr=9.05463e-05
[Epoch 013/060] batch 0280/0744 loss=7.4569 det=7.3913 box=1.2316 cls=0.9266 dfl=0.0050 mard=2.0416 lambda=0.0321 pseudo_boxes=49 avg_conf=0.8212 rasp_s=0.060 lr=9.05463e-05
[Epoch 013/060] batch 0300/0744 loss=6.2645 det=6.1927 box=0.7887 cls=0.9782 dfl=0.0045 mard=2.0215 lambda=0.0355 pseudo_boxes=17 avg_conf=0.8550 rasp_s=0.060 lr=9.05463e-05
[Epoch 013/060] batch 0320/0744 loss=7.3064 det=7.2434 box=1.0914 cls=0.9486 dfl=0.0047 mard=2.0203 lambda=0.0312 pseudo_boxes=33 avg_conf=0.8118 rasp_s=0.060 lr=9.05463e-05
[Epoch 013/060] batch 0340/0744 loss=4.6648 det=4.6021 box=0.7108 cls=0.5096 dfl=0.0034 mard=1.9847 lambda=0.0316 pseudo_boxes=49 avg_conf=0.8160 rasp_s=0.060 lr=9.05463e-05
[Epoch 013/060] batch 0360/0744 loss=6.3745 det=6.3062 box=1.0501 cls=0.7875 dfl=0.0052 mard=2.0192 lambda=0.0338 pseudo_boxes=26 avg_conf=0.8380 rasp_s=0.060 lr=9.05463e-05
[Epoch 013/060] batch 0380/0744 loss=5.8948 det=5.8294 box=0.9985 cls=0.6976 dfl=0.0033 mard=2.0100 lambda=0.0325 pseudo_boxes=30 avg_conf=0.8253 rasp_s=0.060 lr=9.05463e-05
[Epoch 013/060] batch 0400/0744 loss=5.5584 det=5.4892 box=0.9293 cls=0.5528 dfl=0.0039 mard=2.0230 lambda=0.0342 pseudo_boxes=36 avg_conf=0.8422 rasp_s=0.060 lr=9.05463e-05
[Epoch 013/060] batch 0420/0744 loss=4.6261 det=4.5610 box=0.8023 cls=0.3698 dfl=0.0030 mard=1.9993 lambda=0.0326 pseudo_boxes=39 avg_conf=0.8258 rasp_s=0.060 lr=9.05463e-05
[Epoch 013/060] batch 0440/0744 loss=5.5870 det=5.5212 box=0.9160 cls=0.6190 dfl=0.0031 mard=2.0061 lambda=0.0328 pseudo_boxes=42 avg_conf=0.8281 rasp_s=0.060 lr=9.05463e-05
[Epoch 013/060] batch 0460/0744 loss=6.2673 det=6.1890 box=1.0225 cls=0.6957 dfl=0.0052 mard=2.0374 lambda=0.0384 pseudo_boxes=30 avg_conf=0.8840 rasp_s=0.060 lr=9.05463e-05
[Epoch 013/060] batch 0480/0744 loss=5.5146 det=5.4474 box=0.8417 cls=0.8398 dfl=0.0034 mard=2.0466 lambda=0.0328 pseudo_boxes=28 avg_conf=0.8281 rasp_s=0.060 lr=9.05463e-05
[Epoch 013/060] batch 0500/0744 loss=4.4215 det=4.3548 box=0.6947 cls=0.4240 dfl=0.0027 mard=2.0083 lambda=0.0332 pseudo_boxes=48 avg_conf=0.8319 rasp_s=0.060 lr=9.05463e-05
[Epoch 013/060] batch 0520/0744 loss=7.0287 det=6.9522 box=1.1998 cls=0.7767 dfl=0.0090 mard=2.0114 lambda=0.0380 pseudo_boxes=33 avg_conf=0.8804 rasp_s=0.060 lr=9.05463e-05
[Epoch 013/060] batch 0540/0744 loss=5.3956 det=5.3268 box=0.8518 cls=0.6862 dfl=0.0038 mard=2.0041 lambda=0.0343 pseudo_boxes=35 avg_conf=0.8433 rasp_s=0.060 lr=9.05463e-05
[Epoch 013/060] batch 0560/0744 loss=4.9259 det=4.8570 box=0.7979 cls=0.4116 dfl=0.0062 mard=1.9983 lambda=0.0345 pseudo_boxes=33 avg_conf=0.8448 rasp_s=0.060 lr=9.05463e-05
[Epoch 013/060] batch 0580/0744 loss=7.9220 det=7.8533 box=1.2163 cls=0.8913 dfl=0.0041 mard=2.0088 lambda=0.0342 pseudo_boxes=41 avg_conf=0.8423 rasp_s=0.060 lr=9.05463e-05
[Epoch 013/060] batch 0600/0744 loss=6.2529 det=6.1823 box=1.0014 cls=0.6944 dfl=0.0039 mard=2.0043 lambda=0.0352 pseudo_boxes=46 avg_conf=0.8522 rasp_s=0.060 lr=9.05463e-05
[Epoch 013/060] batch 0620/0744 loss=7.5417 det=7.4770 box=1.0219 cls=1.1140 dfl=0.0050 mard=2.0181 lambda=0.0320 pseudo_boxes=35 avg_conf=0.8205 rasp_s=0.060 lr=9.05463e-05
[Epoch 013/060] batch 0640/0744 loss=7.6260 det=7.5544 box=0.9093 cls=1.2129 dfl=0.0044 mard=2.0322 lambda=0.0352 pseudo_boxes=21 avg_conf=0.8523 rasp_s=0.060 lr=9.05463e-05
[Epoch 013/060] batch 0660/0744 loss=6.1825 det=6.1185 box=0.8592 cls=0.9261 dfl=0.0032 mard=2.0208 lambda=0.0316 pseudo_boxes=35 avg_conf=0.8164 rasp_s=0.060 lr=9.05463e-05
[Epoch 013/060] batch 0680/0744 loss=5.3981 det=5.3198 box=0.7650 cls=0.7461 dfl=0.0040 mard=2.0337 lambda=0.0385 pseudo_boxes=22 avg_conf=0.8853 rasp_s=0.060 lr=9.05463e-05
[Epoch 013/060] batch 0700/0744 loss=4.8390 det=4.7665 box=0.7727 cls=0.5858 dfl=0.0034 mard=2.0119 lambda=0.0360 pseudo_boxes=35 avg_conf=0.8604 rasp_s=0.060 lr=9.05463e-05
[Epoch 013/060] batch 0720/0744 loss=5.3564 det=5.2872 box=0.8906 cls=0.7257 dfl=0.0032 mard=2.0240 lambda=0.0342 pseudo_boxes=29 avg_conf=0.8422 rasp_s=0.060 lr=9.05463e-05
[Epoch 013/060] batch 0740/0744 loss=5.1627 det=5.0964 box=0.8065 cls=0.6028 dfl=0.0028 mard=2.0153 lambda=0.0329 pseudo_boxes=36 avg_conf=0.8289 rasp_s=0.060 lr=9.05463e-05
[Epoch 013/060] batch 0744/0744 loss=6.1825 det=6.1126 box=1.0369 cls=1.2259 dfl=0.0049 mard=2.0203 lambda=0.0346 pseudo_boxes=20 avg_conf=0.8458 rasp_s=0.060 lr=9.05463e-05
[Epoch 013/060] done time=269.5s valid=744 skipped=0 pseudo_boxes=27973 loss=6.5446 det=6.4767 mard=2.0147 conf=0.8343 RASP(status=recovery_interval, s=0.060, new_packs=0, knee=0/0)
[Epoch 014/060] start
[Epoch 014/060] batch 0001/0744 loss=5.7620 det=5.6867 box=0.9506 cls=0.5310 dfl=0.0053 mard=2.0261 lambda=0.0372 pseudo_boxes=35 avg_conf=0.8716 rasp_s=0.060 lr=8.89687e-05
[Epoch 014/060] batch 0020/0744 loss=7.9297 det=7.8672 box=1.1898 cls=1.0053 dfl=0.0055 mard=2.0198 lambda=0.0310 pseudo_boxes=32 avg_conf=0.8097 rasp_s=0.060 lr=8.89687e-05
[Epoch 014/060] batch 0040/0744 loss=7.4649 det=7.3962 box=1.2313 cls=0.7731 dfl=0.0048 mard=2.0124 lambda=0.0342 pseudo_boxes=35 avg_conf=0.8417 rasp_s=0.060 lr=8.89687e-05
[Epoch 014/060] batch 0060/0744 loss=6.8586 det=6.7978 box=1.0942 cls=0.7761 dfl=0.0045 mard=1.9937 lambda=0.0305 pseudo_boxes=48 avg_conf=0.8048 rasp_s=0.060 lr=8.89687e-05
[Epoch 014/060] batch 0080/0744 loss=7.7604 det=7.6919 box=1.1452 cls=1.0548 dfl=0.0049 mard=2.0252 lambda=0.0338 pseudo_boxes=37 avg_conf=0.8379 rasp_s=0.060 lr=8.89687e-05
[Epoch 014/060] batch 0100/0744 loss=5.7635 det=5.6968 box=0.9079 cls=0.6068 dfl=0.0043 mard=2.0322 lambda=0.0328 pseudo_boxes=28 avg_conf=0.8282 rasp_s=0.060 lr=8.89687e-05
[Epoch 014/060] batch 0120/0744 loss=4.7411 det=4.6727 box=0.7451 cls=0.4063 dfl=0.0031 mard=2.0027 lambda=0.0341 pseudo_boxes=31 avg_conf=0.8412 rasp_s=0.060 lr=8.89687e-05
[Epoch 014/060] batch 0140/0744 loss=4.5205 det=4.4477 box=0.7059 cls=0.4582 dfl=0.0035 mard=2.0105 lambda=0.0362 pseudo_boxes=39 avg_conf=0.8621 rasp_s=0.060 lr=8.89687e-05
[Epoch 014/060] batch 0160/0744 loss=6.0871 det=6.0298 box=0.9234 cls=0.6884 dfl=0.0040 mard=2.0171 lambda=0.0284 pseudo_boxes=52 avg_conf=0.7841 rasp_s=0.060 lr=8.89687e-05
[Epoch 014/060] batch 0180/0744 loss=4.3622 det=4.2887 box=0.7067 cls=0.4178 dfl=0.0024 mard=2.0153 lambda=0.0365 pseudo_boxes=30 avg_conf=0.8650 rasp_s=0.060 lr=8.89687e-05
[Epoch 014/060] batch 0200/0744 loss=9.3342 det=9.2561 box=1.3611 cls=1.2899 dfl=0.0097 mard=2.0340 lambda=0.0384 pseudo_boxes=28 avg_conf=0.8841 rasp_s=0.060 lr=8.89687e-05
[Epoch 014/060] batch 0220/0744 loss=4.6336 det=4.5595 box=0.7011 cls=0.4615 dfl=0.0027 mard=2.0137 lambda=0.0368 pseudo_boxes=35 avg_conf=0.8678 rasp_s=0.060 lr=8.89687e-05
[Epoch 014/060] batch 0240/0744 loss=5.3023 det=5.2304 box=0.8231 cls=0.5776 dfl=0.0033 mard=2.0173 lambda=0.0357 pseudo_boxes=30 avg_conf=0.8565 rasp_s=0.060 lr=8.89687e-05
[Epoch 014/060] batch 0260/0744 loss=7.7409 det=7.6748 box=1.2005 cls=0.8326 dfl=0.0039 mard=2.0245 lambda=0.0327 pseudo_boxes=45 avg_conf=0.8267 rasp_s=0.060 lr=8.89687e-05
[Epoch 014/060] batch 0280/0744 loss=12.0538 det=11.9826 box=1.7296 cls=1.6666 dfl=0.0085 mard=2.0453 lambda=0.0348 pseudo_boxes=42 avg_conf=0.8481 rasp_s=0.060 lr=8.89687e-05
[Epoch 014/060] batch 0300/0744 loss=5.5797 det=5.5169 box=0.8644 cls=0.5766 dfl=0.0044 mard=1.9833 lambda=0.0317 pseudo_boxes=38 avg_conf=0.8166 rasp_s=0.060 lr=8.89687e-05
[Epoch 014/060] batch 0320/0744 loss=8.1849 det=8.1239 box=1.3152 cls=1.0602 dfl=0.0061 mard=1.9745 lambda=0.0309 pseudo_boxes=73 avg_conf=0.8091 rasp_s=0.060 lr=8.89687e-05
[Epoch 014/060] batch 0340/0744 loss=9.4158 det=9.3474 box=1.2727 cls=1.5410 dfl=0.0054 mard=2.0100 lambda=0.0340 pseudo_boxes=38 avg_conf=0.8402 rasp_s=0.060 lr=8.89687e-05
[Epoch 014/060] batch 0360/0744 loss=3.8401 det=3.7648 box=0.5962 cls=0.4159 dfl=0.0031 mard=2.0070 lambda=0.0375 pseudo_boxes=41 avg_conf=0.8751 rasp_s=0.060 lr=8.89687e-05
[Epoch 014/060] batch 0380/0744 loss=4.2057 det=4.1367 box=0.6335 cls=0.4378 dfl=0.0029 mard=2.0147 lambda=0.0343 pseudo_boxes=52 avg_conf=0.8425 rasp_s=0.060 lr=8.89687e-05
[Epoch 014/060] batch 0400/0744 loss=7.7378 det=7.6687 box=1.1517 cls=1.0120 dfl=0.0040 mard=2.0083 lambda=0.0344 pseudo_boxes=41 avg_conf=0.8441 rasp_s=0.060 lr=8.89687e-05
[Epoch 014/060] batch 0420/0744 loss=6.7179 det=6.6455 box=1.0306 cls=0.7575 dfl=0.0051 mard=2.0093 lambda=0.0360 pseudo_boxes=31 avg_conf=0.8602 rasp_s=0.060 lr=8.89687e-05
[Epoch 014/060] batch 0440/0744 loss=7.3270 det=7.2588 box=0.8838 cls=1.1262 dfl=0.0044 mard=2.0309 lambda=0.0336 pseudo_boxes=39 avg_conf=0.8358 rasp_s=0.060 lr=8.89687e-05
[Epoch 014/060] batch 0460/0744 loss=6.7816 det=6.7154 box=1.0692 cls=0.7533 dfl=0.0054 mard=2.0072 lambda=0.0330 pseudo_boxes=48 avg_conf=0.8299 rasp_s=0.060 lr=8.89687e-05
[Epoch 014/060] batch 0480/0744 loss=9.2471 det=9.1795 box=1.4702 cls=1.2062 dfl=0.0063 mard=2.0154 lambda=0.0335 pseudo_boxes=37 avg_conf=0.8353 rasp_s=0.060 lr=8.89687e-05
[Epoch 014/060] batch 0500/0744 loss=5.3635 det=5.2888 box=0.8633 cls=0.5771 dfl=0.0039 mard=2.0082 lambda=0.0372 pseudo_boxes=28 avg_conf=0.8716 rasp_s=0.060 lr=8.89687e-05
[Epoch 014/060] batch 0520/0744 loss=6.6444 det=6.5753 box=1.0923 cls=0.7889 dfl=0.0051 mard=1.9981 lambda=0.0346 pseudo_boxes=57 avg_conf=0.8460 rasp_s=0.060 lr=8.89687e-05
[Epoch 014/060] batch 0540/0744 loss=5.9490 det=5.8720 box=0.8105 cls=0.8703 dfl=0.0042 mard=2.0290 lambda=0.0380 pseudo_boxes=27 avg_conf=0.8796 rasp_s=0.060 lr=8.89687e-05
[Epoch 014/060] batch 0560/0744 loss=5.6281 det=5.5625 box=0.8755 cls=0.6917 dfl=0.0045 mard=2.0013 lambda=0.0328 pseudo_boxes=47 avg_conf=0.8278 rasp_s=0.060 lr=8.89687e-05
[Epoch 014/060] batch 0580/0744 loss=3.8208 det=3.7422 box=0.4984 cls=0.4682 dfl=0.0034 mard=2.0123 lambda=0.0391 pseudo_boxes=27 avg_conf=0.8906 rasp_s=0.060 lr=8.89687e-05
[Epoch 014/060] batch 0600/0744 loss=5.2001 det=5.1276 box=0.8735 cls=0.4616 dfl=0.0029 mard=2.0057 lambda=0.0362 pseudo_boxes=31 avg_conf=0.8615 rasp_s=0.060 lr=8.89687e-05
[Epoch 014/060] batch 0620/0744 loss=4.0005 det=3.9311 box=0.5898 cls=0.4835 dfl=0.0025 mard=2.0351 lambda=0.0341 pseudo_boxes=39 avg_conf=0.8411 rasp_s=0.060 lr=8.89687e-05
[Epoch 014/060] batch 0640/0744 loss=12.5339 det=12.4931 box=1.4919 cls=2.0546 dfl=0.0046 mard=2.0306 lambda=0.0201 pseudo_boxes=12 avg_conf=0.7011 rasp_s=0.060 lr=8.89687e-05
[Epoch 014/060] batch 0660/0744 loss=6.1612 det=6.0946 box=0.8850 cls=0.7758 dfl=0.0057 mard=2.0110 lambda=0.0331 pseudo_boxes=51 avg_conf=0.8312 rasp_s=0.060 lr=8.89687e-05
[Epoch 014/060] batch 0680/0744 loss=7.7248 det=7.6529 box=1.1556 cls=0.9817 dfl=0.0057 mard=2.0264 lambda=0.0355 pseudo_boxes=42 avg_conf=0.8548 rasp_s=0.060 lr=8.89687e-05
[Epoch 014/060] batch 0700/0744 loss=6.9133 det=6.8573 box=1.0631 cls=0.9378 dfl=0.0032 mard=2.0183 lambda=0.0277 pseudo_boxes=47 avg_conf=0.7775 rasp_s=0.060 lr=8.89687e-05
[Epoch 014/060] batch 0720/0744 loss=4.6120 det=4.5326 box=0.6927 cls=0.4843 dfl=0.0034 mard=2.0196 lambda=0.0393 pseudo_boxes=27 avg_conf=0.8932 rasp_s=0.060 lr=8.89687e-05
[Epoch 014/060] batch 0740/0744 loss=5.7443 det=5.6755 box=0.9158 cls=0.6358 dfl=0.0043 mard=2.0178 lambda=0.0341 pseudo_boxes=29 avg_conf=0.8408 rasp_s=0.060 lr=8.89687e-05
[Epoch 014/060] batch 0744/0744 loss=6.3094 det=6.2421 box=1.3547 cls=1.0307 dfl=0.0060 mard=2.0256 lambda=0.0332 pseudo_boxes=47 avg_conf=0.8322 rasp_s=0.060 lr=8.89687e-05
[Epoch 014/060] done time=269.2s valid=744 skipped=0 pseudo_boxes=27958 loss=6.5615 det=6.4934 mard=2.0139 conf=0.8350 RASP(status=recovery_interval, s=0.060, new_packs=0, knee=0/0)
[Epoch 015/060] start
[Epoch 015/060] batch 0001/0744 loss=6.4639 det=6.3968 box=0.9607 cls=0.8390 dfl=0.0045 mard=2.0110 lambda=0.0334 pseudo_boxes=31 avg_conf=0.8338 rasp_s=0.060 lr=8.72857e-05
[Epoch 015/060] batch 0020/0744 loss=5.3543 det=5.2883 box=0.9023 cls=0.4963 dfl=0.0038 mard=2.0001 lambda=0.0330 pseudo_boxes=37 avg_conf=0.8301 rasp_s=0.060 lr=8.72857e-05
[Epoch 015/060] batch 0040/0744 loss=3.1665 det=3.0889 box=0.4486 cls=0.3139 dfl=0.0021 mard=2.0084 lambda=0.0387 pseudo_boxes=24 avg_conf=0.8866 rasp_s=0.060 lr=8.72857e-05
[Epoch 015/060] batch 0060/0744 loss=8.2650 det=8.1932 box=1.2323 cls=1.1096 dfl=0.0046 mard=2.0159 lambda=0.0356 pseudo_boxes=25 avg_conf=0.8562 rasp_s=0.060 lr=8.72857e-05
[Epoch 015/060] batch 0080/0744 loss=10.4858 det=10.4233 box=1.4516 cls=1.5733 dfl=0.0049 mard=2.0535 lambda=0.0304 pseudo_boxes=28 avg_conf=0.8043 rasp_s=0.060 lr=8.72857e-05
[Epoch 015/060] batch 0100/0744 loss=5.3987 det=5.3232 box=0.9399 cls=1.2146 dfl=0.0058 mard=2.0429 lambda=0.0370 pseudo_boxes=19 avg_conf=0.8698 rasp_s=0.060 lr=8.72857e-05
[Epoch 015/060] batch 0120/0744 loss=4.4956 det=4.4232 box=0.6780 cls=0.6007 dfl=0.0029 mard=2.0069 lambda=0.0361 pseudo_boxes=28 avg_conf=0.8605 rasp_s=0.060 lr=8.72857e-05
[Epoch 015/060] batch 0140/0744 loss=11.0308 det=10.9619 box=1.6165 cls=1.4678 dfl=0.0079 mard=2.0211 lambda=0.0341 pseudo_boxes=45 avg_conf=0.8410 rasp_s=0.060 lr=8.72857e-05
[Epoch 015/060] batch 0160/0744 loss=5.6287 det=5.5623 box=0.8581 cls=0.6945 dfl=0.0033 mard=2.0077 lambda=0.0331 pseudo_boxes=35 avg_conf=0.8305 rasp_s=0.060 lr=8.72857e-05
[Epoch 015/060] batch 0180/0744 loss=8.3202 det=8.2492 box=1.3810 cls=0.9721 dfl=0.0089 mard=2.0309 lambda=0.0349 pseudo_boxes=28 avg_conf=0.8494 rasp_s=0.060 lr=8.72857e-05
[Epoch 015/060] batch 0200/0744 loss=4.1366 det=4.0655 box=0.6245 cls=0.4283 dfl=0.0025 mard=2.0288 lambda=0.0350 pseudo_boxes=50 avg_conf=0.8504 rasp_s=0.060 lr=8.72857e-05
[Epoch 015/060] batch 0220/0744 loss=5.4019 det=5.3389 box=0.8630 cls=0.6737 dfl=0.0031 mard=2.0018 lambda=0.0315 pseudo_boxes=40 avg_conf=0.8150 rasp_s=0.060 lr=8.72857e-05
[Epoch 015/060] batch 0240/0744 loss=3.2049 det=3.1192 box=0.5301 cls=0.2382 dfl=0.0027 mard=2.0143 lambda=0.0425 pseudo_boxes=29 avg_conf=0.9254 rasp_s=0.060 lr=8.72857e-05
[Epoch 015/060] batch 0260/0744 loss=5.0045 det=4.9376 box=0.7371 cls=0.6150 dfl=0.0042 mard=2.0125 lambda=0.0332 pseudo_boxes=50 avg_conf=0.8325 rasp_s=0.060 lr=8.72857e-05
[Epoch 015/060] batch 0280/0744 loss=7.2717 det=7.2076 box=1.1709 cls=0.9035 dfl=0.0039 mard=1.9926 lambda=0.0321 pseudo_boxes=50 avg_conf=0.8214 rasp_s=0.060 lr=8.72857e-05
[Epoch 015/060] batch 0300/0744 loss=6.6604 det=6.5934 box=0.8869 cls=0.8615 dfl=0.0028 mard=2.0040 lambda=0.0335 pseudo_boxes=28 avg_conf=0.8346 rasp_s=0.060 lr=8.72857e-05
[Epoch 015/060] batch 0320/0744 loss=6.1679 det=6.0930 box=0.9383 cls=0.6993 dfl=0.0063 mard=2.0252 lambda=0.0370 pseudo_boxes=20 avg_conf=0.8698 rasp_s=0.060 lr=8.72857e-05
[Epoch 015/060] batch 0340/0744 loss=5.6096 det=5.5426 box=0.9187 cls=0.7426 dfl=0.0042 mard=2.0108 lambda=0.0333 pseudo_boxes=28 avg_conf=0.8330 rasp_s=0.060 lr=8.72857e-05
[Epoch 015/060] batch 0360/0744 loss=5.8059 det=5.7386 box=0.7405 cls=0.8665 dfl=0.0030 mard=2.0123 lambda=0.0334 pseudo_boxes=43 avg_conf=0.8342 rasp_s=0.060 lr=8.72857e-05
[Epoch 015/060] batch 0380/0744 loss=4.4392 det=4.3664 box=0.5868 cls=0.4766 dfl=0.0023 mard=2.0189 lambda=0.0360 pseudo_boxes=29 avg_conf=0.8603 rasp_s=0.060 lr=8.72857e-05
[Epoch 015/060] batch 0400/0744 loss=7.4085 det=7.3412 box=1.2534 cls=0.6993 dfl=0.0051 mard=1.9809 lambda=0.0340 pseudo_boxes=56 avg_conf=0.8398 rasp_s=0.060 lr=8.72857e-05
[Epoch 015/060] batch 0420/0744 loss=5.5796 det=5.5135 box=0.7788 cls=0.7518 dfl=0.0035 mard=2.0148 lambda=0.0328 pseudo_boxes=30 avg_conf=0.8280 rasp_s=0.060 lr=8.72857e-05
[Epoch 015/060] batch 0440/0744 loss=6.9904 det=6.9248 box=1.0159 cls=1.0081 dfl=0.0041 mard=2.0048 lambda=0.0328 pseudo_boxes=44 avg_conf=0.8275 rasp_s=0.060 lr=8.72857e-05
[Epoch 015/060] batch 0460/0744 loss=4.7475 det=4.6753 box=0.7166 cls=0.5714 dfl=0.0032 mard=1.9693 lambda=0.0367 pseudo_boxes=28 avg_conf=0.8668 rasp_s=0.060 lr=8.72857e-05
[Epoch 015/060] batch 0480/0744 loss=7.3719 det=7.3052 box=0.9871 cls=1.0368 dfl=0.0040 mard=2.0309 lambda=0.0328 pseudo_boxes=32 avg_conf=0.8280 rasp_s=0.060 lr=8.72857e-05
[Epoch 015/060] batch 0500/0744 loss=6.2785 det=6.2108 box=0.9906 cls=0.8021 dfl=0.0059 mard=2.0265 lambda=0.0334 pseudo_boxes=37 avg_conf=0.8340 rasp_s=0.060 lr=8.72857e-05
[Epoch 015/060] batch 0520/0744 loss=2.7342 det=2.6481 box=0.4456 cls=0.2281 dfl=0.0027 mard=2.0278 lambda=0.0424 pseudo_boxes=25 avg_conf=0.9243 rasp_s=0.060 lr=8.72857e-05
[Epoch 015/060] batch 0540/0744 loss=4.1651 det=4.0987 box=0.6959 cls=0.4160 dfl=0.0039 mard=2.0315 lambda=0.0327 pseudo_boxes=37 avg_conf=0.8269 rasp_s=0.060 lr=8.72857e-05
[Epoch 015/060] batch 0560/0744 loss=5.9114 det=5.8346 box=0.9360 cls=0.5736 dfl=0.0036 mard=2.0432 lambda=0.0376 pseudo_boxes=30 avg_conf=0.8759 rasp_s=0.060 lr=8.72857e-05
[Epoch 015/060] batch 0580/0744 loss=4.9418 det=4.8750 box=0.7499 cls=0.5452 dfl=0.0026 mard=2.0059 lambda=0.0333 pseudo_boxes=44 avg_conf=0.8329 rasp_s=0.060 lr=8.72857e-05
[Epoch 015/060] batch 0600/0744 loss=5.6074 det=5.5479 box=0.7512 cls=0.6796 dfl=0.0023 mard=2.0001 lambda=0.0298 pseudo_boxes=35 avg_conf=0.7975 rasp_s=0.060 lr=8.72857e-05
[Epoch 015/060] batch 0620/0744 loss=8.6344 det=8.5723 box=1.7540 cls=1.5485 dfl=0.0066 mard=2.0135 lambda=0.0309 pseudo_boxes=31 avg_conf=0.8086 rasp_s=0.060 lr=8.72857e-05
[Epoch 015/060] batch 0640/0744 loss=5.9996 det=5.9302 box=0.8837 cls=0.7372 dfl=0.0050 mard=1.9821 lambda=0.0350 pseudo_boxes=30 avg_conf=0.8500 rasp_s=0.060 lr=8.72857e-05
[Epoch 015/060] batch 0660/0744 loss=6.6498 det=6.5788 box=1.0933 cls=1.0115 dfl=0.0040 mard=2.0286 lambda=0.0350 pseudo_boxes=24 avg_conf=0.8500 rasp_s=0.060 lr=8.72857e-05
[Epoch 015/060] batch 0680/0744 loss=6.5098 det=6.4376 box=0.9892 cls=0.8660 dfl=0.0056 mard=2.0052 lambda=0.0360 pseudo_boxes=40 avg_conf=0.8598 rasp_s=0.060 lr=8.72857e-05
[Epoch 015/060] batch 0700/0744 loss=5.8197 det=5.7511 box=0.8864 cls=0.6730 dfl=0.0040 mard=2.0112 lambda=0.0341 pseudo_boxes=37 avg_conf=0.8412 rasp_s=0.060 lr=8.72857e-05
[Epoch 015/060] batch 0720/0744 loss=5.8612 det=5.7964 box=0.9156 cls=0.7832 dfl=0.0038 mard=2.0150 lambda=0.0321 pseudo_boxes=57 avg_conf=0.8214 rasp_s=0.060 lr=8.72857e-05
[Epoch 015/060] batch 0740/0744 loss=7.5893 det=7.5139 box=1.1592 cls=1.2620 dfl=0.0057 mard=2.0565 lambda=0.0367 pseudo_boxes=44 avg_conf=0.8667 rasp_s=0.060 lr=8.72857e-05
[Epoch 015/060] batch 0744/0744 loss=7.8902 det=7.8253 box=1.4911 cls=1.6049 dfl=0.0059 mard=1.9824 lambda=0.0328 pseudo_boxes=27 avg_conf=0.8276 rasp_s=0.060 lr=8.72857e-05
[Epoch 015/060] done time=269.3s valid=744 skipped=0 pseudo_boxes=27994 loss=6.4493 det=6.3814 mard=2.0139 conf=0.8347 RASP(status=pruned, s=0.092, new_packs=6, knee=20/20)
[Epoch 15] saved latent=yolo26_rasp_latent_epoch_15.pt state=rasp_training_state_epoch_15.pt
[Epoch 016/060] start
[Epoch 016/060] batch 0001/0744 loss=8.0610 det=7.9970 box=1.1821 cls=1.1852 dfl=0.0058 mard=2.0170 lambda=0.0318 pseudo_boxes=46 avg_conf=0.8175 rasp_s=0.092 lr=8.55018e-05
[Epoch 016/060] batch 0020/0744 loss=6.0419 det=5.9772 box=1.2806 cls=1.1610 dfl=0.0041 mard=2.0228 lambda=0.0320 pseudo_boxes=18 avg_conf=0.8200 rasp_s=0.092 lr=8.55018e-05
[Epoch 016/060] batch 0040/0744 loss=7.3807 det=7.3176 box=1.2947 cls=0.8629 dfl=0.0061 mard=2.0103 lambda=0.0314 pseudo_boxes=21 avg_conf=0.8142 rasp_s=0.092 lr=8.55018e-05
[Epoch 016/060] batch 0060/0744 loss=5.6331 det=5.5694 box=0.8237 cls=0.7963 dfl=0.0034 mard=2.0063 lambda=0.0318 pseudo_boxes=42 avg_conf=0.8176 rasp_s=0.092 lr=8.55018e-05
[Epoch 016/060] batch 0080/0744 loss=8.4411 det=8.3716 box=1.2896 cls=1.1153 dfl=0.0038 mard=2.0208 lambda=0.0344 pseudo_boxes=29 avg_conf=0.8440 rasp_s=0.092 lr=8.55018e-05
[Epoch 016/060] batch 0100/0744 loss=6.3919 det=6.3188 box=1.0036 cls=0.8795 dfl=0.0050 mard=2.0267 lambda=0.0360 pseudo_boxes=40 avg_conf=0.8602 rasp_s=0.092 lr=8.55018e-05
[Epoch 016/060] batch 0120/0744 loss=6.9670 det=6.9077 box=1.1298 cls=0.8578 dfl=0.0040 mard=2.0315 lambda=0.0292 pseudo_boxes=36 avg_conf=0.7922 rasp_s=0.092 lr=8.55018e-05
[Epoch 016/060] batch 0140/0744 loss=7.4535 det=7.3918 box=1.1286 cls=0.9533 dfl=0.0057 mard=2.0347 lambda=0.0303 pseudo_boxes=50 avg_conf=0.8034 rasp_s=0.092 lr=8.55018e-05
[Epoch 016/060] batch 0160/0744 loss=7.4854 det=7.4223 box=0.9370 cls=1.1464 dfl=0.0037 mard=2.0086 lambda=0.0314 pseudo_boxes=29 avg_conf=0.8137 rasp_s=0.092 lr=8.55018e-05
[Epoch 016/060] batch 0180/0744 loss=6.3474 det=6.2780 box=1.0044 cls=0.6383 dfl=0.0047 mard=1.9947 lambda=0.0348 pseudo_boxes=42 avg_conf=0.8481 rasp_s=0.092 lr=8.55018e-05
[Epoch 016/060] batch 0200/0744 loss=4.4599 det=4.3807 box=0.6438 cls=0.4794 dfl=0.0024 mard=2.0218 lambda=0.0392 pseudo_boxes=26 avg_conf=0.8917 rasp_s=0.092 lr=8.55018e-05
[Epoch 016/060] batch 0220/0744 loss=5.0185 det=4.9498 box=0.8231 cls=0.5291 dfl=0.0028 mard=2.0278 lambda=0.0339 pseudo_boxes=38 avg_conf=0.8390 rasp_s=0.092 lr=8.55018e-05
[Epoch 016/060] batch 0240/0744 loss=6.9212 det=6.8577 box=1.0700 cls=0.9070 dfl=0.0027 mard=2.0058 lambda=0.0317 pseudo_boxes=42 avg_conf=0.8168 rasp_s=0.092 lr=8.55018e-05
[Epoch 016/060] batch 0260/0744 loss=5.8291 det=5.7551 box=0.8625 cls=0.7800 dfl=0.0040 mard=1.9689 lambda=0.0376 pseudo_boxes=28 avg_conf=0.8756 rasp_s=0.092 lr=8.55018e-05
[Epoch 016/060] batch 0280/0744 loss=4.6802 det=4.6041 box=0.7180 cls=0.5227 dfl=0.0037 mard=2.0050 lambda=0.0380 pseudo_boxes=21 avg_conf=0.8795 rasp_s=0.092 lr=8.55018e-05
[Epoch 016/060] batch 0300/0744 loss=7.2600 det=7.1956 box=1.0533 cls=0.8872 dfl=0.0043 mard=1.9997 lambda=0.0322 pseudo_boxes=52 avg_conf=0.8221 rasp_s=0.092 lr=8.55018e-05
[Epoch 016/060] batch 0320/0744 loss=5.3681 det=5.3027 box=0.7870 cls=0.6273 dfl=0.0039 mard=2.0004 lambda=0.0327 pseudo_boxes=35 avg_conf=0.8270 rasp_s=0.092 lr=8.55018e-05
[Epoch 016/060] batch 0340/0744 loss=5.2472 det=5.1707 box=0.8218 cls=0.5185 dfl=0.0077 mard=2.0028 lambda=0.0382 pseudo_boxes=30 avg_conf=0.8821 rasp_s=0.092 lr=8.55018e-05
[Epoch 016/060] batch 0360/0744 loss=7.5543 det=7.4864 box=1.1918 cls=0.9797 dfl=0.0044 mard=2.0249 lambda=0.0335 pseudo_boxes=51 avg_conf=0.8352 rasp_s=0.092 lr=8.55018e-05
[Epoch 016/060] batch 0380/0744 loss=5.6216 det=5.5512 box=1.0764 cls=0.9737 dfl=0.0056 mard=2.0074 lambda=0.0350 pseudo_boxes=27 avg_conf=0.8504 rasp_s=0.092 lr=8.55018e-05
[Epoch 016/060] batch 0400/0744 loss=5.7582 det=5.6887 box=0.8564 cls=0.7413 dfl=0.0035 mard=2.0279 lambda=0.0343 pseudo_boxes=32 avg_conf=0.8427 rasp_s=0.092 lr=8.55018e-05
[Epoch 016/060] batch 0420/0744 loss=6.6225 det=6.5564 box=1.0643 cls=0.6667 dfl=0.0034 mard=2.0005 lambda=0.0331 pseudo_boxes=48 avg_conf=0.8305 rasp_s=0.092 lr=8.55018e-05
[Epoch 016/060] batch 0440/0744 loss=4.8945 det=4.8234 box=0.7850 cls=0.5782 dfl=0.0033 mard=2.0068 lambda=0.0355 pseudo_boxes=41 avg_conf=0.8545 rasp_s=0.092 lr=8.55018e-05
[Epoch 016/060] batch 0460/0744 loss=5.7129 det=5.6482 box=0.9068 cls=0.6708 dfl=0.0028 mard=2.0445 lambda=0.0316 pseudo_boxes=33 avg_conf=0.8164 rasp_s=0.092 lr=8.55018e-05
[Epoch 016/060] batch 0480/0744 loss=6.7112 det=6.6437 box=1.1643 cls=0.6874 dfl=0.0031 mard=2.0313 lambda=0.0332 pseudo_boxes=52 avg_conf=0.8321 rasp_s=0.092 lr=8.55018e-05
[Epoch 016/060] batch 0500/0744 loss=5.8903 det=5.8184 box=0.9344 cls=0.8316 dfl=0.0033 mard=2.0330 lambda=0.0354 pseudo_boxes=26 avg_conf=0.8540 rasp_s=0.092 lr=8.55018e-05
[Epoch 016/060] batch 0520/0744 loss=6.1373 det=6.0698 box=1.0379 cls=0.6670 dfl=0.0044 mard=2.0003 lambda=0.0337 pseudo_boxes=46 avg_conf=0.8374 rasp_s=0.092 lr=8.55018e-05
[Epoch 016/060] batch 0540/0744 loss=9.4795 det=9.4189 box=1.4415 cls=1.4849 dfl=0.0053 mard=1.9858 lambda=0.0306 pseudo_boxes=41 avg_conf=0.8055 rasp_s=0.092 lr=8.55018e-05
[Epoch 016/060] batch 0560/0744 loss=7.6798 det=7.6104 box=1.2049 cls=1.1583 dfl=0.0039 mard=2.0204 lambda=0.0344 pseudo_boxes=50 avg_conf=0.8439 rasp_s=0.092 lr=8.55018e-05
[Epoch 016/060] batch 0580/0744 loss=4.4938 det=4.4180 box=0.7344 cls=0.4059 dfl=0.0027 mard=2.0274 lambda=0.0374 pseudo_boxes=32 avg_conf=0.8739 rasp_s=0.092 lr=8.55018e-05
[Epoch 016/060] batch 0600/0744 loss=11.2616 det=11.2097 box=1.6863 cls=1.9769 dfl=0.0043 mard=2.0002 lambda=0.0259 pseudo_boxes=66 avg_conf=0.7593 rasp_s=0.092 lr=8.55018e-05
[Epoch 016/060] batch 0620/0744 loss=5.4454 det=5.3684 box=0.7923 cls=0.6839 dfl=0.0032 mard=2.0166 lambda=0.0382 pseudo_boxes=37 avg_conf=0.8816 rasp_s=0.092 lr=8.55018e-05
[Epoch 016/060] batch 0640/0744 loss=5.8877 det=5.8153 box=0.9871 cls=0.5502 dfl=0.0050 mard=2.0161 lambda=0.0359 pseudo_boxes=33 avg_conf=0.8594 rasp_s=0.092 lr=8.55018e-05
[Epoch 016/060] batch 0660/0744 loss=8.2998 det=8.2351 box=1.2673 cls=1.1054 dfl=0.0066 mard=2.0474 lambda=0.0316 pseudo_boxes=46 avg_conf=0.8162 rasp_s=0.092 lr=8.55018e-05
[Epoch 016/060] batch 0680/0744 loss=5.1526 det=5.0807 box=0.8175 cls=0.5324 dfl=0.0039 mard=1.9917 lambda=0.0361 pseudo_boxes=48 avg_conf=0.8609 rasp_s=0.092 lr=8.55018e-05
[Epoch 016/060] batch 0700/0744 loss=6.6588 det=6.5924 box=1.0527 cls=0.9033 dfl=0.0033 mard=2.0334 lambda=0.0326 pseudo_boxes=43 avg_conf=0.8264 rasp_s=0.092 lr=8.55018e-05
[Epoch 016/060] batch 0720/0744 loss=5.2263 det=5.1592 box=1.0189 cls=0.9012 dfl=0.0033 mard=2.0053 lambda=0.0334 pseudo_boxes=29 avg_conf=0.8345 rasp_s=0.092 lr=8.55018e-05
[Epoch 016/060] batch 0740/0744 loss=7.1876 det=7.1202 box=1.1827 cls=0.7955 dfl=0.0044 mard=1.9972 lambda=0.0338 pseudo_boxes=38 avg_conf=0.8376 rasp_s=0.092 lr=8.55018e-05
[Epoch 016/060] batch 0744/0744 loss=4.1223 det=4.0577 box=0.9005 cls=0.4451 dfl=0.0036 mard=1.9854 lambda=0.0325 pseudo_boxes=17 avg_conf=0.8253 rasp_s=0.092 lr=8.55018e-05
[Epoch 016/060] done time=268.9s valid=744 skipped=0 pseudo_boxes=27937 loss=6.4943 det=6.4263 mard=2.0135 conf=0.8348 RASP(status=recovery_interval, s=0.092, new_packs=0, knee=0/0)
[Epoch 017/060] start
[Epoch 017/060] batch 0001/0744 loss=5.5911 det=5.5194 box=0.8720 cls=0.5810 dfl=0.0037 mard=2.0122 lambda=0.0356 pseudo_boxes=53 avg_conf=0.8563 rasp_s=0.092 lr=8.3622e-05
[Epoch 017/060] batch 0020/0744 loss=6.7124 det=6.6422 box=1.0601 cls=0.8894 dfl=0.0038 mard=2.0010 lambda=0.0351 pseudo_boxes=38 avg_conf=0.8510 rasp_s=0.092 lr=8.3622e-05
[Epoch 017/060] batch 0040/0744 loss=5.1501 det=5.0907 box=0.7819 cls=0.5254 dfl=0.0027 mard=1.9747 lambda=0.0301 pseudo_boxes=33 avg_conf=0.8008 rasp_s=0.092 lr=8.3622e-05
[Epoch 017/060] batch 0060/0744 loss=9.3271 det=9.2552 box=1.2631 cls=1.2777 dfl=0.0048 mard=2.0351 lambda=0.0353 pseudo_boxes=14 avg_conf=0.8534 rasp_s=0.092 lr=8.3622e-05
[Epoch 017/060] batch 0080/0744 loss=6.2408 det=6.1746 box=0.9264 cls=0.6944 dfl=0.0046 mard=1.9845 lambda=0.0334 pseudo_boxes=34 avg_conf=0.8335 rasp_s=0.092 lr=8.3622e-05
[Epoch 017/060] batch 0100/0744 loss=4.4529 det=4.3878 box=0.6965 cls=0.4991 dfl=0.0031 mard=2.0064 lambda=0.0325 pseudo_boxes=28 avg_conf=0.8245 rasp_s=0.092 lr=8.3622e-05
[Epoch 017/060] batch 0120/0744 loss=5.2655 det=5.1922 box=0.8755 cls=0.5524 dfl=0.0041 mard=1.9988 lambda=0.0367 pseudo_boxes=38 avg_conf=0.8666 rasp_s=0.092 lr=8.3622e-05
[Epoch 017/060] batch 0140/0744 loss=6.8984 det=6.8327 box=1.1032 cls=0.9270 dfl=0.0039 mard=1.9901 lambda=0.0330 pseudo_boxes=39 avg_conf=0.8298 rasp_s=0.092 lr=8.3622e-05
[Epoch 017/060] batch 0160/0744 loss=7.6604 det=7.5929 box=1.3395 cls=0.7912 dfl=0.0053 mard=1.9863 lambda=0.0340 pseudo_boxes=29 avg_conf=0.8400 rasp_s=0.092 lr=8.3622e-05
[Epoch 017/060] batch 0180/0744 loss=6.3207 det=6.2493 box=0.8011 cls=1.0432 dfl=0.0038 mard=2.0150 lambda=0.0355 pseudo_boxes=32 avg_conf=0.8547 rasp_s=0.092 lr=8.3622e-05
[Epoch 017/060] batch 0200/0744 loss=6.2092 det=6.1352 box=0.9781 cls=0.8116 dfl=0.0047 mard=2.0196 lambda=0.0367 pseudo_boxes=40 avg_conf=0.8667 rasp_s=0.092 lr=8.3622e-05
[Epoch 017/060] batch 0220/0744 loss=5.9219 det=5.8594 box=0.9763 cls=0.6703 dfl=0.0038 mard=1.9860 lambda=0.0315 pseudo_boxes=52 avg_conf=0.8145 rasp_s=0.092 lr=8.3622e-05
[Epoch 017/060] batch 0240/0744 loss=4.7381 det=4.6599 box=0.6728 cls=0.6366 dfl=0.0035 mard=2.0113 lambda=0.0389 pseudo_boxes=26 avg_conf=0.8889 rasp_s=0.092 lr=8.3622e-05
[Epoch 017/060] batch 0260/0744 loss=4.6794 det=4.6057 box=0.7061 cls=0.6523 dfl=0.0036 mard=2.0053 lambda=0.0368 pseudo_boxes=26 avg_conf=0.8676 rasp_s=0.092 lr=8.3622e-05
[Epoch 017/060] batch 0280/0744 loss=5.2487 det=5.1764 box=0.8453 cls=0.6497 dfl=0.0032 mard=2.0180 lambda=0.0358 pseudo_boxes=41 avg_conf=0.8581 rasp_s=0.092 lr=8.3622e-05
[Epoch 017/060] batch 0300/0744 loss=7.6006 det=7.5462 box=1.1955 cls=0.8501 dfl=0.0053 mard=2.0386 lambda=0.0267 pseudo_boxes=66 avg_conf=0.7668 rasp_s=0.092 lr=8.3622e-05
[Epoch 017/060] batch 0320/0744 loss=5.6268 det=5.5669 box=1.1739 cls=0.9555 dfl=0.0047 mard=2.0272 lambda=0.0295 pseudo_boxes=21 avg_conf=0.7951 rasp_s=0.092 lr=8.3622e-05
[Epoch 017/060] batch 0340/0744 loss=4.9925 det=4.9347 box=0.7866 cls=0.5964 dfl=0.0038 mard=2.0282 lambda=0.0285 pseudo_boxes=45 avg_conf=0.7851 rasp_s=0.092 lr=8.3622e-05
[Epoch 017/060] batch 0360/0744 loss=6.5138 det=6.4496 box=1.1294 cls=0.7845 dfl=0.0034 mard=2.0024 lambda=0.0321 pseudo_boxes=41 avg_conf=0.8207 rasp_s=0.092 lr=8.3622e-05
[Epoch 017/060] batch 0380/0744 loss=4.2562 det=4.1806 box=0.6703 cls=0.4440 dfl=0.0031 mard=1.9971 lambda=0.0378 pseudo_boxes=26 avg_conf=0.8784 rasp_s=0.092 lr=8.3622e-05
[Epoch 017/060] batch 0400/0744 loss=4.8085 det=4.7348 box=0.7464 cls=0.5343 dfl=0.0046 mard=2.0446 lambda=0.0360 pseudo_boxes=38 avg_conf=0.8603 rasp_s=0.092 lr=8.3622e-05
[Epoch 017/060] batch 0420/0744 loss=5.4725 det=5.4046 box=0.8454 cls=0.5446 dfl=0.0040 mard=2.0256 lambda=0.0335 pseudo_boxes=38 avg_conf=0.8352 rasp_s=0.092 lr=8.3622e-05
[Epoch 017/060] batch 0440/0744 loss=4.8929 det=4.8242 box=0.7844 cls=0.4960 dfl=0.0051 mard=2.0393 lambda=0.0337 pseudo_boxes=27 avg_conf=0.8369 rasp_s=0.092 lr=8.3622e-05
[Epoch 017/060] batch 0460/0744 loss=5.2504 det=5.1800 box=0.8820 cls=0.5448 dfl=0.0028 mard=2.0235 lambda=0.0348 pseudo_boxes=32 avg_conf=0.8477 rasp_s=0.092 lr=8.3622e-05
[Epoch 017/060] batch 0480/0744 loss=4.8414 det=4.7757 box=0.7552 cls=0.5011 dfl=0.0026 mard=1.9968 lambda=0.0329 pseudo_boxes=38 avg_conf=0.8288 rasp_s=0.092 lr=8.3622e-05
[Epoch 017/060] batch 0500/0744 loss=9.6512 det=9.5831 box=1.5693 cls=1.2773 dfl=0.0084 mard=2.0099 lambda=0.0339 pseudo_boxes=37 avg_conf=0.8387 rasp_s=0.092 lr=8.3622e-05
[Epoch 017/060] batch 0520/0744 loss=6.8850 det=6.8193 box=1.0175 cls=0.9212 dfl=0.0042 mard=2.0250 lambda=0.0324 pseudo_boxes=50 avg_conf=0.8242 rasp_s=0.092 lr=8.3622e-05
[Epoch 017/060] batch 0540/0744 loss=7.4548 det=7.3950 box=1.2219 cls=0.8046 dfl=0.0035 mard=2.0359 lambda=0.0294 pseudo_boxes=57 avg_conf=0.7936 rasp_s=0.092 lr=8.3622e-05
[Epoch 017/060] batch 0560/0744 loss=3.9485 det=3.8690 box=0.6340 cls=0.3699 dfl=0.0040 mard=2.0430 lambda=0.0389 pseudo_boxes=29 avg_conf=0.8890 rasp_s=0.092 lr=8.3622e-05
[Epoch 017/060] batch 0580/0744 loss=5.4647 det=5.3949 box=0.7998 cls=0.7928 dfl=0.0044 mard=2.0082 lambda=0.0347 pseudo_boxes=35 avg_conf=0.8474 rasp_s=0.092 lr=8.3622e-05
[Epoch 017/060] batch 0600/0744 loss=5.5980 det=5.5386 box=0.8931 cls=0.6141 dfl=0.0033 mard=1.9834 lambda=0.0299 pseudo_boxes=47 avg_conf=0.7994 rasp_s=0.092 lr=8.3622e-05
[Epoch 017/060] batch 0620/0744 loss=6.8486 det=6.7823 box=1.0848 cls=0.8752 dfl=0.0041 mard=2.0076 lambda=0.0330 pseudo_boxes=49 avg_conf=0.8300 rasp_s=0.092 lr=8.3622e-05
[Epoch 017/060] batch 0640/0744 loss=7.2571 det=7.1784 box=1.0003 cls=1.0434 dfl=0.0050 mard=2.0418 lambda=0.0385 pseudo_boxes=26 avg_conf=0.8852 rasp_s=0.092 lr=8.3622e-05
[Epoch 017/060] batch 0660/0744 loss=7.0480 det=6.9709 box=0.8677 cls=1.2019 dfl=0.0032 mard=1.9932 lambda=0.0387 pseudo_boxes=17 avg_conf=0.8867 rasp_s=0.092 lr=8.3622e-05
[Epoch 017/060] batch 0680/0744 loss=4.3487 det=4.2740 box=0.6225 cls=0.5350 dfl=0.0021 mard=1.9968 lambda=0.0374 pseudo_boxes=20 avg_conf=0.8742 rasp_s=0.092 lr=8.3622e-05
[Epoch 017/060] batch 0700/0744 loss=4.8136 det=4.7417 box=0.7981 cls=0.5444 dfl=0.0030 mard=2.0440 lambda=0.0352 pseudo_boxes=40 avg_conf=0.8518 rasp_s=0.092 lr=8.3622e-05
[Epoch 017/060] batch 0720/0744 loss=6.9020 det=6.8337 box=1.1190 cls=0.7459 dfl=0.0039 mard=2.0167 lambda=0.0339 pseudo_boxes=45 avg_conf=0.8387 rasp_s=0.092 lr=8.3622e-05
[Epoch 017/060] batch 0740/0744 loss=6.0239 det=5.9558 box=0.9528 cls=0.5791 dfl=0.0038 mard=2.0032 lambda=0.0340 pseudo_boxes=49 avg_conf=0.8400 rasp_s=0.092 lr=8.3622e-05
[Epoch 017/060] batch 0744/0744 loss=4.1000 det=4.0314 box=0.7804 cls=0.6883 dfl=0.0045 mard=2.0154 lambda=0.0340 pseudo_boxes=45 avg_conf=0.8400 rasp_s=0.092 lr=8.3622e-05
[Epoch 017/060] done time=269.3s valid=744 skipped=0 pseudo_boxes=28009 loss=6.4855 det=6.4177 mard=2.0117 conf=0.8345 RASP(status=recovery_interval, s=0.092, new_packs=0, knee=0/0)
[Epoch 018/060] start
[Epoch 018/060] batch 0001/0744 loss=8.5078 det=8.4358 box=1.2723 cls=0.9972 dfl=0.0058 mard=2.0173 lambda=0.0357 pseudo_boxes=31 avg_conf=0.8573 rasp_s=0.092 lr=8.16514e-05
[Epoch 018/060] batch 0020/0744 loss=7.2286 det=7.1633 box=1.1322 cls=0.8221 dfl=0.0050 mard=2.0194 lambda=0.0324 pseudo_boxes=54 avg_conf=0.8238 rasp_s=0.092 lr=8.16514e-05
[Epoch 018/060] batch 0040/0744 loss=8.7959 det=8.7297 box=1.3816 cls=1.0411 dfl=0.0063 mard=2.0153 lambda=0.0328 pseudo_boxes=20 avg_conf=0.8282 rasp_s=0.092 lr=8.16514e-05
[Epoch 018/060] batch 0060/0744 loss=7.1434 det=7.0817 box=1.2437 cls=0.8612 dfl=0.0041 mard=2.0227 lambda=0.0305 pseudo_boxes=37 avg_conf=0.8048 rasp_s=0.092 lr=8.16514e-05
[Epoch 018/060] batch 0080/0744 loss=4.3540 det=4.2772 box=0.9647 cls=0.7185 dfl=0.0035 mard=1.9926 lambda=0.0385 pseudo_boxes=28 avg_conf=0.8852 rasp_s=0.092 lr=8.16514e-05
[Epoch 018/060] batch 0100/0744 loss=7.1186 det=7.0597 box=1.0143 cls=0.8882 dfl=0.0058 mard=2.0182 lambda=0.0292 pseudo_boxes=25 avg_conf=0.7918 rasp_s=0.092 lr=8.16514e-05
[Epoch 018/060] batch 0120/0744 loss=6.7166 det=6.6460 box=1.0455 cls=0.8253 dfl=0.0052 mard=1.9925 lambda=0.0354 pseudo_boxes=27 avg_conf=0.8541 rasp_s=0.092 lr=8.16514e-05
[Epoch 018/060] batch 0140/0744 loss=6.8850 det=6.8200 box=1.0277 cls=0.8637 dfl=0.0036 mard=2.0119 lambda=0.0323 pseudo_boxes=36 avg_conf=0.8229 rasp_s=0.092 lr=8.16514e-05
[Epoch 018/060] batch 0160/0744 loss=6.6371 det=6.5692 box=1.0410 cls=0.7345 dfl=0.0043 mard=2.0009 lambda=0.0340 pseudo_boxes=41 avg_conf=0.8395 rasp_s=0.092 lr=8.16514e-05
[Epoch 018/060] batch 0180/0744 loss=5.7990 det=5.7353 box=0.9829 cls=0.5539 dfl=0.0050 mard=1.9995 lambda=0.0319 pseudo_boxes=37 avg_conf=0.8188 rasp_s=0.092 lr=8.16514e-05
[Epoch 018/060] batch 0200/0744 loss=5.9030 det=5.8354 box=0.9770 cls=0.6138 dfl=0.0031 mard=2.0132 lambda=0.0335 pseudo_boxes=31 avg_conf=0.8354 rasp_s=0.092 lr=8.16514e-05
[Epoch 018/060] batch 0220/0744 loss=6.3703 det=6.3022 box=0.9797 cls=0.7510 dfl=0.0045 mard=1.9833 lambda=0.0343 pseudo_boxes=55 avg_conf=0.8434 rasp_s=0.092 lr=8.16514e-05
[Epoch 018/060] batch 0240/0744 loss=6.0763 det=6.0155 box=0.9299 cls=0.7242 dfl=0.0032 mard=2.0114 lambda=0.0303 pseudo_boxes=37 avg_conf=0.8027 rasp_s=0.092 lr=8.16514e-05
[Epoch 018/060] batch 0260/0744 loss=6.8813 det=6.8142 box=1.0934 cls=0.8196 dfl=0.0035 mard=2.0030 lambda=0.0335 pseudo_boxes=41 avg_conf=0.8350 rasp_s=0.092 lr=8.16514e-05
[Epoch 018/060] batch 0280/0744 loss=4.3457 det=4.2743 box=0.6635 cls=0.4835 dfl=0.0034 mard=2.0233 lambda=0.0353 pseudo_boxes=41 avg_conf=0.8527 rasp_s=0.092 lr=8.16514e-05
[Epoch 018/060] batch 0300/0744 loss=4.8372 det=4.7739 box=0.7369 cls=0.6923 dfl=0.0033 mard=2.0170 lambda=0.0314 pseudo_boxes=32 avg_conf=0.8136 rasp_s=0.092 lr=8.16514e-05
[Epoch 018/060] batch 0320/0744 loss=6.5608 det=6.4887 box=1.1191 cls=0.5211 dfl=0.0062 mard=2.0357 lambda=0.0354 pseudo_boxes=46 avg_conf=0.8542 rasp_s=0.092 lr=8.16514e-05
[Epoch 018/060] batch 0340/0744 loss=5.8473 det=5.7738 box=0.9107 cls=0.6068 dfl=0.0054 mard=2.0233 lambda=0.0363 pseudo_boxes=24 avg_conf=0.8633 rasp_s=0.092 lr=8.16514e-05
[Epoch 018/060] batch 0360/0744 loss=5.0416 det=4.9662 box=0.7525 cls=0.5649 dfl=0.0028 mard=2.0246 lambda=0.0372 pseudo_boxes=28 avg_conf=0.8722 rasp_s=0.092 lr=8.16514e-05
[Epoch 018/060] batch 0380/0744 loss=7.9570 det=7.8830 box=1.2688 cls=0.8324 dfl=0.0047 mard=2.0094 lambda=0.0368 pseudo_boxes=23 avg_conf=0.8683 rasp_s=0.092 lr=8.16514e-05
[Epoch 018/060] batch 0400/0744 loss=4.7576 det=4.6838 box=0.9931 cls=0.6773 dfl=0.0041 mard=2.0057 lambda=0.0368 pseudo_boxes=13 avg_conf=0.8677 rasp_s=0.092 lr=8.16514e-05
[Epoch 018/060] batch 0420/0744 loss=7.6020 det=7.5343 box=1.1554 cls=1.0353 dfl=0.0051 mard=2.0092 lambda=0.0337 pseudo_boxes=28 avg_conf=0.8370 rasp_s=0.092 lr=8.16514e-05
[Epoch 018/060] batch 0440/0744 loss=5.7894 det=5.7191 box=0.8596 cls=0.7525 dfl=0.0028 mard=2.0238 lambda=0.0348 pseudo_boxes=34 avg_conf=0.8475 rasp_s=0.092 lr=8.16514e-05
[Epoch 018/060] batch 0460/0744 loss=4.7614 det=4.6876 box=0.7570 cls=0.4734 dfl=0.0031 mard=2.0266 lambda=0.0364 pseudo_boxes=31 avg_conf=0.8642 rasp_s=0.092 lr=8.16514e-05
[Epoch 018/060] batch 0480/0744 loss=8.5207 det=8.4554 box=1.2568 cls=1.2510 dfl=0.0059 mard=2.0205 lambda=0.0323 pseudo_boxes=40 avg_conf=0.8230 rasp_s=0.092 lr=8.16514e-05
[Epoch 018/060] batch 0500/0744 loss=3.5880 det=3.5190 box=0.7508 cls=0.5735 dfl=0.0033 mard=1.9836 lambda=0.0348 pseudo_boxes=37 avg_conf=0.8477 rasp_s=0.092 lr=8.16514e-05
[Epoch 018/060] batch 0520/0744 loss=7.1298 det=7.0610 box=1.1594 cls=0.8085 dfl=0.0059 mard=2.0218 lambda=0.0341 pseudo_boxes=26 avg_conf=0.8406 rasp_s=0.092 lr=8.16514e-05
[Epoch 018/060] batch 0540/0744 loss=5.6511 det=5.5871 box=0.9198 cls=0.5821 dfl=0.0038 mard=1.9842 lambda=0.0323 pseudo_boxes=37 avg_conf=0.8225 rasp_s=0.092 lr=8.16514e-05
[Epoch 018/060] batch 0560/0744 loss=6.8754 det=6.8131 box=1.0169 cls=1.0594 dfl=0.0038 mard=2.0046 lambda=0.0311 pseudo_boxes=29 avg_conf=0.8109 rasp_s=0.092 lr=8.16514e-05
[Epoch 018/060] batch 0580/0744 loss=7.9165 det=7.8510 box=1.2531 cls=0.9828 dfl=0.0059 mard=1.9979 lambda=0.0328 pseudo_boxes=47 avg_conf=0.8279 rasp_s=0.092 lr=8.16514e-05
[Epoch 018/060] batch 0600/0744 loss=3.6416 det=3.5690 box=0.7666 cls=0.4960 dfl=0.0033 mard=2.0037 lambda=0.0362 pseudo_boxes=29 avg_conf=0.8624 rasp_s=0.092 lr=8.16514e-05
[Epoch 018/060] batch 0620/0744 loss=5.1238 det=5.0581 box=0.7257 cls=0.5616 dfl=0.0025 mard=1.9970 lambda=0.0329 pseudo_boxes=64 avg_conf=0.8287 rasp_s=0.092 lr=8.16514e-05
[Epoch 018/060] batch 0640/0744 loss=7.9475 det=7.8833 box=1.2445 cls=0.9621 dfl=0.0054 mard=2.0003 lambda=0.0321 pseudo_boxes=72 avg_conf=0.8209 rasp_s=0.092 lr=8.16514e-05
[Epoch 018/060] batch 0660/0744 loss=5.2717 det=5.2018 box=0.7687 cls=0.5521 dfl=0.0051 mard=2.0257 lambda=0.0345 pseudo_boxes=44 avg_conf=0.8452 rasp_s=0.092 lr=8.16514e-05
[Epoch 018/060] batch 0680/0744 loss=7.2777 det=7.2183 box=1.2277 cls=0.7802 dfl=0.0072 mard=2.0158 lambda=0.0295 pseudo_boxes=39 avg_conf=0.7946 rasp_s=0.092 lr=8.16514e-05
[Epoch 018/060] batch 0700/0744 loss=8.3371 det=8.2714 box=1.2582 cls=1.1670 dfl=0.0049 mard=2.0087 lambda=0.0327 pseudo_boxes=42 avg_conf=0.8266 rasp_s=0.092 lr=8.16514e-05
[Epoch 018/060] batch 0720/0744 loss=5.4316 det=5.3604 box=0.8796 cls=0.6846 dfl=0.0031 mard=2.0018 lambda=0.0356 pseudo_boxes=44 avg_conf=0.8556 rasp_s=0.092 lr=8.16514e-05
[Epoch 018/060] batch 0740/0744 loss=5.8426 det=5.7740 box=0.9368 cls=0.5642 dfl=0.0031 mard=2.0003 lambda=0.0343 pseudo_boxes=42 avg_conf=0.8432 rasp_s=0.092 lr=8.16514e-05
[Epoch 018/060] batch 0744/0744 loss=6.7067 det=6.6278 box=1.0542 cls=1.2935 dfl=0.0072 mard=2.0112 lambda=0.0392 pseudo_boxes=13 avg_conf=0.8922 rasp_s=0.092 lr=8.16514e-05
[Epoch 018/060] done time=269.8s valid=744 skipped=0 pseudo_boxes=27972 loss=6.4607 det=6.3928 mard=2.0114 conf=0.8348 RASP(status=pruned, s=0.147, new_packs=10, knee=11/22)
[Epoch 019/060] start
[Epoch 019/060] batch 0001/0744 loss=4.6433 det=4.5769 box=0.6233 cls=0.4871 dfl=0.0030 mard=2.0108 lambda=0.0331 pseudo_boxes=23 avg_conf=0.8305 rasp_s=0.147 lr=7.95954e-05
[Epoch 019/060] batch 0020/0744 loss=7.2554 det=7.1859 box=1.1191 cls=0.9172 dfl=0.0047 mard=2.0275 lambda=0.0342 pseudo_boxes=23 avg_conf=0.8424 rasp_s=0.147 lr=7.95954e-05
[Epoch 019/060] batch 0040/0744 loss=8.7285 det=8.6650 box=1.3314 cls=1.1780 dfl=0.0039 mard=2.0367 lambda=0.0312 pseudo_boxes=43 avg_conf=0.8117 rasp_s=0.147 lr=7.95954e-05
[Epoch 019/060] batch 0060/0744 loss=5.7565 det=5.6887 box=0.8809 cls=0.7481 dfl=0.0039 mard=2.0063 lambda=0.0338 pseudo_boxes=34 avg_conf=0.8379 rasp_s=0.147 lr=7.95954e-05
[Epoch 019/060] batch 0080/0744 loss=6.3312 det=6.2612 box=1.0462 cls=0.7062 dfl=0.0036 mard=2.0172 lambda=0.0347 pseudo_boxes=34 avg_conf=0.8469 rasp_s=0.147 lr=7.95954e-05
[Epoch 019/060] batch 0100/0744 loss=9.1416 det=9.0757 box=1.3652 cls=1.0512 dfl=0.0046 mard=2.0030 lambda=0.0329 pseudo_boxes=47 avg_conf=0.8290 rasp_s=0.147 lr=7.95954e-05
[Epoch 019/060] batch 0120/0744 loss=6.1302 det=6.0688 box=0.9333 cls=0.8444 dfl=0.0027 mard=2.0282 lambda=0.0303 pseudo_boxes=54 avg_conf=0.8026 rasp_s=0.147 lr=7.95954e-05
[Epoch 019/060] batch 0140/0744 loss=6.7072 det=6.6408 box=1.0225 cls=0.7445 dfl=0.0043 mard=2.0016 lambda=0.0331 pseudo_boxes=50 avg_conf=0.8314 rasp_s=0.147 lr=7.95954e-05
[Epoch 019/060] batch 0160/0744 loss=6.2438 det=6.1754 box=1.0157 cls=0.7207 dfl=0.0036 mard=2.0234 lambda=0.0338 pseudo_boxes=51 avg_conf=0.8382 rasp_s=0.147 lr=7.95954e-05
[Epoch 019/060] batch 0180/0744 loss=4.3015 det=4.2251 box=0.7152 cls=0.4076 dfl=0.0042 mard=2.0355 lambda=0.0376 pseudo_boxes=33 avg_conf=0.8756 rasp_s=0.147 lr=7.95954e-05
[Epoch 019/060] batch 0200/0744 loss=6.0846 det=6.0101 box=0.8722 cls=0.7873 dfl=0.0035 mard=2.0452 lambda=0.0364 pseudo_boxes=34 avg_conf=0.8641 rasp_s=0.147 lr=7.95954e-05
[Epoch 019/060] batch 0220/0744 loss=11.2819 det=11.2234 box=1.5259 cls=1.7084 dfl=0.0098 mard=2.0301 lambda=0.0288 pseudo_boxes=42 avg_conf=0.7879 rasp_s=0.147 lr=7.95954e-05
[Epoch 019/060] batch 0240/0744 loss=7.4115 det=7.3440 box=1.1176 cls=0.9712 dfl=0.0050 mard=2.0029 lambda=0.0337 pseudo_boxes=43 avg_conf=0.8369 rasp_s=0.147 lr=7.95954e-05
[Epoch 019/060] batch 0260/0744 loss=8.8382 det=8.7744 box=1.4229 cls=1.0742 dfl=0.0061 mard=2.0078 lambda=0.0318 pseudo_boxes=28 avg_conf=0.8178 rasp_s=0.147 lr=7.95954e-05
[Epoch 019/060] batch 0280/0744 loss=5.0517 det=4.9867 box=0.7556 cls=0.5814 dfl=0.0023 mard=1.9966 lambda=0.0325 pseudo_boxes=35 avg_conf=0.8255 rasp_s=0.147 lr=7.95954e-05
[Epoch 019/060] batch 0300/0744 loss=3.3128 det=3.2332 box=0.5132 cls=0.2884 dfl=0.0023 mard=1.9984 lambda=0.0398 pseudo_boxes=27 avg_conf=0.8984 rasp_s=0.147 lr=7.95954e-05
[Epoch 019/060] batch 0320/0744 loss=5.1959 det=5.1215 box=0.7980 cls=0.6467 dfl=0.0035 mard=2.0162 lambda=0.0369 pseudo_boxes=38 avg_conf=0.8691 rasp_s=0.147 lr=7.95954e-05
[Epoch 019/060] batch 0340/0744 loss=5.2818 det=5.2118 box=0.8966 cls=0.5116 dfl=0.0035 mard=1.9897 lambda=0.0352 pseudo_boxes=43 avg_conf=0.8519 rasp_s=0.147 lr=7.95954e-05
[Epoch 019/060] batch 0360/0744 loss=5.5178 det=5.4396 box=0.8748 cls=0.6631 dfl=0.0034 mard=2.0472 lambda=0.0382 pseudo_boxes=44 avg_conf=0.8823 rasp_s=0.147 lr=7.95954e-05
[Epoch 019/060] batch 0380/0744 loss=7.1474 det=7.0808 box=1.1580 cls=0.7987 dfl=0.0058 mard=2.0185 lambda=0.0330 pseudo_boxes=29 avg_conf=0.8296 rasp_s=0.147 lr=7.95954e-05
[Epoch 019/060] batch 0400/0744 loss=8.3951 det=8.3227 box=1.2274 cls=1.1578 dfl=0.0051 mard=2.0295 lambda=0.0357 pseudo_boxes=49 avg_conf=0.8566 rasp_s=0.147 lr=7.95954e-05
[Epoch 019/060] batch 0420/0744 loss=6.2182 det=6.1521 box=0.8640 cls=0.7530 dfl=0.0039 mard=1.9948 lambda=0.0331 pseudo_boxes=35 avg_conf=0.8313 rasp_s=0.147 lr=7.95954e-05
[Epoch 019/060] batch 0440/0744 loss=5.1424 det=5.0748 box=0.7618 cls=0.7244 dfl=0.0030 mard=2.0043 lambda=0.0337 pseudo_boxes=45 avg_conf=0.8371 rasp_s=0.147 lr=7.95954e-05
[Epoch 019/060] batch 0460/0744 loss=9.6295 det=9.5719 box=1.3383 cls=1.3585 dfl=0.0067 mard=2.0219 lambda=0.0285 pseudo_boxes=32 avg_conf=0.7846 rasp_s=0.147 lr=7.95954e-05
[Epoch 019/060] batch 0480/0744 loss=4.8058 det=4.7335 box=0.7571 cls=0.5141 dfl=0.0028 mard=2.0194 lambda=0.0358 pseudo_boxes=51 avg_conf=0.8580 rasp_s=0.147 lr=7.95954e-05
[Epoch 019/060] batch 0500/0744 loss=5.5474 det=5.4861 box=0.8167 cls=0.6554 dfl=0.0038 mard=2.0151 lambda=0.0304 pseudo_boxes=62 avg_conf=0.8042 rasp_s=0.147 lr=7.95954e-05
[Epoch 019/060] batch 0520/0744 loss=8.2951 det=8.2322 box=1.2444 cls=1.0390 dfl=0.0045 mard=2.0187 lambda=0.0311 pseudo_boxes=35 avg_conf=0.8114 rasp_s=0.147 lr=7.95954e-05
[Epoch 019/060] batch 0540/0744 loss=6.4997 det=6.4414 box=0.9550 cls=0.7599 dfl=0.0027 mard=1.9862 lambda=0.0293 pseudo_boxes=30 avg_conf=0.7932 rasp_s=0.147 lr=7.95954e-05
[Epoch 019/060] batch 0560/0744 loss=7.6185 det=7.5477 box=1.2226 cls=0.7903 dfl=0.0046 mard=2.0232 lambda=0.0350 pseudo_boxes=36 avg_conf=0.8502 rasp_s=0.147 lr=7.95954e-05
[Epoch 019/060] batch 0580/0744 loss=7.6153 det=7.5475 box=1.1562 cls=0.9448 dfl=0.0068 mard=2.0181 lambda=0.0336 pseudo_boxes=36 avg_conf=0.8363 rasp_s=0.147 lr=7.95954e-05
[Epoch 019/060] batch 0600/0744 loss=8.5399 det=8.4733 box=1.1680 cls=1.3518 dfl=0.0072 mard=2.0164 lambda=0.0330 pseudo_boxes=41 avg_conf=0.8304 rasp_s=0.147 lr=7.95954e-05
[Epoch 019/060] batch 0620/0744 loss=6.6183 det=6.5534 box=1.0476 cls=0.8257 dfl=0.0041 mard=2.0416 lambda=0.0318 pseudo_boxes=39 avg_conf=0.8182 rasp_s=0.147 lr=7.95954e-05
[Epoch 019/060] batch 0640/0744 loss=4.5404 det=4.4703 box=0.6984 cls=0.5029 dfl=0.0035 mard=1.9987 lambda=0.0351 pseudo_boxes=41 avg_conf=0.8508 rasp_s=0.147 lr=7.95954e-05
[Epoch 019/060] batch 0660/0744 loss=7.1732 det=7.1062 box=1.0381 cls=0.9637 dfl=0.0068 mard=2.0312 lambda=0.0330 pseudo_boxes=27 avg_conf=0.8296 rasp_s=0.147 lr=7.95954e-05
[Epoch 019/060] batch 0680/0744 loss=6.0265 det=5.9648 box=0.9010 cls=0.7728 dfl=0.0030 mard=2.0268 lambda=0.0305 pseudo_boxes=37 avg_conf=0.8048 rasp_s=0.147 lr=7.95954e-05
[Epoch 019/060] batch 0700/0744 loss=5.8368 det=5.7688 box=0.8678 cls=0.6508 dfl=0.0045 mard=2.0007 lambda=0.0340 pseudo_boxes=46 avg_conf=0.8397 rasp_s=0.147 lr=7.95954e-05
[Epoch 019/060] batch 0720/0744 loss=6.3395 det=6.2692 box=0.9739 cls=0.8735 dfl=0.0040 mard=2.0253 lambda=0.0347 pseudo_boxes=42 avg_conf=0.8472 rasp_s=0.147 lr=7.95954e-05
[Epoch 019/060] batch 0740/0744 loss=5.7205 det=5.6532 box=0.8961 cls=0.5989 dfl=0.0028 mard=1.9976 lambda=0.0337 pseudo_boxes=39 avg_conf=0.8370 rasp_s=0.147 lr=7.95954e-05
[Epoch 019/060] batch 0744/0744 loss=4.4024 det=4.3309 box=0.7818 cls=0.7166 dfl=0.0033 mard=2.0297 lambda=0.0352 pseudo_boxes=14 avg_conf=0.8524 rasp_s=0.147 lr=7.95954e-05
[Epoch 019/060] done time=269.3s valid=744 skipped=0 pseudo_boxes=27891 loss=6.4081 det=6.3402 mard=2.0133 conf=0.8350 RASP(status=recovery_interval, s=0.147, new_packs=0, knee=0/0)
[Epoch 020/060] start
[Epoch 020/060] batch 0001/0744 loss=6.5399 det=6.4761 box=0.9772 cls=0.8175 dfl=0.0045 mard=2.0389 lambda=0.0313 pseudo_boxes=39 avg_conf=0.8131 rasp_s=0.147 lr=7.74596e-05
[Epoch 020/060] batch 0020/0744 loss=4.7732 det=4.7018 box=0.6871 cls=0.6352 dfl=0.0028 mard=2.0144 lambda=0.0354 pseudo_boxes=20 avg_conf=0.8544 rasp_s=0.147 lr=7.74596e-05
[Epoch 020/060] batch 0040/0744 loss=6.9859 det=6.9180 box=0.9604 cls=1.0071 dfl=0.0032 mard=2.0117 lambda=0.0338 pseudo_boxes=39 avg_conf=0.8377 rasp_s=0.147 lr=7.74596e-05
[Epoch 020/060] batch 0060/0744 loss=5.1495 det=5.0816 box=0.8144 cls=0.5188 dfl=0.0034 mard=2.0047 lambda=0.0339 pseudo_boxes=47 avg_conf=0.8387 rasp_s=0.147 lr=7.74596e-05
[Epoch 020/060] batch 0080/0744 loss=6.6452 det=6.5867 box=1.0167 cls=0.7204 dfl=0.0034 mard=2.0296 lambda=0.0288 pseudo_boxes=63 avg_conf=0.7882 rasp_s=0.147 lr=7.74596e-05
[Epoch 020/060] batch 0100/0744 loss=8.7884 det=8.7247 box=1.1480 cls=1.5582 dfl=0.0040 mard=2.0085 lambda=0.0317 pseudo_boxes=21 avg_conf=0.8175 rasp_s=0.147 lr=7.74596e-05
[Epoch 020/060] batch 0120/0744 loss=6.4752 det=6.4095 box=0.9936 cls=0.6796 dfl=0.0030 mard=2.0063 lambda=0.0327 pseudo_boxes=40 avg_conf=0.8273 rasp_s=0.147 lr=7.74596e-05
[Epoch 020/060] batch 0140/0744 loss=10.7084 det=10.6477 box=1.5244 cls=1.8311 dfl=0.0051 mard=2.0463 lambda=0.0297 pseudo_boxes=27 avg_conf=0.7969 rasp_s=0.147 lr=7.74596e-05
[Epoch 020/060] batch 0160/0744 loss=7.2086 det=7.1376 box=1.0932 cls=0.7947 dfl=0.0048 mard=2.0141 lambda=0.0352 pseudo_boxes=40 avg_conf=0.8521 rasp_s=0.147 lr=7.74596e-05
[Epoch 020/060] batch 0180/0744 loss=6.5448 det=6.4806 box=0.9397 cls=0.8967 dfl=0.0040 mard=2.0127 lambda=0.0319 pseudo_boxes=45 avg_conf=0.8193 rasp_s=0.147 lr=7.74596e-05
[Epoch 020/060] batch 0200/0744 loss=5.7266 det=5.6631 box=0.8989 cls=0.6310 dfl=0.0043 mard=2.0024 lambda=0.0318 pseudo_boxes=44 avg_conf=0.8176 rasp_s=0.147 lr=7.74596e-05
[Epoch 020/060] batch 0220/0744 loss=5.4331 det=5.3692 box=0.8484 cls=0.5961 dfl=0.0035 mard=1.9913 lambda=0.0321 pseudo_boxes=63 avg_conf=0.8209 rasp_s=0.147 lr=7.74596e-05
[Epoch 020/060] batch 0240/0744 loss=5.7758 det=5.7105 box=0.9110 cls=0.6279 dfl=0.0040 mard=2.0322 lambda=0.0321 pseudo_boxes=64 avg_conf=0.8212 rasp_s=0.147 lr=7.74596e-05
[Epoch 020/060] batch 0260/0744 loss=7.7243 det=7.6630 box=1.2387 cls=0.8608 dfl=0.0057 mard=2.0054 lambda=0.0305 pseudo_boxes=42 avg_conf=0.8055 rasp_s=0.147 lr=7.74596e-05
[Epoch 020/060] batch 0280/0744 loss=8.0508 det=7.9900 box=1.1340 cls=1.0728 dfl=0.0036 mard=2.0342 lambda=0.0299 pseudo_boxes=24 avg_conf=0.7992 rasp_s=0.147 lr=7.74596e-05
[Epoch 020/060] batch 0300/0744 loss=5.6050 det=5.5360 box=0.8451 cls=0.6243 dfl=0.0031 mard=2.0108 lambda=0.0343 pseudo_boxes=54 avg_conf=0.8433 rasp_s=0.147 lr=7.74596e-05
[Epoch 020/060] batch 0320/0744 loss=6.6192 det=6.5566 box=0.9816 cls=0.8792 dfl=0.0044 mard=2.0098 lambda=0.0312 pseudo_boxes=34 avg_conf=0.8116 rasp_s=0.147 lr=7.74596e-05
[Epoch 020/060] batch 0340/0744 loss=5.5715 det=5.5059 box=0.8383 cls=0.6618 dfl=0.0042 mard=2.0255 lambda=0.0324 pseudo_boxes=37 avg_conf=0.8239 rasp_s=0.147 lr=7.74596e-05
[Epoch 020/060] batch 0360/0744 loss=9.3192 det=9.2580 box=1.4125 cls=1.3102 dfl=0.0033 mard=2.0310 lambda=0.0301 pseudo_boxes=41 avg_conf=0.8010 rasp_s=0.147 lr=7.74596e-05
[Epoch 020/060] batch 0380/0744 loss=8.0404 det=7.9694 box=1.1819 cls=0.9159 dfl=0.0047 mard=2.0366 lambda=0.0349 pseudo_boxes=39 avg_conf=0.8487 rasp_s=0.147 lr=7.74596e-05
[Epoch 020/060] batch 0400/0744 loss=5.7894 det=5.7168 box=0.8154 cls=0.7388 dfl=0.0055 mard=2.0270 lambda=0.0358 pseudo_boxes=42 avg_conf=0.8579 rasp_s=0.147 lr=7.74596e-05
[Epoch 020/060] batch 0420/0744 loss=6.8496 det=6.7818 box=1.0266 cls=0.7698 dfl=0.0042 mard=2.0499 lambda=0.0331 pseudo_boxes=46 avg_conf=0.8311 rasp_s=0.147 lr=7.74596e-05
[Epoch 020/060] batch 0440/0744 loss=5.0071 det=4.9335 box=0.7693 cls=0.5230 dfl=0.0026 mard=2.0056 lambda=0.0367 pseudo_boxes=26 avg_conf=0.8668 rasp_s=0.147 lr=7.74596e-05
[Epoch 020/060] batch 0460/0744 loss=7.0755 det=7.0047 box=1.1747 cls=0.6880 dfl=0.0049 mard=2.0055 lambda=0.0353 pseudo_boxes=20 avg_conf=0.8528 rasp_s=0.147 lr=7.74596e-05
[Epoch 020/060] batch 0480/0744 loss=6.1225 det=6.0519 box=0.9326 cls=0.8213 dfl=0.0044 mard=2.0066 lambda=0.0352 pseudo_boxes=47 avg_conf=0.8518 rasp_s=0.147 lr=7.74596e-05
[Epoch 020/060] batch 0500/0744 loss=6.4988 det=6.4334 box=1.0795 cls=0.8597 dfl=0.0049 mard=2.0257 lambda=0.0323 pseudo_boxes=30 avg_conf=0.8227 rasp_s=0.147 lr=7.74596e-05
[Epoch 020/060] batch 0520/0744 loss=6.2439 det=6.1765 box=0.9009 cls=0.8113 dfl=0.0035 mard=2.0170 lambda=0.0334 pseudo_boxes=34 avg_conf=0.8341 rasp_s=0.147 lr=7.74596e-05
[Epoch 020/060] batch 0540/0744 loss=5.6861 det=5.6167 box=0.9206 cls=0.6676 dfl=0.0029 mard=1.9979 lambda=0.0347 pseudo_boxes=55 avg_conf=0.8471 rasp_s=0.147 lr=7.74596e-05
[Epoch 020/060] batch 0560/0744 loss=7.7898 det=7.7241 box=1.1450 cls=0.9224 dfl=0.0039 mard=2.0127 lambda=0.0326 pseudo_boxes=46 avg_conf=0.8263 rasp_s=0.147 lr=7.74596e-05
[Epoch 020/060] batch 0580/0744 loss=7.5305 det=7.4595 box=1.1748 cls=0.8523 dfl=0.0037 mard=2.0109 lambda=0.0353 pseudo_boxes=38 avg_conf=0.8533 rasp_s=0.147 lr=7.74596e-05
[Epoch 020/060] batch 0600/0744 loss=5.9322 det=5.8659 box=0.8338 cls=0.7944 dfl=0.0029 mard=1.9817 lambda=0.0334 pseudo_boxes=31 avg_conf=0.8344 rasp_s=0.147 lr=7.74596e-05
[Epoch 020/060] batch 0620/0744 loss=3.9228 det=3.8566 box=0.8378 cls=0.4888 dfl=0.0025 mard=2.0222 lambda=0.0328 pseudo_boxes=28 avg_conf=0.8275 rasp_s=0.147 lr=7.74596e-05
[Epoch 020/060] batch 0640/0744 loss=5.7329 det=5.6597 box=0.8254 cls=0.7196 dfl=0.0032 mard=2.0189 lambda=0.0363 pseudo_boxes=28 avg_conf=0.8625 rasp_s=0.147 lr=7.74596e-05
[Epoch 020/060] batch 0660/0744 loss=7.7748 det=7.6990 box=1.1794 cls=0.9692 dfl=0.0070 mard=2.0025 lambda=0.0379 pseudo_boxes=39 avg_conf=0.8786 rasp_s=0.147 lr=7.74596e-05
[Epoch 020/060] batch 0680/0744 loss=8.4670 det=8.3968 box=1.3012 cls=1.0710 dfl=0.0050 mard=2.0093 lambda=0.0350 pseudo_boxes=41 avg_conf=0.8496 rasp_s=0.147 lr=7.74596e-05
[Epoch 020/060] batch 0700/0744 loss=11.1906 det=11.1305 box=1.6389 cls=1.4738 dfl=0.0070 mard=2.0209 lambda=0.0297 pseudo_boxes=46 avg_conf=0.7971 rasp_s=0.147 lr=7.74596e-05
[Epoch 020/060] batch 0720/0744 loss=5.9418 det=5.8845 box=1.3018 cls=0.8276 dfl=0.0049 mard=2.0070 lambda=0.0286 pseudo_boxes=30 avg_conf=0.7856 rasp_s=0.147 lr=7.74596e-05
[Epoch 020/060] batch 0740/0744 loss=6.7154 det=6.6389 box=1.0468 cls=0.7389 dfl=0.0044 mard=2.0200 lambda=0.0379 pseudo_boxes=29 avg_conf=0.8787 rasp_s=0.147 lr=7.74596e-05
[Epoch 020/060] batch 0744/0744 loss=6.1069 det=6.0457 box=1.2048 cls=0.9219 dfl=0.0031 mard=2.0235 lambda=0.0302 pseudo_boxes=14 avg_conf=0.8024 rasp_s=0.147 lr=7.74596e-05
[Epoch 020/060] done time=269.4s valid=744 skipped=0 pseudo_boxes=27907 loss=6.4057 det=6.3377 mard=2.0129 conf=0.8351 RASP(status=recovery_interval, s=0.147, new_packs=0, knee=0/0)
[Epoch 20] saved latent=yolo26_rasp_latent_epoch_20.pt state=rasp_training_state_epoch_20.pt
[Epoch 021/060] start
[Epoch 021/060] batch 0001/0744 loss=6.9392 det=6.8811 box=1.1245 cls=1.4268 dfl=0.0052 mard=2.0229 lambda=0.0287 pseudo_boxes=33 avg_conf=0.7873 rasp_s=0.147 lr=7.525e-05
[Epoch 021/060] batch 0020/0744 loss=5.1299 det=5.0569 box=0.7572 cls=0.6511 dfl=0.0033 mard=2.0157 lambda=0.0362 pseudo_boxes=42 avg_conf=0.8621 rasp_s=0.147 lr=7.525e-05
[Epoch 021/060] batch 0040/0744 loss=7.0925 det=7.0295 box=1.0806 cls=0.8509 dfl=0.0058 mard=1.9764 lambda=0.0319 pseudo_boxes=45 avg_conf=0.8189 rasp_s=0.147 lr=7.525e-05
[Epoch 021/060] batch 0060/0744 loss=7.5314 det=7.4635 box=1.1791 cls=1.0245 dfl=0.0046 mard=2.0343 lambda=0.0333 pseudo_boxes=40 avg_conf=0.8335 rasp_s=0.147 lr=7.525e-05
[Epoch 021/060] batch 0080/0744 loss=4.8044 det=4.7305 box=0.6557 cls=0.6538 dfl=0.0036 mard=2.0032 lambda=0.0369 pseudo_boxes=26 avg_conf=0.8685 rasp_s=0.147 lr=7.525e-05
[Epoch 021/060] batch 0100/0744 loss=7.2296 det=7.1552 box=0.9690 cls=0.9808 dfl=0.0048 mard=2.0238 lambda=0.0368 pseudo_boxes=31 avg_conf=0.8677 rasp_s=0.147 lr=7.525e-05
[Epoch 021/060] batch 0120/0744 loss=5.4858 det=5.4188 box=0.8914 cls=0.6277 dfl=0.0037 mard=2.0333 lambda=0.0329 pseudo_boxes=53 avg_conf=0.8293 rasp_s=0.147 lr=7.525e-05
[Epoch 021/060] batch 0140/0744 loss=7.5679 det=7.4946 box=1.2114 cls=0.7570 dfl=0.0059 mard=2.0225 lambda=0.0362 pseudo_boxes=42 avg_conf=0.8623 rasp_s=0.147 lr=7.525e-05
[Epoch 021/060] batch 0160/0744 loss=6.6593 det=6.5960 box=0.8914 cls=0.8945 dfl=0.0038 mard=2.0077 lambda=0.0315 pseudo_boxes=40 avg_conf=0.8153 rasp_s=0.147 lr=7.525e-05
[Epoch 021/060] batch 0180/0744 loss=5.7944 det=5.7276 box=1.2115 cls=1.0774 dfl=0.0037 mard=2.0121 lambda=0.0332 pseudo_boxes=33 avg_conf=0.8323 rasp_s=0.147 lr=7.525e-05
[Epoch 021/060] batch 0200/0744 loss=7.1005 det=7.0339 box=1.1135 cls=0.7298 dfl=0.0043 mard=1.9922 lambda=0.0334 pseudo_boxes=22 avg_conf=0.8342 rasp_s=0.147 lr=7.525e-05
[Epoch 021/060] batch 0220/0744 loss=6.9263 det=6.8757 box=0.9954 cls=0.8974 dfl=0.0029 mard=1.9831 lambda=0.0255 pseudo_boxes=57 avg_conf=0.7552 rasp_s=0.147 lr=7.525e-05
[Epoch 021/060] batch 0240/0744 loss=7.4982 det=7.4316 box=1.0725 cls=0.9763 dfl=0.0054 mard=1.9978 lambda=0.0334 pseudo_boxes=43 avg_conf=0.8335 rasp_s=0.147 lr=7.525e-05
[Epoch 021/060] batch 0260/0744 loss=7.6700 det=7.6050 box=1.2570 cls=0.7559 dfl=0.0037 mard=2.0034 lambda=0.0324 pseudo_boxes=41 avg_conf=0.8244 rasp_s=0.147 lr=7.525e-05
[Epoch 021/060] batch 0280/0744 loss=8.5821 det=8.5222 box=1.2100 cls=1.2505 dfl=0.0040 mard=1.9999 lambda=0.0299 pseudo_boxes=22 avg_conf=0.7995 rasp_s=0.147 lr=7.525e-05
[Epoch 021/060] batch 0300/0744 loss=5.4474 det=5.3766 box=0.7694 cls=0.6886 dfl=0.0052 mard=2.0381 lambda=0.0347 pseudo_boxes=45 avg_conf=0.8474 rasp_s=0.147 lr=7.525e-05
[Epoch 021/060] batch 0320/0744 loss=6.8296 det=6.7644 box=1.0682 cls=0.7763 dfl=0.0052 mard=2.0178 lambda=0.0323 pseudo_boxes=52 avg_conf=0.8233 rasp_s=0.147 lr=7.525e-05
[Epoch 021/060] batch 0340/0744 loss=5.7668 det=5.6984 box=0.8746 cls=0.7385 dfl=0.0039 mard=2.0068 lambda=0.0341 pseudo_boxes=33 avg_conf=0.8409 rasp_s=0.147 lr=7.525e-05
[Epoch 021/060] batch 0360/0744 loss=4.9693 det=4.8969 box=0.7971 cls=0.4375 dfl=0.0033 mard=1.9928 lambda=0.0363 pseudo_boxes=30 avg_conf=0.8632 rasp_s=0.147 lr=7.525e-05
[Epoch 021/060] batch 0380/0744 loss=6.7496 det=6.6891 box=1.0157 cls=0.8299 dfl=0.0036 mard=2.0114 lambda=0.0300 pseudo_boxes=41 avg_conf=0.8004 rasp_s=0.147 lr=7.525e-05
[Epoch 021/060] batch 0400/0744 loss=5.8194 det=5.7479 box=0.8580 cls=0.7176 dfl=0.0033 mard=2.0086 lambda=0.0356 pseudo_boxes=32 avg_conf=0.8556 rasp_s=0.147 lr=7.525e-05
[Epoch 021/060] batch 0420/0744 loss=6.3174 det=6.2428 box=0.9383 cls=0.6953 dfl=0.0047 mard=2.0349 lambda=0.0367 pseudo_boxes=42 avg_conf=0.8666 rasp_s=0.147 lr=7.525e-05
[Epoch 021/060] batch 0440/0744 loss=6.9720 det=6.9070 box=1.0494 cls=0.7641 dfl=0.0054 mard=2.0241 lambda=0.0321 pseudo_boxes=41 avg_conf=0.8213 rasp_s=0.147 lr=7.525e-05
[Epoch 021/060] batch 0460/0744 loss=5.8398 det=5.7652 box=0.8263 cls=0.8298 dfl=0.0027 mard=2.0165 lambda=0.0370 pseudo_boxes=30 avg_conf=0.8703 rasp_s=0.147 lr=7.525e-05
[Epoch 021/060] batch 0480/0744 loss=6.7594 det=6.6921 box=0.9327 cls=0.9326 dfl=0.0038 mard=2.0208 lambda=0.0333 pseudo_boxes=38 avg_conf=0.8328 rasp_s=0.147 lr=7.525e-05
[Epoch 021/060] batch 0500/0744 loss=9.0581 det=9.0097 box=1.2227 cls=1.2560 dfl=0.0038 mard=1.9974 lambda=0.0242 pseudo_boxes=21 avg_conf=0.7423 rasp_s=0.147 lr=7.525e-05
[Epoch 021/060] batch 0520/0744 loss=5.7978 det=5.7310 box=0.9148 cls=0.6593 dfl=0.0044 mard=2.0040 lambda=0.0333 pseudo_boxes=48 avg_conf=0.8331 rasp_s=0.147 lr=7.525e-05
[Epoch 021/060] batch 0540/0744 loss=7.4265 det=7.3527 box=1.0731 cls=0.9898 dfl=0.0051 mard=2.0254 lambda=0.0364 pseudo_boxes=33 avg_conf=0.8642 rasp_s=0.147 lr=7.525e-05
[Epoch 021/060] batch 0560/0744 loss=5.7778 det=5.7099 box=0.8543 cls=0.6628 dfl=0.0025 mard=2.0395 lambda=0.0333 pseudo_boxes=53 avg_conf=0.8329 rasp_s=0.147 lr=7.525e-05
[Epoch 021/060] batch 0580/0744 loss=7.7677 det=7.7067 box=1.1241 cls=0.9784 dfl=0.0029 mard=2.0244 lambda=0.0301 pseudo_boxes=58 avg_conf=0.8013 rasp_s=0.147 lr=7.525e-05
[Epoch 021/060] batch 0600/0744 loss=7.2739 det=7.2042 box=1.0913 cls=1.0318 dfl=0.0047 mard=2.0364 lambda=0.0342 pseudo_boxes=39 avg_conf=0.8424 rasp_s=0.147 lr=7.525e-05
[Epoch 021/060] batch 0620/0744 loss=5.4519 det=5.3793 box=0.8772 cls=0.6013 dfl=0.0030 mard=2.0323 lambda=0.0357 pseudo_boxes=29 avg_conf=0.8571 rasp_s=0.147 lr=7.525e-05
[Epoch 021/060] batch 0640/0744 loss=6.0921 det=6.0247 box=0.9822 cls=0.6079 dfl=0.0041 mard=1.9924 lambda=0.0338 pseudo_boxes=38 avg_conf=0.8383 rasp_s=0.147 lr=7.525e-05
[Epoch 021/060] batch 0660/0744 loss=6.4770 det=6.4105 box=0.9343 cls=0.8967 dfl=0.0045 mard=2.0267 lambda=0.0328 pseudo_boxes=21 avg_conf=0.8280 rasp_s=0.147 lr=7.525e-05
[Epoch 021/060] batch 0680/0744 loss=3.8169 det=3.7436 box=0.5770 cls=0.4082 dfl=0.0026 mard=1.9997 lambda=0.0366 pseudo_boxes=36 avg_conf=0.8664 rasp_s=0.147 lr=7.525e-05
[Epoch 021/060] batch 0700/0744 loss=7.4772 det=7.4080 box=1.1433 cls=1.0742 dfl=0.0041 mard=1.9890 lambda=0.0348 pseudo_boxes=37 avg_conf=0.8481 rasp_s=0.147 lr=7.525e-05
[Epoch 021/060] batch 0720/0744 loss=5.0396 det=4.9691 box=0.7835 cls=0.5795 dfl=0.0027 mard=2.0097 lambda=0.0351 pseudo_boxes=37 avg_conf=0.8508 rasp_s=0.147 lr=7.525e-05
[Epoch 021/060] batch 0740/0744 loss=7.1371 det=7.0708 box=1.0279 cls=0.9424 dfl=0.0041 mard=2.0145 lambda=0.0329 pseudo_boxes=41 avg_conf=0.8293 rasp_s=0.147 lr=7.525e-05
[Epoch 021/060] batch 0744/0744 loss=6.5363 det=6.4760 box=1.2362 cls=1.1613 dfl=0.0094 mard=2.0219 lambda=0.0298 pseudo_boxes=26 avg_conf=0.7983 rasp_s=0.147 lr=7.525e-05
[Epoch 021/060] done time=269.5s valid=744 skipped=0 pseudo_boxes=28051 loss=6.3652 det=6.2975 mard=2.0145 conf=0.8341 RASP(status=pruned, s=0.174, new_packs=5, knee=5/12)
[Epoch 022/060] start
[Epoch 022/060] batch 0001/0744 loss=4.7852 det=4.7149 box=0.6816 cls=0.5080 dfl=0.0030 mard=2.0068 lambda=0.0350 pseudo_boxes=31 avg_conf=0.8502 rasp_s=0.174 lr=7.29725e-05
[Epoch 022/060] batch 0020/0744 loss=4.3307 det=4.2571 box=0.6495 cls=0.4647 dfl=0.0027 mard=2.0071 lambda=0.0367 pseudo_boxes=35 avg_conf=0.8669 rasp_s=0.174 lr=7.29725e-05
[Epoch 022/060] batch 0040/0744 loss=10.1452 det=10.0805 box=1.3902 cls=1.5353 dfl=0.0067 mard=2.0155 lambda=0.0321 pseudo_boxes=48 avg_conf=0.8212 rasp_s=0.174 lr=7.29725e-05
[Epoch 022/060] batch 0060/0744 loss=7.6753 det=7.6034 box=1.1444 cls=0.9790 dfl=0.0053 mard=2.0204 lambda=0.0356 pseudo_boxes=46 avg_conf=0.8559 rasp_s=0.174 lr=7.29725e-05
[Epoch 022/060] batch 0080/0744 loss=8.0082 det=7.9400 box=1.2177 cls=1.0695 dfl=0.0042 mard=2.0316 lambda=0.0335 pseudo_boxes=61 avg_conf=0.8355 rasp_s=0.174 lr=7.29725e-05
[Epoch 022/060] batch 0100/0744 loss=7.4781 det=7.4130 box=1.0458 cls=1.1470 dfl=0.0038 mard=2.0232 lambda=0.0322 pseudo_boxes=24 avg_conf=0.8217 rasp_s=0.174 lr=7.29725e-05
[Epoch 022/060] batch 0120/0744 loss=8.7389 det=8.6742 box=1.2442 cls=1.1683 dfl=0.0037 mard=2.0026 lambda=0.0323 pseudo_boxes=42 avg_conf=0.8229 rasp_s=0.174 lr=7.29725e-05
[Epoch 022/060] batch 0140/0744 loss=5.5267 det=5.4579 box=0.8032 cls=0.6806 dfl=0.0030 mard=1.9931 lambda=0.0345 pseudo_boxes=38 avg_conf=0.8453 rasp_s=0.174 lr=7.29725e-05
[Epoch 022/060] batch 0160/0744 loss=6.6349 det=6.5664 box=0.9508 cls=0.8307 dfl=0.0032 mard=2.0152 lambda=0.0340 pseudo_boxes=38 avg_conf=0.8399 rasp_s=0.174 lr=7.29725e-05
[Epoch 022/060] batch 0180/0744 loss=5.9016 det=5.8357 box=0.8987 cls=0.6677 dfl=0.0030 mard=2.0088 lambda=0.0328 pseudo_boxes=47 avg_conf=0.8279 rasp_s=0.174 lr=7.29725e-05
[Epoch 022/060] batch 0200/0744 loss=4.1245 det=4.0520 box=0.5936 cls=0.5612 dfl=0.0029 mard=2.0070 lambda=0.0361 pseudo_boxes=43 avg_conf=0.8614 rasp_s=0.174 lr=7.29725e-05
[Epoch 022/060] batch 0220/0744 loss=7.0423 det=6.9803 box=1.0345 cls=0.9252 dfl=0.0032 mard=2.0147 lambda=0.0308 pseudo_boxes=41 avg_conf=0.8076 rasp_s=0.174 lr=7.29725e-05
[Epoch 022/060] batch 0240/0744 loss=9.3309 det=9.2688 box=1.2702 cls=1.2741 dfl=0.0062 mard=2.0131 lambda=0.0309 pseudo_boxes=30 avg_conf=0.8087 rasp_s=0.174 lr=7.29725e-05
[Epoch 022/060] batch 0260/0744 loss=4.3375 det=4.2618 box=0.6487 cls=0.5232 dfl=0.0033 mard=1.9958 lambda=0.0379 pseudo_boxes=29 avg_conf=0.8794 rasp_s=0.174 lr=7.29725e-05
[Epoch 022/060] batch 0280/0744 loss=5.9308 det=5.8674 box=0.9067 cls=0.7063 dfl=0.0030 mard=2.0246 lambda=0.0313 pseudo_boxes=41 avg_conf=0.8131 rasp_s=0.174 lr=7.29725e-05
[Epoch 022/060] batch 0300/0744 loss=4.9194 det=4.8418 box=0.7769 cls=0.4881 dfl=0.0057 mard=2.0110 lambda=0.0386 pseudo_boxes=30 avg_conf=0.8855 rasp_s=0.174 lr=7.29725e-05
[Epoch 022/060] batch 0320/0744 loss=4.6937 det=4.6238 box=0.6854 cls=0.5421 dfl=0.0029 mard=2.0243 lambda=0.0345 pseudo_boxes=44 avg_conf=0.8454 rasp_s=0.174 lr=7.29725e-05
[Epoch 022/060] batch 0340/0744 loss=9.3564 det=9.3015 box=1.3668 cls=1.1194 dfl=0.0061 mard=2.0069 lambda=0.0274 pseudo_boxes=55 avg_conf=0.7738 rasp_s=0.174 lr=7.29725e-05
[Epoch 022/060] batch 0360/0744 loss=6.9567 det=6.8881 box=1.0768 cls=0.7386 dfl=0.0040 mard=2.0119 lambda=0.0341 pseudo_boxes=38 avg_conf=0.8410 rasp_s=0.174 lr=7.29725e-05
[Epoch 022/060] batch 0380/0744 loss=3.4262 det=3.3530 box=0.6786 cls=0.5481 dfl=0.0041 mard=2.0195 lambda=0.0362 pseudo_boxes=30 avg_conf=0.8624 rasp_s=0.174 lr=7.29725e-05
[Epoch 022/060] batch 0400/0744 loss=5.7792 det=5.7182 box=0.8231 cls=0.7790 dfl=0.0026 mard=2.0119 lambda=0.0304 pseudo_boxes=28 avg_conf=0.8036 rasp_s=0.174 lr=7.29725e-05
[Epoch 022/060] batch 0420/0744 loss=6.4945 det=6.4280 box=1.0011 cls=1.0618 dfl=0.0036 mard=2.0246 lambda=0.0329 pseudo_boxes=19 avg_conf=0.8287 rasp_s=0.174 lr=7.29725e-05
[Epoch 022/060] batch 0440/0744 loss=6.7125 det=6.6647 box=1.0946 cls=0.7415 dfl=0.0035 mard=2.0248 lambda=0.0236 pseudo_boxes=54 avg_conf=0.7358 rasp_s=0.174 lr=7.29725e-05
[Epoch 022/060] batch 0460/0744 loss=5.3696 det=5.2957 box=0.8635 cls=0.5052 dfl=0.0036 mard=2.0096 lambda=0.0368 pseudo_boxes=35 avg_conf=0.8682 rasp_s=0.174 lr=7.29725e-05
[Epoch 022/060] batch 0480/0744 loss=4.8392 det=4.7705 box=0.6579 cls=0.6151 dfl=0.0030 mard=2.0069 lambda=0.0342 pseudo_boxes=21 avg_conf=0.8423 rasp_s=0.174 lr=7.29725e-05
[Epoch 022/060] batch 0500/0744 loss=8.3070 det=8.2434 box=1.2543 cls=1.0781 dfl=0.0058 mard=2.0160 lambda=0.0315 pseudo_boxes=34 avg_conf=0.8154 rasp_s=0.174 lr=7.29725e-05
[Epoch 022/060] batch 0520/0744 loss=8.0496 det=7.9859 box=1.2099 cls=1.2323 dfl=0.0049 mard=2.0391 lambda=0.0313 pseudo_boxes=32 avg_conf=0.8125 rasp_s=0.174 lr=7.29725e-05
[Epoch 022/060] batch 0540/0744 loss=7.6481 det=7.5917 box=1.1724 cls=0.9758 dfl=0.0033 mard=2.0295 lambda=0.0278 pseudo_boxes=35 avg_conf=0.7780 rasp_s=0.174 lr=7.29725e-05
[Epoch 022/060] batch 0560/0744 loss=5.7756 det=5.7167 box=0.9112 cls=0.6799 dfl=0.0025 mard=2.0288 lambda=0.0290 pseudo_boxes=39 avg_conf=0.7903 rasp_s=0.174 lr=7.29725e-05
[Epoch 022/060] batch 0580/0744 loss=7.6310 det=7.5655 box=1.0552 cls=1.0608 dfl=0.0047 mard=2.0019 lambda=0.0327 pseudo_boxes=28 avg_conf=0.8270 rasp_s=0.174 lr=7.29725e-05
[Epoch 022/060] batch 0600/0744 loss=7.9926 det=7.9241 box=1.0769 cls=1.0982 dfl=0.0063 mard=2.0211 lambda=0.0339 pseudo_boxes=42 avg_conf=0.8388 rasp_s=0.174 lr=7.29725e-05
[Epoch 022/060] batch 0620/0744 loss=4.4136 det=4.3383 box=0.7134 cls=0.4522 dfl=0.0040 mard=2.0070 lambda=0.0375 pseudo_boxes=28 avg_conf=0.8752 rasp_s=0.174 lr=7.29725e-05
[Epoch 022/060] batch 0640/0744 loss=7.7785 det=7.7116 box=1.0747 cls=1.2307 dfl=0.0053 mard=2.0104 lambda=0.0332 pseudo_boxes=41 avg_conf=0.8325 rasp_s=0.174 lr=7.29725e-05
[Epoch 022/060] batch 0660/0744 loss=5.9273 det=5.8573 box=0.8935 cls=0.6683 dfl=0.0027 mard=2.0050 lambda=0.0349 pseudo_boxes=41 avg_conf=0.8490 rasp_s=0.174 lr=7.29725e-05
[Epoch 022/060] batch 0680/0744 loss=5.2098 det=5.1367 box=0.7802 cls=0.6593 dfl=0.0034 mard=1.9973 lambda=0.0366 pseudo_boxes=38 avg_conf=0.8660 rasp_s=0.174 lr=7.29725e-05
[Epoch 022/060] batch 0700/0744 loss=5.1297 det=5.0581 box=0.8752 cls=0.5062 dfl=0.0056 mard=2.0081 lambda=0.0357 pseudo_boxes=40 avg_conf=0.8568 rasp_s=0.174 lr=7.29725e-05
[Epoch 022/060] batch 0720/0744 loss=7.5397 det=7.4704 box=1.0760 cls=1.0884 dfl=0.0050 mard=2.0148 lambda=0.0344 pseudo_boxes=42 avg_conf=0.8437 rasp_s=0.174 lr=7.29725e-05
[Epoch 022/060] batch 0740/0744 loss=7.2454 det=7.1761 box=1.0937 cls=0.8183 dfl=0.0063 mard=2.0174 lambda=0.0343 pseudo_boxes=23 avg_conf=0.8434 rasp_s=0.174 lr=7.29725e-05
[Epoch 022/060] batch 0744/0744 loss=9.5874 det=9.5325 box=1.9620 cls=1.9219 dfl=0.0060 mard=2.0050 lambda=0.0274 pseudo_boxes=32 avg_conf=0.7737 rasp_s=0.174 lr=7.29725e-05
[Epoch 022/060] done time=269.3s valid=744 skipped=0 pseudo_boxes=27970 loss=6.4481 det=6.3803 mard=2.0142 conf=0.8343 RASP(status=recovery_interval, s=0.174, new_packs=0, knee=0/0)
[Epoch 023/060] start
[Epoch 023/060] batch 0001/0744 loss=5.8337 det=5.7609 box=0.8034 cls=0.7854 dfl=0.0026 mard=2.0364 lambda=0.0357 pseudo_boxes=36 avg_conf=0.8575 rasp_s=0.174 lr=7.06335e-05
[Epoch 023/060] batch 0020/0744 loss=9.0406 det=8.9821 box=1.3230 cls=1.1041 dfl=0.0045 mard=1.9965 lambda=0.0293 pseudo_boxes=71 avg_conf=0.7931 rasp_s=0.174 lr=7.06335e-05
[Epoch 023/060] batch 0040/0744 loss=5.3054 det=5.2332 box=0.8301 cls=0.5692 dfl=0.0035 mard=2.0041 lambda=0.0360 pseudo_boxes=29 avg_conf=0.8605 rasp_s=0.174 lr=7.06335e-05
[Epoch 023/060] batch 0060/0744 loss=7.6219 det=7.5610 box=1.1702 cls=0.9315 dfl=0.0034 mard=1.9842 lambda=0.0307 pseudo_boxes=51 avg_conf=0.8071 rasp_s=0.174 lr=7.06335e-05
[Epoch 023/060] batch 0080/0744 loss=7.3750 det=7.3163 box=1.1240 cls=0.9135 dfl=0.0036 mard=2.0161 lambda=0.0291 pseudo_boxes=29 avg_conf=0.7912 rasp_s=0.174 lr=7.06335e-05
[Epoch 023/060] batch 0100/0744 loss=7.1937 det=7.1289 box=1.1720 cls=0.6868 dfl=0.0065 mard=2.0217 lambda=0.0321 pseudo_boxes=54 avg_conf=0.8208 rasp_s=0.174 lr=7.06335e-05
[Epoch 023/060] batch 0120/0744 loss=5.6484 det=5.5706 box=0.8824 cls=0.6260 dfl=0.0045 mard=2.0143 lambda=0.0386 pseudo_boxes=26 avg_conf=0.8862 rasp_s=0.174 lr=7.06335e-05
[Epoch 023/060] batch 0140/0744 loss=5.7269 det=5.6593 box=0.8103 cls=0.8471 dfl=0.0031 mard=2.0138 lambda=0.0336 pseudo_boxes=32 avg_conf=0.8360 rasp_s=0.174 lr=7.06335e-05
[Epoch 023/060] batch 0160/0744 loss=6.2085 det=6.1378 box=0.9730 cls=0.6787 dfl=0.0037 mard=2.0356 lambda=0.0347 pseudo_boxes=47 avg_conf=0.8473 rasp_s=0.174 lr=7.06335e-05
[Epoch 023/060] batch 0180/0744 loss=3.1962 det=3.1119 box=0.5154 cls=0.2596 dfl=0.0059 mard=2.0055 lambda=0.0421 pseudo_boxes=27 avg_conf=0.9206 rasp_s=0.174 lr=7.06335e-05
[Epoch 023/060] batch 0200/0744 loss=6.3148 det=6.2480 box=1.0115 cls=0.7264 dfl=0.0033 mard=2.0092 lambda=0.0332 pseudo_boxes=33 avg_conf=0.8325 rasp_s=0.174 lr=7.06335e-05
[Epoch 023/060] batch 0220/0744 loss=6.3952 det=6.3285 box=0.8969 cls=0.6974 dfl=0.0037 mard=1.9975 lambda=0.0334 pseudo_boxes=40 avg_conf=0.8341 rasp_s=0.174 lr=7.06335e-05
[Epoch 023/060] batch 0240/0744 loss=5.7564 det=5.6951 box=0.9073 cls=0.6144 dfl=0.0040 mard=2.0086 lambda=0.0305 pseudo_boxes=48 avg_conf=0.8047 rasp_s=0.174 lr=7.06335e-05
[Epoch 023/060] batch 0260/0744 loss=6.6330 det=6.5606 box=1.0960 cls=0.7618 dfl=0.0049 mard=2.0369 lambda=0.0355 pseudo_boxes=22 avg_conf=0.8552 rasp_s=0.174 lr=7.06335e-05
[Epoch 023/060] batch 0280/0744 loss=7.4859 det=7.4238 box=0.9775 cls=1.0063 dfl=0.0036 mard=2.0142 lambda=0.0308 pseudo_boxes=19 avg_conf=0.8080 rasp_s=0.174 lr=7.06335e-05
[Epoch 023/060] batch 0300/0744 loss=4.8478 det=4.7747 box=0.7217 cls=0.5168 dfl=0.0024 mard=2.0196 lambda=0.0362 pseudo_boxes=35 avg_conf=0.8622 rasp_s=0.174 lr=7.06335e-05
[Epoch 023/060] batch 0320/0744 loss=7.1688 det=7.1041 box=1.0192 cls=0.9285 dfl=0.0044 mard=2.0266 lambda=0.0319 pseudo_boxes=33 avg_conf=0.8193 rasp_s=0.174 lr=7.06335e-05
[Epoch 023/060] batch 0340/0744 loss=4.9803 det=4.9138 box=0.6684 cls=0.6284 dfl=0.0028 mard=1.9994 lambda=0.0333 pseudo_boxes=27 avg_conf=0.8330 rasp_s=0.174 lr=7.06335e-05
[Epoch 023/060] batch 0360/0744 loss=5.4598 det=5.3893 box=0.8164 cls=0.7184 dfl=0.0037 mard=2.0085 lambda=0.0351 pseudo_boxes=42 avg_conf=0.8509 rasp_s=0.174 lr=7.06335e-05
[Epoch 023/060] batch 0380/0744 loss=7.3743 det=7.3140 box=1.1735 cls=1.0454 dfl=0.0097 mard=2.0190 lambda=0.0299 pseudo_boxes=26 avg_conf=0.7985 rasp_s=0.174 lr=7.06335e-05
[Epoch 023/060] batch 0400/0744 loss=6.3210 det=6.2539 box=0.9187 cls=0.7383 dfl=0.0035 mard=2.0073 lambda=0.0334 pseudo_boxes=39 avg_conf=0.8345 rasp_s=0.174 lr=7.06335e-05
[Epoch 023/060] batch 0420/0744 loss=7.5838 det=7.5168 box=1.1367 cls=1.1880 dfl=0.0036 mard=2.0227 lambda=0.0331 pseudo_boxes=32 avg_conf=0.8310 rasp_s=0.174 lr=7.06335e-05
[Epoch 023/060] batch 0440/0744 loss=5.5355 det=5.4612 box=0.8316 cls=0.6597 dfl=0.0039 mard=2.0062 lambda=0.0370 pseudo_boxes=39 avg_conf=0.8705 rasp_s=0.174 lr=7.06335e-05
[Epoch 023/060] batch 0460/0744 loss=8.4613 det=8.3998 box=1.2625 cls=1.1049 dfl=0.0049 mard=2.0074 lambda=0.0306 pseudo_boxes=33 avg_conf=0.8060 rasp_s=0.174 lr=7.06335e-05
[Epoch 023/060] batch 0480/0744 loss=5.3159 det=5.2529 box=0.7693 cls=0.6882 dfl=0.0037 mard=1.9972 lambda=0.0315 pseudo_boxes=46 avg_conf=0.8153 rasp_s=0.174 lr=7.06335e-05
[Epoch 023/060] batch 0500/0744 loss=10.4730 det=10.4123 box=1.3625 cls=1.6188 dfl=0.0057 mard=2.0309 lambda=0.0299 pseudo_boxes=66 avg_conf=0.7989 rasp_s=0.174 lr=7.06335e-05
[Epoch 023/060] batch 0520/0744 loss=6.4572 det=6.3937 box=0.9428 cls=0.7646 dfl=0.0034 mard=2.0150 lambda=0.0315 pseudo_boxes=39 avg_conf=0.8149 rasp_s=0.174 lr=7.06335e-05
[Epoch 023/060] batch 0540/0744 loss=6.9981 det=6.9214 box=0.9722 cls=1.0319 dfl=0.0046 mard=2.0431 lambda=0.0376 pseudo_boxes=34 avg_conf=0.8755 rasp_s=0.174 lr=7.06335e-05
[Epoch 023/060] batch 0560/0744 loss=6.1354 det=6.0676 box=0.9365 cls=0.7735 dfl=0.0031 mard=2.0133 lambda=0.0337 pseudo_boxes=44 avg_conf=0.8368 rasp_s=0.174 lr=7.06335e-05
[Epoch 023/060] batch 0580/0744 loss=6.5367 det=6.4712 box=1.0038 cls=0.7596 dfl=0.0035 mard=1.9960 lambda=0.0328 pseudo_boxes=31 avg_conf=0.8283 rasp_s=0.174 lr=7.06335e-05
[Epoch 023/060] batch 0600/0744 loss=5.5466 det=5.4798 box=0.8212 cls=0.6330 dfl=0.0044 mard=2.0152 lambda=0.0332 pseudo_boxes=58 avg_conf=0.8316 rasp_s=0.174 lr=7.06335e-05
[Epoch 023/060] batch 0620/0744 loss=5.9191 det=5.8556 box=0.9461 cls=0.5935 dfl=0.0032 mard=1.9969 lambda=0.0318 pseudo_boxes=36 avg_conf=0.8183 rasp_s=0.174 lr=7.06335e-05
[Epoch 023/060] batch 0640/0744 loss=4.8712 det=4.8005 box=0.7802 cls=0.5515 dfl=0.0040 mard=2.0275 lambda=0.0349 pseudo_boxes=36 avg_conf=0.8486 rasp_s=0.174 lr=7.06335e-05
[Epoch 023/060] batch 0660/0744 loss=5.4266 det=5.3593 box=0.8309 cls=0.5750 dfl=0.0032 mard=2.0079 lambda=0.0335 pseudo_boxes=30 avg_conf=0.8349 rasp_s=0.174 lr=7.06335e-05
[Epoch 023/060] batch 0680/0744 loss=8.3915 det=8.3257 box=1.2551 cls=1.0609 dfl=0.0048 mard=1.9932 lambda=0.0330 pseudo_boxes=56 avg_conf=0.8301 rasp_s=0.174 lr=7.06335e-05
[Epoch 023/060] batch 0700/0744 loss=8.1122 det=8.0551 box=1.2049 cls=0.9704 dfl=0.0036 mard=1.9965 lambda=0.0286 pseudo_boxes=47 avg_conf=0.7860 rasp_s=0.174 lr=7.06335e-05
[Epoch 023/060] batch 0720/0744 loss=4.8801 det=4.8145 box=0.7026 cls=0.5971 dfl=0.0033 mard=1.9887 lambda=0.0330 pseudo_boxes=43 avg_conf=0.8298 rasp_s=0.174 lr=7.06335e-05
[Epoch 023/060] batch 0740/0744 loss=6.3344 det=6.2658 box=0.9590 cls=0.7542 dfl=0.0036 mard=2.0200 lambda=0.0339 pseudo_boxes=63 avg_conf=0.8394 rasp_s=0.174 lr=7.06335e-05
[Epoch 023/060] batch 0744/0744 loss=3.5087 det=3.4414 box=0.7166 cls=0.4114 dfl=0.0027 mard=2.0195 lambda=0.0334 pseudo_boxes=21 avg_conf=0.8336 rasp_s=0.174 lr=7.06335e-05
[Epoch 023/060] done time=269.5s valid=744 skipped=0 pseudo_boxes=28029 loss=6.3646 det=6.2967 mard=2.0138 conf=0.8345 RASP(status=recovery_interval, s=0.174, new_packs=0, knee=0/0)
[Epoch 024/060] start
[Epoch 024/060] batch 0001/0744 loss=11.0544 det=10.9885 box=1.4279 cls=1.5146 dfl=0.0051 mard=2.0027 lambda=0.0329 pseudo_boxes=40 avg_conf=0.8292 rasp_s=0.174 lr=6.82392e-05
[Epoch 024/060] batch 0020/0744 loss=3.6844 det=3.6064 box=0.5069 cls=0.5473 dfl=0.0024 mard=2.0061 lambda=0.0389 pseudo_boxes=23 avg_conf=0.8889 rasp_s=0.174 lr=6.82392e-05
[Epoch 024/060] batch 0040/0744 loss=6.4387 det=6.3740 box=1.0001 cls=0.7723 dfl=0.0051 mard=1.9978 lambda=0.0324 pseudo_boxes=37 avg_conf=0.8236 rasp_s=0.174 lr=6.82392e-05
[Epoch 024/060] batch 0060/0744 loss=6.6339 det=6.5671 box=1.1229 cls=0.6416 dfl=0.0060 mard=2.0318 lambda=0.0328 pseudo_boxes=50 avg_conf=0.8284 rasp_s=0.174 lr=6.82392e-05
[Epoch 024/060] batch 0080/0744 loss=5.8954 det=5.8250 box=1.0092 cls=0.6515 dfl=0.0035 mard=1.9995 lambda=0.0352 pseudo_boxes=39 avg_conf=0.8522 rasp_s=0.174 lr=6.82392e-05
[Epoch 024/060] batch 0100/0744 loss=4.3511 det=4.2775 box=0.6862 cls=0.4664 dfl=0.0033 mard=1.9902 lambda=0.0370 pseudo_boxes=36 avg_conf=0.8702 rasp_s=0.174 lr=6.82392e-05
[Epoch 024/060] batch 0120/0744 loss=10.0122 det=9.9541 box=1.4902 cls=1.2037 dfl=0.0048 mard=2.0070 lambda=0.0290 pseudo_boxes=39 avg_conf=0.7899 rasp_s=0.174 lr=6.82392e-05
[Epoch 024/060] batch 0140/0744 loss=6.9099 det=6.8369 box=0.8845 cls=0.9712 dfl=0.0028 mard=2.0162 lambda=0.0362 pseudo_boxes=20 avg_conf=0.8620 rasp_s=0.174 lr=6.82392e-05
[Epoch 024/060] batch 0160/0744 loss=8.3303 det=8.2753 box=1.2332 cls=1.1753 dfl=0.0044 mard=2.0182 lambda=0.0272 pseudo_boxes=38 avg_conf=0.7723 rasp_s=0.174 lr=6.82392e-05
[Epoch 024/060] batch 0180/0744 loss=7.9967 det=7.9331 box=1.1049 cls=1.0228 dfl=0.0031 mard=1.9862 lambda=0.0321 pseudo_boxes=43 avg_conf=0.8205 rasp_s=0.174 lr=6.82392e-05
[Epoch 024/060] batch 0200/0744 loss=5.5992 det=5.5330 box=0.7950 cls=0.7005 dfl=0.0036 mard=1.9929 lambda=0.0333 pseudo_boxes=42 avg_conf=0.8325 rasp_s=0.174 lr=6.82392e-05
[Epoch 024/060] batch 0220/0744 loss=8.4097 det=8.3397 box=1.2046 cls=1.0854 dfl=0.0059 mard=2.0071 lambda=0.0349 pseudo_boxes=34 avg_conf=0.8488 rasp_s=0.174 lr=6.82392e-05
[Epoch 024/060] batch 0240/0744 loss=6.1063 det=6.0328 box=0.9467 cls=0.7679 dfl=0.0034 mard=2.0140 lambda=0.0365 pseudo_boxes=45 avg_conf=0.8649 rasp_s=0.174 lr=6.82392e-05
[Epoch 024/060] batch 0260/0744 loss=4.4783 det=4.4130 box=0.6974 cls=0.5144 dfl=0.0034 mard=2.0100 lambda=0.0325 pseudo_boxes=46 avg_conf=0.8249 rasp_s=0.174 lr=6.82392e-05
[Epoch 024/060] batch 0280/0744 loss=5.5912 det=5.5193 box=0.7680 cls=0.8245 dfl=0.0031 mard=2.0265 lambda=0.0355 pseudo_boxes=27 avg_conf=0.8546 rasp_s=0.174 lr=6.82392e-05
[Epoch 024/060] batch 0300/0744 loss=5.8291 det=5.7717 box=0.8004 cls=0.8568 dfl=0.0031 mard=2.0148 lambda=0.0285 pseudo_boxes=37 avg_conf=0.7850 rasp_s=0.174 lr=6.82392e-05
[Epoch 024/060] batch 0320/0744 loss=7.1172 det=7.0519 box=1.0721 cls=0.8721 dfl=0.0037 mard=2.0292 lambda=0.0322 pseudo_boxes=51 avg_conf=0.8216 rasp_s=0.174 lr=6.82392e-05
[Epoch 024/060] batch 0340/0744 loss=3.5732 det=3.4974 box=0.5425 cls=0.3224 dfl=0.0026 mard=2.0084 lambda=0.0378 pseudo_boxes=32 avg_conf=0.8776 rasp_s=0.174 lr=6.82392e-05
[Epoch 024/060] batch 0360/0744 loss=7.6749 det=7.6108 box=1.0707 cls=1.1242 dfl=0.0036 mard=2.0109 lambda=0.0319 pseudo_boxes=56 avg_conf=0.8187 rasp_s=0.174 lr=6.82392e-05
[Epoch 024/060] batch 0380/0744 loss=5.2081 det=5.1367 box=0.8222 cls=0.4788 dfl=0.0032 mard=1.9993 lambda=0.0357 pseudo_boxes=37 avg_conf=0.8568 rasp_s=0.174 lr=6.82392e-05
[Epoch 024/060] batch 0400/0744 loss=3.6733 det=3.6041 box=0.5543 cls=0.4103 dfl=0.0025 mard=1.9844 lambda=0.0349 pseudo_boxes=53 avg_conf=0.8487 rasp_s=0.174 lr=6.82392e-05
[Epoch 024/060] batch 0420/0744 loss=9.2721 det=9.2111 box=1.3270 cls=1.3329 dfl=0.0068 mard=1.9950 lambda=0.0306 pseudo_boxes=47 avg_conf=0.8062 rasp_s=0.174 lr=6.82392e-05
[Epoch 024/060] batch 0440/0744 loss=6.1586 det=6.0904 box=1.1310 cls=0.5462 dfl=0.0025 mard=1.9975 lambda=0.0342 pseudo_boxes=25 avg_conf=0.8417 rasp_s=0.174 lr=6.82392e-05
[Epoch 024/060] batch 0460/0744 loss=5.9312 det=5.8646 box=0.9002 cls=0.7206 dfl=0.0036 mard=2.0123 lambda=0.0331 pseudo_boxes=61 avg_conf=0.8311 rasp_s=0.174 lr=6.82392e-05
[Epoch 024/060] batch 0480/0744 loss=6.2991 det=6.2251 box=0.7778 cls=0.8974 dfl=0.0037 mard=2.0243 lambda=0.0366 pseudo_boxes=25 avg_conf=0.8656 rasp_s=0.174 lr=6.82392e-05
[Epoch 024/060] batch 0500/0744 loss=5.8253 det=5.7525 box=0.9321 cls=0.5726 dfl=0.0044 mard=1.9883 lambda=0.0366 pseudo_boxes=43 avg_conf=0.8662 rasp_s=0.174 lr=6.82392e-05
[Epoch 024/060] batch 0520/0744 loss=7.1596 det=7.0964 box=1.1249 cls=0.7538 dfl=0.0033 mard=1.9943 lambda=0.0317 pseudo_boxes=64 avg_conf=0.8169 rasp_s=0.174 lr=6.82392e-05
[Epoch 024/060] batch 0540/0744 loss=8.1316 det=8.0733 box=1.3150 cls=1.0805 dfl=0.0043 mard=2.0248 lambda=0.0288 pseudo_boxes=47 avg_conf=0.7878 rasp_s=0.174 lr=6.82392e-05
[Epoch 024/060] batch 0560/0744 loss=4.7314 det=4.6536 box=0.6697 cls=0.4964 dfl=0.0028 mard=2.0028 lambda=0.0388 pseudo_boxes=34 avg_conf=0.8883 rasp_s=0.174 lr=6.82392e-05
[Epoch 024/060] batch 0580/0744 loss=9.8464 det=9.7829 box=1.2791 cls=1.4870 dfl=0.0059 mard=1.9935 lambda=0.0319 pseudo_boxes=47 avg_conf=0.8188 rasp_s=0.174 lr=6.82392e-05
[Epoch 024/060] batch 0600/0744 loss=4.3228 det=4.2489 box=0.6512 cls=0.4417 dfl=0.0021 mard=2.0037 lambda=0.0369 pseudo_boxes=32 avg_conf=0.8687 rasp_s=0.174 lr=6.82392e-05
[Epoch 024/060] batch 0620/0744 loss=4.7404 det=4.6772 box=0.7014 cls=0.5767 dfl=0.0035 mard=2.0064 lambda=0.0315 pseudo_boxes=20 avg_conf=0.8152 rasp_s=0.174 lr=6.82392e-05
[Epoch 024/060] batch 0640/0744 loss=6.4971 det=6.4238 box=0.9036 cls=0.8561 dfl=0.0041 mard=1.9912 lambda=0.0368 pseudo_boxes=30 avg_conf=0.8679 rasp_s=0.174 lr=6.82392e-05
[Epoch 024/060] batch 0660/0744 loss=7.0282 det=6.9630 box=1.0178 cls=0.9597 dfl=0.0046 mard=2.0120 lambda=0.0324 pseudo_boxes=55 avg_conf=0.8241 rasp_s=0.174 lr=6.82392e-05
[Epoch 024/060] batch 0680/0744 loss=5.9970 det=5.9255 box=0.8856 cls=0.7548 dfl=0.0046 mard=2.0113 lambda=0.0356 pseudo_boxes=30 avg_conf=0.8559 rasp_s=0.174 lr=6.82392e-05
[Epoch 024/060] batch 0700/0744 loss=6.4904 det=6.4248 box=0.9175 cls=0.9274 dfl=0.0048 mard=1.9847 lambda=0.0331 pseudo_boxes=42 avg_conf=0.8309 rasp_s=0.174 lr=6.82392e-05
[Epoch 024/060] batch 0720/0744 loss=6.9711 det=6.9123 box=1.1378 cls=0.6823 dfl=0.0038 mard=1.9867 lambda=0.0296 pseudo_boxes=40 avg_conf=0.7959 rasp_s=0.174 lr=6.82392e-05
[Epoch 024/060] batch 0740/0744 loss=6.7502 det=6.6764 box=1.1067 cls=0.8058 dfl=0.0039 mard=2.0239 lambda=0.0365 pseudo_boxes=45 avg_conf=0.8647 rasp_s=0.174 lr=6.82392e-05
[Epoch 024/060] batch 0744/0744 loss=5.8277 det=5.7761 box=1.1906 cls=1.0453 dfl=0.0045 mard=2.0145 lambda=0.0256 pseudo_boxes=66 avg_conf=0.7564 rasp_s=0.174 lr=6.82392e-05
[Epoch 024/060] done time=269.6s valid=744 skipped=0 pseudo_boxes=27969 loss=6.3486 det=6.2807 mard=2.0130 conf=0.8347 RASP(status=pruned, s=0.190, new_packs=3, knee=3/7)
[Epoch 025/060] start
[Epoch 025/060] batch 0001/0744 loss=6.5237 det=6.4483 box=0.9137 cls=0.8874 dfl=0.0075 mard=2.0228 lambda=0.0373 pseudo_boxes=22 avg_conf=0.8728 rasp_s=0.190 lr=6.57963e-05
[Epoch 025/060] batch 0020/0744 loss=8.7019 det=8.6370 box=1.3090 cls=1.2729 dfl=0.0048 mard=2.0126 lambda=0.0323 pseudo_boxes=47 avg_conf=0.8226 rasp_s=0.190 lr=6.57963e-05
[Epoch 025/060] batch 0040/0744 loss=4.1245 det=4.0516 box=0.6202 cls=0.4156 dfl=0.0038 mard=2.0092 lambda=0.0363 pseudo_boxes=30 avg_conf=0.8628 rasp_s=0.190 lr=6.57963e-05
[Epoch 025/060] batch 0060/0744 loss=4.4793 det=4.4116 box=0.6852 cls=0.4773 dfl=0.0030 mard=1.9938 lambda=0.0340 pseudo_boxes=41 avg_conf=0.8397 rasp_s=0.190 lr=6.57963e-05
[Epoch 025/060] batch 0080/0744 loss=5.0772 det=5.0199 box=0.7941 cls=0.4934 dfl=0.0030 mard=1.9944 lambda=0.0287 pseudo_boxes=44 avg_conf=0.7872 rasp_s=0.190 lr=6.57963e-05
[Epoch 025/060] batch 0100/0744 loss=5.4155 det=5.3499 box=0.7667 cls=0.6232 dfl=0.0028 mard=1.9986 lambda=0.0328 pseudo_boxes=30 avg_conf=0.8281 rasp_s=0.190 lr=6.57963e-05
[Epoch 025/060] batch 0120/0744 loss=9.1391 det=9.0775 box=1.3329 cls=1.1671 dfl=0.0062 mard=2.0279 lambda=0.0304 pseudo_boxes=37 avg_conf=0.8041 rasp_s=0.190 lr=6.57963e-05
[Epoch 025/060] batch 0140/0744 loss=6.5210 det=6.4554 box=1.0301 cls=0.7526 dfl=0.0039 mard=2.0136 lambda=0.0325 pseudo_boxes=50 avg_conf=0.8255 rasp_s=0.190 lr=6.57963e-05
[Epoch 025/060] batch 0160/0744 loss=5.9750 det=5.9128 box=0.8343 cls=0.7759 dfl=0.0039 mard=2.0051 lambda=0.0310 pseudo_boxes=43 avg_conf=0.8101 rasp_s=0.190 lr=6.57963e-05
[Epoch 025/060] batch 0180/0744 loss=6.1740 det=6.1045 box=0.9273 cls=0.6846 dfl=0.0044 mard=2.0109 lambda=0.0346 pseudo_boxes=38 avg_conf=0.8456 rasp_s=0.190 lr=6.57963e-05
[Epoch 025/060] batch 0200/0744 loss=7.0135 det=6.9458 box=1.1429 cls=0.7568 dfl=0.0051 mard=1.9951 lambda=0.0339 pseudo_boxes=32 avg_conf=0.8392 rasp_s=0.190 lr=6.57963e-05
[Epoch 025/060] batch 0220/0744 loss=6.9911 det=6.9218 box=1.0211 cls=0.9273 dfl=0.0062 mard=2.0233 lambda=0.0343 pseudo_boxes=29 avg_conf=0.8425 rasp_s=0.190 lr=6.57963e-05
[Epoch 025/060] batch 0240/0744 loss=5.1032 det=5.0329 box=0.8482 cls=0.5636 dfl=0.0042 mard=2.0242 lambda=0.0347 pseudo_boxes=43 avg_conf=0.8472 rasp_s=0.190 lr=6.57963e-05
[Epoch 025/060] batch 0260/0744 loss=6.6472 det=6.5791 box=1.0787 cls=0.6436 dfl=0.0038 mard=2.0276 lambda=0.0336 pseudo_boxes=48 avg_conf=0.8360 rasp_s=0.190 lr=6.57963e-05
[Epoch 025/060] batch 0280/0744 loss=5.3143 det=5.2450 box=0.8100 cls=0.6008 dfl=0.0034 mard=2.0123 lambda=0.0345 pseudo_boxes=31 avg_conf=0.8445 rasp_s=0.190 lr=6.57963e-05
[Epoch 025/060] batch 0300/0744 loss=3.4878 det=3.4109 box=0.5408 cls=0.2711 dfl=0.0040 mard=1.9904 lambda=0.0386 pseudo_boxes=44 avg_conf=0.8863 rasp_s=0.190 lr=6.57963e-05
[Epoch 025/060] batch 0320/0744 loss=6.3080 det=6.2471 box=1.1209 cls=0.6762 dfl=0.0034 mard=2.0295 lambda=0.0300 pseudo_boxes=31 avg_conf=0.8001 rasp_s=0.190 lr=6.57963e-05
[Epoch 025/060] batch 0340/0744 loss=5.9469 det=5.8833 box=0.9028 cls=0.6684 dfl=0.0047 mard=2.0141 lambda=0.0316 pseudo_boxes=23 avg_conf=0.8158 rasp_s=0.190 lr=6.57963e-05
[Epoch 025/060] batch 0360/0744 loss=8.2501 det=8.1812 box=1.3094 cls=0.9303 dfl=0.0055 mard=2.0290 lambda=0.0340 pseudo_boxes=42 avg_conf=0.8395 rasp_s=0.190 lr=6.57963e-05
[Epoch 025/060] batch 0380/0744 loss=6.9870 det=6.9258 box=1.0758 cls=0.9127 dfl=0.0047 mard=2.0061 lambda=0.0305 pseudo_boxes=48 avg_conf=0.8050 rasp_s=0.190 lr=6.57963e-05
[Epoch 025/060] batch 0400/0744 loss=8.8119 det=8.7455 box=1.3987 cls=1.2072 dfl=0.0060 mard=2.0380 lambda=0.0326 pseudo_boxes=33 avg_conf=0.8257 rasp_s=0.190 lr=6.57963e-05
[Epoch 025/060] batch 0420/0744 loss=7.0567 det=6.9936 box=0.9474 cls=0.9077 dfl=0.0032 mard=2.0294 lambda=0.0311 pseudo_boxes=51 avg_conf=0.8107 rasp_s=0.190 lr=6.57963e-05
[Epoch 025/060] batch 0440/0744 loss=4.7773 det=4.7036 box=0.7848 cls=0.4829 dfl=0.0027 mard=2.0252 lambda=0.0364 pseudo_boxes=50 avg_conf=0.8638 rasp_s=0.190 lr=6.57963e-05
[Epoch 025/060] batch 0460/0744 loss=6.4742 det=6.4121 box=1.1135 cls=0.5720 dfl=0.0036 mard=2.0091 lambda=0.0309 pseudo_boxes=41 avg_conf=0.8092 rasp_s=0.190 lr=6.57963e-05
[Epoch 025/060] batch 0480/0744 loss=4.9498 det=4.8780 box=0.6642 cls=0.6725 dfl=0.0036 mard=1.9975 lambda=0.0360 pseudo_boxes=40 avg_conf=0.8597 rasp_s=0.190 lr=6.57963e-05
[Epoch 025/060] batch 0500/0744 loss=5.6837 det=5.6203 box=1.1272 cls=0.8734 dfl=0.0050 mard=2.0123 lambda=0.0315 pseudo_boxes=33 avg_conf=0.8148 rasp_s=0.190 lr=6.57963e-05
[Epoch 025/060] batch 0520/0744 loss=4.7851 det=4.7088 box=0.5717 cls=0.7003 dfl=0.0022 mard=2.0366 lambda=0.0375 pseudo_boxes=15 avg_conf=0.8748 rasp_s=0.190 lr=6.57963e-05
[Epoch 025/060] batch 0540/0744 loss=6.0843 det=6.0153 box=0.9132 cls=0.7230 dfl=0.0058 mard=2.0092 lambda=0.0344 pseudo_boxes=39 avg_conf=0.8438 rasp_s=0.190 lr=6.57963e-05
[Epoch 025/060] batch 0560/0744 loss=5.7030 det=5.6428 box=0.8036 cls=0.6896 dfl=0.0034 mard=2.0202 lambda=0.0298 pseudo_boxes=65 avg_conf=0.7976 rasp_s=0.190 lr=6.57963e-05
[Epoch 025/060] batch 0580/0744 loss=4.0510 det=3.9784 box=0.6354 cls=0.3940 dfl=0.0026 mard=1.9993 lambda=0.0363 pseudo_boxes=36 avg_conf=0.8631 rasp_s=0.190 lr=6.57963e-05
[Epoch 025/060] batch 0600/0744 loss=5.7500 det=5.6852 box=0.7676 cls=0.8144 dfl=0.0051 mard=2.0122 lambda=0.0322 pseudo_boxes=40 avg_conf=0.8221 rasp_s=0.190 lr=6.57963e-05
[Epoch 025/060] batch 0620/0744 loss=5.0349 det=4.9605 box=0.7730 cls=0.5213 dfl=0.0037 mard=2.0064 lambda=0.0370 pseudo_boxes=36 avg_conf=0.8705 rasp_s=0.190 lr=6.57963e-05
[Epoch 025/060] batch 0640/0744 loss=5.4557 det=5.3886 box=0.7064 cls=0.7587 dfl=0.0032 mard=1.9983 lambda=0.0335 pseudo_boxes=46 avg_conf=0.8355 rasp_s=0.190 lr=6.57963e-05
[Epoch 025/060] batch 0660/0744 loss=8.2696 det=8.2148 box=1.1990 cls=1.0395 dfl=0.0049 mard=1.9819 lambda=0.0276 pseudo_boxes=37 avg_conf=0.7764 rasp_s=0.190 lr=6.57963e-05
[Epoch 025/060] batch 0680/0744 loss=5.1268 det=5.0649 box=1.0614 cls=0.7759 dfl=0.0041 mard=1.9701 lambda=0.0314 pseudo_boxes=22 avg_conf=0.8145 rasp_s=0.190 lr=6.57963e-05
[Epoch 025/060] batch 0700/0744 loss=8.1451 det=8.0743 box=1.2557 cls=1.1476 dfl=0.0050 mard=2.0363 lambda=0.0347 pseudo_boxes=37 avg_conf=0.8474 rasp_s=0.190 lr=6.57963e-05
[Epoch 025/060] batch 0720/0744 loss=4.7989 det=4.7335 box=0.7082 cls=0.5068 dfl=0.0043 mard=1.9944 lambda=0.0328 pseudo_boxes=55 avg_conf=0.8281 rasp_s=0.190 lr=6.57963e-05
[Epoch 025/060] batch 0740/0744 loss=5.8890 det=5.8242 box=0.9429 cls=0.6837 dfl=0.0038 mard=2.0053 lambda=0.0323 pseudo_boxes=30 avg_conf=0.8230 rasp_s=0.190 lr=6.57963e-05
[Epoch 025/060] batch 0744/0744 loss=4.3698 det=4.3039 box=0.9709 cls=0.6500 dfl=0.0049 mard=1.9912 lambda=0.0331 pseudo_boxes=27 avg_conf=0.8309 rasp_s=0.190 lr=6.57963e-05
[Epoch 025/060] done time=269.5s valid=744 skipped=0 pseudo_boxes=27997 loss=6.3434 det=6.2754 mard=2.0137 conf=0.8347 RASP(status=recovery_interval, s=0.190, new_packs=0, knee=0/0)
[Epoch 25] saved latent=yolo26_rasp_latent_epoch_25.pt state=rasp_training_state_epoch_25.pt
[Epoch 026/060] start
[Epoch 026/060] batch 0001/0744 loss=4.3012 det=4.2219 box=0.7305 cls=0.3883 dfl=0.0041 mard=2.0062 lambda=0.0395 pseudo_boxes=39 avg_conf=0.8952 rasp_s=0.190 lr=6.33115e-05
[Epoch 026/060] batch 0020/0744 loss=7.1529 det=7.0775 box=1.0077 cls=0.9036 dfl=0.0040 mard=2.0451 lambda=0.0369 pseudo_boxes=23 avg_conf=0.8688 rasp_s=0.190 lr=6.33115e-05
[Epoch 026/060] batch 0040/0744 loss=6.3917 det=6.3249 box=0.9974 cls=0.7103 dfl=0.0040 mard=1.9963 lambda=0.0335 pseudo_boxes=37 avg_conf=0.8346 rasp_s=0.190 lr=6.33115e-05
[Epoch 026/060] batch 0060/0744 loss=5.0306 det=4.9652 box=0.8571 cls=0.4928 dfl=0.0032 mard=2.0197 lambda=0.0324 pseudo_boxes=49 avg_conf=0.8241 rasp_s=0.190 lr=6.33115e-05
[Epoch 026/060] batch 0080/0744 loss=6.8058 det=6.7378 box=0.9827 cls=0.9312 dfl=0.0051 mard=2.0242 lambda=0.0336 pseudo_boxes=34 avg_conf=0.8360 rasp_s=0.190 lr=6.33115e-05
[Epoch 026/060] batch 0100/0744 loss=7.3428 det=7.2800 box=1.0748 cls=0.8570 dfl=0.0048 mard=2.0415 lambda=0.0308 pseudo_boxes=24 avg_conf=0.8079 rasp_s=0.190 lr=6.33115e-05
[Epoch 026/060] batch 0120/0744 loss=5.1887 det=5.1061 box=0.7824 cls=0.5989 dfl=0.0057 mard=2.0326 lambda=0.0406 pseudo_boxes=21 avg_conf=0.9062 rasp_s=0.190 lr=6.33115e-05
[Epoch 026/060] batch 0140/0744 loss=5.6742 det=5.6078 box=0.8905 cls=0.6381 dfl=0.0033 mard=2.0396 lambda=0.0325 pseudo_boxes=51 avg_conf=0.8254 rasp_s=0.190 lr=6.33115e-05
[Epoch 026/060] batch 0160/0744 loss=6.9918 det=6.9232 box=1.1604 cls=0.7543 dfl=0.0058 mard=2.0137 lambda=0.0340 pseudo_boxes=45 avg_conf=0.8405 rasp_s=0.190 lr=6.33115e-05
[Epoch 026/060] batch 0180/0744 loss=6.1607 det=6.1010 box=0.9276 cls=0.7746 dfl=0.0032 mard=2.0048 lambda=0.0298 pseudo_boxes=45 avg_conf=0.7979 rasp_s=0.190 lr=6.33115e-05
[Epoch 026/060] batch 0200/0744 loss=5.3059 det=5.2305 box=0.8274 cls=0.5746 dfl=0.0041 mard=1.9852 lambda=0.0380 pseudo_boxes=26 avg_conf=0.8798 rasp_s=0.190 lr=6.33115e-05
[Epoch 026/060] batch 0220/0744 loss=8.1498 det=8.0931 box=1.2118 cls=1.0688 dfl=0.0054 mard=2.0161 lambda=0.0281 pseudo_boxes=27 avg_conf=0.7812 rasp_s=0.190 lr=6.33115e-05
[Epoch 026/060] batch 0240/0744 loss=4.6211 det=4.5448 box=0.6348 cls=0.5923 dfl=0.0033 mard=2.0068 lambda=0.0380 pseudo_boxes=21 avg_conf=0.8798 rasp_s=0.190 lr=6.33115e-05
[Epoch 026/060] batch 0260/0744 loss=4.7120 det=4.6458 box=0.8034 cls=0.3962 dfl=0.0028 mard=2.0265 lambda=0.0327 pseudo_boxes=40 avg_conf=0.8267 rasp_s=0.190 lr=6.33115e-05
[Epoch 026/060] batch 0280/0744 loss=3.4800 det=3.4059 box=0.5377 cls=0.2935 dfl=0.0029 mard=1.9999 lambda=0.0370 pseudo_boxes=39 avg_conf=0.8701 rasp_s=0.190 lr=6.33115e-05
[Epoch 026/060] batch 0300/0744 loss=4.8628 det=4.7948 box=0.8147 cls=0.4645 dfl=0.0036 mard=2.0129 lambda=0.0338 pseudo_boxes=45 avg_conf=0.8379 rasp_s=0.190 lr=6.33115e-05
[Epoch 026/060] batch 0320/0744 loss=4.1063 det=4.0268 box=0.5885 cls=0.4116 dfl=0.0030 mard=2.0054 lambda=0.0396 pseudo_boxes=47 avg_conf=0.8963 rasp_s=0.190 lr=6.33115e-05
[Epoch 026/060] batch 0340/0744 loss=7.0054 det=6.9478 box=0.9839 cls=0.8962 dfl=0.0025 mard=2.0133 lambda=0.0286 pseudo_boxes=32 avg_conf=0.7857 rasp_s=0.190 lr=6.33115e-05
[Epoch 026/060] batch 0360/0744 loss=5.0658 det=5.0001 box=0.8424 cls=0.4651 dfl=0.0037 mard=1.9904 lambda=0.0330 pseudo_boxes=58 avg_conf=0.8302 rasp_s=0.190 lr=6.33115e-05
[Epoch 026/060] batch 0380/0744 loss=6.4276 det=6.3645 box=0.9900 cls=0.7146 dfl=0.0034 mard=2.0237 lambda=0.0311 pseudo_boxes=63 avg_conf=0.8114 rasp_s=0.190 lr=6.33115e-05
[Epoch 026/060] batch 0400/0744 loss=5.6047 det=5.5346 box=0.7782 cls=0.7337 dfl=0.0046 mard=2.0311 lambda=0.0345 pseudo_boxes=35 avg_conf=0.8453 rasp_s=0.190 lr=6.33115e-05
[Epoch 026/060] batch 0420/0744 loss=5.5913 det=5.5280 box=0.9182 cls=0.6158 dfl=0.0035 mard=2.0350 lambda=0.0311 pseudo_boxes=25 avg_conf=0.8112 rasp_s=0.190 lr=6.33115e-05
[Epoch 026/060] batch 0440/0744 loss=6.8549 det=6.7881 box=0.9853 cls=0.9238 dfl=0.0038 mard=2.0257 lambda=0.0330 pseudo_boxes=46 avg_conf=0.8297 rasp_s=0.190 lr=6.33115e-05
[Epoch 026/060] batch 0460/0744 loss=3.9251 det=3.8506 box=0.6135 cls=0.3534 dfl=0.0026 mard=1.9917 lambda=0.0374 pseudo_boxes=30 avg_conf=0.8739 rasp_s=0.190 lr=6.33115e-05
[Epoch 026/060] batch 0480/0744 loss=10.6736 det=10.6248 box=1.6253 cls=1.6191 dfl=0.0042 mard=2.0099 lambda=0.0243 pseudo_boxes=49 avg_conf=0.7428 rasp_s=0.190 lr=6.33115e-05
[Epoch 026/060] batch 0500/0744 loss=6.9562 det=6.8874 box=1.0691 cls=0.9652 dfl=0.0042 mard=2.0090 lambda=0.0343 pseudo_boxes=31 avg_conf=0.8427 rasp_s=0.190 lr=6.33115e-05
[Epoch 026/060] batch 0520/0744 loss=6.2293 det=6.1624 box=0.8161 cls=0.7955 dfl=0.0036 mard=2.0214 lambda=0.0331 pseudo_boxes=29 avg_conf=0.8309 rasp_s=0.190 lr=6.33115e-05
[Epoch 026/060] batch 0540/0744 loss=6.2155 det=6.1543 box=0.8737 cls=0.7110 dfl=0.0028 mard=1.9957 lambda=0.0307 pseudo_boxes=41 avg_conf=0.8067 rasp_s=0.190 lr=6.33115e-05
[Epoch 026/060] batch 0560/0744 loss=5.3220 det=5.2599 box=0.8585 cls=0.5283 dfl=0.0024 mard=1.9935 lambda=0.0312 pseudo_boxes=34 avg_conf=0.8117 rasp_s=0.190 lr=6.33115e-05
[Epoch 026/060] batch 0580/0744 loss=4.4838 det=4.4161 box=0.6785 cls=0.4290 dfl=0.0027 mard=1.9529 lambda=0.0347 pseudo_boxes=45 avg_conf=0.8466 rasp_s=0.190 lr=6.33115e-05
[Epoch 026/060] batch 0600/0744 loss=6.6516 det=6.5836 box=0.8928 cls=0.8719 dfl=0.0051 mard=2.0271 lambda=0.0336 pseudo_boxes=65 avg_conf=0.8359 rasp_s=0.190 lr=6.33115e-05
[Epoch 026/060] batch 0620/0744 loss=4.7452 det=4.6776 box=0.7247 cls=0.5115 dfl=0.0029 mard=2.0191 lambda=0.0335 pseudo_boxes=32 avg_conf=0.8349 rasp_s=0.190 lr=6.33115e-05
[Epoch 026/060] batch 0640/0744 loss=6.8256 det=6.7632 box=0.9584 cls=0.8420 dfl=0.0068 mard=1.9930 lambda=0.0313 pseudo_boxes=42 avg_conf=0.8135 rasp_s=0.190 lr=6.33115e-05
[Epoch 026/060] batch 0660/0744 loss=8.3553 det=8.2931 box=1.2672 cls=1.1548 dfl=0.0049 mard=2.0180 lambda=0.0308 pseudo_boxes=53 avg_conf=0.8081 rasp_s=0.190 lr=6.33115e-05
[Epoch 026/060] batch 0680/0744 loss=4.2357 det=4.1626 box=0.5777 cls=0.5403 dfl=0.0024 mard=1.9941 lambda=0.0366 pseudo_boxes=31 avg_conf=0.8665 rasp_s=0.190 lr=6.33115e-05
[Epoch 026/060] batch 0700/0744 loss=5.3338 det=5.2609 box=0.9002 cls=0.4974 dfl=0.0055 mard=1.9867 lambda=0.0367 pseudo_boxes=38 avg_conf=0.8668 rasp_s=0.190 lr=6.33115e-05
[Epoch 026/060] batch 0720/0744 loss=7.9214 det=7.8600 box=1.1804 cls=0.8837 dfl=0.0035 mard=2.0175 lambda=0.0304 pseudo_boxes=21 avg_conf=0.8041 rasp_s=0.190 lr=6.33115e-05
[Epoch 026/060] batch 0740/0744 loss=6.4579 det=6.3936 box=0.9881 cls=0.7455 dfl=0.0037 mard=2.0053 lambda=0.0321 pseudo_boxes=49 avg_conf=0.8205 rasp_s=0.190 lr=6.33115e-05
[Epoch 026/060] batch 0744/0744 loss=3.0020 det=2.9299 box=0.5976 cls=0.4001 dfl=0.0025 mard=1.9999 lambda=0.0360 pseudo_boxes=27 avg_conf=0.8603 rasp_s=0.190 lr=6.33115e-05
[Epoch 026/060] done time=269.2s valid=744 skipped=0 pseudo_boxes=28041 loss=6.4071 det=6.3393 mard=2.0125 conf=0.8345 RASP(status=recovery_interval, s=0.190, new_packs=0, knee=0/0)
[Epoch 027/060] start
[Epoch 027/060] batch 0001/0744 loss=6.2747 det=6.2082 box=0.9061 cls=0.7624 dfl=0.0036 mard=2.0311 lambda=0.0327 pseudo_boxes=31 avg_conf=0.8274 rasp_s=0.190 lr=6.07916e-05
[Epoch 027/060] batch 0020/0744 loss=8.1162 det=8.0505 box=1.2263 cls=0.9325 dfl=0.0056 mard=2.0053 lambda=0.0328 pseudo_boxes=39 avg_conf=0.8275 rasp_s=0.190 lr=6.07916e-05
[Epoch 027/060] batch 0040/0744 loss=9.2595 det=9.1921 box=1.4063 cls=1.1051 dfl=0.0079 mard=1.9925 lambda=0.0338 pseudo_boxes=54 avg_conf=0.8383 rasp_s=0.190 lr=6.07916e-05
[Epoch 027/060] batch 0060/0744 loss=5.7969 det=5.7249 box=0.8622 cls=0.6837 dfl=0.0048 mard=2.0096 lambda=0.0358 pseudo_boxes=31 avg_conf=0.8580 rasp_s=0.190 lr=6.07916e-05
[Epoch 027/060] batch 0080/0744 loss=7.2139 det=7.1477 box=1.0715 cls=0.9348 dfl=0.0038 mard=2.0274 lambda=0.0326 pseudo_boxes=41 avg_conf=0.8261 rasp_s=0.190 lr=6.07916e-05
[Epoch 027/060] batch 0100/0744 loss=8.2886 det=8.2155 box=1.1440 cls=1.0646 dfl=0.0064 mard=2.0188 lambda=0.0362 pseudo_boxes=33 avg_conf=0.8622 rasp_s=0.190 lr=6.07916e-05
[Epoch 027/060] batch 0120/0744 loss=5.3950 det=5.3338 box=0.7632 cls=0.6520 dfl=0.0030 mard=2.0122 lambda=0.0304 pseudo_boxes=46 avg_conf=0.8043 rasp_s=0.190 lr=6.07916e-05
[Epoch 027/060] batch 0140/0744 loss=5.3824 det=5.3055 box=0.7342 cls=0.8059 dfl=0.0074 mard=1.9991 lambda=0.0385 pseudo_boxes=24 avg_conf=0.8847 rasp_s=0.190 lr=6.07916e-05
[Epoch 027/060] batch 0160/0744 loss=6.6418 det=6.5825 box=1.0059 cls=0.8887 dfl=0.0032 mard=2.0271 lambda=0.0293 pseudo_boxes=36 avg_conf=0.7926 rasp_s=0.190 lr=6.07916e-05
[Epoch 027/060] batch 0180/0744 loss=8.8744 det=8.8139 box=1.2090 cls=1.4564 dfl=0.0042 mard=1.9962 lambda=0.0303 pseudo_boxes=28 avg_conf=0.8032 rasp_s=0.190 lr=6.07916e-05
[Epoch 027/060] batch 0200/0744 loss=7.3818 det=7.3183 box=1.0165 cls=0.9516 dfl=0.0040 mard=2.0213 lambda=0.0314 pseudo_boxes=45 avg_conf=0.8142 rasp_s=0.190 lr=6.07916e-05
[Epoch 027/060] batch 0220/0744 loss=5.4461 det=5.3766 box=0.9137 cls=0.5182 dfl=0.0038 mard=2.0202 lambda=0.0344 pseudo_boxes=39 avg_conf=0.8439 rasp_s=0.190 lr=6.07916e-05
[Epoch 027/060] batch 0240/0744 loss=5.8553 det=5.7812 box=0.7612 cls=0.7788 dfl=0.0047 mard=2.0215 lambda=0.0367 pseudo_boxes=29 avg_conf=0.8666 rasp_s=0.190 lr=6.07916e-05
[Epoch 027/060] batch 0260/0744 loss=5.7866 det=5.7199 box=0.8787 cls=0.6334 dfl=0.0045 mard=2.0373 lambda=0.0328 pseudo_boxes=41 avg_conf=0.8277 rasp_s=0.190 lr=6.07916e-05
[Epoch 027/060] batch 0280/0744 loss=5.4527 det=5.3911 box=0.7995 cls=0.6289 dfl=0.0033 mard=1.9818 lambda=0.0311 pseudo_boxes=31 avg_conf=0.8108 rasp_s=0.190 lr=6.07916e-05
[Epoch 027/060] batch 0300/0744 loss=4.8307 det=4.7657 box=0.7125 cls=0.5528 dfl=0.0025 mard=2.0302 lambda=0.0320 pseudo_boxes=29 avg_conf=0.8201 rasp_s=0.190 lr=6.07916e-05
[Epoch 027/060] batch 0320/0744 loss=7.1342 det=7.0740 box=1.1045 cls=0.7876 dfl=0.0033 mard=2.0178 lambda=0.0298 pseudo_boxes=47 avg_conf=0.7983 rasp_s=0.190 lr=6.07916e-05
[Epoch 027/060] batch 0340/0744 loss=5.5697 det=5.5010 box=0.8749 cls=0.6400 dfl=0.0030 mard=2.0071 lambda=0.0342 pseudo_boxes=45 avg_conf=0.8422 rasp_s=0.190 lr=6.07916e-05
[Epoch 027/060] batch 0360/0744 loss=6.3337 det=6.2728 box=0.9145 cls=0.7716 dfl=0.0029 mard=2.0320 lambda=0.0300 pseudo_boxes=68 avg_conf=0.7998 rasp_s=0.190 lr=6.07916e-05
[Epoch 027/060] batch 0380/0744 loss=6.2928 det=6.2291 box=0.8641 cls=0.8117 dfl=0.0032 mard=2.0113 lambda=0.0317 pseudo_boxes=36 avg_conf=0.8167 rasp_s=0.190 lr=6.07916e-05
[Epoch 027/060] batch 0400/0744 loss=7.6706 det=7.6043 box=1.1087 cls=1.0458 dfl=0.0057 mard=2.0278 lambda=0.0327 pseudo_boxes=20 avg_conf=0.8267 rasp_s=0.190 lr=6.07916e-05
[Epoch 027/060] batch 0420/0744 loss=4.7021 det=4.6255 box=0.7281 cls=0.4367 dfl=0.0047 mard=2.0299 lambda=0.0377 pseudo_boxes=31 avg_conf=0.8775 rasp_s=0.190 lr=6.07916e-05
[Epoch 027/060] batch 0440/0744 loss=6.3755 det=6.3125 box=0.9911 cls=0.8054 dfl=0.0040 mard=2.0159 lambda=0.0313 pseudo_boxes=39 avg_conf=0.8127 rasp_s=0.190 lr=6.07916e-05
[Epoch 027/060] batch 0460/0744 loss=6.4856 det=6.4197 box=0.9994 cls=0.7011 dfl=0.0037 mard=2.0389 lambda=0.0323 pseudo_boxes=49 avg_conf=0.8230 rasp_s=0.190 lr=6.07916e-05
[Epoch 027/060] batch 0480/0744 loss=8.2498 det=8.1827 box=1.2525 cls=1.0164 dfl=0.0052 mard=1.9922 lambda=0.0337 pseudo_boxes=34 avg_conf=0.8370 rasp_s=0.190 lr=6.07916e-05
[Epoch 027/060] batch 0500/0744 loss=6.3816 det=6.3124 box=0.8936 cls=0.7718 dfl=0.0036 mard=1.9901 lambda=0.0348 pseudo_boxes=30 avg_conf=0.8476 rasp_s=0.190 lr=6.07916e-05
[Epoch 027/060] batch 0520/0744 loss=7.6332 det=7.5749 box=1.1208 cls=1.0256 dfl=0.0035 mard=2.0013 lambda=0.0291 pseudo_boxes=32 avg_conf=0.7915 rasp_s=0.190 lr=6.07916e-05
[Epoch 027/060] batch 0540/0744 loss=6.2000 det=6.1320 box=0.9024 cls=0.7166 dfl=0.0034 mard=2.0030 lambda=0.0340 pseudo_boxes=31 avg_conf=0.8396 rasp_s=0.190 lr=6.07916e-05
[Epoch 027/060] batch 0560/0744 loss=5.9688 det=5.9054 box=0.8835 cls=0.7382 dfl=0.0029 mard=2.0050 lambda=0.0317 pseudo_boxes=34 avg_conf=0.8165 rasp_s=0.190 lr=6.07916e-05
[Epoch 027/060] batch 0580/0744 loss=5.2423 det=5.1765 box=0.7986 cls=0.5841 dfl=0.0029 mard=1.9937 lambda=0.0330 pseudo_boxes=46 avg_conf=0.8298 rasp_s=0.190 lr=6.07916e-05
[Epoch 027/060] batch 0600/0744 loss=3.7640 det=3.6882 box=0.6105 cls=0.3149 dfl=0.0025 mard=2.0448 lambda=0.0371 pseudo_boxes=43 avg_conf=0.8710 rasp_s=0.190 lr=6.07916e-05
[Epoch 027/060] batch 0620/0744 loss=5.1824 det=5.1140 box=0.7894 cls=0.6472 dfl=0.0022 mard=2.0214 lambda=0.0339 pseudo_boxes=44 avg_conf=0.8386 rasp_s=0.190 lr=6.07916e-05
[Epoch 027/060] batch 0640/0744 loss=6.7525 det=6.6928 box=0.9192 cls=0.8887 dfl=0.0024 mard=1.9862 lambda=0.0301 pseudo_boxes=36 avg_conf=0.8007 rasp_s=0.190 lr=6.07916e-05
[Epoch 027/060] batch 0660/0744 loss=5.2515 det=5.1706 box=0.8073 cls=0.5991 dfl=0.0043 mard=2.0268 lambda=0.0399 pseudo_boxes=32 avg_conf=0.8992 rasp_s=0.190 lr=6.07916e-05
[Epoch 027/060] batch 0680/0744 loss=7.7719 det=7.7029 box=1.1358 cls=0.9644 dfl=0.0102 mard=2.0103 lambda=0.0343 pseudo_boxes=49 avg_conf=0.8430 rasp_s=0.190 lr=6.07916e-05
[Epoch 027/060] batch 0700/0744 loss=7.3775 det=7.3146 box=1.0077 cls=1.0860 dfl=0.0052 mard=2.0357 lambda=0.0309 pseudo_boxes=34 avg_conf=0.8091 rasp_s=0.190 lr=6.07916e-05
[Epoch 027/060] batch 0720/0744 loss=4.7019 det=4.6315 box=0.7328 cls=0.4866 dfl=0.0034 mard=1.9970 lambda=0.0353 pseudo_boxes=37 avg_conf=0.8529 rasp_s=0.190 lr=6.07916e-05
[Epoch 027/060] batch 0740/0744 loss=7.0235 det=6.9517 box=1.0911 cls=0.8072 dfl=0.0051 mard=1.9962 lambda=0.0360 pseudo_boxes=64 avg_conf=0.8595 rasp_s=0.190 lr=6.07916e-05
[Epoch 027/060] batch 0744/0744 loss=4.5941 det=4.5282 box=0.8753 cls=0.7119 dfl=0.0033 mard=1.9852 lambda=0.0332 pseudo_boxes=22 avg_conf=0.8318 rasp_s=0.190 lr=6.07916e-05
[Epoch 027/060] done time=269.4s valid=744 skipped=0 pseudo_boxes=27999 loss=6.3540 det=6.2862 mard=2.0125 conf=0.8349 RASP(status=pruned, s=0.201, new_packs=2, knee=2/4)
[Epoch 028/060] start
[Epoch 028/060] batch 0001/0744 loss=4.6143 det=4.5357 box=0.7225 cls=0.4870 dfl=0.0030 mard=2.0446 lambda=0.0384 pseudo_boxes=30 avg_conf=0.8843 rasp_s=0.201 lr=5.82435e-05
[Epoch 028/060] batch 0020/0744 loss=5.2169 det=5.1476 box=0.7651 cls=0.5601 dfl=0.0034 mard=2.0223 lambda=0.0343 pseudo_boxes=43 avg_conf=0.8427 rasp_s=0.201 lr=5.82435e-05
[Epoch 028/060] batch 0040/0744 loss=5.1268 det=5.0473 box=0.7658 cls=0.5332 dfl=0.0049 mard=1.9992 lambda=0.0397 pseudo_boxes=28 avg_conf=0.8974 rasp_s=0.201 lr=5.82435e-05
[Epoch 028/060] batch 0060/0744 loss=6.6846 det=6.6200 box=1.0304 cls=0.7862 dfl=0.0036 mard=2.0177 lambda=0.0320 pseudo_boxes=35 avg_conf=0.8201 rasp_s=0.201 lr=5.82435e-05
[Epoch 028/060] batch 0080/0744 loss=3.8972 det=3.8181 box=0.6382 cls=0.3585 dfl=0.0030 mard=2.0078 lambda=0.0394 pseudo_boxes=30 avg_conf=0.8938 rasp_s=0.201 lr=5.82435e-05
[Epoch 028/060] batch 0100/0744 loss=8.6466 det=8.5779 box=1.2418 cls=1.2401 dfl=0.0040 mard=2.0313 lambda=0.0338 pseudo_boxes=31 avg_conf=0.8383 rasp_s=0.201 lr=5.82435e-05
[Epoch 028/060] batch 0120/0744 loss=6.5343 det=6.4758 box=0.9854 cls=0.7838 dfl=0.0031 mard=1.9928 lambda=0.0294 pseudo_boxes=54 avg_conf=0.7936 rasp_s=0.201 lr=5.82435e-05
[Epoch 028/060] batch 0140/0744 loss=7.8711 det=7.8066 box=1.2252 cls=1.0232 dfl=0.0052 mard=2.0210 lambda=0.0319 pseudo_boxes=59 avg_conf=0.8191 rasp_s=0.201 lr=5.82435e-05
[Epoch 028/060] batch 0160/0744 loss=6.5875 det=6.5268 box=1.0072 cls=0.8384 dfl=0.0032 mard=1.9997 lambda=0.0303 pseudo_boxes=41 avg_conf=0.8034 rasp_s=0.201 lr=5.82435e-05
[Epoch 028/060] batch 0180/0744 loss=5.6789 det=5.6159 box=0.8489 cls=0.6808 dfl=0.0044 mard=1.9843 lambda=0.0317 pseudo_boxes=45 avg_conf=0.8173 rasp_s=0.201 lr=5.82435e-05
[Epoch 028/060] batch 0200/0744 loss=5.9883 det=5.9183 box=0.9221 cls=0.6820 dfl=0.0041 mard=1.9775 lambda=0.0354 pseudo_boxes=41 avg_conf=0.8537 rasp_s=0.201 lr=5.82435e-05
[Epoch 028/060] batch 0220/0744 loss=7.7380 det=7.6718 box=1.2389 cls=0.9454 dfl=0.0042 mard=2.0206 lambda=0.0328 pseudo_boxes=32 avg_conf=0.8279 rasp_s=0.201 lr=5.82435e-05
[Epoch 028/060] batch 0240/0744 loss=4.3173 det=4.2459 box=0.6856 cls=0.4268 dfl=0.0032 mard=2.0223 lambda=0.0353 pseudo_boxes=20 avg_conf=0.8528 rasp_s=0.201 lr=5.82435e-05
[Epoch 028/060] batch 0260/0744 loss=5.4767 det=5.4059 box=0.9679 cls=0.4660 dfl=0.0059 mard=2.0109 lambda=0.0352 pseudo_boxes=34 avg_conf=0.8522 rasp_s=0.201 lr=5.82435e-05
[Epoch 028/060] batch 0280/0744 loss=9.7763 det=9.7116 box=1.4449 cls=1.1895 dfl=0.0053 mard=2.0287 lambda=0.0319 pseudo_boxes=39 avg_conf=0.8186 rasp_s=0.201 lr=5.82435e-05
[Epoch 028/060] batch 0300/0744 loss=5.6620 det=5.5969 box=0.9016 cls=0.5332 dfl=0.0034 mard=1.9853 lambda=0.0328 pseudo_boxes=61 avg_conf=0.8282 rasp_s=0.201 lr=5.82435e-05
[Epoch 028/060] batch 0320/0744 loss=4.4132 det=4.3423 box=0.6749 cls=0.4390 dfl=0.0036 mard=2.0099 lambda=0.0353 pseudo_boxes=33 avg_conf=0.8530 rasp_s=0.201 lr=5.82435e-05
[Epoch 028/060] batch 0340/0744 loss=6.1184 det=6.0431 box=0.7370 cls=0.9432 dfl=0.0044 mard=2.0384 lambda=0.0370 pseudo_boxes=20 avg_conf=0.8697 rasp_s=0.201 lr=5.82435e-05
[Epoch 028/060] batch 0360/0744 loss=10.3321 det=10.2627 box=1.4720 cls=1.3535 dfl=0.0088 mard=2.0189 lambda=0.0344 pseudo_boxes=43 avg_conf=0.8438 rasp_s=0.201 lr=5.82435e-05
[Epoch 028/060] batch 0380/0744 loss=7.7190 det=7.6579 box=1.0637 cls=0.9910 dfl=0.0053 mard=2.0345 lambda=0.0300 pseudo_boxes=39 avg_conf=0.8002 rasp_s=0.201 lr=5.82435e-05
[Epoch 028/060] batch 0400/0744 loss=6.1137 det=6.0464 box=0.8484 cls=0.8353 dfl=0.0046 mard=2.0358 lambda=0.0331 pseudo_boxes=27 avg_conf=0.8306 rasp_s=0.201 lr=5.82435e-05
[Epoch 028/060] batch 0420/0744 loss=4.4213 det=4.3521 box=0.9124 cls=0.6466 dfl=0.0047 mard=1.9753 lambda=0.0351 pseudo_boxes=20 avg_conf=0.8507 rasp_s=0.201 lr=5.82435e-05
[Epoch 028/060] batch 0440/0744 loss=6.1929 det=6.1250 box=0.9307 cls=0.7934 dfl=0.0030 mard=2.0137 lambda=0.0337 pseudo_boxes=27 avg_conf=0.8369 rasp_s=0.201 lr=5.82435e-05
[Epoch 028/060] batch 0460/0744 loss=3.6772 det=3.6144 box=0.7715 cls=0.4474 dfl=0.0028 mard=2.0240 lambda=0.0311 pseudo_boxes=22 avg_conf=0.8106 rasp_s=0.201 lr=5.82435e-05
[Epoch 028/060] batch 0480/0744 loss=3.0431 det=2.9616 box=0.6006 cls=0.4888 dfl=0.0030 mard=1.9965 lambda=0.0409 pseudo_boxes=23 avg_conf=0.9086 rasp_s=0.201 lr=5.82435e-05
[Epoch 028/060] batch 0500/0744 loss=5.6335 det=5.5608 box=0.9318 cls=0.5593 dfl=0.0044 mard=2.0063 lambda=0.0363 pseudo_boxes=34 avg_conf=0.8626 rasp_s=0.201 lr=5.82435e-05
[Epoch 028/060] batch 0520/0744 loss=7.3169 det=7.2584 box=1.1837 cls=0.7811 dfl=0.0042 mard=2.0024 lambda=0.0292 pseudo_boxes=49 avg_conf=0.7921 rasp_s=0.201 lr=5.82435e-05
[Epoch 028/060] batch 0540/0744 loss=5.5370 det=5.4723 box=0.8815 cls=1.0620 dfl=0.0049 mard=2.0387 lambda=0.0317 pseudo_boxes=38 avg_conf=0.8174 rasp_s=0.201 lr=5.82435e-05
[Epoch 028/060] batch 0560/0744 loss=5.4084 det=5.3315 box=0.8699 cls=1.0881 dfl=0.0049 mard=2.0364 lambda=0.0378 pseudo_boxes=24 avg_conf=0.8776 rasp_s=0.201 lr=5.82435e-05
[Epoch 028/060] batch 0580/0744 loss=5.9276 det=5.8588 box=0.9451 cls=0.6303 dfl=0.0058 mard=2.0204 lambda=0.0340 pseudo_boxes=61 avg_conf=0.8403 rasp_s=0.201 lr=5.82435e-05
[Epoch 028/060] batch 0600/0744 loss=6.2380 det=6.1743 box=0.9602 cls=0.7030 dfl=0.0033 mard=2.0057 lambda=0.0318 pseudo_boxes=53 avg_conf=0.8176 rasp_s=0.201 lr=5.82435e-05
[Epoch 028/060] batch 0620/0744 loss=5.5361 det=5.4710 box=0.8966 cls=0.5637 dfl=0.0029 mard=1.9718 lambda=0.0330 pseudo_boxes=40 avg_conf=0.8304 rasp_s=0.201 lr=5.82435e-05
[Epoch 028/060] batch 0640/0744 loss=5.5295 det=5.4591 box=0.8315 cls=0.6464 dfl=0.0033 mard=1.9991 lambda=0.0352 pseudo_boxes=41 avg_conf=0.8524 rasp_s=0.201 lr=5.82435e-05
[Epoch 028/060] batch 0660/0744 loss=6.2971 det=6.2330 box=0.9367 cls=0.6829 dfl=0.0050 mard=2.0041 lambda=0.0320 pseudo_boxes=34 avg_conf=0.8199 rasp_s=0.201 lr=5.82435e-05
[Epoch 028/060] batch 0680/0744 loss=6.9590 det=6.9045 box=0.9530 cls=0.8799 dfl=0.0057 mard=1.9909 lambda=0.0274 pseudo_boxes=28 avg_conf=0.7738 rasp_s=0.201 lr=5.82435e-05
[Epoch 028/060] batch 0700/0744 loss=5.6469 det=5.5669 box=0.8450 cls=0.5654 dfl=0.0073 mard=2.0245 lambda=0.0395 pseudo_boxes=30 avg_conf=0.8952 rasp_s=0.201 lr=5.82435e-05
[Epoch 028/060] batch 0720/0744 loss=6.2369 det=6.1667 box=0.9834 cls=0.6743 dfl=0.0042 mard=2.0080 lambda=0.0349 pseudo_boxes=49 avg_conf=0.8494 rasp_s=0.201 lr=5.82435e-05
[Epoch 028/060] batch 0740/0744 loss=6.4918 det=6.4249 box=1.0437 cls=0.5386 dfl=0.0038 mard=2.0030 lambda=0.0334 pseudo_boxes=33 avg_conf=0.8338 rasp_s=0.201 lr=5.82435e-05
[Epoch 028/060] batch 0744/0744 loss=3.8524 det=3.7813 box=0.7689 cls=0.6663 dfl=0.0030 mard=2.0281 lambda=0.0350 pseudo_boxes=30 avg_conf=0.8505 rasp_s=0.201 lr=5.82435e-05
[Epoch 028/060] done time=269.8s valid=744 skipped=0 pseudo_boxes=28037 loss=6.3905 det=6.3226 mard=2.0133 conf=0.8344 RASP(status=recovery_interval, s=0.201, new_packs=0, knee=0/0)
[Epoch 029/060] start
[Epoch 029/060] batch 0001/0744 loss=4.9380 det=4.8722 box=0.8014 cls=0.4187 dfl=0.0038 mard=2.0168 lambda=0.0326 pseudo_boxes=27 avg_conf=0.8261 rasp_s=0.201 lr=5.56742e-05
[Epoch 029/060] batch 0020/0744 loss=4.7172 det=4.6467 box=0.7422 cls=0.4381 dfl=0.0031 mard=1.9859 lambda=0.0355 pseudo_boxes=55 avg_conf=0.8547 rasp_s=0.201 lr=5.56742e-05
[Epoch 029/060] batch 0040/0744 loss=7.2977 det=7.2292 box=1.0225 cls=0.9434 dfl=0.0044 mard=1.9574 lambda=0.0350 pseudo_boxes=52 avg_conf=0.8501 rasp_s=0.201 lr=5.56742e-05
[Epoch 029/060] batch 0060/0744 loss=7.2895 det=7.2316 box=1.1701 cls=0.8112 dfl=0.0052 mard=2.0115 lambda=0.0288 pseudo_boxes=56 avg_conf=0.7878 rasp_s=0.201 lr=5.56742e-05
[Epoch 029/060] batch 0080/0744 loss=5.5895 det=5.5215 box=0.6622 cls=0.9168 dfl=0.0025 mard=1.9918 lambda=0.0341 pseudo_boxes=26 avg_conf=0.8414 rasp_s=0.201 lr=5.56742e-05
[Epoch 029/060] batch 0100/0744 loss=6.0168 det=5.9533 box=0.8141 cls=0.7635 dfl=0.0036 mard=2.0401 lambda=0.0311 pseudo_boxes=41 avg_conf=0.8113 rasp_s=0.201 lr=5.56742e-05
[Epoch 029/060] batch 0120/0744 loss=5.9795 det=5.9167 box=0.9636 cls=0.5282 dfl=0.0041 mard=2.0104 lambda=0.0312 pseudo_boxes=57 avg_conf=0.8124 rasp_s=0.201 lr=5.56742e-05
[Epoch 029/060] batch 0140/0744 loss=5.6446 det=5.5715 box=0.8184 cls=0.6527 dfl=0.0054 mard=2.0405 lambda=0.0358 pseudo_boxes=43 avg_conf=0.8581 rasp_s=0.201 lr=5.56742e-05
[Epoch 029/060] batch 0160/0744 loss=6.5191 det=6.4515 box=0.8964 cls=0.9649 dfl=0.0038 mard=2.0083 lambda=0.0337 pseudo_boxes=21 avg_conf=0.8366 rasp_s=0.201 lr=5.56742e-05
[Epoch 029/060] batch 0180/0744 loss=7.5032 det=7.4385 box=1.1301 cls=0.9460 dfl=0.0044 mard=1.9718 lambda=0.0328 pseudo_boxes=49 avg_conf=0.8280 rasp_s=0.201 lr=5.56742e-05
[Epoch 029/060] batch 0200/0744 loss=6.4395 det=6.3660 box=1.0192 cls=0.8019 dfl=0.0042 mard=2.0470 lambda=0.0359 pseudo_boxes=35 avg_conf=0.8588 rasp_s=0.201 lr=5.56742e-05
[Epoch 029/060] batch 0220/0744 loss=6.7748 det=6.6958 box=0.7233 cls=1.2155 dfl=0.0042 mard=2.0041 lambda=0.0394 pseudo_boxes=16 avg_conf=0.8940 rasp_s=0.201 lr=5.56742e-05
[Epoch 029/060] batch 0240/0744 loss=8.4309 det=8.3701 box=1.1799 cls=1.1286 dfl=0.0046 mard=2.0073 lambda=0.0303 pseudo_boxes=48 avg_conf=0.8030 rasp_s=0.201 lr=5.56742e-05
[Epoch 029/060] batch 0260/0744 loss=6.7905 det=6.7294 box=1.0734 cls=0.6659 dfl=0.0046 mard=1.9879 lambda=0.0308 pseudo_boxes=57 avg_conf=0.8076 rasp_s=0.201 lr=5.56742e-05
[Epoch 029/060] batch 0280/0744 loss=7.9153 det=7.8578 box=1.2019 cls=1.0097 dfl=0.0048 mard=2.0217 lambda=0.0284 pseudo_boxes=48 avg_conf=0.7844 rasp_s=0.201 lr=5.56742e-05
[Epoch 029/060] batch 0300/0744 loss=9.3056 det=9.2492 box=1.2870 cls=1.1353 dfl=0.0070 mard=2.0232 lambda=0.0279 pseudo_boxes=61 avg_conf=0.7788 rasp_s=0.201 lr=5.56742e-05
[Epoch 029/060] batch 0320/0744 loss=6.8661 det=6.8080 box=1.0565 cls=0.7910 dfl=0.0036 mard=2.0101 lambda=0.0289 pseudo_boxes=51 avg_conf=0.7891 rasp_s=0.201 lr=5.56742e-05
[Epoch 029/060] batch 0340/0744 loss=5.6235 det=5.5598 box=0.7993 cls=0.6728 dfl=0.0032 mard=2.0087 lambda=0.0318 pseudo_boxes=41 avg_conf=0.8175 rasp_s=0.201 lr=5.56742e-05
[Epoch 029/060] batch 0360/0744 loss=5.1240 det=5.0498 box=0.8061 cls=0.5363 dfl=0.0037 mard=2.0323 lambda=0.0365 pseudo_boxes=26 avg_conf=0.8655 rasp_s=0.201 lr=5.56742e-05
[Epoch 029/060] batch 0380/0744 loss=6.9708 det=6.9094 box=1.0791 cls=0.8095 dfl=0.0044 mard=2.0050 lambda=0.0306 pseudo_boxes=41 avg_conf=0.8065 rasp_s=0.201 lr=5.56742e-05
[Epoch 029/060] batch 0400/0744 loss=4.5424 det=4.4756 box=0.7067 cls=0.4627 dfl=0.0029 mard=2.0059 lambda=0.0333 pseudo_boxes=46 avg_conf=0.8331 rasp_s=0.201 lr=5.56742e-05
[Epoch 029/060] batch 0420/0744 loss=3.7262 det=3.6502 box=0.6517 cls=0.6729 dfl=0.0027 mard=2.0295 lambda=0.0374 pseudo_boxes=17 avg_conf=0.8741 rasp_s=0.201 lr=5.56742e-05
[Epoch 029/060] batch 0440/0744 loss=8.4881 det=8.4274 box=1.2400 cls=1.0270 dfl=0.0036 mard=2.0497 lambda=0.0296 pseudo_boxes=41 avg_conf=0.7958 rasp_s=0.201 lr=5.56742e-05
[Epoch 029/060] batch 0460/0744 loss=5.5022 det=5.4358 box=0.8780 cls=0.5918 dfl=0.0029 mard=2.0003 lambda=0.0332 pseudo_boxes=55 avg_conf=0.8321 rasp_s=0.201 lr=5.56742e-05
[Epoch 029/060] batch 0480/0744 loss=8.9382 det=8.8688 box=1.0554 cls=1.2579 dfl=0.0051 mard=2.0350 lambda=0.0341 pseudo_boxes=14 avg_conf=0.8410 rasp_s=0.201 lr=5.56742e-05
[Epoch 029/060] batch 0500/0744 loss=5.2736 det=5.2040 box=0.8136 cls=0.5398 dfl=0.0025 mard=2.0155 lambda=0.0345 pseudo_boxes=27 avg_conf=0.8454 rasp_s=0.201 lr=5.56742e-05
[Epoch 029/060] batch 0520/0744 loss=6.8978 det=6.8269 box=1.0635 cls=0.8383 dfl=0.0046 mard=2.0131 lambda=0.0352 pseudo_boxes=27 avg_conf=0.8524 rasp_s=0.201 lr=5.56742e-05
[Epoch 029/060] batch 0540/0744 loss=5.1298 det=5.0569 box=0.8687 cls=0.4457 dfl=0.0028 mard=2.0176 lambda=0.0362 pseudo_boxes=32 avg_conf=0.8615 rasp_s=0.201 lr=5.56742e-05
[Epoch 029/060] batch 0560/0744 loss=4.5732 det=4.5017 box=0.7125 cls=0.4729 dfl=0.0033 mard=1.9977 lambda=0.0358 pseudo_boxes=42 avg_conf=0.8580 rasp_s=0.201 lr=5.56742e-05
[Epoch 029/060] batch 0580/0744 loss=3.7365 det=3.6548 box=0.5257 cls=0.4401 dfl=0.0035 mard=2.0055 lambda=0.0408 pseudo_boxes=24 avg_conf=0.9077 rasp_s=0.201 lr=5.56742e-05
[Epoch 029/060] batch 0600/0744 loss=4.6349 det=4.5685 box=0.6368 cls=0.5786 dfl=0.0033 mard=1.9991 lambda=0.0332 pseudo_boxes=38 avg_conf=0.8320 rasp_s=0.201 lr=5.56742e-05
[Epoch 029/060] batch 0620/0744 loss=6.5669 det=6.5011 box=1.0937 cls=0.8121 dfl=0.0060 mard=2.0036 lambda=0.0329 pseudo_boxes=32 avg_conf=0.8287 rasp_s=0.201 lr=5.56742e-05
[Epoch 029/060] batch 0640/0744 loss=5.9214 det=5.8549 box=0.9430 cls=0.6071 dfl=0.0038 mard=2.0367 lambda=0.0326 pseudo_boxes=32 avg_conf=0.8265 rasp_s=0.201 lr=5.56742e-05
[Epoch 029/060] batch 0660/0744 loss=8.4805 det=8.4156 box=1.1774 cls=1.2302 dfl=0.0044 mard=2.0007 lambda=0.0324 pseudo_boxes=32 avg_conf=0.8243 rasp_s=0.201 lr=5.56742e-05
[Epoch 029/060] batch 0680/0744 loss=5.5130 det=5.4372 box=0.8664 cls=0.5993 dfl=0.0039 mard=2.0130 lambda=0.0377 pseudo_boxes=38 avg_conf=0.8767 rasp_s=0.201 lr=5.56742e-05
[Epoch 029/060] batch 0700/0744 loss=4.4789 det=4.3994 box=0.6955 cls=0.4669 dfl=0.0031 mard=2.0254 lambda=0.0392 pseudo_boxes=25 avg_conf=0.8923 rasp_s=0.201 lr=5.56742e-05
[Epoch 029/060] batch 0720/0744 loss=6.4017 det=6.3324 box=0.8975 cls=0.8355 dfl=0.0039 mard=1.9992 lambda=0.0347 pseudo_boxes=38 avg_conf=0.8466 rasp_s=0.201 lr=5.56742e-05
[Epoch 029/060] batch 0740/0744 loss=8.0041 det=7.9374 box=1.1572 cls=1.0622 dfl=0.0056 mard=2.0007 lambda=0.0333 pseudo_boxes=53 avg_conf=0.8332 rasp_s=0.201 lr=5.56742e-05
[Epoch 029/060] batch 0744/0744 loss=4.5802 det=4.5141 box=0.8994 cls=0.7811 dfl=0.0040 mard=2.0338 lambda=0.0325 pseudo_boxes=24 avg_conf=0.8250 rasp_s=0.201 lr=5.56742e-05
[Epoch 029/060] done time=269.9s valid=744 skipped=0 pseudo_boxes=28034 loss=6.3393 det=6.2714 mard=2.0115 conf=0.8342 RASP(status=recovery_interval, s=0.201, new_packs=0, knee=0/0)
[Epoch 030/060] start
[Epoch 030/060] batch 0001/0744 loss=3.8225 det=3.7482 box=0.5460 cls=0.4420 dfl=0.0022 mard=2.0027 lambda=0.0371 pseudo_boxes=22 avg_conf=0.8712 rasp_s=0.201 lr=5.30906e-05
[Epoch 030/060] batch 0020/0744 loss=6.7275 det=6.6618 box=0.9779 cls=0.8138 dfl=0.0042 mard=2.0186 lambda=0.0325 pseudo_boxes=28 avg_conf=0.8255 rasp_s=0.201 lr=5.30906e-05
[Epoch 030/060] batch 0040/0744 loss=6.9291 det=6.8644 box=1.0295 cls=0.8215 dfl=0.0040 mard=2.0260 lambda=0.0319 pseudo_boxes=43 avg_conf=0.8192 rasp_s=0.201 lr=5.30906e-05
[Epoch 030/060] batch 0060/0744 loss=5.5747 det=5.5058 box=0.8660 cls=0.5588 dfl=0.0028 mard=2.0027 lambda=0.0344 pseudo_boxes=44 avg_conf=0.8441 rasp_s=0.201 lr=5.30906e-05
[Epoch 030/060] batch 0080/0744 loss=7.6864 det=7.6168 box=1.0203 cls=0.9891 dfl=0.0035 mard=1.9930 lambda=0.0349 pseudo_boxes=34 avg_conf=0.8491 rasp_s=0.201 lr=5.30906e-05
[Epoch 030/060] batch 0100/0744 loss=5.4258 det=5.3630 box=0.8570 cls=0.5043 dfl=0.0034 mard=1.9820 lambda=0.0317 pseudo_boxes=36 avg_conf=0.8167 rasp_s=0.201 lr=5.30906e-05
[Epoch 030/060] batch 0120/0744 loss=7.5130 det=7.4464 box=1.0814 cls=0.9165 dfl=0.0040 mard=2.0290 lambda=0.0328 pseudo_boxes=43 avg_conf=0.8283 rasp_s=0.201 lr=5.30906e-05
[Epoch 030/060] batch 0140/0744 loss=6.1368 det=6.0670 box=0.9787 cls=0.5888 dfl=0.0034 mard=2.0224 lambda=0.0345 pseudo_boxes=41 avg_conf=0.8454 rasp_s=0.201 lr=5.30906e-05
[Epoch 030/060] batch 0160/0744 loss=4.8956 det=4.8192 box=0.6494 cls=0.6610 dfl=0.0031 mard=2.0272 lambda=0.0377 pseudo_boxes=32 avg_conf=0.8772 rasp_s=0.201 lr=5.30906e-05
[Epoch 030/060] batch 0180/0744 loss=6.0325 det=5.9599 box=0.9771 cls=0.7205 dfl=0.0041 mard=2.0217 lambda=0.0359 pseudo_boxes=25 avg_conf=0.8589 rasp_s=0.201 lr=5.30906e-05
[Epoch 030/060] batch 0200/0744 loss=6.3229 det=6.2442 box=0.8918 cls=0.8158 dfl=0.0053 mard=2.0192 lambda=0.0389 pseudo_boxes=29 avg_conf=0.8894 rasp_s=0.201 lr=5.30906e-05
[Epoch 030/060] batch 0220/0744 loss=6.5357 det=6.4736 box=1.0262 cls=0.7336 dfl=0.0034 mard=2.0134 lambda=0.0309 pseudo_boxes=33 avg_conf=0.8085 rasp_s=0.201 lr=5.30906e-05
[Epoch 030/060] batch 0240/0744 loss=9.1882 det=9.1216 box=1.2370 cls=1.3574 dfl=0.0078 mard=1.9851 lambda=0.0336 pseudo_boxes=26 avg_conf=0.8355 rasp_s=0.201 lr=5.30906e-05
[Epoch 030/060] batch 0260/0744 loss=7.4366 det=7.3708 box=1.0756 cls=0.9514 dfl=0.0062 mard=1.9956 lambda=0.0330 pseudo_boxes=35 avg_conf=0.8299 rasp_s=0.201 lr=5.30906e-05
[Epoch 030/060] batch 0280/0744 loss=6.5741 det=6.5030 box=0.9886 cls=0.8069 dfl=0.0046 mard=1.9997 lambda=0.0355 pseudo_boxes=37 avg_conf=0.8554 rasp_s=0.201 lr=5.30906e-05
[Epoch 030/060] batch 0300/0744 loss=5.6316 det=5.5662 box=0.7980 cls=0.6935 dfl=0.0039 mard=2.0126 lambda=0.0325 pseudo_boxes=37 avg_conf=0.8248 rasp_s=0.201 lr=5.30906e-05
[Epoch 030/060] batch 0320/0744 loss=4.7027 det=4.6281 box=0.6975 cls=0.5468 dfl=0.0028 mard=2.0125 lambda=0.0371 pseudo_boxes=33 avg_conf=0.8706 rasp_s=0.201 lr=5.30906e-05
[Epoch 030/060] batch 0340/0744 loss=8.0888 det=8.0313 box=1.1275 cls=1.0499 dfl=0.0042 mard=1.9986 lambda=0.0288 pseudo_boxes=33 avg_conf=0.7876 rasp_s=0.201 lr=5.30906e-05
[Epoch 030/060] batch 0360/0744 loss=6.4209 det=6.3489 box=0.9839 cls=0.7265 dfl=0.0045 mard=2.0365 lambda=0.0353 pseudo_boxes=39 avg_conf=0.8532 rasp_s=0.201 lr=5.30906e-05
[Epoch 030/060] batch 0380/0744 loss=3.2495 det=3.1759 box=0.5276 cls=0.2415 dfl=0.0038 mard=2.0089 lambda=0.0366 pseudo_boxes=41 avg_conf=0.8664 rasp_s=0.201 lr=5.30906e-05
[Epoch 030/060] batch 0400/0744 loss=9.6848 det=9.6274 box=1.3934 cls=1.1880 dfl=0.0064 mard=1.9974 lambda=0.0287 pseudo_boxes=39 avg_conf=0.7875 rasp_s=0.201 lr=5.30906e-05
[Epoch 030/060] batch 0420/0744 loss=10.8650 det=10.8016 box=1.5051 cls=1.4354 dfl=0.0062 mard=2.0171 lambda=0.0314 pseudo_boxes=37 avg_conf=0.8143 rasp_s=0.201 lr=5.30906e-05
[Epoch 030/060] batch 0440/0744 loss=5.4164 det=5.3515 box=0.9205 cls=0.5300 dfl=0.0042 mard=2.0070 lambda=0.0323 pseudo_boxes=42 avg_conf=0.8231 rasp_s=0.201 lr=5.30906e-05
[Epoch 030/060] batch 0460/0744 loss=5.1348 det=5.0619 box=0.8111 cls=0.5312 dfl=0.0025 mard=1.9996 lambda=0.0365 pseudo_boxes=34 avg_conf=0.8648 rasp_s=0.201 lr=5.30906e-05
[Epoch 030/060] batch 0480/0744 loss=5.9657 det=5.8913 box=0.9416 cls=0.6192 dfl=0.0027 mard=2.0236 lambda=0.0367 pseudo_boxes=18 avg_conf=0.8675 rasp_s=0.201 lr=5.30906e-05
[Epoch 030/060] batch 0500/0744 loss=5.8591 det=5.7905 box=0.7972 cls=0.7395 dfl=0.0032 mard=2.0197 lambda=0.0340 pseudo_boxes=32 avg_conf=0.8397 rasp_s=0.201 lr=5.30906e-05
[Epoch 030/060] batch 0520/0744 loss=5.4492 det=5.3950 box=0.8047 cls=0.5823 dfl=0.0023 mard=1.9859 lambda=0.0273 pseudo_boxes=39 avg_conf=0.7731 rasp_s=0.201 lr=5.30906e-05
[Epoch 030/060] batch 0540/0744 loss=5.8356 det=5.7645 box=0.8096 cls=0.7278 dfl=0.0042 mard=2.0325 lambda=0.0350 pseudo_boxes=38 avg_conf=0.8499 rasp_s=0.201 lr=5.30906e-05
[Epoch 030/060] batch 0560/0744 loss=5.8086 det=5.7479 box=0.9627 cls=0.6024 dfl=0.0044 mard=2.0081 lambda=0.0302 pseudo_boxes=41 avg_conf=0.8023 rasp_s=0.201 lr=5.30906e-05
[Epoch 030/060] batch 0580/0744 loss=7.3247 det=7.2613 box=1.2104 cls=0.6539 dfl=0.0043 mard=1.9959 lambda=0.0318 pseudo_boxes=51 avg_conf=0.8175 rasp_s=0.201 lr=5.30906e-05
[Epoch 030/060] batch 0600/0744 loss=5.8921 det=5.8217 box=0.8750 cls=0.7428 dfl=0.0039 mard=2.0238 lambda=0.0348 pseudo_boxes=34 avg_conf=0.8479 rasp_s=0.201 lr=5.30906e-05
[Epoch 030/060] batch 0620/0744 loss=5.3513 det=5.2840 box=0.7766 cls=0.6556 dfl=0.0044 mard=2.0080 lambda=0.0335 pseudo_boxes=65 avg_conf=0.8353 rasp_s=0.201 lr=5.30906e-05
[Epoch 030/060] batch 0640/0744 loss=6.6187 det=6.5556 box=0.9913 cls=0.7770 dfl=0.0035 mard=2.0029 lambda=0.0315 pseudo_boxes=44 avg_conf=0.8151 rasp_s=0.201 lr=5.30906e-05
[Epoch 030/060] batch 0660/0744 loss=5.5041 det=5.4340 box=0.7367 cls=0.7821 dfl=0.0032 mard=2.0233 lambda=0.0347 pseudo_boxes=22 avg_conf=0.8468 rasp_s=0.201 lr=5.30906e-05
[Epoch 030/060] batch 0680/0744 loss=5.5652 det=5.4990 box=0.8093 cls=0.6727 dfl=0.0030 mard=2.0111 lambda=0.0329 pseudo_boxes=40 avg_conf=0.8294 rasp_s=0.201 lr=5.30906e-05
[Epoch 030/060] batch 0700/0744 loss=5.4342 det=5.3651 box=0.7740 cls=0.6201 dfl=0.0036 mard=1.9823 lambda=0.0348 pseudo_boxes=34 avg_conf=0.8483 rasp_s=0.201 lr=5.30906e-05
[Epoch 030/060] batch 0720/0744 loss=7.3609 det=7.3003 box=1.0550 cls=0.8742 dfl=0.0040 mard=2.0024 lambda=0.0302 pseudo_boxes=42 avg_conf=0.8023 rasp_s=0.201 lr=5.30906e-05
[Epoch 030/060] batch 0740/0744 loss=5.6237 det=5.5515 box=0.8309 cls=0.6440 dfl=0.0032 mard=2.0130 lambda=0.0358 pseudo_boxes=41 avg_conf=0.8585 rasp_s=0.201 lr=5.30906e-05
[Epoch 030/060] batch 0744/0744 loss=5.6090 det=5.5407 box=1.1038 cls=0.8498 dfl=0.0053 mard=1.9975 lambda=0.0342 pseudo_boxes=52 avg_conf=0.8419 rasp_s=0.201 lr=5.30906e-05
[Epoch 030/060] done time=269.8s valid=744 skipped=0 pseudo_boxes=28029 loss=6.4011 det=6.3334 mard=2.0092 conf=0.8343 RASP(status=no_safe_knee, s=0.201, new_packs=0, knee=0/2)
[Epoch 30] saved latent=yolo26_rasp_latent_epoch_30.pt state=rasp_training_state_epoch_30.pt
[Epoch 031/060] start
[Epoch 031/060] batch 0001/0744 loss=6.5008 det=6.4325 box=1.0337 cls=0.6619 dfl=0.0038 mard=2.0228 lambda=0.0337 pseudo_boxes=46 avg_conf=0.8375 rasp_s=0.201 lr=5.05e-05
[Epoch 031/060] batch 0020/0744 loss=7.4951 det=7.4293 box=1.1721 cls=0.8666 dfl=0.0044 mard=2.0248 lambda=0.0325 pseudo_boxes=48 avg_conf=0.8252 rasp_s=0.201 lr=5.05e-05
[Epoch 031/060] batch 0040/0744 loss=6.9730 det=6.9048 box=1.1327 cls=0.7287 dfl=0.0065 mard=1.9923 lambda=0.0343 pseudo_boxes=35 avg_conf=0.8427 rasp_s=0.201 lr=5.05e-05
[Epoch 031/060] batch 0060/0744 loss=3.8943 det=3.8191 box=0.6343 cls=0.3167 dfl=0.0032 mard=2.0212 lambda=0.0372 pseudo_boxes=44 avg_conf=0.8719 rasp_s=0.201 lr=5.05e-05
[Epoch 031/060] batch 0080/0744 loss=7.7292 det=7.6650 box=1.2070 cls=0.8371 dfl=0.0036 mard=1.9799 lambda=0.0324 pseudo_boxes=43 avg_conf=0.8243 rasp_s=0.201 lr=5.05e-05
[Epoch 031/060] batch 0100/0744 loss=5.6760 det=5.6050 box=0.8776 cls=0.6505 dfl=0.0041 mard=2.0072 lambda=0.0354 pseudo_boxes=29 avg_conf=0.8537 rasp_s=0.201 lr=5.05e-05
[Epoch 031/060] batch 0120/0744 loss=6.0193 det=5.9503 box=0.9107 cls=0.6873 dfl=0.0043 mard=1.9981 lambda=0.0345 pseudo_boxes=59 avg_conf=0.8452 rasp_s=0.201 lr=5.05e-05
[Epoch 031/060] batch 0140/0744 loss=6.7618 det=6.6921 box=0.9612 cls=0.7990 dfl=0.0077 mard=2.0097 lambda=0.0347 pseudo_boxes=28 avg_conf=0.8472 rasp_s=0.201 lr=5.05e-05
[Epoch 031/060] batch 0160/0744 loss=7.9268 det=7.8610 box=1.1641 cls=0.9896 dfl=0.0065 mard=2.0112 lambda=0.0327 pseudo_boxes=37 avg_conf=0.8272 rasp_s=0.201 lr=5.05e-05
[Epoch 031/060] batch 0180/0744 loss=4.5875 det=4.5133 box=0.7531 cls=0.3930 dfl=0.0033 mard=2.0121 lambda=0.0369 pseudo_boxes=33 avg_conf=0.8686 rasp_s=0.201 lr=5.05e-05
[Epoch 031/060] batch 0200/0744 loss=5.9755 det=5.9072 box=0.9366 cls=0.6063 dfl=0.0037 mard=2.0440 lambda=0.0334 pseudo_boxes=38 avg_conf=0.8342 rasp_s=0.201 lr=5.05e-05
[Epoch 031/060] batch 0220/0744 loss=7.5061 det=7.4423 box=1.0588 cls=0.9028 dfl=0.0049 mard=1.9889 lambda=0.0321 pseudo_boxes=26 avg_conf=0.8210 rasp_s=0.201 lr=5.05e-05
[Epoch 031/060] batch 0240/0744 loss=5.8116 det=5.7446 box=0.9208 cls=0.6777 dfl=0.0035 mard=1.9957 lambda=0.0336 pseudo_boxes=37 avg_conf=0.8356 rasp_s=0.201 lr=5.05e-05
[Epoch 031/060] batch 0260/0744 loss=7.1412 det=7.0709 box=1.0288 cls=0.9111 dfl=0.0040 mard=2.0068 lambda=0.0350 pseudo_boxes=45 avg_conf=0.8504 rasp_s=0.201 lr=5.05e-05
[Epoch 031/060] batch 0280/0744 loss=10.1790 det=10.1090 box=1.4298 cls=1.3444 dfl=0.0050 mard=2.0174 lambda=0.0347 pseudo_boxes=26 avg_conf=0.8468 rasp_s=0.201 lr=5.05e-05
[Epoch 031/060] batch 0300/0744 loss=3.8653 det=3.7962 box=0.5931 cls=0.3892 dfl=0.0020 mard=1.9789 lambda=0.0349 pseudo_boxes=39 avg_conf=0.8490 rasp_s=0.201 lr=5.05e-05
[Epoch 031/060] batch 0320/0744 loss=5.2316 det=5.1559 box=0.8445 cls=0.4748 dfl=0.0034 mard=2.0435 lambda=0.0370 pseudo_boxes=26 avg_conf=0.8703 rasp_s=0.201 lr=5.05e-05
[Epoch 031/060] batch 0340/0744 loss=4.8988 det=4.8269 box=0.8290 cls=0.4009 dfl=0.0031 mard=2.0096 lambda=0.0357 pseudo_boxes=36 avg_conf=0.8573 rasp_s=0.201 lr=5.05e-05
[Epoch 031/060] batch 0360/0744 loss=6.6274 det=6.5594 box=1.0367 cls=0.8131 dfl=0.0044 mard=2.0065 lambda=0.0339 pseudo_boxes=41 avg_conf=0.8388 rasp_s=0.201 lr=5.05e-05
[Epoch 031/060] batch 0380/0744 loss=5.5682 det=5.4998 box=0.8477 cls=0.6334 dfl=0.0043 mard=2.0062 lambda=0.0341 pseudo_boxes=41 avg_conf=0.8408 rasp_s=0.201 lr=5.05e-05
[Epoch 031/060] batch 0400/0744 loss=6.7691 det=6.7038 box=0.9997 cls=0.8219 dfl=0.0039 mard=2.0081 lambda=0.0325 pseudo_boxes=36 avg_conf=0.8248 rasp_s=0.201 lr=5.05e-05
[Epoch 031/060] batch 0420/0744 loss=6.4343 det=6.3679 box=1.0344 cls=0.7316 dfl=0.0038 mard=2.0215 lambda=0.0329 pseudo_boxes=36 avg_conf=0.8286 rasp_s=0.201 lr=5.05e-05
[Epoch 031/060] batch 0440/0744 loss=4.8275 det=4.7583 box=0.6174 cls=0.6182 dfl=0.0032 mard=1.9798 lambda=0.0350 pseudo_boxes=38 avg_conf=0.8499 rasp_s=0.201 lr=5.05e-05
[Epoch 031/060] batch 0460/0744 loss=4.6630 det=4.5867 box=0.6425 cls=0.5429 dfl=0.0024 mard=2.0322 lambda=0.0376 pseudo_boxes=30 avg_conf=0.8756 rasp_s=0.201 lr=5.05e-05
[Epoch 031/060] batch 0480/0744 loss=7.4235 det=7.3588 box=1.1504 cls=0.8740 dfl=0.0040 mard=2.0095 lambda=0.0322 pseudo_boxes=28 avg_conf=0.8219 rasp_s=0.201 lr=5.05e-05
[Epoch 031/060] batch 0500/0744 loss=6.9117 det=6.8512 box=1.1415 cls=0.7755 dfl=0.0041 mard=1.9673 lambda=0.0308 pseudo_boxes=52 avg_conf=0.8078 rasp_s=0.201 lr=5.05e-05
[Epoch 031/060] batch 0520/0744 loss=7.0063 det=6.9419 box=1.0380 cls=0.7676 dfl=0.0045 mard=2.0002 lambda=0.0322 pseudo_boxes=55 avg_conf=0.8218 rasp_s=0.201 lr=5.05e-05
[Epoch 031/060] batch 0540/0744 loss=5.8814 det=5.8202 box=0.8878 cls=0.6234 dfl=0.0034 mard=1.9266 lambda=0.0318 pseudo_boxes=73 avg_conf=0.8178 rasp_s=0.201 lr=5.05e-05
[Epoch 031/060] batch 0560/0744 loss=6.0267 det=5.9621 box=0.9428 cls=0.7376 dfl=0.0035 mard=2.0264 lambda=0.0319 pseudo_boxes=29 avg_conf=0.8186 rasp_s=0.201 lr=5.05e-05
[Epoch 031/060] batch 0580/0744 loss=5.3162 det=5.2491 box=0.8011 cls=0.5742 dfl=0.0037 mard=2.0220 lambda=0.0332 pseudo_boxes=44 avg_conf=0.8321 rasp_s=0.201 lr=5.05e-05
[Epoch 031/060] batch 0600/0744 loss=6.2876 det=6.2231 box=0.9135 cls=0.7482 dfl=0.0041 mard=2.0308 lambda=0.0317 pseudo_boxes=39 avg_conf=0.8175 rasp_s=0.201 lr=5.05e-05
[Epoch 031/060] batch 0620/0744 loss=5.0508 det=4.9785 box=0.8685 cls=0.3930 dfl=0.0050 mard=1.9969 lambda=0.0362 pseudo_boxes=36 avg_conf=0.8624 rasp_s=0.201 lr=5.05e-05
[Epoch 031/060] batch 0640/0744 loss=7.2813 det=7.2147 box=1.0765 cls=0.9134 dfl=0.0046 mard=1.9868 lambda=0.0335 pseudo_boxes=30 avg_conf=0.8354 rasp_s=0.201 lr=5.05e-05
[Epoch 031/060] batch 0660/0744 loss=5.6018 det=5.5240 box=0.8904 cls=0.5987 dfl=0.0039 mard=2.0221 lambda=0.0385 pseudo_boxes=39 avg_conf=0.8850 rasp_s=0.201 lr=5.05e-05
[Epoch 031/060] batch 0680/0744 loss=5.3917 det=5.3238 box=0.8811 cls=0.5587 dfl=0.0029 mard=1.9971 lambda=0.0340 pseudo_boxes=38 avg_conf=0.8402 rasp_s=0.201 lr=5.05e-05
[Epoch 031/060] batch 0700/0744 loss=5.9935 det=5.9239 box=0.8334 cls=0.7102 dfl=0.0028 mard=2.0031 lambda=0.0347 pseudo_boxes=38 avg_conf=0.8471 rasp_s=0.201 lr=5.05e-05
[Epoch 031/060] batch 0720/0744 loss=4.5383 det=4.4639 box=0.6467 cls=0.5152 dfl=0.0031 mard=2.0287 lambda=0.0367 pseudo_boxes=37 avg_conf=0.8666 rasp_s=0.201 lr=5.05e-05
[Epoch 031/060] batch 0740/0744 loss=5.3260 det=5.2556 box=0.7540 cls=0.5967 dfl=0.0043 mard=2.0006 lambda=0.0352 pseudo_boxes=36 avg_conf=0.8520 rasp_s=0.201 lr=5.05e-05
[Epoch 031/060] batch 0744/0744 loss=3.9416 det=3.8759 box=0.7710 cls=0.6389 dfl=0.0024 mard=1.9579 lambda=0.0336 pseudo_boxes=32 avg_conf=0.8357 rasp_s=0.201 lr=5.05e-05
[Epoch 031/060] done time=269.7s valid=744 skipped=0 pseudo_boxes=27993 loss=6.2648 det=6.1971 mard=2.0083 conf=0.8346 RASP(status=no_safe_knee, s=0.201, new_packs=0, knee=0/2)
[Epoch 032/060] start
[Epoch 032/060] batch 0001/0744 loss=7.6911 det=7.6130 box=1.1775 cls=0.8777 dfl=0.0058 mard=2.0297 lambda=0.0385 pseudo_boxes=31 avg_conf=0.8849 rasp_s=0.201 lr=4.79094e-05
[Epoch 032/060] batch 0020/0744 loss=6.0430 det=5.9848 box=1.1402 cls=0.9817 dfl=0.0038 mard=2.0295 lambda=0.0287 pseudo_boxes=43 avg_conf=0.7865 rasp_s=0.201 lr=4.79094e-05
[Epoch 032/060] batch 0040/0744 loss=5.1874 det=5.1236 box=0.8183 cls=0.5231 dfl=0.0036 mard=1.9213 lambda=0.0332 pseudo_boxes=62 avg_conf=0.8319 rasp_s=0.201 lr=4.79094e-05
[Epoch 032/060] batch 0060/0744 loss=4.4143 det=4.3414 box=0.6884 cls=0.4505 dfl=0.0038 mard=2.0040 lambda=0.0363 pseudo_boxes=23 avg_conf=0.8634 rasp_s=0.201 lr=4.79094e-05
[Epoch 032/060] batch 0080/0744 loss=8.4955 det=8.4222 box=1.2473 cls=1.1066 dfl=0.0078 mard=2.0175 lambda=0.0363 pseudo_boxes=41 avg_conf=0.8632 rasp_s=0.201 lr=4.79094e-05
[Epoch 032/060] batch 0100/0744 loss=6.5120 det=6.4491 box=1.0003 cls=0.7336 dfl=0.0033 mard=1.9908 lambda=0.0316 pseudo_boxes=53 avg_conf=0.8158 rasp_s=0.201 lr=4.79094e-05
[Epoch 032/060] batch 0120/0744 loss=8.1124 det=8.0493 box=1.2213 cls=1.1064 dfl=0.0048 mard=1.9909 lambda=0.0317 pseudo_boxes=31 avg_conf=0.8167 rasp_s=0.201 lr=4.79094e-05
[Epoch 032/060] batch 0140/0744 loss=10.9474 det=10.8857 box=1.3018 cls=1.5454 dfl=0.0055 mard=2.0327 lambda=0.0304 pseudo_boxes=29 avg_conf=0.8037 rasp_s=0.201 lr=4.79094e-05
[Epoch 032/060] batch 0160/0744 loss=6.1425 det=6.0733 box=0.8783 cls=0.7073 dfl=0.0039 mard=1.9946 lambda=0.0347 pseudo_boxes=32 avg_conf=0.8467 rasp_s=0.201 lr=4.79094e-05
[Epoch 032/060] batch 0180/0744 loss=5.6630 det=5.5957 box=0.8473 cls=0.7308 dfl=0.0052 mard=2.0053 lambda=0.0336 pseudo_boxes=48 avg_conf=0.8359 rasp_s=0.201 lr=4.79094e-05
[Epoch 032/060] batch 0200/0744 loss=6.9766 det=6.9139 box=1.0238 cls=0.8436 dfl=0.0025 mard=2.0254 lambda=0.0310 pseudo_boxes=33 avg_conf=0.8096 rasp_s=0.201 lr=4.79094e-05
[Epoch 032/060] batch 0220/0744 loss=8.9027 det=8.8289 box=1.3006 cls=1.1170 dfl=0.0145 mard=2.0168 lambda=0.0366 pseudo_boxes=34 avg_conf=0.8656 rasp_s=0.201 lr=4.79094e-05
[Epoch 032/060] batch 0240/0744 loss=7.0403 det=6.9788 box=0.9821 cls=0.8722 dfl=0.0042 mard=2.0429 lambda=0.0301 pseudo_boxes=41 avg_conf=0.8008 rasp_s=0.201 lr=4.79094e-05
[Epoch 032/060] batch 0260/0744 loss=6.9843 det=6.9163 box=1.1241 cls=0.7603 dfl=0.0038 mard=1.9976 lambda=0.0340 pseudo_boxes=44 avg_conf=0.8402 rasp_s=0.201 lr=4.79094e-05
[Epoch 032/060] batch 0280/0744 loss=6.2209 det=6.1564 box=0.9150 cls=0.6578 dfl=0.0031 mard=1.9947 lambda=0.0324 pseudo_boxes=26 avg_conf=0.8237 rasp_s=0.201 lr=4.79094e-05
[Epoch 032/060] batch 0300/0744 loss=6.3078 det=6.2365 box=0.9437 cls=0.6832 dfl=0.0039 mard=2.0061 lambda=0.0355 pseudo_boxes=50 avg_conf=0.8551 rasp_s=0.201 lr=4.79094e-05
[Epoch 032/060] batch 0320/0744 loss=7.4272 det=7.3653 box=1.1193 cls=0.8129 dfl=0.0042 mard=1.9909 lambda=0.0311 pseudo_boxes=38 avg_conf=0.8111 rasp_s=0.201 lr=4.79094e-05
[Epoch 032/060] batch 0340/0744 loss=4.1597 det=4.0891 box=1.4527 cls=0.7614 dfl=0.0035 mard=2.0155 lambda=0.0351 pseudo_boxes=15 avg_conf=0.8506 rasp_s=0.201 lr=4.79094e-05
[Epoch 032/060] batch 0360/0744 loss=4.9933 det=4.9251 box=0.7094 cls=0.6311 dfl=0.0033 mard=1.9246 lambda=0.0354 pseudo_boxes=48 avg_conf=0.8544 rasp_s=0.201 lr=4.79094e-05
[Epoch 032/060] batch 0380/0744 loss=3.5963 det=3.5276 box=0.5326 cls=0.3981 dfl=0.0026 mard=1.9840 lambda=0.0346 pseudo_boxes=49 avg_conf=0.8463 rasp_s=0.201 lr=4.79094e-05
[Epoch 032/060] batch 0400/0744 loss=8.9915 det=8.9290 box=1.2945 cls=1.0508 dfl=0.0080 mard=2.0141 lambda=0.0311 pseudo_boxes=46 avg_conf=0.8107 rasp_s=0.201 lr=4.79094e-05
[Epoch 032/060] batch 0420/0744 loss=7.7797 det=7.7136 box=1.1715 cls=0.9749 dfl=0.0051 mard=2.0078 lambda=0.0329 pseudo_boxes=31 avg_conf=0.8293 rasp_s=0.201 lr=4.79094e-05
[Epoch 032/060] batch 0440/0744 loss=5.3857 det=5.3239 box=0.8115 cls=0.6552 dfl=0.0033 mard=2.0183 lambda=0.0307 pseudo_boxes=52 avg_conf=0.8065 rasp_s=0.201 lr=4.79094e-05
[Epoch 032/060] batch 0460/0744 loss=6.3368 det=6.2657 box=0.9691 cls=0.7332 dfl=0.0056 mard=1.9889 lambda=0.0357 pseudo_boxes=31 avg_conf=0.8571 rasp_s=0.201 lr=4.79094e-05
[Epoch 032/060] batch 0480/0744 loss=6.7705 det=6.7100 box=1.0455 cls=0.7198 dfl=0.0036 mard=1.9822 lambda=0.0305 pseudo_boxes=47 avg_conf=0.8054 rasp_s=0.201 lr=4.79094e-05
[Epoch 032/060] batch 0500/0744 loss=5.1573 det=5.0847 box=0.7368 cls=0.5639 dfl=0.0026 mard=1.9758 lambda=0.0367 pseudo_boxes=35 avg_conf=0.8672 rasp_s=0.201 lr=4.79094e-05
[Epoch 032/060] batch 0520/0744 loss=5.6441 det=5.5723 box=0.8644 cls=0.6169 dfl=0.0041 mard=2.0067 lambda=0.0357 pseudo_boxes=50 avg_conf=0.8574 rasp_s=0.201 lr=4.79094e-05
[Epoch 032/060] batch 0540/0744 loss=6.6013 det=6.5395 box=1.0936 cls=0.7362 dfl=0.0037 mard=2.0145 lambda=0.0307 pseudo_boxes=64 avg_conf=0.8069 rasp_s=0.201 lr=4.79094e-05
[Epoch 032/060] batch 0560/0744 loss=4.2946 det=4.2395 box=0.7733 cls=0.6613 dfl=0.0035 mard=1.9904 lambda=0.0277 pseudo_boxes=32 avg_conf=0.7768 rasp_s=0.201 lr=4.79094e-05
[Epoch 032/060] batch 0580/0744 loss=6.7530 det=6.6844 box=1.0169 cls=0.8445 dfl=0.0037 mard=1.9839 lambda=0.0346 pseudo_boxes=37 avg_conf=0.8457 rasp_s=0.201 lr=4.79094e-05
[Epoch 032/060] batch 0600/0744 loss=6.5477 det=6.4750 box=0.8677 cls=0.8887 dfl=0.0039 mard=2.0216 lambda=0.0360 pseudo_boxes=30 avg_conf=0.8596 rasp_s=0.201 lr=4.79094e-05
[Epoch 032/060] batch 0620/0744 loss=6.0295 det=5.9592 box=0.9628 cls=0.6308 dfl=0.0040 mard=1.9988 lambda=0.0352 pseudo_boxes=33 avg_conf=0.8519 rasp_s=0.201 lr=4.79094e-05
[Epoch 032/060] batch 0640/0744 loss=6.0945 det=6.0199 box=0.7872 cls=0.8782 dfl=0.0033 mard=2.0290 lambda=0.0368 pseudo_boxes=22 avg_conf=0.8676 rasp_s=0.201 lr=4.79094e-05
[Epoch 032/060] batch 0660/0744 loss=4.8660 det=4.7994 box=0.7702 cls=0.4720 dfl=0.0024 mard=2.0002 lambda=0.0333 pseudo_boxes=47 avg_conf=0.8329 rasp_s=0.201 lr=4.79094e-05
[Epoch 032/060] batch 0680/0744 loss=5.7348 det=5.6661 box=0.7844 cls=0.7433 dfl=0.0046 mard=1.9840 lambda=0.0346 pseudo_boxes=37 avg_conf=0.8464 rasp_s=0.201 lr=4.79094e-05
[Epoch 032/060] batch 0700/0744 loss=7.8500 det=7.7849 box=1.1424 cls=0.9221 dfl=0.0052 mard=1.9679 lambda=0.0331 pseudo_boxes=42 avg_conf=0.8308 rasp_s=0.201 lr=4.79094e-05
[Epoch 032/060] batch 0720/0744 loss=6.4133 det=6.3541 box=1.0245 cls=0.6714 dfl=0.0039 mard=2.0066 lambda=0.0295 pseudo_boxes=30 avg_conf=0.7952 rasp_s=0.201 lr=4.79094e-05
[Epoch 032/060] batch 0740/0744 loss=7.5536 det=7.4949 box=1.1171 cls=0.8827 dfl=0.0036 mard=2.0238 lambda=0.0290 pseudo_boxes=40 avg_conf=0.7901 rasp_s=0.201 lr=4.79094e-05
[Epoch 032/060] batch 0744/0744 loss=7.5916 det=7.5268 box=1.3825 cls=1.4925 dfl=0.0050 mard=2.0531 lambda=0.0315 pseudo_boxes=27 avg_conf=0.8153 rasp_s=0.201 lr=4.79094e-05
[Epoch 032/060] done time=269.6s valid=744 skipped=0 pseudo_boxes=27999 loss=6.3714 det=6.3038 mard=2.0064 conf=0.8341 RASP(status=no_safe_knee, s=0.201, new_packs=0, knee=0/2)
[Epoch 033/060] start
[Epoch 033/060] batch 0001/0744 loss=5.5660 det=5.5006 box=0.7553 cls=0.7087 dfl=0.0034 mard=1.9904 lambda=0.0329 pseudo_boxes=35 avg_conf=0.8286 rasp_s=0.201 lr=4.53258e-05
[Epoch 033/060] batch 0020/0744 loss=5.0573 det=4.9871 box=0.6895 cls=0.6611 dfl=0.0029 mard=1.9449 lambda=0.0361 pseudo_boxes=49 avg_conf=0.8612 rasp_s=0.201 lr=4.53258e-05
[Epoch 033/060] batch 0040/0744 loss=5.7768 det=5.7064 box=0.8532 cls=0.6643 dfl=0.0047 mard=1.9878 lambda=0.0354 pseudo_boxes=53 avg_conf=0.8541 rasp_s=0.201 lr=4.53258e-05
[Epoch 033/060] batch 0060/0744 loss=6.3177 det=6.2488 box=0.9925 cls=0.6672 dfl=0.0039 mard=2.0212 lambda=0.0341 pseudo_boxes=37 avg_conf=0.8407 rasp_s=0.201 lr=4.53258e-05
[Epoch 033/060] batch 0080/0744 loss=6.1453 det=6.0749 box=0.9788 cls=0.6634 dfl=0.0039 mard=1.9900 lambda=0.0354 pseudo_boxes=51 avg_conf=0.8540 rasp_s=0.201 lr=4.53258e-05
[Epoch 033/060] batch 0100/0744 loss=6.1410 det=6.0726 box=0.8585 cls=0.7051 dfl=0.0056 mard=1.9872 lambda=0.0344 pseudo_boxes=53 avg_conf=0.8443 rasp_s=0.201 lr=4.53258e-05
[Epoch 033/060] batch 0120/0744 loss=10.0150 det=9.9504 box=1.4382 cls=1.3057 dfl=0.0055 mard=1.9979 lambda=0.0323 pseudo_boxes=59 avg_conf=0.8234 rasp_s=0.201 lr=4.53258e-05
[Epoch 033/060] batch 0140/0744 loss=6.2994 det=6.2361 box=0.8800 cls=0.8488 dfl=0.0031 mard=2.0143 lambda=0.0314 pseudo_boxes=25 avg_conf=0.8142 rasp_s=0.201 lr=4.53258e-05
[Epoch 033/060] batch 0160/0744 loss=4.3280 det=4.2532 box=0.6196 cls=0.5040 dfl=0.0029 mard=2.0013 lambda=0.0374 pseudo_boxes=29 avg_conf=0.8740 rasp_s=0.201 lr=4.53258e-05
[Epoch 033/060] batch 0180/0744 loss=5.6189 det=5.5450 box=0.9259 cls=0.5027 dfl=0.0037 mard=2.0173 lambda=0.0366 pseudo_boxes=19 avg_conf=0.8661 rasp_s=0.201 lr=4.53258e-05
[Epoch 033/060] batch 0200/0744 loss=4.5960 det=4.5210 box=0.6715 cls=0.5054 dfl=0.0024 mard=2.0189 lambda=0.0371 pseudo_boxes=21 avg_conf=0.8711 rasp_s=0.201 lr=4.53258e-05
[Epoch 033/060] batch 0220/0744 loss=6.7348 det=6.6647 box=0.9714 cls=0.7333 dfl=0.0033 mard=1.9673 lambda=0.0356 pseudo_boxes=17 avg_conf=0.8563 rasp_s=0.201 lr=4.53258e-05
[Epoch 033/060] batch 0240/0744 loss=5.6000 det=5.5356 box=0.8476 cls=0.6295 dfl=0.0021 mard=2.0209 lambda=0.0319 pseudo_boxes=68 avg_conf=0.8189 rasp_s=0.201 lr=4.53258e-05
[Epoch 033/060] batch 0260/0744 loss=9.1467 det=9.0805 box=1.3496 cls=1.1511 dfl=0.0063 mard=2.0191 lambda=0.0328 pseudo_boxes=31 avg_conf=0.8281 rasp_s=0.201 lr=4.53258e-05
[Epoch 033/060] batch 0280/0744 loss=5.2703 det=5.2023 box=0.8247 cls=0.4975 dfl=0.0038 mard=2.0030 lambda=0.0340 pseudo_boxes=59 avg_conf=0.8398 rasp_s=0.201 lr=4.53258e-05
[Epoch 033/060] batch 0300/0744 loss=5.1035 det=5.0382 box=0.7104 cls=0.6070 dfl=0.0031 mard=1.9829 lambda=0.0329 pseudo_boxes=42 avg_conf=0.8292 rasp_s=0.201 lr=4.53258e-05
[Epoch 033/060] batch 0320/0744 loss=6.4961 det=6.4252 box=0.9674 cls=0.7665 dfl=0.0046 mard=1.9987 lambda=0.0355 pseudo_boxes=33 avg_conf=0.8549 rasp_s=0.201 lr=4.53258e-05
[Epoch 033/060] batch 0340/0744 loss=7.8894 det=7.8299 box=1.0446 cls=1.0139 dfl=0.0040 mard=2.0210 lambda=0.0295 pseudo_boxes=28 avg_conf=0.7946 rasp_s=0.201 lr=4.53258e-05
[Epoch 033/060] batch 0360/0744 loss=8.2716 det=8.2070 box=1.2685 cls=1.0651 dfl=0.0048 mard=2.0388 lambda=0.0317 pseudo_boxes=34 avg_conf=0.8169 rasp_s=0.201 lr=4.53258e-05
[Epoch 033/060] batch 0380/0744 loss=6.8713 det=6.7981 box=1.0031 cls=0.8315 dfl=0.0070 mard=1.9968 lambda=0.0367 pseudo_boxes=35 avg_conf=0.8666 rasp_s=0.201 lr=4.53258e-05
[Epoch 033/060] batch 0400/0744 loss=5.4823 det=5.4156 box=0.6630 cls=0.7564 dfl=0.0025 mard=1.9950 lambda=0.0335 pseudo_boxes=35 avg_conf=0.8346 rasp_s=0.201 lr=4.53258e-05
[Epoch 033/060] batch 0420/0744 loss=4.4182 det=4.3452 box=0.7085 cls=0.3716 dfl=0.0032 mard=2.0054 lambda=0.0364 pseudo_boxes=43 avg_conf=0.8639 rasp_s=0.201 lr=4.53258e-05
[Epoch 033/060] batch 0440/0744 loss=5.9431 det=5.8782 box=0.8770 cls=0.6730 dfl=0.0036 mard=2.0217 lambda=0.0321 pseudo_boxes=36 avg_conf=0.8213 rasp_s=0.201 lr=4.53258e-05
[Epoch 033/060] batch 0460/0744 loss=4.5734 det=4.5080 box=0.7294 cls=0.4183 dfl=0.0024 mard=2.0274 lambda=0.0323 pseudo_boxes=36 avg_conf=0.8226 rasp_s=0.201 lr=4.53258e-05
[Epoch 033/060] batch 0480/0744 loss=5.5050 det=5.4408 box=0.7686 cls=0.7101 dfl=0.0029 mard=1.9632 lambda=0.0327 pseudo_boxes=44 avg_conf=0.8271 rasp_s=0.201 lr=4.53258e-05
[Epoch 033/060] batch 0500/0744 loss=5.4904 det=5.4256 box=0.7813 cls=0.6004 dfl=0.0039 mard=2.0213 lambda=0.0320 pseudo_boxes=37 avg_conf=0.8205 rasp_s=0.201 lr=4.53258e-05
[Epoch 033/060] batch 0520/0744 loss=6.3515 det=6.2961 box=0.9314 cls=0.7218 dfl=0.0029 mard=1.9892 lambda=0.0278 pseudo_boxes=50 avg_conf=0.7784 rasp_s=0.201 lr=4.53258e-05
[Epoch 033/060] batch 0540/0744 loss=4.2749 det=4.2035 box=0.6231 cls=0.4673 dfl=0.0023 mard=2.0222 lambda=0.0353 pseudo_boxes=43 avg_conf=0.8527 rasp_s=0.201 lr=4.53258e-05
[Epoch 033/060] batch 0560/0744 loss=9.0926 det=9.0447 box=1.3584 cls=1.0764 dfl=0.0044 mard=1.9864 lambda=0.0241 pseudo_boxes=44 avg_conf=0.7413 rasp_s=0.201 lr=4.53258e-05
[Epoch 033/060] batch 0580/0744 loss=9.6755 det=9.6156 box=1.3259 cls=1.2507 dfl=0.0053 mard=1.9894 lambda=0.0301 pseudo_boxes=40 avg_conf=0.8011 rasp_s=0.201 lr=4.53258e-05
[Epoch 033/060] batch 0600/0744 loss=6.5735 det=6.4975 box=0.9749 cls=0.7719 dfl=0.0045 mard=1.9889 lambda=0.0382 pseudo_boxes=29 avg_conf=0.8818 rasp_s=0.201 lr=4.53258e-05
[Epoch 033/060] batch 0620/0744 loss=6.4915 det=6.4242 box=0.8809 cls=0.8712 dfl=0.0049 mard=1.9061 lambda=0.0353 pseudo_boxes=27 avg_conf=0.8532 rasp_s=0.201 lr=4.53258e-05
[Epoch 033/060] batch 0640/0744 loss=7.9400 det=7.8785 box=1.1832 cls=1.0097 dfl=0.0041 mard=1.9998 lambda=0.0308 pseudo_boxes=41 avg_conf=0.8076 rasp_s=0.201 lr=4.53258e-05
[Epoch 033/060] batch 0660/0744 loss=5.3179 det=5.2549 box=0.8034 cls=0.5948 dfl=0.0032 mard=1.9787 lambda=0.0318 pseudo_boxes=43 avg_conf=0.8181 rasp_s=0.201 lr=4.53258e-05
[Epoch 033/060] batch 0680/0744 loss=4.9456 det=4.8750 box=0.8127 cls=0.5024 dfl=0.0028 mard=2.0136 lambda=0.0351 pseudo_boxes=36 avg_conf=0.8508 rasp_s=0.201 lr=4.53258e-05
[Epoch 033/060] batch 0700/0744 loss=6.2466 det=6.1806 box=0.9191 cls=0.7358 dfl=0.0042 mard=1.9385 lambda=0.0340 pseudo_boxes=37 avg_conf=0.8404 rasp_s=0.201 lr=4.53258e-05
[Epoch 033/060] batch 0720/0744 loss=5.1113 det=5.0443 box=0.7924 cls=0.5106 dfl=0.0035 mard=2.0007 lambda=0.0335 pseudo_boxes=41 avg_conf=0.8350 rasp_s=0.201 lr=4.53258e-05
[Epoch 033/060] batch 0740/0744 loss=4.6733 det=4.6148 box=0.6583 cls=0.5786 dfl=0.0026 mard=2.0105 lambda=0.0291 pseudo_boxes=37 avg_conf=0.7909 rasp_s=0.201 lr=4.53258e-05
[Epoch 033/060] batch 0744/0744 loss=3.9100 det=3.8344 box=0.8454 cls=0.5220 dfl=0.0093 mard=1.9983 lambda=0.0379 pseudo_boxes=18 avg_conf=0.8787 rasp_s=0.201 lr=4.53258e-05
[Epoch 033/060] done time=269.5s valid=744 skipped=0 pseudo_boxes=27930 loss=6.3504 det=6.2829 mard=2.0045 conf=0.8348 RASP(status=no_safe_knee, s=0.201, new_packs=0, knee=0/2)
[Epoch 034/060] start
[Epoch 034/060] batch 0001/0744 loss=4.8124 det=4.7358 box=0.8253 cls=0.3464 dfl=0.0054 mard=1.9911 lambda=0.0384 pseudo_boxes=38 avg_conf=0.8843 rasp_s=0.201 lr=4.27565e-05
[Epoch 034/060] batch 0020/0744 loss=8.5112 det=8.4455 box=1.2734 cls=0.9796 dfl=0.0049 mard=2.0131 lambda=0.0326 pseudo_boxes=44 avg_conf=0.8264 rasp_s=0.201 lr=4.27565e-05
[Epoch 034/060] batch 0040/0744 loss=7.0852 det=7.0228 box=0.9917 cls=0.8890 dfl=0.0051 mard=2.0192 lambda=0.0309 pseudo_boxes=36 avg_conf=0.8094 rasp_s=0.201 lr=4.27565e-05
[Epoch 034/060] batch 0060/0744 loss=6.4098 det=6.3440 box=1.0038 cls=0.7084 dfl=0.0037 mard=2.0132 lambda=0.0327 pseudo_boxes=38 avg_conf=0.8272 rasp_s=0.201 lr=4.27565e-05
[Epoch 034/060] batch 0080/0744 loss=4.2286 det=4.1590 box=0.6214 cls=0.4327 dfl=0.0041 mard=1.9825 lambda=0.0351 pseudo_boxes=42 avg_conf=0.8509 rasp_s=0.201 lr=4.27565e-05
[Epoch 034/060] batch 0100/0744 loss=7.8561 det=7.7900 box=1.1395 cls=0.9799 dfl=0.0045 mard=2.0027 lambda=0.0330 pseudo_boxes=45 avg_conf=0.8297 rasp_s=0.201 lr=4.27565e-05
[Epoch 034/060] batch 0120/0744 loss=4.7727 det=4.6987 box=0.6389 cls=0.6016 dfl=0.0036 mard=2.0243 lambda=0.0366 pseudo_boxes=35 avg_conf=0.8659 rasp_s=0.201 lr=4.27565e-05
[Epoch 034/060] batch 0140/0744 loss=5.5504 det=5.4756 box=0.8747 cls=0.5403 dfl=0.0037 mard=2.0020 lambda=0.0374 pseudo_boxes=34 avg_conf=0.8737 rasp_s=0.201 lr=4.27565e-05
[Epoch 034/060] batch 0160/0744 loss=6.1861 det=6.1237 box=1.0416 cls=0.6265 dfl=0.0038 mard=1.9662 lambda=0.0318 pseudo_boxes=39 avg_conf=0.8176 rasp_s=0.201 lr=4.27565e-05
[Epoch 034/060] batch 0180/0744 loss=5.8295 det=5.7631 box=0.8530 cls=0.6805 dfl=0.0039 mard=2.0186 lambda=0.0329 pseudo_boxes=53 avg_conf=0.8290 rasp_s=0.201 lr=4.27565e-05
[Epoch 034/060] batch 0200/0744 loss=5.5309 det=5.4669 box=0.8326 cls=0.6012 dfl=0.0023 mard=1.9965 lambda=0.0320 pseudo_boxes=61 avg_conf=0.8204 rasp_s=0.201 lr=4.27565e-05
[Epoch 034/060] batch 0220/0744 loss=3.8151 det=3.7360 box=0.5892 cls=0.7807 dfl=0.0029 mard=2.0476 lambda=0.0386 pseudo_boxes=18 avg_conf=0.8861 rasp_s=0.201 lr=4.27565e-05
[Epoch 034/060] batch 0240/0744 loss=5.5112 det=5.4370 box=0.8359 cls=0.5797 dfl=0.0032 mard=2.0282 lambda=0.0366 pseudo_boxes=34 avg_conf=0.8657 rasp_s=0.201 lr=4.27565e-05
[Epoch 034/060] batch 0260/0744 loss=4.5605 det=4.4891 box=0.7448 cls=0.4734 dfl=0.0047 mard=1.9257 lambda=0.0371 pseudo_boxes=26 avg_conf=0.8708 rasp_s=0.201 lr=4.27565e-05
[Epoch 034/060] batch 0280/0744 loss=5.8179 det=5.7438 box=1.0166 cls=0.5175 dfl=0.0041 mard=2.0034 lambda=0.0370 pseudo_boxes=46 avg_conf=0.8696 rasp_s=0.201 lr=4.27565e-05
[Epoch 034/060] batch 0300/0744 loss=8.4548 det=8.3881 box=1.0837 cls=1.1906 dfl=0.0052 mard=2.0033 lambda=0.0333 pseudo_boxes=36 avg_conf=0.8332 rasp_s=0.201 lr=4.27565e-05
[Epoch 034/060] batch 0320/0744 loss=4.7541 det=4.6748 box=0.7485 cls=0.4557 dfl=0.0057 mard=2.0126 lambda=0.0394 pseudo_boxes=24 avg_conf=0.8941 rasp_s=0.201 lr=4.27565e-05
[Epoch 034/060] batch 0340/0744 loss=4.8818 det=4.8111 box=0.7393 cls=0.5202 dfl=0.0030 mard=1.9868 lambda=0.0356 pseudo_boxes=53 avg_conf=0.8563 rasp_s=0.201 lr=4.27565e-05
[Epoch 034/060] batch 0360/0744 loss=7.6769 det=7.6141 box=1.1480 cls=0.9411 dfl=0.0040 mard=1.9978 lambda=0.0315 pseudo_boxes=37 avg_conf=0.8147 rasp_s=0.201 lr=4.27565e-05
[Epoch 034/060] batch 0380/0744 loss=6.6663 det=6.5995 box=0.9907 cls=0.8121 dfl=0.0055 mard=2.0209 lambda=0.0330 pseudo_boxes=40 avg_conf=0.8302 rasp_s=0.201 lr=4.27565e-05
[Epoch 034/060] batch 0400/0744 loss=6.7091 det=6.6377 box=0.9832 cls=0.8122 dfl=0.0037 mard=2.0278 lambda=0.0353 pseudo_boxes=32 avg_conf=0.8525 rasp_s=0.201 lr=4.27565e-05
[Epoch 034/060] batch 0420/0744 loss=5.1579 det=5.0887 box=0.7555 cls=0.6531 dfl=0.0034 mard=1.9993 lambda=0.0346 pseudo_boxes=34 avg_conf=0.8461 rasp_s=0.201 lr=4.27565e-05
[Epoch 034/060] batch 0440/0744 loss=8.1175 det=8.0550 box=1.1400 cls=1.0182 dfl=0.0046 mard=2.0255 lambda=0.0308 pseudo_boxes=33 avg_conf=0.8085 rasp_s=0.201 lr=4.27565e-05
[Epoch 034/060] batch 0460/0744 loss=8.8566 det=8.7924 box=1.3672 cls=0.9762 dfl=0.0061 mard=2.0366 lambda=0.0315 pseudo_boxes=64 avg_conf=0.8149 rasp_s=0.201 lr=4.27565e-05
[Epoch 034/060] batch 0480/0744 loss=4.0640 det=3.9887 box=0.6221 cls=0.3726 dfl=0.0035 mard=2.0100 lambda=0.0375 pseudo_boxes=35 avg_conf=0.8746 rasp_s=0.201 lr=4.27565e-05
[Epoch 034/060] batch 0500/0744 loss=6.8829 det=6.8109 box=0.9914 cls=0.9537 dfl=0.0067 mard=2.0038 lambda=0.0360 pseudo_boxes=27 avg_conf=0.8597 rasp_s=0.201 lr=4.27565e-05
[Epoch 034/060] batch 0520/0744 loss=5.6228 det=5.5567 box=0.7888 cls=0.7376 dfl=0.0020 mard=2.0221 lambda=0.0327 pseudo_boxes=17 avg_conf=0.8268 rasp_s=0.201 lr=4.27565e-05
[Epoch 034/060] batch 0540/0744 loss=6.3170 det=6.2535 box=0.9860 cls=0.6364 dfl=0.0027 mard=1.9762 lambda=0.0321 pseudo_boxes=40 avg_conf=0.8212 rasp_s=0.201 lr=4.27565e-05
[Epoch 034/060] batch 0560/0744 loss=5.7513 det=5.6831 box=0.7352 cls=0.8666 dfl=0.0031 mard=1.9843 lambda=0.0344 pseudo_boxes=25 avg_conf=0.8437 rasp_s=0.201 lr=4.27565e-05
[Epoch 034/060] batch 0580/0744 loss=8.5096 det=8.4516 box=1.1921 cls=1.1986 dfl=0.0038 mard=1.9977 lambda=0.0290 pseudo_boxes=49 avg_conf=0.7905 rasp_s=0.201 lr=4.27565e-05
[Epoch 034/060] batch 0600/0744 loss=5.8008 det=5.7301 box=0.7638 cls=0.7342 dfl=0.0028 mard=2.0103 lambda=0.0352 pseudo_boxes=24 avg_conf=0.8518 rasp_s=0.201 lr=4.27565e-05
[Epoch 034/060] batch 0620/0744 loss=5.1048 det=5.0352 box=0.7515 cls=0.5975 dfl=0.0024 mard=2.0067 lambda=0.0347 pseudo_boxes=41 avg_conf=0.8471 rasp_s=0.201 lr=4.27565e-05
[Epoch 034/060] batch 0640/0744 loss=5.2927 det=5.2254 box=0.7544 cls=0.6386 dfl=0.0032 mard=2.0016 lambda=0.0336 pseudo_boxes=45 avg_conf=0.8361 rasp_s=0.201 lr=4.27565e-05
[Epoch 034/060] batch 0660/0744 loss=4.8101 det=4.7378 box=0.6216 cls=0.6916 dfl=0.0026 mard=1.9751 lambda=0.0366 pseudo_boxes=26 avg_conf=0.8657 rasp_s=0.201 lr=4.27565e-05
[Epoch 034/060] batch 0680/0744 loss=7.4694 det=7.4069 box=1.0020 cls=0.9403 dfl=0.0043 mard=2.0262 lambda=0.0308 pseudo_boxes=35 avg_conf=0.8084 rasp_s=0.201 lr=4.27565e-05
[Epoch 034/060] batch 0700/0744 loss=6.6882 det=6.6215 box=0.8997 cls=0.8749 dfl=0.0049 mard=1.9904 lambda=0.0335 pseudo_boxes=23 avg_conf=0.8352 rasp_s=0.201 lr=4.27565e-05
[Epoch 034/060] batch 0720/0744 loss=6.5408 det=6.4758 box=0.9282 cls=0.8778 dfl=0.0035 mard=2.0237 lambda=0.0321 pseudo_boxes=38 avg_conf=0.8211 rasp_s=0.201 lr=4.27565e-05
[Epoch 034/060] batch 0740/0744 loss=5.0017 det=4.9303 box=0.7177 cls=0.5289 dfl=0.0029 mard=2.0177 lambda=0.0354 pseudo_boxes=18 avg_conf=0.8541 rasp_s=0.201 lr=4.27565e-05
[Epoch 034/060] batch 0744/0744 loss=3.3116 det=3.2373 box=0.6914 cls=0.3824 dfl=0.0046 mard=1.9916 lambda=0.0373 pseudo_boxes=30 avg_conf=0.8731 rasp_s=0.201 lr=4.27565e-05
[Epoch 034/060] done time=269.9s valid=744 skipped=0 pseudo_boxes=28035 loss=6.3842 det=6.3169 mard=2.0028 conf=0.8336 RASP(status=no_safe_knee, s=0.201, new_packs=0, knee=0/2)
[Epoch 035/060] start
[Epoch 035/060] batch 0001/0744 loss=5.7366 det=5.6731 box=0.7778 cls=0.7511 dfl=0.0030 mard=1.9947 lambda=0.0318 pseudo_boxes=39 avg_conf=0.8183 rasp_s=0.201 lr=4.02084e-05
[Epoch 035/060] batch 0020/0744 loss=6.1497 det=6.0787 box=0.9892 cls=0.6370 dfl=0.0045 mard=1.9970 lambda=0.0355 pseudo_boxes=50 avg_conf=0.8554 rasp_s=0.201 lr=4.02084e-05
[Epoch 035/060] batch 0040/0744 loss=3.7571 det=3.6817 box=0.8292 cls=0.4624 dfl=0.0031 mard=2.0264 lambda=0.0372 pseudo_boxes=28 avg_conf=0.8718 rasp_s=0.201 lr=4.02084e-05
[Epoch 035/060] batch 0060/0744 loss=6.7584 det=6.6853 box=0.9453 cls=0.8243 dfl=0.0052 mard=1.9948 lambda=0.0367 pseudo_boxes=37 avg_conf=0.8667 rasp_s=0.201 lr=4.02084e-05
[Epoch 035/060] batch 0080/0744 loss=4.9576 det=4.8839 box=0.7444 cls=0.5364 dfl=0.0029 mard=2.0216 lambda=0.0365 pseudo_boxes=44 avg_conf=0.8647 rasp_s=0.201 lr=4.02084e-05
[Epoch 035/060] batch 0100/0744 loss=7.6391 det=7.5738 box=0.9246 cls=1.1937 dfl=0.0037 mard=1.9975 lambda=0.0327 pseudo_boxes=30 avg_conf=0.8271 rasp_s=0.201 lr=4.02084e-05
[Epoch 035/060] batch 0120/0744 loss=5.2035 det=5.1353 box=0.7732 cls=0.6048 dfl=0.0042 mard=1.9880 lambda=0.0343 pseudo_boxes=36 avg_conf=0.8435 rasp_s=0.201 lr=4.02084e-05
[Epoch 035/060] batch 0140/0744 loss=5.3497 det=5.2842 box=0.7874 cls=0.5887 dfl=0.0035 mard=2.0388 lambda=0.0321 pseudo_boxes=24 avg_conf=0.8208 rasp_s=0.201 lr=4.02084e-05
[Epoch 035/060] batch 0160/0744 loss=6.8673 det=6.8042 box=0.9844 cls=0.8472 dfl=0.0067 mard=1.9924 lambda=0.0317 pseudo_boxes=30 avg_conf=0.8166 rasp_s=0.201 lr=4.02084e-05
[Epoch 035/060] batch 0180/0744 loss=8.0769 det=8.0158 box=1.0320 cls=1.1441 dfl=0.0049 mard=2.0097 lambda=0.0304 pseudo_boxes=58 avg_conf=0.8038 rasp_s=0.201 lr=4.02084e-05
[Epoch 035/060] batch 0200/0744 loss=7.4812 det=7.4197 box=1.2291 cls=0.7713 dfl=0.0036 mard=2.0216 lambda=0.0304 pseudo_boxes=48 avg_conf=0.8041 rasp_s=0.201 lr=4.02084e-05
[Epoch 035/060] batch 0220/0744 loss=8.0983 det=8.0348 box=0.8789 cls=1.2816 dfl=0.0053 mard=2.0214 lambda=0.0314 pseudo_boxes=22 avg_conf=0.8145 rasp_s=0.201 lr=4.02084e-05
[Epoch 035/060] batch 0240/0744 loss=4.5557 det=4.4940 box=0.9164 cls=0.6669 dfl=0.0037 mard=1.9873 lambda=0.0311 pseudo_boxes=39 avg_conf=0.8109 rasp_s=0.201 lr=4.02084e-05
[Epoch 035/060] batch 0260/0744 loss=6.5596 det=6.4943 box=1.0330 cls=0.7116 dfl=0.0045 mard=1.9804 lambda=0.0330 pseudo_boxes=39 avg_conf=0.8298 rasp_s=0.201 lr=4.02084e-05
[Epoch 035/060] batch 0280/0744 loss=6.4520 det=6.3888 box=0.8991 cls=0.8462 dfl=0.0039 mard=1.9248 lambda=0.0329 pseudo_boxes=41 avg_conf=0.8288 rasp_s=0.201 lr=4.02084e-05
[Epoch 035/060] batch 0300/0744 loss=6.4269 det=6.3610 box=1.0390 cls=0.6445 dfl=0.0038 mard=2.0101 lambda=0.0328 pseudo_boxes=49 avg_conf=0.8280 rasp_s=0.201 lr=4.02084e-05
[Epoch 035/060] batch 0320/0744 loss=4.0720 det=3.9953 box=0.5887 cls=0.4436 dfl=0.0042 mard=2.0222 lambda=0.0380 pseudo_boxes=20 avg_conf=0.8796 rasp_s=0.201 lr=4.02084e-05
[Epoch 035/060] batch 0340/0744 loss=6.5293 det=6.4662 box=0.9591 cls=0.6917 dfl=0.0044 mard=2.0118 lambda=0.0314 pseudo_boxes=54 avg_conf=0.8136 rasp_s=0.201 lr=4.02084e-05
[Epoch 035/060] batch 0360/0744 loss=7.3818 det=7.3132 box=0.9950 cls=0.8978 dfl=0.0052 mard=2.0355 lambda=0.0337 pseudo_boxes=40 avg_conf=0.8366 rasp_s=0.201 lr=4.02084e-05
[Epoch 035/060] batch 0380/0744 loss=7.9744 det=7.9072 box=1.2218 cls=0.9600 dfl=0.0041 mard=1.9901 lambda=0.0338 pseudo_boxes=42 avg_conf=0.8377 rasp_s=0.201 lr=4.02084e-05
[Epoch 035/060] batch 0400/0744 loss=6.2475 det=6.1773 box=0.9041 cls=0.7569 dfl=0.0040 mard=1.9850 lambda=0.0354 pseudo_boxes=44 avg_conf=0.8538 rasp_s=0.201 lr=4.02084e-05
[Epoch 035/060] batch 0420/0744 loss=7.3813 det=7.3217 box=1.0900 cls=0.8976 dfl=0.0041 mard=1.9972 lambda=0.0298 pseudo_boxes=47 avg_conf=0.7984 rasp_s=0.201 lr=4.02084e-05
[Epoch 035/060] batch 0440/0744 loss=8.1246 det=8.0667 box=1.5536 cls=1.4694 dfl=0.0053 mard=2.0199 lambda=0.0286 pseudo_boxes=19 avg_conf=0.7862 rasp_s=0.201 lr=4.02084e-05
[Epoch 035/060] batch 0460/0744 loss=6.3175 det=6.2504 box=1.1717 cls=1.2156 dfl=0.0035 mard=2.0080 lambda=0.0334 pseudo_boxes=18 avg_conf=0.8343 rasp_s=0.201 lr=4.02084e-05
[Epoch 035/060] batch 0480/0744 loss=4.8449 det=4.7761 box=0.7562 cls=0.4635 dfl=0.0033 mard=1.9924 lambda=0.0345 pseudo_boxes=29 avg_conf=0.8454 rasp_s=0.201 lr=4.02084e-05
[Epoch 035/060] batch 0500/0744 loss=5.9533 det=5.8844 box=0.9466 cls=0.5885 dfl=0.0045 mard=1.9951 lambda=0.0345 pseudo_boxes=30 avg_conf=0.8455 rasp_s=0.201 lr=4.02084e-05
[Epoch 035/060] batch 0520/0744 loss=4.9087 det=4.8396 box=0.6442 cls=0.6636 dfl=0.0036 mard=2.0097 lambda=0.0344 pseudo_boxes=26 avg_conf=0.8436 rasp_s=0.201 lr=4.02084e-05
[Epoch 035/060] batch 0540/0744 loss=5.3318 det=5.2593 box=0.8196 cls=0.5269 dfl=0.0035 mard=1.9871 lambda=0.0365 pseudo_boxes=33 avg_conf=0.8649 rasp_s=0.201 lr=4.02084e-05
[Epoch 035/060] batch 0560/0744 loss=6.8017 det=6.7379 box=1.0169 cls=0.7194 dfl=0.0036 mard=2.0046 lambda=0.0318 pseudo_boxes=57 avg_conf=0.8181 rasp_s=0.201 lr=4.02084e-05
[Epoch 035/060] batch 0580/0744 loss=7.7642 det=7.7043 box=1.0129 cls=1.1523 dfl=0.0040 mard=2.0262 lambda=0.0296 pseudo_boxes=18 avg_conf=0.7957 rasp_s=0.201 lr=4.02084e-05
[Epoch 035/060] batch 0600/0744 loss=6.8131 det=6.7383 box=1.1091 cls=0.7142 dfl=0.0051 mard=2.0338 lambda=0.0368 pseudo_boxes=34 avg_conf=0.8679 rasp_s=0.201 lr=4.02084e-05
[Epoch 035/060] batch 0620/0744 loss=7.7951 det=7.7261 box=1.0900 cls=1.0335 dfl=0.0038 mard=2.0095 lambda=0.0343 pseudo_boxes=42 avg_conf=0.8429 rasp_s=0.201 lr=4.02084e-05
[Epoch 035/060] batch 0640/0744 loss=6.4252 det=6.3562 box=0.9403 cls=0.7004 dfl=0.0031 mard=1.9980 lambda=0.0345 pseudo_boxes=50 avg_conf=0.8453 rasp_s=0.201 lr=4.02084e-05
[Epoch 035/060] batch 0660/0744 loss=4.0109 det=3.9383 box=0.7441 cls=0.5937 dfl=0.0040 mard=1.9982 lambda=0.0363 pseudo_boxes=29 avg_conf=0.8634 rasp_s=0.201 lr=4.02084e-05
[Epoch 035/060] batch 0680/0744 loss=6.8255 det=6.7644 box=0.9655 cls=0.9079 dfl=0.0046 mard=1.9995 lambda=0.0306 pseudo_boxes=45 avg_conf=0.8058 rasp_s=0.201 lr=4.02084e-05
[Epoch 035/060] batch 0700/0744 loss=6.6217 det=6.5477 box=1.0160 cls=0.7422 dfl=0.0034 mard=2.0023 lambda=0.0370 pseudo_boxes=29 avg_conf=0.8696 rasp_s=0.201 lr=4.02084e-05
[Epoch 035/060] batch 0720/0744 loss=7.4533 det=7.3917 box=1.1374 cls=0.8924 dfl=0.0034 mard=1.9913 lambda=0.0309 pseudo_boxes=56 avg_conf=0.8095 rasp_s=0.201 lr=4.02084e-05
[Epoch 035/060] batch 0740/0744 loss=4.1483 det=4.0758 box=0.6319 cls=0.4297 dfl=0.0028 mard=1.9576 lambda=0.0370 pseudo_boxes=38 avg_conf=0.8701 rasp_s=0.201 lr=4.02084e-05
[Epoch 035/060] batch 0744/0744 loss=4.7963 det=4.7322 box=1.1272 cls=1.3433 dfl=0.0065 mard=1.9109 lambda=0.0336 pseudo_boxes=20 avg_conf=0.8355 rasp_s=0.201 lr=4.02084e-05
[Epoch 035/060] done time=270.0s valid=744 skipped=0 pseudo_boxes=27996 loss=6.2949 det=6.2276 mard=2.0006 conf=0.8341 RASP(status=no_safe_knee, s=0.201, new_packs=0, knee=0/2)
[Epoch 35] saved latent=yolo26_rasp_latent_epoch_35.pt state=rasp_training_state_epoch_35.pt
[Epoch 036/060] start
[Epoch 036/060] batch 0001/0744 loss=5.1917 det=5.1310 box=1.1307 cls=0.6480 dfl=0.0037 mard=2.0102 lambda=0.0302 pseudo_boxes=41 avg_conf=0.8022 rasp_s=0.201 lr=3.76885e-05
[Epoch 036/060] batch 0020/0744 loss=5.7011 det=5.6296 box=0.6924 cls=0.8273 dfl=0.0033 mard=2.0038 lambda=0.0357 pseudo_boxes=30 avg_conf=0.8567 rasp_s=0.201 lr=3.76885e-05
[Epoch 036/060] batch 0040/0744 loss=7.3911 det=7.3193 box=1.0406 cls=0.9826 dfl=0.0044 mard=1.9786 lambda=0.0363 pseudo_boxes=42 avg_conf=0.8631 rasp_s=0.201 lr=3.76885e-05
[Epoch 036/060] batch 0060/0744 loss=4.8768 det=4.8061 box=0.6544 cls=0.5722 dfl=0.0024 mard=2.0166 lambda=0.0351 pseudo_boxes=25 avg_conf=0.8509 rasp_s=0.201 lr=3.76885e-05
[Epoch 036/060] batch 0080/0744 loss=6.8276 det=6.7517 box=1.1250 cls=0.5963 dfl=0.0052 mard=2.0079 lambda=0.0378 pseudo_boxes=24 avg_conf=0.8779 rasp_s=0.201 lr=3.76885e-05
[Epoch 036/060] batch 0100/0744 loss=7.7449 det=7.6790 box=1.1399 cls=0.8976 dfl=0.0039 mard=2.0018 lambda=0.0329 pseudo_boxes=58 avg_conf=0.8294 rasp_s=0.201 lr=3.76885e-05
[Epoch 036/060] batch 0120/0744 loss=6.6945 det=6.6301 box=0.9888 cls=0.7708 dfl=0.0044 mard=2.0354 lambda=0.0317 pseudo_boxes=50 avg_conf=0.8167 rasp_s=0.201 lr=3.76885e-05
[Epoch 036/060] batch 0140/0744 loss=7.6673 det=7.6048 box=1.2024 cls=0.8180 dfl=0.0053 mard=1.9270 lambda=0.0324 pseudo_boxes=44 avg_conf=0.8244 rasp_s=0.201 lr=3.76885e-05
[Epoch 036/060] batch 0160/0744 loss=5.2761 det=5.2068 box=0.8199 cls=0.5358 dfl=0.0034 mard=1.9869 lambda=0.0349 pseudo_boxes=39 avg_conf=0.8488 rasp_s=0.201 lr=3.76885e-05
[Epoch 036/060] batch 0180/0744 loss=5.2824 det=5.2177 box=0.7896 cls=0.5168 dfl=0.0034 mard=2.0086 lambda=0.0322 pseudo_boxes=35 avg_conf=0.8220 rasp_s=0.201 lr=3.76885e-05
[Epoch 036/060] batch 0200/0744 loss=7.7704 det=7.6937 box=1.0402 cls=1.0502 dfl=0.0045 mard=2.0249 lambda=0.0379 pseudo_boxes=24 avg_conf=0.8791 rasp_s=0.201 lr=3.76885e-05
[Epoch 036/060] batch 0220/0744 loss=6.3647 det=6.2959 box=1.0269 cls=0.5986 dfl=0.0046 mard=1.9885 lambda=0.0346 pseudo_boxes=48 avg_conf=0.8462 rasp_s=0.201 lr=3.76885e-05
[Epoch 036/060] batch 0240/0744 loss=4.3742 det=4.3025 box=0.6568 cls=0.4626 dfl=0.0047 mard=1.9135 lambda=0.0375 pseudo_boxes=49 avg_conf=0.8751 rasp_s=0.201 lr=3.76885e-05
[Epoch 036/060] batch 0260/0744 loss=5.9295 det=5.8532 box=0.8132 cls=0.7002 dfl=0.0031 mard=2.0145 lambda=0.0379 pseudo_boxes=31 avg_conf=0.8785 rasp_s=0.201 lr=3.76885e-05
[Epoch 036/060] batch 0280/0744 loss=4.2525 det=4.1840 box=0.6861 cls=0.3810 dfl=0.0036 mard=2.0125 lambda=0.0340 pseudo_boxes=46 avg_conf=0.8402 rasp_s=0.201 lr=3.76885e-05
[Epoch 036/060] batch 0300/0744 loss=6.4863 det=6.4212 box=0.9440 cls=0.8163 dfl=0.0034 mard=2.0142 lambda=0.0323 pseudo_boxes=39 avg_conf=0.8231 rasp_s=0.201 lr=3.76885e-05
[Epoch 036/060] batch 0320/0744 loss=8.6154 det=8.5471 box=1.1851 cls=1.1246 dfl=0.0037 mard=1.9959 lambda=0.0342 pseudo_boxes=40 avg_conf=0.8421 rasp_s=0.201 lr=3.76885e-05
[Epoch 036/060] batch 0340/0744 loss=6.0997 det=6.0317 box=0.9350 cls=0.6407 dfl=0.0031 mard=2.0008 lambda=0.0340 pseudo_boxes=51 avg_conf=0.8397 rasp_s=0.201 lr=3.76885e-05
[Epoch 036/060] batch 0360/0744 loss=5.6193 det=5.5500 box=0.8292 cls=0.6274 dfl=0.0071 mard=2.0067 lambda=0.0346 pseudo_boxes=41 avg_conf=0.8457 rasp_s=0.201 lr=3.76885e-05
[Epoch 036/060] batch 0380/0744 loss=7.4694 det=7.4020 box=1.1591 cls=0.8105 dfl=0.0060 mard=2.0029 lambda=0.0336 pseudo_boxes=22 avg_conf=0.8364 rasp_s=0.201 lr=3.76885e-05
[Epoch 036/060] batch 0400/0744 loss=4.6746 det=4.6044 box=0.6864 cls=0.5061 dfl=0.0033 mard=1.9816 lambda=0.0354 pseudo_boxes=43 avg_conf=0.8542 rasp_s=0.201 lr=3.76885e-05
[Epoch 036/060] batch 0420/0744 loss=4.1706 det=4.0957 box=0.6448 cls=0.4238 dfl=0.0025 mard=2.0084 lambda=0.0373 pseudo_boxes=28 avg_conf=0.8730 rasp_s=0.201 lr=3.76885e-05
[Epoch 036/060] batch 0440/0744 loss=6.8966 det=6.8342 box=1.0606 cls=0.7145 dfl=0.0040 mard=2.0094 lambda=0.0311 pseudo_boxes=47 avg_conf=0.8107 rasp_s=0.201 lr=3.76885e-05
[Epoch 036/060] batch 0460/0744 loss=3.9652 det=3.8938 box=0.5883 cls=0.3748 dfl=0.0041 mard=2.0068 lambda=0.0356 pseudo_boxes=29 avg_conf=0.8560 rasp_s=0.201 lr=3.76885e-05
[Epoch 036/060] batch 0480/0744 loss=5.5322 det=5.4703 box=0.8223 cls=0.6252 dfl=0.0028 mard=2.0003 lambda=0.0309 pseudo_boxes=48 avg_conf=0.8092 rasp_s=0.201 lr=3.76885e-05
[Epoch 036/060] batch 0500/0744 loss=4.6814 det=4.6039 box=0.6836 cls=0.5537 dfl=0.0035 mard=2.0081 lambda=0.0386 pseudo_boxes=40 avg_conf=0.8863 rasp_s=0.201 lr=3.76885e-05
[Epoch 036/060] batch 0520/0744 loss=4.8579 det=4.7820 box=0.7127 cls=0.5100 dfl=0.0035 mard=2.0236 lambda=0.0375 pseudo_boxes=50 avg_conf=0.8750 rasp_s=0.201 lr=3.76885e-05
[Epoch 036/060] batch 0540/0744 loss=8.3406 det=8.2964 box=1.0923 cls=1.1661 dfl=0.0032 mard=1.9143 lambda=0.0231 pseudo_boxes=17 avg_conf=0.7311 rasp_s=0.201 lr=3.76885e-05
[Epoch 036/060] batch 0560/0744 loss=7.0277 det=6.9578 box=0.9385 cls=0.9441 dfl=0.0048 mard=1.9883 lambda=0.0351 pseudo_boxes=40 avg_conf=0.8514 rasp_s=0.201 lr=3.76885e-05
[Epoch 036/060] batch 0580/0744 loss=6.4974 det=6.4271 box=0.8808 cls=0.8622 dfl=0.0061 mard=1.9967 lambda=0.0352 pseudo_boxes=37 avg_conf=0.8519 rasp_s=0.201 lr=3.76885e-05
[Epoch 036/060] batch 0600/0744 loss=10.6697 det=10.6146 box=1.5682 cls=1.3095 dfl=0.0059 mard=1.9903 lambda=0.0277 pseudo_boxes=51 avg_conf=0.7768 rasp_s=0.201 lr=3.76885e-05
[Epoch 036/060] batch 0620/0744 loss=4.1861 det=4.1074 box=0.5722 cls=0.4579 dfl=0.0042 mard=1.9885 lambda=0.0396 pseudo_boxes=27 avg_conf=0.8960 rasp_s=0.201 lr=3.76885e-05
[Epoch 036/060] batch 0640/0744 loss=5.8863 det=5.8101 box=0.7620 cls=0.7855 dfl=0.0047 mard=1.9969 lambda=0.0381 pseudo_boxes=20 avg_conf=0.8813 rasp_s=0.201 lr=3.76885e-05
[Epoch 036/060] batch 0660/0744 loss=6.7990 det=6.7274 box=0.9927 cls=0.7882 dfl=0.0049 mard=2.0192 lambda=0.0355 pseudo_boxes=32 avg_conf=0.8547 rasp_s=0.201 lr=3.76885e-05
[Epoch 036/060] batch 0680/0744 loss=7.1846 det=7.1106 box=1.0485 cls=0.9196 dfl=0.0047 mard=1.9945 lambda=0.0371 pseudo_boxes=48 avg_conf=0.8711 rasp_s=0.201 lr=3.76885e-05
[Epoch 036/060] batch 0700/0744 loss=10.2142 det=10.1560 box=1.3189 cls=1.3824 dfl=0.0041 mard=2.0345 lambda=0.0286 pseudo_boxes=35 avg_conf=0.7863 rasp_s=0.201 lr=3.76885e-05
[Epoch 036/060] batch 0720/0744 loss=5.4063 det=5.3301 box=0.8781 cls=0.5628 dfl=0.0044 mard=2.0354 lambda=0.0374 pseudo_boxes=30 avg_conf=0.8743 rasp_s=0.201 lr=3.76885e-05
[Epoch 036/060] batch 0740/0744 loss=5.1467 det=5.0709 box=0.7777 cls=0.5464 dfl=0.0039 mard=2.0117 lambda=0.0377 pseudo_boxes=35 avg_conf=0.8767 rasp_s=0.201 lr=3.76885e-05
[Epoch 036/060] batch 0744/0744 loss=5.8788 det=5.8185 box=1.2439 cls=0.7958 dfl=0.0047 mard=2.0079 lambda=0.0300 pseudo_boxes=27 avg_conf=0.8003 rasp_s=0.201 lr=3.76885e-05
[Epoch 036/060] done time=269.9s valid=744 skipped=0 pseudo_boxes=28031 loss=6.3220 det=6.2547 mard=1.9985 conf=0.8344 RASP(status=no_safe_knee, s=0.201, new_packs=0, knee=0/2)
[Epoch 037/060] start
[Epoch 037/060] batch 0001/0744 loss=5.4765 det=5.4183 box=0.8510 cls=0.5997 dfl=0.0026 mard=1.9721 lambda=0.0295 pseudo_boxes=33 avg_conf=0.7949 rasp_s=0.201 lr=3.52037e-05
[Epoch 037/060] batch 0020/0744 loss=3.6201 det=3.5495 box=0.5281 cls=0.3718 dfl=0.0038 mard=1.9784 lambda=0.0357 pseudo_boxes=33 avg_conf=0.8570 rasp_s=0.201 lr=3.52037e-05
[Epoch 037/060] batch 0040/0744 loss=6.6345 det=6.5694 box=0.9271 cls=0.8910 dfl=0.0034 mard=1.9834 lambda=0.0328 pseudo_boxes=39 avg_conf=0.8280 rasp_s=0.201 lr=3.52037e-05
[Epoch 037/060] batch 0060/0744 loss=7.3097 det=7.2381 box=1.1769 cls=0.6590 dfl=0.0043 mard=2.0013 lambda=0.0358 pseudo_boxes=23 avg_conf=0.8579 rasp_s=0.201 lr=3.52037e-05
[Epoch 037/060] batch 0080/0744 loss=7.2344 det=7.1625 box=1.0094 cls=0.8659 dfl=0.0047 mard=1.9963 lambda=0.0360 pseudo_boxes=20 avg_conf=0.8603 rasp_s=0.201 lr=3.52037e-05
[Epoch 037/060] batch 0100/0744 loss=5.3646 det=5.2898 box=0.7485 cls=0.6601 dfl=0.0023 mard=2.0129 lambda=0.0372 pseudo_boxes=35 avg_conf=0.8721 rasp_s=0.201 lr=3.52037e-05
[Epoch 037/060] batch 0120/0744 loss=3.6249 det=3.5473 box=0.5697 cls=0.3484 dfl=0.0022 mard=2.0197 lambda=0.0384 pseudo_boxes=34 avg_conf=0.8841 rasp_s=0.201 lr=3.52037e-05
[Epoch 037/060] batch 0140/0744 loss=7.3073 det=7.2445 box=0.9590 cls=0.9983 dfl=0.0048 mard=1.9891 lambda=0.0316 pseudo_boxes=41 avg_conf=0.8158 rasp_s=0.201 lr=3.52037e-05
[Epoch 037/060] batch 0160/0744 loss=5.7039 det=5.6391 box=0.9475 cls=0.5291 dfl=0.0039 mard=1.9920 lambda=0.0325 pseudo_boxes=37 avg_conf=0.8254 rasp_s=0.201 lr=3.52037e-05
[Epoch 037/060] batch 0180/0744 loss=4.9549 det=4.8852 box=0.7568 cls=0.5330 dfl=0.0038 mard=2.0266 lambda=0.0344 pseudo_boxes=37 avg_conf=0.8439 rasp_s=0.201 lr=3.52037e-05
[Epoch 037/060] batch 0200/0744 loss=4.3735 det=4.3018 box=0.7102 cls=0.4717 dfl=0.0019 mard=1.9730 lambda=0.0363 pseudo_boxes=27 avg_conf=0.8634 rasp_s=0.201 lr=3.52037e-05
[Epoch 037/060] batch 0220/0744 loss=6.8779 det=6.8131 box=1.0182 cls=0.8045 dfl=0.0039 mard=1.9902 lambda=0.0325 pseudo_boxes=36 avg_conf=0.8255 rasp_s=0.201 lr=3.52037e-05
[Epoch 037/060] batch 0240/0744 loss=7.8162 det=7.7571 box=1.1310 cls=0.9676 dfl=0.0060 mard=1.9863 lambda=0.0297 pseudo_boxes=63 avg_conf=0.7972 rasp_s=0.201 lr=3.52037e-05
[Epoch 037/060] batch 0260/0744 loss=7.6765 det=7.6132 box=1.1268 cls=0.8846 dfl=0.0060 mard=2.0068 lambda=0.0315 pseudo_boxes=71 avg_conf=0.8152 rasp_s=0.201 lr=3.52037e-05
[Epoch 037/060] batch 0280/0744 loss=7.0770 det=7.0140 box=1.0401 cls=0.8149 dfl=0.0041 mard=2.0227 lambda=0.0311 pseudo_boxes=45 avg_conf=0.8115 rasp_s=0.201 lr=3.52037e-05
[Epoch 037/060] batch 0300/0744 loss=6.1583 det=6.0867 box=0.9188 cls=0.6792 dfl=0.0036 mard=1.9750 lambda=0.0362 pseudo_boxes=49 avg_conf=0.8623 rasp_s=0.201 lr=3.52037e-05
[Epoch 037/060] batch 0320/0744 loss=7.1767 det=7.1113 box=1.1895 cls=0.7023 dfl=0.0041 mard=1.9238 lambda=0.0340 pseudo_boxes=52 avg_conf=0.8400 rasp_s=0.201 lr=3.52037e-05
[Epoch 037/060] batch 0340/0744 loss=8.9522 det=8.8967 box=1.2473 cls=1.1276 dfl=0.0043 mard=2.0002 lambda=0.0278 pseudo_boxes=42 avg_conf=0.7777 rasp_s=0.201 lr=3.52037e-05
[Epoch 037/060] batch 0360/0744 loss=5.7484 det=5.6806 box=0.7283 cls=0.7383 dfl=0.0031 mard=2.0209 lambda=0.0336 pseudo_boxes=49 avg_conf=0.8356 rasp_s=0.201 lr=3.52037e-05
[Epoch 037/060] batch 0380/0744 loss=5.3828 det=5.3090 box=0.7571 cls=0.6658 dfl=0.0034 mard=2.0081 lambda=0.0368 pseudo_boxes=36 avg_conf=0.8678 rasp_s=0.201 lr=3.52037e-05
[Epoch 037/060] batch 0400/0744 loss=5.3350 det=5.2722 box=0.7081 cls=0.6913 dfl=0.0027 mard=2.0164 lambda=0.0311 pseudo_boxes=24 avg_conf=0.8115 rasp_s=0.201 lr=3.52037e-05
[Epoch 037/060] batch 0420/0744 loss=6.6567 det=6.5924 box=1.1000 cls=0.6347 dfl=0.0045 mard=2.0126 lambda=0.0320 pseudo_boxes=42 avg_conf=0.8197 rasp_s=0.201 lr=3.52037e-05
[Epoch 037/060] batch 0440/0744 loss=6.4874 det=6.4174 box=1.0806 cls=0.5828 dfl=0.0040 mard=2.0015 lambda=0.0350 pseudo_boxes=40 avg_conf=0.8499 rasp_s=0.201 lr=3.52037e-05
[Epoch 037/060] batch 0460/0744 loss=6.0332 det=5.9623 box=0.7804 cls=0.8284 dfl=0.0033 mard=1.9775 lambda=0.0358 pseudo_boxes=33 avg_conf=0.8585 rasp_s=0.201 lr=3.52037e-05
[Epoch 037/060] batch 0480/0744 loss=5.6776 det=5.6133 box=0.7939 cls=0.6369 dfl=0.0033 mard=1.9548 lambda=0.0329 pseudo_boxes=34 avg_conf=0.8288 rasp_s=0.201 lr=3.52037e-05
[Epoch 037/060] batch 0500/0744 loss=6.0531 det=5.9822 box=0.9274 cls=0.7100 dfl=0.0045 mard=2.0043 lambda=0.0354 pseudo_boxes=46 avg_conf=0.8540 rasp_s=0.201 lr=3.52037e-05
[Epoch 037/060] batch 0520/0744 loss=4.4892 det=4.4169 box=0.6312 cls=0.5330 dfl=0.0034 mard=2.0098 lambda=0.0360 pseudo_boxes=38 avg_conf=0.8599 rasp_s=0.201 lr=3.52037e-05
[Epoch 037/060] batch 0540/0744 loss=6.0219 det=5.9549 box=0.9075 cls=0.7039 dfl=0.0041 mard=1.9873 lambda=0.0337 pseudo_boxes=32 avg_conf=0.8372 rasp_s=0.201 lr=3.52037e-05
[Epoch 037/060] batch 0560/0744 loss=4.3316 det=4.2640 box=0.6642 cls=0.4421 dfl=0.0031 mard=1.9938 lambda=0.0339 pseudo_boxes=35 avg_conf=0.8392 rasp_s=0.201 lr=3.52037e-05
[Epoch 037/060] batch 0580/0744 loss=4.7208 det=4.6527 box=0.8405 cls=0.7769 dfl=0.0027 mard=2.0044 lambda=0.0340 pseudo_boxes=24 avg_conf=0.8395 rasp_s=0.201 lr=3.52037e-05
[Epoch 037/060] batch 0600/0744 loss=6.6493 det=6.5951 box=1.0733 cls=0.6726 dfl=0.0033 mard=1.9645 lambda=0.0276 pseudo_boxes=47 avg_conf=0.7758 rasp_s=0.201 lr=3.52037e-05
[Epoch 037/060] batch 0620/0744 loss=7.1830 det=7.1117 box=1.0290 cls=0.8071 dfl=0.0059 mard=2.0163 lambda=0.0353 pseudo_boxes=30 avg_conf=0.8532 rasp_s=0.201 lr=3.52037e-05
[Epoch 037/060] batch 0640/0744 loss=8.3377 det=8.2679 box=1.1307 cls=1.2233 dfl=0.0044 mard=2.0135 lambda=0.0347 pseudo_boxes=31 avg_conf=0.8468 rasp_s=0.201 lr=3.52037e-05
[Epoch 037/060] batch 0660/0744 loss=8.9045 det=8.8453 box=1.3652 cls=1.0082 dfl=0.0041 mard=2.0422 lambda=0.0290 pseudo_boxes=63 avg_conf=0.7899 rasp_s=0.201 lr=3.52037e-05
[Epoch 037/060] batch 0680/0744 loss=6.6484 det=6.5956 box=0.9742 cls=0.7091 dfl=0.0052 mard=1.9984 lambda=0.0265 pseudo_boxes=32 avg_conf=0.7645 rasp_s=0.201 lr=3.52037e-05
[Epoch 037/060] batch 0700/0744 loss=6.1088 det=6.0441 box=1.0034 cls=0.5667 dfl=0.0044 mard=2.0069 lambda=0.0323 pseudo_boxes=45 avg_conf=0.8225 rasp_s=0.201 lr=3.52037e-05
[Epoch 037/060] batch 0720/0744 loss=5.4685 det=5.4020 box=0.8578 cls=0.5718 dfl=0.0037 mard=1.9883 lambda=0.0335 pseudo_boxes=29 avg_conf=0.8349 rasp_s=0.201 lr=3.52037e-05
[Epoch 037/060] batch 0740/0744 loss=7.2676 det=7.2038 box=1.1165 cls=0.7515 dfl=0.0040 mard=2.0226 lambda=0.0315 pseudo_boxes=27 avg_conf=0.8154 rasp_s=0.201 lr=3.52037e-05
[Epoch 037/060] batch 0744/0744 loss=5.7658 det=5.6901 box=1.0708 cls=0.9837 dfl=0.0041 mard=2.0077 lambda=0.0377 pseudo_boxes=43 avg_conf=0.8768 rasp_s=0.201 lr=3.52037e-05
[Epoch 037/060] done time=269.6s valid=744 skipped=0 pseudo_boxes=28051 loss=6.2955 det=6.2283 mard=1.9975 conf=0.8343 RASP(status=no_safe_knee, s=0.201, new_packs=0, knee=0/2)
[Epoch 038/060] start
[Epoch 038/060] batch 0001/0744 loss=4.5786 det=4.5078 box=0.6748 cls=0.5069 dfl=0.0031 mard=2.0029 lambda=0.0353 pseudo_boxes=36 avg_conf=0.8533 rasp_s=0.201 lr=3.27608e-05
[Epoch 038/060] batch 0020/0744 loss=5.4167 det=5.3429 box=0.8152 cls=0.5979 dfl=0.0039 mard=2.0347 lambda=0.0363 pseudo_boxes=38 avg_conf=0.8628 rasp_s=0.201 lr=3.27608e-05
[Epoch 038/060] batch 0040/0744 loss=7.5115 det=7.4473 box=1.0700 cls=0.9262 dfl=0.0044 mard=1.9345 lambda=0.0332 pseudo_boxes=35 avg_conf=0.8316 rasp_s=0.201 lr=3.27608e-05
[Epoch 038/060] batch 0060/0744 loss=5.4698 det=5.4034 box=0.8185 cls=0.5835 dfl=0.0044 mard=2.0083 lambda=0.0331 pseudo_boxes=47 avg_conf=0.8306 rasp_s=0.201 lr=3.27608e-05
[Epoch 038/060] batch 0080/0744 loss=7.6086 det=7.5379 box=1.0661 cls=1.0056 dfl=0.0035 mard=2.0037 lambda=0.0353 pseudo_boxes=24 avg_conf=0.8530 rasp_s=0.201 lr=3.27608e-05
[Epoch 038/060] batch 0100/0744 loss=3.7231 det=3.6469 box=0.5998 cls=0.3063 dfl=0.0036 mard=1.9998 lambda=0.0381 pseudo_boxes=35 avg_conf=0.8808 rasp_s=0.201 lr=3.27608e-05
[Epoch 038/060] batch 0120/0744 loss=5.1516 det=5.0895 box=0.7356 cls=0.5983 dfl=0.0024 mard=1.9784 lambda=0.0314 pseudo_boxes=43 avg_conf=0.8139 rasp_s=0.201 lr=3.27608e-05
[Epoch 038/060] batch 0140/0744 loss=5.5884 det=5.5209 box=0.8779 cls=0.5890 dfl=0.0035 mard=2.0324 lambda=0.0332 pseudo_boxes=42 avg_conf=0.8323 rasp_s=0.201 lr=3.27608e-05
[Epoch 038/060] batch 0160/0744 loss=5.3523 det=5.2792 box=0.8249 cls=0.5896 dfl=0.0031 mard=2.0491 lambda=0.0357 pseudo_boxes=24 avg_conf=0.8565 rasp_s=0.201 lr=3.27608e-05
[Epoch 038/060] batch 0180/0744 loss=5.5274 det=5.4641 box=0.9223 cls=0.5230 dfl=0.0030 mard=2.0323 lambda=0.0312 pseudo_boxes=44 avg_conf=0.8116 rasp_s=0.201 lr=3.27608e-05
[Epoch 038/060] batch 0200/0744 loss=6.0328 det=5.9708 box=0.8874 cls=0.7161 dfl=0.0028 mard=2.0011 lambda=0.0310 pseudo_boxes=45 avg_conf=0.8098 rasp_s=0.201 lr=3.27608e-05
[Epoch 038/060] batch 0220/0744 loss=6.8773 det=6.8176 box=0.9868 cls=0.8080 dfl=0.0038 mard=2.0116 lambda=0.0297 pseudo_boxes=51 avg_conf=0.7967 rasp_s=0.201 lr=3.27608e-05
[Epoch 038/060] batch 0240/0744 loss=7.1098 det=7.0459 box=1.1641 cls=0.6356 dfl=0.0038 mard=1.9978 lambda=0.0320 pseudo_boxes=34 avg_conf=0.8199 rasp_s=0.201 lr=3.27608e-05
[Epoch 038/060] batch 0260/0744 loss=4.5987 det=4.5303 box=0.6480 cls=0.6094 dfl=0.0025 mard=2.0265 lambda=0.0337 pseudo_boxes=35 avg_conf=0.8374 rasp_s=0.201 lr=3.27608e-05
[Epoch 038/060] batch 0280/0744 loss=4.2308 det=4.1617 box=0.7009 cls=0.3580 dfl=0.0048 mard=1.9161 lambda=0.0360 pseudo_boxes=28 avg_conf=0.8603 rasp_s=0.201 lr=3.27608e-05
[Epoch 038/060] batch 0300/0744 loss=4.6617 det=4.5887 box=0.7831 cls=0.4065 dfl=0.0040 mard=2.0068 lambda=0.0364 pseudo_boxes=39 avg_conf=0.8638 rasp_s=0.201 lr=3.27608e-05
[Epoch 038/060] batch 0320/0744 loss=4.1006 det=4.0216 box=1.0683 cls=1.0694 dfl=0.0061 mard=1.9898 lambda=0.0397 pseudo_boxes=15 avg_conf=0.8970 rasp_s=0.201 lr=3.27608e-05
[Epoch 038/060] batch 0340/0744 loss=6.8667 det=6.7954 box=1.1101 cls=0.7680 dfl=0.0036 mard=1.9846 lambda=0.0359 pseudo_boxes=34 avg_conf=0.8594 rasp_s=0.201 lr=3.27608e-05
[Epoch 038/060] batch 0360/0744 loss=5.7999 det=5.7241 box=0.9206 cls=0.5647 dfl=0.0039 mard=2.0262 lambda=0.0374 pseudo_boxes=34 avg_conf=0.8744 rasp_s=0.201 lr=3.27608e-05
[Epoch 038/060] batch 0380/0744 loss=7.5957 det=7.5324 box=1.0119 cls=1.0341 dfl=0.0039 mard=1.9839 lambda=0.0319 pseudo_boxes=49 avg_conf=0.8190 rasp_s=0.201 lr=3.27608e-05
[Epoch 038/060] batch 0400/0744 loss=4.1205 det=4.0499 box=0.5833 cls=0.4398 dfl=0.0026 mard=1.9885 lambda=0.0355 pseudo_boxes=28 avg_conf=0.8550 rasp_s=0.201 lr=3.27608e-05
[Epoch 038/060] batch 0420/0744 loss=5.2347 det=5.1674 box=0.8272 cls=0.5505 dfl=0.0025 mard=1.9872 lambda=0.0339 pseudo_boxes=54 avg_conf=0.8387 rasp_s=0.201 lr=3.27608e-05
[Epoch 038/060] batch 0440/0744 loss=8.2415 det=8.1832 box=1.1847 cls=1.0370 dfl=0.0034 mard=1.9533 lambda=0.0298 pseudo_boxes=37 avg_conf=0.7985 rasp_s=0.201 lr=3.27608e-05
[Epoch 038/060] batch 0460/0744 loss=7.0520 det=6.9840 box=1.0091 cls=0.8602 dfl=0.0046 mard=2.0287 lambda=0.0335 pseudo_boxes=25 avg_conf=0.8352 rasp_s=0.201 lr=3.27608e-05
[Epoch 038/060] batch 0480/0744 loss=6.7017 det=6.6338 box=1.0563 cls=0.6814 dfl=0.0050 mard=1.9405 lambda=0.0350 pseudo_boxes=46 avg_conf=0.8499 rasp_s=0.201 lr=3.27608e-05
[Epoch 038/060] batch 0500/0744 loss=7.3993 det=7.3428 box=1.0132 cls=0.9057 dfl=0.0039 mard=1.9931 lambda=0.0284 pseudo_boxes=44 avg_conf=0.7837 rasp_s=0.201 lr=3.27608e-05
[Epoch 038/060] batch 0520/0744 loss=7.7018 det=7.6407 box=1.0806 cls=0.9226 dfl=0.0040 mard=1.9795 lambda=0.0308 pseudo_boxes=59 avg_conf=0.8083 rasp_s=0.201 lr=3.27608e-05
[Epoch 038/060] batch 0540/0744 loss=5.2378 det=5.1708 box=0.7404 cls=0.6397 dfl=0.0035 mard=1.9858 lambda=0.0338 pseudo_boxes=44 avg_conf=0.8376 rasp_s=0.201 lr=3.27608e-05
[Epoch 038/060] batch 0560/0744 loss=4.1648 det=4.0856 box=0.6121 cls=0.4078 dfl=0.0029 mard=2.0113 lambda=0.0394 pseudo_boxes=26 avg_conf=0.8937 rasp_s=0.201 lr=3.27608e-05
[Epoch 038/060] batch 0580/0744 loss=4.7092 det=4.6403 box=0.6661 cls=0.5575 dfl=0.0025 mard=2.0317 lambda=0.0339 pseudo_boxes=58 avg_conf=0.8393 rasp_s=0.201 lr=3.27608e-05
[Epoch 038/060] batch 0600/0744 loss=5.6583 det=5.5875 box=0.8213 cls=0.6901 dfl=0.0041 mard=2.0017 lambda=0.0354 pseudo_boxes=31 avg_conf=0.8536 rasp_s=0.201 lr=3.27608e-05
[Epoch 038/060] batch 0620/0744 loss=5.5703 det=5.4997 box=0.8692 cls=0.5078 dfl=0.0031 mard=2.0199 lambda=0.0350 pseudo_boxes=41 avg_conf=0.8498 rasp_s=0.201 lr=3.27608e-05
[Epoch 038/060] batch 0640/0744 loss=5.3207 det=5.2562 box=0.8231 cls=0.5580 dfl=0.0028 mard=1.9827 lambda=0.0325 pseudo_boxes=36 avg_conf=0.8252 rasp_s=0.201 lr=3.27608e-05
[Epoch 038/060] batch 0660/0744 loss=5.6365 det=5.5605 box=0.8560 cls=0.5696 dfl=0.0042 mard=2.0229 lambda=0.0376 pseudo_boxes=34 avg_conf=0.8758 rasp_s=0.201 lr=3.27608e-05
[Epoch 038/060] batch 0680/0744 loss=6.9798 det=6.9153 box=1.0708 cls=0.8299 dfl=0.0040 mard=1.9246 lambda=0.0335 pseudo_boxes=33 avg_conf=0.8350 rasp_s=0.201 lr=3.27608e-05
[Epoch 038/060] batch 0700/0744 loss=4.7180 det=4.6482 box=0.6511 cls=0.5841 dfl=0.0029 mard=1.9811 lambda=0.0352 pseudo_boxes=20 avg_conf=0.8522 rasp_s=0.201 lr=3.27608e-05
[Epoch 038/060] batch 0720/0744 loss=5.9271 det=5.8574 box=0.8436 cls=0.6963 dfl=0.0036 mard=2.0049 lambda=0.0348 pseudo_boxes=39 avg_conf=0.8477 rasp_s=0.201 lr=3.27608e-05
[Epoch 038/060] batch 0740/0744 loss=6.1078 det=6.0454 box=0.8823 cls=0.7500 dfl=0.0027 mard=2.0177 lambda=0.0309 pseudo_boxes=32 avg_conf=0.8094 rasp_s=0.201 lr=3.27608e-05
[Epoch 038/060] batch 0744/0744 loss=4.2276 det=4.1641 box=0.7888 cls=0.6727 dfl=0.0030 mard=1.9851 lambda=0.0319 pseudo_boxes=33 avg_conf=0.8194 rasp_s=0.201 lr=3.27608e-05
[Epoch 038/060] done time=269.9s valid=744 skipped=0 pseudo_boxes=28030 loss=6.3586 det=6.2916 mard=1.9931 conf=0.8335 RASP(status=no_safe_knee, s=0.201, new_packs=0, knee=0/2)
[Epoch 039/060] start
[Epoch 039/060] batch 0001/0744 loss=6.1965 det=6.1239 box=0.8538 cls=0.7940 dfl=0.0038 mard=2.0337 lambda=0.0357 pseudo_boxes=22 avg_conf=0.8570 rasp_s=0.201 lr=3.03665e-05
[Epoch 039/060] batch 0020/0744 loss=5.6349 det=5.5641 box=0.8518 cls=0.5939 dfl=0.0034 mard=1.9856 lambda=0.0356 pseudo_boxes=35 avg_conf=0.8563 rasp_s=0.201 lr=3.03665e-05
[Epoch 039/060] batch 0040/0744 loss=6.9291 det=6.8624 box=1.1149 cls=0.7288 dfl=0.0051 mard=1.9596 lambda=0.0340 pseudo_boxes=43 avg_conf=0.8402 rasp_s=0.201 lr=3.03665e-05
[Epoch 039/060] batch 0060/0744 loss=5.2734 det=5.2073 box=0.8603 cls=0.4937 dfl=0.0027 mard=2.0038 lambda=0.0330 pseudo_boxes=50 avg_conf=0.8302 rasp_s=0.201 lr=3.03665e-05
[Epoch 039/060] batch 0080/0744 loss=6.1662 det=6.1002 box=0.8980 cls=0.7749 dfl=0.0042 mard=2.0268 lambda=0.0325 pseudo_boxes=44 avg_conf=0.8254 rasp_s=0.201 lr=3.03665e-05
[Epoch 039/060] batch 0100/0744 loss=9.0051 det=8.9464 box=1.3397 cls=1.0801 dfl=0.0043 mard=2.0165 lambda=0.0291 pseudo_boxes=45 avg_conf=0.7908 rasp_s=0.201 lr=3.03665e-05
[Epoch 039/060] batch 0120/0744 loss=5.1086 det=5.0366 box=0.6745 cls=0.6495 dfl=0.0029 mard=1.9750 lambda=0.0365 pseudo_boxes=39 avg_conf=0.8648 rasp_s=0.201 lr=3.03665e-05
[Epoch 039/060] batch 0140/0744 loss=8.5023 det=8.4399 box=1.0345 cls=1.2504 dfl=0.0042 mard=2.0064 lambda=0.0311 pseudo_boxes=35 avg_conf=0.8110 rasp_s=0.201 lr=3.03665e-05
[Epoch 039/060] batch 0160/0744 loss=7.0666 det=6.9928 box=1.0309 cls=0.8906 dfl=0.0044 mard=1.9711 lambda=0.0374 pseudo_boxes=33 avg_conf=0.8744 rasp_s=0.201 lr=3.03665e-05
[Epoch 039/060] batch 0180/0744 loss=6.8600 det=6.7936 box=1.1090 cls=0.6682 dfl=0.0037 mard=1.9720 lambda=0.0337 pseudo_boxes=24 avg_conf=0.8366 rasp_s=0.201 lr=3.03665e-05
[Epoch 039/060] batch 0200/0744 loss=6.7869 det=6.7215 box=1.0326 cls=0.8700 dfl=0.0035 mard=2.0216 lambda=0.0324 pseudo_boxes=25 avg_conf=0.8236 rasp_s=0.201 lr=3.03665e-05
[Epoch 039/060] batch 0220/0744 loss=7.4767 det=7.4104 box=0.9711 cls=1.0524 dfl=0.0042 mard=1.9990 lambda=0.0332 pseudo_boxes=31 avg_conf=0.8318 rasp_s=0.201 lr=3.03665e-05
[Epoch 039/060] batch 0240/0744 loss=6.0156 det=5.9466 box=0.9002 cls=0.6856 dfl=0.0051 mard=1.9908 lambda=0.0347 pseudo_boxes=38 avg_conf=0.8467 rasp_s=0.201 lr=3.03665e-05
[Epoch 039/060] batch 0260/0744 loss=5.4247 det=5.3607 box=0.8288 cls=0.6126 dfl=0.0030 mard=2.0062 lambda=0.0319 pseudo_boxes=56 avg_conf=0.8191 rasp_s=0.201 lr=3.03665e-05
[Epoch 039/060] batch 0280/0744 loss=9.3531 det=9.2906 box=1.4048 cls=1.0875 dfl=0.0050 mard=2.0270 lambda=0.0309 pseudo_boxes=36 avg_conf=0.8086 rasp_s=0.201 lr=3.03665e-05
[Epoch 039/060] batch 0300/0744 loss=5.5600 det=5.4908 box=0.6881 cls=0.7766 dfl=0.0036 mard=1.9807 lambda=0.0349 pseudo_boxes=25 avg_conf=0.8492 rasp_s=0.201 lr=3.03665e-05
[Epoch 039/060] batch 0320/0744 loss=4.7138 det=4.6459 box=0.7472 cls=0.4104 dfl=0.0039 mard=2.0019 lambda=0.0339 pseudo_boxes=36 avg_conf=0.8395 rasp_s=0.201 lr=3.03665e-05
[Epoch 039/060] batch 0340/0744 loss=6.9128 det=6.8410 box=1.0815 cls=0.7469 dfl=0.0053 mard=2.0295 lambda=0.0354 pseudo_boxes=47 avg_conf=0.8541 rasp_s=0.201 lr=3.03665e-05
[Epoch 039/060] batch 0360/0744 loss=3.6968 det=3.6327 box=0.7911 cls=0.4449 dfl=0.0034 mard=1.9632 lambda=0.0326 pseudo_boxes=17 avg_conf=0.8262 rasp_s=0.201 lr=3.03665e-05
[Epoch 039/060] batch 0380/0744 loss=5.8895 det=5.8202 box=0.8771 cls=0.6972 dfl=0.0032 mard=2.0276 lambda=0.0342 pseudo_boxes=59 avg_conf=0.8416 rasp_s=0.201 lr=3.03665e-05
[Epoch 039/060] batch 0400/0744 loss=6.8444 det=6.7804 box=1.0556 cls=0.7254 dfl=0.0047 mard=2.0331 lambda=0.0315 pseudo_boxes=35 avg_conf=0.8148 rasp_s=0.201 lr=3.03665e-05
[Epoch 039/060] batch 0420/0744 loss=4.4731 det=4.4032 box=0.6663 cls=0.4830 dfl=0.0029 mard=1.9588 lambda=0.0357 pseudo_boxes=48 avg_conf=0.8569 rasp_s=0.201 lr=3.03665e-05
[Epoch 039/060] batch 0440/0744 loss=7.5101 det=7.4501 box=1.0656 cls=0.9157 dfl=0.0044 mard=1.9958 lambda=0.0301 pseudo_boxes=55 avg_conf=0.8006 rasp_s=0.201 lr=3.03665e-05
[Epoch 039/060] batch 0460/0744 loss=6.8839 det=6.8220 box=0.9023 cls=0.8947 dfl=0.0032 mard=2.0148 lambda=0.0307 pseudo_boxes=43 avg_conf=0.8071 rasp_s=0.201 lr=3.03665e-05
[Epoch 039/060] batch 0480/0744 loss=7.4439 det=7.3879 box=0.9991 cls=0.9187 dfl=0.0037 mard=1.9568 lambda=0.0287 pseudo_boxes=40 avg_conf=0.7866 rasp_s=0.201 lr=3.03665e-05
[Epoch 039/060] batch 0500/0744 loss=6.8171 det=6.7482 box=1.0224 cls=0.7326 dfl=0.0051 mard=2.0304 lambda=0.0340 pseudo_boxes=63 avg_conf=0.8395 rasp_s=0.201 lr=3.03665e-05
[Epoch 039/060] batch 0520/0744 loss=4.9141 det=4.8430 box=0.7355 cls=0.4972 dfl=0.0037 mard=2.0005 lambda=0.0356 pseudo_boxes=31 avg_conf=0.8558 rasp_s=0.201 lr=3.03665e-05
[Epoch 039/060] batch 0540/0744 loss=9.1738 det=9.1163 box=1.2864 cls=1.1788 dfl=0.0046 mard=1.9872 lambda=0.0289 pseudo_boxes=38 avg_conf=0.7892 rasp_s=0.201 lr=3.03665e-05
[Epoch 039/060] batch 0560/0744 loss=4.6164 det=4.5571 box=0.6248 cls=0.5312 dfl=0.0027 mard=1.9831 lambda=0.0299 pseudo_boxes=40 avg_conf=0.7992 rasp_s=0.201 lr=3.03665e-05
[Epoch 039/060] batch 0580/0744 loss=6.2123 det=6.1460 box=0.8979 cls=0.7092 dfl=0.0042 mard=1.9857 lambda=0.0334 pseudo_boxes=60 avg_conf=0.8340 rasp_s=0.201 lr=3.03665e-05
[Epoch 039/060] batch 0600/0744 loss=6.5750 det=6.5004 box=1.0039 cls=0.7263 dfl=0.0041 mard=2.0313 lambda=0.0367 pseudo_boxes=37 avg_conf=0.8670 rasp_s=0.201 lr=3.03665e-05
[Epoch 039/060] batch 0620/0744 loss=6.5888 det=6.5178 box=0.9413 cls=0.7344 dfl=0.0033 mard=1.9238 lambda=0.0369 pseudo_boxes=33 avg_conf=0.8692 rasp_s=0.201 lr=3.03665e-05
[Epoch 039/060] batch 0640/0744 loss=6.2110 det=6.1505 box=0.7498 cls=0.9029 dfl=0.0029 mard=1.9957 lambda=0.0303 pseudo_boxes=39 avg_conf=0.8032 rasp_s=0.201 lr=3.03665e-05
[Epoch 039/060] batch 0660/0744 loss=4.5085 det=4.4350 box=0.6994 cls=0.4239 dfl=0.0038 mard=1.9832 lambda=0.0371 pseudo_boxes=49 avg_conf=0.8706 rasp_s=0.201 lr=3.03665e-05
[Epoch 039/060] batch 0680/0744 loss=5.2197 det=5.1630 box=0.8225 cls=0.4964 dfl=0.0025 mard=1.9840 lambda=0.0286 pseudo_boxes=48 avg_conf=0.7859 rasp_s=0.201 lr=3.03665e-05
[Epoch 039/060] batch 0700/0744 loss=3.8792 det=3.8063 box=0.8299 cls=0.5061 dfl=0.0038 mard=2.0303 lambda=0.0359 pseudo_boxes=22 avg_conf=0.8590 rasp_s=0.201 lr=3.03665e-05
[Epoch 039/060] batch 0720/0744 loss=7.1316 det=7.0716 box=1.0036 cls=0.8470 dfl=0.0045 mard=2.0031 lambda=0.0300 pseudo_boxes=41 avg_conf=0.8000 rasp_s=0.201 lr=3.03665e-05
[Epoch 039/060] batch 0740/0744 loss=5.8307 det=5.7687 box=0.9015 cls=0.6136 dfl=0.0028 mard=1.9790 lambda=0.0314 pseudo_boxes=35 avg_conf=0.8136 rasp_s=0.201 lr=3.03665e-05
[Epoch 039/060] batch 0744/0744 loss=3.8629 det=3.7958 box=0.8729 cls=0.3780 dfl=0.0051 mard=1.9940 lambda=0.0337 pseudo_boxes=25 avg_conf=0.8367 rasp_s=0.201 lr=3.03665e-05
[Epoch 039/060] done time=269.6s valid=744 skipped=0 pseudo_boxes=28026 loss=6.2284 det=6.1613 mard=1.9913 conf=0.8344 RASP(status=no_safe_knee, s=0.201, new_packs=0, knee=0/2)
[Epoch 040/060] start
[Epoch 040/060] batch 0001/0744 loss=5.3752 det=5.3062 box=0.7079 cls=0.6424 dfl=0.0025 mard=1.9839 lambda=0.0348 pseudo_boxes=30 avg_conf=0.8479 rasp_s=0.201 lr=2.80275e-05
[Epoch 040/060] batch 0020/0744 loss=4.2856 det=4.2162 box=0.6886 cls=0.4075 dfl=0.0027 mard=1.9953 lambda=0.0348 pseudo_boxes=32 avg_conf=0.8477 rasp_s=0.201 lr=2.80275e-05
[Epoch 040/060] batch 0040/0744 loss=6.3129 det=6.2477 box=0.9064 cls=0.7866 dfl=0.0037 mard=1.9857 lambda=0.0328 pseudo_boxes=43 avg_conf=0.8284 rasp_s=0.201 lr=2.80275e-05
[Epoch 040/060] batch 0060/0744 loss=5.4548 det=5.3862 box=0.8229 cls=0.5939 dfl=0.0027 mard=2.0232 lambda=0.0339 pseudo_boxes=21 avg_conf=0.8394 rasp_s=0.201 lr=2.80275e-05
[Epoch 040/060] batch 0080/0744 loss=6.6135 det=6.5438 box=1.0736 cls=0.5912 dfl=0.0053 mard=1.9301 lambda=0.0361 pseudo_boxes=34 avg_conf=0.8609 rasp_s=0.201 lr=2.80275e-05
[Epoch 040/060] batch 0100/0744 loss=5.5835 det=5.5131 box=0.8507 cls=0.5788 dfl=0.0032 mard=2.0020 lambda=0.0351 pseudo_boxes=42 avg_conf=0.8514 rasp_s=0.201 lr=2.80275e-05
[Epoch 040/060] batch 0120/0744 loss=8.0740 det=8.0086 box=1.2160 cls=0.9824 dfl=0.0034 mard=2.0160 lambda=0.0324 pseudo_boxes=26 avg_conf=0.8245 rasp_s=0.201 lr=2.80275e-05
[Epoch 040/060] batch 0140/0744 loss=7.4538 det=7.3890 box=0.9131 cls=1.1303 dfl=0.0059 mard=1.9914 lambda=0.0326 pseudo_boxes=23 avg_conf=0.8256 rasp_s=0.201 lr=2.80275e-05
[Epoch 040/060] batch 0160/0744 loss=4.2229 det=4.1497 box=0.6157 cls=0.4642 dfl=0.0027 mard=1.9852 lambda=0.0368 pseudo_boxes=46 avg_conf=0.8683 rasp_s=0.201 lr=2.80275e-05
[Epoch 040/060] batch 0180/0744 loss=9.3018 det=9.2487 box=1.2708 cls=1.2775 dfl=0.0046 mard=1.9942 lambda=0.0266 pseudo_boxes=80 avg_conf=0.7661 rasp_s=0.201 lr=2.80275e-05
[Epoch 040/060] batch 0200/0744 loss=6.7693 det=6.7033 box=1.0478 cls=0.6946 dfl=0.0041 mard=2.0191 lambda=0.0327 pseudo_boxes=50 avg_conf=0.8267 rasp_s=0.201 lr=2.80275e-05
[Epoch 040/060] batch 0220/0744 loss=8.0274 det=7.9552 box=1.1690 cls=0.8950 dfl=0.0048 mard=1.9915 lambda=0.0363 pseudo_boxes=28 avg_conf=0.8629 rasp_s=0.201 lr=2.80275e-05
[Epoch 040/060] batch 0240/0744 loss=5.7389 det=5.6706 box=0.7162 cls=0.8257 dfl=0.0025 mard=1.9840 lambda=0.0344 pseudo_boxes=36 avg_conf=0.8443 rasp_s=0.201 lr=2.80275e-05
[Epoch 040/060] batch 0260/0744 loss=5.9063 det=5.8451 box=0.7699 cls=0.8190 dfl=0.0030 mard=1.9190 lambda=0.0319 pseudo_boxes=28 avg_conf=0.8191 rasp_s=0.201 lr=2.80275e-05
[Epoch 040/060] batch 0280/0744 loss=7.4185 det=7.3541 box=0.9245 cls=1.0456 dfl=0.0042 mard=2.0222 lambda=0.0318 pseudo_boxes=24 avg_conf=0.8183 rasp_s=0.201 lr=2.80275e-05
[Epoch 040/060] batch 0300/0744 loss=5.6950 det=5.6348 box=0.8929 cls=0.5694 dfl=0.0029 mard=1.9630 lambda=0.0306 pseudo_boxes=60 avg_conf=0.8063 rasp_s=0.201 lr=2.80275e-05
[Epoch 040/060] batch 0320/0744 loss=4.7581 det=4.6928 box=0.6877 cls=0.5494 dfl=0.0036 mard=1.9700 lambda=0.0332 pseudo_boxes=42 avg_conf=0.8315 rasp_s=0.201 lr=2.80275e-05
[Epoch 040/060] batch 0340/0744 loss=7.1418 det=7.0803 box=0.9187 cls=0.9694 dfl=0.0039 mard=1.9867 lambda=0.0309 pseudo_boxes=32 avg_conf=0.8093 rasp_s=0.201 lr=2.80275e-05
[Epoch 040/060] batch 0360/0744 loss=5.9498 det=5.8763 box=0.8490 cls=0.6861 dfl=0.0038 mard=1.9792 lambda=0.0371 pseudo_boxes=34 avg_conf=0.8713 rasp_s=0.201 lr=2.80275e-05
[Epoch 040/060] batch 0380/0744 loss=9.3035 det=9.2482 box=1.3410 cls=1.1343 dfl=0.0036 mard=2.0024 lambda=0.0276 pseudo_boxes=41 avg_conf=0.7761 rasp_s=0.201 lr=2.80275e-05
[Epoch 040/060] batch 0400/0744 loss=5.5764 det=5.5053 box=0.8291 cls=0.5700 dfl=0.0041 mard=1.9811 lambda=0.0359 pseudo_boxes=36 avg_conf=0.8588 rasp_s=0.201 lr=2.80275e-05
[Epoch 040/060] batch 0420/0744 loss=8.4982 det=8.4342 box=1.1793 cls=1.0841 dfl=0.0048 mard=2.0267 lambda=0.0315 pseudo_boxes=39 avg_conf=0.8154 rasp_s=0.201 lr=2.80275e-05
[Epoch 040/060] batch 0440/0744 loss=7.8277 det=7.7695 box=1.1049 cls=0.9834 dfl=0.0046 mard=1.9729 lambda=0.0295 pseudo_boxes=44 avg_conf=0.7951 rasp_s=0.201 lr=2.80275e-05
[Epoch 040/060] batch 0460/0744 loss=5.8682 det=5.7996 box=0.8697 cls=0.6385 dfl=0.0031 mard=1.9833 lambda=0.0345 pseudo_boxes=21 avg_conf=0.8455 rasp_s=0.201 lr=2.80275e-05
[Epoch 040/060] batch 0480/0744 loss=4.3096 det=4.2367 box=0.6627 cls=0.4448 dfl=0.0022 mard=2.0133 lambda=0.0362 pseudo_boxes=44 avg_conf=0.8617 rasp_s=0.201 lr=2.80275e-05
[Epoch 040/060] batch 0500/0744 loss=12.2147 det=12.1548 box=1.3807 cls=1.8549 dfl=0.0045 mard=1.9972 lambda=0.0300 pseudo_boxes=36 avg_conf=0.7998 rasp_s=0.201 lr=2.80275e-05
[Epoch 040/060] batch 0520/0744 loss=5.8678 det=5.8065 box=0.8034 cls=0.7122 dfl=0.0031 mard=1.9988 lambda=0.0306 pseudo_boxes=20 avg_conf=0.8064 rasp_s=0.201 lr=2.80275e-05
[Epoch 040/060] batch 0540/0744 loss=6.0291 det=5.9586 box=0.9622 cls=0.5762 dfl=0.0042 mard=1.9856 lambda=0.0355 pseudo_boxes=31 avg_conf=0.8555 rasp_s=0.201 lr=2.80275e-05
[Epoch 040/060] batch 0560/0744 loss=5.4425 det=5.3741 box=0.7946 cls=0.6363 dfl=0.0040 mard=2.0129 lambda=0.0340 pseudo_boxes=40 avg_conf=0.8402 rasp_s=0.201 lr=2.80275e-05
[Epoch 040/060] batch 0580/0744 loss=5.7443 det=5.6721 box=0.8192 cls=0.7039 dfl=0.0033 mard=1.9833 lambda=0.0364 pseudo_boxes=35 avg_conf=0.8642 rasp_s=0.201 lr=2.80275e-05
[Epoch 040/060] batch 0600/0744 loss=5.8255 det=5.7632 box=0.9275 cls=0.5774 dfl=0.0025 mard=1.9934 lambda=0.0313 pseudo_boxes=42 avg_conf=0.8127 rasp_s=0.201 lr=2.80275e-05
[Epoch 040/060] batch 0620/0744 loss=6.3207 det=6.2522 box=0.9975 cls=0.6451 dfl=0.0036 mard=1.9376 lambda=0.0354 pseudo_boxes=31 avg_conf=0.8537 rasp_s=0.201 lr=2.80275e-05
[Epoch 040/060] batch 0640/0744 loss=4.2457 det=4.1702 box=0.6571 cls=0.4539 dfl=0.0026 mard=1.9660 lambda=0.0384 pseudo_boxes=27 avg_conf=0.8839 rasp_s=0.201 lr=2.80275e-05
[Epoch 040/060] batch 0660/0744 loss=5.7310 det=5.6622 box=0.8122 cls=0.6527 dfl=0.0032 mard=2.0031 lambda=0.0344 pseudo_boxes=36 avg_conf=0.8435 rasp_s=0.201 lr=2.80275e-05
[Epoch 040/060] batch 0680/0744 loss=6.0609 det=5.9911 box=0.7999 cls=0.8314 dfl=0.0041 mard=2.0033 lambda=0.0348 pseudo_boxes=45 avg_conf=0.8484 rasp_s=0.201 lr=2.80275e-05
[Epoch 040/060] batch 0700/0744 loss=5.3454 det=5.2770 box=0.8451 cls=0.4900 dfl=0.0036 mard=2.0127 lambda=0.0340 pseudo_boxes=21 avg_conf=0.8397 rasp_s=0.201 lr=2.80275e-05
[Epoch 040/060] batch 0720/0744 loss=5.2625 det=5.1899 box=0.7225 cls=0.6341 dfl=0.0029 mard=1.9829 lambda=0.0366 pseudo_boxes=29 avg_conf=0.8663 rasp_s=0.201 lr=2.80275e-05
[Epoch 040/060] batch 0740/0744 loss=7.5193 det=7.4469 box=1.0926 cls=0.9452 dfl=0.0064 mard=2.0089 lambda=0.0360 pseudo_boxes=24 avg_conf=0.8603 rasp_s=0.201 lr=2.80275e-05
[Epoch 040/060] batch 0744/0744 loss=4.0067 det=3.9379 box=0.7883 cls=0.5254 dfl=0.0053 mard=1.9907 lambda=0.0346 pseudo_boxes=33 avg_conf=0.8457 rasp_s=0.201 lr=2.80275e-05
[Epoch 040/060] done time=269.6s valid=744 skipped=0 pseudo_boxes=28056 loss=6.3523 det=6.2854 mard=1.9853 conf=0.8342 RASP(status=no_safe_knee, s=0.201, new_packs=0, knee=0/2)
[Epoch 40] saved latent=yolo26_rasp_latent_epoch_40.pt state=rasp_training_state_epoch_40.pt
[Epoch 041/060] start
[Epoch 041/060] batch 0001/0744 loss=4.8096 det=4.7380 box=0.7507 cls=0.4410 dfl=0.0022 mard=2.0136 lambda=0.0356 pseudo_boxes=22 avg_conf=0.8558 rasp_s=0.201 lr=2.575e-05
[Epoch 041/060] batch 0020/0744 loss=6.1535 det=6.0868 box=0.9960 cls=0.5869 dfl=0.0051 mard=1.9988 lambda=0.0334 pseudo_boxes=31 avg_conf=0.8338 rasp_s=0.201 lr=2.575e-05
[Epoch 041/060] batch 0040/0744 loss=4.4965 det=4.4312 box=0.6925 cls=0.4283 dfl=0.0034 mard=1.9794 lambda=0.0330 pseudo_boxes=36 avg_conf=0.8301 rasp_s=0.201 lr=2.575e-05
[Epoch 041/060] batch 0060/0744 loss=6.9387 det=6.8747 box=1.0221 cls=0.7602 dfl=0.0037 mard=1.9686 lambda=0.0325 pseudo_boxes=26 avg_conf=0.8251 rasp_s=0.201 lr=2.575e-05
[Epoch 041/060] batch 0080/0744 loss=5.7563 det=5.6813 box=0.8657 cls=0.6231 dfl=0.0039 mard=2.0295 lambda=0.0370 pseudo_boxes=49 avg_conf=0.8698 rasp_s=0.201 lr=2.575e-05
[Epoch 041/060] batch 0100/0744 loss=6.3744 det=6.3065 box=1.0238 cls=0.6393 dfl=0.0031 mard=1.9777 lambda=0.0343 pseudo_boxes=27 avg_conf=0.8434 rasp_s=0.201 lr=2.575e-05
[Epoch 041/060] batch 0120/0744 loss=4.3029 det=4.2256 box=0.6703 cls=0.3853 dfl=0.0032 mard=2.0040 lambda=0.0386 pseudo_boxes=25 avg_conf=0.8859 rasp_s=0.201 lr=2.575e-05
[Epoch 041/060] batch 0140/0744 loss=6.2576 det=6.1896 box=0.9688 cls=0.7439 dfl=0.0053 mard=2.0351 lambda=0.0334 pseudo_boxes=15 avg_conf=0.8340 rasp_s=0.201 lr=2.575e-05
[Epoch 041/060] batch 0160/0744 loss=6.3408 det=6.2729 box=0.8407 cls=0.8553 dfl=0.0042 mard=1.9233 lambda=0.0353 pseudo_boxes=39 avg_conf=0.8531 rasp_s=0.201 lr=2.575e-05
[Epoch 041/060] batch 0180/0744 loss=4.9937 det=4.9126 box=0.8531 cls=0.3716 dfl=0.0052 mard=2.0127 lambda=0.0403 pseudo_boxes=24 avg_conf=0.9030 rasp_s=0.201 lr=2.575e-05
[Epoch 041/060] batch 0200/0744 loss=7.1874 det=7.1256 box=1.0351 cls=0.8750 dfl=0.0049 mard=2.0045 lambda=0.0308 pseudo_boxes=25 avg_conf=0.8083 rasp_s=0.201 lr=2.575e-05
[Epoch 041/060] batch 0220/0744 loss=6.1163 det=6.0560 box=0.9026 cls=0.6402 dfl=0.0026 mard=1.9827 lambda=0.0304 pseudo_boxes=31 avg_conf=0.8043 rasp_s=0.201 lr=2.575e-05
[Epoch 041/060] batch 0240/0744 loss=6.2845 det=6.2201 box=0.9698 cls=0.6622 dfl=0.0036 mard=2.0282 lambda=0.0318 pseudo_boxes=36 avg_conf=0.8177 rasp_s=0.201 lr=2.575e-05
[Epoch 041/060] batch 0260/0744 loss=6.7789 det=6.7169 box=1.0188 cls=0.7966 dfl=0.0030 mard=2.0110 lambda=0.0309 pseudo_boxes=41 avg_conf=0.8086 rasp_s=0.201 lr=2.575e-05
[Epoch 041/060] batch 0280/0744 loss=7.8840 det=7.8178 box=1.1726 cls=0.8357 dfl=0.0050 mard=2.0032 lambda=0.0331 pseudo_boxes=43 avg_conf=0.8309 rasp_s=0.201 lr=2.575e-05
[Epoch 041/060] batch 0300/0744 loss=7.0286 det=6.9550 box=1.0209 cls=0.8788 dfl=0.0034 mard=1.9929 lambda=0.0369 pseudo_boxes=30 avg_conf=0.8695 rasp_s=0.201 lr=2.575e-05
[Epoch 041/060] batch 0320/0744 loss=6.8249 det=6.7562 box=1.0771 cls=0.7368 dfl=0.0036 mard=1.9144 lambda=0.0359 pseudo_boxes=24 avg_conf=0.8590 rasp_s=0.201 lr=2.575e-05
[Epoch 041/060] batch 0340/0744 loss=6.0647 det=5.9980 box=0.9777 cls=0.6194 dfl=0.0039 mard=2.0191 lambda=0.0331 pseudo_boxes=31 avg_conf=0.8306 rasp_s=0.201 lr=2.575e-05
[Epoch 041/060] batch 0360/0744 loss=6.7367 det=6.6703 box=0.8588 cls=0.8666 dfl=0.0038 mard=2.0221 lambda=0.0328 pseudo_boxes=41 avg_conf=0.8283 rasp_s=0.201 lr=2.575e-05
[Epoch 041/060] batch 0380/0744 loss=3.4862 det=3.4230 box=0.6783 cls=0.5156 dfl=0.0026 mard=1.9991 lambda=0.0316 pseudo_boxes=25 avg_conf=0.8163 rasp_s=0.201 lr=2.575e-05
[Epoch 041/060] batch 0400/0744 loss=4.9616 det=4.8878 box=0.8095 cls=0.4631 dfl=0.0040 mard=2.0063 lambda=0.0368 pseudo_boxes=28 avg_conf=0.8681 rasp_s=0.201 lr=2.575e-05
[Epoch 041/060] batch 0420/0744 loss=9.1908 det=9.1318 box=1.1983 cls=1.2254 dfl=0.0048 mard=2.0083 lambda=0.0294 pseudo_boxes=39 avg_conf=0.7937 rasp_s=0.201 lr=2.575e-05
[Epoch 041/060] batch 0440/0744 loss=4.9961 det=4.9297 box=0.7474 cls=0.5371 dfl=0.0042 mard=1.9559 lambda=0.0340 pseudo_boxes=61 avg_conf=0.8396 rasp_s=0.201 lr=2.575e-05
[Epoch 041/060] batch 0460/0744 loss=4.5278 det=4.4597 box=0.7062 cls=0.4160 dfl=0.0035 mard=1.9137 lambda=0.0356 pseudo_boxes=37 avg_conf=0.8560 rasp_s=0.201 lr=2.575e-05
[Epoch 041/060] batch 0480/0744 loss=7.4100 det=7.3482 box=1.0569 cls=0.8907 dfl=0.0042 mard=1.9984 lambda=0.0309 pseudo_boxes=47 avg_conf=0.8090 rasp_s=0.201 lr=2.575e-05
[Epoch 041/060] batch 0500/0744 loss=6.1531 det=6.0808 box=0.8798 cls=0.7927 dfl=0.0030 mard=1.9792 lambda=0.0365 pseudo_boxes=33 avg_conf=0.8655 rasp_s=0.201 lr=2.575e-05
[Epoch 041/060] batch 0520/0744 loss=4.6625 det=4.5993 box=0.6988 cls=0.4522 dfl=0.0033 mard=1.9599 lambda=0.0322 pseudo_boxes=32 avg_conf=0.8225 rasp_s=0.201 lr=2.575e-05
[Epoch 041/060] batch 0540/0744 loss=8.5636 det=8.4949 box=1.0805 cls=1.1886 dfl=0.0051 mard=1.9912 lambda=0.0345 pseudo_boxes=51 avg_conf=0.8451 rasp_s=0.201 lr=2.575e-05
[Epoch 041/060] batch 0560/0744 loss=4.7984 det=4.7293 box=0.7143 cls=0.5536 dfl=0.0029 mard=2.0079 lambda=0.0344 pseudo_boxes=26 avg_conf=0.8439 rasp_s=0.201 lr=2.575e-05
[Epoch 041/060] batch 0580/0744 loss=6.0923 det=6.0281 box=0.9112 cls=0.6559 dfl=0.0039 mard=1.9448 lambda=0.0330 pseudo_boxes=23 avg_conf=0.8300 rasp_s=0.201 lr=2.575e-05
[Epoch 041/060] batch 0600/0744 loss=4.9734 det=4.9042 box=0.7120 cls=0.5990 dfl=0.0030 mard=2.0231 lambda=0.0342 pseudo_boxes=45 avg_conf=0.8420 rasp_s=0.201 lr=2.575e-05
[Epoch 041/060] batch 0620/0744 loss=7.2337 det=7.1624 box=1.1007 cls=0.7865 dfl=0.0055 mard=2.0333 lambda=0.0351 pseudo_boxes=27 avg_conf=0.8508 rasp_s=0.201 lr=2.575e-05
[Epoch 041/060] batch 0640/0744 loss=8.4746 det=8.4138 box=1.2524 cls=0.9563 dfl=0.0037 mard=1.9766 lambda=0.0308 pseudo_boxes=46 avg_conf=0.8076 rasp_s=0.201 lr=2.575e-05
[Epoch 041/060] batch 0660/0744 loss=7.3032 det=7.2359 box=1.0249 cls=0.8558 dfl=0.0033 mard=1.9902 lambda=0.0338 pseudo_boxes=31 avg_conf=0.8381 rasp_s=0.201 lr=2.575e-05
[Epoch 041/060] batch 0680/0744 loss=5.3146 det=5.2403 box=0.8258 cls=0.5001 dfl=0.0045 mard=2.0009 lambda=0.0371 pseudo_boxes=51 avg_conf=0.8714 rasp_s=0.201 lr=2.575e-05
[Epoch 041/060] batch 0700/0744 loss=7.0026 det=6.9323 box=0.9986 cls=0.8324 dfl=0.0046 mard=2.0184 lambda=0.0348 pseudo_boxes=29 avg_conf=0.8481 rasp_s=0.201 lr=2.575e-05
[Epoch 041/060] batch 0720/0744 loss=6.9412 det=6.8806 box=0.9020 cls=0.9013 dfl=0.0044 mard=2.0117 lambda=0.0301 pseudo_boxes=22 avg_conf=0.8012 rasp_s=0.201 lr=2.575e-05
[Epoch 041/060] batch 0740/0744 loss=7.4865 det=7.4183 box=1.1447 cls=0.8135 dfl=0.0049 mard=2.0129 lambda=0.0339 pseudo_boxes=31 avg_conf=0.8391 rasp_s=0.201 lr=2.575e-05
[Epoch 041/060] batch 0744/0744 loss=3.8058 det=3.7330 box=0.8357 cls=0.4271 dfl=0.0032 mard=1.9940 lambda=0.0365 pseudo_boxes=35 avg_conf=0.8651 rasp_s=0.201 lr=2.575e-05
[Epoch 041/060] done time=269.6s valid=744 skipped=0 pseudo_boxes=27982 loss=6.3763 det=6.3094 mard=1.9859 conf=0.8338 RASP(status=no_safe_knee, s=0.201, new_packs=0, knee=0/2)
[Epoch 042/060] start
[Epoch 042/060] batch 0001/0744 loss=4.8895 det=4.8215 box=0.6852 cls=0.5651 dfl=0.0032 mard=2.0221 lambda=0.0336 pseudo_boxes=22 avg_conf=0.8362 rasp_s=0.201 lr=2.35404e-05
[Epoch 042/060] batch 0020/0744 loss=5.6204 det=5.5509 box=0.8485 cls=0.6086 dfl=0.0033 mard=2.0112 lambda=0.0345 pseudo_boxes=25 avg_conf=0.8451 rasp_s=0.201 lr=2.35404e-05
[Epoch 042/060] batch 0040/0744 loss=4.5479 det=4.4804 box=0.6014 cls=0.5409 dfl=0.0028 mard=2.0374 lambda=0.0331 pseudo_boxes=17 avg_conf=0.8313 rasp_s=0.201 lr=2.35404e-05
[Epoch 042/060] batch 0060/0744 loss=5.5485 det=5.4836 box=0.8056 cls=0.6246 dfl=0.0047 mard=1.9941 lambda=0.0326 pseudo_boxes=29 avg_conf=0.8256 rasp_s=0.201 lr=2.35404e-05
[Epoch 042/060] batch 0080/0744 loss=7.2270 det=7.1600 box=1.0914 cls=0.8112 dfl=0.0045 mard=1.9979 lambda=0.0335 pseudo_boxes=44 avg_conf=0.8353 rasp_s=0.201 lr=2.35404e-05
[Epoch 042/060] batch 0100/0744 loss=4.9590 det=4.8982 box=0.7070 cls=0.5280 dfl=0.0018 mard=1.9826 lambda=0.0306 pseudo_boxes=17 avg_conf=0.8064 rasp_s=0.201 lr=2.35404e-05
[Epoch 042/060] batch 0120/0744 loss=7.4825 det=7.4150 box=1.0010 cls=1.0349 dfl=0.0045 mard=1.9867 lambda=0.0340 pseudo_boxes=36 avg_conf=0.8398 rasp_s=0.201 lr=2.35404e-05
[Epoch 042/060] batch 0140/0744 loss=7.5909 det=7.5274 box=1.1112 cls=0.8915 dfl=0.0055 mard=1.9617 lambda=0.0324 pseudo_boxes=38 avg_conf=0.8237 rasp_s=0.201 lr=2.35404e-05
[Epoch 042/060] batch 0160/0744 loss=4.6807 det=4.6169 box=0.7558 cls=0.3973 dfl=0.0029 mard=2.0048 lambda=0.0318 pseudo_boxes=44 avg_conf=0.8182 rasp_s=0.201 lr=2.35404e-05
[Epoch 042/060] batch 0180/0744 loss=8.5297 det=8.4610 box=1.0572 cls=1.2116 dfl=0.0031 mard=2.0026 lambda=0.0343 pseudo_boxes=17 avg_conf=0.8426 rasp_s=0.201 lr=2.35404e-05
[Epoch 042/060] batch 0200/0744 loss=7.0366 det=6.9602 box=0.9692 cls=0.8917 dfl=0.0041 mard=2.0091 lambda=0.0380 pseudo_boxes=32 avg_conf=0.8801 rasp_s=0.201 lr=2.35404e-05
[Epoch 042/060] batch 0220/0744 loss=6.8426 det=6.7800 box=0.9057 cls=0.8294 dfl=0.0047 mard=1.9096 lambda=0.0328 pseudo_boxes=44 avg_conf=0.8278 rasp_s=0.201 lr=2.35404e-05
[Epoch 042/060] batch 0240/0744 loss=5.1576 det=5.0890 box=0.7601 cls=0.5522 dfl=0.0036 mard=1.9858 lambda=0.0346 pseudo_boxes=42 avg_conf=0.8455 rasp_s=0.201 lr=2.35404e-05
[Epoch 042/060] batch 0260/0744 loss=5.8302 det=5.7642 box=0.8844 cls=0.6302 dfl=0.0034 mard=1.9712 lambda=0.0335 pseudo_boxes=33 avg_conf=0.8349 rasp_s=0.201 lr=2.35404e-05
[Epoch 042/060] batch 0280/0744 loss=8.3089 det=8.2507 box=1.1802 cls=0.9949 dfl=0.0042 mard=1.9362 lambda=0.0301 pseudo_boxes=33 avg_conf=0.8009 rasp_s=0.201 lr=2.35404e-05
[Epoch 042/060] batch 0300/0744 loss=6.7757 det=6.7175 box=1.0032 cls=0.7855 dfl=0.0041 mard=2.0265 lambda=0.0287 pseudo_boxes=38 avg_conf=0.7874 rasp_s=0.201 lr=2.35404e-05
[Epoch 042/060] batch 0320/0744 loss=3.9246 det=3.8458 box=0.6068 cls=0.3413 dfl=0.0029 mard=1.9974 lambda=0.0395 pseudo_boxes=32 avg_conf=0.8945 rasp_s=0.201 lr=2.35404e-05
[Epoch 042/060] batch 0340/0744 loss=5.5422 det=5.4739 box=0.7743 cls=0.6660 dfl=0.0030 mard=1.9267 lambda=0.0355 pseudo_boxes=41 avg_conf=0.8546 rasp_s=0.201 lr=2.35404e-05
[Epoch 042/060] batch 0360/0744 loss=6.4297 det=6.3649 box=1.0035 cls=0.6241 dfl=0.0043 mard=1.9958 lambda=0.0324 pseudo_boxes=33 avg_conf=0.8244 rasp_s=0.201 lr=2.35404e-05
[Epoch 042/060] batch 0380/0744 loss=4.9171 det=4.8472 box=0.7071 cls=0.5179 dfl=0.0043 mard=1.9087 lambda=0.0366 pseudo_boxes=61 avg_conf=0.8663 rasp_s=0.201 lr=2.35404e-05
[Epoch 042/060] batch 0400/0744 loss=6.5370 det=6.4629 box=0.9832 cls=0.7530 dfl=0.0040 mard=2.0436 lambda=0.0363 pseudo_boxes=40 avg_conf=0.8627 rasp_s=0.201 lr=2.35404e-05
[Epoch 042/060] batch 0420/0744 loss=10.3061 det=10.2444 box=1.3898 cls=1.3439 dfl=0.0044 mard=1.9982 lambda=0.0309 pseudo_boxes=65 avg_conf=0.8087 rasp_s=0.201 lr=2.35404e-05
[Epoch 042/060] batch 0440/0744 loss=5.2222 det=5.1519 box=0.8651 cls=0.4691 dfl=0.0029 mard=1.9152 lambda=0.0367 pseudo_boxes=33 avg_conf=0.8670 rasp_s=0.201 lr=2.35404e-05
[Epoch 042/060] batch 0460/0744 loss=6.5994 det=6.5228 box=0.8502 cls=0.9560 dfl=0.0051 mard=2.0223 lambda=0.0379 pseudo_boxes=33 avg_conf=0.8787 rasp_s=0.201 lr=2.35404e-05
[Epoch 042/060] batch 0480/0744 loss=4.8926 det=4.8281 box=0.7600 cls=0.4563 dfl=0.0022 mard=1.9895 lambda=0.0325 pseudo_boxes=46 avg_conf=0.8247 rasp_s=0.201 lr=2.35404e-05
[Epoch 042/060] batch 0500/0744 loss=4.0452 det=3.9707 box=0.6008 cls=0.4553 dfl=0.0029 mard=1.9360 lambda=0.0385 pseudo_boxes=25 avg_conf=0.8851 rasp_s=0.201 lr=2.35404e-05
[Epoch 042/060] batch 0520/0744 loss=4.5696 det=4.5068 box=0.7177 cls=0.4543 dfl=0.0026 mard=2.0088 lambda=0.0313 pseudo_boxes=39 avg_conf=0.8128 rasp_s=0.201 lr=2.35404e-05
[Epoch 042/060] batch 0540/0744 loss=10.4411 det=10.3798 box=1.5494 cls=1.1884 dfl=0.0041 mard=1.9851 lambda=0.0309 pseudo_boxes=39 avg_conf=0.8086 rasp_s=0.201 lr=2.35404e-05
[Epoch 042/060] batch 0560/0744 loss=5.3847 det=5.3179 box=0.8453 cls=0.5012 dfl=0.0036 mard=1.9824 lambda=0.0337 pseudo_boxes=32 avg_conf=0.8367 rasp_s=0.201 lr=2.35404e-05
[Epoch 042/060] batch 0580/0744 loss=6.5670 det=6.5017 box=0.9973 cls=0.7628 dfl=0.0029 mard=1.9519 lambda=0.0335 pseudo_boxes=38 avg_conf=0.8347 rasp_s=0.201 lr=2.35404e-05
[Epoch 042/060] batch 0600/0744 loss=4.2517 det=4.1779 box=0.6710 cls=0.3949 dfl=0.0030 mard=2.0046 lambda=0.0369 pseudo_boxes=27 avg_conf=0.8686 rasp_s=0.201 lr=2.35404e-05
[Epoch 042/060] batch 0620/0744 loss=8.5826 det=8.5138 box=1.1851 cls=1.0821 dfl=0.0055 mard=2.0027 lambda=0.0344 pseudo_boxes=35 avg_conf=0.8435 rasp_s=0.201 lr=2.35404e-05
[Epoch 042/060] batch 0640/0744 loss=6.6128 det=6.5496 box=0.9698 cls=0.7480 dfl=0.0030 mard=1.9827 lambda=0.0319 pseudo_boxes=55 avg_conf=0.8191 rasp_s=0.201 lr=2.35404e-05
[Epoch 042/060] batch 0660/0744 loss=8.9057 det=8.8389 box=1.1974 cls=1.1057 dfl=0.0035 mard=2.0027 lambda=0.0334 pseudo_boxes=29 avg_conf=0.8337 rasp_s=0.201 lr=2.35404e-05
[Epoch 042/060] batch 0680/0744 loss=5.3169 det=5.2542 box=0.9266 cls=0.4254 dfl=0.0031 mard=1.9012 lambda=0.0330 pseudo_boxes=37 avg_conf=0.8295 rasp_s=0.201 lr=2.35404e-05
[Epoch 042/060] batch 0700/0744 loss=8.5075 det=8.4477 box=1.3219 cls=0.9152 dfl=0.0087 mard=1.9557 lambda=0.0306 pseudo_boxes=52 avg_conf=0.8061 rasp_s=0.201 lr=2.35404e-05
[Epoch 042/060] batch 0720/0744 loss=4.6791 det=4.6090 box=0.6680 cls=0.5126 dfl=0.0030 mard=2.0169 lambda=0.0347 pseudo_boxes=57 avg_conf=0.8473 rasp_s=0.201 lr=2.35404e-05
[Epoch 042/060] batch 0740/0744 loss=4.6883 det=4.6183 box=0.7809 cls=0.4138 dfl=0.0027 mard=1.9085 lambda=0.0367 pseudo_boxes=27 avg_conf=0.8670 rasp_s=0.201 lr=2.35404e-05
[Epoch 042/060] batch 0744/0744 loss=4.5965 det=4.5286 box=0.8613 cls=0.7375 dfl=0.0050 mard=1.9255 lambda=0.0352 pseudo_boxes=32 avg_conf=0.8523 rasp_s=0.201 lr=2.35404e-05
[Epoch 042/060] done time=269.7s valid=744 skipped=0 pseudo_boxes=28061 loss=6.2877 det=6.2212 mard=1.9799 conf=0.8335 RASP(status=no_safe_knee, s=0.201, new_packs=0, knee=0/2)
[Epoch 043/060] start
[Epoch 043/060] batch 0001/0744 loss=4.9030 det=4.8315 box=0.7742 cls=0.4491 dfl=0.0030 mard=2.0195 lambda=0.0354 pseudo_boxes=39 avg_conf=0.8544 rasp_s=0.201 lr=2.14046e-05
[Epoch 043/060] batch 0020/0744 loss=7.1098 det=7.0413 box=1.0499 cls=0.7964 dfl=0.0049 mard=1.9910 lambda=0.0344 pseudo_boxes=49 avg_conf=0.8442 rasp_s=0.201 lr=2.14046e-05
[Epoch 043/060] batch 0040/0744 loss=5.5994 det=5.5319 box=0.8338 cls=0.6069 dfl=0.0045 mard=1.9946 lambda=0.0338 pseudo_boxes=53 avg_conf=0.8383 rasp_s=0.201 lr=2.14046e-05
[Epoch 043/060] batch 0060/0744 loss=6.0109 det=5.9383 box=0.9118 cls=0.6361 dfl=0.0038 mard=2.0013 lambda=0.0363 pseudo_boxes=31 avg_conf=0.8628 rasp_s=0.201 lr=2.14046e-05
[Epoch 043/060] batch 0080/0744 loss=5.9628 det=5.9020 box=0.9284 cls=0.5889 dfl=0.0023 mard=1.9010 lambda=0.0320 pseudo_boxes=53 avg_conf=0.8198 rasp_s=0.201 lr=2.14046e-05
[Epoch 043/060] batch 0100/0744 loss=6.0733 det=5.9977 box=0.7551 cls=0.8221 dfl=0.0034 mard=1.9784 lambda=0.0382 pseudo_boxes=24 avg_conf=0.8823 rasp_s=0.201 lr=2.14046e-05
[Epoch 043/060] batch 0120/0744 loss=4.5736 det=4.4971 box=0.6432 cls=0.5272 dfl=0.0029 mard=1.9539 lambda=0.0391 pseudo_boxes=30 avg_conf=0.8912 rasp_s=0.201 lr=2.14046e-05
[Epoch 043/060] batch 0140/0744 loss=6.8487 det=6.7770 box=0.8416 cls=0.9865 dfl=0.0061 mard=1.9884 lambda=0.0360 pseudo_boxes=29 avg_conf=0.8604 rasp_s=0.201 lr=2.14046e-05
[Epoch 043/060] batch 0160/0744 loss=6.9287 det=6.8614 box=1.0615 cls=0.6577 dfl=0.0051 mard=1.9804 lambda=0.0340 pseudo_boxes=43 avg_conf=0.8402 rasp_s=0.201 lr=2.14046e-05
[Epoch 043/060] batch 0180/0744 loss=6.6386 det=6.5707 box=1.0409 cls=0.6680 dfl=0.0033 mard=2.0175 lambda=0.0337 pseudo_boxes=51 avg_conf=0.8366 rasp_s=0.201 lr=2.14046e-05
[Epoch 043/060] batch 0200/0744 loss=4.7152 det=4.6487 box=0.7365 cls=0.4322 dfl=0.0032 mard=1.9721 lambda=0.0337 pseudo_boxes=31 avg_conf=0.8373 rasp_s=0.201 lr=2.14046e-05
[Epoch 043/060] batch 0220/0744 loss=5.7831 det=5.7200 box=0.9057 cls=0.5480 dfl=0.0043 mard=2.0067 lambda=0.0314 pseudo_boxes=31 avg_conf=0.8142 rasp_s=0.201 lr=2.14046e-05
[Epoch 043/060] batch 0240/0744 loss=7.1579 det=7.0896 box=1.1078 cls=0.6886 dfl=0.0053 mard=1.9284 lambda=0.0354 pseudo_boxes=38 avg_conf=0.8540 rasp_s=0.201 lr=2.14046e-05
[Epoch 043/060] batch 0260/0744 loss=8.4069 det=8.3498 box=1.0833 cls=1.1376 dfl=0.0036 mard=1.9769 lambda=0.0288 pseudo_boxes=43 avg_conf=0.7885 rasp_s=0.201 lr=2.14046e-05
[Epoch 043/060] batch 0280/0744 loss=5.9318 det=5.8718 box=0.8628 cls=0.6880 dfl=0.0022 mard=1.9939 lambda=0.0301 pseudo_boxes=62 avg_conf=0.8006 rasp_s=0.201 lr=2.14046e-05
[Epoch 043/060] batch 0300/0744 loss=6.2359 det=6.1686 box=0.9042 cls=0.6880 dfl=0.0046 mard=2.0067 lambda=0.0335 pseudo_boxes=34 avg_conf=0.8353 rasp_s=0.201 lr=2.14046e-05
[Epoch 043/060] batch 0320/0744 loss=8.2126 det=8.1444 box=1.1323 cls=1.0628 dfl=0.0040 mard=1.9972 lambda=0.0341 pseudo_boxes=44 avg_conf=0.8412 rasp_s=0.201 lr=2.14046e-05
[Epoch 043/060] batch 0340/0744 loss=6.9269 det=6.8647 box=0.9667 cls=0.8429 dfl=0.0044 mard=2.0118 lambda=0.0309 pseudo_boxes=37 avg_conf=0.8091 rasp_s=0.201 lr=2.14046e-05
[Epoch 043/060] batch 0360/0744 loss=5.6093 det=5.5410 box=0.8328 cls=0.6311 dfl=0.0028 mard=1.9409 lambda=0.0352 pseudo_boxes=38 avg_conf=0.8523 rasp_s=0.201 lr=2.14046e-05
[Epoch 043/060] batch 0380/0744 loss=6.2447 det=6.1677 box=0.8537 cls=0.7448 dfl=0.0051 mard=2.0180 lambda=0.0382 pseudo_boxes=26 avg_conf=0.8816 rasp_s=0.201 lr=2.14046e-05
[Epoch 043/060] batch 0400/0744 loss=8.2406 det=8.1755 box=1.1947 cls=0.9702 dfl=0.0069 mard=1.9717 lambda=0.0330 pseudo_boxes=50 avg_conf=0.8300 rasp_s=0.201 lr=2.14046e-05
[Epoch 043/060] batch 0420/0744 loss=6.1313 det=6.0654 box=1.0015 cls=0.5796 dfl=0.0026 mard=1.9684 lambda=0.0335 pseudo_boxes=44 avg_conf=0.8346 rasp_s=0.201 lr=2.14046e-05
[Epoch 043/060] batch 0440/0744 loss=4.9956 det=4.9249 box=0.8167 cls=0.4911 dfl=0.0023 mard=1.9932 lambda=0.0355 pseudo_boxes=29 avg_conf=0.8548 rasp_s=0.201 lr=2.14046e-05
[Epoch 043/060] batch 0460/0744 loss=5.5542 det=5.4910 box=0.7924 cls=0.6098 dfl=0.0038 mard=1.9934 lambda=0.0317 pseudo_boxes=34 avg_conf=0.8169 rasp_s=0.201 lr=2.14046e-05
[Epoch 043/060] batch 0480/0744 loss=6.7208 det=6.6583 box=1.0048 cls=0.7074 dfl=0.0028 mard=1.9892 lambda=0.0314 pseudo_boxes=39 avg_conf=0.8140 rasp_s=0.201 lr=2.14046e-05
[Epoch 043/060] batch 0500/0744 loss=10.2302 det=10.1748 box=1.3293 cls=1.4711 dfl=0.0042 mard=1.9070 lambda=0.0291 pseudo_boxes=49 avg_conf=0.7909 rasp_s=0.201 lr=2.14046e-05
[Epoch 043/060] batch 0520/0744 loss=8.0318 det=7.9667 box=1.2298 cls=0.8658 dfl=0.0042 mard=1.9099 lambda=0.0341 pseudo_boxes=38 avg_conf=0.8410 rasp_s=0.201 lr=2.14046e-05
[Epoch 043/060] batch 0540/0744 loss=7.7373 det=7.6753 box=1.0715 cls=0.9831 dfl=0.0039 mard=1.9749 lambda=0.0314 pseudo_boxes=47 avg_conf=0.8136 rasp_s=0.201 lr=2.14046e-05
[Epoch 043/060] batch 0560/0744 loss=5.6304 det=5.5580 box=0.8236 cls=0.6158 dfl=0.0035 mard=1.9964 lambda=0.0363 pseudo_boxes=44 avg_conf=0.8627 rasp_s=0.201 lr=2.14046e-05
[Epoch 043/060] batch 0580/0744 loss=6.4298 det=6.3586 box=0.9420 cls=0.6965 dfl=0.0045 mard=1.9963 lambda=0.0357 pseudo_boxes=42 avg_conf=0.8566 rasp_s=0.201 lr=2.14046e-05
[Epoch 043/060] batch 0600/0744 loss=6.2898 det=6.2277 box=0.9334 cls=0.6586 dfl=0.0032 mard=1.9087 lambda=0.0326 pseudo_boxes=50 avg_conf=0.8257 rasp_s=0.201 lr=2.14046e-05
[Epoch 043/060] batch 0620/0744 loss=6.5420 det=6.4825 box=0.9874 cls=0.6764 dfl=0.0041 mard=1.9719 lambda=0.0302 pseudo_boxes=43 avg_conf=0.8016 rasp_s=0.201 lr=2.14046e-05
[Epoch 043/060] batch 0640/0744 loss=6.4018 det=6.3445 box=1.0025 cls=0.6306 dfl=0.0038 mard=1.9704 lambda=0.0291 pseudo_boxes=33 avg_conf=0.7911 rasp_s=0.201 lr=2.14046e-05
[Epoch 043/060] batch 0660/0744 loss=7.3283 det=7.2620 box=1.1168 cls=0.7868 dfl=0.0042 mard=1.9221 lambda=0.0345 pseudo_boxes=46 avg_conf=0.8449 rasp_s=0.201 lr=2.14046e-05
[Epoch 043/060] batch 0680/0744 loss=5.1709 det=5.0979 box=0.7126 cls=0.6137 dfl=0.0049 mard=1.9671 lambda=0.0371 pseudo_boxes=42 avg_conf=0.8708 rasp_s=0.201 lr=2.14046e-05
[Epoch 043/060] batch 0700/0744 loss=7.2858 det=7.2233 box=1.3544 cls=1.2461 dfl=0.0042 mard=1.9726 lambda=0.0317 pseudo_boxes=34 avg_conf=0.8172 rasp_s=0.201 lr=2.14046e-05
[Epoch 043/060] batch 0720/0744 loss=8.0130 det=7.9549 box=1.0725 cls=1.0682 dfl=0.0045 mard=1.9749 lambda=0.0294 pseudo_boxes=37 avg_conf=0.7940 rasp_s=0.201 lr=2.14046e-05
[Epoch 043/060] batch 0740/0744 loss=4.5308 det=4.4595 box=0.6697 cls=0.5223 dfl=0.0030 mard=1.9689 lambda=0.0362 pseudo_boxes=27 avg_conf=0.8619 rasp_s=0.201 lr=2.14046e-05
[Epoch 043/060] batch 0744/0744 loss=3.9144 det=3.8417 box=0.7830 cls=0.5560 dfl=0.0033 mard=1.9630 lambda=0.0371 pseudo_boxes=36 avg_conf=0.8705 rasp_s=0.201 lr=2.14046e-05
[Epoch 043/060] done time=269.9s valid=744 skipped=0 pseudo_boxes=28067 loss=6.3931 det=6.3268 mard=1.9741 conf=0.8336 RASP(status=no_safe_knee, s=0.201, new_packs=0, knee=0/2)
[Epoch 044/060] start
[Epoch 044/060] batch 0001/0744 loss=6.0527 det=5.9910 box=1.0062 cls=0.5340 dfl=0.0033 mard=1.9802 lambda=0.0311 pseudo_boxes=47 avg_conf=0.8114 rasp_s=0.201 lr=1.93486e-05
[Epoch 044/060] batch 0020/0744 loss=4.7108 det=4.6450 box=0.6437 cls=0.5319 dfl=0.0029 mard=1.9992 lambda=0.0329 pseudo_boxes=38 avg_conf=0.8291 rasp_s=0.201 lr=1.93486e-05
[Epoch 044/060] batch 0040/0744 loss=3.5646 det=3.4826 box=0.6504 cls=0.5653 dfl=0.0034 mard=1.9883 lambda=0.0413 pseudo_boxes=23 avg_conf=0.9129 rasp_s=0.201 lr=1.93486e-05
[Epoch 044/060] batch 0060/0744 loss=5.0421 det=4.9738 box=0.7738 cls=0.5326 dfl=0.0033 mard=1.9801 lambda=0.0345 pseudo_boxes=32 avg_conf=0.8450 rasp_s=0.201 lr=1.93486e-05
[Epoch 044/060] batch 0080/0744 loss=5.2310 det=5.1604 box=0.7973 cls=0.5771 dfl=0.0027 mard=2.0085 lambda=0.0351 pseudo_boxes=42 avg_conf=0.8513 rasp_s=0.201 lr=1.93486e-05
[Epoch 044/060] batch 0100/0744 loss=7.0859 det=7.0217 box=1.0419 cls=0.8228 dfl=0.0047 mard=1.9983 lambda=0.0321 pseudo_boxes=62 avg_conf=0.8215 rasp_s=0.201 lr=1.93486e-05
[Epoch 044/060] batch 0120/0744 loss=12.3930 det=12.3352 box=1.7086 cls=1.6305 dfl=0.0063 mard=1.9746 lambda=0.0293 pseudo_boxes=46 avg_conf=0.7931 rasp_s=0.201 lr=1.93486e-05
[Epoch 044/060] batch 0140/0744 loss=5.1776 det=5.1071 box=0.6870 cls=0.6401 dfl=0.0027 mard=1.9987 lambda=0.0353 pseudo_boxes=39 avg_conf=0.8529 rasp_s=0.201 lr=1.93486e-05
[Epoch 044/060] batch 0160/0744 loss=6.4919 det=6.4194 box=0.7793 cls=0.9239 dfl=0.0031 mard=2.0195 lambda=0.0359 pseudo_boxes=33 avg_conf=0.8588 rasp_s=0.201 lr=1.93486e-05
[Epoch 044/060] batch 0180/0744 loss=9.6567 det=9.5896 box=1.2911 cls=1.2363 dfl=0.0062 mard=1.9910 lambda=0.0337 pseudo_boxes=36 avg_conf=0.8371 rasp_s=0.201 lr=1.93486e-05
[Epoch 044/060] batch 0200/0744 loss=6.3011 det=6.2360 box=0.9722 cls=0.6212 dfl=0.0030 mard=1.9232 lambda=0.0339 pseudo_boxes=38 avg_conf=0.8386 rasp_s=0.201 lr=1.93486e-05
[Epoch 044/060] batch 0220/0744 loss=5.9585 det=5.8900 box=0.7896 cls=0.7658 dfl=0.0029 mard=1.9756 lambda=0.0347 pseudo_boxes=30 avg_conf=0.8470 rasp_s=0.201 lr=1.93486e-05
[Epoch 044/060] batch 0240/0744 loss=10.2144 det=10.1547 box=1.2585 cls=1.4284 dfl=0.0069 mard=2.0093 lambda=0.0297 pseudo_boxes=30 avg_conf=0.7974 rasp_s=0.201 lr=1.93486e-05
[Epoch 044/060] batch 0260/0744 loss=6.8095 det=6.7470 box=0.9173 cls=0.8253 dfl=0.0030 mard=2.0057 lambda=0.0312 pseudo_boxes=33 avg_conf=0.8118 rasp_s=0.201 lr=1.93486e-05
[Epoch 044/060] batch 0280/0744 loss=5.1561 det=5.0899 box=0.8363 cls=0.4422 dfl=0.0029 mard=1.9179 lambda=0.0346 pseudo_boxes=46 avg_conf=0.8455 rasp_s=0.201 lr=1.93486e-05
[Epoch 044/060] batch 0300/0744 loss=5.7341 det=5.6742 box=0.9241 cls=0.5428 dfl=0.0030 mard=1.9521 lambda=0.0307 pseudo_boxes=52 avg_conf=0.8065 rasp_s=0.201 lr=1.93486e-05
[Epoch 044/060] batch 0320/0744 loss=5.7356 det=5.6704 box=0.8419 cls=0.6529 dfl=0.0031 mard=1.9214 lambda=0.0339 pseudo_boxes=34 avg_conf=0.8395 rasp_s=0.201 lr=1.93486e-05
[Epoch 044/060] batch 0340/0744 loss=6.8976 det=6.8236 box=0.9854 cls=0.7950 dfl=0.0050 mard=2.0272 lambda=0.0365 pseudo_boxes=31 avg_conf=0.8649 rasp_s=0.201 lr=1.93486e-05
[Epoch 044/060] batch 0360/0744 loss=6.6586 det=6.5922 box=0.9172 cls=0.7879 dfl=0.0048 mard=1.9550 lambda=0.0340 pseudo_boxes=23 avg_conf=0.8399 rasp_s=0.201 lr=1.93486e-05
[Epoch 044/060] batch 0380/0744 loss=6.3340 det=6.2605 box=0.8938 cls=0.7599 dfl=0.0037 mard=2.0054 lambda=0.0367 pseudo_boxes=27 avg_conf=0.8668 rasp_s=0.201 lr=1.93486e-05
[Epoch 044/060] batch 0400/0744 loss=4.6195 det=4.5537 box=0.6623 cls=0.4729 dfl=0.0026 mard=1.9549 lambda=0.0337 pseudo_boxes=27 avg_conf=0.8368 rasp_s=0.201 lr=1.93486e-05
[Epoch 044/060] batch 0420/0744 loss=10.6367 det=10.5753 box=1.4062 cls=1.3808 dfl=0.0064 mard=1.9324 lambda=0.0317 pseudo_boxes=67 avg_conf=0.8173 rasp_s=0.201 lr=1.93486e-05
[Epoch 044/060] batch 0440/0744 loss=6.2377 det=6.1761 box=0.9527 cls=0.6280 dfl=0.0042 mard=1.9933 lambda=0.0309 pseudo_boxes=39 avg_conf=0.8092 rasp_s=0.201 lr=1.93486e-05
[Epoch 044/060] batch 0460/0744 loss=4.9501 det=4.8825 box=0.7790 cls=0.4584 dfl=0.0035 mard=1.9729 lambda=0.0343 pseudo_boxes=38 avg_conf=0.8428 rasp_s=0.201 lr=1.93486e-05
[Epoch 044/060] batch 0480/0744 loss=7.5201 det=7.4532 box=1.1258 cls=0.8373 dfl=0.0038 mard=2.0102 lambda=0.0333 pseudo_boxes=39 avg_conf=0.8329 rasp_s=0.201 lr=1.93486e-05
[Epoch 044/060] batch 0500/0744 loss=6.6663 det=6.5969 box=0.9060 cls=0.8193 dfl=0.0043 mard=2.0174 lambda=0.0344 pseudo_boxes=28 avg_conf=0.8435 rasp_s=0.201 lr=1.93486e-05
[Epoch 044/060] batch 0520/0744 loss=8.4993 det=8.4311 box=1.2317 cls=1.0212 dfl=0.0047 mard=1.9819 lambda=0.0344 pseudo_boxes=35 avg_conf=0.8439 rasp_s=0.201 lr=1.93486e-05
[Epoch 044/060] batch 0540/0744 loss=4.1042 det=4.0312 box=0.6266 cls=0.3642 dfl=0.0034 mard=1.9676 lambda=0.0371 pseudo_boxes=35 avg_conf=0.8713 rasp_s=0.201 lr=1.93486e-05
[Epoch 044/060] batch 0560/0744 loss=5.2113 det=5.1386 box=0.8161 cls=0.4981 dfl=0.0035 mard=1.9399 lambda=0.0375 pseudo_boxes=31 avg_conf=0.8747 rasp_s=0.201 lr=1.93486e-05
[Epoch 044/060] batch 0580/0744 loss=5.8402 det=5.7820 box=0.9225 cls=0.5626 dfl=0.0036 mard=1.9094 lambda=0.0305 pseudo_boxes=57 avg_conf=0.8050 rasp_s=0.201 lr=1.93486e-05
[Epoch 044/060] batch 0600/0744 loss=7.3636 det=7.3007 box=1.1038 cls=0.7864 dfl=0.0036 mard=1.9313 lambda=0.0325 pseudo_boxes=41 avg_conf=0.8252 rasp_s=0.201 lr=1.93486e-05
[Epoch 044/060] batch 0620/0744 loss=5.1567 det=5.0882 box=0.7664 cls=0.5214 dfl=0.0030 mard=1.9992 lambda=0.0343 pseudo_boxes=43 avg_conf=0.8426 rasp_s=0.201 lr=1.93486e-05
[Epoch 044/060] batch 0640/0744 loss=5.5618 det=5.4967 box=0.8612 cls=0.5591 dfl=0.0035 mard=1.9579 lambda=0.0332 pseudo_boxes=37 avg_conf=0.8322 rasp_s=0.201 lr=1.93486e-05
[Epoch 044/060] batch 0660/0744 loss=4.5282 det=4.4614 box=0.6324 cls=0.5350 dfl=0.0023 mard=1.9455 lambda=0.0343 pseudo_boxes=40 avg_conf=0.8433 rasp_s=0.201 lr=1.93486e-05
[Epoch 044/060] batch 0680/0744 loss=5.2810 det=5.2161 box=0.8298 cls=0.4835 dfl=0.0029 mard=1.9238 lambda=0.0337 pseudo_boxes=38 avg_conf=0.8370 rasp_s=0.201 lr=1.93486e-05
[Epoch 044/060] batch 0700/0744 loss=4.4421 det=4.3629 box=0.6058 cls=0.5060 dfl=0.0029 mard=1.9871 lambda=0.0399 pseudo_boxes=29 avg_conf=0.8988 rasp_s=0.201 lr=1.93486e-05
[Epoch 044/060] batch 0720/0744 loss=4.9179 det=4.8492 box=0.7538 cls=0.4787 dfl=0.0045 mard=1.9507 lambda=0.0352 pseudo_boxes=34 avg_conf=0.8518 rasp_s=0.201 lr=1.93486e-05
[Epoch 044/060] batch 0740/0744 loss=8.4454 det=8.3849 box=1.2200 cls=0.9613 dfl=0.0036 mard=1.9587 lambda=0.0309 pseudo_boxes=37 avg_conf=0.8089 rasp_s=0.201 lr=1.93486e-05
[Epoch 044/060] batch 0744/0744 loss=3.0252 det=2.9580 box=0.6137 cls=0.3788 dfl=0.0021 mard=1.9239 lambda=0.0350 pseudo_boxes=39 avg_conf=0.8496 rasp_s=0.201 lr=1.93486e-05
[Epoch 044/060] done time=269.9s valid=744 skipped=0 pseudo_boxes=28061 loss=6.3476 det=6.2813 mard=1.9698 conf=0.8340 RASP(status=no_safe_knee, s=0.201, new_packs=0, knee=0/2)
[Epoch 045/060] start
[Epoch 045/060] batch 0001/0744 loss=8.8043 det=8.7477 box=1.2451 cls=1.0983 dfl=0.0054 mard=1.9343 lambda=0.0292 pseudo_boxes=65 avg_conf=0.7924 rasp_s=0.201 lr=1.7378e-05
[Epoch 045/060] batch 0020/0744 loss=6.2466 det=6.1847 box=0.9003 cls=0.7390 dfl=0.0035 mard=1.9049 lambda=0.0325 pseudo_boxes=45 avg_conf=0.8248 rasp_s=0.201 lr=1.7378e-05
[Epoch 045/060] batch 0040/0744 loss=6.7238 det=6.6659 box=0.9268 cls=0.8219 dfl=0.0032 mard=1.9041 lambda=0.0304 pseudo_boxes=65 avg_conf=0.8042 rasp_s=0.201 lr=1.7378e-05
[Epoch 045/060] batch 0060/0744 loss=5.3754 det=5.3103 box=0.9067 cls=0.4179 dfl=0.0033 mard=1.9926 lambda=0.0327 pseudo_boxes=32 avg_conf=0.8271 rasp_s=0.201 lr=1.7378e-05
[Epoch 045/060] batch 0080/0744 loss=6.3894 det=6.3169 box=0.8142 cls=0.8562 dfl=0.0039 mard=1.9945 lambda=0.0363 pseudo_boxes=22 avg_conf=0.8631 rasp_s=0.201 lr=1.7378e-05
[Epoch 045/060] batch 0100/0744 loss=7.1811 det=7.1118 box=1.0013 cls=0.8933 dfl=0.0038 mard=1.9155 lambda=0.0362 pseudo_boxes=34 avg_conf=0.8618 rasp_s=0.201 lr=1.7378e-05
[Epoch 045/060] batch 0120/0744 loss=6.3287 det=6.2611 box=1.2583 cls=0.9572 dfl=0.0040 mard=2.0066 lambda=0.0337 pseudo_boxes=22 avg_conf=0.8371 rasp_s=0.201 lr=1.7378e-05
[Epoch 045/060] batch 0140/0744 loss=4.1332 det=4.0569 box=0.5765 cls=0.4677 dfl=0.0029 mard=2.0089 lambda=0.0380 pseudo_boxes=37 avg_conf=0.8800 rasp_s=0.201 lr=1.7378e-05
[Epoch 045/060] batch 0160/0744 loss=8.5408 det=8.4805 box=1.1806 cls=1.0786 dfl=0.0042 mard=1.9836 lambda=0.0304 pseudo_boxes=46 avg_conf=0.8039 rasp_s=0.201 lr=1.7378e-05
[Epoch 045/060] batch 0180/0744 loss=6.8011 det=6.7423 box=0.9876 cls=0.7623 dfl=0.0032 mard=2.0013 lambda=0.0294 pseudo_boxes=52 avg_conf=0.7938 rasp_s=0.201 lr=1.7378e-05
[Epoch 045/060] batch 0200/0744 loss=6.9099 det=6.8500 box=0.9625 cls=0.8446 dfl=0.0052 mard=1.9379 lambda=0.0309 pseudo_boxes=28 avg_conf=0.8089 rasp_s=0.201 lr=1.7378e-05
[Epoch 045/060] batch 0220/0744 loss=4.7280 det=4.6524 box=0.6512 cls=0.5518 dfl=0.0071 mard=1.9050 lambda=0.0397 pseudo_boxes=26 avg_conf=0.8973 rasp_s=0.201 lr=1.7378e-05
[Epoch 045/060] batch 0240/0744 loss=5.2463 det=5.1758 box=0.7846 cls=0.5395 dfl=0.0043 mard=1.9903 lambda=0.0354 pseudo_boxes=66 avg_conf=0.8543 rasp_s=0.201 lr=1.7378e-05
[Epoch 045/060] batch 0260/0744 loss=4.5069 det=4.4390 box=0.6190 cls=0.5651 dfl=0.0031 mard=1.9158 lambda=0.0354 pseudo_boxes=31 avg_conf=0.8544 rasp_s=0.201 lr=1.7378e-05
[Epoch 045/060] batch 0280/0744 loss=5.6670 det=5.6052 box=0.7959 cls=0.6597 dfl=0.0040 mard=1.9270 lambda=0.0320 pseudo_boxes=18 avg_conf=0.8205 rasp_s=0.201 lr=1.7378e-05
[Epoch 045/060] batch 0300/0744 loss=6.5225 det=6.4570 box=1.2003 cls=1.1059 dfl=0.0039 mard=1.9322 lambda=0.0339 pseudo_boxes=31 avg_conf=0.8386 rasp_s=0.201 lr=1.7378e-05
[Epoch 045/060] batch 0320/0744 loss=7.4483 det=7.3798 box=1.1186 cls=0.8195 dfl=0.0049 mard=2.0111 lambda=0.0340 pseudo_boxes=35 avg_conf=0.8402 rasp_s=0.201 lr=1.7378e-05
[Epoch 045/060] batch 0340/0744 loss=5.1860 det=5.1171 box=0.7677 cls=0.5522 dfl=0.0029 mard=1.9850 lambda=0.0347 pseudo_boxes=45 avg_conf=0.8471 rasp_s=0.201 lr=1.7378e-05
[Epoch 045/060] batch 0360/0744 loss=7.1447 det=7.0822 box=1.0732 cls=0.8191 dfl=0.0038 mard=1.9824 lambda=0.0315 pseudo_boxes=44 avg_conf=0.8152 rasp_s=0.201 lr=1.7378e-05
[Epoch 045/060] batch 0380/0744 loss=6.6717 det=6.6054 box=0.9154 cls=0.7998 dfl=0.0040 mard=1.9080 lambda=0.0348 pseudo_boxes=39 avg_conf=0.8477 rasp_s=0.201 lr=1.7378e-05
[Epoch 045/060] batch 0400/0744 loss=7.2087 det=7.1490 box=1.1157 cls=0.7549 dfl=0.0050 mard=2.0033 lambda=0.0298 pseudo_boxes=17 avg_conf=0.7983 rasp_s=0.201 lr=1.7378e-05
[Epoch 045/060] batch 0420/0744 loss=4.5530 det=4.4833 box=0.6876 cls=0.4402 dfl=0.0027 mard=2.0068 lambda=0.0347 pseudo_boxes=34 avg_conf=0.8474 rasp_s=0.201 lr=1.7378e-05
[Epoch 045/060] batch 0440/0744 loss=7.8054 det=7.7367 box=1.0066 cls=1.1168 dfl=0.0029 mard=2.0100 lambda=0.0341 pseudo_boxes=32 avg_conf=0.8415 rasp_s=0.201 lr=1.7378e-05
[Epoch 045/060] batch 0460/0744 loss=10.8759 det=10.8208 box=1.4697 cls=1.4355 dfl=0.0051 mard=1.9136 lambda=0.0288 pseudo_boxes=33 avg_conf=0.7878 rasp_s=0.201 lr=1.7378e-05
[Epoch 045/060] batch 0480/0744 loss=4.9240 det=4.8606 box=0.9861 cls=0.6501 dfl=0.0055 mard=1.9933 lambda=0.0318 pseudo_boxes=45 avg_conf=0.8179 rasp_s=0.201 lr=1.7378e-05
[Epoch 045/060] batch 0500/0744 loss=4.2958 det=4.2243 box=0.5775 cls=0.4975 dfl=0.0038 mard=1.9621 lambda=0.0364 pseudo_boxes=41 avg_conf=0.8642 rasp_s=0.201 lr=1.7378e-05
[Epoch 045/060] batch 0520/0744 loss=6.0251 det=5.9557 box=0.9085 cls=0.6470 dfl=0.0047 mard=1.9744 lambda=0.0351 pseudo_boxes=33 avg_conf=0.8514 rasp_s=0.201 lr=1.7378e-05
[Epoch 045/060] batch 0540/0744 loss=6.2425 det=6.1782 box=0.9746 cls=0.6654 dfl=0.0038 mard=1.9058 lambda=0.0337 pseudo_boxes=44 avg_conf=0.8373 rasp_s=0.201 lr=1.7378e-05
[Epoch 045/060] batch 0560/0744 loss=4.8424 det=4.7779 box=0.7191 cls=0.4825 dfl=0.0022 mard=2.0132 lambda=0.0321 pseudo_boxes=40 avg_conf=0.8208 rasp_s=0.201 lr=1.7378e-05
[Epoch 045/060] batch 0580/0744 loss=6.0972 det=6.0321 box=0.8892 cls=0.6742 dfl=0.0031 mard=1.9822 lambda=0.0328 pseudo_boxes=37 avg_conf=0.8282 rasp_s=0.201 lr=1.7378e-05
[Epoch 045/060] batch 0600/0744 loss=4.7456 det=4.6802 box=0.7170 cls=0.5460 dfl=0.0035 mard=1.9104 lambda=0.0342 pseudo_boxes=42 avg_conf=0.8424 rasp_s=0.201 lr=1.7378e-05
[Epoch 045/060] batch 0620/0744 loss=6.2842 det=6.2205 box=1.0231 cls=0.6186 dfl=0.0045 mard=1.9112 lambda=0.0333 pseudo_boxes=53 avg_conf=0.8334 rasp_s=0.201 lr=1.7378e-05
[Epoch 045/060] batch 0640/0744 loss=6.0411 det=5.9774 box=0.9127 cls=0.6390 dfl=0.0049 mard=1.9639 lambda=0.0325 pseudo_boxes=46 avg_conf=0.8246 rasp_s=0.201 lr=1.7378e-05
[Epoch 045/060] batch 0660/0744 loss=6.1178 det=6.0510 box=0.8303 cls=0.7736 dfl=0.0043 mard=1.9245 lambda=0.0347 pseudo_boxes=41 avg_conf=0.8469 rasp_s=0.201 lr=1.7378e-05
[Epoch 045/060] batch 0680/0744 loss=3.8543 det=3.7818 box=0.5947 cls=0.3751 dfl=0.0035 mard=1.9528 lambda=0.0371 pseudo_boxes=21 avg_conf=0.8713 rasp_s=0.201 lr=1.7378e-05
[Epoch 045/060] batch 0700/0744 loss=5.3047 det=5.2423 box=0.8326 cls=0.5266 dfl=0.0032 mard=2.0017 lambda=0.0312 pseudo_boxes=42 avg_conf=0.8116 rasp_s=0.201 lr=1.7378e-05
[Epoch 045/060] batch 0720/0744 loss=6.5043 det=6.4380 box=1.0244 cls=0.6718 dfl=0.0036 mard=2.0138 lambda=0.0329 pseudo_boxes=44 avg_conf=0.8295 rasp_s=0.201 lr=1.7378e-05
[Epoch 045/060] batch 0740/0744 loss=4.9809 det=4.9146 box=0.6847 cls=0.6141 dfl=0.0038 mard=2.0041 lambda=0.0331 pseudo_boxes=50 avg_conf=0.8308 rasp_s=0.201 lr=1.7378e-05
[Epoch 045/060] batch 0744/0744 loss=3.3867 det=3.3173 box=0.6436 cls=0.5028 dfl=0.0022 mard=1.9244 lambda=0.0361 pseudo_boxes=31 avg_conf=0.8610 rasp_s=0.201 lr=1.7378e-05
[Epoch 045/060] done time=269.8s valid=744 skipped=0 pseudo_boxes=28098 loss=6.3424 det=6.2765 mard=1.9629 conf=0.8331 RASP(status=no_safe_knee, s=0.201, new_packs=0, knee=0/2)
[Epoch 45] saved latent=yolo26_rasp_latent_epoch_45.pt state=rasp_training_state_epoch_45.pt
[Epoch 046/060] start
[Epoch 046/060] batch 0001/0744 loss=3.3120 det=3.2447 box=0.6921 cls=0.4191 dfl=0.0022 mard=1.9530 lambda=0.0344 pseudo_boxes=32 avg_conf=0.8442 rasp_s=0.201 lr=1.54982e-05
[Epoch 046/060] batch 0020/0744 loss=5.7804 det=5.7114 box=0.8751 cls=0.6244 dfl=0.0029 mard=1.9219 lambda=0.0359 pseudo_boxes=34 avg_conf=0.8591 rasp_s=0.201 lr=1.54982e-05
[Epoch 046/060] batch 0040/0744 loss=6.9936 det=6.9184 box=0.9776 cls=0.8249 dfl=0.0040 mard=1.9936 lambda=0.0377 pseudo_boxes=46 avg_conf=0.8768 rasp_s=0.201 lr=1.54982e-05
[Epoch 046/060] batch 0060/0744 loss=9.7356 det=9.6774 box=1.2595 cls=1.3461 dfl=0.0046 mard=1.9899 lambda=0.0293 pseudo_boxes=48 avg_conf=0.7928 rasp_s=0.201 lr=1.54982e-05
[Epoch 046/060] batch 0080/0744 loss=3.9836 det=3.9138 box=0.6329 cls=0.3506 dfl=0.0030 mard=1.9635 lambda=0.0355 pseudo_boxes=33 avg_conf=0.8554 rasp_s=0.201 lr=1.54982e-05
[Epoch 046/060] batch 0100/0744 loss=6.4448 det=6.3796 box=0.8982 cls=0.7740 dfl=0.0040 mard=2.0139 lambda=0.0324 pseudo_boxes=35 avg_conf=0.8235 rasp_s=0.201 lr=1.54982e-05
[Epoch 046/060] batch 0120/0744 loss=6.0124 det=5.9388 box=0.9140 cls=0.6297 dfl=0.0047 mard=2.0343 lambda=0.0362 pseudo_boxes=37 avg_conf=0.8618 rasp_s=0.201 lr=1.54982e-05
[Epoch 046/060] batch 0140/0744 loss=6.1868 det=6.1229 box=0.9468 cls=0.6813 dfl=0.0036 mard=1.9595 lambda=0.0326 pseudo_boxes=32 avg_conf=0.8260 rasp_s=0.201 lr=1.54982e-05
[Epoch 046/060] batch 0160/0744 loss=4.9020 det=4.8211 box=0.9385 cls=0.7611 dfl=0.0056 mard=1.9526 lambda=0.0414 pseudo_boxes=17 avg_conf=0.9142 rasp_s=0.201 lr=1.54982e-05
[Epoch 046/060] batch 0180/0744 loss=6.5303 det=6.4657 box=0.8713 cls=0.8386 dfl=0.0044 mard=1.9182 lambda=0.0337 pseudo_boxes=42 avg_conf=0.8368 rasp_s=0.201 lr=1.54982e-05
[Epoch 046/060] batch 0200/0744 loss=7.0205 det=6.9540 box=0.9990 cls=0.8079 dfl=0.0041 mard=1.9383 lambda=0.0343 pseudo_boxes=24 avg_conf=0.8431 rasp_s=0.201 lr=1.54982e-05
[Epoch 046/060] batch 0220/0744 loss=3.8335 det=3.7580 box=0.5779 cls=0.3683 dfl=0.0023 mard=1.9989 lambda=0.0378 pseudo_boxes=44 avg_conf=0.8777 rasp_s=0.201 lr=1.54982e-05
[Epoch 046/060] batch 0240/0744 loss=6.6466 det=6.5733 box=0.9446 cls=0.7709 dfl=0.0036 mard=2.0206 lambda=0.0362 pseudo_boxes=31 avg_conf=0.8624 rasp_s=0.201 lr=1.54982e-05
[Epoch 046/060] batch 0260/0744 loss=6.8945 det=6.8345 box=0.9086 cls=0.8997 dfl=0.0036 mard=1.9864 lambda=0.0302 pseudo_boxes=28 avg_conf=0.8022 rasp_s=0.201 lr=1.54982e-05
[Epoch 046/060] batch 0280/0744 loss=6.1106 det=6.0392 box=0.8723 cls=0.7096 dfl=0.0044 mard=1.9959 lambda=0.0358 pseudo_boxes=33 avg_conf=0.8577 rasp_s=0.201 lr=1.54982e-05
[Epoch 046/060] batch 0300/0744 loss=7.7402 det=7.6736 box=1.1273 cls=0.9021 dfl=0.0038 mard=1.9742 lambda=0.0337 pseudo_boxes=33 avg_conf=0.8374 rasp_s=0.201 lr=1.54982e-05
[Epoch 046/060] batch 0320/0744 loss=6.7978 det=6.7325 box=1.0400 cls=0.7258 dfl=0.0052 mard=1.9770 lambda=0.0330 pseudo_boxes=26 avg_conf=0.8303 rasp_s=0.201 lr=1.54982e-05
[Epoch 046/060] batch 0340/0744 loss=2.8922 det=2.8148 box=0.4513 cls=0.2482 dfl=0.0016 mard=1.9135 lambda=0.0405 pseudo_boxes=16 avg_conf=0.9046 rasp_s=0.201 lr=1.54982e-05
[Epoch 046/060] batch 0360/0744 loss=4.7318 det=4.6645 box=0.7503 cls=0.3989 dfl=0.0041 mard=1.9893 lambda=0.0338 pseudo_boxes=36 avg_conf=0.8382 rasp_s=0.201 lr=1.54982e-05
[Epoch 046/060] batch 0380/0744 loss=9.0196 det=8.9628 box=1.3425 cls=1.0090 dfl=0.0048 mard=1.9764 lambda=0.0287 pseudo_boxes=41 avg_conf=0.7873 rasp_s=0.201 lr=1.54982e-05
[Epoch 046/060] batch 0400/0744 loss=5.6873 det=5.6250 box=0.8854 cls=0.5639 dfl=0.0035 mard=1.9787 lambda=0.0315 pseudo_boxes=49 avg_conf=0.8148 rasp_s=0.201 lr=1.54982e-05
[Epoch 046/060] batch 0420/0744 loss=6.8525 det=6.7845 box=0.9776 cls=0.7961 dfl=0.0037 mard=1.9856 lambda=0.0342 pseudo_boxes=26 avg_conf=0.8425 rasp_s=0.201 lr=1.54982e-05
[Epoch 046/060] batch 0440/0744 loss=4.6864 det=4.6197 box=0.6847 cls=0.5098 dfl=0.0020 mard=1.9368 lambda=0.0344 pseudo_boxes=37 avg_conf=0.8444 rasp_s=0.201 lr=1.54982e-05
[Epoch 046/060] batch 0460/0744 loss=7.3362 det=7.2782 box=1.1257 cls=0.7695 dfl=0.0031 mard=2.0017 lambda=0.0289 pseudo_boxes=50 avg_conf=0.7894 rasp_s=0.201 lr=1.54982e-05
[Epoch 046/060] batch 0480/0744 loss=6.7712 det=6.7162 box=0.9700 cls=0.7752 dfl=0.0042 mard=1.9316 lambda=0.0285 pseudo_boxes=48 avg_conf=0.7845 rasp_s=0.201 lr=1.54982e-05
[Epoch 046/060] batch 0500/0744 loss=8.3713 det=8.3102 box=1.0333 cls=1.1669 dfl=0.0038 mard=1.9476 lambda=0.0314 pseudo_boxes=35 avg_conf=0.8137 rasp_s=0.201 lr=1.54982e-05
[Epoch 046/060] batch 0520/0744 loss=3.4758 det=3.4090 box=0.6210 cls=0.5456 dfl=0.0026 mard=1.9466 lambda=0.0343 pseudo_boxes=25 avg_conf=0.8433 rasp_s=0.201 lr=1.54982e-05
[Epoch 046/060] batch 0540/0744 loss=7.6631 det=7.5936 box=1.0548 cls=0.9346 dfl=0.0061 mard=2.0192 lambda=0.0344 pseudo_boxes=56 avg_conf=0.8443 rasp_s=0.201 lr=1.54982e-05
[Epoch 046/060] batch 0560/0744 loss=6.0681 det=5.9970 box=0.8454 cls=0.7818 dfl=0.0027 mard=1.9723 lambda=0.0361 pseudo_boxes=24 avg_conf=0.8606 rasp_s=0.201 lr=1.54982e-05
[Epoch 046/060] batch 0580/0744 loss=7.5941 det=7.5345 box=1.0030 cls=0.9739 dfl=0.0030 mard=1.9365 lambda=0.0308 pseudo_boxes=35 avg_conf=0.8078 rasp_s=0.201 lr=1.54982e-05
[Epoch 046/060] batch 0600/0744 loss=4.7490 det=4.6810 box=0.6447 cls=0.5418 dfl=0.0037 mard=1.9169 lambda=0.0355 pseudo_boxes=28 avg_conf=0.8547 rasp_s=0.201 lr=1.54982e-05
[Epoch 046/060] batch 0620/0744 loss=6.9964 det=6.9404 box=0.9750 cls=0.8000 dfl=0.0040 mard=1.9697 lambda=0.0284 pseudo_boxes=27 avg_conf=0.7839 rasp_s=0.201 lr=1.54982e-05
[Epoch 046/060] batch 0640/0744 loss=4.6787 det=4.6052 box=0.7626 cls=0.4682 dfl=0.0031 mard=2.0117 lambda=0.0365 pseudo_boxes=30 avg_conf=0.8651 rasp_s=0.201 lr=1.54982e-05
[Epoch 046/060] batch 0660/0744 loss=7.0423 det=6.9685 box=0.9699 cls=0.8396 dfl=0.0044 mard=1.9352 lambda=0.0382 pseudo_boxes=33 avg_conf=0.8818 rasp_s=0.201 lr=1.54982e-05
[Epoch 046/060] batch 0680/0744 loss=5.3991 det=5.3299 box=0.8489 cls=0.5713 dfl=0.0029 mard=1.9943 lambda=0.0347 pseudo_boxes=17 avg_conf=0.8471 rasp_s=0.201 lr=1.54982e-05
[Epoch 046/060] batch 0700/0744 loss=7.1804 det=7.1261 box=1.1286 cls=0.7241 dfl=0.0038 mard=1.9256 lambda=0.0282 pseudo_boxes=44 avg_conf=0.7820 rasp_s=0.201 lr=1.54982e-05
[Epoch 046/060] batch 0720/0744 loss=11.0199 det=10.9514 box=1.4101 cls=1.4829 dfl=0.0079 mard=1.9497 lambda=0.0352 pseudo_boxes=51 avg_conf=0.8516 rasp_s=0.201 lr=1.54982e-05
[Epoch 046/060] batch 0740/0744 loss=6.8647 det=6.7976 box=0.9981 cls=0.7673 dfl=0.0045 mard=1.9190 lambda=0.0349 pseudo_boxes=49 avg_conf=0.8493 rasp_s=0.201 lr=1.54982e-05
[Epoch 046/060] batch 0744/0744 loss=6.5362 det=6.4751 box=1.2743 cls=0.9356 dfl=0.0036 mard=1.9801 lambda=0.0308 pseudo_boxes=42 avg_conf=0.8084 rasp_s=0.201 lr=1.54982e-05
[Epoch 046/060] done time=269.3s valid=744 skipped=0 pseudo_boxes=27991 loss=6.3160 det=6.2498 mard=1.9615 conf=0.8345 RASP(status=no_safe_knee, s=0.201, new_packs=0, knee=0/2)
[Epoch 047/060] start
[Epoch 047/060] batch 0001/0744 loss=4.7905 det=4.7195 box=0.7354 cls=0.4746 dfl=0.0038 mard=1.9641 lambda=0.0361 pseudo_boxes=28 avg_conf=0.8614 rasp_s=0.201 lr=1.37143e-05
[Epoch 047/060] batch 0020/0744 loss=5.5653 det=5.5022 box=0.7710 cls=0.6305 dfl=0.0029 mard=1.9900 lambda=0.0317 pseudo_boxes=40 avg_conf=0.8172 rasp_s=0.201 lr=1.37143e-05
[Epoch 047/060] batch 0040/0744 loss=5.4611 det=5.3948 box=0.8107 cls=0.5846 dfl=0.0033 mard=1.9032 lambda=0.0348 pseudo_boxes=32 avg_conf=0.8485 rasp_s=0.201 lr=1.37143e-05
[Epoch 047/060] batch 0060/0744 loss=5.4037 det=5.3311 box=0.6852 cls=0.6382 dfl=0.0056 mard=2.0070 lambda=0.0362 pseudo_boxes=25 avg_conf=0.8617 rasp_s=0.201 lr=1.37143e-05
[Epoch 047/060] batch 0080/0744 loss=6.5048 det=6.4385 box=1.0196 cls=0.6537 dfl=0.0052 mard=1.9078 lambda=0.0348 pseudo_boxes=49 avg_conf=0.8479 rasp_s=0.201 lr=1.37143e-05
[Epoch 047/060] batch 0100/0744 loss=4.1812 det=4.1082 box=0.6426 cls=0.4079 dfl=0.0023 mard=1.9897 lambda=0.0367 pseudo_boxes=47 avg_conf=0.8670 rasp_s=0.201 lr=1.37143e-05
[Epoch 047/060] batch 0120/0744 loss=5.8334 det=5.7702 box=0.8325 cls=0.6367 dfl=0.0031 mard=1.9109 lambda=0.0331 pseudo_boxes=37 avg_conf=0.8307 rasp_s=0.201 lr=1.37143e-05
[Epoch 047/060] batch 0140/0744 loss=6.8034 det=6.7393 box=1.0051 cls=0.7105 dfl=0.0033 mard=1.9206 lambda=0.0334 pseudo_boxes=47 avg_conf=0.8337 rasp_s=0.201 lr=1.37143e-05
[Epoch 047/060] batch 0160/0744 loss=5.6521 det=5.5815 box=0.8254 cls=0.6119 dfl=0.0024 mard=1.9729 lambda=0.0358 pseudo_boxes=26 avg_conf=0.8581 rasp_s=0.201 lr=1.37143e-05
[Epoch 047/060] batch 0180/0744 loss=12.1603 det=12.1080 box=1.5660 cls=1.6130 dfl=0.0043 mard=1.9796 lambda=0.0264 pseudo_boxes=17 avg_conf=0.7641 rasp_s=0.201 lr=1.37143e-05
[Epoch 047/060] batch 0200/0744 loss=5.6443 det=5.5815 box=0.8680 cls=0.5413 dfl=0.0036 mard=1.9462 lambda=0.0322 pseudo_boxes=45 avg_conf=0.8224 rasp_s=0.201 lr=1.37143e-05
[Epoch 047/060] batch 0220/0744 loss=8.4045 det=8.3519 box=1.2103 cls=1.0316 dfl=0.0043 mard=1.9315 lambda=0.0272 pseudo_boxes=67 avg_conf=0.7723 rasp_s=0.201 lr=1.37143e-05
[Epoch 047/060] batch 0240/0744 loss=5.8176 det=5.7585 box=0.8731 cls=0.6018 dfl=0.0029 mard=1.9789 lambda=0.0299 pseudo_boxes=51 avg_conf=0.7986 rasp_s=0.201 lr=1.37143e-05
[Epoch 047/060] batch 0260/0744 loss=6.3138 det=6.2487 box=0.9630 cls=0.6475 dfl=0.0037 mard=1.9960 lambda=0.0326 pseudo_boxes=35 avg_conf=0.8264 rasp_s=0.201 lr=1.37143e-05
[Epoch 047/060] batch 0280/0744 loss=7.2174 det=7.1570 box=1.0994 cls=0.7668 dfl=0.0043 mard=1.9361 lambda=0.0312 pseudo_boxes=37 avg_conf=0.8118 rasp_s=0.201 lr=1.37143e-05
[Epoch 047/060] batch 0300/0744 loss=4.1347 det=4.0622 box=0.5064 cls=0.5452 dfl=0.0023 mard=1.9162 lambda=0.0379 pseudo_boxes=34 avg_conf=0.8787 rasp_s=0.201 lr=1.37143e-05
[Epoch 047/060] batch 0320/0744 loss=8.1372 det=8.0788 box=1.1537 cls=0.9656 dfl=0.0035 mard=1.9716 lambda=0.0296 pseudo_boxes=55 avg_conf=0.7963 rasp_s=0.201 lr=1.37143e-05
[Epoch 047/060] batch 0340/0744 loss=6.6671 det=6.6054 box=0.9137 cls=0.8172 dfl=0.0025 mard=1.8959 lambda=0.0325 pseudo_boxes=26 avg_conf=0.8254 rasp_s=0.201 lr=1.37143e-05
[Epoch 047/060] batch 0360/0744 loss=6.0892 det=6.0315 box=0.9251 cls=0.6265 dfl=0.0030 mard=1.9200 lambda=0.0300 pseudo_boxes=37 avg_conf=0.8005 rasp_s=0.201 lr=1.37143e-05
[Epoch 047/060] batch 0380/0744 loss=4.1069 det=4.0365 box=0.6652 cls=0.3615 dfl=0.0031 mard=1.9753 lambda=0.0356 pseudo_boxes=39 avg_conf=0.8560 rasp_s=0.201 lr=1.37143e-05
[Epoch 047/060] batch 0400/0744 loss=6.2192 det=6.1485 box=0.9519 cls=0.6511 dfl=0.0051 mard=2.0183 lambda=0.0350 pseudo_boxes=24 avg_conf=0.8501 rasp_s=0.201 lr=1.37143e-05
[Epoch 047/060] batch 0420/0744 loss=4.7006 det=4.6348 box=0.7017 cls=0.4650 dfl=0.0036 mard=1.9425 lambda=0.0339 pseudo_boxes=30 avg_conf=0.8391 rasp_s=0.201 lr=1.37143e-05
[Epoch 047/060] batch 0440/0744 loss=5.7148 det=5.6459 box=0.7337 cls=0.7293 dfl=0.0028 mard=1.9474 lambda=0.0354 pseudo_boxes=19 avg_conf=0.8537 rasp_s=0.201 lr=1.37143e-05
[Epoch 047/060] batch 0460/0744 loss=6.1639 det=6.1005 box=0.8405 cls=0.7409 dfl=0.0037 mard=1.9824 lambda=0.0320 pseudo_boxes=58 avg_conf=0.8200 rasp_s=0.201 lr=1.37143e-05
[Epoch 047/060] batch 0480/0744 loss=5.0908 det=5.0247 box=1.0061 cls=0.7208 dfl=0.0050 mard=1.9339 lambda=0.0342 pseudo_boxes=21 avg_conf=0.8417 rasp_s=0.201 lr=1.37143e-05
[Epoch 047/060] batch 0500/0744 loss=2.1770 det=2.1056 box=0.4569 cls=0.2479 dfl=0.0022 mard=1.9746 lambda=0.0362 pseudo_boxes=20 avg_conf=0.8620 rasp_s=0.201 lr=1.37143e-05
[Epoch 047/060] batch 0520/0744 loss=8.4765 det=8.4124 box=1.2459 cls=0.9656 dfl=0.0059 mard=1.9596 lambda=0.0327 pseudo_boxes=59 avg_conf=0.8270 rasp_s=0.201 lr=1.37143e-05
[Epoch 047/060] batch 0540/0744 loss=6.4076 det=6.3474 box=0.9893 cls=0.6639 dfl=0.0031 mard=1.8978 lambda=0.0317 pseudo_boxes=31 avg_conf=0.8172 rasp_s=0.201 lr=1.37143e-05
[Epoch 047/060] batch 0560/0744 loss=5.3316 det=5.2682 box=0.7263 cls=0.6065 dfl=0.0025 mard=1.9366 lambda=0.0327 pseudo_boxes=58 avg_conf=0.8274 rasp_s=0.201 lr=1.37143e-05
[Epoch 047/060] batch 0580/0744 loss=8.1453 det=8.0829 box=1.2441 cls=0.8355 dfl=0.0051 mard=2.0044 lambda=0.0312 pseudo_boxes=49 avg_conf=0.8116 rasp_s=0.201 lr=1.37143e-05
[Epoch 047/060] batch 0600/0744 loss=4.4503 det=4.3803 box=0.6156 cls=0.5234 dfl=0.0021 mard=1.9160 lambda=0.0365 pseudo_boxes=25 avg_conf=0.8655 rasp_s=0.201 lr=1.37143e-05
[Epoch 047/060] batch 0620/0744 loss=5.7025 det=5.6336 box=0.7916 cls=0.6650 dfl=0.0030 mard=1.9884 lambda=0.0346 pseudo_boxes=43 avg_conf=0.8462 rasp_s=0.201 lr=1.37143e-05
[Epoch 047/060] batch 0640/0744 loss=6.7392 det=6.6696 box=0.9945 cls=0.7168 dfl=0.0034 mard=1.9744 lambda=0.0353 pseudo_boxes=56 avg_conf=0.8527 rasp_s=0.201 lr=1.37143e-05
[Epoch 047/060] batch 0660/0744 loss=2.9731 det=2.9049 box=0.8874 cls=0.6458 dfl=0.0047 mard=1.9358 lambda=0.0352 pseudo_boxes=25 avg_conf=0.8522 rasp_s=0.201 lr=1.37143e-05
[Epoch 047/060] batch 0680/0744 loss=8.9212 det=8.8629 box=1.1968 cls=1.1332 dfl=0.0041 mard=1.9417 lambda=0.0300 pseudo_boxes=69 avg_conf=0.8001 rasp_s=0.201 lr=1.37143e-05
[Epoch 047/060] batch 0700/0744 loss=4.2126 det=4.1493 box=0.6029 cls=0.4634 dfl=0.0029 mard=1.9816 lambda=0.0319 pseudo_boxes=45 avg_conf=0.8194 rasp_s=0.201 lr=1.37143e-05
[Epoch 047/060] batch 0720/0744 loss=4.6928 det=4.6300 box=0.6667 cls=0.5508 dfl=0.0030 mard=1.9062 lambda=0.0329 pseudo_boxes=41 avg_conf=0.8292 rasp_s=0.201 lr=1.37143e-05
[Epoch 047/060] batch 0740/0744 loss=7.1868 det=7.1201 box=1.0193 cls=0.8070 dfl=0.0040 mard=1.9696 lambda=0.0339 pseudo_boxes=40 avg_conf=0.8385 rasp_s=0.201 lr=1.37143e-05
[Epoch 047/060] batch 0744/0744 loss=6.8993 det=6.8322 box=1.3402 cls=1.0155 dfl=0.0060 mard=1.9187 lambda=0.0350 pseudo_boxes=30 avg_conf=0.8500 rasp_s=0.201 lr=1.37143e-05
[Epoch 047/060] done time=269.1s valid=744 skipped=0 pseudo_boxes=28025 loss=6.2708 det=6.2051 mard=1.9558 conf=0.8335 RASP(status=no_safe_knee, s=0.201, new_packs=0, knee=0/2)
[Epoch 048/060] start
[Epoch 048/060] batch 0001/0744 loss=9.8179 det=9.7489 box=1.5215 cls=1.1628 dfl=0.0066 mard=2.0176 lambda=0.0342 pseudo_boxes=25 avg_conf=0.8419 rasp_s=0.201 lr=1.20313e-05
[Epoch 048/060] batch 0020/0744 loss=6.8717 det=6.8157 box=0.9545 cls=0.8112 dfl=0.0030 mard=1.9066 lambda=0.0294 pseudo_boxes=45 avg_conf=0.7940 rasp_s=0.201 lr=1.20313e-05
[Epoch 048/060] batch 0040/0744 loss=7.1119 det=7.0547 box=0.9851 cls=0.8014 dfl=0.0042 mard=1.9550 lambda=0.0293 pseudo_boxes=57 avg_conf=0.7928 rasp_s=0.201 lr=1.20313e-05
[Epoch 048/060] batch 0060/0744 loss=10.8570 det=10.7910 box=1.4219 cls=1.4328 dfl=0.0079 mard=2.0066 lambda=0.0329 pseudo_boxes=35 avg_conf=0.8287 rasp_s=0.201 lr=1.20313e-05
[Epoch 048/060] batch 0080/0744 loss=5.2146 det=5.1476 box=0.6580 cls=0.6999 dfl=0.0027 mard=1.9433 lambda=0.0345 pseudo_boxes=38 avg_conf=0.8449 rasp_s=0.201 lr=1.20313e-05
[Epoch 048/060] batch 0100/0744 loss=7.4853 det=7.4213 box=1.0507 cls=0.8710 dfl=0.0045 mard=1.9169 lambda=0.0334 pseudo_boxes=35 avg_conf=0.8338 rasp_s=0.201 lr=1.20313e-05
[Epoch 048/060] batch 0120/0744 loss=7.5318 det=7.4714 box=1.1574 cls=0.7999 dfl=0.0054 mard=1.9473 lambda=0.0310 pseudo_boxes=27 avg_conf=0.8100 rasp_s=0.201 lr=1.20313e-05
[Epoch 048/060] batch 0140/0744 loss=3.8531 det=3.7840 box=0.5967 cls=0.3680 dfl=0.0026 mard=1.9978 lambda=0.0346 pseudo_boxes=36 avg_conf=0.8461 rasp_s=0.201 lr=1.20313e-05
[Epoch 048/060] batch 0160/0744 loss=8.4869 det=8.4202 box=1.1100 cls=1.0899 dfl=0.0063 mard=1.9229 lambda=0.0347 pseudo_boxes=46 avg_conf=0.8469 rasp_s=0.201 lr=1.20313e-05
[Epoch 048/060] batch 0180/0744 loss=6.2669 det=6.2030 box=0.9155 cls=0.6678 dfl=0.0032 mard=1.9892 lambda=0.0321 pseudo_boxes=36 avg_conf=0.8208 rasp_s=0.201 lr=1.20313e-05
[Epoch 048/060] batch 0200/0744 loss=6.3873 det=6.3295 box=0.9901 cls=0.6773 dfl=0.0033 mard=1.9734 lambda=0.0293 pseudo_boxes=67 avg_conf=0.7931 rasp_s=0.201 lr=1.20313e-05
[Epoch 048/060] batch 0220/0744 loss=7.4926 det=7.4266 box=1.0534 cls=0.8809 dfl=0.0051 mard=1.9157 lambda=0.0345 pseudo_boxes=55 avg_conf=0.8447 rasp_s=0.201 lr=1.20313e-05
[Epoch 048/060] batch 0240/0744 loss=5.1622 det=5.0951 box=0.7594 cls=0.5501 dfl=0.0028 mard=1.9936 lambda=0.0337 pseudo_boxes=37 avg_conf=0.8368 rasp_s=0.201 lr=1.20313e-05
[Epoch 048/060] batch 0260/0744 loss=7.8082 det=7.7445 box=1.1953 cls=0.8244 dfl=0.0050 mard=1.9227 lambda=0.0331 pseudo_boxes=49 avg_conf=0.8313 rasp_s=0.201 lr=1.20313e-05
[Epoch 048/060] batch 0280/0744 loss=8.7143 det=8.6559 box=1.1636 cls=1.1046 dfl=0.0040 mard=1.9224 lambda=0.0304 pseudo_boxes=82 avg_conf=0.8036 rasp_s=0.201 lr=1.20313e-05
[Epoch 048/060] batch 0300/0744 loss=12.8746 det=12.8125 box=1.5854 cls=1.7839 dfl=0.0052 mard=1.9723 lambda=0.0315 pseudo_boxes=28 avg_conf=0.8151 rasp_s=0.201 lr=1.20313e-05
[Epoch 048/060] batch 0320/0744 loss=4.7819 det=4.7091 box=0.7411 cls=0.4856 dfl=0.0028 mard=1.9107 lambda=0.0381 pseudo_boxes=29 avg_conf=0.8814 rasp_s=0.201 lr=1.20313e-05
[Epoch 048/060] batch 0340/0744 loss=4.7157 det=4.6410 box=0.7378 cls=0.4357 dfl=0.0037 mard=2.0007 lambda=0.0373 pseudo_boxes=42 avg_conf=0.8733 rasp_s=0.201 lr=1.20313e-05
[Epoch 048/060] batch 0360/0744 loss=7.5472 det=7.4692 box=0.9698 cls=1.0042 dfl=0.0065 mard=1.9413 lambda=0.0401 pseudo_boxes=27 avg_conf=0.9015 rasp_s=0.201 lr=1.20313e-05
[Epoch 048/060] batch 0380/0744 loss=6.4848 det=6.4163 box=0.8582 cls=0.8014 dfl=0.0043 mard=1.9113 lambda=0.0358 pseudo_boxes=31 avg_conf=0.8580 rasp_s=0.201 lr=1.20313e-05
[Epoch 048/060] batch 0400/0744 loss=6.3929 det=6.3349 box=1.0425 cls=0.5715 dfl=0.0031 mard=1.8996 lambda=0.0305 pseudo_boxes=43 avg_conf=0.8054 rasp_s=0.201 lr=1.20313e-05
[Epoch 048/060] batch 0420/0744 loss=4.1864 det=4.1250 box=0.6056 cls=0.4303 dfl=0.0024 mard=1.8979 lambda=0.0323 pseudo_boxes=41 avg_conf=0.8234 rasp_s=0.201 lr=1.20313e-05
[Epoch 048/060] batch 0440/0744 loss=7.1299 det=7.0627 box=1.0689 cls=0.7775 dfl=0.0057 mard=1.9133 lambda=0.0351 pseudo_boxes=22 avg_conf=0.8509 rasp_s=0.201 lr=1.20313e-05
[Epoch 048/060] batch 0460/0744 loss=10.5222 det=10.4645 box=1.3847 cls=1.4147 dfl=0.0052 mard=1.9978 lambda=0.0289 pseudo_boxes=23 avg_conf=0.7890 rasp_s=0.201 lr=1.20313e-05
[Epoch 048/060] batch 0480/0744 loss=5.3109 det=5.2497 box=0.7915 cls=0.5588 dfl=0.0029 mard=1.9018 lambda=0.0321 pseudo_boxes=25 avg_conf=0.8214 rasp_s=0.201 lr=1.20313e-05
[Epoch 048/060] batch 0500/0744 loss=6.8747 det=6.8124 box=0.9576 cls=0.8727 dfl=0.0043 mard=1.9336 lambda=0.0322 pseudo_boxes=34 avg_conf=0.8222 rasp_s=0.201 lr=1.20313e-05
[Epoch 048/060] batch 0520/0744 loss=6.4963 det=6.4258 box=0.9256 cls=0.7307 dfl=0.0031 mard=1.9885 lambda=0.0355 pseudo_boxes=37 avg_conf=0.8546 rasp_s=0.201 lr=1.20313e-05
[Epoch 048/060] batch 0540/0744 loss=7.9222 det=7.8588 box=1.0445 cls=1.0129 dfl=0.0046 mard=1.9425 lambda=0.0326 pseudo_boxes=29 avg_conf=0.8264 rasp_s=0.201 lr=1.20313e-05
[Epoch 048/060] batch 0560/0744 loss=5.5970 det=5.5276 box=0.8540 cls=0.5662 dfl=0.0028 mard=1.9057 lambda=0.0364 pseudo_boxes=37 avg_conf=0.8643 rasp_s=0.201 lr=1.20313e-05
[Epoch 048/060] batch 0580/0744 loss=3.8485 det=3.7789 box=0.6002 cls=0.3553 dfl=0.0027 mard=1.9574 lambda=0.0356 pseudo_boxes=36 avg_conf=0.8558 rasp_s=0.201 lr=1.20313e-05
[Epoch 048/060] batch 0600/0744 loss=8.2214 det=8.1629 box=1.2796 cls=0.8309 dfl=0.0043 mard=2.0068 lambda=0.0292 pseudo_boxes=22 avg_conf=0.7915 rasp_s=0.201 lr=1.20313e-05
[Epoch 048/060] batch 0620/0744 loss=6.8953 det=6.8346 box=0.9998 cls=0.7670 dfl=0.0042 mard=1.9353 lambda=0.0313 pseudo_boxes=25 avg_conf=0.8132 rasp_s=0.201 lr=1.20313e-05
[Epoch 048/060] batch 0640/0744 loss=5.1305 det=5.0613 box=0.7855 cls=0.5007 dfl=0.0023 mard=1.9919 lambda=0.0347 pseudo_boxes=47 avg_conf=0.8475 rasp_s=0.201 lr=1.20313e-05
[Epoch 048/060] batch 0660/0744 loss=9.0138 det=8.9593 box=1.0100 cls=1.3165 dfl=0.0046 mard=1.9270 lambda=0.0283 pseudo_boxes=35 avg_conf=0.7826 rasp_s=0.201 lr=1.20313e-05
[Epoch 048/060] batch 0680/0744 loss=4.3419 det=4.2694 box=0.6897 cls=0.3805 dfl=0.0041 mard=1.9271 lambda=0.0376 pseudo_boxes=38 avg_conf=0.8762 rasp_s=0.201 lr=1.20313e-05
[Epoch 048/060] batch 0700/0744 loss=8.9854 det=8.9241 box=1.2195 cls=1.1648 dfl=0.0056 mard=1.9051 lambda=0.0321 pseudo_boxes=28 avg_conf=0.8215 rasp_s=0.201 lr=1.20313e-05
[Epoch 048/060] batch 0720/0744 loss=7.0917 det=7.0202 box=1.1152 cls=0.7362 dfl=0.0048 mard=2.0068 lambda=0.0356 pseudo_boxes=41 avg_conf=0.8565 rasp_s=0.201 lr=1.20313e-05
[Epoch 048/060] batch 0740/0744 loss=4.3132 det=4.2508 box=0.8598 cls=0.6128 dfl=0.0026 mard=1.9741 lambda=0.0316 pseudo_boxes=28 avg_conf=0.8159 rasp_s=0.201 lr=1.20313e-05
[Epoch 048/060] batch 0744/0744 loss=5.8084 det=5.7514 box=1.2134 cls=0.8156 dfl=0.0052 mard=1.9217 lambda=0.0297 pseudo_boxes=61 avg_conf=0.7967 rasp_s=0.201 lr=1.20313e-05
[Epoch 048/060] done time=269.9s valid=744 skipped=0 pseudo_boxes=28023 loss=6.3788 det=6.3130 mard=1.9520 conf=0.8343 RASP(status=no_safe_knee, s=0.201, new_packs=0, knee=0/2)
[Epoch 049/060] start
[Epoch 049/060] batch 0001/0744 loss=5.6888 det=5.6222 box=0.9137 cls=0.5159 dfl=0.0038 mard=1.9742 lambda=0.0337 pseudo_boxes=39 avg_conf=0.8370 rasp_s=0.201 lr=1.04537e-05
[Epoch 049/060] batch 0020/0744 loss=5.3905 det=5.3256 box=0.7803 cls=0.5761 dfl=0.0036 mard=1.9173 lambda=0.0338 pseudo_boxes=35 avg_conf=0.8384 rasp_s=0.201 lr=1.04537e-05
[Epoch 049/060] batch 0040/0744 loss=7.5793 det=7.5080 box=1.0527 cls=0.8995 dfl=0.0053 mard=1.9409 lambda=0.0367 pseudo_boxes=47 avg_conf=0.8673 rasp_s=0.201 lr=1.04537e-05
[Epoch 049/060] batch 0060/0744 loss=6.2564 det=6.1903 box=0.9057 cls=0.6934 dfl=0.0049 mard=1.9219 lambda=0.0344 pseudo_boxes=50 avg_conf=0.8439 rasp_s=0.201 lr=1.04537e-05
[Epoch 049/060] batch 0080/0744 loss=8.8341 det=8.7675 box=1.2143 cls=1.0512 dfl=0.0051 mard=1.9913 lambda=0.0335 pseudo_boxes=36 avg_conf=0.8347 rasp_s=0.201 lr=1.04537e-05
[Epoch 049/060] batch 0100/0744 loss=5.6428 det=5.5682 box=0.7947 cls=0.6344 dfl=0.0041 mard=1.9452 lambda=0.0384 pseudo_boxes=29 avg_conf=0.8837 rasp_s=0.201 lr=1.04537e-05
[Epoch 049/060] batch 0120/0744 loss=4.5526 det=4.4799 box=0.7234 cls=0.4124 dfl=0.0045 mard=1.9728 lambda=0.0368 pseudo_boxes=33 avg_conf=0.8684 rasp_s=0.201 lr=1.04537e-05
[Epoch 049/060] batch 0140/0744 loss=4.2017 det=4.1375 box=0.6402 cls=0.3968 dfl=0.0042 mard=1.9560 lambda=0.0328 pseudo_boxes=30 avg_conf=0.8283 rasp_s=0.201 lr=1.04537e-05
[Epoch 049/060] batch 0160/0744 loss=5.5031 det=5.4387 box=0.7670 cls=0.6394 dfl=0.0028 mard=1.9194 lambda=0.0335 pseudo_boxes=31 avg_conf=0.8354 rasp_s=0.201 lr=1.04537e-05
[Epoch 049/060] batch 0180/0744 loss=7.0979 det=7.0266 box=1.0488 cls=0.8089 dfl=0.0035 mard=1.9790 lambda=0.0360 pseudo_boxes=28 avg_conf=0.8603 rasp_s=0.201 lr=1.04537e-05
[Epoch 049/060] batch 0200/0744 loss=6.4533 det=6.3856 box=0.9249 cls=0.7352 dfl=0.0044 mard=1.9255 lambda=0.0352 pseudo_boxes=35 avg_conf=0.8517 rasp_s=0.201 lr=1.04537e-05
[Epoch 049/060] batch 0220/0744 loss=7.0437 det=6.9698 box=1.0423 cls=0.7503 dfl=0.0045 mard=1.9925 lambda=0.0371 pseudo_boxes=23 avg_conf=0.8708 rasp_s=0.201 lr=1.04537e-05
[Epoch 049/060] batch 0240/0744 loss=8.2732 det=8.2184 box=1.1684 cls=0.9568 dfl=0.0031 mard=1.9286 lambda=0.0284 pseudo_boxes=19 avg_conf=0.7843 rasp_s=0.201 lr=1.04537e-05
[Epoch 049/060] batch 0260/0744 loss=8.8977 det=8.8297 box=1.2207 cls=1.1296 dfl=0.0044 mard=1.9528 lambda=0.0348 pseudo_boxes=30 avg_conf=0.8481 rasp_s=0.201 lr=1.04537e-05
[Epoch 049/060] batch 0280/0744 loss=6.4714 det=6.4151 box=0.9521 cls=0.6642 dfl=0.0035 mard=1.8919 lambda=0.0298 pseudo_boxes=51 avg_conf=0.7978 rasp_s=0.201 lr=1.04537e-05
[Epoch 049/060] batch 0300/0744 loss=4.0505 det=3.9890 box=0.7824 cls=0.5782 dfl=0.0032 mard=1.9105 lambda=0.0322 pseudo_boxes=22 avg_conf=0.8222 rasp_s=0.201 lr=1.04537e-05
[Epoch 049/060] batch 0320/0744 loss=4.9806 det=4.9119 box=0.6841 cls=0.6138 dfl=0.0034 mard=1.9844 lambda=0.0346 pseudo_boxes=26 avg_conf=0.8464 rasp_s=0.201 lr=1.04537e-05
[Epoch 049/060] batch 0340/0744 loss=6.4521 det=6.3877 box=0.9335 cls=0.7028 dfl=0.0042 mard=1.9152 lambda=0.0336 pseudo_boxes=64 avg_conf=0.8360 rasp_s=0.201 lr=1.04537e-05
[Epoch 049/060] batch 0360/0744 loss=7.0667 det=7.0061 box=1.0374 cls=0.7935 dfl=0.0040 mard=1.9638 lambda=0.0308 pseudo_boxes=32 avg_conf=0.8083 rasp_s=0.201 lr=1.04537e-05
[Epoch 049/060] batch 0380/0744 loss=4.8035 det=4.7358 box=0.7277 cls=0.4755 dfl=0.0038 mard=1.9917 lambda=0.0340 pseudo_boxes=50 avg_conf=0.8398 rasp_s=0.201 lr=1.04537e-05
[Epoch 049/060] batch 0400/0744 loss=6.7260 det=6.6625 box=0.8704 cls=0.8413 dfl=0.0035 mard=1.9885 lambda=0.0319 pseudo_boxes=39 avg_conf=0.8194 rasp_s=0.201 lr=1.04537e-05
[Epoch 049/060] batch 0420/0744 loss=6.0892 det=6.0198 box=0.9873 cls=0.5801 dfl=0.0038 mard=1.9015 lambda=0.0365 pseudo_boxes=44 avg_conf=0.8653 rasp_s=0.201 lr=1.04537e-05
[Epoch 049/060] batch 0440/0744 loss=9.1268 det=9.0714 box=1.2411 cls=1.1649 dfl=0.0035 mard=1.9191 lambda=0.0288 pseudo_boxes=46 avg_conf=0.7884 rasp_s=0.201 lr=1.04537e-05
[Epoch 049/060] batch 0460/0744 loss=5.1693 det=5.1004 box=0.7074 cls=0.6039 dfl=0.0020 mard=1.8994 lambda=0.0362 pseudo_boxes=29 avg_conf=0.8625 rasp_s=0.201 lr=1.04537e-05
[Epoch 049/060] batch 0480/0744 loss=5.1566 det=5.0770 box=0.7842 cls=0.5112 dfl=0.0047 mard=1.9055 lambda=0.0418 pseudo_boxes=38 avg_conf=0.9178 rasp_s=0.201 lr=1.04537e-05
[Epoch 049/060] batch 0500/0744 loss=9.6445 det=9.5821 box=1.2939 cls=1.1861 dfl=0.0048 mard=1.9776 lambda=0.0316 pseudo_boxes=45 avg_conf=0.8160 rasp_s=0.201 lr=1.04537e-05
[Epoch 049/060] batch 0520/0744 loss=3.9819 det=3.9125 box=0.5981 cls=0.3865 dfl=0.0019 mard=1.9069 lambda=0.0364 pseudo_boxes=39 avg_conf=0.8636 rasp_s=0.201 lr=1.04537e-05
[Epoch 049/060] batch 0540/0744 loss=8.2587 det=8.1972 box=1.1462 cls=1.0077 dfl=0.0039 mard=1.9345 lambda=0.0318 pseudo_boxes=54 avg_conf=0.8178 rasp_s=0.201 lr=1.04537e-05
[Epoch 049/060] batch 0560/0744 loss=6.6521 det=6.5909 box=0.9417 cls=0.8025 dfl=0.0036 mard=1.9087 lambda=0.0321 pseudo_boxes=47 avg_conf=0.8206 rasp_s=0.201 lr=1.04537e-05
[Epoch 049/060] batch 0580/0744 loss=7.6808 det=7.6243 box=1.1261 cls=0.8317 dfl=0.0037 mard=1.9160 lambda=0.0295 pseudo_boxes=39 avg_conf=0.7949 rasp_s=0.201 lr=1.04537e-05
[Epoch 049/060] batch 0600/0744 loss=8.2816 det=8.2218 box=1.0588 cls=1.1168 dfl=0.0061 mard=1.9978 lambda=0.0299 pseudo_boxes=39 avg_conf=0.7992 rasp_s=0.201 lr=1.04537e-05
[Epoch 049/060] batch 0620/0744 loss=8.0767 det=8.0131 box=1.0378 cls=1.0650 dfl=0.0049 mard=1.9169 lambda=0.0332 pseudo_boxes=39 avg_conf=0.8319 rasp_s=0.201 lr=1.04537e-05
[Epoch 049/060] batch 0640/0744 loss=5.3472 det=5.2829 box=0.8551 cls=0.5024 dfl=0.0033 mard=1.9086 lambda=0.0337 pseudo_boxes=65 avg_conf=0.8372 rasp_s=0.201 lr=1.04537e-05
[Epoch 049/060] batch 0660/0744 loss=9.2835 det=9.2183 box=1.2340 cls=1.2124 dfl=0.0043 mard=1.9557 lambda=0.0333 pseudo_boxes=48 avg_conf=0.8333 rasp_s=0.201 lr=1.04537e-05
[Epoch 049/060] batch 0680/0744 loss=5.9087 det=5.8356 box=0.8970 cls=0.5790 dfl=0.0043 mard=1.9546 lambda=0.0374 pseudo_boxes=29 avg_conf=0.8739 rasp_s=0.201 lr=1.04537e-05
[Epoch 049/060] batch 0700/0744 loss=5.1264 det=5.0572 box=0.7620 cls=0.5520 dfl=0.0030 mard=1.9101 lambda=0.0362 pseudo_boxes=44 avg_conf=0.8623 rasp_s=0.201 lr=1.04537e-05
[Epoch 049/060] batch 0720/0744 loss=6.1145 det=6.0528 box=0.6990 cls=0.8635 dfl=0.0032 mard=1.9160 lambda=0.0322 pseudo_boxes=47 avg_conf=0.8220 rasp_s=0.201 lr=1.04537e-05
[Epoch 049/060] batch 0740/0744 loss=7.1110 det=7.0453 box=1.0197 cls=0.8466 dfl=0.0034 mard=1.9406 lambda=0.0338 pseudo_boxes=44 avg_conf=0.8385 rasp_s=0.201 lr=1.04537e-05
[Epoch 049/060] batch 0744/0744 loss=3.1459 det=3.0739 box=0.5794 cls=0.4424 dfl=0.0069 mard=1.9381 lambda=0.0372 pseudo_boxes=16 avg_conf=0.8718 rasp_s=0.201 lr=1.04537e-05
[Epoch 049/060] done time=269.7s valid=744 skipped=0 pseudo_boxes=28046 loss=6.3707 det=6.3052 mard=1.9511 conf=0.8335 RASP(status=no_safe_knee, s=0.201, new_packs=0, knee=0/2)
[Epoch 050/060] start
[Epoch 050/060] batch 0001/0744 loss=5.8793 det=5.8115 box=0.7794 cls=0.7480 dfl=0.0034 mard=1.9795 lambda=0.0342 pseudo_boxes=31 avg_conf=0.8424 rasp_s=0.201 lr=8.98581e-06
[Epoch 050/060] batch 0020/0744 loss=9.4426 det=9.3824 box=1.1843 cls=1.2736 dfl=0.0050 mard=2.0032 lambda=0.0300 pseudo_boxes=39 avg_conf=0.8002 rasp_s=0.201 lr=8.98581e-06
[Epoch 050/060] batch 0040/0744 loss=3.9864 det=3.9185 box=0.7180 cls=0.6369 dfl=0.0025 mard=2.0091 lambda=0.0338 pseudo_boxes=22 avg_conf=0.8376 rasp_s=0.201 lr=8.98581e-06
[Epoch 050/060] batch 0060/0744 loss=11.4920 det=11.4272 box=1.5687 cls=1.4293 dfl=0.0070 mard=1.9756 lambda=0.0328 pseudo_boxes=18 avg_conf=0.8283 rasp_s=0.201 lr=8.98581e-06
[Epoch 050/060] batch 0080/0744 loss=6.9512 det=6.8893 box=1.3279 cls=1.1222 dfl=0.0058 mard=1.9296 lambda=0.0321 pseudo_boxes=29 avg_conf=0.8211 rasp_s=0.201 lr=8.98581e-06
[Epoch 050/060] batch 0100/0744 loss=8.2354 det=8.1753 box=1.0801 cls=1.0854 dfl=0.0045 mard=1.9760 lambda=0.0305 pseudo_boxes=45 avg_conf=0.8046 rasp_s=0.201 lr=8.98581e-06
[Epoch 050/060] batch 0120/0744 loss=8.0510 det=7.9958 box=1.1972 cls=0.8652 dfl=0.0038 mard=1.9169 lambda=0.0288 pseudo_boxes=49 avg_conf=0.7878 rasp_s=0.201 lr=8.98581e-06
[Epoch 050/060] batch 0140/0744 loss=8.8847 det=8.8309 box=1.2141 cls=1.0782 dfl=0.0047 mard=1.9802 lambda=0.0272 pseudo_boxes=49 avg_conf=0.7720 rasp_s=0.201 lr=8.98581e-06
[Epoch 050/060] batch 0160/0744 loss=6.5997 det=6.5386 box=0.8797 cls=0.7968 dfl=0.0028 mard=2.0124 lambda=0.0304 pseudo_boxes=27 avg_conf=0.8035 rasp_s=0.201 lr=8.98581e-06
[Epoch 050/060] batch 0180/0744 loss=7.5170 det=7.4468 box=1.1079 cls=0.8353 dfl=0.0055 mard=1.9079 lambda=0.0368 pseudo_boxes=45 avg_conf=0.8680 rasp_s=0.201 lr=8.98581e-06
[Epoch 050/060] batch 0200/0744 loss=6.1081 det=6.0478 box=0.9058 cls=0.6216 dfl=0.0030 mard=1.9069 lambda=0.0316 pseudo_boxes=33 avg_conf=0.8163 rasp_s=0.201 lr=8.98581e-06
[Epoch 050/060] batch 0220/0744 loss=4.4068 det=4.3279 box=0.5483 cls=0.5475 dfl=0.0025 mard=1.9684 lambda=0.0401 pseudo_boxes=23 avg_conf=0.9009 rasp_s=0.201 lr=8.98581e-06
[Epoch 050/060] batch 0240/0744 loss=5.5646 det=5.4975 box=0.7588 cls=0.6588 dfl=0.0028 mard=1.9829 lambda=0.0338 pseudo_boxes=31 avg_conf=0.8384 rasp_s=0.201 lr=8.98581e-06
[Epoch 050/060] batch 0260/0744 loss=5.5439 det=5.4800 box=0.9944 cls=0.8866 dfl=0.0043 mard=1.9272 lambda=0.0332 pseudo_boxes=24 avg_conf=0.8316 rasp_s=0.201 lr=8.98581e-06
[Epoch 050/060] batch 0280/0744 loss=5.9021 det=5.8389 box=0.8525 cls=0.6476 dfl=0.0041 mard=1.9038 lambda=0.0332 pseudo_boxes=39 avg_conf=0.8317 rasp_s=0.201 lr=8.98581e-06
[Epoch 050/060] batch 0300/0744 loss=8.0327 det=7.9691 box=1.0880 cls=1.0062 dfl=0.0051 mard=1.9889 lambda=0.0320 pseudo_boxes=38 avg_conf=0.8202 rasp_s=0.201 lr=8.98581e-06
[Epoch 050/060] batch 0320/0744 loss=6.3946 det=6.3236 box=0.8883 cls=0.7379 dfl=0.0045 mard=1.9938 lambda=0.0356 pseudo_boxes=53 avg_conf=0.8557 rasp_s=0.201 lr=8.98581e-06
[Epoch 050/060] batch 0340/0744 loss=8.4772 det=8.4141 box=1.1078 cls=1.0610 dfl=0.0037 mard=1.9137 lambda=0.0330 pseudo_boxes=38 avg_conf=0.8297 rasp_s=0.201 lr=8.98581e-06
[Epoch 050/060] batch 0360/0744 loss=6.2526 det=6.1904 box=0.8304 cls=0.7856 dfl=0.0028 mard=1.9908 lambda=0.0312 pseudo_boxes=27 avg_conf=0.8122 rasp_s=0.201 lr=8.98581e-06
[Epoch 050/060] batch 0380/0744 loss=5.7774 det=5.7088 box=0.8546 cls=0.6313 dfl=0.0048 mard=1.9922 lambda=0.0344 pseudo_boxes=46 avg_conf=0.8445 rasp_s=0.201 lr=8.98581e-06
[Epoch 050/060] batch 0400/0744 loss=5.9819 det=5.9198 box=0.9042 cls=0.6495 dfl=0.0028 mard=1.9601 lambda=0.0317 pseudo_boxes=49 avg_conf=0.8168 rasp_s=0.201 lr=8.98581e-06
[Epoch 050/060] batch 0420/0744 loss=4.4998 det=4.4333 box=0.6789 cls=0.4724 dfl=0.0027 mard=1.9382 lambda=0.0343 pseudo_boxes=25 avg_conf=0.8431 rasp_s=0.201 lr=8.98581e-06
[Epoch 050/060] batch 0440/0744 loss=7.8215 det=7.7618 box=1.0475 cls=0.9479 dfl=0.0054 mard=1.9132 lambda=0.0312 pseudo_boxes=42 avg_conf=0.8121 rasp_s=0.201 lr=8.98581e-06
[Epoch 050/060] batch 0460/0744 loss=4.2030 det=4.1367 box=0.5832 cls=0.4676 dfl=0.0025 mard=1.9141 lambda=0.0346 pseudo_boxes=17 avg_conf=0.8464 rasp_s=0.201 lr=8.98581e-06
[Epoch 050/060] batch 0480/0744 loss=5.8668 det=5.8046 box=0.8435 cls=0.6308 dfl=0.0042 mard=1.9025 lambda=0.0327 pseudo_boxes=46 avg_conf=0.8270 rasp_s=0.201 lr=8.98581e-06
[Epoch 050/060] batch 0500/0744 loss=8.1867 det=8.1325 box=1.1095 cls=1.0151 dfl=0.0053 mard=1.9624 lambda=0.0276 pseudo_boxes=26 avg_conf=0.7764 rasp_s=0.201 lr=8.98581e-06
[Epoch 050/060] batch 0520/0744 loss=8.8240 det=8.7720 box=1.1425 cls=1.2023 dfl=0.0038 mard=1.9583 lambda=0.0266 pseudo_boxes=33 avg_conf=0.7658 rasp_s=0.201 lr=8.98581e-06
[Epoch 050/060] batch 0540/0744 loss=5.6176 det=5.5421 box=0.7692 cls=0.6386 dfl=0.0049 mard=1.9877 lambda=0.0380 pseudo_boxes=24 avg_conf=0.8799 rasp_s=0.201 lr=8.98581e-06
[Epoch 050/060] batch 0560/0744 loss=5.8153 det=5.7536 box=0.8167 cls=0.6374 dfl=0.0030 mard=1.9558 lambda=0.0316 pseudo_boxes=45 avg_conf=0.8155 rasp_s=0.201 lr=8.98581e-06
[Epoch 050/060] batch 0580/0744 loss=5.6383 det=5.5659 box=0.9280 cls=0.4635 dfl=0.0042 mard=1.9715 lambda=0.0367 pseudo_boxes=31 avg_conf=0.8669 rasp_s=0.201 lr=8.98581e-06
[Epoch 050/060] batch 0600/0744 loss=7.3219 det=7.2601 box=0.9560 cls=0.9513 dfl=0.0054 mard=1.9207 lambda=0.0322 pseudo_boxes=37 avg_conf=0.8219 rasp_s=0.201 lr=8.98581e-06
[Epoch 050/060] batch 0620/0744 loss=7.6529 det=7.5928 box=0.9310 cls=1.1074 dfl=0.0033 mard=1.9124 lambda=0.0314 pseudo_boxes=43 avg_conf=0.8144 rasp_s=0.201 lr=8.98581e-06
[Epoch 050/060] batch 0640/0744 loss=4.4987 det=4.4336 box=0.7014 cls=0.4260 dfl=0.0021 mard=1.9017 lambda=0.0342 pseudo_boxes=51 avg_conf=0.8423 rasp_s=0.201 lr=8.98581e-06
[Epoch 050/060] batch 0660/0744 loss=6.5735 det=6.5195 box=0.9472 cls=0.7105 dfl=0.0030 mard=1.9045 lambda=0.0284 pseudo_boxes=55 avg_conf=0.7838 rasp_s=0.201 lr=8.98581e-06
[Epoch 050/060] batch 0680/0744 loss=6.3191 det=6.2555 box=0.9315 cls=0.6774 dfl=0.0037 mard=1.9177 lambda=0.0332 pseudo_boxes=46 avg_conf=0.8317 rasp_s=0.201 lr=8.98581e-06
[Epoch 050/060] batch 0700/0744 loss=6.7138 det=6.6459 box=0.9462 cls=0.7638 dfl=0.0045 mard=1.9468 lambda=0.0349 pseudo_boxes=32 avg_conf=0.8487 rasp_s=0.201 lr=8.98581e-06
[Epoch 050/060] batch 0720/0744 loss=5.1574 det=5.0904 box=0.7214 cls=0.5809 dfl=0.0029 mard=1.9082 lambda=0.0351 pseudo_boxes=36 avg_conf=0.8511 rasp_s=0.201 lr=8.98581e-06
[Epoch 050/060] batch 0740/0744 loss=6.2332 det=6.1694 box=0.9476 cls=0.6178 dfl=0.0040 mard=2.0029 lambda=0.0318 pseudo_boxes=36 avg_conf=0.8184 rasp_s=0.201 lr=8.98581e-06
[Epoch 050/060] batch 0744/0744 loss=6.3256 det=6.2548 box=1.1649 cls=0.9984 dfl=0.0060 mard=1.9196 lambda=0.0369 pseudo_boxes=16 avg_conf=0.8688 rasp_s=0.201 lr=8.98581e-06
[Epoch 050/060] done time=269.0s valid=744 skipped=0 pseudo_boxes=28069 loss=6.4815 det=6.4161 mard=1.9467 conf=0.8331 RASP(status=no_safe_knee, s=0.201, new_packs=0, knee=0/2)
[Epoch 50] saved latent=yolo26_rasp_latent_epoch_50.pt state=rasp_training_state_epoch_50.pt
[Epoch 051/060] start
[Epoch 051/060] batch 0001/0744 loss=7.0854 det=7.0220 box=0.9789 cls=0.8294 dfl=0.0039 mard=1.9137 lambda=0.0331 pseudo_boxes=49 avg_conf=0.8312 rasp_s=0.201 lr=7.63174e-06
[Epoch 051/060] batch 0020/0744 loss=8.1240 det=8.0577 box=1.1056 cls=1.0139 dfl=0.0045 mard=1.9506 lambda=0.0340 pseudo_boxes=28 avg_conf=0.8397 rasp_s=0.201 lr=7.63174e-06
[Epoch 051/060] batch 0040/0744 loss=5.1015 det=5.0364 box=0.7253 cls=0.6139 dfl=0.0032 mard=1.9230 lambda=0.0338 pseudo_boxes=17 avg_conf=0.8384 rasp_s=0.201 lr=7.63174e-06
[Epoch 051/060] batch 0060/0744 loss=5.2391 det=5.1741 box=0.7314 cls=0.5545 dfl=0.0036 mard=1.9424 lambda=0.0335 pseudo_boxes=19 avg_conf=0.8346 rasp_s=0.201 lr=7.63174e-06
[Epoch 051/060] batch 0080/0744 loss=7.3309 det=7.2725 box=1.0734 cls=0.7604 dfl=0.0035 mard=1.9160 lambda=0.0305 pseudo_boxes=54 avg_conf=0.8047 rasp_s=0.201 lr=7.63174e-06
[Epoch 051/060] batch 0100/0744 loss=5.2686 det=5.2065 box=0.7870 cls=0.5473 dfl=0.0025 mard=1.9044 lambda=0.0326 pseudo_boxes=40 avg_conf=0.8262 rasp_s=0.201 lr=7.63174e-06
[Epoch 051/060] batch 0120/0744 loss=4.7686 det=4.6932 box=0.7233 cls=0.4620 dfl=0.0021 mard=2.0064 lambda=0.0376 pseudo_boxes=37 avg_conf=0.8757 rasp_s=0.201 lr=7.63174e-06
[Epoch 051/060] batch 0140/0744 loss=7.3043 det=7.2425 box=1.1483 cls=0.7063 dfl=0.0043 mard=1.9254 lambda=0.0321 pseudo_boxes=57 avg_conf=0.8210 rasp_s=0.201 lr=7.63174e-06
[Epoch 051/060] batch 0160/0744 loss=5.1982 det=5.1286 box=0.8022 cls=0.4970 dfl=0.0036 mard=1.9347 lambda=0.0360 pseudo_boxes=35 avg_conf=0.8597 rasp_s=0.201 lr=7.63174e-06
[Epoch 051/060] batch 0180/0744 loss=7.0747 det=7.0086 box=0.9669 cls=0.8286 dfl=0.0038 mard=2.0057 lambda=0.0330 pseudo_boxes=29 avg_conf=0.8295 rasp_s=0.201 lr=7.63174e-06
[Epoch 051/060] batch 0200/0744 loss=5.9054 det=5.8413 box=0.8335 cls=0.6928 dfl=0.0037 mard=1.9985 lambda=0.0321 pseudo_boxes=43 avg_conf=0.8207 rasp_s=0.201 lr=7.63174e-06
[Epoch 051/060] batch 0220/0744 loss=6.5526 det=6.4907 box=0.9002 cls=0.7891 dfl=0.0037 mard=1.9207 lambda=0.0322 pseudo_boxes=40 avg_conf=0.8223 rasp_s=0.201 lr=7.63174e-06
[Epoch 051/060] batch 0240/0744 loss=7.0871 det=7.0173 box=1.0226 cls=0.8040 dfl=0.0047 mard=1.9519 lambda=0.0358 pseudo_boxes=52 avg_conf=0.8577 rasp_s=0.201 lr=7.63174e-06
[Epoch 051/060] batch 0260/0744 loss=4.1254 det=4.0550 box=0.6085 cls=0.4112 dfl=0.0022 mard=1.9063 lambda=0.0369 pseudo_boxes=41 avg_conf=0.8694 rasp_s=0.201 lr=7.63174e-06
[Epoch 051/060] batch 0280/0744 loss=5.2006 det=5.1247 box=0.7614 cls=0.5647 dfl=0.0034 mard=2.0009 lambda=0.0380 pseudo_boxes=43 avg_conf=0.8796 rasp_s=0.201 lr=7.63174e-06
[Epoch 051/060] batch 0300/0744 loss=5.0796 det=5.0135 box=0.7113 cls=0.5732 dfl=0.0033 mard=1.9105 lambda=0.0346 pseudo_boxes=29 avg_conf=0.8456 rasp_s=0.201 lr=7.63174e-06
[Epoch 051/060] batch 0320/0744 loss=4.8897 det=4.8186 box=0.7281 cls=0.4990 dfl=0.0059 mard=1.9093 lambda=0.0372 pseudo_boxes=43 avg_conf=0.8723 rasp_s=0.201 lr=7.63174e-06
[Epoch 051/060] batch 0340/0744 loss=5.4535 det=5.3912 box=0.8887 cls=0.4750 dfl=0.0038 mard=1.9173 lambda=0.0325 pseudo_boxes=34 avg_conf=0.8246 rasp_s=0.201 lr=7.63174e-06
[Epoch 051/060] batch 0360/0744 loss=5.7494 det=5.6850 box=0.8361 cls=0.6236 dfl=0.0030 mard=1.9508 lambda=0.0330 pseudo_boxes=47 avg_conf=0.8297 rasp_s=0.201 lr=7.63174e-06
[Epoch 051/060] batch 0380/0744 loss=4.9677 det=4.8995 box=0.7839 cls=0.4607 dfl=0.0031 mard=1.9109 lambda=0.0357 pseudo_boxes=27 avg_conf=0.8566 rasp_s=0.201 lr=7.63174e-06
[Epoch 051/060] batch 0400/0744 loss=5.8459 det=5.7777 box=0.8080 cls=0.7197 dfl=0.0028 mard=2.0031 lambda=0.0340 pseudo_boxes=34 avg_conf=0.8403 rasp_s=0.201 lr=7.63174e-06
[Epoch 051/060] batch 0420/0744 loss=8.0528 det=7.9792 box=1.1978 cls=0.8636 dfl=0.0060 mard=1.9669 lambda=0.0374 pseudo_boxes=20 avg_conf=0.8739 rasp_s=0.201 lr=7.63174e-06
[Epoch 051/060] batch 0440/0744 loss=4.9352 det=4.8738 box=0.9860 cls=0.6558 dfl=0.0032 mard=1.9116 lambda=0.0321 pseudo_boxes=24 avg_conf=0.8213 rasp_s=0.201 lr=7.63174e-06
[Epoch 051/060] batch 0460/0744 loss=7.1393 det=7.0785 box=0.9850 cls=0.8629 dfl=0.0045 mard=2.0055 lambda=0.0303 pseudo_boxes=41 avg_conf=0.8033 rasp_s=0.201 lr=7.63174e-06
[Epoch 051/060] batch 0480/0744 loss=6.8582 det=6.7918 box=0.9816 cls=0.8011 dfl=0.0042 mard=1.9150 lambda=0.0347 pseudo_boxes=56 avg_conf=0.8467 rasp_s=0.201 lr=7.63174e-06
[Epoch 051/060] batch 0500/0744 loss=7.2352 det=7.1680 box=1.1155 cls=0.7198 dfl=0.0066 mard=1.9326 lambda=0.0348 pseudo_boxes=33 avg_conf=0.8482 rasp_s=0.201 lr=7.63174e-06
[Epoch 051/060] batch 0520/0744 loss=5.5896 det=5.5192 box=0.8864 cls=0.5464 dfl=0.0042 mard=1.9276 lambda=0.0365 pseudo_boxes=32 avg_conf=0.8651 rasp_s=0.201 lr=7.63174e-06
[Epoch 051/060] batch 0540/0744 loss=6.6793 det=6.6114 box=1.0421 cls=0.6616 dfl=0.0042 mard=1.9176 lambda=0.0354 pseudo_boxes=28 avg_conf=0.8538 rasp_s=0.201 lr=7.63174e-06
[Epoch 051/060] batch 0560/0744 loss=5.9908 det=5.9335 box=0.9485 cls=1.0898 dfl=0.0030 mard=1.9003 lambda=0.0302 pseudo_boxes=13 avg_conf=0.8017 rasp_s=0.201 lr=7.63174e-06
[Epoch 051/060] batch 0580/0744 loss=5.6407 det=5.5749 box=0.8408 cls=0.5683 dfl=0.0036 mard=1.9297 lambda=0.0341 pseudo_boxes=41 avg_conf=0.8410 rasp_s=0.201 lr=7.63174e-06
[Epoch 051/060] batch 0600/0744 loss=5.9564 det=5.8888 box=0.8661 cls=0.6409 dfl=0.0044 mard=1.9635 lambda=0.0344 pseudo_boxes=35 avg_conf=0.8441 rasp_s=0.201 lr=7.63174e-06
[Epoch 051/060] batch 0620/0744 loss=9.2855 det=9.2177 box=1.3793 cls=1.0095 dfl=0.0072 mard=1.9736 lambda=0.0343 pseudo_boxes=29 avg_conf=0.8435 rasp_s=0.201 lr=7.63174e-06
[Epoch 051/060] batch 0640/0744 loss=5.9703 det=5.9054 box=0.8113 cls=0.7075 dfl=0.0031 mard=1.9578 lambda=0.0332 pseudo_boxes=41 avg_conf=0.8316 rasp_s=0.201 lr=7.63174e-06
[Epoch 051/060] batch 0660/0744 loss=4.9926 det=4.9298 box=0.7463 cls=0.4904 dfl=0.0029 mard=1.9177 lambda=0.0328 pseudo_boxes=48 avg_conf=0.8279 rasp_s=0.201 lr=7.63174e-06
[Epoch 051/060] batch 0680/0744 loss=6.8655 det=6.8050 box=0.8442 cls=0.9431 dfl=0.0039 mard=1.9072 lambda=0.0317 pseudo_boxes=30 avg_conf=0.8171 rasp_s=0.201 lr=7.63174e-06
[Epoch 051/060] batch 0700/0744 loss=7.7234 det=7.6652 box=1.1616 cls=0.8245 dfl=0.0039 mard=1.9138 lambda=0.0304 pseudo_boxes=46 avg_conf=0.8043 rasp_s=0.201 lr=7.63174e-06
[Epoch 051/060] batch 0720/0744 loss=5.5468 det=5.4797 box=0.9386 cls=0.4437 dfl=0.0038 mard=1.9298 lambda=0.0348 pseudo_boxes=50 avg_conf=0.8476 rasp_s=0.201 lr=7.63174e-06
[Epoch 051/060] batch 0740/0744 loss=7.2853 det=7.2155 box=1.0965 cls=0.7922 dfl=0.0055 mard=1.9211 lambda=0.0364 pseudo_boxes=38 avg_conf=0.8636 rasp_s=0.201 lr=7.63174e-06
[Epoch 051/060] batch 0744/0744 loss=2.7652 det=2.6960 box=0.5014 cls=0.4113 dfl=0.0023 mard=1.9931 lambda=0.0347 pseudo_boxes=27 avg_conf=0.8471 rasp_s=0.201 lr=7.63174e-06
[Epoch 051/060] done time=269.9s valid=744 skipped=0 pseudo_boxes=28026 loss=6.3862 det=6.3208 mard=1.9447 conf=0.8340 RASP(status=no_safe_knee, s=0.201, new_packs=0, knee=0/2)
[Epoch 052/060] start
[Epoch 052/060] batch 0001/0744 loss=7.6378 det=7.5693 box=1.1682 cls=0.7540 dfl=0.0049 mard=1.9915 lambda=0.0344 pseudo_boxes=28 avg_conf=0.8438 rasp_s=0.201 lr=6.39518e-06
[Epoch 052/060] batch 0020/0744 loss=7.9272 det=7.8584 box=1.1121 cls=0.8989 dfl=0.0057 mard=1.9433 lambda=0.0354 pseudo_boxes=43 avg_conf=0.8536 rasp_s=0.201 lr=6.39518e-06
[Epoch 052/060] batch 0040/0744 loss=5.4279 det=5.3613 box=0.8404 cls=0.5245 dfl=0.0038 mard=1.9155 lambda=0.0348 pseudo_boxes=37 avg_conf=0.8477 rasp_s=0.201 lr=6.39518e-06
[Epoch 052/060] batch 0060/0744 loss=8.0108 det=7.9440 box=1.1835 cls=0.8340 dfl=0.0051 mard=1.9726 lambda=0.0339 pseudo_boxes=36 avg_conf=0.8386 rasp_s=0.201 lr=6.39518e-06
[Epoch 052/060] batch 0080/0744 loss=5.2431 det=5.1713 box=0.7292 cls=0.5975 dfl=0.0025 mard=2.0060 lambda=0.0358 pseudo_boxes=44 avg_conf=0.8578 rasp_s=0.201 lr=6.39518e-06
[Epoch 052/060] batch 0100/0744 loss=5.8040 det=5.7400 box=0.8495 cls=0.6126 dfl=0.0027 mard=1.9019 lambda=0.0337 pseudo_boxes=25 avg_conf=0.8367 rasp_s=0.201 lr=6.39518e-06
[Epoch 052/060] batch 0120/0744 loss=5.4504 det=5.3777 box=0.7788 cls=0.5983 dfl=0.0035 mard=1.9517 lambda=0.0373 pseudo_boxes=21 avg_conf=0.8725 rasp_s=0.201 lr=6.39518e-06
[Epoch 052/060] batch 0140/0744 loss=6.4875 det=6.4204 box=0.9638 cls=0.6878 dfl=0.0038 mard=1.9281 lambda=0.0348 pseudo_boxes=37 avg_conf=0.8481 rasp_s=0.201 lr=6.39518e-06
[Epoch 052/060] batch 0160/0744 loss=7.1722 det=7.1077 box=0.8175 cls=1.0372 dfl=0.0028 mard=1.9229 lambda=0.0335 pseudo_boxes=45 avg_conf=0.8354 rasp_s=0.201 lr=6.39518e-06
[Epoch 052/060] batch 0180/0744 loss=4.9043 det=4.8407 box=0.7554 cls=0.4681 dfl=0.0042 mard=1.9189 lambda=0.0332 pseudo_boxes=38 avg_conf=0.8317 rasp_s=0.201 lr=6.39518e-06
[Epoch 052/060] batch 0200/0744 loss=9.3787 det=9.3215 box=1.2981 cls=1.1307 dfl=0.0046 mard=1.9132 lambda=0.0299 pseudo_boxes=34 avg_conf=0.7986 rasp_s=0.201 lr=6.39518e-06
[Epoch 052/060] batch 0220/0744 loss=7.1237 det=7.0613 box=1.0317 cls=0.8067 dfl=0.0050 mard=1.9087 lambda=0.0327 pseudo_boxes=27 avg_conf=0.8269 rasp_s=0.201 lr=6.39518e-06
[Epoch 052/060] batch 0240/0744 loss=6.5405 det=6.4659 box=0.8711 cls=0.8023 dfl=0.0036 mard=1.9337 lambda=0.0386 pseudo_boxes=33 avg_conf=0.8857 rasp_s=0.201 lr=6.39518e-06
[Epoch 052/060] batch 0260/0744 loss=7.9134 det=7.8501 box=1.1615 cls=0.8453 dfl=0.0042 mard=1.9491 lambda=0.0325 pseudo_boxes=36 avg_conf=0.8250 rasp_s=0.201 lr=6.39518e-06
[Epoch 052/060] batch 0280/0744 loss=7.8674 det=7.8034 box=1.0447 cls=0.9734 dfl=0.0036 mard=1.9609 lambda=0.0326 pseudo_boxes=37 avg_conf=0.8262 rasp_s=0.201 lr=6.39518e-06
[Epoch 052/060] batch 0300/0744 loss=7.5233 det=7.4643 box=1.0829 cls=0.8723 dfl=0.0039 mard=1.9761 lambda=0.0299 pseudo_boxes=27 avg_conf=0.7986 rasp_s=0.201 lr=6.39518e-06
[Epoch 052/060] batch 0320/0744 loss=7.8600 det=7.7938 box=1.1572 cls=0.9080 dfl=0.0050 mard=1.9215 lambda=0.0344 pseudo_boxes=47 avg_conf=0.8443 rasp_s=0.201 lr=6.39518e-06
[Epoch 052/060] batch 0340/0744 loss=8.3445 det=8.2854 box=1.0988 cls=1.0352 dfl=0.0043 mard=1.9094 lambda=0.0310 pseudo_boxes=52 avg_conf=0.8097 rasp_s=0.201 lr=6.39518e-06
[Epoch 052/060] batch 0360/0744 loss=7.8925 det=7.8324 box=1.1913 cls=0.8246 dfl=0.0035 mard=1.9022 lambda=0.0316 pseudo_boxes=39 avg_conf=0.8157 rasp_s=0.201 lr=6.39518e-06
[Epoch 052/060] batch 0380/0744 loss=8.0972 det=8.0403 box=1.2043 cls=0.8441 dfl=0.0041 mard=1.9026 lambda=0.0299 pseudo_boxes=52 avg_conf=0.7991 rasp_s=0.201 lr=6.39518e-06
[Epoch 052/060] batch 0400/0744 loss=7.2600 det=7.1962 box=1.3516 cls=1.1371 dfl=0.0045 mard=1.9112 lambda=0.0334 pseudo_boxes=42 avg_conf=0.8339 rasp_s=0.201 lr=6.39518e-06
[Epoch 052/060] batch 0420/0744 loss=6.4379 det=6.3800 box=0.8460 cls=0.7661 dfl=0.0028 mard=1.9592 lambda=0.0296 pseudo_boxes=19 avg_conf=0.7957 rasp_s=0.201 lr=6.39518e-06
[Epoch 052/060] batch 0440/0744 loss=7.0528 det=6.9865 box=1.0697 cls=0.7391 dfl=0.0049 mard=1.9969 lambda=0.0332 pseudo_boxes=58 avg_conf=0.8319 rasp_s=0.201 lr=6.39518e-06
[Epoch 052/060] batch 0460/0744 loss=6.6309 det=6.5653 box=0.9051 cls=0.7747 dfl=0.0034 mard=2.0183 lambda=0.0325 pseudo_boxes=30 avg_conf=0.8246 rasp_s=0.201 lr=6.39518e-06
[Epoch 052/060] batch 0480/0744 loss=9.5042 det=9.4444 box=1.3173 cls=1.1662 dfl=0.0045 mard=1.9118 lambda=0.0312 pseudo_boxes=32 avg_conf=0.8124 rasp_s=0.201 lr=6.39518e-06
[Epoch 052/060] batch 0500/0744 loss=5.2882 det=5.2225 box=0.8540 cls=0.4769 dfl=0.0035 mard=1.9130 lambda=0.0343 pseudo_boxes=28 avg_conf=0.8434 rasp_s=0.201 lr=6.39518e-06
[Epoch 052/060] batch 0520/0744 loss=7.2364 det=7.1724 box=1.0456 cls=0.8193 dfl=0.0038 mard=2.0087 lambda=0.0319 pseudo_boxes=23 avg_conf=0.8185 rasp_s=0.201 lr=6.39518e-06
[Epoch 052/060] batch 0540/0744 loss=5.4906 det=5.4253 box=0.7667 cls=0.6098 dfl=0.0043 mard=1.9399 lambda=0.0337 pseudo_boxes=67 avg_conf=0.8366 rasp_s=0.201 lr=6.39518e-06
[Epoch 052/060] batch 0560/0744 loss=6.5894 det=6.5252 box=0.8941 cls=0.8105 dfl=0.0034 mard=1.9167 lambda=0.0335 pseudo_boxes=42 avg_conf=0.8351 rasp_s=0.201 lr=6.39518e-06
[Epoch 052/060] batch 0580/0744 loss=8.9891 det=8.9295 box=1.2433 cls=1.0900 dfl=0.0051 mard=1.9244 lambda=0.0310 pseudo_boxes=44 avg_conf=0.8100 rasp_s=0.201 lr=6.39518e-06
[Epoch 052/060] batch 0600/0744 loss=5.5065 det=5.4377 box=0.8380 cls=0.5262 dfl=0.0039 mard=1.9191 lambda=0.0358 pseudo_boxes=28 avg_conf=0.8583 rasp_s=0.201 lr=6.39518e-06
[Epoch 052/060] batch 0620/0744 loss=7.8727 det=7.8092 box=0.9959 cls=1.0686 dfl=0.0054 mard=1.9751 lambda=0.0322 pseudo_boxes=25 avg_conf=0.8216 rasp_s=0.201 lr=6.39518e-06
[Epoch 052/060] batch 0640/0744 loss=8.1910 det=8.1244 box=1.1586 cls=0.9576 dfl=0.0040 mard=1.9170 lambda=0.0348 pseudo_boxes=44 avg_conf=0.8478 rasp_s=0.201 lr=6.39518e-06
[Epoch 052/060] batch 0660/0744 loss=4.8105 det=4.7359 box=0.6358 cls=0.5866 dfl=0.0038 mard=1.9413 lambda=0.0384 pseudo_boxes=21 avg_conf=0.8841 rasp_s=0.201 lr=6.39518e-06
[Epoch 052/060] batch 0680/0744 loss=4.8831 det=4.8106 box=0.7089 cls=0.5288 dfl=0.0032 mard=1.9917 lambda=0.0364 pseudo_boxes=40 avg_conf=0.8639 rasp_s=0.201 lr=6.39518e-06
[Epoch 052/060] batch 0700/0744 loss=5.2924 det=5.2319 box=0.8153 cls=0.5333 dfl=0.0025 mard=1.9310 lambda=0.0313 pseudo_boxes=34 avg_conf=0.8135 rasp_s=0.201 lr=6.39518e-06
[Epoch 052/060] batch 0720/0744 loss=5.3238 det=5.2623 box=0.8037 cls=0.5230 dfl=0.0023 mard=1.9952 lambda=0.0308 pseudo_boxes=59 avg_conf=0.8083 rasp_s=0.201 lr=6.39518e-06
[Epoch 052/060] batch 0740/0744 loss=7.7458 det=7.6838 box=1.1350 cls=0.8418 dfl=0.0038 mard=1.9723 lambda=0.0314 pseudo_boxes=50 avg_conf=0.8140 rasp_s=0.201 lr=6.39518e-06
[Epoch 052/060] batch 0744/0744 loss=3.9061 det=3.8411 box=0.7218 cls=0.6095 dfl=0.0038 mard=1.9150 lambda=0.0340 pseudo_boxes=29 avg_conf=0.8397 rasp_s=0.201 lr=6.39518e-06
[Epoch 052/060] done time=269.9s valid=744 skipped=0 pseudo_boxes=28031 loss=6.3841 det=6.3188 mard=1.9405 conf=0.8341 RASP(status=no_safe_knee, s=0.201, new_packs=0, knee=0/2)
[Epoch 053/060] start
[Epoch 053/060] batch 0001/0744 loss=6.2387 det=6.1768 box=0.9168 cls=0.6903 dfl=0.0034 mard=1.9523 lambda=0.0317 pseudo_boxes=48 avg_conf=0.8169 rasp_s=0.201 lr=5.2795e-06
[Epoch 053/060] batch 0020/0744 loss=6.9985 det=6.9335 box=0.9973 cls=0.7654 dfl=0.0043 mard=1.9095 lambda=0.0341 pseudo_boxes=29 avg_conf=0.8406 rasp_s=0.201 lr=5.2795e-06
[Epoch 053/060] batch 0040/0744 loss=5.1424 det=5.0826 box=0.7176 cls=0.5598 dfl=0.0034 mard=1.9458 lambda=0.0307 pseudo_boxes=42 avg_conf=0.8074 rasp_s=0.201 lr=5.2795e-06
[Epoch 053/060] batch 0060/0744 loss=5.2146 det=5.1490 box=0.7918 cls=0.5129 dfl=0.0035 mard=1.9752 lambda=0.0332 pseudo_boxes=51 avg_conf=0.8320 rasp_s=0.201 lr=5.2795e-06
[Epoch 053/060] batch 0080/0744 loss=9.1178 det=9.0579 box=1.1655 cls=1.2210 dfl=0.0054 mard=1.9431 lambda=0.0308 pseudo_boxes=49 avg_conf=0.8083 rasp_s=0.201 lr=5.2795e-06
[Epoch 053/060] batch 0100/0744 loss=5.2409 det=5.1788 box=0.7230 cls=0.6055 dfl=0.0032 mard=1.9179 lambda=0.0324 pseudo_boxes=31 avg_conf=0.8237 rasp_s=0.201 lr=5.2795e-06
[Epoch 053/060] batch 0120/0744 loss=4.3672 det=4.2940 box=0.6742 cls=0.4307 dfl=0.0031 mard=1.9734 lambda=0.0371 pseudo_boxes=34 avg_conf=0.8712 rasp_s=0.201 lr=5.2795e-06
[Epoch 053/060] batch 0140/0744 loss=7.5387 det=7.4790 box=1.0605 cls=0.8413 dfl=0.0048 mard=1.9766 lambda=0.0302 pseudo_boxes=28 avg_conf=0.8019 rasp_s=0.201 lr=5.2795e-06
[Epoch 053/060] batch 0160/0744 loss=4.6543 det=4.5849 box=0.7412 cls=0.4103 dfl=0.0033 mard=1.9290 lambda=0.0360 pseudo_boxes=27 avg_conf=0.8598 rasp_s=0.201 lr=5.2795e-06
[Epoch 053/060] batch 0180/0744 loss=8.4504 det=8.3881 box=1.0207 cls=1.1678 dfl=0.0039 mard=1.9135 lambda=0.0326 pseudo_boxes=27 avg_conf=0.8256 rasp_s=0.201 lr=5.2795e-06
[Epoch 053/060] batch 0200/0744 loss=6.9798 det=6.9182 box=1.0403 cls=0.7422 dfl=0.0028 mard=1.9421 lambda=0.0317 pseudo_boxes=36 avg_conf=0.8173 rasp_s=0.201 lr=5.2795e-06
[Epoch 053/060] batch 0220/0744 loss=6.1842 det=6.1159 box=0.6579 cls=0.9282 dfl=0.0035 mard=1.9229 lambda=0.0355 pseudo_boxes=23 avg_conf=0.8548 rasp_s=0.201 lr=5.2795e-06
[Epoch 053/060] batch 0240/0744 loss=7.1073 det=7.0408 box=1.0853 cls=0.7055 dfl=0.0048 mard=1.9498 lambda=0.0341 pseudo_boxes=41 avg_conf=0.8410 rasp_s=0.201 lr=5.2795e-06
[Epoch 053/060] batch 0260/0744 loss=6.2458 det=6.1826 box=0.9548 cls=0.6213 dfl=0.0037 mard=1.9164 lambda=0.0330 pseudo_boxes=36 avg_conf=0.8297 rasp_s=0.201 lr=5.2795e-06
[Epoch 053/060] batch 0280/0744 loss=4.9086 det=4.8437 box=0.5453 cls=0.7050 dfl=0.0027 mard=1.9767 lambda=0.0328 pseudo_boxes=33 avg_conf=0.8284 rasp_s=0.201 lr=5.2795e-06
[Epoch 053/060] batch 0300/0744 loss=5.5446 det=5.4766 box=0.7204 cls=0.7003 dfl=0.0034 mard=1.9134 lambda=0.0355 pseudo_boxes=36 avg_conf=0.8551 rasp_s=0.201 lr=5.2795e-06
[Epoch 053/060] batch 0320/0744 loss=6.6113 det=6.5431 box=0.9721 cls=0.7105 dfl=0.0044 mard=1.9188 lambda=0.0355 pseudo_boxes=30 avg_conf=0.8552 rasp_s=0.201 lr=5.2795e-06
[Epoch 053/060] batch 0340/0744 loss=7.5514 det=7.4909 box=0.9869 cls=0.9480 dfl=0.0042 mard=1.9016 lambda=0.0318 pseudo_boxes=48 avg_conf=0.8183 rasp_s=0.201 lr=5.2795e-06
[Epoch 053/060] batch 0360/0744 loss=8.4119 det=8.3502 box=1.1259 cls=1.0665 dfl=0.0034 mard=1.9108 lambda=0.0323 pseudo_boxes=30 avg_conf=0.8229 rasp_s=0.201 lr=5.2795e-06
[Epoch 053/060] batch 0380/0744 loss=7.3647 det=7.3043 box=0.9745 cls=0.9131 dfl=0.0047 mard=1.9068 lambda=0.0317 pseudo_boxes=31 avg_conf=0.8165 rasp_s=0.201 lr=5.2795e-06
[Epoch 053/060] batch 0400/0744 loss=7.2157 det=7.1494 box=1.0156 cls=0.8294 dfl=0.0039 mard=1.9104 lambda=0.0347 pseudo_boxes=50 avg_conf=0.8472 rasp_s=0.201 lr=5.2795e-06
[Epoch 053/060] batch 0420/0744 loss=3.4077 det=3.3372 box=0.5176 cls=0.3088 dfl=0.0028 mard=2.0102 lambda=0.0351 pseudo_boxes=27 avg_conf=0.8509 rasp_s=0.201 lr=5.2795e-06
[Epoch 053/060] batch 0440/0744 loss=6.6577 det=6.5941 box=0.8945 cls=0.7937 dfl=0.0040 mard=1.9135 lambda=0.0332 pseudo_boxes=28 avg_conf=0.8322 rasp_s=0.201 lr=5.2795e-06
[Epoch 053/060] batch 0460/0744 loss=6.0891 det=6.0276 box=0.8798 cls=0.6508 dfl=0.0040 mard=1.9085 lambda=0.0322 pseudo_boxes=57 avg_conf=0.8220 rasp_s=0.201 lr=5.2795e-06
[Epoch 053/060] batch 0480/0744 loss=5.2565 det=5.1846 box=0.7503 cls=0.5852 dfl=0.0029 mard=1.9084 lambda=0.0377 pseudo_boxes=39 avg_conf=0.8768 rasp_s=0.201 lr=5.2795e-06
[Epoch 053/060] batch 0500/0744 loss=7.6623 det=7.5961 box=1.0791 cls=0.8754 dfl=0.0058 mard=1.9630 lambda=0.0337 pseudo_boxes=41 avg_conf=0.8371 rasp_s=0.201 lr=5.2795e-06
[Epoch 053/060] batch 0520/0744 loss=5.2779 det=5.2079 box=0.6800 cls=0.6591 dfl=0.0041 mard=1.9165 lambda=0.0366 pseudo_boxes=33 avg_conf=0.8656 rasp_s=0.201 lr=5.2795e-06
[Epoch 053/060] batch 0540/0744 loss=5.0137 det=4.9485 box=0.7723 cls=0.4928 dfl=0.0025 mard=1.8961 lambda=0.0344 pseudo_boxes=43 avg_conf=0.8439 rasp_s=0.201 lr=5.2795e-06
[Epoch 053/060] batch 0560/0744 loss=6.3823 det=6.3190 box=0.8658 cls=0.7811 dfl=0.0036 mard=1.9036 lambda=0.0333 pseudo_boxes=36 avg_conf=0.8326 rasp_s=0.201 lr=5.2795e-06
[Epoch 053/060] batch 0580/0744 loss=3.7705 det=3.7036 box=0.4789 cls=0.4503 dfl=0.0017 mard=1.9732 lambda=0.0339 pseudo_boxes=18 avg_conf=0.8392 rasp_s=0.201 lr=5.2795e-06
[Epoch 053/060] batch 0600/0744 loss=7.4173 det=7.3545 box=0.9580 cls=0.9440 dfl=0.0032 mard=1.9520 lambda=0.0322 pseudo_boxes=27 avg_conf=0.8220 rasp_s=0.201 lr=5.2795e-06
[Epoch 053/060] batch 0620/0744 loss=5.5676 det=5.5016 box=0.7718 cls=0.6583 dfl=0.0018 mard=1.9937 lambda=0.0331 pseudo_boxes=20 avg_conf=0.8307 rasp_s=0.201 lr=5.2795e-06
[Epoch 053/060] batch 0640/0744 loss=4.3822 det=4.3107 box=0.6283 cls=0.4628 dfl=0.0035 mard=1.9667 lambda=0.0363 pseudo_boxes=32 avg_conf=0.8634 rasp_s=0.201 lr=5.2795e-06
[Epoch 053/060] batch 0660/0744 loss=5.2411 det=5.1732 box=0.8056 cls=0.4986 dfl=0.0055 mard=1.9279 lambda=0.0352 pseudo_boxes=32 avg_conf=0.8519 rasp_s=0.201 lr=5.2795e-06
[Epoch 053/060] batch 0680/0744 loss=5.0566 det=4.9886 box=0.6673 cls=0.6007 dfl=0.0022 mard=1.9246 lambda=0.0353 pseudo_boxes=33 avg_conf=0.8530 rasp_s=0.201 lr=5.2795e-06
[Epoch 053/060] batch 0700/0744 loss=8.4961 det=8.4266 box=1.2463 cls=0.9028 dfl=0.0059 mard=1.9416 lambda=0.0358 pseudo_boxes=25 avg_conf=0.8579 rasp_s=0.201 lr=5.2795e-06
[Epoch 053/060] batch 0720/0744 loss=8.1971 det=8.1246 box=1.0099 cls=1.0822 dfl=0.0044 mard=2.0049 lambda=0.0362 pseudo_boxes=43 avg_conf=0.8620 rasp_s=0.201 lr=5.2795e-06
[Epoch 053/060] batch 0740/0744 loss=6.6312 det=6.5580 box=0.9011 cls=0.8178 dfl=0.0035 mard=1.9222 lambda=0.0380 pseudo_boxes=18 avg_conf=0.8805 rasp_s=0.201 lr=5.2795e-06
[Epoch 053/060] batch 0744/0744 loss=5.3704 det=5.3096 box=1.1050 cls=0.6760 dfl=0.0035 mard=1.9076 lambda=0.0319 pseudo_boxes=41 avg_conf=0.8187 rasp_s=0.201 lr=5.2795e-06
[Epoch 053/060] done time=269.6s valid=744 skipped=0 pseudo_boxes=28069 loss=6.4233 det=6.3583 mard=1.9377 conf=0.8329 RASP(status=no_safe_knee, s=0.201, new_packs=0, knee=0/2)
[Epoch 054/060] start
[Epoch 054/060] batch 0001/0744 loss=8.0208 det=7.9589 box=1.1577 cls=0.9058 dfl=0.0053 mard=1.9933 lambda=0.0311 pseudo_boxes=28 avg_conf=0.8106 rasp_s=0.201 lr=4.28777e-06
[Epoch 054/060] batch 0020/0744 loss=4.1967 det=4.1326 box=0.5990 cls=0.4432 dfl=0.0022 mard=1.9223 lambda=0.0333 pseudo_boxes=35 avg_conf=0.8335 rasp_s=0.201 lr=4.28777e-06
[Epoch 054/060] batch 0040/0744 loss=8.5224 det=8.4567 box=1.2323 cls=0.9327 dfl=0.0054 mard=1.9651 lambda=0.0335 pseudo_boxes=44 avg_conf=0.8347 rasp_s=0.201 lr=4.28777e-06
[Epoch 054/060] batch 0060/0744 loss=7.2297 det=7.1737 box=1.1919 cls=0.6278 dfl=0.0042 mard=1.9997 lambda=0.0280 pseudo_boxes=56 avg_conf=0.7799 rasp_s=0.201 lr=4.28777e-06
[Epoch 054/060] batch 0080/0744 loss=6.7420 det=6.6785 box=0.9900 cls=0.7036 dfl=0.0034 mard=1.9076 lambda=0.0333 pseudo_boxes=35 avg_conf=0.8329 rasp_s=0.201 lr=4.28777e-06
[Epoch 054/060] batch 0100/0744 loss=8.1497 det=8.1030 box=1.1514 cls=0.9018 dfl=0.0036 mard=1.9092 lambda=0.0244 pseudo_boxes=51 avg_conf=0.7443 rasp_s=0.201 lr=4.28777e-06
[Epoch 054/060] batch 0120/0744 loss=6.7624 det=6.7007 box=1.0317 cls=0.6861 dfl=0.0031 mard=1.9260 lambda=0.0320 pseudo_boxes=26 avg_conf=0.8201 rasp_s=0.201 lr=4.28777e-06
[Epoch 054/060] batch 0140/0744 loss=5.6013 det=5.5394 box=0.7346 cls=0.6944 dfl=0.0022 mard=1.9276 lambda=0.0321 pseudo_boxes=20 avg_conf=0.8210 rasp_s=0.201 lr=4.28777e-06
[Epoch 054/060] batch 0160/0744 loss=6.0704 det=6.0061 box=1.0235 cls=1.0011 dfl=0.0043 mard=1.9235 lambda=0.0334 pseudo_boxes=25 avg_conf=0.8342 rasp_s=0.201 lr=4.28777e-06
[Epoch 054/060] batch 0180/0744 loss=6.4373 det=6.3763 box=0.7582 cls=0.8658 dfl=0.0039 mard=1.9460 lambda=0.0314 pseudo_boxes=41 avg_conf=0.8135 rasp_s=0.201 lr=4.28777e-06
[Epoch 054/060] batch 0200/0744 loss=6.5050 det=6.4447 box=0.9413 cls=0.7017 dfl=0.0050 mard=1.9151 lambda=0.0315 pseudo_boxes=66 avg_conf=0.8149 rasp_s=0.201 lr=4.28777e-06
[Epoch 054/060] batch 0220/0744 loss=10.2496 det=10.1943 box=1.3481 cls=1.3062 dfl=0.0062 mard=1.9077 lambda=0.0290 pseudo_boxes=30 avg_conf=0.7895 rasp_s=0.201 lr=4.28777e-06
[Epoch 054/060] batch 0240/0744 loss=6.1245 det=6.0634 box=0.7150 cls=0.8518 dfl=0.0030 mard=1.9322 lambda=0.0316 pseudo_boxes=48 avg_conf=0.8160 rasp_s=0.201 lr=4.28777e-06
[Epoch 054/060] batch 0260/0744 loss=7.6827 det=7.6229 box=1.0749 cls=0.9046 dfl=0.0057 mard=1.9181 lambda=0.0312 pseudo_boxes=35 avg_conf=0.8116 rasp_s=0.201 lr=4.28777e-06
[Epoch 054/060] batch 0280/0744 loss=7.8274 det=7.7604 box=1.2074 cls=0.7811 dfl=0.0055 mard=1.9027 lambda=0.0352 pseudo_boxes=40 avg_conf=0.8521 rasp_s=0.201 lr=4.28777e-06
[Epoch 054/060] batch 0300/0744 loss=6.2788 det=6.2175 box=0.9477 cls=0.6274 dfl=0.0047 mard=1.9063 lambda=0.0322 pseudo_boxes=46 avg_conf=0.8216 rasp_s=0.201 lr=4.28777e-06
[Epoch 054/060] batch 0320/0744 loss=8.7099 det=8.6534 box=1.1792 cls=1.0657 dfl=0.0055 mard=1.9076 lambda=0.0297 pseudo_boxes=58 avg_conf=0.7965 rasp_s=0.201 lr=4.28777e-06
[Epoch 054/060] batch 0340/0744 loss=8.0346 det=7.9680 box=1.1153 cls=0.9797 dfl=0.0037 mard=1.9965 lambda=0.0334 pseudo_boxes=34 avg_conf=0.8337 rasp_s=0.201 lr=4.28777e-06
[Epoch 054/060] batch 0360/0744 loss=7.4306 det=7.3582 box=1.0622 cls=0.8432 dfl=0.0056 mard=1.9628 lambda=0.0369 pseudo_boxes=41 avg_conf=0.8687 rasp_s=0.201 lr=4.28777e-06
[Epoch 054/060] batch 0380/0744 loss=4.8802 det=4.8014 box=0.7589 cls=0.4373 dfl=0.0038 mard=1.9983 lambda=0.0395 pseudo_boxes=30 avg_conf=0.8946 rasp_s=0.201 lr=4.28777e-06
[Epoch 054/060] batch 0400/0744 loss=4.7041 det=4.6383 box=0.6163 cls=0.5909 dfl=0.0035 mard=1.9042 lambda=0.0346 pseudo_boxes=27 avg_conf=0.8457 rasp_s=0.201 lr=4.28777e-06
[Epoch 054/060] batch 0420/0744 loss=5.7066 det=5.6402 box=0.9037 cls=0.5457 dfl=0.0027 mard=1.9074 lambda=0.0348 pseudo_boxes=36 avg_conf=0.8483 rasp_s=0.201 lr=4.28777e-06
[Epoch 054/060] batch 0440/0744 loss=5.8907 det=5.8271 box=0.7098 cls=0.8052 dfl=0.0025 mard=1.9214 lambda=0.0331 pseudo_boxes=31 avg_conf=0.8307 rasp_s=0.201 lr=4.28777e-06
[Epoch 054/060] batch 0460/0744 loss=6.8116 det=6.7558 box=0.9675 cls=0.7479 dfl=0.0036 mard=1.8998 lambda=0.0294 pseudo_boxes=49 avg_conf=0.7939 rasp_s=0.201 lr=4.28777e-06
[Epoch 054/060] batch 0480/0744 loss=6.1152 det=6.0530 box=0.9599 cls=0.6173 dfl=0.0027 mard=1.9250 lambda=0.0323 pseudo_boxes=39 avg_conf=0.8230 rasp_s=0.201 lr=4.28777e-06
[Epoch 054/060] batch 0500/0744 loss=4.8178 det=4.7532 box=0.7303 cls=0.4674 dfl=0.0023 mard=1.9977 lambda=0.0323 pseudo_boxes=33 avg_conf=0.8234 rasp_s=0.201 lr=4.28777e-06
[Epoch 054/060] batch 0520/0744 loss=4.6454 det=4.5773 box=0.6542 cls=0.5052 dfl=0.0031 mard=2.0012 lambda=0.0340 pseudo_boxes=24 avg_conf=0.8400 rasp_s=0.201 lr=4.28777e-06
[Epoch 054/060] batch 0540/0744 loss=9.5989 det=9.5299 box=1.3817 cls=1.0667 dfl=0.0086 mard=1.9123 lambda=0.0361 pseudo_boxes=26 avg_conf=0.8612 rasp_s=0.201 lr=4.28777e-06
[Epoch 054/060] batch 0560/0744 loss=4.3996 det=4.3356 box=0.9379 cls=0.5067 dfl=0.0027 mard=1.9662 lambda=0.0326 pseudo_boxes=29 avg_conf=0.8256 rasp_s=0.201 lr=4.28777e-06
[Epoch 054/060] batch 0580/0744 loss=5.8815 det=5.8112 box=0.9587 cls=0.4993 dfl=0.0059 mard=1.9178 lambda=0.0367 pseudo_boxes=28 avg_conf=0.8666 rasp_s=0.201 lr=4.28777e-06
[Epoch 054/060] batch 0600/0744 loss=4.3984 det=4.3280 box=0.6596 cls=0.4109 dfl=0.0042 mard=1.9855 lambda=0.0355 pseudo_boxes=36 avg_conf=0.8549 rasp_s=0.201 lr=4.28777e-06
[Epoch 054/060] batch 0620/0744 loss=4.8592 det=4.7920 box=0.7039 cls=0.5039 dfl=0.0025 mard=1.9232 lambda=0.0349 pseudo_boxes=32 avg_conf=0.8493 rasp_s=0.201 lr=4.28777e-06
[Epoch 054/060] batch 0640/0744 loss=10.6314 det=10.5706 box=1.5545 cls=1.1656 dfl=0.0058 mard=1.9810 lambda=0.0307 pseudo_boxes=63 avg_conf=0.8065 rasp_s=0.201 lr=4.28777e-06
[Epoch 054/060] batch 0660/0744 loss=4.8077 det=4.7430 box=0.6829 cls=0.5061 dfl=0.0030 mard=1.9205 lambda=0.0337 pseudo_boxes=29 avg_conf=0.8368 rasp_s=0.201 lr=4.28777e-06
[Epoch 054/060] batch 0680/0744 loss=7.3347 det=7.2694 box=1.0881 cls=0.7804 dfl=0.0051 mard=1.9525 lambda=0.0334 pseudo_boxes=44 avg_conf=0.8341 rasp_s=0.201 lr=4.28777e-06
[Epoch 054/060] batch 0700/0744 loss=6.2332 det=6.1727 box=0.9143 cls=0.6480 dfl=0.0036 mard=1.9352 lambda=0.0313 pseudo_boxes=48 avg_conf=0.8127 rasp_s=0.201 lr=4.28777e-06
[Epoch 054/060] batch 0720/0744 loss=8.0908 det=8.0309 box=1.0310 cls=1.0396 dfl=0.0036 mard=1.9160 lambda=0.0312 pseudo_boxes=29 avg_conf=0.8122 rasp_s=0.201 lr=4.28777e-06
[Epoch 054/060] batch 0740/0744 loss=8.1100 det=8.0487 box=1.1431 cls=0.9290 dfl=0.0054 mard=1.9476 lambda=0.0315 pseudo_boxes=38 avg_conf=0.8149 rasp_s=0.201 lr=4.28777e-06
[Epoch 054/060] batch 0744/0744 loss=5.4073 det=5.3419 box=1.0241 cls=0.8270 dfl=0.0046 mard=1.9258 lambda=0.0340 pseudo_boxes=41 avg_conf=0.8396 rasp_s=0.201 lr=4.28777e-06
[Epoch 054/060] done time=269.6s valid=744 skipped=0 pseudo_boxes=28054 loss=6.3366 det=6.2716 mard=1.9351 conf=0.8329 RASP(status=no_safe_knee, s=0.201, new_packs=0, knee=0/2)
[Epoch 055/060] start
[Epoch 055/060] batch 0001/0744 loss=6.2264 det=6.1603 box=0.9140 cls=0.6655 dfl=0.0035 mard=1.9598 lambda=0.0337 pseudo_boxes=41 avg_conf=0.8373 rasp_s=0.201 lr=3.4227e-06
[Epoch 055/060] batch 0020/0744 loss=6.5301 det=6.4695 box=1.0279 cls=0.6012 dfl=0.0036 mard=1.9037 lambda=0.0318 pseudo_boxes=69 avg_conf=0.8183 rasp_s=0.201 lr=3.4227e-06
[Epoch 055/060] batch 0040/0744 loss=5.3984 det=5.3212 box=0.7378 cls=0.6099 dfl=0.0050 mard=1.9697 lambda=0.0392 pseudo_boxes=29 avg_conf=0.8919 rasp_s=0.201 lr=3.4227e-06
[Epoch 055/060] batch 0060/0744 loss=7.5252 det=7.4658 box=1.0350 cls=0.9047 dfl=0.0035 mard=1.9188 lambda=0.0310 pseudo_boxes=27 avg_conf=0.8096 rasp_s=0.201 lr=3.4227e-06
[Epoch 055/060] batch 0080/0744 loss=6.1266 det=6.0639 box=0.9798 cls=0.5618 dfl=0.0039 mard=1.9157 lambda=0.0328 pseudo_boxes=33 avg_conf=0.8275 rasp_s=0.201 lr=3.4227e-06
[Epoch 055/060] batch 0100/0744 loss=10.2270 det=10.1619 box=1.3266 cls=1.3287 dfl=0.0042 mard=1.9180 lambda=0.0339 pseudo_boxes=40 avg_conf=0.8391 rasp_s=0.201 lr=3.4227e-06
[Epoch 055/060] batch 0120/0744 loss=5.0137 det=4.9371 box=0.7392 cls=0.5148 dfl=0.0033 mard=1.9820 lambda=0.0386 pseudo_boxes=33 avg_conf=0.8865 rasp_s=0.201 lr=3.4227e-06
[Epoch 055/060] batch 0140/0744 loss=5.8842 det=5.8219 box=0.8007 cls=0.6887 dfl=0.0030 mard=1.9724 lambda=0.0316 pseudo_boxes=47 avg_conf=0.8157 rasp_s=0.201 lr=3.4227e-06
[Epoch 055/060] batch 0160/0744 loss=4.4054 det=4.3306 box=0.5588 cls=0.5577 dfl=0.0027 mard=1.9462 lambda=0.0384 pseudo_boxes=17 avg_conf=0.8842 rasp_s=0.201 lr=3.4227e-06
[Epoch 055/060] batch 0180/0744 loss=4.3935 det=4.3277 box=0.6479 cls=0.4424 dfl=0.0026 mard=1.9172 lambda=0.0343 pseudo_boxes=29 avg_conf=0.8432 rasp_s=0.201 lr=3.4227e-06
[Epoch 055/060] batch 0200/0744 loss=6.1184 det=6.0558 box=0.7851 cls=0.7664 dfl=0.0025 mard=1.9352 lambda=0.0324 pseudo_boxes=25 avg_conf=0.8238 rasp_s=0.201 lr=3.4227e-06
[Epoch 055/060] batch 0220/0744 loss=4.3732 det=4.2970 box=0.6876 cls=0.4111 dfl=0.0034 mard=1.9508 lambda=0.0391 pseudo_boxes=36 avg_conf=0.8908 rasp_s=0.201 lr=3.4227e-06
[Epoch 055/060] batch 0240/0744 loss=6.6613 det=6.5899 box=0.9198 cls=0.7880 dfl=0.0034 mard=1.9205 lambda=0.0371 pseudo_boxes=39 avg_conf=0.8714 rasp_s=0.201 lr=3.4227e-06
[Epoch 055/060] batch 0260/0744 loss=7.0661 det=7.0129 box=1.0212 cls=0.7987 dfl=0.0049 mard=1.9260 lambda=0.0277 pseudo_boxes=48 avg_conf=0.7765 rasp_s=0.201 lr=3.4227e-06
[Epoch 055/060] batch 0280/0744 loss=7.9208 det=7.8658 box=1.1530 cls=0.8543 dfl=0.0041 mard=1.9006 lambda=0.0289 pseudo_boxes=43 avg_conf=0.7892 rasp_s=0.201 lr=3.4227e-06
[Epoch 055/060] batch 0300/0744 loss=5.8196 det=5.7585 box=0.9043 cls=0.5532 dfl=0.0033 mard=1.9053 lambda=0.0321 pseudo_boxes=58 avg_conf=0.8209 rasp_s=0.201 lr=3.4227e-06
[Epoch 055/060] batch 0320/0744 loss=7.3097 det=7.2526 box=1.0206 cls=0.8543 dfl=0.0061 mard=1.9069 lambda=0.0299 pseudo_boxes=37 avg_conf=0.7995 rasp_s=0.201 lr=3.4227e-06
[Epoch 055/060] batch 0340/0744 loss=6.2709 det=6.2007 box=1.0945 cls=1.0389 dfl=0.0049 mard=1.9145 lambda=0.0366 pseudo_boxes=26 avg_conf=0.8665 rasp_s=0.201 lr=3.4227e-06
[Epoch 055/060] batch 0360/0744 loss=5.7493 det=5.6883 box=0.8175 cls=0.6228 dfl=0.0039 mard=1.9145 lambda=0.0319 pseudo_boxes=43 avg_conf=0.8186 rasp_s=0.201 lr=3.4227e-06
[Epoch 055/060] batch 0380/0744 loss=5.8859 det=5.8200 box=0.8514 cls=0.6667 dfl=0.0029 mard=1.9512 lambda=0.0338 pseudo_boxes=37 avg_conf=0.8380 rasp_s=0.201 lr=3.4227e-06
[Epoch 055/060] batch 0400/0744 loss=6.7000 det=6.6434 box=0.9760 cls=0.7295 dfl=0.0032 mard=1.9784 lambda=0.0287 pseudo_boxes=68 avg_conf=0.7865 rasp_s=0.201 lr=3.4227e-06
[Epoch 055/060] batch 0420/0744 loss=4.5348 det=4.4624 box=0.6713 cls=0.4439 dfl=0.0033 mard=1.9209 lambda=0.0377 pseudo_boxes=33 avg_conf=0.8771 rasp_s=0.201 lr=3.4227e-06
[Epoch 055/060] batch 0440/0744 loss=6.7809 det=6.7186 box=0.9581 cls=0.7570 dfl=0.0046 mard=1.9549 lambda=0.0319 pseudo_boxes=56 avg_conf=0.8186 rasp_s=0.201 lr=3.4227e-06
[Epoch 055/060] batch 0460/0744 loss=5.6643 det=5.6042 box=0.8301 cls=0.5956 dfl=0.0031 mard=1.9088 lambda=0.0314 pseudo_boxes=40 avg_conf=0.8144 rasp_s=0.201 lr=3.4227e-06
[Epoch 055/060] batch 0480/0744 loss=5.6712 det=5.6026 box=0.7084 cls=0.7057 dfl=0.0027 mard=1.8970 lambda=0.0362 pseudo_boxes=28 avg_conf=0.8616 rasp_s=0.201 lr=3.4227e-06
[Epoch 055/060] batch 0500/0744 loss=6.3799 det=6.3161 box=0.9340 cls=0.6707 dfl=0.0033 mard=2.0047 lambda=0.0318 pseudo_boxes=38 avg_conf=0.8183 rasp_s=0.201 lr=3.4227e-06
[Epoch 055/060] batch 0520/0744 loss=4.3182 det=4.2481 box=0.5937 cls=0.4757 dfl=0.0038 mard=1.9966 lambda=0.0351 pseudo_boxes=27 avg_conf=0.8509 rasp_s=0.201 lr=3.4227e-06
[Epoch 055/060] batch 0540/0744 loss=6.4578 det=6.3979 box=0.8290 cls=0.8255 dfl=0.0030 mard=1.9863 lambda=0.0301 pseudo_boxes=38 avg_conf=0.8013 rasp_s=0.201 lr=3.4227e-06
[Epoch 055/060] batch 0560/0744 loss=5.9469 det=5.8816 box=0.8444 cls=0.6393 dfl=0.0042 mard=1.9397 lambda=0.0337 pseudo_boxes=47 avg_conf=0.8371 rasp_s=0.201 lr=3.4227e-06
[Epoch 055/060] batch 0580/0744 loss=4.7121 det=4.6515 box=0.6764 cls=0.5148 dfl=0.0027 mard=1.9569 lambda=0.0310 pseudo_boxes=43 avg_conf=0.8101 rasp_s=0.201 lr=3.4227e-06
[Epoch 055/060] batch 0600/0744 loss=8.3663 det=8.3083 box=1.1400 cls=0.9674 dfl=0.0072 mard=1.9576 lambda=0.0296 pseudo_boxes=31 avg_conf=0.7963 rasp_s=0.201 lr=3.4227e-06
[Epoch 055/060] batch 0620/0744 loss=5.4147 det=5.3538 box=0.8140 cls=0.5441 dfl=0.0037 mard=1.9273 lambda=0.0316 pseudo_boxes=36 avg_conf=0.8161 rasp_s=0.201 lr=3.4227e-06
[Epoch 055/060] batch 0640/0744 loss=5.0725 det=5.0065 box=0.8220 cls=0.4447 dfl=0.0026 mard=1.9081 lambda=0.0346 pseudo_boxes=46 avg_conf=0.8460 rasp_s=0.201 lr=3.4227e-06
[Epoch 055/060] batch 0660/0744 loss=6.8352 det=6.7704 box=0.7961 cls=0.9300 dfl=0.0038 mard=1.9117 lambda=0.0339 pseudo_boxes=36 avg_conf=0.8387 rasp_s=0.201 lr=3.4227e-06
[Epoch 055/060] batch 0680/0744 loss=8.3421 det=8.2766 box=1.0125 cls=1.1174 dfl=0.0043 mard=1.9208 lambda=0.0341 pseudo_boxes=44 avg_conf=0.8411 rasp_s=0.201 lr=3.4227e-06
[Epoch 055/060] batch 0700/0744 loss=5.7760 det=5.7144 box=0.8856 cls=0.5601 dfl=0.0033 mard=1.8954 lambda=0.0325 pseudo_boxes=53 avg_conf=0.8253 rasp_s=0.201 lr=3.4227e-06
[Epoch 055/060] batch 0720/0744 loss=4.2713 det=4.2066 box=0.5504 cls=0.5026 dfl=0.0041 mard=1.9148 lambda=0.0338 pseudo_boxes=22 avg_conf=0.8379 rasp_s=0.201 lr=3.4227e-06
[Epoch 055/060] batch 0740/0744 loss=5.2834 det=5.2122 box=0.7013 cls=0.6551 dfl=0.0031 mard=1.9105 lambda=0.0373 pseudo_boxes=37 avg_conf=0.8726 rasp_s=0.201 lr=3.4227e-06
[Epoch 055/060] batch 0744/0744 loss=4.3247 det=4.2503 box=0.7363 cls=0.7390 dfl=0.0050 mard=1.9353 lambda=0.0384 pseudo_boxes=14 avg_conf=0.8844 rasp_s=0.201 lr=3.4227e-06
[Epoch 055/060] done time=269.4s valid=744 skipped=0 pseudo_boxes=28052 loss=6.4140 det=6.3490 mard=1.9364 conf=0.8333 RASP(status=no_safe_knee, s=0.201, new_packs=0, knee=0/2)
[Epoch 55] saved latent=yolo26_rasp_latent_epoch_55.pt state=rasp_training_state_epoch_55.pt
[Epoch 056/060] start
[Epoch 056/060] batch 0001/0744 loss=6.6073 det=6.5495 box=0.9338 cls=0.7504 dfl=0.0034 mard=1.9135 lambda=0.0302 pseudo_boxes=43 avg_conf=0.8020 rasp_s=0.201 lr=2.68667e-06
[Epoch 056/060] batch 0020/0744 loss=7.4768 det=7.4135 box=0.9933 cls=0.9026 dfl=0.0053 mard=1.9386 lambda=0.0327 pseudo_boxes=26 avg_conf=0.8265 rasp_s=0.201 lr=2.68667e-06
[Epoch 056/060] batch 0040/0744 loss=6.8305 det=6.7645 box=0.9205 cls=0.8092 dfl=0.0058 mard=1.9147 lambda=0.0345 pseudo_boxes=39 avg_conf=0.8446 rasp_s=0.201 lr=2.68667e-06
[Epoch 056/060] batch 0060/0744 loss=6.5855 det=6.5283 box=0.9595 cls=0.6950 dfl=0.0041 mard=1.8989 lambda=0.0301 pseudo_boxes=36 avg_conf=0.8008 rasp_s=0.201 lr=2.68667e-06
[Epoch 056/060] batch 0080/0744 loss=5.5555 det=5.4908 box=0.7283 cls=0.6853 dfl=0.0045 mard=1.9000 lambda=0.0340 pseudo_boxes=30 avg_conf=0.8401 rasp_s=0.201 lr=2.68667e-06
[Epoch 056/060] batch 0100/0744 loss=7.2411 det=7.1725 box=0.9916 cls=0.8819 dfl=0.0039 mard=1.9030 lambda=0.0361 pseudo_boxes=24 avg_conf=0.8606 rasp_s=0.201 lr=2.68667e-06
[Epoch 056/060] batch 0120/0744 loss=6.0695 det=6.0089 box=0.8832 cls=0.6543 dfl=0.0040 mard=1.9165 lambda=0.0316 pseudo_boxes=43 avg_conf=0.8161 rasp_s=0.201 lr=2.68667e-06
[Epoch 056/060] batch 0140/0744 loss=3.8891 det=3.8106 box=0.5664 cls=0.3858 dfl=0.0031 mard=1.9251 lambda=0.0408 pseudo_boxes=24 avg_conf=0.9078 rasp_s=0.201 lr=2.68667e-06
[Epoch 056/060] batch 0160/0744 loss=8.2368 det=8.1730 box=1.0807 cls=1.0599 dfl=0.0047 mard=1.9116 lambda=0.0334 pseudo_boxes=42 avg_conf=0.8338 rasp_s=0.201 lr=2.68667e-06
[Epoch 056/060] batch 0180/0744 loss=5.8207 det=5.7510 box=0.8140 cls=0.6622 dfl=0.0033 mard=1.9201 lambda=0.0363 pseudo_boxes=32 avg_conf=0.8629 rasp_s=0.201 lr=2.68667e-06
[Epoch 056/060] batch 0200/0744 loss=7.1026 det=7.0357 box=0.9759 cls=0.8290 dfl=0.0041 mard=1.9910 lambda=0.0336 pseudo_boxes=31 avg_conf=0.8359 rasp_s=0.201 lr=2.68667e-06
[Epoch 056/060] batch 0220/0744 loss=7.4623 det=7.4134 box=1.5256 cls=1.0109 dfl=0.0044 mard=1.8996 lambda=0.0258 pseudo_boxes=33 avg_conf=0.7577 rasp_s=0.201 lr=2.68667e-06
[Epoch 056/060] batch 0240/0744 loss=6.1787 det=6.1138 box=0.9016 cls=0.6923 dfl=0.0036 mard=1.9248 lambda=0.0337 pseudo_boxes=23 avg_conf=0.8369 rasp_s=0.201 lr=2.68667e-06
[Epoch 056/060] batch 0260/0744 loss=6.1128 det=6.0469 box=0.8404 cls=0.7063 dfl=0.0027 mard=1.9101 lambda=0.0345 pseudo_boxes=32 avg_conf=0.8450 rasp_s=0.201 lr=2.68667e-06
[Epoch 056/060] batch 0280/0744 loss=5.7568 det=5.6873 box=0.7927 cls=0.6494 dfl=0.0035 mard=1.9897 lambda=0.0350 pseudo_boxes=31 avg_conf=0.8496 rasp_s=0.201 lr=2.68667e-06
[Epoch 056/060] batch 0300/0744 loss=7.0733 det=7.0064 box=0.9600 cls=0.8748 dfl=0.0026 mard=1.9527 lambda=0.0343 pseudo_boxes=34 avg_conf=0.8431 rasp_s=0.201 lr=2.68667e-06
[Epoch 056/060] batch 0320/0744 loss=5.2337 det=5.1679 box=0.7801 cls=0.5364 dfl=0.0030 mard=1.8969 lambda=0.0347 pseudo_boxes=29 avg_conf=0.8466 rasp_s=0.201 lr=2.68667e-06
[Epoch 056/060] batch 0340/0744 loss=5.3977 det=5.3243 box=0.7642 cls=0.5998 dfl=0.0048 mard=1.9630 lambda=0.0374 pseudo_boxes=34 avg_conf=0.8740 rasp_s=0.201 lr=2.68667e-06
[Epoch 056/060] batch 0360/0744 loss=6.8563 det=6.8037 box=1.0411 cls=0.6686 dfl=0.0037 mard=1.9813 lambda=0.0265 pseudo_boxes=35 avg_conf=0.7652 rasp_s=0.201 lr=2.68667e-06
[Epoch 056/060] batch 0380/0744 loss=4.9025 det=4.8408 box=0.7581 cls=0.4606 dfl=0.0032 mard=1.8974 lambda=0.0325 pseudo_boxes=50 avg_conf=0.8249 rasp_s=0.201 lr=2.68667e-06
[Epoch 056/060] batch 0400/0744 loss=6.0328 det=5.9667 box=0.9088 cls=0.6057 dfl=0.0059 mard=1.9161 lambda=0.0345 pseudo_boxes=41 avg_conf=0.8452 rasp_s=0.201 lr=2.68667e-06
[Epoch 056/060] batch 0420/0744 loss=5.6608 det=5.5939 box=0.8003 cls=0.6032 dfl=0.0037 mard=1.8956 lambda=0.0353 pseudo_boxes=37 avg_conf=0.8529 rasp_s=0.201 lr=2.68667e-06
[Epoch 056/060] batch 0440/0744 loss=7.7267 det=7.6697 box=1.0960 cls=0.9022 dfl=0.0042 mard=1.9118 lambda=0.0298 pseudo_boxes=51 avg_conf=0.7985 rasp_s=0.201 lr=2.68667e-06
[Epoch 056/060] batch 0460/0744 loss=6.1551 det=6.0868 box=0.8414 cls=0.7079 dfl=0.0036 mard=1.9158 lambda=0.0356 pseudo_boxes=38 avg_conf=0.8564 rasp_s=0.201 lr=2.68667e-06
[Epoch 056/060] batch 0480/0744 loss=6.8483 det=6.7744 box=0.9336 cls=0.7837 dfl=0.0048 mard=1.9670 lambda=0.0375 pseudo_boxes=54 avg_conf=0.8754 rasp_s=0.201 lr=2.68667e-06
[Epoch 056/060] batch 0500/0744 loss=6.9094 det=6.8425 box=0.9937 cls=0.7685 dfl=0.0035 mard=1.9078 lambda=0.0351 pseudo_boxes=46 avg_conf=0.8506 rasp_s=0.201 lr=2.68667e-06
[Epoch 056/060] batch 0520/0744 loss=7.6418 det=7.5753 box=1.0520 cls=0.9041 dfl=0.0046 mard=1.9198 lambda=0.0347 pseudo_boxes=33 avg_conf=0.8465 rasp_s=0.201 lr=2.68667e-06
[Epoch 056/060] batch 0540/0744 loss=7.7641 det=7.7015 box=1.2367 cls=0.7203 dfl=0.0042 mard=1.9191 lambda=0.0326 pseudo_boxes=45 avg_conf=0.8264 rasp_s=0.201 lr=2.68667e-06
[Epoch 056/060] batch 0560/0744 loss=5.5464 det=5.4799 box=0.8030 cls=0.5921 dfl=0.0036 mard=1.9476 lambda=0.0341 pseudo_boxes=45 avg_conf=0.8415 rasp_s=0.201 lr=2.68667e-06
[Epoch 056/060] batch 0580/0744 loss=8.2098 det=8.1535 box=1.2231 cls=0.8906 dfl=0.0039 mard=1.9806 lambda=0.0285 pseudo_boxes=45 avg_conf=0.7846 rasp_s=0.201 lr=2.68667e-06
[Epoch 056/060] batch 0600/0744 loss=5.5256 det=5.4577 box=0.8019 cls=0.5890 dfl=0.0042 mard=1.9767 lambda=0.0343 pseudo_boxes=42 avg_conf=0.8435 rasp_s=0.201 lr=2.68667e-06
[Epoch 056/060] batch 0620/0744 loss=5.6869 det=5.6184 box=0.7384 cls=0.7187 dfl=0.0027 mard=1.9802 lambda=0.0346 pseudo_boxes=26 avg_conf=0.8458 rasp_s=0.201 lr=2.68667e-06
[Epoch 056/060] batch 0640/0744 loss=6.9624 det=6.8937 box=1.3993 cls=0.9662 dfl=0.0057 mard=2.0230 lambda=0.0339 pseudo_boxes=30 avg_conf=0.8394 rasp_s=0.201 lr=2.68667e-06
[Epoch 056/060] batch 0660/0744 loss=6.5553 det=6.4927 box=0.8589 cls=0.8090 dfl=0.0033 mard=1.9404 lambda=0.0323 pseudo_boxes=52 avg_conf=0.8229 rasp_s=0.201 lr=2.68667e-06
[Epoch 056/060] batch 0680/0744 loss=4.4840 det=4.4235 box=0.8988 cls=0.5896 dfl=0.0031 mard=1.8942 lambda=0.0319 pseudo_boxes=34 avg_conf=0.8192 rasp_s=0.201 lr=2.68667e-06
[Epoch 056/060] batch 0700/0744 loss=9.4955 det=9.4351 box=1.1913 cls=1.2264 dfl=0.0042 mard=1.9053 lambda=0.0317 pseudo_boxes=33 avg_conf=0.8170 rasp_s=0.201 lr=2.68667e-06
[Epoch 056/060] batch 0720/0744 loss=8.1317 det=8.0733 box=1.1939 cls=0.8577 dfl=0.0053 mard=1.9133 lambda=0.0305 pseudo_boxes=44 avg_conf=0.8053 rasp_s=0.201 lr=2.68667e-06
[Epoch 056/060] batch 0740/0744 loss=8.0248 det=7.9627 box=1.2455 cls=0.7852 dfl=0.0046 mard=1.8999 lambda=0.0327 pseudo_boxes=66 avg_conf=0.8269 rasp_s=0.201 lr=2.68667e-06
[Epoch 056/060] batch 0744/0744 loss=4.1043 det=4.0462 box=0.7445 cls=0.6377 dfl=0.0038 mard=1.9217 lambda=0.0302 pseudo_boxes=28 avg_conf=0.8022 rasp_s=0.201 lr=2.68667e-06
[Epoch 056/060] done time=269.3s valid=744 skipped=0 pseudo_boxes=28045 loss=6.3821 det=6.3169 mard=1.9339 conf=0.8336 RASP(status=no_safe_knee, s=0.201, new_packs=0, knee=0/2)
[Epoch 057/060] start
[Epoch 057/060] batch 0001/0744 loss=8.1787 det=8.1181 box=1.0991 cls=1.0091 dfl=0.0040 mard=1.9648 lambda=0.0308 pseudo_boxes=14 avg_conf=0.8081 rasp_s=0.201 lr=2.08169e-06
[Epoch 057/060] batch 0020/0744 loss=2.7835 det=2.7126 box=0.5728 cls=0.3184 dfl=0.0034 mard=1.9124 lambda=0.0371 pseudo_boxes=22 avg_conf=0.8708 rasp_s=0.201 lr=2.08169e-06
[Epoch 057/060] batch 0040/0744 loss=5.7210 det=5.6620 box=0.8553 cls=0.5846 dfl=0.0027 mard=1.9001 lambda=0.0310 pseudo_boxes=45 avg_conf=0.8102 rasp_s=0.201 lr=2.08169e-06
[Epoch 057/060] batch 0060/0744 loss=4.9445 det=4.8801 box=0.7307 cls=0.5048 dfl=0.0030 mard=1.8971 lambda=0.0339 pseudo_boxes=57 avg_conf=0.8394 rasp_s=0.201 lr=2.08169e-06
[Epoch 057/060] batch 0080/0744 loss=4.1583 det=4.0891 box=0.6334 cls=0.3986 dfl=0.0026 mard=2.0127 lambda=0.0344 pseudo_boxes=40 avg_conf=0.8440 rasp_s=0.201 lr=2.08169e-06
[Epoch 057/060] batch 0100/0744 loss=8.4801 det=8.4143 box=1.2109 cls=0.9590 dfl=0.0050 mard=1.9385 lambda=0.0340 pseudo_boxes=40 avg_conf=0.8395 rasp_s=0.201 lr=2.08169e-06
[Epoch 057/060] batch 0120/0744 loss=9.5818 det=9.5232 box=1.3297 cls=1.1378 dfl=0.0056 mard=1.8995 lambda=0.0308 pseudo_boxes=47 avg_conf=0.8081 rasp_s=0.201 lr=2.08169e-06
[Epoch 057/060] batch 0140/0744 loss=7.8093 det=7.7465 box=1.1497 cls=0.8308 dfl=0.0044 mard=1.9036 lambda=0.0330 pseudo_boxes=33 avg_conf=0.8298 rasp_s=0.201 lr=2.08169e-06
[Epoch 057/060] batch 0160/0744 loss=6.3949 det=6.3244 box=0.9644 cls=0.6381 dfl=0.0043 mard=1.9062 lambda=0.0370 pseudo_boxes=33 avg_conf=0.8697 rasp_s=0.201 lr=2.08169e-06
[Epoch 057/060] batch 0180/0744 loss=6.0395 det=5.9713 box=0.6968 cls=0.8128 dfl=0.0028 mard=1.9930 lambda=0.0342 pseudo_boxes=21 avg_conf=0.8424 rasp_s=0.201 lr=2.08169e-06
[Epoch 057/060] batch 0200/0744 loss=6.0505 det=5.9862 box=0.8278 cls=0.6868 dfl=0.0035 mard=2.0064 lambda=0.0320 pseudo_boxes=48 avg_conf=0.8205 rasp_s=0.201 lr=2.08169e-06
[Epoch 057/060] batch 0220/0744 loss=8.3393 det=8.2791 box=1.1472 cls=0.9628 dfl=0.0039 mard=1.9088 lambda=0.0316 pseudo_boxes=55 avg_conf=0.8158 rasp_s=0.201 lr=2.08169e-06
[Epoch 057/060] batch 0240/0744 loss=6.0035 det=5.9353 box=0.7833 cls=0.7400 dfl=0.0035 mard=1.9670 lambda=0.0347 pseudo_boxes=34 avg_conf=0.8468 rasp_s=0.201 lr=2.08169e-06
[Epoch 057/060] batch 0260/0744 loss=5.8798 det=5.8099 box=0.8971 cls=0.5697 dfl=0.0034 mard=1.9903 lambda=0.0351 pseudo_boxes=32 avg_conf=0.8513 rasp_s=0.201 lr=2.08169e-06
[Epoch 057/060] batch 0280/0744 loss=6.2033 det=6.1384 box=0.9416 cls=0.6049 dfl=0.0033 mard=1.9947 lambda=0.0325 pseudo_boxes=41 avg_conf=0.8252 rasp_s=0.201 lr=2.08169e-06
[Epoch 057/060] batch 0300/0744 loss=7.8283 det=7.7621 box=1.1045 cls=0.8868 dfl=0.0040 mard=1.9240 lambda=0.0344 pseudo_boxes=49 avg_conf=0.8443 rasp_s=0.201 lr=2.08169e-06
[Epoch 057/060] batch 0320/0744 loss=5.2741 det=5.2116 box=0.7099 cls=0.6282 dfl=0.0020 mard=1.9192 lambda=0.0326 pseudo_boxes=25 avg_conf=0.8260 rasp_s=0.201 lr=2.08169e-06
[Epoch 057/060] batch 0340/0744 loss=7.3913 det=7.3204 box=1.0744 cls=0.7852 dfl=0.0044 mard=1.9284 lambda=0.0367 pseudo_boxes=17 avg_conf=0.8672 rasp_s=0.201 lr=2.08169e-06
[Epoch 057/060] batch 0360/0744 loss=5.5108 det=5.4371 box=0.9221 cls=0.4567 dfl=0.0036 mard=1.9686 lambda=0.0375 pseudo_boxes=26 avg_conf=0.8746 rasp_s=0.201 lr=2.08169e-06
[Epoch 057/060] batch 0380/0744 loss=6.2110 det=6.1418 box=0.8536 cls=0.7289 dfl=0.0034 mard=2.0077 lambda=0.0345 pseudo_boxes=30 avg_conf=0.8447 rasp_s=0.201 lr=2.08169e-06
[Epoch 057/060] batch 0400/0744 loss=7.3610 det=7.2962 box=1.1749 cls=0.6790 dfl=0.0045 mard=1.9286 lambda=0.0336 pseudo_boxes=40 avg_conf=0.8357 rasp_s=0.201 lr=2.08169e-06
[Epoch 057/060] batch 0420/0744 loss=4.5305 det=4.4589 box=0.6479 cls=0.4893 dfl=0.0030 mard=1.9126 lambda=0.0374 pseudo_boxes=32 avg_conf=0.8743 rasp_s=0.201 lr=2.08169e-06
[Epoch 057/060] batch 0440/0744 loss=7.6224 det=7.5623 box=1.1285 cls=0.8178 dfl=0.0040 mard=1.9097 lambda=0.0315 pseudo_boxes=44 avg_conf=0.8151 rasp_s=0.201 lr=2.08169e-06
[Epoch 057/060] batch 0460/0744 loss=6.3489 det=6.2843 box=0.8705 cls=0.7239 dfl=0.0039 mard=1.9661 lambda=0.0329 pseudo_boxes=54 avg_conf=0.8285 rasp_s=0.201 lr=2.08169e-06
[Epoch 057/060] batch 0480/0744 loss=6.8184 det=6.7527 box=0.9834 cls=0.7358 dfl=0.0044 mard=1.9074 lambda=0.0345 pseudo_boxes=44 avg_conf=0.8447 rasp_s=0.201 lr=2.08169e-06
[Epoch 057/060] batch 0500/0744 loss=5.9533 det=5.8858 box=0.9708 cls=0.5299 dfl=0.0032 mard=1.9038 lambda=0.0355 pseudo_boxes=35 avg_conf=0.8548 rasp_s=0.201 lr=2.08169e-06
[Epoch 057/060] batch 0520/0744 loss=6.1765 det=6.1178 box=0.9074 cls=0.6634 dfl=0.0047 mard=1.9678 lambda=0.0298 pseudo_boxes=26 avg_conf=0.7985 rasp_s=0.201 lr=2.08169e-06
[Epoch 057/060] batch 0540/0744 loss=6.8687 det=6.8052 box=0.9852 cls=0.7567 dfl=0.0043 mard=1.9618 lambda=0.0324 pseudo_boxes=37 avg_conf=0.8237 rasp_s=0.201 lr=2.08169e-06
[Epoch 057/060] batch 0560/0744 loss=6.4167 det=6.3478 box=0.9599 cls=0.6480 dfl=0.0030 mard=1.9698 lambda=0.0350 pseudo_boxes=36 avg_conf=0.8497 rasp_s=0.201 lr=2.08169e-06
[Epoch 057/060] batch 0580/0744 loss=4.5300 det=4.4650 box=0.7050 cls=0.4194 dfl=0.0028 mard=1.9142 lambda=0.0340 pseudo_boxes=66 avg_conf=0.8395 rasp_s=0.201 lr=2.08169e-06
[Epoch 057/060] batch 0600/0744 loss=4.6836 det=4.6078 box=0.7502 cls=0.4037 dfl=0.0040 mard=1.9179 lambda=0.0395 pseudo_boxes=26 avg_conf=0.8955 rasp_s=0.201 lr=2.08169e-06
[Epoch 057/060] batch 0620/0744 loss=7.5877 det=7.5224 box=1.0496 cls=0.8812 dfl=0.0042 mard=1.9082 lambda=0.0342 pseudo_boxes=45 avg_conf=0.8422 rasp_s=0.201 lr=2.08169e-06
[Epoch 057/060] batch 0640/0744 loss=5.0521 det=4.9825 box=0.7303 cls=0.5276 dfl=0.0036 mard=1.9027 lambda=0.0366 pseudo_boxes=40 avg_conf=0.8659 rasp_s=0.201 lr=2.08169e-06
[Epoch 057/060] batch 0660/0744 loss=9.3280 det=9.2669 box=1.3188 cls=1.1097 dfl=0.0057 mard=1.9707 lambda=0.0310 pseudo_boxes=19 avg_conf=0.8099 rasp_s=0.201 lr=2.08169e-06
[Epoch 057/060] batch 0680/0744 loss=5.6532 det=5.5870 box=0.8758 cls=0.5354 dfl=0.0032 mard=1.9033 lambda=0.0348 pseudo_boxes=39 avg_conf=0.8476 rasp_s=0.201 lr=2.08169e-06
[Epoch 057/060] batch 0700/0744 loss=6.4849 det=6.4220 box=0.9328 cls=0.7049 dfl=0.0034 mard=1.9261 lambda=0.0327 pseudo_boxes=39 avg_conf=0.8267 rasp_s=0.201 lr=2.08169e-06
[Epoch 057/060] batch 0720/0744 loss=7.0195 det=6.9509 box=0.9875 cls=0.7963 dfl=0.0042 mard=1.9057 lambda=0.0360 pseudo_boxes=38 avg_conf=0.8600 rasp_s=0.201 lr=2.08169e-06
[Epoch 057/060] batch 0740/0744 loss=10.4108 det=10.3553 box=1.4465 cls=1.2344 dfl=0.0044 mard=1.9529 lambda=0.0284 pseudo_boxes=40 avg_conf=0.7840 rasp_s=0.201 lr=2.08169e-06
[Epoch 057/060] batch 0744/0744 loss=5.3892 det=5.3270 box=1.1525 cls=0.6683 dfl=0.0033 mard=1.9142 lambda=0.0325 pseudo_boxes=27 avg_conf=0.8249 rasp_s=0.201 lr=2.08169e-06
[Epoch 057/060] done time=269.5s valid=744 skipped=0 pseudo_boxes=27983 loss=6.4420 det=6.3769 mard=1.9333 conf=0.8340 RASP(status=no_safe_knee, s=0.201, new_packs=0, knee=0/2)
[Epoch 058/060] start
[Epoch 058/060] batch 0001/0744 loss=6.8898 det=6.8238 box=0.9295 cls=0.8173 dfl=0.0038 mard=1.9028 lambda=0.0347 pseudo_boxes=33 avg_conf=0.8468 rasp_s=0.201 lr=1.60943e-06
[Epoch 058/060] batch 0020/0744 loss=7.4814 det=7.4232 box=0.9426 cls=0.9840 dfl=0.0047 mard=1.9145 lambda=0.0304 pseudo_boxes=26 avg_conf=0.8041 rasp_s=0.201 lr=1.60943e-06
[Epoch 058/060] batch 0040/0744 loss=7.9264 det=7.8594 box=1.1516 cls=0.8573 dfl=0.0063 mard=1.9143 lambda=0.0350 pseudo_boxes=40 avg_conf=0.8498 rasp_s=0.201 lr=1.60943e-06
[Epoch 058/060] batch 0060/0744 loss=7.4164 det=7.3438 box=1.0696 cls=0.8098 dfl=0.0066 mard=1.9443 lambda=0.0373 pseudo_boxes=53 avg_conf=0.8735 rasp_s=0.201 lr=1.60943e-06
[Epoch 058/060] batch 0080/0744 loss=7.2844 det=7.2163 box=1.0003 cls=0.8416 dfl=0.0042 mard=1.9322 lambda=0.0352 pseudo_boxes=28 avg_conf=0.8524 rasp_s=0.201 lr=1.60943e-06
[Epoch 058/060] batch 0100/0744 loss=5.3212 det=5.2546 box=1.0624 cls=0.7395 dfl=0.0042 mard=1.9084 lambda=0.0349 pseudo_boxes=44 avg_conf=0.8490 rasp_s=0.201 lr=1.60943e-06
[Epoch 058/060] batch 0120/0744 loss=5.3763 det=5.3100 box=0.8010 cls=0.5364 dfl=0.0034 mard=1.9136 lambda=0.0346 pseudo_boxes=40 avg_conf=0.8465 rasp_s=0.201 lr=1.60943e-06
[Epoch 058/060] batch 0140/0744 loss=6.8457 det=6.7800 box=1.1085 cls=0.6206 dfl=0.0059 mard=1.9105 lambda=0.0344 pseudo_boxes=42 avg_conf=0.8437 rasp_s=0.201 lr=1.60943e-06
[Epoch 058/060] batch 0160/0744 loss=5.5251 det=5.4522 box=0.7919 cls=0.6029 dfl=0.0029 mard=1.9139 lambda=0.0381 pseudo_boxes=30 avg_conf=0.8809 rasp_s=0.201 lr=1.60943e-06
[Epoch 058/060] batch 0180/0744 loss=4.6810 det=4.6235 box=0.9430 cls=0.6272 dfl=0.0028 mard=1.9089 lambda=0.0301 pseudo_boxes=25 avg_conf=0.8012 rasp_s=0.201 lr=1.60943e-06
[Epoch 058/060] batch 0200/0744 loss=8.4328 det=8.3729 box=1.1916 cls=0.9364 dfl=0.0036 mard=1.9135 lambda=0.0313 pseudo_boxes=50 avg_conf=0.8130 rasp_s=0.201 lr=1.60943e-06
[Epoch 058/060] batch 0220/0744 loss=6.5445 det=6.4878 box=0.8067 cls=0.8722 dfl=0.0041 mard=1.9173 lambda=0.0295 pseudo_boxes=32 avg_conf=0.7953 rasp_s=0.201 lr=1.60943e-06
[Epoch 058/060] batch 0240/0744 loss=5.9210 det=5.8527 box=0.8782 cls=0.5983 dfl=0.0033 mard=1.9118 lambda=0.0357 pseudo_boxes=28 avg_conf=0.8572 rasp_s=0.201 lr=1.60943e-06
[Epoch 058/060] batch 0260/0744 loss=7.6704 det=7.6101 box=1.1645 cls=0.7736 dfl=0.0051 mard=1.9140 lambda=0.0315 pseudo_boxes=49 avg_conf=0.8151 rasp_s=0.201 lr=1.60943e-06
[Epoch 058/060] batch 0280/0744 loss=4.9349 det=4.8677 box=0.6893 cls=0.5419 dfl=0.0030 mard=1.9819 lambda=0.0339 pseudo_boxes=29 avg_conf=0.8390 rasp_s=0.201 lr=1.60943e-06
[Epoch 058/060] batch 0300/0744 loss=6.0814 det=6.0238 box=0.9084 cls=0.6056 dfl=0.0029 mard=1.9200 lambda=0.0300 pseudo_boxes=53 avg_conf=0.8000 rasp_s=0.201 lr=1.60943e-06
[Epoch 058/060] batch 0320/0744 loss=5.8514 det=5.7852 box=0.8219 cls=0.6497 dfl=0.0027 mard=1.9042 lambda=0.0347 pseudo_boxes=57 avg_conf=0.8475 rasp_s=0.201 lr=1.60943e-06
[Epoch 058/060] batch 0340/0744 loss=5.7535 det=5.6926 box=0.8057 cls=0.6308 dfl=0.0041 mard=1.9331 lambda=0.0315 pseudo_boxes=37 avg_conf=0.8154 rasp_s=0.201 lr=1.60943e-06
[Epoch 058/060] batch 0360/0744 loss=9.3097 det=9.2469 box=1.2891 cls=1.0458 dfl=0.0049 mard=1.9263 lambda=0.0326 pseudo_boxes=21 avg_conf=0.8264 rasp_s=0.201 lr=1.60943e-06
[Epoch 058/060] batch 0380/0744 loss=5.4181 det=5.3560 box=0.7922 cls=0.5769 dfl=0.0049 mard=1.9081 lambda=0.0326 pseudo_boxes=29 avg_conf=0.8258 rasp_s=0.201 lr=1.60943e-06
[Epoch 058/060] batch 0400/0744 loss=6.1448 det=6.0813 box=0.9378 cls=0.5897 dfl=0.0066 mard=1.9246 lambda=0.0330 pseudo_boxes=34 avg_conf=0.8298 rasp_s=0.201 lr=1.60943e-06
[Epoch 058/060] batch 0420/0744 loss=9.5087 det=9.4545 box=1.1494 cls=1.2477 dfl=0.0037 mard=1.9082 lambda=0.0284 pseudo_boxes=38 avg_conf=0.7840 rasp_s=0.201 lr=1.60943e-06
[Epoch 058/060] batch 0440/0744 loss=5.5493 det=5.4839 box=0.7849 cls=0.6205 dfl=0.0040 mard=1.9061 lambda=0.0343 pseudo_boxes=31 avg_conf=0.8431 rasp_s=0.201 lr=1.60943e-06
[Epoch 058/060] batch 0460/0744 loss=8.8011 det=8.7374 box=1.2098 cls=1.0379 dfl=0.0041 mard=1.9160 lambda=0.0333 pseudo_boxes=45 avg_conf=0.8325 rasp_s=0.201 lr=1.60943e-06
[Epoch 058/060] batch 0480/0744 loss=3.8271 det=3.7557 box=0.6243 cls=0.3127 dfl=0.0030 mard=1.9191 lambda=0.0372 pseudo_boxes=18 avg_conf=0.8722 rasp_s=0.201 lr=1.60943e-06
[Epoch 058/060] batch 0500/0744 loss=8.9719 det=8.9101 box=1.1918 cls=1.0934 dfl=0.0048 mard=1.9164 lambda=0.0323 pseudo_boxes=39 avg_conf=0.8226 rasp_s=0.201 lr=1.60943e-06
[Epoch 058/060] batch 0520/0744 loss=4.2388 det=4.1681 box=0.8014 cls=0.6014 dfl=0.0038 mard=1.9216 lambda=0.0368 pseudo_boxes=10 avg_conf=0.8679 rasp_s=0.201 lr=1.60943e-06
[Epoch 058/060] batch 0540/0744 loss=8.0474 det=7.9889 box=1.2356 cls=0.7900 dfl=0.0061 mard=1.9044 lambda=0.0307 pseudo_boxes=43 avg_conf=0.8072 rasp_s=0.201 lr=1.60943e-06
[Epoch 058/060] batch 0560/0744 loss=7.9124 det=7.8495 box=1.0909 cls=0.9413 dfl=0.0050 mard=1.9228 lambda=0.0327 pseudo_boxes=48 avg_conf=0.8270 rasp_s=0.201 lr=1.60943e-06
[Epoch 058/060] batch 0580/0744 loss=6.7012 det=6.6305 box=0.9770 cls=0.7074 dfl=0.0037 mard=1.9674 lambda=0.0360 pseudo_boxes=36 avg_conf=0.8596 rasp_s=0.201 lr=1.60943e-06
[Epoch 058/060] batch 0600/0744 loss=9.5988 det=9.5375 box=1.3955 cls=1.0460 dfl=0.0058 mard=1.9590 lambda=0.0313 pseudo_boxes=40 avg_conf=0.8130 rasp_s=0.201 lr=1.60943e-06
[Epoch 058/060] batch 0620/0744 loss=3.6914 det=3.6192 box=0.5639 cls=0.3417 dfl=0.0031 mard=1.9108 lambda=0.0378 pseudo_boxes=26 avg_conf=0.8782 rasp_s=0.201 lr=1.60943e-06
[Epoch 058/060] batch 0640/0744 loss=5.7729 det=5.7010 box=0.8408 cls=0.5954 dfl=0.0051 mard=1.9050 lambda=0.0378 pseudo_boxes=47 avg_conf=0.8775 rasp_s=0.201 lr=1.60943e-06
[Epoch 058/060] batch 0660/0744 loss=4.6812 det=4.6266 box=0.6693 cls=0.5021 dfl=0.0030 mard=1.9272 lambda=0.0283 pseudo_boxes=18 avg_conf=0.7831 rasp_s=0.201 lr=1.60943e-06
[Epoch 058/060] batch 0680/0744 loss=4.2110 det=4.1423 box=0.6524 cls=0.3840 dfl=0.0030 mard=1.9097 lambda=0.0360 pseudo_boxes=39 avg_conf=0.8598 rasp_s=0.201 lr=1.60943e-06
[Epoch 058/060] batch 0700/0744 loss=6.5377 det=6.4730 box=0.9426 cls=0.7043 dfl=0.0039 mard=1.9420 lambda=0.0333 pseudo_boxes=35 avg_conf=0.8335 rasp_s=0.201 lr=1.60943e-06
[Epoch 058/060] batch 0720/0744 loss=7.2790 det=7.2290 box=1.1814 cls=0.6371 dfl=0.0034 mard=1.9168 lambda=0.0261 pseudo_boxes=51 avg_conf=0.7612 rasp_s=0.201 lr=1.60943e-06
[Epoch 058/060] batch 0740/0744 loss=3.8912 det=3.8213 box=0.6189 cls=0.3506 dfl=0.0044 mard=1.9923 lambda=0.0351 pseudo_boxes=28 avg_conf=0.8507 rasp_s=0.201 lr=1.60943e-06
[Epoch 058/060] batch 0744/0744 loss=4.6883 det=4.6251 box=0.9474 cls=0.6334 dfl=0.0033 mard=1.9131 lambda=0.0330 pseudo_boxes=36 avg_conf=0.8304 rasp_s=0.201 lr=1.60943e-06
[Epoch 058/060] done time=269.4s valid=744 skipped=0 pseudo_boxes=28059 loss=6.4239 det=6.3591 mard=1.9316 conf=0.8330 RASP(status=no_safe_knee, s=0.201, new_packs=0, knee=0/2)
[Epoch 059/060] start
[Epoch 059/060] batch 0001/0744 loss=8.6990 det=8.6380 box=1.0651 cls=1.1315 dfl=0.0032 mard=1.9131 lambda=0.0319 pseudo_boxes=38 avg_conf=0.8192 rasp_s=0.201 lr=1.27117e-06
[Epoch 059/060] batch 0020/0744 loss=5.1381 det=5.0677 box=0.6670 cls=0.6097 dfl=0.0022 mard=1.9199 lambda=0.0366 pseudo_boxes=16 avg_conf=0.8665 rasp_s=0.201 lr=1.27117e-06
[Epoch 059/060] batch 0040/0744 loss=6.5120 det=6.4473 box=0.9040 cls=0.7461 dfl=0.0045 mard=1.9136 lambda=0.0338 pseudo_boxes=36 avg_conf=0.8380 rasp_s=0.201 lr=1.27117e-06
[Epoch 059/060] batch 0060/0744 loss=6.7962 det=6.7414 box=1.0145 cls=0.6904 dfl=0.0033 mard=1.9117 lambda=0.0286 pseudo_boxes=61 avg_conf=0.7862 rasp_s=0.201 lr=1.27117e-06
[Epoch 059/060] batch 0080/0744 loss=5.3066 det=5.2426 box=0.7504 cls=0.5668 dfl=0.0035 mard=1.9092 lambda=0.0335 pseudo_boxes=41 avg_conf=0.8352 rasp_s=0.201 lr=1.27117e-06
[Epoch 059/060] batch 0100/0744 loss=10.3627 det=10.2899 box=1.2731 cls=1.3525 dfl=0.0065 mard=2.0012 lambda=0.0364 pseudo_boxes=32 avg_conf=0.8638 rasp_s=0.201 lr=1.27117e-06
[Epoch 059/060] batch 0120/0744 loss=6.3150 det=6.2468 box=0.9388 cls=0.6377 dfl=0.0029 mard=1.9004 lambda=0.0359 pseudo_boxes=32 avg_conf=0.8589 rasp_s=0.201 lr=1.27117e-06
[Epoch 059/060] batch 0140/0744 loss=6.9649 det=6.8975 box=0.9970 cls=0.7593 dfl=0.0042 mard=1.9185 lambda=0.0351 pseudo_boxes=34 avg_conf=0.8512 rasp_s=0.201 lr=1.27117e-06
[Epoch 059/060] batch 0160/0744 loss=4.4543 det=4.3871 box=0.5644 cls=0.5412 dfl=0.0025 mard=1.9334 lambda=0.0348 pseudo_boxes=26 avg_conf=0.8479 rasp_s=0.201 lr=1.27117e-06
[Epoch 059/060] batch 0180/0744 loss=6.7107 det=6.6451 box=1.0478 cls=0.6301 dfl=0.0035 mard=1.9822 lambda=0.0331 pseudo_boxes=56 avg_conf=0.8313 rasp_s=0.201 lr=1.27117e-06
[Epoch 059/060] batch 0200/0744 loss=5.2321 det=5.1672 box=0.8664 cls=0.4591 dfl=0.0026 mard=2.0222 lambda=0.0321 pseudo_boxes=28 avg_conf=0.8208 rasp_s=0.201 lr=1.27117e-06
[Epoch 059/060] batch 0220/0744 loss=4.3369 det=4.2660 box=0.6713 cls=0.3964 dfl=0.0025 mard=1.9801 lambda=0.0358 pseudo_boxes=27 avg_conf=0.8582 rasp_s=0.201 lr=1.27117e-06
[Epoch 059/060] batch 0240/0744 loss=7.3553 det=7.2876 box=1.0968 cls=0.7613 dfl=0.0043 mard=1.9239 lambda=0.0352 pseudo_boxes=23 avg_conf=0.8519 rasp_s=0.201 lr=1.27117e-06
[Epoch 059/060] batch 0260/0744 loss=7.3798 det=7.3164 box=0.9416 cls=0.9396 dfl=0.0069 mard=1.9217 lambda=0.0330 pseudo_boxes=27 avg_conf=0.8300 rasp_s=0.201 lr=1.27117e-06
[Epoch 059/060] batch 0280/0744 loss=5.8389 det=5.7788 box=0.8343 cls=0.6370 dfl=0.0028 mard=1.9783 lambda=0.0304 pseudo_boxes=50 avg_conf=0.8040 rasp_s=0.201 lr=1.27117e-06
[Epoch 059/060] batch 0300/0744 loss=7.1662 det=7.1078 box=1.0191 cls=0.7860 dfl=0.0035 mard=1.8946 lambda=0.0308 pseudo_boxes=43 avg_conf=0.8079 rasp_s=0.201 lr=1.27117e-06
[Epoch 059/060] batch 0320/0744 loss=4.0891 det=4.0153 box=0.6362 cls=0.3674 dfl=0.0031 mard=1.9859 lambda=0.0372 pseudo_boxes=34 avg_conf=0.8720 rasp_s=0.201 lr=1.27117e-06
[Epoch 059/060] batch 0340/0744 loss=6.0711 det=5.9943 box=0.8663 cls=0.6455 dfl=0.0040 mard=1.9758 lambda=0.0389 pseudo_boxes=41 avg_conf=0.8886 rasp_s=0.201 lr=1.27117e-06
[Epoch 059/060] batch 0360/0744 loss=4.3625 det=4.2947 box=0.7161 cls=0.3655 dfl=0.0031 mard=1.9130 lambda=0.0355 pseudo_boxes=26 avg_conf=0.8545 rasp_s=0.201 lr=1.27117e-06
[Epoch 059/060] batch 0380/0744 loss=8.3580 det=8.2989 box=1.2603 cls=0.8464 dfl=0.0045 mard=1.8957 lambda=0.0312 pseudo_boxes=54 avg_conf=0.8118 rasp_s=0.201 lr=1.27117e-06
[Epoch 059/060] batch 0400/0744 loss=9.6498 det=9.5928 box=1.2869 cls=1.1836 dfl=0.0078 mard=2.0041 lambda=0.0285 pseudo_boxes=23 avg_conf=0.7847 rasp_s=0.201 lr=1.27117e-06
[Epoch 059/060] batch 0420/0744 loss=5.5683 det=5.4992 box=0.7934 cls=0.6043 dfl=0.0030 mard=1.9647 lambda=0.0352 pseudo_boxes=40 avg_conf=0.8519 rasp_s=0.201 lr=1.27117e-06
[Epoch 059/060] batch 0440/0744 loss=6.1207 det=6.0650 box=0.8929 cls=0.6339 dfl=0.0032 mard=1.9043 lambda=0.0293 pseudo_boxes=55 avg_conf=0.7926 rasp_s=0.201 lr=1.27117e-06
[Epoch 059/060] batch 0460/0744 loss=7.6481 det=7.5864 box=1.0530 cls=0.8670 dfl=0.0043 mard=1.9035 lambda=0.0324 pseudo_boxes=45 avg_conf=0.8242 rasp_s=0.201 lr=1.27117e-06
[Epoch 059/060] batch 0480/0744 loss=9.3035 det=9.2424 box=1.1545 cls=1.2352 dfl=0.0047 mard=1.9137 lambda=0.0319 pseudo_boxes=46 avg_conf=0.8190 rasp_s=0.201 lr=1.27117e-06
[Epoch 059/060] batch 0500/0744 loss=7.1537 det=7.0935 box=1.1624 cls=0.6274 dfl=0.0041 mard=1.9698 lambda=0.0306 pseudo_boxes=54 avg_conf=0.8057 rasp_s=0.201 lr=1.27117e-06
[Epoch 059/060] batch 0520/0744 loss=6.2789 det=6.2068 box=0.8031 cls=0.7853 dfl=0.0037 mard=1.9166 lambda=0.0376 pseudo_boxes=38 avg_conf=0.8761 rasp_s=0.201 lr=1.27117e-06
[Epoch 059/060] batch 0540/0744 loss=7.4829 det=7.4191 box=1.1266 cls=0.7695 dfl=0.0036 mard=1.9142 lambda=0.0334 pseudo_boxes=30 avg_conf=0.8336 rasp_s=0.201 lr=1.27117e-06
[Epoch 059/060] batch 0560/0744 loss=9.5895 det=9.5312 box=1.3378 cls=1.1142 dfl=0.0041 mard=1.9017 lambda=0.0306 pseudo_boxes=34 avg_conf=0.8062 rasp_s=0.201 lr=1.27117e-06
[Epoch 059/060] batch 0580/0744 loss=8.5976 det=8.5346 box=1.2767 cls=0.8985 dfl=0.0055 mard=1.9197 lambda=0.0328 pseudo_boxes=22 avg_conf=0.8282 rasp_s=0.201 lr=1.27117e-06
[Epoch 059/060] batch 0600/0744 loss=5.8333 det=5.7577 box=0.7880 cls=0.6772 dfl=0.0043 mard=1.9947 lambda=0.0379 pseudo_boxes=37 avg_conf=0.8792 rasp_s=0.201 lr=1.27117e-06
[Epoch 059/060] batch 0620/0744 loss=5.5700 det=5.5104 box=0.7193 cls=0.6720 dfl=0.0021 mard=1.8967 lambda=0.0314 pseudo_boxes=28 avg_conf=0.8143 rasp_s=0.201 lr=1.27117e-06
[Epoch 059/060] batch 0640/0744 loss=5.5552 det=5.4876 box=0.7948 cls=0.5978 dfl=0.0025 mard=1.9226 lambda=0.0352 pseudo_boxes=39 avg_conf=0.8517 rasp_s=0.201 lr=1.27117e-06
[Epoch 059/060] batch 0660/0744 loss=5.8646 det=5.7949 box=0.8406 cls=0.6220 dfl=0.0033 mard=1.9078 lambda=0.0366 pseudo_boxes=36 avg_conf=0.8656 rasp_s=0.201 lr=1.27117e-06
[Epoch 059/060] batch 0680/0744 loss=7.4635 det=7.4005 box=1.0434 cls=0.8475 dfl=0.0032 mard=1.9107 lambda=0.0330 pseudo_boxes=51 avg_conf=0.8298 rasp_s=0.201 lr=1.27117e-06
[Epoch 059/060] batch 0700/0744 loss=8.3873 det=8.3274 box=1.1084 cls=1.0219 dfl=0.0047 mard=1.9066 lambda=0.0314 pseudo_boxes=59 avg_conf=0.8141 rasp_s=0.201 lr=1.27117e-06
[Epoch 059/060] batch 0720/0744 loss=8.6410 det=8.5779 box=1.1431 cls=1.0300 dfl=0.0082 mard=1.9134 lambda=0.0330 pseudo_boxes=36 avg_conf=0.8296 rasp_s=0.201 lr=1.27117e-06
[Epoch 059/060] batch 0740/0744 loss=6.6852 det=6.6220 box=0.9797 cls=0.7092 dfl=0.0050 mard=1.8990 lambda=0.0333 pseudo_boxes=35 avg_conf=0.8326 rasp_s=0.201 lr=1.27117e-06
[Epoch 059/060] batch 0744/0744 loss=6.8031 det=6.7339 box=0.9248 cls=1.3655 dfl=0.0059 mard=1.9418 lambda=0.0356 pseudo_boxes=18 avg_conf=0.8563 rasp_s=0.201 lr=1.27117e-06
[Epoch 059/060] done time=269.8s valid=744 skipped=0 pseudo_boxes=28070 loss=6.4950 det=6.4300 mard=1.9349 conf=0.8330 RASP(status=no_safe_knee, s=0.201, new_packs=0, knee=0/2)
[Epoch 060/060] start
[Epoch 060/060] batch 0001/0744 loss=5.2706 det=5.2093 box=0.8210 cls=0.4939 dfl=0.0021 mard=1.8965 lambda=0.0323 pseudo_boxes=54 avg_conf=0.8232 rasp_s=0.201 lr=1.06784e-06
[Epoch 060/060] batch 0020/0744 loss=6.2405 det=6.1751 box=0.8730 cls=0.6857 dfl=0.0045 mard=1.9109 lambda=0.0342 pseudo_boxes=59 avg_conf=0.8424 rasp_s=0.201 lr=1.06784e-06
[Epoch 060/060] batch 0040/0744 loss=2.2606 det=2.1917 box=0.4282 cls=0.3019 dfl=0.0019 mard=1.9186 lambda=0.0359 pseudo_boxes=23 avg_conf=0.8594 rasp_s=0.201 lr=1.06784e-06
[Epoch 060/060] batch 0060/0744 loss=5.6183 det=5.5618 box=0.8279 cls=0.5750 dfl=0.0027 mard=1.9316 lambda=0.0293 pseudo_boxes=28 avg_conf=0.7925 rasp_s=0.201 lr=1.06784e-06
[Epoch 060/060] batch 0080/0744 loss=9.5287 det=9.4672 box=1.3071 cls=1.1083 dfl=0.0046 mard=1.9030 lambda=0.0323 pseudo_boxes=24 avg_conf=0.8230 rasp_s=0.201 lr=1.06784e-06
[Epoch 060/060] batch 0100/0744 loss=9.1668 det=9.1052 box=1.2852 cls=1.0207 dfl=0.0051 mard=1.9148 lambda=0.0322 pseudo_boxes=36 avg_conf=0.8219 rasp_s=0.201 lr=1.06784e-06
[Epoch 060/060] batch 0120/0744 loss=5.0707 det=4.9985 box=0.6570 cls=0.6018 dfl=0.0033 mard=1.9786 lambda=0.0365 pseudo_boxes=30 avg_conf=0.8648 rasp_s=0.201 lr=1.06784e-06
[Epoch 060/060] batch 0140/0744 loss=6.2636 det=6.1949 box=0.8463 cls=0.7452 dfl=0.0040 mard=1.9180 lambda=0.0358 pseudo_boxes=39 avg_conf=0.8584 rasp_s=0.201 lr=1.06784e-06
[Epoch 060/060] batch 0160/0744 loss=6.7814 det=6.7232 box=1.0734 cls=0.6188 dfl=0.0028 mard=1.9057 lambda=0.0305 pseudo_boxes=62 avg_conf=0.8051 rasp_s=0.201 lr=1.06784e-06
[Epoch 060/060] batch 0180/0744 loss=7.4476 det=7.3904 box=1.0232 cls=0.8430 dfl=0.0031 mard=1.8940 lambda=0.0302 pseudo_boxes=44 avg_conf=0.8022 rasp_s=0.201 lr=1.06784e-06
[Epoch 060/060] batch 0200/0744 loss=4.4749 det=4.4104 box=0.6966 cls=0.4059 dfl=0.0025 mard=1.9193 lambda=0.0336 pseudo_boxes=29 avg_conf=0.8361 rasp_s=0.201 lr=1.06784e-06
[Epoch 060/060] batch 0220/0744 loss=4.2623 det=4.1907 box=0.6590 cls=0.3976 dfl=0.0034 mard=1.9303 lambda=0.0371 pseudo_boxes=28 avg_conf=0.8708 rasp_s=0.201 lr=1.06784e-06
[Epoch 060/060] batch 0240/0744 loss=10.6828 det=10.6196 box=1.2853 cls=1.4056 dfl=0.0048 mard=1.9046 lambda=0.0332 pseudo_boxes=24 avg_conf=0.8318 rasp_s=0.201 lr=1.06784e-06
[Epoch 060/060] batch 0260/0744 loss=5.6200 det=5.5590 box=0.6941 cls=0.7071 dfl=0.0029 mard=1.9164 lambda=0.0318 pseudo_boxes=28 avg_conf=0.8179 rasp_s=0.201 lr=1.06784e-06
[Epoch 060/060] batch 0280/0744 loss=5.1874 det=5.1174 box=0.7523 cls=0.5394 dfl=0.0035 mard=1.9368 lambda=0.0361 pseudo_boxes=38 avg_conf=0.8614 rasp_s=0.201 lr=1.06784e-06
[Epoch 060/060] batch 0300/0744 loss=6.5315 det=6.4741 box=0.9011 cls=0.7326 dfl=0.0040 mard=1.9199 lambda=0.0299 pseudo_boxes=38 avg_conf=0.7992 rasp_s=0.201 lr=1.06784e-06
[Epoch 060/060] batch 0320/0744 loss=6.6316 det=6.5625 box=0.8096 cls=0.8717 dfl=0.0034 mard=1.9242 lambda=0.0359 pseudo_boxes=24 avg_conf=0.8586 rasp_s=0.201 lr=1.06784e-06
[Epoch 060/060] batch 0340/0744 loss=6.2038 det=6.1363 box=1.0011 cls=0.5494 dfl=0.0042 mard=1.9354 lambda=0.0349 pseudo_boxes=56 avg_conf=0.8490 rasp_s=0.201 lr=1.06784e-06
[Epoch 060/060] batch 0360/0744 loss=6.6597 det=6.5913 box=0.8834 cls=0.7952 dfl=0.0041 mard=1.9196 lambda=0.0357 pseudo_boxes=30 avg_conf=0.8567 rasp_s=0.201 lr=1.06784e-06
[Epoch 060/060] batch 0380/0744 loss=7.0529 det=6.9792 box=0.9951 cls=0.7898 dfl=0.0034 mard=1.9153 lambda=0.0385 pseudo_boxes=30 avg_conf=0.8848 rasp_s=0.201 lr=1.06784e-06
[Epoch 060/060] batch 0400/0744 loss=11.7422 det=11.6830 box=1.5824 cls=1.4067 dfl=0.0053 mard=1.8974 lambda=0.0312 pseudo_boxes=47 avg_conf=0.8122 rasp_s=0.201 lr=1.06784e-06
[Epoch 060/060] batch 0420/0744 loss=9.6624 det=9.6015 box=1.1945 cls=1.2523 dfl=0.0053 mard=1.9577 lambda=0.0311 pseudo_boxes=44 avg_conf=0.8114 rasp_s=0.201 lr=1.06784e-06
[Epoch 060/060] batch 0440/0744 loss=8.6052 det=8.5440 box=1.1489 cls=1.0396 dfl=0.0036 mard=1.9138 lambda=0.0320 pseudo_boxes=40 avg_conf=0.8201 rasp_s=0.201 lr=1.06784e-06
[Epoch 060/060] batch 0460/0744 loss=7.1068 det=7.0431 box=0.9274 cls=0.8782 dfl=0.0037 mard=1.9340 lambda=0.0330 pseudo_boxes=22 avg_conf=0.8295 rasp_s=0.201 lr=1.06784e-06
[Epoch 060/060] batch 0480/0744 loss=3.8130 det=3.7431 box=0.5679 cls=0.3709 dfl=0.0022 mard=1.9656 lambda=0.0356 pseudo_boxes=32 avg_conf=0.8559 rasp_s=0.201 lr=1.06784e-06
[Epoch 060/060] batch 0500/0744 loss=6.6848 det=6.6174 box=0.9445 cls=0.7362 dfl=0.0040 mard=1.9203 lambda=0.0351 pseudo_boxes=61 avg_conf=0.8510 rasp_s=0.201 lr=1.06784e-06
[Epoch 060/060] batch 0520/0744 loss=4.1346 det=4.0708 box=0.5817 cls=0.4429 dfl=0.0031 mard=1.9166 lambda=0.0333 pseudo_boxes=57 avg_conf=0.8325 rasp_s=0.201 lr=1.06784e-06
[Epoch 060/060] batch 0540/0744 loss=3.6330 det=3.5663 box=0.7826 cls=0.4179 dfl=0.0053 mard=1.9147 lambda=0.0349 pseudo_boxes=40 avg_conf=0.8486 rasp_s=0.201 lr=1.06784e-06
[Epoch 060/060] batch 0560/0744 loss=5.6178 det=5.5461 box=0.6934 cls=0.7227 dfl=0.0021 mard=1.9603 lambda=0.0366 pseudo_boxes=20 avg_conf=0.8661 rasp_s=0.201 lr=1.06784e-06
[Epoch 060/060] batch 0580/0744 loss=4.8547 det=4.7902 box=0.6188 cls=0.5904 dfl=0.0031 mard=1.9106 lambda=0.0337 pseudo_boxes=34 avg_conf=0.8374 rasp_s=0.201 lr=1.06784e-06
[Epoch 060/060] batch 0600/0744 loss=4.3404 det=4.2679 box=0.6504 cls=0.4174 dfl=0.0035 mard=1.9154 lambda=0.0379 pseudo_boxes=38 avg_conf=0.8790 rasp_s=0.201 lr=1.06784e-06
[Epoch 060/060] batch 0620/0744 loss=5.3540 det=5.2844 box=0.8668 cls=0.4585 dfl=0.0043 mard=1.9199 lambda=0.0362 pseudo_boxes=36 avg_conf=0.8621 rasp_s=0.201 lr=1.06784e-06
[Epoch 060/060] batch 0640/0744 loss=5.6106 det=5.5353 box=0.7468 cls=0.6543 dfl=0.0032 mard=1.9186 lambda=0.0392 pseudo_boxes=16 avg_conf=0.8924 rasp_s=0.201 lr=1.06784e-06
[Epoch 060/060] batch 0660/0744 loss=5.3402 det=5.2736 box=0.7942 cls=0.5255 dfl=0.0026 mard=1.9103 lambda=0.0349 pseudo_boxes=51 avg_conf=0.8489 rasp_s=0.201 lr=1.06784e-06
[Epoch 060/060] batch 0680/0744 loss=6.1771 det=6.0970 box=0.9769 cls=0.5664 dfl=0.0045 mard=1.9867 lambda=0.0403 pseudo_boxes=26 avg_conf=0.9030 rasp_s=0.201 lr=1.06784e-06
[Epoch 060/060] batch 0700/0744 loss=3.4209 det=3.3440 box=0.4392 cls=0.4016 dfl=0.0029 mard=1.9169 lambda=0.0401 pseudo_boxes=33 avg_conf=0.9011 rasp_s=0.201 lr=1.06784e-06
[Epoch 060/060] batch 0720/0744 loss=6.9215 det=6.8618 box=1.0169 cls=0.7171 dfl=0.0048 mard=1.9122 lambda=0.0312 pseudo_boxes=76 avg_conf=0.8121 rasp_s=0.201 lr=1.06784e-06
[Epoch 060/060] batch 0740/0744 loss=6.2989 det=6.2309 box=0.8251 cls=0.7556 dfl=0.0031 mard=1.8943 lambda=0.0359 pseudo_boxes=47 avg_conf=0.8593 rasp_s=0.201 lr=1.06784e-06
[Epoch 060/060] batch 0744/0744 loss=4.6908 det=4.6294 box=0.9441 cls=0.6170 dfl=0.0046 mard=1.9111 lambda=0.0321 pseudo_boxes=42 avg_conf=0.8215 rasp_s=0.201 lr=1.06784e-06
[Epoch 060/060] done time=269.8s valid=744 skipped=0 pseudo_boxes=28011 loss=6.3850 det=6.3201 mard=1.9311 conf=0.8331 RASP(status=no_safe_knee, s=0.201, new_packs=0, knee=0/2)
[Epoch 60] saved latent=yolo26_rasp_latent_epoch_60.pt state=rasp_training_state_epoch_60.pt
